"STATION_CODE","STATION_NAME","DATE_TIME",HOURLY_PRECIPITATION,HOURLY_TEMPERATURE,HOURLY_RELATIVE_HUMIDITY,HOURLY_WIND_SPEED,HOURLY_WIND_DIRECTION,HOURLY_WIND_GUST,HOURLY_FINE_FUEL_MOISTURE_CODE,HOURLY_INITIAL_SPREAD_INDEX,HOURLY_FIRE_WEATHER_INDEX,PRECIPITATION,FINE_FUEL_MOISTURE_CODE,INITIAL_SPREAD_INDEX,FIRE_WEATHER_INDEX,DUFF_MOISTURE_CODE,DROUGHT_CODE,BUILDUP_INDEX,DANGER_RATING,RN_1_PLUVIO1,SNOW_DEPTH,SNOW_DEPTH_QUALITY,PRECIP_PLUVIO1_STATUS,PRECIP_PLUVIO1_TOTAL,RN_1_PLUVIO2,PRECIP_PLUVIO2_STATUS,PRECIP_PLUVIO2_TOTAL,RN_1_RIT,PRECIP_RIT_STATUS,PRECIP_RIT_TOTAL,PRECIP_RGT,SOLAR_RADIATION_LICOR,SOLAR_RADIATION_CM3
"11","SUMMIT","2023081600",0,24.9,42,5.7,86,13.7,92.496,8.147,22.309,,,,,,,,,0,0,,0,0,0,0,0,,0,0,,0,
"11","SUMMIT","2023081601",0,23.7,44,0,271,6.2,92.387,6.021,17.918,,,,,,,,,0,0,,0,0,0,0,0,,0,0,,0,
"11","SUMMIT","2023081602",0,23.1,48,0,97,0,92.211,5.873,17.59,,,,,,,,,0,0,,0,0,0,0,0,,0,0,,0,
"11","SUMMIT","2023081603",0,22.3,47,6.5,78,10.8,91.946,7.849,21.724,,,,,,,,,0,0,,0,0,0,0,0,,0,0,,0,
"11","SUMMIT","2023081604",0,22.5,46,5.9,75,12,91.748,7.405,20.837,,,,,,,,,0,0,,0,0,0,0,0,,0,0,,0,
"11","SUMMIT","2023081605",0,22.2,45,7.3,111,13.1,91.588,7.767,21.563,,,,,,,,,0,0,,0,0,0,0,0,,0,0,,0,
"11","SUMMIT","2023081606",0,22.1,44,4,65,15.4,91.488,6.485,18.925,,,,,,,,,0,0,,0,0,0,0,0,,0,0,,0,
"11","SUMMIT","2023081607",0,21.7,47,0,45,6.2,91.394,5.231,16.131,,,,,,,,,0,0,,0,0,0,0,0,,0,0,,0,
"11","SUMMIT","2023081608",0,26.3,36,6.1,166,10.2,91.444,7.164,20.346,,,,,,,,,0,0,,0,0,0,0,0,,0,0,,0,
"11","SUMMIT","2023081609",0,28.5,33,5.2,177,9.1,91.578,6.978,19.961,,,,,,,,,0,0,,0,0,0,0,0,,0,0,,0,
"11","SUMMIT","2023081610",0,29,32,0,325,7.9,91.709,5.47,16.683,,,,,,,,,0,0,,0,0,0,0,0,,0,0,,0,
"11","SUMMIT","2023081611",0,30.9,31,4.6,308,10.8,91.953,7.14,20.296,,,,,,,,,0,0,,0,0,0,0,0,,0,0,,0,
"11","SUMMIT","2023081612",0,32.2,27,4.5,304,14.3,92.372,7.536,21.101,0,93.994,9.454,25.988,46.893,421.46,73.377,4,0,0,,0,0,0,0,0,,0,0,,0,
"11","SUMMIT","2023081613",0,32.3,32,6.4,292,13.7,92.505,8.45,24.033,,,,,,,,,0,0,,0,0,0,0,0,,0,0,,0,
"11","SUMMIT","2023081614",0,32.4,31,7,311,13.7,92.658,8.9,24.919,,,,,,,,,0,0,,0,0,0,0,0,,0,0,,0,
"11","SUMMIT","2023081615",0,31.5,31,7.3,294,18.9,92.745,9.146,25.397,,,,,,,,,0,0,,0,0,0,0,0,,0,0,,0,
"11","SUMMIT","2023081616",0,30.7,34,8.1,306,16.6,92.795,9.59,26.245,,,,,,,,,0,0,,0,0,0,0,0,,0,0,,0,
"11","SUMMIT","2023081617",0,29.6,35,5.1,293,17.2,92.845,8.303,23.736,,,,,,,,,0,0,,0,0,0,0,0,,0,0,,0,
"11","SUMMIT","2023081618",0,27.4,39,3.4,280,10.8,92.801,7.574,22.244,,,,,,,,,0,0,,0,0,0,0,0,,0,0,,0,
"11","SUMMIT","2023081619",0,24.8,47,0,254,6.8,92.619,6.22,19.304,,,,,,,,,0,0,,0,0,0,0,0,,0,0,,0,
"11","SUMMIT","2023081620",0,22.4,51,0,220,0,92.361,5.998,18.798,,,,,,,,,0,0,,0,0,0,0,0,,0,0,,0,
"11","SUMMIT","2023081621",0,23,50,0,131,0,92.149,5.821,18.389,,,,,,,,,0,0,,0,0,0,0,0,,0,0,,0,
"11","SUMMIT","2023081622",0,22.6,52,0,144,0,91.915,5.632,17.946,,,,,,,,,0,0,,0,0,0,0,0,,0,0,,0,
"11","SUMMIT","2023081623",0,22.3,52,0,335,0,91.7,5.463,17.546,,,,,,,,,0,0,,0,0,0,0,0,,0,0,,0,
"21","WOSS CAMP","2023081600",0,18.6,69,8.4,319,16.6,87.034,4.28,12.196,,,,,,,,,,21.3,,,,,,,,2,963.537,,,
"21","WOSS CAMP","2023081601",0,18.2,71,4.1,271,17.7,86.817,3.341,9.961,,,,,,,,,,,,,,,,,,2,964.053,,,
"21","WOSS CAMP","2023081602",0,17.1,77,3.8,319,13.7,86.453,3.126,9.416,,,,,,,,,,21.4,,,,,,,,2,964.045,,,
"21","WOSS CAMP","2023081603",0,14.8,87,0,76,12,85.934,2.399,7.474,,,,,,,,,,21.4,,,,,,,,2,964.585,,,
"21","WOSS CAMP","2023081604",0,14,90,3.9,98,7.9,85.157,2.621,8.086,,,,,,,,,,21.5,,,,,,,,2,964.602,,,
"21","WOSS CAMP","2023081605",0,12.8,94,1.7,64,6.2,84.318,2.092,6.592,,,,,,,,,,21.5,,,,,,,,2,964.592,,,
"21","WOSS CAMP","2023081606",0,12.3,96,2.6,4,4.5,83.408,1.94,6.14,,,,,,,,,,21.5,,,,,,,,2,964.62,,,
"21","WOSS CAMP","2023081607",0,14.9,87,0,106,3.9,83.178,1.652,5.248,,,,,,,,,,21.7,,,,,,,,2,964.595,,,
"21","WOSS CAMP","2023081608",0,20,67,0,159,0,83.294,1.677,5.327,,,,,,,,,,21.6,,,,,,,,2,963.056,,,
"21","WOSS CAMP","2023081609",0,22.3,56,6.8,317,16.6,83.758,2.51,7.783,,,,,,,,,,21.3,,,,,,,,2,962.51,,,
"21","WOSS CAMP","2023081610",0,24.7,45,11.7,326,21.8,84.65,3.622,10.65,,,,,,,,,,21.4,,,,,,,,2,962,,,
"21","WOSS CAMP","2023081611",0,26.8,38,11.5,341,21.2,85.773,4.187,11.984,,,,,,,,,,21.3,,,,,,,,2,960.947,,,
"21","WOSS CAMP","2023081612",0,28.8,30,11.5,334,22.3,87.173,5.104,14.009,0,92.387,10.747,25.618,35.942,447.084,59.854,4,,21.1,,,,,,,,2,959.929,,,
"21","WOSS CAMP","2023081613",0,29.9,27,8.7,293,24.6,88.465,5.333,15.406,,,,,,,,,,20.8,,,,,,,,2,959.914,,,
"21","WOSS CAMP","2023081614",0,29.9,27,11,317,26.4,89.545,6.991,18.859,,,,,,,,,,20.9,,,,,,,,2,959.911,,,
"21","WOSS CAMP","2023081615",0,30.2,24,9.7,304,24.1,90.549,7.56,19.965,,,,,,,,,,20.8,,,,,,,,2,958.42,,,
"21","WOSS CAMP","2023081616",0,29.3,23,8.8,298,23.5,91.33,8.077,20.94,,,,,,,,,,20.8,,,,,,,,2,957.918,,,
"21","WOSS CAMP","2023081617",0,28.5,26,9.2,311,24.6,91.783,8.789,22.243,,,,,,,,,,20.9,,,,,,,,2,957.917,,,
"21","WOSS CAMP","2023081618",0,26.1,25,11.2,327,22.9,92.099,10.165,24.644,,,,,,,,,,20.9,,,,,,,,2,957.452,,,
"21","WOSS CAMP","2023081619",0,24.1,26,11.5,324,28.1,92.244,10.532,25.262,,,,,,,,,,20.8,,,,,,,,2,956.985,,,
"21","WOSS CAMP","2023081620",0,22.4,35,7.2,318,20,92.263,8.504,21.727,,,,,,,,,,20.8,,,,,,,,2,956.491,,,
"21","WOSS CAMP","2023081621",0,21.2,49,6,309,22.9,91.933,7.64,20.117,,,,,,,,,,20.8,,,,,,,,2,956.998,,,
"21","WOSS CAMP","2023081622",0,18.1,59,4.2,128,13.1,91.404,6.473,17.819,,,,,,,,,,20.8,,,,,,,,2,957.52,,,
"21","WOSS CAMP","2023081623",0,16.5,66,4.9,125,7.9,90.749,6.108,17.067,,,,,,,,,,21,,,,,,,,2,957.541,,,
"37","BEAVER CREEK","2023081600",0,19.5,79,3.4,2,6.8,89.412,4.677,19.45,,,,,,,,,0,193.3,,0,0,0,0,0,,0,0,,0,
"37","BEAVER CREEK","2023081601",0,18.6,82,2.5,318,5.6,88.557,3.953,17.184,,,,,,,,,0,193.3,,0,0,0,0,0,,0,0,,0,
"37","BEAVER CREEK","2023081602",0,17.5,86,2.2,5,4.5,87.663,3.426,15.427,,,,,,,,,0,193.3,,0,0,0,0,0,,0,0,,0,
"37","BEAVER CREEK","2023081603",0,17,88,2.3,346,4.5,86.789,3.04,14.072,,,,,,,,,0,193.3,,0,0,0,0,0,,0,0,,0,
"37","BEAVER CREEK","2023081604",0,15.8,94,2.7,88,5.1,85.653,2.643,12.611,,,,,,,,,0,193.3,,0,0,0,0,0,,0,0,,0,
"37","BEAVER CREEK","2023081605",0,15.4,95,1.8,347,4.5,84.637,2.196,10.858,,,,,,,,,0,193.3,,0,0,0,0,0,,0,0,,0,
"37","BEAVER CREEK","2023081606",0,15,98,3,349,5.1,83.443,1.989,10.003,,,,,,,,,0,193.3,,0,0,0,0,0,,0,0,,0,
"37","BEAVER CREEK","2023081607",0,15.5,97,3,2,5.1,82.492,1.762,9.027,,,,,,,,,0,193.3,,0,0,0,0,0,,0,0,,0,
"37","BEAVER CREEK","2023081608",0,20.3,79,2.1,124,5.1,82.539,1.693,8.725,,,,,,,,,0,193.3,,0,0,0,0,0,,0,0,,0,
"37","BEAVER CREEK","2023081609",0,26.3,53,4.8,14,7.9,83.305,2.139,10.626,,,,,,,,,0,193.3,,0,0,0,0,0,,0,0,,0,
"37","BEAVER CREEK","2023081610",0,28.6,41,6.9,185,13.1,84.555,2.807,13.226,,,,,,,,,0,193.3,,0,0,0,0,0,,0,0,,0,
"37","BEAVER CREEK","2023081611",0,31.1,34,6.4,149,12.5,86.048,3.366,15.221,,,,,,,,,0,193.3,,0,0,0,0,0,,0,0,,0,
"37","BEAVER CREEK","2023081612",0,32.9,30,7.8,203,12.5,87.634,4.524,18.983,0,94.354,11.735,37.496,76.828,612.921,116.994,5,0,193.3,,0,0,0,0,0,,0,0,,0,
"37","BEAVER CREEK","2023081613",0,35.2,23,6.7,169,14.9,89.418,5.528,22.477,,,,,,,,,0,193.3,,0,0,0,0,0,,0,0,,0,
"37","BEAVER CREEK","2023081614",0,36.8,23,6.4,157,16,90.929,6.759,25.878,,,,,,,,,0,193.3,,0,0,0,0,0,,0,0,,0,
"37","BEAVER CREEK","2023081615",0,36.8,21,9.1,155,17.7,92.255,9.348,32.265,,,,,,,,,0,193.3,,0,0,0,0,0,,0,0,,0,
"37","BEAVER CREEK","2023081616",0,36.8,21,8.9,158,20.6,93.241,10.628,35.134,,,,,,,,,0,193.3,,0,0,0,0,0,,0,0,,0,
"37","BEAVER CREEK","2023081617",0,36.3,23,7.6,195,13.7,93.816,10.784,35.474,,,,,,,,,0,193.3,,0,0,0,0,0,,0,0,,0,
"37","BEAVER CREEK","2023081618",0,33.5,31,6.4,202,14.3,93.867,10.223,34.244,,,,,,,,,0,193.3,,0,0,0,0,0,,0,0,,0,
"37","BEAVER CREEK","2023081619",0,28.6,52,2.5,104,10.8,93.345,7.81,28.581,,,,,,,,,0,193.3,,0,0,0,0,0,,0,0,,0,
"37","BEAVER CREEK","2023081620",0,24.5,63,3,24,6.2,92.528,7.143,26.886,,,,,,,,,0,193.3,,0,0,0,0,0,,0,0,,0,
"37","BEAVER CREEK","2023081621",0,22.4,70,3.5,15,6.2,91.597,6.423,24.978,,,,,,,,,0,193.3,,0,0,0,0,0,,0,0,,0,
"37","BEAVER CREEK","2023081622",0,20.7,74,3.3,14,5.1,90.688,5.586,22.644,,,,,,,,,0,193.3,,0,0,0,0,0,,0,0,,0,
"37","BEAVER CREEK","2023081623",0,19.6,76,3.6,358,5.1,89.839,5.022,20.989,,,,,,,,,0,193.3,,0,0,0,0,0,,0,0,,0,
"45","SALTSPRING 2","2023081600",0,15.5,91,0.4,290,4.1,85.644,2.351,13.277,,,,,,,,,0,1.6,,0,0,,,,,,,4850,,
"45","SALTSPRING 2","2023081601",0,15,92,0.7,307,5.6,84.896,2.152,12.382,,,,,,,,,0,0.8,,0,0,,,,,,,4850,,
"45","SALTSPRING 2","2023081602",0,16.2,86,4.6,125,12.6,84.433,2.459,13.754,,,,,,,,,0,0.6,,0,0,,,,,,,4850,,
"45","SALTSPRING 2","2023081603",0,14,95,0.9,351,6.8,83.633,1.834,10.882,,,,,,,,,0,0.5,,0,0,,,,,,,4850,,
"45","SALTSPRING 2","2023081604",0,13.2,97,2.9,295,4.9,82.699,1.799,10.707,,,,,,,,,0,0.7,,0,0,,,,,,,4850,,
"45","SALTSPRING 2","2023081605",0,12.9,97,1.4,104,6.5,81.936,1.518,9.29,,,,,,,,,0,0.8,,0,0,,,,,,,4850,,
"45","SALTSPRING 2","2023081606",0,13.7,95,0.7,6,8.6,81.424,1.379,8.553,,,,,,,,,0,0.7,,0,0,,,,,,,4850,,
"45","SALTSPRING 2","2023081607",0,19.4,76,5.1,303,11.1,81.556,1.748,10.458,,,,,,,,,0,-6.7,,0,0,,,,,,,4850,,
"45","SALTSPRING 2","2023081608",0,25.3,52,5.4,271,13.9,82.446,1.977,11.565,,,,,,,,,0,-91.9,,0,0,,,,,,,4850,,
"45","SALTSPRING 2","2023081609",0,25.6,51,8.2,110,16.1,83.325,2.545,14.127,,,,,,,,,0,-74.6,,0,0,,,,,,,4850,,
"45","SALTSPRING 2","2023081610",0,27.7,44,11.4,24,18.4,84.499,3.495,17.958,,,,,,,,,0,-153.2,,0,0,,,,,,,4850,,
"45","SALTSPRING 2","2023081611",0,28.6,44,8.9,354,18.4,85.483,3.528,18.08,,,,,,,,,0,-131,,0,0,,,,,,,4850,,
"45","SALTSPRING 2","2023081612",0,29.3,43,16,127,21.5,86.476,5.799,25.795,0,90.989,11.058,39.968,118.32,635.744,161.498,5,0,-120.5,,0,0,,,,,,,4850,,
"45","SALTSPRING 2","2023081613",0,30.6,38,10.1,4,22.3,87.487,4.974,23.32,,,,,,,,,0,-95,,0,0,,,,,,,4850,,
"45","SALTSPRING 2","2023081614",0,31.4,37,8.5,334,16.8,88.368,5.206,24.078,,,,,,,,,0,-37.6,,0,0,,,,,,,4850,,
"45","SALTSPRING 2","2023081615",0,31.9,34,10,128,15.7,89.257,6.379,27.719,,,,,,,,,0,-41.5,,0,0,,,,,,,4850,,
"45","SALTSPRING 2","2023081616",0,31.8,29,11.8,18,21.6,90.212,8.01,32.333,,,,,,,,,0,-69.5,,0,0,,,,,,,4850,,
"45","SALTSPRING 2","2023081617",0,32.1,31,4.7,152,15.2,90.797,6.089,26.847,,,,,,,,,0,-51.8,,0,0,,,,,,,4850,,
"45","SALTSPRING 2","2023081618",0,28.9,41,4.3,236,6.6,90.847,6.01,26.606,,,,,,,,,0,-44.9,,0,0,,,,,,,4850,,
"45","SALTSPRING 2","2023081619",0,23.5,56,4.3,152,11.7,90.566,5.774,25.88,,,,,,,,,0,-24.2,,0,0,,,,,,,4850,,
"45","SALTSPRING 2","2023081620",0,20.1,69,4.1,122,5.8,89.945,5.23,24.157,,,,,,,,,0,-2.1,,0,0,,,,,,,4850,,
"45","SALTSPRING 2","2023081621",0,18.1,81,0.3,301,3.6,89.187,3.873,19.494,,,,,,,,,0,0.9,,0,0,,,,,,,4850,,
"45","SALTSPRING 2","2023081622",0,16.9,85,2.5,270,4.2,88.252,3.784,19.167,,,,,,,,,0,1.2,,0,0,,,,,,,4850,,
"45","SALTSPRING 2","2023081623",0,15.9,88,0.2,325,3.5,87.449,3.004,16.148,,,,,,,,,0,1.4,,0,0,,,,,,,4850,,
"56","BOWSER","2023081600",0,18.6,79,3.7,277,9.1,87.8,3.768,15.482,,,,,,,,,,,,,,,,,,,,,,
"56","BOWSER","2023081601",0,17.2,84,2.8,246,5.6,87.078,3.248,13.811,,,,,,,,,,,,,,,,,,,,,,
"56","BOWSER","2023081602",0,17,83,2.3,257,6.2,86.504,2.919,12.7,,,,,,,,,,,,,,,,,,,,,,
"56","BOWSER","2023081603",0,15.8,90,0,254,3.3,85.85,2.371,10.738,,,,,,,,,,,,,,,,,,,,,,
"56","BOWSER","2023081604",0,15.5,88,4.2,275,6.8,85.173,2.667,11.815,,,,,,,,,,,,,,,,,,,,,,
"56","BOWSER","2023081605",0,16.5,82,3.2,262,13.7,84.856,2.427,10.947,,,,,,,,,,,,,,,,,,,,,,
"56","BOWSER","2023081606",0,16.8,79,4.1,298,9.7,84.672,2.477,11.13,,,,,,,,,,,,,,,,,,,,,,
"56","BOWSER","2023081607",0,21.3,59,7.1,304,14.3,84.877,2.963,12.852,,,,,,,,,,,,,,,,,,,,,,
"56","BOWSER","2023081608",0,22.6,57,6.2,315,13.7,85.131,2.932,12.746,,,,,,,,,,,,,,,,,,,,,,
"56","BOWSER","2023081609",0,24,55,5.9,54,12,85.438,3.014,13.025,,,,,,,,,,,,,,,,,,,,,,
"56","BOWSER","2023081610",0,25,50,6.4,350,12,85.873,3.284,13.931,,,,,,,,,,,,,,,,,,,,,,
"56","BOWSER","2023081611",0,27.3,42,7.4,12,16,86.604,3.829,15.672,,,,,,,,,,,,,,,,,,,,,,
"56","BOWSER","2023081612",0,27.3,44,7.5,61,14.3,87.15,4.159,16.681,0,89.983,6.241,22.907,66.13,540.113,101.264,4,,,,,,,,,,,,,,
"56","BOWSER","2023081613",0,29,40,6,32,13.7,87.803,4.233,17.284,,,,,,,,,,,,,,,,,,,,,,
"56","BOWSER","2023081614",0,29.2,40,6.7,9,15.4,88.363,4.751,18.823,,,,,,,,,,,,,,,,,,,,,,
"56","BOWSER","2023081615",0,29.3,40,5.4,6,14.9,88.816,4.749,18.816,,,,,,,,,,,,,,,,,,,,,,
"56","BOWSER","2023081616",0,29.9,39,5.8,30,13.1,89.256,5.161,19.993,,,,,,,,,,,,,,,,,,,,,,
"56","BOWSER","2023081617",0,30.8,38,4,347,10.8,89.673,5.004,19.551,,,,,,,,,,,,,,,,,,,,,,
"56","BOWSER","2023081618",0,27.3,46,4.7,328,10.2,89.722,5.221,20.161,,,,,,,,,,,,,,,,,,,,,,
"56","BOWSER","2023081619",0,24.3,54,3.1,293,9.1,89.665,4.777,18.899,,,,,,,,,,,,,,,,,,,,,,
"56","BOWSER","2023081620",0,22.2,60,4.8,296,9.1,89.422,5.026,19.613,,,,,,,,,,,,,,,,,,,,,,
"56","BOWSER","2023081621",0,20.8,61,3.8,279,7.4,89.179,4.615,18.427,,,,,,,,,,,,,,,,,,,,,,
"56","BOWSER","2023081622",0,19.4,62,3.9,267,7.9,88.927,4.474,18.008,,,,,,,,,,,,,,,,,,,,,,
"56","BOWSER","2023081623",0,18.7,56,3,287,9.1,88.835,4.219,17.242,,,,,,,,,,,,,,,,,,,,,,
"59","CEDAR","2023081600",0,21.6,63,2.5,220,6.8,91.935,6.407,24.814,,,,,,,,,,,,,,,,,,,,,,
"59","CEDAR","2023081601",0,26.3,36,13.8,313,28.1,91.985,11.402,36.63,,,,,,,,,,,,,,,,,,,,,,
"59","CEDAR","2023081602",0,25.3,37,8.6,319,22.9,92.035,8.836,30.926,,,,,,,,,,,,,,,,,,,,,,
"59","CEDAR","2023081603",0,21.7,54,1.8,336,9.7,91.678,5.964,23.599,,,,,,,,,,,,,,,,,,,,,,
"59","CEDAR","2023081604",0,20.4,59,3,119,5.1,91.208,5.926,23.494,,,,,,,,,,,,,,,,,,,,,,
"59","CEDAR","2023081605",0,18.9,65,1.7,268,6.2,90.676,5.145,21.25,,,,,,,,,,,,,,,,,,,,,,
"59","CEDAR","2023081606",0,19.9,62,0,175,0,90.37,4.521,19.352,,,,,,,,,,,,,,,,,,,,,,
"59","CEDAR","2023081607",0,24,50,1.8,305,5.6,90.324,4.917,20.569,,,,,,,,,,,,,,,,,,,,,,
"59","CEDAR","2023081608",0,26.3,46,12.7,28,16.6,90.373,8.577,30.312,,,,,,,,,,,,,,,,,,,,,,
"59","CEDAR","2023081609",0,26.4,48,16.1,350,24.6,90.411,10.234,34.112,,,,,,,,,,,,,,,,,,,,,,
"59","CEDAR","2023081610",0,27.5,45,15.2,8,22.3,90.46,9.85,33.257,,,,,,,,,,,,,,,,,,,,,,
"59","CEDAR","2023081611",0,28.4,44,17.2,353,25.2,90.51,10.971,35.715,,,,,,,,,,,,,,,,,,,,,,
"59","CEDAR","2023081612",0,29.1,43,13.6,35,22.3,90.56,9.217,31.814,0,92.069,11.422,37.232,79.289,620.445,120.182,5,,,,,,,,,,,,,,
"59","CEDAR","2023081613",0,29.2,39,15.1,28,24.1,90.674,10.105,34.348,,,,,,,,,,,,,,,,,,,,,,
"59","CEDAR","2023081614",0,30.4,38,9,48,23.5,90.841,7.61,28.39,,,,,,,,,,,,,,,,,,,,,,
"59","CEDAR","2023081615",0,31.5,35,9.9,44,15.4,91.144,8.314,30.149,,,,,,,,,,,,,,,,,,,,,,
"59","CEDAR","2023081616",0,31.9,33,8.8,47,13.7,91.483,8.254,30,,,,,,,,,,,,,,,,,,,,,,
"59","CEDAR","2023081617",0,30.9,35,11.1,152,16,91.629,9.462,32.881,,,,,,,,,,,,,,,,,,,,,,
"59","CEDAR","2023081618",0,28.5,40,11.3,171,17.2,91.679,9.626,33.26,,,,,,,,,,,,,,,,,,,,,,
"59","CEDAR","2023081619",0,27.1,41,9.6,184,15.4,91.728,8.897,31.556,,,,,,,,,,,,,,,,,,,,,,
"59","CEDAR","2023081620",0,24.7,52,1.6,246,10.2,91.485,5.744,23.361,,,,,,,,,,,,,,,,,,,,,,
"59","CEDAR","2023081621",0,22.3,65,0,226,5.1,91.037,4.972,21.082,,,,,,,,,,,,,,,,,,,,,,
"59","CEDAR","2023081622",0,20.5,72,1.8,345,5.1,90.326,4.918,20.918,,,,,,,,,,,,,,,,,,,,,,
"59","CEDAR","2023081623",0,19.8,72,3.4,221,6.8,89.664,4.849,20.705,,,,,,,,,,,,,,,,,,,,,,
"67","HAIG CAMP","2023081600",0,21.1,68,5.4,315,10.2,89.793,5.463,24.825,,,,,,,,,,,,,,,,,,,,,,
"67","HAIG CAMP","2023081601",0,20,73,0,308,9.1,89.333,3.896,19.512,,,,,,,,,,,,,,,,,,,,,,
"67","HAIG CAMP","2023081602",0,18.1,82,0,182,0,88.674,3.544,18.206,,,,,,,,,,,,,,,,,,,,,,
"67","HAIG CAMP","2023081603",0,16.9,87,0,139,0,87.913,3.178,16.788,,,,,,,,,,,,,,,,,,,,,,
"67","HAIG CAMP","2023081604",0,16.3,89,0,294,0,87.153,2.851,15.468,,,,,,,,,,,,,,,,,,,,,,
"67","HAIG CAMP","2023081605",0,16,89,0,293,0,86.476,2.589,14.368,,,,,,,,,,,,,,,,,,,,,,
"67","HAIG CAMP","2023081606",0,16.6,86,2.5,35,6.2,85.849,2.689,14.791,,,,,,,,,,,,,,,,,,,,,,
"67","HAIG CAMP","2023081607",0,19.2,75,2.9,58,16.6,85.697,2.686,14.779,,,,,,,,,,,,,,,,,,,,,,
"67","HAIG CAMP","2023081608",0,24.3,54,9.7,96,21.8,85.986,3.94,19.674,,,,,,,,,,,,,,,,,,,,,,
"67","HAIG CAMP","2023081609",0,28.7,43,6.9,96,18.3,86.726,3.799,19.156,,,,,,,,,,,,,,,,,,,,,,
"67","HAIG CAMP","2023081610",0,32.4,35,5.2,100,18.3,87.832,4.082,20.186,,,,,,,,,,,,,,,,,,,,,,
"67","HAIG CAMP","2023081611",0,32.3,37,5.2,254,11.4,88.64,4.584,21.936,,,,,,,,,,,,,,,,,,,,,,
"67","HAIG CAMP","2023081612",0,33.2,36,8.6,278,16,89.441,6.104,26.807,0,92.653,9.64,36.693,124.784,600.486,164.242,5,,,,,,,,,,,,,,
"67","HAIG CAMP","2023081613",0,34,33,11.6,290,19.5,90.298,8.028,32.509,,,,,,,,,,,,,,,,,,,,,,
"67","HAIG CAMP","2023081614",0,35.3,31,10.6,318,20.6,91.13,8.595,34.02,,,,,,,,,,,,,,,,,,,,,,
"67","HAIG CAMP","2023081615",0,35.4,31,13.3,306,25.2,91.79,10.816,39.548,,,,,,,,,,,,,,,,,,,,,,
"67","HAIG CAMP","2023081616",0,35.3,29,13.8,319,24.6,92.389,12.071,42.448,,,,,,,,,,,,,,,,,,,,,,
"67","HAIG CAMP","2023081617",0,34.9,31,11.1,316,23.5,92.694,10.997,39.976,,,,,,,,,,,,,,,,,,,,,,
"67","HAIG CAMP","2023081618",0,33.5,36,7.2,321,23.5,92.744,9.099,35.326,,,,,,,,,,,,,,,,,,,,,,
"67","HAIG CAMP","2023081619",0,27.8,50,6.5,326,13.7,92.384,8.35,33.373,,,,,,,,,,,,,,,,,,,,,,
"67","HAIG CAMP","2023081620",0,26,54,7.1,345,12.5,91.926,8.067,32.616,,,,,,,,,,,,,,,,,,,,,,
"67","HAIG CAMP","2023081621",0,26.4,53,6.9,327,14.9,91.58,7.605,31.352,,,,,,,,,,,,,,,,,,,,,,
"67","HAIG CAMP","2023081622",0,25.8,53,7,336,14.3,91.28,7.324,30.568,,,,,,,,,,,,,,,,,,,,,,
"67","HAIG CAMP","2023081623",0,24.8,59,4.2,301,17.2,90.868,5.998,26.679,,,,,,,,,,,,,,,,,,,,,,
"72","UBC RESEARCH","2023081600",0,18.6,82,3.2,33,6.2,87.148,3.347,13.879,,,,,,,,,,,,,,,,,,,,,,
"72","UBC RESEARCH","2023081601",0,17.8,86,3.3,12,5.6,86.405,3.028,12.827,,,,,,,,,,,,,,,,,,,,,,
"72","UBC RESEARCH","2023081602",0,17.5,87,3.1,356,6.2,85.72,2.722,11.784,,,,,,,,,,,,,,,,,,,,,,
"72","UBC RESEARCH","2023081603",0,17.2,88,2.5,5,5.1,85.092,2.421,10.709,,,,,,,,,,,,,,,,,,,,,,
"72","UBC RESEARCH","2023081604",0,16.5,91,3.1,24,5.6,84.365,2.259,10.114,,,,,,,,,,,,,,,,,,,,,,
"72","UBC RESEARCH","2023081605",0,16.1,94,3.4,16,5.1,83.523,2.051,9.322,,,,,,,,,,,,,,,,,,,,,,
"72","UBC RESEARCH","2023081606",0,16.3,93,3.5,22,6.2,82.863,1.893,8.702,,,,,,,,,,,,,,,,,,,,,,
"72","UBC RESEARCH","2023081607",0,17.4,89,2.2,8,5.1,82.556,1.705,7.944,,,,,,,,,,,,,,,,,,,,,,
"72","UBC RESEARCH","2023081608",0,22.8,65,4.9,157,7.4,82.882,2.036,9.266,,,,,,,,,,,,,,,,,,,,,,
"72","UBC RESEARCH","2023081609",0,23.9,62,5.5,155,9.1,83.282,2.209,9.926,,,,,,,,,,,,,,,,,,,,,,
"72","UBC RESEARCH","2023081610",0,27,51,4.9,178,9.1,84.044,2.37,10.523,,,,,,,,,,,,,,,,,,,,,,
"72","UBC RESEARCH","2023081611",0,28.5,47,6.9,166,13.7,84.947,2.962,12.607,,,,,,,,,,,,,,,,,,,,,,
"72","UBC RESEARCH","2023081612",0,31.1,39,5,198,13.7,86.112,3.165,13.284,0,91.161,6.51,23.346,64.369,537.362,99.07,4,,,,,,,,,,,,,,
"72","UBC RESEARCH","2023081613",0,32.6,36,6.1,178,12.5,87.33,3.976,16.304,,,,,,,,,,,,,,,,,,,,,,
"72","UBC RESEARCH","2023081614",0,34.5,33,5.9,128,10.8,88.578,4.706,18.484,,,,,,,,,,,,,,,,,,,,,,
"72","UBC RESEARCH","2023081615",0,33.9,36,4.8,274,12,89.369,4.988,19.287,,,,,,,,,,,,,,,,,,,,,,
"72","UBC RESEARCH","2023081616",0,33.3,38,5,332,11.4,89.892,5.431,20.515,,,,,,,,,,,,,,,,,,,,,,
"72","UBC RESEARCH","2023081617",0,31,41,4.5,328,9.1,90.103,5.459,20.591,,,,,,,,,,,,,,,,,,,,,,
"72","UBC RESEARCH","2023081618",0,28.9,46,3.2,324,8.5,90.152,5.149,19.738,,,,,,,,,,,,,,,,,,,,,,
"72","UBC RESEARCH","2023081619",0,25.8,59,2.1,334,5.1,89.946,4.729,18.55,,,,,,,,,,,,,,,,,,,,,,
"72","UBC RESEARCH","2023081620",0,23.1,69,2.2,30,4.5,89.462,4.434,17.689,,,,,,,,,,,,,,,,,,,,,,
"72","UBC RESEARCH","2023081621",0,21.1,78,3.3,10,4.5,88.716,4.211,17.023,,,,,,,,,,,,,,,,,,,,,,
"72","UBC RESEARCH","2023081622",0,20.1,78,3.1,358,4.5,88.085,3.808,15.782,,,,,,,,,,,,,,,,,,,,,,
"72","UBC RESEARCH","2023081623",0,19.4,77,3.5,17,6.2,87.568,3.608,15.147,,,,,,,,,,,,,,,,,,,,,,
"75","TOBA CAMP","2023081600",0,16.1,100,0,309,3.9,82.573,1.53,5.235,,,,,,,,,0,0,,0,0,0,0,0,,0,0,,0,
"75","TOBA CAMP","2023081601",0,15.7,100,1.9,69,5.1,81.473,1.473,5.04,,,,,,,,,0,0,,0,0,0,0,0,,0,0,,0,
"75","TOBA CAMP","2023081602",0,15.1,100,2,347,5.1,80.521,1.329,4.533,,,,,,,,,0,0,,0,0,0,0,0,,0,0,,0,
"75","TOBA CAMP","2023081603",0,14.5,100,0,40,3.9,79.851,1.12,3.759,,,,,,,,,0,0,,0,0,0,0,0,,0,0,,0,
"75","TOBA CAMP","2023081604",0,14,100,2.5,142,3.9,79.097,1.179,3.981,,,,,,,,,0,0,,0,0,0,0,0,,0,0,,0,
"75","TOBA CAMP","2023081605",0,13.5,100,2.5,24,4.5,78.438,1.11,3.721,,,,,,,,,0,0,,0,0,0,0,0,,0,0,,0,
"75","TOBA CAMP","2023081606",0,13.3,100,0,178,4.5,77.98,0.941,3.058,,,,,,,,,0,0,,0,0,0,0,0,,0,0,,0,
"75","TOBA CAMP","2023081607",0,13.4,100,0,66,4.5,77.565,0.909,2.931,,,,,,,,,0,0,,0,0,0,0,0,,0,0,,0,
"75","TOBA CAMP","2023081608",0,18.4,94,1.9,327,5.6,77.61,1.004,3.312,,,,,,,,,0,0,,0,0,0,0,0,,0,0,,0,
"75","TOBA CAMP","2023081609",0,24.6,66,2.9,31,6.2,78.404,1.129,3.794,,,,,,,,,0,0,,0,0,0,0,0,,0,0,,0,
"75","TOBA CAMP","2023081610",0,27.5,51,4.6,243,9.7,79.835,1.41,4.818,,,,,,,,,0,0,,0,0,0,0,0,,0,0,,0,
"75","TOBA CAMP","2023081611",0,29.4,44,5.6,217,11.4,81.523,1.786,6.089,,,,,,,,,0,0,,0,0,0,0,0,,0,0,,0,
"75","TOBA CAMP","2023081612",0,29.4,48,9.2,163,17.2,82.91,2.538,8.389,0,91.102,7.978,21.512,38.862,457.615,64.113,4,0,0,,0,0,0,0,0,,0,0,,0,
"75","TOBA CAMP","2023081613",0,30.7,43,7.7,168,21.2,84.319,2.831,9.663,,,,,,,,,0,0,,0,0,0,0,0,,0,0,,0,
"75","TOBA CAMP","2023081614",0,31.2,40,10.8,167,21.2,85.717,4.011,12.84,,,,,,,,,0,0,,0,0,0,0,0,,0,0,,0,
"75","TOBA CAMP","2023081615",0,32.5,38,6.8,172,17.7,86.934,3.893,12.539,,,,,,,,,0,0,,0,0,0,0,0,,0,0,,0,
"75","TOBA CAMP","2023081616",0,32.6,40,7,155,15.4,87.842,4.476,13.993,,,,,,,,,0,0,,0,0,0,0,0,,0,0,,0,
"75","TOBA CAMP","2023081617",0,31.6,40,7.4,173,15.4,88.524,5.037,15.323,,,,,,,,,0,0,,0,0,0,0,0,,0,0,,0,
"75","TOBA CAMP","2023081618",0,28.8,61,2.4,13,15.4,88.563,3.937,12.652,,,,,,,,,0,0,,0,0,0,0,0,,0,0,,0,
"75","TOBA CAMP","2023081619",0,21.8,83,0,325,6.8,87.931,3.186,10.664,,,,,,,,,0,0,,0,0,0,0,0,,0,0,,0,
"75","TOBA CAMP","2023081620",0,19.5,93,0,84,0,86.901,2.75,9.43,,,,,,,,,0,0,,0,0,0,0,0,,0,0,,0,
"75","TOBA CAMP","2023081621",0,18.3,98,0,104,0,85.634,2.301,8.08,,,,,,,,,0,0,,0,0,0,0,0,,0,0,,0,
"75","TOBA CAMP","2023081622",0,17.6,99,1.9,38,3.9,84.183,2.075,7.371,,,,,,,,,0,0,,0,0,0,0,0,,0,0,,0,
"75","TOBA CAMP","2023081623",0,16.9,100,0,315,2.8,83.08,1.631,5.887,,,,,,,,,0,0,,0,0,0,0,0,,0,0,,0,
"82","SCAR CREEK","2023081600",0,15.8,89,3.5,276,6.8,85.89,2.844,10.584,,,,,,,,,0,0,,0,0,0,0,0,,0,0,,0,
"82","SCAR CREEK","2023081601",0,14.9,89,3.3,338,7.4,85.18,2.551,9.665,,,,,,,,,0,0,,0,0,0,0,0,,0,0,,0,
"82","SCAR CREEK","2023081602",0,14.5,91,2.9,303,7.9,84.462,2.266,8.736,,,,,,,,,0,0,,0,0,0,0,0,,0,0,,0,
"82","SCAR CREEK","2023081603",0,13.7,94,3.2,319,7.9,83.641,2.062,8.044,,,,,,,,,0,0,,0,0,0,0,0,,0,0,,0,
"82","SCAR CREEK","2023081604",0,13.8,91,3.8,308,9.1,83.095,1.979,7.758,,,,,,,,,0,0,,0,0,0,0,0,,0,0,,0,
"82","SCAR CREEK","2023081605",0,13.6,91,3.5,298,7.9,82.62,1.836,7.249,,,,,,,,,0,0,,0,0,0,0,0,,0,0,,0,
"82","SCAR CREEK","2023081606",0,14.5,82,5.3,293,10.2,82.578,1.999,7.828,,,,,,,,,0,0,,0,0,0,0,0,,0,0,,0,
"82","SCAR CREEK","2023081607",0,14.9,84,4,311,9.7,82.482,1.85,7.301,,,,,,,,,0,0,,0,0,0,0,0,,0,0,,0,
"82","SCAR CREEK","2023081608",0,22,48,5.9,11,12,83.229,2.239,8.644,,,,,,,,,0,0,,0,0,0,0,0,,0,0,,0,
"82","SCAR CREEK","2023081609",0,26.6,36,6.8,39,13.7,84.543,2.789,10.413,,,,,,,,,0,0,,0,0,0,0,0,,0,0,,0,
"82","SCAR CREEK","2023081610",0,30.4,31,5.7,4,13.1,86.091,3.269,11.854,,,,,,,,,0,0,,0,0,0,0,0,,0,0,,0,
"82","SCAR CREEK","2023081611",0,32.2,28,5.6,71,11.4,87.634,4.049,14.039,,,,,,,,,0,0,,0,0,0,0,0,,0,0,,0,
"82","SCAR CREEK","2023081612",0,34.1,24,5.6,95,12.5,89.227,5.088,16.709,0,94.682,10.99,30.399,49.779,570.205,81.722,4,0,0,,0,0,0,0,0,,0,0,,0,
"82","SCAR CREEK","2023081613",0,34.9,22,6.4,85,14.9,90.676,6.52,21.146,,,,,,,,,0,0,,0,0,0,0,0,,0,0,,0,
"82","SCAR CREEK","2023081614",0,35.9,21,6.8,91,13.7,91.94,7.962,24.362,,,,,,,,,0,0,,0,0,0,0,0,,0,0,,0,
"82","SCAR CREEK","2023081615",0,35.2,24,7,117,17.2,92.699,8.952,26.429,,,,,,,,,0,0,,0,0,0,0,0,,0,0,,0,
"82","SCAR CREEK","2023081616",0,32.2,29,7.1,86,14.9,92.891,9.243,27.018,,,,,,,,,0,0,,0,0,0,0,0,,0,0,,0,
"82","SCAR CREEK","2023081617",0,30.4,35,6.7,93,16,92.941,9.122,26.774,,,,,,,,,0,0,,0,0,0,0,0,,0,0,,0,
"82","SCAR CREEK","2023081618",0,27.1,46,3.3,57,12.5,92.698,7.428,23.202,,,,,,,,,0,0,,0,0,0,0,0,,0,0,,0,
"82","SCAR CREEK","2023081619",0,24,59,2,271,7.9,92.13,6.422,20.917,,,,,,,,,0,0,,0,0,0,0,0,,0,0,,0,
"82","SCAR CREEK","2023081620",0,20.8,73,2.6,247,4.5,91.203,5.804,19.441,,,,,,,,,0,0,,0,0,0,0,0,,0,0,,0,
"82","SCAR CREEK","2023081621",0,18.9,79,0,267,3.9,90.431,4.56,16.26,,,,,,,,,0,0,,0,0,0,0,0,,0,0,,0,
"82","SCAR CREEK","2023081622",0,17.4,82,0,268,0,89.662,4.085,14.956,,,,,,,,,0,0,,0,0,0,0,0,,0,0,,0,
"82","SCAR CREEK","2023081623",0,17,87,2.1,283,5.1,88.585,3.89,14.405,,,,,,,,,0,0,,0,0,0,0,0,,0,0,,0,
"93","HONNA","2023081600",0,15,88,2.6,329,6.8,81.741,1.575,2.243,,,,,,,,,,,,,,,,,,,,,,
"93","HONNA","2023081601",0,14.5,90,3.3,297,6.8,81.486,1.583,2.261,,,,,,,,,,,,,,,,,,,,,,
"93","HONNA","2023081602",0,14.4,90,4.5,339,6.2,81.251,1.637,2.372,,,,,,,,,,,,,,,,,,,,,,
"93","HONNA","2023081603",0,14.4,91,2.5,337,5.1,81.009,1.439,1.95,,,,,,,,,,,,,,,,,,,,,,
"93","HONNA","2023081604",0,14.3,91,3.9,348,5.1,80.782,1.506,2.095,,,,,,,,,,,,,,,,,,,,,,
"93","HONNA","2023081605",0,13.6,93,2.6,3,6.2,80.476,1.364,1.777,,,,,,,,,,,,,,,,,,,,,,
"93","HONNA","2023081606",0,14.2,90,5.3,355,6.8,80.358,1.543,2.174,,,,,,,,,,,,,,,,,,,,,,
"93","HONNA","2023081607",0,15.5,86,4.1,339,6.8,80.404,1.459,1.994,,,,,,,,,,,,,,,,,,,,,,
"93","HONNA","2023081608",0,16.7,84,5.2,262,7.4,80.45,1.55,2.191,,,,,,,,,,,,,,,,,,,,,,
"93","HONNA","2023081609",0,19.1,75,4.9,200,10.2,80.669,1.564,2.22,,,,,,,,,,,,,,,,,,,,,,
"93","HONNA","2023081610",0,19.2,79,4.9,181,11.4,80.794,1.586,2.266,,,,,,,,,,,,,,,,,,,,,,
"93","HONNA","2023081611",0,19.5,75,5.3,195,20,80.997,1.655,2.41,,,,,,,,,,,,,,,,,,,,,,
"93","HONNA","2023081612",0,20.1,73,11.2,276,31,81.274,2.3,3.65,0,84.9,3.655,6.28,11.939,337.634,21.938,2,,,,,,,,,,,,,,
"93","HONNA","2023081613",0,20.5,70,9.1,247,29.2,81.593,2.148,3.623,,,,,,,,,,,,,,,,,,,,,,
"93","HONNA","2023081614",0,21.8,66,8.6,271,22.9,82.007,2.201,3.725,,,,,,,,,,,,,,,,,,,,,,
"93","HONNA","2023081615",0,20.6,70,6.5,246,21.2,82.239,2.036,3.405,,,,,,,,,,,,,,,,,,,,,,
"93","HONNA","2023081616",0,20.8,69,6.7,278,13.1,82.476,2.118,3.566,,,,,,,,,,,,,,,,,,,,,,
"93","HONNA","2023081617",0,19.5,73,7.9,304,19.5,82.588,2.282,3.881,,,,,,,,,,,,,,,,,,,,,,
"93","HONNA","2023081618",0,18.7,73,11.5,325,20.6,82.682,2.768,4.774,,,,,,,,,,,,,,,,,,,,,,
"93","HONNA","2023081619",0,17.5,76,11.4,315,18.3,82.729,2.771,4.779,,,,,,,,,,,,,,,,,,,,,,
"93","HONNA","2023081620",0,16.6,78,5.4,267,17.2,82.776,2.06,3.452,,,,,,,,,,,,,,,,,,,,,,
"93","HONNA","2023081621",0,16.3,79,6,283,10.2,82.823,2.136,3.6,,,,,,,,,,,,,,,,,,,,,,
"93","HONNA","2023081622",0,14.7,84,5,273,9.7,82.69,1.997,3.328,,,,,,,,,,,,,,,,,,,,,,
"93","HONNA","2023081623",0,14.9,76,10.5,309,17.2,82.737,2.651,4.563,,,,,,,,,,,,,,,,,,,,,,
"101","MACHMELL","2023081600",0,15.1,90,2.5,273,12,83.539,1.964,4.574,,,,,,,,,0,193.3,,0,0,0,0,0,,0,0,,0,
"101","MACHMELL","2023081601",0,14.2,92,1.9,229,5.1,82.988,1.774,4.103,,,,,,,,,0,193.3,,0,0,0,0,0,,0,0,,0,
"101","MACHMELL","2023081602",0,14.4,87,3,81,12,82.729,1.815,4.204,,,,,,,,,0,193.3,,0,0,0,0,0,,0,0,,0,
"101","MACHMELL","2023081603",0,14.1,90,3.6,143,10.2,82.351,1.784,4.128,,,,,,,,,0,193.3,,0,0,0,0,0,,0,0,,0,
"101","MACHMELL","2023081604",0,13.2,95,0,307,9.1,81.866,1.403,3.128,,,,,,,,,0,193.3,,0,0,0,0,0,,0,0,,0,
"101","MACHMELL","2023081605",0,13.1,93,4.5,143,11.4,81.405,1.666,3.827,,,,,,,,,0,193.3,,0,0,0,0,0,,0,0,,0,
"101","MACHMELL","2023081606",0,13.5,91,4.4,103,10.2,81.12,1.604,3.666,,,,,,,,,0,193.3,,0,0,0,0,0,,0,0,,0,
"101","MACHMELL","2023081607",0,14.3,87,4.8,92,9.7,81.069,1.627,3.727,,,,,,,,,0,193.3,,0,0,0,0,0,,0,0,,0,
"101","MACHMELL","2023081608",0,19.6,67,5,78,14.9,81.414,1.711,3.941,,,,,,,,,0,193.3,,0,0,0,0,0,,0,0,,0,
"101","MACHMELL","2023081609",0,23,55,3.5,69,9.7,82.084,1.718,3.96,,,,,,,,,0,193.3,,0,0,0,0,0,,0,0,,0,
"101","MACHMELL","2023081610",0,25.5,52,5.1,307,9.7,82.909,2.064,4.816,,,,,,,,,0,193.3,,0,0,0,0,0,,0,0,,0,
"101","MACHMELL","2023081611",0,27.2,46,5.9,293,12.5,83.923,2.452,5.723,,,,,,,,,0,193.3,,0,0,0,0,0,,0,0,,0,
"101","MACHMELL","2023081612",0,28.3,44,6.6,295,14.3,84.934,2.912,6.738,0,89.613,5.656,12.895,22.986,377.788,39.902,3,0,193.3,,0,0,0,0,0,,0,0,,0,
"101","MACHMELL","2023081613",0,30.5,31,6.2,288,16,86.438,3.52,8.72,,,,,,,,,0,193.3,,0,0,0,0,0,,0,0,,0,
"101","MACHMELL","2023081614",0,30.4,34,9.8,269,20,87.613,4.988,11.664,,,,,,,,,0,193.3,,0,0,0,0,0,,0,0,,0,
"101","MACHMELL","2023081615",0,29.3,34,12.1,256,22.9,88.521,6.38,14.17,,,,,,,,,0,193.3,,0,0,0,0,0,,0,0,,0,
"101","MACHMELL","2023081616",0,29.2,33,12.2,248,23.5,89.287,7.158,15.478,,,,,,,,,0,193.3,,0,0,0,0,0,,0,0,,0,
"101","MACHMELL","2023081617",0,28.9,37,9.6,235,24.1,89.702,6.664,14.654,,,,,,,,,0,193.3,,0,0,0,0,0,,0,0,,0,
"101","MACHMELL","2023081618",0,28.7,40,3.1,327,14.9,89.893,4.936,11.565,,,,,,,,,0,193.3,,0,0,0,0,0,,0,0,,0,
"101","MACHMELL","2023081619",0,22.9,65,3.4,227,7.9,89.507,4.741,11.194,,,,,,,,,0,193.3,,0,0,0,0,0,,0,0,,0,
"101","MACHMELL","2023081620",0,19.4,78,2.5,157,5.6,88.785,4.085,9.897,,,,,,,,,0,193.3,,0,0,0,0,0,,0,0,,0,
"101","MACHMELL","2023081621",0,17.2,85,2,162,4.5,87.919,3.518,8.714,,,,,,,,,0,193.3,,0,0,0,0,0,,0,0,,0,
"101","MACHMELL","2023081622",0,16,88,3,237,7.4,86.999,3.244,8.119,,,,,,,,,0,193.3,,0,0,0,0,0,,0,0,,0,
"101","MACHMELL","2023081623",0,15.8,85,2.9,199,9.1,86.342,2.941,7.44,,,,,,,,,0,193.3,,0,0,0,0,0,,0,0,,0,
"105","ROSSWOOD","2023081600",0,14.7,74,5.2,334,13.2,86.252,3.261,6.415,,,,,,,,,,,,,,,,,,,,1703.2,,
"105","ROSSWOOD","2023081601",0,13.7,79,4.3,319,14.1,85.874,2.955,5.841,,,,,,,,,,,,,,,,,,,,1703.2,,
"105","ROSSWOOD","2023081602",0,13.6,80,3.8,304,10.6,85.516,2.741,5.426,,,,,,,,,,,,,,,,,,,,1703.2,,
"105","ROSSWOOD","2023081603",0,13.6,82,3.9,306,8.9,85.134,2.613,5.174,,,,,,,,,,,,,,,,,,,,1703.2,,
"105","ROSSWOOD","2023081604",0,12.8,86,1,303,7.5,84.712,2.13,4.182,,,,,,,,,,,,,,,,,,,,1703.2,,
"105","ROSSWOOD","2023081605",0,10.3,95,0,31,1.9,84.04,1.85,3.571,,,,,,,,,,,,,,,,,,,,1703.2,,
"105","ROSSWOOD","2023081606",0,10.1,96,0,326,0,83.374,1.695,3.219,,,,,,,,,,,,,,,,,,,,1703.2,,
"105","ROSSWOOD","2023081607",0,11.5,93,0,356,0,82.909,1.596,2.99,,,,,,,,,,,,,,,,,,,,1703.2,,
"105","ROSSWOOD","2023081608",0,15.2,76,0.3,180,5.4,82.956,1.63,3.07,,,,,,,,,,,,,,,,,,,,1703.2,,
"105","ROSSWOOD","2023081609",0,19,62,4.8,171,10.2,83.212,2.113,4.145,,,,,,,,,,,,,,,,,,,,1703.2,,
"105","ROSSWOOD","2023081610",0,19.1,65,7.3,156,19.8,83.402,2.457,4.86,,,,,,,,,,,,,,,,,,,,1703.2,,
"105","ROSSWOOD","2023081611",0,19.8,65,5.3,190,13.6,83.579,2.273,4.482,,,,,,,,,,,,,,,,,,,,1703.2,,
"105","ROSSWOOD","2023081612",0,20.8,62,4,204,13.8,83.809,2.195,4.318,0,85.38,2.717,5.747,16.578,384.222,29.928,2,,,,,,,,,,,,1703.2,,
"105","ROSSWOOD","2023081613",0,20.8,59,6.2,157,13.8,84.094,2.547,5.393,,,,,,,,,,,,,,,,,,,,1703.2,,
"105","ROSSWOOD","2023081614",0,21.9,55,8.2,126,16.3,84.486,2.969,6.258,,,,,,,,,,,,,,,,,,,,1703.2,,
"105","ROSSWOOD","2023081615",0,24.1,49,9.7,132,20.5,85.086,3.476,7.243,,,,,,,,,,,,,,,,,,,,1703.2,,
"105","ROSSWOOD","2023081616",0,23,53,10,142,22.1,85.448,3.711,7.681,,,,,,,,,,,,,,,,,,,,1703.2,,
"105","ROSSWOOD","2023081617",0,23.5,55,8.7,157,26.2,85.716,3.608,7.49,,,,,,,,,,,,,,,,,,,,1703.2,,
"105","ROSSWOOD","2023081618",0,22.9,61,8.8,139,24.3,85.791,3.664,7.595,,,,,,,,,,,,,,,,,,,,1703.2,,
"105","ROSSWOOD","2023081619",0,21.6,64,5.5,13,18.1,85.839,3.124,6.563,,,,,,,,,,,,,,,,,,,,1703.2,,
"105","ROSSWOOD","2023081620",0,17.3,81,5.2,16,18.1,85.453,2.916,6.151,,,,,,,,,,,,,,,,,,,,1703.2,,
"105","ROSSWOOD","2023081621",0,16.1,87,4.4,7,16.8,84.872,2.585,5.473,,,,,,,,,,,,,,,,,,,,1703.2,,
"105","ROSSWOOD","2023081622",0,15.1,91,5.5,14,14.1,84.131,2.471,5.233,,,,,,,,,,,,,,,,,,,,1703.2,,
"105","ROSSWOOD","2023081623",0,14.2,94,5,7,12.3,83.301,2.16,4.558,,,,,,,,,,,,,,,,,,,,1703.2,,
"106","KITPARK","2023081600",0,16.3,87,5.2,228,9.7,85.841,3.078,6.152,,,,,,,,,0,1.1,,0,0,0,0,0,,1,-334.782,,0,
"106","KITPARK","2023081601",0,14.6,92,2.4,126,6.8,84.996,2.377,4.763,,,,,,,,,0,1,,0,0,0,0,0,,1,-334.803,,0,
"106","KITPARK","2023081602",0,13.8,94,2.4,33,4.5,84.135,2.114,4.209,,,,,,,,,0,1.1,,0,0,0,0,0,,1,-334.798,,0,
"106","KITPARK","2023081603",0,13,96,1.9,353,5.1,83.262,1.838,3.6,,,,,,,,,0,1.1,,0,0,0,0,0,,1,-334.798,,0,
"106","KITPARK","2023081604",0,12.4,98,1.8,109,3.3,82.343,1.628,3.116,,,,,,,,,0,1.1,,0,0,0,0,0,,1,-334.805,,0,
"106","KITPARK","2023081605",0,12,98,2.3,81,5.1,81.515,1.511,2.836,,,,,,,,,0,1.1,,0,0,0,0,0,,1,-334.798,,0,
"106","KITPARK","2023081606",0,11.5,98,1.7,72,3.9,80.808,1.352,2.443,,,,,,,,,0,1.1,,0,0,0,0,0,,1,-334.796,,0,
"106","KITPARK","2023081607",0,13.7,97,1.6,74,3.9,80.244,1.265,2.219,,,,,,,,,0,1.2,,0,0,0,0,0,,1,-334.772,,0,
"106","KITPARK","2023081608",0,19.3,71,3.7,129,5.6,80.552,1.453,2.696,,,,,,,,,0,0.8,,0,0,0,0,0,,1,-334.795,,0,
"106","KITPARK","2023081609",0,18,79,4.8,236,10.8,80.669,1.556,2.946,,,,,,,,,0,0.8,,0,0,0,0,0,,1,-334.774,,0,
"106","KITPARK","2023081610",0,20.2,71,5.8,94,9.1,80.986,1.695,3.274,,,,,,,,,0,1,,0,0,0,0,0,,1,-334.773,,0,
"106","KITPARK","2023081611",0,22.4,62,9.5,214,17.2,81.606,2.195,4.38,,,,,,,,,0,0.8,,0,0,0,0,0,,1,-334.776,,0,
"106","KITPARK","2023081612",0,22.6,57,9,224,16.6,82.29,2.324,4.654,0,86.407,4.036,8.471,17.186,414.937,31.147,3,0,0.9,,0,0,0,0,0,,1,-334.816,,0,
"106","KITPARK","2023081613",0,24.8,45,11.7,220,19.5,83.414,3.072,6.626,,,,,,,,,0,0.9,,0,0,0,0,0,,1,-334.786,,0,
"106","KITPARK","2023081614",0,25.2,43,11.9,224,23.5,84.461,3.566,7.594,,,,,,,,,0,0.8,,0,0,0,0,0,,1,-334.782,,0,
"106","KITPARK","2023081615",0,26.8,48,9.7,217,29.2,85.222,3.542,7.548,,,,,,,,,0,0.7,,0,0,0,0,0,,1,-334.796,,0,
"106","KITPARK","2023081616",0,27,50,10.9,197,26.4,85.817,4.088,8.566,,,,,,,,,0,0.5,,0,0,0,0,0,,1,-334.755,,0,
"106","KITPARK","2023081617",0,26.4,54,9.3,215,27.5,86.156,3.955,8.323,,,,,,,,,0,0.6,,0,0,0,0,0,,1,-334.767,,0,
"106","KITPARK","2023081618",0,23.6,61,6.1,186,26.4,86.204,3.389,7.252,,,,,,,,,0,0.8,,0,0,0,0,0,,1,-334.783,,0,
"106","KITPARK","2023081619",0,23.2,63,6.6,216,21.8,86.252,3.499,7.465,,,,,,,,,0,0.9,,0,0,0,0,0,,1,-334.762,,0,
"106","KITPARK","2023081620",0,21.8,68,3.7,240,14.3,86.275,3.033,6.548,,,,,,,,,0,1,,0,0,0,0,0,,1,-334.778,,0,
"106","KITPARK","2023081621",0,19.3,81,2.6,327,13.1,85.878,2.714,5.892,,,,,,,,,0,1,,0,0,0,0,0,,1,-334.791,,0,
"106","KITPARK","2023081622",0,17.3,89,2.9,160,5.6,85.164,2.495,5.427,,,,,,,,,0,1,,0,0,0,0,0,,1,-334.8,,0,
"106","KITPARK","2023081623",0,16,93,3.1,102,5.1,84.299,2.239,4.868,,,,,,,,,0,1.1,,0,0,0,0,0,,1,-334.791,,0,
"108","DEASE LAKE FS","2023081600",0,11.1,76,10.2,171,18.5,74.496,1.247,1.413,,,,,,,,,,-224.7,,,,,,,,,,85.2,,
"108","DEASE LAKE FS","2023081601",0,10.2,80,9.3,163,21.1,74.86,1.215,1.324,,,,,,,,,,-212.3,,,,,,,,,,85.2,,
"108","DEASE LAKE FS","2023081602",0,10.2,82,8.8,155,16.4,75.155,1.204,1.292,,,,,,,,,,-278.6,,,,,,,,,,85.2,,
"108","DEASE LAKE FS","2023081603",0.2,9.9,91,5.8,187,11.7,71.304,0.875,0.772,,,,,,,,,,-290.7,,,,,,,,,,85.4,,
"108","DEASE LAKE FS","2023081604",0.8,9,97,2.1,103,16.5,57.555,0.384,0.339,,,,,,,,,,-219.9,,,,,,,,,,86.2,,
"108","DEASE LAKE FS","2023081605",0,9,98,1,196,7.4,57.653,0.366,0.323,,,,,,,,,,-208.8,,,,,,,,,,86.2,,
"108","DEASE LAKE FS","2023081606",0,9,98,3.4,157,6.1,57.771,0.417,0.368,,,,,,,,,,-204,,,,,,,,,,86.2,,
"108","DEASE LAKE FS","2023081607",0,11.2,86,10.9,202,14.9,58.704,0.651,0.574,,,,,,,,,,-241.4,,,,,,,,,,86.2,,
"108","DEASE LAKE FS","2023081608",0,10.7,86,5.8,222,17.5,59.445,0.529,0.467,,,,,,,,,,-212.3,,,,,,,,,,86.2,,
"108","DEASE LAKE FS","2023081609",0,11.3,86,9.5,187,20.9,60.287,0.673,0.593,,,,,,,,,,-263,,,,,,,,,,86.2,,
"108","DEASE LAKE FS","2023081610",0,13.8,78,5.2,115,22.3,61.415,0.578,0.51,,,,,,,,,,-210.3,,,,,,,,,,86.2,,
"108","DEASE LAKE FS","2023081611",0,15.5,69,14.5,201,22.7,63.342,1.019,0.899,,,,,,,,,,-237.3,,,,,,,,,,86.2,,
"108","DEASE LAKE FS","2023081612",0,18.3,59,11,210,22.2,65.62,0.94,0.829,1,74.675,1.31,1.858,11.813,412.789,22.049,2,,-243.4,,,,,,,,,,86.2,,
"108","DEASE LAKE FS","2023081613",0,18.1,63,9.1,178,18,67.454,0.912,0.88,,,,,,,,,,-222.3,,,,,,,,,,86.2,,
"108","DEASE LAKE FS","2023081614",0,17.8,65,10.6,166,17.1,69.103,1.037,1.01,,,,,,,,,,-207.5,,,,,,,,,,86.2,,
"108","DEASE LAKE FS","2023081615",0,20.3,48,19.3,216,39,71.737,1.754,2.845,,,,,,,,,,-229,,,,,,,,,,86.2,,
"108","DEASE LAKE FS","2023081616",0,20.8,40,13.6,213,37.7,74.22,1.46,2.207,,,,,,,,,,-230.5,,,,,,,,,,86.2,,
"108","DEASE LAKE FS","2023081617",0,19.6,39,15.8,210,35.2,76.382,1.848,3.039,,,,,,,,,,-230.6,,,,,,,,,,86.2,,
"108","DEASE LAKE FS","2023081618",0,18.9,39,21.4,223,38.4,78.328,2.848,4.932,,,,,,,,,,-286.9,,,,,,,,,,86.2,,
"108","DEASE LAKE FS","2023081619",0,18,43,13.6,208,35.9,79.666,2.181,3.7,,,,,,,,,,-267,,,,,,,,,,86.2,,
"108","DEASE LAKE FS","2023081620",0,14.4,59,5.7,199,19.6,80.165,1.542,2.391,,,,,,,,,,-266.6,,,,,,,,,,86.2,,
"108","DEASE LAKE FS","2023081621",0,14,56,8.1,203,29.6,80.701,1.844,3.031,,,,,,,,,,-201.6,,,,,,,,,,86.2,,
"108","DEASE LAKE FS","2023081622",0,12.1,62,9.2,156,17.7,81.034,2.023,3.392,,,,,,,,,,-212.1,,,,,,,,,,86.2,,
"108","DEASE LAKE FS","2023081623",0,9.1,79,3.9,184,13.5,81.08,1.557,2.425,,,,,,,,,,-214.7,,,,,,,,,,86.2,,
"110","TELEGRAPH CREEK","2023081600",0,13.2,74,6.8,231,23.5,73.438,0.999,0.983,,,,,,,,,0,-0.5,,0,0,0,2,1018.29,,0,0,,0,
"110","TELEGRAPH CREEK","2023081601",0,13.5,74,17.5,257,31.6,74.218,1.776,2.965,,,,,,,,,0,-0.5,,0,0,0,2,1018.28,,0,0,,0,
"110","TELEGRAPH CREEK","2023081602",0,13.3,76,16.9,264,30.4,74.862,1.782,2.976,,,,,,,,,0,-0.5,,0,0,0,2,1018.27,,0,0,,0,
"110","TELEGRAPH CREEK","2023081603",0,13.1,76,12.8,275,24.1,75.409,1.494,2.352,,,,,,,,,0,-0.4,,0,0,0,2,1018.27,,0,0,,0,
"110","TELEGRAPH CREEK","2023081604",0,12.8,77,10.3,274,23.5,75.858,1.354,2.026,,,,,,,,,0,-0.5,,0,0,0,2,1018.27,,0,0,,0,
"110","TELEGRAPH CREEK","2023081605",0,13.2,77,17.2,251,28.7,76.347,1.978,3.382,,,,,,,,,0,-0.4,,0,0,0,2,1018.24,,0,0,,0,
"110","TELEGRAPH CREEK","2023081606",0,13,77,10.7,233,20,76.742,1.465,2.286,,,,,,,,,0,-0.4,,0,0,0,2,1018.27,,0,0,,0,
"110","TELEGRAPH CREEK","2023081607",0,13.3,78,13.3,246,30.4,77.112,1.716,2.838,,,,,,,,,0,-0.4,,0,0,0,2,1018.23,,0,0,,0,
"110","TELEGRAPH CREEK","2023081608",0,13.9,75,27.2,244,40.2,77.636,3.6,6.328,,,,,,,,,0,-0.5,,0,0,0,2,1018.27,,0,0,,0,
"110","TELEGRAPH CREEK","2023081609",0,15.5,70,15.1,247,35,78.212,2.053,3.531,,,,,,,,,0,-0.4,,0,0,0,2,1018.17,,0,0,,0,
"110","TELEGRAPH CREEK","2023081610",0,16.5,67,20,243,37.3,78.891,2.793,4.932,,,,,,,,,0,-0.4,,0,0,0,2,1018.24,,0,0,,0,
"110","TELEGRAPH CREEK","2023081611",0,18.8,60,21.5,246,32.1,79.808,3.294,5.813,,,,,,,,,0,-0.3,,0,0,0,2,1018.16,,0,0,,0,
"110","TELEGRAPH CREEK","2023081612",0,17,64,14.6,231,35,80.365,2.467,4.333,0,77.221,1.847,3.364,13.513,438.713,25.094,2,0,-0.5,,0,0,0,2,1018.26,,0,0,,0,
"110","TELEGRAPH CREEK","2023081613",0,18.1,62,25.2,239,33.9,81.033,4.53,8.265,,,,,,,,,0,-0.3,,0,0,0,2,1018.21,,0,0,,0,
"110","TELEGRAPH CREEK","2023081614",0,20.9,56,18.5,238,43.6,81.859,3.56,6.649,,,,,,,,,0,-0.2,,0,0,0,2,1018.12,,0,0,,0,
"110","TELEGRAPH CREEK","2023081615",0,20.6,52,28.4,239,43.6,82.762,6.553,11.285,,,,,,,,,0,-0.4,,0,0,0,2,1018.21,,0,0,,0,
"110","TELEGRAPH CREEK","2023081616",0,21.2,50,24.5,243,43.6,83.59,5.99,10.484,,,,,,,,,0,-0.4,,0,0,0,2,1018.19,,0,0,,0,
"110","TELEGRAPH CREEK","2023081617",0,21.1,47,25.2,242,44.8,84.384,6.898,11.763,,,,,,,,,0,-0.5,,0,0,0,2,1018.19,,0,0,,0,
"110","TELEGRAPH CREEK","2023081618",0,19.4,53,23.8,241,34.4,84.787,6.791,11.615,,,,,,,,,0,-0.5,,0,0,0,2,1018.25,,0,0,,0,
"110","TELEGRAPH CREEK","2023081619",0,19.1,54,24.5,242,39,85.094,7.337,12.36,,,,,,,,,0,-0.5,,0,0,0,2,1018.25,,0,0,,0,
"110","TELEGRAPH CREEK","2023081620",0,16.7,61,21.3,251,31,85.142,6.285,10.907,,,,,,,,,0,-0.6,,0,0,0,2,1018.34,,0,0,,0,
"110","TELEGRAPH CREEK","2023081621",0,15.8,67,21.3,246,33.9,85.19,6.327,10.966,,,,,,,,,0,-0.5,,0,0,0,2,1018.28,,0,0,,0,
"110","TELEGRAPH CREEK","2023081622",0,14.7,70,13.5,266,25.8,85.154,4.25,7.811,,,,,,,,,0,-0.5,,0,0,0,2,1018.29,,0,0,,0,
"110","TELEGRAPH CREEK","2023081623",0,13.5,74,14.1,250,23.5,84.996,4.286,7.87,,,,,,,,,0,-0.5,,0,0,0,2,1018.3,,0,0,,0,
"111","ATLIN","2023081600",0,12.4,67,13.6,136,24.9,75.556,1.569,5.844,,,,,,,,,,0.7,,,,0,2,898.3,,,,1055,,
"111","ATLIN","2023081601",0,12.2,66,11.4,147,29.7,76.251,1.468,5.474,,,,,,,,,,0.7,,,,0,2,898.3,,,,1055,,
"111","ATLIN","2023081602",0,12.1,68,9.5,117,28.9,76.819,1.387,5.174,,,,,,,,,,0.7,,,,0.1,2,898.38,,,,1055,,
"111","ATLIN","2023081603",0,12.2,66,7.7,121,22,77.366,1.319,4.919,,,,,,,,,,0.7,,,,0,2,898.35,,,,1055,,
"111","ATLIN","2023081604",0,12.1,64,11.4,131,24.5,77.956,1.667,6.193,,,,,,,,,,0.6,,,,0,2,898.35,,,,1055,,
"111","ATLIN","2023081605",0,12.2,63,16.7,141,27.5,78.574,2.297,8.293,,,,,,,,,,0.7,,,,0,2,898.33,,,,1055,,
"111","ATLIN","2023081606",0,12,68,12.8,138,27.7,78.992,1.961,7.202,,,,,,,,,,0.7,,,,0,2,898.33,,,,1055,,
"111","ATLIN","2023081607",0,12.1,68,2.4,61,20.6,79.278,1.193,4.431,,,,,,,,,,0.7,,,,0,2,898.33,,,,1055,,
"111","ATLIN","2023081608",0,13.4,61,10.9,134,21.1,79.803,1.93,7.097,,,,,,,,,,0.7,,,,0,2,898.29,,,,1055,,
"111","ATLIN","2023081609",0,14,61,8.2,121,22.4,80.271,1.769,6.548,,,,,,,,,,0.6,,,,0,2,898.27,,,,1055,,
"111","ATLIN","2023081610",0,16.8,51,19.5,147,33.5,81.153,3.446,11.659,,,,,,,,,,0.6,,,,0,2,898.24,,,,1055,,
"111","ATLIN","2023081611",0,18.3,47,19.8,139,37.9,82.115,3.92,12.924,,,,,,,,,,0.4,,,,0,2,898.26,,,,1055,,
"111","ATLIN","2023081612",0,17.2,45,23.6,137,40.5,82.982,5.291,16.285,0,83.577,5.715,17.684,41.355,569.776,70.007,4,,0.4,,,,0,2,898.34,,,,1055,,
"111","ATLIN","2023081613",0,18.9,41,30.1,146,52.6,83.993,8.379,23.316,,,,,,,,,,0.6,,,,0,2,898.29,,,,1055,,
"111","ATLIN","2023081614",0,19.2,38,25.3,128,50.5,84.925,7.463,21.476,,,,,,,,,,0.5,,,,0,2,898.31,,,,1055,,
"111","ATLIN","2023081615",0,18.3,37,28.8,151,59.6,85.718,9.936,26.262,,,,,,,,,,0.4,,,,0,2,898.33,,,,1055,,
"111","ATLIN","2023081616",0,16.9,41,28,140,55.6,86.189,10.196,26.733,,,,,,,,,,0.5,,,,0,2,898.38,,,,1055,,
"111","ATLIN","2023081617",0,17,38,25,142,50.5,86.673,9.385,25.243,,,,,,,,,,0.6,,,,0,2,898.36,,,,1055,,
"111","ATLIN","2023081618",0,16.8,39,28.8,142,46.3,87.057,12.003,29.883,,,,,,,,,,0.4,,,,0,2,898.35,,,,1055,,
"111","ATLIN","2023081619",0,16.2,36,17.6,136,53.8,87.416,7.185,20.899,,,,,,,,,,0.5,,,,0,2,898.33,,,,1055,,
"111","ATLIN","2023081620",0,14.4,36,24,168,41.1,87.685,10.308,26.935,,,,,,,,,,0.5,,,,0,2,898.41,,,,1055,,
"111","ATLIN","2023081621",0,13,40,11.6,157,43.2,87.767,5.584,17.381,,,,,,,,,,0.5,,,,0,2,898.39,,,,1055,,
"111","ATLIN","2023081622",0,12.4,43,16.6,135,34,87.816,7.234,21.001,,,,,,,,,,0.6,,,,0,2,898.38,,,,1055,,
"111","ATLIN","2023081623",0,11.5,48,12,144,29.6,87.864,5.777,17.826,,,,,,,,,,0.6,,,,0,2,898.38,,,,1055,,
"112","ISKUT","2023081600",0,11.1,80,5.6,95,16.5,71.15,0.862,0.944,,,,,,,,,,42.9,,,,,,,,2,509.49,741.8,,
"112","ISKUT","2023081601",0,11.5,76,6.8,117,19.3,71.788,0.936,1.159,,,,,,,,,,41.4,,,,,,,,2,509.82,741.8,,
"112","ISKUT","2023081602",0,11,80,2.4,117,15.5,72.181,0.761,0.834,,,,,,,,,,41.4,,,,,,,,2,509.82,741.8,,
"112","ISKUT","2023081603",0,10.8,82,3.7,75,14.3,72.541,0.823,0.903,,,,,,,,,,44.3,,,,,,,,2,509.82,741.8,,
"112","ISKUT","2023081604",0,11,79,4,111,14.9,72.965,0.85,0.932,,,,,,,,,,50.4,,,,,,,,2,509.82,741.8,,
"112","ISKUT","2023081605",0,11.3,78,5.4,110,26.9,73.426,0.931,1.134,,,,,,,,,,43.1,,,,,,,,2,509.81,741.8,,
"112","ISKUT","2023081606",0,11.5,77,5.6,128,25.5,73.895,0.96,1.261,,,,,,,,,,42.9,,,,,,,,2,509.82,741.8,,
"112","ISKUT","2023081607",0,12.3,70,13.5,110,38.2,74.654,1.485,2.704,,,,,,,,,,32.9,,,,,,,,2,509.16,741.8,,
"112","ISKUT","2023081608",0,12.6,68,11.7,118,38.1,75.39,1.412,2.528,,,,,,,,,,29.8,,,,,,,,2,508.49,741.8,,
"112","ISKUT","2023081609",0,13.3,67,11.7,139,32.3,76.118,1.477,2.686,,,,,,,,,,33.2,,,,,,,,2,510.14,741.8,,
"112","ISKUT","2023081610",0,15.2,65,10.8,112,28.1,76.893,1.489,2.715,,,,,,,,,,50.3,,,,,,,,2,509.78,741.8,,
"112","ISKUT","2023081611",0,18.8,56,15.2,130,37.4,78.088,2.041,3.966,,,,,,,,,,23.1,,,,,,,,2,508.73,741.8,,
"112","ISKUT","2023081612",0,21,48,15.7,128,33.7,79.539,2.393,4.704,0,83.955,4.035,8.4,17.226,353.163,30.708,3,,40.2,,,,,,,,2,508.71,741.8,,
"112","ISKUT","2023081613",0,21,50,12.5,132,37.3,80.672,2.294,4.941,,,,,,,,,,18.1,,,,,,,,2,508.03,741.8,,
"112","ISKUT","2023081614",0,21.8,47,13.4,137,35,81.812,2.738,5.887,,,,,,,,,,33.3,,,,,,,,2,508.35,741.8,,
"112","ISKUT","2023081615",0,22.5,46,9,158,30.5,82.788,2.474,5.331,,,,,,,,,,34.6,,,,,,,,2,507.34,741.8,,
"112","ISKUT","2023081616",0,22.2,46,7.1,160,23.8,83.585,2.491,5.368,,,,,,,,,,47.9,,,,,,,,2,506.99,741.8,,
"112","ISKUT","2023081617",0,19.7,45,7.5,238,21.6,84.208,2.761,5.936,,,,,,,,,,51.7,,,,,,,,2,507.33,741.8,,
"112","ISKUT","2023081618",0,18,49,7.6,202,24,84.601,2.927,6.275,,,,,,,,,,46.7,,,,,,,,2,507.04,741.8,,
"112","ISKUT","2023081619",0,16,58,6,299,15.8,84.719,2.744,5.899,,,,,,,,,,49.5,,,,,,,,2,507.4,741.8,,
"112","ISKUT","2023081620",0,14.5,71,4,47,18.3,84.725,2.483,5.35,,,,,,,,,,46.3,,,,,,,,2,508.08,741.8,,
"112","ISKUT","2023081621",0,12.3,78,1.8,19,14.8,84.56,2.173,4.671,,,,,,,,,,38.9,,,,,,,,2,508.45,741.8,,
"112","ISKUT","2023081622",0,9.7,87,3.4,56,11.9,84.112,2.217,4.77,,,,,,,,,,47.7,,,,,,,,2,508.5,741.8,,
"112","ISKUT","2023081623",0,8.9,88,3.7,77,8.5,83.668,2.122,4.557,,,,,,,,,,44,,,,,,,,2,509.17,741.8,,
"113","BOB QUINN LAKE","2023081600",0,11.1,90,5.3,145,7.9,33.156,0.01,0.004,,,,,,,,,0,56.9,,0,0,0,0,0,,1,-116.802,,0,
"113","BOB QUINN LAKE","2023081601",0,10.9,90,3.5,170,8.5,34.03,0.012,0.004,,,,,,,,,0,58.2,,0,0,0,0,0,,1,-116.8,,0,
"113","BOB QUINN LAKE","2023081602",0,10.8,89,5.3,178,8.5,35.069,0.016,0.006,,,,,,,,,0,57.7,,0,0,0,0,0,,1,-116.791,,0,
"113","BOB QUINN LAKE","2023081603",0,10.7,92,4.1,164,7.4,35.798,0.018,0.006,,,,,,,,,0,61.6,,0,0,0,0,0,,1,-116.803,,0,
"113","BOB QUINN LAKE","2023081604",0,10.6,91,4,172,8.5,36.589,0.021,0.008,,,,,,,,,0,61.1,,0,0,0,0,0,,1,-116.798,,0,
"113","BOB QUINN LAKE","2023081605",0,10.4,93,5,145,7.9,37.252,0.026,0.009,,,,,,,,,0,60.9,,0,0,0,0,0,,1,-116.816,,0,
"113","BOB QUINN LAKE","2023081606",0,10.8,91,3,155,7.9,37.979,0.027,0.01,,,,,,,,,0,61.1,,0,0,0,0,0,,1,-116.779,,0,
"113","BOB QUINN LAKE","2023081607",0,10.8,92,2.7,162,5.1,38.612,0.03,0.011,,,,,,,,,0,60.9,,0,0,0,0,0,,1,-116.816,,0,
"113","BOB QUINN LAKE","2023081608",0,11.1,91,4,212,7.9,39.386,0.038,0.013,,,,,,,,,0,57.7,,0,0,0,0,0,,1,-116.807,,0,
"113","BOB QUINN LAKE","2023081609",0,11.6,90,4.5,173,8.5,40.266,0.046,0.016,,,,,,,,,0,58.4,,0,0,0,0,0,,1,-116.782,,0,
"113","BOB QUINN LAKE","2023081610",0,11.9,88,4.3,225,8.5,41.277,0.055,0.019,,,,,,,,,0,59,,0,0,0,0,0,,1,-116.802,,0,
"113","BOB QUINN LAKE","2023081611",0,12.3,87,3.3,257,9.7,42.289,0.062,0.022,,,,,,,,,0,58.2,,0,0,0,0,0,,1,-116.793,,0,
"113","BOB QUINN LAKE","2023081612",0,13.3,83,4.3,218,7.4,43.655,0.082,0.029,0,40.869,0.051,0.02,2.061,203.534,4.021,1,0,57.5,,0,0,0,0,0,,1,-116.785,,0,
"113","BOB QUINN LAKE","2023081613",0,14.1,81,3,307,10.2,45.04,0.096,0.038,,,,,,,,,0,47.5,,0,0,0,0,0,,1,-116.785,,0,
"113","BOB QUINN LAKE","2023081614",0,15.7,75,8.5,200,13.1,47.275,0.176,0.069,,,,,,,,,0,53.5,,0,0,0,0,0,,1,-116.78,,0,
"113","BOB QUINN LAKE","2023081615",0,17.3,66,15.3,169,21.2,50.491,0.376,0.148,,,,,,,,,0,54.6,,0,0,0,0,0,,1,-116.776,,0,
"113","BOB QUINN LAKE","2023081616",0,17.7,63,12.1,214,24.1,53.529,0.446,0.175,,,,,,,,,0,48.3,,0,0,0,0,0,,1,-116.799,,0,
"113","BOB QUINN LAKE","2023081617",0,18,61,9.8,161,23.5,56.358,0.515,0.202,,,,,,,,,0,47.7,,0,0,0,0,0,,1,-116.79,,0,
"113","BOB QUINN LAKE","2023081618",0,16.8,63,13.3,202,21.2,58.972,0.748,0.294,,,,,,,,,0,51.4,,0,0,0,0,0,,1,-116.802,,0,
"113","BOB QUINN LAKE","2023081619",0,16.2,63,10.3,202,22.3,61.2,0.739,0.29,,,,,,,,,0,48,,0,0,0,0,0,,1,-116.795,,0,
"113","BOB QUINN LAKE","2023081620",0,15.2,64,12.4,214,21.2,63.241,0.913,0.359,,,,,,,,,0,52.4,,0,0,0,0,0,,1,-116.809,,0,
"113","BOB QUINN LAKE","2023081621",0,14,71,9.3,235,22.3,64.678,0.832,0.327,,,,,,,,,0,50.5,,0,0,0,0,0,,1,-116.81,,0,
"113","BOB QUINN LAKE","2023081622",0,12.7,83,7.1,215,17.7,65.44,0.767,0.302,,,,,,,,,0,59,,0,0,0,0,0,,1,-116.78,,0,
"113","BOB QUINN LAKE","2023081623",0,13.6,68,11.1,219,26.9,66.88,0.989,0.389,,,,,,,,,0,59.1,,0,0,0,0,0,,1,-116.794,,0,
"117","SIERRA","2023081600",0,7.7,100,2.7,282,5.6,64.665,0.596,0.805,,,,,,,,,,,,,,,,,,,,,,
"117","SIERRA","2023081601",0,7.5,100,2.7,235,5.1,64.706,0.597,0.806,,,,,,,,,,,,,,,,,,,,,,
"117","SIERRA","2023081602",0,8.8,100,3.2,285,6.8,64.747,0.613,0.828,,,,,,,,,,,,,,,,,,,,,,
"117","SIERRA","2023081603",0,9.3,100,2.3,235,5.1,64.788,0.587,0.793,,,,,,,,,,,,,,,,,,,,,,
"117","SIERRA","2023081604",0,8.9,100,2.9,231,7.4,64.829,0.606,0.818,,,,,,,,,,,,,,,,,,,,,,
"117","SIERRA","2023081605",0,8.5,100,3.2,233,9.1,64.87,0.616,0.832,,,,,,,,,,,,,,,,,,,,,,
"117","SIERRA","2023081606",0.2,8.9,100,2.1,290,7.9,61.56,0.499,0.673,,,,,,,,,,,,,,,,,,,,,,
"117","SIERRA","2023081607",0,12,100,3.1,228,8.5,61.6,0.526,0.71,,,,,,,,,,,,,,,,,,,,,,
"117","SIERRA","2023081608",0,15.4,67,6.3,266,16,63.236,0.671,0.906,,,,,,,,,,,,,,,,,,,,,,
"117","SIERRA","2023081609",0,17.6,52,10.1,293,21.8,65.678,0.901,1.735,,,,,,,,,,,,,,,,,,,,,,
"117","SIERRA","2023081610",0,19.9,48,8.4,260,22.9,68.19,0.902,1.739,,,,,,,,,,,,,,,,,,,,,,
"117","SIERRA","2023081611",0,21.4,41,9.5,282,21.8,70.933,1.041,2.201,,,,,,,,,,,,,,,,,,,,,,
"117","SIERRA","2023081612",0,22.4,38,12,280,,73.705,1.314,3.021,1.4,85.245,3.99,9.941,22.884,568.265,41.582,3,,,,,,,,,,,,,,
"117","SIERRA","2023081613",0,23.9,36,11.3,212,29.2,,,,,,,,,,,,,,,,,,,,,,,,,
"117","SIERRA","2023081614",0,23.3,34,8.8,216,26.4,,,,,,,,,,,,,,,,,,,,,,,,,
"117","SIERRA","2023081615",0,25.6,34,9.4,266,25.2,,,,,,,,,,,,,,,,,,,,,,,,,
"117","SIERRA","2023081616",0,24.8,36,9,251,27.5,,,,,,,,,,,,,,,,,,,,,,,,,
"117","SIERRA","2023081617",0,23.4,38,7.7,259,21.2,,,,,,,,,,,,,,,,,,,,,,,,,
"117","SIERRA","2023081618",0,22.9,40,5.6,282,17.2,,,,,,,,,,,,,,,,,,,,,,,,,
"117","SIERRA","2023081619",0,20,56,5.1,155,11.4,,,,,,,,,,,,,,,,,,,,,,,,,
"117","SIERRA","2023081620",0,18.6,57,5.8,143,10.2,,,,,,,,,,,,,,,,,,,,,,,,,
"117","SIERRA","2023081621",0,18.1,59,7.8,159,13.1,,,,,,,,,,,,,,,,,,,,,,,,,
"117","SIERRA","2023081622",0,15.2,69,5.5,1,10.8,,,,,,,,,,,,,,,,,,,,,,,,,
"117","SIERRA","2023081623",0,14,74,4,354,12.5,,,,,,,,,,,,,,,,,,,,,,,,,
"118","HELMUT","2023081600",0,8.5,84,5.3,235,8.5,81.338,1.721,5.407,,,,,,,,,0,193.3,,0,0,0,0,0,,0,0,,0,
"118","HELMUT","2023081601",0,8.7,84,6.6,243,10.8,81.293,1.828,5.737,,,,,,,,,0,193.3,,0,0,0,0,0,,0,0,,0,
"118","HELMUT","2023081602",0,9.1,84,8.7,254,12,81.254,2.023,6.322,,,,,,,,,0,193.3,,0,0,0,0,0,,0,0,,0,
"118","HELMUT","2023081603",0,9.6,83,8,240,14.3,81.258,1.954,6.117,,,,,,,,,0,193.3,,0,0,0,0,0,,0,0,,0,
"118","HELMUT","2023081604",0,11.3,77,13.1,260,20,81.304,2.54,7.787,,,,,,,,,0,193.3,,0,0,0,0,0,,0,0,,0,
"118","HELMUT","2023081605",0,11.7,76,13.6,258,21.2,81.355,2.62,8.005,,,,,,,,,0,193.3,,0,0,0,0,0,,0,0,,0,
"118","HELMUT","2023081606",0,13.1,70,16.2,265,23.5,81.534,3.05,9.135,,,,,,,,,0,193.3,,0,0,0,0,0,,0,0,,0,
"118","HELMUT","2023081607",0,15.4,62,15.9,276,29.8,81.913,3.143,9.371,,,,,,,,,0,193.3,,0,0,0,0,0,,0,0,,0,
"118","HELMUT","2023081608",0,17.3,51,20.2,301,36.2,82.613,4.255,12.031,,,,,,,,,0,193.3,,0,0,0,0,0,,0,0,,0,
"118","HELMUT","2023081609",0,18.7,44,19.7,295,35.6,83.482,4.638,12.885,,,,,,,,,0,193.3,,0,0,0,0,0,,0,0,,0,
"118","HELMUT","2023081610",0,19.5,37,24.6,287,38.5,84.542,6.837,17.348,,,,,,,,,0,193.3,,0,0,0,0,0,,0,0,,0,
"118","HELMUT","2023081611",0,20.6,34,21.1,282,37.9,85.572,6.605,16.906,,,,,,,,,0,193.3,,0,0,0,0,0,,0,0,,0,
"118","HELMUT","2023081612",0,20.7,34,21.8,287,41.3,86.445,7.734,19,0.2,90.17,13.177,28.852,33.144,531.94,57.355,4,0,193.3,,0,0,0,0,0,,0,0,,0,
"118","HELMUT","2023081613",0,20.7,36,19.2,294,43.6,87.084,7.429,19.275,,,,,,,,,0,193.3,,0,0,0,0,0,,0,0,,0,
"118","HELMUT","2023081614",0,21.3,36,19.4,273,35,87.647,8.131,20.58,,,,,,,,,0,193.3,,0,0,0,0,0,,0,0,,0,
"118","HELMUT","2023081615",0,21.7,37,19.6,265,33.9,88.099,8.763,21.714,,,,,,,,,0,193.3,,0,0,0,0,0,,0,0,,0,
"118","HELMUT","2023081616",0,22.1,37,21.6,275,35.6,88.497,10.262,24.279,,,,,,,,,0,193.3,,0,0,0,0,0,,0,0,,0,
"118","HELMUT","2023081617",0,22.6,36,19.8,286,37.3,88.874,9.894,23.665,,,,,,,,,0,193.3,,0,0,0,0,0,,0,0,,0,
"118","HELMUT","2023081618",0,22.4,38,16.3,286,34.4,89.099,8.566,21.365,,,,,,,,,0,193.3,,0,0,0,0,0,,0,0,,0,
"118","HELMUT","2023081619",0,21.3,44,10.4,266,24.6,89.148,6.408,17.285,,,,,,,,,0,193.3,,0,0,0,0,0,,0,0,,0,
"118","HELMUT","2023081620",0,18,56,8.7,244,12,88.991,5.751,15.937,,,,,,,,,0,193.3,,0,0,0,0,0,,0,0,,0,
"118","HELMUT","2023081621",0,17.4,62,17.3,253,35.6,88.656,8.453,21.163,,,,,,,,,0,193.3,,0,0,0,0,0,,0,0,,0,
"118","HELMUT","2023081622",0,16.3,65,6.5,316,22.9,88.345,4.692,13.63,,,,,,,,,0,193.3,,0,0,0,0,0,,0,0,,0,
"118","HELMUT","2023081623",0,12.9,81,5.8,201,10.2,87.631,4.088,12.226,,,,,,,,,0,193.3,,0,0,0,0,0,,0,0,,0,
"119","NELSON FORKS","2023081600",0,14.1,64,11.2,137,25.8,76.401,1.468,2.981,,,,,,,,,,,,,,,,,,,,,,
"119","NELSON FORKS","2023081601",0,13.6,67,11.4,130,22.9,77.053,1.553,3.196,,,,,,,,,,,,,,,,,,,,,,
"119","NELSON FORKS","2023081602",0,14,66,11.6,128,23.5,77.69,1.648,3.431,,,,,,,,,,,,,,,,,,,,,,
"119","NELSON FORKS","2023081603",0,13,69,11,141,22.3,78.17,1.664,3.47,,,,,,,,,,,,,,,,,,,,,,
"119","NELSON FORKS","2023081604",0,13.4,66,16.1,140,29.2,78.734,2.261,4.853,,,,,,,,,,,,,,,,,,,,,,
"119","NELSON FORKS","2023081605",0,13.2,63,14.3,138,26.4,79.292,2.177,4.665,,,,,,,,,,,,,,,,,,,,,,
"119","NELSON FORKS","2023081606",0,13.2,66,10.3,120,30.4,79.702,1.853,3.925,,,,,,,,,,,,,,,,,,,,,,
"119","NELSON FORKS","2023081607",0,14.9,57,10.5,144,28.1,80.319,1.996,4.257,,,,,,,,,,,,,,,,,,,,,,
"119","NELSON FORKS","2023081608",0,16,58,6.7,145,24.1,80.844,1.746,3.669,,,,,,,,,,,,,,,,,,,,,,
"119","NELSON FORKS","2023081609",0,19.9,44,11.7,138,29.2,81.915,2.544,5.465,,,,,,,,,,,,,,,,,,,,,,
"119","NELSON FORKS","2023081610",0,20,44,9.8,112,27.5,82.822,2.586,5.554,,,,,,,,,,,,,,,,,,,,,,
"119","NELSON FORKS","2023081611",0,20,45,8.3,130,22.3,83.563,2.639,5.664,,,,,,,,,,,,,,,,,,,,,,
"119","NELSON FORKS","2023081612",0,20.4,46,8.6,100,24.1,84.205,2.917,6.238,0.8,85.32,3.397,7.619,22.353,169.91,33.641,2,,,,,,,,,,,,,,
"119","NELSON FORKS","2023081613",0,20.6,50,11.2,153,23.5,84.691,3.552,7.927,,,,,,,,,,,,,,,,,,,,,,
"119","NELSON FORKS","2023081614",0,20.6,49,14.1,141,26.4,85.158,4.383,9.511,,,,,,,,,,,,,,,,,,,,,,
"119","NELSON FORKS","2023081615",0,23.5,43,12.2,137,37.3,85.843,4.381,9.507,,,,,,,,,,,,,,,,,,,,,,
"119","NELSON FORKS","2023081616",0,23.3,44,12.9,134,31.6,86.387,4.899,10.439,,,,,,,,,,,,,,,,,,,,,,
"119","NELSON FORKS","2023081617",0,21.6,50,8.3,92,30.4,86.598,4.003,8.801,,,,,,,,,,,,,,,,,,,,,,
"119","NELSON FORKS","2023081618",0,20.8,53,7.6,127,26.4,86.691,3.916,8.635,,,,,,,,,,,,,,,,,,,,,,
"119","NELSON FORKS","2023081619",0,19.8,49,10.9,110,34.4,86.846,4.726,10.133,,,,,,,,,,,,,,,,,,,,,,
"119","NELSON FORKS","2023081620",0,17.8,51,12.5,193,23.5,86.894,5.159,10.894,,,,,,,,,,,,,,,,,,,,,,
"119","NELSON FORKS","2023081621",0,18,46,17.2,166,29.8,87.059,6.692,13.419,,,,,,,,,,,,,,,,,,,,,,
"119","NELSON FORKS","2023081622",0,17.8,44,19.7,175,42.5,87.251,7.802,15.11,,,,,,,,,,,,,,,,,,,,,,
"119","NELSON FORKS","2023081623",0,17.3,41,21.1,168,45.4,87.486,8.657,16.35,,,,,,,,,,,,,,,,,,,,,,
"120","SILVER","2023081600",0,9,96,0,213,0,49.262,0.15,0.103,,,,,,,,,,,,,,,,,,,,1953.3,,
"120","SILVER","2023081601",0,7.9,98,0.7,214,4.8,49.374,0.157,0.109,,,,,,,,,,,,,,,,,,,,1953.3,,
"120","SILVER","2023081602",0,8.1,92,0.3,206,3.1,49.692,0.16,0.111,,,,,,,,,,,,,,,,,,,,1953.3,,
"120","SILVER","2023081603",0,7.2,92,1.2,211,3.3,50.064,0.176,0.121,,,,,,,,,,,,,,,,,,,,1953.3,,
"120","SILVER","2023081604",0,7.2,90,0.4,201,3.3,50.447,0.177,0.122,,,,,,,,,,,,,,,,,,,,1953.3,,
"120","SILVER","2023081605",0,6.7,96,2.1,209,4.2,50.664,0.197,0.136,,,,,,,,,,,,,,,,,,,,1953.3,,
"120","SILVER","2023081606",0,9.7,84,1.2,211,7.5,51.405,0.206,0.142,,,,,,,,,,,,,,,,,,,,1953.3,,
"120","SILVER","2023081607",0,14.6,69,0.2,208,5.4,52.703,0.225,0.155,,,,,,,,,,,,,,,,,,,,1953.3,,
"120","SILVER","2023081608",0,17.4,63,4,146,10.7,54.976,0.341,0.235,,,,,,,,,,,,,,,,,,,,1953.3,,
"120","SILVER","2023081609",0,19.8,47,3.2,161,11.2,57.934,0.418,0.288,,,,,,,,,,,,,,,,,,,,1953.3,,
"120","SILVER","2023081610",0,22.1,42,4.9,208,15.2,61.363,0.568,0.392,,,,,,,,,,,,,,,,,,,,1953.3,,
"120","SILVER","2023081611",0,23.9,39,5.1,222,16.8,64.881,0.679,0.468,,,,,,,,,,,,,,,,,,,,1953.3,,
"120","SILVER","2023081612",0,25.2,31,4.6,219,16.3,68.522,0.753,0.519,0.8,75.162,0.975,0.84,10.928,147.564,18.442,1,,,,,,,,,,,,1953.3,,
"120","SILVER","2023081613",0,25.3,33,6.2,158,19.2,71.82,0.909,0.783,,,,,,,,,,,,,,,,,,,,1953.3,,
"120","SILVER","2023081614",0,26.4,32,7.4,222,31.6,74.972,1.11,0.957,,,,,,,,,,,,,,,,,,,,1953.3,,
"120","SILVER","2023081615",0,26.7,36,7.3,215,25.1,77.541,1.311,1.501,,,,,,,,,,,,,,,,,,,,1953.3,,
"120","SILVER","2023081616",0,25.4,36,6.3,205,18.7,79.57,1.495,1.919,,,,,,,,,,,,,,,,,,,,1953.3,,
"120","SILVER","2023081617",0,22.8,39,5.5,224,21.4,80.985,1.67,2.279,,,,,,,,,,,,,,,,,,,,1953.3,,
"120","SILVER","2023081618",0,20.8,44,4.6,199,17.1,81.931,1.782,2.501,,,,,,,,,,,,,,,,,,,,1953.3,,
"120","SILVER","2023081619",0,18.2,60,0.4,229,17,82.219,1.494,1.916,,,,,,,,,,,,,,,,,,,,1953.3,,
"120","SILVER","2023081620",0,16.5,66,1.3,205,9.6,82.389,1.596,2.131,,,,,,,,,,,,,,,,,,,,1953.3,,
"120","SILVER","2023081621",0,15.6,61,2.2,186,12.8,82.617,1.719,2.376,,,,,,,,,,,,,,,,,,,,1953.3,,
"120","SILVER","2023081622",0,15.3,64,2.9,202,10.7,82.783,1.818,2.57,,,,,,,,,,,,,,,,,,,,1953.3,,
"120","SILVER","2023081623",0,15.4,64,2.5,210,13.1,82.936,1.817,2.567,,,,,,,,,,,,,,,,,,,,1953.3,,
"121","PADDY","2023081600",0,7.9,91,4.6,183,6.2,85.711,2.932,6.054,,,,,,,,,0,193.3,,0,0,0,0,0,,0,0,,0,
"121","PADDY","2023081601",0,6.7,93,5.5,182,9.1,84.853,2.725,5.639,,,,,,,,,0,193.3,,0,0,0,0,0,,0,0,,0,
"121","PADDY","2023081602",0,5.7,94,6.6,186,8.5,84.022,2.574,5.331,,,,,,,,,0,193.3,,0,0,0,0,0,,0,0,,0,
"121","PADDY","2023081603",0,6.2,94,7.8,187,9.7,83.251,2.471,5.117,,,,,,,,,0,193.3,,0,0,0,0,0,,0,0,,0,
"121","PADDY","2023081604",0,7.7,92,0,135,9.1,82.856,1.585,3.135,,,,,,,,,0,193.3,,0,0,0,0,0,,0,0,,0,
"121","PADDY","2023081605",0,7.8,89,7.8,183,10.2,82.456,2.234,4.613,,,,,,,,,0,193.3,,0,0,0,0,0,,0,0,,0,
"121","PADDY","2023081606",0,7.6,85,1.8,329,9.7,82.29,1.617,3.212,,,,,,,,,0,193.3,,0,0,0,0,0,,0,0,,0,
"121","PADDY","2023081607",0,13.8,61,7.4,192,9.7,82.531,2.209,4.561,,,,,,,,,0,193.3,,0,0,0,0,0,,0,0,,0,
"121","PADDY","2023081608",0,18.1,49,5.3,122,9.7,83.084,2.132,4.392,,,,,,,,,0,193.3,,0,0,0,0,0,,0,0,,0,
"121","PADDY","2023081609",0,19.7,44,5.5,124,9.7,83.761,2.352,4.867,,,,,,,,,0,193.3,,0,0,0,0,0,,0,0,,0,
"121","PADDY","2023081610",0,20,43,5.7,221,13.7,84.401,2.588,5.36,,,,,,,,,0,193.3,,0,0,0,0,0,,0,0,,0,
"121","PADDY","2023081611",0,21.8,35,13.3,210,21.8,85.397,4.351,8.665,,,,,,,,,0,193.3,,0,0,0,0,0,,0,0,,0,
"121","PADDY","2023081612",0,22.6,33,12.7,220,23.5,86.347,4.822,9.463,0,90.746,9.046,17.06,19.291,383.862,34.276,3,0,193.3,,0,0,0,0,0,,0,0,,0,
"121","PADDY","2023081613",0,23.5,33,10.7,229,28.1,87.17,4.9,10.552,,,,,,,,,0,193.3,,0,0,0,0,0,,0,0,,0,
"121","PADDY","2023081614",0,24.7,30,11.1,239,25.8,88.04,5.662,11.872,,,,,,,,,0,193.3,,0,0,0,0,0,,0,0,,0,
"121","PADDY","2023081615",0,25.1,29,12.4,287,25.2,88.837,6.778,13.688,,,,,,,,,0,193.3,,0,0,0,0,0,,0,0,,0,
"121","PADDY","2023081616",0,24.3,32,7.2,271,23.5,89.298,5.572,11.72,,,,,,,,,0,193.3,,0,0,0,0,0,,0,0,,0,
"121","PADDY","2023081617",0,24.3,38,4.7,339,15.4,89.484,5.045,10.809,,,,,,,,,0,193.3,,0,0,0,0,0,,0,0,,0,
"121","PADDY","2023081618",0,23,44,4.8,13,9.1,89.533,5.107,10.917,,,,,,,,,0,193.3,,0,0,0,0,0,,0,0,,0,
"121","PADDY","2023081619",0,19.5,64,2,160,6.2,89.218,4.239,9.345,,,,,,,,,0,193.3,,0,0,0,0,0,,0,0,,0,
"121","PADDY","2023081620",0,17,68,4.3,353,7.4,88.793,4.478,9.789,,,,,,,,,0,193.3,,0,0,0,0,0,,0,0,,0,
"121","PADDY","2023081621",0,19.2,45,4.5,252,10.8,88.842,4.555,9.931,,,,,,,,,0,193.3,,0,0,0,0,0,,0,0,,0,
"121","PADDY","2023081622",0,17.1,59,6.1,183,9.7,88.657,4.808,10.389,,,,,,,,,0,193.3,,0,0,0,0,0,,0,0,,0,
"121","PADDY","2023081623",0,15.3,67,5.4,189,10.2,88.303,4.412,9.667,,,,,,,,,0,193.3,,0,0,0,0,0,,0,0,,0,
"124","GRAHAM","2023081600",0,5.9,93,4.6,352,8.5,84.618,2.522,8.473,,,,,,,,,0,193.3,,0,0,0,0,0,,0,0,,0,
"124","GRAHAM","2023081601",0,5.2,96,4.4,334,7.9,83.745,2.22,7.572,,,,,,,,,0,193.3,,0,0,0,0,0,,0,0,,0,
"124","GRAHAM","2023081602",0,5,96,3.6,296,9.7,82.98,1.931,6.665,,,,,,,,,0,193.3,,0,0,0,0,0,,0,0,,0,
"124","GRAHAM","2023081603",0,5.1,97,5.6,258,11.4,82.178,1.932,6.667,,,,,,,,,0,193.3,,0,0,0,0,0,,0,0,,0,
"124","GRAHAM","2023081604",0,6,92,7.9,231,19.5,81.711,2.05,7.043,,,,,,,,,0,193.3,,0,0,0,0,0,,0,0,,0,
"124","GRAHAM","2023081605",0,4.6,96,4.2,358,14.3,81.129,1.59,5.534,,,,,,,,,0,193.3,,0,0,0,0,0,,0,0,,0,
"124","GRAHAM","2023081606",0,8.4,85,8.9,238,18.9,81.065,2,6.885,,,,,,,,,0,193.3,,0,0,0,0,0,,0,0,,0,
"124","GRAHAM","2023081607",0,13.7,66,7.6,205,21.2,81.321,1.929,6.658,,,,,,,,,0,193.3,,0,0,0,0,0,,0,0,,0,
"124","GRAHAM","2023081608",0,19,50,8.5,209,17.7,82.067,2.206,7.526,,,,,,,,,0,193.3,,0,0,0,0,0,,0,0,,0,
"124","GRAHAM","2023081609",0,21.6,43,14.2,227,30.4,83.141,3.363,10.807,,,,,,,,,0,193.3,,0,0,0,0,0,,0,0,,0,
"124","GRAHAM","2023081610",0,23.7,36,9.6,252,25.2,84.345,3.126,10.175,,,,,,,,,0,193.3,,0,0,0,0,0,,0,0,,0,
"124","GRAHAM","2023081611",0,26,32,10.6,256,26.4,85.688,3.954,12.322,,,,,,,,,0,193.3,,0,0,0,0,0,,0,0,,0,
"124","GRAHAM","2023081612",0,27.7,29,10.5,264,20,87.044,4.765,14.265,0,92.472,10.342,26.214,44.308,324.068,66.043,4,0,193.3,,0,0,0,0,0,,0,0,,0,
"124","GRAHAM","2023081613",0,25.2,36,12.2,296,24.1,87.747,5.739,17.184,,,,,,,,,0,193.3,,0,0,0,0,0,,0,0,,0,
"124","GRAHAM","2023081614",0,24.5,41,11,287,27.5,88.118,5.697,17.092,,,,,,,,,0,193.3,,0,0,0,0,0,,0,0,,0,
"124","GRAHAM","2023081615",0,26.9,34,17.1,238,34.4,88.836,8.587,23.02,,,,,,,,,0,193.3,,0,0,0,0,0,,0,0,,0,
"124","GRAHAM","2023081616",0,25.2,33,16,260,39,89.362,8.762,23.349,,,,,,,,,0,193.3,,0,0,0,0,0,,0,0,,0,
"124","GRAHAM","2023081617",0,25.9,31,14.9,263,35.6,89.897,8.95,23.701,,,,,,,,,0,193.3,,0,0,0,0,0,,0,0,,0,
"124","GRAHAM","2023081618",0,23.8,37,12.6,247,25.8,90.021,8.114,22.113,,,,,,,,,0,193.3,,0,0,0,0,0,,0,0,,0,
"124","GRAHAM","2023081619",0,21.3,44,7.6,259,28.7,90.07,6.351,18.524,,,,,,,,,0,193.3,,0,0,0,0,0,,0,0,,0,
"124","GRAHAM","2023081620",0,20,45,8.4,266,24.6,90.08,6.622,19.099,,,,,,,,,0,193.3,,0,0,0,0,0,,0,0,,0,
"124","GRAHAM","2023081621",0,16.2,71,5,252,15.4,89.455,5.101,15.727,,,,,,,,,0,193.3,,0,0,0,0,0,,0,0,,0,
"124","GRAHAM","2023081622",0,11.9,89,3.1,303,7.9,88.362,3.962,12.936,,,,,,,,,0,193.3,,0,0,0,0,0,,0,0,,0,
"124","GRAHAM","2023081623",0,9.4,95,2.3,34,4.5,87.144,3.197,10.885,,,,,,,,,0,193.3,,0,0,0,0,0,,0,0,,0,
"126","TOAD RIVER","2023081600",0,11.3,100,3,307,7.4,54.713,0.316,0.315,,,,,,,,,0,0,,0,0,0,0,0,,0,0,,0,
"126","TOAD RIVER","2023081601",0,11.1,100,2.1,122,7.9,54.751,0.303,0.302,,,,,,,,,0,0,,0,0,0,0,0,,0,0,,0,
"126","TOAD RIVER","2023081602",0,10.8,100,2.5,114,7.9,54.789,0.31,0.309,,,,,,,,,0,0,,0,0,0,0,0,,0,0,,0,
"126","TOAD RIVER","2023081603",0,10.5,100,3.1,193,11.4,54.827,0.321,0.32,,,,,,,,,0,0,,0,0,0,0,0,,0,0,,0,
"126","TOAD RIVER","2023081604",0,10.3,100,3.1,209,10.2,54.865,0.322,0.321,,,,,,,,,0,0,,0,0,0,0,0,,0,0,,0,
"126","TOAD RIVER","2023081605",0,10.5,100,3.3,143,11.4,54.903,0.327,0.326,,,,,,,,,0,0,,0,0,0,0,0,,0,0,,0,
"126","TOAD RIVER","2023081606",0,13.1,80,5.8,5,13.1,56.152,0.414,0.412,,,,,,,,,0,0,,0,0,0,0,0,,0,0,,0,
"126","TOAD RIVER","2023081607",0,15.1,55,7,315,18.9,58.579,0.53,0.528,,,,,,,,,0,0,,0,0,0,0,0,,0,0,,0,
"126","TOAD RIVER","2023081608",0,16.2,53,7,333,16,61.027,0.62,0.617,,,,,,,,,0,0,,0,0,0,0,0,,0,0,,0,
"126","TOAD RIVER","2023081609",0.2,16.8,52,8.6,323,31.6,60.615,0.656,0.653,,,,,,,,,0,0,,0,0,0,0,0,,0,0,,0,
"126","TOAD RIVER","2023081610",0,18.3,50,9,306,31.6,63.363,0.773,0.771,,,,,,,,,0,0,,0,0,0,0,0,,0,0,,0,
"126","TOAD RIVER","2023081611",0,19.7,48,10.8,303,27.5,66.203,0.951,0.948,,,,,,,,,0,0,,0,0,0,0,0,,0,0,,0,
"126","TOAD RIVER","2023081612",0,21.2,43,14.8,293,26.4,69.319,1.29,1.913,0.6,82.284,3.111,6.158,15.924,233.41,27.208,2,0,0,,0,0,0,0,0,,0,0,,0,
"126","TOAD RIVER","2023081613",0,22,44,16.5,299,32.1,72.184,1.548,2.89,,,,,,,,,0,0,,0,0,0,0,0,,0,0,,0,
"126","TOAD RIVER","2023081614",0,21.2,44,17.6,281,30.4,74.63,1.823,3.525,,,,,,,,,0,0,,0,0,0,0,0,,0,0,,0,
"126","TOAD RIVER","2023081615",0,23.4,37,8.8,311,31,76.935,1.35,2.406,,,,,,,,,0,0,,0,0,0,0,0,,0,0,,0,
"126","TOAD RIVER","2023081616",0,24.1,34,7,342,31,79.038,1.471,2.704,,,,,,,,,0,0,,0,0,0,0,0,,0,0,,0,
"126","TOAD RIVER","2023081617",0,22.5,41,12,321,39,80.629,2.227,4.402,,,,,,,,,0,0,,0,0,0,0,0,,0,0,,0,
"126","TOAD RIVER","2023081618",0,21.3,38,6,348,28.7,81.865,1.898,3.692,,,,,,,,,0,0,,0,0,0,0,0,,0,0,,0,
"126","TOAD RIVER","2023081619",0,20.7,38,9.7,316,32.1,82.998,2.632,5.231,,,,,,,,,0,0,,0,0,0,0,0,,0,0,,0,
"126","TOAD RIVER","2023081620",0,16.8,55,4.2,22,25.8,83.326,2.081,4.092,,,,,,,,,0,0,,0,0,0,0,0,,0,0,,0,
"126","TOAD RIVER","2023081621",0,14.1,68,4.9,136,10.2,83.373,2.169,4.28,,,,,,,,,0,0,,0,0,0,0,0,,0,0,,0,
"126","TOAD RIVER","2023081622",0,13.6,66,5,112,11.4,83.436,2.198,4.341,,,,,,,,,0,0,,0,0,0,0,0,,0,0,,0,
"126","TOAD RIVER","2023081623",0,11.9,76,4.3,95,10.8,83.43,2.12,4.176,,,,,,,,,0,0,,0,0,0,0,0,,0,0,,0,
"127","TUMBLER HUB","2023081600",0,7.6,87,3.7,105,7.4,86.293,3.041,8.726,,,,,,,,,,164.9,,,,0,2,940.88,,,,,,
"127","TUMBLER HUB","2023081601",0,6.6,88,3.4,115,7.4,85.653,2.738,7.961,,,,,,,,,,116.6,,,,0,2,940.87,,,,,,
"127","TUMBLER HUB","2023081602",0,5.5,91,3.2,99,7.4,84.969,2.466,7.247,,,,,,,,,,161.2,,,,0,2,940.87,,,,,,
"127","TUMBLER HUB","2023081603",0,5,92,4.1,49,8.5,84.29,2.352,6.942,,,,,,,,,,142.4,,,,0,2,940.85,,,,,,
"127","TUMBLER HUB","2023081604",0,4.9,92,4.9,147,10.2,83.661,2.252,6.668,,,,,,,,,,105.4,,,,0,2,940.82,,,,,,
"127","TUMBLER HUB","2023081605",0,4.2,93,4.8,210,10.2,83.052,2.07,6.161,,,,,,,,,,86.9,,,,0,2,940.82,,,,,,
"127","TUMBLER HUB","2023081606",0,8.5,77,3.8,251,13.7,83.02,1.96,5.847,,,,,,,,,,105.6,,,,0,2,940.72,,,,,,
"127","TUMBLER HUB","2023081607",0,12.3,69,5.3,209,9.1,83.067,2.127,6.321,,,,,,,,,,90.7,,,,0,2,940.57,,,,,,
"127","TUMBLER HUB","2023081608",0,16.9,52,10.5,237,16.6,83.51,2.928,8.444,,,,,,,,,,161.1,,,,0,2,940.46,,,,,,
"127","TUMBLER HUB","2023081609",0,19,43,13.6,244,26.4,84.239,3.771,10.467,,,,,,,,,,198.4,,,,0,2,940.41,,,,,,
"127","TUMBLER HUB","2023081610",0,20.4,41,17.5,249,36.2,85.03,5.111,13.37,,,,,,,,,,198.4,,,,0,2,940.43,,,,,,
"127","TUMBLER HUB","2023081611",0,21.4,39,18.5,241,43.6,85.824,6.001,15.14,,,,,,,,,,198.4,,,,0,2,940.43,,,,,,
"127","TUMBLER HUB","2023081612",0,22.6,37,18.4,232,44.2,86.62,6.68,16.421,0,89.927,10.722,24.262,31.409,473.538,53.884,4,,187.3,,,,0,2,940.44,,,,,,
"127","TUMBLER HUB","2023081613",0,23.4,38,17.3,248,36.2,87.276,6.938,17.734,,,,,,,,,,187.3,,,,0,2,940.4,,,,,,
"127","TUMBLER HUB","2023081614",0,24,37,16.2,256,37.9,87.876,7.151,18.136,,,,,,,,,,198.4,,,,0,2,940.45,,,,,,
"127","TUMBLER HUB","2023081615",0,24.6,38,13.8,255,40.8,88.348,6.78,17.433,,,,,,,,,,209.6,,,,0,2,940.46,,,,,,
"127","TUMBLER HUB","2023081616",0,23,41,15.4,244,31,88.583,7.601,18.967,,,,,,,,,,220.7,,,,0,2,940.57,,,,,,
"127","TUMBLER HUB","2023081617",0,22,44,11.2,250,28.1,88.655,6.215,16.335,,,,,,,,,,220.7,,,,0,2,940.6,,,,,,
"127","TUMBLER HUB","2023081618",0,22.2,43,12.6,258,24.1,88.75,6.761,17.398,,,,,,,,,,220.7,,,,0,2,940.6,,,,,,
"127","TUMBLER HUB","2023081619",0,22,44,11.6,268,27.5,88.799,6.474,16.844,,,,,,,,,,220.7,,,,0,2,940.6,,,,,,
"127","TUMBLER HUB","2023081620",0,20.9,46,6.8,258,28.1,88.848,5.119,14.086,,,,,,,,,,213.3,,,,0,2,940.6,,,,,,
"127","TUMBLER HUB","2023081621",0,18,56,5,269,14.3,88.745,4.607,12.97,,,,,,,,,,179.6,,,,0,2,940.72,,,,,,
"127","TUMBLER HUB","2023081622",0,17.9,57,4.6,242,11.4,88.633,4.443,12.604,,,,,,,,,,176,,,,0,2,940.72,,,,,,
"127","TUMBLER HUB","2023081623",0,18.7,49,6.4,262,13.7,88.682,4.899,13.612,,,,,,,,,,179.8,,,,0,2,940.67,,,,,,
"129","PINK MOUNTAIN","2023081600",0,1.7,98,0,1,0,85.665,2.311,5.855,,,,,,,,,0,0,,0,0,0,0,0,,0,0,,0,
"129","PINK MOUNTAIN","2023081601",0,0.7,98,0,0,0,84.923,2.085,5.293,,,,,,,,,0,0,,0,0,0,0,0,,0,0,,0,
"129","PINK MOUNTAIN","2023081602",0,0.1,98,0,1,0,84.24,1.9,4.818,,,,,,,,,0,0,,0,0,0,0,0,,0,0,,0,
"129","PINK MOUNTAIN","2023081603",0,-0.5,98,0,231,0,83.61,1.748,4.414,,,,,,,,,0,0,,0,0,0,0,0,,0,0,,0,
"129","PINK MOUNTAIN","2023081604",0,-1,98,0,260,0,83.026,1.62,4.068,,,,,,,,,0,0,,0,0,0,0,0,,0,0,,0,
"129","PINK MOUNTAIN","2023081605",0,-1.1,98,0,15,0,82.479,1.512,3.767,,,,,,,,,0,0,,0,0,0,0,0,,0,0,,0,
"129","PINK MOUNTAIN","2023081606",0,2.6,96,0,1,0,82.013,1.428,3.527,,,,,,,,,0,0,,0,0,0,0,0,,0,0,,0,
"129","PINK MOUNTAIN","2023081607",0,11,71,0,80,0,82.069,1.438,3.555,,,,,,,,,0,0,,0,0,0,0,0,,0,0,,0,
"129","PINK MOUNTAIN","2023081608",0,17.2,52,2.9,236,7.9,82.532,1.761,4.451,,,,,,,,,0,0,,0,0,0,0,0,,0,0,,0,
"129","PINK MOUNTAIN","2023081609",0,19.4,40,9,212,20,83.434,2.688,6.755,,,,,,,,,0,0,,0,0,0,0,0,,0,0,,0,
"129","PINK MOUNTAIN","2023081610",0,20.6,40,11.9,216,20.6,84.321,3.499,8.558,,,,,,,,,0,0,,0,0,0,0,0,,0,0,,0,
"129","PINK MOUNTAIN","2023081611",0,21,42,14.5,216,29.2,85.069,4.417,10.427,,,,,,,,,0,0,,0,0,0,0,0,,0,0,,0,
"129","PINK MOUNTAIN","2023081612",0,22.5,38,16.7,299,32.1,85.933,5.565,12.575,0,91.48,12.284,24.061,25.068,430.726,43.767,4,0,0,,0,0,0,0,0,,0,0,,0,
"129","PINK MOUNTAIN","2023081613",0,23.7,36,15.7,221,28.1,86.782,5.965,14.142,,,,,,,,,0,0,,0,0,0,0,0,,0,0,,0,
"129","PINK MOUNTAIN","2023081614",0,20.8,41,15.1,245,36.7,87.187,6.131,14.445,,,,,,,,,0,0,,0,0,0,0,0,,0,0,,0,
"129","PINK MOUNTAIN","2023081615",0,20.8,42,7.9,237,31.6,87.469,4.441,11.187,,,,,,,,,0,0,,0,0,0,0,0,,0,0,,0,
"129","PINK MOUNTAIN","2023081616",0,21.5,40,10.2,223,21.2,87.802,5.229,12.756,,,,,,,,,0,0,,0,0,0,0,0,,0,0,,0,
"129","PINK MOUNTAIN","2023081617",0,21.6,38,13.7,231,27.5,88.165,6.571,15.234,,,,,,,,,0,0,,0,0,0,0,0,,0,0,,0,
"129","PINK MOUNTAIN","2023081618",0,21.9,37,12.7,228,28.7,88.509,6.565,15.223,,,,,,,,,0,0,,0,0,0,0,0,,0,0,,0,
"129","PINK MOUNTAIN","2023081619",0,19.6,44,9.8,208,25.8,88.558,5.712,13.673,,,,,,,,,0,0,,0,0,0,0,0,,0,0,,0,
"129","PINK MOUNTAIN","2023081620",0,17.2,47,7,211,17.2,88.607,4.995,12.3,,,,,,,,,0,0,,0,0,0,0,0,,0,0,,0,
"129","PINK MOUNTAIN","2023081621",0,12.8,68,3.8,350,12.5,88.246,4.037,10.343,,,,,,,,,0,0,,0,0,0,0,0,,0,0,,0,
"129","PINK MOUNTAIN","2023081622",0,10.7,69,4.7,287,13.1,87.885,4.011,10.288,,,,,,,,,0,0,,0,0,0,0,0,,0,0,,0,
"129","PINK MOUNTAIN","2023081623",0,11,64,9.4,276,12.5,87.627,4.899,12.11,,,,,,,,,0,0,,0,0,0,0,0,,0,0,,0,
"131","MUSKWA","2023081600",0,14.5,57,16.5,244,23.7,85.847,5.443,12.268,,,,,,,,,,,,,,,,,,,,5512.2,,
"131","MUSKWA","2023081601",0,13.8,60,21.5,237,28,85.895,7.05,15.017,,,,,,,,,,,,,,,,,,,,5512.2,,
"131","MUSKWA","2023081602",0,12.2,68,20.9,226,31.4,85.762,6.714,14.463,,,,,,,,,,,,,,,,,,,,5512.2,,
"131","MUSKWA","2023081603",0,12,66,22.9,229,30.4,85.689,7.351,15.503,,,,,,,,,,,,,,,,,,,,5512.2,,
"131","MUSKWA","2023081604",0,13,61,22.7,234,30.7,85.737,7.326,15.463,,,,,,,,,,,,,,,,,,,,5512.2,,
"131","MUSKWA","2023081605",0,13.7,49,19.8,241,30.1,85.879,6.457,14.033,,,,,,,,,,,,,,,,,,,,5512.2,,
"131","MUSKWA","2023081606",0,14.3,55,22.1,239,33.9,85.927,7.299,15.42,,,,,,,,,,,,,,,,,,,,5512.2,,
"131","MUSKWA","2023081607",0,13.9,65,15.1,236,29.7,85.898,5.109,11.66,,,,,,,,,,,,,,,,,,,,5512.2,,
"131","MUSKWA","2023081608",0,16.5,52,4.1,173,18.7,85.998,2.977,7.357,,,,,,,,,,,,,,,,,,,,5512.2,,
"131","MUSKWA","2023081609",0,20.2,43,15.3,237,26.8,86.44,5.57,12.494,,,,,,,,,,,,,,,,,,,,5512.2,,
"131","MUSKWA","2023081610",0,19.5,46,16,252,32.7,86.711,5.996,13.244,,,,,,,,,,,,,,,,,,,,5512.2,,
"131","MUSKWA","2023081611",0,21.4,39,27,227,44.1,87.275,11.308,21.3,,,,,,,,,,,,,,,,,,,,5512.2,,
"131","MUSKWA","2023081612",0,22.4,38,25.6,254,50.2,87.814,11.382,21.4,0,89.822,15.183,27.403,28.344,207.84,42.275,3,,,,,,,,,,,,5512.2,,
"131","MUSKWA","2023081613",0,22.4,38,43.2,233,66.5,88.307,29.652,42.693,,,,,,,,,,,,,,,,,,,,5512.2,,
"131","MUSKWA","2023081614",0,21.4,37,40,235,64.1,88.685,26.644,39.851,,,,,,,,,,,,,,,,,,,,5512.2,,
"131","MUSKWA","2023081615",0,21.4,34,31.4,234,68,89.088,18.302,31.11,,,,,,,,,,,,,,,,,,,,5512.2,,
"131","MUSKWA","2023081616",0,22.3,37,22.1,227,45,89.318,11.84,23.047,,,,,,,,,,,,,,,,,,,,5512.2,,
"131","MUSKWA","2023081617",0,23.1,31,23.9,226,45.1,89.772,13.837,25.704,,,,,,,,,,,,,,,,,,,,5512.2,,
"131","MUSKWA","2023081618",0,22.4,31,26.8,225,44.3,90.117,16.825,29.392,,,,,,,,,,,,,,,,,,,,5512.2,,
"131","MUSKWA","2023081619",0,21.4,32,28.3,220,49.5,90.319,18.678,31.538,,,,,,,,,,,,,,,,,,,,5512.2,,
"131","MUSKWA","2023081620",0,20.9,32,27.3,224,49.9,90.464,18.133,30.917,,,,,,,,,,,,,,,,,,,,5512.2,,
"131","MUSKWA","2023081621",0,20.2,32,20.5,228,37.8,90.556,13.043,24.668,,,,,,,,,,,,,,,,,,,,5512.2,,
"131","MUSKWA","2023081622",0,19.3,32,9.5,245,35.4,90.607,7.547,16.608,,,,,,,,,,,,,,,,,,,,5512.2,,
"131","MUSKWA","2023081623",0,18.6,32,12.7,264,26.2,90.657,8.931,18.816,,,,,,,,,,,,,,,,,,,,5512.2,,
"132","HUDSON HOPE","2023081600",0,12.9,83,1.9,224,7.4,87.57,3.33,10.997,,,,,,,,,,,,,,,,,,,,,,
"132","HUDSON HOPE","2023081601",0,12.4,82,3.9,307,9.1,86.953,3.373,11.113,,,,,,,,,,,,,,,,,,,,,,
"132","HUDSON HOPE","2023081602",0,14.7,59,9,271,16.6,86.947,4.357,13.633,,,,,,,,,,,,,,,,,,,,,,
"132","HUDSON HOPE","2023081603",0,13.5,71,4.8,92,20,86.691,3.4,11.187,,,,,,,,,,,,,,,,,,,,,,
"132","HUDSON HOPE","2023081604",0,10.4,81,5.5,227,14.3,86.186,3.28,10.861,,,,,,,,,,,,,,,,,,,,,,
"132","HUDSON HOPE","2023081605",0,9.9,86,4.2,163,10.8,85.589,2.825,9.593,,,,,,,,,,,,,,,,,,,,,,
"132","HUDSON HOPE","2023081606",0,10.5,84,4.3,178,9.1,85.124,2.662,9.121,,,,,,,,,,,,,,,,,,,,,,
"132","HUDSON HOPE","2023081607",0,14.5,66,9.6,239,19.5,85.172,3.5,11.453,,,,,,,,,,,,,,,,,,,,,,
"132","HUDSON HOPE","2023081608",0,16.4,58,9.3,261,23.5,85.244,3.482,11.405,,,,,,,,,,,,,,,,,,,,,,
"132","HUDSON HOPE","2023081609",0,19.2,48,10.9,255,17.2,85.596,3.963,12.654,,,,,,,,,,,,,,,,,,,,,,
"132","HUDSON HOPE","2023081610",0,21,42,14.3,240,28.1,86.153,5.086,15.36,,,,,,,,,,,,,,,,,,,,,,
"132","HUDSON HOPE","2023081611",0,24,35,8.4,291,23.5,86.93,4.217,13.289,,,,,,,,,,,,,,,,,,,,,,
"132","HUDSON HOPE","2023081612",0,25.2,32,17.8,265,32.1,87.867,7.742,20.956,0,92.689,15.404,35.058,40.789,560.55,69.022,4,,,,,,,,,,,,,,
"132","HUDSON HOPE","2023081613",0,27.8,30,11.8,281,30.4,88.803,6.544,19.386,,,,,,,,,,,,,,,,,,,,,,
"132","HUDSON HOPE","2023081614",0,25.8,33,17.3,225,29.8,89.372,9.369,25.031,,,,,,,,,,,,,,,,,,,,,,
"132","HUDSON HOPE","2023081615",0,25.6,36,15.2,235,32.7,89.696,8.829,24.013,,,,,,,,,,,,,,,,,,,,,,
"132","HUDSON HOPE","2023081616",0,26.9,32,23.6,262,44.8,90.214,14.52,33.713,,,,,,,,,,,,,,,,,,,,,,
"132","HUDSON HOPE","2023081617",0,29.1,27,19.1,268,34.4,90.956,12.868,31.1,,,,,,,,,,,,,,,,,,,,,,
"132","HUDSON HOPE","2023081618",0,26,32,21.3,254,41.3,91.16,14.799,34.142,,,,,,,,,,,,,,,,,,,,,,
"132","HUDSON HOPE","2023081619",0,24.5,36,9.8,280,30.4,91.21,8.35,23.089,,,,,,,,,,,,,,,,,,,,,,
"132","HUDSON HOPE","2023081620",0,23,37,12,271,27.5,91.26,9.395,25.08,,,,,,,,,,,,,,,,,,,,,,
"132","HUDSON HOPE","2023081621",0,21.3,41,9.2,263,22.9,91.237,8.133,22.662,,,,,,,,,,,,,,,,,,,,,,
"132","HUDSON HOPE","2023081622",0,18.4,54,2.8,45,12.5,90.932,5.64,17.377,,,,,,,,,,,,,,,,,,,,,,
"132","HUDSON HOPE","2023081623",0,17.2,56,6.1,191,13.1,90.566,6.322,18.902,,,,,,,,,,,,,,,,,,,,,,
"136","WONOWON","2023081600",0,13.4,57,9,294,14.9,88.026,5.083,14.488,,,,,,,,,,,,,,,,,,,,,,
"136","WONOWON","2023081601",0,13.8,55,7.8,283,10.8,87.966,4.744,13.733,,,,,,,,,,,,,,,,,,,,,,
"136","WONOWON","2023081602",0,13.6,55,9.2,262,11.4,87.907,5.048,14.41,,,,,,,,,,,,,,,,,,,,,,
"136","WONOWON","2023081603",0,13.4,56,8,244,11.4,87.835,4.703,13.641,,,,,,,,,,,,,,,,,,,,,,
"136","WONOWON","2023081604",0,12.8,58,11.5,254,14.9,87.714,5.514,15.42,,,,,,,,,,,,,,,,,,,,,,
"136","WONOWON","2023081605",0,12.1,61,11,256,16,87.539,5.244,14.839,,,,,,,,,,,,,,,,,,,,,,
"136","WONOWON","2023081606",0,12,67,12,233,17.7,87.248,5.29,14.94,,,,,,,,,,,,,,,,,,,,,,
"136","WONOWON","2023081607",0,13.4,59,16.4,247,21.2,87.175,6.535,17.52,,,,,,,,,,,,,,,,,,,,,,
"136","WONOWON","2023081608",0,15.4,53,17.1,249,24.6,87.223,6.817,18.077,,,,,,,,,,,,,,,,,,,,,,
"136","WONOWON","2023081609",0,17.3,49,16.3,257,25.8,87.271,6.592,17.635,,,,,,,,,,,,,,,,,,,,,,
"136","WONOWON","2023081610",0,19,46,17.9,241,28.7,87.41,7.288,18.988,,,,,,,,,,,,,,,,,,,,,,
"136","WONOWON","2023081611",0,20.7,39,20.1,249,38.5,87.796,8.605,21.412,,,,,,,,,,,,,,,,,,,,,,
"136","WONOWON","2023081612",0,22.8,37,20.4,241,35.6,88.273,9.354,22.723,0,90.75,13.34,30.228,36.011,556.906,62,4,,,,,,,,,,,,,,
"136","WONOWON","2023081613",0,23.6,34,24.3,250,41.3,88.831,12.335,28.664,,,,,,,,,,,,,,,,,,,,,,
"136","WONOWON","2023081614",0,23.5,35,24.9,270,43.6,89.24,13.482,30.443,,,,,,,,,,,,,,,,,,,,,,
"136","WONOWON","2023081615",0,22.3,39,22.2,244,41.3,89.373,11.994,28.12,,,,,,,,,,,,,,,,,,,,,,
"136","WONOWON","2023081616",0,21.3,42,13,275,36.2,89.422,7.598,20.411,,,,,,,,,,,,,,,,,,,,,,
"136","WONOWON","2023081617",0,21.2,42,13.1,254,21.8,89.471,7.69,20.589,,,,,,,,,,,,,,,,,,,,,,
"136","WONOWON","2023081618",0,20.8,40,20.9,260,40.2,89.52,11.473,27.278,,,,,,,,,,,,,,,,,,,,,,
"136","WONOWON","2023081619",0,20.8,37,26,260,46.5,89.625,15.061,32.79,,,,,,,,,,,,,,,,,,,,,,
"136","WONOWON","2023081620",0,19.9,39,23.3,259,35,89.674,13.237,30.07,,,,,,,,,,,,,,,,,,,,,,
"136","WONOWON","2023081621",0,19.1,42,22.6,246,37.3,89.723,12.869,29.5,,,,,,,,,,,,,,,,,,,,,,
"136","WONOWON","2023081622",0,18.4,43,18.8,237,31,89.772,10.701,25.999,,,,,,,,,,,,,,,,,,,,,,
"136","WONOWON","2023081623",0,17.4,49,20.7,236,28.1,89.658,11.584,27.459,,,,,,,,,,,,,,,,,,,,,,
"138","RED DEER","2023081600",0,14.7,45,6.8,0,12,89.575,5.682,12.008,,,,,,,,,,,,,,,,,,,,,,
"138","RED DEER","2023081601",0,14.6,43,5.6,0,13.7,89.589,5.36,11.455,,,,,,,,,,,,,,,,,,,,,,
"138","RED DEER","2023081602",0,13.8,44,6.5,0,17.2,89.572,5.595,11.86,,,,,,,,,,,,,,,,,,,,,,
"138","RED DEER","2023081603",0,14.2,43,6.3,0,21.8,89.58,5.545,11.774,,,,,,,,,,,,,,,,,,,,,,
"138","RED DEER","2023081604",0,13.6,46,10.1,0,20,89.518,6.656,13.609,,,,,,,,,,,,,,,,,,,,,,
"138","RED DEER","2023081605",0,12,52,7.9,0,18.3,89.34,5.807,12.218,,,,,,,,,,,,,,,,,,,,,,
"138","RED DEER","2023081606",0,11.8,54,8.1,0,16.6,89.139,5.699,12.037,,,,,,,,,,,,,,,,,,,,,,
"138","RED DEER","2023081607",0,14.2,48,6.1,0,14.3,89.102,5.126,11.046,,,,,,,,,,,,,,,,,,,,,,
"138","RED DEER","2023081608",0,16.4,44,13.7,0,32.1,89.151,7.57,15.033,,,,,,,,,,,,,,,,,,,,,,
"138","RED DEER","2023081609",0,17.6,42,17,0,39,89.2,9.003,17.136,,,,,,,,,,,,,,,,,,,,,,
"138","RED DEER","2023081610",0,18.4,43,25,0,40.8,89.249,13.568,23.074,,,,,,,,,,,,,,,,,,,,,,
"138","RED DEER","2023081611",0,19.4,40,19.6,0,44.2,89.298,10.409,19.073,,,,,,,,,,,,,,,,,,,,,,
"138","RED DEER","2023081612",0,20.2,42,21.5,0,42.5,89.347,11.535,20.551,0,89.065,11.078,20.984,23.278,278.3,38.505,3,,,,,,,,,,,,,,
"138","RED DEER","2023081613",0,20.8,41,24,0,48.2,89.396,13.176,23.736,,,,,,,,,,,,,,,,,,,,,,
"138","RED DEER","2023081614",0,22.4,38,18,0,35.6,89.535,9.934,19.393,,,,,,,,,,,,,,,,,,,,,,
"138","RED DEER","2023081615",0,22,39,15.9,0,40.8,89.604,9.026,18.076,,,,,,,,,,,,,,,,,,,,,,
"138","RED DEER","2023081616",0,20,46,11.7,0,29.8,89.649,7.352,15.5,,,,,,,,,,,,,,,,,,,,,,
"138","RED DEER","2023081617",0,20.3,45,16.8,0,30.4,89.698,9.573,18.876,,,,,,,,,,,,,,,,,,,,,,
"138","RED DEER","2023081618",0,19.7,45,11,0,28.7,89.747,7.197,15.252,,,,,,,,,,,,,,,,,,,,,,
"138","RED DEER","2023081619",0,20.4,44,20,0,43.6,89.796,11.407,21.43,,,,,,,,,,,,,,,,,,,,,,
"138","RED DEER","2023081620",0,19.6,45,10.5,0,30.4,89.831,7.103,15.099,,,,,,,,,,,,,,,,,,,,,,
"138","RED DEER","2023081621",0,20,40,11.4,0,41.9,89.88,7.485,15.714,,,,,,,,,,,,,,,,,,,,,,
"138","RED DEER","2023081622",0,20.6,41,15.2,0,27.5,89.929,9.129,18.228,,,,,,,,,,,,,,,,,,,,,,
"138","RED DEER","2023081623",0,20.8,41,14.6,0,35.6,89.978,8.919,17.919,,,,,,,,,,,,,,,,,,,,,,
"140","LEMORAY","2023081600",0,11.8,65,3.2,340,7.9,90.288,5.25,18.482,,,,,,,,,0,193.3,,0,0,0,0,0,,0,0,,0,
"140","LEMORAY","2023081601",0,11.4,67,3.6,35,7.9,89.779,4.98,17.776,,,,,,,,,0,193.3,,0,0,0,0,0,,0,0,,0,
"140","LEMORAY","2023081602",0,10.2,74,3,9,7.9,89.183,4.435,16.304,,,,,,,,,0,193.3,,0,0,0,0,0,,0,0,,0,
"140","LEMORAY","2023081603",0,9.9,73,2.6,3,7.4,88.679,4.044,15.2,,,,,,,,,0,193.3,,0,0,0,0,0,,0,0,,0,
"140","LEMORAY","2023081604",0,9.2,77,3.5,34,6.2,88.115,3.902,14.791,,,,,,,,,0,193.3,,0,0,0,0,0,,0,0,,0,
"140","LEMORAY","2023081605",0,8.5,80,3.8,15,6.8,87.527,3.642,14.023,,,,,,,,,0,193.3,,0,0,0,0,0,,0,0,,0,
"140","LEMORAY","2023081606",0,8.5,83,2.6,339,7.4,86.938,3.152,12.519,,,,,,,,,0,193.3,,0,0,0,0,0,,0,0,,0,
"140","LEMORAY","2023081607",0,14.6,60,4,281,9.1,86.921,3.374,13.212,,,,,,,,,0,193.3,,0,0,0,0,0,,0,0,,0,
"140","LEMORAY","2023081608",0,19.1,43,9.9,233,20.6,87.171,4.707,17.048,,,,,,,,,0,193.3,,0,0,0,0,0,,0,0,,0,
"140","LEMORAY","2023081609",0,20.3,38,12.8,253,26.9,87.578,5.773,19.812,,,,,,,,,0,193.3,,0,0,0,0,0,,0,0,,0,
"140","LEMORAY","2023081610",0,21.9,38,11.7,256,24.6,87.977,5.783,19.836,,,,,,,,,0,193.3,,0,0,0,0,0,,0,0,,0,
"140","LEMORAY","2023081611",0,23.5,35,9.9,250,25.8,88.462,5.662,19.534,,,,,,,,,0,193.3,,0,0,0,0,0,,0,0,,0,
"140","LEMORAY","2023081612",0,24.6,34,14,262,28.1,88.978,7.497,23.872,0,90.975,9.979,29.866,57.281,520.096,89.828,4,0,193.3,,0,0,0,0,0,,0,0,,0,
"140","LEMORAY","2023081613",0,24.8,37,13.7,250,33.9,89.3,7.734,25.072,,,,,,,,,0,193.3,,0,0,0,0,0,,0,0,,0,
"140","LEMORAY","2023081614",0,26.8,32,16.6,257,35,89.86,9.699,29.295,,,,,,,,,0,193.3,,0,0,0,0,0,,0,0,,0,
"140","LEMORAY","2023081615",0,27.4,33,15.4,249,39,90.288,9.708,29.313,,,,,,,,,0,193.3,,0,0,0,0,0,,0,0,,0,
"140","LEMORAY","2023081616",0,27.3,32,18.2,248,45.9,90.679,11.821,33.457,,,,,,,,,0,193.3,,0,0,0,0,0,,0,0,,0,
"140","LEMORAY","2023081617",0,25.1,34,17.4,260,37.3,90.818,11.581,33.003,,,,,,,,,0,193.3,,0,0,0,0,0,,0,0,,0,
"140","LEMORAY","2023081618",0,24.9,35,18.7,259,36.7,90.885,12.485,34.69,,,,,,,,,0,193.3,,0,0,0,0,0,,0,0,,0,
"140","LEMORAY","2023081619",0,22.6,38,12.2,284,35,90.935,9.061,27.968,,,,,,,,,0,193.3,,0,0,0,0,0,,0,0,,0,
"140","LEMORAY","2023081620",0,21.1,43,6.8,299,25.8,90.907,6.876,23.087,,,,,,,,,0,193.3,,0,0,0,0,0,,0,0,,0,
"140","LEMORAY","2023081621",0,18.6,52,6.4,323,12,90.645,6.491,22.164,,,,,,,,,0,193.3,,0,0,0,0,0,,0,0,,0,
"140","LEMORAY","2023081622",0,19.4,51,7.3,303,18.3,90.441,6.597,22.421,,,,,,,,,0,193.3,,0,0,0,0,0,,0,0,,0,
"140","LEMORAY","2023081623",0,19.9,46,10.1,308,20,90.377,7.527,24.604,,,,,,,,,0,193.3,,0,0,0,0,0,,0,0,,0,
"141","MANSON","2023081600",0,9.9,71,3.5,343,10.8,88.326,4.022,10.818,,,,,,,,,,,,,,,,,,,,6140.6,,
"141","MANSON","2023081601",0,9.3,74,3.4,325,8,87.868,3.748,10.204,,,,,,,,,,,,,,,,,,,,6140.6,,
"141","MANSON","2023081602",0,8.4,78,3.7,318,8.4,87.359,3.538,9.723,,,,,,,,,,,,,,,,,,,,6140.6,,
"141","MANSON","2023081603",0,8.8,80,2.8,341,12,86.864,3.151,8.809,,,,,,,,,,,,,,,,,,,,6140.6,,
"141","MANSON","2023081604",0,8.3,80,4.5,321,9.5,86.389,3.209,8.949,,,,,,,,,,,,,,,,,,,,6140.6,,
"141","MANSON","2023081605",0,6.9,85,2.3,115,8.9,85.865,2.668,7.611,,,,,,,,,,,,,,,,,,,,6140.6,,
"141","MANSON","2023081606",0,7.3,84,0.3,1,7.3,85.479,2.286,6.609,,,,,,,,,,,,,,,,,,,,6140.6,,
"141","MANSON","2023081607",0,11.6,64,1.7,170,8.8,85.498,2.459,7.07,,,,,,,,,,,,,,,,,,,,6140.6,,
"141","MANSON","2023081608",0,15.7,54,3.8,157,8.1,85.589,2.769,7.867,,,,,,,,,,,,,,,,,,,,6140.6,,
"141","MANSON","2023081609",0,17,53,3.9,112,11.3,85.71,2.83,8.022,,,,,,,,,,,,,,,,,,,,6140.6,,
"141","MANSON","2023081610",0,21,43,5.7,179,14.2,86.148,3.295,9.155,,,,,,,,,,,,,,,,,,,,6140.6,,
"141","MANSON","2023081611",0,22.5,41,5.2,162,12.2,86.631,3.44,9.496,,,,,,,,,,,,,,,,,,,,6140.6,,
"141","MANSON","2023081612",0,22.9,41,3.6,232,12.7,87.045,3.366,9.321,0,89.859,5.037,13.645,30.006,490.907,52.058,3,,,,,,,,,,,,6140.6,,
"141","MANSON","2023081613",0,22.5,41,7.2,254,24.6,87.425,4.26,11.95,,,,,,,,,,,,,,,,,,,,6140.6,,
"141","MANSON","2023081614",0,23.8,39,8.8,254,20.9,87.87,4.921,13.398,,,,,,,,,,,,,,,,,,,,6140.6,,
"141","MANSON","2023081615",0,22.6,39,9.9,253,22.4,88.209,5.461,14.526,,,,,,,,,,,,,,,,,,,,6140.6,,
"141","MANSON","2023081616",0,21.6,40,14.3,271,44,88.448,7.053,17.627,,,,,,,,,,,,,,,,,,,,6140.6,,
"141","MANSON","2023081617",0,21.2,43,6.5,246,33.9,88.542,4.826,13.194,,,,,,,,,,,,,,,,,,,,6140.6,,
"141","MANSON","2023081618",0,19.4,47,6.9,258,27,88.591,4.959,13.479,,,,,,,,,,,,,,,,,,,,6140.6,,
"141","MANSON","2023081619",0,19.7,44,10.4,275,25.3,88.64,5.957,15.527,,,,,,,,,,,,,,,,,,,,6140.6,,
"141","MANSON","2023081620",0,19.2,47,9.7,279,26.2,88.689,5.791,15.196,,,,,,,,,,,,,,,,,,,,6140.6,,
"141","MANSON","2023081621",0,17.9,48,6.4,253,24.8,88.738,4.939,13.435,,,,,,,,,,,,,,,,,,,,6140.6,,
"141","MANSON","2023081622",0,15.1,63,3.2,287,16.8,88.486,4.054,11.481,,,,,,,,,,,,,,,,,,,,6140.6,,
"141","MANSON","2023081623",0,15.2,53,9.1,265,18.9,88.432,5.415,14.432,,,,,,,,,,,,,,,,,,,,6140.6,,
"144","TABLE RIVER","2023081600",0,11.9,80,3.2,115,7.9,85.276,2.572,5.707,,,,,,,,,,,,,,,,,,,,,,
"144","TABLE RIVER","2023081601",0,11,76,1.8,258,7.9,85.093,2.337,5.192,,,,,,,,,,,,,,,,,,,,,,
"144","TABLE RIVER","2023081602",0,10.2,85,2,199,6.2,84.686,2.233,4.957,,,,,,,,,,,,,,,,,,,,,,
"144","TABLE RIVER","2023081603",0,9.7,87,0,73,7.4,84.341,1.926,4.246,,,,,,,,,,,,,,,,,,,,,,
"144","TABLE RIVER","2023081604",0,9,86,0,55,5.1,84.052,1.853,4.071,,,,,,,,,,,,,,,,,,,,,,
"144","TABLE RIVER","2023081605",0,7.9,92,0,16,0,83.594,1.744,3.806,,,,,,,,,,,,,,,,,,,,,,
"144","TABLE RIVER","2023081606",0,8.3,89,1.6,68,4.5,83.201,1.796,3.934,,,,,,,,,,,,,,,,,,,,,,
"144","TABLE RIVER","2023081607",0,10.8,78,4.5,31,6.8,83.158,2.067,4.577,,,,,,,,,,,,,,,,,,,,,,
"144","TABLE RIVER","2023081608",0,17.4,54,3.7,162,7.4,83.5,2.076,4.597,,,,,,,,,,,,,,,,,,,,,,
"144","TABLE RIVER","2023081609",0,19.8,47,4.6,207,8.5,84.043,2.334,5.184,,,,,,,,,,,,,,,,,,,,,,
"144","TABLE RIVER","2023081610",0,20.8,44,7.9,224,19.5,84.686,3.006,6.62,,,,,,,,,,,,,,,,,,,,,,
"144","TABLE RIVER","2023081611",0,21.8,43,9.9,214,20,85.339,3.636,7.872,,,,,,,,,,,,,,,,,,,,,,
"144","TABLE RIVER","2023081612",0,22.5,41,9.6,219,19.5,85.987,3.921,8.411,0,88.309,5.456,11.938,21.245,326.271,36.541,3,,,,,,,,,,,,,,
"144","TABLE RIVER","2023081613",0,23.3,39,8.5,239,19.5,86.625,4.059,9.35,,,,,,,,,,,,,,,,,,,,,,
"144","TABLE RIVER","2023081614",0,25,37,10.2,230,24.6,87.331,4.889,10.92,,,,,,,,,,,,,,,,,,,,,,
"144","TABLE RIVER","2023081615",0,24.9,44,5.4,251,18.9,87.654,4.02,9.273,,,,,,,,,,,,,,,,,,,,,,
"144","TABLE RIVER","2023081616",0,25.3,36,11.2,236,25.2,88.248,5.863,12.642,,,,,,,,,,,,,,,,,,,,,,
"144","TABLE RIVER","2023081617",0,26.2,38,8.2,228,21.8,88.686,5.367,11.78,,,,,,,,,,,,,,,,,,,,,,
"144","TABLE RIVER","2023081618",0,23.4,46,2.6,222,16.6,88.735,4.076,9.384,,,,,,,,,,,,,,,,,,,,,,
"144","TABLE RIVER","2023081619",0,22.3,47,2.7,298,9.1,88.784,4.126,9.48,,,,,,,,,,,,,,,,,,,,,,
"144","TABLE RIVER","2023081620",0,18.8,61,0,139,5.6,88.662,3.538,8.306,,,,,,,,,,,,,,,,,,,,,,
"144","TABLE RIVER","2023081621",0,16,78,4.3,211,8.5,88.021,4.009,9.251,,,,,,,,,,,,,,,,,,,,,,
"144","TABLE RIVER","2023081622",0,14.9,80,0,158,6.8,87.569,3.025,7.222,,,,,,,,,,,,,,,,,,,,,,
"144","TABLE RIVER","2023081623",0,13.6,84,0,336,0,87.052,2.81,6.75,,,,,,,,,,,,,,,,,,,,,,
"145","INGENIKA POINT","2023081600",0,8.4,94,4.1,303,7.4,69.047,0.746,0.701,,,,,,,,,0,193.3,,0,0,0,0,0,,0,0,,0,
"145","INGENIKA POINT","2023081601",0,7.2,94,3.5,317,6.2,69.173,0.727,0.683,,,,,,,,,0,193.3,,0,0,0,0,0,,0,0,,0,
"145","INGENIKA POINT","2023081602",0,6.1,95,3.8,309,7.4,69.275,0.74,0.696,,,,,,,,,0,193.3,,0,0,0,0,0,,0,0,,0,
"145","INGENIKA POINT","2023081603",0,5.5,96,3.1,309,8.5,69.354,0.716,0.673,,,,,,,,,0,193.3,,0,0,0,0,0,,0,0,,0,
"145","INGENIKA POINT","2023081604",0,5.3,96,2.8,264,5.6,69.431,0.707,0.665,,,,,,,,,0,193.3,,0,0,0,0,0,,0,0,,0,
"145","INGENIKA POINT","2023081605",0,5,96,2.7,293,5.6,69.506,0.706,0.663,,,,,,,,,0,193.3,,0,0,0,0,0,,0,0,,0,
"145","INGENIKA POINT","2023081606",0,5,97,2.9,312,6.2,69.569,0.714,0.671,,,,,,,,,0,193.3,,0,0,0,0,0,,0,0,,0,
"145","INGENIKA POINT","2023081607",0,8.4,97,0,140,3.9,69.624,0.618,0.581,,,,,,,,,0,193.3,,0,0,0,0,0,,0,0,,0,
"145","INGENIKA POINT","2023081608",0,11.5,85,3.7,122,7.9,70.013,0.754,0.709,,,,,,,,,0,193.3,,0,0,0,0,0,,0,0,,0,
"145","INGENIKA POINT","2023081609",0,15.6,68,4.7,89,9.7,71.026,0.82,0.77,,,,,,,,,0,193.3,,0,0,0,0,0,,0,0,,0,
"145","INGENIKA POINT","2023081610",0,18.4,53,7.7,124,15.4,72.697,1.014,0.952,,,,,,,,,0,193.3,,0,0,0,0,0,,0,0,,0,
"145","INGENIKA POINT","2023081611",0,22.4,44,11.4,111,20,74.987,1.359,1.892,,,,,,,,,0,193.3,,0,0,0,0,0,,0,0,,0,
"145","INGENIKA POINT","2023081612",0,20.5,51,8.5,116,22.9,76.499,1.289,1.724,0,80.987,1.943,3.522,14.022,256.038,24.667,2,0,193.3,,0,0,0,0,0,,0,0,,0,
"145","INGENIKA POINT","2023081613",0,24.5,40,11.6,130,22.3,78.647,1.788,3.192,,,,,,,,,0,193.3,,0,0,0,0,0,,0,0,,0,
"145","INGENIKA POINT","2023081614",0,24.5,38,7,109,22.9,80.402,1.689,2.973,,,,,,,,,0,193.3,,0,0,0,0,0,,0,0,,0,
"145","INGENIKA POINT","2023081615",0,22.5,44,6.1,277,22.9,81.553,1.838,3.298,,,,,,,,,0,193.3,,0,0,0,0,0,,0,0,,0,
"145","INGENIKA POINT","2023081616",0,22.7,38,5.6,268,17.2,82.746,2.073,3.794,,,,,,,,,0,193.3,,0,0,0,0,0,,0,0,,0,
"145","INGENIKA POINT","2023081617",0,23.9,38,4.6,165,14.9,83.822,2.266,4.186,,,,,,,,,0,193.3,,0,0,0,0,0,,0,0,,0,
"145","INGENIKA POINT","2023081618",0,21.4,46,3.9,144,16,84.399,2.363,4.379,,,,,,,,,0,193.3,,0,0,0,0,0,,0,0,,0,
"145","INGENIKA POINT","2023081619",0,19.5,63,0,194,12.5,84.485,1.964,3.567,,,,,,,,,0,193.3,,0,0,0,0,0,,0,0,,0,
"145","INGENIKA POINT","2023081620",0,16.6,71,1.9,282,6.2,84.533,2.176,4.003,,,,,,,,,0,193.3,,0,0,0,0,0,,0,0,,0,
"145","INGENIKA POINT","2023081621",0,14.7,77,4.8,281,9.1,84.418,2.479,4.606,,,,,,,,,0,193.3,,0,0,0,0,0,,0,0,,0,
"145","INGENIKA POINT","2023081622",0,13.8,70,5.9,252,12,84.466,2.637,4.91,,,,,,,,,0,193.3,,0,0,0,0,0,,0,0,,0,
"145","INGENIKA POINT","2023081623",0,12.7,79,3.7,320,9.1,84.289,2.305,4.263,,,,,,,,,0,193.3,,0,0,0,0,0,,0,0,,0,
"146","FORT ST JAMES","2023081600",0,17.4,38,6.3,293,18.3,91.601,7.4,21.555,,,,,,,,,,,,,,,,,,,,,,
"146","FORT ST JAMES","2023081601",0,16,48,5.3,276,12.5,91.339,6.779,20.239,,,,,,,,,,,,,,,,,,,,,,
"146","FORT ST JAMES","2023081602",0,14.8,62,6.4,291,13.7,90.772,6.61,19.871,,,,,,,,,,,,,,,,,,,,,,
"146","FORT ST JAMES","2023081603",0,10.4,79,3.3,82,7.9,89.93,5.013,16.196,,,,,,,,,,,,,,,,,,,,,,
"146","FORT ST JAMES","2023081604",0,8.8,86,5.5,237,6.8,88.906,4.835,15.759,,,,,,,,,,,,,,,,,,,,,,
"146","FORT ST JAMES","2023081605",0,7.9,93,3.1,142,8.5,87.756,3.633,12.627,,,,,,,,,,,,,,,,,,,,,,
"146","FORT ST JAMES","2023081606",0,9.8,86,4.3,181,7.9,86.987,3.458,12.141,,,,,,,,,,,,,,,,,,,,,,
"146","FORT ST JAMES","2023081607",0,17.4,56,4.5,359,7.9,87.035,3.517,12.306,,,,,,,,,,,,,,,,,,,,,,
"146","FORT ST JAMES","2023081608",0,19.1,52,9.2,352,17.2,87.083,4.488,14.889,,,,,,,,,,,,,,,,,,,,,,
"146","FORT ST JAMES","2023081609",0,20.2,50,8,17,13.1,87.169,4.276,14.346,,,,,,,,,,,,,,,,,,,,,,
"146","FORT ST JAMES","2023081610",0,22.3,41,9.8,4,16.6,87.542,4.938,16.014,,,,,,,,,,,,,,,,,,,,,,
"146","FORT ST JAMES","2023081611",0,23.7,38,9,357,17.7,87.998,5.063,16.319,,,,,,,,,,,,,,,,,,,,,,
"146","FORT ST JAMES","2023081612",0,25.4,33,10.4,5,16,88.641,5.958,18.42,0,91.348,8.777,25.288,44.58,701.535,76.938,4,,,,,,,,,,,,,,
"146","FORT ST JAMES","2023081613",0,26.6,28,10.6,344,17.2,89.433,6.743,20.989,,,,,,,,,,,,,,,,,,,,,,
"146","FORT ST JAMES","2023081614",0,26,31,6.5,9,21.2,89.897,5.861,18.962,,,,,,,,,,,,,,,,,,,,,,
"146","FORT ST JAMES","2023081615",0,26.6,31,11.6,354,21.2,90.343,8.079,23.865,,,,,,,,,,,,,,,,,,,,,,
"146","FORT ST JAMES","2023081616",0,25.7,33,5.9,306,16.6,90.572,6.264,19.902,,,,,,,,,,,,,,,,,,,,,,
"146","FORT ST JAMES","2023081617",0,28.5,29,8.9,5,16,91.041,7.79,23.261,,,,,,,,,,,,,,,,,,,,,,
"146","FORT ST JAMES","2023081618",0,26.4,33,4.9,320,14.3,91.176,6.491,20.422,,,,,,,,,,,,,,,,,,,,,,
"146","FORT ST JAMES","2023081619",0,22.8,44,1.6,321,12,91.146,5.473,18.031,,,,,,,,,,,,,,,,,,,,,,
"146","FORT ST JAMES","2023081620",0,18.6,60,3.4,9,7.4,90.703,5.627,18.402,,,,,,,,,,,,,,,,,,,,,,
"146","FORT ST JAMES","2023081621",0,17.7,59,3.1,26,6.8,90.337,5.26,17.508,,,,,,,,,,,,,,,,,,,,,,
"146","FORT ST JAMES","2023081622",0,18.2,68,5.4,290,13.7,89.752,5.432,17.93,,,,,,,,,,,,,,,,,,,,,,
"146","FORT ST JAMES","2023081623",0,15.3,80,3.3,1,9.7,88.935,4.346,15.162,,,,,,,,,,,,,,,,,,,,,,
"148","BLACKPINE","2023081600",0,12.6,62,8.7,304,18.3,80.993,1.964,8.455,,,,,,,,,0,193.3,,0,0,0,0,0,,0,0,,0,
"148","BLACKPINE","2023081601",0,11.5,66,4,0,17.2,81.192,1.585,6.982,,,,,,,,,0,193.3,,0,0,0,0,0,,0,0,,0,
"148","BLACKPINE","2023081602",0,11,65,7.2,0,17.2,81.402,1.908,8.246,,,,,,,,,0,193.3,,0,0,0,0,0,,0,0,,0,
"148","BLACKPINE","2023081603",0,10.3,68,5.7,0,13.7,81.537,1.798,7.822,,,,,,,,,0,193.3,,0,0,0,0,0,,0,0,,0,
"148","BLACKPINE","2023081604",0,9.3,71,5.1,0,10.2,81.612,1.76,7.674,,,,,,,,,0,193.3,,0,0,0,0,0,,0,0,,0,
"148","BLACKPINE","2023081605",0,8.9,73,5.6,0,9.7,81.659,1.814,7.887,,,,,,,,,0,193.3,,0,0,0,0,0,,0,0,,0,
"148","BLACKPINE","2023081606",0,9.5,72,4.7,0,9.1,81.717,1.746,7.621,,,,,,,,,0,193.3,,0,0,0,0,0,,0,0,,0,
"148","BLACKPINE","2023081607",0,11.2,69,6.9,0,12.5,81.832,1.978,8.508,,,,,,,,,0,193.3,,0,0,0,0,0,,0,0,,0,
"148","BLACKPINE","2023081608",0,13.5,60,9.4,313,18.9,82.136,2.327,9.778,,,,,,,,,0,193.3,,0,0,0,0,0,,0,0,,0,
"148","BLACKPINE","2023081609",0,15.7,54,11.4,318,23.5,82.606,2.728,11.154,,,,,,,,,0,193.3,,0,0,0,0,0,,0,0,,0,
"148","BLACKPINE","2023081610",0,17.2,50,12.2,305,22.9,83.175,3.054,12.216,,,,,,,,,0,193.3,,0,0,0,0,0,,0,0,,0,
"148","BLACKPINE","2023081611",0,19.9,43,12.7,337,25.8,83.982,3.481,13.549,,,,,,,,,0,193.3,,0,0,0,0,0,,0,0,,0,
"148","BLACKPINE","2023081612",0,20.2,45,13.6,320,31.6,84.642,3.982,15.033,0,87.299,5.776,20.254,54.314,605.907,88.74,4,0,193.3,,0,0,0,0,0,,0,0,,0,
"148","BLACKPINE","2023081613",0,19.1,46,11.1,335,24.1,85.121,3.748,14.676,,,,,,,,,0,193.3,,0,0,0,0,0,,0,0,,0,
"148","BLACKPINE","2023081614",0,19.5,48,9,329,23.5,85.486,3.547,14.064,,,,,,,,,0,193.3,,0,0,0,0,0,,0,0,,0,
"148","BLACKPINE","2023081615",0,19.8,46,6.1,329,18.9,85.842,3.221,13.042,,,,,,,,,0,193.3,,0,0,0,0,0,,0,0,,0,
"148","BLACKPINE","2023081616",0,20,43,11,267,25.2,86.273,4.38,16.52,,,,,,,,,0,193.3,,0,0,0,0,0,,0,0,,0,
"148","BLACKPINE","2023081617",0,20.9,40,10.2,304,24.6,86.756,4.505,16.872,,,,,,,,,0,193.3,,0,0,0,0,0,,0,0,,0,
"148","BLACKPINE","2023081618",0,19.5,43,8.6,0,20,87.034,4.324,16.359,,,,,,,,,0,193.3,,0,0,0,0,0,,0,0,,0,
"148","BLACKPINE","2023081619",0,18.7,45,7,290,20.6,87.202,4.085,15.672,,,,,,,,,0,193.3,,0,0,0,0,0,,0,0,,0,
"148","BLACKPINE","2023081620",0,16.8,49,7.5,320,18.3,87.25,4.218,16.059,,,,,,,,,0,193.3,,0,0,0,0,0,,0,0,,0,
"148","BLACKPINE","2023081621",0,15.2,55,3.6,270,14.3,87.297,3.489,13.885,,,,,,,,,0,193.3,,0,0,0,0,0,,0,0,,0,
"148","BLACKPINE","2023081622",0,14.2,57,6.9,322,12.5,87.286,4.113,15.755,,,,,,,,,0,193.3,,0,0,0,0,0,,0,0,,0,
"148","BLACKPINE","2023081623",0,13.7,58,5,283,12,87.254,3.721,14.594,,,,,,,,,0,193.3,,0,0,0,0,0,,0,0,,0,
"149","BEAR LAKE","2023081600",0,10.7,72,2.9,92,7.9,87.9,3.671,12.198,,,,,,,,,,,,,,,,,,,,,,
"149","BEAR LAKE","2023081601",0,9.5,78,1.9,131,4.5,87.422,3.26,11.081,,,,,,,,,,,,,,,,,,,,,,
"149","BEAR LAKE","2023081602",0,7.8,84,2.4,110,4.5,86.823,3.07,10.548,,,,,,,,,,,,,,,,,,,,,,
"149","BEAR LAKE","2023081603",0,6.8,89,2,98,3.9,86.131,2.728,9.557,,,,,,,,,,,,,,,,,,,,,,
"149","BEAR LAKE","2023081604",0,5.8,94,2.5,124,5.1,85.274,2.482,8.817,,,,,,,,,,,,,,,,,,,,,,
"149","BEAR LAKE","2023081605",0,5.8,97,2.3,102,4.5,84.327,2.159,7.803,,,,,,,,,,,,,,,,,,,,,,
"149","BEAR LAKE","2023081606",0,8.2,89,5.9,78,10.2,83.79,2.409,8.592,,,,,,,,,,,,,,,,,,,,,,
"149","BEAR LAKE","2023081607",0,17.7,52,4.9,105,9.7,84.131,2.397,8.554,,,,,,,,,,,,,,,,,,,,,,
"149","BEAR LAKE","2023081608",0,19.4,47,7.4,276,17.7,84.625,2.907,10.08,,,,,,,,,,,,,,,,,,,,,,
"149","BEAR LAKE","2023081609",0,20,48,7.5,264,16.6,85.056,3.099,10.63,,,,,,,,,,,,,,,,,,,,,,
"149","BEAR LAKE","2023081610",0,21.2,42,7.2,273,17.2,85.63,3.305,11.207,,,,,,,,,,,,,,,,,,,,,,
"149","BEAR LAKE","2023081611",0,22.6,39,6.4,249,14.9,86.261,3.468,11.653,,,,,,,,,,,,,,,,,,,,,,
"149","BEAR LAKE","2023081612",0,25,35,6.1,156,20.6,87.035,3.812,12.57,0,90.112,5.925,18.331,43.316,500.706,71.228,4,,,,,,,,,,,,,,
"149","BEAR LAKE","2023081613",0,26.6,33,8.5,149,31.6,87.881,4.855,15.799,,,,,,,,,,,,,,,,,,,,,,
"149","BEAR LAKE","2023081614",0,27.2,32,7.7,152,22.3,88.641,5.2,16.639,,,,,,,,,,,,,,,,,,,,,,
"149","BEAR LAKE","2023081615",0,27.9,31,8,277,23.5,89.348,5.843,18.145,,,,,,,,,,,,,,,,,,,,,,
"149","BEAR LAKE","2023081616",0,26.9,34,4.4,256,12,89.736,5.153,16.525,,,,,,,,,,,,,,,,,,,,,,
"149","BEAR LAKE","2023081617",0,26.4,44,2.2,316,9.7,89.785,4.645,15.276,,,,,,,,,,,,,,,,,,,,,,
"149","BEAR LAKE","2023081618",0,23.3,56,0,212,3.9,89.703,4.108,13.898,,,,,,,,,,,,,,,,,,,,,,
"149","BEAR LAKE","2023081619",0,21,68,0,100,2.8,89.371,3.917,13.391,,,,,,,,,,,,,,,,,,,,,,
"149","BEAR LAKE","2023081620",0,16.3,81,1.8,94,4.5,88.607,3.844,13.194,,,,,,,,,,,,,,,,,,,,,,
"149","BEAR LAKE","2023081621",0,14.5,88,0,81,5.6,87.842,3.146,11.24,,,,,,,,,,,,,,,,,,,,,,
"149","BEAR LAKE","2023081622",0,13.6,89,0,121,3.3,87.123,2.839,10.329,,,,,,,,,,,,,,,,,,,,,,
"149","BEAR LAKE","2023081623",0,13.6,91,2.3,102,4.5,86.2,2.797,10.202,,,,,,,,,,,,,,,,,,,,,,
"151","NABESHE","2023081600",0,10.1,70,3.9,323,10.8,82.361,1.814,4.37,,,,,,,,,0,0,,0,0,0,0,0,,0,0,,1,
"151","NABESHE","2023081601",0,9.2,74,6.2,216,14.9,82.408,2.048,4.961,,,,,,,,,0,0,,0,0,0,0,0,,0,0,,1,
"151","NABESHE","2023081602",0,8.4,76,4,286,10.8,82.453,1.844,4.448,,,,,,,,,0,0,,0,0,0,0,0,,0,0,,1,
"151","NABESHE","2023081603",0,8.6,76,4.7,234,9.1,82.497,1.92,4.642,,,,,,,,,0,0,,0,0,0,0,0,,0,0,,1,
"151","NABESHE","2023081604",0,7.6,82,7.3,188,17.7,82.379,2.157,5.228,,,,,,,,,0,0,,0,0,0,0,0,,0,0,,1,
"151","NABESHE","2023081605",0,10.3,70,12.5,197,24.6,82.426,2.82,6.765,,,,,,,,,0,0,,0,0,0,0,0,,0,0,,3,
"151","NABESHE","2023081606",0,10.3,71,15,189,28.1,82.473,3.217,7.627,,,,,,,,,0,0,,0,0,0,0,0,,0,0,,8,
"151","NABESHE","2023081607",0,13.4,61,17.2,191,31.6,82.726,3.71,8.649,,,,,,,,,0,0,,0,0,0,0,0,,0,0,,22,
"151","NABESHE","2023081608",0,15.3,53,29,201,47.1,83.234,7.175,14.789,,,,,,,,,0,0,,0,0,0,0,0,,0,0,,41,
"151","NABESHE","2023081609",0,17.3,47,25.6,181,45.4,83.902,6.599,13.862,,,,,,,,,0,0,,0,0,0,0,0,,0,0,,278,
"151","NABESHE","2023081610",0,19.4,43,14.7,199,40.8,84.607,4.188,9.594,,,,,,,,,0,0,,0,0,0,0,0,,0,0,,334,
"151","NABESHE","2023081611",0,20.3,43,22.7,177,36.7,85.312,6.905,14.358,,,,,,,,,0,0,,0,0,0,0,0,,0,0,,316,
"151","NABESHE","2023081612",0,23.3,39,17.8,191,40.8,86.155,6.068,12.981,0,89.414,9.665,19.683,23.853,380.799,41.246,3,0,0,,0,0,0,0,0,,0,0,,450,
"151","NABESHE","2023081613",0,24.5,38,22.5,180,40.8,86.993,8.659,18.162,,,,,,,,,0,0,,0,0,0,0,0,,0,0,,431,
"151","NABESHE","2023081614",0,20.6,47,21.3,179,42.5,87.199,8.393,17.748,,,,,,,,,0,0,,0,0,0,0,0,,0,0,,169,
"151","NABESHE","2023081615",0,21.7,43,17.7,191,40.2,87.521,7.33,16.038,,,,,,,,,0,0,,0,0,0,0,0,,0,0,,189,
"151","NABESHE","2023081616",0,21.4,42,18.2,201,44.2,87.812,7.838,16.866,,,,,,,,,0,0,,0,0,0,0,0,,0,0,,150,
"151","NABESHE","2023081617",0,20.6,46,20.2,199,38.5,87.914,8.796,18.373,,,,,,,,,0,0,,0,0,0,0,0,,0,0,,99,
"151","NABESHE","2023081618",0,19,51,16.8,198,45.4,87.963,7.463,16.256,,,,,,,,,0,0,,0,0,0,0,0,,0,0,,65,
"151","NABESHE","2023081619",0,17.2,58,11.6,181,33.9,87.893,5.685,13.186,,,,,,,,,0,0,,0,0,0,0,0,,0,0,,16,
"151","NABESHE","2023081620",0,16.6,57,10.2,163,23.5,87.846,5.263,12.405,,,,,,,,,0,0,,0,0,0,0,0,,0,0,,6,
"151","NABESHE","2023081621",0,16.5,54,18.1,195,36.7,87.864,7.856,16.895,,,,,,,,,0,0,,0,0,0,0,0,,0,0,,1,
"151","NABESHE","2023081622",0,15.7,57,16.2,177,32.1,87.795,7.069,15.603,,,,,,,,,0,0,,0,0,0,0,0,,0,0,,1,
"151","NABESHE","2023081623",0,15.7,59,15.4,183,35,87.69,6.688,14.958,,,,,,,,,0,0,,0,0,0,0,0,,0,0,,1,
"152","SIFTON","2023081600",0,7.5,89,5.4,327,8.4,81.558,1.775,3.066,,,,,,,,,,,,,,,,,,,,5778.8,,
"152","SIFTON","2023081601",0,7.2,91,0,29,7.3,81.327,1.316,2.024,,,,,,,,,,,,,,,,,,,,5778.8,,
"152","SIFTON","2023081602",0,6.8,92,0,273,0,81.078,1.279,1.932,,,,,,,,,,,,,,,,,,,,5778.8,,
"152","SIFTON","2023081603",0,6.5,92,0,301,0,80.847,1.246,1.849,,,,,,,,,,,,,,,,,,,,5778.8,,
"152","SIFTON","2023081604",0,6.6,92,0,341,4.3,80.632,1.217,1.773,,,,,,,,,,,,,,,,,,,,5778.8,,
"152","SIFTON","2023081605",0,6.4,92,0,247,0,80.433,1.191,1.704,,,,,,,,,,,,,,,,,,,,5778.8,,
"152","SIFTON","2023081606",0,7.2,92,0,359,0,80.249,1.167,1.642,,,,,,,,,,,,,,,,,,,,5778.8,,
"152","SIFTON","2023081607",0,8.3,89,0,49,0,80.181,1.159,1.619,,,,,,,,,,,,,,,,,,,,5778.8,,
"152","SIFTON","2023081608",0,11.2,76,3.3,95,8.4,80.285,1.384,2.187,,,,,,,,,,,,,,,,,,,,5778.8,,
"152","SIFTON","2023081609",0,16.1,49,9.9,47,16.8,81.068,2.104,3.749,,,,,,,,,,,,,,,,,,,,5778.8,,
"152","SIFTON","2023081610",0,17,50,6.6,169,21.8,81.73,1.924,3.381,,,,,,,,,,,,,,,,,,,,5778.8,,
"152","SIFTON","2023081611",0,17.1,54,8.2,106,15.9,82.258,2.224,3.988,,,,,,,,,,,,,,,,,,,,5778.8,,
"152","SIFTON","2023081612",0,17.8,50,4.8,105,15.3,82.798,2.004,3.546,0,85.182,2.752,5.426,15.173,294.822,26.887,2,,,,,,,,,,,,5778.8,,
"152","SIFTON","2023081613",0,17.8,52,5.7,93,16.1,83.252,2.223,4.358,,,,,,,,,,,,,,,,,,,,5778.8,,
"152","SIFTON","2023081614",0,20.4,40,7.7,95,18.4,84.089,2.745,5.412,,,,,,,,,,,,,,,,,,,,5778.8,,
"152","SIFTON","2023081615",0,21.3,37,3.3,164,16.6,84.857,2.44,4.805,,,,,,,,,,,,,,,,,,,,5778.8,,
"152","SIFTON","2023081616",0,20.7,39,0,1,15.9,85.312,2.2,4.31,,,,,,,,,,,,,,,,,,,,5778.8,,
"152","SIFTON","2023081617",0,21.7,35,8.5,190,17.2,86.101,3.769,7.305,,,,,,,,,,,,,,,,,,,,5778.8,,
"152","SIFTON","2023081618",0,21,34,7.5,187,30.1,86.764,3.936,7.597,,,,,,,,,,,,,,,,,,,,5778.8,,
"152","SIFTON","2023081619",0,18.8,36,3.3,183,21.6,87.152,3.366,6.584,,,,,,,,,,,,,,,,,,,,5778.8,,
"152","SIFTON","2023081620",0,15.7,48,1.1,96,7.8,87.2,3.034,5.967,,,,,,,,,,,,,,,,,,,,5778.8,,
"152","SIFTON","2023081621",0,12.9,65,0,125,6.5,87.099,2.829,5.576,,,,,,,,,,,,,,,,,,,,5778.8,,
"152","SIFTON","2023081622",0,10.5,75,0,295,0,86.837,2.726,5.374,,,,,,,,,,,,,,,,,,,,5778.8,,
"152","SIFTON","2023081623",0,8.8,80,0,281,8.2,86.499,2.598,5.123,,,,,,,,,,,,,,,,,,,,5778.8,,
"153","MCLEOD LAKE","2023081600",0,17,41,6.9,258,14.3,90.855,6.86,21.527,,,,,,,,,,,,,,,,,,,,,,
"153","MCLEOD LAKE","2023081601",0,16.7,44,8.5,274,20,90.742,7.316,22.539,,,,,,,,,,,,,,,,,,,,,,
"153","MCLEOD LAKE","2023081602",0,16,48,8.9,255,26.4,90.547,7.26,22.415,,,,,,,,,,,,,,,,,,,,,,
"153","MCLEOD LAKE","2023081603",0,14.5,53,7,226,20.6,90.267,6.338,20.338,,,,,,,,,,,,,,,,,,,,,,
"153","MCLEOD LAKE","2023081604",0,13.2,58,6.8,214,14.3,89.907,5.959,19.449,,,,,,,,,,,,,,,,,,,,,,
"153","MCLEOD LAKE","2023081605",0,12.9,58,7.4,246,14.3,89.579,5.86,19.212,,,,,,,,,,,,,,,,,,,,,,
"153","MCLEOD LAKE","2023081606",0,13.2,58,6.1,260,14.9,89.299,5.272,17.776,,,,,,,,,,,,,,,,,,,,,,
"153","MCLEOD LAKE","2023081607",0,15.5,52,10.1,226,17.7,89.173,6.334,20.329,,,,,,,,,,,,,,,,,,,,,,
"153","MCLEOD LAKE","2023081608",0,17,49,12.2,223,22.3,89.145,7.013,21.871,,,,,,,,,,,,,,,,,,,,,,
"153","MCLEOD LAKE","2023081609",0,18.6,44,8.8,211,24.6,89.194,5.951,19.429,,,,,,,,,,,,,,,,,,,,,,
"153","MCLEOD LAKE","2023081610",0,20.4,43,10,215,20,89.243,6.366,20.403,,,,,,,,,,,,,,,,,,,,,,
"153","MCLEOD LAKE","2023081611",0,21.8,39,12.4,225,23.5,89.352,7.297,22.497,,,,,,,,,,,,,,,,,,,,,,
"153","MCLEOD LAKE","2023081612",0,21.9,41,12.2,212,26.4,89.401,7.276,22.45,0,88.814,6.688,21.664,52.104,499.039,82.638,4,,,,,,,,,,,,,,
"153","MCLEOD LAKE","2023081613",0,24.5,35,13.1,228,23.5,89.706,7.953,24.486,,,,,,,,,,,,,,,,,,,,,,
"153","MCLEOD LAKE","2023081614",0,25.5,32,13.4,225,25.8,90.11,8.556,25.763,,,,,,,,,,,,,,,,,,,,,,
"153","MCLEOD LAKE","2023081615",0,25.5,32,14.9,234,31,90.445,9.681,28.049,,,,,,,,,,,,,,,,,,,,,,
"153","MCLEOD LAKE","2023081616",0,25.2,31,11.5,248,28.1,90.733,8.498,25.643,,,,,,,,,,,,,,,,,,,,,,
"153","MCLEOD LAKE","2023081617",0,24.7,33,9.1,257,24.6,90.874,7.684,23.902,,,,,,,,,,,,,,,,,,,,,,
"153","MCLEOD LAKE","2023081618",0,23.2,37,8,262,23.5,90.924,7.321,23.102,,,,,,,,,,,,,,,,,,,,,,
"153","MCLEOD LAKE","2023081619",0,22.3,42,6.2,251,12,90.943,6.705,21.703,,,,,,,,,,,,,,,,,,,,,,
"153","MCLEOD LAKE","2023081620",0,20,50,5.3,200,9.1,90.747,6.231,20.592,,,,,,,,,,,,,,,,,,,,,,
"153","MCLEOD LAKE","2023081621",0,18.9,52,5.1,200,8.5,90.518,5.97,19.965,,,,,,,,,,,,,,,,,,,,,,
"153","MCLEOD LAKE","2023081622",0,18.5,55,6.2,202,11.4,90.234,6.059,20.18,,,,,,,,,,,,,,,,,,,,,,
"153","MCLEOD LAKE","2023081623",0,17.7,59,6.5,190,10.2,89.881,5.848,19.667,,,,,,,,,,,,,,,,,,,,,,
"154","WITCH","2023081600",0,12.9,58,9.3,200,19.5,89.07,5.995,13.861,,,,,,,,,0,193.3,,0,0,0,0,0,,0,0,,34,
"154","WITCH","2023081601",0,12.1,66,1.9,135,17.7,88.733,3.934,9.866,,,,,,,,,0,193.3,,0,0,0,0,0,,0,0,,35,
"154","WITCH","2023081602",0,9.4,74,5.7,208,8.5,88.197,4.411,10.85,,,,,,,,,0,193.3,,0,0,0,0,0,,0,0,,34,
"154","WITCH","2023081603",0,9,75,0,232,13.1,87.854,3.151,8.154,,,,,,,,,0,193.3,,0,0,0,0,0,,0,0,,33,
"154","WITCH","2023081604",0,7.1,85,0,118,5.6,87.333,2.925,7.633,,,,,,,,,0,193.3,,0,0,0,0,0,,0,0,,34,
"154","WITCH","2023081605",0,9.5,70,3.5,228,13.1,87.052,3.352,8.606,,,,,,,,,0,193.3,,0,0,0,0,0,,0,0,,33,
"154","WITCH","2023081606",0,12.3,62,4.9,43,15.4,86.955,3.548,9.039,,,,,,,,,0,193.3,,0,0,0,0,0,,0,0,,34,
"154","WITCH","2023081607",0,14.7,57,6.5,116,11.4,86.989,3.864,9.719,,,,,,,,,0,193.3,,0,0,0,0,0,,0,0,,33,
"154","WITCH","2023081608",0,17.2,50,7.1,288,13.1,87.037,4.011,10.027,,,,,,,,,0,193.3,,0,0,0,0,0,,0,0,,31,
"154","WITCH","2023081609",0,18.8,46,5.3,36,15.4,87.18,3.738,9.449,,,,,,,,,0,193.3,,0,0,0,0,0,,0,0,,36,
"154","WITCH","2023081610",0,20.6,44,8.6,182,21.2,87.408,4.561,11.149,,,,,,,,,0,193.3,,0,0,0,0,0,,0,0,,36,
"154","WITCH","2023081611",0,22.1,41,8.7,173,24.1,87.733,4.801,11.624,,,,,,,,,0,193.3,,0,0,0,0,0,,0,0,,36,
"154","WITCH","2023081612",0,21.5,41,9.2,183,30.4,87.994,5.111,12.224,0,89.232,6.105,14.784,27.36,358.577,45.954,3,0,193.3,,0,0,0,0,0,,0,0,,37,
"154","WITCH","2023081613",0,23.8,36,10.5,155,27.5,88.46,5.834,14.276,,,,,,,,,0,193.3,,0,0,0,0,0,,0,0,,36,
"154","WITCH","2023081614",0,25.1,32,13.7,230,32.7,89.074,7.487,17.251,,,,,,,,,0,193.3,,0,0,0,0,0,,0,0,,36,
"154","WITCH","2023081615",0,25.2,35,11.2,199,28.1,89.455,6.972,16.353,,,,,,,,,0,193.3,,0,0,0,0,0,,0,0,,37,
"154","WITCH","2023081616",0,22.1,41,10.4,164,24.1,89.504,6.744,15.948,,,,,,,,,0,193.3,,0,0,0,0,0,,0,0,,37,
"154","WITCH","2023081617",0,22.2,44,10.6,218,25.2,89.553,6.86,16.156,,,,,,,,,0,193.3,,0,0,0,0,0,,0,0,,37,
"154","WITCH","2023081618",0,20.5,52,4,202,22.9,89.493,4.877,12.403,,,,,,,,,0,193.3,,0,0,0,0,0,,0,0,,37,
"154","WITCH","2023081619",0,19.8,52,6.2,211,18.9,89.421,5.393,13.428,,,,,,,,,0,193.3,,0,0,0,0,0,,0,0,,35,
"154","WITCH","2023081620",0,17.5,62,3.6,195,11.4,89.127,4.535,11.7,,,,,,,,,0,193.3,,0,0,0,0,0,,0,0,,36,
"154","WITCH","2023081621",0,16.2,66,5,149,8.5,88.749,4.61,11.856,,,,,,,,,0,193.3,,0,0,0,0,0,,0,0,,34,
"154","WITCH","2023081622",0,15.2,69,6,161,11.4,88.328,4.563,11.759,,,,,,,,,0,193.3,,0,0,0,0,0,,0,0,,35,
"154","WITCH","2023081623",0,12.3,82,5.7,186,9.7,87.587,4.043,10.654,,,,,,,,,0,193.3,,0,0,0,0,0,,0,0,,35,
"155","MACKENZIE FS","2023081600",0,9.2,87,4.4,90,9.1,88.213,4.141,12.534,,,,,,,,,,,,,,,,,,,,,,
"155","MACKENZIE FS","2023081601",0,8,90,3.1,123,6.2,87.287,3.397,10.679,,,,,,,,,,,,,,,,,,,,,,
"155","MACKENZIE FS","2023081602",0,7.4,90,3.5,97,6.2,86.454,3.079,9.841,,,,,,,,,,,,,,,,,,,,,,
"155","MACKENZIE FS","2023081603",0,6.8,91,2.5,116,7.4,85.697,2.633,8.609,,,,,,,,,,,,,,,,,,,,,,
"155","MACKENZIE FS","2023081604",0,6.4,94,4,60,8.5,84.825,2.517,8.278,,,,,,,,,,,,,,,,,,,,,,
"155","MACKENZIE FS","2023081605",0,7.5,85,2.6,104,9.7,84.436,2.224,7.416,,,,,,,,,,,,,,,,,,,,,,
"155","MACKENZIE FS","2023081606",0,8.7,88,4.8,104,7.9,83.943,2.326,7.72,,,,,,,,,,,,,,,,,,,,,,
"155","MACKENZIE FS","2023081607",0,14.9,59,7.1,126,11.4,84.089,2.663,8.696,,,,,,,,,,,,,,,,,,,,,,
"155","MACKENZIE FS","2023081608",0,17.7,52,9.4,134,15.4,84.433,3.132,9.982,,,,,,,,,,,,,,,,,,,,,,
"155","MACKENZIE FS","2023081609",0,20.1,44,7.9,119,15.4,84.998,3.137,9.995,,,,,,,,,,,,,,,,,,,,,,
"155","MACKENZIE FS","2023081610",0,21.6,40,7.8,147,18.3,85.662,3.422,10.742,,,,,,,,,,,,,,,,,,,,,,
"155","MACKENZIE FS","2023081611",0,23.1,37,12.7,118,23.5,86.455,4.897,14.293,,,,,,,,,,,,,,,,,,,,,,
"155","MACKENZIE FS","2023081612",0,24.8,35,7.3,151,22.9,87.209,4.152,12.559,0,90.482,6.636,18.759,39.215,423.154,63.676,4,,,,,,,,,,,,,,
"155","MACKENZIE FS","2023081613",0,25.6,35,12.7,150,24.6,87.947,6.056,17.535,,,,,,,,,,,,,,,,,,,,,,
"155","MACKENZIE FS","2023081614",0,26.7,35,10.5,145,25.8,88.588,5.943,17.291,,,,,,,,,,,,,,,,,,,,,,
"155","MACKENZIE FS","2023081615",0,27.7,31,17.5,228,26.9,89.392,9.49,24.239,,,,,,,,,,,,,,,,,,,,,,
"155","MACKENZIE FS","2023081616",0,25.1,36,7.4,196,27.5,89.662,5.93,17.264,,,,,,,,,,,,,,,,,,,,,,
"155","MACKENZIE FS","2023081617",0,24.7,37,10.3,214,25.8,89.851,7.052,19.612,,,,,,,,,,,,,,,,,,,,,,
"155","MACKENZIE FS","2023081618",0,23.5,44,6.3,211,18.9,89.9,5.806,16.992,,,,,,,,,,,,,,,,,,,,,,
"155","MACKENZIE FS","2023081619",0,23.3,41,17.8,239,30.4,89.949,10.437,25.898,,,,,,,,,,,,,,,,,,,,,,
"155","MACKENZIE FS","2023081620",0,20.8,51,3.9,134,18.3,89.869,5.121,15.459,,,,,,,,,,,,,,,,,,,,,,
"155","MACKENZIE FS","2023081621",0,19.5,57,4.8,279,8.5,89.641,5.186,15.609,,,,,,,,,,,,,,,,,,,,,,
"155","MACKENZIE FS","2023081622",0,17.3,68,2.6,42,9.7,89.195,4.354,13.643,,,,,,,,,,,,,,,,,,,,,,
"155","MACKENZIE FS","2023081623",0,16.4,72,3.8,229,8.5,88.675,4.293,13.492,,,,,,,,,,,,,,,,,,,,,,
"156","SUSTUT","2023081601",0,11.3,80,5.7,322,20.6,49.511,0.206,0.127,,,,,,,,,0,193.3,,0,0,0,0,0,,0,0,,0,
"156","SUSTUT","2023081602",0,11,80,5,306,17.2,50.788,0.232,0.143,,,,,,,,,0,193.3,,0,0,0,0,0,,0,0,,0,
"156","SUSTUT","2023081603",0,11,80,8.3,288,19.5,52.194,0.321,0.197,,,,,,,,,0,193.3,,0,0,0,0,0,,0,0,,0,
"156","SUSTUT","2023081604",0,10.7,79,6.9,268,19.5,53.521,0.343,0.211,,,,,,,,,0,193.3,,0,0,0,0,0,,0,0,,0,
"156","SUSTUT","2023081605",0,11.9,77,6.4,244,20,54.932,0.383,0.236,,,,,,,,,0,193.3,,0,0,0,0,0,,0,0,,0,
"156","SUSTUT","2023081606",0,11.9,79,6.4,233,18.9,56.198,0.428,0.263,,,,,,,,,0,193.3,,0,0,0,0,0,,0,0,,0,
"156","SUSTUT","2023081607",0,12.1,82,4.9,204,12.5,57.216,0.431,0.265,,,,,,,,,0,193.3,,0,0,0,0,0,,0,0,,0,
"156","SUSTUT","2023081608",0,14,72,3.5,251,9.1,58.621,0.446,0.274,,,,,,,,,0,193.3,,0,0,0,0,0,,0,0,,0,
"156","SUSTUT","2023081609",0,16.1,65,5.4,202,10.8,60.501,0.554,0.341,,,,,,,,,0,193.3,,0,0,0,0,0,,0,0,,0,
"156","SUSTUT","2023081610",0,17.2,62,7.8,228,13.7,62.617,0.702,0.432,,,,,,,,,0,193.3,,0,0,0,0,0,,0,0,,0,
"156","SUSTUT","2023081611",0,17.8,61,6.9,256,14.3,64.62,0.735,0.453,,,,,,,,,0,193.3,,0,0,0,0,0,,0,0,,0,
"156","SUSTUT","2023081612",0,19,54,6,197,11.4,66.775,0.762,0.469,0,75.12,1.043,0.756,7.321,323.019,13.857,1,0,193.3,,0,0,0,0,0,,0,0,,0,
"156","SUSTUT","2023081613",0,19.9,54,7.5,279,13.1,68.913,0.882,0.639,,,,,,,,,0,193.3,,0,0,0,0,0,,0,0,,0,
"156","SUSTUT","2023081614",0,20.2,52,5.8,32,13.1,70.859,0.862,0.625,,,,,,,,,0,193.3,,0,0,0,0,0,,0,0,,0,
"156","SUSTUT","2023081615",0,21.3,52,3.7,105,13.1,72.581,0.825,0.598,,,,,,,,,0,193.3,,0,0,0,0,0,,0,0,,0,
"156","SUSTUT","2023081616",0,21,53,13.2,258,27.5,74.486,1.45,1.255,,,,,,,,,0,193.3,,0,0,0,0,0,,0,0,,0,
"156","SUSTUT","2023081617",0,20,58,10.5,272,25.8,75.855,1.367,0.991,,,,,,,,,0,193.3,,0,0,0,0,0,,0,0,,0,
"156","SUSTUT","2023081618",0,18.9,62,12.2,270,25.8,76.932,1.602,1.59,,,,,,,,,0,193.3,,0,0,0,0,0,,0,0,,0,
"156","SUSTUT","2023081619",0,18.8,62,12.2,250,21.2,77.891,1.726,1.827,,,,,,,,,0,193.3,,0,0,0,0,0,,0,0,,0,
"156","SUSTUT","2023081620",0,15.7,74,8.1,275,20.6,78.284,1.452,1.261,,,,,,,,,0,193.3,,0,0,0,0,0,,0,0,,0,
"156","SUSTUT","2023081621",0,12.6,88,5.5,350,10.2,78.329,1.278,0.927,,,,,,,,,0,193.3,,0,0,0,0,0,,0,0,,0,
"156","SUSTUT","2023081622",0,11.2,91,7.4,331,11.4,78.366,1.411,1.148,,,,,,,,,0,193.3,,0,0,0,0,0,,0,0,,0,
"158","VANDERHOOF HUB","2023081600",0,15.3,47,11.1,311,16.6,91.687,9.54,31.118,,,,,,,,,,,,,,0,1,108.1,,,,,,
"158","VANDERHOOF HUB","2023081601",0,14.5,50,13.1,312,20,91.296,9.983,32.08,,,,,,,,,,,,,,0,1,108.06,,,,,,
"158","VANDERHOOF HUB","2023081602",0,14.7,51,13.5,321,18.9,90.927,9.664,31.391,,,,,,,,,,,,,,0,1,108.03,,,,,,
"158","VANDERHOOF HUB","2023081603",0,13.9,53,10.8,316,21.8,90.57,8.016,27.653,,,,,,,,,,,,,,0,1,107.99,,,,,,
"158","VANDERHOOF HUB","2023081604",0,10.7,66,8.6,285,17.2,89.978,6.592,24.149,,,,,,,,,,,,,,0,1,107.99,,,,,,
"158","VANDERHOOF HUB","2023081605",0,10.6,67,9.9,5,12,89.415,6.492,23.891,,,,,,,,,,,,,,0,1,107.96,,,,,,
"158","VANDERHOOF HUB","2023081606",0,12.8,59,9.1,333,13.7,89.106,5.965,22.505,,,,,,,,,,,,,,0,1,107.92,,,,,,
"158","VANDERHOOF HUB","2023081607",0,17.2,46,15.1,282,19.5,89.155,8.128,27.916,,,,,,,,,,,,,,0,1,107.91,,,,,,
"158","VANDERHOOF HUB","2023081608",0,19.2,41,18.3,281,26.9,89.204,9.618,31.289,,,,,,,,,,,,,,0,1,107.88,,,,,,
"158","VANDERHOOF HUB","2023081609",0,21,38,18.2,275,28.7,89.332,9.746,31.569,,,,,,,,,,,,,,0,1,107.82,,,,,,
"158","VANDERHOOF HUB","2023081610",0,23.4,33,20.1,284,31.6,89.704,11.314,34.864,,,,,,,,,,,,,,0,1,107.76,,,,,,
"158","VANDERHOOF HUB","2023081611",0,25,32,19.8,262,32.1,90.113,11.818,35.879,,,,,,,,,,,,,,0,1,107.66,,,,,,
"158","VANDERHOOF HUB","2023081612",0,26.4,29,23.7,294,32.1,90.654,15.541,42.854,0,92.313,19.666,50.889,65.8,845.177,110.159,5,,,,,,0,1,107.56,,,,,,
"158","VANDERHOOF HUB","2023081613",0,28,27,15.9,289,34.4,91.218,11.368,35.819,,,,,,,,,,,,,,0,1,107.44,,,,,,
"158","VANDERHOOF HUB","2023081614",0,28.3,27,16.5,285,29.2,91.681,12.513,38.141,,,,,,,,,,,,,,0,1,107.33,,,,,,
"158","VANDERHOOF HUB","2023081615",0,27.9,27,12,321,21.2,92.009,10.449,33.879,,,,,,,,,,,,,,0,1,107.23,,,,,,
"158","VANDERHOOF HUB","2023081616",0,30,22,7.7,3,14.3,92.57,9.106,30.904,,,,,,,,,,,,,,0,1,107.15,,,,,,
"158","VANDERHOOF HUB","2023081617",0,29.3,22,3.6,266,13.1,92.951,7.813,27.854,,,,,,,,,,,,,,0,1,107.06,,,,,,
"158","VANDERHOOF HUB","2023081618",0,29.2,29,8.3,257,12,93.001,9.971,32.842,,,,,,,,,,,,,,0,1,106.98,,,,,,
"158","VANDERHOOF HUB","2023081619",0,24.9,33,12.1,293,19.5,93.022,12.11,37.335,,,,,,,,,,,,,,0,1,106.93,,,,,,
"158","VANDERHOOF HUB","2023081620",0,21.1,43,4,341,16.6,92.771,7.773,27.758,,,,,,,,,,,,,,0,1,106.89,,,,,,
"158","VANDERHOOF HUB","2023081621",0,17,61,4.7,78,11.4,92.08,7.306,26.601,,,,,,,,,,,,,,0,1,106.86,,,,,,
"158","VANDERHOOF HUB","2023081622",0,15.1,69,3.9,293,11.4,91.295,6.278,23.938,,,,,,,,,,,,,,0,1,106.83,,,,,,
"158","VANDERHOOF HUB","2023081623",0,14.4,70,5.7,44,10.2,90.542,6.174,23.658,,,,,,,,,,,,,,0,1,106.81,,,,,,
"159","NORTH CHILCO","2023081600",0,16.6,40,7.6,224,18.9,91.536,7.828,24.683,,,,,,,,,,,,,,,,,,,,,,
"159","NORTH CHILCO","2023081601",0,16.1,40,8,226,17.7,91.428,7.867,24.768,,,,,,,,,,,,,,,,,,,,,,
"159","NORTH CHILCO","2023081602",0,15.1,44,7.3,247,16,91.244,7.397,23.723,,,,,,,,,,,,,,,,,,,,,,
"159","NORTH CHILCO","2023081603",0,13.8,48,6.8,252,16.6,90.991,6.958,22.72,,,,,,,,,,,,,,,,,,,,,,
"159","NORTH CHILCO","2023081604",0,13.3,51,3.1,286,16,90.74,5.571,19.367,,,,,,,,,,,,,,,,,,,,,,
"159","NORTH CHILCO","2023081605",0,12.3,56,3.6,279,9.7,90.408,5.449,19.056,,,,,,,,,,,,,,,,,,,,,,
"159","NORTH CHILCO","2023081606",0,12.1,58,3.3,232,7.9,90.073,5.116,18.195,,,,,,,,,,,,,,,,,,,,,,
"159","NORTH CHILCO","2023081607",0,14.5,53,4.7,242,15.4,89.862,5.326,18.741,,,,,,,,,,,,,,,,,,,,,,
"159","NORTH CHILCO","2023081608",0,18.4,42,6.9,257,18.9,89.911,5.993,20.421,,,,,,,,,,,,,,,,,,,,,,
"159","NORTH CHILCO","2023081609",0,20.4,39,5.4,250,15.4,89.96,5.596,19.43,,,,,,,,,,,,,,,,,,,,,,
"159","NORTH CHILCO","2023081610",0,22,36,9,271,20.6,90.05,6.796,22.343,,,,,,,,,,,,,,,,,,,,,,
"159","NORTH CHILCO","2023081611",0,23.4,35,8.5,255,18.3,90.196,6.767,22.275,,,,,,,,,,,,,,,,,,,,,,
"159","NORTH CHILCO","2023081612",0,25.5,32,8.3,292,20.6,90.488,6.985,22.783,0,91.298,7.84,25.508,54.145,722.986,91.213,4,,,,,,,,,,,,,,
"159","NORTH CHILCO","2023081613",0,26.7,29,6.3,274,21.8,90.875,6.673,22.785,,,,,,,,,,,,,,,,,,,,,,
"159","NORTH CHILCO","2023081614",0,28.2,26,9.5,261,23.5,91.405,8.456,26.879,,,,,,,,,,,,,,,,,,,,,,
"159","NORTH CHILCO","2023081615",0,27.4,28,10.2,259,23.5,91.716,9.155,28.381,,,,,,,,,,,,,,,,,,,,,,
"159","NORTH CHILCO","2023081616",0,26.1,30,7.8,205,21.8,91.837,8.252,26.43,,,,,,,,,,,,,,,,,,,,,,
"159","NORTH CHILCO","2023081617",0,27.8,25,8.6,196,21.2,92.201,9.046,28.15,,,,,,,,,,,,,,,,,,,,,,
"159","NORTH CHILCO","2023081618",0,27.9,24,5.9,224,18.3,92.527,8.267,26.462,,,,,,,,,,,,,,,,,,,,,,
"159","NORTH CHILCO","2023081619",0,25.5,30,3.5,342,13.1,92.577,7.376,24.448,,,,,,,,,,,,,,,,,,,,,,
"159","NORTH CHILCO","2023081620",0,22.4,38,4.1,287,9.7,92.502,7.523,24.787,,,,,,,,,,,,,,,,,,,,,,
"159","NORTH CHILCO","2023081621",0,20.4,43,3.7,270,9.1,92.305,7.171,23.969,,,,,,,,,,,,,,,,,,,,,,
"159","NORTH CHILCO","2023081622",0,18.9,47,5.1,279,12,92.011,7.382,24.461,,,,,,,,,,,,,,,,,,,,,,
"159","NORTH CHILCO","2023081623",0,18.4,52,2.2,252,10.8,91.678,6.084,21.334,,,,,,,,,,,,,,,,,,,,,,
"161","GRASSY PLAINS HUB","2023081600",0,14,49,3.6,321,17.2,89.554,4.821,11.001,,,,,,,,,,,,,,0,1,176.81,,,,,,
"161","GRASSY PLAINS HUB","2023081601",0,13.7,52,0,323,18.3,89.469,3.973,9.362,,,,,,,,,,,,,,0,1,176.77,,,,,,
"161","GRASSY PLAINS HUB","2023081602",0,13.4,57,8.8,325,20,89.202,5.958,13.037,,,,,,,,,,,,,,0,1,176.74,,,,,,
"161","GRASSY PLAINS HUB","2023081603",0,11.9,65,0,320,22.3,88.95,3.688,8.782,,,,,,,,,,,,,,0,1,176.72,,,,,,
"161","GRASSY PLAINS HUB","2023081604",0,9.3,78,0,320,2.8,88.492,3.453,8.294,,,,,,,,,,,,,,0,1,176.72,,,,,,
"161","GRASSY PLAINS HUB","2023081605",0,9.7,75,0,320,0,88.125,3.276,7.919,,,,,,,,,,,,,,0,1,176.68,,,,,,
"161","GRASSY PLAINS HUB","2023081606",0,8.1,86,0,320,0,87.547,3.016,7.353,,,,,,,,,,,,,,0,1,176.69,,,,,,
"161","GRASSY PLAINS HUB","2023081607",0,12.9,60,0,320,0,87.49,2.991,7.299,,,,,,,,,,,,,,0,1,176.61,,,,,,
"161","GRASSY PLAINS HUB","2023081608",0,17.1,53,0,320,0,87.539,3.012,7.345,,,,,,,,,,,,,,0,1,176.58,,,,,,
"161","GRASSY PLAINS HUB","2023081609",0,18.6,45,1.9,320,10.2,87.634,3.36,8.098,,,,,,,,,,,,,,0,1,176.58,,,,,,
"161","GRASSY PLAINS HUB","2023081610",0,21.4,38,3.3,320,11.4,87.948,3.772,8.955,,,,,,,,,,,,,,0,1,176.56,,,,,,
"161","GRASSY PLAINS HUB","2023081611",0,23,33,6,322,14.3,88.447,4.642,10.663,,,,,,,,,,,,,,0,1,176.55,,,,,,
"161","GRASSY PLAINS HUB","2023081612",0,25.3,32,6.8,321,17.2,89.009,5.239,11.768,0,91.222,7.191,16.35,24.309,573.99,43.963,3,,,,,,0,1,176.53,,,,,,
"161","GRASSY PLAINS HUB","2023081613",0,26.3,27,14.8,328,24.1,89.803,8.786,18.97,,,,,,,,,,,,,,0,1,176.52,,,,,,
"161","GRASSY PLAINS HUB","2023081614",0,27.8,26,12.8,326,24.1,90.552,8.843,19.06,,,,,,,,,,,,,,0,1,176.46,,,,,,
"161","GRASSY PLAINS HUB","2023081615",0,27.6,28,16.6,331,26.4,91.074,11.537,23.073,,,,,,,,,,,,,,0,1,176.4,,,,,,
"161","GRASSY PLAINS HUB","2023081616",0,27.5,33,15.1,330,27.5,91.261,10.985,22.286,,,,,,,,,,,,,,0,1,176.32,,,,,,
"161","GRASSY PLAINS HUB","2023081617",0,26.6,38,22.5,339,30.4,91.311,16.064,29.019,,,,,,,,,,,,,,0,1,176.24,,,,,,
"161","GRASSY PLAINS HUB","2023081618",0,25.8,39,21.4,338,36.7,91.361,15.306,28.079,,,,,,,,,,,,,,0,1,176.16,,,,,,
"161","GRASSY PLAINS HUB","2023081619",0,21.9,51,8.4,320,37.9,91.086,7.645,17.118,,,,,,,,,,,,,,0,1,176.07,,,,,,
"161","GRASSY PLAINS HUB","2023081620",0,20.4,57,8.5,322,16,90.67,7.242,16.437,,,,,,,,,,,,,,0,1,176.01,,,,,,
"161","GRASSY PLAINS HUB","2023081621",0,19.1,61,6.7,322,18.3,90.215,6.197,14.6,,,,,,,,,,,,,,0,1,175.94,,,,,,
"161","GRASSY PLAINS HUB","2023081622",0,18.1,60,14,327,20.6,89.779,8.41,18.372,,,,,,,,,,,,,,0,1,175.89,,,,,,
"161","GRASSY PLAINS HUB","2023081623",0,17.2,63,15.2,328,20,89.308,8.351,18.276,,,,,,,,,,,,,,0,1,175.83,,,,,,
"162","HOUSTON","2023081600",0,13,73,3.5,95,18.9,89.974,5.095,14.178,,,,,,,,,,,,,,,,,,,,,,
"162","HOUSTON","2023081601",0,12.9,75,5,152,8.5,89.267,4.965,13.897,,,,,,,,,,,,,,,,,,,,,,
"162","HOUSTON","2023081602",0,11.3,77,3.3,174,10.8,88.633,4.161,12.089,,,,,,,,,,,,,,,,,,,,,,
"162","HOUSTON","2023081603",0,9.9,85,6.6,145,8.5,87.753,4.332,12.483,,,,,,,,,,,,,,,,,,,,,,
"162","HOUSTON","2023081604",0,9.8,84,3.3,172,10.8,87.081,3.332,10.081,,,,,,,,,,,,,,,,,,,,,,
"162","HOUSTON","2023081605",0,8.5,90,3.7,134,7.9,86.247,3.021,9.281,,,,,,,,,,,,,,,,,,,,,,
"162","HOUSTON","2023081606",0,7.2,96,2.1,87,6.8,85.249,2.424,7.66,,,,,,,,,,,,,,,,,,,,,,
"162","HOUSTON","2023081607",0,12.3,77,2.5,49,7.9,85.048,2.406,7.608,,,,,,,,,,,,,,,,,,,,,,
"162","HOUSTON","2023081608",0,16.1,61,7,267,9.7,85.096,3.038,9.326,,,,,,,,,,,,,,,,,,,,,,
"162","HOUSTON","2023081609",0,18.9,52,6,233,10.8,85.338,2.987,9.193,,,,,,,,,,,,,,,,,,,,,,
"162","HOUSTON","2023081610",0,20.2,46,6.5,180,10.8,85.728,3.235,9.833,,,,,,,,,,,,,,,,,,,,,,
"162","HOUSTON","2023081611",0,21.6,47,2.9,215,12.5,86.053,2.824,8.759,,,,,,,,,,,,,,,,,,,,,,
"162","HOUSTON","2023081612",0,24.8,38,4.8,341,9.7,86.726,3.417,10.295,0,91.376,6.645,18.14,35.905,441.806,59.684,4,,,,,,,,,,,,,,
"162","HOUSTON","2023081613",0,26.3,37,6.3,171,20,87.427,4.072,12.471,,,,,,,,,,,,,,,,,,,,,,
"162","HOUSTON","2023081614",0,27.6,35,8.5,249,18.9,88.183,5.07,14.799,,,,,,,,,,,,,,,,,,,,,,
"162","HOUSTON","2023081615",0,28,36,14.1,251,27.5,88.84,7.387,19.603,,,,,,,,,,,,,,,,,,,,,,
"162","HOUSTON","2023081616",0,28.4,34,14.7,254,26.4,89.477,8.343,21.401,,,,,,,,,,,,,,,,,,,,,,
"162","HOUSTON","2023081617",0,26.6,43,7.1,238,21.8,89.56,5.757,16.3,,,,,,,,,,,,,,,,,,,,,,
"162","HOUSTON","2023081618",0,26.6,40,12.9,246,26.4,89.735,7.907,20.591,,,,,,,,,,,,,,,,,,,,,,
"162","HOUSTON","2023081619",0,23.4,43,15.1,245,31,89.784,8.896,22.404,,,,,,,,,,,,,,,,,,,,,,
"162","HOUSTON","2023081620",0,21.1,55,6.8,272,20,89.622,5.721,16.224,,,,,,,,,,,,,,,,,,,,,,
"162","HOUSTON","2023081621",0,16.2,74,5.6,117,8.5,88.958,4.895,14.405,,,,,,,,,,,,,,,,,,,,,,
"162","HOUSTON","2023081622",0,14.8,77,5.9,128,8.5,88.287,4.514,13.525,,,,,,,,,,,,,,,,,,,,,,
"162","HOUSTON","2023081623",0,12.6,86,4.7,126,7.4,87.412,3.749,11.67,,,,,,,,,,,,,,,,,,,,,,
"163","LOVELL COVE","2023081600",0,7.9,87,5.2,55,7.4,77.515,1.177,3.656,,,,,,,,,0,193.3,,0,0,0,0,0,,0,0,,0,
"163","LOVELL COVE","2023081601",0,7.4,90,5.2,36,6.8,77.56,1.181,3.672,,,,,,,,,0,193.3,,0,0,0,0,0,,0,0,,0,
"163","LOVELL COVE","2023081602",0,7.4,93,5.3,47,7.4,77.527,1.184,3.682,,,,,,,,,0,193.3,,0,0,0,0,0,,0,0,,0,
"163","LOVELL COVE","2023081603",0,6.9,95,4.6,50,6.8,77.39,1.131,3.491,,,,,,,,,0,193.3,,0,0,0,0,0,,0,0,,0,
"163","LOVELL COVE","2023081604",0,6.4,97,4.9,42,6.2,77.14,1.126,3.475,,,,,,,,,0,193.3,,0,0,0,0,0,,0,0,,0,
"163","LOVELL COVE","2023081605",0,6,98,4.9,50,6.2,76.845,1.102,3.388,,,,,,,,,0,193.3,,0,0,0,0,0,,0,0,,0,
"163","LOVELL COVE","2023081606",0,6.1,99,4.9,39,6.8,76.506,1.076,3.293,,,,,,,,,0,193.3,,0,0,0,0,0,,0,0,,0,
"163","LOVELL COVE","2023081607",0,6.9,100,0,28,6.2,76.23,0.825,2.327,,,,,,,,,0,193.3,,0,0,0,0,0,,0,0,,0,
"163","LOVELL COVE","2023081608",0,10.6,79,4,241,6.2,76.48,1.027,3.109,,,,,,,,,0,193.3,,0,0,0,0,0,,0,0,,0,
"163","LOVELL COVE","2023081609",0,14.9,60,5.6,221,10.8,77.231,1.175,3.649,,,,,,,,,0,193.3,,0,0,0,0,0,,0,0,,0,
"163","LOVELL COVE","2023081610",0,17.8,50,4.6,191,10.8,78.255,1.214,3.787,,,,,,,,,0,193.3,,0,0,0,0,0,,0,0,,0,
"163","LOVELL COVE","2023081611",0,20.6,41,6.4,200,11.4,79.649,1.515,4.806,,,,,,,,,0,193.3,,0,0,0,0,0,,0,0,,0,
"163","LOVELL COVE","2023081612",0,19.8,46,3.9,208,11.4,80.614,1.478,4.686,0,83.925,2.218,7.263,33.035,533.983,57.22,3,0,193.3,,0,0,0,0,0,,0,0,,0,
"163","LOVELL COVE","2023081613",0,20.4,45,4,307,10.8,81.536,1.65,5.492,,,,,,,,,0,193.3,,0,0,0,0,0,,0,0,,0,
"163","LOVELL COVE","2023081614",0,21.8,44,7.9,225,18.3,82.55,2.271,7.422,,,,,,,,,0,193.3,,0,0,0,0,0,,0,0,,0,
"163","LOVELL COVE","2023081615",0,20.8,46,6.4,236,17.2,83.3,2.317,7.557,,,,,,,,,0,193.3,,0,0,0,0,0,,0,0,,0,
"163","LOVELL COVE","2023081616",0,21.2,47,7.2,259,13.7,83.962,2.632,8.457,,,,,,,,,0,193.3,,0,0,0,0,0,,0,0,,0,
"163","LOVELL COVE","2023081617",0,20.2,52,5,240,13.1,84.356,2.483,8.038,,,,,,,,,0,193.3,,0,0,0,0,0,,0,0,,0,
"163","LOVELL COVE","2023081618",0,19.3,53,2.8,231,16,84.639,2.31,7.534,,,,,,,,,0,193.3,,0,0,0,0,0,,0,0,,0,
"163","LOVELL COVE","2023081619",0,18.9,54,5.4,238,12.5,84.885,2.723,8.712,,,,,,,,,0,193.3,,0,0,0,0,0,,0,0,,0,
"163","LOVELL COVE","2023081620",0,16.2,65,3.3,301,13.7,84.933,2.466,7.987,,,,,,,,,0,193.3,,0,0,0,0,0,,0,0,,0,
"163","LOVELL COVE","2023081621",0,12.9,81,4.9,41,7.4,84.637,2.567,8.275,,,,,,,,,0,193.3,,0,0,0,0,0,,0,0,,0,
"163","LOVELL COVE","2023081622",0,11.6,85,5.6,27,7.9,84.226,2.515,8.128,,,,,,,,,0,193.3,,0,0,0,0,0,,0,0,,0,
"163","LOVELL COVE","2023081623",0,10.5,90,5,45,7.4,83.656,2.262,7.395,,,,,,,,,0,193.3,,0,0,0,0,0,,0,0,,0,
"165","MOOSE LAKE","2023081600",0,12.2,68,2.8,160,16,86.284,2.902,8.574,,,,,,,,,,,,,,0,1,583.53,,,,,,
"165","MOOSE LAKE","2023081601",0,9.4,78,2.2,254,5.1,85.951,2.687,8.013,,,,,,,,,,,,,,0,1,583.56,,,,,,
"165","MOOSE LAKE","2023081602",0,7.3,86,2.4,94,3.9,85.431,2.524,7.579,,,,,,,,,,,,,,0,1,583.57,,,,,,
"165","MOOSE LAKE","2023081603",0,6.1,88,2.4,243,5.1,84.898,2.345,7.092,,,,,,,,,,,,,,0,1,583.58,,,,,,
"165","MOOSE LAKE","2023081604",0,5.1,91,2,184,3.9,84.318,2.124,6.471,,,,,,,,,,,,,,0,1,583.57,,,,,,
"165","MOOSE LAKE","2023081605",0,4.4,93,2.4,234,5.1,83.699,1.995,6.099,,,,,,,,,,,,,,0,1,583.56,,,,,,
"165","MOOSE LAKE","2023081606",0,4,96,2.5,263,5.1,82.983,1.828,5.602,,,,,,,,,,,,,,0,1,583.55,,,,,,
"165","MOOSE LAKE","2023081607",0,6,96,3.4,109,5.6,82.282,1.751,5.371,,,,,,,,,,,,,,0,1,583.5,,,,,,
"165","MOOSE LAKE","2023081608",0,15.5,67,1.9,214,5.1,82.425,1.653,5.069,,,,,,,,,,,,,,0,1,583.32,,,,,,
"165","MOOSE LAKE","2023081609",0,20.6,40,5.7,257,13.1,83.334,2.247,6.818,,,,,,,,,,,,,,0,1,583.18,,,,,,
"165","MOOSE LAKE","2023081610",0,24.1,32,6,279,10.8,84.589,2.695,8.036,,,,,,,,,,,,,,0,1,583.17,,,,,,
"165","MOOSE LAKE","2023081611",0,26.2,34,7.1,261,16.6,85.747,3.343,9.675,,,,,,,,,,,,,,0,1,583.17,,,,,,
"165","MOOSE LAKE","2023081612",0,28.2,29,6.7,286,17.2,87.038,3.931,11.068,0,92.275,8.306,20.981,33.024,578.541,57.799,4,,,,,,0,1,583.19,,,,,,
"165","MOOSE LAKE","2023081613",0,28.7,27,8.8,264,20,88.272,5.213,14.851,,,,,,,,,,,,,,0,1,583.19,,,,,,
"165","MOOSE LAKE","2023081614",0,28,31,7.6,291,18.3,89.045,5.483,15.435,,,,,,,,,,,,,,0,1,583.25,,,,,,
"165","MOOSE LAKE","2023081615",0,27.9,28,6.6,288,18.9,89.782,5.795,16.096,,,,,,,,,,,,,,0,1,583.27,,,,,,
"165","MOOSE LAKE","2023081616",0,28.2,30,5.6,280,14.9,90.311,5.943,16.407,,,,,,,,,,,,,,0,1,583.29,,,,,,
"165","MOOSE LAKE","2023081617",0,25.7,33,8.6,249,23.5,90.556,7.161,18.84,,,,,,,,,,,,,,0,1,583.36,,,,,,
"165","MOOSE LAKE","2023081618",0,24.1,34,9.5,256,22.3,90.675,7.621,19.716,,,,,,,,,,,,,,0,1,583.42,,,,,,
"165","MOOSE LAKE","2023081619",0,23.1,35,8.6,249,24.6,90.725,7.335,19.174,,,,,,,,,,,,,,0,1,583.43,,,,,,
"165","MOOSE LAKE","2023081620",0,19.9,42,4.6,242,16,90.726,5.997,16.518,,,,,,,,,,,,,,0,1,583.49,,,,,,
"165","MOOSE LAKE","2023081621",0,16.3,56,3.9,233,7.4,90.405,5.53,15.536,,,,,,,,,,,,,,0,1,583.55,,,,,,
"165","MOOSE LAKE","2023081622",0,15.7,57,2.5,224,7.9,90.115,4.943,14.257,,,,,,,,,,,,,,0,1,583.56,,,,,,
"165","MOOSE LAKE","2023081623",0,17.2,55,5.9,244,11.4,89.87,5.665,15.824,,,,,,,,,,,,,,0,1,583.5,,,,,,
"166","KLUSKUS","2023081600",0,14.4,46,6.6,286,17.9,89.488,5.556,12.24,,,,,,,,,,,,,,0,1,552.64,,,,3688.4,0,
"166","KLUSKUS","2023081601",0,13.4,48,4.3,277,19.1,89.415,4.896,11.051,,,,,,,,,,,,,,0,1,552.63,,,,3688.4,0,
"166","KLUSKUS","2023081602",0,14.1,44,8.5,278,20.6,89.416,6.051,13.098,,,,,,,,,,,,,,0,1,552.62,,,,3688.4,0,
"166","KLUSKUS","2023081603",0,12.8,50,5.5,266,15.4,89.304,5.119,11.459,,,,,,,,,,,,,,0,1,552.62,,,,3688.4,0,
"166","KLUSKUS","2023081604",0,12.4,55,2.7,263,21.7,89.133,4.338,9.998,,,,,,,,,,,,,,0,1,552.61,,,,3688.4,0,
"166","KLUSKUS","2023081605",0,9.2,70,2.4,207,8.1,88.703,4.017,9.372,,,,,,,,,,,,,,0,1,552.61,,,,3688.4,0,
"166","KLUSKUS","2023081606",0,10.9,70,4.5,262,16.4,88.276,4.2,9.731,,,,,,,,,,,,,,0,1,552.57,,,,3688.4,0,
"166","KLUSKUS","2023081607",0,13.3,64,2.2,318,8.7,88.052,3.622,8.575,,,,,,,,,,,,,,0,1,552.55,,,,3688.4,0,
"166","KLUSKUS","2023081608",0,18.1,41,6.9,234,15.5,88.172,4.67,10.63,,,,,,,,,,,,,,0,1,552.55,,,,3688.4,0,
"166","KLUSKUS","2023081609",0,21.6,37,4.6,21,14.1,88.46,4.334,9.992,,,,,,,,,,,,,,0,1,552.53,,,,3688.4,0,
"166","KLUSKUS","2023081610",0,22.8,40,4.3,29,11.2,88.663,4.395,10.109,,,,,,,,,,,,,,0,1,552.55,,,,3688.4,0,
"166","KLUSKUS","2023081611",0,24.4,32,11.2,221,23.5,89.19,6.711,14.2,,,,,,,,,,,,,,0,1,552.57,,,,3688.4,0,
"166","KLUSKUS","2023081612",0,26.2,30,7.4,230,22.2,89.749,6.005,13.019,0,91.8,8.045,17.648,25.093,397.269,43.342,4,,,,,,0,1,552.59,,,,3688.4,0,
"166","KLUSKUS","2023081613",0,26.8,31,10.5,194,22.6,90.225,7.515,16.774,,,,,,,,,,,,,,0,1,552.6,,,,3688.4,0,
"166","KLUSKUS","2023081614",0,27.9,29,7.2,217,22.5,90.717,6.828,15.604,,,,,,,,,,,,,,0,1,552.61,,,,3688.4,0,
"166","KLUSKUS","2023081615",0,27,33,4.1,285,20.8,90.92,6.012,14.153,,,,,,,,,,,,,,0,1,552.62,,,,3688.4,0,
"166","KLUSKUS","2023081616",0,26.8,31,7,240,14.9,91.165,7.205,16.252,,,,,,,,,,,,,,0,1,552.61,,,,3688.4,0,
"166","KLUSKUS","2023081617",0,26.8,30,5.6,251,13.3,91.398,6.941,15.799,,,,,,,,,,,,,,0,1,552.61,,,,3688.4,0,
"166","KLUSKUS","2023081618",0,25.4,30,9.7,227,20.8,91.555,8.726,18.737,,,,,,,,,,,,,,0,1,552.64,,,,3688.4,0,
"166","KLUSKUS","2023081619",0,22.2,38,5.3,236,11.5,91.585,7.021,15.936,,,,,,,,,,,,,,0,1,552.69,,,,3688.4,0,
"166","KLUSKUS","2023081620",0,19.8,43,6.5,242,14.6,91.462,7.329,16.461,,,,,,,,,,,,,,0,1,552.72,,,,3688.4,0,
"166","KLUSKUS","2023081621",0,19,47,5.5,279,12.5,91.26,6.772,15.506,,,,,,,,,,,,,,0,1,552.71,,,,3688.4,0,
"166","KLUSKUS","2023081622",0,19.2,49,6.8,264,18.1,91.029,6.995,15.893,,,,,,,,,,,,,,0,1,552.69,,,,3688.4,0,
"166","KLUSKUS","2023081623",0,19.6,49,7.4,264,17.4,90.826,7.005,15.91,,,,,,,,,,,,,,0,1,552.67,,,,3688.4,0,
"167","AUGIER LAKE","2023081600",0,12.3,59,2.4,253,16,90.302,5.052,14.221,,,,,,,,,0,0,,0,0,0,0,0,,0,0,,0,
"167","AUGIER LAKE","2023081601",0,10,69,2,185,6.8,89.793,4.603,13.226,,,,,,,,,0,0,,0,0,0,0,0,,0,0,,0,
"167","AUGIER LAKE","2023081602",0,9.3,74,2.5,247,6.8,89.214,4.345,12.636,,,,,,,,,0,0,,0,0,0,0,0,,0,0,,0,
"167","AUGIER LAKE","2023081603",0,9.2,78,5.2,239,10.8,88.535,4.515,13.027,,,,,,,,,0,0,,0,0,0,0,0,,0,0,,0,
"167","AUGIER LAKE","2023081604",0,8.6,82,1.7,269,6.8,87.905,3.458,10.504,,,,,,,,,0,0,,0,0,0,0,0,,0,0,,0,
"167","AUGIER LAKE","2023081605",0,7.5,85,5.9,250,9.7,87.151,3.837,11.437,,,,,,,,,0,0,,0,0,0,0,0,,0,0,,0,
"167","AUGIER LAKE","2023081606",0,9.2,85,4.5,246,11.4,86.487,3.254,9.985,,,,,,,,,0,0,,0,0,0,0,0,,0,0,,0,
"167","AUGIER LAKE","2023081607",0,14.6,61,7.5,248,13.7,86.495,3.789,11.321,,,,,,,,,0,0,,0,0,0,0,0,,0,0,,0,
"167","AUGIER LAKE","2023081608",0,16.9,52,8.9,263,17.2,86.543,4.094,12.051,,,,,,,,,0,0,,0,0,0,0,0,,0,0,,0,
"167","AUGIER LAKE","2023081609",0,18.7,48,12.5,234,21.8,86.716,5.03,14.174,,,,,,,,,0,0,,0,0,0,0,0,,0,0,,0,
"167","AUGIER LAKE","2023081610",0,19.9,43,11.2,237,21.8,87.024,4.922,13.936,,,,,,,,,0,0,,0,0,0,0,0,,0,0,,0,
"167","AUGIER LAKE","2023081611",0,22.2,39,6.6,271,20,87.449,4.147,12.176,,,,,,,,,0,0,,0,0,0,0,0,,0,0,,0,
"167","AUGIER LAKE","2023081612",0,25.8,30,10.5,238,20.6,88.326,5.723,15.648,0,91.985,9.656,24.124,36.453,496.708,61.604,4,0,0,,0,0,0,0,0,,0,0,,0,
"167","AUGIER LAKE","2023081613",0,26.3,30,9,318,20.6,89.057,5.894,16.88,,,,,,,,,0,0,,0,0,0,0,0,,0,0,,0,
"167","AUGIER LAKE","2023081614",0,27.2,28,9.6,252,21.8,89.794,6.752,18.668,,,,,,,,,0,0,,0,0,0,0,0,,0,0,,0,
"167","AUGIER LAKE","2023081615",0,25.5,32,6.7,276,22.9,90.144,6.135,17.39,,,,,,,,,0,0,,0,0,0,0,0,,0,0,,0,
"167","AUGIER LAKE","2023081616",0,26.4,34,8.7,238,18.3,90.409,7.046,19.259,,,,,,,,,0,0,,0,0,0,0,0,,0,0,,0,
"167","AUGIER LAKE","2023081617",0,25,38,5.9,282,16,90.458,6.163,17.45,,,,,,,,,0,0,,0,0,0,0,0,,0,0,,0,
"167","AUGIER LAKE","2023081618",0,24.3,42,10,266,25.2,90.508,7.631,20.405,,,,,,,,,0,0,,0,0,0,0,0,,0,0,,0,
"167","AUGIER LAKE","2023081619",0,21.6,50,5.2,262,22.9,90.388,5.889,16.87,,,,,,,,,0,0,,0,0,0,0,0,,0,0,,0,
"167","AUGIER LAKE","2023081620",0,20,53,5.4,259,14.3,90.19,5.783,16.64,,,,,,,,,0,0,,0,0,0,0,0,,0,0,,0,
"167","AUGIER LAKE","2023081621",0,18.7,60,3,227,18.3,89.868,4.893,14.658,,,,,,,,,0,0,,0,0,0,0,0,,0,0,,0,
"167","AUGIER LAKE","2023081622",0,16.4,66,2.4,249,9.1,89.446,4.469,13.663,,,,,,,,,0,0,,0,0,0,0,0,,0,0,,0,
"167","AUGIER LAKE","2023081623",0,13.6,76,0,333,2.2,88.967,3.697,11.755,,,,,,,,,0,0,,0,0,0,0,0,,0,0,,0,
"169","UPPER FULTON","2023081600",0,12.8,64,5.6,313,16.6,87.725,4.102,9.097,,,,,,,,,,,,,,,,,,,,,,
"169","UPPER FULTON","2023081601",0,11.6,69,3.3,27,14.9,87.436,3.505,7.933,,,,,,,,,,,,,,,,,,,,,,
"169","UPPER FULTON","2023081602",0,9.6,78,2.4,149,9.1,86.99,3.143,7.194,,,,,,,,,,,,,,,,,,,,,,
"169","UPPER FULTON","2023081603",0,8.3,83,0,99,6.2,86.576,2.626,6.085,,,,,,,,,,,,,,,,,,,,,,
"169","UPPER FULTON","2023081604",0,7.4,86,0,233,4.5,86.122,2.464,5.72,,,,,,,,,,,,,,,,,,,,,,
"169","UPPER FULTON","2023081605",0,8,85,3,179,5.6,85.601,2.664,6.167,,,,,,,,,,,,,,,,,,,,,,
"169","UPPER FULTON","2023081606",0,7.9,87,1.7,236,5.6,85.094,2.326,5.406,,,,,,,,,,,,,,,,,,,,,,
"169","UPPER FULTON","2023081607",0,10,80,2.3,142,6.8,84.825,2.31,5.37,,,,,,,,,,,,,,,,,,,,,,
"169","UPPER FULTON","2023081608",0,16,55,4.2,63,8.5,84.967,2.592,6.009,,,,,,,,,,,,,,,,,,,,,,
"169","UPPER FULTON","2023081609",0,17.6,53,3.7,108,7.4,85.16,2.596,6.016,,,,,,,,,,,,,,,,,,,,,,
"169","UPPER FULTON","2023081610",0,20.6,43,5.2,47,13.1,85.647,2.995,6.882,,,,,,,,,,,,,,,,,,,,,,
"169","UPPER FULTON","2023081611",0,23.3,37,6.9,283,21.8,86.376,3.615,8.152,,,,,,,,,,,,,,,,,,,,,,
"169","UPPER FULTON","2023081612",0,20.7,45,5.4,275,17.7,86.669,3.494,7.91,0,89.448,5.2,11.783,21.795,391.971,38.271,3,,,,,,,,,,,,,,
"169","UPPER FULTON","2023081613",0,22.3,48,8.5,295,18.9,86.913,4.228,9.943,,,,,,,,,,,,,,,,,,,,,,
"169","UPPER FULTON","2023081614",0,22.1,47,7.8,295,22.3,87.141,4.216,9.919,,,,,,,,,,,,,,,,,,,,,,
"169","UPPER FULTON","2023081615",0,22.3,48,7,294,18.9,87.315,4.152,9.791,,,,,,,,,,,,,,,,,,,,,,
"169","UPPER FULTON","2023081616",0,23.7,44,7.8,251,27.5,87.616,4.512,10.495,,,,,,,,,,,,,,,,,,,,,,
"169","UPPER FULTON","2023081617",0,22,46,8.5,256,26.4,87.772,4.779,11.004,,,,,,,,,,,,,,,,,,,,,,
"169","UPPER FULTON","2023081618",0,20.4,55,6.9,265,17.2,87.821,4.44,10.356,,,,,,,,,,,,,,,,,,,,,,
"169","UPPER FULTON","2023081619",0,18.8,56,5.4,275,18.3,87.851,4.135,9.758,,,,,,,,,,,,,,,,,,,,,,
"169","UPPER FULTON","2023081620",0,17.3,60,4.7,239,16.6,87.771,3.946,9.381,,,,,,,,,,,,,,,,,,,,,,
"169","UPPER FULTON","2023081621",0,15.4,68,4,257,16,87.512,3.671,8.817,,,,,,,,,,,,,,,,,,,,,,
"169","UPPER FULTON","2023081622",0,14.1,78,2.4,259,10.2,87.052,3.171,7.756,,,,,,,,,,,,,,,,,,,,,,
"169","UPPER FULTON","2023081623",0,14.8,69,5,250,15.4,86.839,3.508,8.476,,,,,,,,,,,,,,,,,,,,,,
"170","EAST OOTSA","2023081600",0,14,46,13.9,290,24,90.396,9.141,23.274,,,,,,,,,,,,,,0,1,584.03,,,,4684.8,,
"170","EAST OOTSA","2023081601",0,13,50,10.7,288,20.1,90.159,7.52,20.246,,,,,,,,,,,,,,0,1,584.05,,,,4684.8,,
"170","EAST OOTSA","2023081602",0,12.7,48,9.6,296,17,89.99,6.945,19.108,,,,,,,,,,,,,,0,1,584.03,,,,4684.8,,
"170","EAST OOTSA","2023081603",0,12.2,53,3.4,287,18.4,89.784,4.933,14.792,,,,,,,,,,,,,,0,1,584.01,,,,4684.8,,
"170","EAST OOTSA","2023081604",0,10.3,59,7.1,310,9.9,89.442,5.66,16.42,,,,,,,,,,,,,,0,1,584.06,,,,4684.8,,
"170","EAST OOTSA","2023081605",0,9.3,65,4.9,278,8.9,89.04,4.782,14.442,,,,,,,,,,,,,,0,1,584.05,,,,4684.8,,
"170","EAST OOTSA","2023081606",0,11.8,59,5.1,260,11.6,88.796,4.664,14.166,,,,,,,,,,,,,,0,1,584.01,,,,4684.8,,
"170","EAST OOTSA","2023081607",0,17.4,41,4.5,236,9.2,88.845,4.557,13.913,,,,,,,,,,,,,,0,1,583.86,,,,4684.8,,
"170","EAST OOTSA","2023081608",0,20.3,37,3,296,9,89.004,4.323,13.351,,,,,,,,,,,,,,0,1,583.82,,,,4684.8,,
"170","EAST OOTSA","2023081609",0,21.3,37,5.4,79,12.3,89.177,5.001,14.949,,,,,,,,,,,,,,0,1,583.85,,,,4684.8,,
"170","EAST OOTSA","2023081610",0,22.9,34,8.1,125,15.6,89.473,5.979,17.109,,,,,,,,,,,,,,0,1,583.83,,,,4684.8,,
"170","EAST OOTSA","2023081611",0,24.9,31,7.5,106,15.9,89.894,6.161,17.496,,,,,,,,,,,,,,0,1,583.78,,,,4684.8,,
"170","EAST OOTSA","2023081612",0,25.9,27,10.5,179,19.6,90.463,7.776,20.74,0,92.682,10.653,27.019,42.59,402.137,67.348,4,,,,,,0,1,583.8,,,,4684.8,,
"170","EAST OOTSA","2023081613",0,27.1,24,12.3,158,24.9,91.131,9.365,24.712,,,,,,,,,,,,,,0,1,583.8,,,,4684.8,,
"170","EAST OOTSA","2023081614",0,29.3,20,10.1,273,28.7,91.956,9.424,24.82,,,,,,,,,,,,,,0,1,583.74,,,,4684.8,,
"170","EAST OOTSA","2023081615",0,29.1,21,17.3,289,29.4,92.605,14.843,33.804,,,,,,,,,,,,,,0,1,583.78,,,,4684.8,,
"170","EAST OOTSA","2023081616",0,28.7,21,15.4,288,32.4,93.078,14.413,33.15,,,,,,,,,,,,,,0,1,583.82,,,,4684.8,,
"170","EAST OOTSA","2023081617",0,27.8,25,13.6,281,33.2,93.21,13.409,31.589,,,,,,,,,,,,,,0,1,583.87,,,,4684.8,,
"170","EAST OOTSA","2023081618",0,26.7,28,12.1,270,34.4,93.26,12.521,30.165,,,,,,,,,,,,,,0,1,583.91,,,,4684.8,,
"170","EAST OOTSA","2023081619",0,22.7,41,9.3,288,28.4,92.999,10.484,26.723,,,,,,,,,,,,,,0,1,584.02,,,,4684.8,,
"170","EAST OOTSA","2023081620",0,20.5,47,7.7,272,21.6,92.603,9.148,24.31,,,,,,,,,,,,,,0,1,584.06,,,,4684.8,,
"170","EAST OOTSA","2023081621",0,18.9,51,5.9,282,20.2,92.167,7.857,21.832,,,,,,,,,,,,,,0,1,584.07,,,,4684.8,,
"170","EAST OOTSA","2023081622",0,18.9,53,7.4,324,17.1,91.715,7.949,22.014,,,,,,,,,,,,,,0,1,584.05,,,,4684.8,,
"170","EAST OOTSA","2023081623",0,16.3,65,4.8,284,10.1,91.051,6.345,18.705,,,,,,,,,,,,,,0,1,584.08,,,,4684.8,,
"171","LEO CREEK","2023081600",0,13.6,57,10.4,294,27.8,89.162,6.421,14.676,,,,,,,,,,,,,,,,,,,,5680.2,,
"171","LEO CREEK","2023081601",0,12.6,61,5.1,310,25.5,88.871,4.715,11.504,,,,,,,,,,,,,,,,,,,,5680.2,,
"171","LEO CREEK","2023081602",0,11.5,65,7.4,320,14.5,88.502,5.021,12.101,,,,,,,,,,,,,,,,,,,,5680.2,,
"171","LEO CREEK","2023081603",0,11.1,68,7.6,318,17.9,88.105,4.791,11.654,,,,,,,,,,,,,,,,,,,,5680.2,,
"171","LEO CREEK","2023081604",0,11.2,67,8.3,305,22.9,87.768,4.729,11.532,,,,,,,,,,,,,,,,,,,,5680.2,,
"171","LEO CREEK","2023081605",0,10.9,69,7,314,15.9,87.434,4.222,10.511,,,,,,,,,,,,,,,,,,,,5680.2,,
"171","LEO CREEK","2023081606",0,10.7,69,9.1,312,17.7,87.119,4.488,11.051,,,,,,,,,,,,,,,,,,,,5680.2,,
"171","LEO CREEK","2023081607",0,13.8,59,9.1,304,20.3,87.079,4.463,11,,,,,,,,,,,,,,,,,,,,5680.2,,
"171","LEO CREEK","2023081608",0,15.9,53,9.3,312,19.8,87.127,4.539,11.153,,,,,,,,,,,,,,,,,,,,5680.2,,
"171","LEO CREEK","2023081609",0,17.9,47,10.8,301,22.2,87.226,4.964,11.992,,,,,,,,,,,,,,,,,,,,5680.2,,
"171","LEO CREEK","2023081610",0,19.1,42,7.2,300,25.7,87.451,4.276,10.621,,,,,,,,,,,,,,,,,,,,5680.2,,
"171","LEO CREEK","2023081611",0,19.8,40,9.5,314,21.3,87.728,4.995,12.051,,,,,,,,,,,,,,,,,,,,5680.2,,
"171","LEO CREEK","2023081612",0,21.8,39,8.3,307,20.1,88.052,4.925,11.916,0,89.441,6.012,14.766,26.421,517.01,46.856,3,,,,,,,,,,,,5680.2,,
"171","LEO CREEK","2023081613",0,21.2,40,8.1,318,23,88.282,5.039,12.869,,,,,,,,,,,,,,,,,,,,5680.2,,
"171","LEO CREEK","2023081614",0,23.1,36,6.1,292,18,88.644,4.799,12.38,,,,,,,,,,,,,,,,,,,,5680.2,,
"171","LEO CREEK","2023081615",0,23.3,41,9,296,20.3,88.825,5.7,14.172,,,,,,,,,,,,,,,,,,,,5680.2,,
"171","LEO CREEK","2023081616",0,23.1,43,9.9,287,18.8,88.916,6.044,14.825,,,,,,,,,,,,,,,,,,,,5680.2,,
"171","LEO CREEK","2023081617",0,22.1,47,11.8,300,24.1,88.965,6.698,16.032,,,,,,,,,,,,,,,,,,,,5680.2,,
"171","LEO CREEK","2023081618",0,23.3,45,9.4,294,27,89.014,5.977,14.699,,,,,,,,,,,,,,,,,,,,5680.2,,
"171","LEO CREEK","2023081619",0,21,50,7.6,284,19.7,89.063,5.497,13.778,,,,,,,,,,,,,,,,,,,,5680.2,,
"171","LEO CREEK","2023081620",0,18.6,58,2.7,298,12.7,88.916,4.205,11.128,,,,,,,,,,,,,,,,,,,,5680.2,,
"171","LEO CREEK","2023081621",0,17.5,62,4.4,309,14.9,88.673,4.423,11.596,,,,,,,,,,,,,,,,,,,,5680.2,,
"171","LEO CREEK","2023081622",0,15.2,70,2.6,310,8,88.285,3.821,10.285,,,,,,,,,,,,,,,,,,,,5680.2,,
"171","LEO CREEK","2023081623",0,14,73,3.7,297,10,87.846,3.793,10.222,,,,,,,,,,,,,,,,,,,,5680.2,,
"172","NILKITKWA","2023081600",0,11.2,70,9.8,314,17.2,85.425,3.662,6.705,,,,,,,,,,,,,,,,,,,,,,
"172","NILKITKWA","2023081601",0,10.2,74,6.1,357,16.6,85.232,2.959,5.467,,,,,,,,,,,,,,,,,,,,,,
"172","NILKITKWA","2023081602",0,9.7,77,5.7,7,15.4,84.988,2.804,5.183,,,,,,,,,,,,,,,,,,,,,,
"172","NILKITKWA","2023081603",0,8.6,88,5.7,29,17.2,84.423,2.596,4.792,,,,,,,,,,,,,,,,,,,,,,
"172","NILKITKWA","2023081604",0,9.5,79,6.9,348,20,84.204,2.678,4.947,,,,,,,,,,,,,,,,,,,,,,
"172","NILKITKWA","2023081605",0,8.5,86,4,26,16,83.82,2.198,4.013,,,,,,,,,,,,,,,,,,,,,,
"172","NILKITKWA","2023081606",0,10.4,76,7.9,335,17.7,83.746,2.649,4.893,,,,,,,,,,,,,,,,,,,,,,
"172","NILKITKWA","2023081607",0,12.4,67,6.6,343,18.3,83.793,2.497,4.602,,,,,,,,,,,,,,,,,,,,,,
"172","NILKITKWA","2023081608",0,15.7,55,9.7,335,17.2,84.054,3.022,5.583,,,,,,,,,,,,,,,,,,,,,,
"172","NILKITKWA","2023081609",0,16,55,7.8,326,21.2,84.287,2.833,5.237,,,,,,,,,,,,,,,,,,,,,,
"172","NILKITKWA","2023081610",0,19,45,9.4,315,21.8,84.818,3.301,6.081,,,,,,,,,,,,,,,,,,,,,,
"172","NILKITKWA","2023081611",0,19.8,41,7.5,292,20,85.399,3.249,5.989,,,,,,,,,,,,,,,,,,,,,,
"172","NILKITKWA","2023081612",0,20.2,43,6,289,17.7,85.852,3.209,5.918,0,87.501,4.054,8.096,15.651,422.58,28.65,3,,,,,,,,,,,,,,
"172","NILKITKWA","2023081613",0,21.5,42,6.9,213,15.4,86.329,3.591,7.264,,,,,,,,,,,,,,,,,,,,,,
"172","NILKITKWA","2023081614",0,21.1,48,4.8,317,14.3,86.565,3.34,6.798,,,,,,,,,,,,,,,,,,,,,,
"172","NILKITKWA","2023081615",0,21.2,49,10.5,302,21.8,86.773,4.585,9.011,,,,,,,,,,,,,,,,,,,,,,
"172","NILKITKWA","2023081616",0,22.7,46,8.4,294,23.5,87.067,4.3,8.526,,,,,,,,,,,,,,,,,,,,,,
"172","NILKITKWA","2023081617",0,21.9,46,11.9,301,24.6,87.308,5.309,10.2,,,,,,,,,,,,,,,,,,,,,,
"172","NILKITKWA","2023081618",0,19.4,55,8.6,322,21.8,87.356,4.527,8.913,,,,,,,,,,,,,,,,,,,,,,
"172","NILKITKWA","2023081619",0,18.6,56,8.2,283,22.9,87.404,4.467,8.811,,,,,,,,,,,,,,,,,,,,,,
"172","NILKITKWA","2023081620",0,17.1,63,6.3,297,14.3,87.304,4.002,8.004,,,,,,,,,,,,,,,,,,,,,,
"172","NILKITKWA","2023081621",0,14.4,78,5.9,336,13.7,86.811,3.656,7.383,,,,,,,,,,,,,,,,,,,,,,
"172","NILKITKWA","2023081622",0,12.6,86,4.6,338,10.8,86.117,3.104,6.348,,,,,,,,,,,,,,,,,,,,,,
"172","NILKITKWA","2023081623",0,11.3,90,5.9,350,12.5,85.303,2.958,6.064,,,,,,,,,,,,,,,,,,,,,,
"173","NORTH BABINE","2023081600",0,8.6,81,1.8,60,5.1,88.214,3.633,,,,,,,,,,,,,,,,,,,,,,,
"173","NORTH BABINE","2023081601",0,7.3,87,2,2,3.9,87.46,3.294,,,,,,,,,,,,,,,,,,,,,,,
"173","NORTH BABINE","2023081602",0,6.2,93,2.2,30,3.9,86.533,2.916,,,,,,,,,,,,,,,,,,,,,,,
"173","NORTH BABINE","2023081603",0,5.9,93,2.3,9,4.5,85.695,2.605,,,,,,,,,,,,,,,,,,,,,,,
"173","NORTH BABINE","2023081604",0,5.5,96,0,354,3.9,84.963,2.097,,,,,,,,,,,,,,,,,,,,,,,
"173","NORTH BABINE","2023081605",0,5.2,97,1.7,1,5.6,84.084,2.027,,,,,,,,,,,,,,,,,,,,,,,
"173","NORTH BABINE","2023081606",0,5.2,98,0,5,3.9,83.374,1.694,,,,,,,,,,,,,,,,,,,,,,,
"173","NORTH BABINE","2023081607",0,6.9,95,2,155,6.8,82.723,1.724,,,,,,,,,,,,,,,,,,,,,,,
"173","NORTH BABINE","2023081608",0,13.5,64,4.3,219,8.5,82.861,1.97,,,,,,,,,,,,,,,,,,,,,,,
"173","NORTH BABINE","2023081609",0,16.7,50,6.9,188,12.5,83.332,2.386,,,,,,,,,,,,,,,,,,,,,,,
"173","NORTH BABINE","2023081610",0,18.8,45,7.1,238,15.4,83.945,2.612,,,,,,,,,,,,,,,,,,,,,,,
"173","NORTH BABINE","2023081611",0,19.3,43,5.2,229,14.3,84.528,2.567,,,,,,,,,,,,,,,,,,,,,,,
"173","NORTH BABINE","2023081612",0,19.7,43,4.7,257,12.5,85.051,2.689,,0,,,,,,,,,,,,,,,,,,,,,
"173","NORTH BABINE","2023081613",0,19.9,41,6.2,212,12.5,85.59,3.125,,,,,,,,,,,,,,,,,,,,,,,
"173","NORTH BABINE","2023081614",0,22.4,40,7.2,172,12,86.199,3.579,,,,,,,,,,,,,,,,,,,,,,,
"173","NORTH BABINE","2023081615",0,21.2,43,5.5,203,17.7,86.58,3.467,,,,,,,,,,,,,,,,,,,,,,,
"173","NORTH BABINE","2023081616",0,21.2,48,10.4,239,25.8,86.812,4.586,,,,,,,,,,,,,,,,,,,,,,,
"173","NORTH BABINE","2023081617",0,22.3,44,9.6,235,21.8,87.15,4.622,,,,,,,,,,,,,,,,,,,,,,,
"173","NORTH BABINE","2023081618",0,19.9,50,7.6,254,18.3,87.221,4.222,,,,,,,,,,,,,,,,,,,,,,,
"173","NORTH BABINE","2023081619",0,19.7,49,8.9,239,25.2,87.301,4.56,,,,,,,,,,,,,,,,,,,,,,,
"173","NORTH BABINE","2023081620",0,17.3,60,5.8,247,17.7,87.283,3.89,,,,,,,,,,,,,,,,,,,,,,,
"173","NORTH BABINE","2023081621",0,14.6,70,4.7,255,12,87.021,3.546,,,,,,,,,,,,,,,,,,,,,,,
"173","NORTH BABINE","2023081622",0,13.7,74,5.5,280,14.3,86.679,3.516,,,,,,,,,,,,,,,,,,,,,,,
"173","NORTH BABINE","2023081623",0,12.1,80,0,27,10.8,86.35,2.544,,,,,,,,,,,,,,,,,,,,,,,
"175","BEDNESTI","2023081600",0,17.3,41,7.2,203,21.2,91.423,7.55,22.038,,,,,,,,,,,,,,,,,,,,,,
"175","BEDNESTI","2023081601",0,16.6,44,5.5,229,13.7,91.265,6.776,20.394,,,,,,,,,,,,,,,,,,,,,,
"175","BEDNESTI","2023081602",0,15.9,46,5.4,232,14.9,91.077,6.564,19.93,,,,,,,,,,,,,,,,,,,,,,
"175","BEDNESTI","2023081603",0,15,47,4.9,201,17.7,90.884,6.227,19.181,,,,,,,,,,,,,,,,,,,,,,
"175","BEDNESTI","2023081604",0,13.6,56,2.8,199,10.2,90.554,5.344,17.134,,,,,,,,,,,,,,,,,,,,,,
"175","BEDNESTI","2023081605",0,12.3,61,2.7,302,8.5,90.158,5.025,16.361,,,,,,,,,,,,,,,,,,,,,,
"175","BEDNESTI","2023081606",0,15.2,53,3.5,169,9.1,89.955,5.081,16.499,,,,,,,,,,,,,,,,,,,,,,
"175","BEDNESTI","2023081607",0,18.1,42,5.5,181,9.1,90.004,5.66,17.88,,,,,,,,,,,,,,,,,,,,,,
"175","BEDNESTI","2023081608",0,20.2,35,8,243,17.7,90.069,6.48,19.744,,,,,,,,,,,,,,,,,,,,,,
"175","BEDNESTI","2023081609",0,21.4,34,9.2,259,21.2,90.186,7,20.877,,,,,,,,,,,,,,,,,,,,,,
"175","BEDNESTI","2023081610",,,,,,,,,,,,,,,,,,,,,,,,,,,,,,,
"175","BEDNESTI","2023081611",0,25,31,7.8,245,20,90.471,6.795,20.434,,,,,,,,,,,,,,,,,,,,,,
"175","BEDNESTI","2023081612",0,26.3,30,6.6,254,18.9,90.81,6.713,20.256,0,91.904,7.842,23.541,47.353,553.469,78.018,4,,,,,,,,,,,,,,
"175","BEDNESTI","2023081613",0,27.2,29,8,256,18.9,91.172,7.585,22.993,,,,,,,,,,,,,,,,,,,,,,
"175","BEDNESTI","2023081614",0,28.4,27,7.2,318,24.1,91.594,7.735,23.314,,,,,,,,,,,,,,,,,,,,,,
"175","BEDNESTI","2023081615",0,29.2,27,6.3,247,17.2,91.964,7.791,23.432,,,,,,,,,,,,,,,,,,,,,,
"175","BEDNESTI","2023081616",0,29.8,26,6.7,280,16.6,92.335,8.376,24.653,,,,,,,,,,,,,,,,,,,,,,
"175","BEDNESTI","2023081617",0,29.5,27,4.2,307,13.7,92.567,7.63,23.089,,,,,,,,,,,,,,,,,,,,,,
"175","BEDNESTI","2023081618",0,27.6,31,2.7,275,10.2,92.617,7.125,21.995,,,,,,,,,,,,,,,,,,,,,,
"175","BEDNESTI","2023081619",0,24.3,37,0,219,5.6,92.617,6.219,19.946,,,,,,,,,,,,,,,,,,,,,,
"175","BEDNESTI","2023081620",0,22.4,40,5.2,280,9.1,92.486,7.934,23.733,,,,,,,,,,,,,,,,,,,,,,
"175","BEDNESTI","2023081621",0,20.9,46,4.6,227,10.2,92.216,7.41,22.617,,,,,,,,,,,,,,,,,,,,,,
"175","BEDNESTI","2023081622",0,20.1,50,3.9,235,8.5,91.885,6.826,21.332,,,,,,,,,,,,,,,,,,,,,,
"175","BEDNESTI","2023081623",0,20.4,50,4.7,219,13.7,91.585,6.811,21.299,,,,,,,,,,,,,,,,,,,,,,
"178","PEDEN","2023081600",0,13.2,55,5.7,65,11.4,90.661,6.28,18.519,,,,,,,,,,,,,,0,1,115.79,,,,,,
"178","PEDEN","2023081601",0,13,55,5.7,51,14.3,90.332,5.992,17.888,,,,,,,,,,,,,,0,1,115.75,,,,,,
"178","PEDEN","2023081602",0,11.4,63,3.4,40,13.7,89.905,5.02,15.666,,,,,,,,,,,,,,0,1,115.73,,,,,,
"178","PEDEN","2023081603",0,10,70,4.6,26,8.5,89.356,4.929,15.449,,,,,,,,,,,,,,0,1,115.7,,,,,,
"178","PEDEN","2023081604",0,8.9,78,0,33,7.4,88.869,3.645,12.212,,,,,,,,,,,,,,0,1,115.69,,,,,,
"178","PEDEN","2023081605",0,7.5,84,5.6,43,7.4,88.054,4.3,13.911,,,,,,,,,,,,,,0,1,115.67,,,,,,
"178","PEDEN","2023081606",0,7.3,85,4.4,23,9.1,87.318,3.643,12.206,,,,,,,,,,,,,,0,1,115.66,,,,,,
"178","PEDEN","2023081607",0,13.1,66,0,55,6.2,87.195,2.868,10.039,,,,,,,,,,,,,,0,1,115.62,,,,,,
"178","PEDEN","2023081608",0,17.9,47,5.3,321,9.1,87.28,3.792,12.601,,,,,,,,,,,,,,0,1,115.6,,,,,,
"178","PEDEN","2023081609",0,20.3,37,3.9,274,8.5,87.636,3.718,12.405,,,,,,,,,,,,,,0,1,115.57,,,,,,
"178","PEDEN","2023081610",0,23.8,31,5.2,344,12.5,88.268,4.346,14.025,,,,,,,,,,,,,,0,1,115.47,,,,,,
"178","PEDEN","2023081611",0,26.1,25,7.1,324,13.1,89.171,5.444,16.655,,,,,,,,,,,,,,0,1,115.31,,,,,,
"178","PEDEN","2023081612",0,27.9,24,11.3,353,22.9,90.126,7.714,21.495,0,93.544,12.511,31.563,43.229,635.769,73.897,5,,,,,,0,1,115.07,,,,,,
"178","PEDEN","2023081613",0,30.1,22,7.9,302,18.9,91.073,7.442,22.048,,,,,,,,,,,,,,0,1,114.82,,,,,,
"178","PEDEN","2023081614",0,29.1,22,10.7,295,24.6,91.807,9.51,26.188,,,,,,,,,,,,,,0,1,114.54,,,,,,
"178","PEDEN","2023081615",0,31.4,24,10,24,20,92.408,9.994,27.1,,,,,,,,,,,,,,0,1,114.24,,,,,,
"178","PEDEN","2023081616",0,29.3,32,11.2,353,41.9,92.458,10.692,28.382,,,,,,,,,,,,,,0,1,113.95,,,,,,
"178","PEDEN","2023081617",0,28,35,10.2,328,31,92.508,10.239,27.553,,,,,,,,,,,,,,0,1,113.71,,,,,,
"178","PEDEN","2023081618",0,25.4,41,9.7,339,21.8,92.394,9.824,26.782,,,,,,,,,,,,,,0,1,113.55,,,,,,
"178","PEDEN","2023081619",0,22.9,48,8.4,344,20,92.067,8.787,24.788,,,,,,,,,,,,,,0,1,113.41,,,,,,
"178","PEDEN","2023081620",0,21.5,50,10.4,345,18.9,91.699,9.225,25.642,,,,,,,,,,,,,,0,1,113.27,,,,,,
"178","PEDEN","2023081621",0,20.1,52,7.9,343,19.5,91.336,7.725,22.642,,,,,,,,,,,,,,0,1,113.19,,,,,,
"178","PEDEN","2023081622",0,18.5,57,6.7,341,15.4,90.895,6.829,20.733,,,,,,,,,,,,,,0,1,113.11,,,,,,
"178","PEDEN","2023081623",0,17.5,61,5.2,358,17.2,90.425,5.921,18.692,,,,,,,,,,,,,,0,1,113.06,,,,,,
"179","NADINA","2023081600",0,12.5,55,5.1,298,12.5,89.768,5.362,,,,,,,,,,,,,,,0,1,148.16,,,,,,
"179","NADINA","2023081601",0,10.9,64,5.4,242,8.5,89.347,5.125,,,,,,,,,,,,,,,0,1,148.12,,,,,,
"179","NADINA","2023081602",0,10.3,67,6.8,212,10.8,88.889,5.15,,,,,,,,,,,,,,,0,1,148.07,,,,,,
"179","NADINA","2023081603",0,10.3,67,5.7,208,10.8,88.491,4.602,,,,,,,,,,,,,,,0,1,148.03,,,,,,
"179","NADINA","2023081604",0,9.9,70,5.4,218,9.7,88.074,4.269,,,,,,,,,,,,,,,0,1,148,,,,,,
"179","NADINA","2023081605",0,9.4,76,6.2,267,9.7,87.551,4.124,,,,,,,,,,,,,,,0,1,147.98,,,,,,
"179","NADINA","2023081606",0,9.4,75,5.1,244,9.1,87.122,3.67,,,,,,,,,,,,,,,0,1,147.97,,,,,,
"179","NADINA","2023081607",0,14.3,56,5.7,224,9.7,87.15,3.798,,,,,,,,,,,,,,,0,1,147.95,,,,,,
"179","NADINA","2023081608",0,16.4,53,5.6,202,9.1,87.198,3.805,,,,,,,,,,,,,,,0,1,147.9,,,,,,
"179","NADINA","2023081609",0,19.3,40,3,322,8.5,87.454,3.462,,,,,,,,,,,,,,,0,1,147.85,,,,,,
"179","NADINA","2023081610",0,22.1,33,3.7,165,8.5,87.956,3.853,,,,,,,,,,,,,,,0,1,147.76,,,,,,
"179","NADINA","2023081611",0,24.4,30,6,309,11.4,88.614,4.755,,,,,,,,,,,,,,,0,1,147.61,,,,,,
"179","NADINA","2023081612",0,26.2,26,5.9,119,31.6,89.403,5.298,,0,,,,,,,,,,,,,0,1,147.35,,,,,,
"179","NADINA","2023081613",0,28,23,9.6,197,20,90.341,7.303,,,,,,,,,,,,,,,0,1,147.02,,,,,,
"179","NADINA","2023081614",0,28.6,26,10.8,271,27.5,91.008,8.533,,,,,,,,,,,,,,,0,1,146.64,,,,,,
"179","NADINA","2023081615",0,27.8,33,12.8,292,24.6,91.215,9.72,,,,,,,,,,,,,,,0,1,146.19,,,,,,
"179","NADINA","2023081616",0,27.8,34,12.1,270,24.6,91.34,9.552,,,,,,,,,,,,,,,0,1,145.74,,,,,,
"179","NADINA","2023081617",0,25.7,40,11.8,259,28.1,91.39,9.475,,,,,,,,,,,,,,,0,1,145.32,,,,,,
"179","NADINA","2023081618",0,23,46,15.4,284,26.4,91.235,11.112,,,,,,,,,,,,,,,0,1,144.99,,,,,,
"179","NADINA","2023081619",0,21.8,52,9.4,296,24.1,90.942,7.877,,,,,,,,,,,,,,,0,1,144.71,,,,,,
"179","NADINA","2023081620",0,19.9,58,8.3,311,20.6,90.518,7.014,,,,,,,,,,,,,,,0,1,144.53,,,,,,
"179","NADINA","2023081621",0,18.3,59,9.8,296,22.3,90.1,7.127,,,,,,,,,,,,,,,0,1,144.37,,,,,,
"179","NADINA","2023081622",0,16.3,66,8.6,282,17.7,89.557,6.205,,,,,,,,,,,,,,,0,1,144.26,,,,,,
"179","NADINA","2023081623",0,14.9,71,6.8,240,15.4,88.972,5.211,,,,,,,,,,,,,,,0,1,144.19,,,,,,
"180","MCBRIDE LAKE","2023081600",0,14.5,57,5.9,194,13.7,90.036,5.801,18.052,,,,,,,,,0,0,,0,0,0,0,0,,0,0,,0,
"180","MCBRIDE LAKE","2023081601",0,14.4,56,4.3,229,15.4,89.773,5.154,16.529,,,,,,,,,0,0,,0,0,0,0,0,,0,0,,0,
"180","MCBRIDE LAKE","2023081602",0,14.2,55,4.2,256,15.4,89.556,4.971,16.085,,,,,,,,,0,0,,0,0,0,0,0,,0,0,,0,
"180","MCBRIDE LAKE","2023081603",0,13.6,58,4.4,324,12.5,89.297,4.838,15.758,,,,,,,,,0,0,,0,0,0,0,0,,0,0,,0,
"180","MCBRIDE LAKE","2023081604",0,13.9,53,6.2,249,16,89.149,5.186,16.607,,,,,,,,,0,0,,0,0,0,0,0,,0,0,,0,
"180","MCBRIDE LAKE","2023081605",0,13.4,61,4.9,330,11.4,88.866,4.664,15.325,,,,,,,,,0,0,,0,0,0,0,0,,0,0,,0,
"180","MCBRIDE LAKE","2023081606",0,11.1,72,3.6,41,9.1,88.392,4.081,13.828,,,,,,,,,0,0,,0,0,0,0,0,,0,0,,0,
"180","MCBRIDE LAKE","2023081607",0,13.4,65,2,168,6.8,88.142,3.632,12.618,,,,,,,,,0,0,,0,0,0,0,0,,0,0,,0,
"180","MCBRIDE LAKE","2023081608",0,20.4,40,3.3,21,7.4,88.318,3.977,13.553,,,,,,,,,0,0,,0,0,0,0,0,,0,0,,0,
"180","MCBRIDE LAKE","2023081609",0,20.6,36,4.1,42,12,88.581,4.3,14.4,,,,,,,,,0,0,,0,0,0,0,0,,0,0,,0,
"180","MCBRIDE LAKE","2023081610",0,23.6,31,7.1,306,14.3,89.087,5.378,17.065,,,,,,,,,0,0,,0,0,0,0,0,,0,0,,0,
"180","MCBRIDE LAKE","2023081611",0,25.8,37,10,286,20,89.412,6.523,19.67,,,,,,,,,0,0,,0,0,0,0,0,,0,0,,0,
"180","MCBRIDE LAKE","2023081612",0,26.9,30,12.1,290,24.6,90.008,7.897,22.564,0,92.25,10.866,29.265,47.367,508.956,76.853,4,0,0,,0,0,0,0,0,,0,0,,0,
"180","MCBRIDE LAKE","2023081613",0,27.8,34,12.6,300,28.7,90.371,8.531,24.776,,,,,,,,,0,0,,0,0,0,0,0,,0,0,,0,
"180","MCBRIDE LAKE","2023081614",0,25.1,41,13.5,268,31,90.42,8.99,25.697,,,,,,,,,0,0,,0,0,0,0,0,,0,0,,0,
"180","MCBRIDE LAKE","2023081615",0,24,43,11.1,285,28.1,90.469,8.022,23.732,,,,,,,,,0,0,,0,0,0,0,0,,0,0,,0,
"180","MCBRIDE LAKE","2023081616",0,26.2,40,12.8,279,28.7,90.519,8.801,25.32,,,,,,,,,0,0,,0,0,0,0,0,,0,0,,0,
"180","MCBRIDE LAKE","2023081617",0,23.1,49,10.5,239,28.1,90.429,7.738,23.137,,,,,,,,,0,0,,0,0,0,0,0,,0,0,,0,
"180","MCBRIDE LAKE","2023081618",0,24.4,44,10.5,255,23.5,90.478,7.793,23.253,,,,,,,,,0,0,,0,0,0,0,0,,0,0,,0,
"180","MCBRIDE LAKE","2023081619",0,20.8,50,9.4,273,21.8,90.33,7.217,22.022,,,,,,,,,0,0,,0,0,0,0,0,,0,0,,0,
"180","MCBRIDE LAKE","2023081620",0,19.5,55,9.1,270,17.7,90.059,6.839,21.191,,,,,,,,,0,0,,0,0,0,0,0,,0,0,,0,
"180","MCBRIDE LAKE","2023081621",0,18.5,58,9,256,21.8,89.738,6.499,20.427,,,,,,,,,0,0,,0,0,0,0,0,,0,0,,0,
"180","MCBRIDE LAKE","2023081622",0,18.1,59,7.9,274,21.2,89.439,5.89,19.019,,,,,,,,,0,0,,0,0,0,0,0,,0,0,,0,
"180","MCBRIDE LAKE","2023081623",0,17.3,60,9.3,256,17.7,89.137,6.053,19.4,,,,,,,,,0,0,,0,0,0,0,0,,0,0,,0,
"181","BURNS LAKE 850M","2023081600",0,12.3,64,2.9,60,7,91.212,5.899,14.402,,,,,,,,,,,,,,,,,,,,596.4,,
"181","BURNS LAKE 850M","2023081601",0,12.4,61,3.3,41,10.3,90.74,5.628,13.886,,,,,,,,,,,,,,,,,,,,596.4,,
"181","BURNS LAKE 850M","2023081602",0,10.9,69,4.4,51,6.2,90.126,5.449,13.54,,,,,,,,,,,,,,,,,,,,596.4,,
"181","BURNS LAKE 850M","2023081603",0,9.2,77,4.6,72,6.3,89.39,4.953,12.559,,,,,,,,,,,,,,,,,,,,596.4,,
"181","BURNS LAKE 850M","2023081604",0,8.4,80,4.4,78,5.9,88.661,4.416,11.454,,,,,,,,,,,,,,,,,,,,596.4,,
"181","BURNS LAKE 850M","2023081605",0,7.7,83,4.2,73,5.8,87.929,3.936,10.423,,,,,,,,,,,,,,,,,,,,596.4,,
"181","BURNS LAKE 850M","2023081606",0,8,83,4.3,67,5.5,87.266,3.598,9.67,,,,,,,,,,,,,,,,,,,,596.4,,
"181","BURNS LAKE 850M","2023081607",0,15,62,0.1,339,5.2,87.214,2.89,8.004,,,,,,,,,,,,,,,,,,,,596.4,,
"181","BURNS LAKE 850M","2023081608",0,17.8,47,1.2,355,8.6,87.29,3.088,8.483,,,,,,,,,,,,,,,,,,,,596.4,,
"181","BURNS LAKE 850M","2023081609",0,20.1,42,2.5,261,8,87.507,3.401,9.22,,,,,,,,,,,,,,,,,,,,596.4,,
"181","BURNS LAKE 850M","2023081610",0,22.4,38,2.8,258,11.4,87.862,3.633,9.749,,,,,,,,,,,,,,,,,,,,596.4,,
"181","BURNS LAKE 850M","2023081611",0,23.7,39,3.7,245,12.4,88.196,3.988,10.536,,,,,,,,,,,,,,,,,,,,596.4,,
"181","BURNS LAKE 850M","2023081612",0,26.3,32,2.4,280,12.1,88.77,4.056,10.685,0,91.656,6.127,15.815,30.388,436.722,51.77,3,,,,,,,,,,,,596.4,,
"181","BURNS LAKE 850M","2023081613",0,25.8,33,3.8,255,12.5,89.231,4.65,12.773,,,,,,,,,,,,,,,,,,,,596.4,,
"181","BURNS LAKE 850M","2023081614",0,26.8,28,4.5,249,9.7,89.849,5.263,14.075,,,,,,,,,,,,,,,,,,,,596.4,,
"181","BURNS LAKE 850M","2023081615",0,26.6,29,0,41,8.3,90.208,4.417,12.262,,,,,,,,,,,,,,,,,,,,596.4,,
"181","BURNS LAKE 850M","2023081616",0,28.1,29,2.7,32,12.3,90.659,5.397,14.352,,,,,,,,,,,,,,,,,,,,596.4,,
"181","BURNS LAKE 850M","2023081617",0,28.5,33,3.2,328,11.9,90.917,5.743,15.054,,,,,,,,,,,,,,,,,,,,596.4,,
"181","BURNS LAKE 850M","2023081618",0,25.1,42,1.3,307,14.8,90.967,5.256,14.06,,,,,,,,,,,,,,,,,,,,596.4,,
"181","BURNS LAKE 850M","2023081619",0,23.1,45,1.8,311,14.7,90.942,5.371,14.298,,,,,,,,,,,,,,,,,,,,596.4,,
"181","BURNS LAKE 850M","2023081620",0,21.7,48,2.3,292,11.2,90.835,5.425,14.409,,,,,,,,,,,,,,,,,,,,596.4,,
"181","BURNS LAKE 850M","2023081621",0,20.1,49,1.3,6,16.6,90.711,5.068,13.667,,,,,,,,,,,,,,,,,,,,596.4,,
"181","BURNS LAKE 850M","2023081622",0,19,51,3.8,21,11.9,90.521,5.594,14.753,,,,,,,,,,,,,,,,,,,,596.4,,
"181","BURNS LAKE 850M","2023081623",0,18.2,52,3.5,17,9.7,90.326,5.358,14.272,,,,,,,,,,,,,,,,,,,,596.4,,
"182","GANOKWA","2023081600",0,11.9,69,3.5,295,6.8,89.353,4.661,10.69,,,,,,,,,0,0,,0,0,0,0,0,,0,0,,0,
"182","GANOKWA","2023081601",0,11,75,3,292,9.1,88.771,4.18,9.765,,,,,,,,,0,0,,0,0,0,0,0,,0,0,,0,
"182","GANOKWA","2023081602",0,8.4,82,2.3,58,5.1,88.1,3.666,8.73,,,,,,,,,0,0,,0,0,0,0,0,,0,0,,0,
"182","GANOKWA","2023081603",0,7.2,85,2.4,129,5.6,87.412,3.339,8.045,,,,,,,,,0,0,,0,0,0,0,0,,0,0,,0,
"182","GANOKWA","2023081604",0,6.7,86,2.9,64,6.2,86.748,3.115,7.563,,,,,,,,,0,0,,0,0,0,0,0,,0,0,,0,
"182","GANOKWA","2023081605",0,6.1,88,3.6,43,6.2,86.065,2.93,7.156,,,,,,,,,0,0,,0,0,0,0,0,,0,0,,0,
"182","GANOKWA","2023081606",0,6.7,88,2,18,3.9,85.481,2.491,6.152,,,,,,,,,0,0,,0,0,0,0,0,,0,0,,0,
"182","GANOKWA","2023081607",0,9.2,83,1.8,14,4.5,85.103,2.34,5.794,,,,,,,,,0,0,,0,0,0,0,0,,0,0,,0,
"182","GANOKWA","2023081608",0,14.1,65,3.2,159,9.1,85.151,2.528,6.239,,,,,,,,,0,0,,0,0,0,0,0,,0,0,,0,
"182","GANOKWA","2023081609",0,15.4,57,4.1,85,10.8,85.222,2.671,6.571,,,,,,,,,0,0,,0,0,0,0,0,,0,0,,0,
"182","GANOKWA","2023081610",0,18.4,47,4.2,180,9.7,85.529,2.802,6.869,,,,,,,,,0,0,,0,0,0,0,0,,0,0,,0,
"182","GANOKWA","2023081611",0,20.7,38,5,224,10.2,86.103,3.161,7.664,,,,,,,,,0,0,,0,0,0,0,0,,0,0,,0,
"182","GANOKWA","2023081612",0,22.1,38,4.9,78,17.2,86.657,3.401,8.177,0,90,5.488,13.043,23.921,478.754,42.529,3,0,0,,0,0,0,0,0,,0,0,,0,
"182","GANOKWA","2023081613",0,24.2,36,10.6,207,18.9,87.358,5.008,12.128,,,,,,,,,0,0,,0,0,0,0,0,,0,0,,0,
"182","GANOKWA","2023081614",0,22.8,43,7.6,265,16.6,87.65,4.489,11.102,,,,,,,,,0,0,,0,0,0,0,0,,0,0,,0,
"182","GANOKWA","2023081615",0,23.4,40,6.6,282,14.3,87.999,4.487,11.098,,,,,,,,,0,0,,0,0,0,0,0,,0,0,,0,
"182","GANOKWA","2023081616",0,22.8,46,8.9,291,21.2,88.122,5.128,12.36,,,,,,,,,0,0,,0,0,0,0,0,,0,0,,0,
"182","GANOKWA","2023081617",0,24.3,40,10.4,245,23.5,88.454,5.8,13.621,,,,,,,,,0,0,,0,0,0,0,0,,0,0,,0,
"182","GANOKWA","2023081618",0,23.6,41,8.5,259,22.3,88.671,5.438,12.948,,,,,,,,,0,0,,0,0,0,0,0,,0,0,,0,
"182","GANOKWA","2023081619",0,19.5,51,4,275,20.6,88.715,4.362,10.843,,,,,,,,,0,0,,0,0,0,0,0,,0,0,,0,
"182","GANOKWA","2023081620",0,17.1,56,5,307,9.1,88.614,4.521,11.167,,,,,,,,,0,0,,0,0,0,0,0,,0,0,,0,
"182","GANOKWA","2023081621",0,13.4,76,2.3,48,7.4,88.091,3.66,9.367,,,,,,,,,0,0,,0,0,0,0,0,,0,0,,0,
"182","GANOKWA","2023081622",0,10.8,82,3.3,80,5.6,87.44,3.508,9.032,,,,,,,,,0,0,,0,0,0,0,0,,0,0,,0,
"182","GANOKWA","2023081623",0,9,87,2.2,83,4.5,86.732,3,7.882,,,,,,,,,0,0,,0,0,0,0,0,,0,0,,0,
"183","PARROTT","2023081600",0,14.1,46,23.9,262,53.9,,,,,,,,,,,,,,,,,,,,,,,,,
"183","PARROTT","2023081601",0,13,51,11.4,270,50.5,,,,,,,,,,,,,,,,,,,,,,,,,
"183","PARROTT","2023081602",0,12.6,53,10.4,273,32.9,,,,,,,,,,,,,,,,,,,,,,,,,
"183","PARROTT","2023081603",0,11.7,59,4.4,357,21.7,,,,,,,,,,,,,,,,,,,,,,,,,
"183","PARROTT","2023081604",0,11.5,59,2.5,188,9.3,,,,,,,,,,,,,,,,,,,,,,,,,
"183","PARROTT","2023081605",0,11.2,61,2.1,297,9.8,,,,,,,,,,,,,,,,,,,,,,,,,
"183","PARROTT","2023081606",0,12.2,56,9.4,261,16.1,,,,,,,,,,,,,,,,,,,,,,,,,
"183","PARROTT","2023081607",0,13.2,54,7,274,17.3,,,,,,,,,,,,,,,,,,,,,,,,,
"183","PARROTT","2023081608",0,15.6,48,5.2,244,15.3,,,,,,,,,,,,,,,,,,,,,,,,,
"183","PARROTT","2023081609",0,16.6,44,8.2,244,12.5,,,,,,,,,,,,,,,,,,,,,,,,,
"183","PARROTT","2023081610",0,21.1,33,4.8,264,13.3,,,,,,,,,,,,,,,,,,,,,,,,,
"183","PARROTT","2023081611",0,22.3,30,11.8,264,29.3,,,,,,,,,,,,,,,,,,,,,,,,,
"183","PARROTT","2023081612",0,24.1,28,9.1,258,36.2,,,,0,,,,,,,,,,,,,,,,,,,,,
"183","PARROTT","2023081613",0,22.5,31,8.6,202,26.2,,,,,,,,,,,,,,,,,,,,,,,,,
"183","PARROTT","2023081614",0,26.2,26,7.3,245,26.6,,,,,,,,,,,,,,,,,,,,,,,,,
"183","PARROTT","2023081615",0,27.5,27,16.1,259,36.2,,,,,,,,,,,,,,,,,,,,,,,,,
"183","PARROTT","2023081616",0,28.9,30,8.6,283,40.8,,,,,,,,,,,,,,,,,,,,,,,,,
"183","PARROTT","2023081617",0,26,38,10,305,40.3,,,,,,,,,,,,,,,,,,,,,,,,,
"183","PARROTT","2023081618",0,21,53,4.2,265,35.6,,,,,,,,,,,,,,,,,,,,,,,,,
"183","PARROTT","2023081619",0,19.6,56,12.7,263,34,,,,,,,,,,,,,,,,,,,,,,,,,
"183","PARROTT","2023081620",0,18,60,12,275,34.5,,,,,,,,,,,,,,,,,,,,,,,,,
"183","PARROTT","2023081621",0,16.8,60,24.6,265,40.4,,,,,,,,,,,,,,,,,,,,,,,,,
"183","PARROTT","2023081622",0,15.8,62,20.2,267,42.1,,,,,,,,,,,,,,,,,,,,,,,,,
"183","PARROTT","2023081623",0,15,66,27.9,265,44.4,,,,,,,,,,,,,,,,,,,,,,,,,
"187","HIXON","2023081600",0,11.6,88,3.9,152,11.4,84.027,2.248,6.308,,,,,,,,,,,,,,,,,,,,,,
"187","HIXON","2023081601",0,10.2,92,2.3,195,7.4,83.434,1.918,5.41,,,,,,,,,,,,,,,,,,,,,,
"187","HIXON","2023081602",0,9.3,94,3.1,166,7.4,82.78,1.836,5.179,,,,,,,,,,,,,,,,,,,,,,
"187","HIXON","2023081603",0,8.6,95,2.4,129,3.9,82.157,1.64,4.613,,,,,,,,,,,,,,,,,,,,,,
"187","HIXON","2023081604",0,7.8,96,2.5,107,4.5,81.539,1.53,4.288,,,,,,,,,,,,,,,,,,,,,,
"187","HIXON","2023081605",0,7.3,98,2.3,123,4.5,80.858,1.401,3.893,,,,,,,,,,,,,,,,,,,,,,
"187","HIXON","2023081606",0,7.7,97,1.7,192,4.5,80.324,1.282,3.519,,,,,,,,,,,,,,,,,,,,,,
"187","HIXON","2023081607",0,13.7,77,2.7,337,5.1,80.43,1.364,3.777,,,,,,,,,,,,,,,,,,,,,,
"187","HIXON","2023081608",0,18.1,64,1.9,329,4.5,80.8,1.364,3.778,,,,,,,,,,,,,,,,,,,,,,
"187","HIXON","2023081609",0,21.9,40,3.4,138,8.5,81.899,1.671,4.706,,,,,,,,,,,,,,,,,,,,,,
"187","HIXON","2023081610",0,24.5,29,5.1,70,9.1,83.464,2.217,6.226,,,,,,,,,,,,,,,,,,,,,,
"187","HIXON","2023081611",0,24.6,33,4.6,229,11.4,84.653,2.534,7.051,,,,,,,,,,,,,,,,,,,,,,
"187","HIXON","2023081612",0,25.8,33,6.4,140,12,85.796,3.249,8.793,0,90.878,6.71,16.66,32.395,278.957,50.212,3,,,,,,,,,,,,,,
"187","HIXON","2023081613",0,26.9,34,7.2,332,12.5,86.805,3.9,10.893,,,,,,,,,,,,,,,,,,,,,,
"187","HIXON","2023081614",0,28.5,29,5.2,81,12.5,87.895,4.119,11.39,,,,,,,,,,,,,,,,,,,,,,
"187","HIXON","2023081615",0,29.1,0,4.7,63,12,90.376,5.733,14.784,,,,,,,,,,,,,,,,,,,,,,
"187","HIXON","2023081616",0,28.6,0,4.8,348,11.4,92.396,7.678,18.412,,,,,,,,,,,,,,,,,,,,,,
"187","HIXON","2023081617",0,26.2,0,3.7,55,14.3,93.892,8.954,20.594,,,,,,,,,,,,,,,,,,,,,,
"187","HIXON","2023081618",0,22.3,0,2.1,151,7.4,94.941,9.546,21.563,,,,,,,,,,,,,,,,,,,,,,
"187","HIXON","2023081619",0,19.6,75,1.7,153,3.9,93.623,7.799,18.625,,,,,,,,,,,,,,,,,,,,,,
"187","HIXON","2023081620",0,17,84,2.1,151,3.3,92.162,6.484,16.235,,,,,,,,,,,,,,,,,,,,,,
"187","HIXON","2023081621",0,15.3,90,1.9,162,3.9,90.648,5.176,13.66,,,,,,,,,,,,,,,,,,,,,,
"187","HIXON","2023081622",0,14.2,93,0,149,3.3,89.44,3.957,11.022,,,,,,,,,,,,,,,,,,,,,,
"187","HIXON","2023081623",0,13.9,95,1.8,138,3.9,87.987,3.517,9.999,,,,,,,,,,,,,,,,,,,,,,
"189","CHILAKO","2023081600",0,17.5,42,7.1,299,23.5,90.956,7.03,19.086,,,,,,,,,,,,,,,,,,,,,,
"189","CHILAKO","2023081601",0,16,47,9.2,285,20,90.756,7.594,20.19,,,,,,,,,,,,,,,,,,,,,,
"189","CHILAKO","2023081602",0,16.5,43,10.1,277,27.5,90.667,7.846,20.671,,,,,,,,,,,,,,,,,,,,,,
"189","CHILAKO","2023081603",0,15,47,3.1,113,18.3,90.528,5.406,15.696,,,,,,,,,,,,,,,,,,,,,,
"189","CHILAKO","2023081604",0,13.2,54,3.1,234,8.5,90.263,5.205,15.25,,,,,,,,,,,,,,,,,,,,,,
"189","CHILAKO","2023081605",0,10.5,66,2.1,110,6.8,89.813,4.639,13.958,,,,,,,,,,,,,,,,,,,,,,
"189","CHILAKO","2023081606",0,10.5,70,1.9,240,8.5,89.329,4.285,13.118,,,,,,,,,,,,,,,,,,,,,,
"189","CHILAKO","2023081607",0,16.8,47,5.6,173,12.5,89.33,5.164,15.159,,,,,,,,,,,,,,,,,,,,,,
"189","CHILAKO","2023081608",0,20.3,36,3.2,108,12.5,89.455,4.658,14.003,,,,,,,,,,,,,,,,,,,,,,
"189","CHILAKO","2023081609",0,21.9,34,8.9,151,15.4,89.679,6.412,17.838,,,,,,,,,,,,,,,,,,,,,,
"189","CHILAKO","2023081610",0,24.1,29,6.1,191,10.8,90.094,5.909,16.785,,,,,,,,,,,,,,,,,,,,,,
"189","CHILAKO","2023081611",0,25.1,30,7.9,152,17.7,90.458,6.816,18.66,,,,,,,,,,,,,,,,,,,,,,
"189","CHILAKO","2023081612",0,26.7,28,10.5,157,19.5,90.919,8.299,21.52,0,92.442,10.299,26.347,38.928,606.663,67.093,4,,,,,,,,,,,,,,
"189","CHILAKO","2023081613",0,27.8,27,9.1,115,20,91.376,8.253,22.565,,,,,,,,,,,,,,,,,,,,,,
"189","CHILAKO","2023081614",0,29,27,6.4,293,18.9,91.78,7.628,21.334,,,,,,,,,,,,,,,,,,,,,,
"189","CHILAKO","2023081615",0,30,26,6.3,324,13.7,92.192,8.046,22.161,,,,,,,,,,,,,,,,,,,,,,
"189","CHILAKO","2023081616",0,29.9,26,9.1,305,16.6,92.536,9.724,25.319,,,,,,,,,,,,,,,,,,,,,,
"189","CHILAKO","2023081617",0,28.6,27,8,290,14.9,92.71,9.428,24.781,,,,,,,,,,,,,,,,,,,,,,
"189","CHILAKO","2023081618",0,26.7,34,4,292,12,92.76,7.762,21.601,,,,,,,,,,,,,,,,,,,,,,
"189","CHILAKO","2023081619",0,23.1,40,1.6,208,2.8,92.653,6.775,19.583,,,,,,,,,,,,,,,,,,,,,,
"189","CHILAKO","2023081620",0,20,55,0,338,6.8,92.306,5.952,17.809,,,,,,,,,,,,,,,,,,,,,,
"189","CHILAKO","2023081621",0,17.5,60,1.8,196,3.9,91.77,6.042,18.006,,,,,,,,,,,,,,,,,,,,,,
"189","CHILAKO","2023081622",0,16.4,63,1.9,257,6.2,91.222,5.617,17.058,,,,,,,,,,,,,,,,,,,,,,
"189","CHILAKO","2023081623",0,16.1,70,0,241,6.8,90.703,4.741,15.006,,,,,,,,,,,,,,,,,,,,,,
"190","JERRY","2023081600",0,12.7,67,3.8,111,9.1,87.629,3.696,8.228,,,,,,,,,,,,,,,,,,,,,,
"190","JERRY","2023081601",0,11.7,70,2.9,76,9.7,87.334,3.386,7.614,,,,,,,,,,,,,,,,,,,,,,
"190","JERRY","2023081602",0,10.7,71,2,98,5.1,87.057,3.111,7.051,,,,,,,,,,,,,,,,,,,,,,
"190","JERRY","2023081603",0,9.6,76,3.3,70,6.8,86.679,3.147,7.127,,,,,,,,,,,,,,,,,,,,,,
"190","JERRY","2023081604",0,8.7,80,3.3,113,5.6,86.24,2.958,6.732,,,,,,,,,,,,,,,,,,,,,,
"190","JERRY","2023081605",0,8,84,2,76,9.7,85.761,2.59,5.939,,,,,,,,,,,,,,,,,,,,,,
"190","JERRY","2023081606",0,8.1,83,5.7,154,9.1,85.296,2.925,6.663,,,,,,,,,,,,,,,,,,,,,,
"190","JERRY","2023081607",0,9.7,83,2.6,159,9.1,84.92,2.376,5.46,,,,,,,,,,,,,,,,,,,,,,
"190","JERRY","2023081608",0,16.7,62,3.6,167,7.4,84.968,2.515,5.773,,,,,,,,,,,,,,,,,,,,,,
"190","JERRY","2023081609",0,20.9,38,5.6,175,13.1,85.631,3.049,6.924,,,,,,,,,,,,,,,,,,,,,,
"190","JERRY","2023081610",0,22.3,35,8.9,182,16,86.409,4.017,8.847,,,,,,,,,,,,,,,,,,,,,,
"190","JERRY","2023081611",0,22.3,36,9.2,195,18.9,87.044,4.462,9.677,,,,,,,,,,,,,,,,,,,,,,
"190","JERRY","2023081612",0,23.4,33,8.2,171,19.5,87.721,4.674,10.06,0,90.635,7.097,15.121,23.375,279.153,38.657,3,,,,,,,,,,,,,,
"190","JERRY","2023081613",0,24.1,35,9.6,167,21.8,88.27,5.426,12.261,,,,,,,,,,,,,,,,,,,,,,
"190","JERRY","2023081614",0,25.2,33,7.5,209,17.2,88.828,5.288,12.011,,,,,,,,,,,,,,,,,,,,,,
"190","JERRY","2023081615",0,25.9,33,8.3,180,18.3,89.333,5.919,13.136,,,,,,,,,,,,,,,,,,,,,,
"190","JERRY","2023081616",0,25.7,36,10.5,178,20,89.649,6.921,14.832,,,,,,,,,,,,,,,,,,,,,,
"190","JERRY","2023081617",0,26,35,6.4,161,20,89.937,5.866,13.043,,,,,,,,,,,,,,,,,,,,,,
"190","JERRY","2023081618",0,24.5,41,5.4,178,13.1,89.986,5.617,12.603,,,,,,,,,,,,,,,,,,,,,,
"190","JERRY","2023081619",0,20.8,55,4.4,183,8.5,89.809,5.207,11.862,,,,,,,,,,,,,,,,,,,,,,
"190","JERRY","2023081620",0,18.4,62,5.3,151,9.1,89.454,5.178,11.809,,,,,,,,,,,,,,,,,,,,,,
"190","JERRY","2023081621",0,16.9,69,4.9,158,11.4,88.964,4.73,10.973,,,,,,,,,,,,,,,,,,,,,,
"190","JERRY","2023081622",0,15.9,72,4.2,171,11.4,88.465,4.25,10.044,,,,,,,,,,,,,,,,,,,,,,
"190","JERRY","2023081623",0,15.3,74,5,160,9.1,87.959,4.116,9.777,,,,,,,,,,,,,,,,,,,,,,
"192","MCGREGOR 2","2023081600",0,14,68,9.1,253,17.2,82.426,2.376,3.071,,,,,,,,,0,193.3,,0,0,0,0,0,,0,0,,0,
"192","MCGREGOR 2","2023081601",0,14.4,52,7.6,236,17.7,82.837,2.319,2.981,,,,,,,,,0,193.3,,0,0,0,0,0,,0,0,,0,
"192","MCGREGOR 2","2023081602",0,14.1,47,3.8,309,13.7,83.256,2.021,2.486,,,,,,,,,0,193.3,,0,0,0,0,0,,0,0,,0,
"192","MCGREGOR 2","2023081603",0,14.5,45,6.5,194,9.7,83.72,2.46,3.206,,,,,,,,,0,193.3,,0,0,0,0,0,,0,0,,0,
"192","MCGREGOR 2","2023081604",0.2,14.6,49,11.3,183,20.6,79.935,1.996,2.444,,,,,,,,,0,193.3,,0,0,0,0,0,,0,0,,0,
"192","MCGREGOR 2","2023081605",0,13.3,54,6.8,184,18.9,80.492,1.688,1.892,,,,,,,,,0,193.3,,0,0,0,0,0,,0,0,,0,
"192","MCGREGOR 2","2023081606",0,12.6,66,3,188,12.5,80.733,1.431,1.361,,,,,,,,,0,193.3,,0,0,0,0,0,,0,0,,0,
"192","MCGREGOR 2","2023081607",0,15.7,59,6.7,108,9.1,81.19,1.816,2.127,,,,,,,,,0,193.3,,0,0,0,0,0,,0,0,,0,
"192","MCGREGOR 2","2023081608",0,17.9,46,5.2,59,11.4,81.944,1.84,2.171,,,,,,,,,0,193.3,,0,0,0,0,0,,0,0,,0,
"192","MCGREGOR 2","2023081609",0,19,43,5.9,337,14.3,82.755,2.107,2.632,,,,,,,,,0,193.3,,0,0,0,0,0,,0,0,,0,
"192","MCGREGOR 2","2023081610",0,20.2,41,7.4,322,14.3,83.611,2.538,3.328,,,,,,,,,0,193.3,,0,0,0,0,0,,0,0,,0,
"192","MCGREGOR 2","2023081611",0,22.5,38,4.8,43,14.3,84.505,2.508,3.282,,,,,,,,,0,193.3,,0,0,0,0,0,,0,0,,0,
"192","MCGREGOR 2","2023081612",0,23.3,35,7.1,42,15.4,85.468,3.215,4.344,0.6,89.021,5.328,8.412,11.527,197.936,20.124,3,0,193.3,,0,0,0,0,0,,0,0,,0,
"192","MCGREGOR 2","2023081613",0,24,37,16.9,139,33.3,86.389,5.994,9.311,,,,,,,,,0,193.3,,0,0,0,0,0,,0,0,,0,
"192","MCGREGOR 2","2023081614",0,25.2,39,4.3,211,26.9,86.992,3.46,5.653,,,,,,,,,0,193.3,,0,0,0,0,0,,0,0,,0,
"192","MCGREGOR 2","2023081615",0,23.4,41,5.3,316,17.2,87.395,3.854,6.27,,,,,,,,,0,193.3,,0,0,0,0,0,,0,0,,0,
"192","MCGREGOR 2","2023081616",0,23.1,42,4.7,334,16.6,87.7,3.906,6.35,,,,,,,,,0,193.3,,0,0,0,0,0,,0,0,,0,
"192","MCGREGOR 2","2023081617",0,24.3,53,2.8,290,7.4,87.749,3.574,5.834,,,,,,,,,0,193.3,,0,0,0,0,0,,0,0,,0,
"192","MCGREGOR 2","2023081618",0,24.3,42,3.4,202,8.5,88.032,3.837,6.244,,,,,,,,,0,193.3,,0,0,0,0,0,,0,0,,0,
"192","MCGREGOR 2","2023081619",0,19.4,52,6.8,204,19.5,88.081,4.586,7.363,,,,,,,,,0,193.3,,0,0,0,0,0,,0,0,,0,
"192","MCGREGOR 2","2023081620",0,18,57,9.1,165,14.3,88.037,5.117,8.12,,,,,,,,,0,193.3,,0,0,0,0,0,,0,0,,0,
"192","MCGREGOR 2","2023081621",0,19.5,51,7.3,219,16,88.086,4.706,7.537,,,,,,,,,0,193.3,,0,0,0,0,0,,0,0,,0,
"192","MCGREGOR 2","2023081622",0,18.2,55,7.4,177,10.2,88.091,4.734,7.577,,,,,,,,,0,193.3,,0,0,0,0,0,,0,0,,0,
"192","MCGREGOR 2","2023081623",0,18,57,5.7,273,9.7,88.053,4.321,6.975,,,,,,,,,0,193.3,,0,0,0,0,0,,0,0,,0,
"193","BOWRON HAGGEN","2023081600",0,9.8,94,2.1,179,7.9,83.495,1.914,3.725,,,,,,,,,,,,,,,,,,,,,,
"193","BOWRON HAGGEN","2023081601",0,9,96,4.2,308,6.8,82.682,1.916,3.731,,,,,,,,,,,,,,,,,,,,,,
"193","BOWRON HAGGEN","2023081602",0,8.4,96,2.4,66,12,82.009,1.61,3.035,,,,,,,,,,,,,,,,,,,,,,
"193","BOWRON HAGGEN","2023081603",0,7.3,98,3.1,157,5.6,81.259,1.527,2.837,,,,,,,,,,,,,,,,,,,,,,
"193","BOWRON HAGGEN","2023081604",0,6.5,100,2.9,163,6.2,80.444,1.38,2.477,,,,,,,,,,,,,,,,,,,,,,
"193","BOWRON HAGGEN","2023081605",0,5.8,100,2,120,5.1,79.746,1.225,2.081,,,,,,,,,,,,,,,,,,,,,,
"193","BOWRON HAGGEN","2023081606",0,5.8,100,1.8,51,4.5,79.118,1.14,1.85,,,,,,,,,,,,,,,,,,,,,,
"193","BOWRON HAGGEN","2023081607",0,9.4,88,3.1,201,6.2,79.164,1.223,2.074,,,,,,,,,,,,,,,,,,,,,,
"193","BOWRON HAGGEN","2023081608",0,15,75,1.9,57,5.6,79.37,1.174,1.944,,,,,,,,,,,,,,,,,,,,,,
"193","BOWRON HAGGEN","2023081609",0,20.3,44,5.3,178,11.4,80.492,1.565,2.929,,,,,,,,,,,,,,,,,,,,,,
"193","BOWRON HAGGEN","2023081610",0,22.5,37,7.1,108,18.9,81.89,2.012,3.94,,,,,,,,,,,,,,,,,,,,,,
"193","BOWRON HAGGEN","2023081611",0,24,34,7.2,179,17.7,83.308,2.415,4.79,,,,,,,,,,,,,,,,,,,,,,
"193","BOWRON HAGGEN","2023081612",0,24.1,34,8.8,355,20,84.568,3.095,6.124,0,90.601,7.279,14.035,19.079,266.211,32.359,3,,,,,,,,,,,,,,
"193","BOWRON HAGGEN","2023081613",0,25.2,33,8,143,14.9,85.724,3.487,7.616,,,,,,,,,,,,,,,,,,,,,,
"193","BOWRON HAGGEN","2023081614",0,27.3,32,8,211,16.6,86.866,4.096,8.774,,,,,,,,,,,,,,,,,,,,,,
"193","BOWRON HAGGEN","2023081615",0,27.5,31,7.3,238,14.9,87.851,4.55,9.6,,,,,,,,,,,,,,,,,,,,,,
"193","BOWRON HAGGEN","2023081616",0,27.7,30,7.9,223,15.4,88.727,5.318,10.929,,,,,,,,,,,,,,,,,,,,,,
"193","BOWRON HAGGEN","2023081617",0,27.9,33,6.3,208,20,89.319,5.341,10.968,,,,,,,,,,,,,,,,,,,,,,
"193","BOWRON HAGGEN","2023081618",0,26.1,51,2.2,128,10.8,89.368,4.375,9.285,,,,,,,,,,,,,,,,,,,,,,
"193","BOWRON HAGGEN","2023081619",0,19.9,74,2.1,146,5.6,88.807,4.016,8.627,,,,,,,,,,,,,,,,,,,,,,
"193","BOWRON HAGGEN","2023081620",0,16.2,82,2.4,337,5.6,88.055,3.66,7.954,,,,,,,,,,,,,,,,,,,,,,
"193","BOWRON HAGGEN","2023081621",0,14,87,0,23,5.1,87.389,2.948,6.533,,,,,,,,,,,,,,,,,,,,,,
"193","BOWRON HAGGEN","2023081622",0,12.7,90,0,49,3.9,86.682,2.666,5.939,,,,,,,,,,,,,,,,,,,,,,
"193","BOWRON HAGGEN","2023081623",0,11.8,93,0,54,0,85.916,2.393,5.343,,,,,,,,,,,,,,,,,,,,,,
"195","MCBRIDE","2023081600",0,16.6,65,5.4,289,16,85.709,3.052,6.929,,,,,,,,,,,,,,,,,,,,,,
"195","MCBRIDE","2023081601",0,14.8,76,5.8,310,11.4,85.475,3.014,6.85,,,,,,,,,,,,,,,,,,,,,,
"195","MCBRIDE","2023081602",0,14.9,71,7.9,269,13.1,85.391,3.312,7.464,,,,,,,,,,,,,,,,,,,,,,
"195","MCBRIDE","2023081603",0,12,88,3.1,346,14.9,84.81,2.4,5.514,,,,,,,,,,,,,,,,,,,,,,
"195","MCBRIDE","2023081604",0,13.6,74,7.6,330,15.4,84.715,2.972,6.762,,,,,,,,,,,,,,,,,,,,,,
"195","MCBRIDE","2023081605",0,13.9,67,11.3,300,18.3,84.763,3.605,8.05,,,,,,,,,,,,,,,,,,,,,,
"195","MCBRIDE","2023081606",0,13.8,72,5.8,309,16,84.728,2.72,6.221,,,,,,,,,,,,,,,,,,,,,,
"195","MCBRIDE","2023081607",0,16.8,61,7.2,294,16,84.798,2.946,6.706,,,,,,,,,,,,,,,,,,,,,,
"195","MCBRIDE","2023081608",0,19.3,51,10,292,19.5,85.131,3.551,7.944,,,,,,,,,,,,,,,,,,,,,,
"195","MCBRIDE","2023081609",0,21.2,44,12.4,306,26.4,85.69,4.331,9.435,,,,,,,,,,,,,,,,,,,,,,
"195","MCBRIDE","2023081610",0,22.5,36,14.7,300,28.1,86.504,5.453,11.421,,,,,,,,,,,,,,,,,,,,,,
"195","MCBRIDE","2023081611",0,24.5,41,11.7,284,24.6,87.083,5.09,10.796,,,,,,,,,,,,,,,,,,,,,,
"195","MCBRIDE","2023081612",0,26.1,36,12.9,263,25.2,87.833,6.019,12.364,0,90.514,8.839,18.098,21.996,518.517,39.774,3,,,,,,,,,,,,,,
"195","MCBRIDE","2023081613",0,26.7,33,14.4,275,25.2,88.613,7.259,15.617,,,,,,,,,,,,,,,,,,,,,,
"195","MCBRIDE","2023081614",0,27.6,36,12.8,278,25.2,89.157,7.241,15.587,,,,,,,,,,,,,,,,,,,,,,
"195","MCBRIDE","2023081615",0,28.6,33,6.1,273,17.7,89.705,5.588,12.751,,,,,,,,,,,,,,,,,,,,,,
"195","MCBRIDE","2023081616",0,28.7,36,5.4,261,13.1,90.044,5.663,12.886,,,,,,,,,,,,,,,,,,,,,,
"195","MCBRIDE","2023081617",0,27.6,34,11.1,269,21.2,90.385,7.925,16.686,,,,,,,,,,,,,,,,,,,,,,
"195","MCBRIDE","2023081618",0,25.9,42,7.1,269,14.9,90.434,6.525,14.393,,,,,,,,,,,,,,,,,,,,,,
"195","MCBRIDE","2023081619",0,21.5,66,5.2,236,10.2,89.904,5.495,12.582,,,,,,,,,,,,,,,,,,,,,,
"195","MCBRIDE","2023081620",0,18.2,71,1.6,147,10.2,89.377,4.25,10.211,,,,,,,,,,,,,,,,,,,,,,
"195","MCBRIDE","2023081621",0,14.4,89,1.6,64,5.6,88.31,3.647,8.972,,,,,,,,,,,,,,,,,,,,,,
"195","MCBRIDE","2023081622",0,12.6,92,0,352,0,87.427,2.964,7.478,,,,,,,,,,,,,,,,,,,,,,
"195","MCBRIDE","2023081623",0,12,95,0,245,5.6,86.479,2.591,6.609,,,,,,,,,,,,,,,,,,,,,,
"199","CATFISH","2023081600",0,12.7,84,0,222,5.1,84.73,2.031,3.42,,,,,,,,,0,0,,0,0,0,0,0,,0,0,,0,
"199","CATFISH","2023081601",0,12.1,80,5.9,229,10.8,84.475,2.641,4.575,,,,,,,,,0,0,,0,0,0,0,0,,0,0,,0,
"199","CATFISH","2023081602",0,11.8,75,5.6,244,13.7,84.378,2.567,4.441,,,,,,,,,0,0,,0,0,0,0,0,,0,0,,0,
"199","CATFISH","2023081603",0,11,83,3.4,240,10.8,84.087,2.21,3.769,,,,,,,,,0,0,,0,0,0,0,0,,0,0,,0,
"199","CATFISH","2023081604",0,10.6,83,5.3,221,10.2,83.806,2.343,4.023,,,,,,,,,0,0,,0,0,0,0,0,,0,0,,0,
"199","CATFISH","2023081605",0,10.1,82,2.9,236,10.8,83.602,2.021,3.4,,,,,,,,,0,0,,0,0,0,0,0,,0,0,,0,
"199","CATFISH","2023081606",0,10.1,85,0,233,5.6,83.398,1.7,2.743,,,,,,,,,0,0,,0,0,0,0,0,,0,0,,0,
"199","CATFISH","2023081607",0,14.3,75,0,233,7.4,83.445,1.71,2.765,,,,,,,,,0,0,,0,0,0,0,0,,0,0,,0,
"199","CATFISH","2023081608",0,18.4,47,4.6,339,9.1,83.946,2.304,3.95,,,,,,,,,0,0,,0,0,0,0,0,,0,0,,0,
"199","CATFISH","2023081609",0,20.8,42,4.8,298,9.7,84.606,2.543,4.398,,,,,,,,,0,0,,0,0,0,0,0,,0,0,,0,
"199","CATFISH","2023081610",0,22,40,4.7,296,10.8,85.289,2.779,4.825,,,,,,,,,0,0,,0,0,0,0,0,,0,0,,0,
"199","CATFISH","2023081611",0,22.9,38,6.6,311,12,86.014,3.384,5.871,,,,,,,,,0,0,,0,0,0,0,0,,0,0,,0,
"199","CATFISH","2023081612",0,24,35,7.4,311,13.7,86.797,3.935,6.771,0,90.149,6.359,11.438,16.551,180.894,26.94,3,0,0,,0,0,0,0,0,,0,0,,0,
"199","CATFISH","2023081613",0,25.1,35,6.2,62,13.1,87.496,4.092,7.873,,,,,,,,,0,0,,0,0,0,0,0,,0,0,,0,
"199","CATFISH","2023081614",0,25.5,37,4.3,358,11.4,88.013,4.004,7.723,,,,,,,,,0,0,,0,0,0,0,0,,0,0,,0,
"199","CATFISH","2023081615",0,26.2,34,5.6,155,13.1,88.599,4.65,8.805,,,,,,,,,0,0,,0,0,0,0,0,,0,0,,0,
"199","CATFISH","2023081616",0,27.2,39,4.7,312,12.5,88.956,4.677,8.85,,,,,,,,,0,0,,0,0,0,0,0,,0,0,,0,
"199","CATFISH","2023081617",0,25.5,37,4.1,291,9.7,89.255,4.737,8.947,,,,,,,,,0,0,,0,0,0,0,0,,0,0,,0,
"199","CATFISH","2023081618",0,21.8,56,5.8,200,7.9,89.156,5.088,9.51,,,,,,,,,0,0,,0,0,0,0,0,,0,0,,0,
"199","CATFISH","2023081619",0,17.6,73,3.9,196,9.1,88.611,4.275,8.184,,,,,,,,,0,0,,0,0,0,0,0,,0,0,,0,
"199","CATFISH","2023081620",0,15.6,82,3.5,247,6.8,87.857,3.76,7.299,,,,,,,,,0,0,,0,0,0,0,0,,0,0,,0,
"199","CATFISH","2023081621",0,14.6,82,3.1,211,6.2,87.213,3.361,6.583,,,,,,,,,0,0,,0,0,0,0,0,,0,0,,0,
"199","CATFISH","2023081622",0,16,67,7.3,204,17.2,87.026,4.045,7.792,,,,,,,,,0,0,,0,0,0,0,0,,0,0,,0,
"199","CATFISH","2023081623",0,16.5,70,6.4,143,17.2,86.8,3.743,7.268,,,,,,,,,0,0,,0,0,0,0,0,,0,0,,0,
"200","VALEMOUNT 2","2023081600",0,11.5,83,3.8,235,7.9,85.947,2.911,9.577,,,,,,,,,,,,,,,,,,,,,,
"200","VALEMOUNT 2","2023081601",0,10.9,84,4.6,236,9.1,85.438,2.823,9.331,,,,,,,,,,,,,,,,,,,,,,
"200","VALEMOUNT 2","2023081602",0,10.3,85,4.1,247,8.5,84.958,2.576,8.626,,,,,,,,,,,,,,,,,,,,,,
"200","VALEMOUNT 2","2023081603",0,9.6,87,4,211,7.9,84.459,2.394,8.091,,,,,,,,,,,,,,,,,,,,,,
"200","VALEMOUNT 2","2023081604",0,9.2,89,5.8,218,7.9,83.904,2.434,8.208,,,,,,,,,,,,,,,,,,,,,,
"200","VALEMOUNT 2","2023081605",0,8.6,89,4.7,227,7.9,83.426,2.162,7.387,,,,,,,,,,,,,,,,,,,,,,
"200","VALEMOUNT 2","2023081606",0,10.6,83,3.7,213,6.8,83.228,2.004,6.892,,,,,,,,,,,,,,,,,,,,,,
"200","VALEMOUNT 2","2023081607",0,15.7,69,2.4,300,4.5,83.285,1.89,6.53,,,,,,,,,,,,,,,,,,,,,,
"200","VALEMOUNT 2","2023081608",0,19.4,54,3.9,333,7.4,83.67,2.144,7.332,,,,,,,,,,,,,,,,,,,,,,
"200","VALEMOUNT 2","2023081609",0,21.6,42,4.1,324,9.7,84.382,2.382,8.054,,,,,,,,,,,,,,,,,,,,,,
"200","VALEMOUNT 2","2023081610",0,22.9,39,4.6,39,12.5,85.161,2.716,9.03,,,,,,,,,,,,,,,,,,,,,,
"200","VALEMOUNT 2","2023081611",0,24.5,36,4.1,22,11.4,85.993,2.975,9.754,,,,,,,,,,,,,,,,,,,,,,
"200","VALEMOUNT 2","2023081612",0,25.6,31,4.8,30,12.5,86.952,3.528,11.234,0,91.542,6.804,19.523,39.864,492.548,66.311,4,,,,,,,,,,,,,,
"200","VALEMOUNT 2","2023081613",0,26.6,30,5.1,329,14.3,87.863,4.08,13.268,,,,,,,,,,,,,,,,,,,,,,
"200","VALEMOUNT 2","2023081614",0,27.7,29,4.4,72,13.1,88.709,4.447,14.189,,,,,,,,,,,,,,,,,,,,,,
"200","VALEMOUNT 2","2023081615",0,27.8,33,4.4,66,13.1,89.273,4.822,15.101,,,,,,,,,,,,,,,,,,,,,,
"200","VALEMOUNT 2","2023081616",0,27.5,30,4.6,354,10.8,89.843,5.285,16.192,,,,,,,,,,,,,,,,,,,,,,
"200","VALEMOUNT 2","2023081617",0,23,47,2.9,291,10.2,89.892,4.886,15.255,,,,,,,,,,,,,,,,,,,,,,
"200","VALEMOUNT 2","2023081618",0,18.4,65,4.1,237,8.5,89.467,4.883,15.249,,,,,,,,,,,,,,,,,,,,,,
"200","VALEMOUNT 2","2023081619",0,17.6,61,4.2,279,10.2,89.184,4.712,14.839,,,,,,,,,,,,,,,,,,,,,,
"200","VALEMOUNT 2","2023081620",0,16.7,66,3.1,246,12,88.828,4.236,13.665,,,,,,,,,,,,,,,,,,,,,,
"200","VALEMOUNT 2","2023081621",0,14.5,72,5.2,235,7.9,88.329,4.384,14.034,,,,,,,,,,,,,,,,,,,,,,
"200","VALEMOUNT 2","2023081622",0,13.3,75,5.8,216,7.4,87.801,4.189,13.545,,,,,,,,,,,,,,,,,,,,,,
"200","VALEMOUNT 2","2023081623",0,14.1,68,5.9,186,15.4,87.512,4.04,13.165,,,,,,,,,,,,,,,,,,,,,,
"206","TAUTRI","2023081600",0,13.7,47,6.5,302,13.9,90.77,6.641,19.642,,,,,,,,,,,,,,,,,,,,1790,,
"206","TAUTRI","2023081601",0,16.4,38,10.1,294,21.8,90.78,7.974,22.399,,,,,,,,,,,,,,,,,,,,1790,,
"206","TAUTRI","2023081602",0,11.9,55,6.6,9,17.9,90.426,6.355,19.02,,,,,,,,,,,,,,,,,,,,1790,,
"206","TAUTRI","2023081603",0,8.1,73,0,13,5.3,89.962,4.264,14.087,,,,,,,,,,,,,,,,,,,,1790,,
"206","TAUTRI","2023081604",0,7.6,75,0,341,6.9,89.498,3.99,13.375,,,,,,,,,,,,,,,,,,,,1790,,
"206","TAUTRI","2023081605",0,6.7,79,0,359,6.4,88.997,3.713,12.638,,,,,,,,,,,,,,,,,,,,1790,,
"206","TAUTRI","2023081606",0,9.2,71,1.8,10,6,88.574,3.825,12.94,,,,,,,,,,,,,,,,,,,,1790,,
"206","TAUTRI","2023081607",0,15.6,52,0,36,5.5,88.57,3.492,12.035,,,,,,,,,,,,,,,,,,,,1790,,
"206","TAUTRI","2023081608",0,19.3,38,4.7,152,8.6,88.72,4.522,14.74,,,,,,,,,,,,,,,,,,,,1790,,
"206","TAUTRI","2023081609",0,22.1,30,4.5,238,10.8,89.152,4.763,15.337,,,,,,,,,,,,,,,,,,,,1790,,
"206","TAUTRI","2023081610",0,24,28,6,242,14.1,89.678,5.539,17.187,,,,,,,,,,,,,,,,,,,,1790,,
"206","TAUTRI","2023081611",0,25,28,6.1,313,16.3,90.165,5.969,18.166,,,,,,,,,,,,,,,,,,,,1790,,
"206","TAUTRI","2023081612",0,26.3,28,6.8,211,16.5,90.633,6.611,19.577,0,92.569,8.7,24.867,44.581,608.625,75.361,3,,,,,,,,,,,,1790,,
"206","TAUTRI","2023081613",0,27.6,28,10,226,17.8,91.099,8.302,24.066,,,,,,,,,,,,,,,,,,,,1790,,
"206","TAUTRI","2023081614",0,28.3,28,10.2,201,18,91.508,8.889,25.241,,,,,,,,,,,,,,,,,,,,1790,,
"206","TAUTRI","2023081615",0,28.9,28,11.6,200,23.8,91.869,10.04,27.456,,,,,,,,,,,,,,,,,,,,1790,,
"206","TAUTRI","2023081616",0,29.5,26,8.4,209,21.5,92.256,9.025,25.509,,,,,,,,,,,,,,,,,,,,1790,,
"206","TAUTRI","2023081617",0,29.4,27,5.2,260,14.7,92.504,7.953,23.35,,,,,,,,,,,,,,,,,,,,1790,,
"206","TAUTRI","2023081618",0,30.2,26,6.8,253,15,92.786,8.97,25.401,,,,,,,,,,,,,,,,,,,,1790,,
"206","TAUTRI","2023081619",0,26.5,33,6.2,312,22.2,92.836,8.765,24.995,,,,,,,,,,,,,,,,,,,,1790,,
"206","TAUTRI","2023081620",0,22.7,43,6.7,338,19.3,92.597,8.691,24.849,,,,,,,,,,,,,,,,,,,,1790,,
"206","TAUTRI","2023081621",0,19.6,49,2,337,12.4,92.278,6.557,20.345,,,,,,,,,,,,,,,,,,,,1790,,
"206","TAUTRI","2023081622",0,14.9,62,0,17,5.9,91.835,5.569,18.058,,,,,,,,,,,,,,,,,,,,1790,,
"206","TAUTRI","2023081623",0,13.7,65,4.3,29,5.2,91.182,6.303,19.772,,,,,,,,,,,,,,,,,,,,1790,,
"208","TATLA LAKE","2023081600",0,15.3,48,3.6,103,12.5,93.5,8.436,32.548,,,,,,,,,,,,,,,,,,,,,,
"208","TATLA LAKE","2023081601",0,13.2,51,4.6,108,9.1,92.987,8.259,32.089,,,,,,,,,,,,,,,,,,,,,,
"208","TATLA LAKE","2023081602",0,12.6,56,4.1,212,8.5,92.428,7.445,29.927,,,,,,,,,,,,,,,,,,,,,,
"208","TATLA LAKE","2023081603",0,10.5,59,3.9,304,9.1,91.875,6.817,28.186,,,,,,,,,,,,,,,,,,,,,,
"208","TATLA LAKE","2023081604",0,10.9,54,5.4,274,9.1,91.448,6.92,28.476,,,,,,,,,,,,,,,,,,,,,,
"208","TATLA LAKE","2023081605",0,10.5,65,4.7,219,6.8,90.848,6.133,26.211,,,,,,,,,,,,,,,,,,,,,,
"208","TATLA LAKE","2023081606",0,12.2,56,8.6,233,17.7,90.447,7.049,28.838,,,,,,,,,,,,,,,,,,,,,,
"208","TATLA LAKE","2023081607",0,15.6,44,9.2,269,17.2,90.362,7.178,29.195,,,,,,,,,,,,,,,,,,,,,,
"208","TATLA LAKE","2023081608",0,20.3,37,4.2,114,13.1,90.411,5.619,24.666,,,,,,,,,,,,,,,,,,,,,,
"208","TATLA LAKE","2023081609",0,23.5,29,6.8,148,11.4,90.694,6.67,27.769,,,,,,,,,,,,,,,,,,,,,,
"208","TATLA LAKE","2023081610",0,26.4,25,9,147,16.6,91.212,8.022,31.471,,,,,,,,,,,,,,,,,,,,,,
"208","TATLA LAKE","2023081611",0,29.4,24,8.3,171,17.7,91.815,8.436,32.549,,,,,,,,,,,,,,,,,,,,,,
"208","TATLA LAKE","2023081612",0,31.2,23,11.1,193,20.6,92.463,10.646,37.947,0,94.499,14.139,46.038,105.074,675.782,151.325,5,,,,,,,,,,,,,,
"208","TATLA LAKE","2023081613",0,31.7,21,10.6,249,20.6,93.094,11.342,39.979,,,,,,,,,,,,,,,,,,,,,,
"208","TATLA LAKE","2023081614",0,33,20,7.2,192,21.8,93.675,10.363,37.702,,,,,,,,,,,,,,,,,,,,,,
"208","TATLA LAKE","2023081615",0,33.6,19,10.4,169,18.9,94.236,13.162,43.988,,,,,,,,,,,,,,,,,,,,,,
"208","TATLA LAKE","2023081616",0,33.7,19,9.2,173,21.8,94.659,13.134,43.93,,,,,,,,,,,,,,,,,,,,,,
"208","TATLA LAKE","2023081617",0,34.1,17,9.5,265,17.2,95.114,14.192,46.147,,,,,,,,,,,,,,,,,,,,,,
"208","TATLA LAKE","2023081618",0,33.1,15,12.8,302,26.4,95.539,17.76,53.118,,,,,,,,,,,,,,,,,,,,,,
"208","TATLA LAKE","2023081619",0,31,18,13.8,310,25.8,95.599,18.83,55.079,,,,,,,,,,,,,,,,,,,,,,
"208","TATLA LAKE","2023081620",0,26.9,24,5.3,142,23.5,95.581,12.241,41.994,,,,,,,,,,,,,,,,,,,,,,
"208","TATLA LAKE","2023081621",0,23.3,29,5.4,162,11.4,95.4,12.002,41.465,,,,,,,,,,,,,,,,,,,,,,
"208","TATLA LAKE","2023081622",0,21.4,32,3.9,307,13.1,95.165,10.778,38.678,,,,,,,,,,,,,,,,,,,,,,
"208","TATLA LAKE","2023081623",0,18.1,38,2.1,171,10.2,94.835,9.408,35.386,,,,,,,,,,,,,,,,,,,,,,
"209","ALEXIS CREEK","2023081600",0,20.4,30,8.8,2,13.4,94.6,12.768,41.572,,,,,,,,,,,,,,,,,,,,599.6,,
"209","ALEXIS CREEK","2023081601",0,18.9,33,7.5,342,15.7,94.365,11.576,39.021,,,,,,,,,,,,,,,,,,,,599.6,,
"209","ALEXIS CREEK","2023081602",0,17,41,5.5,357,10.1,93.976,9.919,35.269,,,,,,,,,,,,,,,,,,,,599.6,,
"209","ALEXIS CREEK","2023081603",0,16.5,37,6.2,345,11.7,93.707,9.898,35.22,,,,,,,,,,,,,,,,,,,,599.6,,
"209","ALEXIS CREEK","2023081604",0,15,43,6,358,10.2,93.327,9.294,33.784,,,,,,,,,,,,,,,,,,,,599.6,,
"209","ALEXIS CREEK","2023081605",0,12.8,51,4.5,6,6.6,92.834,8.043,30.671,,,,,,,,,,,,,,,,,,,,599.6,,
"209","ALEXIS CREEK","2023081606",0,12.5,52,2.8,6,7.2,92.402,6.947,27.768,,,,,,,,,,,,,,,,,,,,599.6,,
"209","ALEXIS CREEK","2023081607",0,15.9,46,2.5,211,4.6,92.138,6.593,26.787,,,,,,,,,,,,,,,,,,,,599.6,,
"209","ALEXIS CREEK","2023081608",0,18.4,38,5.5,122,9.6,92.049,7.573,29.448,,,,,,,,,,,,,,,,,,,,599.6,,
"209","ALEXIS CREEK","2023081609",0,21,30,6.7,141,10.7,92.099,8.102,30.823,,,,,,,,,,,,,,,,,,,,599.6,,
"209","ALEXIS CREEK","2023081610",0,24.7,24,6.7,167,10.8,92.33,8.37,31.505,,,,,,,,,,,,,,,,,,,,599.6,,
"209","ALEXIS CREEK","2023081611",0,26.9,22,6.1,248,13.1,92.678,8.529,31.905,,,,,,,,,,,,,,,,,,,,599.6,,
"209","ALEXIS CREEK","2023081612",0,29,23,5.2,222,14.4,92.998,8.525,31.894,0,94.223,10.109,36.226,91.868,724.333,139.503,4,,,,,,,,,,,,599.6,,
"209","ALEXIS CREEK","2023081613",0,30.6,21,7.8,224,19.5,93.434,10.329,36.739,,,,,,,,,,,,,,,,,,,,599.6,,
"209","ALEXIS CREEK","2023081614",0,31.2,21,9.9,214,20.3,93.817,12.111,40.745,,,,,,,,,,,,,,,,,,,,599.6,,
"209","ALEXIS CREEK","2023081615",0,32.1,22,10.1,137,20,94.106,12.733,42.078,,,,,,,,,,,,,,,,,,,,599.6,,
"209","ALEXIS CREEK","2023081616",0,33,21,8.8,163,14.5,94.416,12.449,41.473,,,,,,,,,,,,,,,,,,,,599.6,,
"209","ALEXIS CREEK","2023081617",0,33.1,21,6.5,143,24.6,94.651,11.45,39.293,,,,,,,,,,,,,,,,,,,,599.6,,
"209","ALEXIS CREEK","2023081618",0,32.4,22,5.8,147,15,94.755,11.213,38.763,,,,,,,,,,,,,,,,,,,,599.6,,
"209","ALEXIS CREEK","2023081619",0,30.5,25,2,115,9.4,94.806,9.324,34.345,,,,,,,,,,,,,,,,,,,,599.6,,
"209","ALEXIS CREEK","2023081620",0,27.1,29,3.8,44,7.5,94.765,10.151,36.325,,,,,,,,,,,,,,,,,,,,599.6,,
"209","ALEXIS CREEK","2023081621",0,24.7,34,4.1,44,12.1,94.573,10.037,36.057,,,,,,,,,,,,,,,,,,,,599.6,,
"209","ALEXIS CREEK","2023081622",0,24.5,33,4.4,13,9.7,94.422,9.98,35.922,,,,,,,,,,,,,,,,,,,,599.6,,
"209","ALEXIS CREEK","2023081623",0,22.8,38,3.9,246,17.5,94.152,9.376,34.473,,,,,,,,,,,,,,,,,,,,599.6,,
"210","RISKE CREEK","2023081600",0,18.6,38,5.9,300,12.5,93.046,8.891,28.549,,,,,,,,,,,,,,,,,,,,,,
"210","RISKE CREEK","2023081601",0,17.8,42,5.8,359,10.2,92.77,8.51,27.709,,,,,,,,,,,,,,,,,,,,,,
"210","RISKE CREEK","2023081602",0,15.5,53,5.1,269,10.2,92.274,7.661,25.773,,,,,,,,,,,,,,,,,,,,,,
"210","RISKE CREEK","2023081603",0,13.4,56,4.9,298,9.1,91.769,7.062,24.352,,,,,,,,,,,,,,,,,,,,,,
"210","RISKE CREEK","2023081604",0,12.4,56,8.2,297,16.6,91.272,7.772,26.03,,,,,,,,,,,,,,,,,,,,,,
"210","RISKE CREEK","2023081605",0,12.3,58,8.5,310,15.4,90.782,7.358,25.058,,,,,,,,,,,,,,,,,,,,,,
"210","RISKE CREEK","2023081606",0,11.8,61,10.7,330,12.5,90.256,7.625,25.688,,,,,,,,,,,,,,,,,,,,,,
"210","RISKE CREEK","2023081607",0,14.7,53,7.5,325,13.7,90.005,6.261,22.369,,,,,,,,,,,,,,,,,,,,,,
"210","RISKE CREEK","2023081608",0,19.9,38,8,275,11.4,90.054,6.466,22.887,,,,,,,,,,,,,,,,,,,,,,
"210","RISKE CREEK","2023081609",0,23.4,27,7.5,350,13.1,90.464,6.686,23.434,,,,,,,,,,,,,,,,,,,,,,
"210","RISKE CREEK","2023081610",0,25.6,25,5.8,94,12,90.957,6.584,23.181,,,,,,,,,,,,,,,,,,,,,,
"210","RISKE CREEK","2023081611",0,26.8,23,6.8,115,14.3,91.509,7.491,25.373,,,,,,,,,,,,,,,,,,,,,,
"210","RISKE CREEK","2023081612",0,27.6,24,10.1,82,19.5,91.981,9.457,29.771,0,93.659,11.967,35.888,62.368,717.418,102.466,4,,,,,,,,,,,,,,
"210","RISKE CREEK","2023081613",0,28.7,23,8,80,20.6,92.441,9.079,29.85,,,,,,,,,,,,,,,,,,,,,,
"210","RISKE CREEK","2023081614",0,29.9,21,7.4,151,18.3,92.954,9.466,30.705,,,,,,,,,,,,,,,,,,,,,,
"210","RISKE CREEK","2023081615",0,30.4,22,11.7,117,27.5,93.364,12.449,36.83,,,,,,,,,,,,,,,,,,,,,,
"210","RISKE CREEK","2023081616",0,31.1,22,8.8,67,20.6,93.702,11.276,34.508,,,,,,,,,,,,,,,,,,,,,,
"210","RISKE CREEK","2023081617",0,30.6,22,7.4,61,21.8,93.941,10.862,33.663,,,,,,,,,,,,,,,,,,,,,,
"210","RISKE CREEK","2023081618",0,30.1,24,10.4,79,16,94.02,12.775,37.457,,,,,,,,,,,,,,,,,,,,,,
"210","RISKE CREEK","2023081619",0,28.4,28,7.5,119,13.7,94.071,11.115,34.181,,,,,,,,,,,,,,,,,,,,,,
"210","RISKE CREEK","2023081620",0,22.9,41,1.9,71,7.9,93.801,8.075,27.562,,,,,,,,,,,,,,,,,,,,,,
"210","RISKE CREEK","2023081621",0,20,46,4.6,199,6.8,93.373,8.716,29.036,,,,,,,,,,,,,,,,,,,,,,
"210","RISKE CREEK","2023081622",0,17.5,56,10.2,337,12,92.641,10.432,32.77,,,,,,,,,,,,,,,,,,,,,,
"210","RISKE CREEK","2023081623",0,17.5,54,9.3,331,13.1,92.074,9.204,30.128,,,,,,,,,,,,,,,,,,,,,,
"211","NAZKO","2023081600",0,10.8,75,2.5,263,11.9,88.772,4.077,13.086,,,,,,,,,,-56.3,,,,,,,,1,442.3,4718.4,,
"211","NAZKO","2023081601",0,9.4,81,1.4,190,8.5,88.151,3.529,11.662,,,,,,,,,,-52.2,,,,,,,,1,442.67,4718.4,,
"211","NAZKO","2023081602",0,9.7,81,2.5,218,9,87.553,3.423,11.38,,,,,,,,,,-57.8,,,,,,,,1,442.33,4718.4,,
"211","NAZKO","2023081603",0,8.5,86,4.2,203,9.1,86.823,3.361,11.212,,,,,,,,,,-64.2,,,,,,,,1,442.68,4718.4,,
"211","NAZKO","2023081604",0,7.6,88,2.5,188,7.4,86.145,2.803,9.645,,,,,,,,,,-80.6,,,,,,,,1,442.35,4718.4,,
"211","NAZKO","2023081605",0,6.4,91,0.4,114,6,85.515,2.309,8.162,,,,,,,,,,-104.3,,,,,,,,1,442.36,4718.4,,
"211","NAZKO","2023081606",0,7,93,4.4,188,6.8,84.698,2.524,8.819,,,,,,,,,,-146,,,,,,,,1,442.03,4718.4,,
"211","NAZKO","2023081607",0,11.2,74,5.6,159,9.2,84.593,2.643,9.175,,,,,,,,,,-179.8,,,,,,,,1,442.01,4718.4,,
"211","NAZKO","2023081608",0,15.7,55,3.2,163,6.1,84.747,2.391,8.417,,,,,,,,,,-166.4,,,,,,,,1,442.31,4718.4,,
"211","NAZKO","2023081609",0,19.3,45,4.2,9,10.4,85.176,2.668,9.25,,,,,,,,,,-109.5,,,,,,,,1,442.27,4718.4,,
"211","NAZKO","2023081610",0,22.9,31,7.3,333,13.4,86.16,3.578,11.794,,,,,,,,,,-108.8,,,,,,,,1,442.27,4718.4,,
"211","NAZKO","2023081611",0,25.6,29,6.4,79,13.3,87.206,3.966,12.803,,,,,,,,,,-125.1,,,,,,,,1,442.57,4718.4,,
"211","NAZKO","2023081612",0,26.6,29,4.9,315,13.4,88.109,4.184,13.355,0,92.454,7.779,22.272,41.501,609.16,70.923,3,,-114,,,,,,,,1,442.23,4718.4,,
"211","NAZKO","2023081613",0,28.1,29,8.3,27,15.4,89.01,5.651,17.662,,,,,,,,,,-92.5,,,,,,,,1,442.23,4718.4,,
"211","NAZKO","2023081614",0,29.2,28,10,349,19.1,89.875,6.97,20.588,,,,,,,,,,-96.8,,,,,,,,1,442.22,4718.4,,
"211","NAZKO","2023081615",0,29.6,27,8.8,355,18.9,90.622,7.302,21.287,,,,,,,,,,-89.5,,,,,,,,1,442.23,4718.4,,
"211","NAZKO","2023081616",0,30.2,26,9,357,19.3,91.301,8.125,22.969,,,,,,,,,,-50.3,,,,,,,,1,442.54,4718.4,,
"211","NAZKO","2023081617",0,31,25,6.1,326,14,91.898,7.641,21.989,,,,,,,,,,-86,,,,,,,,1,442.54,4718.4,,
"211","NAZKO","2023081618",0,30.3,28,8,315,16,92.224,8.805,24.305,,,,,,,,,,-46.8,,,,,,,,1,443.21,4718.4,,
"211","NAZKO","2023081619",0,25.8,36,5.3,320,19.1,92.274,7.739,22.19,,,,,,,,,,-41.9,,,,,,,,1,442.89,4718.4,,
"211","NAZKO","2023081620",0,19.9,59,5.1,209,7.5,91.685,7.049,20.755,,,,,,,,,,-31.8,,,,,,,,1,441.93,4718.4,,
"211","NAZKO","2023081621",0,16.8,66,3.8,186,8.2,91.018,6.005,18.472,,,,,,,,,,-75.9,,,,,,,,1,441.94,4718.4,,
"211","NAZKO","2023081622",0,15.5,69,5,185,9,90.333,5.785,17.97,,,,,,,,,,-81.3,,,,,,,,1,441.95,4718.4,,
"211","NAZKO","2023081623",0,14.3,73,1.9,178,7.2,89.709,4.525,14.938,,,,,,,,,,-68.9,,,,,,,,1,441.97,4718.4,,
"212","PLACE LAKE","2023081600",0,15,55,4.5,189,15.4,91.997,7.148,25.585,,,,,,,,,,,,,,,,,,,,,,
"212","PLACE LAKE","2023081601",0,12.6,63,2.6,210,9.7,91.421,5.986,22.591,,,,,,,,,,,,,,,,,,,,,,
"212","PLACE LAKE","2023081602",0,11.6,65,3,321,7.4,90.854,5.634,21.638,,,,,,,,,,,,,,,,,,,,,,
"212","PLACE LAKE","2023081603",0,10.8,65,5.9,329,9.7,90.292,6.018,22.676,,,,,,,,,,,,,,,,,,,,,,
"212","PLACE LAKE","2023081604",0,10.3,69,1.6,3,9.1,89.794,4.512,18.42,,,,,,,,,,,,,,,,,,,,,,
"212","PLACE LAKE","2023081605",0,8.4,74,0,99,3.3,89.355,3.909,16.556,,,,,,,,,,,,,,,,,,,,,,
"212","PLACE LAKE","2023081606",0,7.8,80,0,94,3.9,88.834,3.627,15.647,,,,,,,,,,,,,,,,,,,,,,
"212","PLACE LAKE","2023081607",0,12.3,70,0,161,2.2,88.527,3.471,15.131,,,,,,,,,,,,,,,,,,,,,,
"212","PLACE LAKE","2023081608",0,19.5,35,3.8,334,7.4,88.757,4.344,17.912,,,,,,,,,,,,,,,,,,,,,,
"212","PLACE LAKE","2023081609",0,21.3,31,5.6,230,14.3,89.136,5.022,19.919,,,,,,,,,,,,,,,,,,,,,,
"212","PLACE LAKE","2023081610",0,23.2,29,5.7,8,13.1,89.595,5.391,20.965,,,,,,,,,,,,,,,,,,,,,,
"212","PLACE LAKE","2023081611",0,24.8,26,9,341,19.5,90.191,6.935,25.051,,,,,,,,,,,,,,,,,,,,,,
"212","PLACE LAKE","2023081612",0,26.2,24,9,303,16,90.832,7.6,26.692,0,93.531,11.122,35.291,71.399,599.711,110.045,4,,,,,,,,,,,,,,
"212","PLACE LAKE","2023081613",0,27.7,23,8.1,222,20.6,91.464,7.947,28.167,,,,,,,,,,,,,,,,,,,,,,
"212","PLACE LAKE","2023081614",0,28.6,23,9.2,300,22.3,92.031,9.102,30.881,,,,,,,,,,,,,,,,,,,,,,
"212","PLACE LAKE","2023081615",0,29,21,10.8,334,18.9,92.612,10.708,34.419,,,,,,,,,,,,,,,,,,,,,,
"212","PLACE LAKE","2023081616",0,29.6,21,8.8,49,16,93.088,10.35,33.651,,,,,,,,,,,,,,,,,,,,,,
"212","PLACE LAKE","2023081617",0,29.7,21,7.1,28,13.7,93.46,10.007,32.905,,,,,,,,,,,,,,,,,,,,,,
"212","PLACE LAKE","2023081618",0,28.8,23,5.7,55,13.7,93.628,9.546,31.885,,,,,,,,,,,,,,,,,,,,,,
"212","PLACE LAKE","2023081619",0,25.3,32,5.6,85,13.1,93.612,9.477,31.731,,,,,,,,,,,,,,,,,,,,,,
"212","PLACE LAKE","2023081620",0,19.6,46,2.4,131,9.7,93.246,7.665,27.479,,,,,,,,,,,,,,,,,,,,,,
"212","PLACE LAKE","2023081621",0,17.6,50,4,153,12,92.788,7.792,27.791,,,,,,,,,,,,,,,,,,,,,,
"212","PLACE LAKE","2023081622",0,15.6,58,4.8,167,8.5,92.176,7.443,26.93,,,,,,,,,,,,,,,,,,,,,,
"212","PLACE LAKE","2023081623",0,15.7,58,6,160,12,91.613,7.301,26.575,,,,,,,,,,,,,,,,,,,,,,
"213","ANAHIM LAKE","2023081600",0,14.5,56,11.4,282,18.9,89.884,7.489,24.309,,,,,,,,,,0,,,,0,2,866.79,,,,,,
"213","ANAHIM LAKE","2023081601",0,13.6,59,6.4,276,17.2,89.55,5.549,19.628,,,,,,,,,,0,,,,0,2,866.78,,,,,,
"213","ANAHIM LAKE","2023081602",0,13.4,58,5.6,314,12,89.278,5.126,18.524,,,,,,,,,,-0.1,,,,0,2,866.76,,,,,,
"213","ANAHIM LAKE","2023081603",0,9.5,70,4.3,100,7.9,88.799,4.481,16.766,,,,,,,,,,-0.3,,,,0,2,866.85,,,,,,
"213","ANAHIM LAKE","2023081604",0,7.8,78,1.7,186,5.6,88.253,3.635,14.298,,,,,,,,,,-0.2,,,,0,2,866.86,,,,,,
"213","ANAHIM LAKE","2023081605",0,6.7,79,4.3,146,9.1,87.681,3.818,14.848,,,,,,,,,,-0.1,,,,0,2,866.87,,,,,,
"213","ANAHIM LAKE","2023081606",0,6.4,80,3.5,207,8.5,87.154,3.401,13.577,,,,,,,,,,-0.1,,,,0,2,866.83,,,,,,
"213","ANAHIM LAKE","2023081607",0,9.5,70,2.3,202,7.9,86.904,3.09,12.588,,,,,,,,,,-0.1,,,,0,2,866.7,,,,,,
"213","ANAHIM LAKE","2023081608",0,16.9,50,4.1,113,7.4,86.952,3.406,13.594,,,,,,,,,,-0.3,,,,0,2,866.45,,,,,,
"213","ANAHIM LAKE","2023081609",0,19.6,43,6.1,95,11.4,87.196,3.901,15.094,,,,,,,,,,-0.3,,,,0,2,866.4,,,,,,
"213","ANAHIM LAKE","2023081610",0,22,39,7,39,14.3,87.593,4.32,16.309,,,,,,,,,,0,,,,0,2,866.41,,,,,,
"213","ANAHIM LAKE","2023081611",0,25.5,33,6.1,266,11.4,88.255,4.539,16.926,,,,,,,,,,-0.2,,,,0,2,866.37,,,,,,
"213","ANAHIM LAKE","2023081612",0,27.4,29,8,268,19.5,89.085,5.627,19.828,0,92.343,8.954,28.399,57.791,635.441,94.171,4,,-0.1,,,,0,2,866.42,,,,,,
"213","ANAHIM LAKE","2023081613",0,27.7,28,15.6,201,25.2,89.907,9.286,29.112,,,,,,,,,,0,,,,0,2,866.56,,,,,,
"213","ANAHIM LAKE","2023081614",0,29,23,19.5,225,31.6,90.922,13.066,36.562,,,,,,,,,,0.1,,,,0,2,866.58,,,,,,
"213","ANAHIM LAKE","2023081615",0,29.2,23,25.7,223,34.4,91.762,20.124,48.25,,,,,,,,,,0,,,,0,2,866.67,,,,,,
"213","ANAHIM LAKE","2023081616",0,29.5,17,23.2,233,37.3,92.749,20.392,48.653,,,,,,,,,,-0.1,,,,0,2,866.69,,,,,,
"213","ANAHIM LAKE","2023081617",0,28.9,21,24.6,233,40.2,93.237,23.431,53.066,,,,,,,,,,-0.2,,,,0,2,866.73,,,,,,
"213","ANAHIM LAKE","2023081618",0,28.5,21,19.5,249,33.9,93.574,18.992,46.518,,,,,,,,,,-0.3,,,,0,2,866.73,,,,,,
"213","ANAHIM LAKE","2023081619",0,25.8,28,15.6,235,27.5,93.625,15.714,41.219,,,,,,,,,,-0.3,,,,0,2,866.73,,,,,,
"213","ANAHIM LAKE","2023081620",0,22.5,36,7.2,258,22.3,93.462,10.06,30.734,,,,,,,,,,-0.3,,,,0,2,866.75,,,,,,
"213","ANAHIM LAKE","2023081621",0,20.6,39,9.5,262,20,93.204,10.897,32.425,,,,,,,,,,-0.2,,,,0,2,866.74,,,,,,
"213","ANAHIM LAKE","2023081622",0,18.9,44,9,237,16,92.837,10.094,30.803,,,,,,,,,,-0.2,,,,0,2,866.74,,,,,,
"213","ANAHIM LAKE","2023081623",0,18.3,47,10.2,243,16,92.423,10.117,30.849,,,,,,,,,,-0.1,,,,0,2,866.68,,,,,,
"216","NEMIAH","2023081600",0,14.8,46,4.7,115,16.2,93.308,8.681,30.919,,,,,,,,,,,,,,,,,,,,11268.2,,
"216","NEMIAH","2023081601",0,13.3,50,7.1,103,12.9,92.795,9.119,31.957,,,,,,,,,,,,,,,,,,,,11268.2,,
"216","NEMIAH","2023081602",0,11.7,56,8,131,12.8,92.192,8.765,31.121,,,,,,,,,,,,,,,,,,,,11268.2,,
"216","NEMIAH","2023081603",0,12.1,55,5.7,156,12.1,91.707,7.288,27.456,,,,,,,,,,,,,,,,,,,,11268.2,,
"216","NEMIAH","2023081604",0,10.6,59,5.2,145,11.3,91.198,6.612,25.672,,,,,,,,,,,,,,,,,,,,11268.2,,
"216","NEMIAH","2023081605",0,10.5,60,5.5,129,20.2,90.715,6.265,24.728,,,,,,,,,,,,,,,,,,,,11268.2,,
"216","NEMIAH","2023081606",0,9.1,64,1.8,79,11.6,90.275,4.883,20.723,,,,,,,,,,,,,,,,,,,,11268.2,,
"216","NEMIAH","2023081607",0,8.8,68,0,232,8.4,89.903,4.228,18.664,,,,,,,,,,,,,,,,,,,,11268.2,,
"216","NEMIAH","2023081608",0,12.2,66,0.9,273,6.4,89.517,4.186,18.528,,,,,,,,,,,,,,,,,,,,11268.2,,
"216","NEMIAH","2023081609",0,18.5,48,5,266,8.5,89.507,5.139,21.499,,,,,,,,,,,,,,,,,,,,11268.2,,
"216","NEMIAH","2023081610",0,23.9,28,5,350,9.3,89.964,5.487,22.526,,,,,,,,,,,,,,,,,,,,11268.2,,
"216","NEMIAH","2023081611",0,26.8,24,6.7,35,12.7,90.648,6.593,25.621,,,,,,,,,,,,,,,,,,,,11268.2,,
"216","NEMIAH","2023081612",0,28.3,25,5.4,287,14,91.226,6.705,25.922,0,94.474,10.572,35.86,85.137,577.221,124.402,4,,,,,,,,,,,,11268.2,,
"216","NEMIAH","2023081613",0,29.7,22,5.3,78,12.8,91.895,7.336,28.071,,,,,,,,,,,,,,,,,,,,11268.2,,
"216","NEMIAH","2023081614",0,30.3,21,5.8,251,15.1,92.519,8.216,30.316,,,,,,,,,,,,,,,,,,,,11268.2,,
"216","NEMIAH","2023081615",0,31.4,21,9.7,346,15.7,93.113,10.869,36.518,,,,,,,,,,,,,,,,,,,,11268.2,,
"216","NEMIAH","2023081616",0,32.3,19,6.3,335,13.2,93.694,9.93,34.409,,,,,,,,,,,,,,,,,,,,11268.2,,
"216","NEMIAH","2023081617",0,32.6,19,6.2,360,13.5,94.164,10.545,35.801,,,,,,,,,,,,,,,,,,,,11268.2,,
"216","NEMIAH","2023081618",0,32.1,21,7.8,319,17.4,94.417,11.837,38.612,,,,,,,,,,,,,,,,,,,,11268.2,,
"216","NEMIAH","2023081619",0,29.3,25,11.3,277,21.5,94.468,14.22,43.457,,,,,,,,,,,,,,,,,,,,11268.2,,
"216","NEMIAH","2023081620",0,27.6,26,8.1,272,20.2,94.519,12.188,39.35,,,,,,,,,,,,,,,,,,,,11268.2,,
"216","NEMIAH","2023081621",0,24,32,7.2,214,14.7,94.373,11.415,37.708,,,,,,,,,,,,,,,,,,,,11268.2,,
"216","NEMIAH","2023081622",0,19.4,44,0,203,11.8,94.099,7.647,28.877,,,,,,,,,,,,,,,,,,,,11268.2,,
"216","NEMIAH","2023081623",0,17.5,48,7.6,133,11.3,93.533,10.367,35.401,,,,,,,,,,,,,,,,,,,,11268.2,,
"218","LONE BUTTE","2023081600",0,16.3,55,5.4,309,13.1,90,5.628,15.152,,,,,,,,,,,,,,,,,,,,,,
"218","LONE BUTTE","2023081601",0,15.8,49,7.7,297,14.3,89.87,6.203,16.312,,,,,,,,,,,,,,,,,,,,,,
"218","LONE BUTTE","2023081602",0,14.4,54,7.8,293,13.1,89.636,6.029,15.965,,,,,,,,,,,,,,,,,,,,,,
"218","LONE BUTTE","2023081603",0,14.6,49,6.1,308,15.4,89.537,5.456,14.795,,,,,,,,,,,,,,,,,,,,,,
"218","LONE BUTTE","2023081604",0,10.9,69,4.2,311,14.3,89.051,4.624,13.008,,,,,,,,,,,,,,,,,,,,,,
"218","LONE BUTTE","2023081605",0,8.4,74,3.6,324,8.5,88.523,4.159,11.956,,,,,,,,,,,,,,,,,,,,,,
"218","LONE BUTTE","2023081606",0,10.4,71,5.4,311,10.2,88.081,4.273,12.22,,,,,,,,,,,,,,,,,,,,,,
"218","LONE BUTTE","2023081607",0,16.2,53,5.3,275,10.8,88.093,4.26,12.188,,,,,,,,,,,,,,,,,,,,,,
"218","LONE BUTTE","2023081608",0,18.7,40,10,334,18.3,88.253,5.523,14.935,,,,,,,,,,,,,,,,,,,,,,
"218","LONE BUTTE","2023081609",0,19.9,37,10,5,17.2,88.506,5.727,15.355,,,,,,,,,,,,,,,,,,,,,,
"218","LONE BUTTE","2023081610",0,21.5,32,8.4,10,15.4,88.919,5.606,15.106,,,,,,,,,,,,,,,,,,,,,,
"218","LONE BUTTE","2023081611",0,23.1,34,6.8,2,16.6,89.254,5.426,14.734,,,,,,,,,,,,,,,,,,,,,,
"218","LONE BUTTE","2023081612",0,24.4,31,6.2,6,17.7,89.679,5.596,15.086,0,91.615,7.378,19.407,37.55,335.031,58.663,3,,,,,,,,,,,,,,
"218","LONE BUTTE","2023081613",0,25.2,31,6.5,7,18.3,90.07,6.009,16.676,,,,,,,,,,,,,,,,,,,,,,
"218","LONE BUTTE","2023081614",0,26,30,7.2,236,16,90.469,6.59,17.864,,,,,,,,,,,,,,,,,,,,,,
"218","LONE BUTTE","2023081615",0,26.7,29,9.5,359,15.4,90.881,7.848,20.298,,,,,,,,,,,,,,,,,,,,,,
"218","LONE BUTTE","2023081616",0,27.6,29,5,22,17.7,91.226,6.571,17.825,,,,,,,,,,,,,,,,,,,,,,
"218","LONE BUTTE","2023081617",0,27.4,32,5.1,346,12,91.396,6.766,18.215,,,,,,,,,,,,,,,,,,,,,,
"218","LONE BUTTE","2023081618",0,26.4,32,7.4,28,10.8,91.51,7.721,20.059,,,,,,,,,,,,,,,,,,,,,,
"218","LONE BUTTE","2023081619",0,21.4,52,5.6,47,9.1,91.207,6.754,18.191,,,,,,,,,,,,,,,,,,,,,,
"218","LONE BUTTE","2023081620",0,15.6,71,4.7,128,6.2,90.449,5.794,16.225,,,,,,,,,,,,,,,,,,,,,,
"218","LONE BUTTE","2023081621",0,13.5,79,4.7,124,7.4,89.563,5.103,14.731,,,,,,,,,,,,,,,,,,,,,,
"218","LONE BUTTE","2023081622",0,13,74,5.2,147,10.8,88.927,4.777,13.999,,,,,,,,,,,,,,,,,,,,,,
"218","LONE BUTTE","2023081623",0,12.3,79,4.1,142,7.4,88.247,4.099,12.412,,,,,,,,,,,,,,,,,,,,,,
"221","BALDFACE","2023081600",0,12.7,42,10.5,293,23.5,91.298,8.758,20.022,,,,,,,,,,,,,,,,,,,,,,
"221","BALDFACE","2023081601",0,12.3,44,8.7,288,21.8,91.095,7.772,18.349,,,,,,,,,,,,,,,,,,,,,,
"221","BALDFACE","2023081602",0,7.9,63,2,37,14.9,90.641,5.197,13.524,,,,,,,,,,,,,,,,,,,,,,
"221","BALDFACE","2023081603",0,4.9,77,5.3,340,9.1,89.892,5.514,14.161,,,,,,,,,,,,,,,,,,,,,,
"221","BALDFACE","2023081604",0,3.3,86,2.3,316,6.8,89.073,4.215,11.446,,,,,,,,,,,,,,,,,,,,,,
"221","BALDFACE","2023081605",0,3.2,92,7.3,320,8.5,87.955,4.618,12.32,,,,,,,,,,,,,,,,,,,,,,
"221","BALDFACE","2023081606",0,13.7,49,12.2,292,16,88.004,5.954,15.023,,,,,,,,,,,,,,,,,,,,,,
"221","BALDFACE","2023081607",0,19.2,35,12.5,289,22.9,88.339,6.342,15.763,,,,,,,,,,,,,,,,,,,,,,
"221","BALDFACE","2023081608",0,23,34,14.5,304,28.1,88.809,7.503,17.879,,,,,,,,,,,,,,,,,,,,,,
"221","BALDFACE","2023081609",0,25.8,35,12.8,322,25.2,89.271,7.361,17.627,,,,,,,,,,,,,,,,,,,,,,
"221","BALDFACE","2023081610",0,27.5,32,13.1,340,20,89.849,8.118,18.945,,,,,,,,,,,,,,,,,,,,,,
"221","BALDFACE","2023081611",0,29.9,29,9,315,23.5,90.531,7.28,17.483,,,,,,,,,,,,,,,,,,,,,,
"221","BALDFACE","2023081612",0,30.6,27,8.2,297,20.6,91.195,7.687,18.202,0,93.368,10.443,24.228,34.177,377.666,55.743,3,,,,,,,,,,,,,,
"221","BALDFACE","2023081613",0,26.5,33,11.1,288,24.6,91.316,9.051,21.898,,,,,,,,,,,,,,,,,,,,,,
"221","BALDFACE","2023081614",0,27.5,29,8.6,275,20.6,91.6,8.308,20.594,,,,,,,,,,,,,,,,,,,,,,
"221","BALDFACE","2023081615",0,27.9,24,11.5,262,22.3,92.077,10.287,23.973,,,,,,,,,,,,,,,,,,,,,,
"221","BALDFACE","2023081616",0,28.4,24,10.7,250,23.5,92.476,10.453,24.244,,,,,,,,,,,,,,,,,,,,,,
"221","BALDFACE","2023081617",0,28.6,23,9.6,305,36.7,92.844,10.414,24.18,,,,,,,,,,,,,,,,,,,,,,
"221","BALDFACE","2023081618",0,24.6,27,11,332,26.4,92.894,11.254,25.525,,,,,,,,,,,,,,,,,,,,,,
"221","BALDFACE","2023081619",0,19.1,50,7.6,301,20,92.426,8.878,21.598,,,,,,,,,,,,,,,,,,,,,,
"221","BALDFACE","2023081620",0,12.5,72,7.1,287,9.7,91.47,7.562,19.236,,,,,,,,,,,,,,,,,,,,,,
"221","BALDFACE","2023081621",0,11.1,73,6.2,305,14.3,90.638,6.419,17.045,,,,,,,,,,,,,,,,,,,,,,
"221","BALDFACE","2023081622",0,9.8,79,2.9,268,8.5,89.832,4.844,13.751,,,,,,,,,,,,,,,,,,,,,,
"221","BALDFACE","2023081623",0,10.2,78,3.6,169,6.8,89.113,4.526,13.038,,,,,,,,,,,,,,,,,,,,,,
"222","GASPARD","2023081600",0,15.7,38,10.8,295,22.9,91.715,9.434,24.244,,,,,,,,,,,,,,,,,,,,,,
"222","GASPARD","2023081601",0,14.7,38,14.7,303,25.2,91.591,11.283,27.446,,,,,,,,,,,,,,,,,,,,,,
"222","GASPARD","2023081602",0,14,35,12.7,309,23.5,91.538,10.126,25.471,,,,,,,,,,,,,,,,,,,,,,
"222","GASPARD","2023081603",0,13.8,38,12.7,274,18.3,91.428,9.968,25.194,,,,,,,,,,,,,,,,,,,,,,
"222","GASPARD","2023081604",0,12.8,47,11.8,296,18.9,91.135,9.137,23.706,,,,,,,,,,,,,,,,,,,,,,
"222","GASPARD","2023081605",0,12.4,50,10.1,283,22.3,90.818,8.017,21.608,,,,,,,,,,,,,,,,,,,,,,
"222","GASPARD","2023081606",0,13.8,41,11.3,262,14.9,90.725,8.404,22.346,,,,,,,,,,,,,,,,,,,,,,
"222","GASPARD","2023081607",0,15.7,42,11,241,16.6,90.647,8.186,21.933,,,,,,,,,,,,,,,,,,,,,,
"222","GASPARD","2023081608",0,17.7,35,10.3,247,16.6,90.697,7.959,21.495,,,,,,,,,,,,,,,,,,,,,,
"222","GASPARD","2023081609",0,19.9,35,6.3,287,17.2,90.747,6.553,18.672,,,,,,,,,,,,,,,,,,,,,,
"222","GASPARD","2023081610",0,20.7,36,8.7,26,16,90.797,7.448,20.495,,,,,,,,,,,,,,,,,,,,,,
"222","GASPARD","2023081611",0,23.1,32,11.6,311,21.2,90.915,8.767,23.025,,,,,,,,,,,,,,,,,,,,,,
"222","GASPARD","2023081612",0,24.4,31,8.6,301,23.5,91.084,7.721,21.032,0,91.911,8.682,23.779,42.624,462.38,69.282,3,,,,,,,,,,,,,,
"222","GASPARD","2023081613",0,25.6,30,11,328,21.8,91.308,8.995,24.375,,,,,,,,,,,,,,,,,,,,,,
"222","GASPARD","2023081614",0,25.7,28,12.6,19,23.5,91.578,10.132,26.477,,,,,,,,,,,,,,,,,,,,,,
"222","GASPARD","2023081615",0,26.6,27,9.6,347,24.1,91.863,9.069,24.516,,,,,,,,,,,,,,,,,,,,,,
"222","GASPARD","2023081616",0,26.6,26,10.1,75,22.3,92.138,9.669,25.635,,,,,,,,,,,,,,,,,,,,,,
"222","GASPARD","2023081617",0,25.9,28,9.1,39,16.6,92.254,9.346,25.037,,,,,,,,,,,,,,,,,,,,,,
"222","GASPARD","2023081618",0,25,30,9.4,61,19.5,92.304,9.556,25.426,,,,,,,,,,,,,,,,,,,,,,
"222","GASPARD","2023081619",0,23,33,9.5,70,16,92.354,9.672,25.64,,,,,,,,,,,,,,,,,,,,,,
"222","GASPARD","2023081620",0,20.5,37,9.7,84,15.4,92.277,9.664,25.625,,,,,,,,,,,,,,,,,,,,,,
"222","GASPARD","2023081621",0,19.9,38,13,127,16,92.166,11.234,28.422,,,,,,,,,,,,,,,,,,,,,,
"222","GASPARD","2023081622",0,18.5,42,11,146,16,91.958,9.864,25.992,,,,,,,,,,,,,,,,,,,,,,
"222","GASPARD","2023081623",0,18.9,41,11.7,180,16.6,91.802,9.994,26.229,,,,,,,,,,,,,,,,,,,,,,
"225","KNIFE","2023081600",0,21.3,34,5.6,352,16.6,93.473,9.296,24.692,,,,,,,,,,,,,,,,,,,,,,
"225","KNIFE","2023081601",0,19.8,37,8.7,10,14.3,93.261,10.551,26.957,,,,,,,,,,,,,,,,,,,,,,
"225","KNIFE","2023081602",0,16.9,49,4.4,64,12,92.817,7.983,22.18,,,,,,,,,,,,,,,,,,,,,,
"225","KNIFE","2023081603",0,14.5,54,2.2,82,7.9,92.357,6.697,19.548,,,,,,,,,,,,,,,,,,,,,,
"225","KNIFE","2023081604",0,13.5,56,3.6,75,6.8,91.868,6.708,19.57,,,,,,,,,,,,,,,,,,,,,,
"225","KNIFE","2023081605",0,12.4,61,2.3,67,7.4,91.356,5.842,17.683,,,,,,,,,,,,,,,,,,,,,,
"225","KNIFE","2023081606",0,12.4,62,2,62,6.2,90.881,5.378,16.623,,,,,,,,,,,,,,,,,,,,,,
"225","KNIFE","2023081607",0,14.4,59,1.7,92,4.5,90.517,5.029,15.804,,,,,,,,,,,,,,,,,,,,,,
"225","KNIFE","2023081608",0,18.7,45,2.5,225,5.6,90.472,5.202,16.214,,,,,,,,,,,,,,,,,,,,,,
"225","KNIFE","2023081609",0,22.2,34,5.4,207,10.2,90.547,6.086,18.225,,,,,,,,,,,,,,,,,,,,,,
"225","KNIFE","2023081610",0,24.2,26,8.6,307,15.4,90.953,7.578,21.371,,,,,,,,,,,,,,,,,,,,,,
"225","KNIFE","2023081611",0,25.6,25,8.7,229,18.9,91.387,8.101,22.413,,,,,,,,,,,,,,,,,,,,,,
"225","KNIFE","2023081612",0,27.1,22,9.4,242,18.9,91.943,9.08,24.29,0,93.996,12.106,30.97,45.155,526.364,74.362,3,,,,,,,,,,,,,,
"225","KNIFE","2023081613",0,27.9,22,10.7,325,21.8,92.439,10.398,27.934,,,,,,,,,,,,,,,,,,,,,,
"225","KNIFE","2023081614",0,29.7,23,8.2,272,22.3,92.856,9.72,26.671,,,,,,,,,,,,,,,,,,,,,,
"225","KNIFE","2023081615",0,30.2,23,6.6,173,21.8,93.2,9.411,26.082,,,,,,,,,,,,,,,,,,,,,,
"225","KNIFE","2023081616",0,30.7,23,6.4,277,18.3,93.495,9.708,26.647,,,,,,,,,,,,,,,,,,,,,,
"225","KNIFE","2023081617",0,30.6,23,6.5,8,19.5,93.726,10.076,27.339,,,,,,,,,,,,,,,,,,,,,,
"225","KNIFE","2023081618",0,30.3,23,4.4,207,13.7,93.893,9.276,25.823,,,,,,,,,,,,,,,,,,,,,,
"225","KNIFE","2023081619",0,27.7,30,3.6,72,10.2,93.939,8.967,25.222,,,,,,,,,,,,,,,,,,,,,,
"225","KNIFE","2023081620",0,22.9,39,6.3,50,10.2,93.672,9.901,27.01,,,,,,,,,,,,,,,,,,,,,,
"225","KNIFE","2023081621",0,22.4,38,4,141,7.9,93.479,8.583,24.464,,,,,,,,,,,,,,,,,,,,,,
"225","KNIFE","2023081622",0,21.6,41,1.8,73,9.7,93.262,7.453,22.145,,,,,,,,,,,,,,,,,,,,,,
"225","KNIFE","2023081623",0,20,45,4.5,45,10.2,92.922,8.142,23.575,,,,,,,,,,,,,,,,,,,,,,
"226","MIDDLE LAKE","2023081600",0,19.3,38,2.7,357,5.9,95.069,10.014,,,,,,,,,,,,,,,,,,,,,29371.4,,
"226","MIDDLE LAKE","2023081601",0,17.8,42,1.7,335,7.5,94.67,9.014,,,,,,,,,,,,,,,,,,,,,29371.4,,
"226","MIDDLE LAKE","2023081603",0,15.9,47,2.4,15,5.9,94.177,8.724,,,,,,,,,,,,,,,,,,,,,29371.4,,
"226","MIDDLE LAKE","2023081604",0,14.6,51,3.1,3,5.7,93.626,8.372,,,,,,,,,,,,,,,,,,,,,29371.4,,
"226","MIDDLE LAKE","2023081605",0,13.7,52,1.5,342,6.6,93.157,7.235,,,,,,,,,,,,,,,,,,,,,29371.4,,
"226","MIDDLE LAKE","2023081606",0,13.8,53,3.2,3,5,92.662,7.353,,,,,,,,,,,,,,,,,,,,,29371.4,,
"226","MIDDLE LAKE","2023081607",0,14,54,0.6,24,5.6,92.273,6.107,,,,,,,,,,,,,,,,,,,,,29371.4,,
"226","MIDDLE LAKE","2023081609",0,24.5,30,3.3,182,10.2,92.323,7.046,,,,,,,,,,,,,,,,,,,,,29371.4,,
"226","MIDDLE LAKE","2023081610",0,27.4,24,5.2,161,10.8,92.604,8.067,,,,,,,,,,,,,,,,,,,,,29371.4,,
"226","MIDDLE LAKE","2023081611",0,29.7,23,7,185,12.3,92.98,9.31,,,,,,,,,,,,,,,,,,,,,29371.4,,
"226","MIDDLE LAKE","2023081612",0,32.6,20,6,161,15.2,93.551,9.589,,0,,,,,,,,,,,,,,,,,,,29371.4,,
"226","MIDDLE LAKE","2023081613",0,33.9,19,6.3,171,12.5,94.12,10.535,,,,,,,,,,,,,,,,,,,,,29371.4,,
"226","MIDDLE LAKE","2023081614",0,35.2,17,8.1,206,15.3,94.755,12.591,,,,,,,,,,,,,,,,,,,,,29371.4,,
"226","MIDDLE LAKE","2023081615",0,35.2,16,10.6,233,22.2,95.31,15.409,,,,,,,,,,,,,,,,,,,,,29371.4,,
"226","MIDDLE LAKE","2023081616",0,34.6,16,13.5,239,28.2,95.705,18.817,,,,,,,,,,,,,,,,,,,,,29371.4,,
"226","MIDDLE LAKE","2023081617",0,34.1,17,14,245,27.7,95.912,19.849,,,,,,,,,,,,,,,,,,,,,29371.4,,
"226","MIDDLE LAKE","2023081618",0,32.3,18,12.4,269,27.2,95.963,18.438,,,,,,,,,,,,,,,,,,,,,29371.4,,
"226","MIDDLE LAKE","2023081619",0,29.5,21,11.2,288,27.1,96.014,17.477,,,,,,,,,,,,,,,,,,,,,29371.4,,
"226","MIDDLE LAKE","2023081620",0,28.3,23,9.9,284,27.1,95.987,16.308,,,,,,,,,,,,,,,,,,,,,29371.4,,
"226","MIDDLE LAKE","2023081621",0,27.2,25,9.6,251,25.3,95.89,15.854,,,,,,,,,,,,,,,,,,,,,29371.4,,
"226","MIDDLE LAKE","2023081622",0,24.6,30,7.1,245,19.5,95.645,13.521,,,,,,,,,,,,,,,,,,,,,29371.4,,
"226","MIDDLE LAKE","2023081623",0,23.4,32,5.2,285,14.9,95.383,11.855,,,,,,,,,,,,,,,,,,,,,29371.4,,
"227","GAVIN","2023081600",0,13.9,68,3.9,175,11.4,89.797,5.069,12.656,,,,,,,,,,,,,,,,,,,,,,
"227","GAVIN","2023081601",0,11.9,72,2.6,25,7.4,89.246,4.387,11.268,,,,,,,,,,,,,,,,,,,,,,
"227","GAVIN","2023081602",0,11.3,71,4.4,216,10.8,88.741,4.467,11.436,,,,,,,,,,,,,,,,,,,,,,
"227","GAVIN","2023081603",0,11.6,68,2.3,162,13.7,88.388,3.82,10.054,,,,,,,,,,,,,,,,,,,,,,
"227","GAVIN","2023081604",0,11.6,65,3.5,207,9.1,88.11,3.899,10.228,,,,,,,,,,,,,,,,,,,,,,
"227","GAVIN","2023081605",0,12.7,56,4.7,218,12,88.021,4.09,10.64,,,,,,,,,,,,,,,,,,,,,,
"227","GAVIN","2023081606",0,13.4,51,4.5,245,9.7,88.032,4.056,10.567,,,,,,,,,,,,,,,,,,,,,,
"227","GAVIN","2023081607",0,16.8,41,4,181,10.8,88.123,4.006,10.46,,,,,,,,,,,,,,,,,,,,,,
"227","GAVIN","2023081608",0,20,36,5.9,302,10.8,88.405,4.591,11.692,,,,,,,,,,,,,,,,,,,,,,
"227","GAVIN","2023081609",0,20.7,34,6.4,314,13.7,88.73,4.933,12.385,,,,,,,,,,,,,,,,,,,,,,
"227","GAVIN","2023081610",0,22.3,32,5.7,308,15.4,89.118,5.035,12.589,,,,,,,,,,,,,,,,,,,,,,
"227","GAVIN","2023081611",0,22.8,30,9.4,277,17.7,89.561,6.465,15.291,,,,,,,,,,,,,,,,,,,,,,
"227","GAVIN","2023081612",0,24,27,6.7,315,25.2,90.067,6.067,14.564,0,92.112,8.117,19.246,30.511,368.218,50.55,3,,,,,,,,,,,,,,
"227","GAVIN","2023081613",0,25.4,32,9.1,281,19.5,90.381,7.162,17.552,,,,,,,,,,,,,,,,,,,,,,
"227","GAVIN","2023081614",0,26.3,32,8.1,259,23.5,90.67,7.097,17.434,,,,,,,,,,,,,,,,,,,,,,
"227","GAVIN","2023081615",0,27.5,31,8.9,233,16,90.996,7.741,18.588,,,,,,,,,,,,,,,,,,,,,,
"227","GAVIN","2023081616",0,27.3,32,8.2,296,16,91.213,7.707,18.529,,,,,,,,,,,,,,,,,,,,,,
"227","GAVIN","2023081617",0,27.8,30,5.8,266,16,91.475,7.088,17.417,,,,,,,,,,,,,,,,,,,,,,
"227","GAVIN","2023081618",0,26,45,3,84,7.9,91.435,6.121,15.599,,,,,,,,,,,,,,,,,,,,,,
"227","GAVIN","2023081619",0,21.3,55,6.8,50,10.2,91.05,7.016,17.286,,,,,,,,,,,,,,,,,,,,,,
"227","GAVIN","2023081620",0,20.3,48,8,51,11.4,90.874,7.27,17.748,,,,,,,,,,,,,,,,,,,,,,
"227","GAVIN","2023081621",0,19.9,47,8.7,51,13.7,90.736,7.384,17.953,,,,,,,,,,,,,,,,,,,,,,
"227","GAVIN","2023081622",0,18.9,51,8.5,49,16,90.507,7.075,17.393,,,,,,,,,,,,,,,,,,,,,,
"227","GAVIN","2023081623",0,18.1,55,8,54,12,90.206,6.608,16.528,,,,,,,,,,,,,,,,,,,,,,
"228","BENSON","2023081600",0,17.7,40,11.8,295,27.5,90.386,8.211,28.142,,,,,,,,,,,,,,,,,,,,,,
"228","BENSON","2023081601",0,16.4,45,11.7,273,21.8,90.291,8.059,27.786,,,,,,,,,,,,,,,,,,,,,,
"228","BENSON","2023081602",0,15.8,45,13.4,,24.1,90.194,8.659,29.179,,,,,,,,,,,,,,,,,,,,,,
"228","BENSON","2023081603",0,15.3,45,11.2,282,20.6,90.106,7.654,26.819,,,,,,,,,,,,,,,,,,,,,,
"228","BENSON","2023081604",0,14.1,49,8.5,277,17.7,89.942,6.525,24.003,,,,,,,,,,,,,,,,,,,,,,
"228","BENSON","2023081605",0,13.5,53,5.9,,13.7,89.727,5.55,21.402,,,,,,,,,,,,,,,,,,,,,,
"228","BENSON","2023081606",0,13.9,52,4.3,59,7.9,89.567,5.004,19.863,,,,,,,,,,,,,,,,,,,,,,
"228","BENSON","2023081607",0,17.3,43,4.4,30,8.5,89.616,5.065,20.039,,,,,,,,,,,,,,,,,,,,,,
"228","BENSON","2023081608",0,18.5,40,3.1,274,7.9,89.665,4.777,19.204,,,,,,,,,,,,,,,,,,,,,,
"228","BENSON","2023081609",0,20.5,36,4.9,18,10.8,89.755,5.299,20.702,,,,,,,,,,,,,,,,,,,,,,
"228","BENSON","2023081610",0,22.1,33,6.3,203,12.5,89.962,5.857,22.241,,,,,,,,,,,,,,,,,,,,,,
"228","BENSON","2023081611",0,23.3,27,9.5,255,18.9,90.397,7.324,26.016,,,,,,,,,,,,,,,,,,,,,,
"228","BENSON","2023081612",0,24.1,27,9.3,296,19.5,90.791,7.67,26.858,0,92.217,9.392,31.51,67.58,731.99,109.814,4,,,,,,,,,,,,,,
"228","BENSON","2023081613",0,25,27,8.6,226,21.8,91.149,7.792,27.766,,,,,,,,,,,,,,,,,,,,,,
"228","BENSON","2023081614",0,26.2,28,8,275,16,91.449,7.89,28.004,,,,,,,,,,,,,,,,,,,,,,
"228","BENSON","2023081615",0,27,31,8.4,,17.2,91.612,8.238,28.84,,,,,,,,,,,,,,,,,,,,,,
"228","BENSON","2023081616",0,27.3,27,6.5,248,13.7,91.904,7.802,27.79,,,,,,,,,,,,,,,,,,,,,,
"228","BENSON","2023081617",0,27.3,29,5.3,51,12,92.063,7.512,27.076,,,,,,,,,,,,,,,,,,,,,,
"228","BENSON","2023081618",0,26.7,37,4.1,121,9.7,92.113,7.121,26.097,,,,,,,,,,,,,,,,,,,,,,
"228","BENSON","2023081619",0,23,42,4.4,126,12,92.008,7.123,26.102,,,,,,,,,,,,,,,,,,,,,,
"228","BENSON","2023081620",0,21,42,6,165,11.4,91.878,7.58,27.245,,,,,,,,,,,,,,,,,,,,,,
"228","BENSON","2023081621",0,21.1,43,7.2,156,13.7,91.735,7.891,28.006,,,,,,,,,,,,,,,,,,,,,,
"228","BENSON","2023081622",0,20.1,46,6.7,153,13.7,91.528,7.472,26.978,,,,,,,,,,,,,,,,,,,,,,
"228","BENSON","2023081623",0,18.9,47,4.7,177,13.7,91.325,6.564,24.66,,,,,,,,,,,,,,,,,,,,,,
"232","COLDSCAUR LAKE","2023081600",0,15.7,59,6.7,354,13.1,87.513,4.207,13.125,,,,,,,,,,,,,,,,,,,,,,
"232","COLDSCAUR LAKE","2023081601",0,14.3,63,5.3,4,13.1,87.369,3.84,12.21,,,,,,,,,,,,,,,,,,,,,,
"232","COLDSCAUR LAKE","2023081602",0,12.9,72,3.7,329,9.1,87.052,3.386,11.029,,,,,,,,,,,,,,,,,,,,,,
"232","COLDSCAUR LAKE","2023081603",0,11.5,76,3.9,355,9.1,86.667,3.238,10.633,,,,,,,,,,,,,,,,,,,,,,
"232","COLDSCAUR LAKE","2023081604",0,11.2,74,3.6,346,13.1,86.372,3.06,10.143,,,,,,,,,,,,,,,,,,,,,,
"232","COLDSCAUR LAKE","2023081605",0,8.4,84,1.9,102,4.5,85.881,2.621,8.897,,,,,,,,,,,,,,,,,,,,,,
"232","COLDSCAUR LAKE","2023081606",0,8,89,0,53,4.5,85.387,2.223,7.702,,,,,,,,,,,,,,,,,,,,,,
"232","COLDSCAUR LAKE","2023081607",0,13.9,67,5.4,8,10.2,85.39,2.92,9.753,,,,,,,,,,,,,,,,,,,,,,
"232","COLDSCAUR LAKE","2023081608",0,19.2,44,7.6,305,16.6,85.8,3.454,11.208,,,,,,,,,,,,,,,,,,,,,,
"232","COLDSCAUR LAKE","2023081609",0,20.8,38,10.7,341,20,86.41,4.399,13.594,,,,,,,,,,,,,,,,,,,,,,
"232","COLDSCAUR LAKE","2023081610",0,23,33,7.7,299,20.6,87.157,4.205,13.12,,,,,,,,,,,,,,,,,,,,,,
"232","COLDSCAUR LAKE","2023081611",0,24.2,29,8.2,313,18.3,87.999,4.864,14.694,,,,,,,,,,,,,,,,,,,,,,
"232","COLDSCAUR LAKE","2023081612",0,25.2,29,10.7,297,20,88.789,6.179,17.604,0,92.162,10,25.895,42.901,395.47,67.497,3,,,,,,,,,,,,,,
"232","COLDSCAUR LAKE","2023081613",0,25.9,31,9.2,332,18.9,89.383,6.239,18.498,,,,,,,,,,,,,,,,,,,,,,
"232","COLDSCAUR LAKE","2023081614",0,27.1,29,7.6,318,18.9,89.992,6.281,18.589,,,,,,,,,,,,,,,,,,,,,,
"232","COLDSCAUR LAKE","2023081615",0,28,29,8.1,279,20.6,90.54,6.966,20.047,,,,,,,,,,,,,,,,,,,,,,
"232","COLDSCAUR LAKE","2023081616",0,28.4,27,6.1,285,16.6,91.068,6.791,19.68,,,,,,,,,,,,,,,,,,,,,,
"232","COLDSCAUR LAKE","2023081617",0,27.9,29,6.9,307,15.4,91.405,7.418,20.976,,,,,,,,,,,,,,,,,,,,,,
"232","COLDSCAUR LAKE","2023081618",0,24.8,35,4.3,318,13.1,91.455,6.553,19.175,,,,,,,,,,,,,,,,,,,,,,
"232","COLDSCAUR LAKE","2023081619",0,20.2,64,0,263,11.4,91.033,4.969,15.606,,,,,,,,,,,,,,,,,,,,,,
"232","COLDSCAUR LAKE","2023081620",0,15.7,78,0,106,0,90.342,4.502,14.471,,,,,,,,,,,,,,,,,,,,,,
"232","COLDSCAUR LAKE","2023081621",0,12.9,85,0,31,0,89.544,4.016,13.238,,,,,,,,,,,,,,,,,,,,,,
"232","COLDSCAUR LAKE","2023081622",0,11.6,87,3.9,157,8.5,88.513,4.215,13.751,,,,,,,,,,,,,,,,,,,,,,
"232","COLDSCAUR LAKE","2023081623",0,11,87,0,4,6.8,87.839,3.144,10.879,,,,,,,,,,,,,,,,,,,,,,
"233","TALCHAKO","2023081600",0,15.1,82,1.8,94,3.9,85.38,2.432,7.444,,,,,,,,,0,193.3,,0,0,0,0,0,,0,0,,0,
"233","TALCHAKO","2023081601",0,14.4,84,2.1,116,3.9,84.976,2.335,7.175,,,,,,,,,0,193.3,,0,0,0,0,0,,0,0,,0,
"233","TALCHAKO","2023081602",0,14,86,2.3,268,3.9,84.538,2.221,6.855,,,,,,,,,0,193.3,,0,0,0,0,0,,0,0,,0,
"233","TALCHAKO","2023081603",0,12.9,93,1.9,281,3.9,83.823,1.978,6.149,,,,,,,,,0,193.3,,0,0,0,0,0,,0,0,,0,
"233","TALCHAKO","2023081604",0,12.5,96,0,220,4.5,83.148,1.646,5.135,,,,,,,,,0,193.3,,0,0,0,0,0,,0,0,,0,
"233","TALCHAKO","2023081605",0,12.1,97,1.6,264,4.5,82.337,1.61,5.024,,,,,,,,,0,193.3,,0,0,0,0,0,,0,0,,0,
"233","TALCHAKO","2023081606",0,12,97,2.2,66,3.9,81.595,1.517,4.727,,,,,,,,,0,193.3,,0,0,0,0,0,,0,0,,0,
"233","TALCHAKO","2023081607",0,11.6,97,0,52,3.9,81.071,1.278,3.932,,,,,,,,,0,193.3,,0,0,0,0,0,,0,0,,0,
"233","TALCHAKO","2023081608",0,11.8,97,1.9,226,4.5,80.48,1.317,4.065,,,,,,,,,0,193.3,,0,0,0,0,0,,0,0,,0,
"233","TALCHAKO","2023081609",0,19.2,62,4.1,85,7.4,80.96,1.552,4.837,,,,,,,,,0,193.3,,0,0,0,0,0,,0,0,,0,
"233","TALCHAKO","2023081610",0,23.3,50,5.6,53,14.9,81.89,1.865,5.812,,,,,,,,,0,193.3,,0,0,0,0,0,,0,0,,0,
"233","TALCHAKO","2023081611",0,26.1,41,5.1,27,12.5,83.132,2.124,6.575,,,,,,,,,0,193.3,,0,0,0,0,0,,0,0,,0,
"233","TALCHAKO","2023081612",0,28.5,30,4.6,87,14.3,84.762,2.572,7.827,0,92.103,7.293,19.226,34.906,454.214,58.56,3,0,193.3,,0,0,0,0,0,,0,0,,0,
"233","TALCHAKO","2023081613",0,30.6,27,5,110,9.1,86.44,3.315,10.434,,,,,,,,,0,193.3,,0,0,0,0,0,,0,0,,0,
"233","TALCHAKO","2023081614",0,31.8,22,5.6,115,13.1,88.174,4.375,13.055,,,,,,,,,0,193.3,,0,0,0,0,0,,0,0,,0,
"233","TALCHAKO","2023081615",0,32.6,22,5.1,66,14.9,89.617,5.247,15.035,,,,,,,,,0,193.3,,0,0,0,0,0,,0,0,,0,
"233","TALCHAKO","2023081616",0,26.6,36,5.2,274,13.1,89.891,5.485,15.553,,,,,,,,,0,193.3,,0,0,0,0,0,,0,0,,0,
"233","TALCHAKO","2023081617",0,23.6,44,5.8,265,7.9,89.94,5.694,15.998,,,,,,,,,0,193.3,,0,0,0,0,0,,0,0,,0,
"233","TALCHAKO","2023081618",0,23,41,5.4,264,7.9,89.989,5.619,15.84,,,,,,,,,0,193.3,,0,0,0,0,0,,0,0,,0,
"233","TALCHAKO","2023081619",0,22.6,46,5.4,272,7.9,90.038,5.659,15.924,,,,,,,,,0,193.3,,0,0,0,0,0,,0,0,,0,
"233","TALCHAKO","2023081620",0,20.5,53,2.3,244,5.6,89.912,4.754,13.932,,,,,,,,,0,193.3,,0,0,0,0,0,,0,0,,0,
"233","TALCHAKO","2023081621",0,18.6,59,2,272,5.1,89.659,4.515,13.384,,,,,,,,,0,193.3,,0,0,0,0,0,,0,0,,0,
"233","TALCHAKO","2023081622",0,17.3,69,0,316,5.1,89.302,3.879,11.863,,,,,,,,,0,193.3,,0,0,0,0,0,,0,0,,0,
"233","TALCHAKO","2023081623",0,17.2,70,1.8,97,5.1,88.864,3.989,12.131,,,,,,,,,0,193.3,,0,0,0,0,0,,0,0,,0,
"234","TIMOTHY","2023081600",0,15.7,49,3.3,67,11.4,91.247,6.049,19.177,,,,,,,,,,,,,,,,,,,,,,
"234","TIMOTHY","2023081601",0,14.9,53,2.8,54,7.9,90.945,5.651,18.242,,,,,,,,,,,,,,,,,,,,,,
"234","TIMOTHY","2023081602",0,14.4,53,4.9,38,10.8,90.642,6.016,19.1,,,,,,,,,,,,,,,,,,,,,,
"234","TIMOTHY","2023081603",0,14.6,48,6,18,13.7,90.461,6.197,19.516,,,,,,,,,,,,,,,,,,,,,,
"234","TIMOTHY","2023081604",0,12.6,56,3.5,77,10.8,90.158,5.231,17.227,,,,,,,,,,,,,,,,,,,,,,
"234","TIMOTHY","2023081605",0,11.8,56,3.3,27,6.8,89.883,4.978,16.602,,,,,,,,,,,,,,,,,,,,,,
"234","TIMOTHY","2023081606",0,11.7,58,3.5,94,7.4,89.594,4.825,16.215,,,,,,,,,,,,,,,,,,,,,,
"234","TIMOTHY","2023081607",0,13.6,51,4.9,30,9.7,89.458,5.078,16.849,,,,,,,,,,,,,,,,,,,,,,
"234","TIMOTHY","2023081608",0,19.4,35,5.2,321,13.1,89.575,5.242,17.255,,,,,,,,,,,,,,,,,,,,,,
"234","TIMOTHY","2023081609",0,21.6,30,7.1,305,15.4,89.889,6.035,19.143,,,,,,,,,,,,,,,,,,,,,,
"234","TIMOTHY","2023081610",0,23.3,30,7.5,296,18.9,90.217,6.454,20.1,,,,,,,,,,,,,,,,,,,,,,
"234","TIMOTHY","2023081611",0,24.5,31,7.8,291,24.6,90.502,6.825,20.928,,,,,,,,,,,,,,,,,,,,,,
"234","TIMOTHY","2023081612",0,25.4,29,7.3,308,18.9,90.842,6.986,21.281,0,92.239,8.518,25.337,50.534,494.577,80.504,3,,,,,,,,,,,,,,
"234","TIMOTHY","2023081613",0,27.1,25,7.9,256,18.3,91.356,7.746,23.71,,,,,,,,,,,,,,,,,,,,,,
"234","TIMOTHY","2023081614",0,27.2,26,7.8,267,21.2,91.738,8.137,24.542,,,,,,,,,,,,,,,,,,,,,,
"234","TIMOTHY","2023081615",0,27.6,26,7.2,298,19.5,92.063,8.266,24.813,,,,,,,,,,,,,,,,,,,,,,
"234","TIMOTHY","2023081616",0,28.2,27,6.2,224,16,92.306,8.134,24.535,,,,,,,,,,,,,,,,,,,,,,
"234","TIMOTHY","2023081617",0,28.2,27,4.8,275,12.5,92.499,7.789,23.802,,,,,,,,,,,,,,,,,,,,,,
"234","TIMOTHY","2023081618",0,27,32,3.5,350,10.2,92.549,7.347,22.841,,,,,,,,,,,,,,,,,,,,,,
"234","TIMOTHY","2023081619",0,22.2,40,3.2,69,6.8,92.437,7.124,22.346,,,,,,,,,,,,,,,,,,,,,,
"234","TIMOTHY","2023081620",0,20.3,44,5.3,95,12,92.208,7.667,23.538,,,,,,,,,,,,,,,,,,,,,,
"234","TIMOTHY","2023081621",0,21.1,39,6.6,136,13.7,92.121,8.087,24.436,,,,,,,,,,,,,,,,,,,,,,
"234","TIMOTHY","2023081622",0,21.2,39,7.7,126,17.7,92.042,8.452,25.201,,,,,,,,,,,,,,,,,,,,,,
"234","TIMOTHY","2023081623",0,20.6,41,5.6,152,18.9,91.927,7.481,23.135,,,,,,,,,,,,,,,,,,,,,,
"235","YOUNG LAKE","2023081600",0,18.3,41,8.6,325,17.7,92.068,8.878,30.249,,,,,,,,,,,,,,,,,,,,,,
"235","YOUNG LAKE","2023081601",0,17.8,36,10,314,17.2,92.004,9.44,31.526,,,,,,,,,,,,,,,,,,,,,,
"235","YOUNG LAKE","2023081602",0,14.6,51,7.2,296,17.2,91.607,7.75,27.578,,,,,,,,,,,,,,,,,,,,,,
"235","YOUNG LAKE","2023081603",0,13.9,53,6.2,317,12,91.219,6.973,25.642,,,,,,,,,,,,,,,,,,,,,,
"235","YOUNG LAKE","2023081604",0,11.4,62,6.1,288,9.7,90.679,6.425,24.219,,,,,,,,,,,,,,,,,,,,,,
"235","YOUNG LAKE","2023081605",0,11.1,60,7.6,287,12,90.22,6.489,24.388,,,,,,,,,,,,,,,,,,,,,,
"235","YOUNG LAKE","2023081606",0,13.1,53,7.6,304,12.5,89.961,6.252,23.761,,,,,,,,,,,,,,,,,,,,,,
"235","YOUNG LAKE","2023081607",0,16.1,45,5.3,305,10.2,89.925,5.54,21.81,,,,,,,,,,,,,,,,,,,,,,
"235","YOUNG LAKE","2023081608",0,18.3,41,6.1,347,11.4,89.974,5.809,22.557,,,,,,,,,,,,,,,,,,,,,,
"235","YOUNG LAKE","2023081609",0,20.8,34,7.7,327,12.5,90.087,6.399,24.15,,,,,,,,,,,,,,,,,,,,,,
"235","YOUNG LAKE","2023081610",0,22.7,27,9.1,315,14.3,90.476,7.259,26.366,,,,,,,,,,,,,,,,,,,,,,
"235","YOUNG LAKE","2023081611",0,24.6,25,8.9,328,18.3,90.952,7.692,27.436,,,,,,,,,,,,,,,,,,,,,,
"235","YOUNG LAKE","2023081612",0,25.8,26,9,350,19.5,91.356,8.188,28.636,0,93.275,10.733,34.962,79.903,493.857,113.782,4,,,,,,,,,,,,,,
"235","YOUNG LAKE","2023081613",0,26.7,25,8.2,316,20,91.761,8.33,29.51,,,,,,,,,,,,,,,,,,,,,,
"235","YOUNG LAKE","2023081614",0,27.9,25,7.8,18,16,92.139,8.612,30.184,,,,,,,,,,,,,,,,,,,,,,
"235","YOUNG LAKE","2023081615",0,27.7,25,7.8,294,17.7,92.438,8.983,31.053,,,,,,,,,,,,,,,,,,,,,,
"235","YOUNG LAKE","2023081616",0,27.8,27,5.1,282,16.6,92.595,8.015,28.749,,,,,,,,,,,,,,,,,,,,,,
"235","YOUNG LAKE","2023081617",0,28.6,25,6,341,13.7,92.835,8.675,30.332,,,,,,,,,,,,,,,,,,,,,,
"235","YOUNG LAKE","2023081618",0,27.7,27,5.9,20,11.4,92.919,8.734,30.47,,,,,,,,,,,,,,,,,,,,,,
"235","YOUNG LAKE","2023081619",0,23.8,35,6.1,51,9.7,92.887,8.783,30.587,,,,,,,,,,,,,,,,,,,,,,
"235","YOUNG LAKE","2023081620",0,20.4,46,4.9,151,16.6,92.563,7.899,28.465,,,,,,,,,,,,,,,,,,,,,,
"235","YOUNG LAKE","2023081621",0,16.4,56,7.9,144,10.8,91.973,8.455,29.81,,,,,,,,,,,,,,,,,,,,,,
"235","YOUNG LAKE","2023081622",0,17.1,52,10,176,14.3,91.536,8.834,30.706,,,,,,,,,,,,,,,,,,,,,,
"235","YOUNG LAKE","2023081623",0,15.3,60,10.9,161,13.1,90.936,8.488,29.889,,,,,,,,,,,,,,,,,,,,,,
"236","MEADOW LAKE","2023081600",0,17.7,46,5.8,322,12.5,92.918,8.689,27.269,,,,,,,,,,,,,,,,,,,,,,
"236","MEADOW LAKE","2023081601",0,17.1,50,8.1,306,10.8,92.435,9.116,28.181,,,,,,,,,,,,,,,,,,,,,,
"236","MEADOW LAKE","2023081602",0,16.1,50,7.3,329,13.7,92.016,8.253,26.321,,,,,,,,,,,,,,,,,,,,,,
"236","MEADOW LAKE","2023081603",0,14.3,60,7,340,10.8,91.41,7.461,24.537,,,,,,,,,,,,,,,,,,,,,,
"236","MEADOW LAKE","2023081604",0,13.9,55,7.9,356,12,90.979,7.343,24.265,,,,,,,,,,,,,,,,,,,,,,
"236","MEADOW LAKE","2023081605",0,9,80,6.1,339,12,90.032,5.857,20.667,,,,,,,,,,,,,,,,,,,,,,
"236","MEADOW LAKE","2023081606",0,8.6,81,7.2,9,10.8,89.142,5.449,19.615,,,,,,,,,,,,,,,,,,,,,,
"236","MEADOW LAKE","2023081607",0,13.3,69,3.5,31,9.1,88.707,4.248,16.315,,,,,,,,,,,,,,,,,,,,,,
"236","MEADOW LAKE","2023081608",0,20.1,38,4.3,140,6.8,88.859,4.52,17.093,,,,,,,,,,,,,,,,,,,,,,
"236","MEADOW LAKE","2023081609",0,21.8,30,9.4,354,17.7,89.303,6.23,21.602,,,,,,,,,,,,,,,,,,,,,,
"236","MEADOW LAKE","2023081610",0,23.5,26,11.4,3,21.8,89.91,7.517,24.667,,,,,,,,,,,,,,,,,,,,,,
"236","MEADOW LAKE","2023081611",0,25.3,28,11,336,20,90.412,7.916,25.57,,,,,,,,,,,,,,,,,,,,,,
"236","MEADOW LAKE","2023081612",0,26.6,28,8.5,43,16,90.863,7.444,24.499,0,93.144,10.276,31.462,60.208,591.372,95.986,4,,,,,,,,,,,,,,
"236","MEADOW LAKE","2023081613",0,28,26,11.2,339,22.9,91.399,9.204,29.209,,,,,,,,,,,,,,,,,,,,,,
"236","MEADOW LAKE","2023081614",0,29,25,9.9,304,22.9,91.913,9.272,29.355,,,,,,,,,,,,,,,,,,,,,,
"236","MEADOW LAKE","2023081615",0,30.2,25,8.8,349,20,92.372,9.36,29.544,,,,,,,,,,,,,,,,,,,,,,
"236","MEADOW LAKE","2023081616",0,29.8,25,10.3,38,17.2,92.726,10.61,32.145,,,,,,,,,,,,,,,,,,,,,,
"236","MEADOW LAKE","2023081617",0,30.3,25,6.7,29,13.7,93.011,9.212,29.224,,,,,,,,,,,,,,,,,,,,,,
"236","MEADOW LAKE","2023081618",0,29.7,25,7.7,40,13.1,93.219,9.973,30.836,,,,,,,,,,,,,,,,,,,,,,
"236","MEADOW LAKE","2023081619",0,27.3,29,8.6,99,14.3,93.269,10.51,31.941,,,,,,,,,,,,,,,,,,,,,,
"236","MEADOW LAKE","2023081620",0,23.7,37,6.2,110,14.3,93.146,9.153,29.099,,,,,,,,,,,,,,,,,,,,,,
"236","MEADOW LAKE","2023081621",0,19.9,49,5.3,148,6.8,92.707,8.225,27.049,,,,,,,,,,,,,,,,,,,,,,
"236","MEADOW LAKE","2023081622",0,16.8,59,7.1,108,9.7,92.031,8.188,26.965,,,,,,,,,,,,,,,,,,,,,,
"236","MEADOW LAKE","2023081623",0,17.2,57,5.9,99,12,91.51,7.159,24.568,,,,,,,,,,,,,,,,,,,,,,
"239","CLEARWATER HUB","2023081600",0,18.1,72,4.5,325,10.8,88.039,4.059,14.755,,,,,,,,,,0.5,,,,0,2,967.38,,,,,,
"239","CLEARWATER HUB","2023081601",0,17.9,65,3.2,130,8.5,87.847,3.699,13.732,,,,,,,,,,0.4,,,,0,2,967.38,,,,,,
"239","CLEARWATER HUB","2023081602",0,17,67,2.3,343,9.1,87.634,3.429,12.938,,,,,,,,,,0.3,,,,0,2,967.35,,,,,,
"239","CLEARWATER HUB","2023081603",0,18.4,58,6.4,288,10.2,87.636,4.217,15.193,,,,,,,,,,0.4,,,,0,2,967.29,,,,,,
"239","CLEARWATER HUB","2023081604",0,15.5,71,3,265,10.2,87.335,3.403,12.863,,,,,,,,,,0.1,,,,0,2,967.35,,,,,,
"239","CLEARWATER HUB","2023081605",0,14.2,75,5.5,328,9.1,86.931,3.644,13.572,,,,,,,,,,0.3,,,,0,2,967.37,,,,,,
"239","CLEARWATER HUB","2023081606",0,14.3,79,2.6,42,7.9,86.503,2.963,11.514,,,,,,,,,,0.4,,,,0,2,967.31,,,,,,
"239","CLEARWATER HUB","2023081607",0,16.9,72,2.3,301,6.2,86.327,2.847,11.146,,,,,,,,,,0.8,,,,0,2,967.17,,,,,,
"239","CLEARWATER HUB","2023081608",0,22.5,50,2,5,6.2,86.534,2.888,11.274,,,,,,,,,,0.7,,,,0,2,966.93,,,,,,
"239","CLEARWATER HUB","2023081609",0,26.4,34,3.5,203,6.8,87.316,3.481,13.093,,,,,,,,,,0.6,,,,0,2,966.84,,,,,,
"239","CLEARWATER HUB","2023081610",0,27.8,26,7.9,234,13.7,88.462,5.12,17.581,,,,,,,,,,-17.4,,,,0,2,966.9,,,,,,
"239","CLEARWATER HUB","2023081611",0,30.1,22,6.8,198,14.3,89.712,5.795,19.259,,,,,,,,,,-17.4,,,,0,2,966.88,,,,,,
"239","CLEARWATER HUB","2023081612",0,31.2,21,6.8,147,18.3,90.842,6.812,21.643,0,94.685,11.68,32.733,56.028,494.371,87.316,5,,-6.6,,,,0,2,966.93,,,,,,
"239","CLEARWATER HUB","2023081613",0,32.7,23,6.1,119,14.9,91.725,7.455,24.084,,,,,,,,,,-3.1,,,,0,2,966.92,,,,,,
"239","CLEARWATER HUB","2023081614",0,33.5,23,9,337,14.3,92.508,9.638,28.757,,,,,,,,,,-2.9,,,,0,2,966.97,,,,,,
"239","CLEARWATER HUB","2023081615",0,34.3,22,5.4,109,16,93.166,8.816,27.057,,,,,,,,,,-3,,,,0,2,967.02,,,,,,
"239","CLEARWATER HUB","2023081616",0,34.5,22,5.7,340,18.3,93.692,9.632,28.745,,,,,,,,,,-3.2,,,,0,2,967.01,,,,,,
"239","CLEARWATER HUB","2023081617",0,34.2,22,5.7,73,13.7,94.084,10.171,29.827,,,,,,,,,,-10.5,,,,0,2,967.03,,,,,,
"239","CLEARWATER HUB","2023081618",0,33.1,27,3.7,257,9.1,94.135,9.26,27.983,,,,,,,,,,-7.1,,,,0,2,967.14,,,,,,
"239","CLEARWATER HUB","2023081619",0,24.7,51,1.8,27,7.9,93.612,7.826,24.914,,,,,,,,,,-7.2,,,,0,2,967.45,,,,,,
"239","CLEARWATER HUB","2023081620",0,21.3,64,2.3,46,5.1,92.773,7.137,23.357,,,,,,,,,,-6.9,,,,0,2,967.48,,,,,,
"239","CLEARWATER HUB","2023081621",,,,,,,,,,,,,,,,,,,,,,,,,,,,,,,
"239","CLEARWATER HUB","2023081622",0,17.6,75,2.6,16,6.2,,,,,,,,,,,,,0.4,,,,0,2,967.36,,,,,,
"239","CLEARWATER HUB","2023081623",0,16.6,78,3.2,289,6.8,,,,,,,,,,,,,0.5,,,,0,2,967.29,,,,,,
"243","EAST BARRIERE","2023081600",0,15,90,3.3,267,8.5,87.708,3.644,14.328,,,,,,,,,,,,,,,,,,,,,,
"243","EAST BARRIERE","2023081601",0,14.3,91,2.7,274,6.8,86.685,3.056,12.482,,,,,,,,,,,,,,,,,,,,,,
"243","EAST BARRIERE","2023081602",0,14.1,90,2.6,114,7.4,85.852,2.704,11.31,,,,,,,,,,,,,,,,,,,,,,
"243","EAST BARRIERE","2023081603",0,14.1,85,1.7,171,9.7,85.368,2.415,10.309,,,,,,,,,,,,,,,,,,,,,,
"243","EAST BARRIERE","2023081604",0,13.7,88,2.5,87,7.9,84.796,2.324,9.984,,,,,,,,,,,,,,,,,,,,,,
"243","EAST BARRIERE","2023081605",0,13.5,82,3.7,95,6.2,84.499,2.371,10.153,,,,,,,,,,,,,,,,,,,,,,
"243","EAST BARRIERE","2023081606",0,13.1,84,0,243,6.2,84.256,1.905,8.422,,,,,,,,,,,,,,,,,,,,,,
"243","EAST BARRIERE","2023081607",0,14.9,80,5.8,95,9.7,84.083,2.493,10.581,,,,,,,,,,,,,,,,,,,,,,
"243","EAST BARRIERE","2023081608",0,20.2,73,1.9,87,7.4,84.13,2.061,9.016,,,,,,,,,,,,,,,,,,,,,,
"243","EAST BARRIERE","2023081609",0,24.3,39,3.3,150,7.4,84.974,2.48,10.536,,,,,,,,,,,,,,,,,,,,,,
"243","EAST BARRIERE","2023081610",0,27,27,2.7,170,6.8,86.244,2.871,11.874,,,,,,,,,,,,,,,,,,,,,,
"243","EAST BARRIERE","2023081611",0,29.2,23,4.3,264,9.1,87.703,3.83,14.887,,,,,,,,,,,,,,,,,,,,,,
"243","EAST BARRIERE","2023081612",0,30.7,23,7.6,308,20,89.117,5.54,19.607,0,94.468,11.801,34.417,58.181,665.309,95.486,5,,,,,,,,,,,,,,
"243","EAST BARRIERE","2023081613",0,31.8,22,6.3,288,21.8,90.347,6.189,22.112,,,,,,,,,,,,,,,,,,,,,,
"243","EAST BARRIERE","2023081614",0,32.4,23,7.6,278,17.7,91.342,7.616,25.582,,,,,,,,,,,,,,,,,,,,,,
"243","EAST BARRIERE","2023081615",0,32.8,23,7.6,277,20,92.149,8.538,27.678,,,,,,,,,,,,,,,,,,,,,,
"243","EAST BARRIERE","2023081616",0,33.1,25,6.6,296,22.9,92.685,8.756,28.16,,,,,,,,,,,,,,,,,,,,,,
"243","EAST BARRIERE","2023081617",0,31.9,29,7.6,299,20.6,92.87,9.449,29.659,,,,,,,,,,,,,,,,,,,,,,
"243","EAST BARRIERE","2023081618",0,28.2,41,3.5,310,16.6,92.787,7.597,25.537,,,,,,,,,,,,,,,,,,,,,,
"243","EAST BARRIERE","2023081619",0,23,54,1.9,95,5.1,92.344,6.585,23.105,,,,,,,,,,,,,,,,,,,,,,
"243","EAST BARRIERE","2023081620",0,19.9,67,2.1,74,6.8,91.602,5.989,21.599,,,,,,,,,,,,,,,,,,,,,,
"243","EAST BARRIERE","2023081621",0,17.8,73,2.4,101,6.2,90.784,5.412,20.082,,,,,,,,,,,,,,,,,,,,,,
"243","EAST BARRIERE","2023081622",0,16.1,81,3.5,103,5.1,89.782,4.957,18.836,,,,,,,,,,,,,,,,,,,,,,
"243","EAST BARRIERE","2023081623",0,14.6,87,0,245,5.1,88.939,3.682,15.08,,,,,,,,,,,,,,,,,,,,,,
"244","WINDY MOUNTAIN","2023081600",0,15.6,52,7.8,299,28.7,90.371,6.697,17.164,,,,,,,,,,,,,,,,,,,,,,
"244","WINDY MOUNTAIN","2023081601",0,14.8,53,5.7,283,12,90.122,5.815,15.431,,,,,,,,,,,,,,,,,,,,,,
"244","WINDY MOUNTAIN","2023081602",0,14,51,3.8,235,15.4,89.947,5.153,14.063,,,,,,,,,,,,,,,,,,,,,,
"244","WINDY MOUNTAIN","2023081603",0,13,55,5.6,303,16.6,89.691,5.439,14.662,,,,,,,,,,,,,,,,,,,,,,
"244","WINDY MOUNTAIN","2023081604",0,12,61,8.4,281,16.6,89.31,5.93,15.662,,,,,,,,,,,,,,,,,,,,,,
"244","WINDY MOUNTAIN","2023081605",0,11.3,63,3.5,305,13.1,88.98,4.418,12.461,,,,,,,,,,,,,,,,,,,,,,
"244","WINDY MOUNTAIN","2023081606",0,11.4,61,7,300,13.7,88.685,5.052,13.847,,,,,,,,,,,,,,,,,,,,,,
"244","WINDY MOUNTAIN","2023081607",0,12.7,55,7.5,282,15.4,88.544,5.076,13.9,,,,,,,,,,,,,,,,,,,,,,
"244","WINDY MOUNTAIN","2023081608",0,17.7,41,6.9,278,15.4,88.595,4.962,13.655,,,,,,,,,,,,,,,,,,,,,,
"244","WINDY MOUNTAIN","2023081609",0,20.3,36,8.3,278,16.6,88.834,5.51,14.809,,,,,,,,,,,,,,,,,,,,,,
"244","WINDY MOUNTAIN","2023081610",0,22,29,9.2,244,18.3,89.322,6.184,16.168,,,,,,,,,,,,,,,,,,,,,,
"244","WINDY MOUNTAIN","2023081611",0,23.1,31,7.2,256,19.5,89.695,5.899,15.6,,,,,,,,,,,,,,,,,,,,,,
"244","WINDY MOUNTAIN","2023081612",0,24.4,34,8.5,254,18.9,89.963,6.545,16.871,0,91.167,7.773,20.008,36.862,335.551,57.84,4,,,,,,,,,,,,,,
"244","WINDY MOUNTAIN","2023081613",0,25.5,32,9.4,247,17.7,90.301,7.188,18.899,,,,,,,,,,,,,,,,,,,,,,
"244","WINDY MOUNTAIN","2023081614",0,26.3,33,9.1,253,19.5,90.572,7.36,19.229,,,,,,,,,,,,,,,,,,,,,,
"244","WINDY MOUNTAIN","2023081615",0,26.8,30,8.7,258,21.2,90.926,7.586,19.658,,,,,,,,,,,,,,,,,,,,,,
"244","WINDY MOUNTAIN","2023081616",0,26.8,30,7.9,236,21.2,91.212,7.59,19.665,,,,,,,,,,,,,,,,,,,,,,
"244","WINDY MOUNTAIN","2023081617",0,26.3,33,8.1,240,16,91.32,7.785,20.031,,,,,,,,,,,,,,,,,,,,,,
"244","WINDY MOUNTAIN","2023081618",0,24.6,33,5.8,219,16.6,91.37,6.983,18.502,,,,,,,,,,,,,,,,,,,,,,
"244","WINDY MOUNTAIN","2023081619",0,20.3,47,2.2,288,11.4,91.223,5.704,15.911,,,,,,,,,,,,,,,,,,,,,,
"244","WINDY MOUNTAIN","2023081620",0,17.8,50,6.4,46,8.5,90.962,6.792,18.128,,,,,,,,,,,,,,,,,,,,,,
"244","WINDY MOUNTAIN","2023081621",0,16.3,52,7.7,42,12,90.663,6.949,18.436,,,,,,,,,,,,,,,,,,,,,,
"244","WINDY MOUNTAIN","2023081622",0,17.4,47,4.3,67,10.8,90.539,5.751,16.012,,,,,,,,,,,,,,,,,,,,,,
"244","WINDY MOUNTAIN","2023081623",0,16.1,54,6.3,56,10.8,90.255,6.108,16.753,,,,,,,,,,,,,,,,,,,,,,
"250","HARBOUR LAKE","2023081600",0,15.2,69,3.8,162,12,88.075,3.939,8.886,,,,,,,,,0,0,,0,0,0,0,0,,0,0,,0,
"250","HARBOUR LAKE","2023081601",0,12.8,80,3.9,227,8.5,87.463,3.627,8.272,,,,,,,,,0,0,,0,0,0,0,0,,0,0,,0,
"250","HARBOUR LAKE","2023081602",0,12.2,74,3.8,224,8.5,87.086,3.42,7.853,,,,,,,,,0,0,,0,0,0,0,0,,0,0,,0,
"250","HARBOUR LAKE","2023081603",0,11.3,73,3.7,236,7.9,86.77,3.253,7.51,,,,,,,,,0,0,,0,0,0,0,0,,0,0,,0,
"250","HARBOUR LAKE","2023081604",0,10.9,76,3.7,240,11.4,86.416,3.094,7.177,,,,,,,,,0,0,,0,0,0,0,0,,0,0,,0,
"250","HARBOUR LAKE","2023081605",0,9.4,85,3.9,244,5.6,85.84,2.882,6.723,,,,,,,,,0,0,,0,0,0,0,0,,0,0,,0,
"250","HARBOUR LAKE","2023081606",0,10.7,81,3.5,226,6.2,85.454,2.676,6.273,,,,,,,,,0,0,,0,0,0,0,0,,0,0,,0,
"250","HARBOUR LAKE","2023081607",0,15.2,70,3.7,355,7.4,85.412,2.688,6.298,,,,,,,,,0,0,,0,0,0,0,0,,0,0,,0,
"250","HARBOUR LAKE","2023081608",0,18.1,49,6.6,352,13.7,85.665,3.222,7.446,,,,,,,,,0,0,,0,0,0,0,0,,0,0,,0,
"250","HARBOUR LAKE","2023081609",0,19.5,37,8,346,17.2,86.241,3.749,8.514,,,,,,,,,0,0,,0,0,0,0,0,,0,0,,0,
"250","HARBOUR LAKE","2023081610",0,21,36,8.9,326,16.6,86.84,4.27,9.519,,,,,,,,,0,0,,0,0,0,0,0,,0,0,,0,
"250","HARBOUR LAKE","2023081611",0,21.7,37,7.5,338,16.6,87.339,4.272,9.523,,,,,,,,,0,0,,0,0,0,0,0,,0,0,,0,
"250","HARBOUR LAKE","2023081612",0,22.1,38,8.7,323,17.2,87.762,4.821,10.537,0,90.408,7.046,15.109,24.746,229.994,39.001,3,0,0,,0,0,0,0,0,,0,0,,0,
"250","HARBOUR LAKE","2023081613",0,23.6,34,5.6,310,14.3,88.276,4.439,10.467,,,,,,,,,0,0,,0,0,0,0,0,,0,0,,0,
"250","HARBOUR LAKE","2023081614",0,24.2,36,5.7,335,18.3,88.675,4.725,11.018,,,,,,,,,0,0,,0,0,0,0,0,,0,0,,0,
"250","HARBOUR LAKE","2023081615",0,25,34,5.2,212,14.9,89.103,4.899,11.348,,,,,,,,,0,0,,0,0,0,0,0,,0,0,,0,
"250","HARBOUR LAKE","2023081616",0,24.6,34,7.1,338,20.6,89.466,5.679,12.776,,,,,,,,,0,0,,0,0,0,0,0,,0,0,,0,
"250","HARBOUR LAKE","2023081617",0,21.5,47,5.5,347,18.9,89.515,5.277,12.049,,,,,,,,,0,0,,0,0,0,0,0,,0,0,,0,
"250","HARBOUR LAKE","2023081618",0,18.1,62,3,235,13.1,89.222,4.46,10.509,,,,,,,,,0,0,,0,0,0,0,0,,0,0,,0,
"250","HARBOUR LAKE","2023081619",0,15.7,74,3.4,261,9.1,88.652,4.194,9.983,,,,,,,,,0,0,,0,0,0,0,0,,0,0,,0,
"250","HARBOUR LAKE","2023081620",0,14.1,77,3.8,226,5.6,88.06,3.931,9.454,,,,,,,,,0,0,,0,0,0,0,0,,0,0,,0,
"250","HARBOUR LAKE","2023081621",0,11.9,88,4.3,235,5.6,87.142,3.535,8.631,,,,,,,,,0,0,,0,0,0,0,0,,0,0,,0,
"250","HARBOUR LAKE","2023081622",0,12.5,82,4.4,227,6.8,86.564,3.273,8.069,,,,,,,,,0,0,,0,0,0,0,0,,0,0,,0,
"250","HARBOUR LAKE","2023081623",0,12.7,78,4.7,219,9.1,86.172,3.144,7.786,,,,,,,,,0,0,,0,0,0,0,0,,0,0,,0,
"253","CAHILTY","2023081600",0,18.4,45,9,300,30.6,91.573,8.445,30.767,,,,,,,,,,,,,,0,,,,,,6949.6,,
"253","CAHILTY","2023081601",0,17.8,38,17,324,43.5,91.506,12.517,39.889,,,,,,,,,,,,,,0,,,,,,6949.6,,
"253","CAHILTY","2023081602",0,17.5,36,21.3,320,43.2,91.485,15.5,45.742,,,,,,,,,,,,,,0,,,,,,6949.6,,
"253","CAHILTY","2023081603",0,16.4,40,8.8,265,48,91.383,8.138,30.007,,,,,,,,,,,,,,0,,,,,,6949.6,,
"253","CAHILTY","2023081604",0,14.8,43,5.3,199,13,91.233,6.678,26.213,,,,,,,,,,,,,,0,,,,,,6949.6,,
"253","CAHILTY","2023081605",0,14.5,45,9.9,281,34.3,91.028,8.177,30.105,,,,,,,,,,,,,,0,,,,,,6949.6,,
"253","CAHILTY","2023081606",0,13.7,49,7.2,293,25.6,90.773,6.882,26.764,,,,,,,,,,,,,,0,,,,,,6949.6,,
"253","CAHILTY","2023081607",0,15,47,5.7,291,28.9,90.604,6.23,24.98,,,,,,,,,,,,,,0,,,,,,6949.6,,
"253","CAHILTY","2023081608",0,18.7,33,10.8,305,29.6,90.654,8.112,29.942,,,,,,,,,,,,,,0,,,,,,6949.6,,
"253","CAHILTY","2023081609",0,19.8,26,14.5,305,32.2,90.907,10.134,34.744,,,,,,,,,,,,,,0,,,,,,6949.6,,
"253","CAHILTY","2023081610",0,21.8,23,9.5,294,33.9,91.281,8.308,30.43,,,,,,,,,,,,,,0,,,,,,6949.6,,
"253","CAHILTY","2023081611",0,23.6,23,8.5,324,22.7,91.656,8.333,30.49,,,,,,,,,,,,,,0,,,,,,6949.6,,
"253","CAHILTY","2023081612",0,24.2,30,7.3,293,19.2,91.729,7.925,29.473,0,92.354,8.657,31.684,89.537,551.794,127.395,5,,,,,,0,,,,,,6949.6,,
"253","CAHILTY","2023081613",0,25,32,8.4,318,22.8,91.779,8.436,31.139,,,,,,,,,,,,,,0,,,,,,6949.6,,
"253","CAHILTY","2023081614",0,25.6,31,8.9,314,21.2,91.838,8.723,31.847,,,,,,,,,,,,,,0,,,,,,6949.6,,
"253","CAHILTY","2023081615",0,25.9,30,7.7,324,19.2,91.931,8.321,30.853,,,,,,,,,,,,,,0,,,,,,6949.6,,
"253","CAHILTY","2023081616",0,26.6,29,5.8,290,18,92.064,7.704,29.289,,,,,,,,,,,,,,0,,,,,,6949.6,,
"253","CAHILTY","2023081617",0,25.9,32,6.4,271,18.2,92.114,7.998,30.039,,,,,,,,,,,,,,0,,,,,,6949.6,,
"253","CAHILTY","2023081618",0,23.9,36,5.5,278,15.5,92.156,7.688,29.247,,,,,,,,,,,,,,0,,,,,,6949.6,,
"253","CAHILTY","2023081619",0,19.5,50,5.2,2,9.4,91.811,7.212,28.001,,,,,,,,,,,,,,0,,,,,,6949.6,,
"253","CAHILTY","2023081620",0,16.7,58,5.1,5,10.6,91.305,6.679,26.561,,,,,,,,,,,,,,0,,,,,,6949.6,,
"253","CAHILTY","2023081621",0,16.8,56,4.1,31,6.6,90.92,6.012,24.692,,,,,,,,,,,,,,0,,,,,,6949.6,,
"253","CAHILTY","2023081622",0,16.2,55,4.3,15,8,90.594,5.797,24.07,,,,,,,,,,,,,,0,,,,,,6949.6,,
"253","CAHILTY","2023081623",0,14.9,61,4.6,353,7.9,90.163,5.534,23.297,,,,,,,,,,,,,,0,,,,,,6949.6,,
"255","LIKELY RS","2023081600",0,11.2,86,1.6,41,2.8,86.664,2.883,8.986,,,,,,,,,,,,,,,,,,,,,,
"255","LIKELY RS","2023081601",0,10,93,2,108,3.3,85.752,2.587,8.179,,,,,,,,,,,,,,,,,,,,,,
"255","LIKELY RS","2023081602",0,9.5,91,3,93,5.6,85.016,2.457,7.813,,,,,,,,,,,,,,,,,,,,,,
"255","LIKELY RS","2023081603",0,9.7,89,2.2,91,9.1,84.466,2.189,7.041,,,,,,,,,,,,,,,,,,,,,,
"255","LIKELY RS","2023081604",0,8,94,1.7,105,4.5,83.763,1.943,6.302,,,,,,,,,,,,,,,,,,,,,,
"255","LIKELY RS","2023081605",0,7.2,96,2.3,97,3.9,83.001,1.813,5.9,,,,,,,,,,,,,,,,,,,,,,
"255","LIKELY RS","2023081606",0,7.7,97,2,125,4.5,82.252,1.626,5.301,,,,,,,,,,,,,,,,,,,,,,
"255","LIKELY RS","2023081607",0,11.1,86,2.6,152,4.5,82.09,1.643,5.357,,,,,,,,,,,,,,,,,,,,,,
"255","LIKELY RS","2023081608",0,15.8,59,4.5,322,7.4,82.405,1.879,6.106,,,,,,,,,,,,,,,,,,,,,,
"255","LIKELY RS","2023081609",0,21.8,39,5.1,280,10.2,83.393,2.196,7.063,,,,,,,,,,,,,,,,,,,,,,
"255","LIKELY RS","2023081610",0,24.2,32,6.9,260,16,84.672,2.852,8.904,,,,,,,,,,,,,,,,,,,,,,
"255","LIKELY RS","2023081611",0,25.1,29,12.3,240,18.9,86.052,4.534,13.034,,,,,,,,,,,,,,,,,,,,,,
"255","LIKELY RS","2023081612",0,26.4,31,9.9,254,20,87.158,4.698,13.403,0,91.877,9.225,23.275,37.121,433.37,61.148,4,,,,,,,,,,,,,,
"255","LIKELY RS","2023081613",0,27.3,28,7.8,302,21.2,88.213,4.915,14.646,,,,,,,,,,,,,,,,,,,,,,
"255","LIKELY RS","2023081614",0,27.8,30,8.8,236,22.9,89.044,5.823,16.66,,,,,,,,,,,,,,,,,,,,,,
"255","LIKELY RS","2023081615",0,28.9,28,7.6,252,24.1,89.851,6.155,17.363,,,,,,,,,,,,,,,,,,,,,,
"255","LIKELY RS","2023081616",0,28.4,31,5.3,256,17.7,90.335,5.874,16.77,,,,,,,,,,,,,,,,,,,,,,
"255","LIKELY RS","2023081617",0,27.3,32,4.8,241,16,90.65,5.992,17.021,,,,,,,,,,,,,,,,,,,,,,
"255","LIKELY RS","2023081618",0,24.2,51,1.8,287,9.7,90.552,5.08,15.023,,,,,,,,,,,,,,,,,,,,,,
"255","LIKELY RS","2023081619",0,19.6,70,2.1,94,4.5,89.955,4.735,14.231,,,,,,,,,,,,,,,,,,,,,,
"255","LIKELY RS","2023081620",0,16.5,72,3.8,105,10.2,89.341,4.724,14.205,,,,,,,,,,,,,,,,,,,,,,
"255","LIKELY RS","2023081621",0,15.8,76,4.7,85,10.2,88.67,4.489,13.654,,,,,,,,,,,,,,,,,,,,,,
"255","LIKELY RS","2023081622",0,14.1,84,3.7,92,9.1,87.839,3.789,11.939,,,,,,,,,,,,,,,,,,,,,,
"255","LIKELY RS","2023081623",0,13.3,89,4.3,92,7.9,86.876,3.404,10.944,,,,,,,,,,,,,,,,,,,,,,
"262","BIG VALLEY","2023081600",0,8.5,86,4.8,20,8.5,85.237,2.773,8.555,,,,,,,,,0,0,,0,0,0,0,0,,0,0,,0,
"262","BIG VALLEY","2023081601",0,8.9,77,3,321,8.5,85.011,2.455,7.684,,,,,,,,,0,0,,0,0,0,0,0,,0,0,,0,
"262","BIG VALLEY","2023081602",0,8.6,79,5,315,10.2,84.741,2.616,8.131,,,,,,,,,0,0,,0,0,0,0,0,,0,0,,0,
"262","BIG VALLEY","2023081603",0,7.6,87,3.5,287,8.5,84.278,2.279,7.184,,,,,,,,,0,0,,0,0,0,0,0,,0,0,,0,
"262","BIG VALLEY","2023081604",0,7.1,84,4,328,7.9,83.95,2.236,7.062,,,,,,,,,0,0,,0,0,0,0,0,,0,0,,0,
"262","BIG VALLEY","2023081605",0,6.5,86,1.8,328,6.8,83.624,1.917,6.117,,,,,,,,,0,0,,0,0,0,0,0,,0,0,,0,
"262","BIG VALLEY","2023081606",0,8.7,75,8.7,243,13.1,83.571,2.695,8.345,,,,,,,,,0,0,,0,0,0,0,0,,0,0,,0,
"262","BIG VALLEY","2023081607",0,14,58,8.4,211,13.1,83.756,2.72,8.413,,,,,,,,,0,0,,0,0,0,0,0,,0,0,,0,
"262","BIG VALLEY","2023081608",0,15.3,54,9.2,236,15.4,84.029,2.937,8.99,,,,,,,,,0,0,,0,0,0,0,0,,0,0,,0,
"262","BIG VALLEY","2023081609",0,17.6,46,10.4,190,18.3,84.525,3.335,10.013,,,,,,,,,0,0,,0,0,0,0,0,,0,0,,0,
"262","BIG VALLEY","2023081610",0,18.7,42,11.2,208,21.8,85.111,3.763,11.062,,,,,,,,,0,0,,0,0,0,0,0,,0,0,,0,
"262","BIG VALLEY","2023081611",0,20.1,38,11.9,200,19.5,85.8,4.289,12.296,,,,,,,,,0,0,,0,0,0,0,0,,0,0,,0,
"262","BIG VALLEY","2023081612",0,21,43,11.6,213,23.5,86.278,4.518,12.814,0,88.686,6.37,17.3,35.166,410.349,57.922,4,0,0,,0,0,0,0,0,,0,0,,0,
"262","BIG VALLEY","2023081613",0,21.4,46,11.8,222,21.8,86.618,4.788,13.925,,,,,,,,,0,0,,0,0,0,0,0,,0,0,,0,
"262","BIG VALLEY","2023081614",0,23.7,43,8.4,194,20,87.055,4.293,12.782,,,,,,,,,0,0,,0,0,0,0,0,,0,0,,0,
"262","BIG VALLEY","2023081615",0,23.8,37,12.3,234,24.1,87.654,5.691,15.897,,,,,,,,,0,0,,0,0,0,0,0,,0,0,,0,
"262","BIG VALLEY","2023081616",0,24.2,40,11.5,217,21.8,88.064,5.798,16.121,,,,,,,,,0,0,,0,0,0,0,0,,0,0,,0,
"262","BIG VALLEY","2023081617",0,22.8,43,9.7,216,26.4,88.262,5.447,15.376,,,,,,,,,0,0,,0,0,0,0,0,,0,0,,0,
"262","BIG VALLEY","2023081618",0,20,55,4.5,208,14.3,88.283,4.204,12.571,,,,,,,,,0,0,,0,0,0,0,0,,0,0,,0,
"262","BIG VALLEY","2023081619",0,15.2,74,2,208,7.4,87.853,3.485,10.804,,,,,,,,,0,0,,0,0,0,0,0,,0,0,,0,
"262","BIG VALLEY","2023081620",0,14.3,71,3.2,120,7.9,87.519,3.529,10.917,,,,,,,,,0,0,,0,0,0,0,0,,0,0,,0,
"262","BIG VALLEY","2023081621",0,13.7,77,3.7,206,7.9,87.061,3.391,10.563,,,,,,,,,0,0,,0,0,0,0,0,,0,0,,0,
"262","BIG VALLEY","2023081622",0,12.4,83,4.8,207,7.9,86.451,3.287,10.294,,,,,,,,,0,0,,0,0,0,0,0,,0,0,,0,
"262","BIG VALLEY","2023081623",0,13.7,70,8,212,14.3,86.257,3.757,11.488,,,,,,,,,0,0,,0,0,0,0,0,,0,0,,0,
"263","MATHEW","2023081600",0,16.2,49,4.7,274,9.1,88.288,4.25,7.629,,,,,,,,,0,0,,0,0,0,0,0,,0,0,,0,
"263","MATHEW","2023081601",0,15,59,3.4,44,10.8,88.159,3.907,7.071,,,,,,,,,0,0,,0,0,0,0,0,,0,0,,0,
"263","MATHEW","2023081602",0,13.7,61,2.1,306,6.2,88.005,3.58,6.521,,,,,,,,,0,0,,0,0,0,0,0,,0,0,,0,
"263","MATHEW","2023081603",0,13,64,4.2,236,6.8,87.785,3.856,6.986,,,,,,,,,0,0,,0,0,0,0,0,,0,0,,0,
"263","MATHEW","2023081604",0,11.7,73,3,256,6.2,87.409,3.439,6.281,,,,,,,,,0,0,,0,0,0,0,0,,0,0,,0,
"263","MATHEW","2023081605",0,10.4,81,2.5,106,7.4,86.881,3.111,5.704,,,,,,,,,0,0,,0,0,0,0,0,,0,0,,0,
"263","MATHEW","2023081606",0,10,83,2.3,226,6.8,86.354,2.858,5.246,,,,,,,,,0,0,,0,0,0,0,0,,0,0,,0,
"263","MATHEW","2023081607",0,12.1,77,2.2,239,9.1,86.043,2.722,4.994,,,,,,,,,0,0,,0,0,0,0,0,,0,0,,0,
"263","MATHEW","2023081608",0,16.9,61,2.7,10,5.1,86.091,2.81,5.158,,,,,,,,,0,0,,0,0,0,0,0,,0,0,,0,
"263","MATHEW","2023081609",0,19.7,45,3.5,298,6.8,86.375,3.045,5.586,,,,,,,,,0,0,,0,0,0,0,0,,0,0,,0,
"263","MATHEW","2023081610",0,22.2,38,3.9,110,9.7,86.882,3.339,6.106,,,,,,,,,0,0,,0,0,0,0,0,,0,0,,0,
"263","MATHEW","2023081611",0,23.7,39,4.9,324,12,87.364,3.761,6.827,,,,,,,,,0,0,,0,0,0,0,0,,0,0,,0,
"263","MATHEW","2023081612",0,25,39,4.4,354,13.1,87.821,3.915,7.084,0,89.923,5.293,10.279,16.961,261.33,29.186,3,0,0,,0,0,0,0,0,,0,0,,0,
"263","MATHEW","2023081613",0,26.1,37,4.7,347,13.7,88.32,4.269,8.564,,,,,,,,,0,0,,0,0,0,0,0,,0,0,,0,
"263","MATHEW","2023081614",0,27.2,36,5.1,37,12,88.825,4.684,9.274,,,,,,,,,0,0,,0,0,0,0,0,,0,0,,0,
"263","MATHEW","2023081615",0,28.2,32,8.1,220,16.6,89.475,5.981,11.365,,,,,,,,,0,0,,0,0,0,0,0,,0,0,,0,
"263","MATHEW","2023081616",0,27.3,31,8.4,159,17.7,90.007,6.553,12.232,,,,,,,,,0,0,,0,0,0,0,0,,0,0,,0,
"263","MATHEW","2023081617",0,26.4,35,7.4,214,20,90.255,6.456,12.087,,,,,,,,,0,0,,0,0,0,0,0,,0,0,,0,
"263","MATHEW","2023081618",0,23.2,52,6.8,235,16.6,90.139,6.161,11.64,,,,,,,,,0,0,,0,0,0,0,0,,0,0,,0,
"263","MATHEW","2023081619",0,20.6,51,5,190,12,90.027,5.537,10.67,,,,,,,,,0,0,,0,0,0,0,0,,0,0,,0,
"263","MATHEW","2023081620",0,18.2,60,4.2,165,12.5,89.704,5.078,9.929,,,,,,,,,0,0,,0,0,0,0,0,,0,0,,0,
"263","MATHEW","2023081621",0,17.8,59,3,266,14.3,89.453,4.611,9.151,,,,,,,,,0,0,,0,0,0,0,0,,0,0,,0,
"263","MATHEW","2023081622",0,16.8,64,5.4,211,12,89.082,4.934,9.692,,,,,,,,,0,0,,0,0,0,0,0,,0,0,,0,
"263","MATHEW","2023081623",0,16.8,59,5.1,196,8.5,88.873,4.716,9.328,,,,,,,,,0,0,,0,0,0,0,0,,0,0,,0,
"264","PRAIRIE CREEK","2023081600",0,18.2,46,4.4,325,19.5,89.704,5.129,13.157,,,,,,,,,0,193.3,,0,0,0,0,0,,0,0,,0,
"264","PRAIRIE CREEK","2023081601",0,17.1,48,4.4,321,17.7,89.655,5.093,13.085,,,,,,,,,0,193.3,,0,0,0,0,0,,0,0,,0,
"264","PRAIRIE CREEK","2023081602",0,16.5,47,5,257,16,89.619,5.223,13.346,,,,,,,,,0,193.3,,0,0,0,0,0,,0,0,,0,
"264","PRAIRIE CREEK","2023081603",0,16.1,48,5.9,256,18.9,89.56,5.419,13.736,,,,,,,,,0,193.3,,0,0,0,0,0,,0,0,,0,
"264","PRAIRIE CREEK","2023081604",0,14.5,56,4.4,119,18.3,89.345,4.872,12.633,,,,,,,,,0,193.3,,0,0,0,0,0,,0,0,,0,
"264","PRAIRIE CREEK","2023081605",0,12.8,67,8.5,147,13.7,88.868,5.594,14.079,,,,,,,,,0,193.3,,0,0,0,0,0,,0,0,,0,
"264","PRAIRIE CREEK","2023081606",0,12,74,8.8,150,13.1,88.266,5.209,13.318,,,,,,,,,0,193.3,,0,0,0,0,0,,0,0,,0,
"264","PRAIRIE CREEK","2023081607",0,12.6,74,3.7,167,14.9,87.804,3.77,10.259,,,,,,,,,0,193.3,,0,0,0,0,0,,0,0,,0,
"264","PRAIRIE CREEK","2023081608",0,18.6,51,4.6,199,9.1,87.853,3.973,10.713,,,,,,,,,0,193.3,,0,0,0,0,0,,0,0,,0,
"264","PRAIRIE CREEK","2023081609",0,20.7,41,7.8,279,13.7,88.068,4.814,12.514,,,,,,,,,0,193.3,,0,0,0,0,0,,0,0,,0,
"264","PRAIRIE CREEK","2023081610",0,22.2,37,6.6,283,16,88.404,4.755,12.392,,,,,,,,,0,193.3,,0,0,0,0,0,,0,0,,0,
"264","PRAIRIE CREEK","2023081611",0,23.4,39,6.5,244,16.6,88.672,4.917,12.726,,,,,,,,,0,193.3,,0,0,0,0,0,,0,0,,0,
"264","PRAIRIE CREEK","2023081612",0,25.5,35,6.8,251,21.8,89.102,5.31,13.519,0,90.791,6.763,17.18,32.099,364.347,52.611,4,0,193.3,,0,0,0,0,0,,0,0,,0,
"264","PRAIRIE CREEK","2023081613",0,26.4,29,8.4,269,16.6,89.735,6.303,16.297,,,,,,,,,0,193.3,,0,0,0,0,0,,0,0,,0,
"264","PRAIRIE CREEK","2023081614",0,27.5,27,6.9,282,16.6,90.374,6.403,16.492,,,,,,,,,0,193.3,,0,0,0,0,0,,0,0,,0,
"264","PRAIRIE CREEK","2023081615",0,28.2,31,6.4,228,16,90.767,6.605,16.88,,,,,,,,,0,193.3,,0,0,0,0,0,,0,0,,0,
"264","PRAIRIE CREEK","2023081616",0,28.2,29,7.5,284,14.9,91.176,7.4,18.365,,,,,,,,,0,193.3,,0,0,0,0,0,,0,0,,0,
"264","PRAIRIE CREEK","2023081617",0,27.6,31,5.1,267,16,91.397,6.767,17.188,,,,,,,,,0,193.3,,0,0,0,0,0,,0,0,,0,
"264","PRAIRIE CREEK","2023081618",0,26.1,35,3.3,301,12.5,91.447,6.224,16.143,,,,,,,,,0,193.3,,0,0,0,0,0,,0,0,,0,
"264","PRAIRIE CREEK","2023081619",0,21.6,51,4.6,145,6.8,91.189,6.406,16.498,,,,,,,,,0,193.3,,0,0,0,0,0,,0,0,,0,
"264","PRAIRIE CREEK","2023081620",0,17.7,64,7.8,147,9.7,90.564,6.886,17.412,,,,,,,,,0,193.3,,0,0,0,0,0,,0,0,,0,
"264","PRAIRIE CREEK","2023081621",0,16.9,72,9.6,156,17.2,89.764,6.724,17.106,,,,,,,,,0,193.3,,0,0,0,0,0,,0,0,,0,
"264","PRAIRIE CREEK","2023081622",0,16.5,71,10.2,154,18.3,89.104,6.304,16.299,,,,,,,,,0,193.3,,0,0,0,0,0,,0,0,,0,
"264","PRAIRIE CREEK","2023081623",0,16.1,70,11.3,155,20,88.556,6.159,16.015,,,,,,,,,0,193.3,,0,0,0,0,0,,0,0,,0,
"266","WELLS GRAY","2023081600",0,19.1,38,2.9,26,6.8,90.912,5.653,16.597,,,,,,,,,,,,,,,,,,,,,,
"266","WELLS GRAY","2023081601",0,18.2,43,3.8,48,7.4,90.852,5.865,17.06,,,,,,,,,,,,,,,,,,,,,,
"266","WELLS GRAY","2023081602",0,17.5,47,2.5,32,5.6,90.724,5.394,16.02,,,,,,,,,,,,,,,,,,,,,,
"266","WELLS GRAY","2023081603",0,17.1,49,3.3,18,6.2,90.559,5.485,16.224,,,,,,,,,,,,,,,,,,,,,,
"266","WELLS GRAY","2023081604",0,16.1,52,4.5,9,7.9,90.332,5.64,16.568,,,,,,,,,,,,,,,,,,,,,,
"266","WELLS GRAY","2023081605",0,15.2,60,3.4,2,7.9,89.971,5.067,15.279,,,,,,,,,,,,,,,,,,,,,,
"266","WELLS GRAY","2023081606",0,14.9,64,2.8,218,9.1,89.572,4.643,14.287,,,,,,,,,,,,,,,,,,,,,,
"266","WELLS GRAY","2023081607",0,14.5,68,3,325,7.4,89.123,4.397,13.695,,,,,,,,,,,,,,,,,,,,,,
"266","WELLS GRAY","2023081608",0,18.4,54,3.5,243,7.4,89.042,4.458,13.842,,,,,,,,,,,,,,,,,,,,,,
"266","WELLS GRAY","2023081609",0,21.1,48,7.7,163,15.4,89.091,5.547,16.362,,,,,,,,,,,,,,,,,,,,,,
"266","WELLS GRAY","2023081610",0,24.1,32,6.6,189,17.2,89.499,5.565,16.401,,,,,,,,,,,,,,,,,,,,,,
"266","WELLS GRAY","2023081611",0,26.4,31,7,178,14.3,89.973,6.077,17.518,,,,,,,,,,,,,,,,,,,,,,
"266","WELLS GRAY","2023081612",0,28.1,27,7.4,204,14.3,90.605,6.787,19.004,0,92.853,9.333,25.023,42.8,456.342,69.341,4,,,,,,,,,,,,,,
"266","WELLS GRAY","2023081613",0,28.4,28,6.5,186,16,91.084,6.946,20.292,,,,,,,,,,,,,,,,,,,,,,
"266","WELLS GRAY","2023081614",0,29.9,27,6.5,206,14.9,91.585,7.458,21.358,,,,,,,,,,,,,,,,,,,,,,
"266","WELLS GRAY","2023081615",0,30.3,26,5.8,202,14.9,92.045,7.684,21.817,,,,,,,,,,,,,,,,,,,,,,
"266","WELLS GRAY","2023081616",0,29.8,27,6.2,212,18.9,92.354,8.19,22.83,,,,,,,,,,,,,,,,,,,,,,
"266","WELLS GRAY","2023081617",0,29.4,28,4.4,213,13.1,92.54,7.678,21.807,,,,,,,,,,,,,,,,,,,,,,
"266","WELLS GRAY","2023081618",0,26.1,34,4,199,10.8,92.59,7.578,21.604,,,,,,,,,,,,,,,,,,,,,,
"266","WELLS GRAY","2023081619",0,24.1,40,3.5,2,8.5,92.497,7.294,21.02,,,,,,,,,,,,,,,,,,,,,,
"266","WELLS GRAY","2023081620",0,21.6,43,4.1,13,6.8,92.309,7.321,21.076,,,,,,,,,,,,,,,,,,,,,,
"266","WELLS GRAY","2023081621",0,20.6,48,4.9,5,7.4,92.006,7.303,21.038,,,,,,,,,,,,,,,,,,,,,,
"266","WELLS GRAY","2023081622",0,20.6,51,7.8,28,14.3,91.634,8.018,22.489,,,,,,,,,,,,,,,,,,,,,,
"266","WELLS GRAY","2023081623",0,18.3,58,5.7,27,15.4,91.142,6.726,19.825,,,,,,,,,,,,,,,,,,,,,,
"267","BERRY","2023081600",0,18,36,13.5,243,31,90.234,8.754,12.58,,,,,,,,,,,,,,,,,,,,,,
"267","BERRY","2023081601",0,17.5,40,17.1,239,29.2,90.281,10.565,14.572,,,,,,,,,,,,,,,,,,,,,,
"267","BERRY","2023081602",0,17.2,32,17.1,241,33.9,90.33,10.64,14.652,,,,,,,,,,,,,,,,,,,,,,
"267","BERRY","2023081603",0,13.3,50,9,249,26.4,90.112,6.856,10.317,,,,,,,,,,,,,,,,,,,,,,
"267","BERRY","2023081604",0,13.8,49,12,236,18.9,89.928,7.768,11.43,,,,,,,,,,,,,,,,,,,,,,
"267","BERRY","2023081605",0,13,51,7.1,244,17.7,89.74,5.908,9.1,,,,,,,,,,,,,,,,,,,,,,
"267","BERRY","2023081606",0,14,54,9.2,244,15.4,89.508,6.352,9.678,,,,,,,,,,,,,,,,,,,,,,
"267","BERRY","2023081607",0,16.7,47,8.1,229,18.3,89.484,5.988,9.206,,,,,,,,,,,,,,,,,,,,,,
"267","BERRY","2023081608",0,18,47,8,242,16,89.485,5.959,9.167,,,,,,,,,,,,,,,,,,,,,,
"267","BERRY","2023081609",0,20.1,40,4.7,246,11.4,89.534,5.082,7.983,,,,,,,,,,,,,,,,,,,,,,
"267","BERRY","2023081610",0,22,37,9.3,275,16.6,89.659,6.524,9.897,,,,,,,,,,,,,,,,,,,,,,
"267","BERRY","2023081611",0,23.2,35,7.3,241,18.9,89.856,6.067,9.309,,,,,,,,,,,,,,,,,,,,,,
"267","BERRY","2023081612",0,23.8,37,8.7,268,16.6,89.982,6.629,10.031,0,90.557,7.197,11.746,17,94.424,23.446,3,,,,,,,,,,,,,,
"267","BERRY","2023081613",0,24.6,35,8.3,288,25.2,90.176,6.679,11.056,,,,,,,,,,,,,,,,,,,,,,
"267","BERRY","2023081614",0,24.4,36,11.2,240,23.5,90.303,7.873,12.621,,,,,,,,,,,,,,,,,,,,,,
"267","BERRY","2023081615",0,25.4,37,8.7,266,22.3,90.404,7.041,11.541,,,,,,,,,,,,,,,,,,,,,,
"267","BERRY","2023081616",0,24.6,36,9.8,249,20,90.497,7.543,12.197,,,,,,,,,,,,,,,,,,,,,,
"267","BERRY","2023081617",0,25,37,10.1,274,18.3,90.554,7.72,12.425,,,,,,,,,,,,,,,,,,,,,,
"267","BERRY","2023081618",0,23.9,38,9.3,276,17.7,90.604,7.468,12.1,,,,,,,,,,,,,,,,,,,,,,
"267","BERRY","2023081619",0,18.6,53,5.2,236,14.3,90.366,5.871,9.937,,,,,,,,,,,,,,,,,,,,,,
"267","BERRY","2023081620",0,16.2,56,8.2,224,13.7,90.042,6.52,10.839,,,,,,,,,,,,,,,,,,,,,,
"267","BERRY","2023081621",0,17.8,48,11.3,209,14.3,89.944,7.516,12.162,,,,,,,,,,,,,,,,,,,,,,
"267","BERRY","2023081622",0,15,61,9,209,16.6,89.54,6.316,10.56,,,,,,,,,,,,,,,,,,,,,,
"267","BERRY","2023081623",0,14.3,62,12.2,177,16.6,89.133,7.001,11.487,,,,,,,,,,,,,,,,,,,,,,
"270","GOSNEL","2023081600",0,14.9,49,6.5,314,17.2,88.89,5.073,10.789,,,,,,,,,,,,,,,,,,,,,,
"270","GOSNEL","2023081601",0,14.1,53,10.4,317,18.3,88.771,6.07,12.474,,,,,,,,,,,,,,,,,,,,,,
"270","GOSNEL","2023081602",0,13.5,50,10.1,316,16,88.717,5.933,12.248,,,,,,,,,,,,,,,,,,,,,,
"270","GOSNEL","2023081603",0,12,54,6.8,304,16,88.587,4.931,10.54,,,,,,,,,,,,,,,,,,,,,,
"270","GOSNEL","2023081604",0,12.5,50,4,232,12.5,88.553,4.261,9.326,,,,,,,,,,,,,,,,,,,,,,
"270","GOSNEL","2023081605",0,11.5,58,6,301,14.3,88.367,4.589,9.928,,,,,,,,,,,,,,,,,,,,,,
"270","GOSNEL","2023081606",0,11.9,59,6.8,304,12.5,88.179,4.651,10.04,,,,,,,,,,,,,,,,,,,,,,
"270","GOSNEL","2023081607",0,14.7,50,3.2,246,12.5,88.212,3.897,8.638,,,,,,,,,,,,,,,,,,,,,,
"270","GOSNEL","2023081608",0,15.8,47,3.3,352,9.1,88.261,3.945,8.729,,,,,,,,,,,,,,,,,,,,,,
"270","GOSNEL","2023081609",0,17.2,53,6.6,134,12.5,88.269,4.664,10.064,,,,,,,,,,,,,,,,,,,,,,
"270","GOSNEL","2023081610",0,18.5,53,9.2,141,15.4,88.299,5.34,11.251,,,,,,,,,,,,,,,,,,,,,,
"270","GOSNEL","2023081611",0,19.8,46,10.2,161,21.8,88.348,5.655,11.787,,,,,,,,,,,,,,,,,,,,,,
"270","GOSNEL","2023081612",0,21,39,6.5,229,18.3,88.552,4.833,10.366,0,89.058,5.197,11.697,23.286,251.034,37.805,3,,,,,,,,,,,,,,
"270","GOSNEL","2023081613",0,20.7,40,6.7,21,17.2,88.695,4.983,11.306,,,,,,,,,,,,,,,,,,,,,,
"270","GOSNEL","2023081614",0,21.5,41,7.1,83,16.6,88.814,5.172,11.652,,,,,,,,,,,,,,,,,,,,,,
"270","GOSNEL","2023081615",0,22.2,40,6.7,94,17.7,88.961,5.177,11.661,,,,,,,,,,,,,,,,,,,,,,
"270","GOSNEL","2023081616",0,21.6,40,6.9,70,16,89.071,5.313,11.908,,,,,,,,,,,,,,,,,,,,,,
"270","GOSNEL","2023081617",0,20.5,43,13.6,188,20.6,89.12,7.499,15.585,,,,,,,,,,,,,,,,,,,,,,
"270","GOSNEL","2023081618",0,19.5,47,8,41,22.3,89.169,5.695,12.587,,,,,,,,,,,,,,,,,,,,,,
"270","GOSNEL","2023081619",0,18.1,50,6.1,324,10.8,89.15,5.161,11.631,,,,,,,,,,,,,,,,,,,,,,
"270","GOSNEL","2023081620",0,16.8,52,5.6,267,11.4,89.074,4.978,11.297,,,,,,,,,,,,,,,,,,,,,,
"270","GOSNEL","2023081621",0,16.3,53,5.8,281,12,88.979,4.961,11.265,,,,,,,,,,,,,,,,,,,,,,
"270","GOSNEL","2023081622",0,16.4,52,6.9,223,13.7,88.912,5.193,11.691,,,,,,,,,,,,,,,,,,,,,,
"270","GOSNEL","2023081623",0,15.4,56,14.8,187,18.9,88.727,7.529,15.633,,,,,,,,,,,,,,,,,,,,,,
"279","THYNNE","2023081600",0,16.6,56,0,58,12,93.16,6.711,23.451,,,,,,,,,,,,,,,,,,,,,,
"279","THYNNE","2023081601",0,14.1,61,4.1,333,8.5,92.458,7.477,25.294,,,,,,,,,,,,,,,,,,,,,,
"279","THYNNE","2023081602",0,13.6,66,2.1,293,8.5,91.776,6.139,22.018,,,,,,,,,,,,,,,,,,,,,,
"279","THYNNE","2023081603",0,12.5,69,3.6,313,9.1,91.058,5.979,21.607,,,,,,,,,,,,,,,,,,,,,,
"279","THYNNE","2023081604",0,13.5,62,7.5,291,14.3,90.511,6.731,23.5,,,,,,,,,,,,,,,,,,,,,,
"279","THYNNE","2023081605",0,13.2,58,7.8,291,13.1,90.114,6.456,22.818,,,,,,,,,,,,,,,,,,,,,,
"279","THYNNE","2023081606",0,18.8,47,3.4,2,10.8,90.069,5.139,19.371,,,,,,,,,,,,,,,,,,,,,,
"279","THYNNE","2023081607",0,23.6,34,6.3,27,13.1,90.244,6.098,21.913,,,,,,,,,,,,,,,,,,,,,,
"279","THYNNE","2023081608",0,24.6,31,9.4,48,14.3,90.536,7.433,25.191,,,,,,,,,,,,,,,,,,,,,,
"279","THYNNE","2023081609",0,26.6,27,8.2,59,15.4,91.003,7.479,25.3,,,,,,,,,,,,,,,,,,,,,,
"279","THYNNE","2023081610",0,26.8,27,8.9,67,20,91.399,8.197,26.955,,,,,,,,,,,,,,,,,,,,,,
"279","THYNNE","2023081611",0,27.6,24,7.2,28,19.5,91.869,8.043,26.606,,,,,,,,,,,,,,,,,,,,,,
"279","THYNNE","2023081612",0,28,25,9.7,8,18.3,92.242,9.616,30.055,0,95.098,14.306,40.134,66.433,536.036,101.437,4,,,,,,,,,,,,,,
"279","THYNNE","2023081613",0,27.1,25,9,54,20,92.503,9.631,30.918,,,,,,,,,,,,,,,,,,,,,,
"279","THYNNE","2023081614",0,28.1,23,9.5,102,23.5,92.844,10.361,32.47,,,,,,,,,,,,,,,,,,,,,,
"279","THYNNE","2023081615",0,28.3,22,7.3,95,16.6,93.16,9.694,31.055,,,,,,,,,,,,,,,,,,,,,,
"279","THYNNE","2023081616",0,28.4,24,7.5,42,16,93.332,10.031,31.775,,,,,,,,,,,,,,,,,,,,,,
"279","THYNNE","2023081617",0,28.1,23,7.8,50,18.9,93.504,10.431,32.616,,,,,,,,,,,,,,,,,,,,,,
"279","THYNNE","2023081618",0,26.4,26,3.6,18,13.1,93.555,8.5,28.411,,,,,,,,,,,,,,,,,,,,,,
"279","THYNNE","2023081619",0,20.7,42,0,297,10.2,93.38,6.92,24.65,,,,,,,,,,,,,,,,,,,,,,
"279","THYNNE","2023081620",0,16.4,52,0,290,0,93.033,6.592,23.826,,,,,,,,,,,,,,,,,,,,,,
"279","THYNNE","2023081621",0,15,59,0,315,0,92.586,6.192,22.797,,,,,,,,,,,,,,,,,,,,,,
"279","THYNNE","2023081622",0,14.5,63,0,286,7.9,92.101,5.782,21.715,,,,,,,,,,,,,,,,,,,,,,
"279","THYNNE","2023081623",0,14,61,0,310,5.1,91.694,5.459,20.837,,,,,,,,,,,,,,,,,,,,,,
"280","LILLOOET","2023081600",0,31.4,17,15,72,45.9,97.078,24.417,65.234,,,,,,,,,,0.6,,,,0,1,726.57,,,,,,
"280","LILLOOET","2023081601",0,30.3,17,18.1,54,38.5,97.115,28.686,71.863,,,,,,,,,,0.6,,,,0,1,726.57,,,,,,
"280","LILLOOET","2023081602",0,29.4,18,15.4,55,35.6,97.103,25,66.17,,,,,,,,,,0.5,,,,0,1,726.56,,,,,,
"280","LILLOOET","2023081603",0,27.9,20,6.4,272,34.4,97.039,15.749,49.808,,,,,,,,,,0.4,,,,0,1,726.59,,,,,,
"280","LILLOOET","2023081604",0,26.2,22,5.5,152,25.2,96.917,14.807,47.915,,,,,,,,,,0.4,,,,0,1,726.62,,,,,,
"280","LILLOOET","2023081605",0,23.2,26,6.9,180,9.7,96.662,15.356,49.024,,,,,,,,,,-0.1,,,,0,1,726.74,,,,,,
"280","LILLOOET","2023081606",0,22.6,28,5.5,171,8.5,96.391,13.797,45.822,,,,,,,,,,0,,,,0,1,726.69,,,,,,
"280","LILLOOET","2023081607",0,20.7,33,4.8,178,7.9,96.016,12.662,43.386,,,,,,,,,,-3.4,,,,0,1,726.66,,,,,,
"280","LILLOOET","2023081608",0,19.9,35,6.5,61,9.1,95.598,13.033,44.192,,,,,,,,,,0.1,,,,0,1,726.65,,,,,,
"280","LILLOOET","2023081609",0,29.4,19,5.1,38,9.7,95.649,12.231,42.433,,,,,,,,,,0.9,,,,0,1,726.21,,,,,,
"280","LILLOOET","2023081610",0,31.2,18,6.8,160,10.8,95.7,13.417,45.018,,,,,,,,,,-5.9,,,,0,1,726.22,,,,,,
"280","LILLOOET","2023081611",0,32.5,18,12.2,221,18.9,95.779,17.803,53.765,,,,,,,,,,-19.2,,,,0,1,726.28,,,,,,
"280","LILLOOET","2023081612",0,34.2,17,9.7,310,19.5,95.963,16.093,50.487,0,96.345,16.944,52.663,110.032,832.508,165.409,5,,-2.1,,,,0,1,726.26,,,,,,
"280","LILLOOET","2023081613",0,35.1,16,11.2,335,19.5,96.203,17.927,54.538,,,,,,,,,,-12.2,,,,0,1,726.3,,,,,,
"280","LILLOOET","2023081614",0,37.2,16,9.7,312,18.3,96.475,17.244,53.241,,,,,,,,,,-2.3,,,,0,1,726.26,,,,,,
"280","LILLOOET","2023081615",0,37.7,15,10,295,20,96.759,18.186,55.025,,,,,,,,,,-12.4,,,,0,1,726.29,,,,,,
"280","LILLOOET","2023081616",0,37.3,15,8.8,317,18.9,96.942,17.544,53.814,,,,,,,,,,-19.1,,,,0,1,726.36,,,,,,
"280","LILLOOET","2023081617",0,35.9,17,3.1,155,13.7,96.994,13.255,45.132,,,,,,,,,,0.6,,,,0,1,726.41,,,,,,
"280","LILLOOET","2023081618",0,36.2,17,8.3,200,11.4,97.046,17.347,53.437,,,,,,,,,,0.4,,,,0,1,726.41,,,,,,
"280","LILLOOET","2023081619",0,33.7,20,2.6,152,12.5,97.083,13.081,44.753,,,,,,,,,,0.3,,,,0,1,726.5,,,,,,
"280","LILLOOET","2023081620",0,28.2,27,3.7,76,6.8,96.862,13.424,45.495,,,,,,,,,,0.4,,,,0,1,726.7,,,,,,
"280","LILLOOET","2023081621",0,25.1,33,5.7,51,7.4,96.435,14.021,46.766,,,,,,,,,,0.2,,,,0,1,726.74,,,,,,
"280","LILLOOET","2023081622",0,24.9,34,5,40,7.4,96.04,12.832,44.208,,,,,,,,,,-0.1,,,,0,1,726.69,,,,,,
"280","LILLOOET","2023081623",0,23.1,38,2.6,136,6.8,95.622,10.743,39.437,,,,,,,,,,-0.2,,,,0,1,726.66,,,,,,
"283","BRENDA MINES","2023081600",0,22.8,39,17.6,328,34.4,94.01,18.335,56.337,,,,,,,,,,,,,,,,,,,,,,
"283","BRENDA MINES","2023081601",0,21.2,42,9.5,322,22.9,93.606,11.525,42.073,,,,,,,,,,,,,,,,,,,,,,
"283","BRENDA MINES","2023081602",0,19,46,3.4,238,16.6,93.218,8.029,33.224,,,,,,,,,,,,,,,,,,,,,,
"283","BRENDA MINES","2023081603",0,19.7,38,15.1,349,21.8,92.975,13.994,47.604,,,,,,,,,,,,,,,,,,,,,,
"283","BRENDA MINES","2023081604",0,19,39,20.3,344,30.4,92.705,17.51,54.758,,,,,,,,,,,,,,,,,,,,,,
"283","BRENDA MINES","2023081605",0,18.1,38,25.2,355,37.9,92.472,21.691,62.44,,,,,,,,,,,,,,,,,,,,,,
"283","BRENDA MINES","2023081606",0,17.8,33,25.7,352,40.2,92.404,22.032,63.035,,,,,,,,,,,,,,,,,,,,,,
"283","BRENDA MINES","2023081607",0,17.8,32,16.1,358,37.3,92.381,13.539,46.621,,,,,,,,,,,,,,,,,,,,,,
"283","BRENDA MINES","2023081608",0,18.7,31,6.7,23,24.1,92.406,8.461,34.397,,,,,,,,,,,,,,,,,,,,,,
"283","BRENDA MINES","2023081609",0,20.4,28,13.9,6,26.9,92.456,12.247,43.743,,,,,,,,,,,,,,,,,,,,,,
"283","BRENDA MINES","2023081610",0,21.7,25,13.5,357,24.1,92.506,12.088,43.378,,,,,,,,,,,,,,,,,,,,,,
"283","BRENDA MINES","2023081611",0,22.7,24,17,348,27.5,92.618,14.647,48.991,,,,,,,,,,,,,,,,,,,,,,
"283","BRENDA MINES","2023081612",0,24.3,23,11.4,330,25.2,92.798,11.329,41.611,0,94.787,14.933,49.765,140.13,707.412,187.437,5,,,,,,,,,,,,,,
"283","BRENDA MINES","2023081613",0,25.6,22,9.4,323,26.4,93.028,10.579,39.959,,,,,,,,,,,,,,,,,,,,,,
"283","BRENDA MINES","2023081614",0,25.4,23,12.8,348,22.9,93.171,12.81,45.176,,,,,,,,,,,,,,,,,,,,,,
"283","BRENDA MINES","2023081615",0,26.1,22,13.1,12,24.1,93.357,13.347,46.367,,,,,,,,,,,,,,,,,,,,,,
"283","BRENDA MINES","2023081616",0,26.5,22,14.1,20,22.9,93.522,14.364,48.566,,,,,,,,,,,,,,,,,,,,,,
"283","BRENDA MINES","2023081617",0,26.2,23,12.1,27,21.8,93.596,13.122,45.87,,,,,,,,,,,,,,,,,,,,,,
"283","BRENDA MINES","2023081618",0,25.6,24,7.5,28,19.5,93.647,10.48,39.717,,,,,,,,,,,,,,,,,,,,,,
"283","BRENDA MINES","2023081619",0,22.7,31,6.5,4,12.5,93.607,9.91,38.3,,,,,,,,,,,,,,,,,,,,,,
"283","BRENDA MINES","2023081620",0,19.3,38,4.2,336,11.4,93.391,8.564,34.805,,,,,,,,,,,,,,,,,,,,,,
"283","BRENDA MINES","2023081621",0,18.3,40,5.5,351,9.7,93.131,8.818,35.481,,,,,,,,,,,,,,,,,,,,,,
"283","BRENDA MINES","2023081622",0,17.8,43,3.4,126,12.5,92.854,7.63,32.236,,,,,,,,,,,,,,,,,,,,,,
"283","BRENDA MINES","2023081623",0,17.4,45,6.3,358,12.5,92.522,8.429,34.44,,,,,,,,,,,,,,,,,,,,,,
"286","TURTLE","2023081600",0,25,31,5.8,338,13.7,94.438,10.733,39.267,,,,,,,,,,0.1,,,,0,1,816.48,,,,,,
"286","TURTLE","2023081601",0,25.4,30,5.3,173,19.5,94.381,10.384,38.433,,,,,,,,,,0,,,,0,1,816.46,,,,,,
"286","TURTLE","2023081602",0,23.5,32,4.1,281,11.4,94.264,9.619,36.559,,,,,,,,,,-0.1,,,,0,1,816.44,,,,,,
"286","TURTLE","2023081603",0,22.5,33,5.6,299,13.1,94.113,10.16,37.89,,,,,,,,,,0,,,,0,1,816.42,,,,,,
"286","TURTLE","2023081604",0,22.9,32,3.7,278,20.6,94.019,9.113,35.282,,,,,,,,,,0,,,,0,1,816.4,,,,,,
"286","TURTLE","2023081605",0,20.4,38,5.8,272,11.4,93.751,9.761,36.91,,,,,,,,,,-0.2,,,,0,1,816.4,,,,,,
"286","TURTLE","2023081606",0,20.8,37,4.4,9,12,93.553,8.849,34.604,,,,,,,,,,0.2,,,,0,1,816.36,,,,,,
"286","TURTLE","2023081607",0,21.4,33,4.5,311,9.7,93.469,8.79,34.451,,,,,,,,,,0.5,,,,0,1,816.34,,,,,,
"286","TURTLE","2023081608",0,24.7,28,6.3,256,12.5,93.52,9.692,36.74,,,,,,,,,,0.4,,,,0,1,816.32,,,,,,
"286","TURTLE","2023081609",0,27.7,22,7.3,182,14.3,93.685,10.43,38.542,,,,,,,,,,0.3,,,,0,1,816.34,,,,,,
"286","TURTLE","2023081610",0,29.9,18,6,184,14.9,94.08,10.32,38.277,,,,,,,,,,0.3,,,,0,1,816.35,,,,,,
"286","TURTLE","2023081611",0,31.2,17,7.6,200,15.4,94.513,11.875,41.914,,,,,,,,,,0.6,,,,0,1,816.36,,,,,,
"286","TURTLE","2023081612",0,32,16,8.4,249,20,94.946,13.122,44.677,0,96.211,15.586,50.229,115.423,795.07,169.374,5,,0.2,,,,0,1,816.31,,,,,,
"286","TURTLE","2023081613",0,32.6,17,8,290,21.8,95.253,13.411,45.691,,,,,,,,,,0.3,,,,0,1,816.34,,,,,,
"286","TURTLE","2023081614",0,32.9,18,8.1,322,17.2,95.449,13.845,46.622,,,,,,,,,,0.3,,,,0,1,816.38,,,,,,
"286","TURTLE","2023081615",0,33.4,18,7.6,277,16,95.62,13.817,46.562,,,,,,,,,,0.2,,,,0,1,816.38,,,,,,
"286","TURTLE","2023081616",0,33.8,17,4.9,182,14.9,95.812,12.38,43.421,,,,,,,,,,0.1,,,,0,1,816.37,,,,,,
"286","TURTLE","2023081617",0,33.1,19,5.5,284,12,95.863,12.848,44.461,,,,,,,,,,0,,,,0,1,816.36,,,,,,
"286","TURTLE","2023081618",0,31.6,20,5.7,300,10.2,95.914,13.068,44.945,,,,,,,,,,0,,,,0,1,816.35,,,,,,
"286","TURTLE","2023081619",0,26.7,30,5,54,7.9,95.71,12.27,43.173,,,,,,,,,,-0.2,,,,0,1,816.34,,,,,,
"286","TURTLE","2023081620",0,23.6,34,4.1,9,7.4,95.405,11.249,40.831,,,,,,,,,,-0.1,,,,0,1,816.29,,,,,,
"286","TURTLE","2023081621",0,22.1,37,3.6,305,7.9,95.054,10.457,38.947,,,,,,,,,,0,,,,0,1,816.28,,,,,,
"286","TURTLE","2023081622",0,20.3,44,1.6,257,8.5,94.613,8.898,35.043,,,,,,,,,,0,,,,0,1,816.26,,,,,,
"286","TURTLE","2023081623",0,19.2,48,1.8,11,7.4,94.114,8.39,33.705,,,,,,,,,,0,,,,0,1,816.23,,,,,,
"291","GLIMPSE","2023081600",0,21.3,35,7.3,3,18.3,93.462,10.111,38.311,,,,,,,,,,,,,,,,,,,,,,
"291","GLIMPSE","2023081601",0,20.4,33,7.5,54,18.9,93.36,10.07,38.208,,,,,,,,,,,,,,,,,,,,,,
"291","GLIMPSE","2023081602",0,19,39,7.5,40,19.5,93.114,9.729,37.36,,,,,,,,,,,,,,,,,,,,,,
"291","GLIMPSE","2023081603",0,18.4,39,11.3,18,26.4,92.864,11.377,41.35,,,,,,,,,,,,,,,,,,,,,,
"291","GLIMPSE","2023081604",0,18,34,11.5,334,24.1,92.757,11.321,41.219,,,,,,,,,,,,,,,,,,,,,,
"291","GLIMPSE","2023081605",0,17.1,34,6.2,343,24.1,92.67,8.563,34.351,,,,,,,,,,,,,,,,,,,,,,
"291","GLIMPSE","2023081606",0,17.3,32,7.7,339,21.8,92.628,9.18,35.964,,,,,,,,,,,,,,,,,,,,,,
"291","GLIMPSE","2023081607",0,17.9,30,6.6,325,17.2,92.638,8.697,34.707,,,,,,,,,,,,,,,,,,,,,,
"291","GLIMPSE","2023081608",0,19.7,27,6.5,327,17.2,92.688,8.715,34.754,,,,,,,,,,,,,,,,,,,,,,
"291","GLIMPSE","2023081609",0,21,26,5.7,293,19.5,92.738,8.43,33.997,,,,,,,,,,,,,,,,,,,,,,
"291","GLIMPSE","2023081610",0,23.3,23,9.1,296,20.6,92.861,10.179,38.477,,,,,,,,,,,,,,,,,,,,,,
"291","GLIMPSE","2023081611",0,24.4,18,9.1,306,22.9,93.208,10.686,39.711,,,,,,,,,,,,,,,,,,,,,,
"291","GLIMPSE","2023081612",0,25.6,19,5.2,335,19.5,93.475,9.113,35.791,0,95.44,11.948,42.88,132.178,690.339,178.779,4,,,,,,,,,,,,,,
"291","GLIMPSE","2023081613",0,26,20,6.9,324,15.4,93.674,10.207,38.738,,,,,,,,,,,,,,,,,,,,,,
"291","GLIMPSE","2023081614",0,26.9,20,7.4,331,22.9,93.869,10.755,40.074,,,,,,,,,,,,,,,,,,,,,,
"291","GLIMPSE","2023081615",0,28.1,19,7,352,19.5,94.115,10.905,40.434,,,,,,,,,,,,,,,,,,,,,,
"291","GLIMPSE","2023081616",0,28.3,21,6.2,28,17.2,94.229,10.64,39.798,,,,,,,,,,,,,,,,,,,,,,
"291","GLIMPSE","2023081617",0,27.5,23,3.5,85,12.5,94.28,9.353,36.591,,,,,,,,,,,,,,,,,,,,,,
"291","GLIMPSE","2023081618",0,25.7,27,2.3,218,7.4,94.315,8.847,35.278,,,,,,,,,,,,,,,,,,,,,,
"291","GLIMPSE","2023081619",0,21.8,34,3.8,28,7.4,94.144,9.319,36.503,,,,,,,,,,,,,,,,,,,,,,
"291","GLIMPSE","2023081620",0,19.3,39,3.5,32,6.2,93.862,8.827,35.226,,,,,,,,,,,,,,,,,,,,,,
"291","GLIMPSE","2023081621",0,19.1,39,4.4,26,6.2,93.594,8.899,35.415,,,,,,,,,,,,,,,,,,,,,,
"291","GLIMPSE","2023081622",0,18.4,41,3.3,24,7.9,93.32,8.103,33.285,,,,,,,,,,,,,,,,,,,,,,
"291","GLIMPSE","2023081623",0,18.2,40,4,18,6.2,93.083,8.121,33.334,,,,,,,,,,,,,,,,,,,,,,
"292","DARCY","2023081600",0,18.2,73,1.8,186,3.4,91.053,5.457,24.666,,,,,,,,,0,-160.7,,0,3155.1,,,,,,,1709.8,,
"292","DARCY","2023081601",0,17.4,78,1.2,203,3.9,90.204,4.69,22.168,,,,,,,,,0,-155.4,,0,3155.1,,,,,,,1709.8,,
"292","DARCY","2023081602",0,16.8,80,0.1,254,3.4,89.49,4.005,19.791,,,,,,,,,0,-156.1,,0,3155.1,,,,,,,1709.8,,
"292","DARCY","2023081603",0,16.3,82,2.5,192,4,88.648,4.006,19.793,,,,,,,,,0,-156.2,,0,3155.1,,,,,,,1709.8,,
"292","DARCY","2023081604",0,15.7,86,0.8,219,4.7,87.835,3.272,17.054,,,,,,,,,0,-171.1,,0,3155.1,,,,,,,1709.8,,
"292","DARCY","2023081605",0,15.3,88,0.4,206,3.8,87.063,2.872,15.458,,,,,,,,,0,-195.3,,0,3155.1,,,,,,,1709.8,,
"292","DARCY","2023081606",0,15.3,90,0.8,208,3.2,86.251,2.612,14.374,,,,,,,,,0,-196.3,,0,3155.1,,,,,,,1709.8,,
"292","DARCY","2023081607",0,18,80,0.7,188,3.3,85.926,2.483,13.82,,,,,,,,,0,-185.1,,0,3155.1,,,,,,,1709.8,,
"292","DARCY","2023081608",0,24.3,63,0,240,2.9,85.974,2.413,13.515,,,,,,,,,0,-188.3,,0,3155.1,,,,,,,1709.8,,
"292","DARCY","2023081609",0,27.9,39,2.5,151,6,86.716,3.039,16.135,,,,,,,,,0,-185.7,,0,3155.1,,,,,,,1709.8,,
"292","DARCY","2023081610",0,29.7,27,2.6,72,9.3,87.89,3.611,18.348,,,,,,,,,0,-174.5,,0,3155.1,,,,,,,1709.8,,
"292","DARCY","2023081611",0,32.8,24,3,64,6.9,89.224,4.461,21.393,,,,,,,,,0,-166.1,,0,3155.1,,,,,,,1709.8,,
"292","DARCY","2023081612",0,34.7,22,2.7,41,7.3,90.523,5.294,24.149,0,96.244,11.747,41.643,109.853,788.766,162.965,4,0,-163.5,,0,3155.1,,,,,,,1709.8,,
"292","DARCY","2023081613",0,35.9,18,3.7,62,8.6,91.89,6.762,28.908,,,,,,,,,0,-158.4,,0,3155.1,,,,,,,1709.8,,
"292","DARCY","2023081614",0,36.8,18,2.6,59,10.4,92.98,7.46,30.894,,,,,,,,,0,-163.2,,0,3155.1,,,,,,,1709.8,,
"292","DARCY","2023081615",0,36.8,19,3.2,86,9.8,93.794,8.613,34.006,,,,,,,,,0,-158.4,,0,3155.1,,,,,,,1709.8,,
"292","DARCY","2023081616",0,36.5,25,2.1,83,8.4,94.093,8.494,33.693,,,,,,,,,0,-167.5,,0,3155.1,,,,,,,1709.8,,
"292","DARCY","2023081617",0,34.5,26,1,91,5.5,94.2,8.156,32.795,,,,,,,,,0,-153.1,,0,3155.1,,,,,,,1709.8,,
"292","DARCY","2023081618",0,29.1,51,1.6,204,4.1,93.692,7.834,31.924,,,,,,,,,0,-156.5,,0,3155.1,,,,,,,1709.8,,
"292","DARCY","2023081619",0,24.7,56,0.6,235,3.5,93.143,6.9,29.307,,,,,,,,,0,-183.2,,0,3155.1,,,,,,,1709.8,,
"292","DARCY","2023081620",0,22.2,64,0.9,184,3.9,92.428,6.337,27.653,,,,,,,,,0,-159.9,,0,3155.1,,,,,,,1709.8,,
"292","DARCY","2023081621",0,20.5,67,2.4,230,4.9,91.66,6.13,27.032,,,,,,,,,0,-150.8,,0,3155.1,,,,,,,1709.8,,
"292","DARCY","2023081622",0,19.5,69,1.8,215,6.2,90.962,5.386,24.713,,,,,,,,,0,-157.5,,0,3155.1,,,,,,,1709.8,,
"292","DARCY","2023081623",0,18.5,76,1,189,5.1,90.189,4.632,22.223,,,,,,,,,0,-184.2,,0,3155.1,,,,,,,1709.8,,
"298","FINTRY","2023081600",0,29,30,4.5,273,15.4,95.461,11.567,43.295,,,,,,,,,,,,,,,,,,,,,,
"298","FINTRY","2023081601",0,27.6,32,6.1,318,11.4,95.256,12.192,44.772,,,,,,,,,,,,,,,,,,,,,,
"298","FINTRY","2023081602",0,27.4,27,7.7,318,21.2,95.203,13.121,46.907,,,,,,,,,,,,,,,,,,,,,,
"298","FINTRY","2023081603",0,27.8,25,10.8,325,26.4,95.212,15.357,51.777,,,,,,,,,,,,,,,,,,,,,,
"298","FINTRY","2023081604",0,26.7,26,10.6,330,23.5,95.172,15.12,51.276,,,,,,,,,,,,,,,,,,,,,,
"298","FINTRY","2023081605",0,25.4,27,10.7,309,20.6,95.086,15.02,51.063,,,,,,,,,,,,,,,,,,,,,,
"298","FINTRY","2023081606",0,25.1,28,6,309,18.9,94.998,11.711,43.638,,,,,,,,,,,,,,,,,,,,,,
"298","FINTRY","2023081607",0,26.3,26,8.6,292,19.5,94.98,13.317,47.348,,,,,,,,,,,,,,,,,,,,,,
"298","FINTRY","2023081608",0,27.4,25,5.2,7,13.7,95.012,11.27,42.579,,,,,,,,,,,,,,,,,,,,,,
"298","FINTRY","2023081609",0,28.7,24,5,144,12,95.063,11.234,42.493,,,,,,,,,,,,,,,,,,,,,,
"298","FINTRY","2023081610",0,30.5,20,7.8,88,13.1,95.114,13.027,46.695,,,,,,,,,,,,,,,,,,,,,,
"298","FINTRY","2023081611",0,31.4,19,7.7,107,12,95.23,13.168,47.013,,,,,,,,,,,,,,,,,,,,,,
"298","FINTRY","2023081612",0,32.4,17,7.4,90,14.3,95.462,13.387,47.506,0,95.939,14.284,49.578,161.307,1125.012,237.486,5,,,,,,,,,,,,,,
"298","FINTRY","2023081613",0,32,20,7.5,146,12.5,95.513,13.55,47.961,,,,,,,,,,,,,,,,,,,,,,
"298","FINTRY","2023081614",0,32.9,19,5.7,142,12.5,95.595,12.514,45.608,,,,,,,,,,,,,,,,,,,,,,
"298","FINTRY","2023081615",0,33.8,18,6.6,73,13.1,95.746,13.366,47.548,,,,,,,,,,,,,,,,,,,,,,
"298","FINTRY","2023081616",0,32.9,19,6.1,37,10.2,95.797,13.124,47.004,,,,,,,,,,,,,,,,,,,,,,
"298","FINTRY","2023081617",0,32.4,19,5.7,359,10.2,95.848,12.952,46.612,,,,,,,,,,,,,,,,,,,,,,
"298","FINTRY","2023081618",0,30.9,20,5.4,326,11.4,95.899,12.846,46.371,,,,,,,,,,,,,,,,,,,,,,
"298","FINTRY","2023081619",0,28.8,22,6.9,310,13.7,95.924,13.901,48.74,,,,,,,,,,,,,,,,,,,,,,
"298","FINTRY","2023081620",0,27.4,24,2.5,340,9.1,95.894,11.091,42.227,,,,,,,,,,,,,,,,,,,,,,
"298","FINTRY","2023081621",0,26.9,27,4,280,9.1,95.782,11.781,43.891,,,,,,,,,,,,,,,,,,,,,,
"298","FINTRY","2023081622",0,25.4,33,5.2,230,8.5,95.494,12.035,44.492,,,,,,,,,,,,,,,,,,,,,,
"298","FINTRY","2023081623",0,24.7,31,5.1,252,7.9,95.288,11.643,43.561,,,,,,,,,,,,,,,,,,,,,,
"301","PEMBERTON BASE","2023081600",0,18.7,86,0,183,2.2,89.94,4.251,17.9,,,,,,,,,,,,,,,,,,,,,,
"301","PEMBERTON BASE","2023081601",0,18,90,0,73,0,88.881,3.652,15.978,,,,,,,,,,,,,,,,,,,,,,
"301","PEMBERTON BASE","2023081602",0,16.8,97,1.7,208,6.8,87.231,3.141,14.239,,,,,,,,,,,,,,,,,,,,,,
"301","PEMBERTON BASE","2023081603",0,16.1,100,0,110,0,85.804,2.356,11.337,,,,,,,,,,,,,,,,,,,,,,
"301","PEMBERTON BASE","2023081604",0,15.3,100,0,218,0,84.563,1.985,9.842,,,,,,,,,,,,,,,,,,,,,,
"301","PEMBERTON BASE","2023081605",0,14.9,100,0,165,3.9,83.467,1.715,8.689,,,,,,,,,,,,,,,,,,,,,,
"301","PEMBERTON BASE","2023081606",0,14.8,100,0,141,2.2,82.489,1.514,7.787,,,,,,,,,,,,,,,,,,,,,,
"301","PEMBERTON BASE","2023081607",0,19.4,91,0,177,3.9,82.205,1.462,7.546,,,,,,,,,,,,,,,,,,,,,,
"301","PEMBERTON BASE","2023081608",0,22.8,58,3.6,273,7.9,82.711,1.866,9.341,,,,,,,,,,,,,,,,,,,,,,
"301","PEMBERTON BASE","2023081609",0,24.5,56,4,236,6.8,83.279,2.047,10.1,,,,,,,,,,,,,,,,,,,,,,
"301","PEMBERTON BASE","2023081610",0,26.2,46,3.1,214,7.9,84.107,2.182,10.649,,,,,,,,,,,,,,,,,,,,,,
"301","PEMBERTON BASE","2023081611",0,30.3,35,5.2,184,8.5,85.532,2.948,13.553,,,,,,,,,,,,,,,,,,,,,,
"301","PEMBERTON BASE","2023081612",0,33.3,30,4.6,234,9.1,87.138,3.587,15.764,0,94.223,9.808,32.973,75.172,591.643,114.101,4,,,,,,,,,,,,,,
"301","PEMBERTON BASE","2023081613",0,35.6,27,2.1,19,5.1,88.639,3.921,17.315,,,,,,,,,,,,,,,,,,,,,,
"301","PEMBERTON BASE","2023081614",0,35.5,28,5.7,53,8.5,89.928,5.655,22.591,,,,,,,,,,,,,,,,,,,,,,
"301","PEMBERTON BASE","2023081615",0,36.3,23,6.7,56,11.4,91.285,7.219,26.794,,,,,,,,,,,,,,,,,,,,,,
"301","PEMBERTON BASE","2023081616",0,37.4,29,3.9,58,11.4,92.02,6.958,26.122,,,,,,,,,,,,,,,,,,,,,,
"301","PEMBERTON BASE","2023081617",0,35.5,47,0,147,7.4,92.07,5.757,22.879,,,,,,,,,,,,,,,,,,,,,,
"301","PEMBERTON BASE","2023081618",0,29.7,64,0,16,3.3,91.595,5.382,21.811,,,,,,,,,,,,,,,,,,,,,,
"301","PEMBERTON BASE","2023081619",0,25.4,80,0,173,4.5,90.664,4.714,19.828,,,,,,,,,,,,,,,,,,,,,,
"301","PEMBERTON BASE","2023081620",0,21.9,90,1.8,99,6.2,89.165,4.164,18.107,,,,,,,,,,,,,,,,,,,,,,
"301","PEMBERTON BASE","2023081621",0,20.8,86,0,48,6.8,88.345,3.381,15.491,,,,,,,,,,,,,,,,,,,,,,
"301","PEMBERTON BASE","2023081622",0,19.5,91,0,103,0,87.389,2.948,13.942,,,,,,,,,,,,,,,,,,,,,,
"301","PEMBERTON BASE","2023081623",0,18.1,94,1.9,75,4.5,86.161,2.726,13.112,,,,,,,,,,,,,,,,,,,,,,
"302","ASPEN GROVE","2023081600",0,19.2,51,3.6,246,18.3,93.502,8.438,31.864,,,,,,,,,,,,,,,,,,,,,,
"302","ASPEN GROVE","2023081601",0,17.4,61,2.1,3,7.9,92.798,7.091,28.329,,,,,,,,,,,,,,,,,,,,,,
"302","ASPEN GROVE","2023081602",0,15.2,71,1.6,7,8.5,91.958,6.143,25.665,,,,,,,,,,,,,,,,,,,,,,
"302","ASPEN GROVE","2023081603",0,13.6,77,2.9,0,9.7,91.009,5.732,24.457,,,,,,,,,,,,,,,,,,,,,,
"302","ASPEN GROVE","2023081604",0,12.2,82,3.9,204,6.2,89.994,5.214,22.882,,,,,,,,,,,,,,,,,,,,,,
"302","ASPEN GROVE","2023081605",0,11.6,85,3.6,12,7.4,89.005,4.456,20.453,,,,,,,,,,,,,,,,,,,,,,
"302","ASPEN GROVE","2023081606",0,12.5,75,2.3,3,5.6,88.469,3.864,18.437,,,,,,,,,,,,,,,,,,,,,,
"302","ASPEN GROVE","2023081607",0,16.4,68,2.6,30,6.2,88.155,3.751,18.035,,,,,,,,,,,,,,,,,,,,,,
"302","ASPEN GROVE","2023081608",0,21.7,39,5.2,21,7.4,88.399,4.428,20.36,,,,,,,,,,,,,,,,,,,,,,
"302","ASPEN GROVE","2023081609",0,23.8,29,8.2,51,12.5,89.024,5.634,24.164,,,,,,,,,,,,,,,,,,,,,,
"302","ASPEN GROVE","2023081610",0,25.5,24,8.8,36,15.4,89.832,6.521,26.748,,,,,,,,,,,,,,,,,,,,,,
"302","ASPEN GROVE","2023081611",0,27.1,24,6.9,5,18.3,90.557,6.574,26.897,,,,,,,,,,,,,,,,,,,,,,
"302","ASPEN GROVE","2023081612",0,28,23,7.5,59,16.6,91.249,7.478,29.372,0,95.458,13.45,43.784,93.05,741.692,141.667,4,,,,,,,,,,,,,,
"302","ASPEN GROVE","2023081613",0,29.1,22,10.8,41,20,91.948,9.751,35.546,,,,,,,,,,,,,,,,,,,,,,
"302","ASPEN GROVE","2023081614",0,30.1,21,9.5,32,19.5,92.593,10.002,36.146,,,,,,,,,,,,,,,,,,,,,,
"302","ASPEN GROVE","2023081615",0,30.7,21,9.8,47,18.3,93.135,10.957,38.365,,,,,,,,,,,,,,,,,,,,,,
"302","ASPEN GROVE","2023081616",0,30.5,21,8.4,35,20,93.541,10.807,38.022,,,,,,,,,,,,,,,,,,,,,,
"302","ASPEN GROVE","2023081617",0,30,22,7.1,54,17.7,93.787,10.474,37.254,,,,,,,,,,,,,,,,,,,,,,
"302","ASPEN GROVE","2023081618",0,28.4,25,5.5,3,12,93.838,9.73,35.496,,,,,,,,,,,,,,,,,,,,,,
"302","ASPEN GROVE","2023081619",0,23.3,39,1.7,5,7.4,93.645,7.822,30.694,,,,,,,,,,,,,,,,,,,,,,
"302","ASPEN GROVE","2023081620",0,18.8,49,2.2,339,5.1,93.21,7.549,29.967,,,,,,,,,,,,,,,,,,,,,,
"302","ASPEN GROVE","2023081621",0,16.7,56,2.7,354,5.6,92.645,7.153,28.891,,,,,,,,,,,,,,,,,,,,,,
"302","ASPEN GROVE","2023081622",0,15,60,0,341,4.5,92.21,5.872,25.225,,,,,,,,,,,,,,,,,,,,,,
"302","ASPEN GROVE","2023081623",0,13.4,67,0,272,3.3,91.685,5.451,23.947,,,,,,,,,,,,,,,,,,,,,,
"305","SPARKS LAKE","2023081600",0,22.7,37,7.1,56,14.8,90.581,6.662,26.614,,,,,,,,,,,,,,,,,,,,128.8,,
"305","SPARKS LAKE","2023081601",0,21.2,35,3.6,19,16.6,90.631,5.625,23.655,,,,,,,,,,,,,,,,,,,,128.8,,
"305","SPARKS LAKE","2023081602",0,19.9,37,4.4,351,14.7,90.681,5.899,24.456,,,,,,,,,,,,,,,,,,,,128.8,,
"305","SPARKS LAKE","2023081603",0,18.2,42,1.7,97,6.3,90.67,5.14,22.194,,,,,,,,,,,,,,,,,,,,128.8,,
"305","SPARKS LAKE","2023081604",0,17.9,42,2.9,359,8.9,90.651,5.446,23.123,,,,,,,,,,,,,,,,,,,,128.8,,
"305","SPARKS LAKE","2023081605",0,17,45,2.1,139,5.7,90.576,5.175,22.301,,,,,,,,,,,,,,,,,,,,128.8,,
"305","SPARKS LAKE","2023081606",0,16.9,45,1.5,323,4.9,90.511,4.975,21.683,,,,,,,,,,,,,,,,,,,,128.8,,
"305","SPARKS LAKE","2023081607",0,17.6,45,3.1,274,10.3,90.449,5.345,22.818,,,,,,,,,,,,,,,,,,,,128.8,,
"305","SPARKS LAKE","2023081608",0,20.3,36,11.4,333,18.8,90.499,8.178,30.604,,,,,,,,,,,,,,,,,,,,128.8,,
"305","SPARKS LAKE","2023081609",0,22.6,31,7.6,336,19.1,90.676,6.926,27.334,,,,,,,,,,,,,,,,,,,,128.8,,
"305","SPARKS LAKE","2023081610",0,24.4,26,10.6,346,18.6,91.08,8.535,31.495,,,,,,,,,,,,,,,,,,,,128.8,,
"305","SPARKS LAKE","2023081611",0,26.8,21,7.8,311,19.4,91.707,8.102,30.411,,,,,,,,,,,,,,,,,,,,128.8,,
"305","SPARKS LAKE","2023081612",0,28,22,8.4,331,23.8,92.236,8.999,32.632,0,94.359,12.104,40.276,86.254,768.211,134.698,4,,,,,,,,,,,,128.8,,
"305","SPARKS LAKE","2023081620",0,24.2,35,2,94,7.8,92.286,6.565,26.788,,,,,,,,,,,,,,,,,,,,128.8,,
"305","SPARKS LAKE","2023081621",0,22.4,40,4.1,104,10.5,92.199,7.209,28.562,,,,,,,,,,,,,,,,,,,,128.8,,
"305","SPARKS LAKE","2023081622",0,20.9,44,0.5,54,5.3,92.064,5.899,24.875,,,,,,,,,,,,,,,,,,,,128.8,,
"305","SPARKS LAKE","2023081623",0,20,46,3.3,14,5.5,91.849,6.589,26.857,,,,,,,,,,,,,,,,,,,,128.8,,
"306","FRENCH BAR","2023081600",0,11,68,2.4,206,6.3,90.49,5.19,20.891,,,,,,,,,,,,,,,,,,,,12.6,,
"306","FRENCH BAR","2023081601",0,9.2,75,1.4,206,4.5,89.86,4.509,18.865,,,,,,,,,,,,,,,,,,,,12.6,,
"306","FRENCH BAR","2023081602",0,9.1,71,1.5,253,7,89.369,4.224,17.979,,,,,,,,,,,,,,,,,,,,12.6,,
"306","FRENCH BAR","2023081603",0,8.1,76,1.6,214,7.3,88.819,3.923,17.019,,,,,,,,,,,,,,,,,,,,12.6,,
"306","FRENCH BAR","2023081604",0,8.1,73,2.5,137,8.2,88.358,3.842,16.756,,,,,,,,,,,,,,,,,,,,12.6,,
"306","FRENCH BAR","2023081605",0,7.3,76,0.8,83,5.1,87.927,3.315,14.985,,,,,,,,,,,,,,,,,,,,12.6,,
"306","FRENCH BAR","2023081606",0,6.8,83,1.7,38,6.5,87.34,3.19,14.548,,,,,,,,,,,,,,,,,,,,12.6,,
"306","FRENCH BAR","2023081607",0,11.9,65,5.2,295,7.2,87.153,3.705,16.303,,,,,,,,,,,,,,,,,,,,12.6,,
"306","FRENCH BAR","2023081608",0,21.4,34,8.8,306,20.6,87.7,4.802,19.751,,,,,,,,,,,,,,,,,,,,12.6,,
"306","FRENCH BAR","2023081609",0,22.6,28,8.2,63,17.9,88.413,5.161,20.807,,,,,,,,,,,,,,,,,,,,12.6,,
"306","FRENCH BAR","2023081610",0,23.4,28,9.2,83,21.2,89.065,5.96,23.055,,,,,,,,,,,,,,,,,,,,12.6,,
"306","FRENCH BAR","2023081611",0,25.7,26,8.6,67,18.9,89.792,6.418,24.289,,,,,,,,,,,,,,,,,,,,12.6,,
"306","FRENCH BAR","2023081612",0,27.1,25,9.6,55,22.3,90.516,7.488,27.029,0,93.803,11.905,37.618,77.376,563.878,115.224,4,,,,,,,,,,,,12.6,,
"306","FRENCH BAR","2023081613",0,29.2,23,8.5,92,19.3,91.294,7.915,28.656,,,,,,,,,,,,,,,,,,,,12.6,,
"306","FRENCH BAR","2023081614",0,30.1,22,6.9,55,18.5,91.994,8.064,29.022,,,,,,,,,,,,,,,,,,,,12.6,,
"306","FRENCH BAR","2023081615",0,29.9,23,8.1,64,23.9,92.51,9.213,31.751,,,,,,,,,,,,,,,,,,,,12.6,,
"306","FRENCH BAR","2023081616",0,29.8,23,8.8,74,17.1,92.921,10.111,33.783,,,,,,,,,,,,,,,,,,,,12.6,,
"306","FRENCH BAR","2023081617",0,29.5,24,6.5,34,18.8,93.178,9.335,32.033,,,,,,,,,,,,,,,,,,,,12.6,,
"306","FRENCH BAR","2023081618",0,28.9,24,5.1,5,13.1,93.358,8.92,31.072,,,,,,,,,,,,,,,,,,,,12.6,,
"306","FRENCH BAR","2023081619",0,25.2,33,1.8,51,9.7,93.359,7.554,27.758,,,,,,,,,,,,,,,,,,,,12.6,,
"306","FRENCH BAR","2023081620",0,18.9,49,4.3,266,8.9,92.909,8.046,28.978,,,,,,,,,,,,,,,,,,,,12.6,,
"306","FRENCH BAR","2023081621",0,16.4,56,3.4,224,8.2,92.36,7.118,26.647,,,,,,,,,,,,,,,,,,,,12.6,,
"306","FRENCH BAR","2023081622",0,14.8,60,3.6,199,10.6,91.777,6.622,25.348,,,,,,,,,,,,,,,,,,,,12.6,,
"306","FRENCH BAR","2023081623",0,13.9,62,4.5,260,8.4,91.196,6.38,24.699,,,,,,,,,,,,,,,,,,,,12.6,,
"307","LEIGHTON LAKE","2023081600",0,21.4,33,9.9,9,21.8,92.597,10.212,34.857,,,,,,,,,,,,,,,,,,,,,,
"307","LEIGHTON LAKE","2023081601",0,19.7,40,7.1,49,13.1,92.422,8.653,31.216,,,,,,,,,,,,,,,,,,,,,,
"307","LEIGHTON LAKE","2023081602",0,19.8,44,10,38,24.6,92.153,9.641,33.554,,,,,,,,,,,,,,,,,,,,,,
"307","LEIGHTON LAKE","2023081603",0,16.1,53,6.8,50,17.2,91.701,7.697,28.842,,,,,,,,,,,,,,,,,,,,,,
"307","LEIGHTON LAKE","2023081604",0,15.2,51,8.5,44,13.1,91.326,7.951,29.485,,,,,,,,,,,,,,,,,,,,,,
"307","LEIGHTON LAKE","2023081605",0,11.1,77,4.3,212,12,90.443,5.673,23.349,,,,,,,,,,,,,,,,,,,,,,
"307","LEIGHTON LAKE","2023081606",0,9.5,82,3.9,214,6.2,89.539,4.885,20.991,,,,,,,,,,,,,,,,,,,,,,
"307","LEIGHTON LAKE","2023081607",0,12.5,73,2,243,6.2,89.004,4.111,18.518,,,,,,,,,,,,,,,,,,,,,,
"307","LEIGHTON LAKE","2023081608",0,19.1,37,11,352,22.3,89.13,6.588,25.919,,,,,,,,,,,,,,,,,,,,,,
"307","LEIGHTON LAKE","2023081609",0,20.1,32,13.1,23,22.9,89.423,7.637,28.687,,,,,,,,,,,,,,,,,,,,,,
"307","LEIGHTON LAKE","2023081610",0,22.2,28,8.8,30,16,89.86,6.547,25.808,,,,,,,,,,,,,,,,,,,,,,
"307","LEIGHTON LAKE","2023081611",0,23.7,25,14.1,344,21.8,90.44,9.292,32.741,,,,,,,,,,,,,,,,,,,,,,
"307","LEIGHTON LAKE","2023081612",0,25.2,30,13.6,320,22.9,90.775,9.505,33.239,0,93.767,14.492,44.342,85.283,626.287,127.247,4,,,,,,,,,,,,,,
"307","LEIGHTON LAKE","2023081613",0,26.1,25,15.5,352,23.5,91.308,11.284,37.737,,,,,,,,,,,,,,,,,,,,,,
"307","LEIGHTON LAKE","2023081614",0,27.2,24,16.3,16,25.8,91.838,12.667,40.676,,,,,,,,,,,,,,,,,,,,,,
"307","LEIGHTON LAKE","2023081615",0,28.3,24,13.2,5,25.2,92.295,11.558,38.331,,,,,,,,,,,,,,,,,,,,,,
"307","LEIGHTON LAKE","2023081616",0,28.8,24,14.6,1,25.2,92.686,13.104,41.574,,,,,,,,,,,,,,,,,,,,,,
"307","LEIGHTON LAKE","2023081617",0,29,24,11.2,10,25.8,92.989,11.521,38.25,,,,,,,,,,,,,,,,,,,,,,
"307","LEIGHTON LAKE","2023081618",0,28.5,26,6.4,32,18.3,93.111,9.201,32.988,,,,,,,,,,,,,,,,,,,,,,
"307","LEIGHTON LAKE","2023081619",0,25.2,31,4.1,65,13.7,93.161,8.252,30.667,,,,,,,,,,,,,,,,,,,,,,
"307","LEIGHTON LAKE","2023081620",0,18.6,50,2.7,339,5.1,92.741,7.25,28.088,,,,,,,,,,,,,,,,,,,,,,
"307","LEIGHTON LAKE","2023081621",0,15.3,60,1.8,299,7.9,92.167,6.391,25.753,,,,,,,,,,,,,,,,,,,,,,
"307","LEIGHTON LAKE","2023081622",0,13.6,65,7.4,195,9.1,91.415,7.617,29.051,,,,,,,,,,,,,,,,,,,,,,
"307","LEIGHTON LAKE","2023081623",0,12.3,72,3.4,224,7.4,90.669,5.599,23.481,,,,,,,,,,,,,,,,,,,,,,
"309","GWYNETH LAKE","2023081600",0,13.6,71,1.9,234,3.7,90.566,5.116,22.007,,,,,,,,,,,,,,,,,,,,65.6,,
"309","GWYNETH LAKE","2023081601",0,12.8,72,1.5,293,3.7,89.966,4.601,20.395,,,,,,,,,,,,,,,,,,,,65.6,,
"309","GWYNETH LAKE","2023081602",0,12.1,72,0.6,236,3,89.467,4.094,18.733,,,,,,,,,,,,,,,,,,,,65.6,,
"309","GWYNETH LAKE","2023081603",0,11.6,75,0.5,249,2.6,88.956,3.785,17.681,,,,,,,,,,,,,,,,,,,,65.6,,
"309","GWYNETH LAKE","2023081604",0,10.7,79,0.2,238,2.8,88.426,3.455,16.518,,,,,,,,,,,,,,,,,,,,65.6,,
"309","GWYNETH LAKE","2023081605",0,10.3,80,0.2,252,3.6,87.921,3.214,15.638,,,,,,,,,,,,,,,,,,,,65.6,,
"309","GWYNETH LAKE","2023081606",0,10,83,1.1,275,4.3,87.33,3.091,15.18,,,,,,,,,,,,,,,,,,,,65.6,,
"309","GWYNETH LAKE","2023081607",0,12,84,0.8,166,3.9,86.765,2.809,14.104,,,,,,,,,,,,,,,,,,,,65.6,,
"309","GWYNETH LAKE","2023081608",0,20.7,42,3.9,12,9.8,87.071,3.43,16.426,,,,,,,,,,,,,,,,,,,,65.6,,
"309","GWYNETH LAKE","2023081609",0,24.8,30,3.6,302,9.8,87.834,3.767,17.62,,,,,,,,,,,,,,,,,,,,65.6,,
"309","GWYNETH LAKE","2023081610",0,26.6,27,6.4,353,12.4,88.744,4.943,21.473,,,,,,,,,,,,,,,,,,,,65.6,,
"309","GWYNETH LAKE","2023081611",0,28,26,3.8,355,11.3,89.564,4.878,21.269,,,,,,,,,,,,,,,,,,,,65.6,,
"309","GWYNETH LAKE","2023081612",0,30.1,24,4.8,17,10.3,90.467,5.838,24.157,0,94.893,10.865,37.387,88.273,673.317,132.966,4,,,,,,,,,,,,65.6,,
"309","GWYNETH LAKE","2023081613",0,31,23,5.3,25,12.5,91.308,6.749,27.179,,,,,,,,,,,,,,,,,,,,65.6,,
"309","GWYNETH LAKE","2023081614",0,32.8,21,4.8,4,13.1,92.173,7.44,29.05,,,,,,,,,,,,,,,,,,,,65.6,,
"309","GWYNETH LAKE","2023081615",0,33.4,20,3.7,359,10.9,92.921,7.82,30.048,,,,,,,,,,,,,,,,,,,,65.6,,
"309","GWYNETH LAKE","2023081616",0,33.1,22,3.8,333,10.4,93.406,8.411,31.558,,,,,,,,,,,,,,,,,,,,65.6,,
"309","GWYNETH LAKE","2023081617",0,30.2,25,5.8,212,13.4,93.549,9.49,34.201,,,,,,,,,,,,,,,,,,,,65.6,,
"309","GWYNETH LAKE","2023081618",0,26.7,35,3.7,224,12.7,93.502,8.481,31.735,,,,,,,,,,,,,,,,,,,,65.6,,
"309","GWYNETH LAKE","2023081619",0,23.4,48,3.8,207,14.3,93.087,8.044,30.626,,,,,,,,,,,,,,,,,,,,65.6,,
"309","GWYNETH LAKE","2023081620",0,19.9,56,0.6,307,4.7,92.609,6.402,26.208,,,,,,,,,,,,,,,,,,,,65.6,,
"309","GWYNETH LAKE","2023081621",0,17.7,62,0,295,2.8,92.127,5.803,24.48,,,,,,,,,,,,,,,,,,,,65.6,,
"309","GWYNETH LAKE","2023081622",0,16.1,68,0.8,213,4.5,91.471,5.506,23.593,,,,,,,,,,,,,,,,,,,,65.6,,
"309","GWYNETH LAKE","2023081623",0,14.7,73,4.1,168,8.2,90.647,5.782,24.416,,,,,,,,,,,,,,,,,,,,65.6,,
"311","MCLEAN LAKE","2023081600",0,22.9,24,16.6,255,32.7,95.119,20.311,54.988,,,,,,,,,,,,,,,,,,,,,,
"311","MCLEAN LAKE","2023081601",0,21.5,30,7.8,239,24.6,94.924,12.692,40.869,,,,,,,,,,,,,,,,,,,,,,
"311","MCLEAN LAKE","2023081602",0,20.3,35,10.7,244,18.3,94.584,14.019,43.562,,,,,,,,,,,,,,,,,,,,,,
"311","MCLEAN LAKE","2023081603",0,19.2,34,9.3,241,19.5,94.313,12.585,40.647,,,,,,,,,,,,,,,,,,,,,,
"311","MCLEAN LAKE","2023081604",0,18,37,8.7,241,18.3,93.993,11.682,38.732,,,,,,,,,,,,,,,,,,,,,,
"311","MCLEAN LAKE","2023081605",0,17.9,33,8.7,229,14.9,93.802,11.377,38.071,,,,,,,,,,,,,,,,,,,,,,
"311","MCLEAN LAKE","2023081606",0,18.3,34,12,220,17.2,93.592,13.048,41.604,,,,,,,,,,,,,,,,,,,,,,
"311","MCLEAN LAKE","2023081607",0,19.5,30,9.6,249,18.9,93.525,11.453,38.238,,,,,,,,,,,,,,,,,,,,,,
"311","MCLEAN LAKE","2023081608",0,20.7,28,10.3,256,18.9,93.525,11.866,39.128,,,,,,,,,,,,,,,,,,,,,,
"311","MCLEAN LAKE","2023081609",0,22,26,10.6,249,21.2,93.576,12.131,39.692,,,,,,,,,,,,,,,,,,,,,,
"311","MCLEAN LAKE","2023081610",0,23.9,22,10.3,279,20.6,93.627,12.034,39.487,,,,,,,,,,,,,,,,,,,,,,
"311","MCLEAN LAKE","2023081611",0,24.9,22,10.3,262,20,93.683,12.129,39.688,,,,,,,,,,,,,,,,,,,,,,
"311","MCLEAN LAKE","2023081612",0,27.4,20,7.3,99,17.7,93.894,10.738,36.66,0,94.542,11.743,39.481,86.54,755.295,134.541,4,,,,,,,,,,,,,,
"311","MCLEAN LAKE","2023081613",0,27.9,21,9.5,207,16.6,94.042,12.245,40.564,,,,,,,,,,,,,,,,,,,,,,
"311","MCLEAN LAKE","2023081614",0,29.9,19,9.9,22,25.8,94.336,13.012,42.182,,,,,,,,,,,,,,,,,,,,,,
"311","MCLEAN LAKE","2023081615",0,30.2,20,7,24,21.8,94.521,11.534,39.024,,,,,,,,,,,,,,,,,,,,,,
"311","MCLEAN LAKE","2023081616",0,30.2,20,4.9,219,19.5,94.664,10.582,36.891,,,,,,,,,,,,,,,,,,,,,,
"311","MCLEAN LAKE","2023081617",0,29.5,22,3.5,75,15.4,94.715,9.931,35.385,,,,,,,,,,,,,,,,,,,,,,
"311","MCLEAN LAKE","2023081618",0,29,23,3.8,77,9.7,94.766,10.153,35.904,,,,,,,,,,,,,,,,,,,,,,
"311","MCLEAN LAKE","2023081619",0,26.2,25,2.1,219,7.4,94.803,9.367,34.043,,,,,,,,,,,,,,,,,,,,,,
"311","MCLEAN LAKE","2023081620",0,23.8,30,2.9,64,6.2,94.703,9.619,34.647,,,,,,,,,,,,,,,,,,,,,,
"311","MCLEAN LAKE","2023081621",0,23.1,33,2.5,124,9.1,94.544,9.223,33.697,,,,,,,,,,,,,,,,,,,,,,
"311","MCLEAN LAKE","2023081622",0,22.9,34,2.1,96,7.9,94.382,8.84,32.758,,,,,,,,,,,,,,,,,,,,,,
"311","MCLEAN LAKE","2023081623",0,21.4,37,5,107,6.8,94.116,9.861,35.222,,,,,,,,,,,,,,,,,,,,,,
"317","ALLISON PASS","2023081600",0,14.7,65,2.9,348,6.8,91.675,6.3,20.417,,,,,,,,,0,0,,0,0,0,0,0,,0,0,,0,
"317","ALLISON PASS","2023081601",0,12.6,71,1.9,79,4.5,90.972,5.421,18.298,,,,,,,,,0,0,,0,0,0,0,0,,0,0,,0,
"317","ALLISON PASS","2023081602",0,11.4,77,3,96,6.8,90.162,5.104,17.501,,,,,,,,,0,0,,0,0,0,0,0,,0,0,,0,
"317","ALLISON PASS","2023081603",0,10.4,80,2.5,152,6.8,89.381,4.45,15.789,,,,,,,,,0,0,,0,0,0,0,0,,0,0,,0,
"317","ALLISON PASS","2023081604",0,9.6,83,3.2,100,6.8,88.577,4.107,14.852,,,,,,,,,0,0,,0,0,0,0,0,,0,0,,0,
"317","ALLISON PASS","2023081605",0,8.6,89,3.3,211,7.4,87.641,3.609,13.438,,,,,,,,,0,0,,0,0,0,0,0,,0,0,,0,
"317","ALLISON PASS","2023081606",0,8.8,90,2.5,136,5.1,86.781,3.067,11.808,,,,,,,,,0,0,,0,0,0,0,0,,0,0,,0,
"317","ALLISON PASS","2023081607",0,14.7,66,1.8,50,3.3,86.682,2.92,11.347,,,,,,,,,0,0,,0,0,0,0,0,,0,0,,0,
"317","ALLISON PASS","2023081608",0,20.1,45,4,300,6.8,86.913,3.37,12.732,,,,,,,,,0,0,,0,0,0,0,0,,0,0,,0,
"317","ALLISON PASS","2023081609",0,25.2,30,11.1,235,21.2,87.856,5.515,18.53,,,,,,,,,0,0,,0,0,0,0,0,,0,0,,0,
"317","ALLISON PASS","2023081610",0,27.7,26,7.8,222,20,88.897,5.422,18.301,,,,,,,,,0,0,,0,0,0,0,0,,0,0,,0,
"317","ALLISON PASS","2023081611",0,29.3,24,8.7,231,17.7,89.954,6.602,21.117,,,,,,,,,0,0,,0,0,0,0,0,,0,0,,0,
"317","ALLISON PASS","2023081612",0,30.3,23,9.8,230,18.9,90.93,8.024,24.248,0,95.954,16.154,40.4,54.315,543.028,86.901,3,0,0,,0,0,0,0,0,,0,0,,0,
"317","ALLISON PASS","2023081613",0,31.2,20,9.2,240,17.2,91.902,8.937,27.246,,,,,,,,,0,0,,0,0,0,0,0,,0,0,,0,
"317","ALLISON PASS","2023081614",0,32.5,21,8.8,240,17.2,92.686,9.783,28.982,,,,,,,,,0,0,,0,0,0,0,0,,0,0,,0,
"317","ALLISON PASS","2023081615",0,33.1,19,11.3,106,19.5,93.463,12.371,33.928,,,,,,,,,0,0,,0,0,0,0,0,,0,0,,0,
"317","ALLISON PASS","2023081616",0,33.8,16,11.7,125,21.8,94.271,14.121,37.017,,,,,,,,,0,0,,0,0,0,0,0,,0,0,,0,
"317","ALLISON PASS","2023081617",0,32.9,18,9.7,121,23.5,94.704,13.551,36.032,,,,,,,,,0,0,,0,0,0,0,0,,0,0,,0,
"317","ALLISON PASS","2023081618",0,30.1,25,6.4,107,16.6,94.755,11.557,32.425,,,,,,,,,0,0,,0,0,0,0,0,,0,0,,0,
"317","ALLISON PASS","2023081619",0,24.2,46,1.7,302,12.5,94.296,8.561,26.45,,,,,,,,,0,0,,0,0,0,0,0,,0,0,,0,
"317","ALLISON PASS","2023081620",0,20.7,53,3.7,40,6.2,93.641,8.647,26.634,,,,,,,,,0,0,,0,0,0,0,0,,0,0,,0,
"317","ALLISON PASS","2023081621",0,17.6,66,2.6,56,6.8,92.766,7.239,23.532,,,,,,,,,0,0,,0,0,0,0,0,,0,0,,0,
"317","ALLISON PASS","2023081622",0,16.1,71,4.1,79,5.6,91.822,6.835,22.596,,,,,,,,,0,0,,0,0,0,0,0,,0,0,,0,
"317","ALLISON PASS","2023081623",0,14.5,76,4,104,6.8,90.87,5.939,20.436,,,,,,,,,0,0,,0,0,0,0,0,,0,0,,0,
"321","GREENSTONE HUB","2023081600",0,,0,20.1,309,36.7,,,,,,,,,,,,,,,,,,,,,,,,,
"321","GREENSTONE HUB","2023081601",0,,0,17.9,310,34.4,,,,,,,,,,,,,,,,,,,,,,,,,
"321","GREENSTONE HUB","2023081602",0,,0,17.4,316,33.3,,,,,,,,,,,,,,,,,,,,,,,,,
"321","GREENSTONE HUB","2023081603",0,,0,18.7,317,33.9,,,,,,,,,,,,,,,,,,,,,,,,,
"321","GREENSTONE HUB","2023081604",0,,0,17.9,311,33.9,,,,,,,,,,,,,,,,,,,,,,,,,
"321","GREENSTONE HUB","2023081605",0,,0,18,311,30.4,,,,,,,,,,,,,,,,,,,,,,,,,
"321","GREENSTONE HUB","2023081606",0,,0,18.1,315,36.2,,,,,,,,,,,,,,,,,,,,,,,,,
"321","GREENSTONE HUB","2023081607",0,,0,16.9,306,31,,,,,,,,,,,,,,,,,,,,,,,,,
"321","GREENSTONE HUB","2023081608",0,,0,16.8,312,35,,,,,,,,,,,,,,,,,,,,,,,,,
"321","GREENSTONE HUB","2023081609",0,,0,13.9,307,24.6,,,,,,,,,,,,,,,,,,,,,,,,,
"321","GREENSTONE HUB","2023081610",0,,0,18.2,316,30.4,,,,,,,,,,,,,,,,,,,,,,,,,
"321","GREENSTONE HUB","2023081611",0,,0,13.5,325,32.7,,,,,,,,,,,,,,,,,,,,,,,,,
"321","GREENSTONE HUB","2023081612",0,,0,13.4,317,31,,,,0,,,,,,,,,,,,,,,,,,,,,
"321","GREENSTONE HUB","2023081613",0,,0,11.1,315,25.2,,,,,,,,,,,,,,,,,,,,,,,,,
"321","GREENSTONE HUB","2023081614",0,,0,9.6,348,18.3,,,,,,,,,,,,,,,,,,,,,,,,,
"321","GREENSTONE HUB","2023081615",0,,0,8.8,314,24.6,,,,,,,,,,,,,,,,,,,,,,,,,
"321","GREENSTONE HUB","2023081616",0,,0,9.9,316,17.7,,,,,,,,,,,,,,,,,,,,,,,,,
"321","GREENSTONE HUB","2023081617",0,,0,6.9,2,16,,,,,,,,,,,,,,,,,,,,,,,,,
"321","GREENSTONE HUB","2023081618",0,,0,7.1,271,14.3,,,,,,,,,,,,,,,,,,,,,,,,,
"321","GREENSTONE HUB","2023081619",0,,0,2.1,71,9.1,,,,,,,,,,,,,,,,,,,,,,,,,
"321","GREENSTONE HUB","2023081620",0,,0,5,25,7.4,,,,,,,,,,,,,,,,,,,,,,,,,
"321","GREENSTONE HUB","2023081621",0,,0,7,86,10.2,,,,,,,,,,,,,,,,,,,,,,,,,
"321","GREENSTONE HUB","2023081622",0,,0,5.2,137,12,,,,,,,,,,,,,,,,,,,,,,,,,
"321","GREENSTONE HUB","2023081623",0,,0,7.1,115,9.1,,,,,,,,,,,,,,,,,,,,,,,,,
"322","AFTON","2023081600",0,27.2,24,11.4,271,28.7,95.587,16.659,55.1,,,,,,,,,,-0.9,,,,0,1,661.2,,,,,,
"322","AFTON","2023081601",0,26.3,30,16.2,280,26.4,95.344,20.528,62.623,,,,,,,,,,-0.8,,,,0,1,661.17,,,,,,
"322","AFTON","2023081602",0,24.9,29,15.2,281,28.1,95.151,19.012,59.762,,,,,,,,,,-0.8,,,,0,1,661.16,,,,,,
"322","AFTON","2023081603",0,24.1,28,11,249,28.1,95.019,15.108,51.859,,,,,,,,,,-0.8,,,,0,1,661.13,,,,,,
"322","AFTON","2023081604",0,22.9,30,14.1,233,24.6,94.815,17.177,56.152,,,,,,,,,,-0.8,,,,0,1,661.1,,,,,,
"322","AFTON","2023081605",0,22.3,32,17.4,244,25.8,94.554,19.569,60.826,,,,,,,,,,-0.8,,,,0,1,661.09,,,,,,
"322","AFTON","2023081606",0,21.8,31,14,244,32.7,94.366,16.066,53.879,,,,,,,,,,-0.8,,,,0,1,661.07,,,,,,
"322","AFTON","2023081607",0,22.4,29,19,245,31,94.253,20.348,62.289,,,,,,,,,,-0.8,,,,0,1,661.04,,,,,,
"322","AFTON","2023081608",0,23.1,29,12.6,245,28.1,94.182,14.595,50.753,,,,,,,,,,-0.8,,,,0,1,661.03,,,,,,
"322","AFTON","2023081609",0,25.5,25,10.6,247,20.6,94.233,13.289,47.852,,,,,,,,,,,,,,0,1,661,,,,,,
"322","AFTON","2023081610",0,27.1,22,15.4,261,26.4,94.284,17.045,55.886,,,,,,,,,,-0.8,,,,0,1,661.02,,,,,,
"322","AFTON","2023081611",0,28.9,19,15.9,238,28.1,94.498,18.005,57.803,,,,,,,,,,-0.8,,,,0,1,661.02,,,,,,
"322","AFTON","2023081612",0,30.6,16,15.6,227,26.9,94.904,18.753,59.264,0,95.937,21.588,64.575,258.475,1150.791,331.057,5,,-0.7,,,,0,1,661.03,,,,,,
"322","AFTON","2023081613",0,31.9,17,15.1,239,29.2,95.215,19.08,59.904,,,,,,,,,,-0.8,,,,0,1,660.99,,,,,,
"322","AFTON","2023081614",0,32.7,18,18.7,243,29.2,95.433,23.568,68.084,,,,,,,,,,-0.6,,,,0,1,661.01,,,,,,
"322","AFTON","2023081615",0,33.3,18,16.3,243,32.7,95.618,21.416,64.264,,,,,,,,,,-0.6,,,,0,1,661.03,,,,,,
"322","AFTON","2023081616",0,34,19,11.9,249,28.1,95.724,17.404,56.619,,,,,,,,,,-0.8,,,,0,1,661.05,,,,,,
"322","AFTON","2023081617",0,33.3,20,4.8,323,21.8,95.775,12.255,45.471,,,,,,,,,,-0.9,,,,0,1,661.05,,,,,,
"322","AFTON","2023081618",0,32.6,21,7,328,16,95.826,13.787,48.982,,,,,,,,,,-0.8,,,,0,1,661.09,,,,,,
"322","AFTON","2023081619",0,30.6,24,3.5,8,10.2,95.849,11.593,43.892,,,,,,,,,,-1,,,,0,1,661.1,,,,,,
"322","AFTON","2023081620",0,26.2,32,7.6,129,12.5,95.563,13.711,48.812,,,,,,,,,,-1.1,,,,0,1,661.2,,,,,,
"322","AFTON","2023081621",0,25.7,32,9.1,121,16.6,95.295,14.258,50.024,,,,,,,,,,-0.8,,,,0,1,661.1,,,,,,
"322","AFTON","2023081622",0,23.6,37,7.1,137,14.3,94.913,12.234,45.42,,,,,,,,,,-0.9,,,,0,1,661.07,,,,,,
"322","AFTON","2023081623",0,22.6,38,7.7,235,9.7,94.536,11.972,44.801,,,,,,,,,,-0.9,,,,0,1,661.04,,,,,,
"326","PASKA LAKE","2023081600",0,19.1,36,13.3,15,27.5,92.994,12.816,39.25,,,,,,,,,,,,,,,,,,,,,,
"326","PASKA LAKE","2023081601",0,18,41,14.6,10,27.5,92.683,13.099,39.81,,,,,,,,,,,,,,,,,,,,,,
"326","PASKA LAKE","2023081602",0,16.3,50,13.1,17,20,92.175,11.306,36.167,,,,,,,,,,,,,,,,,,,,,,
"326","PASKA LAKE","2023081603",0,16.1,42,18.5,6,31.6,91.904,14.284,42.096,,,,,,,,,,,,,,,,,,,,,,
"326","PASKA LAKE","2023081604",0,14.8,44,12.9,12,28.1,91.632,10.366,34.154,,,,,,,,,,,,,,,,,,,,,,
"326","PASKA LAKE","2023081605",0,13.8,46,9.3,24,19.5,91.361,8.32,29.475,,,,,,,,,,,,,,,,,,,,,,
"326","PASKA LAKE","2023081606",0,13.4,44,9.7,6,15.4,91.155,8.243,29.291,,,,,,,,,,,,,,,,,,,,,,
"326","PASKA LAKE","2023081607",0,16.4,34,11.8,352,20,91.203,9.226,31.604,,,,,,,,,,,,,,,,,,,,,,
"326","PASKA LAKE","2023081608",0,17.7,34,12.7,4,24.1,91.253,9.723,32.732,,,,,,,,,,,,,,,,,,,,,,
"326","PASKA LAKE","2023081609",0,19,31,11.3,13,21.8,91.303,9.125,31.372,,,,,,,,,,,,,,,,,,,,,,
"326","PASKA LAKE","2023081610",0,21.2,26,16.5,322,28.7,91.499,12.194,38.002,,,,,,,,,,,,,,,,,,,,,,
"326","PASKA LAKE","2023081611",0,23.1,26,15.5,10,26.9,91.725,11.972,37.549,,,,,,,,,,,,,,,,,,,,,,
"326","PASKA LAKE","2023081612",0,23.9,26,14.2,3,25.8,91.936,11.553,36.684,0,93.877,15.166,44.465,77.292,635.174,118.527,4,,,,,,,,,,,,,,
"326","PASKA LAKE","2023081613",0,25.1,24,11.9,359,28.1,92.229,10.725,35.53,,,,,,,,,,,,,,,,,,,,,,
"326","PASKA LAKE","2023081614",0,26.1,25,12.4,318,24.1,92.464,11.369,36.917,,,,,,,,,,,,,,,,,,,,,,
"326","PASKA LAKE","2023081615",0,26.5,24,10.9,340,26.9,92.709,10.91,35.932,,,,,,,,,,,,,,,,,,,,,,
"326","PASKA LAKE","2023081616",0,26.8,24,9.6,261,23.5,92.914,10.517,35.076,,,,,,,,,,,,,,,,,,,,,,
"326","PASKA LAKE","2023081617",0,26.9,24,8.4,271,17.7,93.082,10.135,34.227,,,,,,,,,,,,,,,,,,,,,,
"326","PASKA LAKE","2023081618",0,25.7,27,5.7,4,14.9,93.132,8.909,31.408,,,,,,,,,,,,,,,,,,,,,,
"326","PASKA LAKE","2023081619",0,23.3,32,5,14,12,93.137,8.606,30.686,,,,,,,,,,,,,,,,,,,,,,
"326","PASKA LAKE","2023081620",0,20.5,39,6.2,59,7.9,92.94,8.893,31.372,,,,,,,,,,,,,,,,,,,,,,
"326","PASKA LAKE","2023081621",0,18,44,9.8,39,11.4,92.592,10.154,34.27,,,,,,,,,,,,,,,,,,,,,,
"326","PASKA LAKE","2023081622",0,17,48,9,34,12,92.188,9.213,32.122,,,,,,,,,,,,,,,,,,,,,,
"326","PASKA LAKE","2023081623",0,16.9,49,8.4,36,10.8,91.813,8.477,30.375,,,,,,,,,,,,,,,,,,,,,,
"328","PENTICTON RS","2023081600",0,30.6,23,6.2,28,16.6,96.465,14.436,48.938,,,,,,,,,,,,,,,,,,,,,,
"328","PENTICTON RS","2023081601",0,27.4,28,5.1,77,10.2,96.26,13.285,46.439,,,,,,,,,,,,,,,,,,,,,,
"328","PENTICTON RS","2023081602",0,25.5,32,4.1,84,11.4,95.961,12.133,43.838,,,,,,,,,,,,,,,,,,,,,,
"328","PENTICTON RS","2023081603",0,24.9,35,6.9,96,10.8,95.566,13.241,46.341,,,,,,,,,,,,,,,,,,,,,,
"328","PENTICTON RS","2023081604",0,24.2,37,4.9,98,10.2,95.185,11.367,42.044,,,,,,,,,,,,,,,,,,,,,,
"328","PENTICTON RS","2023081605",0,23.4,40,5.1,94,8.5,94.758,10.828,40.751,,,,,,,,,,,,,,,,,,,,,,
"328","PENTICTON RS","2023081606",0,22.8,40,4.1,85,10.2,94.395,9.795,38.188,,,,,,,,,,,,,,,,,,,,,,
"328","PENTICTON RS","2023081607",0,24.2,37,4.9,51,11.4,94.154,9.864,38.362,,,,,,,,,,,,,,,,,,,,,,
"328","PENTICTON RS","2023081608",0,26.5,28,9.6,344,18.9,94.19,12.562,44.82,,,,,,,,,,,,,,,,,,,,,,
"328","PENTICTON RS","2023081609",0,28.2,23,11.3,330,21.2,94.241,13.781,47.529,,,,,,,,,,,,,,,,,,,,,,
"328","PENTICTON RS","2023081610",0,29.4,21,8.8,350,19.5,94.372,12.372,44.387,,,,,,,,,,,,,,,,,,,,,,
"328","PENTICTON RS","2023081611",0,30.3,22,7,306,20,94.459,11.437,42.211,,,,,,,,,,,,,,,,,,,,,,
"328","PENTICTON RS","2023081612",0,32,22,7.2,267,20,94.592,11.765,42.984,0,94.781,12.074,43.887,135.223,955.195,199.751,4,,,,,,,,,,,,,,
"328","PENTICTON RS","2023081613",0,33.6,20,5.4,299,13.7,94.855,11.141,41.681,,,,,,,,,,,,,,,,,,,,,,
"328","PENTICTON RS","2023081614",0,34.6,21,6.5,260,13.1,95.055,12.103,43.952,,,,,,,,,,,,,,,,,,,,,,
"328","PENTICTON RS","2023081615",0,34.3,20,6.2,285,11.4,95.246,12.237,44.263,,,,,,,,,,,,,,,,,,,,,,
"328","PENTICTON RS","2023081616",0,35,18,6,299,16.6,95.528,12.589,45.069,,,,,,,,,,,,,,,,,,,,,,
"328","PENTICTON RS","2023081617",0,34,19,8.5,348,14.9,95.653,14.523,49.326,,,,,,,,,,,,,,,,,,,,,,
"328","PENTICTON RS","2023081618",0,32.8,21,6.8,331,18.3,95.704,13.425,46.943,,,,,,,,,,,,,,,,,,,,,,
"328","PENTICTON RS","2023081619",0,30.8,23,4.4,65,11.4,95.755,11.978,43.663,,,,,,,,,,,,,,,,,,,,,,
"328","PENTICTON RS","2023081620",0,27.8,26,6.1,98,8.5,95.683,12.921,45.821,,,,,,,,,,,,,,,,,,,,,,
"328","PENTICTON RS","2023081621",0,26.3,29,5.7,83,10.8,95.521,12.389,44.611,,,,,,,,,,,,,,,,,,,,,,
"328","PENTICTON RS","2023081622",0,26.4,30,4.9,95,12,95.359,11.639,42.868,,,,,,,,,,,,,,,,,,,,,,
"328","PENTICTON RS","2023081623",0,25.5,31,5.3,81,12,95.175,11.581,42.731,,,,,,,,,,,,,,,,,,,,,,
"331","ASHNOLA","2023081600",0,20.6,32,16.7,279,34,94.462,18.653,56.126,,,,,,,,,,,,,,,,,,,,1171.8,,
"331","ASHNOLA","2023081601",0,20.5,30,14.3,253,25.4,94.295,16.15,51.328,,,,,,,,,,,,,,,,,,,,1171.8,,
"331","ASHNOLA","2023081602",0,20.4,28,16.6,250,25.5,94.192,17.88,54.678,,,,,,,,,,,,,,,,,,,,1171.8,,
"331","ASHNOLA","2023081603",0,19,32,18.2,266,24.9,93.968,18.789,56.377,,,,,,,,,,,,,,,,,,,,1171.8,,
"331","ASHNOLA","2023081604",0,18.7,34,13.5,257,23.6,93.735,14.356,47.672,,,,,,,,,,,,,,,,,,,,1171.8,,
"331","ASHNOLA","2023081605",0,18,36,7.5,255,19,93.511,10.283,38.501,,,,,,,,,,,,,,,,,,,,1171.8,,
"331","ASHNOLA","2023081606",0,18.3,39,8.5,248,17.6,93.234,10.405,38.797,,,,,,,,,,,,,,,,,,,,1171.8,,
"331","ASHNOLA","2023081607",0,19,40,10.5,269,15.2,92.955,11.068,40.381,,,,,,,,,,,,,,,,,,,,1171.8,,
"331","ASHNOLA","2023081608",0,20.7,37,8.4,292,13.7,92.815,9.764,37.221,,,,,,,,,,,,,,,,,,,,1171.8,,
"331","ASHNOLA","2023081609",0,22.5,30,10.1,290,16.2,92.865,10.712,39.535,,,,,,,,,,,,,,,,,,,,1171.8,,
"331","ASHNOLA","2023081610",0,24.1,29,9.1,256,19.7,92.915,10.257,38.437,,,,,,,,,,,,,,,,,,,,1171.8,,
"331","ASHNOLA","2023081611",0,24.8,27,12.4,271,25.3,92.965,12.198,42.985,,,,,,,,,,,,,,,,,,,,1171.8,,
"331","ASHNOLA","2023081612",0,26.5,25,13.2,261,25.8,93.072,12.891,44.529,0,95.022,16.887,53.045,128.19,670.123,173.437,5,,,,,,,,,,,,1171.8,,
"331","ASHNOLA","2023081613",0,27.4,23,14.9,261,29.5,93.285,14.468,48.156,,,,,,,,,,,,,,,,,,,,1171.8,,
"331","ASHNOLA","2023081614",0,28.8,20,14.7,285,25.9,93.662,15.095,49.457,,,,,,,,,,,,,,,,,,,,1171.8,,
"331","ASHNOLA","2023081615",0,29.5,19,15.6,278,27.5,94.043,16.655,52.59,,,,,,,,,,,,,,,,,,,,1171.8,,
"331","ASHNOLA","2023081616",0,30.4,20,13.3,284,24,94.318,15.406,50.093,,,,,,,,,,,,,,,,,,,,1171.8,,
"331","ASHNOLA","2023081617",0,29.8,22,15,295,30.2,94.403,16.982,53.23,,,,,,,,,,,,,,,,,,,,1171.8,,
"331","ASHNOLA","2023081618",0,28.1,24,8.6,267,23.7,94.454,12.387,43.64,,,,,,,,,,,,,,,,,,,,1171.8,,
"331","ASHNOLA","2023081619",0,24.6,28,13,276,20,94.411,15.37,50.021,,,,,,,,,,,,,,,,,,,,1171.8,,
"331","ASHNOLA","2023081620",0,22.9,31,7.1,222,20.4,94.288,11.226,40.969,,,,,,,,,,,,,,,,,,,,1171.8,,
"331","ASHNOLA","2023081621",0,22.1,33,9.8,260,12.7,94.103,12.537,43.976,,,,,,,,,,,,,,,,,,,,1171.8,,
"331","ASHNOLA","2023081622",0,20.8,35,8.9,257,14.3,93.878,11.614,41.874,,,,,,,,,,,,,,,,,,,,1171.8,,
"331","ASHNOLA","2023081623",0,18.9,40,7.9,256,9.9,93.544,10.542,39.338,,,,,,,,,,,,,,,,,,,,1171.8,,
"334","MCCUDDY","2023081600",0,23.5,27,7.3,58,16.6,95.563,13.506,47.709,,,,,,,,,,,,,,,,,,,,,,
"334","MCCUDDY","2023081601",0,23.8,27,5.4,35,15.4,95.438,12.065,44.418,,,,,,,,,,,,,,,,,,,,,,
"334","MCCUDDY","2023081602",0,24.7,28,5.5,41,19.5,95.311,11.918,44.071,,,,,,,,,,,,,,,,,,,,,,
"334","MCCUDDY","2023081603",0,24.7,29,10.2,28,16,95.143,14.761,50.449,,,,,,,,,,,,,,,,,,,,,,
"334","MCCUDDY","2023081604",0,25.3,33,9.7,344,22.3,94.891,13.905,48.592,,,,,,,,,,,,,,,,,,,,,,
"334","MCCUDDY","2023081605",0,24.8,30,14.8,315,29.2,94.73,17.586,56.244,,,,,,,,,,,,,,,,,,,,,,
"334","MCCUDDY","2023081606",0,23.4,34,8.3,269,27.5,94.49,12.262,44.878,,,,,,,,,,,,,,,,,,,,,,
"334","MCCUDDY","2023081607",0,23.2,35,6,231,13.1,94.269,10.592,40.862,,,,,,,,,,,,,,,,,,,,,,
"334","MCCUDDY","2023081608",0,23.8,35,12.3,270,17.2,94.039,14.095,49.009,,,,,,,,,,,,,,,,,,,,,,
"334","MCCUDDY","2023081609",0,24.9,29,10.7,287,21.2,94.031,12.988,46.547,,,,,,,,,,,,,,,,,,,,,,
"334","MCCUDDY","2023081610",0,26.5,24,10,273,22.9,94.082,12.627,45.722,,,,,,,,,,,,,,,,,,,,,,
"334","MCCUDDY","2023081611",0,28.2,20,16,270,28.1,94.261,17.512,56.097,,,,,,,,,,,,,,,,,,,,,,
"334","MCCUDDY","2023081612",0,29.5,19,16.7,271,32.1,94.508,18.771,58.543,0,95.289,20.893,62.59,193.22,721.849,231.514,5,,,,,,,,,,,,,,
"334","MCCUDDY","2023081613",0,30.3,19,21.2,265,31,94.74,24.312,68.588,,,,,,,,,,,,,,,,,,,,,,
"334","MCCUDDY","2023081614",0,31,18,16.7,260,27.5,94.996,20.072,61.08,,,,,,,,,,,,,,,,,,,,,,
"334","MCCUDDY","2023081615",0,31.3,19,14.5,270,25.2,95.143,18.331,57.782,,,,,,,,,,,,,,,,,,,,,,
"334","MCCUDDY","2023081616",0,30.7,19,11.2,265,21.8,95.229,15.706,52.518,,,,,,,,,,,,,,,,,,,,,,
"334","MCCUDDY","2023081617",0,29.1,21,9.2,240,20,95.28,14.3,49.53,,,,,,,,,,,,,,,,,,,,,,
"334","MCCUDDY","2023081618",0,27.8,24,3.4,194,10.8,95.312,10.722,41.249,,,,,,,,,,,,,,,,,,,,,,
"334","MCCUDDY","2023081619",0,25.4,27,6.2,69,9.1,95.228,12.206,44.817,,,,,,,,,,,,,,,,,,,,,,
"334","MCCUDDY","2023081620",0,23.6,34,6.8,55,12,94.943,12.1,44.568,,,,,,,,,,,,,,,,,,,,,,
"334","MCCUDDY","2023081621",0,22,37,8.8,69,12.5,94.574,12.722,46.01,,,,,,,,,,,,,,,,,,,,,,
"334","MCCUDDY","2023081622",0,22.1,36,8.4,61,13.7,94.283,11.978,44.282,,,,,,,,,,,,,,,,,,,,,,
"334","MCCUDDY","2023081623",0,19.9,39,8.8,61,12.5,93.925,11.631,43.458,,,,,,,,,,,,,,,,,,,,,,
"344","SEYMOUR ARM","2023081600",0,25.5,42,3.2,80,9,93.135,7.858,24.952,,,,,,,,,,,,,,,,,,,,162,,
"344","SEYMOUR ARM","2023081601",0,24.7,40,3.6,78,10.8,92.987,7.852,24.941,,,,,,,,,,,,,,,,,,,,162,,
"344","SEYMOUR ARM","2023081602",0,24,39,4.4,82,6.3,92.864,8.036,25.346,,,,,,,,,,,,,,,,,,,,162,,
"344","SEYMOUR ARM","2023081603",0,24.6,30,2.5,86,12.3,92.914,7.354,23.822,,,,,,,,,,,,,,,,,,,,162,,
"344","SEYMOUR ARM","2023081604",0,23.8,27,2.7,44,6.6,92.964,7.481,24.11,,,,,,,,,,,,,,,,,,,,162,,
"344","SEYMOUR ARM","2023081605",0,22.7,33,4.8,109,7.2,92.957,8.307,25.935,,,,,,,,,,,,,,,,,,,,162,,
"344","SEYMOUR ARM","2023081606",0,21.4,44,3.5,96,5.7,92.699,7.504,24.161,,,,,,,,,,,,,,,,,,,,162,,
"344","SEYMOUR ARM","2023081607",0,21.5,43,4,96,5.5,92.488,7.47,24.086,,,,,,,,,,,,,,,,,,,,162,,
"344","SEYMOUR ARM","2023081608",0,20.6,54,0.3,84,6.4,92.135,5.898,20.359,,,,,,,,,,,,,,,,,,,,162,,
"344","SEYMOUR ARM","2023081609",0,23.8,42,1.3,187,5,92.062,6.14,20.957,,,,,,,,,,,,,,,,,,,,162,,
"344","SEYMOUR ARM","2023081610",0,26.6,39,4.2,216,7.7,92.098,7.142,23.337,,,,,,,,,,,,,,,,,,,,162,,
"344","SEYMOUR ARM","2023081611",0,28.9,32,4.7,213,11.7,92.164,7.393,23.91,,,,,,,,,,,,,,,,,,,,162,,
"344","SEYMOUR ARM","2023081612",0,30.8,26,4,233,10.7,92.518,7.502,24.157,0,93.795,8.969,28.344,59.071,562.608,93.579,4,,,,,,,,,,,,162,,
"344","SEYMOUR ARM","2023081613",0,31.9,25,5.6,220,11.9,92.908,8.59,27.52,,,,,,,,,,,,,,,,,,,,162,,
"344","SEYMOUR ARM","2023081614",0,33,22,5.6,222,13.5,93.412,9.217,28.875,,,,,,,,,,,,,,,,,,,,162,,
"344","SEYMOUR ARM","2023081615",0,32.9,22,6.6,226,12.6,93.81,10.246,31.019,,,,,,,,,,,,,,,,,,,,162,,
"344","SEYMOUR ARM","2023081616",0,32.5,20,4,223,12.5,94.182,9.462,29.396,,,,,,,,,,,,,,,,,,,,162,,
"344","SEYMOUR ARM","2023081617",0,31,23,2.8,208,9.7,94.282,9.032,28.479,,,,,,,,,,,,,,,,,,,,162,,
"344","SEYMOUR ARM","2023081618",0,28.3,30,1.4,78,4,94.301,8.439,27.186,,,,,,,,,,,,,,,,,,,,162,,
"344","SEYMOUR ARM","2023081619",0,26.4,30,3.9,81,4.9,94.28,9.543,29.566,,,,,,,,,,,,,,,,,,,,162,,
"344","SEYMOUR ARM","2023081620",0,24.9,35,1.5,72,9.1,94.15,8.306,26.891,,,,,,,,,,,,,,,,,,,,162,,
"344","SEYMOUR ARM","2023081621",0,23.5,40,3.5,91,7.3,93.872,8.839,28.064,,,,,,,,,,,,,,,,,,,,162,,
"344","SEYMOUR ARM","2023081622",0,22.4,47,2.2,79,4.7,93.468,7.827,25.81,,,,,,,,,,,,,,,,,,,,162,,
"344","SEYMOUR ARM","2023081623",0,21.7,46,3,95,5.1,93.114,7.756,25.647,,,,,,,,,,,,,,,,,,,,162,,
"352","CURWEN CREEK","2023081600",0,18.6,52,6.6,276,13,90.884,6.784,26.803,,,,,,,,,,,,,,,,,,,,10095.6,,
"352","CURWEN CREEK","2023081601",0,18.7,52,3.8,282,11.5,90.65,5.698,23.74,,,,,,,,,,,,,,,,,,,,10095.6,,
"352","CURWEN CREEK","2023081602",0,17.7,57,4.4,279,11.9,90.317,5.6,23.451,,,,,,,,,,,,,,,,,,,,10095.6,,
"352","CURWEN CREEK","2023081603",0,18.4,51,7.2,272,13.3,90.142,6.289,25.434,,,,,,,,,,,,,,,,,,,,10095.6,,
"352","CURWEN CREEK","2023081604",0,18.6,48,7.1,267,14.3,90.057,6.182,25.132,,,,,,,,,,,,,,,,,,,,10095.6,,
"352","CURWEN CREEK","2023081605",0,18.7,43,6,278,13,90.087,5.874,24.251,,,,,,,,,,,,,,,,,,,,10095.6,,
"352","CURWEN CREEK","2023081606",0,18.7,42,6.1,284,15.9,90.133,5.942,24.449,,,,,,,,,,,,,,,,,,,,10095.6,,
"352","CURWEN CREEK","2023081607",0,18.1,50,6.8,257,13.6,90,6.039,24.727,,,,,,,,,,,,,,,,,,,,10095.6,,
"352","CURWEN CREEK","2023081608",0,19.6,41,6,249,13.1,90.049,5.842,24.159,,,,,,,,,,,,,,,,,,,,10095.6,,
"352","CURWEN CREEK","2023081609",0,21.6,43,2.9,14,10.4,90.098,5.032,21.74,,,,,,,,,,,,,,,,,,,,10095.6,,
"352","CURWEN CREEK","2023081610",0,23.2,40,4.1,64,9.4,90.147,5.384,22.808,,,,,,,,,,,,,,,,,,,,10095.6,,
"352","CURWEN CREEK","2023081611",0,23.5,41,4.9,70,10.4,90.196,5.644,23.583,,,,,,,,,,,,,,,,,,,,10095.6,,
"352","CURWEN CREEK","2023081612",0,24.6,37,3.8,160,9.5,90.285,5.409,22.883,0,92.718,7.638,29.392,92.216,560.674,130.693,5,,,,,,,,,,,,10095.6,,
"352","CURWEN CREEK","2023081613",0,25.7,28,4,130,9.6,90.681,5.781,24.26,,,,,,,,,,,,,,,,,,,,10095.6,,
"352","CURWEN CREEK","2023081614",0,26.9,28,5.4,71,11.4,91.073,6.56,26.488,,,,,,,,,,,,,,,,,,,,10095.6,,
"352","CURWEN CREEK","2023081615",0,25.9,27,5.7,254,18.9,91.4,6.977,27.635,,,,,,,,,,,,,,,,,,,,10095.6,,
"352","CURWEN CREEK","2023081616",0,25.9,29,5.3,232,14.2,91.598,7.033,27.786,,,,,,,,,,,,,,,,,,,,10095.6,,
"352","CURWEN CREEK","2023081617",0,24.1,30,7.4,253,15,91.678,7.907,30.09,,,,,,,,,,,,,,,,,,,,10095.6,,
"352","CURWEN CREEK","2023081618",0,22.2,34,6.8,262,15.1,91.728,7.726,29.623,,,,,,,,,,,,,,,,,,,,10095.6,,
"352","CURWEN CREEK","2023081619",0,18.6,49,2.8,275,12,91.479,6.097,25.177,,,,,,,,,,,,,,,,,,,,10095.6,,
"352","CURWEN CREEK","2023081620",0,16,55,3.8,274,5.3,91.099,6.075,25.113,,,,,,,,,,,,,,,,,,,,10095.6,,
"352","CURWEN CREEK","2023081621",0,15,55,3.6,263,5.9,90.759,5.729,24.106,,,,,,,,,,,,,,,,,,,,10095.6,,
"352","CURWEN CREEK","2023081622",0,14,62,2.7,279,5.6,90.322,5.144,22.342,,,,,,,,,,,,,,,,,,,,10095.6,,
"352","CURWEN CREEK","2023081623",0,13.7,64,2.7,289,6.7,89.888,4.834,21.372,,,,,,,,,,,,,,,,,,,,10095.6,,
"361","TSAR CREEK","2023081600",0,22.1,42,9.3,329,22.3,92.17,9.33,32.806,,,,,,,,,,,,,,,,,,,,,,
"361","TSAR CREEK","2023081601",0,21.1,45,10.3,301,20,91.921,9.472,33.139,,,,,,,,,,,,,,,,,,,,,,
"361","TSAR CREEK","2023081602",0,20.5,46,14.2,311,29.2,91.65,11.095,36.785,,,,,,,,,,,,,,,,,,,,,,
"361","TSAR CREEK","2023081603",0,19.5,51,13.7,311,25.8,91.27,10.25,34.92,,,,,,,,,,,,,,,,,,,,,,
"361","TSAR CREEK","2023081604",0,19.3,49,14.6,330,25.2,90.992,10.31,35.053,,,,,,,,,,,,,,,,,,,,,,
"361","TSAR CREEK","2023081605",0,19.5,43,15.4,319,28.7,90.91,10.609,35.72,,,,,,,,,,,,,,,,,,,,,,
"361","TSAR CREEK","2023081606",0,18.8,47,13.5,320,29.8,90.732,9.398,32.967,,,,,,,,,,,,,,,,,,,,,,
"361","TSAR CREEK","2023081607",0,19.1,46,9.5,320,25.2,90.62,7.561,28.472,,,,,,,,,,,,,,,,,,,,,,
"361","TSAR CREEK","2023081608",0,20.1,44,13.1,285,24.1,90.579,9.012,32.055,,,,,,,,,,,,,,,,,,,,,,
"361","TSAR CREEK","2023081609",0,21.3,45,10.9,288,22.9,90.546,8.029,29.657,,,,,,,,,,,,,,,,,,,,,,
"361","TSAR CREEK","2023081610",0,22.2,42,15.8,281,28.7,90.596,10.35,35.144,,,,,,,,,,,,,,,,,,,,,,
"361","TSAR CREEK","2023081611",0,24.4,35,12.5,272,25.2,90.686,8.878,31.737,,,,,,,,,,,,,,,,,,,,,,
"361","TSAR CREEK","2023081612",0,26.7,29,11.1,250,22.9,91.067,8.736,31.394,0,92.337,10.459,35.904,86.784,595.671,127.228,5,,,,,,,,,,,,,,
"361","TSAR CREEK","2023081613",0,28.6,27,11.8,246,25.2,91.55,9.693,34.147,,,,,,,,,,,,,,,,,,,,,,
"361","TSAR CREEK","2023081614",0,30,24,12.6,225,26.9,92.152,10.989,37.087,,,,,,,,,,,,,,,,,,,,,,
"361","TSAR CREEK","2023081615",0,30.5,26,12.3,225,22.9,92.548,11.445,38.086,,,,,,,,,,,,,,,,,,,,,,
"361","TSAR CREEK","2023081616",0,30.4,25,12.4,220,25.8,92.901,12.088,39.462,,,,,,,,,,,,,,,,,,,,,,
"361","TSAR CREEK","2023081617",0,29.9,28,9,242,19.5,93.009,10.341,35.636,,,,,,,,,,,,,,,,,,,,,,
"361","TSAR CREEK","2023081618",0,29.3,30,6.2,258,17.7,93.059,9.043,32.607,,,,,,,,,,,,,,,,,,,,,,
"361","TSAR CREEK","2023081619",0,24.1,40,7.7,351,12,92.882,9.514,33.728,,,,,,,,,,,,,,,,,,,,,,
"361","TSAR CREEK","2023081620",0,21.8,45,8.9,12,12.5,92.555,9.653,34.053,,,,,,,,,,,,,,,,,,,,,,
"361","TSAR CREEK","2023081621",0,20.4,50,7.9,7,13.7,92.134,8.649,31.651,,,,,,,,,,,,,,,,,,,,,,
"361","TSAR CREEK","2023081622",0,19.5,51,9.1,24,12,91.724,8.671,31.703,,,,,,,,,,,,,,,,,,,,,,
"361","TSAR CREEK","2023081623",0,18.8,53,9.1,22,11.4,91.311,8.177,30.478,,,,,,,,,,,,,,,,,,,,,,
"362","MABEL LAKE 2","2023081600",0,22.2,48,5.8,119,9.1,93.515,9.445,37.282,,,,,,,,,,,,,,,,,,,,,,
"362","MABEL LAKE 2","2023081601",0,20.6,52,4.8,20,11.4,92.961,8.312,34.276,,,,,,,,,,,,,,,,,,,,,,
"362","MABEL LAKE 2","2023081602",0,19.8,59,8.8,82,13.1,92.212,9.152,36.52,,,,,,,,,,,,,,,,,,,,,,
"362","MABEL LAKE 2","2023081603",0,19.8,56,10.4,96,18.3,91.639,9.148,36.51,,,,,,,,,,,,,,,,,,,,,,
"362","MABEL LAKE 2","2023081604",0,19.5,58,7.4,81,12,91.126,7.311,31.467,,,,,,,,,,,,,,,,,,,,,,
"362","MABEL LAKE 2","2023081605",0,20.6,48,6.1,71,21.8,90.956,6.684,29.62,,,,,,,,,,,,,,,,,,,,,,
"362","MABEL LAKE 2","2023081606",0,19.8,55,8.6,124,19.5,90.606,7.212,31.18,,,,,,,,,,,,,,,,,,,,,,
"362","MABEL LAKE 2","2023081607",0,20.6,48,6,81,13.1,90.5,6.231,28.241,,,,,,,,,,,,,,,,,,,,,,
"362","MABEL LAKE 2","2023081608",0,20.6,51,5.5,102,15.4,90.341,5.94,27.329,,,,,,,,,,,,,,,,,,,,,,
"362","MABEL LAKE 2","2023081609",0,23,33,8.8,153,13.7,90.493,7.168,31.052,,,,,,,,,,,,,,,,,,,,,,
"362","MABEL LAKE 2","2023081610",0,26.1,30,11.2,196,17.7,90.845,8.506,34.805,,,,,,,,,,,,,,,,,,,,,,
"362","MABEL LAKE 2","2023081611",0,26.3,41,5.8,259,12,90.895,6.526,29.144,,,,,,,,,,,,,,,,,,,,,,
"362","MABEL LAKE 2","2023081612",0,28.1,31,3.2,301,6.2,91.169,5.953,27.372,0,93.941,8.79,35.674,150.938,713.188,197.422,4,,,,,,,,,,,,,,
"362","MABEL LAKE 2","2023081613",0,29.1,30,6.2,270,7.9,91.492,7.25,31.387,,,,,,,,,,,,,,,,,,,,,,
"362","MABEL LAKE 2","2023081614",0,30.8,23,2.5,335,9.7,92.074,6.534,29.259,,,,,,,,,,,,,,,,,,,,,,
"362","MABEL LAKE 2","2023081615",0,30.6,29,6.1,318,11.4,92.325,8.116,33.842,,,,,,,,,,,,,,,,,,,,,,
"362","MABEL LAKE 2","2023081616",0,31.7,24,3.3,16,10.2,92.765,7.498,32.104,,,,,,,,,,,,,,,,,,,,,,
"362","MABEL LAKE 2","2023081617",0,31.8,27,3.4,20,8.5,92.999,7.787,32.924,,,,,,,,,,,,,,,,,,,,,,
"362","MABEL LAKE 2","2023081618",0,28.1,29,5.3,37,9.7,93.049,8.63,35.245,,,,,,,,,,,,,,,,,,,,,,
"362","MABEL LAKE 2","2023081619",0,24.7,38,5.2,94,8.5,92.949,8.466,34.803,,,,,,,,,,,,,,,,,,,,,,
"362","MABEL LAKE 2","2023081620",0,25.5,32,9.3,95,15.4,92.999,10.483,40.019,,,,,,,,,,,,,,,,,,,,,,
"362","MABEL LAKE 2","2023081621",0,25,33,5.9,139,10.8,93.026,8.866,35.878,,,,,,,,,,,,,,,,,,,,,,
"362","MABEL LAKE 2","2023081622",0,21.3,42,6.1,136,12,92.779,8.65,35.3,,,,,,,,,,,,,,,,,,,,,,
"362","MABEL LAKE 2","2023081623",0,20.2,46,2.5,107,11.4,92.501,6.939,30.476,,,,,,,,,,,,,,,,,,,,,,
"363","REVELSTOKE","2023081600",0,18.9,65,5.7,330,9.1,90.556,6.187,26.139,,,,,,,,,,,,,,,,,,,,,,
"363","REVELSTOKE","2023081601",0,18.4,65,5.4,330,9.1,90.025,5.648,24.534,,,,,,,,,,,,,,,,,,,,,,
"363","REVELSTOKE","2023081602",0,18,63,6.7,331,9.7,89.598,5.673,24.608,,,,,,,,,,,,,,,,,,,,,,
"363","REVELSTOKE","2023081603",0,17.6,63,7,320,9.7,89.221,5.456,23.947,,,,,,,,,,,,,,,,,,,,,,
"363","REVELSTOKE","2023081604",0,17.7,61,7.3,322,13.1,88.941,5.321,23.527,,,,,,,,,,,,,,,,,,,,,,
"363","REVELSTOKE","2023081605",0,17.1,62,5.1,332,10.2,88.685,4.59,21.184,,,,,,,,,,,,,,,,,,,,,,
"363","REVELSTOKE","2023081606",0,16.9,59,5.1,323,10.8,88.523,4.485,20.833,,,,,,,,,,,,,,,,,,,,,,
"363","REVELSTOKE","2023081607",0,18.4,59,4.6,312,9.7,88.402,4.298,20.203,,,,,,,,,,,,,,,,,,,,,,
"363","REVELSTOKE","2023081608",0,20.6,59,3.8,324,6.8,88.332,4.087,19.48,,,,,,,,,,,,,,,,,,,,,,
"363","REVELSTOKE","2023081609",0,24.6,39,2.1,256,5.1,88.614,3.906,18.846,,,,,,,,,,,,,,,,,,,,,,
"363","REVELSTOKE","2023081610",0,27,40,2.9,214,6.2,88.913,4.246,20.026,,,,,,,,,,,,,,,,,,,,,,
"363","REVELSTOKE","2023081611",0,29.7,21,4.8,56,8.5,90.045,5.495,24.068,,,,,,,,,,,,,,,,,,,,,,
"363","REVELSTOKE","2023081612",0,31.3,18,5,97,12,91.218,6.564,27.226,0,95.546,12,41.174,104.4,628.174,147.511,5,,,,,,,,,,,,,,
"363","REVELSTOKE","2023081613",0,32.3,19,5.4,153,10.8,92.182,7.678,30.685,,,,,,,,,,,,,,,,,,,,,,
"363","REVELSTOKE","2023081614",0,32.9,19,5.9,171,12.5,92.99,8.822,33.671,,,,,,,,,,,,,,,,,,,,,,
"363","REVELSTOKE","2023081615",0,32.4,21,5.2,208,12.5,93.491,9.133,34.453,,,,,,,,,,,,,,,,,,,,,,
"363","REVELSTOKE","2023081616",0,32.1,22,5.4,198,10.8,93.827,9.667,35.77,,,,,,,,,,,,,,,,,,,,,,
"363","REVELSTOKE","2023081617",0,31.6,21,5.1,247,15.4,94.118,9.913,36.366,,,,,,,,,,,,,,,,,,,,,,
"363","REVELSTOKE","2023081618",0,27.5,38,5.1,323,9.1,93.925,9.652,35.734,,,,,,,,,,,,,,,,,,,,,,
"363","REVELSTOKE","2023081619",0,23.1,49,6.7,318,9.1,93.374,9.69,35.826,,,,,,,,,,,,,,,,,,,,,,
"363","REVELSTOKE","2023081620",0,20.5,55,7.1,327,9.1,92.712,9.013,34.153,,,,,,,,,,,,,,,,,,,,,,
"363","REVELSTOKE","2023081621",0,19.1,59,7.3,326,9.1,92.025,8.264,32.238,,,,,,,,,,,,,,,,,,,,,,
"363","REVELSTOKE","2023081622",0,18.4,58,7.3,326,9.7,91.459,7.627,30.548,,,,,,,,,,,,,,,,,,,,,,
"363","REVELSTOKE","2023081623",0,17.5,62,6.9,325,9.1,90.866,6.87,28.458,,,,,,,,,,,,,,,,,,,,,,
"366","WHISKEY","2023081600",0,22.7,34,9.9,311,17.2,93.047,10.878,33.575,,,,,,,,,,,,,,,,,,,,,,
"366","WHISKEY","2023081601",0,22.8,34,8.7,306,22.3,93,10.172,32.108,,,,,,,,,,,,,,,,,,,,,,
"366","WHISKEY","2023081602",0,21,44,5.8,294,16,92.706,8.434,28.29,,,,,,,,,,,,,,,,,,,,,,
"366","WHISKEY","2023081603",0,20.9,37,8.5,282,22.9,92.598,9.517,30.705,,,,,,,,,,,,,,,,,,,,,,
"366","WHISKEY","2023081604",0,21.7,32,10.3,291,24.1,92.628,10.466,32.724,,,,,,,,,,,,,,,,,,,,,,
"366","WHISKEY","2023081605",0,19.7,46,6.1,306,19.5,92.315,8.104,27.528,,,,,,,,,,,,,,,,,,,,,,
"366","WHISKEY","2023081606",0,19,42,5.1,286,18.9,92.133,7.511,26.123,,,,,,,,,,,,,,,,,,,,,,
"366","WHISKEY","2023081607",0,22.4,35,8.9,293,19.5,92.164,9.135,29.868,,,,,,,,,,,,,,,,,,,,,,
"366","WHISKEY","2023081608",0,24,32,11.7,284,21.8,92.214,10.594,32.991,,,,,,,,,,,,,,,,,,,,,,
"366","WHISKEY","2023081609",0,25.8,28,14.3,281,27.5,92.317,12.254,36.324,,,,,,,,,,,,,,,,,,,,,,
"366","WHISKEY","2023081610",0,27.5,24,12.1,290,29.2,92.635,11.47,34.776,,,,,,,,,,,,,,,,,,,,,,
"366","WHISKEY","2023081611",0,28.7,23,12.1,298,26.9,92.987,12.051,35.926,,,,,,,,,,,,,,,,,,,,,,
"366","WHISKEY","2023081612",0,29.1,21,12.6,279,30.4,93.382,13.061,37.871,0,94.601,15.464,43.309,71.707,540.488,107.695,4,,,,,,,,,,,,,,
"366","WHISKEY","2023081613",0,29.8,20,13.3,257,27.5,93.778,14.297,41.182,,,,,,,,,,,,,,,,,,,,,,
"366","WHISKEY","2023081614",0,30.2,20,14.1,275,31,94.107,15.579,43.513,,,,,,,,,,,,,,,,,,,,,,
"366","WHISKEY","2023081615",0,30.3,21,11.7,262,26.9,94.307,14.192,40.986,,,,,,,,,,,,,,,,,,,,,,
"366","WHISKEY","2023081616",0,29,22,11.3,272,25.2,94.363,14.017,40.66,,,,,,,,,,,,,,,,,,,,,,
"366","WHISKEY","2023081617",0,27.6,24,11.3,276,24.1,94.414,14.115,40.843,,,,,,,,,,,,,,,,,,,,,,
"366","WHISKEY","2023081618",0,26,27,10.8,296,21.8,94.433,13.799,40.252,,,,,,,,,,,,,,,,,,,,,,
"366","WHISKEY","2023081619",0,23.5,34,8.3,313,21.2,94.23,11.831,36.414,,,,,,,,,,,,,,,,,,,,,,
"366","WHISKEY","2023081620",0,20.8,39,7.7,312,14.3,93.896,10.959,34.624,,,,,,,,,,,,,,,,,,,,,,
"366","WHISKEY","2023081621",0,19.4,45,5.4,279,17.7,93.467,9.195,30.799,,,,,,,,,,,,,,,,,,,,,,
"366","WHISKEY","2023081622",0,20.9,36,9.7,297,20.6,93.288,11.137,34.995,,,,,,,,,,,,,,,,,,,,,,
"366","WHISKEY","2023081623",0,17,52,4.1,316,16.6,92.776,7.818,27.585,,,,,,,,,,,,,,,,,,,,,,
"367","MARION","2023081600",0,11.9,88,2.2,209,6.2,87.88,3.534,10.953,,,,,,,,,,,,,,,,,,,,,,
"367","MARION","2023081601",0,11.6,89,2.7,208,5.1,86.989,3.191,10.067,,,,,,,,,,,,,,,,,,,,,,
"367","MARION","2023081602",0,10.9,93,2.1,188,7.4,86.021,2.7,8.734,,,,,,,,,,,,,,,,,,,,,,
"367","MARION","2023081603",0,10.5,92,4,203,7.9,85.162,2.636,8.555,,,,,,,,,,,,,,,,,,,,,,
"367","MARION","2023081604",0,10.6,88,4.8,266,11.4,84.582,2.535,8.268,,,,,,,,,,,,,,,,,,,,,,
"367","MARION","2023081605",0,10,89,3.6,256,8.5,84.046,2.22,7.346,,,,,,,,,,,,,,,,,,,,,,
"367","MARION","2023081606",0,10,95,2.7,230,6.8,83.267,1.915,6.41,,,,,,,,,,,,,,,,,,,,,,
"367","MARION","2023081607",0,13.5,89,2.8,279,6.2,82.885,1.832,6.149,,,,,,,,,,,,,,,,,,,,,,
"367","MARION","2023081608",0,18.9,60,4.1,359,8.5,83.178,2.031,6.773,,,,,,,,,,,,,,,,,,,,,,
"367","MARION","2023081609",0,23,46,5.4,48,14.3,83.929,2.393,7.858,,,,,,,,,,,,,,,,,,,,,,
"367","MARION","2023081610",0,25.9,29,10.1,287,20,85.447,3.729,11.443,,,,,,,,,,,,,,,,,,,,,,
"367","MARION","2023081611",0,27.4,28,9.1,303,24.1,86.837,4.311,12.852,,,,,,,,,,,,,,,,,,,,,,
"367","MARION","2023081612",0,28.6,25,10.1,334,20.6,88.221,5.525,15.577,0,94.408,13.276,30.59,41.915,337.114,63.951,3,,,,,,,,,,,,,,
"367","MARION","2023081613",0,29,23,12,305,26.4,89.497,7.303,20.16,,,,,,,,,,,,,,,,,,,,,,
"367","MARION","2023081614",0,29.6,24,11,331,20.6,90.491,8.006,21.538,,,,,,,,,,,,,,,,,,,,,,
"367","MARION","2023081615",0,30,22,9.1,284,18.9,91.377,8.255,22.014,,,,,,,,,,,,,,,,,,,,,,
"367","MARION","2023081616",0,29.4,24,8.9,295,22.3,91.953,8.867,23.159,,,,,,,,,,,,,,,,,,,,,,
"367","MARION","2023081617",0,28,25,8.9,306,21.2,92.305,9.319,23.984,,,,,,,,,,,,,,,,,,,,,,
"367","MARION","2023081618",0,25.9,34,4.5,261,19.5,92.355,7.519,20.589,,,,,,,,,,,,,,,,,,,,,,
"367","MARION","2023081619",0,21.2,44,3.5,283,12,92.162,6.957,19.463,,,,,,,,,,,,,,,,,,,,,,
"367","MARION","2023081620",0,16.9,64,4.5,260,7.9,91.472,6.636,18.803,,,,,,,,,,,,,,,,,,,,,,
"367","MARION","2023081621",0,14.3,74,1.9,256,7.4,90.696,5.212,15.704,,,,,,,,,,,,,,,,,,,,,,
"367","MARION","2023081622",0,12.8,83,1.6,207,4.5,89.763,4.492,14.011,,,,,,,,,,,,,,,,,,,,,,
"367","MARION","2023081623",0,11.6,87,2.8,199,6.2,88.745,4.124,13.105,,,,,,,,,,,,,,,,,,,,,,
"374","SUCCOUR CREEK","2023081600",0,17.5,63,5.1,139,9.7,90.171,5.681,23.813,,,,,,,,,,,,,,,,,,,,,,
"374","SUCCOUR CREEK","2023081601",0,17,62,4.8,76,9.7,89.769,5.283,22.623,,,,,,,,,,,,,,,,,,,,,,
"374","SUCCOUR CREEK","2023081602",0,15.3,71,4.8,276,8.5,89.188,4.86,21.318,,,,,,,,,,,,,,,,,,,,,,
"374","SUCCOUR CREEK","2023081603",0,14.9,78,3.5,262,9.1,88.505,4.127,18.937,,,,,,,,,,,,,,,,,,,,,,
"374","SUCCOUR CREEK","2023081604",0,14.3,84,4.2,293,7.4,87.679,3.798,17.814,,,,,,,,,,,,,,,,,,,,,,
"374","SUCCOUR CREEK","2023081605",0,14.6,73,3.5,342,10.8,87.314,3.48,16.689,,,,,,,,,,,,,,,,,,,,,,
"374","SUCCOUR CREEK","2023081606",0,15.2,76,4.1,280,10.8,86.905,3.384,16.343,,,,,,,,,,,,,,,,,,,,,,
"374","SUCCOUR CREEK","2023081607",0,18.5,65,4.1,195,10.2,86.852,3.358,16.25,,,,,,,,,,,,,,,,,,,,,,
"374","SUCCOUR CREEK","2023081608",0,22.9,44,5.3,27,14.3,87.175,3.735,17.597,,,,,,,,,,,,,,,,,,,,,,
"374","SUCCOUR CREEK","2023081609",0,25.1,36,6.7,10,19.5,87.79,4.376,19.765,,,,,,,,,,,,,,,,,,,,,,
"374","SUCCOUR CREEK","2023081610",0,26.9,29,6.3,50,17.2,88.644,4.848,21.279,,,,,,,,,,,,,,,,,,,,,,
"374","SUCCOUR CREEK","2023081611",0,29.5,22,8.3,17,20,89.851,6.376,25.809,,,,,,,,,,,,,,,,,,,,,,
"374","SUCCOUR CREEK","2023081612",0,31.4,21,8.1,332,20,90.993,7.432,28.675,0,94.846,12.748,41.672,90.242,668.76,134.956,4,,,,,,,,,,,,,,
"374","SUCCOUR CREEK","2023081613",0,32.6,18,8.6,331,24.1,92.142,8.97,33.114,,,,,,,,,,,,,,,,,,,,,,
"374","SUCCOUR CREEK","2023081614",0,32.5,18,9.2,348,26.4,93.037,10.486,36.711,,,,,,,,,,,,,,,,,,,,,,
"374","SUCCOUR CREEK","2023081615",0,32.8,18,7.8,353,17.7,93.731,10.765,37.347,,,,,,,,,,,,,,,,,,,,,,
"374","SUCCOUR CREEK","2023081616",0,32.5,21,7.7,1,16.6,94.097,11.27,38.478,,,,,,,,,,,,,,,,,,,,,,
"374","SUCCOUR CREEK","2023081617",0,32,22,7,333,13.1,94.308,11.2,38.324,,,,,,,,,,,,,,,,,,,,,,
"374","SUCCOUR CREEK","2023081618",0,29.5,29,4.2,345,14.3,94.359,9.795,35.101,,,,,,,,,,,,,,,,,,,,,,
"374","SUCCOUR CREEK","2023081619",0,24.1,37,3,323,7.4,94.145,8.951,33.068,,,,,,,,,,,,,,,,,,,,,,
"374","SUCCOUR CREEK","2023081620",0,21.6,47,3.4,73,6.8,93.678,8.561,32.099,,,,,,,,,,,,,,,,,,,,,,
"374","SUCCOUR CREEK","2023081621",0,19.7,55,3.7,101,7.9,93.048,7.96,30.568,,,,,,,,,,,,,,,,,,,,,,
"374","SUCCOUR CREEK","2023081622",0,18.1,60,3.7,47,9.1,92.369,7.236,28.653,,,,,,,,,,,,,,,,,,,,,,
"374","SUCCOUR CREEK","2023081623",0,16.8,64,4,95,9.7,91.667,6.652,27.05,,,,,,,,,,,,,,,,,,,,,,
"376","TABERNACLE WIND","2023081600",0,14.7,41,43.3,252,68.4,,,,,,,,,,,,,,,,,,,,,,,,,
"376","TABERNACLE WIND","2023081601",0,14.2,43,50.6,255,74.2,,,,,,,,,,,,,,,,,,,,,,,,,
"376","TABERNACLE WIND","2023081602",0,13.6,44,39,249,72.4,,,,,,,,,,,,,,,,,,,,,,,,,
"376","TABERNACLE WIND","2023081603",0,12.9,44,45.3,249,66.1,,,,,,,,,,,,,,,,,,,,,,,,,
"376","TABERNACLE WIND","2023081604",0,12.2,44,35.1,264,62.1,,,,,,,,,,,,,,,,,,,,,,,,,
"376","TABERNACLE WIND","2023081605",0,11.5,44,26.5,268,46.5,,,,,,,,,,,,,,,,,,,,,,,,,
"376","TABERNACLE WIND","2023081606",0,11.6,42,22.3,269,42.5,,,,,,,,,,,,,,,,,,,,,,,,,
"376","TABERNACLE WIND","2023081607",0,11.7,43,16.7,263,31,,,,,,,,,,,,,,,,,,,,,,,,,
"376","TABERNACLE WIND","2023081608",0,13.2,40,3.9,248,33.3,,,,,,,,,,,,,,,,,,,,,,,,,
"376","TABERNACLE WIND","2023081609",0,14.2,41,5.5,226,29.8,,,,,,,,,,,,,,,,,,,,,,,,,
"376","TABERNACLE WIND","2023081610",0,15.3,41,5.6,202,17.7,,,,,,,,,,,,,,,,,,,,,,,,,
"376","TABERNACLE WIND","2023081611",0,15.8,39,6.4,275,23.5,,,,,,,,,,,,,,,,,,,,,,,,,
"376","TABERNACLE WIND","2023081612",0,16.5,38,10.4,231,24.1,,,,0,,,,,,,,,,,,,,,,,,,,,
"376","TABERNACLE WIND","2023081613",0,17.1,36,12.1,247,31,,,,,,,,,,,,,,,,,,,,,,,,,
"376","TABERNACLE WIND","2023081614",0,16.9,38,19.1,232,36.2,,,,,,,,,,,,,,,,,,,,,,,,,
"376","TABERNACLE WIND","2023081615",0,16.8,39,19.9,227,39.6,,,,,,,,,,,,,,,,,,,,,,,,,
"376","TABERNACLE WIND","2023081616",0,16.9,39,29.5,257,42.5,,,,,,,,,,,,,,,,,,,,,,,,,
"376","TABERNACLE WIND","2023081617",0,16.7,42,31.7,247,44.8,,,,,,,,,,,,,,,,,,,,,,,,,
"376","TABERNACLE WIND","2023081618",0,15.9,44,26.9,264,40.8,,,,,,,,,,,,,,,,,,,,,,,,,
"376","TABERNACLE WIND","2023081619",0,15,46,19.4,257,29.2,,,,,,,,,,,,,,,,,,,,,,,,,
"376","TABERNACLE WIND","2023081620",0,13.9,48,20.4,268,31.6,,,,,,,,,,,,,,,,,,,,,,,,,
"376","TABERNACLE WIND","2023081621",0,13.3,50,13.4,234,25.2,,,,,,,,,,,,,,,,,,,,,,,,,
"376","TABERNACLE WIND","2023081622",0,13.5,47,8.4,310,27.5,,,,,,,,,,,,,,,,,,,,,,,,,
"376","TABERNACLE WIND","2023081623",0,12.7,52,5.8,104,16,,,,,,,,,,,,,,,,,,,,,,,,,
"379","GOLD HILL","2023081600",0,19.1,63,4.1,247,6.8,89.371,4.816,15.331,,,,,,,,,,,,,,,,,,,,,,
"379","GOLD HILL","2023081601",0,18.7,64,4.2,234,6.2,89.037,4.614,14.836,,,,,,,,,,,,,,,,,,,,,,
"379","GOLD HILL","2023081602",0,18.3,61,4,249,6.8,88.813,4.424,14.362,,,,,,,,,,,,,,,,,,,,,,
"379","GOLD HILL","2023081603",0,17.6,65,3.7,236,5.6,88.521,4.178,13.74,,,,,,,,,,,,,,,,,,,,,,
"379","GOLD HILL","2023081604",0,17.5,68,3.6,246,5.6,88.193,3.966,13.191,,,,,,,,,,,,,,,,,,,,,,
"379","GOLD HILL","2023081605",0,17.6,66,4,257,6.8,87.949,3.908,13.038,,,,,,,,,,,,,,,,,,,,,,
"379","GOLD HILL","2023081606",0,17.4,74,2,256,6.2,87.562,3.343,11.509,,,,,,,,,,,,,,,,,,,,,,
"379","GOLD HILL","2023081607",0,19.2,72,1.9,173,5.6,87.288,3.198,11.103,,,,,,,,,,,,,,,,,,,,,,
"379","GOLD HILL","2023081608",0,21.7,63,2.1,72,4.5,87.294,3.233,11.202,,,,,,,,,,,,,,,,,,,,,,
"379","GOLD HILL","2023081609",0,23.6,56,3.4,96,5.1,87.342,3.476,11.879,,,,,,,,,,,,,,,,,,,,,,
"379","GOLD HILL","2023081610",0,26.4,49,3.8,33,7.4,87.562,3.66,12.379,,,,,,,,,,,,,,,,,,,,,,
"379","GOLD HILL","2023081611",0,28.9,31,12.6,326,28.7,88.594,6.612,19.412,,,,,,,,,,,,,,,,,,,,,,
"379","GOLD HILL","2023081612",0,30.7,30,11.7,325,26.4,89.569,7.267,20.787,0,94.42,14.414,34.767,47.411,428.169,74.265,5,,,,,,,,,,,,,,
"379","GOLD HILL","2023081613",0,30.8,30,12.7,324,26.9,90.355,8.554,24.389,,,,,,,,,,,,,,,,,,,,,,
"379","GOLD HILL","2023081614",0,30.5,30,11.4,318,31.6,90.944,8.714,24.708,,,,,,,,,,,,,,,,,,,,,,
"379","GOLD HILL","2023081615",0,29.7,36,9.3,309,24.1,91.11,8.027,23.324,,,,,,,,,,,,,,,,,,,,,,
"379","GOLD HILL","2023081616",0,28.3,34,9.6,309,22.9,91.27,8.337,23.954,,,,,,,,,,,,,,,,,,,,,,
"379","GOLD HILL","2023081617",0,26.6,41,7.7,282,19.5,91.32,7.63,22.502,,,,,,,,,,,,,,,,,,,,,,
"379","GOLD HILL","2023081618",0,25.2,42,8.7,271,16,91.348,8.056,23.384,,,,,,,,,,,,,,,,,,,,,,
"379","GOLD HILL","2023081619",0,23.8,48,6.9,283,15.4,91.192,7.196,21.584,,,,,,,,,,,,,,,,,,,,,,
"379","GOLD HILL","2023081620",0,22.5,54,4.6,279,14.3,90.902,6.149,19.267,,,,,,,,,,,,,,,,,,,,,,
"379","GOLD HILL","2023081621",0,20.6,56,4.1,260,9.7,90.587,5.733,18.302,,,,,,,,,,,,,,,,,,,,,,
"379","GOLD HILL","2023081622",0,20.1,52,4.8,260,9.7,90.393,5.776,18.404,,,,,,,,,,,,,,,,,,,,,,
"379","GOLD HILL","2023081623",0,19.1,55,4.2,241,6.2,90.149,5.412,17.539,,,,,,,,,,,,,,,,,,,,,,
"380","POWDER CREEK","2023081600",0,21.8,40,5.6,89,11.4,94.183,10.259,33.678,,,,,,,,,,,,,,,,,,,,,,
"380","POWDER CREEK","2023081601",0,21.3,41,5.3,100,9.1,93.834,9.627,32.283,,,,,,,,,,,,,,,,,,,,,,
"380","POWDER CREEK","2023081602",0,20.4,44,7.6,36,10.8,93.413,10.195,33.54,,,,,,,,,,,,,,,,,,,,,,
"380","POWDER CREEK","2023081603",0,20.3,44,7.4,66,13.7,93.046,9.589,32.197,,,,,,,,,,,,,,,,,,,,,,
"380","POWDER CREEK","2023081604",0,20.5,45,7.5,42,9.7,92.699,9.179,31.269,,,,,,,,,,,,,,,,,,,,,,
"380","POWDER CREEK","2023081605",0,20.9,44,6.3,23,13.1,92.435,8.326,29.276,,,,,,,,,,,,,,,,,,,,,,
"380","POWDER CREEK","2023081606",0,20.9,41,6.6,86,12,92.273,8.262,29.123,,,,,,,,,,,,,,,,,,,,,,
"380","POWDER CREEK","2023081607",0,22.9,40,7.9,40,14.9,92.178,8.704,30.169,,,,,,,,,,,,,,,,,,,,,,
"380","POWDER CREEK","2023081608",0,24.3,41,8.1,27,16,92.095,8.689,30.134,,,,,,,,,,,,,,,,,,,,,,
"380","POWDER CREEK","2023081609",0,27.1,33,8.7,24,18.3,92.145,9.02,30.902,,,,,,,,,,,,,,,,,,,,,,
"380","POWDER CREEK","2023081610",0,27.8,30,10.5,7,18.3,92.246,10.018,33.152,,,,,,,,,,,,,,,,,,,,,,
"380","POWDER CREEK","2023081611",0,27.6,28,13.1,8,19.5,92.407,11.682,36.692,,,,,,,,,,,,,,,,,,,,,,
"380","POWDER CREEK","2023081612",0,29.7,25,12.2,355,22.3,92.757,11.728,36.786,0,95.157,16.357,46.45,82.343,508.117,117.203,5,,,,,,,,,,,,,,
"380","POWDER CREEK","2023081613",0,31.1,24,13.8,0,21.2,93.153,13.438,40.97,,,,,,,,,,,,,,,,,,,,,,
"380","POWDER CREEK","2023081614",0,31.8,23,12.7,359,20,93.539,13.418,40.93,,,,,,,,,,,,,,,,,,,,,,
"380","POWDER CREEK","2023081615",0,31.7,22,9.1,355,20.6,93.868,11.714,37.479,,,,,,,,,,,,,,,,,,,,,,
"380","POWDER CREEK","2023081616",0,31.7,22,9.5,359,15.4,94.125,12.386,38.866,,,,,,,,,,,,,,,,,,,,,,
"380","POWDER CREEK","2023081617",0,30.9,23,8.4,11,13.7,94.241,11.908,37.883,,,,,,,,,,,,,,,,,,,,,,
"380","POWDER CREEK","2023081618",0,29,27,8.5,32,17.2,94.292,12.053,38.182,,,,,,,,,,,,,,,,,,,,,,
"380","POWDER CREEK","2023081619",0,26.7,29,6.7,65,16.6,94.294,11.01,35.988,,,,,,,,,,,,,,,,,,,,,,
"380","POWDER CREEK","2023081620",0,24.1,34,8.1,84,13.7,94.118,11.531,37.095,,,,,,,,,,,,,,,,,,,,,,
"380","POWDER CREEK","2023081621",0,22.4,35,5.9,82,9.7,93.931,10.058,33.901,,,,,,,,,,,,,,,,,,,,,,
"380","POWDER CREEK","2023081622",0,21.8,38,6.7,64,9.7,93.677,10.108,34.014,,,,,,,,,,,,,,,,,,,,,,
"380","POWDER CREEK","2023081623",0,21.4,40,8,43,13.1,93.386,10.364,34.581,,,,,,,,,,,,,,,,,,,,,,
"383","FALLS CREEK","2023081600",0,22.6,41,4.2,48,7.7,93.503,8.698,30.007,,,,,,,,,,,,,,,,,,,,18,,
"383","FALLS CREEK","2023081601",0,22.1,41,4.4,71,7.2,93.25,8.482,29.499,,,,,,,,,,,,,,,,,,,,18,,
"383","FALLS CREEK","2023081602",0,22.1,42,4.5,95,8.4,93,8.232,28.907,,,,,,,,,,,,,,,,,,,,18,,
"383","FALLS CREEK","2023081603",0,21.8,45,1.9,319,8.3,92.743,6.966,25.774,,,,,,,,,,,,,,,,,,,,18,,
"383","FALLS CREEK","2023081604",0,22,43,6.8,72,13.3,92.507,8.625,29.835,,,,,,,,,,,,,,,,,,,,18,,
"383","FALLS CREEK","2023081605",0,22.8,38,8.2,87,17.5,92.43,9.155,31.061,,,,,,,,,,,,,,,,,,,,18,,
"383","FALLS CREEK","2023081606",0,21.9,45,5.1,60,17.1,92.196,7.578,27.315,,,,,,,,,,,,,,,,,,,,18,,
"383","FALLS CREEK","2023081607",0,22.4,45,9.1,117,15.7,91.968,8.976,30.65,,,,,,,,,,,,,,,,,,,,18,,
"383","FALLS CREEK","2023081608",0,23.2,44,3,95,13.4,91.847,6.489,24.532,,,,,,,,,,,,,,,,,,,,18,,
"383","FALLS CREEK","2023081609",0,25.5,35,2.6,128,14.2,91.897,6.404,24.309,,,,,,,,,,,,,,,,,,,,18,,
"383","FALLS CREEK","2023081610",0,26.9,26,6.2,118,12.6,92.161,7.97,28.275,,,,,,,,,,,,,,,,,,,,18,,
"383","FALLS CREEK","2023081611",0,28.1,27,5.8,155,12,92.38,8.056,28.485,,,,,,,,,,,,,,,,,,,,18,,
"383","FALLS CREEK","2023081612",0,29.4,21,5,222,10.2,92.858,8.276,29.011,0,94.424,10.29,34.32,79.405,544.503,116.381,5,,,,,,,,,,,,18,,
"383","FALLS CREEK","2023081613",0,30.3,22,4.5,247,8.6,93.236,8.508,30.222,,,,,,,,,,,,,,,,,,,,18,,
"383","FALLS CREEK","2023081614",0,29.6,34,5.4,260,8.2,93.286,8.966,31.308,,,,,,,,,,,,,,,,,,,,18,,
"383","FALLS CREEK","2023081615",0,30.2,27,5,208,8.9,93.367,8.886,31.121,,,,,,,,,,,,,,,,,,,,18,,
"383","FALLS CREEK","2023081616",0,29.9,23,4.8,112,9.7,93.589,9.074,31.562,,,,,,,,,,,,,,,,,,,,18,,
"383","FALLS CREEK","2023081617",0,29.6,22,5.4,175,11.7,93.804,9.636,32.854,,,,,,,,,,,,,,,,,,,,18,,
"383","FALLS CREEK","2023081618",0,27.3,30,8.8,102,13.7,93.852,11.513,36.952,,,,,,,,,,,,,,,,,,,,18,,
"383","FALLS CREEK","2023081619",0,24.9,28,10.5,109,17.3,93.892,12.613,39.216,,,,,,,,,,,,,,,,,,,,18,,
"383","FALLS CREEK","2023081620",0,23.6,33,8.9,85,15,93.78,11.457,36.835,,,,,,,,,,,,,,,,,,,,18,,
"383","FALLS CREEK","2023081621",0,22.3,35,3.1,45,11.7,93.652,8.402,29.968,,,,,,,,,,,,,,,,,,,,18,,
"383","FALLS CREEK","2023081622",0,21.3,39,5.1,47,7.7,93.416,8.992,31.369,,,,,,,,,,,,,,,,,,,,18,,
"383","FALLS CREEK","2023081623",0,20.6,39,5.4,70,7.9,93.196,8.854,31.044,,,,,,,,,,,,,,,,,,,,18,,
"385","DUNCAN","2023081600",0,20.7,44,9.2,40,14.9,91.775,8.778,22.987,,,,,,,,,,,,,,,,,,,,,,
"385","DUNCAN","2023081601",0,20.7,46,7,15,16,91.568,7.63,20.8,,,,,,,,,,,,,,,,,,,,,,
"385","DUNCAN","2023081602",0,19.8,48,9.4,24,12.5,91.311,8.302,22.095,,,,,,,,,,,,,,,,,,,,,,
"385","DUNCAN","2023081603",0,20.3,45,6,16,13.7,91.184,6.87,19.278,,,,,,,,,,,,,,,,,,,,,,
"385","DUNCAN","2023081604",0,18.5,44,5.7,124,10.2,91.071,6.658,18.842,,,,,,,,,,,,,,,,,,,,,,
"385","DUNCAN","2023081605",0,19.1,46,9.5,63,13.7,90.917,7.888,21.304,,,,,,,,,,,,,,,,,,,,,,
"385","DUNCAN","2023081606",0,20.1,45,8.1,61,18.9,90.826,7.256,20.06,,,,,,,,,,,,,,,,,,,,,,
"385","DUNCAN","2023081607",0,19,46,6.8,18,12.5,90.712,6.686,18.9,,,,,,,,,,,,,,,,,,,,,,
"385","DUNCAN","2023081608",0,20.7,35,7.5,81,20,90.762,6.976,19.494,,,,,,,,,,,,,,,,,,,,,,
"385","DUNCAN","2023081609",0,22.9,36,17.1,128,22.9,90.812,11.397,27.567,,,,,,,,,,,,,,,,,,,,,,
"385","DUNCAN","2023081610",0,24.2,29,14,121,24.1,91.08,10.129,25.413,,,,,,,,,,,,,,,,,,,,,,
"385","DUNCAN","2023081611",0,25.9,27,8.6,92,22.9,91.423,8.102,21.715,,,,,,,,,,,,,,,,,,,,,,
"385","DUNCAN","2023081612",0,27.3,25,12.1,315,22.9,91.865,10.29,25.692,0,94.002,13.881,32.803,45.875,355.787,69.384,4,,,,,,,,,,,,,,
"385","DUNCAN","2023081613",0,28.4,25,13.6,319,26.4,92.276,11.761,29.344,,,,,,,,,,,,,,,,,,,,,,
"385","DUNCAN","2023081614",0,29,25,13.3,314,28.7,92.627,12.171,30.032,,,,,,,,,,,,,,,,,,,,,,
"385","DUNCAN","2023081615",0,29.7,23,12.7,307,22.9,93.029,12.495,30.57,,,,,,,,,,,,,,,,,,,,,,
"385","DUNCAN","2023081616",0,29.2,25,12.2,315,22.9,93.224,12.521,30.612,,,,,,,,,,,,,,,,,,,,,,
"385","DUNCAN","2023081617",0,27.4,26,13.2,332,21.2,93.274,13.261,31.816,,,,,,,,,,,,,,,,,,,,,,
"385","DUNCAN","2023081618",0,25.1,34,9.8,351,18.9,93.239,11.117,28.24,,,,,,,,,,,,,,,,,,,,,,
"385","DUNCAN","2023081619",0,21.4,43,5.6,22,14.3,92.947,8.637,23.709,,,,,,,,,,,,,,,,,,,,,,
"385","DUNCAN","2023081620",0,19.9,44,6.5,39,12.5,92.643,8.66,23.753,,,,,,,,,,,,,,,,,,,,,,
"385","DUNCAN","2023081621",0,19,47,10.7,16,14.9,92.254,10.131,26.495,,,,,,,,,,,,,,,,,,,,,,
"385","DUNCAN","2023081622",0,18.3,49,9,17,16,91.873,8.812,24.046,,,,,,,,,,,,,,,,,,,,,,
"385","DUNCAN","2023081623",0,17.7,52,10.7,7,13.7,91.445,9.034,24.469,,,,,,,,,,,,,,,,,,,,,,
"387","TROUT LAKE","2023081600",0,20,45,4.4,52,10.6,92.398,7.527,20.675,,,,,,,,,,,,,,,,,,,,123.4,,
"387","TROUT LAKE","2023081601",0,20,45,5.2,11,9.8,92.148,7.564,20.748,,,,,,,,,,,,,,,,,,,,123.4,,
"387","TROUT LAKE","2023081602",0,22,39,6.7,23,16,92.082,8.083,21.758,,,,,,,,,,,,,,,,,,,,123.4,,
"387","TROUT LAKE","2023081603",0,23.2,34,12.5,57,22,92.132,10.903,26.836,,,,,,,,,,,,,,,,,,,,123.4,,
"387","TROUT LAKE","2023081604",0,22.5,35,12.1,58,22.2,92.164,10.733,26.548,,,,,,,,,,,,,,,,,,,,123.4,,
"387","TROUT LAKE","2023081605",0,22.2,36,10,46,22.2,92.163,9.655,24.666,,,,,,,,,,,,,,,,,,,,123.4,,
"387","TROUT LAKE","2023081606",0,21.7,34,11.4,46,20.8,92.198,10.412,25.996,,,,,,,,,,,,,,,,,,,,123.4,,
"387","TROUT LAKE","2023081607",0,21.7,34,10.2,41,23.1,92.23,9.845,25.004,,,,,,,,,,,,,,,,,,,,123.4,,
"387","TROUT LAKE","2023081608",0,22.7,37,7.1,21,18.6,92.211,8.399,22.361,,,,,,,,,,,,,,,,,,,,123.4,,
"387","TROUT LAKE","2023081609",0,23.4,36,8.8,19,17.5,92.229,9.174,23.799,,,,,,,,,,,,,,,,,,,,123.4,,
"387","TROUT LAKE","2023081610",0,25.3,32,10.7,9,21.7,92.279,10.167,25.57,,,,,,,,,,,,,,,,,,,,123.4,,
"387","TROUT LAKE","2023081611",0,26.9,25,10.3,356,23,92.53,10.322,25.839,,,,,,,,,,,,,,,,,,,,123.4,,
"387","TROUT LAKE","2023081612",0,28.5,26,9,335,23,92.747,9.967,25.22,0,94.231,12.256,30.372,44.837,406.889,70.306,4,,,,,,,,,,,,123.4,,
"387","TROUT LAKE","2023081613",0,29.8,22,9.7,340,24.3,93.162,10.943,28.122,,,,,,,,,,,,,,,,,,,,123.4,,
"387","TROUT LAKE","2023081614",0,30.4,22,10.3,342,24,93.519,11.856,29.697,,,,,,,,,,,,,,,,,,,,123.4,,
"387","TROUT LAKE","2023081615",0,30.4,23,11.7,326,32.6,93.753,13.144,31.833,,,,,,,,,,,,,,,,,,,,123.4,,
"387","TROUT LAKE","2023081616",0,29,22,12.5,3,27,93.929,14.023,33.239,,,,,,,,,,,,,,,,,,,,123.4,,
"387","TROUT LAKE","2023081617",0,28.1,24,10.3,18,23.6,93.98,12.639,31.008,,,,,,,,,,,,,,,,,,,,123.4,,
"387","TROUT LAKE","2023081618",0,26.9,26,8.8,21,20.3,94.031,11.802,29.606,,,,,,,,,,,,,,,,,,,,123.4,,
"387","TROUT LAKE","2023081619",0,23.1,38,10.7,65,15.6,93.746,12.486,30.754,,,,,,,,,,,,,,,,,,,,123.4,,
"387","TROUT LAKE","2023081620",0,20.9,42,11.4,64,17.3,93.357,12.251,30.363,,,,,,,,,,,,,,,,,,,,123.4,,
"387","TROUT LAKE","2023081621",0,20.3,42,11,67,15.8,93.018,11.45,29.005,,,,,,,,,,,,,,,,,,,,123.4,,
"387","TROUT LAKE","2023081622",0,18.9,42,6.2,73,16,92.749,8.658,23.912,,,,,,,,,,,,,,,,,,,,123.4,,
"387","TROUT LAKE","2023081623",0,17.9,47,6.9,67,14.3,92.377,8.512,23.628,,,,,,,,,,,,,,,,,,,,123.4,,
"388","KETTLE 2","2023081600",0,19.9,34,3.2,86,6.2,94.779,9.869,33.451,,,,,,,,,,,,,,,,,,,,,,
"388","KETTLE 2","2023081601",0,19.6,38,3.2,134,6.8,94.465,9.45,32.5,,,,,,,,,,,,,,,,,,,,,,
"388","KETTLE 2","2023081602",0,18.6,45,3.2,52,6.8,94.014,8.88,31.173,,,,,,,,,,,,,,,,,,,,,,
"388","KETTLE 2","2023081603",0,18,46,2.4,154,5.6,93.604,8.057,29.192,,,,,,,,,,,,,,,,,,,,,,
"388","KETTLE 2","2023081604",0,17.5,47,2.3,129,5.6,93.214,7.592,28.033,,,,,,,,,,,,,,,,,,,,,,
"388","KETTLE 2","2023081605",0,17.3,42,2.4,67,10.2,92.964,7.368,27.462,,,,,,,,,,,,,,,,,,,,,,
"388","KETTLE 2","2023081606",0,17.5,40,3.8,279,9.7,92.759,7.683,28.26,,,,,,,,,,,,,,,,,,,,,,
"388","KETTLE 2","2023081607",0,18.5,41,3.2,175,14.9,92.567,7.256,27.175,,,,,,,,,,,,,,,,,,,,,,
"388","KETTLE 2","2023081608",0,19.5,36,3,87,6.2,92.503,7.118,26.819,,,,,,,,,,,,,,,,,,,,,,
"388","KETTLE 2","2023081609",0,21.8,34,5.6,45,14.9,92.507,8.119,29.342,,,,,,,,,,,,,,,,,,,,,,
"388","KETTLE 2","2023081610",0,23.6,30,5.1,48,10.2,92.557,7.973,28.984,,,,,,,,,,,,,,,,,,,,,,
"388","KETTLE 2","2023081611",0,24.2,28,5.2,328,12,92.607,8.07,29.223,,,,,,,,,,,,,,,,,,,,,,
"388","KETTLE 2","2023081612",0,25.4,25,7.6,13,16,92.738,9.276,32.098,0,94.887,12.502,39.634,90.469,460.654,121.355,4,,,,,,,,,,,,,,
"388","KETTLE 2","2023081613",0,26.3,24,6.4,6,18.3,92.912,8.948,31.799,,,,,,,,,,,,,,,,,,,,,,
"388","KETTLE 2","2023081614",0,28.1,22,6.5,297,18.3,93.203,9.367,32.788,,,,,,,,,,,,,,,,,,,,,,
"388","KETTLE 2","2023081615",0,29.1,21,7.3,315,17.7,93.527,10.204,34.703,,,,,,,,,,,,,,,,,,,,,,
"388","KETTLE 2","2023081616",0,27.6,24,7.6,345,16,93.602,10.467,35.291,,,,,,,,,,,,,,,,,,,,,,
"388","KETTLE 2","2023081617",0,26,26,7.4,354,17.7,93.653,10.436,35.221,,,,,,,,,,,,,,,,,,,,,,
"388","KETTLE 2","2023081618",0,24.6,27,6.5,19,16.6,93.704,10.044,34.342,,,,,,,,,,,,,,,,,,,,,,
"388","KETTLE 2","2023081619",0,22.4,29,1.9,90,12,93.709,7.972,29.418,,,,,,,,,,,,,,,,,,,,,,
"388","KETTLE 2","2023081620",0,20.3,34,1.7,93,10.2,93.603,7.777,28.927,,,,,,,,,,,,,,,,,,,,,,
"388","KETTLE 2","2023081621",0,18.2,40,2.1,76,4.5,93.368,7.68,28.68,,,,,,,,,,,,,,,,,,,,,,
"388","KETTLE 2","2023081622",0,16.7,43,1.8,123,3.9,93.094,7.28,27.651,,,,,,,,,,,,,,,,,,,,,,
"388","KETTLE 2","2023081623",0,15.3,49,2.1,77,3.3,92.713,7.007,26.936,,,,,,,,,,,,,,,,,,,,,,
"390","BEAVERDELL","2023081600",0,16.2,55,3.6,146,9.1,93.599,8.554,35.465,,,,,,,,,,0.3,,,,0,2,890.29,,,,,,
"390","BEAVERDELL","2023081601",0,14.9,58,4.2,115,8.5,92.913,8.011,33.961,,,,,,,,,,0.4,,,,0,2,890.27,,,,,,
"390","BEAVERDELL","2023081602",0,14,61,2,152,6.2,92.3,6.577,29.76,,,,,,,,,,0.4,,,,0,2,890.24,,,,,,
"390","BEAVERDELL","2023081603",0,12.9,64,0,174,4.5,91.828,5.563,26.542,,,,,,,,,,0.4,,,,0,2,890.22,,,,,,
"390","BEAVERDELL","2023081604",0,12.2,70,2.7,330,5.6,91.109,5.756,27.171,,,,,,,,,,0.4,,,,0,2,890.2,,,,,,
"390","BEAVERDELL","2023081605",0,11.4,72,0,308,5.6,90.588,4.664,23.472,,,,,,,,,,0.4,,,,0,2,890.17,,,,,,
"390","BEAVERDELL","2023081606",0,11.1,75,1.6,274,3.9,89.923,4.596,23.232,,,,,,,,,,0.5,,,,0,2,890.14,,,,,,
"390","BEAVERDELL","2023081607",0,13.8,68,2.3,76,7.4,89.452,4.45,22.708,,,,,,,,,,0.8,,,,0,2,890.05,,,,,,
"390","BEAVERDELL","2023081608",0,22.5,41,5.3,1,10.2,89.501,5.213,25.374,,,,,,,,,,0.8,,,,0,2,889.76,,,,,,
"390","BEAVERDELL","2023081609",0,27.7,26,4.7,31,12.5,90.198,5.589,26.627,,,,,,,,,,0.4,,,,0,2,889.57,,,,,,
"390","BEAVERDELL","2023081610",0,29.9,22,9.2,8,19.5,91.139,8.02,33.987,,,,,,,,,,0.3,,,,0,2,889.58,,,,,,
"390","BEAVERDELL","2023081611",0,31.8,19,11.3,7,18.3,92.19,10.347,40.155,,,,,,,,,,0.3,,,,0,2,889.62,,,,,,
"390","BEAVERDELL","2023081612",0,33.1,16,9.6,308,21.2,93.23,10.992,41.751,0,96.988,18.378,57.765,197.452,657.47,225.556,5,,0.2,,,,0,2,889.64,,,,,,
"390","BEAVERDELL","2023081613",0,33.7,16,9.8,330,24.6,94.067,12.475,45.352,,,,,,,,,,0.2,,,,0,2,889.7,,,,,,
"390","BEAVERDELL","2023081614",0,34.3,16,11.4,336,24.1,94.752,14.862,50.643,,,,,,,,,,0.1,,,,0,2,889.7,,,,,,
"390","BEAVERDELL","2023081615",0,34.9,16,8.3,332,21.8,95.274,13.655,48.021,,,,,,,,,,0.2,,,,0,2,889.75,,,,,,
"390","BEAVERDELL","2023081616",0,34.3,17,10.5,26,24.1,95.592,15.931,52.884,,,,,,,,,,0,,,,0,2,889.76,,,,,,
"390","BEAVERDELL","2023081617",0,33.1,18,13.4,7,22.3,95.724,18.772,58.522,,,,,,,,,,0.1,,,,0,2,889.86,,,,,,
"390","BEAVERDELL","2023081618",0,31.6,20,12.8,7,25.8,95.775,18.34,57.692,,,,,,,,,,0.3,,,,0,2,889.95,,,,,,
"390","BEAVERDELL","2023081619",0,27.2,28,2.8,350,19.5,95.665,10.916,41.645,,,,,,,,,,0.1,,,,0,2,890.01,,,,,,
"390","BEAVERDELL","2023081620",0,22,40,1.8,73,4.5,95.255,9.816,38.883,,,,,,,,,,0.1,,,,0,2,890.11,,,,,,
"390","BEAVERDELL","2023081621",0,18.9,50,2,259,5.1,94.632,9.104,37.02,,,,,,,,,,0.3,,,,0,2,890.14,,,,,,
"390","BEAVERDELL","2023081622",0,16.8,55,1.7,130,5.6,93.976,8.19,34.532,,,,,,,,,,0.4,,,,0,2,890.11,,,,,,
"390","BEAVERDELL","2023081623",0,15.4,60,2.1,199,3.9,93.262,7.567,32.763,,,,,,,,,,0.5,,,,0,2,890.1,,,,,,
"391","EIGHT MILE","2023081600",0,18.9,36,5,240,10.8,92.287,7.637,30.261,,,,,,,,,0,0,,0,0,0,0,0,,0,0,,0,
"391","EIGHT MILE","2023081601",0,17.1,50,3.8,259,14.3,91.934,6.84,28.078,,,,,,,,,0,0,,0,0,0,0,0,,0,0,,0,
"391","EIGHT MILE","2023081602",0,15.5,62,3.4,290,6.8,91.353,6.173,26.166,,,,,,,,,0,0,,0,0,0,0,0,,0,0,,0,
"391","EIGHT MILE","2023081603",0,13.9,70,1.9,264,3.9,90.696,5.212,23.251,,,,,,,,,0,0,,0,0,0,0,0,,0,0,,0,
"391","EIGHT MILE","2023081604",0,13.7,70,2.8,312,5.1,90.084,4.996,22.566,,,,,,,,,0,0,,0,0,0,0,0,,0,0,,0,
"391","EIGHT MILE","2023081605",0,18.4,44,7.8,346,19.5,90.085,6.429,26.911,,,,,,,,,0,0,,0,0,0,0,0,,0,0,,0,
"391","EIGHT MILE","2023081606",0,16.6,52,6.6,346,13.1,89.898,5.892,25.335,,,,,,,,,0,0,,0,0,0,0,0,,0,0,,0,
"391","EIGHT MILE","2023081607",0,21.8,38,7.1,6,17.7,89.947,6.085,25.909,,,,,,,,,0,0,,0,0,0,0,0,,0,0,,0,
"391","EIGHT MILE","2023081608",0,24.6,29,10.5,359,20.6,90.369,7.672,30.356,,,,,,,,,0,0,,0,0,0,0,0,,0,0,,0,
"391","EIGHT MILE","2023081609",0,26.5,27,9.4,354,20.6,90.871,7.798,30.689,,,,,,,,,0,0,,0,0,0,0,0,,0,0,,0,
"391","EIGHT MILE","2023081610",0,27.8,24,11.9,0,24.1,91.492,9.661,35.398,,,,,,,,,0,0,,0,0,0,0,0,,0,0,,0,
"391","EIGHT MILE","2023081611",0,28.8,21,11.8,345,25.8,92.183,10.601,37.619,,,,,,,,,0,0,,0,0,0,0,0,,0,0,,0,
"391","EIGHT MILE","2023081612",0,30.2,20,7.2,331,23.5,92.809,9.183,34.231,0,95.6,13.506,44.411,120.054,477.967,147.492,4,0,0,,0,0,0,0,0,,0,0,,0,
"391","EIGHT MILE","2023081613",0,30.4,20,11.2,8,26.4,93.35,12.116,41.428,,,,,,,,,0,0,,0,0,0,0,0,,0,0,,0,
"391","EIGHT MILE","2023081614",0,30.6,20,9.4,9,26.4,93.771,11.734,40.582,,,,,,,,,0,0,,0,0,0,0,0,,0,0,,0,
"391","EIGHT MILE","2023081615",0,30.5,22,8.5,359,20.6,93.995,11.568,40.209,,,,,,,,,0,0,,0,0,0,0,0,,0,0,,0,
"391","EIGHT MILE","2023081616",0,29.8,24,6.2,358,17.2,94.051,10.382,37.482,,,,,,,,,0,0,,0,0,0,0,0,,0,0,,0,
"391","EIGHT MILE","2023081617",0,26.9,29,6,336,14.9,94.085,10.327,37.351,,,,,,,,,0,0,,0,0,0,0,0,,0,0,,0,
"391","EIGHT MILE","2023081618",0,21.9,46,2.8,328,12,93.666,8.292,32.309,,,,,,,,,0,0,,0,0,0,0,0,,0,0,,0,
"391","EIGHT MILE","2023081619",0,18.8,54,2.1,298,10.2,93.112,7.409,29.955,,,,,,,,,0,0,,0,0,0,0,0,,0,0,,0,
"391","EIGHT MILE","2023081620",0,16.3,55,1.9,233,3.9,92.606,6.832,28.35,,,,,,,,,0,0,,0,0,0,0,0,,0,0,,0,
"391","EIGHT MILE","2023081621",0,14.5,60,1.7,194,3.9,92.053,6.257,26.691,,,,,,,,,0,0,,0,0,0,0,0,,0,0,,0,
"391","EIGHT MILE","2023081622",0,13.9,63,0,225,2.8,91.614,5.397,24.084,,,,,,,,,0,0,,0,0,0,0,0,,0,0,,0,
"391","EIGHT MILE","2023081623",0,13.7,66,0,254,0,91.155,5.056,23.003,,,,,,,,,0,0,,0,0,0,0,0,,0,0,,0,
"392","GRAND FORKS","2023081600",0,26.2,31,12.2,286,21.8,96.192,18.827,59.362,,,,,,,,,,,,,,,,,,,,,,
"392","GRAND FORKS","2023081601",0,23.5,39,3.7,102,21.2,95.702,11.479,43.573,,,,,,,,,,,,,,,,,,,,,,
"392","GRAND FORKS","2023081602",0,22.9,39,5.8,285,17.2,95.226,11.96,44.729,,,,,,,,,,,,,,,,,,,,,,
"392","GRAND FORKS","2023081603",0,22.6,39,6.9,284,17.2,94.791,11.91,44.61,,,,,,,,,,,,,,,,,,,,,,
"392","GRAND FORKS","2023081604",0,22.1,36,14.6,295,17.2,94.424,16.691,55.124,,,,,,,,,,,,,,,,,,,,,,
"392","GRAND FORKS","2023081605",0,19.8,43,3.6,293,17.2,94.019,9.067,37.416,,,,,,,,,,,,,,,,,,,,,,
"392","GRAND FORKS","2023081606",0,21.6,40,14.4,301,18.9,93.634,14.811,51.181,,,,,,,,,,,,,,,,,,,,,,
"392","GRAND FORKS","2023081607",0,22.3,40,9.8,267,14.9,93.343,11.28,43.089,,,,,,,,,,,,,,,,,,,,,,
"392","GRAND FORKS","2023081608",0,25.7,33,14.2,280,18.9,93.332,14.059,49.539,,,,,,,,,,,,,,,,,,,,,,
"392","GRAND FORKS","2023081609",0,29.1,28,9.5,247,18.3,93.382,11.172,42.825,,,,,,,,,,,,,,,,,,,,,,
"392","GRAND FORKS","2023081610",0,32.8,21,9,246,12.5,93.85,11.628,43.932,,,,,,,,,,,,,,,,,,,,,,
"392","GRAND FORKS","2023081611",0,34.4,19,9.5,258,16,94.406,12.877,46.874,,,,,,,,,,,,,,,,,,,,,,
"392","GRAND FORKS","2023081612",0,35.8,17,12.1,257,24.1,95.039,16.014,53.729,0,97.06,21.047,63.549,273.625,916.912,313.422,5,,,,,,,,,,,,,,
"392","GRAND FORKS","2023081613",0,36.7,16,21.7,245,37.9,95.671,28.316,75.917,,,,,,,,,,,,,,,,,,,,,,
"392","GRAND FORKS","2023081614",0,37.1,15,20.7,250,33.9,96.199,28.919,76.871,,,,,,,,,,,,,,,,,,,,,,
"392","GRAND FORKS","2023081615",0,37.4,15,18.5,255,31.6,96.575,27.23,74.175,,,,,,,,,,,,,,,,,,,,,,
"392","GRAND FORKS","2023081616",0,36.8,15,19.2,281,28.1,96.806,29.094,77.146,,,,,,,,,,,,,,,,,,,,,,
"392","GRAND FORKS","2023081617",0,35.9,16,16.8,291,26.4,96.858,25.96,72.095,,,,,,,,,,,,,,,,,,,,,,
"392","GRAND FORKS","2023081618",0,34.3,18,10.6,305,22.9,96.91,19.127,59.954,,,,,,,,,,,,,,,,,,,,,,
"392","GRAND FORKS","2023081619",0,31,23,4.4,285,18.9,96.843,13.87,49.133,,,,,,,,,,,,,,,,,,,,,,
"392","GRAND FORKS","2023081620",0,29.2,26,6,289,11.4,96.664,14.678,50.907,,,,,,,,,,,,,,,,,,,,,,
"392","GRAND FORKS","2023081621",0,27.8,28,6.5,310,14.9,96.425,14.577,50.689,,,,,,,,,,,,,,,,,,,,,,
"392","GRAND FORKS","2023081622",0,24.4,36,3.6,346,7.9,95.998,11.891,44.575,,,,,,,,,,,,,,,,,,,,,,
"392","GRAND FORKS","2023081623",0,23.7,37,3.6,89,13.1,95.589,11.248,43.023,,,,,,,,,,,,,,,,,,,,,,
"393","NICOLL","2023081600",0,19.4,44,8.7,30,15.5,94.379,12.321,41.126,,,,,,,,,,,,,,,,,,,,61.2,,
"393","NICOLL","2023081601",0,18,49,8.4,35,14.8,93.738,11.106,38.452,,,,,,,,,,,,,,,,,,,,61.2,,
"393","NICOLL","2023081602",0,17.6,47,7.8,21,12.9,93.238,10.05,36.021,,,,,,,,,,,,,,,,,,,,61.2,,
"393","NICOLL","2023081603",0,16.9,49,7.1,17,13.6,92.755,9.067,33.653,,,,,,,,,,,,,,,,,,,,61.2,,
"393","NICOLL","2023081604",0,17.4,50,11.1,13,16.1,92.26,10.345,36.711,,,,,,,,,,,,,,,,,,,,61.2,,
"393","NICOLL","2023081605",0,17.7,51,11.5,356,19.3,91.8,9.892,35.647,,,,,,,,,,,,,,,,,,,,61.2,,
"393","NICOLL","2023081606",0,17.1,56,8.1,21,18.8,91.303,7.767,30.341,,,,,,,,,,,,,,,,,,,,61.2,,
"393","NICOLL","2023081607",0,18.9,51,6.7,16,14.4,91.017,6.949,28.132,,,,,,,,,,,,,,,,,,,,61.2,,
"393","NICOLL","2023081608",0,21,44,5.2,175,10.6,90.96,6.391,26.563,,,,,,,,,,,,,,,,,,,,61.2,,
"393","NICOLL","2023081609",0,27.1,31,2.3,205,7.6,91.183,5.7,24.535,,,,,,,,,,,,,,,,,,,,61.2,,
"393","NICOLL","2023081610",0,30.1,23,6.4,180,13.9,91.852,7.706,30.181,,,,,,,,,,,,,,,,,,,,61.2,,
"393","NICOLL","2023081611",0,31.2,19,5.7,287,13.9,92.627,8.299,31.724,,,,,,,,,,,,,,,,,,,,61.2,,
"393","NICOLL","2023081612",0,33.5,19,7.3,10,19.5,93.394,10.017,35.942,0,96.663,15.669,48.547,106.026,571.6,144.871,5,,,,,,,,,,,,61.2,,
"393","NICOLL","2023081613",0,33.8,20,8.4,345,17.8,93.961,11.456,39.754,,,,,,,,,,,,,,,,,,,,61.2,,
"393","NICOLL","2023081614",0,33.7,18,7.8,338,17.9,94.493,11.963,40.882,,,,,,,,,,,,,,,,,,,,61.2,,
"393","NICOLL","2023081615",0,33.3,19,9.7,3,18.9,94.838,13.804,44.806,,,,,,,,,,,,,,,,,,,,61.2,,
"393","NICOLL","2023081616",0,32.6,21,6.3,8,19.1,94.959,11.825,40.576,,,,,,,,,,,,,,,,,,,,61.2,,
"393","NICOLL","2023081617",0,31.9,21,8.7,12,17.6,95.028,13.472,44.117,,,,,,,,,,,,,,,,,,,,61.2,,
"393","NICOLL","2023081618",0,29.8,24,4.6,348,17.7,95.079,11.034,38.798,,,,,,,,,,,,,,,,,,,,61.2,,
"393","NICOLL","2023081619",0,26.5,30,5.9,350,8.8,94.962,11.594,40.063,,,,,,,,,,,,,,,,,,,,61.2,,
"393","NICOLL","2023081620",0,24.6,33,8.3,348,15,94.735,12.683,42.447,,,,,,,,,,,,,,,,,,,,61.2,,
"393","NICOLL","2023081621",0,21.8,40,9.7,354,15.3,94.295,12.809,42.718,,,,,,,,,,,,,,,,,,,,61.2,,
"393","NICOLL","2023081622",0,20.1,45,7,41,15.4,93.796,10.434,37.41,,,,,,,,,,,,,,,,,,,,61.2,,
"393","NICOLL","2023081623",0,18.2,52,9.2,23,14.1,93.133,10.628,37.863,,,,,,,,,,,,,,,,,,,,61.2,,
"394","ROCK CREEK","2023081600",0,17.6,66,3,168,6.8,91.748,6.398,26.56,,,,,,,,,,,,,,,,,,,,,,
"394","ROCK CREEK","2023081601",0,16.8,68,4.1,288,10.2,91.012,6.091,25.673,,,,,,,,,,,,,,,,,,,,,,
"394","ROCK CREEK","2023081602",0,15.7,73,3.1,309,7.4,90.262,5.204,22.992,,,,,,,,,,,,,,,,,,,,,,
"394","ROCK CREEK","2023081603",0,14.8,71,2.8,248,6.8,89.667,4.707,21.409,,,,,,,,,,,,,,,,,,,,,,
"394","ROCK CREEK","2023081604",0,13.9,74,3,128,6.8,89.061,4.358,20.256,,,,,,,,,,,,,,,,,,,,,,
"394","ROCK CREEK","2023081605",0,13.5,78,3.1,111,7.4,88.411,3.991,18.998,,,,,,,,,,,,,,,,,,,,,,
"394","ROCK CREEK","2023081606",0,15.3,70,3,121,8.5,88.045,3.767,18.212,,,,,,,,,,,,,,,,,,,,,,
"394","ROCK CREEK","2023081607",0,21.5,51,2.9,142,7.9,88.094,3.775,18.238,,,,,,,,,,,,,,,,,,,,,,
"394","ROCK CREEK","2023081608",0,24.7,45,3.6,132,6.8,88.266,4.008,19.059,,,,,,,,,,,,,,,,,,,,,,
"394","ROCK CREEK","2023081609",0,30.2,26,11.2,284,22.3,89.459,6.976,28.184,,,,,,,,,,,,,,,,,,,,,,
"394","ROCK CREEK","2023081610",0,32.8,23,9.1,321,25.8,90.704,7.5,29.607,,,,,,,,,,,,,,,,,,,,,,
"394","ROCK CREEK","2023081611",0,34.6,23,6.3,277,17.2,91.746,7.553,29.75,,,,,,,,,,,,,,,,,,,,,,
"394","ROCK CREEK","2023081612",0,35.6,21,6.9,257,16,92.738,8.955,33.349,0,96.227,14.483,46.249,98.263,700.19,145.484,4,,,,,,,,,,,,,,
"394","ROCK CREEK","2023081613",0,36.1,21,6.8,236,16,93.525,9.946,36.301,,,,,,,,,,,,,,,,,,,,,,
"394","ROCK CREEK","2023081614",0,36.3,22,9.8,211,17.2,94.105,12.54,42.19,,,,,,,,,,,,,,,,,,,,,,
"394","ROCK CREEK","2023081615",0,37.4,21,7.4,218,17.2,94.637,11.959,40.922,,,,,,,,,,,,,,,,,,,,,,
"394","ROCK CREEK","2023081616",0,36.6,21,7.8,299,13.7,94.992,12.811,42.772,,,,,,,,,,,,,,,,,,,,,,
"394","ROCK CREEK","2023081617",0,35.8,21,3.6,320,15.4,95.201,10.669,38.004,,,,,,,,,,,,,,,,,,,,,,
"394","ROCK CREEK","2023081618",0,31.7,28,5,246,12.5,95.219,11.476,39.847,,,,,,,,,,,,,,,,,,,,,,
"394","ROCK CREEK","2023081619",0,27.7,36,6.6,278,11.4,94.922,11.945,40.892,,,,,,,,,,,,,,,,,,,,,,
"394","ROCK CREEK","2023081620",0,27.8,32,8.6,234,13.7,94.775,12.947,43.062,,,,,,,,,,,,,,,,,,,,,,
"394","ROCK CREEK","2023081621",0,24.6,43,6.4,280,13.1,94.298,10.852,38.428,,,,,,,,,,,,,,,,,,,,,,
"394","ROCK CREEK","2023081622",0,21,52,2.8,204,8.5,93.695,8.326,32.268,,,,,,,,,,,,,,,,,,,,,,
"394","ROCK CREEK","2023081623",0,20.1,50,7,305,10.2,93.134,9.514,35.255,,,,,,,,,,,,,,,,,,,,,,
"396","OCTOPUS CREEK","2023081600",0,23.8,27,12,22,25.7,94.778,15.374,44.476,,,,,,,,,,,,,,,,,,,,8579.8,,
"396","OCTOPUS CREEK","2023081601",0,21.7,33,10.8,19,19.9,94.523,13.972,41.837,,,,,,,,,,,,,,,,,,,,8579.8,,
"396","OCTOPUS CREEK","2023081602",0,20.6,38,10.5,4,21,94.152,13.076,40.086,,,,,,,,,,,,,,,,,,,,8579.8,,
"396","OCTOPUS CREEK","2023081603",0,21,40,11.9,15,23.5,93.763,13.294,40.518,,,,,,,,,,,,,,,,,,,,8579.8,,
"396","OCTOPUS CREEK","2023081604",0,20.8,40,11.5,39,24.8,93.427,12.433,38.799,,,,,,,,,,,,,,,,,,,,8579.8,,
"396","OCTOPUS CREEK","2023081605",0,20.3,37,12.7,29,21.5,93.203,12.803,39.543,,,,,,,,,,,,,,,,,,,,8579.8,,
"396","OCTOPUS CREEK","2023081606",0,20.2,37,13.1,42,23.9,93.004,12.705,39.347,,,,,,,,,,,,,,,,,,,,8579.8,,
"396","OCTOPUS CREEK","2023081607",0,20.2,36,13.2,23,23.8,92.856,12.507,38.947,,,,,,,,,,,,,,,,,,,,8579.8,,
"396","OCTOPUS CREEK","2023081608",0,20.5,34,12.1,18,26.3,92.785,11.714,37.321,,,,,,,,,,,,,,,,,,,,8579.8,,
"396","OCTOPUS CREEK","2023081609",0,21,32,15.9,22,30.1,92.775,14.167,42.21,,,,,,,,,,,,,,,,,,,,8579.8,,
"396","OCTOPUS CREEK","2023081610",0,22.3,31,10.9,2,31,92.819,11.08,35.985,,,,,,,,,,,,,,,,,,,,8579.8,,
"396","OCTOPUS CREEK","2023081611",0,24,27,14.3,22,26.3,92.869,13.244,40.419,,,,,,,,,,,,,,,,,,,,8579.8,,
"396","OCTOPUS CREEK","2023081612",0,25.1,25,12.8,11,29.1,92.947,12.414,38.76,0,94.555,15.521,45.343,95.589,403.139,120.028,4,,,,,,,,,,,,8579.8,,
"396","OCTOPUS CREEK","2023081613",0,26.6,25,13.3,360,26.9,93.061,12.936,40.349,,,,,,,,,,,,,,,,,,,,8579.8,,
"396","OCTOPUS CREEK","2023081614",0,27.7,23,10.5,2,24.1,93.278,11.58,37.549,,,,,,,,,,,,,,,,,,,,8579.8,,
"396","OCTOPUS CREEK","2023081615",0,27.6,24,10.4,357,27.1,93.403,11.725,37.855,,,,,,,,,,,,,,,,,,,,8579.8,,
"396","OCTOPUS CREEK","2023081616",0,27.3,25,11.3,356,21.2,93.453,12.355,39.165,,,,,,,,,,,,,,,,,,,,8579.8,,
"396","OCTOPUS CREEK","2023081617",0,26.5,26,12.8,2,24.9,93.503,13.418,41.312,,,,,,,,,,,,,,,,,,,,8579.8,,
"396","OCTOPUS CREEK","2023081618",0,24.4,28,11.7,8,22.9,93.554,12.783,40.04,,,,,,,,,,,,,,,,,,,,8579.8,,
"396","OCTOPUS CREEK","2023081619",0,22.6,30,12.2,44,22.9,93.534,13.074,40.626,,,,,,,,,,,,,,,,,,,,8579.8,,
"396","OCTOPUS CREEK","2023081620",0,21.9,30,12.4,45,25,93.504,13.151,40.78,,,,,,,,,,,,,,,,,,,,8579.8,,
"396","OCTOPUS CREEK","2023081621",0,21.4,32,11.8,49,20.8,93.42,12.611,39.691,,,,,,,,,,,,,,,,,,,,8579.8,,
"396","OCTOPUS CREEK","2023081622",0,20.3,35,8.8,55,21,93.268,10.614,35.465,,,,,,,,,,,,,,,,,,,,8579.8,,
"396","OCTOPUS CREEK","2023081623",0,18.4,39,7.6,56,13.8,93.026,9.658,33.318,,,,,,,,,,,,,,,,,,,,8579.8,,
"401","GOATFELL","2023081600",0,21.8,38,2.3,17,5.6,94.542,9.128,26.518,,,,,,,,,,,,,,,,,,,,,,
"401","GOATFELL","2023081601",0,20.7,44,2.6,39,5.1,94.124,8.748,25.749,,,,,,,,,,,,,,,,,,,,,,
"401","GOATFELL","2023081602",0,19.6,45,2.4,29,3.9,93.729,8.198,24.611,,,,,,,,,,,,,,,,,,,,,,
"401","GOATFELL","2023081603",0,19.2,44,2.3,0,5.1,93.398,7.789,23.745,,,,,,,,,,,,,,,,,,,,,,
"401","GOATFELL","2023081604",0,18.2,47,2.5,42,5.1,93.025,7.469,23.053,,,,,,,,,,,,,,,,,,,,,,
"401","GOATFELL","2023081605",0,17.7,49,2.3,44,6.2,92.649,7.014,22.047,,,,,,,,,,,,,,,,,,,,,,
"401","GOATFELL","2023081606",0,18.4,50,3.4,35,5.1,92.269,7.028,22.078,,,,,,,,,,,,,,,,,,,,,,
"401","GOATFELL","2023081607",0,20.4,58,0,187,3.3,91.896,5.617,18.78,,,,,,,,,,,,,,,,,,,,,,
"401","GOATFELL","2023081608",0,24.7,45,3.8,253,6.2,91.776,6.688,21.311,,,,,,,,,,,,,,,,,,,,,,
"401","GOATFELL","2023081609",0,26.6,34,4.4,246,8.5,91.826,6.942,21.886,,,,,,,,,,,,,,,,,,,,,,
"401","GOATFELL","2023081610",0,28.5,32,5,155,10.8,91.928,7.259,22.592,,,,,,,,,,,,,,,,,,,,,,
"401","GOATFELL","2023081611",0,30.6,30,4.5,179,8.5,92.159,7.313,22.712,,,,,,,,,,,,,,,,,,,,,,
"401","GOATFELL","2023081612",0,32.6,26,8.5,256,16,92.635,9.568,27.39,0,95.09,13.451,35.712,59.24,395.338,86.192,3,,,,,,,,,,,,,,
"401","GOATFELL","2023081613",0,34.1,22,7.8,254,19.5,93.283,10.114,29.522,,,,,,,,,,,,,,,,,,,,,,
"401","GOATFELL","2023081614",0,34.6,21,8.7,248,17.7,93.87,11.484,32.158,,,,,,,,,,,,,,,,,,,,,,
"401","GOATFELL","2023081615",0,34.3,20,7.7,268,17.7,94.347,11.664,32.494,,,,,,,,,,,,,,,,,,,,,,
"401","GOATFELL","2023081616",0,32.9,23,5.6,286,19.5,94.488,10.7,30.668,,,,,,,,,,,,,,,,,,,,,,
"401","GOATFELL","2023081617",0,30.7,25,4,304,13.7,94.539,9.94,29.177,,,,,,,,,,,,,,,,,,,,,,
"401","GOATFELL","2023081618",0,27.7,31,2.8,61,9.7,94.495,9.301,27.884,,,,,,,,,,,,,,,,,,,,,,
"401","GOATFELL","2023081619",0,24.3,41,3,56,9.1,94.166,8.978,27.216,,,,,,,,,,,,,,,,,,,,,,
"401","GOATFELL","2023081620",0,23.4,36,3.2,32,6.2,93.987,8.846,26.942,,,,,,,,,,,,,,,,,,,,,,
"401","GOATFELL","2023081621",0,21.5,40,3.1,83,6.2,93.718,8.479,26.166,,,,,,,,,,,,,,,,,,,,,,
"401","GOATFELL","2023081622",0,21.2,42,3.4,38,7.4,93.423,8.263,25.701,,,,,,,,,,,,,,,,,,,,,,
"401","GOATFELL","2023081623",0,19.7,49,2.5,57,6.8,93.005,7.448,23.905,,,,,,,,,,,,,,,,,,,,,,
"402","PENDOREILLE","2023081600",0,22.4,44,3,84,7.3,94.965,10.022,35.729,,,,,,,,,,,,,,,,,,,,25.8,,
"402","PENDOREILLE","2023081601",0,20.9,49,4,114,7.5,94.331,9.659,34.87,,,,,,,,,,,,,,,,,,,,25.8,,
"402","PENDOREILLE","2023081602",0,19.9,53,2.2,287,6.3,93.721,8.107,31.028,,,,,,,,,,,,,,,,,,,,25.8,,
"402","PENDOREILLE","2023081603",0,18.9,56,1.9,116,6.2,93.118,7.341,29.015,,,,,,,,,,,,,,,,,,,,25.8,,
"402","PENDOREILLE","2023081604",0,18.1,56,3.9,36,6.8,92.529,7.476,29.375,,,,,,,,,,,,,,,,,,,,25.8,,
"402","PENDOREILLE","2023081605",0,16.9,60,1,309,5.3,92.003,5.997,25.249,,,,,,,,,,,,,,,,,,,,25.8,,
"402","PENDOREILLE","2023081606",0,16.7,67,1.4,133,4.6,91.35,5.579,24.005,,,,,,,,,,,,,,,,,,,,25.8,,
"402","PENDOREILLE","2023081607",0,19.7,58,0.9,98,5.2,90.995,5.172,22.757,,,,,,,,,,,,,,,,,,,,25.8,,
"402","PENDOREILLE","2023081608",0,22.4,48,1.9,264,5.2,90.895,5.362,23.346,,,,,,,,,,,,,,,,,,,,25.8,,
"402","PENDOREILLE","2023081609",0,25.9,37,5.3,259,8.9,90.945,6.409,26.439,,,,,,,,,,,,,,,,,,,,25.8,,
"402","PENDOREILLE","2023081610",0,30.9,26,8.3,293,20.8,91.589,8.17,31.19,,,,,,,,,,,,,,,,,,,,25.8,,
"402","PENDOREILLE","2023081611",0,33.5,23,6.5,300,19.8,92.368,8.331,31.601,,,,,,,,,,,,,,,,,,,,25.8,,
"402","PENDOREILLE","2023081612",0,34.9,19,8.9,275,17.1,93.308,10.728,37.358,0,97.288,18.466,53.563,101.134,605.893,142.714,5,,,,,,,,,,,,25.8,,
"402","PENDOREILLE","2023081613",0,36.4,18,7.4,282,20.6,94.152,11.185,38.969,,,,,,,,,,,,,,,,,,,,25.8,,
"402","PENDOREILLE","2023081614",0,36.6,17,9.2,267,20.2,94.875,13.529,44.044,,,,,,,,,,,,,,,,,,,,25.8,,
"402","PENDOREILLE","2023081615",0,37.4,17,6.8,267,16.2,95.433,12.939,42.807,,,,,,,,,,,,,,,,,,,,25.8,,
"402","PENDOREILLE","2023081616",0,37.1,17,6.7,275,20.1,95.831,13.589,44.168,,,,,,,,,,,,,,,,,,,,25.8,,
"402","PENDOREILLE","2023081617",0,36.1,18,3.8,264,13.8,96.014,12.036,40.864,,,,,,,,,,,,,,,,,,,,25.8,,
"402","PENDOREILLE","2023081618",0,32.6,24,5.3,330,10.6,96.051,13.047,43.035,,,,,,,,,,,,,,,,,,,,25.8,,
"402","PENDOREILLE","2023081619",0,29.5,25,6,357,13,95.998,13.419,43.815,,,,,,,,,,,,,,,,,,,,25.8,,
"402","PENDOREILLE","2023081620",0,27.5,29,4,325,13,95.831,11.86,40.476,,,,,,,,,,,,,,,,,,,,25.8,,
"402","PENDOREILLE","2023081621",0,25.1,35,2,19,7,95.537,10.303,36.939,,,,,,,,,,,,,,,,,,,,25.8,,
"402","PENDOREILLE","2023081622",0,23.3,38,2.6,5,5,95.173,10.105,36.471,,,,,,,,,,,,,,,,,,,,25.8,,
"402","PENDOREILLE","2023081623",0,22.1,46,1.7,225,6.1,94.665,9.007,33.807,,,,,,,,,,,,,,,,,,,,25.8,,
"404","SMALLWOOD","2023081600",0,25.1,32,3.9,324,7.9,95.389,11.112,40.326,,,,,,,,,,,,,,,,,,,,,,
"404","SMALLWOOD","2023081601",0,23.8,31,4.9,289,7.9,95.187,11.369,40.925,,,,,,,,,,,,,,,,,,,,,,
"404","SMALLWOOD","2023081602",0,23.3,33,3.8,303,7.4,94.965,10.433,38.712,,,,,,,,,,,,,,,,,,,,,,
"404","SMALLWOOD","2023081603",0,22.4,37,5,333,8.5,94.642,10.603,39.12,,,,,,,,,,,,,,,,,,,,,,
"404","SMALLWOOD","2023081604",0,21.8,39,3.2,303,5.6,94.328,9.274,35.843,,,,,,,,,,,,,,,,,,,,,,
"404","SMALLWOOD","2023081605",0,22.1,40,2.9,310,5.1,94.03,8.766,34.536,,,,,,,,,,,,,,,,,,,,,,
"404","SMALLWOOD","2023081606",0,22.6,42,3.5,247,5.6,93.708,8.641,34.208,,,,,,,,,,,,,,,,,,,,,,
"404","SMALLWOOD","2023081607",0,25.1,36,5.1,191,9.1,93.584,9.206,35.67,,,,,,,,,,,,,,,,,,,,,,
"404","SMALLWOOD","2023081608",0,26.2,36,7.1,174,12,93.483,10.04,37.755,,,,,,,,,,,,,,,,,,,,,,
"404","SMALLWOOD","2023081609",0,27,36,9.5,182,14.9,93.403,11.204,40.541,,,,,,,,,,,,,,,,,,,,,,
"404","SMALLWOOD","2023081610",0,28.8,32,11.7,171,25.2,93.453,12.606,43.729,,,,,,,,,,,,,,,,,,,,,,
"404","SMALLWOOD","2023081611",0,29.2,26,11.2,195,24.1,93.511,12.391,43.251,,,,,,,,,,,,,,,,,,,,,,
"404","SMALLWOOD","2023081612",0,29.9,28,7.4,174,17.7,93.562,10.304,38.4,0,94.715,12.087,42.81,134.792,578.31,170.332,4,,,,,,,,,,,,,,
"404","SMALLWOOD","2023081613",0,30.1,28,9,192,17.2,93.613,11.249,40.879,,,,,,,,,,,,,,,,,,,,,,
"404","SMALLWOOD","2023081614",0,30.5,26,7,170,16.6,93.683,10.271,38.54,,,,,,,,,,,,,,,,,,,,,,
"404","SMALLWOOD","2023081615",0,30.6,26,6.4,172,14.3,93.742,10.047,37.992,,,,,,,,,,,,,,,,,,,,,,
"404","SMALLWOOD","2023081616",0,31.1,23,6.1,192,11.4,93.941,10.174,38.303,,,,,,,,,,,,,,,,,,,,,,
"404","SMALLWOOD","2023081617",0,29.2,29,6,241,13.1,93.992,10.194,38.352,,,,,,,,,,,,,,,,,,,,,,
"404","SMALLWOOD","2023081618",0,27.4,31,5.1,243,12,93.997,9.749,37.25,,,,,,,,,,,,,,,,,,,,,,
"404","SMALLWOOD","2023081619",0,26,32,3.6,297,10.8,93.958,8.991,35.323,,,,,,,,,,,,,,,,,,,,,,
"404","SMALLWOOD","2023081620",0,25,34,4.8,284,8.5,93.855,9.415,36.412,,,,,,,,,,,,,,,,,,,,,,
"404","SMALLWOOD","2023081621",0,24,35,3.4,319,7.9,93.736,8.631,34.383,,,,,,,,,,,,,,,,,,,,,,
"404","SMALLWOOD","2023081622",0,23.2,38,3,295,6.8,93.556,8.249,33.367,,,,,,,,,,,,,,,,,,,,,,
"404","SMALLWOOD","2023081623",0,22.6,38,3.5,330,13.1,93.383,8.258,33.391,,,,,,,,,,,,,,,,,,,,,,
"406","SLOCAN","2023081600",0,24.8,27,6.8,8,12,95.135,12.422,38.568,,,,,,,,,,,,,,,,,,,,,,
"406","SLOCAN","2023081601",0,23.9,30,7.1,46,14.9,94.969,12.329,38.379,,,,,,,,,,,,,,,,,,,,,,
"406","SLOCAN","2023081602",0,23.8,32,7.3,356,18.3,94.767,12.112,37.94,,,,,,,,,,,,,,,,,,,,,,
"406","SLOCAN","2023081603",0,22.5,35,7.4,359,12,94.493,11.724,37.141,,,,,,,,,,,,,,,,,,,,,,
"406","SLOCAN","2023081604",0,22.8,35,7.4,358,17.7,94.255,11.345,36.349,,,,,,,,,,,,,,,,,,,,,,
"406","SLOCAN","2023081605",0,20.8,41,9.3,5,12.5,93.847,11.798,37.294,,,,,,,,,,,,,,,,,,,,,,
"406","SLOCAN","2023081606",0,21.4,41,4.1,257,12,93.553,8.716,30.504,,,,,,,,,,,,,,,,,,,,,,
"406","SLOCAN","2023081607",0,23.2,38,3.2,209,10.2,93.39,8.142,29.13,,,,,,,,,,,,,,,,,,,,,,
"406","SLOCAN","2023081608",0,24.2,37,11.5,17,21.2,93.234,12.104,37.921,,,,,,,,,,,,,,,,,,,,,,
"406","SLOCAN","2023081609",0,24.6,33,14.9,14,25.8,93.213,14.323,42.284,,,,,,,,,,,,,,,,,,,,,,
"406","SLOCAN","2023081610",0,24.3,33,19.5,14,31.6,93.183,17.984,48.858,,,,,,,,,,,,,,,,,,,,,,
"406","SLOCAN","2023081611",0,24.8,31,21.1,13,29.8,93.229,19.62,51.594,,,,,,,,,,,,,,,,,,,,,,
"406","SLOCAN","2023081612",0,27.4,26,14.7,15,27.5,93.279,14.312,42.262,0,94.834,17.751,49.244,85.104,499.009,119.33,5,,,,,,,,,,,,,,
"406","SLOCAN","2023081613",0,29.5,22,12.7,10,21.8,93.58,13.493,41.368,,,,,,,,,,,,,,,,,,,,,,
"406","SLOCAN","2023081614",0,30.2,22,8.1,335,22.9,93.83,11.081,36.399,,,,,,,,,,,,,,,,,,,,,,
"406","SLOCAN","2023081615",0,30.3,22,4.5,176,13.7,94.021,9.49,32.853,,,,,,,,,,,,,,,,,,,,,,
"406","SLOCAN","2023081616",0,29.4,24,5.3,36,17.2,94.072,9.95,33.904,,,,,,,,,,,,,,,,,,,,,,
"406","SLOCAN","2023081617",0,27.4,26,13,5,19.5,94.123,14.771,43.837,,,,,,,,,,,,,,,,,,,,,,
"406","SLOCAN","2023081618",0,25.6,30,14.8,22,20.6,94.084,16.088,46.283,,,,,,,,,,,,,,,,,,,,,,
"406","SLOCAN","2023081619",0,23.6,33,12.2,12,19.5,93.934,13.822,42.013,,,,,,,,,,,,,,,,,,,,,,
"406","SLOCAN","2023081620",0,22.9,33,11.7,10,20,93.795,13.22,40.825,,,,,,,,,,,,,,,,,,,,,,
"406","SLOCAN","2023081621",0,22,36,13.8,7,20,93.568,14.238,42.819,,,,,,,,,,,,,,,,,,,,,,
"406","SLOCAN","2023081622",0,20.9,38,9.9,12,17.2,93.323,11.306,36.882,,,,,,,,,,,,,,,,,,,,,,
"406","SLOCAN","2023081623",0,20.4,39,8.3,37,22.9,93.088,10.093,34.226,,,,,,,,,,,,,,,,,,,,,,
"407","NANCY GREENE","2023081600",0,21.2,28,2.9,299,10.8,94.989,10.005,37.207,,,,,,,,,,,,,,,,,,,,,,
"407","NANCY GREENE","2023081601",0,19.4,33,7.8,303,10.2,94.714,12.332,42.601,,,,,,,,,,,,,,,,,,,,,,
"407","NANCY GREENE","2023081602",0,19.6,34,9.5,277,12,94.43,12.92,43.888,,,,,,,,,,,,,,,,,,,,,,
"407","NANCY GREENE","2023081603",0,20.8,35,9.5,305,18.3,94.163,12.451,42.864,,,,,,,,,,,,,,,,,,,,,,
"407","NANCY GREENE","2023081604",0,20.6,38,6,26,16.6,93.879,10.036,37.282,,,,,,,,,,,,,,,,,,,,,,
"407","NANCY GREENE","2023081605",0,20.5,37,6.4,38,14.3,93.646,9.914,36.986,,,,,,,,,,,,,,,,,,,,,,
"407","NANCY GREENE","2023081606",0,21.4,34,9.6,28,22.3,93.503,11.419,40.545,,,,,,,,,,,,,,,,,,,,,,
"407","NANCY GREENE","2023081607",0,23.1,32,7.2,327,22.9,93.46,10.057,37.335,,,,,,,,,,,,,,,,,,,,,,
"407","NANCY GREENE","2023081608",0,23.9,29,14.2,320,26.9,93.502,14.396,47.008,,,,,,,,,,,,,,,,,,,,,,
"407","NANCY GREENE","2023081609",0,25.6,26,11.4,316,21.2,93.553,12.59,43.168,,,,,,,,,,,,,,,,,,,,,,
"407","NANCY GREENE","2023081610",0,27.2,24,10.5,355,23.5,93.61,12.129,42.148,,,,,,,,,,,,,,,,,,,,,,
"407","NANCY GREENE","2023081611",0,28.3,23,11.9,294,22.9,93.741,13.254,44.607,,,,,,,,,,,,,,,,,,,,,,
"407","NANCY GREENE","2023081612",0,29.6,22,11.9,303,21.8,93.943,13.631,45.411,0,95.582,17.073,52.658,137.574,490.504,161.739,5,,,,,,,,,,,,,,
"407","NANCY GREENE","2023081613",0,29.8,21,11.5,321,31,94.158,13.763,45.994,,,,,,,,,,,,,,,,,,,,,,
"407","NANCY GREENE","2023081614",0,29.5,21,12.2,351,19.5,94.315,14.57,47.681,,,,,,,,,,,,,,,,,,,,,,
"407","NANCY GREENE","2023081615",0,28.7,22,10.1,346,25.8,94.366,13.199,44.788,,,,,,,,,,,,,,,,,,,,,,
"407","NANCY GREENE","2023081616",0,28,23,9.4,355,20,94.417,12.831,43.989,,,,,,,,,,,,,,,,,,,,,,
"407","NANCY GREENE","2023081617",0,27.4,24,7.3,9,18.9,94.468,11.624,41.291,,,,,,,,,,,,,,,,,,,,,,
"407","NANCY GREENE","2023081618",0,24.8,29,3.1,141,10.8,94.431,9.36,35.862,,,,,,,,,,,,,,,,,,,,,,
"407","NANCY GREENE","2023081619",0,22.7,31,9,292,14.3,94.293,12.363,42.956,,,,,,,,,,,,,,,,,,,,,,
"407","NANCY GREENE","2023081620",0,20.9,36,3.8,312,16,94.071,9.225,35.521,,,,,,,,,,,,,,,,,,,,,,
"407","NANCY GREENE","2023081621",0,18.5,40,3.3,67,7.9,93.773,8.632,33.995,,,,,,,,,,,,,,,,,,,,,,
"407","NANCY GREENE","2023081622",0,17.9,41,2.8,22,9.1,93.488,8.089,32.559,,,,,,,,,,,,,,,,,,,,,,
"407","NANCY GREENE","2023081623",0,16.4,46,3,261,6.2,93.114,7.756,31.655,,,,,,,,,,,,,,,,,,,,,,
"408","NORNS","2023081600",0,17.8,33,0,,0,,,,,,,,,,,,,,,,,,,,,,,,,
"408","NORNS","2023081601",0,17.4,37,0,,0,,,,,,,,,,,,,,,,,,,,,,,,,
"408","NORNS","2023081602",0,16.5,41,0,,0,,,,,,,,,,,,,,,,,,,,,,,,,
"408","NORNS","2023081603",0,15.4,45,0,,0,,,,,,,,,,,,,,,,,,,,,,,,,
"408","NORNS","2023081604",0,14.6,46,0,,0,,,,,,,,,,,,,,,,,,,,,,,,,
"408","NORNS","2023081605",0,14.3,43,0,,0,,,,,,,,,,,,,,,,,,,,,,,,,
"408","NORNS","2023081606",0,14,43,0,,0,,,,,,,,,,,,,,,,,,,,,,,,,
"408","NORNS","2023081607",0,14.3,42,0,,0,,,,,,,,,,,,,,,,,,,,,,,,,
"408","NORNS","2023081608",0,14.6,40,0,,0,,,,,,,,,,,,,,,,,,,,,,,,,
"408","NORNS","2023081609",0,15.1,39,0,,0,,,,,,,,,,,,,,,,,,,,,,,,,
"408","NORNS","2023081610",0,16.1,35,0,,0,,,,,,,,,,,,,,,,,,,,,,,,,
"408","NORNS","2023081611",0,17.8,34,0,,0,,,,,,,,,,,,,,,,,,,,,,,,,
"408","NORNS","2023081612",0,17.9,35,0,,0,,,,0,,,,,,,,,,,,,,,,,,,,,
"408","NORNS","2023081613",0,18.2,35,0,,0,,,,,,,,,,,,,,,,,,,,,,,,,
"408","NORNS","2023081614",0,19.5,32,0,,0,,,,,,,,,,,,,,,,,,,,,,,,,
"408","NORNS","2023081615",0,19.6,30,0,,0,,,,,,,,,,,,,,,,,,,,,,,,,
"408","NORNS","2023081616",0,19.8,31,0,,0,,,,,,,,,,,,,,,,,,,,,,,,,
"408","NORNS","2023081617",0,20.4,32,0,,0,,,,,,,,,,,,,,,,,,,,,,,,,
"408","NORNS","2023081618",0,18.6,34,0,,0,,,,,,,,,,,,,,,,,,,,,,,,,
"408","NORNS","2023081619",0,17.4,37,0,,0,,,,,,,,,,,,,,,,,,,,,,,,,
"408","NORNS","2023081620",0,16.6,38,0,,0,,,,,,,,,,,,,,,,,,,,,,,,,
"408","NORNS","2023081621",0,16.6,39,0,,0,,,,,,,,,,,,,,,,,,,,,,,,,
"408","NORNS","2023081622",0,16.1,41,0,,0,,,,,,,,,,,,,,,,,,,,,,,,,
"408","NORNS","2023081623",0,16.6,38,0,,0,,,,,,,,,,,,,,,,,,,,,,,,,
"411","PALLISER","2023081600",0,11.4,77,0,126,5.1,91.175,5.071,18.493,,,,,,,,,,,,,,,,,,,,,,
"411","PALLISER","2023081601",0,10.7,80,1.6,343,5.6,90.322,4.867,17.941,,,,,,,,,,,,,,,,,,,,,,
"411","PALLISER","2023081602",0,9.7,84,2.9,45,4.5,89.392,4.548,17.06,,,,,,,,,,,,,,,,,,,,,,
"411","PALLISER","2023081603",0,9,87,0,21,5.1,88.67,3.543,14.108,,,,,,,,,,,,,,,,,,,,,,
"411","PALLISER","2023081604",0,8.7,86,2.8,303,7.4,87.86,3.632,14.382,,,,,,,,,,,,,,,,,,,,,,
"411","PALLISER","2023081605",0,8,89,1.9,9,9.7,87.057,3.095,12.69,,,,,,,,,,,,,,,,,,,,,,
"411","PALLISER","2023081606",0,9.4,88,3.3,198,5.6,86.312,2.988,12.341,,,,,,,,,,,,,,,,,,,,,,
"411","PALLISER","2023081607",0,14.4,75,3.1,36,7.9,86.055,2.853,11.892,,,,,,,,,,,,,,,,,,,,,,
"411","PALLISER","2023081608",0,21.2,52,3.3,56,6.2,86.23,2.954,12.227,,,,,,,,,,,,,,,,,,,,,,
"411","PALLISER","2023081609",0,24.3,40,6.2,116,10.8,86.816,3.714,14.632,,,,,,,,,,,,,,,,,,,,,,
"411","PALLISER","2023081610",0,27.6,30,7.3,285,13.1,87.856,4.554,17.077,,,,,,,,,,,,,,,,,,,,,,
"411","PALLISER","2023081611",0,29.9,26,8.1,262,20.6,89.05,5.627,19.951,,,,,,,,,,,,,,,,,,,,,,
"411","PALLISER","2023081612",0,32.1,23,8.6,2,18.3,90.32,6.923,23.14,0,95.558,14.41,39.378,61.45,555.654,96.28,4,,,,,,,,,,,,,,
"411","PALLISER","2023081613",0,33,21,7.4,13,15.4,91.461,7.668,25.809,,,,,,,,,,,,,,,,,,,,,,
"411","PALLISER","2023081614",0,33.6,22,7.2,321,22.9,92.337,8.592,27.912,,,,,,,,,,,,,,,,,,,,,,
"411","PALLISER","2023081615",0,33.6,20,6.5,321,18.9,93.111,9.248,29.345,,,,,,,,,,,,,,,,,,,,,,
"411","PALLISER","2023081616",0,33,20,6.8,303,16,93.684,10.169,31.289,,,,,,,,,,,,,,,,,,,,,,
"411","PALLISER","2023081617",0,31.7,22,6.2,282,16,93.967,10.262,31.481,,,,,,,,,,,,,,,,,,,,,,
"411","PALLISER","2023081618",0,29,35,4.8,326,12,93.905,9.481,29.845,,,,,,,,,,,,,,,,,,,,,,
"411","PALLISER","2023081619",0,22.1,44,3.3,308,6.8,93.548,8.365,27.404,,,,,,,,,,,,,,,,,,,,,,
"411","PALLISER","2023081620",0,17.3,59,2,230,5.1,92.894,7.15,24.584,,,,,,,,,,,,,,,,,,,,,,
"411","PALLISER","2023081621",0,14.8,67,0,117,4.5,92.3,5.947,21.582,,,,,,,,,,,,,,,,,,,,,,
"411","PALLISER","2023081622",0,12.5,75,2,2,4.5,91.425,5.812,21.229,,,,,,,,,,,,,,,,,,,,,,
"411","PALLISER","2023081623",0,11.3,77,3,332,4.5,90.568,5.409,20.16,,,,,,,,,,,,,,,,,,,,,,
"412","ELKO","2023081600",0,19.6,45,4.8,55,9.1,95.054,11.108,39.52,,,,,,,,,,,,,,,,,,,,,,
"412","ELKO","2023081601",0,19.7,44,5.8,40,8.5,94.51,10.841,38.903,,,,,,,,,,,,,,,,,,,,,,
"412","ELKO","2023081602",0,17,52,5.1,33,7.9,93.838,9.537,35.776,,,,,,,,,,,,,,,,,,,,,,
"412","ELKO","2023081603",0,16.6,53,5.4,33,9.1,93.214,8.875,34.118,,,,,,,,,,,,,,,,,,,,,,
"412","ELKO","2023081604",0,16.7,55,7.1,40,12,92.581,8.848,34.049,,,,,,,,,,,,,,,,,,,,,,
"412","ELKO","2023081605",0,15.4,58,4.3,30,10.2,92.003,7.083,29.329,,,,,,,,,,,,,,,,,,,,,,
"412","ELKO","2023081606",0,16,59,2.1,82,9.1,91.516,5.917,25.926,,,,,,,,,,,,,,,,,,,,,,
"412","ELKO","2023081607",0,20.2,49,4.4,62,14.3,91.285,6.429,27.454,,,,,,,,,,,,,,,,,,,,,,
"412","ELKO","2023081608",0,24.6,35,4.6,141,9.7,91.335,6.54,27.779,,,,,,,,,,,,,,,,,,,,,,
"412","ELKO","2023081609",0,27.2,30,6.2,222,9.7,91.556,7.316,29.978,,,,,,,,,,,,,,,,,,,,,,
"412","ELKO","2023081610",0,30.4,24,5.1,182,11.4,92.106,7.482,30.436,,,,,,,,,,,,,,,,,,,,,,
"412","ELKO","2023081611",0,32.8,21,6.8,221,13.1,92.837,9.034,34.521,,,,,,,,,,,,,,,,,,,,,,
"412","ELKO","2023081612",0,34.3,19,6.3,67,15.4,93.59,9.788,36.392,0,95.932,13.501,45.318,104.102,861.654,159.905,4,,,,,,,,,,,,,,
"412","ELKO","2023081613",0,35.9,17,7.2,335,14.9,94.386,11.437,40.753,,,,,,,,,,,,,,,,,,,,,,
"412","ELKO","2023081614",0,36.6,17,7.1,33,17.7,95.026,12.425,42.981,,,,,,,,,,,,,,,,,,,,,,
"412","ELKO","2023081615",0,36.2,17,12,207,20,95.515,17.004,52.391,,,,,,,,,,,,,,,,,,,,,,
"412","ELKO","2023081616",0,36.2,17,9.7,205,17.2,95.862,15.873,50.188,,,,,,,,,,,,,,,,,,,,,,
"412","ELKO","2023081617",0,35.1,18,14,256,30.4,96.014,20.124,58.139,,,,,,,,,,,,,,,,,,,,,,
"412","ELKO","2023081618",0,33.5,20,8.4,248,26.4,96.065,15.282,49.008,,,,,,,,,,,,,,,,,,,,,,
"412","ELKO","2023081619",0,29.8,26,4.6,22,18.3,95.996,12.501,43.148,,,,,,,,,,,,,,,,,,,,,,
"412","ELKO","2023081620",0,25.4,32,3.3,346,7.4,95.738,11.307,40.452,,,,,,,,,,,,,,,,,,,,,,
"412","ELKO","2023081621",0,23.9,35,3.2,85,9.1,95.421,10.774,39.209,,,,,,,,,,,,,,,,,,,,,,
"412","ELKO","2023081622",0,22.5,38,7.4,36,10.8,94.983,12.541,43.237,,,,,,,,,,,,,,,,,,,,,,
"412","ELKO","2023081623",0,20.1,45,6,62,12,94.416,10.81,39.294,,,,,,,,,,,,,,,,,,,,,,
"417","TOBY HUB","2023081600",0,19.8,42,7.3,306,9.7,94.159,11.14,41.224,,,,,,,,,,0.1,,,,0,1,835.11,,,,,,
"417","TOBY HUB","2023081601",0,18.8,45,5.4,269,9.7,93.699,9.496,37.168,,,,,,,,,,0,,,,0,1,835.09,,,,,,
"417","TOBY HUB","2023081602",0,18,47,3.3,294,8.5,93.278,8.056,33.348,,,,,,,,,,0.2,,,,0,1,835.03,,,,,,
"417","TOBY HUB","2023081603",0,17.4,49,4.7,267,10.2,92.827,8.117,33.515,,,,,,,,,,0,,,,0,1,835.03,,,,,,
"417","TOBY HUB","2023081604",0,15.7,56,4.7,246,7.9,92.261,7.494,31.778,,,,,,,,,,0,,,,0,1,835.04,,,,,,
"417","TOBY HUB","2023081605",0,16.2,55,6.5,287,9.7,91.753,7.637,32.183,,,,,,,,,,0.2,,,,0,1,834.99,,,,,,
"417","TOBY HUB","2023081606",0,16.7,55,5.1,22,12,91.325,6.698,29.46,,,,,,,,,,0.1,,,,0,1,834.95,,,,,,
"417","TOBY HUB","2023081607",0,18.6,55,4.2,93,8.5,90.967,6.083,27.589,,,,,,,,,,0,,,,0,1,834.83,,,,,,
"417","TOBY HUB","2023081608",0,21.7,45,4.1,82,9.1,90.91,6.003,27.341,,,,,,,,,,0,,,,0,1,834.81,,,,,,
"417","TOBY HUB","2023081609",0,24.2,41,6.5,60,12.5,90.96,6.823,29.833,,,,,,,,,,-0.1,,,,0,1,834.75,,,,,,
"417","TOBY HUB","2023081610",0,28.8,28,9.9,5,18.9,91.418,8.644,34.941,,,,,,,,,,-0.2,,,,0,1,834.66,,,,,,
"417","TOBY HUB","2023081611",0,29.9,26,11.6,329,26.4,91.938,10.138,38.788,,,,,,,,,,-0.2,,,,0,1,834.73,,,,,,
"417","TOBY HUB","2023081612",0,31.8,23,8,312,20.6,92.563,9.235,36.496,0,95.489,13.85,47.564,147.367,669.43,190.109,5,,-0.2,,,,0,1,834.71,,,,,,
"417","TOBY HUB","2023081613",0,33.7,18,11.3,329,23.5,93.465,12.374,44.283,,,,,,,,,,-0.2,,,,0,1,834.7,,,,,,
"417","TOBY HUB","2023081614",0,34,19,13.3,340,28.1,94.123,14.997,50.003,,,,,,,,,,-0.2,,,,0,1,834.71,,,,,,
"417","TOBY HUB","2023081615",0,33.8,18,12.6,346,24.1,94.657,15.584,51.216,,,,,,,,,,-0.3,,,,0,1,834.72,,,,,,
"417","TOBY HUB","2023081616",0,32.7,19,14.1,344,24.6,94.949,17.495,55.033,,,,,,,,,,-0.2,,,,0,1,834.79,,,,,,
"417","TOBY HUB","2023081617",0,31.3,21,15.9,341,29.2,95,19.29,58.444,,,,,,,,,,-0.1,,,,0,1,834.84,,,,,,
"417","TOBY HUB","2023081618",0,30.1,22,15.1,351,28.1,95.051,18.658,57.26,,,,,,,,,,0,,,,0,1,834.87,,,,,,
"417","TOBY HUB","2023081619",0,28.2,25,11.6,327,28.1,95.087,15.719,51.494,,,,,,,,,,0,,,,0,1,834.91,,,,,,
"417","TOBY HUB","2023081620",0,26.4,28,10.8,322,17.2,95.001,14.92,49.841,,,,,,,,,,0,,,,0,1,834.93,,,,,,
"417","TOBY HUB","2023081621",0,26.1,28,12.6,338,18.3,94.915,16.146,52.361,,,,,,,,,,0.2,,,,0,1,834.85,,,,,,
"417","TOBY HUB","2023081622",0,22.7,37,6.9,192,18.3,94.576,11.563,42.405,,,,,,,,,,0,,,,0,1,834.89,,,,,,
"417","TOBY HUB","2023081623",0,20.2,42,3.8,209,9.1,94.177,9.361,36.982,,,,,,,,,,0,,,,0,1,834.98,,,,,,
"418","FLATHEAD 2","2023081600",0,19.5,47,3.4,255,16.6,93.254,8.07,31.269,,,,,,,,,,,,,,,,,,,,,,
"418","FLATHEAD 2","2023081601",0,17.4,56,2.6,268,6.8,92.685,7.157,28.832,,,,,,,,,,,,,,,,,,,,,,
"418","FLATHEAD 2","2023081602",0,15.5,61,2.9,319,5.6,92.058,6.652,27.425,,,,,,,,,,,,,,,,,,,,,,
"418","FLATHEAD 2","2023081603",0,15.3,59,5.1,306,14.3,91.5,6.867,28.029,,,,,,,,,,,,,,,,,,,,,,
"418","FLATHEAD 2","2023081604",0,14.2,65,3.6,224,9.7,90.897,5.843,25.075,,,,,,,,,,,,,,,,,,,,,,
"418","FLATHEAD 2","2023081605",0,13.5,69,1.7,245,7.4,90.321,4.89,22.123,,,,,,,,,,,,,,,,,,,,,,
"418","FLATHEAD 2","2023081606",0,13.6,75,2.3,259,5.1,89.637,4.57,21.076,,,,,,,,,,,,,,,,,,,,,,
"418","FLATHEAD 2","2023081607",0,14.6,76,2.2,311,4.5,88.998,4.149,19.654,,,,,,,,,,,,,,,,,,,,,,
"418","FLATHEAD 2","2023081608",0,18.5,56,2.8,274,6.8,88.897,4.214,19.879,,,,,,,,,,,,,,,,,,,,,,
"418","FLATHEAD 2","2023081609",0,23.1,43,3.6,165,7.9,88.972,4.435,20.628,,,,,,,,,,,,,,,,,,,,,,
"418","FLATHEAD 2","2023081610",0,25.5,35,7.4,129,13.7,89.358,5.678,24.578,,,,,,,,,,,,,,,,,,,,,,
"418","FLATHEAD 2","2023081611",0,27.8,28,7.1,153,17.7,90.041,6.167,26.033,,,,,,,,,,,,,,,,,,,,,,
"418","FLATHEAD 2","2023081612",0,30.5,27,6.2,156,12.5,90.77,6.542,27.113,0,95.559,12.77,42.695,109.217,545.859,145.603,4,,,,,,,,,,,,,,
"418","FLATHEAD 2","2023081613",0,33.2,22,5.4,185,13.1,91.735,7.208,29.288,,,,,,,,,,,,,,,,,,,,,,
"418","FLATHEAD 2","2023081614",0,33.8,21,9,296,18.3,92.642,9.821,36.008,,,,,,,,,,,,,,,,,,,,,,
"418","FLATHEAD 2","2023081615",0,33.9,20,6.5,313,21.2,93.366,9.583,35.431,,,,,,,,,,,,,,,,,,,,,,
"418","FLATHEAD 2","2023081616",0,32.4,22,6.1,250,20.6,93.747,9.904,36.207,,,,,,,,,,,,,,,,,,,,,,
"418","FLATHEAD 2","2023081617",0,30.4,27,6.9,248,16.6,93.798,10.383,37.346,,,,,,,,,,,,,,,,,,,,,,
"418","FLATHEAD 2","2023081618",0,27.5,35,5.8,281,14.3,93.725,9.725,35.777,,,,,,,,,,,,,,,,,,,,,,
"418","FLATHEAD 2","2023081619",0,24.1,40,6.1,279,14.3,93.474,9.534,35.311,,,,,,,,,,,,,,,,,,,,,,
"418","FLATHEAD 2","2023081620",0,20.7,51,3.1,289,17.7,92.988,7.658,30.515,,,,,,,,,,,,,,,,,,,,,,
"418","FLATHEAD 2","2023081621",0,18.2,60,3.3,299,6.2,92.326,7.049,28.848,,,,,,,,,,,,,,,,,,,,,,
"418","FLATHEAD 2","2023081622",0,16.5,63,3.3,280,6.2,91.674,6.428,27.085,,,,,,,,,,,,,,,,,,,,,,
"418","FLATHEAD 2","2023081623",0,15.1,66,4.1,272,5.1,91.01,6.09,26.094,,,,,,,,,,,,,,,,,,,,,,
"419","JOHNSON LAKE","2023081600",0,17.7,47,5.4,77,8.5,94.854,11.139,42.732,,,,,,,,,,,,,,,,,,,,,,
"419","JOHNSON LAKE","2023081601",0,16.2,50,4.6,54,10.8,94.211,9.793,39.329,,,,,,,,,,,,,,,,,,,,,,
"419","JOHNSON LAKE","2023081602",0,15.1,54,7.2,29,9.7,93.491,10.101,40.126,,,,,,,,,,,,,,,,,,,,,,
"419","JOHNSON LAKE","2023081603",0,15.1,55,3.5,44,11.4,92.905,7.724,33.659,,,,,,,,,,,,,,,,,,,,,,
"419","JOHNSON LAKE","2023081604",0,14.4,57,6.6,315,10.8,92.275,8.265,35.199,,,,,,,,,,,,,,,,,,,,,,
"419","JOHNSON LAKE","2023081605",0,13.8,63,3.3,41,10.8,91.644,6.401,29.674,,,,,,,,,,,,,,,,,,,,,,
"419","JOHNSON LAKE","2023081606",0,14.4,60,5.8,5,10.2,91.1,6.72,30.664,,,,,,,,,,,,,,,,,,,,,,
"419","JOHNSON LAKE","2023081607",0,17.4,53,3.4,250,9.7,90.816,5.718,27.479,,,,,,,,,,,,,,,,,,,,,,
"419","JOHNSON LAKE","2023081608",0,21.3,43,10.5,349,14.9,90.801,8.16,34.904,,,,,,,,,,,,,,,,,,,,,,
"419","JOHNSON LAKE","2023081609",0,25.2,33,11.9,341,17.2,90.951,8.946,37.079,,,,,,,,,,,,,,,,,,,,,,
"419","JOHNSON LAKE","2023081610",0,28.5,27,10.9,330,18.3,91.447,9.128,37.571,,,,,,,,,,,,,,,,,,,,,,
"419","JOHNSON LAKE","2023081611",0,30.9,21,13,353,22.3,92.282,11.421,43.421,,,,,,,,,,,,,,,,,,,,,,
"419","JOHNSON LAKE","2023081612",0,32.6,18,11.6,350,25.2,93.182,12.077,44.995,0,96.597,19.288,60.248,290.108,822.242,308.287,5,,,,,,,,,,,,,,
"419","JOHNSON LAKE","2023081613",0,33.8,16,9.5,346,21.8,94.033,12.23,45.368,,,,,,,,,,,,,,,,,,,,,,
"419","JOHNSON LAKE","2023081614",0,34.8,16,8.9,289,22.3,94.732,13.066,47.309,,,,,,,,,,,,,,,,,,,,,,
"419","JOHNSON LAKE","2023081615",0,35.2,16,8.5,287,16,95.277,13.798,48.961,,,,,,,,,,,,,,,,,,,,,,
"419","JOHNSON LAKE","2023081616",0,34.4,16,11.9,347,18.3,95.663,17.262,56.281,,,,,,,,,,,,,,,,,,,,,,
"419","JOHNSON LAKE","2023081617",0,33.3,18,15.9,351,26.4,95.788,21.477,64.317,,,,,,,,,,,,,,,,,,,,,,
"419","JOHNSON LAKE","2023081618",0,32,19,13.5,7,25.8,95.839,19.164,60.011,,,,,,,,,,,,,,,,,,,,,,
"419","JOHNSON LAKE","2023081619",0,29.4,22,9.1,20,22.3,95.881,15.441,52.528,,,,,,,,,,,,,,,,,,,,,,
"419","JOHNSON LAKE","2023081620",0,26,28,3.5,174,14.3,95.74,11.423,43.439,,,,,,,,,,,,,,,,,,,,,,
"419","JOHNSON LAKE","2023081621",0,22.3,35,3.9,343,13.1,95.401,11.131,42.725,,,,,,,,,,,,,,,,,,,,,,
"419","JOHNSON LAKE","2023081622",0,20.8,37,7.3,36,10.8,94.988,12.486,45.968,,,,,,,,,,,,,,,,,,,,,,
"419","JOHNSON LAKE","2023081623",0,18.5,44,2.9,185,5.6,94.515,9.374,38.237,,,,,,,,,,,,,,,,,,,,,,
"421","DEWAR CREEK","2023081600",0,19.7,48,5.1,79,7.9,91.987,7.357,19.774,,,,,,,,,,,,,,,,,,,,,,
"421","DEWAR CREEK","2023081601",0,19.3,45,4.6,61,7.9,91.782,6.969,19.008,,,,,,,,,,,,,,,,,,,,,,
"421","DEWAR CREEK","2023081602",0,18.9,49,5.4,83,7.9,91.498,6.969,19.009,,,,,,,,,,,,,,,,,,,,,,
"421","DEWAR CREEK","2023081603",0,18.8,49,5.5,78,8.5,91.245,6.757,18.583,,,,,,,,,,,,,,,,,,,,,,
"421","DEWAR CREEK","2023081604",0,18.8,49,4.8,84,8.5,91.027,6.324,17.697,,,,,,,,,,,,,,,,,,,,,,
"421","DEWAR CREEK","2023081605",0,19.2,45,4.1,87,10.2,90.928,6.019,17.057,,,,,,,,,,,,,,,,,,,,,,
"421","DEWAR CREEK","2023081606",0,19.3,51,5.3,66,9.7,90.703,6.192,17.422,,,,,,,,,,,,,,,,,,,,,,
"421","DEWAR CREEK","2023081607",0,19.1,55,5.2,71,10.8,90.411,5.909,16.825,,,,,,,,,,,,,,,,,,,,,,
"421","DEWAR CREEK","2023081608",0,19.9,58,6,49,10.2,90.082,5.869,16.74,,,,,,,,,,,,,,,,,,,,,,
"421","DEWAR CREEK","2023081609",0,23.2,51,4.4,51,10.8,90.023,5.369,15.653,,,,,,,,,,,,,,,,,,,,,,
"421","DEWAR CREEK","2023081610",0,26.6,35,5.5,310,12,90.266,5.876,16.754,,,,,,,,,,,,,,,,,,,,,,
"421","DEWAR CREEK","2023081611",0,28.9,33,8.2,308,17.2,90.643,7.106,19.28,,,,,,,,,,,,,,,,,,,,,,
"421","DEWAR CREEK","2023081612",0,29.5,26,8.4,284,18.9,91.274,7.852,20.728,0,95.053,13.315,31.433,42.286,412.41,67.316,3,,,,,,,,,,,,,,
"421","DEWAR CREEK","2023081613",0,30.5,24,5.9,273,16,91.894,7.559,21.233,,,,,,,,,,,,,,,,,,,,,,
"421","DEWAR CREEK","2023081614",0,30.8,27,6.9,289,14.9,92.281,8.397,22.882,,,,,,,,,,,,,,,,,,,,,,
"421","DEWAR CREEK","2023081615",0,30.5,29,7.7,281,17.7,92.493,9.008,24.043,,,,,,,,,,,,,,,,,,,,,,
"421","DEWAR CREEK","2023081616",0,30.1,26,6.2,271,13.1,92.77,8.683,23.431,,,,,,,,,,,,,,,,,,,,,,
"421","DEWAR CREEK","2023081617",0,28.6,32,5.5,301,15.4,92.82,8.442,22.969,,,,,,,,,,,,,,,,,,,,,,
"421","DEWAR CREEK","2023081618",0,25.3,39,4.2,351,9.7,92.738,7.816,21.746,,,,,,,,,,,,,,,,,,,,,,
"421","DEWAR CREEK","2023081619",0,21.5,42,5,94,8.5,92.536,7.91,21.932,,,,,,,,,,,,,,,,,,,,,,
"421","DEWAR CREEK","2023081620",0,19.8,41,5.1,70,7.9,92.361,7.756,21.626,,,,,,,,,,,,,,,,,,,,,,
"421","DEWAR CREEK","2023081621",0,19,50,3.2,74,6.8,92.018,6.715,19.492,,,,,,,,,,,,,,,,,,,,,,
"421","DEWAR CREEK","2023081622",0,18.2,51,5.7,47,11.4,91.651,7.231,20.565,,,,,,,,,,,,,,,,,,,,,,
"421","DEWAR CREEK","2023081623",0,17.9,47,6.2,43,13.7,91.412,7.167,20.435,,,,,,,,,,,,,,,,,,,,,,
"425","EMILY CREEK","2023081600",0,16.4,53,5,310,7.4,93.402,8.93,35.436,,,,,,,,,,,,,,,,,,,,,,
"425","EMILY CREEK","2023081601",0,15.5,56,5.4,331,7.9,92.757,8.326,33.833,,,,,,,,,,,,,,,,,,,,,,
"425","EMILY CREEK","2023081602",0,14.9,59,4.1,353,10.8,92.143,7.151,30.562,,,,,,,,,,,,,,,,,,,,,,
"425","EMILY CREEK","2023081603",0,14.1,61,5.1,355,7.9,91.532,6.898,29.827,,,,,,,,,,,,,,,,,,,,,,
"425","EMILY CREEK","2023081604",0,13.3,65,5.1,281,9.7,90.898,6.303,28.052,,,,,,,,,,,,,,,,,,,,,,
"425","EMILY CREEK","2023081605",0,13.3,66,6,308,10.2,90.296,6.052,27.282,,,,,,,,,,,,,,,,,,,,,,
"425","EMILY CREEK","2023081606",0,15.7,59,5.5,265,10.2,89.935,5.604,25.872,,,,,,,,,,,,,,,,,,,,,,
"425","EMILY CREEK","2023081607",0,20.7,44,2.5,175,10.2,89.984,4.852,23.395,,,,,,,,,,,,,,,,,,,,,,
"425","EMILY CREEK","2023081608",0,24.2,37,7.3,78,12.5,90.099,6.282,27.989,,,,,,,,,,,,,,,,,,,,,,
"425","EMILY CREEK","2023081609",0,27.8,30,6.2,72,18.9,90.56,6.349,28.191,,,,,,,,,,,,,,,,,,,,,,
"425","EMILY CREEK","2023081610",0,28.8,27,11.3,69,26.4,91.153,8.933,35.444,,,,,,,,,,,,,,,,,,,,,,
"425","EMILY CREEK","2023081611",0,31.8,21,11,112,25.2,92.088,10.047,38.282,,,,,,,,,,,,,,,,,,,,,,
"425","EMILY CREEK","2023081612",0,32.4,20,12.2,81,26.4,92.916,11.992,42.914,0,95.585,17.34,54.385,153.955,558.242,182.253,5,,,,,,,,,,,,,,
"425","EMILY CREEK","2023081613",0,33.5,19,8.4,86,24.1,93.631,10.943,40.659,,,,,,,,,,,,,,,,,,,,,,
"425","EMILY CREEK","2023081614",0,33.5,19,10.4,97,24.1,94.197,13.091,45.6,,,,,,,,,,,,,,,,,,,,,,
"425","EMILY CREEK","2023081615",0,33.2,19,11.4,90,22.9,94.617,14.588,48.827,,,,,,,,,,,,,,,,,,,,,,
"425","EMILY CREEK","2023081616",0,32.9,20,8.4,86,18.3,94.856,12.96,45.31,,,,,,,,,,,,,,,,,,,,,,
"425","EMILY CREEK","2023081617",0,31,22,7.1,71,18.3,94.907,12.224,43.654,,,,,,,,,,,,,,,,,,,,,,
"425","EMILY CREEK","2023081618",0,28.3,26,6.4,12,16.6,94.94,11.854,42.805,,,,,,,,,,,,,,,,,,,,,,
"425","EMILY CREEK","2023081619",0,22.6,41,5.6,53,10.2,94.503,10.721,40.126,,,,,,,,,,,,,,,,,,,,,,
"425","EMILY CREEK","2023081620",0,19.4,47,7,358,11.4,93.922,10.618,39.876,,,,,,,,,,,,,,,,,,,,,,
"425","EMILY CREEK","2023081621",0,17.8,51,5.1,348,9.1,93.341,8.899,35.535,,,,,,,,,,,,,,,,,,,,,,
"425","EMILY CREEK","2023081622",0,16.6,54,3.9,320,8.5,92.78,7.744,32.405,,,,,,,,,,,,,,,,,,,,,,
"425","EMILY CREEK","2023081623",0,15.6,57,3.4,330,10.8,92.224,6.983,30.229,,,,,,,,,,,,,,,,,,,,,,
"426","CRANBROOK","2023081600",0,20.8,44,4.4,210,7.9,94.791,10.501,39.311,,,,,,,,,,,,,,,1,,,1,,,,
"426","CRANBROOK","2023081601",0,19.6,46,4.8,23,12.5,94.244,9.936,37.922,,,,,,,,,,,,,,,1,,,1,,,,
"426","CRANBROOK","2023081602",0,19.4,47,3.3,38,6.2,93.765,8.622,34.55,,,,,,,,,,,,,,,1,,,1,,,,
"426","CRANBROOK","2023081603",0,17.7,51,6.5,1,10.2,93.177,9.334,36.402,,,,,,,,,,,,,,,1,,,1,,,,
"426","CRANBROOK","2023081604",0,15.8,55,5.2,286,13.1,92.585,8.045,32.998,,,,,,,,,,,,,,,1,,,1,,,,
"426","CRANBROOK","2023081605",0,16.7,53,5,241,7.4,92.111,7.449,31.343,,,,,,,,,,,,,,,1,,,1,,,,
"426","CRANBROOK","2023081606",0,17.9,50,3.9,219,7.4,91.779,6.725,29.251,,,,,,,,,,,,,,,1,,,1,,,,
"426","CRANBROOK","2023081607",0,21.4,41,6.2,22,9.1,91.703,7.47,31.401,,,,,,,,,,,,,,,1,,,1,,,,
"426","CRANBROOK","2023081608",0,22.8,38,7.1,46,13.1,91.726,7.842,32.441,,,,,,,,,,,,,,,1,,,1,,,,
"426","CRANBROOK","2023081609",0,25,34,9.2,53,14.9,91.776,8.779,34.965,,,,,,,,,,,,,,,1,,,1,,,,
"426","CRANBROOK","2023081610",0,27.7,28,11.5,30,16,92.032,10.221,38.628,,,,,,,,,,,,,,,1,,,1,,,,
"426","CRANBROOK","2023081611",0,30.6,24,11.3,41,18.3,92.551,10.888,40.243,,,,,,,,,,,,,,,1,,,1,,,,
"426","CRANBROOK","2023081612",0,32.4,22,9.6,47,18.9,93.14,10.855,40.163,0,96.345,16.858,53.393,127.339,785.149,181.206,5,,,,,,,1,,,1,,,,
"426","CRANBROOK","2023081613",0,34,20,7.3,40,17.7,93.766,10.549,39.669,,,,,,,,,,,,,,,1,,,1,,,,
"426","CRANBROOK","2023081614",0,35.4,17,16.1,230,26.4,94.578,18.389,56.342,,,,,,,,,,,,,,,1,,,1,,,,
"426","CRANBROOK","2023081615",0,35.4,16,14.2,219,26.9,95.217,18.24,56.061,,,,,,,,,,,,,,,1,,,1,,,,
"426","CRANBROOK","2023081616",0,34.2,18,14.9,230,29.8,95.5,19.638,58.664,,,,,,,,,,,,,,,1,,,1,,,,
"426","CRANBROOK","2023081617",0,32.9,20,14.6,240,31.6,95.551,19.479,58.372,,,,,,,,,,,,,,,1,,,1,,,,
"426","CRANBROOK","2023081618",0,31,22,13.2,250,28.7,95.602,18.279,56.133,,,,,,,,,,,,,,,1,,,1,,,,
"426","CRANBROOK","2023081619",0,29.3,24,13.7,257,26.9,95.616,18.779,57.075,,,,,,,,,,,,,,,1,,,1,,,,
"426","CRANBROOK","2023081620",0,27.5,26,10.1,280,21.2,95.54,15.504,50.68,,,,,,,,,,,,,,,1,,,1,,,,
"426","CRANBROOK","2023081621",0,24.8,32,4.7,347,11.4,95.308,11.442,41.803,,,,,,,,,,,,,,,1,,,1,,,,
"426","CRANBROOK","2023081622",0,24.3,32,6.6,312,9.1,95.077,12.201,43.561,,,,,,,,,,,,,,,1,,,1,,,,
"426","CRANBROOK","2023081623",0,21.7,40,6.6,239,10.8,94.632,11.478,41.888,,,,,,,,,,,,,,,1,,,1,,,,
"427","NASS CAMP","2023081600",0,14.8,75,7.3,205,16.9,63.322,0.709,0.252,,,,,,,,,,,,,,,,,,,,3132.4,,
"427","NASS CAMP","2023081601",0,13.8,83,5.9,209,19.8,64.14,0.685,0.244,,,,,,,,,,,,,,,,,,,,3132.4,,
"427","NASS CAMP","2023081602",0,13.9,83,5.2,212,14.9,64.904,0.683,0.243,,,,,,,,,,,,,,,,,,,,3132.4,,
"427","NASS CAMP","2023081603",0,14,83,6,215,17.2,65.666,0.732,0.26,,,,,,,,,,,,,,,,,,,,3132.4,,
"427","NASS CAMP","2023081604",0,13.7,84,8.2,232,19.4,66.404,0.841,0.299,,,,,,,,,,,,,,,,,,,,3132.4,,
"427","NASS CAMP","2023081605",0,11.2,98,1.1,337,11.7,66.474,0.589,0.209,,,,,,,,,,,,,,,,,,,,3132.4,,
"427","NASS CAMP","2023081606",0,11.5,100,2,41,5.5,66.516,0.617,0.22,,,,,,,,,,,,,,,,,,,,3132.4,,
"427","NASS CAMP","2023081607",0,12.8,98,0.1,139,7.7,66.579,0.562,0.2,,,,,,,,,,,,,,,,,,,,3132.4,,
"427","NASS CAMP","2023081608",0,14.4,85,3.6,245,10.2,67.131,0.684,0.243,,,,,,,,,,,,,,,,,,,,3132.4,,
"427","NASS CAMP","2023081609",0,16,77,5.2,217,12.6,68.062,0.764,0.272,,,,,,,,,,,,,,,,,,,,3132.4,,
"427","NASS CAMP","2023081610",0,16.7,77,2.6,243,9.5,68.852,0.688,0.244,,,,,,,,,,,,,,,,,,,,3132.4,,
"427","NASS CAMP","2023081611",0,17.1,75,8,235,12.7,69.899,0.933,0.332,,,,,,,,,,,,,,,,,,,,3132.4,,
"427","NASS CAMP","2023081612",0,19.1,66,6.1,208,18.5,71.22,0.886,0.315,0,71.127,0.883,0.406,2.978,300.398,5.812,1,,,,,,,,,,,,3132.4,,
"427","NASS CAMP","2023081613",0,18.9,69,5.6,199,11,72.308,0.898,0.413,,,,,,,,,,,,,,,,,,,,3132.4,,
"427","NASS CAMP","2023081614",0,20.2,68,8.2,219,19.4,73.5,1.075,0.495,,,,,,,,,,,,,,,,,,,,3132.4,,
"427","NASS CAMP","2023081615",0,19.1,72,5.9,209,19.7,74.34,0.996,0.458,,,,,,,,,,,,,,,,,,,,3132.4,,
"427","NASS CAMP","2023081616",0,22.2,62,8.8,211,22.1,75.678,1.241,0.571,,,,,,,,,,,,,,,,,,,,3132.4,,
"427","NASS CAMP","2023081617",0,20.5,70,7,206,21.3,76.489,1.195,0.55,,,,,,,,,,,,,,,,,,,,3132.4,,
"427","NASS CAMP","2023081618",0,19.2,75,8.7,208,23.1,77.069,1.357,0.624,,,,,,,,,,,,,,,,,,,,3132.4,,
"427","NASS CAMP","2023081619",0,17.8,84,7.4,208,17.9,77.305,1.294,0.595,,,,,,,,,,,,,,,,,,,,3132.4,,
"427","NASS CAMP","2023081620",0,16.5,89,4.2,202,25.6,77.386,1.108,0.51,,,,,,,,,,,,,,,,,,,,3132.4,,
"427","NASS CAMP","2023081621",0,15.6,92,5.2,202,15.8,77.431,1.169,0.538,,,,,,,,,,,,,,,,,,,,3132.4,,
"427","NASS CAMP","2023081622",0,14.7,96,4.6,193,12.5,77.308,1.124,0.517,,,,,,,,,,,,,,,,,,,,3132.4,,
"427","NASS CAMP","2023081623",0,15,93,5.3,195,11,77.353,1.168,0.537,,,,,,,,,,,,,,,,,,,,3132.4,,
"428","KISPIOX HUB","2023081600",0,15.9,61,11.2,231,24.1,82.756,2.753,13.916,,,,,,,,,,,,,,,,,,,,,,
"428","KISPIOX HUB","2023081601",0,12.6,78,4.6,34,12,82.785,1.981,10.698,,,,,,,,,,,,,,,,,,,,,,
"428","KISPIOX HUB","2023081602",0,11.2,88,2.6,52,6.2,82.495,1.727,9.541,,,,,,,,,,,,,,,,,,,,,,
"428","KISPIOX HUB","2023081603",0,11,90,2.4,340,6.8,82.153,1.639,9.125,,,,,,,,,,,,,,,,,,,,,,
"428","KISPIOX HUB","2023081604",0,10.9,94,1.8,6,3.9,81.654,1.497,8.441,,,,,,,,,,,,,,,,,,,,,,
"428","KISPIOX HUB","2023081605",0,10.9,96,3.1,264,6.2,81.049,1.49,8.406,,,,,,,,,,,,,,,,,,,,,,
"428","KISPIOX HUB","2023081606",0,11.3,94,0,177,5.6,80.738,1.231,7.088,,,,,,,,,,,,,,,,,,,,,,
"428","KISPIOX HUB","2023081607",0,13.4,87,1.6,273,4.5,80.726,1.333,7.614,,,,,,,,,,,,,,,,,,,,,,
"428","KISPIOX HUB","2023081608",0,16.6,65,1.8,119,3.3,81.022,1.392,7.914,,,,,,,,,,,,,,,,,,,,,,
"428","KISPIOX HUB","2023081609",0,18.7,58,3.3,221,7.9,81.508,1.587,8.879,,,,,,,,,,,,,,,,,,,,,,
"428","KISPIOX HUB","2023081610",0,19.3,58,4.8,218,7.9,81.994,1.814,9.945,,,,,,,,,,,,,,,,,,,,,,
"428","KISPIOX HUB","2023081611",0,19.8,57,4.4,227,9.1,82.463,1.884,10.261,,,,,,,,,,,,,,,,,,,,,,
"428","KISPIOX HUB","2023081612",0,20.7,57,5.8,214,12.5,82.933,2.144,11.414,0.4,86.92,3.694,17.54,87.976,624.938,130.148,5,,,,,,,,,,,,,,
"428","KISPIOX HUB","2023081613",0,20.9,55,6.5,269,11.4,83.413,2.363,12.446,,,,,,,,,,,,,,,,,,,,,,
"428","KISPIOX HUB","2023081614",0,22.2,52,7.5,252,14.3,83.971,2.675,13.721,,,,,,,,,,,,,,,,,,,,,,
"428","KISPIOX HUB","2023081615",0,23,48,8.5,248,13.1,84.611,3.067,15.246,,,,,,,,,,,,,,,,,,,,,,
"428","KISPIOX HUB","2023081616",0,22.7,49,8.9,251,17.7,85.128,3.358,16.333,,,,,,,,,,,,,,,,,,,,,,
"428","KISPIOX HUB","2023081617",0,24.5,49,9.6,270,13.7,85.649,3.74,17.7,,,,,,,,,,,,,,,,,,,,,,
"428","KISPIOX HUB","2023081618",0,21.6,57,7.1,248,13.1,85.789,3.362,16.348,,,,,,,,,,,,,,,,,,,,,,
"428","KISPIOX HUB","2023081619",0,21.4,62,9.5,250,20.6,85.837,3.82,17.981,,,,,,,,,,,,,,,,,,,,,,
"428","KISPIOX HUB","2023081620",0,17.8,78,3.8,9,10.2,85.573,2.763,14.07,,,,,,,,,,,,,,,,,,,,,,
"428","KISPIOX HUB","2023081621",0,16.2,87,2.6,14,13.1,85.012,2.406,12.626,,,,,,,,,,,,,,,,,,,,,,
"428","KISPIOX HUB","2023081622",0,18.8,66,9.6,304,21.8,85.06,3.446,16.654,,,,,,,,,,,,,,,,,,,,,,
"428","KISPIOX HUB","2023081623",0,18.1,64,9,309,18.3,85.108,3.366,16.362,,,,,,,,,,,,,,,,,,,,,,
"429","CEDARVALE","2023081600",0,17.9,49,5.5,248,12.9,91.312,6.822,15,,,,,,,,,,-228.7,,,,,,,,,,1635.4,,
"429","CEDARVALE","2023081601",0,15.8,60,5.5,270,13.9,90.81,6.351,14.196,,,,,,,,,,-242,,,,,,,,,,1635.4,,
"429","CEDARVALE","2023081602",0,16.6,62,2.1,340,10.9,90.383,5.034,11.818,,,,,,,,,,-221.6,,,,,,,,,,1635.4,,
"429","CEDARVALE","2023081603",0,15.8,67,6,83,10.2,89.811,5.646,12.949,,,,,,,,,,-205.6,,,,,,,,,,1635.4,,
"429","CEDARVALE","2023081604",0,15.1,72,2.3,90,7.1,89.254,4.326,10.441,,,,,,,,,,-192.7,,,,,,,,,,1635.4,,
"429","CEDARVALE","2023081605",0,13.1,80,1.3,252,10.5,88.585,3.736,9.233,,,,,,,,,,-225.7,,,,,,,,,,1635.4,,
"429","CEDARVALE","2023081606",0,12.4,83,0.7,291,4.7,87.929,3.3,8.293,,,,,,,,,,-295.9,,,,,,,,,,1635.4,,
"429","CEDARVALE","2023081607",0,17.5,67,0.9,103,5.1,87.732,3.24,8.162,,,,,,,,,,-219,,,,,,,,,,1635.4,,
"429","CEDARVALE","2023081608",0,18.9,61,2.6,101,7.7,87.678,3.503,8.736,,,,,,,,,,-199.1,,,,,,,,,,1635.4,,
"429","CEDARVALE","2023081609",0,21.6,58,8.5,222,21.7,87.727,4.749,11.273,,,,,,,,,,-282.7,,,,,,,,,,1635.4,,
"429","CEDARVALE","2023081610",0,23.3,41,13.9,251,25.9,88.07,6.548,14.537,,,,,,,,,,-321.1,,,,,,,,,,1635.4,,
"429","CEDARVALE","2023081611",0,23.1,42,14.9,267,30.2,88.321,7.139,15.53,,,,,,,,,,-315,,,,,,,,,,1635.4,,
"429","CEDARVALE","2023081612",0,23.3,42,16.8,272,29.1,88.541,8.108,17.093,0,90.287,10.416,21.694,25.616,457.252,44.938,4,,-332.8,,,,,,,,,,1635.4,,
"429","CEDARVALE","2023081613",0,24.4,39,13.9,264,31.5,88.855,7.329,16.778,,,,,,,,,,-333.3,,,,,,,,,,1635.4,,
"429","CEDARVALE","2023081614",0,25,39,12.3,265,31.1,89.131,7.035,16.27,,,,,,,,,,-330.2,,,,,,,,,,1635.4,,
"429","CEDARVALE","2023081615",0,25.8,40,17.5,265,28.8,89.366,9.456,20.237,,,,,,,,,,-346.8,,,,,,,,,,1635.4,,
"429","CEDARVALE","2023081616",0,24.7,45,13.2,271,28.7,89.415,7.667,17.353,,,,,,,,,,-290.3,,,,,,,,,,1635.4,,
"429","CEDARVALE","2023081617",0,25.4,45,13.3,274,27.7,89.464,7.76,17.509,,,,,,,,,,-337.3,,,,,,,,,,1635.4,,
"429","CEDARVALE","2023081618",0,24.2,50,12.4,273,23.9,89.513,7.468,17.017,,,,,,,,,,-324.2,,,,,,,,,,1635.4,,
"429","CEDARVALE","2023081619",0,23.7,51,12.1,274,23.8,89.534,7.378,16.862,,,,,,,,,,-339.8,,,,,,,,,,1635.4,,
"429","CEDARVALE","2023081620",0,22.4,57,12.6,279,28.9,89.353,7.372,16.853,,,,,,,,,,-298.2,,,,,,,,,,1635.4,,
"429","CEDARVALE","2023081621",0,21.2,63,9.9,278,21,89.021,6.136,14.662,,,,,,,,,,-301.3,,,,,,,,,,1635.4,,
"429","CEDARVALE","2023081622",0,20,72,5.2,247,21.4,88.507,4.497,11.475,,,,,,,,,,-246.1,,,,,,,,,,1635.4,,
"429","CEDARVALE","2023081623",0,17,83,3.2,292,8.7,87.724,3.634,9.621,,,,,,,,,,-195.7,,,,,,,,,,1635.4,,
"431","UPPER KISPIOX","2023081600",0,14.3,67,7.9,325,20.8,75.896,1.202,0.674,,,,,,,,,,,,,,,,,,,,2849.6,,
"431","UPPER KISPIOX","2023081601",0,13.8,68,12.2,329,22.9,76.583,1.563,0.876,,,,,,,,,,,,,,,,,,,,2849.6,,
"431","UPPER KISPIOX","2023081602",0,13.9,69,9.9,305,30.3,77.164,1.452,0.814,,,,,,,,,,,,,,,,,,,,2849.6,,
"431","UPPER KISPIOX","2023081603",0,13.6,73,8,315,20.6,77.58,1.362,0.764,,,,,,,,,,,,,,,,,,,,2849.6,,
"431","UPPER KISPIOX","2023081604",0,12.2,84,0.9,134,15.9,77.683,0.96,0.538,,,,,,,,,,,,,,,,,,,,2849.6,,
"431","UPPER KISPIOX","2023081605",0,11.2,89,1.3,83,6.2,77.728,0.984,0.551,,,,,,,,,,,,,,,,,,,,2849.6,,
"431","UPPER KISPIOX","2023081606",0,11.5,90,0,147,4.6,77.773,0.925,0.518,,,,,,,,,,,,,,,,,,,,2849.6,,
"431","UPPER KISPIOX","2023081607",0,14.5,75,0,47,0,77.968,0.94,0.527,,,,,,,,,,,,,,,,,,,,2849.6,,
"431","UPPER KISPIOX","2023081608",0,14.7,76,0.1,295,6.6,78.162,0.96,0.538,,,,,,,,,,,,,,,,,,,,2849.6,,
"431","UPPER KISPIOX","2023081609",0,16,63,2.4,184,5,78.675,1.128,0.632,,,,,,,,,,,,,,,,,,,,2849.6,,
"431","UPPER KISPIOX","2023081610",0,16.4,68,2,138,4.3,79.057,1.145,0.642,,,,,,,,,,,,,,,,,,,,2849.6,,
"431","UPPER KISPIOX","2023081611",0,19,52,3.3,311,6.1,79.87,1.325,0.743,,,,,,,,,,,,,,,,,,,,2849.6,,
"431","UPPER KISPIOX","2023081612",0,18.9,58,3.4,300,9,80.468,1.419,0.795,0,80.556,1.432,0.953,6.223,370.357,11.945,1,,,,,,,,,,,,2849.6,,
"431","UPPER KISPIOX","2023081613",0,20.1,47,4.3,290,10.1,81.347,1.638,1.385,,,,,,,,,,,,,,,,,,,,2849.6,,
"431","UPPER KISPIOX","2023081614",0,21.9,46,5.8,3,9.7,82.281,1.976,1.986,,,,,,,,,,,,,,,,,,,,2849.6,,
"431","UPPER KISPIOX","2023081615",0,21.7,54,6.3,329,16.6,82.887,2.186,2.318,,,,,,,,,,,,,,,,,,,,2849.6,,
"431","UPPER KISPIOX","2023081616",0,23.9,50,5.6,272,15.2,83.605,2.316,2.514,,,,,,,,,,,,,,,,,,,,2849.6,,
"431","UPPER KISPIOX","2023081617",0,23.1,55,5.3,323,10.4,84.065,2.425,2.675,,,,,,,,,,,,,,,,,,,,2849.6,,
"431","UPPER KISPIOX","2023081618",0,21.8,61,7.2,288,13.6,84.309,2.757,3.15,,,,,,,,,,,,,,,,,,,,2849.6,,
"431","UPPER KISPIOX","2023081619",0,19.8,68,8.1,325,24.1,84.356,2.903,3.353,,,,,,,,,,,,,,,,,,,,2849.6,,
"431","UPPER KISPIOX","2023081620",0,18.1,74,10.5,293,22.3,84.398,3.295,3.879,,,,,,,,,,,,,,,,,,,,2849.6,,
"431","UPPER KISPIOX","2023081621",0,16.6,80,7.3,300,27.4,84.221,2.738,3.124,,,,,,,,,,,,,,,,,,,,2849.6,,
"431","UPPER KISPIOX","2023081622",0,15.4,84,7.4,310,20.6,83.902,2.637,2.982,,,,,,,,,,,,,,,,,,,,2849.6,,
"431","UPPER KISPIOX","2023081623",0,16.6,74,11.1,288,34.6,83.949,3.198,3.751,,,,,,,,,,,,,,,,,,,,2849.6,,
"432","BELL-IRVING","2023081600",0,12.2,100,0,144,0,25.01,0.001,0,,,,,,,,,,,,,,,,,,,,717.2,,
"432","BELL-IRVING","2023081601",0,12.1,100,0,23,0,25.038,0.001,0,,,,,,,,,,,,,,,,,,,,717.2,,
"432","BELL-IRVING","2023081602",0,11.9,100,0,198,0,25.066,0.001,0,,,,,,,,,,,,,,,,,,,,717.2,,
"432","BELL-IRVING","2023081603",0,11.7,100,0.2,185,3.2,25.094,0.001,0,,,,,,,,,,,,,,,,,,,,717.2,,
"432","BELL-IRVING","2023081604",0,11.5,100,0,91,2,25.122,0.001,0,,,,,,,,,,,,,,,,,,,,717.2,,
"432","BELL-IRVING","2023081605",0,11.2,100,0,99,0,25.15,0.001,0,,,,,,,,,,,,,,,,,,,,717.2,,
"432","BELL-IRVING","2023081606",0,11.1,100,0,230,3.7,25.178,0.001,0,,,,,,,,,,,,,,,,,,,,717.2,,
"432","BELL-IRVING","2023081607",0,11.9,100,0.6,119,3.3,25.206,0.001,0,,,,,,,,,,,,,,,,,,,,717.2,,
"432","BELL-IRVING","2023081608",0,15,80,1.6,257,6.1,26.83,0.001,0.001,,,,,,,,,,,,,,,,,,,,717.2,,
"432","BELL-IRVING","2023081609",0,16.1,70,0,246,5.9,28.43,0.002,0.001,,,,,,,,,,,,,,,,,,,,717.2,,
"432","BELL-IRVING","2023081610",0,18.3,62,2.2,171,13.7,31.443,0.006,0.002,,,,,,,,,,,,,,,,,,,,717.2,,
"432","BELL-IRVING","2023081611",0,17.8,60,4,139,14,34.734,0.014,0.006,,,,,,,,,,,,,,,,,,,,717.2,,
"432","BELL-IRVING","2023081612",0,20.7,52,6.3,144,12.9,39.056,0.04,0.016,0,65.953,0.751,0.414,4.434,209.171,8.422,1,,,,,,,,,,,,717.2,,
"432","BELL-IRVING","2023081613",0,19.9,57,2.6,202,15.3,42.292,0.06,0.033,,,,,,,,,,,,,,,,,,,,717.2,,
"432","BELL-IRVING","2023081614",0,20.8,63,5.6,320,13.2,45.612,0.12,0.066,,,,,,,,,,,,,,,,,,,,717.2,,
"432","BELL-IRVING","2023081615",0,19.4,68,1.8,360,9.6,47.84,0.136,0.075,,,,,,,,,,,,,,,,,,,,717.2,,
"432","BELL-IRVING","2023081616",0,18.5,73,2.3,326,11.3,49.733,0.178,0.098,,,,,,,,,,,,,,,,,,,,717.2,,
"432","BELL-IRVING","2023081617",0,18.2,77,0,335,6.8,50.744,0.179,0.099,,,,,,,,,,,,,,,,,,,,717.2,,
"432","BELL-IRVING","2023081618",0,17,81,1.9,341,8.9,51.972,0.227,0.125,,,,,,,,,,,,,,,,,,,,717.2,,
"432","BELL-IRVING","2023081619",0,16.1,88,3.2,105,6,52.836,0.266,0.146,,,,,,,,,,,,,,,,,,,,717.2,,
"432","BELL-IRVING","2023081620",0,13.5,98,0.5,106,5.1,52.953,0.235,0.129,,,,,,,,,,,,,,,,,,,,717.2,,
"432","BELL-IRVING","2023081621",0,11.9,100,0.4,178,5.6,52.99,0.234,0.129,,,,,,,,,,,,,,,,,,,,717.2,,
"432","BELL-IRVING","2023081622",0,10.7,100,0.1,54,4.5,53.027,0.232,0.128,,,,,,,,,,,,,,,,,,,,717.2,,
"432","BELL-IRVING","2023081623",0,10.1,100,1,146,7.2,53.064,0.243,0.134,,,,,,,,,,,,,,,,,,,,717.2,,
"433","CRANBERRY","2023081600",0,13,72,19.1,235,40.6,64.746,1.367,0.595,,,,,,,,,,,,,,,,,,,,2832.4,,
"433","CRANBERRY","2023081601",0,12.6,76,19.2,236,37.9,66.078,1.446,0.629,,,,,,,,,,,,,,,,,,,,2832.4,,
"433","CRANBERRY","2023081602",0,12.9,75,16.9,233,34.5,67.329,1.345,0.585,,,,,,,,,,,,,,,,,,,,2832.4,,
"433","CRANBERRY","2023081603",0,12.9,75,15.5,239,35,68.466,1.301,0.566,,,,,,,,,,,,,,,,,,,,2832.4,,
"433","CRANBERRY","2023081604",0,12.6,78,9.6,251,29.9,69.288,0.992,0.432,,,,,,,,,,,,,,,,,,,,2832.4,,
"433","CRANBERRY","2023081605",0,12,80,8.4,251,26.4,69.955,0.954,0.415,,,,,,,,,,,,,,,,,,,,2832.4,,
"433","CRANBERRY","2023081606",0,11.8,84,5,204,15.6,70.394,0.815,0.355,,,,,,,,,,,,,,,,,,,,2832.4,,
"433","CRANBERRY","2023081607",0,12.2,82,7.3,183,15,70.927,0.932,0.405,,,,,,,,,,,,,,,,,,,,2832.4,,
"433","CRANBERRY","2023081608",0,12.5,84,6.1,161,21.2,71.361,0.89,0.387,,,,,,,,,,,,,,,,,,,,2832.4,,
"433","CRANBERRY","2023081609",0,13.1,84,5.9,184,10.2,71.785,0.894,0.389,,,,,,,,,,,,,,,,,,,,2832.4,,
"433","CRANBERRY","2023081610",0,15.1,70,5.3,158,13.9,72.628,0.896,0.39,,,,,,,,,,,,,,,,,,,,2832.4,,
"433","CRANBERRY","2023081611",0,15.8,71,8.9,175,14.8,73.509,1.114,0.485,,,,,,,,,,,,,,,,,,,,2832.4,,
"433","CRANBERRY","2023081612",0,16.9,68,7.4,220,19,74.419,1.079,0.469,0,71.365,0.931,0.48,3.819,275.602,7.383,1,,,,,,,,,,,,2832.4,,
"433","CRANBERRY","2023081613",0,17.9,65,11.9,240,22.6,75.491,1.435,0.74,,,,,,,,,,,,,,,,,,,,2832.4,,
"433","CRANBERRY","2023081614",0,19.3,65,10.3,264,24.8,76.494,1.411,0.728,,,,,,,,,,,,,,,,,,,,2832.4,,
"433","CRANBERRY","2023081615",0,21.9,59,11.6,234,22.6,77.751,1.656,0.854,,,,,,,,,,,,,,,,,,,,2832.4,,
"433","CRANBERRY","2023081616",0,22.3,59,13.5,248,23.4,78.919,2.018,1.216,,,,,,,,,,,,,,,,,,,,2832.4,,
"433","CRANBERRY","2023081617",0,19.6,67,11,250,32.2,79.545,1.89,0.974,,,,,,,,,,,,,,,,,,,,2832.4,,
"433","CRANBERRY","2023081618",0,18.7,70,14.5,245,24.2,80.031,2.369,1.749,,,,,,,,,,,,,,,,,,,,2832.4,,
"433","CRANBERRY","2023081619",0,18.3,73,15.2,237,33.5,80.382,2.547,1.98,,,,,,,,,,,,,,,,,,,,2832.4,,
"433","CRANBERRY","2023081620",0,16,84,13.9,253,32.6,80.428,2.397,1.787,,,,,,,,,,,,,,,,,,,,2832.4,,
"433","CRANBERRY","2023081621",0,15.2,85,15.2,233,33.3,80.474,2.573,2.012,,,,,,,,,,,,,,,,,,,,2832.4,,
"433","CRANBERRY","2023081622",0,15,85,15.1,222,31.4,80.52,2.572,2.012,,,,,,,,,,,,,,,,,,,,2832.4,,
"433","CRANBERRY","2023081623",0,14.5,86,14,225,31.8,80.566,2.446,1.851,,,,,,,,,,,,,,,,,,,,2832.4,,
"437","NOEL","2023081600",0,9.5,94,1.6,325,8.5,86.276,2.729,8.43,,,,,,,,,,9.3,,,,,,,,2,772.768,,,
"437","NOEL","2023081601",0,13.7,58,10.9,228,14.9,86.324,4.39,12.516,,,,,,,,,,-11.7,,,,,,,,2,772.303,,,
"437","NOEL","2023081602",0,13.6,52,10.6,232,16.6,86.372,4.353,12.433,,,,,,,,,,-106.5,,,,,,,,2,772.78,,,
"437","NOEL","2023081603",0,13.1,52,8.3,245,13.7,86.42,3.903,11.389,,,,,,,,,,-108.1,,,,,,,,2,772.791,,,
"437","NOEL","2023081604",0,12.3,56,11.4,222,15.4,86.468,4.594,12.975,,,,,,,,,,-9,,,,,,,,2,772.825,,,
"437","NOEL","2023081605",0,12.1,55,9.6,236,16.6,86.516,4.225,12.138,,,,,,,,,,-22.1,,,,,,,,2,772.847,,,
"437","NOEL","2023081606",0,13.3,55,7.2,230,10.8,86.564,3.769,11.068,,,,,,,,,,0.8,,,,,,,,2,771.588,,,
"437","NOEL","2023081607",0,15.8,49,7.4,199,13.7,86.641,3.849,11.26,,,,,,,,,,11.2,,,,,,,,2,772.321,,,
"437","NOEL","2023081608",0,17.5,45,13.5,223,24.1,86.845,5.387,14.688,,,,,,,,,,-55.7,,,,,,,,2,772.303,,,
"437","NOEL","2023081609",0,18.7,41,14.8,226,28.7,87.166,6.021,15.987,,,,,,,,,,-66.6,,,,,,,,2,771.197,,,
"437","NOEL","2023081610",0,20,39,19.1,231,32.1,87.56,7.911,19.574,,,,,,,,,,-84.7,,,,,,,,2,771.697,,,
"437","NOEL","2023081611",0,21.9,37,22.2,231,37.3,88.047,9.915,23.013,,,,,,,,,,-69.3,,,,,,,,2,771.56,,,
"437","NOEL","2023081612",0,23.3,35,22.5,231,40.2,88.586,10.875,24.558,0,90.542,14.397,31.022,35.417,435.137,58.858,4,,-95.2,,,,,,,,2,770.496,,,
"437","NOEL","2023081613",0,24.2,35,20.2,227,40.8,89.055,10.361,24.764,,,,,,,,,,-63.3,,,,,,,,2,770.151,,,
"437","NOEL","2023081614",0,24.7,37,20.5,230,47.7,89.381,11.022,25.853,,,,,,,,,,-95.4,,,,,,,,2,767.796,,,
"437","NOEL","2023081615",0,24.4,36,20,227,39,89.669,11.202,26.144,,,,,,,,,,-104.7,,,,,,,,2,769.352,,,
"437","NOEL","2023081616",0,23.9,37,28,219,46.5,89.857,17.219,34.952,,,,,,,,,,-80.5,,,,,,,,2,764.395,,,
"437","NOEL","2023081617",0,22.1,43,16.5,214,40.8,89.906,9.715,23.672,,,,,,,,,,-113,,,,,,,,2,770.288,,,
"437","NOEL","2023081618",0,21.7,44,15.5,216,26.4,89.955,9.303,22.959,,,,,,,,,,-58,,,,,,,,2,770.284,,,
"437","NOEL","2023081619",0,22.2,40,15.6,222,43.1,90.004,9.415,23.156,,,,,,,,,,-56.1,,,,,,,,2,770.814,,,
"437","NOEL","2023081620",0,21,42,10.7,252,39.6,90.053,7.407,19.498,,,,,,,,,,-94.1,,,,,,,,2,771.311,,,
"437","NOEL","2023081621",0,21,43,14.2,237,24.6,90.102,8.898,22.247,,,,,,,,,,-113,,,,,,,,2,771.307,,,
"437","NOEL","2023081622",0,20.2,46,5.9,237,18.3,90.094,5.85,16.373,,,,,,,,,,-114.8,,,,,,,,2,771.801,,,
"437","NOEL","2023081623",0,18.9,48,5.8,219,19.5,90.024,5.762,16.188,,,,,,,,,,-127.8,,,,,,,,2,770.791,,,
"438","ELK MOUNTAIN","2023081600",0,11.1,100,2.5,84,5.1,51.289,0.217,0.137,,,,,,,,,0,0,,0,0,0,0,0,,0,0,,0,
"438","ELK MOUNTAIN","2023081601",0,10.3,100,1.8,223,4.5,51.326,0.21,0.133,,,,,,,,,0,0,,0,0,0,0,0,,0,0,,0,
"438","ELK MOUNTAIN","2023081602",0,10.3,100,1.6,78,3.3,51.363,0.209,0.132,,,,,,,,,0,0,,0,0,0,0,0,,0,0,,0,
"438","ELK MOUNTAIN","2023081603",0,10.4,100,2.7,119,5.1,51.4,0.222,0.14,,,,,,,,,0,0,,0,0,0,0,0,,0,0,,0,
"438","ELK MOUNTAIN","2023081604",0,8.7,100,2,21,3.9,51.437,0.215,0.136,,,,,,,,,0,0,,0,0,0,0,0,,0,0,,0,
"438","ELK MOUNTAIN","2023081605",0,8.7,100,2.2,153,4.5,51.474,0.218,0.138,,,,,,,,,0,0,,0,0,0,0,0,,0,0,,0,
"438","ELK MOUNTAIN","2023081606",0,10,100,1.8,10,4.5,51.511,0.214,0.136,,,,,,,,,0,0,,0,0,0,0,0,,0,0,,0,
"438","ELK MOUNTAIN","2023081607",0,10.7,100,2,285,5.6,51.548,0.217,0.138,,,,,,,,,0,0,,0,0,0,0,0,,0,0,,0,
"438","ELK MOUNTAIN","2023081608",0,11.9,100,1.7,166,5.1,51.585,0.215,0.136,,,,,,,,,0,0,,0,0,0,0,0,,0,0,,0,
"438","ELK MOUNTAIN","2023081609",0,13.7,88,2.9,122,6.2,52.363,0.249,0.158,,,,,,,,,0,0,,0,0,0,0,0,,0,0,,0,
"438","ELK MOUNTAIN","2023081610",0,17.7,66,0,165,5.1,53.735,0.248,0.157,,,,,,,,,0,0,,0,0,0,0,0,,0,0,,0,
"438","ELK MOUNTAIN","2023081611",0,17.9,66,0,353,6.2,55.075,0.281,0.178,,,,,,,,,0,0,,0,0,0,0,0,,0,0,,0,
"438","ELK MOUNTAIN","2023081612",0,21.2,56,5.8,32,11.4,58.08,0.481,0.305,0,72.576,0.917,0.656,9.179,64.518,13.541,1,0,0,,0,0,0,0,0,,0,0,,0,
"438","ELK MOUNTAIN","2023081613",0,22.1,49,6.6,344,13.1,61.354,0.619,0.442,,,,,,,,,0,0,,0,0,0,0,0,,0,0,,0,
"438","ELK MOUNTAIN","2023081614",0,21.7,56,5.3,264,12,63.896,0.658,0.47,,,,,,,,,0,0,,0,0,0,0,0,,0,0,,0,
"438","ELK MOUNTAIN","2023081615",0,23.6,50,4.8,148,11.4,66.631,0.714,0.511,,,,,,,,,0,0,,0,0,0,0,0,,0,0,,0,
"438","ELK MOUNTAIN","2023081616",0,25.5,44,4.7,193,10.8,69.56,0.782,0.559,,,,,,,,,0,0,,0,0,0,0,0,,0,0,,0,
"438","ELK MOUNTAIN","2023081617",0,24.7,51,3.6,122,10.2,71.711,0.794,0.568,,,,,,,,,0,0,,0,0,0,0,0,,0,0,,0,
"438","ELK MOUNTAIN","2023081618",0,21.7,61,4.4,24,22.3,73.123,0.873,0.625,,,,,,,,,0,0,,0,0,0,0,0,,0,0,,0,
"438","ELK MOUNTAIN","2023081619",0,19.5,71,6.1,352,13.7,74.046,0.992,0.709,,,,,,,,,0,0,,0,0,0,0,0,,0,0,,0,
"438","ELK MOUNTAIN","2023081620",0,14.2,93,3.7,10,11.4,74.136,0.883,0.631,,,,,,,,,0,0,,0,0,0,0,0,,0,0,,0,
"438","ELK MOUNTAIN","2023081621",0,11.1,97,1.9,331,7.9,74.18,0.808,0.578,,,,,,,,,0,0,,0,0,0,0,0,,0,0,,0,
"438","ELK MOUNTAIN","2023081622",0,10.4,99,4,36,7.9,74.137,0.896,0.641,,,,,,,,,0,0,,0,0,0,0,0,,0,0,,0,
"438","ELK MOUNTAIN","2023081623",0,9.1,99,4.7,40,7.9,74.083,0.926,0.662,,,,,,,,,0,0,,0,0,0,0,0,,0,0,,0,
"440","FIRESIDE","2023081600",0,11.1,96,2.8,66,9.3,55.22,0.328,0.244,,,,,,,,,,,,,,,,,,,,451,,
"440","FIRESIDE","2023081601",0.2,10.6,98,4.5,204,5.6,52.629,0.277,0.207,,,,,,,,,,,,,,,,,,,,451.2,,
"440","FIRESIDE","2023081602",0,10.1,94,4.2,231,9.7,53.014,0.284,0.212,,,,,,,,,,,,,,,,,,,,451.2,,
"440","FIRESIDE","2023081603",0,10.2,90,4.3,234,13.6,53.623,0.304,0.227,,,,,,,,,,,,,,,,,,,,451.2,,
"440","FIRESIDE","2023081604",0,7.2,96,3.6,231,8.6,53.849,0.3,0.224,,,,,,,,,,,,,,,,,,,,451.2,,
"440","FIRESIDE","2023081605",0,8.2,97,3.2,230,14.8,54.026,0.299,0.223,,,,,,,,,,,,,,,,,,,,451.2,,
"440","FIRESIDE","2023081606",0,9.5,85,5.4,217,15.3,54.892,0.363,0.27,,,,,,,,,,,,,,,,,,,,451.2,,
"440","FIRESIDE","2023081607",0,12.1,71,6.5,213,16.8,56.518,0.442,0.329,,,,,,,,,,,,,,,,,,,,451.2,,
"440","FIRESIDE","2023081608",0,13.1,72,3.9,215,12.9,57.932,0.433,0.322,,,,,,,,,,,,,,,,,,,,451.2,,
"440","FIRESIDE","2023081609",0,14.4,67,8,221,16.7,59.803,0.605,0.451,,,,,,,,,,,,,,,,,,,,451.2,,
"440","FIRESIDE","2023081610",0,14.1,68,3.7,197,15.3,61.258,0.532,0.396,,,,,,,,,,,,,,,,,,,,451.2,,
"440","FIRESIDE","2023081611",0,15.6,64,4.4,190,10.4,62.92,0.601,0.448,,,,,,,,,,,,,,,,,,,,451.2,,
"440","FIRESIDE","2023081612",0,16.9,67,4.6,222,10.5,64.473,0.651,0.485,0.4,75.686,1.005,0.814,8.932,317.746,16.692,1,,,,,,,,,,,,451.2,,
"440","FIRESIDE","2023081613",0,18.3,60,6.7,221,17.2,66.404,0.779,0.632,,,,,,,,,,,,,,,,,,,,451.2,,
"440","FIRESIDE","2023081614",0,21.3,44,14.7,234,30.2,69.463,1.29,1.235,,,,,,,,,,,,,,,,,,,,451.2,,
"440","FIRESIDE","2023081615",0,22,35,18.5,245,42.2,72.764,1.751,2.234,,,,,,,,,,,,,,,,,,,,451.2,,
"440","FIRESIDE","2023081616",0,22.6,36,15.2,238,39.9,75.528,1.698,2.132,,,,,,,,,,,,,,,,,,,,451.2,,
"440","FIRESIDE","2023081617",0,22.4,34,14.3,267,43.3,77.936,1.926,2.558,,,,,,,,,,,,,,,,,,,,451.2,,
"440","FIRESIDE","2023081618",0,21,35,15.2,254,36.5,79.859,2.411,3.396,,,,,,,,,,,,,,,,,,,,451.2,,
"440","FIRESIDE","2023081619",0,19.6,33,10.7,261,37.7,81.371,2.268,3.157,,,,,,,,,,,,,,,,,,,,451.2,,
"440","FIRESIDE","2023081620",0,17.2,39,7.1,269,28.8,82.294,2.113,2.89,,,,,,,,,,,,,,,,,,,,451.2,,
"440","FIRESIDE","2023081621",0,14,46,6.5,280,14.4,82.816,2.189,3.021,,,,,,,,,,,,,,,,,,,,451.2,,
"440","FIRESIDE","2023081622",0,10.2,67,4.3,298,15.2,82.867,1.972,2.64,,,,,,,,,,,,,,,,,,,,451.2,,
"440","FIRESIDE","2023081623",0,12.4,49,6.3,277,17.4,83.229,2.284,3.184,,,,,,,,,,,,,,,,,,,,451.2,,
"444","KETCHIKA","2023081600",0,11.5,76,3.5,108,9.7,84.875,2.471,10.384,,,,,,,,,0,0,,0,0,0,0,0,,0,0,,0,
"444","KETCHIKA","2023081601",0,11,77,3.3,106,10.2,84.694,2.387,10.088,,,,,,,,,0,0,,0,0,0,0,0,,0,0,,0,
"444","KETCHIKA","2023081602",0,10.9,77,5,105,11.4,84.52,2.539,10.62,,,,,,,,,0,0,,0,0,0,0,0,,0,0,,0,
"444","KETCHIKA","2023081603",0,9.9,81,3.5,118,10.8,84.266,2.275,9.691,,,,,,,,,0,0,,0,0,0,0,0,,0,0,,0,
"444","KETCHIKA","2023081604",0,10.6,77,5,126,9.7,84.133,2.41,10.171,,,,,,,,,0,0,,0,0,0,0,0,,0,0,,0,
"444","KETCHIKA","2023081605",0,11.4,73,4.8,122,10.2,84.112,2.379,10.063,,,,,,,,,0,0,,0,0,0,0,0,,0,0,,0,
"444","KETCHIKA","2023081606",0,13.5,65,6.9,131,14.9,84.159,2.662,11.039,,,,,,,,,0,0,,0,0,0,0,0,,0,0,,0,
"444","KETCHIKA","2023081607",0,14.6,58,8.5,138,18.9,84.3,2.94,11.965,,,,,,,,,0,0,,0,0,0,0,0,,0,0,,0,
"444","KETCHIKA","2023081608",0,15.2,57,7.8,132,22.9,84.454,2.898,11.828,,,,,,,,,0,0,,0,0,0,0,0,,0,0,,0,
"444","KETCHIKA","2023081609",0,17,53,8.9,139,23.5,84.713,3.173,12.716,,,,,,,,,0,0,,0,0,0,0,0,,0,0,,0,
"444","KETCHIKA","2023081610",0,17.5,54,10.7,134,22.9,84.942,3.584,13.992,,,,,,,,,0,0,,0,0,0,0,0,,0,0,,0,
"444","KETCHIKA","2023081611",0,18.7,51,10.7,136,26.9,85.243,3.736,14.449,,,,,,,,,0,0,,0,0,0,0,0,,0,0,,0,
"444","KETCHIKA","2023081612",0,20.3,49,9.7,129,25.2,85.598,3.732,14.436,0,88.459,5.603,19.988,51.982,853.16,90.222,4,0,0,,0,0,0,0,0,,0,0,,0,
"444","KETCHIKA","2023081613",0,22.5,43,7.4,136,23.5,86.125,3.578,14.293,,,,,,,,,0,0,,0,0,0,0,0,,0,0,,0,
"444","KETCHIKA","2023081614",0,25.6,35,8.9,122,25.2,86.999,4.367,16.635,,,,,,,,,0,0,,0,0,0,0,0,,0,0,,0,
"444","KETCHIKA","2023081615",0,27.5,32,9.2,139,23.5,87.955,5.082,18.616,,,,,,,,,0,0,,0,0,0,0,0,,0,0,,0,
"444","KETCHIKA","2023081616",0,24.2,36,7.2,138,23.5,88.416,4.91,18.149,,,,,,,,,0,0,,0,0,0,0,0,,0,0,,0,
"444","KETCHIKA","2023081617",0,25.8,25,7.2,207,22.9,89.279,5.557,19.869,,,,,,,,,0,0,,0,0,0,0,0,,0,0,,0,
"444","KETCHIKA","2023081618",0,23.4,37,6.8,140,17.2,89.478,5.604,19.99,,,,,,,,,0,0,,0,0,0,0,0,,0,0,,0,
"444","KETCHIKA","2023081619",0,21.5,41,6.4,137,18.3,89.527,5.531,19.802,,,,,,,,,0,0,,0,0,0,0,0,,0,0,,0,
"444","KETCHIKA","2023081620",0,19.4,41,5.9,134,17.2,89.576,5.431,19.542,,,,,,,,,0,0,,0,0,0,0,0,,0,0,,0,
"444","KETCHIKA","2023081621",0,17.6,43,6,124,16.6,89.625,5.497,19.714,,,,,,,,,0,0,,0,0,0,0,0,,0,0,,0,
"444","KETCHIKA","2023081622",0,16.6,41,5.9,120,14.9,89.674,5.508,19.743,,,,,,,,,0,0,,0,0,0,0,0,,0,0,,0,
"444","KETCHIKA","2023081623",0,16.1,49,5,121,12.5,89.594,5.204,18.941,,,,,,,,,0,0,,0,0,0,0,0,,0,0,,0,
"445","BOYA LAKE","2023081600",0,10.2,79,4,203,13.3,84.904,2.544,6.753,,,,,,,,,,,,,,,,,,,,3880,,
"445","BOYA LAKE","2023081601",0,10.7,75,2.3,163,15.5,84.77,2.293,6.124,,,,,,,,,,,,,,,,,,,,3880,,
"445","BOYA LAKE","2023081602",0,11.8,73,5.7,150,16.4,84.686,2.69,7.108,,,,,,,,,,,,,,,,,,,,3880,,
"445","BOYA LAKE","2023081603",0,12.2,69,6.1,159,20.6,84.698,2.75,7.251,,,,,,,,,,,,,,,,,,,,3880,,
"445","BOYA LAKE","2023081604",0,12.4,68,7,196,20.8,84.731,2.89,7.585,,,,,,,,,,,,,,,,,,,,3880,,
"445","BOYA LAKE","2023081605",0,12.2,67,6,158,18.9,84.777,2.765,7.289,,,,,,,,,,,,,,,,,,,,3880,,
"445","BOYA LAKE","2023081606",0,12.3,67,5.1,156,16.8,84.82,2.658,7.031,,,,,,,,,,,,,,,,,,,,3880,,
"445","BOYA LAKE","2023081607",0,12.5,69,5.8,160,17.4,84.823,2.755,7.264,,,,,,,,,,,,,,,,,,,,3880,,
"445","BOYA LAKE","2023081608",0,12.2,74,4.3,266,14.4,84.721,2.519,6.691,,,,,,,,,,,,,,,,,,,,3880,,
"445","BOYA LAKE","2023081609",0,14.3,65,6.6,133,18.6,84.769,2.847,7.483,,,,,,,,,,,,,,,,,,,,3880,,
"445","BOYA LAKE","2023081610",0,14.7,65,6.5,161,19,84.817,2.851,7.493,,,,,,,,,,,,,,,,,,,,3880,,
"445","BOYA LAKE","2023081611",0,15.6,63,6.9,154,16.2,84.865,2.929,7.675,,,,,,,,,,,,,,,,,,,,3880,,
"445","BOYA LAKE","2023081612",0,16.6,61,4.1,137,16.2,84.918,2.562,6.796,0,87.206,3.532,9.346,24.633,585.262,44.576,3,,,,,,,,,,,,3880,,
"445","BOYA LAKE","2023081613",0,21.1,44,8.3,207,22,85.464,3.413,9.078,,,,,,,,,,,,,,,,,,,,3880,,
"445","BOYA LAKE","2023081614",0,21.3,43,10.1,224,28,85.989,4.022,10.422,,,,,,,,,,,,,,,,,,,,3880,,
"445","BOYA LAKE","2023081615",0,22.3,38,15.4,223,34.4,86.682,5.793,13.963,,,,,,,,,,,,,,,,,,,,3880,,
"445","BOYA LAKE","2023081616",0,22.7,34,10.8,224,35.7,87.378,5.073,12.58,,,,,,,,,,,,,,,,,,,,3880,,
"445","BOYA LAKE","2023081617",0,22.8,29,13,222,34.8,88.171,6.349,14.986,,,,,,,,,,,,,,,,,,,,3880,,
"445","BOYA LAKE","2023081618",0,20.3,31,13.4,233,45.4,88.653,6.942,16.039,,,,,,,,,,,,,,,,,,,,3880,,
"445","BOYA LAKE","2023081619",0,18.1,34,11.1,253,49.8,88.885,6.392,15.063,,,,,,,,,,,,,,,,,,,,3880,,
"445","BOYA LAKE","2023081620",0,16.8,37,5.8,236,30.1,88.967,4.952,12.341,,,,,,,,,,,,,,,,,,,,3880,,
"445","BOYA LAKE","2023081621",0,14.9,42,5.2,115,15.4,89.016,4.838,12.114,,,,,,,,,,,,,,,,,,,,3880,,
"445","BOYA LAKE","2023081622",0,13.6,48,3.9,182,15.3,88.989,4.514,11.456,,,,,,,,,,,,,,,,,,,,3880,,
"445","BOYA LAKE","2023081623",0,13.4,42,8.2,232,21.4,89.038,5.645,13.685,,,,,,,,,,,,,,,,,,,,3880,,
"474","FROTH-WIND","2023081600",0,,0,9,149,28.1,,,,,,,,,,,,,,,,,,,,,,,,,
"474","FROTH-WIND","2023081601",0,,0,8.3,147,24.6,,,,,,,,,,,,,,,,,,,,,,,,,
"474","FROTH-WIND","2023081602",0,,0,7.8,28,23.5,,,,,,,,,,,,,,,,,,,,,,,,,
"474","FROTH-WIND","2023081603",0,,0,8.6,67,18.9,,,,,,,,,,,,,,,,,,,,,,,,,
"474","FROTH-WIND","2023081604",0,,0,11.3,226,22.3,,,,,,,,,,,,,,,,,,,,,,,,,
"474","FROTH-WIND","2023081605",0,,0,8.7,251,18.3,,,,,,,,,,,,,,,,,,,,,,,,,
"474","FROTH-WIND","2023081606",0,,0,16.4,289,24.1,,,,,,,,,,,,,,,,,,,,,,,,,
"474","FROTH-WIND","2023081607",0,,0,11.9,312,18.9,,,,,,,,,,,,,,,,,,,,,,,,,
"474","FROTH-WIND","2023081608",0,,0,9.7,285,16.6,,,,,,,,,,,,,,,,,,,,,,,,,
"474","FROTH-WIND","2023081609",0,,0,5.4,248,10.8,,,,,,,,,,,,,,,,,,,,,,,,,
"474","FROTH-WIND","2023081610",,,,,,,,,,,,,,,,,,,,,,,,,,,,,,,
"474","FROTH-WIND","2023081611",0,,0,10.4,245,21.8,,,,,,,,,,,,,,,,,,,,,,,,,
"474","FROTH-WIND","2023081612",0,,0,11.8,235,22.3,,,,0,,,,,,,,,,,,,,,,,,,,,
"474","FROTH-WIND","2023081613",0,,0,11.2,256,22.3,,,,,,,,,,,,,,,,,,,,,,,,,
"474","FROTH-WIND","2023081614",0,,0,13.2,242,26.9,,,,,,,,,,,,,,,,,,,,,,,,,
"474","FROTH-WIND","2023081615",0,,0,17.2,286,29.8,,,,,,,,,,,,,,,,,,,,,,,,,
"474","FROTH-WIND","2023081616",0,,0,14,225,31.6,,,,,,,,,,,,,,,,,,,,,,,,,
"474","FROTH-WIND","2023081617",0,,0,13.5,222,22.9,,,,,,,,,,,,,,,,,,,,,,,,,
"474","FROTH-WIND","2023081618",0,,0,11.6,232,22.3,,,,,,,,,,,,,,,,,,,,,,,,,
"474","FROTH-WIND","2023081619",0,,0,7.5,217,20,,,,,,,,,,,,,,,,,,,,,,,,,
"474","FROTH-WIND","2023081620",0,,0,7.2,219,13.1,,,,,,,,,,,,,,,,,,,,,,,,,
"474","FROTH-WIND","2023081621",0,,0,5.6,106,16.6,,,,,,,,,,,,,,,,,,,,,,,,,
"474","FROTH-WIND","2023081622",0,,0,5.2,210,16.6,,,,,,,,,,,,,,,,,,,,,,,,,
"474","FROTH-WIND","2023081623",0,,0,5.7,148,9.7,,,,,,,,,,,,,,,,,,,,,,,,,
"480","SILVERSTAR SF","2023081600",0,18.3,48,0,313,0,,,,,,,,,,,,,,,,,,,,,,,,,
"480","SILVERSTAR SF","2023081601",0,17.2,47,0,322,0,,,,,,,,,,,,,,,,,,,,,,,,,
"480","SILVERSTAR SF","2023081602",0,16.4,45,0,316,0,,,,,,,,,,,,,,,,,,,,,,,,,
"480","SILVERSTAR SF","2023081603",0,15.7,44,0,315,2.2,,,,,,,,,,,,,,,,,,,,,,,,,
"480","SILVERSTAR SF","2023081604",0,15.1,46,0,306,2.2,,,,,,,,,,,,,,,,,,,,,,,,,
"480","SILVERSTAR SF","2023081605",0,14,46,0,310,0,,,,,,,,,,,,,,,,,,,,,,,,,
"480","SILVERSTAR SF","2023081606",0,13.8,46,1.6,317,2.2,,,,,,,,,,,,,,,,,,,,,,,,,
"480","SILVERSTAR SF","2023081607",0,14.5,44,0,324,2.8,,,,,,,,,,,,,,,,,,,,,,,,,
"480","SILVERSTAR SF","2023081608",0,15.5,43,0,312,0,,,,,,,,,,,,,,,,,,,,,,,,,
"480","SILVERSTAR SF","2023081609",0,17.3,37,0,336,0,,,,,,,,,,,,,,,,,,,,,,,,,
"480","SILVERSTAR SF","2023081610",0,17.5,37,0,304,0,,,,,,,,,,,,,,,,,,,,,,,,,
"480","SILVERSTAR SF","2023081611",0,19.2,32,0,335,0,,,,,,,,,,,,,,,,,,,,,,,,,
"480","SILVERSTAR SF","2023081612",0,22.6,28,0,331,0,,,,0,,,,,,,,,,,,,,,,,,,,,
"480","SILVERSTAR SF","2023081613",0,23.9,27,0,346,0,,,,,,,,,,,,,,,,,,,,,,,,,
"480","SILVERSTAR SF","2023081614",0,24,25,0,304,0,,,,,,,,,,,,,,,,,,,,,,,,,
"480","SILVERSTAR SF","2023081615",0,24.7,27,0,294,0,,,,,,,,,,,,,,,,,,,,,,,,,
"480","SILVERSTAR SF","2023081616",0,24.1,28,0,300,0,,,,,,,,,,,,,,,,,,,,,,,,,
"480","SILVERSTAR SF","2023081617",0,23.1,31,0,298,0,,,,,,,,,,,,,,,,,,,,,,,,,
"480","SILVERSTAR SF","2023081618",0,21.6,34,0,285,0,,,,,,,,,,,,,,,,,,,,,,,,,
"480","SILVERSTAR SF","2023081619",0,18.5,40,0,281,0,,,,,,,,,,,,,,,,,,,,,,,,,
"480","SILVERSTAR SF","2023081620",0,16.6,45,0,287,0,,,,,,,,,,,,,,,,,,,,,,,,,
"480","SILVERSTAR SF","2023081621",0,15.9,47,0,296,0,,,,,,,,,,,,,,,,,,,,,,,,,
"480","SILVERSTAR SF","2023081622",0,14.8,50,0,298,0,,,,,,,,,,,,,,,,,,,,,,,,,
"480","SILVERSTAR SF","2023081623",0,15.8,47,0,316,0,,,,,,,,,,,,,,,,,,,,,,,,,
"503","BAKER","2023081600",0,,0,24.8,262,33.9,,,,,,,,,,,,,,,,,,,,,,,,,
"503","BAKER","2023081601",0,,0,23.8,257,34.4,,,,,,,,,,,,,,,,,,,,,,,,,
"503","BAKER","2023081602",0,,0,23.1,252,32.1,,,,,,,,,,,,,,,,,,,,,,,,,
"503","BAKER","2023081603",0,,0,24.7,263,32.7,,,,,,,,,,,,,,,,,,,,,,,,,
"503","BAKER","2023081604",0,,0,29.1,270,42.5,,,,,,,,,,,,,,,,,,,,,,,,,
"503","BAKER","2023081605",0,,0,33.1,270,45.4,,,,,,,,,,,,,,,,,,,,,,,,,
"503","BAKER","2023081606",0,,0,28.9,267,44.2,,,,,,,,,,,,,,,,,,,,,,,,,
"503","BAKER","2023081607",0,,0,24.5,276,39,,,,,,,,,,,,,,,,,,,,,,,,,
"503","BAKER","2023081608",0,,0,20.7,280,37.3,,,,,,,,,,,,,,,,,,,,,,,,,
"503","BAKER","2023081609",0,,0,17.4,289,27.5,,,,,,,,,,,,,,,,,,,,,,,,,
"503","BAKER","2023081610",0,,0,12.3,294,26.9,,,,,,,,,,,,,,,,,,,,,,,,,
"503","BAKER","2023081611",0,,0,12.7,286,30.4,,,,,,,,,,,,,,,,,,,,,,,,,
"503","BAKER","2023081612",0,,0,11.6,233,29.2,,,,0,,,,,,,,,,,,,,,,,,,,,
"503","BAKER","2023081613",0,,0,13.1,241,25.8,,,,,,,,,,,,,,,,,,,,,,,,,
"503","BAKER","2023081614",0,,0,13.1,266,28.7,,,,,,,,,,,,,,,,,,,,,,,,,
"503","BAKER","2023081615",0,,0,9.6,225,25.8,,,,,,,,,,,,,,,,,,,,,,,,,
"503","BAKER","2023081616",0,,0,15.5,248,26.9,,,,,,,,,,,,,,,,,,,,,,,,,
"503","BAKER","2023081617",0,,0,23.8,256,35,,,,,,,,,,,,,,,,,,,,,,,,,
"503","BAKER","2023081618",0,,0,31.7,251,43.1,,,,,,,,,,,,,,,,,,,,,,,,,
"503","BAKER","2023081619",0,,0,29.8,254,41.3,,,,,,,,,,,,,,,,,,,,,,,,,
"503","BAKER","2023081620",0,,0,25,256,43.6,,,,,,,,,,,,,,,,,,,,,,,,,
"503","BAKER","2023081621",0,,0,24.4,248,40.8,,,,,,,,,,,,,,,,,,,,,,,,,
"503","BAKER","2023081622",0,,0,20.8,272,30.4,,,,,,,,,,,,,,,,,,,,,,,,,
"503","BAKER","2023081623",0,,0,19.3,253,25.8,,,,,,,,,,,,,,,,,,,,,,,,,
"554","CAPILANO GVRD","2023081600",0,17,89,0.1,331,3.9,86.418,2.581,8.566,,,,,,,,,,,,,,,,,,,,,,
"554","CAPILANO GVRD","2023081601",0,16.3,89,0,347,3.4,85.814,2.359,7.916,,,,,,,,,,,,,,,,,,,,,,
"554","CAPILANO GVRD","2023081602",0,16.5,84,0.9,65,3.8,85.394,2.329,7.825,,,,,,,,,,,,,,,,,,,,,,
"554","CAPILANO GVRD","2023081603",0,15.8,87,0.1,28,3.9,84.952,2.104,7.142,,,,,,,,,,,,,,,,,,,,,,
"554","CAPILANO GVRD","2023081604",0,15.1,91,0,300,3.9,84.413,1.945,6.644,,,,,,,,,,,,,,,,,,,,,,
"554","CAPILANO GVRD","2023081605",0,14.7,91,1.3,51,3.8,83.834,1.922,6.57,,,,,,,,,,,,,,,,,,,,,,
"554","CAPILANO GVRD","2023081606",0,14.2,95,0,319,3.9,83.2,1.657,5.702,,,,,,,,,,,,,,,,,,,,,,
"554","CAPILANO GVRD","2023081607",0,14.5,94,1.5,19,3.8,82.577,1.651,5.682,,,,,,,,,,,,,,,,,,,,,,
"554","CAPILANO GVRD","2023081608",0,15.9,94,3.3,62,3.9,81.975,1.678,5.774,,,,,,,,,,,,,,,,,,,,,,
"554","CAPILANO GVRD","2023081609",0,18.1,83,2.6,75,4.5,82.022,1.629,5.61,,,,,,,,,,,,,,,,,,,,,,
"554","CAPILANO GVRD","2023081610",0,24.3,60,3.3,123,5.4,82.542,1.8,6.175,,,,,,,,,,,,,,,,,,,,,,
"554","CAPILANO GVRD","2023081611",0,28.7,46,5.5,292,10.5,83.689,2.33,7.828,,,,,,,,,,,,,,,,,,,,,,
"554","CAPILANO GVRD","2023081612",0,29.7,43,6.3,281,15.3,84.855,2.838,9.293,0,90.657,6.469,18.634,39.739,450.481,65.118,4,,,,,,,,,,,,,,
"554","CAPILANO GVRD","2023081613",0,31.3,38,6.9,272,14.7,86.149,3.501,11.623,,,,,,,,,,,,,,,,,,,,,,
"554","CAPILANO GVRD","2023081614",0,31.8,36,7.8,274,16,87.347,4.342,13.786,,,,,,,,,,,,,,,,,,,,,,
"554","CAPILANO GVRD","2023081615",0,31.5,38,8.2,250,16.8,88.214,5.015,15.406,,,,,,,,,,,,,,,,,,,,,,
"554","CAPILANO GVRD","2023081616",0,31.8,37,6,154,18.1,88.937,4.98,15.323,,,,,,,,,,,,,,,,,,,,,,
"554","CAPILANO GVRD","2023081617",0,31.4,36,5.8,272,13.1,89.539,5.376,16.237,,,,,,,,,,,,,,,,,,,,,,
"554","CAPILANO GVRD","2023081618",0,26.9,56,0.3,66,8.6,89.525,4.066,13.095,,,,,,,,,,,,,,,,,,,,,,
"554","CAPILANO GVRD","2023081619",0,23.6,66,0,330,0,89.271,3.862,12.572,,,,,,,,,,,,,,,,,,,,,,
"554","CAPILANO GVRD","2023081620",0,21.8,72,0,18,3.7,88.893,3.658,12.04,,,,,,,,,,,,,,,,,,,,,,
"554","CAPILANO GVRD","2023081621",0,20.6,76,0,41,3.9,88.451,3.433,11.439,,,,,,,,,,,,,,,,,,,,,,
"554","CAPILANO GVRD","2023081622",0,19.2,82,0,312,0,87.88,3.163,10.699,,,,,,,,,,,,,,,,,,,,,,
"554","CAPILANO GVRD","2023081623",0,18.9,78,1.4,33,3.8,87.404,3.171,10.721,,,,,,,,,,,,,,,,,,,,,,
"555","SEYMOUR GVRD","2023081600",0,21.4,62,3.3,25,4.7,89.965,5.037,13.872,,,,,,,,,,,,,,,,,,,,,,
"555","SEYMOUR GVRD","2023081601",0,20.6,63,0,34,4.3,89.71,4.113,11.815,,,,,,,,,,,,,,,,,,,,,,
"555","SEYMOUR GVRD","2023081602",0,19.8,68,1.5,42,4.2,89.289,4.176,11.96,,,,,,,,,,,,,,,,,,,,,,
"555","SEYMOUR GVRD","2023081603",0,19.4,68,3.4,38,4.1,88.879,4.333,12.319,,,,,,,,,,,,,,,,,,,,,,
"555","SEYMOUR GVRD","2023081604",0,19.1,66,3.6,41,4.5,88.568,4.185,11.983,,,,,,,,,,,,,,,,,,,,,,
"555","SEYMOUR GVRD","2023081605",0,18.8,67,2.6,29,4.3,88.282,3.82,11.128,,,,,,,,,,,,,,,,,,,,,,
"555","SEYMOUR GVRD","2023081606",0,18.2,68,2.5,31,4.1,88.003,3.651,10.725,,,,,,,,,,,,,,,,,,,,,,
"555","SEYMOUR GVRD","2023081607",0,17.9,72,2.6,55,4,87.654,3.491,10.334,,,,,,,,,,,,,,,,,,,,,,
"555","SEYMOUR GVRD","2023081608",0,17.6,75,3,33,4.2,87.258,3.366,10.025,,,,,,,,,,,,,,,,,,,,,,
"555","SEYMOUR GVRD","2023081609",0,18.4,76,3.4,50,4.9,86.881,3.255,9.747,,,,,,,,,,,,,,,,,,,,,,
"555","SEYMOUR GVRD","2023081610",0,22.4,62,1.5,69,7,86.929,2.978,9.039,,,,,,,,,,,,,,,,,,,,,,
"555","SEYMOUR GVRD","2023081611",0,26.8,46,4.6,93,9,87.311,3.676,10.785,,,,,,,,,,,,,,,,,,,,,,
"555","SEYMOUR GVRD","2023081612",0,28.7,45,4.9,116,8.7,87.74,3.968,11.479,0,90.837,6.185,17.04,34.708,472.996,58.655,4,,,,,,,,,,,,,,
"555","SEYMOUR GVRD","2023081613",0,29.9,44,5.1,79,12.9,88.183,4.271,12.822,,,,,,,,,,,,,,,,,,,,,,
"555","SEYMOUR GVRD","2023081614",0,31.9,37,5.1,63,16.4,88.901,4.735,13.902,,,,,,,,,,,,,,,,,,,,,,
"555","SEYMOUR GVRD","2023081615",0,31,40,8.6,55,17.1,89.362,6.034,16.728,,,,,,,,,,,,,,,,,,,,,,
"555","SEYMOUR GVRD","2023081616",0,31,39,7.7,90,17.3,89.765,6.111,16.886,,,,,,,,,,,,,,,,,,,,,,
"555","SEYMOUR GVRD","2023081617",0,31.6,37,6.8,76,15.6,90.189,6.205,17.081,,,,,,,,,,,,,,,,,,,,,,
"555","SEYMOUR GVRD","2023081618",0,30.7,38,6.1,42,14.3,90.451,6.218,17.108,,,,,,,,,,,,,,,,,,,,,,
"555","SEYMOUR GVRD","2023081619",0,29.8,37,4.1,33,13.2,90.658,5.791,16.219,,,,,,,,,,,,,,,,,,,,,,
"555","SEYMOUR GVRD","2023081620",0,25.4,49,3.3,35,8.1,90.617,5.53,15.662,,,,,,,,,,,,,,,,,,,,,,
"555","SEYMOUR GVRD","2023081621",0,23.8,51,3.9,41,5,90.501,5.606,15.826,,,,,,,,,,,,,,,,,,,,,,
"555","SEYMOUR GVRD","2023081622",0,23.3,54,3.8,37,5.2,90.321,5.436,15.459,,,,,,,,,,,,,,,,,,,,,,
"555","SEYMOUR GVRD","2023081623",0,22.8,51,3.2,41,4.9,90.231,5.207,14.96,,,,,,,,,,,,,,,,,,,,,,
"556","COQUITLAM GVRD","2023081600",0,19.1,78,2.9,5,4.1,87.954,3.7,13.634,,,,,,,,,,,,,,,,,,,,,,
"556","COQUITLAM GVRD","2023081601",0,18.2,80,2.8,352,4.3,87.364,3.383,12.709,,,,,,,,,,,,,,,,,,,,,,
"556","COQUITLAM GVRD","2023081602",0,17.7,83,3.3,8,4.3,86.726,3.168,12.061,,,,,,,,,,,,,,,,,,,,,,
"556","COQUITLAM GVRD","2023081603",0,17.8,83,2.7,358,4.8,86.186,2.848,11.065,,,,,,,,,,,,,,,,,,,,,,
"556","COQUITLAM GVRD","2023081604",0,17.3,85,1.4,36,4.7,85.668,2.481,9.869,,,,,,,,,,,,,,,,,,,,,,
"556","COQUITLAM GVRD","2023081605",0,17,86,2,332,4.6,85.154,2.381,9.533,,,,,,,,,,,,,,,,,,,,,,
"556","COQUITLAM GVRD","2023081606",0,17.2,90,2.2,323,3.9,84.499,2.199,8.908,,,,,,,,,,,,,,,,,,,,,,
"556","COQUITLAM GVRD","2023081607",0,17.7,89,2.1,342,5,83.986,2.042,8.354,,,,,,,,,,,,,,,,,,,,,,
"556","COQUITLAM GVRD","2023081608",0,22.6,67,1.9,155,5.9,84.106,2.054,8.397,,,,,,,,,,,,,,,,,,,,,,
"556","COQUITLAM GVRD","2023081609",0,25.7,56,4.5,161,8.1,84.556,2.488,9.894,,,,,,,,,,,,,,,,,,,,,,
"556","COQUITLAM GVRD","2023081610",0,27.6,50,3.9,175,9.8,85.178,2.628,10.357,,,,,,,,,,,,,,,,,,,,,,
"556","COQUITLAM GVRD","2023081611",0,28.6,49,5.1,151,11.6,85.808,3.048,11.691,,,,,,,,,,,,,,,,,,,,,,
"556","COQUITLAM GVRD","2023081612",0,30.3,41,5.6,166,13.2,86.714,3.552,13.205,0,91.43,6.972,22.575,53.941,486.312,84.461,4,,,,,,,,,,,,,,
"556","COQUITLAM GVRD","2023081613",0,32,37,5.2,149,14.6,87.711,4.012,15.034,,,,,,,,,,,,,,,,,,,,,,
"556","COQUITLAM GVRD","2023081614",0,31.9,37,6.2,143,15.4,88.538,4.751,17.081,,,,,,,,,,,,,,,,,,,,,,
"556","COQUITLAM GVRD","2023081615",0,33.1,37,3.8,155,17.2,89.229,4.648,16.805,,,,,,,,,,,,,,,,,,,,,,
"556","COQUITLAM GVRD","2023081616",0,32.2,38,4.1,237,15.7,89.714,5.059,17.898,,,,,,,,,,,,,,,,,,,,,,
"556","COQUITLAM GVRD","2023081617",0,32,40,4.3,162,13.9,90.029,5.347,18.642,,,,,,,,,,,,,,,,,,,,,,
"556","COQUITLAM GVRD","2023081618",0,28.4,49,2.2,313,7.7,90.078,4.844,17.33,,,,,,,,,,,,,,,,,,,,,,
"556","COQUITLAM GVRD","2023081619",0,24.8,59,3.4,352,7.1,89.853,4.982,17.696,,,,,,,,,,,,,,,,,,,,,,
"556","COQUITLAM GVRD","2023081620",0,23,59,3.2,348,5.4,89.636,4.781,17.163,,,,,,,,,,,,,,,,,,,,,,
"556","COQUITLAM GVRD","2023081621",0,21.9,63,2.8,5,5.1,89.339,4.49,16.375,,,,,,,,,,,,,,,,,,,,,,
"556","COQUITLAM GVRD","2023081622",0,21.2,63,3.4,356,4.5,89.066,4.45,16.265,,,,,,,,,,,,,,,,,,,,,,
"556","COQUITLAM GVRD","2023081623",0,20.9,65,3.3,343,4.5,88.776,4.248,15.701,,,,,,,,,,,,,,,,,,,,,,
"599","FORT NELSON FS","2023081600",0,12.9,70,4.8,154,6.2,84.656,2.561,7.946,,,,,,,,,,,,,,,,,,,,,,
"599","FORT NELSON FS","2023081601",0,13.7,70,5.2,161,7.9,84.676,2.62,8.108,,,,,,,,,,,,,,,,,,,,,,
"599","FORT NELSON FS","2023081602",0,13.2,76,3.3,170,9.7,84.56,2.343,7.34,,,,,,,,,,,,,,,,,,,,,,
"599","FORT NELSON FS","2023081603",0,13.4,75,3.1,173,9.1,84.483,2.296,7.204,,,,,,,,,,,,,,,,,,,,,,
"599","FORT NELSON FS","2023081604",0,12.4,81,7.9,182,12,84.214,2.82,8.647,,,,,,,,,,,,,,,,,,,,,,
"599","FORT NELSON FS","2023081605",0,12.1,81,7.6,185,13.7,83.977,2.691,8.301,,,,,,,,,,,,,,,,,,,,,,
"599","FORT NELSON FS","2023081606",0,12,83,7.5,187,10.8,83.701,2.581,8.002,,,,,,,,,,,,,,,,,,,,,,
"599","FORT NELSON FS","2023081607",0,13,80,8.8,188,13.1,83.561,2.706,8.341,,,,,,,,,,,,,,,,,,,,,,
"599","FORT NELSON FS","2023081608",0,14.5,75,8.1,178,13.1,83.606,2.627,8.128,,,,,,,,,,,,,,,,,,,,,,
"599","FORT NELSON FS","2023081609",0,18.1,59,11,191,16.6,83.871,3.149,9.504,,,,,,,,,,,,,,,,,,,,,,
"599","FORT NELSON FS","2023081610",0,20.8,46,10,201,15.4,84.507,3.261,9.788,,,,,,,,,,,,,,,,,,,,,,
"599","FORT NELSON FS","2023081611",0,22,36,9.4,157,16,85.407,3.58,10.58,,,,,,,,,,,,,,,,,,,,,,
"599","FORT NELSON FS","2023081612",0,23.9,36,9.9,162,15.4,86.282,4.149,11.931,0.2,90.316,7.388,19.495,33.751,590.023,59.057,4,,,,,,,,,,,,,,
"599","FORT NELSON FS","2023081613",0,24.2,38,9,185,17.7,86.955,4.362,13.089,,,,,,,,,,,,,,,,,,,,,,
"599","FORT NELSON FS","2023081614",0,26.4,31,8.2,233,25.8,87.876,4.779,14.056,,,,,,,,,,,,,,,,,,,,,,
"599","FORT NELSON FS","2023081615",0,24.8,35,10.5,182,21.8,88.439,5.817,16.334,,,,,,,,,,,,,,,,,,,,,,
"599","FORT NELSON FS","2023081616",0,26.6,32,6.5,255,21.8,89.058,5.197,14.994,,,,,,,,,,,,,,,,,,,,,,
"599","FORT NELSON FS","2023081617",0,25.6,35,6.7,165,10.8,89.429,5.537,15.736,,,,,,,,,,,,,,,,,,,,,,
"599","FORT NELSON FS","2023081618",0,23.7,44,8.1,171,12,89.478,5.983,16.684,,,,,,,,,,,,,,,,,,,,,,
"599","FORT NELSON FS","2023081619",0,24.1,44,8.4,206,12.5,89.527,6.117,16.963,,,,,,,,,,,,,,,,,,,,,,
"599","FORT NELSON FS","2023081620",0,22.5,48,8.1,180,13.7,89.576,6.068,16.86,,,,,,,,,,,,,,,,,,,,,,
"599","FORT NELSON FS","2023081621",0,19,64,6.2,243,12,89.195,5.22,15.046,,,,,,,,,,,,,,,,,,,,,,
"599","FORT NELSON FS","2023081622",0,17.5,67,2.5,133,10.2,88.828,4.11,12.487,,,,,,,,,,,,,,,,,,,,,,
"599","FORT NELSON FS","2023081623",0,16.8,69,3,317,6.2,88.444,3.989,12.192,,,,,,,,,,,,,,,,,,,,,,
"654","HOLY CROSS 2","2023081600",0,15.8,42,13,306,30.4,91.015,9.542,23.339,,,,,,,,,,,,,,0,1,430.29,,,,,,
"654","HOLY CROSS 2","2023081601",0,15.4,43,11.1,313,23.5,90.88,8.506,21.51,,,,,,,,,,,,,,0,1,430.29,,,,,,
"654","HOLY CROSS 2","2023081602",0,14.6,47,9,311,24.1,90.676,7.433,19.516,,,,,,,,,,,,,,0,1,430.28,,,,,,
"654","HOLY CROSS 2","2023081603",0,13.7,51,4.8,310,19.5,90.437,5.813,16.268,,,,,,,,,,,,,,0,1,430.28,,,,,,
"654","HOLY CROSS 2","2023081604",0,10.7,66,3.2,188,9.7,89.945,4.998,14.499,,,,,,,,,,,,,,0,1,430.3,,,,,,
"654","HOLY CROSS 2","2023081605",0,9.2,74,3.4,312,8.5,89.33,4.622,13.647,,,,,,,,,,,,,,0,1,430.3,,,,,,
"654","HOLY CROSS 2","2023081606",0,9.6,73,2.7,52,11.4,88.811,4.142,12.517,,,,,,,,,,,,,,0,1,430.29,,,,,,
"654","HOLY CROSS 2","2023081607",0,16.3,47,5,316,13.1,88.857,4.681,13.783,,,,,,,,,,,,,,0,1,430.19,,,,,,
"654","HOLY CROSS 2","2023081608",0,18.9,41,8.5,329,16.6,88.906,5.624,15.867,,,,,,,,,,,,,,0,1,430.13,,,,,,
"654","HOLY CROSS 2","2023081609",0,21.4,36,6.7,309,17.7,89.128,5.302,15.173,,,,,,,,,,,,,,0,1,430.14,,,,,,
"654","HOLY CROSS 2","2023081610",0,23.7,35,7.6,313,15.4,89.425,5.79,16.22,,,,,,,,,,,,,,0,1,430.13,,,,,,
"654","HOLY CROSS 2","2023081611",0,24.2,33,8,333,20.6,89.761,6.199,17.073,,,,,,,,,,,,,,0,1,430.15,,,,,,
"654","HOLY CROSS 2","2023081612",0,25.8,28,9.6,317,20,90.301,7.261,19.186,0,92.398,9.781,24.931,38.359,509.626,64.569,4,,,,,,0,1,430.14,,,,,,
"654","HOLY CROSS 2","2023081613",0,27.5,25,6.3,329,18.9,90.914,6.711,19.055,,,,,,,,,,,,,,0,1,430.14,,,,,,
"654","HOLY CROSS 2","2023081614",0,29.1,24,11.1,317,20.6,91.588,9.408,24.263,,,,,,,,,,,,,,0,1,430.12,,,,,,
"654","HOLY CROSS 2","2023081615",0,30,22,7.4,307,20,92.23,8.55,22.683,,,,,,,,,,,,,,0,1,430.13,,,,,,
"654","HOLY CROSS 2","2023081616",0,29.2,25,8.2,314,18.3,92.575,9.345,24.15,,,,,,,,,,,,,,0,1,430.12,,,,,,
"654","HOLY CROSS 2","2023081617",0,28.3,25,8.5,322,18.9,92.817,9.815,24.992,,,,,,,,,,,,,,0,1,430.16,,,,,,
"654","HOLY CROSS 2","2023081618",0,26.1,30,9.6,305,20,92.867,10.448,26.1,,,,,,,,,,,,,,0,1,430.23,,,,,,
"654","HOLY CROSS 2","2023081619",0,24.1,38,7.7,290,20.6,92.768,9.363,24.182,,,,,,,,,,,,,,0,1,430.32,,,,,,
"654","HOLY CROSS 2","2023081620",0,22.3,47,8.1,297,19.5,92.413,9.088,23.682,,,,,,,,,,,,,,0,1,430.32,,,,,,
"654","HOLY CROSS 2","2023081621",0,20.6,54,8.4,285,18.9,91.896,8.577,22.733,,,,,,,,,,,,,,0,1,430.32,,,,,,
"654","HOLY CROSS 2","2023081622",0,18.3,64,5.2,298,10.8,91.219,6.631,18.89,,,,,,,,,,,,,,0,1,430.33,,,,,,
"654","HOLY CROSS 2","2023081623",0,18.1,63,3.8,319,16.6,90.684,5.726,16.945,,,,,,,,,,,,,,0,1,430.32,,,,,,
"788","ROUND PRAIRIE","2023081600",0,22.3,32,11.2,170,12.5,94.756,14.721,44.192,,,,,,,,,,,,,,,,,,,,,,
"788","ROUND PRAIRIE","2023081601",0,21,36,11.5,179,17.7,94.407,14.244,43.274,,,,,,,,,,,,,,,,,,,,,,
"788","ROUND PRAIRIE","2023081602",0,20.2,37,8.7,169,20,94.091,11.841,38.412,,,,,,,,,,,,,,,,,,,,,,
"788","ROUND PRAIRIE","2023081603",0,19.8,37,6.3,163,17.7,93.83,10.12,34.652,,,,,,,,,,,,,,,,,,,,,,
"788","ROUND PRAIRIE","2023081604",0,18.3,44,13.7,190,20.6,93.337,13.718,42.243,,,,,,,,,,,,,,,,,,,,,,
"788","ROUND PRAIRIE","2023081605",0,16.6,51,11,169,23.5,92.74,11.013,36.637,,,,,,,,,,,,,,,,,,,,,,
"788","ROUND PRAIRIE","2023081606",0,16.7,53,13,174,20.6,92.145,11.202,37.045,,,,,,,,,,,,,,,,,,,,,,
"788","ROUND PRAIRIE","2023081607",0,18.3,51,8.2,175,17.7,91.735,8.3,30.355,,,,,,,,,,,,,,,,,,,,,,
"788","ROUND PRAIRIE","2023081608",0,20.2,49,7,168,12.5,91.453,7.507,28.355,,,,,,,,,,,,,,,,,,,,,,
"788","ROUND PRAIRIE","2023081609",0,22.3,43,9.8,181,14.9,91.374,8.547,30.961,,,,,,,,,,,,,,,,,,,,,,
"788","ROUND PRAIRIE","2023081610",0,25.2,37,7.3,209,16.6,91.424,7.589,28.567,,,,,,,,,,,,,,,,,,,,,,
"788","ROUND PRAIRIE","2023081611",0,28.6,28,7.7,203,14.9,91.769,8.132,29.939,,,,,,,,,,,,,,,,,,,,,,
"788","ROUND PRAIRIE","2023081612",0,31.1,23,7.8,241,19.5,92.39,8.922,31.867,0,95.596,13.913,43.312,93.348,511.024,128.166,4,,,,,,,,,,,,,,
"788","ROUND PRAIRIE","2023081613",0,31.9,19,13.5,324,32.7,93.184,13.294,42.068,,,,,,,,,,,,,,,,,,,,,,
"788","ROUND PRAIRIE","2023081614",0,31.6,19,13.4,318,29.8,93.773,14.358,44.191,,,,,,,,,,,,,,,,,,,,,,
"788","ROUND PRAIRIE","2023081615",0,30.9,20,13.7,325,28.7,94.135,15.326,46.063,,,,,,,,,,,,,,,,,,,,,,
"788","ROUND PRAIRIE","2023081616",0,30.7,21,10,312,28.1,94.342,13.089,41.649,,,,,,,,,,,,,,,,,,,,,,
"788","ROUND PRAIRIE","2023081617",0,28.8,23,9.9,337,22.9,94.393,13.115,41.704,,,,,,,,,,,,,,,,,,,,,,
"788","ROUND PRAIRIE","2023081618",0,26.1,26,10,341,23.5,94.442,13.271,42.021,,,,,,,,,,,,,,,,,,,,,,
"788","ROUND PRAIRIE","2023081619",0,24.4,28,8.6,348,18.3,94.406,12.306,40.026,,,,,,,,,,,,,,,,,,,,,,
"788","ROUND PRAIRIE","2023081620",0,23.4,30,5.9,21,16.6,94.32,10.615,36.351,,,,,,,,,,,,,,,,,,,,,,
"788","ROUND PRAIRIE","2023081621",0,22.7,32,4.3,28,11.4,94.199,9.629,34.088,,,,,,,,,,,,,,,,,,,,,,
"788","ROUND PRAIRIE","2023081622",0,22,34,4.4,147,9.7,94.036,9.462,33.695,,,,,,,,,,,,,,,,,,,,,,
"788","ROUND PRAIRIE","2023081623",0,21.1,36,3.2,340,7.4,93.848,8.678,31.807,,,,,,,,,,,,,,,,,,,,,,
"790","WHITE RIVER","2023081600",0,17,49,4.6,57,12.4,93.944,9.437,35.798,,,,,,,,,,,,,,,,,,,,5547.8,,
"790","WHITE RIVER","2023081601",0,15.8,55,5.1,32,12.8,93.267,8.808,34.204,,,,,,,,,,,,,,,,,,,,5547.8,,
"790","WHITE RIVER","2023081602",0,14.8,57,4.9,18,9,92.627,7.971,32.006,,,,,,,,,,,,,,,,,,,,5547.8,,
"790","WHITE RIVER","2023081603",0,13.6,62,0.8,34,10.2,92.074,5.997,26.377,,,,,,,,,,,,,,,,,,,,5547.8,,
"790","WHITE RIVER","2023081604",0,12.2,69,4.5,4,12.5,91.304,6.479,27.816,,,,,,,,,,,,,,,,,,,,5547.8,,
"790","WHITE RIVER","2023081605",0,11.5,72,4.9,28,10.2,90.541,5.929,26.171,,,,,,,,,,,,,,,,,,,,5547.8,,
"790","WHITE RIVER","2023081606",0,11.9,71,2.8,79,8,89.932,4.889,22.868,,,,,,,,,,,,,,,,,,,,5547.8,,
"790","WHITE RIVER","2023081607",0,16,58,1.6,323,8,89.686,4.443,21.363,,,,,,,,,,,,,,,,,,,,5547.8,,
"790","WHITE RIVER","2023081608",0,19.6,47,0.6,221,8.7,89.704,4.236,20.642,,,,,,,,,,,,,,,,,,,,5547.8,,
"790","WHITE RIVER","2023081609",0,24,37,2.8,219,10.1,89.844,4.828,22.666,,,,,,,,,,,,,,,,,,,,5547.8,,
"790","WHITE RIVER","2023081610",0,28.7,25,16.1,227,30.5,90.718,10.693,38.843,,,,,,,,,,,,,,,,,,,,5547.8,,
"790","WHITE RIVER","2023081611",0,29.8,23,19.9,230,38.1,91.605,14.691,47.601,,,,,,,,,,,,,,,,,,,,5547.8,,
"790","WHITE RIVER","2023081612",0,30.8,21,17.6,228,32.6,92.44,14.723,47.666,0,95.622,22.878,63.079,123.236,594.287,162.321,5,,,,,,,,,,,,5547.8,,
"790","WHITE RIVER","2023081613",0,31.1,20,21.6,227,36.8,93.176,19.971,58.059,,,,,,,,,,,,,,,,,,,,5547.8,,
"790","WHITE RIVER","2023081614",0,31.7,19,18.8,229,36.1,93.806,18.935,56.187,,,,,,,,,,,,,,,,,,,,5547.8,,
"790","WHITE RIVER","2023081615",0,32,19,18.5,242,35.1,94.292,19.951,58.023,,,,,,,,,,,,,,,,,,,,5547.8,,
"790","WHITE RIVER","2023081616",0,30.9,20,19.9,237,31.1,94.546,22.17,61.886,,,,,,,,,,,,,,,,,,,,5547.8,,
"790","WHITE RIVER","2023081617",0,29.8,21,16.6,237,35.5,94.631,18.996,56.298,,,,,,,,,,,,,,,,,,,,5547.8,,
"790","WHITE RIVER","2023081618",0,27.3,30,6.2,283,26.5,94.579,11.167,40.269,,,,,,,,,,,,,,,,,,,,5547.8,,
"790","WHITE RIVER","2023081619",0,23.6,34,0.6,331,12,94.449,8.272,33.076,,,,,,,,,,,,,,,,,,,,5547.8,,
"790","WHITE RIVER","2023081620",0,21,41,0,117,9.7,94.228,7.784,31.76,,,,,,,,,,,,,,,,,,,,5547.8,,
"790","WHITE RIVER","2023081621",0,18.8,48,0,282,5.1,93.889,7.427,30.774,,,,,,,,,,,,,,,,,,,,5547.8,,
"790","WHITE RIVER","2023081622",0,16.9,54,1.3,123,8.5,93.348,7.356,30.574,,,,,,,,,,,,,,,,,,,,5547.8,,
"790","WHITE RIVER","2023081623",0,15.1,59,0,7,10.8,92.876,6.449,27.961,,,,,,,,,,,,,,,,,,,,5547.8,,
"791","CHERRY LAKE","2023081600",0,18.6,44,4.8,243,8.5,93.581,9.064,34.955,,,,,,,,,,,,,,,,,,,,,,
"791","CHERRY LAKE","2023081601",0,18.2,45,6.6,236,11.4,93.167,9.368,35.724,,,,,,,,,,,,,,,,,,,,,,
"791","CHERRY LAKE","2023081602",0,17.8,46,2.8,263,10.8,92.832,7.38,30.478,,,,,,,,,,,,,,,,,,,,,,
"791","CHERRY LAKE","2023081603",0,18.6,43,4.5,239,9.7,92.576,7.756,31.513,,,,,,,,,,,,,,,,,,,,,,
"791","CHERRY LAKE","2023081604",0,18.2,42,4.5,262,14.3,92.365,7.529,30.891,,,,,,,,,,,,,,,,,,,,,,
"791","CHERRY LAKE","2023081605",0,18,45,7.2,251,12,92.083,8.29,32.947,,,,,,,,,,,,,,,,,,,,,,
"791","CHERRY LAKE","2023081606",0,21,38,9.4,252,14.9,92.024,9.184,35.262,,,,,,,,,,,,,,,,,,,,,,
"791","CHERRY LAKE","2023081607",0,23.2,35,8.7,265,16.6,92.074,8.93,34.613,,,,,,,,,,,,,,,,,,,,,,
"791","CHERRY LAKE","2023081608",0,26,29,7,251,14.3,92.165,8.302,32.98,,,,,,,,,,,,,,,,,,,,,,
"791","CHERRY LAKE","2023081609",0,29,27,9,183,18.3,92.431,9.534,36.138,,,,,,,,,,,,,,,,,,,,,,
"791","CHERRY LAKE","2023081610",0,31.5,23,9.5,158,21.2,92.947,10.512,38.52,,,,,,,,,,,,,,,,,,,,,,
"791","CHERRY LAKE","2023081611",0,33,20,9.1,168,29.8,93.58,11.255,40.264,,,,,,,,,,,,,,,,,,,,,,
"791","CHERRY LAKE","2023081612",0,33.4,21,9.5,176,25.8,94.037,12.237,42.491,0,96.772,17.764,54.148,131.187,548.574,164.204,5,,,,,,,,,,,,,,
"791","CHERRY LAKE","2023081613",0,33.1,20,9.8,220,27.5,94.426,13.11,44.746,,,,,,,,,,,,,,,,,,,,,,
"791","CHERRY LAKE","2023081614",0,33.3,20,9.9,228,22.9,94.733,13.745,46.109,,,,,,,,,,,,,,,,,,,,,,
"791","CHERRY LAKE","2023081615",0,33,21,9.1,220,25.8,94.899,13.505,45.597,,,,,,,,,,,,,,,,,,,,,,
"791","CHERRY LAKE","2023081616",0,31.7,22,13.9,195,29.8,94.95,17.322,53.307,,,,,,,,,,,,,,,,,,,,,,
"791","CHERRY LAKE","2023081617",0,30.4,24,10.6,213,30.4,95.001,14.771,48.254,,,,,,,,,,,,,,,,,,,,,,
"791","CHERRY LAKE","2023081618",0,28.3,26,9.9,211,26.4,95.02,14.296,47.271,,,,,,,,,,,,,,,,,,,,,,
"791","CHERRY LAKE","2023081619",0,27.2,26,5.9,205,25.2,95.021,11.688,41.576,,,,,,,,,,,,,,,,,,,,,,
"791","CHERRY LAKE","2023081620",0,24.8,31,8,263,17.7,94.847,12.687,43.819,,,,,,,,,,,,,,,,,,,,,,
"791","CHERRY LAKE","2023081621",0,24.2,33,7.8,275,18.3,94.633,12.195,42.726,,,,,,,,,,,,,,,,,,,,,,
"791","CHERRY LAKE","2023081622",0,23,35,5.7,353,19.5,94.396,10.618,39.077,,,,,,,,,,,,,,,,,,,,,,
"791","CHERRY LAKE","2023081623",0,18.6,46,4.1,276,8.5,93.908,9.156,35.47,,,,,,,,,,,,,,,,,,,,,,
"832","CHURN CREEK","2023081600",0,21.2,23,19.9,301,28.7,94.336,21.539,48.995,,,,,,,,,,,,,,,,,,,,,,
"832","CHURN CREEK","2023081601",0,20.4,24,17.4,302,39,94.33,18.974,45.224,,,,,,,,,,,,,,,,,,,,,,
"832","CHURN CREEK","2023081602",0,19.8,23,12.6,295,32.7,94.343,14.924,38.759,,,,,,,,,,,,,,,,,,,,,,
"832","CHURN CREEK","2023081603",0,19.1,24,14.3,311,28.1,94.32,16.208,40.885,,,,,,,,,,,,,,,,,,,,,,
"832","CHURN CREEK","2023081604",0,17.5,28,13.7,314,22.9,94.186,15.436,39.617,,,,,,,,,,,,,,,,,,,,,,
"832","CHURN CREEK","2023081605",0,17.9,32,11.9,276,16,93.98,13.702,36.657,,,,,,,,,,,,,,,,,,,,,,
"832","CHURN CREEK","2023081606",0,16.4,33,2,72,15.4,93.839,8.159,25.855,,,,,,,,,,,,,,,,,,,,,,
"832","CHURN CREEK","2023081607",0,18.5,32,9.4,13,10.8,93.689,11.601,32.84,,,,,,,,,,,,,,,,,,,,,,
"832","CHURN CREEK","2023081608",0,21.1,30,9.9,75,14.9,93.633,11.805,33.223,,,,,,,,,,,,,,,,,,,,,,
"832","CHURN CREEK","2023081609",0,22.2,28,12,65,17.2,93.646,13.146,35.673,,,,,,,,,,,,,,,,,,,,,,
"832","CHURN CREEK","2023081610",0,22.9,25,16.5,10,22.9,93.697,16.609,41.534,,,,,,,,,,,,,,,,,,,,,,
"832","CHURN CREEK","2023081611",0,24.8,24,14.5,67,21.8,93.748,15.123,39.094,,,,,,,,,,,,,,,,,,,,,,
"832","CHURN CREEK","2023081612",0,25.7,24,9.5,4,20.6,93.799,11.839,33.286,0,93.424,11.238,33.147,58.546,610.945,94.462,4,,,,,,,,,,,,,,
"832","CHURN CREEK","2023081613",0,26.9,22,12.6,25,19.5,93.888,14.012,38.326,,,,,,,,,,,,,,,,,,,,,,
"832","CHURN CREEK","2023081614",0,28.3,21,12.9,59,22.3,94.057,14.565,39.302,,,,,,,,,,,,,,,,,,,,,,
"832","CHURN CREEK","2023081615",0,29.1,21,14.4,41,25.2,94.224,16.074,41.884,,,,,,,,,,,,,,,,,,,,,,
"832","CHURN CREEK","2023081616",0,29.4,21,12.3,29,26.4,94.363,14.74,39.608,,,,,,,,,,,,,,,,,,,,,,
"832","CHURN CREEK","2023081617",0,30.2,20,9.1,50,18.3,94.548,12.869,36.252,,,,,,,,,,,,,,,,,,,,,,
"832","CHURN CREEK","2023081618",0,29.2,23,6.2,340,13.1,94.599,11.198,33.068,,,,,,,,,,,,,,,,,,,,,,
"832","CHURN CREEK","2023081619",0,26.5,26,7.7,314,10.2,94.632,12.133,34.873,,,,,,,,,,,,,,,,,,,,,,
"832","CHURN CREEK","2023081620",0,24.5,29,3,123,10.8,94.576,9.501,29.613,,,,,,,,,,,,,,,,,,,,,,
"832","CHURN CREEK","2023081621",0,24.1,30,5.3,208,12,94.485,10.535,31.747,,,,,,,,,,,,,,,,,,,,,,
"832","CHURN CREEK","2023081622",0,23.4,32,4,208,11.4,94.357,9.695,30.02,,,,,,,,,,,,,,,,,,,,,,
"832","CHURN CREEK","2023081623",0,22.3,34,2.6,190,9.1,94.2,8.84,28.196,,,,,,,,,,,,,,,,,,,,,,
"836","AUGUST LAKE","2023081600",0,22.8,33,4.2,259,5.6,95.883,12.065,44.135,,,,,,,,,,,,,,,,,,,,,,
"836","AUGUST LAKE","2023081601",0,21.2,35,2.8,281,6.2,95.548,10.743,40.971,,,,,,,,,,,,,,,,,,,,,,
"836","AUGUST LAKE","2023081602",0,20,37,1.6,247,5.6,95.224,9.676,38.288,,,,,,,,,,,,,,,,,,,,,,
"836","AUGUST LAKE","2023081603",0,18.5,43,2.6,327,5.1,94.76,9.549,37.96,,,,,,,,,,,,,,,,,,,,,,
"836","AUGUST LAKE","2023081604",0,17.4,47,2.5,1,5.1,94.251,8.858,36.139,,,,,,,,,,,,,,,,,,,,,,
"836","AUGUST LAKE","2023081605",0,16.9,50,3.6,346,5.6,93.694,8.667,35.626,,,,,,,,,,,,,,,,,,,,,,
"836","AUGUST LAKE","2023081606",0,16.8,50,2.3,211,5.1,93.229,7.608,32.677,,,,,,,,,,,,,,,,,,,,,,
"836","AUGUST LAKE","2023081607",0,20.6,42,5,168,7.9,92.963,8.398,34.892,,,,,,,,,,,,,,,,,,,,,,
"836","AUGUST LAKE","2023081608",0,24.8,33,7.3,112,11.4,92.99,9.466,37.743,,,,,,,,,,,,,,,,,,,,,,
"836","AUGUST LAKE","2023081609",0,27.1,28,6,112,10.2,93.04,8.929,36.328,,,,,,,,,,,,,,,,,,,,,,
"836","AUGUST LAKE","2023081610",0,29.6,20,5.7,5,13.7,93.453,9.316,37.354,,,,,,,,,,,,,,,,,,,,,,
"836","AUGUST LAKE","2023081611",0,31.1,20,6.5,334,14.3,93.856,10.259,39.77,,,,,,,,,,,,,,,,,,,,,,
"836","AUGUST LAKE","2023081612",0,33.6,17,8.1,105,13.7,94.465,12.097,44.211,0,96.355,15.654,52.142,167.954,765.779,216.951,5,,,,,,,,,,,,,,
"836","AUGUST LAKE","2023081613",0,33.7,17,7.2,231,17.2,94.929,12.323,44.855,,,,,,,,,,,,,,,,,,,,,,
"836","AUGUST LAKE","2023081614",0,34.7,17,5.6,196,14.3,95.322,11.997,44.093,,,,,,,,,,,,,,,,,,,,,,
"836","AUGUST LAKE","2023081615",0,35.1,17,5,172,13.7,95.638,12.151,44.455,,,,,,,,,,,,,,,,,,,,,,
"836","AUGUST LAKE","2023081616",0,35.4,17,5.1,116,13.1,95.894,12.645,45.594,,,,,,,,,,,,,,,,,,,,,,
"836","AUGUST LAKE","2023081617",0,34.5,17,4.7,186,10.8,96.052,12.66,45.628,,,,,,,,,,,,,,,,,,,,,,
"836","AUGUST LAKE","2023081618",0,32.2,19,3.1,13,8.5,96.103,11.76,43.537,,,,,,,,,,,,,,,,,,,,,,
"836","AUGUST LAKE","2023081619",0,29,24,2.4,295,6.8,96.078,11.314,42.471,,,,,,,,,,,,,,,,,,,,,,
"836","AUGUST LAKE","2023081620",0,26.5,27,3.2,52,5.1,95.95,11.577,43.102,,,,,,,,,,,,,,,,,,,,,,
"836","AUGUST LAKE","2023081621",0,24.7,30,3.8,272,6.2,95.736,11.591,43.135,,,,,,,,,,,,,,,,,,,,,,
"836","AUGUST LAKE","2023081622",0,23,35,3.3,278,7.4,95.412,10.816,41.261,,,,,,,,,,,,,,,,,,,,,,
"836","AUGUST LAKE","2023081623",0,21.3,39,1.9,312,6.2,95.048,9.589,38.168,,,,,,,,,,,,,,,,,,,,,,
"838","AKOKLI CREEK","2023081600",0,26.1,32,2.5,146,6.2,95.264,10.181,35.538,,,,,,,,,,,,,,,,,,,,,,
"838","AKOKLI CREEK","2023081601",0,25.4,34,4,93,7.9,95.024,10.625,36.55,,,,,,,,,,,,,,,,,,,,,,
"838","AKOKLI CREEK","2023081602",0,24.5,34,4.4,97,9.7,94.797,10.51,36.289,,,,,,,,,,,,,,,,,,,,,,
"838","AKOKLI CREEK","2023081603",0,24,36,4,39,7.4,94.545,9.948,35.001,,,,,,,,,,,,,,,,,,,,,,
"838","AKOKLI CREEK","2023081604",0,23,38,5.1,44,8.5,94.247,10.092,35.333,,,,,,,,,,,,,,,,,,,,,,
"838","AKOKLI CREEK","2023081605",0,22.6,38,4.4,80,7.9,93.988,9.4,33.711,,,,,,,,,,,,,,,,,,,,,,
"838","AKOKLI CREEK","2023081606",0,22,41,7.6,48,9.7,93.64,10.523,36.319,,,,,,,,,,,,,,,,,,,,,,
"838","AKOKLI CREEK","2023081607",0,21.9,42,2.6,120,7.4,93.372,7.879,29.953,,,,,,,,,,,,,,,,,,,,,,
"838","AKOKLI CREEK","2023081608",0,21.8,47,5.1,16,7.9,92.969,8.448,31.393,,,,,,,,,,,,,,,,,,,,,,
"838","AKOKLI CREEK","2023081609",0,23.7,42,3.1,184,8.5,92.785,7.443,28.817,,,,,,,,,,,,,,,,,,,,,,
"838","AKOKLI CREEK","2023081610",0,26.1,45,5,224,7.9,92.559,7.935,30.096,,,,,,,,,,,,,,,,,,,,,,
"838","AKOKLI CREEK","2023081611",0,26.5,39,3.5,261,10.2,92.533,7.331,28.521,,,,,,,,,,,,,,,,,,,,,,
"838","AKOKLI CREEK","2023081612",0,27,42,5.3,313,7.9,92.437,7.919,30.054,0,91.538,6.973,27.859,94.485,573.36,133.833,3,,,,,,,,,,,,,,
"838","AKOKLI CREEK","2023081613",0,28.1,39,5.3,266,9.1,92.456,7.94,30.428,,,,,,,,,,,,,,,,,,,,,,
"838","AKOKLI CREEK","2023081614",0,28.8,33,4.4,318,9.7,92.506,7.642,29.651,,,,,,,,,,,,,,,,,,,,,,
"838","AKOKLI CREEK","2023081615",0,29.8,32,8.2,340,17.7,92.556,9.32,33.87,,,,,,,,,,,,,,,,,,,,,,
"838","AKOKLI CREEK","2023081616",0,30.2,29,5.6,10,17.7,92.697,8.339,31.447,,,,,,,,,,,,,,,,,,,,,,
"838","AKOKLI CREEK","2023081617",0,30.3,29,5.5,330,13.1,92.814,8.434,31.689,,,,,,,,,,,,,,,,,,,,,,
"838","AKOKLI CREEK","2023081618",0,30.5,27,4.9,345,17.2,92.996,8.395,31.59,,,,,,,,,,,,,,,,,,,,,,
"838","AKOKLI CREEK","2023081619",0,29.2,28,4,70,9.1,93.058,8.093,30.821,,,,,,,,,,,,,,,,,,,,,,
"838","AKOKLI CREEK","2023081620",0,27.2,32,7.4,34,12.5,93.108,9.673,34.714,,,,,,,,,,,,,,,,,,,,,,
"838","AKOKLI CREEK","2023081621",0,26.1,34,3.2,128,7.9,93.125,7.846,30.183,,,,,,,,,,,,,,,,,,,,,,
"838","AKOKLI CREEK","2023081622",0,25.5,33,3.3,220,10.8,93.15,7.914,30.359,,,,,,,,,,,,,,,,,,,,,,
"838","AKOKLI CREEK","2023081623",0,24.6,36,4.3,175,7.9,93.088,8.251,31.225,,,,,,,,,,,,,,,,,,,,,,
"865","BRISCO","2023081600",0,22,38,5.9,354,9.7,93.554,9.545,32.349,,,,,,,,,,,,,,,1,,,1,,,,
"865","BRISCO","2023081601",0,19.8,44,5.3,152,11.4,93.193,8.805,30.644,,,,,,,,,,,,,,,1,,,1,,,,
"865","BRISCO","2023081602",0,20,45,3.5,341,7.9,92.875,7.692,27.958,,,,,,,,,,,,,,,1,,,1,,,,
"865","BRISCO","2023081603",0,18.8,49,2.7,234,6.8,92.508,7.017,26.247,,,,,,,,,,,,,,,1,,,1,,,,
"865","BRISCO","2023081604",0,17.1,54,4.2,114,9.1,92.033,7.077,26.402,,,,,,,,,,,,,,,1,,,1,,,,
"865","BRISCO","2023081605",0,17.4,53,4.4,322,7.9,91.632,6.754,25.562,,,,,,,,,,,,,,,1,,,1,,,,
"865","BRISCO","2023081606",0,16.8,60,5.6,22,9.7,91.09,6.643,25.269,,,,,,,,,,,,,,,1,,,1,,,,
"865","BRISCO","2023081607",0,17.4,65,3.8,187,12,90.52,5.593,22.393,,,,,,,,,,,,,,,1,,,1,,,,
"865","BRISCO","2023081608",0,19.7,58,5.1,270,10.2,90.185,5.692,22.673,,,,,,,,,,,,,,,1,,,1,,,,
"865","BRISCO","2023081609",0,22,47,9.5,297,14.3,90.173,7.093,26.444,,,,,,,,,,,,,,,1,,,1,,,,
"865","BRISCO","2023081610",0,23.7,40,15.8,329,21.8,90.222,9.812,32.951,,,,,,,,,,,,,,,1,,,1,,,,
"865","BRISCO","2023081611",0,25.9,38,12.7,288,24.1,90.322,8.514,29.957,,,,,,,,,,,,,,,1,,,1,,,,
"865","BRISCO","2023081612",0,28.9,30,14.4,297,24.1,90.855,10.009,33.388,0,93.335,14.208,42.766,77.514,648.601,119.365,4,,,,,,,1,,,1,,,,
"865","BRISCO","2023081613",0,30.6,22,14.9,305,24.6,91.771,11.692,37.703,,,,,,,,,,,,,,,1,,,1,,,,
"865","BRISCO","2023081614",0,30.9,24,15.9,293,22.9,92.397,13.433,41.253,,,,,,,,,,,,,,,1,,,1,,,,
"865","BRISCO","2023081615",0,31.6,24,15.7,306,25.2,92.913,14.3,42.943,,,,,,,,,,,,,,,1,,,1,,,,
"865","BRISCO","2023081616",0,30.9,25,14.6,312,23.5,93.215,14.112,42.581,,,,,,,,,,,,,,,1,,,1,,,,
"865","BRISCO","2023081617",0,30,26,15,308,25.2,93.358,14.691,43.69,,,,,,,,,,,,,,,1,,,1,,,,
"865","BRISCO","2023081618",0,28.1,31,7.6,304,18.3,93.408,10.189,34.445,,,,,,,,,,,,,,,1,,,1,,,,
"865","BRISCO","2023081619",0,25.9,33,5.5,56,13.1,93.405,9.162,32.094,,,,,,,,,,,,,,,1,,,1,,,,
"865","BRISCO","2023081620",0,24.7,32,9.4,22,13.7,93.397,11.139,36.528,,,,,,,,,,,,,,,1,,,1,,,,
"865","BRISCO","2023081621",0,23.9,33,5.2,7,14.9,93.361,8.97,31.642,,,,,,,,,,,,,,,1,,,1,,,,
"865","BRISCO","2023081622",0,23.8,32,9.5,8,12.5,93.341,11.108,36.462,,,,,,,,,,,,,,,1,,,1,,,,
"865","BRISCO","2023081623",0,23.2,35,7.5,332,13.7,93.245,9.909,33.815,,,,,,,,,,,,,,,1,,,1,,,,
"866","BLAEBERRY","2023081600",0,16.5,69,3.8,19,8.5,90.345,5.455,18.5,,,,,,,,,,,,,,,,,,,,,,
"866","BLAEBERRY","2023081601",0,15.3,73,3.9,24,7.4,89.658,4.968,17.265,,,,,,,,,,,,,,,,,,,,,,
"866","BLAEBERRY","2023081602",0,15.1,72,3.9,326,6.8,89.081,4.574,16.228,,,,,,,,,,,,,,,,,,,,,,
"866","BLAEBERRY","2023081603",0,13.9,79,4.4,82,7.9,88.365,4.232,15.3,,,,,,,,,,,,,,,,,,,,,,
"866","BLAEBERRY","2023081604",0,12.8,84,3.5,47,6.8,87.591,3.62,13.562,,,,,,,,,,,,,,,,,,,,,,
"866","BLAEBERRY","2023081605",0,12.3,85,2.7,9,6.8,86.894,3.148,12.144,,,,,,,,,,,,,,,,,,,,,,
"866","BLAEBERRY","2023081606",0,13.3,85,3.4,39,7.9,86.252,2.978,11.612,,,,,,,,,,,,,,,,,,,,,,
"866","BLAEBERRY","2023081607",0,17.7,67,5.6,63,9.1,86.217,3.311,12.64,,,,,,,,,,,,,,,,,,,,,,
"866","BLAEBERRY","2023081608",0,21.5,52,3.8,99,7.4,86.383,3.095,11.979,,,,,,,,,,,,,,,,,,,,,,
"866","BLAEBERRY","2023081609",0,25.1,44,3.7,136,9.1,86.826,3.279,12.545,,,,,,,,,,,,,,,,,,,,,,
"866","BLAEBERRY","2023081610",0,28.3,36,5.5,92,10.8,87.635,4.029,14.735,,,,,,,,,,,,,,,,,,,,,,
"866","BLAEBERRY","2023081611",0,31.5,24,7.7,283,21.2,89.079,5.537,18.705,,,,,,,,,,,,,,,,,,,,,,
"866","BLAEBERRY","2023081612",0,32.5,20,8.7,289,24.1,90.533,7.173,22.545,0,95.557,14.481,37.804,59.423,418.744,87.724,3,,,,,,,,,,,,,,
"866","BLAEBERRY","2023081613",0,33.1,19,11.9,330,25.8,91.828,10.133,29.822,,,,,,,,,,,,,,,,,,,,,,
"866","BLAEBERRY","2023081614",0,33.4,18,8.3,341,25.2,92.84,9.747,29.048,,,,,,,,,,,,,,,,,,,,,,
"866","BLAEBERRY","2023081615",0,33.1,18,13,312,28.7,93.654,13.84,36.701,,,,,,,,,,,,,,,,,,,,,,
"866","BLAEBERRY","2023081616",0,32.6,20,11.5,324,25.2,94.118,13.687,36.435,,,,,,,,,,,,,,,,,,,,,,
"866","BLAEBERRY","2023081617",0,32.2,21,8.5,329,25.8,94.388,12.214,33.798,,,,,,,,,,,,,,,,,,,,,,
"866","BLAEBERRY","2023081618",0,29.6,27,5,223,18.9,94.439,10.311,30.175,,,,,,,,,,,,,,,,,,,,,,
"866","BLAEBERRY","2023081619",0,25.3,35,2.7,285,6.8,94.281,8.984,27.475,,,,,,,,,,,,,,,,,,,,,,
"866","BLAEBERRY","2023081620",0,21,50,3.2,357,6.8,93.723,8.528,26.508,,,,,,,,,,,,,,,,,,,,,,
"866","BLAEBERRY","2023081621",0,18.9,56,4.6,32,5.6,93.041,8.322,26.063,,,,,,,,,,,,,,,,,,,,,,
"866","BLAEBERRY","2023081622",0,17.5,61,4.2,8,6.2,92.326,7.376,23.962,,,,,,,,,,,,,,,,,,,,,,
"866","BLAEBERRY","2023081623",0,16.1,68,3,33,5.6,91.556,6.226,21.249,,,,,,,,,,,,,,,,,,,,,,
"868","BIG MOUTH 2","2023081600",0,22,41,9.5,161,15.1,92.135,9.378,21.547,,,,,,,,,,,,,,,,,,,,9078.8,,
"868","BIG MOUTH 2","2023081601",0,19.9,48,10.6,162,26.1,91.795,9.447,21.66,,,,,,,,,,,,,,,,,,,,9078.8,,
"868","BIG MOUTH 2","2023081602",0,21,33,10,259,20.1,91.845,9.23,21.304,,,,,,,,,,,,,,,,,,,,9078.8,,
"868","BIG MOUTH 2","2023081603",0,20.7,31,4.7,187,17,91.895,7.117,17.626,,,,,,,,,,,,,,,,,,,,9078.8,,
"868","BIG MOUTH 2","2023081604",0,19.1,40,5.1,191,12.8,91.8,7.165,17.715,,,,,,,,,,,,,,,,,,,,9078.8,,
"868","BIG MOUTH 2","2023081605",0,17.7,39,6.2,134,17.2,91.713,7.48,18.287,,,,,,,,,,,,,,,,,,,,9078.8,,
"868","BIG MOUTH 2","2023081606",0,15.8,50,9.1,158,15.3,91.358,8.232,19.614,,,,,,,,,,,,,,,,,,,,9078.8,,
"868","BIG MOUTH 2","2023081607",0,19.2,43,9.3,143,15.2,91.241,8.178,19.522,,,,,,,,,,,,,,,,,,,,9078.8,,
"868","BIG MOUTH 2","2023081608",0,20.8,37,10.2,138,15.5,91.291,8.619,20.278,,,,,,,,,,,,,,,,,,,,9078.8,,
"868","BIG MOUTH 2","2023081609",0,22.9,34,9.6,150,18.4,91.341,8.422,19.942,,,,,,,,,,,,,,,,,,,,9078.8,,
"868","BIG MOUTH 2","2023081610",0,26,32,6.8,185,15.2,91.451,7.428,18.194,,,,,,,,,,,,,,,,,,,,9078.8,,
"868","BIG MOUTH 2","2023081611",0,27.7,30,11.3,176,20.4,91.686,9.636,21.968,,,,,,,,,,,,,,,,,,,,9078.8,,
"868","BIG MOUTH 2","2023081612",0,29.4,26,10,199,19.2,92.116,9.59,21.894,0,93.492,11.634,26.649,35.239,411.231,58.044,4,,,,,,,,,,,,9078.8,,
"868","BIG MOUTH 2","2023081613",0,30.5,27,11.9,205,22.7,92.47,11.094,25.79,,,,,,,,,,,,,,,,,,,,9078.8,,
"868","BIG MOUTH 2","2023081614",0,30.7,25,11.5,213,25.9,92.85,11.471,26.391,,,,,,,,,,,,,,,,,,,,9078.8,,
"868","BIG MOUTH 2","2023081615",0,30.5,26,9.6,220,23.1,93.084,10.77,25.264,,,,,,,,,,,,,,,,,,,,9078.8,,
"868","BIG MOUTH 2","2023081616",0,29.7,27,8.3,202,20.6,93.19,10.238,24.387,,,,,,,,,,,,,,,,,,,,9078.8,,
"868","BIG MOUTH 2","2023081617",0,29.7,28,6.7,226,16.6,93.24,9.512,23.157,,,,,,,,,,,,,,,,,,,,9078.8,,
"868","BIG MOUTH 2","2023081618",0,27.7,31,5.4,220,16.3,93.29,8.971,22.217,,,,,,,,,,,,,,,,,,,,9078.8,,
"868","BIG MOUTH 2","2023081619",0,24.2,35,6.6,270,16.9,93.22,9.436,23.028,,,,,,,,,,,,,,,,,,,,9078.8,,
"868","BIG MOUTH 2","2023081620",0,21.9,44,9.5,156,13.8,92.871,10.4,24.656,,,,,,,,,,,,,,,,,,,,9078.8,,
"868","BIG MOUTH 2","2023081621",0,21.3,41,4,155,14.9,92.685,7.68,19.871,,,,,,,,,,,,,,,,,,,,9078.8,,
"868","BIG MOUTH 2","2023081622",0,20.4,45,5.7,155,10.1,92.4,8.038,20.536,,,,,,,,,,,,,,,,,,,,9078.8,,
"868","BIG MOUTH 2","2023081623",0,19.3,48,9.7,147,14.5,92.027,9.329,22.842,,,,,,,,,,,,,,,,,,,,9078.8,,
"873","CRAWFORD","2023081600",0,23.4,35,8.2,26,14,93.784,11.065,34.007,,,,,,,,,,,,,,,,,,,,5334.2,,
"873","CRAWFORD","2023081601",0,22.2,41,6,31,13.7,93.48,9.494,30.701,,,,,,,,,,,,,,,,,,,,5334.2,,
"873","CRAWFORD","2023081602",0,20.8,45,4.6,12,11.4,93.118,8.411,28.279,,,,,,,,,,,,,,,,,,,,5334.2,,
"873","CRAWFORD","2023081603",0,19.3,49,8.2,32,12.9,92.641,9.432,30.564,,,,,,,,,,,,,,,,,,,,5334.2,,
"873","CRAWFORD","2023081604",0,19.6,46,7.6,38,13.7,92.311,8.735,29.017,,,,,,,,,,,,,,,,,,,,5334.2,,
"873","CRAWFORD","2023081605",0,20,38,5.6,31,14.5,92.224,7.802,26.859,,,,,,,,,,,,,,,,,,,,5334.2,,
"873","CRAWFORD","2023081606",0,22.1,33,7.6,30,19.4,92.274,8.69,28.915,,,,,,,,,,,,,,,,,,,,5334.2,,
"873","CRAWFORD","2023081607",0,22.6,37,6,28,18.9,92.251,7.991,27.304,,,,,,,,,,,,,,,,,,,,5334.2,,
"873","CRAWFORD","2023081608",0,23.2,45,2.1,89,15.7,92.085,6.413,23.432,,,,,,,,,,,,,,,,,,,,5334.2,,
"873","CRAWFORD","2023081609",0,24.2,37,3.5,208,8.8,92.116,6.912,24.695,,,,,,,,,,,,,,,,,,,,5334.2,,
"873","CRAWFORD","2023081610",0,26.3,39,4.8,238,12.3,92.138,7.404,25.904,,,,,,,,,,,,,,,,,,,,5334.2,,
"873","CRAWFORD","2023081611",0,27.9,32,4.4,202,10.1,92.188,7.307,25.669,,,,,,,,,,,,,,,,,,,,5334.2,,
"873","CRAWFORD","2023081612",0,29.7,27,6.5,211,11.8,92.467,8.448,28.364,0,93.895,10.314,33.205,75.361,465.517,107.297,5,,,,,,,,,,,,5334.2,,
"873","CRAWFORD","2023081613",0,31.9,22,7.5,245,17.2,93.028,9.613,31.68,,,,,,,,,,,,,,,,,,,,5334.2,,
"873","CRAWFORD","2023081614",0,32.5,20,5.9,247,17.7,93.583,9.583,31.613,,,,,,,,,,,,,,,,,,,,5334.2,,
"873","CRAWFORD","2023081615",0,32.3,20,8.3,234,18.2,94.028,11.504,35.693,,,,,,,,,,,,,,,,,,,,5334.2,,
"873","CRAWFORD","2023081616",0,32.4,20,6.2,268,17,94.366,10.844,34.327,,,,,,,,,,,,,,,,,,,,5334.2,,
"873","CRAWFORD","2023081617",0,30.6,23,5.8,298,16.5,94.419,10.706,34.037,,,,,,,,,,,,,,,,,,,,5334.2,,
"873","CRAWFORD","2023081618",0,28.3,28,4.3,4,12.9,94.462,9.986,32.497,,,,,,,,,,,,,,,,,,,,5334.2,,
"873","CRAWFORD","2023081619",0,22.9,38,7.5,33,12.2,94.146,11.232,35.133,,,,,,,,,,,,,,,,,,,,5334.2,,
"873","CRAWFORD","2023081620",0,23.4,35,13.5,44,19.5,93.921,14.731,41.915,,,,,,,,,,,,,,,,,,,,5334.2,,
"873","CRAWFORD","2023081621",0,23.1,35,13.9,43,26.3,93.721,14.618,41.71,,,,,,,,,,,,,,,,,,,,5334.2,,
"873","CRAWFORD","2023081622",0,22.7,35,13,41,22.7,93.546,13.634,39.876,,,,,,,,,,,,,,,,,,,,5334.2,,
"873","CRAWFORD","2023081623",0,21.8,38,8.1,33,21.9,93.327,10.331,33.24,,,,,,,,,,,,,,,,,,,,5334.2,,
"876","IDABEL LAKE 3","2023081600",0,15.6,53,2.6,19,3.9,93.728,8.28,33.409,,,,,,,,,,,,,,,,,,,,,,
"876","IDABEL LAKE 3","2023081601",0,15.3,58,3.7,19,6.2,93.038,7.949,32.514,,,,,,,,,,,,,,,,,,,,,,
"876","IDABEL LAKE 3","2023081602",0,16.2,56,3.7,16,7.4,92.468,7.338,30.814,,,,,,,,,,,,,,,,,,,,,,
"876","IDABEL LAKE 3","2023081603",0,18.7,52,5.3,352,12.5,92.031,7.478,31.21,,,,,,,,,,,,,,,,,,,,,,
"876","IDABEL LAKE 3","2023081604",0,14.8,61,4.7,356,11.4,91.438,6.67,28.889,,,,,,,,,,,,,,,,,,,,,,
"876","IDABEL LAKE 3","2023081605",0,14.2,63,6.8,357,9.7,90.83,6.8,29.271,,,,,,,,,,,,,,,,,,,,,,
"876","IDABEL LAKE 3","2023081606",0,15.2,55,5.9,352,10.2,90.49,6.191,27.454,,,,,,,,,,,,,,,,,,,,,,
"876","IDABEL LAKE 3","2023081607",0,18.8,42,6.7,353,11.4,90.494,6.449,28.234,,,,,,,,,,,,,,,,,,,,,,
"876","IDABEL LAKE 3","2023081608",0,22,32,7.7,340,17.7,90.623,6.909,29.586,,,,,,,,,,,,,,,,,,,,,,
"876","IDABEL LAKE 3","2023081609",0,23.8,30,9.1,345,18.3,90.857,7.666,31.733,,,,,,,,,,,,,,,,,,,,,,
"876","IDABEL LAKE 3","2023081610",0,25.6,25,7.9,342,19.5,91.302,7.687,31.794,,,,,,,,,,,,,,,,,,,,,,
"876","IDABEL LAKE 3","2023081611",0,26.6,23,8.7,327,21.8,91.8,8.591,34.235,,,,,,,,,,,,,,,,,,,,,,
"876","IDABEL LAKE 3","2023081612",0,28.1,22,7.1,312,19.5,92.304,8.51,34.022,0,95.804,13.814,46.776,154.309,495.638,173.543,4,,,,,,,,,,,,,,
"876","IDABEL LAKE 3","2023081613",0,28.8,20,11.4,312,23.5,92.872,11.448,41.493,,,,,,,,,,,,,,,,,,,,,,
"876","IDABEL LAKE 3","2023081614",0,29.3,20,9.8,286,21.8,93.335,11.268,41.073,,,,,,,,,,,,,,,,,,,,,,
"876","IDABEL LAKE 3","2023081615",0,30.1,20,6.6,326,19.5,93.718,10.115,38.301,,,,,,,,,,,,,,,,,,,,,,
"876","IDABEL LAKE 3","2023081616",0,29.1,21,6.4,333,17.2,93.937,10.323,38.81,,,,,,,,,,,,,,,,,,,,,,
"876","IDABEL LAKE 3","2023081617",0,28,23,6.7,319,17.2,93.989,10.556,39.375,,,,,,,,,,,,,,,,,,,,,,
"876","IDABEL LAKE 3","2023081618",0,25.6,31,3.4,8,13.7,93.968,8.912,35.252,,,,,,,,,,,,,,,,,,,,,,
"876","IDABEL LAKE 3","2023081619",0,21.6,39,4.4,350,6.8,93.707,9.04,35.584,,,,,,,,,,,,,,,,,,,,,,
"876","IDABEL LAKE 3","2023081620",0,19.1,45,2.5,278,7.4,93.35,7.817,32.312,,,,,,,,,,,,,,,,,,,,,,
"876","IDABEL LAKE 3","2023081621",0,17.1,51,2.8,350,9.1,92.884,7.434,31.244,,,,,,,,,,,,,,,,,,,,,,
"876","IDABEL LAKE 3","2023081622",0,17,51,4.7,124,15.4,92.429,7.675,31.919,,,,,,,,,,,,,,,,,,,,,,
"876","IDABEL LAKE 3","2023081623",0,16.6,51,5,304,17.7,92.019,7.353,31.015,,,,,,,,,,,,,,,,,,,,,,
"882","SICAMOUS","2023081600",0,20.1,49,6.3,353,13.1,92.05,7.885,29.167,,,,,,,,,,,,,,,,,,,,,,
"882","SICAMOUS","2023081601",0,23.2,35,6.5,321,17.7,92.1,8.022,29.51,,,,,,,,,,,,,,,,,,,,,,
"882","SICAMOUS","2023081602",0,23,36,10.7,355,17.2,92.123,9.944,34.079,,,,,,,,,,,,,,,,,,,,,,
"882","SICAMOUS","2023081603",0,22.2,38,10.3,356,19.5,92.078,9.685,33.486,,,,,,,,,,,,,,,,,,,,,,
"882","SICAMOUS","2023081604",0,20.8,40,9.7,357,22.9,91.967,9.25,32.478,,,,,,,,,,,,,,,,,,,,,,
"882","SICAMOUS","2023081605",0,18.4,49,4.6,355,17.7,91.667,6.856,26.506,,,,,,,,,,,,,,,,,,,,,,
"882","SICAMOUS","2023081606",0,17.4,54,5.2,5,9.7,91.273,6.682,26.038,,,,,,,,,,,,,,,,,,,,,,
"882","SICAMOUS","2023081607",0,17.7,50,4,352,7.9,91.029,6.075,24.37,,,,,,,,,,,,,,,,,,,,,,
"882","SICAMOUS","2023081608",0,19.6,42,2.4,154,6.8,91.001,5.583,22.962,,,,,,,,,,,,,,,,,,,,,,
"882","SICAMOUS","2023081609",0,21.5,37,3,128,6.8,91.051,5.795,23.574,,,,,,,,,,,,,,,,,,,,,,
"882","SICAMOUS","2023081610",0,22.9,35,5,168,8.5,91.101,6.455,25.421,,,,,,,,,,,,,,,,,,,,,,
"882","SICAMOUS","2023081611",0,24.6,31,6.9,195,16,91.242,7.248,27.537,,,,,,,,,,,,,,,,,,,,,,
"882","SICAMOUS","2023081612",0,25.4,28,6.4,205,17.2,91.49,7.321,27.727,0,93.358,9.525,33.641,81.322,701.315,126.091,5,,,,,,,,,,,,,,
"882","SICAMOUS","2023081613",0,26.4,25,7.7,189,16.6,91.855,8.232,30.512,,,,,,,,,,,,,,,,,,,,,,
"882","SICAMOUS","2023081614",0,27.2,23,8.1,203,14.9,92.273,8.911,32.18,,,,,,,,,,,,,,,,,,,,,,
"882","SICAMOUS","2023081615",0,26.9,23,5.3,160,14.3,92.585,8.086,30.145,,,,,,,,,,,,,,,,,,,,,,
"882","SICAMOUS","2023081616",0,26.5,24,4.3,188,10.8,92.785,7.907,29.694,,,,,,,,,,,,,,,,,,,,,,
"882","SICAMOUS","2023081617",0,26.2,27,3.4,172,6.8,92.835,7.61,28.933,,,,,,,,,,,,,,,,,,,,,,
"882","SICAMOUS","2023081618",0,23.1,37,3.3,340,5.6,92.769,7.501,28.65,,,,,,,,,,,,,,,,,,,,,,
"882","SICAMOUS","2023081619",0,20.9,42,6,355,6.8,92.549,8.333,30.765,,,,,,,,,,,,,,,,,,,,,,
"882","SICAMOUS","2023081620",0,19.1,47,6.7,351,7.4,92.21,8.23,30.509,,,,,,,,,,,,,,,,,,,,,,
"882","SICAMOUS","2023081621",0,18.5,45,6.6,354,7.9,91.955,7.899,29.673,,,,,,,,,,,,,,,,,,,,,,
"882","SICAMOUS","2023081622",0,18,49,6.3,1,7.9,91.635,7.436,28.479,,,,,,,,,,,,,,,,,,,,,,
"882","SICAMOUS","2023081623",0,17.5,48,5.9,347,7.9,91.374,7.023,27.387,,,,,,,,,,,,,,,,,,,,,,
"886","GOATHAVEN","2023081600",0,13.2,80,3.9,298,7.9,90.929,5.959,22.436,,,,,,,,,,,,,,,,,,,,,,
"886","GOATHAVEN","2023081601",0,11.6,88,2.7,91,6.2,89.736,4.73,18.995,,,,,,,,,,,,,,,,,,,,,,
"886","GOATHAVEN","2023081602",0,10.8,90,3,59,7.9,88.588,4.073,17.007,,,,,,,,,,,,,,,,,,,,,,
"886","GOATHAVEN","2023081603",0,9.8,94,2.9,27,5.6,87.37,3.403,14.846,,,,,,,,,,,,,,,,,,,,,,
"886","GOATHAVEN","2023081604",0,9.8,94,4.5,40,7.9,86.231,3.138,13.945,,,,,,,,,,,,,,,,,,,,,,
"886","GOATHAVEN","2023081605",0,9,96,2.6,177,5.6,85.172,2.46,11.495,,,,,,,,,,,,,,,,,,,,,,
"886","GOATHAVEN","2023081606",0,10.3,92,2,151,6.8,84.468,2.167,10.362,,,,,,,,,,,,,,,,,,,,,,
"886","GOATHAVEN","2023081607",0,14.6,77,4.1,98,7.4,84.362,2.375,11.173,,,,,,,,,,,,,,,,,,,,,,
"886","GOATHAVEN","2023081608",0,19.6,57,3.2,210,7.9,84.579,2.337,11.027,,,,,,,,,,,,,,,,,,,,,,
"886","GOATHAVEN","2023081609",0,22.8,48,4.4,217,6.8,85.075,2.658,12.233,,,,,,,,,,,,,,,,,,,,,,
"886","GOATHAVEN","2023081610",0,25.3,42,4.3,219,9.7,85.774,2.914,13.159,,,,,,,,,,,,,,,,,,,,,,
"886","GOATHAVEN","2023081611",0,29.6,31,5.6,205,10.8,87.043,3.722,15.892,,,,,,,,,,,,,,,,,,,,,,
"886","GOATHAVEN","2023081612",0,32.6,20,11.8,193,24.6,89.033,6.764,24.528,0,96.443,19.087,50.017,73.887,548.405,110.541,5,,,,,,,,,,,,,,
"886","GOATHAVEN","2023081613",0,34.1,18,11.5,225,25.2,90.817,8.602,29.785,,,,,,,,,,,,,,,,,,,,,,
"886","GOATHAVEN","2023081614",0,34.7,17,12.6,203,26.4,92.303,11.226,35.577,,,,,,,,,,,,,,,,,,,,,,
"886","GOATHAVEN","2023081615",0,34.7,17,13.7,213,27.5,93.429,13.896,40.882,,,,,,,,,,,,,,,,,,,,,,
"886","GOATHAVEN","2023081616",0,34.5,17,9.1,217,28.7,94.202,12.27,37.712,,,,,,,,,,,,,,,,,,,,,,
"886","GOATHAVEN","2023081617",0,33.2,18,10.4,199,21.2,94.67,13.974,41.03,,,,,,,,,,,,,,,,,,,,,,
"886","GOATHAVEN","2023081618",0,31.3,21,10.2,196,21.8,94.782,14.048,41.169,,,,,,,,,,,,,,,,,,,,,,
"886","GOATHAVEN","2023081619",0,23.5,45,1.8,48,18.9,94.341,8.658,29.916,,,,,,,,,,,,,,,,,,,,,,
"886","GOATHAVEN","2023081620",0,18.4,65,2.2,82,8.5,93.416,7.77,27.791,,,,,,,,,,,,,,,,,,,,,,
"886","GOATHAVEN","2023081621",0,16.7,73,4.3,45,9.7,92.309,7.395,26.866,,,,,,,,,,,,,,,,,,,,,,
"886","GOATHAVEN","2023081622",0,15.2,77,3.1,92,7.9,91.284,6.02,23.279,,,,,,,,,,,,,,,,,,,,,,
"886","GOATHAVEN","2023081623",0,13.7,81,3.3,128,6.8,90.266,5.259,21.145,,,,,,,,,,,,,,,,,,,,,,
"904","HAGENSBORG 2","2023081600",0,18.6,86,2.4,258,13.1,85.772,2.647,6.991,,,,,,,,,,30.1,,,,,,,,3,1225.563,,,
"904","HAGENSBORG 2","2023081601",0,16.7,92,4.4,96,9.1,84.85,2.577,6.819,,,,,,,,,,30.8,,,,,,,,3,1226.099,,,
"904","HAGENSBORG 2","2023081602",0,15.6,94,2.5,118,10.2,83.979,2.081,5.566,,,,,,,,,,32.5,,,,,,,,3,1226.623,,,
"904","HAGENSBORG 2","2023081603",0,14.8,94,2.8,75,6.8,83.218,1.912,5.116,,,,,,,,,,32.8,,,,,,,,3,1226.142,,,
"904","HAGENSBORG 2","2023081604",0,13.9,96,3,51,7.4,82.404,1.742,4.65,,,,,,,,,,32,,,,,,,,3,1226.642,,,
"904","HAGENSBORG 2","2023081605",0,13,98,2.8,66,6.8,81.538,1.553,4.114,,,,,,,,,,31.4,,,,,,,,3,1226.671,,,
"904","HAGENSBORG 2","2023081606",0,13,98,3.9,79,6.2,80.746,1.5,3.958,,,,,,,,,,30.3,,,,,,,,3,1226.688,,,
"904","HAGENSBORG 2","2023081607",0,16.4,84,3.2,91,5.1,80.792,1.455,3.828,,,,,,,,,,22.4,,,,,,,,3,1226.652,,,
"904","HAGENSBORG 2","2023081608",0,20.1,68,3.3,41,10.8,81.129,1.519,4.015,,,,,,,,,,26.4,,,,,,,,3,1226.578,,,
"904","HAGENSBORG 2","2023081609",0,22.3,61,3.6,35,6.2,81.657,1.64,4.363,,,,,,,,,,30.7,,,,,,,,3,1226.488,,,
"904","HAGENSBORG 2","2023081610",0,24,60,4.5,233,9.7,82.232,1.84,4.919,,,,,,,,,,29.7,,,,,,,,3,1226.426,,,
"904","HAGENSBORG 2","2023081611",0,24.8,56,6.3,239,11.4,82.915,2.194,5.859,,,,,,,,,,29.4,,,,,,,,3,1225.407,,,
"904","HAGENSBORG 2","2023081612",0,26.3,47,9.7,251,15.4,83.926,2.971,7.759,0,88.675,5.78,14.316,26.728,470.281,46.806,3,,29.6,,,,,,,,3,1225.402,,,
"904","HAGENSBORG 2","2023081613",0,26.9,45,19.4,251,29.8,85.02,5.617,14.002,,,,,,,,,,28.6,,,,,,,,3,1225.416,,,
"904","HAGENSBORG 2","2023081614",0,28,34,22.9,254,33.3,86.506,8.245,18.704,,,,,,,,,,28.2,,,,,,,,3,1225.907,,,
"904","HAGENSBORG 2","2023081615",0,28.3,36,25.7,280,37.9,87.633,11.147,23.233,,,,,,,,,,27,,,,,,,,3,1226.895,,,
"904","HAGENSBORG 2","2023081616",0,28.6,37,24.6,279,38.5,88.476,11.9,24.326,,,,,,,,,,29.1,,,,,,,,3,1225.862,,,
"904","HAGENSBORG 2","2023081617",0,29.1,34,18.6,265,38.5,89.259,9.842,21.266,,,,,,,,,,29.6,,,,,,,,3,1225.912,,,
"904","HAGENSBORG 2","2023081618",0,28.5,36,15.2,267,33.9,89.735,8.878,19.741,,,,,,,,,,31.5,,,,,,,,3,1226.4,,,
"904","HAGENSBORG 2","2023081619",0,26.3,43,14.4,249,29.8,89.784,8.588,19.269,,,,,,,,,,31.9,,,,,,,,3,1226.452,,,
"904","HAGENSBORG 2","2023081620",0,25.3,48,11.8,257,28.1,89.833,7.586,17.589,,,,,,,,,,32,,,,,,,,3,1225.484,,,
"904","HAGENSBORG 2","2023081621",0,23.4,60,5.6,213,18.9,89.576,5.349,13.48,,,,,,,,,,31.8,,,,,,,,3,1225.476,,,
"904","HAGENSBORG 2","2023081622",0,21.9,59,9.4,261,20,89.337,6.261,15.222,,,,,,,,,,31.8,,,,,,,,3,1225.017,,,
"904","HAGENSBORG 2","2023081623",0,23.2,57,13.7,282,24.6,89.201,7.624,17.655,,,,,,,,,,31.4,,,,,,,,3,1225.037,,,
"905","DOWNIE","2023081600",0,17.1,68,3.3,16,6.8,89.789,4.912,13.305,,,,,,,,,,,,,,,,,,,,12228.2,,
"905","DOWNIE","2023081601",0,16.4,73,2.5,17,8.1,89.199,4.335,12.049,,,,,,,,,,,,,,,,,,,,12228.2,,
"905","DOWNIE","2023081602",0,15.9,76,3.2,20,6.7,88.578,4.108,11.538,,,,,,,,,,,,,,,,,,,,12228.2,,
"905","DOWNIE","2023081603",0,15.4,74,3.8,32,8.1,88.078,3.941,11.155,,,,,,,,,,,,,,,,,,,,12228.2,,
"905","DOWNIE","2023081604",0,15,75,3.4,41,8.5,87.617,3.615,10.392,,,,,,,,,,,,,,,,,,,,12228.2,,
"905","DOWNIE","2023081605",0,14.5,76,2.8,25,5.2,87.192,3.301,9.631,,,,,,,,,,,,,,,,,,,,12228.2,,
"905","DOWNIE","2023081606",0,14.4,81,2.9,32,5.1,86.666,3.079,9.077,,,,,,,,,,,,,,,,,,,,12228.2,,
"905","DOWNIE","2023081607",0,15.2,84,2.7,53,5,86.098,2.813,8.395,,,,,,,,,,,,,,,,,,,,12228.2,,
"905","DOWNIE","2023081608",0,18.4,75,2.2,19,4,85.911,2.672,8.024,,,,,,,,,,,,,,,,,,,,12228.2,,
"905","DOWNIE","2023081609",0,22.5,57,3.2,193,5.1,86.029,2.857,8.509,,,,,,,,,,,,,,,,,,,,12228.2,,
"905","DOWNIE","2023081610",0,25.9,42,2.6,207,5,86.586,2.999,8.873,,,,,,,,,,,,,,,,,,,,12228.2,,
"905","DOWNIE","2023081611",0,29,27,8.3,262,17.3,87.914,4.829,13.127,,,,,,,,,,,,,,,,,,,,12228.2,,
"905","DOWNIE","2023081612",0,30.4,23,12.2,282,25,89.365,7.238,17.874,0,95.054,16.128,33.357,36.194,379.517,58.452,4,,,,,,,,,,,,12228.2,,
"905","DOWNIE","2023081613",0,32.6,24,9.6,250,22.1,90.573,7.548,19.696,,,,,,,,,,,,,,,,,,,,12228.2,,
"905","DOWNIE","2023081614",0,33.3,20,9.8,238,22,91.781,9.055,22.445,,,,,,,,,,,,,,,,,,,,12228.2,,
"905","DOWNIE","2023081615",0,33.3,21,8.3,267,18.5,92.635,9.472,23.171,,,,,,,,,,,,,,,,,,,,12228.2,,
"905","DOWNIE","2023081616",0,32.3,24,7.6,269,23.6,93.083,9.736,23.625,,,,,,,,,,,,,,,,,,,,12228.2,,
"905","DOWNIE","2023081617",0,31.4,22,9.5,280,19.9,93.5,11.358,26.303,,,,,,,,,,,,,,,,,,,,12228.2,,
"905","DOWNIE","2023081618",0,29.3,25,8.4,299,19.9,93.595,10.888,25.545,,,,,,,,,,,,,,,,,,,,12228.2,,
"905","DOWNIE","2023081619",0,23.3,46,2.3,29,15.5,93.25,7.631,19.851,,,,,,,,,,,,,,,,,,,,12228.2,,
"905","DOWNIE","2023081620",0,20.2,54,3.9,22,6,92.694,7.652,19.89,,,,,,,,,,,,,,,,,,,,12228.2,,
"905","DOWNIE","2023081621",0,18.6,59,3.1,16,5.8,92.097,6.756,18.16,,,,,,,,,,,,,,,,,,,,12228.2,,
"905","DOWNIE","2023081622",0,17.5,63,4.9,60,9.2,91.431,6.731,18.11,,,,,,,,,,,,,,,,,,,,12228.2,,
"905","DOWNIE","2023081623",0,16.6,67,3.1,8,9.5,90.787,5.609,15.803,,,,,,,,,,,,,,,,,,,,12228.2,,
"919","GOLDSTREAM 2","2023081600",0,21.5,35,5.6,153,19.1,91.98,7.537,16.115,,,,,,,,,,,,,,,,,,,,9193.8,,
"919","GOLDSTREAM 2","2023081601",0,20.8,38,7.7,341,22.9,91.934,8.324,17.36,,,,,,,,,,,,,,,,,,,,9193.8,,
"919","GOLDSTREAM 2","2023081602",0,19.9,38,5.7,37,20.4,91.885,7.474,16.013,,,,,,,,,,,,,,,,,,,,9193.8,,
"919","GOLDSTREAM 2","2023081603",0,17.8,42,7.8,6,18.2,91.719,8.115,17.035,,,,,,,,,,,,,,,,,,,,9193.8,,
"919","GOLDSTREAM 2","2023081604",0,16.7,44,9.4,27,14.3,91.506,8.535,17.686,,,,,,,,,,,,,,,,,,,,9193.8,,
"919","GOLDSTREAM 2","2023081605",0,16.2,47,5.7,5,15,91.273,6.852,14.989,,,,,,,,,,,,,,,,,,,,9193.8,,
"919","GOLDSTREAM 2","2023081606",0,15.4,53,7.8,25,18.3,90.909,7.233,15.621,,,,,,,,,,,,,,,,,,,,9193.8,,
"919","GOLDSTREAM 2","2023081607",0,16.8,43,3.6,192,8.5,90.834,5.791,13.154,,,,,,,,,,,,,,,,,,,,9193.8,,
"919","GOLDSTREAM 2","2023081608",0,19.8,46,5,141,7.6,90.738,6.13,13.754,,,,,,,,,,,,,,,,,,,,9193.8,,
"919","GOLDSTREAM 2","2023081609",0,22.2,36,9.3,197,15.2,90.788,7.667,16.324,,,,,,,,,,,,,,,,,,,,9193.8,,
"919","GOLDSTREAM 2","2023081610",0,24,28,13.1,205,22.5,91.089,9.693,19.418,,,,,,,,,,,,,,,,,,,,9193.8,,
"919","GOLDSTREAM 2","2023081611",0,25.3,29,14.2,191,25.7,91.349,10.63,20.761,,,,,,,,,,,,,,,,,,,,9193.8,,
"919","GOLDSTREAM 2","2023081612",0,26.4,30,16.1,199,27,91.564,12.062,22.721,0,92.807,14.375,27.321,28.452,280.954,45.408,4,,,,,,,,,,,,9193.8,,
"919","GOLDSTREAM 2","2023081613",0,27,28,14.8,192,26.8,91.843,11.753,23.755,,,,,,,,,,,,,,,,,,,,9193.8,,
"919","GOLDSTREAM 2","2023081614",0,28.7,27,11.5,205,26,92.171,10.425,21.821,,,,,,,,,,,,,,,,,,,,9193.8,,
"919","GOLDSTREAM 2","2023081615",0,28,29,14.7,189,30,92.321,12.511,24.818,,,,,,,,,,,,,,,,,,,,9193.8,,
"919","GOLDSTREAM 2","2023081616",0,28,27,9.9,203,28.2,92.519,10.101,21.334,,,,,,,,,,,,,,,,,,,,9193.8,,
"919","GOLDSTREAM 2","2023081617",0,27.4,28,8,214,20.7,92.614,9.301,20.104,,,,,,,,,,,,,,,,,,,,9193.8,,
"919","GOLDSTREAM 2","2023081618",0,26.1,31,4.2,229,14.5,92.664,7.735,17.563,,,,,,,,,,,,,,,,,,,,9193.8,,
"919","GOLDSTREAM 2","2023081619",0,20.5,45,9.7,30,17.7,92.346,9.759,20.814,,,,,,,,,,,,,,,,,,,,9193.8,,
"919","GOLDSTREAM 2","2023081620",0,19.3,47,11.4,29,18.6,91.993,10.115,21.355,,,,,,,,,,,,,,,,,,,,9193.8,,
"919","GOLDSTREAM 2","2023081621",0,18.9,48,8.9,31,19.2,91.676,8.526,18.869,,,,,,,,,,,,,,,,,,,,9193.8,,
"919","GOLDSTREAM 2","2023081622",0,18.9,49,9.6,25,15.8,91.369,8.455,18.755,,,,,,,,,,,,,,,,,,,,9193.8,,
"919","GOLDSTREAM 2","2023081623",0,17.6,52,7.6,26,19.4,91.032,7.287,16.799,,,,,,,,,,,,,,,,,,,,9193.8,,
"934","MESACHIE 2","2023081600",0,16.5,86,3.1,269,7.4,88.932,4.3,14.721,,,,,,,,,,,,,,,,,,,,,,
"934","MESACHIE 2","2023081601",0,15.2,94,2.4,176,5.6,87.542,3.401,12.251,,,,,,,,,,,,,,,,,,,,,,
"934","MESACHIE 2","2023081602",0,14.8,96,3.8,231,9.1,86.116,2.981,11.012,,,,,,,,,,,,,,,,,,,,,,
"934","MESACHIE 2","2023081603",0,14.3,96,3.4,123,5.6,84.912,2.471,9.419,,,,,,,,,,,,,,,,,,,,,,
"934","MESACHIE 2","2023081604",0,13.9,98,3.4,128,7.4,83.692,2.097,8.173,,,,,,,,,,,,,,,,,,,,,,
"934","MESACHIE 2","2023081605",0,13.3,98,2.1,103,4.5,82.693,1.726,6.861,,,,,,,,,,,,,,,,,,,,,,
"934","MESACHIE 2","2023081606",0,14.2,99,3.7,129,6.2,81.643,1.646,6.564,,,,,,,,,,,,,,,,,,,,,,
"934","MESACHIE 2","2023081607",0,21.3,73,2.6,97,7.4,81.83,1.592,6.363,,,,,,,,,,,,,,,,,,,,,,
"934","MESACHIE 2","2023081608",0,25.3,54,3.3,185,6.2,82.569,1.806,7.15,,,,,,,,,,,,,,,,,,,,,,
"934","MESACHIE 2","2023081609",0,27.6,49,3.9,314,7.4,83.494,2.095,8.168,,,,,,,,,,,,,,,,,,,,,,
"934","MESACHIE 2","2023081610",0,30.3,36,4.3,75,7.9,84.943,2.597,9.822,,,,,,,,,,,,,,,,,,,,,,
"934","MESACHIE 2","2023081611",0,32.8,26,5,52,10.2,86.83,3.503,12.541,,,,,,,,,,,,,,,,,,,,,,
"934","MESACHIE 2","2023081612",0,35.1,27,7.7,84,14.9,88.599,5.169,16.923,0,95.735,14.107,35.776,52.088,459.212,81.16,5,,,,,,,,,,,,,,
"934","MESACHIE 2","2023081613",0,35.1,28,10.7,118,18.3,89.986,7.336,22.915,,,,,,,,,,,,,,,,,,,,,,
"934","MESACHIE 2","2023081614",0,35.7,28,10.5,99,20.6,91.083,8.495,25.396,,,,,,,,,,,,,,,,,,,,,,
"934","MESACHIE 2","2023081615",0,35.7,28,10,86,19.5,91.904,9.308,27.053,,,,,,,,,,,,,,,,,,,,,,
"934","MESACHIE 2","2023081616",0,34.8,29,10.7,102,21.8,92.423,10.375,29.134,,,,,,,,,,,,,,,,,,,,,,
"934","MESACHIE 2","2023081617",0,33.2,31,11.1,92,22.9,92.638,10.911,30.147,,,,,,,,,,,,,,,,,,,,,,
"934","MESACHIE 2","2023081618",0,30.5,35,9.9,96,21.8,92.688,10.344,29.076,,,,,,,,,,,,,,,,,,,,,,
"934","MESACHIE 2","2023081619",0,27.9,42,6.5,104,14.3,92.582,8.586,25.584,,,,,,,,,,,,,,,,,,,,,,
"934","MESACHIE 2","2023081620",0,21.7,68,1.9,158,8.5,91.775,6.076,20.024,,,,,,,,,,,,,,,,,,,,,,
"934","MESACHIE 2","2023081621",0,19.7,74,2.8,254,7.4,90.868,5.589,18.841,,,,,,,,,,,,,,,,,,,,,,
"934","MESACHIE 2","2023081622",0,17.7,82,2.6,227,4.5,89.823,4.765,16.742,,,,,,,,,,,,,,,,,,,,,,
"934","MESACHIE 2","2023081623",0,16.9,83,2.9,142,5.1,88.876,4.223,15.282,,,,,,,,,,,,,,,,,,,,,,
"938","PINE CREEK","2023081600",0,11.3,65,6.8,265,22.7,87.548,4.249,6.122,,,,,,,,,,,,,,,,,,,,6365.6,,
"938","PINE CREEK","2023081601",0,11.5,65,7.1,280,23.3,87.324,4.178,6.024,,,,,,,,,,,,,,,,,,,,6365.6,,
"938","PINE CREEK","2023081602",0,10,73,9.5,249,18.1,86.923,4.453,6.401,,,,,,,,,,,,,,,,,,,,6365.6,,
"938","PINE CREEK","2023081603",0,9.5,73,4.6,251,21.8,86.608,3.327,4.805,,,,,,,,,,,,,,,,,,,,6365.6,,
"938","PINE CREEK","2023081604",0,10.2,70,7.3,291,17.5,86.37,3.685,5.33,,,,,,,,,,,,,,,,,,,,6365.6,,
"938","PINE CREEK","2023081605",0,9.4,74,8.9,292,14.8,86.053,3.821,5.524,,,,,,,,,,,,,,,,,,,,6365.6,,
"938","PINE CREEK","2023081606",0,9.7,69,6.5,322,12,85.893,3.31,4.78,,,,,,,,,,,,,,,,,,,,6365.6,,
"938","PINE CREEK","2023081607",0,11.6,64,7.6,23,12.3,85.862,3.484,5.037,,,,,,,,,,,,,,,,,,,,6365.6,,
"938","PINE CREEK","2023081608",0,13,60,7.3,318,17.3,85.91,3.454,4.994,,,,,,,,,,,,,,,,,,,,6365.6,,
"938","PINE CREEK","2023081609",0,15.3,56,5.2,87,17.7,85.958,3.129,4.507,,,,,,,,,,,,,,,,,,,,6365.6,,
"938","PINE CREEK","2023081610",0,15.7,58,9.1,56,15.3,86.006,3.834,5.542,,,,,,,,,,,,,,,,,,,,6365.6,,
"938","PINE CREEK","2023081611",0,16.3,57,4.8,41,12.8,86.054,3.108,4.475,,,,,,,,,,,,,,,,,,,,6365.6,,
"938","PINE CREEK","2023081612",0,19.3,46,7.1,64,15.5,86.334,3.63,5.25,0,87.554,4.317,7.045,11.054,352.571,20.501,2,,,,,,,,,,,,6365.6,,
"938","PINE CREEK","2023081613",0,19.4,49,9.4,239,26.2,86.521,4.185,6.847,,,,,,,,,,,,,,,,,,,,6365.6,,
"938","PINE CREEK","2023081614",0,19.3,54,17.3,244,27.7,86.572,6.277,9.778,,,,,,,,,,,,,,,,,,,,6365.6,,
"938","PINE CREEK","2023081615",0,18.3,59,22.3,242,39.3,86.62,8.13,12.091,,,,,,,,,,,,,,,,,,,,6365.6,,
"938","PINE CREEK","2023081616",0,18,61,15.2,239,36.4,86.668,5.724,9.042,,,,,,,,,,,,,,,,,,,,6365.6,,
"938","PINE CREEK","2023081617",0,17.8,62,13.1,237,23.1,86.69,5.165,8.271,,,,,,,,,,,,,,,,,,,,6365.6,,
"938","PINE CREEK","2023081618",0,17,55,18,246,30.6,86.738,6.657,10.271,,,,,,,,,,,,,,,,,,,,6365.6,,
"938","PINE CREEK","2023081619",0,18.2,51,18.5,258,37.8,86.806,6.893,10.572,,,,,,,,,,,,,,,,,,,,6365.6,,
"938","PINE CREEK","2023081620",0,16.1,59,24.8,246,40.6,86.84,9.515,13.69,,,,,,,,,,,,,,,,,,,,6365.6,,
"938","PINE CREEK","2023081621",0,14.9,64,15.4,248,31.7,86.731,5.834,9.19,,,,,,,,,,,,,,,,,,,,6365.6,,
"938","PINE CREEK","2023081622",0,13.3,69,12.1,234,21.4,86.503,4.783,7.728,,,,,,,,,,,,,,,,,,,,6365.6,,
"938","PINE CREEK","2023081623",0,12.2,73,10.7,235,16.6,86.2,4.271,6.975,,,,,,,,,,,,,,,,,,,,6365.6,,
"944","TS SAN JUAN","2023081600",0,15.8,97,3.5,192,5.8,83.103,1.952,7.157,,,,,,,,,,,,,,,,,,,,7052.6,,
"944","TS SAN JUAN","2023081601",0,15.7,97,4.1,213,6.1,82.161,1.787,6.599,,,,,,,,,,,,,,,,,,,,7052.6,,
"944","TS SAN JUAN","2023081602",0,15.6,98,4.3,203,7,81.245,1.619,6.011,,,,,,,,,,,,,,,,,,,,7052.6,,
"944","TS SAN JUAN","2023081603",0,15.3,98,4.3,221,6.3,80.456,1.482,5.517,,,,,,,,,,,,,,,,,,,,7052.6,,
"944","TS SAN JUAN","2023081604",0,14.9,98,3.6,192,6.9,79.79,1.334,4.965,,,,,,,,,,,,,,,,,,,,7052.6,,
"944","TS SAN JUAN","2023081605",0,14.7,97,4.3,213,5.8,79.289,1.315,4.891,,,,,,,,,,,,,,,,,,,,7052.6,,
"944","TS SAN JUAN","2023081606",0,15.2,97,3.3,208,5.5,78.867,1.201,4.451,,,,,,,,,,,,,,,,,,,,7052.6,,
"944","TS SAN JUAN","2023081607",0,18.1,93,3.3,207,4.8,78.836,1.198,4.438,,,,,,,,,,,,,,,,,,,,7052.6,,
"944","TS SAN JUAN","2023081608",0,23.7,76,0,304,3.7,79.089,1.039,3.798,,,,,,,,,,,,,,,,,,,,7052.6,,
"944","TS SAN JUAN","2023081609",0,27.3,47,6.3,18,10.4,80.636,1.672,6.198,,,,,,,,,,,,,,,,,,,,7052.6,,
"944","TS SAN JUAN","2023081610",0,28.4,48,5.2,22,9.4,81.96,1.844,6.792,,,,,,,,,,,,,,,,,,,,7052.6,,
"944","TS SAN JUAN","2023081611",0,29.7,42,6.4,16,13.9,83.452,2.363,8.486,,,,,,,,,,,,,,,,,,,,7052.6,,
"944","TS SAN JUAN","2023081612",0,30.6,39,7,18,16,84.905,2.96,10.277,0,92.083,8.207,23.348,44.857,462.509,72.206,4,,,,,,,,,,,,7052.6,,
"944","TS SAN JUAN","2023081613",0,31.5,35,7.7,359,15,86.361,3.755,13.057,,,,,,,,,,,,,,,,,,,,7052.6,,
"944","TS SAN JUAN","2023081614",0,30.9,35,7.9,349,16.5,87.502,4.461,14.926,,,,,,,,,,,,,,,,,,,,7052.6,,
"944","TS SAN JUAN","2023081615",0,30.4,36,8,346,14.9,88.354,5.066,16.439,,,,,,,,,,,,,,,,,,,,7052.6,,
"944","TS SAN JUAN","2023081616",0,29.8,37,5.6,11,12.8,88.942,4.885,15.992,,,,,,,,,,,,,,,,,,,,7052.6,,
"944","TS SAN JUAN","2023081617",0,29.6,39,4.9,338,10.8,89.338,4.991,16.254,,,,,,,,,,,,,,,,,,,,7052.6,,
"944","TS SAN JUAN","2023081618",0,28.3,51,2.1,354,6.2,89.387,4.365,14.678,,,,,,,,,,,,,,,,,,,,7052.6,,
"944","TS SAN JUAN","2023081619",0,21.7,78,0,4,7,88.83,3.625,12.697,,,,,,,,,,,,,,,,,,,,7052.6,,
"944","TS SAN JUAN","2023081620",0,17.9,89,1.1,198,3.7,87.797,3.304,11.789,,,,,,,,,,,,,,,,,,,,7052.6,,
"944","TS SAN JUAN","2023081621",0,17.5,90,2.9,230,4.6,86.761,3.12,11.257,,,,,,,,,,,,,,,,,,,,7052.6,,
"944","TS SAN JUAN","2023081622",0,16.2,95,3.3,210,5,85.514,2.672,9.903,,,,,,,,,,,,,,,,,,,,7052.6,,
"944","TS SAN JUAN","2023081623",0,15.8,95,3.8,218,5.5,84.429,2.361,8.914,,,,,,,,,,,,,,,,,,,,7052.6,,
"945","TS NAKA CREEK","2023081600",0,13,100,14.7,315,22.9,80.329,2.47,4.967,,,,,,,,,0,0,,0,0,0,0,0,,0,0,,0,
"945","TS NAKA CREEK","2023081601",0,12.8,100,6,349,16.6,79.443,1.454,2.708,,,,,,,,,0,0,,0,0,0,0,0,,0,0,,0,
"945","TS NAKA CREEK","2023081602",0,12.5,100,2.8,247,13.7,78.744,1.158,1.941,,,,,,,,,0,0,,0,0,0,0,0,,0,0,,0,
"945","TS NAKA CREEK","2023081603",0,12.8,100,5,338,18.3,78.079,1.22,2.11,,,,,,,,,0,0,,0,0,0,0,0,,0,0,,0,
"945","TS NAKA CREEK","2023081604",0,13.3,100,7,339,18.3,77.466,1.284,2.277,,,,,,,,,0,0,,0,0,0,0,0,,0,0,,0,
"945","TS NAKA CREEK","2023081605",0,13,100,12.6,328,20,76.878,1.628,3.127,,,,,,,,,0,0,,0,0,0,0,0,,0,0,,0,
"945","TS NAKA CREEK","2023081606",0,12.9,100,8.3,331,18.9,76.409,1.269,2.238,,,,,,,,,0,0,,0,0,0,0,0,,0,0,,0,
"945","TS NAKA CREEK","2023081607",0,13.2,100,8.3,324,12,76.002,1.235,2.15,,,,,,,,,0,0,,0,0,0,0,0,,0,0,,0,
"945","TS NAKA CREEK","2023081608",0,13.8,96,12.3,335,21.8,76.039,1.515,2.855,,,,,,,,,0,0,,0,0,0,0,0,,0,0,,0,
"945","TS NAKA CREEK","2023081609",0,16.8,81,9.8,338,20.6,76.426,1.37,2.498,,,,,,,,,0,0,,0,0,0,0,0,,0,0,,0,
"945","TS NAKA CREEK","2023081610",0,19,71,10.2,344,18.9,77.147,1.472,2.751,,,,,,,,,0,0,,0,0,0,0,0,,0,0,,0,
"945","TS NAKA CREEK","2023081611",0,20.9,65,13.6,336,22.3,78.119,1.888,3.724,,,,,,,,,0,0,,0,0,0,0,0,,0,0,,0,
"945","TS NAKA CREEK","2023081612",0,21.6,62,17.8,328,27.5,79.173,2.567,5.166,0,87.169,7.006,13.234,17.21,348.15,30.634,3,0,0,,0,0,0,0,0,,0,0,,0,
"945","TS NAKA CREEK","2023081613",0,22.6,57,16.9,318,28.1,80.297,2.75,5.903,,,,,,,,,0,0,,0,0,0,0,0,,0,0,,0,
"945","TS NAKA CREEK","2023081614",0,22.4,52,22.5,312,32.7,81.492,4.169,8.63,,,,,,,,,0,0,,0,0,0,0,0,,0,0,,0,
"945","TS NAKA CREEK","2023081615",0,23.2,45,19.6,312,32.7,82.763,4.207,8.697,,,,,,,,,0,0,,0,0,0,0,0,,0,0,,0,
"945","TS NAKA CREEK","2023081616",0,22.3,44,18.4,298,30.4,83.795,4.526,9.26,,,,,,,,,0,0,,0,0,0,0,0,,0,0,,0,
"945","TS NAKA CREEK","2023081617",0,22.1,43,14.7,307,28.7,84.647,4.211,8.705,,,,,,,,,0,0,,0,0,0,0,0,,0,0,,0,
"945","TS NAKA CREEK","2023081618",0,18.6,46,18.1,297,27.5,85.152,5.357,10.665,,,,,,,,,0,0,,0,0,0,0,0,,0,0,,0,
"945","TS NAKA CREEK","2023081619",0,16.6,53,18.9,307,29.2,85.347,5.73,11.27,,,,,,,,,0,0,,0,0,0,0,0,,0,0,,0,
"945","TS NAKA CREEK","2023081620",0,15.7,58,14.1,309,26.9,85.395,4.529,9.265,,,,,,,,,0,0,,0,0,0,0,0,,0,0,,0,
"945","TS NAKA CREEK","2023081621",0,15.2,65,10.4,313,18.3,85.443,3.784,7.925,,,,,,,,,0,0,,0,0,0,0,0,,0,0,,0,
"945","TS NAKA CREEK","2023081622",0,11.4,89,4.4,280,9.1,84.788,2.555,5.495,,,,,,,,,0,0,,0,0,0,0,0,,0,0,,0,
"945","TS NAKA CREEK","2023081623",0,10.5,94,4,279,6.2,83.949,2.236,4.804,,,,,,,,,0,0,,0,0,0,0,0,,0,0,,0,
"956","TS EFFINGHAM","2023081600",0,24.7,49,6.8,321,13.1,91.187,7.155,15.584,,,,,,,,,0,0,,0,0,0,0,0,,0,0,,0,
"956","TS EFFINGHAM","2023081601",0,24.1,50,4.5,355,7.9,91.021,6.224,14.001,,,,,,,,,0,0,,0,0,0,0,0,,0,0,,0,
"956","TS EFFINGHAM","2023081602",0,23.5,51,2.5,60,6.2,90.861,5.5,12.707,,,,,,,,,0,0,,0,0,0,0,0,,0,0,,0,
"956","TS EFFINGHAM","2023081603",0,23.5,51,2.9,45,9.1,90.717,5.498,12.703,,,,,,,,,0,0,,0,0,0,0,0,,0,0,,0,
"956","TS EFFINGHAM","2023081604",0,22.3,53,5.9,331,9.1,90.502,6.201,13.962,,,,,,,,,0,0,,0,0,0,0,0,,0,0,,0,
"956","TS EFFINGHAM","2023081605",0,22.1,58,4,112,6.2,90.204,5.4,12.524,,,,,,,,,0,0,,0,0,0,0,0,,0,0,,0,
"956","TS EFFINGHAM","2023081606",0,22.1,57,3.2,88,9.1,89.979,5.022,11.818,,,,,,,,,0,0,,0,0,0,0,0,,0,0,,0,
"956","TS EFFINGHAM","2023081607",0,22.4,56,1.7,358,6.2,89.826,4.556,10.918,,,,,,,,,0,0,,0,0,0,0,0,,0,0,,0,
"956","TS EFFINGHAM","2023081608",0,26.3,51,2,28,6.8,89.868,4.653,11.108,,,,,,,,,0,0,,0,0,0,0,0,,0,0,,0,
"956","TS EFFINGHAM","2023081609",0,28.1,45,3.3,300,6.8,89.917,5.003,11.782,,,,,,,,,0,0,,0,0,0,0,0,,0,0,,0,
"956","TS EFFINGHAM","2023081610",0,27.8,45,6.7,163,10.8,89.966,5.98,13.572,,,,,,,,,0,0,,0,0,0,0,0,,0,0,,0,
"956","TS EFFINGHAM","2023081611",0,28,46,7.7,155,13.7,90.015,6.333,14.192,,,,,,,,,0,0,,0,0,0,0,0,,0,0,,0,
"956","TS EFFINGHAM","2023081612",0,30.3,43,9.2,185,15.4,90.121,6.935,15.218,0,92.07,9.153,19.88,28.682,273.509,45.449,4,0,0,,0,0,0,0,0,,0,0,,0,
"956","TS EFFINGHAM","2023081613",0,30.8,41,8.2,166,15.4,90.296,6.761,15.886,,,,,,,,,0,0,,0,0,0,0,0,,0,0,,0,
"956","TS EFFINGHAM","2023081614",0,30.4,41,9.5,182,15.4,90.425,7.353,16.921,,,,,,,,,0,0,,0,0,0,0,0,,0,0,,0,
"956","TS EFFINGHAM","2023081615",0,29.5,43,8.6,190,16.6,90.474,7.077,16.443,,,,,,,,,0,0,,0,0,0,0,0,,0,0,,0,
"956","TS EFFINGHAM","2023081616",0,29.1,43,7.4,178,12,90.524,6.709,15.792,,,,,,,,,0,0,,0,0,0,0,0,,0,0,,0,
"956","TS EFFINGHAM","2023081617",0,27.1,48,5.5,163,11.4,90.559,6.127,14.737,,,,,,,,,0,0,,0,0,0,0,0,,0,0,,0,
"956","TS EFFINGHAM","2023081618",0,26.6,49,2,294,7.9,90.559,5.136,12.844,,,,,,,,,0,0,,0,0,0,0,0,,0,0,,0,
"956","TS EFFINGHAM","2023081619",0,23,68,8.1,323,11.4,89.908,6.364,15.171,,,,,,,,,0,0,,0,0,0,0,0,,0,0,,0,
"956","TS EFFINGHAM","2023081620",0,23.1,64,5.9,323,12.5,89.518,5.386,13.333,,,,,,,,,0,0,,0,0,0,0,0,,0,0,,0,
"956","TS EFFINGHAM","2023081621",0,22.8,64,2.4,345,10.8,89.226,4.33,11.199,,,,,,,,,0,0,,0,0,0,0,0,,0,0,,0,
"956","TS EFFINGHAM","2023081622",0,22.3,65,1.7,125,3.9,88.953,4.019,10.535,,,,,,,,,0,0,,0,0,0,0,0,,0,0,,0,
"956","TS EFFINGHAM","2023081623",0,23.2,59,2,89,4.5,88.867,4.03,10.559,,,,,,,,,0,0,,0,0,0,0,0,,0,0,,0,
"965","IRON CREEK YFS","2023081600",0,10.2,97,0.7,297,8,,,,,,,,,,,,,,,,,,,,,,,1701.55,,
"965","IRON CREEK YFS","2023081601",0,8.6,96,0,249,3.6,,,,,,,,,,,,,,,,,,,,,,,1701.55,,
"965","IRON CREEK YFS","2023081602",0,8.9,100,0.7,212,4.7,,,,,,,,,,,,,,,,,,,,,,,1701.55,,
"965","IRON CREEK YFS","2023081603",0,8.7,100,0.1,236,4.8,,,,,,,,,,,,,,,,,,,,,,,1701.55,,
"965","IRON CREEK YFS","2023081604",0,6.8,100,6.8,254,11.3,,,,,,,,,,,,,,,,,,,,,,,1701.55,,
"965","IRON CREEK YFS","2023081605",0,7.9,100,0.6,355,10.7,,,,,,,,,,,,,,,,,,,,,,,1701.55,,
"965","IRON CREEK YFS","2023081606",0,9.2,100,0,256,3.7,,,,,,,,,,,,,,,,,,,,,,,1701.55,,
"965","IRON CREEK YFS","2023081607",0,10.8,100,0,232,2.2,,,,,,,,,,,,,,,,,,,,,,,1701.55,,
"965","IRON CREEK YFS","2023081608",0,12.4,81,0.1,185,5.4,,,,,,,,,,,,,,,,,,,,,,,1701.55,,
"965","IRON CREEK YFS","2023081609",0,13.2,78,2,128,4.1,,,,,,,,,,,,,,,,,,,,,,,1701.55,,
"965","IRON CREEK YFS","2023081610",0,15.2,68,4.3,116,9.2,,,,,,,,,,,,,,,,,,,,,,,1701.55,,
"965","IRON CREEK YFS","2023081611",0,17.5,62,5.8,106,12.6,,,,,,,,,,,,,,,,,,,,,,,1701.55,,
"965","IRON CREEK YFS","2023081612",0,18.9,58,1.7,119,13.3,,,,0,,,,,,,,,,,,,,,,,,,1701.55,,
"965","IRON CREEK YFS","2023081613",0,22.1,48,12.7,230,28.3,,,,,,,,,,,,,,,,,,,,,,,1701.55,,
"965","IRON CREEK YFS","2023081614",0,20,52,7.3,252,26.1,,,,,,,,,,,,,,,,,,,,,,,1701.55,,
"965","IRON CREEK YFS","2023081615",0,20.4,48,7.2,259,18.3,,,,,,,,,,,,,,,,,,,,,,,1701.55,,
"965","IRON CREEK YFS","2023081616",0,21.4,35,13.3,267,31.7,,,,,,,,,,,,,,,,,,,,,,,1701.55,,
"965","IRON CREEK YFS","2023081617",0,21.7,33,9.1,254,33.2,,,,,,,,,,,,,,,,,,,,,,,1701.55,,
"965","IRON CREEK YFS","2023081618",0,21.5,31,10.4,266,37.6,,,,,,,,,,,,,,,,,,,,,,,1701.55,,
"965","IRON CREEK YFS","2023081619",0,19.7,36,11.5,241,33.7,,,,,,,,,,,,,,,,,,,,,,,1701.55,,
"965","IRON CREEK YFS","2023081620",0,16.7,41,7.9,251,27.3,,,,,,,,,,,,,,,,,,,,,,,1701.55,,
"965","IRON CREEK YFS","2023081621",0,15.7,41,6.4,267,27.6,,,,,,,,,,,,,,,,,,,,,,,1701.55,,
"965","IRON CREEK YFS","2023081622",0,9.7,71,1.3,277,12.7,,,,,,,,,,,,,,,,,,,,,,,1701.55,,
"965","IRON CREEK YFS","2023081623",0,12.6,50,6.5,275,15.2,,,,,,,,,,,,,,,,,,,,,,,1701.55,,
"977","ANDERSON CREEK","2023081600",0,19.4,63,4.9,118,8.5,92.314,7.627,31.553,,,,,,,,,0,0,,0,0,0,0,0,,0,0,,0,
"977","ANDERSON CREEK","2023081601",0,18.1,69,4.8,72,7.4,91.447,6.713,28.946,,,,,,,,,0,0,,0,0,0,0,0,,0,0,,0,
"977","ANDERSON CREEK","2023081602",0,17.1,73,2.7,103,6.8,90.644,5.386,24.874,,,,,,,,,0,0,,0,0,0,0,0,,0,0,,0,
"977","ANDERSON CREEK","2023081603",0,16.6,73,2.6,13,6.2,89.947,4.85,23.112,,,,,,,,,0,0,,0,0,0,0,0,,0,0,,0,
"977","ANDERSON CREEK","2023081604",0,16.5,71,4.1,96,5.6,89.355,4.805,22.96,,,,,,,,,0,0,,0,0,0,0,0,,0,0,,0,
"977","ANDERSON CREEK","2023081605",0,16.4,70,5.1,76,7.4,88.847,4.698,22.597,,,,,,,,,0,0,,0,0,0,0,0,,0,0,,0,
"977","ANDERSON CREEK","2023081606",0,16.3,71,3.5,51,6.8,88.401,4.066,20.375,,,,,,,,,0,0,,0,0,0,0,0,,0,0,,0,
"977","ANDERSON CREEK","2023081607",0,16.3,72,2.1,359,6.2,88.008,3.581,18.576,,,,,,,,,0,0,,0,0,0,0,0,,0,0,,0,
"977","ANDERSON CREEK","2023081608",0,24.9,44,4.2,156,6.8,88.227,4.108,20.527,,,,,,,,,0,0,,0,0,0,0,0,,0,0,,0,
"977","ANDERSON CREEK","2023081609",0,28.4,36,5.2,211,13.7,88.802,4.692,22.574,,,,,,,,,0,0,,0,0,0,0,0,,0,0,,0,
"977","ANDERSON CREEK","2023081610",0,31,25,5.4,209,10.8,89.873,5.527,25.324,,,,,,,,,0,0,,0,0,0,0,0,,0,0,,0,
"977","ANDERSON CREEK","2023081611",0,33.3,21,6.8,253,11.4,91.119,7.086,30.029,,,,,,,,,0,0,,0,0,0,0,0,,0,0,,0,
"977","ANDERSON CREEK","2023081612",0,35,18,8.1,213,14.3,92.407,9.08,35.431,0,96.258,15.448,50.182,136.521,594.718,173.482,5,0,0,,0,0,0,0,0,,0,0,,0,
"977","ANDERSON CREEK","2023081613",0,36.7,17,7.1,188,14.3,93.548,10.131,38.336,,,,,,,,,0,0,,0,0,0,0,0,,0,0,,0,
"977","ANDERSON CREEK","2023081614",0,37.2,16,6.3,248,14.9,94.482,11.075,40.614,,,,,,,,,0,0,,0,0,0,0,0,,0,0,,0,
"977","ANDERSON CREEK","2023081615",0,37.3,17,5,194,13.1,95.113,11.311,41.17,,,,,,,,,0,0,,0,0,0,0,0,,0,0,,0,
"977","ANDERSON CREEK","2023081616",0,37.5,18,6.9,218,16.6,95.559,13.228,45.506,,,,,,,,,0,0,,0,0,0,0,0,,0,0,,0,
"977","ANDERSON CREEK","2023081617",0,36.2,21,5.1,249,18.9,95.657,12.244,43.319,,,,,,,,,0,0,,0,0,0,0,0,,0,0,,0,
"977","ANDERSON CREEK","2023081618",0,33.5,26,5,31,12,95.708,12.267,43.37,,,,,,,,,0,0,,0,0,0,0,0,,0,0,,0,
"977","ANDERSON CREEK","2023081619",0,28.7,37,3.9,265,14.3,95.361,11.071,40.605,,,,,,,,,0,0,,0,0,0,0,0,,0,0,,0,
"977","ANDERSON CREEK","2023081620",0,24.1,46,7.3,5,9.7,94.689,11.984,42.729,,,,,,,,,0,0,,0,0,0,0,0,,0,0,,0,
"977","ANDERSON CREEK","2023081621",0,22.4,52,4.1,112,9.7,93.996,9.269,36.172,,,,,,,,,0,0,,0,0,0,0,0,,0,0,,0,
"977","ANDERSON CREEK","2023081622",0,20.8,57,3.4,101,6.8,93.275,8.094,33.069,,,,,,,,,0,0,,0,0,0,0,0,,0,0,,0,
"977","ANDERSON CREEK","2023081623",0,20,61,3,91,6.8,92.55,7.166,30.479,,,,,,,,,0,0,,0,0,0,0,0,,0,0,,0,
"995","TS ARTLISH","2023081600",0,15.8,87,0,123,0,84.655,2.01,4.122,,,,,,,,,0,0.2,,0,0,0,0,0,,1,0,,0,
"995","TS ARTLISH","2023081601",0,15.1,90,1.6,115,2.2,84.089,2.019,4.141,,,,,,,,,0,3.6,,0,0,0,0,0,,1,0,,0,
"995","TS ARTLISH","2023081602",0,15.1,86,1.8,131,9.1,83.764,1.953,3.993,,,,,,,,,0,-1.1,,0,0,0,0,0,,1,0,,0,
"995","TS ARTLISH","2023081603",0,16.9,66,1.7,67,10.8,83.835,1.961,4.013,,,,,,,,,0,-1.2,,0,0,0,0,0,,1,0,,0,
"995","TS ARTLISH","2023081604",0,17.4,69,2.1,177,12.5,83.882,2.014,4.13,,,,,,,,,0,3.5,,0,0,0,0,0,,1,0,,0,
"995","TS ARTLISH","2023081605",0,15.7,74,1.7,242,12.5,83.929,1.986,4.068,,,,,,,,,0,0.4,,0,0,0,0,0,,1,-335.747,,0,
"995","TS ARTLISH","2023081606",0,14.1,87,0,181,2.2,83.649,1.757,3.542,,,,,,,,,0,2.6,,0,0,0,0,0,,1,0,,0,
"995","TS ARTLISH","2023081607",0,13.4,93,0,21,0,83.148,1.646,3.28,,,,,,,,,0,42.4,,0,0,0,0,0,,1,0,,0,
"995","TS ARTLISH","2023081608",0,14.1,91,0,169,0,82.786,1.571,3.101,,,,,,,,,0,4.5,,0,0,0,0,0,,1,0,,0,
"995","TS ARTLISH","2023081609",0,18,68,0,118,0,82.89,1.592,3.152,,,,,,,,,0,5.3,,0,0,0,0,0,,1,0,,0,
"995","TS ARTLISH","2023081610",0,21.4,50,1.6,101,4.5,83.415,1.847,3.751,,,,,,,,,0,24,,0,0,0,0,0,,1,0,,0,
"995","TS ARTLISH","2023081611",0,25.6,40,3.6,87,14.3,84.4,2.328,4.815,,,,,,,,,0,10.6,,0,0,0,0,0,,1,0,,0,
"995","TS ARTLISH","2023081612",0,28.3,40,3.3,153,15.4,85.386,2.625,5.435,0,90.861,5.726,12,20.4,273.505,34.387,3,0,10.7,,0,0,0,0,0,,1,0,,0,
"995","TS ARTLISH","2023081613",0,30,31,2.6,233,20.6,86.633,3.018,6.938,,,,,,,,,0,0.2,,0,0,0,0,0,,1,0,,0,
"995","TS ARTLISH","2023081614",0,30.2,25,4.8,48,15.4,88.029,4.116,9.131,,,,,,,,,0,2.5,,0,0,0,0,0,,1,0,,0,
"995","TS ARTLISH","2023081615",0,30.9,25,7.7,38,14.9,89.299,5.715,11.982,,,,,,,,,0,6.4,,0,0,0,0,0,,1,0,,0,
"995","TS ARTLISH","2023081616",0,30.6,25,6.6,341,19.5,90.275,6.219,12.817,,,,,,,,,0,-0.1,,0,0,0,0,0,,1,0,,0,
"995","TS ARTLISH","2023081617",0,28.7,28,2.7,88,16.6,90.776,5.489,11.598,,,,,,,,,0,10.5,,0,0,0,0,0,,1,0,,0,
"995","TS ARTLISH","2023081618",0,23.8,48,0,105,14.3,90.746,4.77,10.339,,,,,,,,,0,6.5,,0,0,0,0,0,,1,0,,0,
"995","TS ARTLISH","2023081619",0,22.2,46,3.3,96,14.3,90.704,5.599,11.787,,,,,,,,,0,33.4,,0,0,0,0,0,,1,0,,0,
"995","TS ARTLISH","2023081620",0,20.3,54,3,101,11.4,90.471,5.334,11.333,,,,,,,,,0,4.1,,0,0,0,0,0,,1,-335.743,,0,
"995","TS ARTLISH","2023081621",0,19.4,64,2.6,103,13.7,90.03,4.908,10.586,,,,,,,,,0,-0.3,,0,0,0,0,0,,1,0,,0,
"995","TS ARTLISH","2023081622",0,18.5,69,3.8,120,9.1,89.487,4.824,10.436,,,,,,,,,0,0.7,,0,0,0,0,0,,1,0,,0,
"995","TS ARTLISH","2023081623",0,19.4,69,3.9,110,9.1,89.016,4.531,9.905,,,,,,,,,0,0.1,,0,0,0,0,0,,1,0,,0,
"1002","TS ELPHINSTONE","2023081600",0,21.1,50,3.4,321,12,89.932,5.039,13.162,,,,,,,,,0,193.3,,0,0,0,0,0,,0,0,,0,
"1002","TS ELPHINSTONE","2023081601",0,19.8,56,0,3,0,89.802,4.168,11.308,,,,,,,,,0,193.3,,0,0,0,0,0,,0,0,,0,
"1002","TS ELPHINSTONE","2023081602",0,18.5,69,2,106,9.7,89.328,4.306,11.611,,,,,,,,,0,193.3,,0,0,0,0,0,,0,0,,0,
"1002","TS ELPHINSTONE","2023081603",0,17.9,73,0,83,9.1,88.916,3.67,10.184,,,,,,,,,0,193.3,,0,0,0,0,0,,0,0,,0,
"1002","TS ELPHINSTONE","2023081604",0,17.5,75,7.1,111,14.3,88.289,4.797,12.66,,,,,,,,,0,193.3,,0,0,0,0,0,,0,0,,0,
"1002","TS ELPHINSTONE","2023081605",0,17.5,75,2.8,113,13.7,87.817,3.61,10.045,,,,,,,,,0,193.3,,0,0,0,0,0,,0,0,,0,
"1002","TS ELPHINSTONE","2023081606",0,17,81,6.8,100,13.7,87.135,4.006,10.948,,,,,,,,,0,193.3,,0,0,0,0,0,,0,0,,0,
"1002","TS ELPHINSTONE","2023081607",0,17.2,84,7.3,118,12.5,86.413,3.708,10.272,,,,,,,,,0,193.3,,0,0,0,0,0,,0,0,,0,
"1002","TS ELPHINSTONE","2023081608",0,20.7,71,6,148,10.8,86.305,3.42,9.6,,,,,,,,,0,193.3,,0,0,0,0,0,,0,0,,0,
"1002","TS ELPHINSTONE","2023081609",0,23.7,61,5.2,213,16,86.353,3.307,9.331,,,,,,,,,0,193.3,,0,0,0,0,0,,0,0,,0,
"1002","TS ELPHINSTONE","2023081610",0,25.1,57,4,227,10.2,86.478,3.169,8.996,,,,,,,,,0,193.3,,0,0,0,0,0,,0,0,,0,
"1002","TS ELPHINSTONE","2023081611",0,26.5,48,5.4,200,12.5,86.865,3.592,10.005,,,,,,,,,0,193.3,,0,0,0,0,0,,0,0,,0,
"1002","TS ELPHINSTONE","2023081612",0,27.1,48,5.9,252,12,87.221,3.875,10.655,0,90.591,6.281,16.309,33.123,329.55,52.943,3,0,193.3,,0,0,0,0,0,,0,0,,0,
"1002","TS ELPHINSTONE","2023081613",0,28.3,46,8.1,254,15.4,87.647,4.601,12.829,,,,,,,,,0,193.3,,0,0,0,0,0,,0,0,,0,
"1002","TS ELPHINSTONE","2023081614",0,30,41,10,273,18.3,88.274,5.539,14.824,,,,,,,,,0,193.3,,0,0,0,0,0,,0,0,,0,
"1002","TS ELPHINSTONE","2023081615",0,29.8,35,10.2,293,18.9,89.015,6.224,16.198,,,,,,,,,0,193.3,,0,0,0,0,0,,0,0,,0,
"1002","TS ELPHINSTONE","2023081616",0,30.3,35,12.9,290,24.6,89.661,7.824,19.194,,,,,,,,,0,193.3,,0,0,0,0,0,,0,0,,0,
"1002","TS ELPHINSTONE","2023081617",0,29.8,36,11.8,297,24.1,90.098,7.88,19.293,,,,,,,,,0,193.3,,0,0,0,0,0,,0,0,,0,
"1002","TS ELPHINSTONE","2023081618",0,27.2,44,9.9,295,20.6,90.147,7.211,18.078,,,,,,,,,0,193.3,,0,0,0,0,0,,0,0,,0,
"1002","TS ELPHINSTONE","2023081619",0,25.3,46,8.7,313,17.7,90.196,6.836,17.376,,,,,,,,,0,193.3,,0,0,0,0,0,,0,0,,0,
"1002","TS ELPHINSTONE","2023081620",0,24.3,42,6.4,327,14.9,90.245,6.131,16.014,,,,,,,,,0,193.3,,0,0,0,0,0,,0,0,,0,
"1002","TS ELPHINSTONE","2023081621",0,22.5,50,0,18,7.4,90.214,4.42,12.427,,,,,,,,,0,193.3,,0,0,0,0,0,,0,0,,0,
"1002","TS ELPHINSTONE","2023081622",0,22.1,52,5.8,346,8.5,90.089,5.816,15.387,,,,,,,,,0,193.3,,0,0,0,0,0,,0,0,,0,
"1002","TS ELPHINSTONE","2023081623",0,21,58,3.1,42,9.7,89.844,4.901,13.482,,,,,,,,,0,193.3,,0,0,0,0,0,,0,0,,0,
"1024","SKOONKA","2023081600",0,18,55,4.8,40,9.7,92.304,7.578,26.914,,,,,,,,,,,,,,,,,,,,,,
"1024","SKOONKA","2023081601",0,17.3,58,4.7,79,7.9,91.746,6.968,25.397,,,,,,,,,,,,,,,,,,,,,,
"1024","SKOONKA","2023081602",0,16.4,48,6.2,27,7.9,91.462,7.219,26.027,,,,,,,,,,,,,,,,,,,,,,
"1024","SKOONKA","2023081603",0,16.4,41,7,35,10.2,91.35,7.397,26.468,,,,,,,,,,,,,,,,,,,,,,
"1024","SKOONKA","2023081604",0,15.4,43,5.9,10,8.5,91.205,6.855,25.109,,,,,,,,,,,,,,,,,,,,,,
"1024","SKOONKA","2023081605",0,14.6,43,5.4,17,8.5,91.069,6.557,24.341,,,,,,,,,,,,,,,,,,,,,,
"1024","SKOONKA","2023081606",0,14.1,49,6,84,7.9,90.822,6.524,24.256,,,,,,,,,,,,,,,,,,,,,,
"1024","SKOONKA","2023081607",0,15,46,3.5,8,9.1,90.684,5.639,21.883,,,,,,,,,,,,,,,,,,,,,,
"1024","SKOONKA","2023081608",0,21.5,28,4.8,251,8.5,90.887,6.198,23.399,,,,,,,,,,,,,,,,,,,,,,
"1024","SKOONKA","2023081609",0,22.5,30,6.5,311,14.3,91.031,6.893,25.207,,,,,,,,,,,,,,,,,,,,,,
"1024","SKOONKA","2023081610",0,24,27,7.7,196,14.3,91.307,7.616,27.006,,,,,,,,,,,,,,,,,,,,,,
"1024","SKOONKA","2023081611",0,25,26,9.3,185,17.7,91.618,8.628,29.409,,,,,,,,,,,,,,,,,,,,,,
"1024","SKOONKA","2023081612",0,26.4,25,7.2,267,17.2,91.957,8.144,28.275,0,93.748,10.469,34.178,75.117,552.335,112.115,4,,,,,,,,,,,,,,
"1024","SKOONKA","2023081613",0,27.6,24,7.5,289,19.5,92.326,8.71,30.224,,,,,,,,,,,,,,,,,,,,,,
"1024","SKOONKA","2023081614",0,28.5,23,10.9,202,18.9,92.727,10.938,35.183,,,,,,,,,,,,,,,,,,,,,,
"1024","SKOONKA","2023081615",0,28.1,24,8.8,189,20,92.976,10.189,33.571,,,,,,,,,,,,,,,,,,,,,,
"1024","SKOONKA","2023081616",0,28.4,23,9.1,187,19.5,93.234,10.724,34.727,,,,,,,,,,,,,,,,,,,,,,
"1024","SKOONKA","2023081617",0,26.6,26,7.3,200,16.6,93.284,9.864,32.854,,,,,,,,,,,,,,,,,,,,,,
"1024","SKOONKA","2023081618",0,25,28,4.8,152,11.4,93.334,8.757,30.334,,,,,,,,,,,,,,,,,,,,,,
"1024","SKOONKA","2023081619",0,22.4,37,5.4,93,7.9,93.19,8.846,30.541,,,,,,,,,,,,,,,,,,,,,,
"1024","SKOONKA","2023081620",0,21.8,33,7.6,105,11.4,93.137,9.81,32.733,,,,,,,,,,,,,,,,,,,,,,
"1024","SKOONKA","2023081621",0,21.9,33,6.9,116,13.7,93.093,9.412,31.84,,,,,,,,,,,,,,,,,,,,,,
"1024","SKOONKA","2023081622",0,21.3,34,8,128,16,93.019,9.845,32.812,,,,,,,,,,,,,,,,,,,,,,
"1024","SKOONKA","2023081623",0,20.1,38,6.2,144,13.1,92.854,8.787,30.402,,,,,,,,,,,,,,,,,,,,,,
"1025","TS THEODOSIA","2023081600",0,17.7,91,0,99,5.6,85.555,2.276,8.525,,,,,,,,,0,193.3,,0,0,0,0,0,,0,0,,0,
"1025","TS THEODOSIA","2023081601",0,17,93,1.7,10,3.3,84.678,2.197,8.267,,,,,,,,,0,193.3,,0,0,0,0,0,,0,0,,0,
"1025","TS THEODOSIA","2023081602",0,16.4,95,2.2,57,5.6,83.753,1.99,7.571,,,,,,,,,0,193.3,,0,0,0,0,0,,0,0,,0,
"1025","TS THEODOSIA","2023081603",0,15.9,96,2,322,3.9,82.881,1.759,6.767,,,,,,,,,0,193.3,,0,0,0,0,0,,0,0,,0,
"1025","TS THEODOSIA","2023081604",0,15.4,97,0,325,2.8,82.199,1.46,5.671,,,,,,,,,0,193.3,,0,0,0,0,0,,0,0,,0,
"1025","TS THEODOSIA","2023081605",0,15.1,97,0,83,3.3,81.589,1.357,5.275,,,,,,,,,0,193.3,,0,0,0,0,0,,0,0,,0,
"1025","TS THEODOSIA","2023081606",0,15.1,97,2.5,314,3.3,80.897,1.421,5.522,,,,,,,,,0,193.3,,0,0,0,0,0,,0,0,,0,
"1025","TS THEODOSIA","2023081607",0,17.9,87,0,207,2.8,80.938,1.259,4.889,,,,,,,,,0,193.3,,0,0,0,0,0,,0,0,,0,
"1025","TS THEODOSIA","2023081608",0,21.8,73,3.9,161,7.9,81.203,1.579,6.115,,,,,,,,,0,193.3,,0,0,0,0,0,,0,0,,0,
"1025","TS THEODOSIA","2023081609",0,24.2,68,4.3,208,10.2,81.625,1.693,6.529,,,,,,,,,0,193.3,,0,0,0,0,0,,0,0,,0,
"1025","TS THEODOSIA","2023081610",0,26.3,62,4.8,138,10.2,82.242,1.87,7.158,,,,,,,,,0,193.3,,0,0,0,0,0,,0,0,,0,
"1025","TS THEODOSIA","2023081611",0,27.4,54,6.2,24,12.5,83.103,2.236,8.396,,,,,,,,,0,193.3,,0,0,0,0,0,,0,0,,0,
"1025","TS THEODOSIA","2023081612",0,28.9,48,5.4,170,14.3,84.102,2.449,9.082,0,90.635,6.163,19.443,46.079,514.677,75.303,4,0,193.3,,0,0,0,0,0,,0,0,,0,
"1025","TS THEODOSIA","2023081613",0,30,43,4.2,186,12,85.156,2.66,10.126,,,,,,,,,0,193.3,,0,0,0,0,0,,0,0,,0,
"1025","TS THEODOSIA","2023081614",0,31,40,4.8,250,11.4,86.233,3.187,11.742,,,,,,,,,0,193.3,,0,0,0,0,0,,0,0,,0,
"1025","TS THEODOSIA","2023081615",0,31.4,38,4.6,278,13.1,87.222,3.63,13.026,,,,,,,,,0,193.3,,0,0,0,0,0,,0,0,,0,
"1025","TS THEODOSIA","2023081616",0,31.2,41,5.4,291,12.5,87.927,4.18,14.539,,,,,,,,,0,193.3,,0,0,0,0,0,,0,0,,0,
"1025","TS THEODOSIA","2023081617",0,28.6,49,2.7,285,13.7,88.122,3.752,13.367,,,,,,,,,0,193.3,,0,0,0,0,0,,0,0,,0,
"1025","TS THEODOSIA","2023081618",0,25.6,61,1.9,308,7.9,88.144,3.615,12.984,,,,,,,,,0,193.3,,0,0,0,0,0,,0,0,,0,
"1025","TS THEODOSIA","2023081619",0,24.4,58,2.4,242,7.4,88.193,3.733,13.316,,,,,,,,,0,193.3,,0,0,0,0,0,,0,0,,0,
"1025","TS THEODOSIA","2023081620",0,22.1,73,1.7,292,5.1,87.837,3.425,12.439,,,,,,,,,0,193.3,,0,0,0,0,0,,0,0,,0,
"1025","TS THEODOSIA","2023081621",0,20,81,1.7,344,2.8,87.254,3.151,11.634,,,,,,,,,0,193.3,,0,0,0,0,0,,0,0,,0,
"1025","TS THEODOSIA","2023081622",0,18.8,87,0,332,2.8,86.629,2.646,10.081,,,,,,,,,0,193.3,,0,0,0,0,0,,0,0,,0,
"1025","TS THEODOSIA","2023081623",0,17.8,91,0,31,2.8,85.893,2.385,9.236,,,,,,,,,0,193.3,,0,0,0,0,0,,0,0,,0,
"1029","FIVE MILE","2023081600",0,25.4,25,12,297,21.4,95.836,17.76,50.631,,,,,,,,,,,,,,,,,,,,54.8,,
"1029","FIVE MILE","2023081601",0,24.3,27,7.9,2,17.2,95.671,14.125,43.812,,,,,,,,,,,,,,,,,,,,54.8,,
"1029","FIVE MILE","2023081602",0,22.2,31,4,349,17.4,95.438,11.243,37.814,,,,,,,,,,,,,,,,,,,,54.8,,
"1029","FIVE MILE","2023081603",0,20.3,38,3.1,92,9.6,95.063,10.209,35.496,,,,,,,,,,,,,,,,,,,,54.8,,
"1029","FIVE MILE","2023081604",0,19.4,40,2.4,314,7.3,94.691,9.365,33.527,,,,,,,,,,,,,,,,,,,,54.8,,
"1029","FIVE MILE","2023081605",0,18.2,44,2.3,76,5.3,94.264,8.785,32.128,,,,,,,,,,,,,,,,,,,,54.8,,
"1029","FIVE MILE","2023081606",0,17.8,48,2.5,168,6.9,93.781,8.299,30.925,,,,,,,,,,,,,,,,,,,,54.8,,
"1029","FIVE MILE","2023081607",0,19.4,44,1.2,330,4.8,93.474,7.448,28.742,,,,,,,,,,,,,,,,,,,,54.8,,
"1029","FIVE MILE","2023081608",0,22,42,4.3,233,6.5,93.2,8.38,31.129,,,,,,,,,,,,,,,,,,,,54.8,,
"1029","FIVE MILE","2023081609",0,23.9,36,5,223,8.9,93.118,8.583,31.633,,,,,,,,,,,,,,,,,,,,54.8,,
"1029","FIVE MILE","2023081610",0,26.9,29,6,179,9.5,93.168,9.09,32.869,,,,,,,,,,,,,,,,,,,,54.8,,
"1029","FIVE MILE","2023081611",0,29.4,25,8.2,176,11.8,93.334,10.393,35.917,,,,,,,,,,,,,,,,,,,,54.8,,
"1029","FIVE MILE","2023081612",0,32,22,7.7,211,14.3,93.714,10.686,36.578,0,94.863,12.523,41.269,87.131,766.369,135.693,4,,,,,,,,,,,,54.8,,
"1029","FIVE MILE","2023081613",0,33.3,20,8.2,196,14.7,94.179,11.688,39.47,,,,,,,,,,,,,,,,,,,,54.8,,
"1029","FIVE MILE","2023081614",0,34.8,19,8.9,202,16.2,94.672,12.959,42.189,,,,,,,,,,,,,,,,,,,,54.8,,
"1029","FIVE MILE","2023081615",0,35.4,18,9.9,156,16.5,95.138,14.528,45.381,,,,,,,,,,,,,,,,,,,,54.8,,
"1029","FIVE MILE","2023081616",0,35.9,18,10.4,180,16.2,95.513,15.681,47.628,,,,,,,,,,,,,,,,,,,,54.8,,
"1029","FIVE MILE","2023081617",0,34.1,19,12.8,147,22.1,95.651,18.032,51.987,,,,,,,,,,,,,,,,,,,,54.8,,
"1029","FIVE MILE","2023081618",0,32.7,21,10.2,107,20.8,95.702,15.929,48.102,,,,,,,,,,,,,,,,,,,,54.8,,
"1029","FIVE MILE","2023081619",0,30.7,23,10.1,97,23.8,95.753,15.959,48.159,,,,,,,,,,,,,,,,,,,,54.8,,
"1029","FIVE MILE","2023081620",0,28.6,26,3.5,59,15,95.706,11.37,38.771,,,,,,,,,,,,,,,,,,,,54.8,,
"1029","FIVE MILE","2023081621",0,26.7,30,3,336,9,95.547,10.851,37.607,,,,,,,,,,,,,,,,,,,,54.8,,
"1029","FIVE MILE","2023081622",0,25.6,34,2.5,55,5,95.301,10.232,36.19,,,,,,,,,,,,,,,,,,,,54.8,,
"1029","FIVE MILE","2023081623",0,24.3,36,1.9,112,3.9,95.034,9.571,34.632,,,,,,,,,,,,,,,,,,,,54.8,,
"1040","BIG SILVER 2","2023081600",0,19.7,62,3.7,67,6.2,90.602,5.63,16.619,,,,,,,,,0,0,,0,0,0,0,0,,0,0,,0,
"1040","BIG SILVER 2","2023081601",0,18.9,65,3.2,51,5.1,90.105,5.114,15.453,,,,,,,,,0,0,,0,0,0,0,0,,0,0,,0,
"1040","BIG SILVER 2","2023081602",0,18.2,68,3.3,75,5.1,89.589,4.773,14.659,,,,,,,,,0,0,,0,0,0,0,0,,0,0,,0,
"1040","BIG SILVER 2","2023081603",0,18,69,2.5,36,6.2,89.128,4.291,13.496,,,,,,,,,0,0,,0,0,0,0,0,,0,0,,0,
"1040","BIG SILVER 2","2023081604",0,17.7,68,3.1,61,6.2,88.735,4.18,13.223,,,,,,,,,0,0,,0,0,0,0,0,,0,0,,0,
"1040","BIG SILVER 2","2023081605",0,17.3,70,2,49,4.5,88.358,3.747,12.123,,,,,,,,,0,0,,0,0,0,0,0,,0,0,,0,
"1040","BIG SILVER 2","2023081606",0,17.6,70,3.3,80,6.2,88.005,3.803,12.268,,,,,,,,,0,0,,0,0,0,0,0,,0,0,,0,
"1040","BIG SILVER 2","2023081607",0,18.2,70,2,89,5.1,87.718,3.418,11.258,,,,,,,,,0,0,,0,0,0,0,0,,0,0,,0,
"1040","BIG SILVER 2","2023081608",0,20.1,65,2.3,267,4.5,87.599,3.412,11.241,,,,,,,,,0,0,,0,0,0,0,0,,0,0,,0,
"1040","BIG SILVER 2","2023081609",0,27.2,42,4.6,246,6.8,88.016,4.066,12.938,,,,,,,,,0,0,,0,0,0,0,0,,0,0,,0,
"1040","BIG SILVER 2","2023081610",0,28.7,37,6,262,9.1,88.616,4.756,14.618,,,,,,,,,0,0,,0,0,0,0,0,,0,0,,0,
"1040","BIG SILVER 2","2023081611",0,30.5,34,8.7,273,13.1,89.354,6.058,17.551,,,,,,,,,0,0,,0,0,0,0,0,,0,0,,0,
"1040","BIG SILVER 2","2023081612",0,33.1,31,8.4,228,14.9,90.227,6.763,19.034,0,94.152,11.762,29.569,43.688,454.784,70.455,4,0,0,,0,0,0,0,0,,0,0,,0,
"1040","BIG SILVER 2","2023081613",0,35.6,22,7.6,210,14.9,91.536,7.828,22.294,,,,,,,,,0,0,,0,0,0,0,0,,0,0,,0,
"1040","BIG SILVER 2","2023081614",0,36.1,20,9.2,224,17.7,92.715,10.023,26.505,,,,,,,,,0,0,,0,0,0,0,0,,0,0,,0,
"1040","BIG SILVER 2","2023081615",0,36.8,20,9.1,218,17.7,93.645,11.357,28.874,,,,,,,,,0,0,,0,0,0,0,0,,0,0,,0,
"1040","BIG SILVER 2","2023081616",0,36,21,9.3,212,20,94.229,12.441,30.711,,,,,,,,,0,0,,0,0,0,0,0,,0,0,,0,
"1040","BIG SILVER 2","2023081617",0,34.2,26,6.9,212,20.6,94.305,11.139,28.496,,,,,,,,,0,0,,0,0,0,0,0,,0,0,,0,
"1040","BIG SILVER 2","2023081618",0,29.7,34,6.3,236,17.7,94.232,10.699,27.722,,,,,,,,,0,0,,0,0,0,0,0,,0,0,,0,
"1040","BIG SILVER 2","2023081619",0,26.3,42,3.6,29,12.5,93.915,8.937,24.475,,,,,,,,,0,0,,0,0,0,0,0,,0,0,,0,
"1040","BIG SILVER 2","2023081620",0,23.9,50,4.2,44,7.9,93.383,8.555,23.738,,,,,,,,,0,0,,0,0,0,0,0,,0,0,,0,
"1040","BIG SILVER 2","2023081621",0,22.4,55,3,52,5.1,92.806,7.427,21.474,,,,,,,,,0,0,,0,0,0,0,0,,0,0,,0,
"1040","BIG SILVER 2","2023081622",0,21.4,58,3.2,58,4.5,92.215,6.905,20.377,,,,,,,,,0,0,,0,0,0,0,0,,0,0,,0,
"1040","BIG SILVER 2","2023081623",0,20.5,60,2.6,50,5.1,91.662,6.195,18.83,,,,,,,,,0,0,,0,0,0,0,0,,0,0,,0,
"1045","OSBORN","2023081600",0,5.2,100,2.4,151,6.4,74.935,0.861,1.431,,,,,,,,,,,,,,0,,,,,,4290.6,,
"1045","OSBORN","2023081601",0,4,100,5.1,24,6.7,74.694,0.974,1.824,,,,,,,,,,,,,,0,,,,,,4290.6,,
"1045","OSBORN","2023081602",0,6.5,100,2.5,20,6.6,74.503,0.846,1.371,,,,,,,,,,,,,,0,,,,,,4290.6,,
"1045","OSBORN","2023081603",0,6.5,100,0,334,4.7,74.372,0.741,0.951,,,,,,,,,,,,,,0,,,,,,4290.6,,
"1045","OSBORN","2023081604",0,5.2,100,0,269,6,74.246,0.736,0.945,,,,,,,,,,,,,,0,,,,,,4290.6,,
"1045","OSBORN","2023081605",0,4.5,100,3.5,153,4.3,74.079,0.871,1.468,,,,,,,,,,,,,,0,,,,,,4290.6,,
"1045","OSBORN","2023081606",0,10.6,86,4.3,152,6.7,74.286,0.916,1.63,,,,,,,,,,,,,,0,,,,,,4290.6,,
"1045","OSBORN","2023081607",0,16.5,70,7.2,175,9.5,75.059,1.105,2.23,,,,,,,,,,,,,,0,,,,,,4290.6,,
"1045","OSBORN","2023081608",0,17.7,60,10.6,225,15.8,76.178,1.403,3.078,,,,,,,,,,,,,,0,,,,,,4290.6,,
"1045","OSBORN","2023081609",0,19,53,14,223,19.2,77.537,1.837,4.2,,,,,,,,,,,,,,0,,,,,,4290.6,,
"1045","OSBORN","2023081610",0,20.1,47,17.9,250,27,79.074,2.556,5.882,,,,,,,,,,,,,,0,,,,,,4290.6,,
"1045","OSBORN","2023081611",0,21.2,46,18,249,29.1,80.513,2.975,6.788,,,,,,,,,,,,,,0,,,,,,4290.6,,
"1045","OSBORN","2023081612",0,22.1,45,15,250,30.7,81.789,2.959,6.755,0,86.229,5.325,11.967,21.983,351.227,38.018,3,,,,,,0,,,,,,4290.6,,
"1045","OSBORN","2023081613",0,22.7,45,16.3,235,26.2,82.934,3.64,8.719,,,,,,,,,,,,,,0,,,,,,4290.6,,
"1045","OSBORN","2023081614",0,24.3,40,17,240,26.5,84.192,4.447,10.33,,,,,,,,,,,,,,0,,,,,,4290.6,,
"1045","OSBORN","2023081615",0,26.5,37,17,230,31.3,85.505,5.322,11.962,,,,,,,,,,,,,,0,,,,,,4290.6,,
"1045","OSBORN","2023081616",0,24.2,40,18.9,272,36.7,86.337,6.582,14.143,,,,,,,,,,,,,,0,,,,,,4290.6,,
"1045","OSBORN","2023081617",0,24.1,49,15.1,266,29.6,86.691,5.714,12.659,,,,,,,,,,,,,,0,,,,,,4290.6,,
"1045","OSBORN","2023081618",0,22.2,48,14.8,256,24.2,86.951,5.84,12.879,,,,,,,,,,,,,,0,,,,,,4290.6,,
"1045","OSBORN","2023081619",0,20.1,53,10.6,252,15.9,86.999,4.758,10.923,,,,,,,,,,,,,,0,,,,,,4290.6,,
"1045","OSBORN","2023081620",0,18.1,62,0.7,179,13.5,87.001,2.89,7.103,,,,,,,,,,,,,,0,,,,,,4290.6,,
"1045","OSBORN","2023081621",0,17.8,56,7.7,212,16.7,87.049,4.141,9.732,,,,,,,,,,,,,,0,,,,,,4290.6,,
"1045","OSBORN","2023081622",0,19.8,50,17.7,249,24.5,87.136,6.939,14.731,,,,,,,,,,,,,,0,,,,,,4290.6,,
"1045","OSBORN","2023081623",0,18.9,50,12.9,236,25.3,87.188,5.489,12.26,,,,,,,,,,,,,,0,,,,,,4290.6,,
"1055","SPLINTLUM","2023081600",0,28.7,34,5.4,96,12.7,95.927,12.894,43.688,,,,,,,,,,,,,,,,,,,,48.8,,
"1055","SPLINTLUM","2023081601",0,27.6,35,5.4,110,11.3,95.579,12.299,42.387,,,,,,,,,,,,,,,,,,,,48.8,,
"1055","SPLINTLUM","2023081602",0,26.5,37,4.2,94,7.7,95.224,11.031,39.517,,,,,,,,,,,,,,,,,,,,48.8,,
"1055","SPLINTLUM","2023081603",0,25.4,41,4.4,119,7.1,94.786,10.493,38.253,,,,,,,,,,,,,,,,,,,,48.8,,
"1055","SPLINTLUM","2023081604",0,24,44,5.9,144,10.4,94.282,10.559,38.41,,,,,,,,,,,,,,,,,,,,48.8,,
"1055","SPLINTLUM","2023081605",0,23.4,45,5.5,113,10.8,93.82,9.706,36.354,,,,,,,,,,,,,,,,,,,,48.8,,
"1055","SPLINTLUM","2023081606",0,22.6,49,2.1,135,8.9,93.375,7.686,31.136,,,,,,,,,,,,,,,,,,,,48.8,,
"1055","SPLINTLUM","2023081607",0,23,38,2.8,111,4.6,93.233,7.807,31.462,,,,,,,,,,,,,,,,,,,,48.8,,
"1055","SPLINTLUM","2023081608",0,26.1,30,3.5,104,8.1,93.283,8.144,32.366,,,,,,,,,,,,,,,,,,,,48.8,,
"1055","SPLINTLUM","2023081609",0,29,27,4.2,222,7.9,93.333,8.495,33.291,,,,,,,,,,,,,,,,,,,,48.8,,
"1055","SPLINTLUM","2023081610",0,31,20,5.1,261,9.9,93.745,9.414,35.629,,,,,,,,,,,,,,,,,,,,48.8,,
"1055","SPLINTLUM","2023081611",0,32.7,19,9.8,216,15.5,94.237,12.771,43.421,,,,,,,,,,,,,,,,,,,,48.8,,
"1055","SPLINTLUM","2023081612",0,34.1,17,8.4,207,15.7,94.786,12.836,43.563,0,96.322,15.82,50.277,105.596,885.658,162.696,5,,,,,,,,,,,,48.8,,
"1055","SPLINTLUM","2023081613",0,34.7,17,7,153,13.9,95.223,12.701,43.762,,,,,,,,,,,,,,,,,,,,48.8,,
"1055","SPLINTLUM","2023081614",0,35.9,16,6.3,173,13.7,95.665,13.021,44.462,,,,,,,,,,,,,,,,,,,,48.8,,
"1055","SPLINTLUM","2023081615",0,36.9,16,6,233,11.8,96.045,13.505,45.505,,,,,,,,,,,,,,,,,,,,48.8,,
"1055","SPLINTLUM","2023081616",0,36,18,4.4,182,9,96.175,12.68,43.714,,,,,,,,,,,,,,,,,,,,48.8,,
"1055","SPLINTLUM","2023081617",0,35.1,20,3.5,164,6.9,96.226,12.201,42.652,,,,,,,,,,,,,,,,,,,,48.8,,
"1055","SPLINTLUM","2023081618",0,33.6,21,5.4,127,8,96.277,13.52,45.536,,,,,,,,,,,,,,,,,,,,48.8,,
"1055","SPLINTLUM","2023081619",0,32.8,21,6,119,8.7,96.328,14.031,46.62,,,,,,,,,,,,,,,,,,,,48.8,,
"1055","SPLINTLUM","2023081620",0,31.3,23,3.6,157,11.2,96.332,12.438,43.181,,,,,,,,,,,,,,,,,,,,48.8,,
"1055","SPLINTLUM","2023081621",0,30.1,26,9.4,129,13.5,96.211,16.39,51.402,,,,,,,,,,,,,,,,,,,,48.8,,
"1055","SPLINTLUM","2023081622",0,29.3,28,9.9,119,16.6,96.026,16.395,51.412,,,,,,,,,,,,,,,,,,,,48.8,,
"1055","SPLINTLUM","2023081623",0,28.3,32,10,105,22.2,95.719,15.806,50.25,,,,,,,,,,,,,,,,,,,,48.8,,
"1056","TS MAURELLE","2023081600",0,18.6,81,6,6,24.1,86.507,3.519,9.198,,,,,,,,,0,0,,0,0,0,0,0,,0,0,,0,
"1056","TS MAURELLE","2023081601",0,18.3,82,11.2,305,23.5,85.926,4.214,10.697,,,,,,,,,0,0,,0,0,0,0,0,,0,0,,0,
"1056","TS MAURELLE","2023081602",0,17.7,85,7.9,359,26.9,85.326,3.282,8.662,,,,,,,,,0,0,,0,0,0,0,0,,0,0,,0,
"1056","TS MAURELLE","2023081603",0,16.9,88,6.4,104,24.1,84.677,2.783,7.489,,,,,,,,,0,0,,0,0,0,0,0,,0,0,,0,
"1056","TS MAURELLE","2023081604",0,17.5,84,8.5,30,24.6,84.303,2.941,7.867,,,,,,,,,0,0,,0,0,0,0,0,,0,0,,0,
"1056","TS MAURELLE","2023081605",0,17.8,82,4,321,16.6,84.101,2.282,6.233,,,,,,,,,0,0,,0,0,0,0,0,,0,0,,0,
"1056","TS MAURELLE","2023081606",0,16.5,88,4.9,73,14.9,83.643,2.247,6.143,,,,,,,,,0,0,,0,0,0,0,0,,0,0,,0,
"1056","TS MAURELLE","2023081607",0,16.4,91,4.8,119,7.9,83.076,2.077,5.694,,,,,,,,,0,0,,0,0,0,0,0,,0,0,,0,
"1056","TS MAURELLE","2023081608",0,20.8,75,4.8,112,7.4,83.123,2.089,5.728,,,,,,,,,0,0,,0,0,0,0,0,,0,0,,0,
"1056","TS MAURELLE","2023081609",0,23.6,60,5.4,154,12.5,83.534,2.271,6.207,,,,,,,,,0,0,,0,0,0,0,0,,0,0,,0,
"1056","TS MAURELLE","2023081610",0,24.7,56,7.1,267,15.4,84.057,2.652,7.168,,,,,,,,,0,0,,0,0,0,0,0,,0,0,,0,
"1056","TS MAURELLE","2023081611",0,26,54,5.1,261,16.6,84.588,2.576,6.979,,,,,,,,,0,0,,0,0,0,0,0,,0,0,,0,
"1056","TS MAURELLE","2023081612",0,27.3,47,5.6,299,12.5,85.32,2.92,7.818,0,90.195,5.846,14.651,29.352,330.769,48.046,3,0,0,,0,0,0,0,0,,0,0,,0,
"1056","TS MAURELLE","2023081613",0,28.2,44,5.5,280,17.2,86.082,3.232,9.065,,,,,,,,,0,0,,0,0,0,0,0,,0,0,,0,
"1056","TS MAURELLE","2023081614",0,28.5,46,7.6,253,20,86.702,3.922,10.664,,,,,,,,,0,0,,0,0,0,0,0,,0,0,,0,
"1056","TS MAURELLE","2023081615",0,29.2,44,6.7,232,17.2,87.309,4.085,11.028,,,,,,,,,0,0,,0,0,0,0,0,,0,0,,0,
"1056","TS MAURELLE","2023081616",0,29.6,40,5.3,299,16,87.953,4.175,11.225,,,,,,,,,0,0,,0,0,0,0,0,,0,0,,0,
"1056","TS MAURELLE","2023081617",0,29.4,43,5.9,92,14.9,88.382,4.576,12.087,,,,,,,,,0,0,,0,0,0,0,0,,0,0,,0,
"1056","TS MAURELLE","2023081618",0,27.5,42,6.7,7,18.3,88.704,4.989,12.949,,,,,,,,,0,0,,0,0,0,0,0,,0,0,,0,
"1056","TS MAURELLE","2023081619",0,24.7,51,7.7,323,18.9,88.753,5.284,13.546,,,,,,,,,0,0,,0,0,0,0,0,,0,0,,0,
"1056","TS MAURELLE","2023081620",0,23.3,51,7.2,5,25.2,88.802,5.189,13.355,,,,,,,,,0,0,,0,0,0,0,0,,0,0,,0,
"1056","TS MAURELLE","2023081621",0,22.5,51,10,351,28.1,88.851,6.018,14.979,,,,,,,,,0,0,,0,0,0,0,0,,0,0,,0,
"1056","TS MAURELLE","2023081622",0,21.1,58,8,47,23.5,88.738,5.353,13.684,,,,,,,,,0,0,,0,0,0,0,0,,0,0,,0,
"1056","TS MAURELLE","2023081623",0,19.9,58,5.4,58,19.5,88.63,4.624,12.19,,,,,,,,,0,0,,0,0,0,0,0,,0,0,,0,
"1066","TS MCNABB","2023081600",0,17.9,78,0,62,0,86.054,2.44,7.427,,,,,,,,,0,0,,0,0,0,0,0,,0,0,,0,
"1066","TS MCNABB","2023081601",0,17.7,83,0,40,0,85.706,2.324,7.106,,,,,,,,,0,0,,0,0,0,0,0,,0,0,,0,
"1066","TS MCNABB","2023081602",0,17.2,86,0,40,0,85.291,2.194,6.739,,,,,,,,,0,0,,0,0,0,0,0,,0,0,,0,
"1066","TS MCNABB","2023081603",0,16.8,87,0,37,0,84.882,2.073,6.393,,,,,,,,,0,0,,0,0,0,0,0,,0,0,,0,
"1066","TS MCNABB","2023081604",0,16.5,87,0,64,0,84.514,1.972,6.096,,,,,,,,,0,0,,0,0,0,0,0,,0,0,,0,
"1066","TS MCNABB","2023081605",0,16,88,0,57,0,84.144,1.876,5.811,,,,,,,,,0,0,,0,0,0,0,0,,0,0,,0,
"1066","TS MCNABB","2023081606",0,16.1,91,0,39,0,83.682,1.764,5.472,,,,,,,,,0,0,,0,0,0,0,0,,0,0,,0,
"1066","TS MCNABB","2023081607",0,16.5,93,0,30,0,83.163,1.649,5.115,,,,,,,,,0,0,,0,0,0,0,0,,0,0,,0,
"1066","TS MCNABB","2023081608",0,17.1,93,0,61,0,82.696,1.554,4.814,,,,,,,,,0,0,,0,0,0,0,0,,0,0,,0,
"1066","TS MCNABB","2023081609",0,20.6,75,0,85,0,82.754,1.565,4.85,,,,,,,,,0,0,,0,0,0,0,0,,0,0,,0,
"1066","TS MCNABB","2023081610",0,26.2,55,0,124,0,83.214,1.66,5.149,,,,,,,,,0,0,,0,0,0,0,0,,0,0,,0,
"1066","TS MCNABB","2023081611",0,27,57,1.6,147,8.5,83.725,1.923,5.952,,,,,,,,,0,0,,0,0,0,0,0,,0,0,,0,
"1066","TS MCNABB","2023081612",0,28.1,49,4.1,263,10.8,84.521,2.427,7.392,0,89.693,5.57,15.384,34.438,381.782,56.203,3,0,0,,0,0,0,0,0,,0,0,,0,
"1066","TS MCNABB","2023081613",0,29.4,43,2.9,223,10.2,85.431,2.589,8.242,,,,,,,,,0,0,,0,0,0,0,0,,0,0,,0,
"1066","TS MCNABB","2023081614",0,31.2,38,2.9,237,12,86.486,3.001,9.365,,,,,,,,,0,0,,0,0,0,0,0,,0,0,,0,
"1066","TS MCNABB","2023081615",0,31,37,3.6,177,10.2,87.418,3.55,10.775,,,,,,,,,0,0,,0,0,0,0,0,,0,0,,0,
"1066","TS MCNABB","2023081616",0,32,38,2,125,8.5,88.159,3.641,11.002,,,,,,,,,0,0,,0,0,0,0,0,,0,0,,0,
"1066","TS MCNABB","2023081617",0,31.5,40,1.9,209,7.4,88.683,3.906,11.647,,,,,,,,,0,0,,0,0,0,0,0,,0,0,,0,
"1066","TS MCNABB","2023081618",0,29.8,52,0,249,5.6,88.732,3.574,10.835,,,,,,,,,0,0,,0,0,0,0,0,,0,0,,0,
"1066","TS MCNABB","2023081619",0,23,76,0,37,0,88.312,3.365,10.309,,,,,,,,,0,0,,0,0,0,0,0,,0,0,,0,
"1066","TS MCNABB","2023081620",0,21.5,81,0,9,0,87.783,3.12,9.676,,,,,,,,,0,0,,0,0,0,0,0,,0,0,,0,
"1066","TS MCNABB","2023081621",0,20.7,80,0,60,3.9,87.348,2.931,9.178,,,,,,,,,0,0,,0,0,0,0,0,,0,0,,0,
"1066","TS MCNABB","2023081622",0,19.7,82,0,35,0,86.897,2.749,8.685,,,,,,,,,0,0,,0,0,0,0,0,,0,0,,0,
"1066","TS MCNABB","2023081623",0,19.3,80,0,38,0,86.555,2.619,8.327,,,,,,,,,0,0,,0,0,0,0,0,,0,0,,0,
"1075","KOOCANUSA","2023081600",0,19.9,49,6.5,147,12.5,93.905,10.329,34.332,,,,,,,,,,,,,,,,,,,,,,
"1075","KOOCANUSA","2023081601",0,18.3,53,2.5,252,9.1,93.338,7.803,28.437,,,,,,,,,,,,,,,,,,,,,,
"1075","KOOCANUSA","2023081602",0,16.8,58,2.4,233,5.1,92.72,7.12,26.707,,,,,,,,,,,,,,,,,,,,,,
"1075","KOOCANUSA","2023081603",0,16.5,58,3.1,215,5.6,92.151,6.808,25.892,,,,,,,,,,,,,,,,,,,,,,
"1075","KOOCANUSA","2023081604",0,15.5,60,3.9,272,5.6,91.582,6.539,25.179,,,,,,,,,,,,,,,,,,,,,,
"1075","KOOCANUSA","2023081605",0,14.9,69,3.2,321,8.5,90.877,5.71,22.893,,,,,,,,,,,,,,,,,,,,,,
"1075","KOOCANUSA","2023081606",0,16.2,63,1.6,341,5.1,90.433,4.945,20.658,,,,,,,,,,,,,,,,,,,,,,
"1075","KOOCANUSA","2023081607",0,18.9,60,2.2,152,5.1,90.098,4.857,20.395,,,,,,,,,,,,,,,,,,,,,,
"1075","KOOCANUSA","2023081608",0,20,58,3.1,293,5.6,89.842,4.9,20.523,,,,,,,,,,,,,,,,,,,,,,
"1075","KOOCANUSA","2023081609",0,24.8,43,3,53,7.4,89.891,4.91,20.554,,,,,,,,,,,,,,,,,,,,,,
"1075","KOOCANUSA","2023081610",0,28.6,30,4.3,82,8.5,90.402,5.64,22.694,,,,,,,,,,,,,,,,,,,,,,
"1075","KOOCANUSA","2023081611",0,32.2,28,5.3,106,11.4,91.096,6.548,25.203,,,,,,,,,,,,,,,,,,,,,,
"1075","KOOCANUSA","2023081612",0,35.3,20,8.4,108,16.6,92.306,9.088,31.525,0,95.852,14.846,44.592,77.507,769.677,123.837,4,,,,,,,,,,,,,,
"1075","KOOCANUSA","2023081613",0,36.9,18,10.2,136,22.9,93.487,11.743,38.345,,,,,,,,,,,,,,,,,,,,,,
"1075","KOOCANUSA","2023081614",0,37.6,16,7.3,1,28.7,94.482,11.647,38.141,,,,,,,,,,,,,,,,,,,,,,
"1075","KOOCANUSA","2023081615",0,37.2,16,10.3,276,22.9,95.227,15.006,44.897,,,,,,,,,,,,,,,,,,,,,,
"1075","KOOCANUSA","2023081616",0,37.1,17,8.2,215,24.6,95.689,14.376,43.687,,,,,,,,,,,,,,,,,,,,,,
"1075","KOOCANUSA","2023081617",0,35.7,18,6.1,257,22.3,95.897,13.303,41.568,,,,,,,,,,,,,,,,,,,,,,
"1075","KOOCANUSA","2023081618",0,33.9,19,6.6,254,19.5,95.948,13.737,42.436,,,,,,,,,,,,,,,,,,,,,,
"1075","KOOCANUSA","2023081619",0,32,22,5.8,319,18.9,95.999,13.286,41.535,,,,,,,,,,,,,,,,,,,,,,
"1075","KOOCANUSA","2023081620",0,30,22,7.1,330,16,96.035,14.254,43.45,,,,,,,,,,,,,,,,,,,,,,
"1075","KOOCANUSA","2023081621",0,25.6,31,4.1,171,10.8,95.789,11.853,38.58,,,,,,,,,,,,,,,,,,,,,,
"1075","KOOCANUSA","2023081622",0,25.4,29,6,196,9.7,95.602,12.716,40.378,,,,,,,,,,,,,,,,,,,,,,
"1075","KOOCANUSA","2023081623",0,21.6,44,3.8,206,9.1,95.035,10.535,35.717,,,,,,,,,,,,,,,,,,,,,,
"1082","MAYSON","2023081600",0,18.5,46,11.8,305,25.8,90.244,8.046,27.42,,,,,,,,,,,,,,,,,,,,,,
"1082","MAYSON","2023081601",0,16.8,50,11.5,306,21.2,90.06,7.719,26.648,,,,,,,,,,,,,,,,,,,,,,
"1082","MAYSON","2023081602",0,15.6,50,9.4,291,19.5,89.892,6.779,24.351,,,,,,,,,,,,,,,,,,,,,,
"1082","MAYSON","2023081603",0,15.1,49,10.2,298,22.3,89.755,6.921,24.705,,,,,,,,,,,,,,,,,,,,,,
"1082","MAYSON","2023081604",0,14.6,51,11,297,21.8,89.583,7.029,24.975,,,,,,,,,,,,,,,,,,,,,,
"1082","MAYSON","2023081605",0,14.8,50,10.4,305,21.2,89.456,6.697,24.144,,,,,,,,,,,,,,,,,,,,,,
"1082","MAYSON","2023081606",0,13.3,59,7.3,277,16.6,89.159,5.49,20.967,,,,,,,,,,,,,,,,,,,,,,
"1082","MAYSON","2023081607",0,17.2,44,9.5,301,24.1,89.208,6.177,22.806,,,,,,,,,,,,,,,,,,,,,,
"1082","MAYSON","2023081608",0,19,37,9.1,313,21.8,89.301,6.135,22.698,,,,,,,,,,,,,,,,,,,,,,
"1082","MAYSON","2023081609",0,20.7,32,9.5,318,21.8,89.574,6.51,23.668,,,,,,,,,,,,,,,,,,,,,,
"1082","MAYSON","2023081610",0,22,29,10.7,274,23.5,89.956,7.305,25.651,,,,,,,,,,,,,,,,,,,,,,
"1082","MAYSON","2023081611",0,23.2,26,11.4,310,23.5,90.439,8.108,27.565,,,,,,,,,,,,,,,,,,,,,,
"1082","MAYSON","2023081612",0,24,28,10.6,313,21.2,90.791,8.19,27.754,0,93.662,12.278,37.077,74.847,456.264,106.158,4,,,,,,,,,,,,,,
"1082","MAYSON","2023081613",0,25,30,12.6,300,24.1,91.05,9.399,31.057,,,,,,,,,,,,,,,,,,,,,,
"1082","MAYSON","2023081614",0,25.6,32,10.2,313,21.8,91.203,8.511,29.042,,,,,,,,,,,,,,,,,,,,,,
"1082","MAYSON","2023081615",0,26.4,30,10.9,322,22.9,91.434,9.112,30.414,,,,,,,,,,,,,,,,,,,,,,
"1082","MAYSON","2023081616",0,26.4,31,8,331,21.8,91.578,8.036,27.925,,,,,,,,,,,,,,,,,,,,,,
"1082","MAYSON","2023081617",0,26.3,31,6.9,288,17.7,91.692,7.726,27.183,,,,,,,,,,,,,,,,,,,,,,
"1082","MAYSON","2023081618",0,25.1,35,5,327,15.4,91.742,7.071,25.569,,,,,,,,,,,,,,,,,,,,,,
"1082","MAYSON","2023081619",0,18.7,59,5.6,268,10.2,91.213,6.76,24.781,,,,,,,,,,,,,,,,,,,,,,
"1082","MAYSON","2023081620",0,15.1,72,8.1,242,10.2,90.361,6.79,24.858,,,,,,,,,,,,,,,,,,,,,,
"1082","MAYSON","2023081621",0,13.6,74,7.9,244,10.8,89.577,6.008,22.81,,,,,,,,,,,,,,,,,,,,,,
"1082","MAYSON","2023081622",0,12.7,75,9.4,242,12.5,88.847,5.835,22.343,,,,,,,,,,,,,,,,,,,,,,
"1082","MAYSON","2023081623",0,11.9,79,9.5,245,12.5,88.088,5.259,20.743,,,,,,,,,,,,,,,,,,,,,,
"1083","MEAGER CREEK","2023081600",0,23.2,47,6.1,321,14.3,93.484,9.547,31.883,,,,,,,,,,,,,,,,,,,,9799.4,,
"1083","MEAGER CREEK","2023081601",0,22.2,44,5.9,341,14.8,93.139,9.007,30.66,,,,,,,,,,,,,,,,,,,,9799.4,,
"1083","MEAGER CREEK","2023081602",0,21.8,46,1.1,3,12.3,92.865,6.805,25.308,,,,,,,,,,,,,,,,,,,,9799.4,,
"1083","MEAGER CREEK","2023081603",0,21,46,2,259,6.8,92.592,6.854,25.434,,,,,,,,,,,,,,,,,,,,9799.4,,
"1083","MEAGER CREEK","2023081604",0,20.4,50,2.7,345,7.9,92.24,6.756,25.181,,,,,,,,,,,,,,,,,,,,9799.4,,
"1083","MEAGER CREEK","2023081605",0,19.5,53,2.2,331,5.4,91.864,6.247,23.839,,,,,,,,,,,,,,,,,,,,9799.4,,
"1083","MEAGER CREEK","2023081606",0,18.9,57,2.5,309,5.4,91.428,5.962,23.068,,,,,,,,,,,,,,,,,,,,9799.4,,
"1083","MEAGER CREEK","2023081607",0,19,56,0.5,327,5,91.121,5.16,20.81,,,,,,,,,,,,,,,,,,,,9799.4,,
"1083","MEAGER CREEK","2023081608",0,23.9,48,2.3,117,5.1,91.025,5.573,21.99,,,,,,,,,,,,,,,,,,,,9799.4,,
"1083","MEAGER CREEK","2023081609",0,26.2,39,3,121,5.1,91.075,5.815,22.662,,,,,,,,,,,,,,,,,,,,9799.4,,
"1083","MEAGER CREEK","2023081610",0,28.3,33,4.7,138,9.1,91.265,6.508,24.532,,,,,,,,,,,,,,,,,,,,9799.4,,
"1083","MEAGER CREEK","2023081611",0,31.4,26,3.5,97,7.7,91.809,6.618,24.821,,,,,,,,,,,,,,,,,,,,9799.4,,
"1083","MEAGER CREEK","2023081612",0,33.1,22,3.4,133,9.2,92.512,7.273,26.499,0,95.826,11.5,36.979,77.159,600.626,116.805,4,,,,,,,,,,,,9799.4,,
"1083","MEAGER CREEK","2023081613",0,35.1,19,4.4,145,9.3,93.353,8.605,30.501,,,,,,,,,,,,,,,,,,,,9799.4,,
"1083","MEAGER CREEK","2023081614",0,36.3,18,3.6,53,10.9,94.114,9.187,31.871,,,,,,,,,,,,,,,,,,,,9799.4,,
"1083","MEAGER CREEK","2023081615",0,37.3,20,2.7,130,7.5,94.636,9.436,32.446,,,,,,,,,,,,,,,,,,,,9799.4,,
"1083","MEAGER CREEK","2023081616",0,36,24,3.7,350,6.9,94.786,10.13,34.015,,,,,,,,,,,,,,,,,,,,9799.4,,
"1083","MEAGER CREEK","2023081617",0,33,27,5.3,336,10.7,94.837,11.057,36.04,,,,,,,,,,,,,,,,,,,,9799.4,,
"1083","MEAGER CREEK","2023081618",0,30.6,28,6.3,329,14.9,94.877,11.692,37.383,,,,,,,,,,,,,,,,,,,,9799.4,,
"1083","MEAGER CREEK","2023081619",0,28.6,32,4.9,342,17.9,94.77,10.738,35.351,,,,,,,,,,,,,,,,,,,,9799.4,,
"1083","MEAGER CREEK","2023081620",0,27.2,36,5.6,340,16,94.538,10.774,35.429,,,,,,,,,,,,,,,,,,,,9799.4,,
"1083","MEAGER CREEK","2023081621",0,25.3,40,5.2,339,12.5,94.204,10.084,33.912,,,,,,,,,,,,,,,,,,,,9799.4,,
"1083","MEAGER CREEK","2023081622",0,24.2,42,5,333,13.6,93.85,9.505,32.604,,,,,,,,,,,,,,,,,,,,9799.4,,
"1083","MEAGER CREEK","2023081623",0,23.4,43,5.2,330,11.2,93.504,9.15,31.786,,,,,,,,,,,,,,,,,,,,9799.4,,
"1092","RORY CREEK","2023081600",0,18.8,48,6.9,113,12.5,,,,,,,,,,,,0,193.3,,0,0,0,0,0,,0,0,,0,
"1092","RORY CREEK","2023081601",0,19.1,46,7,106,13.7,,,,,,,,,,,,0,193.3,,0,0,0,0,0,,0,0,,0,
"1092","RORY CREEK","2023081602",0,18.7,45,7.6,38,15.4,,,,,,,,,,,,0,193.3,,0,0,0,0,0,,0,0,,0,
"1092","RORY CREEK","2023081603",0,18.2,52,5.7,98,15.4,,,,,,,,,,,,0,193.3,,0,0,0,0,0,,0,0,,0,
"1092","RORY CREEK","2023081604",0,17.4,51,6.5,110,12,,,,,,,,,,,,0,193.3,,0,0,0,0,0,,0,0,,0,
"1092","RORY CREEK","2023081605",0,16.9,50,6.1,112,15.4,,,,,,,,,,,,0,193.3,,0,0,0,0,0,,0,0,,0,
"1092","RORY CREEK","2023081606",0,17.7,46,5.3,79,14.9,,,,,,,,,,,,0,193.3,,0,0,0,0,0,,0,0,,0,
"1092","RORY CREEK","2023081607",0,17,54,7.7,97,13.1,,,,,,,,,,,,0,193.3,,0,0,0,0,0,,0,0,,0,
"1092","RORY CREEK","2023081608",0,18.9,45,7.4,122,14.9,,,,,,,,,,,,0,193.3,,0,0,0,0,0,,0,0,,0,
"1092","RORY CREEK","2023081609",0,20.7,47,8.2,147,16,,,,,,,,,,,,0,193.3,,0,0,0,0,0,,0,0,,0,
"1092","RORY CREEK","2023081610",0,23.1,42,7.5,159,20.6,,,,,,,,,,,,0,193.3,,0,0,0,0,0,,0,0,,0,
"1092","RORY CREEK","2023081611",0,25.5,34,5.8,168,17.7,,,,,,,,,,,,0,193.3,,0,0,0,0,0,,0,0,,0,
"1092","RORY CREEK","2023081612",0,26.3,35,7.3,162,17.7,,,,0,,,,,,,,0,193.3,,0,0,0,0,0,,0,0,,0,
"1092","RORY CREEK","2023081613",0,27.1,33,8.3,164,22.3,,,,,,,,,,,,0,193.3,,0,0,0,0,0,,0,0,,0,
"1092","RORY CREEK","2023081614",0,27.6,32,7.3,171,16.6,,,,,,,,,,,,0,193.3,,0,0,0,0,0,,0,0,,0,
"1092","RORY CREEK","2023081615",0,27.4,29,6.2,172,16.6,,,,,,,,,,,,0,193.3,,0,0,0,0,0,,0,0,,0,
"1092","RORY CREEK","2023081616",0,26.3,34,6.4,154,15.4,,,,,,,,,,,,0,193.3,,0,0,0,0,0,,0,0,,0,
"1092","RORY CREEK","2023081617",0,24.7,41,4,156,16,,,,,,,,,,,,0,193.3,,0,0,0,0,0,,0,0,,0,
"1092","RORY CREEK","2023081618",0,21.4,44,4.6,102,8.5,,,,,,,,,,,,0,193.3,,0,0,0,0,0,,0,0,,0,
"1092","RORY CREEK","2023081619",0,19.3,45,7.5,99,9.7,,,,,,,,,,,,0,193.3,,0,0,0,0,0,,0,0,,0,
"1092","RORY CREEK","2023081620",0,17.9,44,4.5,98,10.2,,,,,,,,,,,,0,193.3,,0,0,0,0,0,,0,0,,0,
"1092","RORY CREEK","2023081621",0,17.5,45,4.4,74,6.8,,,,,,,,,,,,0,193.3,,0,0,0,0,0,,0,0,,0,
"1092","RORY CREEK","2023081622",0,16.6,49,5.3,98,8.5,,,,,,,,,,,,0,193.3,,0,0,0,0,0,,0,0,,0,
"1092","RORY CREEK","2023081623",0,15.9,50,4.4,78,9.7,,,,,,,,,,,,0,193.3,,0,0,0,0,0,,0,0,,0,
"1093","QUINSAM BASE FWX","2023081600",0,20.3,68,7.1,22,23.5,88.796,5.159,14.672,,,,,,,,,,,,,,,,,,,,,,
"1093","QUINSAM BASE FWX","2023081601",0,18.6,76,2.9,63,10.8,88.227,3.848,11.645,,,,,,,,,,,,,,,,,,,,,,
"1093","QUINSAM BASE FWX","2023081602",0,18.4,77,2,45,12,87.722,3.42,10.578,,,,,,,,,,,,,,,,,,,,,,
"1093","QUINSAM BASE FWX","2023081603",0,18.2,79,3,99,10.2,87.193,3.335,10.36,,,,,,,,,,,,,,,,,,,,,,
"1093","QUINSAM BASE FWX","2023081604",0,17,83,3.1,242,11.4,86.584,3.074,9.677,,,,,,,,,,,,,,,,,,,,,,
"1093","QUINSAM BASE FWX","2023081605",0,16.6,86,2.6,340,7.4,85.94,2.737,8.765,,,,,,,,,,,,,,,,,,,,,,
"1093","QUINSAM BASE FWX","2023081606",0,16.2,87,4.1,254,9.7,85.3,2.7,8.662,,,,,,,,,,,,,,,,,,,,,,
"1093","QUINSAM BASE FWX","2023081607",0,17.9,80,4.3,306,10.2,85.036,2.63,8.467,,,,,,,,,,,,,,,,,,,,,,
"1093","QUINSAM BASE FWX","2023081608",0,21.9,65,4.5,338,12,85.087,2.675,8.593,,,,,,,,,,,,,,,,,,,,,,
"1093","QUINSAM BASE FWX","2023081609",0,24,57,5.5,326,12,85.348,2.917,9.257,,,,,,,,,,,,,,,,,,,,,,
"1093","QUINSAM BASE FWX","2023081610",0,25.2,55,7.5,318,13.1,85.675,3.377,10.467,,,,,,,,,,,,,,,,,,,,,,
"1093","QUINSAM BASE FWX","2023081611",0,27.1,52,6.2,319,14.9,86.094,3.354,10.407,,,,,,,,,,,,,,,,,,,,,,
"1093","QUINSAM BASE FWX","2023081612",0,27.9,47,7.1,325,15.4,86.645,3.793,11.512,0,90.831,6.905,19.054,36.779,497.602,62.086,4,,,,,,,,,,,,,,
"1093","QUINSAM BASE FWX","2023081613",0,29.7,42,6,326,15.4,87.346,3.965,12.49,,,,,,,,,,,,,,,,,,,,,,
"1093","QUINSAM BASE FWX","2023081614",0,30.9,37,7,310,17.7,88.198,4.711,14.297,,,,,,,,,,,,,,,,,,,,,,
"1093","QUINSAM BASE FWX","2023081615",0,30.1,39,7,327,17.2,88.771,5.114,15.229,,,,,,,,,,,,,,,,,,,,,,
"1093","QUINSAM BASE FWX","2023081616",0,30,34,7.6,317,18.9,89.438,5.801,16.749,,,,,,,,,,,,,,,,,,,,,,
"1093","QUINSAM BASE FWX","2023081617",0,29.1,32,5.9,341,17.7,89.995,5.768,16.678,,,,,,,,,,,,,,,,,,,,,,
"1093","QUINSAM BASE FWX","2023081618",0,26.1,36,3.3,322,12.5,90.183,5.198,15.417,,,,,,,,,,,,,,,,,,,,,,
"1093","QUINSAM BASE FWX","2023081619",0,24.1,40,3.4,311,10.2,90.232,5.261,15.559,,,,,,,,,,,,,,,,,,,,,,
"1093","QUINSAM BASE FWX","2023081620",0,22.3,41,6,283,10.2,90.281,6.039,17.262,,,,,,,,,,,,,,,,,,,,,,
"1093","QUINSAM BASE FWX","2023081621",0,20.1,56,3.7,262,7.9,90.043,5.198,15.417,,,,,,,,,,,,,,,,,,,,,,
"1093","QUINSAM BASE FWX","2023081622",0,18.1,60,0,302,7.9,89.824,4.181,13.025,,,,,,,,,,,,,,,,,,,,,,
"1093","QUINSAM BASE FWX","2023081623",0,17.3,63,0,259,8.5,89.568,4.03,12.651,,,,,,,,,,,,,,,,,,,,,,
"1108","BLUE RIVER 2","2023081600",0,14.6,92,3.1,89,7.4,86.052,2.852,7.736,,,,,,,,,,,,,,,,,,,,,,
"1108","BLUE RIVER 2","2023081601",0,13.8,94,3.2,33,8.5,85.032,2.487,6.832,,,,,,,,,,,,,,,,,,,,,,
"1108","BLUE RIVER 2","2023081602",0,13.5,94,4.8,169,9.7,84.099,2.375,6.546,,,,,,,,,,,,,,,,,,,,,,
"1108","BLUE RIVER 2","2023081603",0,12,98,3.1,280,9.1,83.036,1.897,5.268,,,,,,,,,,,,,,,,,,,,,,
"1108","BLUE RIVER 2","2023081604",0,11.5,98,2.5,105,6.2,82.13,1.643,4.547,,,,,,,,,,,,,,,,,,,,,,
"1108","BLUE RIVER 2","2023081605",0,11.2,99,5,224,7.4,81.17,1.663,4.606,,,,,,,,,,,,,,,,,,,,,,
"1108","BLUE RIVER 2","2023081606",0,11.3,98,2,202,7.4,80.492,1.325,3.591,,,,,,,,,,,,,,,,,,,,,,
"1108","BLUE RIVER 2","2023081607",0,14.6,83,3.2,52,6.8,80.538,1.415,3.869,,,,,,,,,,,,,,,,,,,,,,
"1108","BLUE RIVER 2","2023081608",0,17.1,73,5.1,49,7.4,80.756,1.595,4.408,,,,,,,,,,,,,,,,,,,,,,
"1108","BLUE RIVER 2","2023081609",0,19.8,63,6.4,39,9.1,81.243,1.799,4.996,,,,,,,,,,,,,,,,,,,,,,
"1108","BLUE RIVER 2","2023081610",0,22.7,45,7,29,11.4,82.292,2.102,5.83,,,,,,,,,,,,,,,,,,,,,,
"1108","BLUE RIVER 2","2023081611",0,25.6,38,6.6,31,10.8,83.599,2.434,6.697,,,,,,,,,,,,,,,,,,,,,,
"1108","BLUE RIVER 2","2023081612",0,28.7,30,6.4,301,14.3,85.242,3.008,8.11,0,92.269,8.175,19.287,31.387,315.049,50.257,4,,,,,,,,,,,,,,
"1108","BLUE RIVER 2","2023081613",0,30.3,25,9,179,20.6,87.043,4.417,12.056,,,,,,,,,,,,,,,,,,,,,,
"1108","BLUE RIVER 2","2023081614",0,30.5,26,14.8,191,22.9,88.581,7.373,17.88,,,,,,,,,,,,,,,,,,,,,,
"1108","BLUE RIVER 2","2023081615",0,30.9,25,14.8,187,25.8,89.868,8.868,20.461,,,,,,,,,,,,,,,,,,,,,,
"1108","BLUE RIVER 2","2023081616",0,31.2,26,14.1,207,24.1,90.827,9.82,22.013,,,,,,,,,,,,,,,,,,,,,,
"1108","BLUE RIVER 2","2023081617",0,31.2,26,13.2,212,22.9,91.562,10.418,22.956,,,,,,,,,,,,,,,,,,,,,,
"1108","BLUE RIVER 2","2023081618",0,29.9,31,6.9,257,17.2,91.806,7.852,18.728,,,,,,,,,,,,,,,,,,,,,,
"1108","BLUE RIVER 2","2023081619",0,23.5,55,3.5,183,10.8,91.431,6.273,15.843,,,,,,,,,,,,,,,,,,,,,,
"1108","BLUE RIVER 2","2023081620",0,19.6,70,4,332,6.8,90.664,5.767,14.859,,,,,,,,,,,,,,,,,,,,,,
"1108","BLUE RIVER 2","2023081621",0,17.4,81,2.9,44,6.2,89.68,4.739,12.752,,,,,,,,,,,,,,,,,,,,,,
"1108","BLUE RIVER 2","2023081622",0,15.8,89,3.6,255,5.6,88.451,4.116,11.388,,,,,,,,,,,,,,,,,,,,,,
"1108","BLUE RIVER 2","2023081623",0,14.5,94,3.9,230,5.6,87.074,3.431,9.799,,,,,,,,,,,,,,,,,,,,,,
"1144","FORD MOUNTAIN","2023081600",0,15.8,83,0,13,0,88.98,3.704,17.391,,,,,,,,,,-1.8,,,,,,,,,,6179.4,,
"1144","FORD MOUNTAIN","2023081601",0,15.4,83,0,27,0,88.347,3.382,16.247,,,,,,,,,,-1.9,,,,,,,,,,6179.4,,
"1144","FORD MOUNTAIN","2023081602",0,14.8,85,0,24,0,87.715,3.089,15.169,,,,,,,,,,-1.9,,,,,,,,,,6179.4,,
"1144","FORD MOUNTAIN","2023081603",0,14.2,86,0,172,8.2,87.115,2.836,14.202,,,,,,,,,,-1.9,,,,,,,,,,6179.4,,
"1144","FORD MOUNTAIN","2023081604",0,13.1,92,0,27,0,86.338,2.54,13.03,,,,,,,,,,-1.8,,,,,,,,,,6179.4,,
"1144","FORD MOUNTAIN","2023081605",0,13.9,87,0.9,52,7.2,85.752,2.447,12.654,,,,,,,,,,-1.8,,,,,,,,,,6179.4,,
"1144","FORD MOUNTAIN","2023081606",0,14.6,81,0.2,6,12.1,85.458,2.268,11.907,,,,,,,,,,-1.7,,,,,,,,,,6179.4,,
"1144","FORD MOUNTAIN","2023081607",0,17.9,64,4.6,9,9.6,85.506,2.85,14.256,,,,,,,,,,-1.4,,,,,,,,,,6179.4,,
"1144","FORD MOUNTAIN","2023081608",0,24.8,43,0.2,2,11.3,85.971,2.436,12.608,,,,,,,,,,-1.4,,,,,,,,,,6179.4,,
"1144","FORD MOUNTAIN","2023081609",0,26.7,37,8.3,230,13.6,86.848,4.147,18.905,,,,,,,,,,-1.7,,,,,,,,,,6179.4,,
"1144","FORD MOUNTAIN","2023081610",0,29.8,31,5.9,217,14.6,87.949,4.301,19.413,,,,,,,,,,-1.6,,,,,,,,,,6179.4,,
"1144","FORD MOUNTAIN","2023081611",0,31.4,31,11.4,245,22.5,89.055,6.649,26.437,,,,,,,,,,-1.7,,,,,,,,,,6179.4,,
"1144","FORD MOUNTAIN","2023081612",0,33.4,26,11.6,248,22,90.324,8.057,30.141,0,94.239,13.987,43.994,93.14,578.885,132.844,5,,-1.5,,,,,,,,,,6179.4,,
"1144","FORD MOUNTAIN","2023081613",0,34.3,23,12,250,27.5,91.536,9.772,34.86,,,,,,,,,,-1.8,,,,,,,,,,6179.4,,
"1144","FORD MOUNTAIN","2023081614",0,34.5,23,13.8,225,28.4,92.487,12.239,40.382,,,,,,,,,,-1.7,,,,,,,,,,6179.4,,
"1144","FORD MOUNTAIN","2023081615",0,34.3,25,15.3,218,30,93.08,14.346,44.709,,,,,,,,,,-1.7,,,,,,,,,,6179.4,,
"1144","FORD MOUNTAIN","2023081616",0,34,25,15.7,219,32.4,93.505,15.532,47.019,,,,,,,,,,-1.7,,,,,,,,,,6179.4,,
"1144","FORD MOUNTAIN","2023081617",0,33.3,24,12.7,219,31.2,93.829,13.969,43.957,,,,,,,,,,-1.8,,,,,,,,,,6179.4,,
"1144","FORD MOUNTAIN","2023081618",0,31.7,29,7.8,285,26.7,93.88,10.99,37.654,,,,,,,,,,-2,,,,,,,,,,6179.4,,
"1144","FORD MOUNTAIN","2023081619",0,24.7,51,7,306,11.1,93.274,9.702,34.696,,,,,,,,,,-2.3,,,,,,,,,,6179.4,,
"1144","FORD MOUNTAIN","2023081620",0,23.5,52,0.6,296,11.1,92.874,6.645,26.881,,,,,,,,,,-2,,,,,,,,,,6179.4,,
"1144","FORD MOUNTAIN","2023081621",0,20.2,64,0,6,5.1,92.312,5.957,24.921,,,,,,,,,,-2.3,,,,,,,,,,6179.4,,
"1144","FORD MOUNTAIN","2023081622",0,18.3,72,0,343,0,91.625,5.406,23.281,,,,,,,,,,-2,,,,,,,,,,6179.4,,
"1144","FORD MOUNTAIN","2023081623",0,16.8,78,0,30,0,90.863,4.85,21.556,,,,,,,,,,-1.9,,,,,,,,,,6179.4,,
"1165","SEVEREID","2023081600",0,10.5,97,4.4,123,7.9,80.284,1.463,2.398,,,,,,,,,,,,,,,,,,,,,,
"1165","SEVEREID","2023081601",0,9.8,94,5.8,118,9.7,79.926,1.512,2.512,,,,,,,,,,,,,,,,,,,,,,
"1165","SEVEREID","2023081602",0,9.5,90,4.9,108,8.5,79.82,1.429,2.319,,,,,,,,,,,,,,,,,,,,,,
"1165","SEVEREID","2023081603",0,8.7,96,4.4,116,9.7,79.399,1.336,2.097,,,,,,,,,,,,,,,,,,,,,,
"1165","SEVEREID","2023081604",0,7.9,100,5.4,127,9.1,78.698,1.315,2.045,,,,,,,,,,,,,,,,,,,,,,
"1165","SEVEREID","2023081605",0,7.4,100,3.7,125,7.4,78.107,1.145,1.606,,,,,,,,,,,,,,,,,,,,,,
"1165","SEVEREID","2023081606",0,8.4,100,4.7,125,7.9,77.552,1.151,1.621,,,,,,,,,,,,,,,,,,,,,,
"1165","SEVEREID","2023081607",0,11.4,97,2.3,116,6.8,77.329,1.002,1.14,,,,,,,,,,,,,,,,,,,,,,
"1165","SEVEREID","2023081608",0,17.3,57,4.7,178,9.7,78.15,1.209,1.777,,,,,,,,,,,,,,,,,,,,,,
"1165","SEVEREID","2023081609",0,19.8,46,5.7,187,12,79.333,1.417,2.292,,,,,,,,,,,,,,,,,,,,,,
"1165","SEVEREID","2023081610",0,21.2,43,6.1,204,17.2,80.567,1.643,2.807,,,,,,,,,,,,,,,,,,,,,,
"1165","SEVEREID","2023081611",0,22.2,47,9.6,178,19.5,81.673,2.223,4.021,,,,,,,,,,,,,,,,,,,,,,
"1165","SEVEREID","2023081612",0,23.6,36,7.8,216,18.9,83.04,2.404,4.377,0,89.049,5.542,10.653,16.87,262.172,29.065,3,,,,,,,,,,,,,,
"1165","SEVEREID","2023081613",0,24.8,36,6.3,161,20,84.249,2.613,5.427,,,,,,,,,,,,,,,,,,,,,,
"1165","SEVEREID","2023081614",0,25.2,35,7,323,19.5,85.358,3.15,6.496,,,,,,,,,,,,,,,,,,,,,,
"1165","SEVEREID","2023081615",0,26.7,35,7.1,263,22.3,86.387,3.657,7.45,,,,,,,,,,,,,,,,,,,,,,
"1165","SEVEREID","2023081616",0,26.3,35,5.3,246,14.3,87.193,3.745,7.61,,,,,,,,,,,,,,,,,,,,,,
"1165","SEVEREID","2023081617",0,26.6,36,6,229,18.9,87.865,4.27,8.545,,,,,,,,,,,,,,,,,,,,,,
"1165","SEVEREID","2023081618",0,25.1,39,8.3,187,17.7,88.288,5.095,9.934,,,,,,,,,,,,,,,,,,,,,,
"1165","SEVEREID","2023081619",0,20.2,64,3.4,128,10.8,88.114,3.882,7.859,,,,,,,,,,,,,,,,,,,,,,
"1165","SEVEREID","2023081620",0,16.9,72,6.1,135,9.7,87.699,4.191,8.407,,,,,,,,,,,,,,,,,,,,,,
"1165","SEVEREID","2023081621",0,17.1,68,7.5,131,14.9,87.436,4.332,8.651,,,,,,,,,,,,,,,,,,,,,,
"1165","SEVEREID","2023081622",0,17,67,8.8,139,18.3,87.225,4.488,8.92,,,,,,,,,,,,,,,,,,,,,,
"1165","SEVEREID","2023081623",0,16.6,71,5.7,150,14.9,86.954,3.693,7.516,,,,,,,,,,,,,,,,,,,,,,
"1176","MUDPIT","2023081600",0,21.7,42,5.5,141,11.4,92.617,8.205,24.451,,,,,,,,,,,,,,,,,,,,112.6,,
"1176","MUDPIT","2023081601",0,20.4,45,5.4,105,10.9,92.343,7.854,23.714,,,,,,,,,,,,,,,,,,,,112.6,,
"1176","MUDPIT","2023081602",0,19.4,48,3.6,142,10.2,92.044,6.877,21.582,,,,,,,,,,,,,,,,,,,,112.6,,
"1176","MUDPIT","2023081603",0,19.1,45,5.9,112,12.8,91.819,7.48,22.912,,,,,,,,,,,,,,,,,,,,112.6,,
"1176","MUDPIT","2023081604",0,18.9,45,6.7,128,15.7,91.612,7.562,23.089,,,,,,,,,,,,,,,,,,,,112.6,,
"1176","MUDPIT","2023081605",0,18.1,45,6,133,12.6,91.425,7.109,22.099,,,,,,,,,,,,,,,,,,,,112.6,,
"1176","MUDPIT","2023081606",0,17,52,5.6,134,9.7,91.098,6.65,21.071,,,,,,,,,,,,,,,,,,,,112.6,,
"1176","MUDPIT","2023081607",0,17.1,62,1.9,159,7.8,90.645,5.174,17.543,,,,,,,,,,,,,,,,,,,,112.6,,
"1176","MUDPIT","2023081608",0,20.3,42,1.9,210,5.8,90.665,5.189,17.581,,,,,,,,,,,,,,,,,,,,112.6,,
"1176","MUDPIT","2023081609",0,24.1,33,5.1,285,9.8,90.791,6.208,20.05,,,,,,,,,,,,,,,,,,,,112.6,,
"1176","MUDPIT","2023081610",0,25.1,29,5.3,264,12,91.061,6.516,20.765,,,,,,,,,,,,,,,,,,,,112.6,,
"1176","MUDPIT","2023081611",0,26,28,6,318,10.3,91.359,7.042,21.952,,,,,,,,,,,,,,,,,,,,112.6,,
"1176","MUDPIT","2023081612",0,27.2,27,5.2,321,11.4,91.683,7.083,22.042,0,93.176,8.741,26.46,53.934,489.236,84.562,4,,,,,,,,,,,,112.6,,
"1176","MUDPIT","2023081613",0,28.7,23,6.8,313,11.6,92.19,8.249,25.419,,,,,,,,,,,,,,,,,,,,112.6,,
"1176","MUDPIT","2023081614",0,29.7,22,4.6,314,13.4,92.669,7.898,24.661,,,,,,,,,,,,,,,,,,,,112.6,,
"1176","MUDPIT","2023081615",0,30.8,21,7.1,303,13.2,93.177,9.62,28.258,,,,,,,,,,,,,,,,,,,,112.6,,
"1176","MUDPIT","2023081616",0,30.9,21,5.2,293,11.6,93.57,9.234,27.477,,,,,,,,,,,,,,,,,,,,112.6,,
"1176","MUDPIT","2023081617",0,29.8,24,4.3,307,10.3,93.706,8.993,26.984,,,,,,,,,,,,,,,,,,,,112.6,,
"1176","MUDPIT","2023081618",0,29.3,26,0.9,249,7.3,93.757,7.631,24.074,,,,,,,,,,,,,,,,,,,,112.6,,
"1176","MUDPIT","2023081619",0,24.5,43,0.6,111,3.9,93.521,7.274,23.277,,,,,,,,,,,,,,,,,,,,112.6,,
"1176","MUDPIT","2023081620",0,22.8,40,9.9,114,12.2,93.25,11.191,31.307,,,,,,,,,,,,,,,,,,,,112.6,,
"1176","MUDPIT","2023081621",0,22,41,9.2,108,13.4,92.983,10.407,29.81,,,,,,,,,,,,,,,,,,,,112.6,,
"1176","MUDPIT","2023081622",0,20.5,48,7.7,111,13.7,92.562,9.096,27.195,,,,,,,,,,,,,,,,,,,,112.6,,
"1176","MUDPIT","2023081623",0,20.4,46,7.8,141,15.1,92.246,8.744,26.466,,,,,,,,,,,,,,,,,,,,112.6,,
"1199","CLAYTON FALLS","2023081600",0,14.9,42,3.2,257,6.3,,,,,,,,,,,,,2,,,,,,,,,,805.4,0,
"1199","CLAYTON FALLS","2023081601",0,14.5,67,6.2,263,9.4,,,,,,,,,,,,,2,,,,,,,,,,805.4,0,
"1199","CLAYTON FALLS","2023081602",0,14.7,46,0.4,185,11.8,,,,,,,,,,,,,10.3,,,,,,,,,,805.4,0,
"1199","CLAYTON FALLS","2023081603",0,15.7,17,2.9,298,8.3,,,,,,,,,,,,,10.8,,,,,,,,,,805.4,0,
"1199","CLAYTON FALLS","2023081604",0,16.3,13,3.8,291,8.7,,,,,,,,,,,,,2.6,,,,,,,,,,805.4,0,
"1199","CLAYTON FALLS","2023081605",0,16.5,14,1.6,44,8.8,,,,,,,,,,,,,2.9,,,,,,,,,,805.4,0,
"1199","CLAYTON FALLS","2023081606",0,16,19,0.1,39,5.3,,,,,,,,,,,,,2.4,,,,,,,,,,805.4,9,
"1199","CLAYTON FALLS","2023081607",0,17.9,22,1.2,89,4.6,,,,,,,,,,,,,10.6,,,,,,,,,,805.4,148,
"1199","CLAYTON FALLS","2023081608",0,19,32,2,105,6.6,,,,,,,,,,,,,2.5,,,,,,,,,,805.4,297,
"1199","CLAYTON FALLS","2023081609",0,18.3,24,5.1,269,9,,,,,,,,,,,,,2.9,,,,,,,,,,805.4,447,
"1199","CLAYTON FALLS","2023081610",0,19.2,29,4.4,262,9.2,,,,,,,,,,,,,11.9,,,,,,,,,,805.4,578,
"1199","CLAYTON FALLS","2023081611",0,21,29,5.8,270,9.5,,,,,,,,,,,,,10.5,,,,,,,,,,805.4,681,
"1199","CLAYTON FALLS","2023081612",0,21.3,27,9.8,270,15.2,,,,0,,,,,,,,,10.2,,,,,,,,,,805.4,747,
"1199","CLAYTON FALLS","2023081613",0,22.4,20,8.4,274,15.4,,,,,,,,,,,,,19.4,,,,,,,,,,805.4,766,
"1199","CLAYTON FALLS","2023081614",0,22.7,25,10.1,270,17,,,,,,,,,,,,,10.4,,,,,,,,,,805.4,744,
"1199","CLAYTON FALLS","2023081615",0,23.9,20,8.1,277,19.4,,,,,,,,,,,,,10.3,,,,,,,,,,805.4,681,
"1199","CLAYTON FALLS","2023081616",0,23.1,29,6.7,307,19.9,,,,,,,,,,,,,9.6,,,,,,,,,,805.4,580,
"1199","CLAYTON FALLS","2023081617",0,21.2,36,9.4,307,23.5,,,,,,,,,,,,,43.5,,,,,,,,,,805.4,449,
"1199","CLAYTON FALLS","2023081618",0,20.2,46,8.7,312,19.2,,,,,,,,,,,,,51.3,,,,,,,,,,805.4,299,
"1199","CLAYTON FALLS","2023081619",0,18.6,52,7.2,317,17.3,,,,,,,,,,,,,7.3,,,,,,,,,,805.4,153,
"1199","CLAYTON FALLS","2023081620",0,17.4,60,5.4,344,19.9,,,,,,,,,,,,,-0.1,,,,,,,,,,805.4,14,
"1199","CLAYTON FALLS","2023081621",0,16.9,64,4.2,327,13.2,,,,,,,,,,,,,9.1,,,,,,,,,,805.4,0,
"1199","CLAYTON FALLS","2023081622",0,16.9,63,2.9,324,14.8,,,,,,,,,,,,,1.1,,,,,,,,,,805.4,0,
"1199","CLAYTON FALLS","2023081623",0,16.7,63,5.7,267,8.7,,,,,,,,,,,,,8.7,,,,,,,,,,805.4,0,
"1203","DARKWOODS","2023081600",0,22.1,31,4.8,340,13.1,94.613,10.456,29.918,,,,,,,,,0,193.3,,0,0,0,0,0,,0,0,,0,
"1203","DARKWOODS","2023081601",0,21.3,31,4,346,13.7,94.473,9.851,28.733,,,,,,,,,0,193.3,,0,0,0,0,0,,0,0,,0,
"1203","DARKWOODS","2023081602",0,20.3,30,3.2,65,13.7,94.365,9.321,27.668,,,,,,,,,0,193.3,,0,0,0,0,0,,0,0,,0,
"1203","DARKWOODS","2023081603",0,19.9,35,3.4,67,8.5,94.156,9.148,27.315,,,,,,,,,0,193.3,,0,0,0,0,0,,0,0,,0,
"1203","DARKWOODS","2023081604",0,19.3,36,4.8,7,9.7,93.924,9.506,28.042,,,,,,,,,0,193.3,,0,0,0,0,0,,0,0,,0,
"1203","DARKWOODS","2023081605",0,21.6,33,10.5,348,16,93.772,12.405,33.55,,,,,,,,,0,193.3,,0,0,0,0,0,,0,0,,0,
"1203","DARKWOODS","2023081606",0,20.9,36,8.2,350,20,93.566,10.735,30.456,,,,,,,,,0,193.3,,0,0,0,0,0,,0,0,,0,
"1203","DARKWOODS","2023081607",0,20.3,39,3.4,17,16.6,93.35,8.178,25.279,,,,,,,,,0,193.3,,0,0,0,0,0,,0,0,,0,
"1203","DARKWOODS","2023081608",0,21.2,38,2.5,88,9.7,93.195,7.649,24.126,,,,,,,,,0,193.3,,0,0,0,0,0,,0,0,,0,
"1203","DARKWOODS","2023081609",0,25,29,7.5,257,16.6,93.245,9.91,28.849,,,,,,,,,0,193.3,,0,0,0,0,0,,0,0,,0,
"1203","DARKWOODS","2023081610",0,26.2,34,12.2,211,24.6,93.234,12.537,33.787,,,,,,,,,0,193.3,,0,0,0,0,0,,0,0,,0,
"1203","DARKWOODS","2023081611",0,27.6,30,12.2,210,25.8,93.284,12.627,33.947,,,,,,,,,0,193.3,,0,0,0,0,0,,0,0,,0,
"1203","DARKWOODS","2023081612",0,27.8,25,11.5,257,20.6,93.372,12.339,33.431,0,94.241,13.921,37.254,62.826,393.057,89.777,3,0,193.3,,0,0,0,0,0,,0,0,,0,
"1203","DARKWOODS","2023081613",0,27,24,10.9,279,25.2,93.458,12.116,34,,,,,,,,,0,193.3,,0,0,0,0,0,,0,0,,0,
"1203","DARKWOODS","2023081614",0,27.4,26,8.5,305,20,93.508,10.812,31.513,,,,,,,,,0,193.3,,0,0,0,0,0,,0,0,,0,
"1203","DARKWOODS","2023081615",0,26.8,24,8.9,252,23.5,93.561,11.112,32.098,,,,,,,,,0,193.3,,0,0,0,0,0,,0,0,,0,
"1203","DARKWOODS","2023081616",0,26,25,7.9,257,18.3,93.612,10.641,31.179,,,,,,,,,0,193.3,,0,0,0,0,0,,0,0,,0,
"1203","DARKWOODS","2023081617",0,25.3,26,5.1,197,16,93.663,9.307,28.475,,,,,,,,,0,193.3,,0,0,0,0,0,,0,0,,0,
"1203","DARKWOODS","2023081618",0,24.3,27,5.8,22,13.7,93.714,9.71,29.308,,,,,,,,,0,193.3,,0,0,0,0,0,,0,0,,0,
"1203","DARKWOODS","2023081619",0,21.7,33,4.3,137,16.6,93.619,8.885,27.588,,,,,,,,,0,193.3,,0,0,0,0,0,,0,0,,0,
"1203","DARKWOODS","2023081620",0,20.4,35,6,5,9.7,93.463,9.472,28.819,,,,,,,,,0,193.3,,0,0,0,0,0,,0,0,,0,
"1203","DARKWOODS","2023081621",0,19.7,38,4.1,67,13.1,93.266,8.373,26.484,,,,,,,,,0,193.3,,0,0,0,0,0,,0,0,,0,
"1203","DARKWOODS","2023081622",0,18,41,4.8,29,7.9,93.002,8.36,26.455,,,,,,,,,0,193.3,,0,0,0,0,0,,0,0,,0,
"1203","DARKWOODS","2023081623",0,19,38,3.3,2,10.8,92.851,7.589,24.737,,,,,,,,,0,193.3,,0,0,0,0,0,,0,0,,0,
"1218","POWELL RIVER WEST LAKE","2023081600",0,19.7,71,5.2,41,14.3,89.544,5.219,19.663,,,,,,,,,0,0,,0,0,0,0,0,,0,0,,0,
"1218","POWELL RIVER WEST LAKE","2023081601",0,18.7,75,5.4,340,12.5,88.854,4.775,18.425,,,,,,,,,0,0,,0,0,0,0,0,,0,0,,0,
"1218","POWELL RIVER WEST LAKE","2023081602",0,17.7,79,6,345,12,88.113,4.425,17.416,,,,,,,,,0,0,,0,0,0,0,0,,0,0,,0,
"1218","POWELL RIVER WEST LAKE","2023081603",0,16.8,82,4,343,12,87.403,3.614,14.95,,,,,,,,,0,0,,0,0,0,0,0,,0,0,,0,
"1218","POWELL RIVER WEST LAKE","2023081604",0,16.6,82,6.5,341,10.8,86.744,3.732,15.322,,,,,,,,,0,0,,0,0,0,0,0,,0,0,,0,
"1218","POWELL RIVER WEST LAKE","2023081605",0,16,84,5.3,350,10.8,86.113,3.214,13.651,,,,,,,,,0,0,,0,0,0,0,0,,0,0,,0,
"1218","POWELL RIVER WEST LAKE","2023081606",0,16.1,84,6.3,354,10.2,85.552,3.124,13.354,,,,,,,,,0,0,,0,0,0,0,0,,0,0,,0,
"1218","POWELL RIVER WEST LAKE","2023081607",0,17,81,7.5,352,10.2,85.182,3.153,13.45,,,,,,,,,0,0,,0,0,0,0,0,,0,0,,0,
"1218","POWELL RIVER WEST LAKE","2023081608",0,20.3,67,4.2,78,10.2,85.23,2.688,11.849,,,,,,,,,0,0,,0,0,0,0,0,,0,0,,0,
"1218","POWELL RIVER WEST LAKE","2023081609",0,22.9,59,5.8,1,11.4,85.402,2.984,12.879,,,,,,,,,0,0,,0,0,0,0,0,,0,0,,0,
"1218","POWELL RIVER WEST LAKE","2023081610",0,24.9,52,5.2,341,11.4,85.772,3.048,13.097,,,,,,,,,0,0,,0,0,0,0,0,,0,0,,0,
"1218","POWELL RIVER WEST LAKE","2023081611",0,26,49,7.2,337,13.1,86.233,3.597,14.895,,,,,,,,,0,0,,0,0,0,0,0,,0,0,,0,
"1218","POWELL RIVER WEST LAKE","2023081612",0,27.8,43,6.2,256,16,86.878,3.747,15.367,0,91.376,7.131,25.112,64.781,570.929,100.931,4,0,0,,0,0,0,0,0,,0,0,,0,
"1218","POWELL RIVER WEST LAKE","2023081613",0,29.5,38,5.9,258,14.3,87.676,4.135,16.957,,,,,,,,,0,0,,0,0,0,0,0,,0,0,,0,
"1218","POWELL RIVER WEST LAKE","2023081614",0,30,37,6.8,325,13.1,88.414,4.81,18.962,,,,,,,,,0,0,,0,0,0,0,0,,0,0,,0,
"1218","POWELL RIVER WEST LAKE","2023081615",0,30.7,36,5.2,309,14.9,89.068,4.875,19.148,,,,,,,,,0,0,,0,0,0,0,0,,0,0,,0,
"1218","POWELL RIVER WEST LAKE","2023081616",0,29.6,37,7.2,334,13.7,89.537,5.766,21.618,,,,,,,,,0,0,,0,0,0,0,0,,0,0,,0,
"1218","POWELL RIVER WEST LAKE","2023081617",0,28.2,39,6,340,10.8,89.786,5.625,21.239,,,,,,,,,0,0,,0,0,0,0,0,,0,0,,0,
"1218","POWELL RIVER WEST LAKE","2023081618",0,26.7,43,6.4,338,14.9,89.835,5.781,21.657,,,,,,,,,0,0,,0,0,0,0,0,,0,0,,0,
"1218","POWELL RIVER WEST LAKE","2023081619",0,25.1,46,5.3,344,15.4,89.884,5.508,20.919,,,,,,,,,0,0,,0,0,0,0,0,,0,0,,0,
"1218","POWELL RIVER WEST LAKE","2023081620",0,23.4,49,6.4,7,10.2,89.898,5.833,21.797,,,,,,,,,0,0,,0,0,0,0,0,,0,0,,0,
"1218","POWELL RIVER WEST LAKE","2023081621",0,22.2,53,7,345,12.5,89.788,5.918,22.021,,,,,,,,,0,0,,0,0,0,0,0,,0,0,,0,
"1218","POWELL RIVER WEST LAKE","2023081622",0,20.5,57,5,341,9.7,89.58,5.194,20.051,,,,,,,,,0,0,,0,0,0,0,0,,0,0,,0,
"1218","POWELL RIVER WEST LAKE","2023081623",0,19.3,62,5.6,327,11.4,89.258,5.111,19.82,,,,,,,,,0,0,,0,0,0,0,0,,0,0,,0,
"1221","MOUNT CAYLEY","2023081600",0,18.6,42,0.4,93,3.4,,,,,,,,,,,,,626.4,,,,,,,,,,11444.2,0,
"1221","MOUNT CAYLEY","2023081601",0,18.7,44,1,118,4,,,,,,,,,,,,,626.4,,,,,,,,,,11444.2,0,
"1221","MOUNT CAYLEY","2023081602",0,18.2,45,2.2,82,3.5,,,,,,,,,,,,,626.4,,,,,,,,,,11444.2,0,
"1221","MOUNT CAYLEY","2023081603",0,17.5,48,0.2,76,3.8,,,,,,,,,,,,,626.4,,,,,,,,,,11444.2,0,
"1221","MOUNT CAYLEY","2023081604",0,17.5,44,2.8,54,7.1,,,,,,,,,,,,,626.4,,,,,,,,,,11444.2,0,
"1221","MOUNT CAYLEY","2023081605",0,17.3,47,1.6,47,7.7,,,,,,,,,,,,,626.4,,,,,,,,,,11444.2,0,
"1221","MOUNT CAYLEY","2023081606",0,16.8,49,0.8,55,5.5,,,,,,,,,,,,,626.4,,,,,,,,,,11444.2,10,
"1221","MOUNT CAYLEY","2023081607",0,18.2,42,1.2,138,4.5,,,,,,,,,,,,,626.4,,,,,,,,,,11444.2,44,
"1221","MOUNT CAYLEY","2023081608",0,20.5,42,1.2,189,5,,,,,,,,,,,,,626.4,,,,,,,,,,11444.2,346,
"1221","MOUNT CAYLEY","2023081609",0,21.3,34,1.7,194,7.9,,,,,,,,,,,,,626.4,,,,,,,,,,11444.2,509,
"1221","MOUNT CAYLEY","2023081610",0,22.1,35,3.2,251,8.9,,,,,,,,,,,,,626.4,,,,,,,,,,11444.2,651,
"1221","MOUNT CAYLEY","2023081611",0,23,33,3.8,252,10.8,,,,,,,,,,,,,626.4,,,,,,,,,,11444.2,767,
"1221","MOUNT CAYLEY","2023081612",0,24.1,30,3.3,283,11.1,,,,0,,,,,,,,,626.4,,,,,,,,,,11444.2,833,
"1221","MOUNT CAYLEY","2023081613",0,24.7,33,2.6,293,10.8,,,,,,,,,,,,,626.4,,,,,,,,,,11444.2,848,
"1221","MOUNT CAYLEY","2023081614",0,26.1,29,4.2,257,12.9,,,,,,,,,,,,,626.4,,,,,,,,,,11444.2,819,
"1221","MOUNT CAYLEY","2023081615",0,26.4,30,5,243,14.3,,,,,,,,,,,,,626.4,,,,,,,,,,11444.2,732,
"1221","MOUNT CAYLEY","2023081616",0,26.1,32,5,234,13.9,,,,,,,,,,,,,626.4,,,,,,,,,,11444.2,605,
"1221","MOUNT CAYLEY","2023081617",0,26.1,33,3.4,239,14.2,,,,,,,,,,,,,626.4,,,,,,,,,,11444.2,451,
"1221","MOUNT CAYLEY","2023081618",0,24.6,36,4.1,235,10.2,,,,,,,,,,,,,626.4,,,,,,,,,,11444.2,263,
"1221","MOUNT CAYLEY","2023081619",0,23.2,40,0.9,240,8,,,,,,,,,,,,,626.4,,,,,,,,,,11444.2,80,
"1221","MOUNT CAYLEY","2023081620",0,20.4,42,0,92,1.7,,,,,,,,,,,,,626.4,,,,,,,,,,11444.2,8,
"1221","MOUNT CAYLEY","2023081621",0,20.1,44,0.1,79,3.4,,,,,,,,,,,,,626.4,,,,,,,,,,11444.2,0,
"1221","MOUNT CAYLEY","2023081622",0,19.6,47,0.8,115,3.7,,,,,,,,,,,,,626.4,,,,,,,,,,11444.2,0,
"1221","MOUNT CAYLEY","2023081623",0,19,51,0.4,114,3.3,,,,,,,,,,,,,626.4,,,,,,,,,,11444.2,0,
"1239","SASKATCHEWAN CROSSING","2023081600",0,20.7,39,6,266,18.6,,,,,,,,,,,,,,,,,,,,,,,223.3,,
"1239","SASKATCHEWAN CROSSING","2023081601",0,17.6,58,8.1,72,14.4,,,,,,,,,,,,,,,,,,,,,,,223.3,,
"1239","SASKATCHEWAN CROSSING","2023081602",0,14.8,65,1.8,104,9.7,,,,,,,,,,,,,,,,,,,,,,,223.3,,
"1239","SASKATCHEWAN CROSSING","2023081603",0,11.7,76,2.5,163,7.2,,,,,,,,,,,,,,,,,,,,,,,223.3,,
"1239","SASKATCHEWAN CROSSING","2023081604",0,9.6,82,0,345,5.6,,,,,,,,,,,,,,,,,,,,,,,223.3,,
"1239","SASKATCHEWAN CROSSING","2023081605",0,8.8,85,3.1,220,7,,,,,,,,,,,,,,,,,,,,,,,223.3,,
"1239","SASKATCHEWAN CROSSING","2023081606",0,10.5,81,2,240,7,,,,,,,,,,,,,,,,,,,,,,,223.3,,
"1239","SASKATCHEWAN CROSSING","2023081607",0,16.4,55,4.4,87,7.8,,,,,,,,,,,,,,,,,,,,,,,223.3,,
"1239","SASKATCHEWAN CROSSING","2023081608",0,18.5,50,6.7,73,11.6,,,,,,,,,,,,,,,,,,,,,,,223.3,,
"1239","SASKATCHEWAN CROSSING","2023081609",0,21.8,43,1.9,325,11.9,,,,,,,,,,,,,,,,,,,,,,,223.3,,
"1239","SASKATCHEWAN CROSSING","2023081610",0,25.8,26,10.9,264,24.4,,,,,,,,,,,,,,,,,,,,,,,223.3,,
"1239","SASKATCHEWAN CROSSING","2023081611",0,26.1,25,13.9,265,32.1,,,,,,,,,,,,,,,,,,,,,,,223.3,,
"1239","SASKATCHEWAN CROSSING","2023081612",0,27.1,24,12.3,247,42.6,,,,0,,,,,,,,,,,,,,,,,,,223.3,,
"1239","SASKATCHEWAN CROSSING","2023081613",0,27.5,23,14.5,249,35.4,,,,,,,,,,,,,,,,,,,,,,,223.3,,
"1239","SASKATCHEWAN CROSSING","2023081614",0,27.7,24,13.3,260,34.4,,,,,,,,,,,,,,,,,,,,,,,223.3,,
"1239","SASKATCHEWAN CROSSING","2023081615",0,27.8,24,13.3,250,32.7,,,,,,,,,,,,,,,,,,,,,,,223.3,,
"1239","SASKATCHEWAN CROSSING","2023081616",0,27.7,24,11.1,244,33.7,,,,,,,,,,,,,,,,,,,,,,,223.3,,
"1239","SASKATCHEWAN CROSSING","2023081617",0,27.1,26,11.3,253,29,,,,,,,,,,,,,,,,,,,,,,,223.3,,
"1239","SASKATCHEWAN CROSSING","2023081618",0,25.4,29,10.1,252,23.8,,,,,,,,,,,,,,,,,,,,,,,223.3,,
"1239","SASKATCHEWAN CROSSING","2023081619",0,22.4,35,9.2,285,17.1,,,,,,,,,,,,,,,,,,,,,,,223.3,,
"1239","SASKATCHEWAN CROSSING","2023081620",0,18.6,46,6.1,287,22.6,,,,,,,,,,,,,,,,,,,,,,,223.3,,
"1239","SASKATCHEWAN CROSSING","2023081621",0,17.2,50,4.4,218,11,,,,,,,,,,,,,,,,,,,,,,,223.3,,
"1239","SASKATCHEWAN CROSSING","2023081622",0,13.7,61,3.8,206,7.7,,,,,,,,,,,,,,,,,,,,,,,223.3,,
"1239","SASKATCHEWAN CROSSING","2023081623",0,12.9,64,5.5,205,10,,,,,,,,,,,,,,,,,,,,,,,223.3,,
"1240","BOULDER CREEK","2023081600",0,16.1,58,0.2,140,7.5,,,,,,,,,,,,,,,,,,,,,,,804.7,,
"1240","BOULDER CREEK","2023081601",0,16,60,2.3,137,6.9,,,,,,,,,,,,,,,,,,,,,,,804.7,,
"1240","BOULDER CREEK","2023081602",0,14.5,64,1.1,84,6.5,,,,,,,,,,,,,,,,,,,,,,,804.7,,
"1240","BOULDER CREEK","2023081603",0,13.7,69,1.7,79,7.1,,,,,,,,,,,,,,,,,,,,,,,804.7,,
"1240","BOULDER CREEK","2023081604",0,13.1,71,2.4,64,7.5,,,,,,,,,,,,,,,,,,,,,,,804.7,,
"1240","BOULDER CREEK","2023081605",0,12.5,71,2.2,76,7.1,,,,,,,,,,,,,,,,,,,,,,,804.7,,
"1240","BOULDER CREEK","2023081606",0,13,73,2.6,93,6.8,,,,,,,,,,,,,,,,,,,,,,,804.7,,
"1240","BOULDER CREEK","2023081607",0,14.1,73,0.8,83,6.2,,,,,,,,,,,,,,,,,,,,,,,804.7,,
"1240","BOULDER CREEK","2023081608",0,18.7,59,0.5,63,5.6,,,,,,,,,,,,,,,,,,,,,,,804.7,,
"1240","BOULDER CREEK","2023081609",0,23.6,45,0.3,238,5.7,,,,,,,,,,,,,,,,,,,,,,,804.7,,
"1240","BOULDER CREEK","2023081610",0,27.3,28,0.7,229,6.4,,,,,,,,,,,,,,,,,,,,,,,804.7,,
"1240","BOULDER CREEK","2023081611",0,28.1,20,1.6,132,9.1,,,,,,,,,,,,,,,,,,,,,,,804.7,,
"1240","BOULDER CREEK","2023081612",0,29.1,19,2.3,249,12.2,,,,0,,,,,,,,,,,,,,,,,,,804.7,,
"1240","BOULDER CREEK","2023081613",0,30.1,18,2.3,208,11.7,,,,,,,,,,,,,,,,,,,,,,,804.7,,
"1240","BOULDER CREEK","2023081614",0,30.2,20,2.5,298,12.2,,,,,,,,,,,,,,,,,,,,,,,804.7,,
"1240","BOULDER CREEK","2023081615",0,30.4,19,1.4,76,13.5,,,,,,,,,,,,,,,,,,,,,,,804.7,,
"1240","BOULDER CREEK","2023081616",0,29.8,19,2.3,66,13.9,,,,,,,,,,,,,,,,,,,,,,,804.7,,
"1240","BOULDER CREEK","2023081617",0,28.4,21,1.8,19,10.4,,,,,,,,,,,,,,,,,,,,,,,804.7,,
"1240","BOULDER CREEK","2023081618",0,24.9,39,1.4,84,10.4,,,,,,,,,,,,,,,,,,,,,,,804.7,,
"1240","BOULDER CREEK","2023081619",0,21.3,43,1.6,76,5.5,,,,,,,,,,,,,,,,,,,,,,,804.7,,
"1240","BOULDER CREEK","2023081620",0,19.4,49,2.2,63,4.4,,,,,,,,,,,,,,,,,,,,,,,804.7,,
"1240","BOULDER CREEK","2023081621",0,17.8,52,1.2,99,4,,,,,,,,,,,,,,,,,,,,,,,804.7,,
"1240","BOULDER CREEK","2023081622",0,16.1,63,1.3,57,4.6,,,,,,,,,,,,,,,,,,,,,,,804.7,,
"1240","BOULDER CREEK","2023081623",0,14.9,62,0.8,63,5,,,,,,,,,,,,,,,,,,,,,,,804.7,,
"1241","VERMILLION CROSSING","2023081600",0,13.9,65,2.2,218,8,,,,,,,,,,,,,,,,,,,,,,,425.7,,
"1241","VERMILLION CROSSING","2023081601",0,13.9,66,1.2,308,6.8,,,,,,,,,,,,,,,,,,,,,,,425.7,,
"1241","VERMILLION CROSSING","2023081602",0,12.6,70,2.7,320,6.7,,,,,,,,,,,,,,,,,,,,,,,425.7,,
"1241","VERMILLION CROSSING","2023081603",0,12.1,72,1.3,91,8.6,,,,,,,,,,,,,,,,,,,,,,,425.7,,
"1241","VERMILLION CROSSING","2023081604",0,12.3,70,2.2,265,11.6,,,,,,,,,,,,,,,,,,,,,,,425.7,,
"1241","VERMILLION CROSSING","2023081605",0,11.7,75,2.3,240,8.2,,,,,,,,,,,,,,,,,,,,,,,425.7,,
"1241","VERMILLION CROSSING","2023081606",0,12.4,73,1.4,13,6.8,,,,,,,,,,,,,,,,,,,,,,,425.7,,
"1241","VERMILLION CROSSING","2023081607",0,15.6,66,0.9,340,6,,,,,,,,,,,,,,,,,,,,,,,425.7,,
"1241","VERMILLION CROSSING","2023081608",0,20.7,55,0.3,303,5.1,,,,,,,,,,,,,,,,,,,,,,,425.7,,
"1241","VERMILLION CROSSING","2023081609",0,25.6,31,0,260,5.1,,,,,,,,,,,,,,,,,,,,,,,425.7,,
"1241","VERMILLION CROSSING","2023081610",0,28.2,27,1.9,223,8.3,,,,,,,,,,,,,,,,,,,,,,,425.7,,
"1241","VERMILLION CROSSING","2023081611",0,30.3,23,2.1,247,12.1,,,,,,,,,,,,,,,,,,,,,,,425.7,,
"1241","VERMILLION CROSSING","2023081612",0,31.4,22,2.5,247,9.1,,,,0,,,,,,,,,,,,,,,,,,,425.7,,
"1241","VERMILLION CROSSING","2023081613",0,32.1,19,2.5,250,11.3,,,,,,,,,,,,,,,,,,,,,,,425.7,,
"1241","VERMILLION CROSSING","2023081614",0,31.8,20,1.5,251,16.1,,,,,,,,,,,,,,,,,,,,,,,425.7,,
"1241","VERMILLION CROSSING","2023081615",0,31.2,23,1.2,254,13.1,,,,,,,,,,,,,,,,,,,,,,,425.7,,
"1241","VERMILLION CROSSING","2023081616",0,29.2,23,1.8,272,11.9,,,,,,,,,,,,,,,,,,,,,,,425.7,,
"1241","VERMILLION CROSSING","2023081617",0,27.5,28,1.3,269,8.9,,,,,,,,,,,,,,,,,,,,,,,425.7,,
"1241","VERMILLION CROSSING","2023081618",0,25,31,0.2,269,5.5,,,,,,,,,,,,,,,,,,,,,,,425.7,,
"1241","VERMILLION CROSSING","2023081619",0,21.9,40,0.3,208,5.8,,,,,,,,,,,,,,,,,,,,,,,425.7,,
"1241","VERMILLION CROSSING","2023081620",0,18.1,54,0.2,232,3.5,,,,,,,,,,,,,,,,,,,,,,,425.7,,
"1241","VERMILLION CROSSING","2023081621",0,15.2,63,0.1,280,2.7,,,,,,,,,,,,,,,,,,,,,,,425.7,,
"1241","VERMILLION CROSSING","2023081622",0,13.5,70,0.2,346,5.6,,,,,,,,,,,,,,,,,,,,,,,425.7,,
"1241","VERMILLION CROSSING","2023081623",0,11.7,74,0.4,252,3.4,,,,,,,,,,,,,,,,,,,,,,,425.7,,
"1242","MCLEOD MEADOWS","2023081600",0,12.8,76,0.1,328,7.7,,,,,,,,,,,,,,,,,,,,,,,393.7,,
"1242","MCLEOD MEADOWS","2023081601",0,11.7,80,0,355,2.9,,,,,,,,,,,,,,,,,,,,,,,393.7,,
"1242","MCLEOD MEADOWS","2023081602",0,11.3,80,0.2,330,3.4,,,,,,,,,,,,,,,,,,,,,,,393.7,,
"1242","MCLEOD MEADOWS","2023081603",0,10.6,82,0.2,118,4.2,,,,,,,,,,,,,,,,,,,,,,,393.7,,
"1242","MCLEOD MEADOWS","2023081604",0,9.8,86,0,315,2.8,,,,,,,,,,,,,,,,,,,,,,,393.7,,
"1242","MCLEOD MEADOWS","2023081605",0,9.1,88,0.3,129,2.6,,,,,,,,,,,,,,,,,,,,,,,393.7,,
"1242","MCLEOD MEADOWS","2023081606",0,9.8,85,0.3,44,3.9,,,,,,,,,,,,,,,,,,,,,,,393.7,,
"1242","MCLEOD MEADOWS","2023081607",0,13.9,80,0,110,4.6,,,,,,,,,,,,,,,,,,,,,,,393.7,,
"1242","MCLEOD MEADOWS","2023081608",0,18.4,58,0.1,95,3.7,,,,,,,,,,,,,,,,,,,,,,,393.7,,
"1242","MCLEOD MEADOWS","2023081609",0,23.2,50,1.5,356,7.7,,,,,,,,,,,,,,,,,,,,,,,393.7,,
"1242","MCLEOD MEADOWS","2023081610",0,26.7,35,3.1,333,11.8,,,,,,,,,,,,,,,,,,,,,,,393.7,,
"1242","MCLEOD MEADOWS","2023081611",0,28.9,27,2.2,26,13.4,,,,,,,,,,,,,,,,,,,,,,,393.7,,
"1242","MCLEOD MEADOWS","2023081612",0,30.3,24,2.9,356,11.2,,,,0,,,,,,,,,,,,,,,,,,,393.7,,
"1242","MCLEOD MEADOWS","2023081613",0,31.2,22,3.8,59,16.1,,,,,,,,,,,,,,,,,,,,,,,393.7,,
"1242","MCLEOD MEADOWS","2023081614",0,31.2,23,1,7,13.8,,,,,,,,,,,,,,,,,,,,,,,393.7,,
"1242","MCLEOD MEADOWS","2023081615",0,31,20,1.9,354,10.4,,,,,,,,,,,,,,,,,,,,,,,393.7,,
"1242","MCLEOD MEADOWS","2023081616",0,30.1,23,2.1,338,9.1,,,,,,,,,,,,,,,,,,,,,,,393.7,,
"1242","MCLEOD MEADOWS","2023081617",0,28,40,0.8,336,6.2,,,,,,,,,,,,,,,,,,,,,,,393.7,,
"1242","MCLEOD MEADOWS","2023081618",0,23.3,49,0.4,317,4.2,,,,,,,,,,,,,,,,,,,,,,,393.7,,
"1242","MCLEOD MEADOWS","2023081619",0,19.7,57,0.2,297,2.6,,,,,,,,,,,,,,,,,,,,,,,393.7,,
"1242","MCLEOD MEADOWS","2023081620",0,16.9,65,0,330,2.2,,,,,,,,,,,,,,,,,,,,,,,393.7,,
"1242","MCLEOD MEADOWS","2023081621",0,15,70,0.1,319,3,,,,,,,,,,,,,,,,,,,,,,,393.7,,
"1242","MCLEOD MEADOWS","2023081622",0,13.5,74,0,331,2.9,,,,,,,,,,,,,,,,,,,,,,,393.7,,
"1242","MCLEOD MEADOWS","2023081623",0,12.3,79,0,325,2.7,,,,,,,,,,,,,,,,,,,,,,,393.7,,
"1260","REDSTREAK","2023081600",0,22.7,35,0.8,71,5.2,,,,,,,,,,,,,,,,,,,,,,,1624.33,,
"1260","REDSTREAK","2023081601",0,22.2,35,1,350,5.7,,,,,,,,,,,,,,,,,,,,,,,1624.33,,
"1260","REDSTREAK","2023081602",0,21.6,39,1,351,7.3,,,,,,,,,,,,,,,,,,,,,,,1624.33,,
"1260","REDSTREAK","2023081603",0,19.3,43,0.8,62,7.9,,,,,,,,,,,,,,,,,,,,,,,1624.33,,
"1260","REDSTREAK","2023081604",0,19.6,44,0.9,74,7.1,,,,,,,,,,,,,,,,,,,,,,,1624.33,,
"1260","REDSTREAK","2023081605",0,17.2,50,2.9,78,5.7,,,,,,,,,,,,,,,,,,,,,,,1624.33,,
"1260","REDSTREAK","2023081606",0,17.9,48,0.6,16,5.4,,,,,,,,,,,,,,,,,,,,,,,1624.33,,
"1260","REDSTREAK","2023081607",0,18.6,49,4.4,326,9.6,,,,,,,,,,,,,,,,,,,,,,,1624.33,,
"1260","REDSTREAK","2023081608",0,18.9,52,0.7,318,10.7,,,,,,,,,,,,,,,,,,,,,,,1624.33,,
"1260","REDSTREAK","2023081609",0,21.2,47,1,312,5.4,,,,,,,,,,,,,,,,,,,,,,,1624.33,,
"1260","REDSTREAK","2023081610",0,23.6,41,4.3,294,10,,,,,,,,,,,,,,,,,,,,,,,1624.33,,
"1260","REDSTREAK","2023081611",0,25.9,34,6.3,314,13.5,,,,,,,,,,,,,,,,,,,,,,,1624.33,,
"1260","REDSTREAK","2023081612",0,27.7,32,3.6,296,16.9,,,,0,,,,,,,,,,,,,,,,,,,1624.33,,
"1260","REDSTREAK","2023081613",0,30.1,25,6.4,318,21.4,,,,,,,,,,,,,,,,,,,,,,,1624.33,,
"1260","REDSTREAK","2023081614",0,31.9,21,6.5,320,22.3,,,,,,,,,,,,,,,,,,,,,,,1624.33,,
"1260","REDSTREAK","2023081615",0,32.1,19,8.3,312,21.7,,,,,,,,,,,,,,,,,,,,,,,1624.33,,
"1260","REDSTREAK","2023081616",0,32.3,20,7,317,18.1,,,,,,,,,,,,,,,,,,,,,,,1624.33,,
"1260","REDSTREAK","2023081617",0,31.8,20,7.2,325,17.4,,,,,,,,,,,,,,,,,,,,,,,1624.33,,
"1260","REDSTREAK","2023081618",0,31.3,20,5.8,321,21,,,,,,,,,,,,,,,,,,,,,,,1624.33,,
"1260","REDSTREAK","2023081619",0,29.4,23,5.2,357,18.7,,,,,,,,,,,,,,,,,,,,,,,1624.33,,
"1260","REDSTREAK","2023081620",0,28.1,25,5.5,1,14,,,,,,,,,,,,,,,,,,,,,,,1624.33,,
"1260","REDSTREAK","2023081621",0,25.9,29,3.6,14,9.7,,,,,,,,,,,,,,,,,,,,,,,1624.33,,
"1260","REDSTREAK","2023081622",0,24.8,31,2.6,19,8.4,,,,,,,,,,,,,,,,,,,,,,,1624.33,,
"1260","REDSTREAK","2023081623",0,23.6,33,1.6,6,7.6,,,,,,,,,,,,,,,,,,,,,,,1624.33,,
"1264","LOWER BEAVER","2023081600",0,16.7,67,2.3,164,9.3,90.594,5.241,20.218,,,,,,,,,,,,,,,,,,,,144.78,,
"1264","LOWER BEAVER","2023081601",0,16.5,71,1.5,227,12.1,89.995,4.62,18.443,,,,,,,,,,,,,,,,,,,,144.78,,
"1264","LOWER BEAVER","2023081602",0,15.5,72,4.4,339,15.9,89.366,4.887,19.216,,,,,,,,,,,,,,,,,,,,144.78,,
"1264","LOWER BEAVER","2023081603",0,14.8,74,1.9,48,10.4,88.819,3.983,16.516,,,,,,,,,,,,,,,,,,,,144.78,,
"1264","LOWER BEAVER","2023081604",0,15.2,71,4.9,293,13.2,88.352,4.332,17.586,,,,,,,,,,,,,,,,,,,,144.78,,
"1264","LOWER BEAVER","2023081605",0,14.8,67,6.1,59,13.2,88.024,4.391,17.762,,,,,,,,,,,,,,,,,,,,144.78,,
"1264","LOWER BEAVER","2023081606",0,14.2,76,1.5,67,10.9,87.583,3.27,14.209,,,,,,,,,,,,,,,,,,,,144.78,,
"1264","LOWER BEAVER","2023081607",0,14.6,77,2.9,96,7.7,87.133,3.29,14.277,,,,,,,,,,,,,,,,,,,,144.78,,
"1264","LOWER BEAVER","2023081608",0,17.6,67,3.2,176,6.8,86.999,3.277,14.235,,,,,,,,,,,,,,,,,,,,144.78,,
"1264","LOWER BEAVER","2023081609",0,21.5,54,1.8,93,10,87.047,3.075,13.547,,,,,,,,,,,,,,,,,,,,144.78,,
"1264","LOWER BEAVER","2023081610",0,26.3,42,0.1,261,4.5,87.407,2.971,13.187,,,,,,,,,,,,,,,,,,,,144.78,,
"1264","LOWER BEAVER","2023081611",0,30,27,0.9,321,3.5,88.397,3.565,15.185,,,,,,,,,,,,,,,,,,,,144.78,,
"1264","LOWER BEAVER","2023081612",0,31.8,20,1.7,286,8.7,89.682,4.463,17.977,0,95.277,9.796,32.139,73.121,511.374,107.731,5,,,,,,,,,,,,144.78,,
"1264","LOWER BEAVER","2023081613",0,32.8,17,1.5,69,8.4,90.933,5.283,20.958,,,,,,,,,,,,,,,,,,,,144.78,,
"1264","LOWER BEAVER","2023081614",0,33.6,19,1.5,357,12.3,91.913,6.073,23.144,,,,,,,,,,,,,,,,,,,,144.78,,
"1264","LOWER BEAVER","2023081615",0,32.9,18,3.8,258,10.9,92.785,7.711,27.329,,,,,,,,,,,,,,,,,,,,144.78,,
"1264","LOWER BEAVER","2023081616",0,32.1,20,1.9,260,14.9,93.308,7.539,26.91,,,,,,,,,,,,,,,,,,,,144.78,,
"1264","LOWER BEAVER","2023081617",0,30,30,2.4,304,11.3,93.358,7.786,27.512,,,,,,,,,,,,,,,,,,,,144.78,,
"1264","LOWER BEAVER","2023081618",0,24.1,55,1.6,228,10.2,92.829,6.944,25.423,,,,,,,,,,,,,,,,,,,,144.78,,
"1264","LOWER BEAVER","2023081619",0,21.1,54,1.9,147,6.2,92.375,6.614,24.575,,,,,,,,,,,,,,,,,,,,144.78,,
"1264","LOWER BEAVER","2023081620",0,18.9,60,2.9,166,6.7,91.796,6.409,24.039,,,,,,,,,,,,,,,,,,,,144.78,,
"1264","LOWER BEAVER","2023081621",0,17,72,0.1,124,4.5,91.134,5.067,20.337,,,,,,,,,,,,,,,,,,,,144.78,,
"1264","LOWER BEAVER","2023081622",0,15.4,81,0.1,236,6.2,90.307,4.503,18.662,,,,,,,,,,,,,,,,,,,,144.78,,
"1264","LOWER BEAVER","2023081623",0,15,77,2.1,80,7.7,89.562,4.476,18.581,,,,,,,,,,,,,,,,,,,,144.78,,
"1265","UPPER BEAVER","2023081600",0,21.4,33,6.9,9,14.5,92.915,9.18,25.576,,,,,,,,,,,,,,,,,,,,131.06,,
"1265","UPPER BEAVER","2023081601",0,21.2,34,5.6,10,14.3,92.867,8.54,24.319,,,,,,,,,,,,,,,,,,,,131.06,,
"1265","UPPER BEAVER","2023081602",0,21.2,32,5.3,22,16.8,92.866,8.411,24.06,,,,,,,,,,,,,,,,,,,,131.06,,
"1265","UPPER BEAVER","2023081603",0,20.5,33,12.7,158,29.6,92.817,12.128,30.935,,,,,,,,,,,,,,,,,,,,131.06,,
"1265","UPPER BEAVER","2023081604",0,20.1,35,15.6,187,28.4,92.71,13.827,33.768,,,,,,,,,,,,,,,,,,,,131.06,,
"1265","UPPER BEAVER","2023081605",0,19.6,35,13.8,187,35.3,92.613,12.457,31.497,,,,,,,,,,,,,,,,,,,,131.06,,
"1265","UPPER BEAVER","2023081606",0,18.7,37,7,326,17.4,92.493,8.695,24.627,,,,,,,,,,,,,,,,,,,,131.06,,
"1265","UPPER BEAVER","2023081607",0,19,36,11.4,304,21.7,92.395,10.705,28.428,,,,,,,,,,,,,,,,,,,,131.06,,
"1265","UPPER BEAVER","2023081608",0,20,34,10.3,220,26,92.373,10.096,27.311,,,,,,,,,,,,,,,,,,,,131.06,,
"1265","UPPER BEAVER","2023081609",0,20.9,31,14.1,259,31.1,92.423,12.314,31.253,,,,,,,,,,,,,,,,,,,,131.06,,
"1265","UPPER BEAVER","2023081610",0,23,29,10.8,248,28.2,92.473,10.501,28.057,,,,,,,,,,,,,,,,,,,,131.06,,
"1265","UPPER BEAVER","2023081611",0,23.8,28,15.1,234,29.6,92.523,13.134,32.632,,,,,,,,,,,,,,,,,,,,131.06,,
"1265","UPPER BEAVER","2023081612",0,24.8,25,18.8,232,31.8,92.662,16.139,37.385,0,93.157,17.299,40.365,51.939,413.475,79.053,5,,,,,,,,,,,,131.06,,
"1265","UPPER BEAVER","2023081613",0,26.6,23,13.7,255,30.5,92.924,12.949,33.388,,,,,,,,,,,,,,,,,,,,131.06,,
"1265","UPPER BEAVER","2023081614",0,26.8,23,17.9,217,32.3,93.15,16.514,39.17,,,,,,,,,,,,,,,,,,,,131.06,,
"1265","UPPER BEAVER","2023081615",0,27.3,24,16.7,210,34.6,93.298,15.87,38.17,,,,,,,,,,,,,,,,,,,,131.06,,
"1265","UPPER BEAVER","2023081616",0,27,24,15.4,215,30.3,93.402,15.081,36.921,,,,,,,,,,,,,,,,,,,,131.06,,
"1265","UPPER BEAVER","2023081617",0,26,26,13.2,216,33.1,93.452,13.594,34.483,,,,,,,,,,,,,,,,,,,,131.06,,
"1265","UPPER BEAVER","2023081618",0,24.1,30,9.2,271,23.5,93.476,11.149,30.204,,,,,,,,,,,,,,,,,,,,131.06,,
"1265","UPPER BEAVER","2023081619",0,21.7,33,10.8,296,26,93.378,11.921,31.596,,,,,,,,,,,,,,,,,,,,131.06,,
"1265","UPPER BEAVER","2023081620",0,20.8,34,3.7,213,17.5,93.288,8.232,24.522,,,,,,,,,,,,,,,,,,,,131.06,,
"1265","UPPER BEAVER","2023081621",0,20.1,36,4,116,14.9,93.156,8.204,24.464,,,,,,,,,,,,,,,,,,,,131.06,,
"1265","UPPER BEAVER","2023081622",0,20.1,36,6.3,21,12,93.021,9.04,26.172,,,,,,,,,,,,,,,,,,,,131.06,,
"1265","UPPER BEAVER","2023081623",0,19.1,39,1.9,261,10.1,92.866,7.087,22.064,,,,,,,,,,,,,,,,,,,,131.06,,
"1268","VALEMOUNT AIRPORT","2023081600",,,,,,,,,,,,,,,,,,,,,,,,,,,,,,,
"1268","VALEMOUNT AIRPORT","2023081601",0,11.1,91,4.1,167,10.8,89.194,4.696,16.164,,,,,,,,,,,,,,,,,,,,,,
"1268","VALEMOUNT AIRPORT","2023081602",0,9.3,95,4.1,254,9.1,87.802,3.846,13.871,,,,,,,,,,,,,,,,,,,,,,
"1268","VALEMOUNT AIRPORT","2023081603",0,8.4,100,1.9,219,7.9,86.306,2.782,10.707,,,,,,,,,,,,,,,,,,,,,,
"1268","VALEMOUNT AIRPORT","2023081604",0,7.7,100,3.4,161,7.4,84.914,2.472,9.703,,,,,,,,,,,,,,,,,,,,,,
"1268","VALEMOUNT AIRPORT","2023081605",0,6.9,100,2.1,79,6.8,83.758,1.981,8.016,,,,,,,,,,,,,,,,,,,,,,
"1268","VALEMOUNT AIRPORT","2023081606",0,7.7,100,1.9,111,6.2,82.708,1.712,7.031,,,,,,,,,,,,,,,,,,,,,,
"1268","VALEMOUNT AIRPORT","2023081607",0,15.3,72,1.9,157,7.4,82.757,1.723,7.071,,,,,,,,,,,,,,,,,,,,,,
"1268","VALEMOUNT AIRPORT","2023081608",0,20.4,45,5.4,329,10.2,83.473,2.253,8.969,,,,,,,,,,,,,,,,,,,,,,
"1268","VALEMOUNT AIRPORT","2023081609",0,21.9,40,6.9,341,15.4,84.34,2.727,10.532,,,,,,,,,,,,,,,,,,,,,,
"1268","VALEMOUNT AIRPORT","2023081610",0,23.4,34,9.4,340,16.6,85.412,3.582,13.122,,,,,,,,,,,,,,,,,,,,,,
"1268","VALEMOUNT AIRPORT","2023081611",0,25.6,31,7.1,357,13.1,86.516,3.724,13.529,,,,,,,,,,,,,,,,,,,,,,
"1268","VALEMOUNT AIRPORT","2023081612",0,27.1,28,6.7,263,16,87.644,4.286,15.081,0,92.459,8.524,25.83,51.312,559.115,83.472,4,,,,,,,,,,,,,,
"1268","VALEMOUNT AIRPORT","2023081613",0,28.7,27,8.3,312,15.4,88.755,5.448,18.779,,,,,,,,,,,,,,,,,,,,,,
"1268","VALEMOUNT AIRPORT","2023081614",0,29.9,25,11.2,270,20.6,89.875,7.405,23.412,,,,,,,,,,,,,,,,,,,,,,
"1268","VALEMOUNT AIRPORT","2023081615",0,30.3,26,9.9,298,19.5,90.724,7.83,24.349,,,,,,,,,,,,,,,,,,,,,,
"1268","VALEMOUNT AIRPORT","2023081616",0,30.6,25,8,305,16.6,91.44,7.879,24.454,,,,,,,,,,,,,,,,,,,,,,
"1268","VALEMOUNT AIRPORT","2023081617",0,30.6,26,10,298,17.2,91.98,9.408,27.649,,,,,,,,,,,,,,,,,,,,,,
"1268","VALEMOUNT AIRPORT","2023081618",0,29.6,27,7.1,312,17.7,92.298,8.503,25.787,,,,,,,,,,,,,,,,,,,,,,
"1268","VALEMOUNT AIRPORT","2023081619",0,23.9,41,5.9,276,10.2,92.201,7.894,24.487,,,,,,,,,,,,,,,,,,,,,,
"1268","VALEMOUNT AIRPORT","2023081620",0,20,53,1.7,274,12.5,91.843,6.074,20.326,,,,,,,,,,,,,,,,,,,,,,
"1268","VALEMOUNT AIRPORT","2023081621",0,16.4,65,3.7,168,7.4,91.187,6.121,20.439,,,,,,,,,,,,,,,,,,,,,,
"1268","VALEMOUNT AIRPORT","2023081622",0,13.8,77,3.7,217,6.2,90.3,5.392,18.638,,,,,,,,,,,,,,,,,,,,,,
"1268","VALEMOUNT AIRPORT","2023081623",0,13.6,76,4.5,111,10.2,89.53,5.028,17.701,,,,,,,,,,,,,,,,,,,,,,
"1270","OLD FADDY","2023081600",0,11.4,72,6,172,14.3,44.425,0.102,0.073,,,,,,,,,,,,,,,,,,,,2162.2,,
"1270","OLD FADDY","2023081601",0,11.2,71,6.3,170,14.2,46.378,0.139,0.1,,,,,,,,,,,,,,,,,,,,2162.2,,
"1270","OLD FADDY","2023081602",0,9.7,74,5.8,167,13.8,48.001,0.17,0.122,,,,,,,,,,,,,,,,,,,,2162.2,,
"1270","OLD FADDY","2023081603",0,7.8,81,6.5,154,14.2,49.198,0.206,0.148,,,,,,,,,,,,,,,,,,,,2162.2,,
"1270","OLD FADDY","2023081604",0,10.5,71,3.8,206,13.7,50.762,0.218,0.157,,,,,,,,,,,,,,,,,,,,2162.2,,
"1270","OLD FADDY","2023081605",0,11.1,71,6.7,152,15.6,52.506,0.306,0.22,,,,,,,,,,,,,,,,,,,,2162.2,,
"1270","OLD FADDY","2023081606",0,10.4,76,6.7,146,11.2,53.931,0.354,0.255,,,,,,,,,,,,,,,,,,,,2162.2,,
"1270","OLD FADDY","2023081607",0,11,74,7.5,141,15.3,55.46,0.424,0.305,,,,,,,,,,,,,,,,,,,,2162.2,,
"1270","OLD FADDY","2023081608",0,12,71,8.2,147,18.2,57.142,0.506,0.364,,,,,,,,,,,,,,,,,,,,2162.2,,
"1270","OLD FADDY","2023081609",0,15.2,61,11.5,151,22.5,59.542,0.71,0.511,,,,,,,,,,,,,,,,,,,,2162.2,,
"1270","OLD FADDY","2023081610",0,14.2,65,14.7,152,28.5,61.666,0.946,0.681,,,,,,,,,,,,,,,,,,,,2162.2,,
"1270","OLD FADDY","2023081611",0,15,64,12.9,155,26.2,63.677,0.955,0.687,,,,,,,,,,,,,,,,,,,,2162.2,,
"1270","OLD FADDY","2023081612",0,18.5,53,10.3,167,19.2,66.142,0.926,0.666,2,70.111,1.055,0.786,7.574,424.011,14.501,1,,,,,,,,,,,,2162.2,,
"1270","OLD FADDY","2023081613",0,16.7,60,8.6,175,23.8,67.916,0.903,0.672,,,,,,,,,,,,,,,,,,,,2162.2,,
"1270","OLD FADDY","2023081614",0,18.7,38,16,232,45.8,70.781,1.437,1.32,,,,,,,,,,,,,,,,,,,,2162.2,,
"1270","OLD FADDY","2023081615",0,19.2,34,17,231,41,73.554,1.679,1.824,,,,,,,,,,,,,,,,,,,,2162.2,,
"1270","OLD FADDY","2023081616",0,19.7,32,14.4,239,37.5,76.026,1.682,1.83,,,,,,,,,,,,,,,,,,,,2162.2,,
"1270","OLD FADDY","2023081617",0,18.3,34,18.7,249,41.6,78.088,2.435,3.105,,,,,,,,,,,,,,,,,,,,2162.2,,
"1270","OLD FADDY","2023081618",0,19.5,32,12.5,236,40.1,79.903,2.114,2.587,,,,,,,,,,,,,,,,,,,,2162.2,,
"1270","OLD FADDY","2023081619",0,17.9,36,14.2,232,30.8,81.268,2.674,3.473,,,,,,,,,,,,,,,,,,,,2162.2,,
"1270","OLD FADDY","2023081620",0,15.7,39,10.6,234,29.3,82.191,2.489,3.19,,,,,,,,,,,,,,,,,,,,2162.2,,
"1270","OLD FADDY","2023081621",0,12.5,49,4.6,244,19.4,82.597,1.935,2.284,,,,,,,,,,,,,,,,,,,,2162.2,,
"1270","OLD FADDY","2023081622",0,12.9,46,12.6,184,23.3,83.112,3.091,4.092,,,,,,,,,,,,,,,,,,,,2162.2,,
"1270","OLD FADDY","2023081623",0,11.7,48,9.3,198,23.7,83.474,2.743,3.579,,,,,,,,,,,,,,,,,,,,2162.2,,
"1275","APE LAKE","2023081600",0,12.9,72,0.8,43,9.6,,,,,,,,,,,,,390.2,,,,,,,,,,12506.8,0,
"1275","APE LAKE","2023081601",0,11.1,82,1.4,210,15.2,,,,,,,,,,,,,585,,,,,,,,,,12506.8,0,
"1275","APE LAKE","2023081602",0,11.5,70,2.6,359,6.1,,,,,,,,,,,,,585,,,,,,,,,,12506.8,0,
"1275","APE LAKE","2023081603",0,11.1,65,2.1,359,5.8,,,,,,,,,,,,,487.2,,,,,,,,,,12506.8,0,
"1275","APE LAKE","2023081604",0,11.4,56,1.6,354,9.6,,,,,,,,,,,,,196.7,,,,,,,,,,12506.8,0,
"1275","APE LAKE","2023081605",0,12.9,48,0,64,7.9,,,,,,,,,,,,,194.3,,,,,,,,,,12506.8,0,
"1275","APE LAKE","2023081606",0,12.6,47,0.8,355,7.5,,,,,,,,,,,,,292.8,,,,,,,,,,12506.8,7,
"1275","APE LAKE","2023081607",0,12.2,52,3.1,346,5.9,,,,,,,,,,,,,389.8,,,,,,,,,,12506.8,17,
"1275","APE LAKE","2023081608",0,14.4,51,0.5,30,4.7,,,,,,,,,,,,,390.1,,,,,,,,,,12506.8,110,
"1275","APE LAKE","2023081609",0,17.8,42,0.6,189,5.8,,,,,,,,,,,,,194.2,,,,,,,,,,12506.8,457,
"1275","APE LAKE","2023081610",0,19.5,40,3.3,158,8.9,,,,,,,,,,,,,96.6,,,,,,,,,,12506.8,589,
"1275","APE LAKE","2023081611",0,19.2,34,14.5,321,17.9,,,,,,,,,,,,,97.6,,,,,,,,,,12506.8,693,
"1275","APE LAKE","2023081612",0,20.3,34,12.5,341,20.7,,,,0,,,,,,,,,292.6,,,,,,,,,,12506.8,760,
"1275","APE LAKE","2023081613",0,22.6,37,5.1,180,16.9,,,,,,,,,,,,,390.3,,,,,,,,,,12506.8,782,
"1275","APE LAKE","2023081614",0,21.3,38,15,325,19.7,,,,,,,,,,,,,292.5,,,,,,,,,,12506.8,764,
"1275","APE LAKE","2023081615",0,21.3,38,13.9,327,19,,,,,,,,,,,,,487.7,,,,,,,,,,12506.8,692,
"1275","APE LAKE","2023081616",0,23,36,4.5,296,16.4,,,,,,,,,,,,,487.5,,,,,,,,,,12506.8,585,
"1275","APE LAKE","2023081617",0,21.8,36,5.3,307,12.7,,,,,,,,,,,,,-0.4,,,,,,,,,,12506.8,450,
"1275","APE LAKE","2023081618",0,21.1,39,1.3,217,10.5,,,,,,,,,,,,,-1.3,,,,,,,,,,12506.8,298,
"1275","APE LAKE","2023081619",0,16.6,51,4.5,336,8.4,,,,,,,,,,,,,-1.6,,,,,,,,,,12506.8,96,
"1275","APE LAKE","2023081620",0,16.6,51,0.7,86,7.7,,,,,,,,,,,,,292.5,,,,,,,,,,12506.8,8,
"1275","APE LAKE","2023081621",0,14.8,58,1.2,10,5.8,,,,,,,,,,,,,193.9,,,,,,,,,,12506.8,0,
"1275","APE LAKE","2023081622",0,14,62,3.3,7,8.7,,,,,,,,,,,,,389.1,,,,,,,,,,12506.8,0,
"1275","APE LAKE","2023081623",0,14.5,55,1.8,353,10.1,,,,,,,,,,,,,388.6,,,,,,,,,,12506.8,0,
"1276","MACHMELL KLINIKLINI","2023081600",0,13.8,72,2.1,47,8,,,,,,,,,,,,,-0.5,,,,,,,,,,608.2,0,
"1276","MACHMELL KLINIKLINI","2023081601",0,13.3,62,1.1,40,7,,,,,,,,,,,,,-1.5,,,,,,,,,,608.2,0,
"1276","MACHMELL KLINIKLINI","2023081602",0,14.4,59,6.3,17,10.1,,,,,,,,,,,,,-0.6,,,,,,,,,,608.2,0,
"1276","MACHMELL KLINIKLINI","2023081603",0,14.5,60,4.7,21,9,,,,,,,,,,,,,-0.9,,,,,,,,,,608.2,0,
"1276","MACHMELL KLINIKLINI","2023081604",0,14.7,52,4.4,31,9.2,,,,,,,,,,,,,-1.4,,,,,,,,,,608.2,0,
"1276","MACHMELL KLINIKLINI","2023081605",0,15.2,47,6.2,18,10,,,,,,,,,,,,,-1.1,,,,,,,,,,608.2,1,
"1276","MACHMELL KLINIKLINI","2023081606",0,15.3,47,2.1,54,10,,,,,,,,,,,,,-1.7,,,,,,,,,,608.2,9,
"1276","MACHMELL KLINIKLINI","2023081607",0,14.9,47,4,51,7.5,,,,,,,,,,,,,-1.5,,,,,,,,,,608.2,19,
"1276","MACHMELL KLINIKLINI","2023081608",0,17.9,39,0.3,21,7,,,,,,,,,,,,,-1,,,,,,,,,,608.2,304,
"1276","MACHMELL KLINIKLINI","2023081609",0,18.7,41,1.3,215,6,,,,,,,,,,,,,-1,,,,,,,,,,608.2,490,
"1276","MACHMELL KLINIKLINI","2023081610",0,19.4,42,2.3,218,8,,,,,,,,,,,,,-1.3,,,,,,,,,,608.2,636,
"1276","MACHMELL KLINIKLINI","2023081611",0,20.5,41,1.8,243,9,,,,,,,,,,,,,-1.1,,,,,,,,,,608.2,745,
"1276","MACHMELL KLINIKLINI","2023081612",0,21.3,38,4.1,204,13.4,,,,0,,,,,,,,,-0.5,,,,,,,,,,608.2,809,
"1276","MACHMELL KLINIKLINI","2023081613",0,22.6,35,3.5,226,12.4,,,,,,,,,,,,,-0.6,,,,,,,,,,608.2,827,
"1276","MACHMELL KLINIKLINI","2023081614",0,23.4,36,5.2,221,13.8,,,,,,,,,,,,,-0.8,,,,,,,,,,608.2,795,
"1276","MACHMELL KLINIKLINI","2023081615",0,23.7,36,4.4,199,19.4,,,,,,,,,,,,,-0.3,,,,,,,,,,608.2,719,
"1276","MACHMELL KLINIKLINI","2023081616",0,22.9,37,5.9,219,19.1,,,,,,,,,,,,,0.2,,,,,,,,,,608.2,608,
"1276","MACHMELL KLINIKLINI","2023081617",0,22.5,37,4.2,210,12.4,,,,,,,,,,,,,-0.4,,,,,,,,,,608.2,465,
"1276","MACHMELL KLINIKLINI","2023081618",0,21.2,41,1.5,211,11.4,,,,,,,,,,,,,-0.9,,,,,,,,,,608.2,305,
"1276","MACHMELL KLINIKLINI","2023081619",0,18.5,47,2.9,285,8.8,,,,,,,,,,,,,-1.6,,,,,,,,,,608.2,128,
"1276","MACHMELL KLINIKLINI","2023081620",0,16.8,53,0.2,350,8.2,,,,,,,,,,,,,-0.6,,,,,,,,,,608.2,11,
"1276","MACHMELL KLINIKLINI","2023081621",0,16.3,53,0.6,307,4.6,,,,,,,,,,,,,-0.6,,,,,,,,,,608.2,1,
"1276","MACHMELL KLINIKLINI","2023081622",0,15.3,58,0.1,3,4.8,,,,,,,,,,,,,-0.6,,,,,,,,,,608.2,0,
"1276","MACHMELL KLINIKLINI","2023081623",0,14.7,59,0,196,3,,,,,,,,,,,,,-0.7,,,,,,,,,,608.2,0,
"1277","WEST KELOWNA","2023081600",0,29,28,3.3,226,16.2,95.807,11.412,43.294,,,,,,,,,,,,,,,,,,,,2197.6,,
"1277","WEST KELOWNA","2023081601",0,28.7,29,8,215,16.7,95.648,14.153,49.615,,,,,,,,,,,,,,,,,,,,2197.6,,
"1277","WEST KELOWNA","2023081602",0,27,34,4.1,51,23,95.378,11.208,42.796,,,,,,,,,,,,,,,,,,,,2197.6,,
"1277","WEST KELOWNA","2023081603",0,25.5,36,5.5,297,11.3,95.05,11.5,43.508,,,,,,,,,,,,,,,,,,,,2197.6,,
"1277","WEST KELOWNA","2023081604",0,25.6,32,0,145,8.6,94.969,8.62,36.098,,,,,,,,,,,,,,,,,,,,2197.6,,
"1277","WEST KELOWNA","2023081605",0,25.2,28,7.5,278,15.1,94.889,12.442,45.744,,,,,,,,,,,,,,,,,,,,2197.6,,
"1277","WEST KELOWNA","2023081606",0,25.8,26,10.4,258,19.8,94.872,14.367,50.083,,,,,,,,,,,,,,,,,,,,2197.6,,
"1277","WEST KELOWNA","2023081607",0,26.1,23,8.2,258,25.1,94.923,12.949,46.915,,,,,,,,,,,,,,,,,,,,2197.6,,
"1277","WEST KELOWNA","2023081608",0,28.1,21,3.5,265,15.7,94.974,10.29,40.509,,,,,,,,,,,,,,,,,,,,2197.6,,
"1277","WEST KELOWNA","2023081609",0,27.7,23,7.7,335,13.5,95.025,12.805,46.583,,,,,,,,,,,,,,,,,,,,2197.6,,
"1277","WEST KELOWNA","2023081610",0,29.6,21,5.3,70,16.7,95.076,11.426,43.327,,,,,,,,,,,,,,,,,,,,2197.6,,
"1277","WEST KELOWNA","2023081611",0,29.1,20,8.6,360,16.8,95.127,13.587,48.36,,,,,,,,,,,,,,,,,,,,2197.6,,
"1277","WEST KELOWNA","2023081612",0,29.9,19,8.2,339,15.8,95.186,13.424,47.993,0,95.104,13.275,47.685,196.865,1214.414,280.181,5,,,,,,,,,,,,2197.6,,
"1277","WEST KELOWNA","2023081613",0,31,19,8.1,357,14.9,95.271,13.513,48.224,,,,,,,,,,,,,,,,,,,,2197.6,,
"1277","WEST KELOWNA","2023081614",0,31.4,20,4.8,357,18.5,95.322,11.522,43.588,,,,,,,,,,,,,,,,,,,,2197.6,,
"1277","WEST KELOWNA","2023081615",0,31.7,20,6.5,324,12.7,95.373,12.641,46.233,,,,,,,,,,,,,,,,,,,,2197.6,,
"1277","WEST KELOWNA","2023081616",0,32.1,18,6.9,312,13.7,95.508,13.137,47.372,,,,,,,,,,,,,,,,,,,,2197.6,,
"1277","WEST KELOWNA","2023081617",0,31.2,19,7.7,288,13.9,95.559,13.773,48.805,,,,,,,,,,,,,,,,,,,,2197.6,,
"1277","WEST KELOWNA","2023081618",0,30.4,19,7.6,269,13.3,95.61,13.8,48.864,,,,,,,,,,,,,,,,,,,,2197.6,,
"1277","WEST KELOWNA","2023081619",0,28.7,21,6.2,280,13.8,95.661,12.949,46.944,,,,,,,,,,,,,,,,,,,,2197.6,,
"1277","WEST KELOWNA","2023081620",0,27.7,23,4.1,155,13.4,95.674,11.67,43.943,,,,,,,,,,,,,,,,,,,,2197.6,,
"1277","WEST KELOWNA","2023081621",0,27.1,25,1.6,298,7.9,95.648,10.251,40.436,,,,,,,,,,,,,,,,,,,,2197.6,,
"1277","WEST KELOWNA","2023081622",0,26.1,27,0.4,126,5.7,95.592,9.577,38.692,,,,,,,,,,,,,,,,,,,,2197.6,,
"1277","WEST KELOWNA","2023081623",0,24.9,30,4.8,278,7.3,95.406,11.655,43.908,,,,,,,,,,,,,,,,,,,,2197.6,,
"1283","CHEAKAMUS","2023081600",0,15.1,92,3.1,65,5,88.042,3.785,14.411,,,,,,,,,,,,,,,,,,,,4773,,
"1283","CHEAKAMUS","2023081601",0,14.5,93,3.5,54,4.8,86.81,3.239,12.76,,,,,,,,,,,,,,,,,,,,4773,,
"1283","CHEAKAMUS","2023081602",0,13.9,96,2.4,64,4.7,85.572,2.574,10.598,,,,,,,,,,,,,,,,,,,,4773,,
"1283","CHEAKAMUS","2023081603",0,13.3,96,3.3,67,5,84.465,2.313,9.694,,,,,,,,,,,,,,,,,,,,4773,,
"1283","CHEAKAMUS","2023081604",0,13.2,94,2.9,68,6.9,83.659,2.036,8.692,,,,,,,,,,,,,,,,,,,,4773,,
"1283","CHEAKAMUS","2023081605",0,12.6,97,3.1,77,6.2,82.725,1.823,7.89,,,,,,,,,,,,,,,,,,,,4773,,
"1283","CHEAKAMUS","2023081606",0,13.1,96,4.5,53,6.2,81.943,1.776,7.71,,,,,,,,,,,,,,,,,,,,4773,,
"1283","CHEAKAMUS","2023081607",0,19.1,79,2.3,5,6.6,81.99,1.599,7.01,,,,,,,,,,,,,,,,,,,,4773,,
"1283","CHEAKAMUS","2023081608",0,24.1,54,8.2,39,17.3,82.765,2.369,9.891,,,,,,,,,,,,,,,,,,,,4773,,
"1283","CHEAKAMUS","2023081609",0,26.6,42,8,40,18.2,83.959,2.739,11.152,,,,,,,,,,,,,,,,,,,,4773,,
"1283","CHEAKAMUS","2023081610",0,29.4,35,8.7,60,21.2,85.452,3.477,13.493,,,,,,,,,,,,,,,,,,,,4773,,
"1283","CHEAKAMUS","2023081611",0,31.9,25,12.5,58,20.9,87.463,5.594,19.318,,,,,,,,,,,,,,,,,,,,4773,,
"1283","CHEAKAMUS","2023081612",0,33.9,21,11.8,59,23.9,89.43,7.16,23.06,0,95.419,16.613,42.298,59.434,513.254,92.182,5,,,,,,,,,,,,4773,,
"1283","CHEAKAMUS","2023081613",0,35.3,28,6.3,231,23.1,90.546,6.367,22.158,,,,,,,,,,,,,,,,,,,,4773,,
"1283","CHEAKAMUS","2023081614",0,33.6,31,9,231,20.6,91.196,8.005,26.018,,,,,,,,,,,,,,,,,,,,4773,,
"1283","CHEAKAMUS","2023081615",0,33.9,27,8.2,226,21.3,91.907,8.504,27.127,,,,,,,,,,,,,,,,,,,,4773,,
"1283","CHEAKAMUS","2023081616",0,33.7,29,7.6,230,22.3,92.343,8.775,27.717,,,,,,,,,,,,,,,,,,,,4773,,
"1283","CHEAKAMUS","2023081617",0,31.7,33,7.5,233,25.5,92.419,8.824,27.823,,,,,,,,,,,,,,,,,,,,4773,,
"1283","CHEAKAMUS","2023081618",0,28.6,41,7.8,229,22.9,92.394,8.928,28.045,,,,,,,,,,,,,,,,,,,,4773,,
"1283","CHEAKAMUS","2023081619",0,26,46,5.9,214,16.9,92.186,7.879,25.733,,,,,,,,,,,,,,,,,,,,4773,,
"1283","CHEAKAMUS","2023081620",0,22,60,0,218,13.6,91.78,5.525,20.013,,,,,,,,,,,,,,,,,,,,4773,,
"1283","CHEAKAMUS","2023081621",0,18.6,76,0,107,0,91.038,4.973,18.533,,,,,,,,,,,,,,,,,,,,4773,,
"1283","CHEAKAMUS","2023081622",0,17.1,85,0,95,0,90.101,4.35,16.781,,,,,,,,,,,,,,,,,,,,4773,,
"1283","CHEAKAMUS","2023081623",0,16.3,90,1.9,53,3.4,88.827,3.987,15.715,,,,,,,,,,,,,,,,,,,,4773,,
"1313","TETRAHEDRON","2023081600",0,22.3,20,10.4,287,27,,,,,,,,,,,,,610.9,,,,,,,,,,4519.7,0,
"1313","TETRAHEDRON","2023081601",0,21.2,29,6.7,276,24.9,,,,,,,,,,,,,610.9,,,,,,,,,,4519.7,0,
"1313","TETRAHEDRON","2023081602",0,18.8,36,4,327,16.3,,,,,,,,,,,,,610.9,,,,,,,,,,4519.7,0,
"1313","TETRAHEDRON","2023081603",0,19.2,37,1.4,315,15.5,,,,,,,,,,,,,610.9,,,,,,,,,,4519.7,0,
"1313","TETRAHEDRON","2023081604",0,19.4,37,0,11,14.8,,,,,,,,,,,,,610.9,,,,,,,,,,4519.7,0,
"1313","TETRAHEDRON","2023081605",0,18.7,37,0.3,31,3,,,,,,,,,,,,,610.9,,,,,,,,,,4519.7,1,
"1313","TETRAHEDRON","2023081606",0,19.9,34,1,129,4.2,,,,,,,,,,,,,610.9,,,,,,,,,,4519.7,14,
"1313","TETRAHEDRON","2023081607",0,19.8,36,0.7,343,7.3,,,,,,,,,,,,,610.9,,,,,,,,,,4519.7,100,
"1313","TETRAHEDRON","2023081608",0,20.6,38,0.3,273,6.2,,,,,,,,,,,,,610.9,,,,,,,,,,4519.7,26,
"1313","TETRAHEDRON","2023081609",0,21.6,45,0.2,314,6.4,,,,,,,,,,,,,610.9,,,,,,,,,,4519.7,29,
"1313","TETRAHEDRON","2023081610",0,22.9,43,1.1,302,4.7,,,,,,,,,,,,,610.9,,,,,,,,,,4519.7,473,
"1313","TETRAHEDRON","2023081611",0,23.1,46,1.1,293,6.8,,,,,,,,,,,,,610.9,,,,,,,,,,4519.7,724,
"1313","TETRAHEDRON","2023081612",0,23.5,46,1.3,301,8.3,,,,0,,,,,,,,,610.9,,,,,,,,,,4519.7,781,
"1313","TETRAHEDRON","2023081613",0,23.9,47,2,321,10.3,,,,,,,,,,,,,610.9,,,,,,,,,,4519.7,794,
"1313","TETRAHEDRON","2023081614",0,24.8,42,2.4,16,8.9,,,,,,,,,,,,,610.9,,,,,,,,,,4519.7,759,
"1313","TETRAHEDRON","2023081615",0,26.2,40,0.7,58,10.3,,,,,,,,,,,,,610.9,,,,,,,,,,4519.7,682,
"1313","TETRAHEDRON","2023081616",0,25.1,37,3.8,296,13.6,,,,,,,,,,,,,610.9,,,,,,,,,,4519.7,566,
"1313","TETRAHEDRON","2023081617",0,24.4,37,4.6,288,13.3,,,,,,,,,,,,,610.9,,,,,,,,,,4519.7,417,
"1313","TETRAHEDRON","2023081618",0,23.5,37,4.3,290,16.6,,,,,,,,,,,,,610.9,,,,,,,,,,4519.7,256,
"1313","TETRAHEDRON","2023081619",0,22.9,39,3.4,295,8.2,,,,,,,,,,,,,610.9,,,,,,,,,,4519.7,108,
"1313","TETRAHEDRON","2023081620",0,21.7,40,8.2,313,12.1,,,,,,,,,,,,,610.9,,,,,,,,,,4519.7,12,
"1313","TETRAHEDRON","2023081621",0,21.7,39,9,310,13.8,,,,,,,,,,,,,610.9,,,,,,,,,,4519.7,0,
"1313","TETRAHEDRON","2023081622",0,19.8,38,0,289,12.5,,,,,,,,,,,,,610.9,,,,,,,,,,4519.7,0,
"1313","TETRAHEDRON","2023081623",0,19.7,38,4.4,306,11.8,,,,,,,,,,,,,610.9,,,,,,,,,,4519.7,0,
"1323","LARCH HILLS WEST","2023081600",0,25.7,34,7.3,358,18.3,93.744,10.516,38.229,,,,,,,,,,,,,,,,,,,,,,
"1323","LARCH HILLS WEST","2023081601",0,25.1,34,6.5,275,25.8,93.659,9.982,36.951,,,,,,,,,,,,,,,,,,,,,,
"1323","LARCH HILLS WEST","2023081602",0,24.4,32,8.5,79,21.2,93.616,10.975,39.306,,,,,,,,,,,,,,,,,,,,,,
"1323","LARCH HILLS WEST","2023081603",0,23.7,29,8,359,22.3,93.638,10.734,38.745,,,,,,,,,,,,,,,,,,,,,,
"1323","LARCH HILLS WEST","2023081604",0,23.1,28,8.9,3,24.1,93.669,11.28,40.011,,,,,,,,,,,,,,,,,,,,,,
"1323","LARCH HILLS WEST","2023081605",0,22.6,29,8.7,342,21.8,93.665,11.162,39.738,,,,,,,,,,,,,,,,,,,,,,
"1323","LARCH HILLS WEST","2023081606",0,21.5,30,9.2,251,17.2,93.62,11.375,40.227,,,,,,,,,,,,,,,,,,,,,,
"1323","LARCH HILLS WEST","2023081607",0,21.4,30,8.3,356,18.3,93.58,10.811,38.924,,,,,,,,,,,,,,,,,,,,,,
"1323","LARCH HILLS WEST","2023081608",0,21.6,29,9.3,330,18.9,93.568,11.35,40.171,,,,,,,,,,,,,,,,,,,,,,
"1323","LARCH HILLS WEST","2023081609",0,22.7,28,7.6,347,20.6,93.6,10.464,38.108,,,,,,,,,,,,,,,,,,,,,,
"1323","LARCH HILLS WEST","2023081610",0,23.5,26,10.7,311,18.9,93.651,12.32,42.349,,,,,,,,,,,,,,,,,,,,,,
"1323","LARCH HILLS WEST","2023081611",0,25.3,23,7.5,300,14.3,93.702,10.56,38.335,,,,,,,,,,,,,,,,,,,,,,
"1323","LARCH HILLS WEST","2023081612",0,26.3,23,7.1,305,12,93.753,10.423,38.01,0,93.537,10.116,37.577,109.928,716.576,158.91,4,,,,,,,,,,,,,,
"1323","LARCH HILLS WEST","2023081613",0,27,22,6.4,342,12.5,93.849,10.198,37.776,,,,,,,,,,,,,,,,,,,,,,
"1323","LARCH HILLS WEST","2023081614",0,28.2,22,5.7,324,12,93.966,10.005,37.307,,,,,,,,,,,,,,,,,,,,,,
"1323","LARCH HILLS WEST","2023081615",0,29.1,22,5.7,294,14.3,94.091,10.18,37.732,,,,,,,,,,,,,,,,,,,,,,
"1323","LARCH HILLS WEST","2023081616",0,29.7,22,5.4,281,12,94.212,10.196,37.772,,,,,,,,,,,,,,,,,,,,,,
"1323","LARCH HILLS WEST","2023081617",0,30.1,22,6.7,278,13.1,94.325,11.058,39.816,,,,,,,,,,,,,,,,,,,,,,
"1323","LARCH HILLS WEST","2023081618",0,28.9,23,3.8,210,13.7,94.376,9.622,36.366,,,,,,,,,,,,,,,,,,,,,,
"1323","LARCH HILLS WEST","2023081619",0,25.6,31,5.3,103,8.5,94.305,10.276,37.964,,,,,,,,,,,,,,,,,,,,,,
"1323","LARCH HILLS WEST","2023081620",0,22.9,31,4.4,133,7.9,94.209,9.692,36.538,,,,,,,,,,,,,,,,,,,,,,
"1323","LARCH HILLS WEST","2023081621",0,21.7,37,3,115,6.2,93.989,8.761,34.187,,,,,,,,,,,,,,,,,,,,,,
"1323","LARCH HILLS WEST","2023081622",0,21.4,37,5,95,6.2,93.766,9.394,35.797,,,,,,,,,,,,,,,,,,,,,,
"1323","LARCH HILLS WEST","2023081623",0,20.2,39,2.7,131,5.6,93.539,8.106,32.465,,,,,,,,,,,,,,,,,,,,,,
"1330","LODESTONE EXT","2023081600",0,21.2,32,17.1,248,36.1,93.936,17.697,47.737,,,,,,,,,,,,,,,,,,,,1751,,
"1330","LODESTONE EXT","2023081601",0,20.4,34,9.3,244,26.8,93.749,11.639,36.465,,,,,,,,,,,,,,,,,,,,1751,,
"1330","LODESTONE EXT","2023081602",0,19.9,34,8.9,259,20,93.579,11.141,35.432,,,,,,,,,,,,,,,,,,,,1751,,
"1330","LODESTONE EXT","2023081603",0,19,36,6.4,300,16.6,93.388,9.564,32.017,,,,,,,,,,,,,,,,,,,,1751,,
"1330","LODESTONE EXT","2023081604",0,17.2,42,4.2,342,13.4,93.093,8.215,28.896,,,,,,,,,,,,,,,,,,,,1751,,
"1330","LODESTONE EXT","2023081605",0,16.6,47,6.2,297,11.2,92.686,8.582,29.766,,,,,,,,,,,,,,,,,,,,1751,,
"1330","LODESTONE EXT","2023081606",0,18.8,41,3.2,35,9.9,92.504,7.191,26.377,,,,,,,,,,,,,,,,,,,,1751,,
"1330","LODESTONE EXT","2023081607",0,19.8,39,6.9,11,16.3,92.365,8.497,29.566,,,,,,,,,,,,,,,,,,,,1751,,
"1330","LODESTONE EXT","2023081608",0,21.5,36,4.8,36,12.6,92.339,7.616,27.439,,,,,,,,,,,,,,,,,,,,1751,,
"1330","LODESTONE EXT","2023081609",0,22.2,30,6.5,13,16.9,92.389,8.356,29.232,,,,,,,,,,,,,,,,,,,,1751,,
"1330","LODESTONE EXT","2023081610",0,24,27,9.3,62,17.6,92.44,9.692,32.303,,,,,,,,,,,,,,,,,,,,1751,,
"1330","LODESTONE EXT","2023081611",0,25.7,26,7.5,79,16.7,92.571,9.016,30.773,,,,,,,,,,,,,,,,,,,,1751,,
"1330","LODESTONE EXT","2023081612",0,27,25,6.5,64,21.6,92.759,8.802,30.28,0,94.944,11.921,37.744,79.114,542.184,115.935,4,,,,,,,,,,,,1751,,
"1330","LODESTONE EXT","2023081613",0,28.3,24,8.2,107,18.6,93.008,9.93,33.465,,,,,,,,,,,,,,,,,,,,1751,,
"1330","LODESTONE EXT","2023081614",0,28.6,24,6.9,342,19.9,93.215,9.574,32.663,,,,,,,,,,,,,,,,,,,,1751,,
"1330","LODESTONE EXT","2023081615",0,29.5,22,7.1,27,18.8,93.507,10.073,33.784,,,,,,,,,,,,,,,,,,,,1751,,
"1330","LODESTONE EXT","2023081616",0,29.4,22,5.6,95,13.9,93.731,9.635,32.801,,,,,,,,,,,,,,,,,,,,1751,,
"1330","LODESTONE EXT","2023081617",0,29.2,23,4.5,64,12,93.859,9.279,31.986,,,,,,,,,,,,,,,,,,,,1751,,
"1330","LODESTONE EXT","2023081618",0,27.9,26,5.4,325,12.2,93.91,9.778,33.125,,,,,,,,,,,,,,,,,,,,1751,,
"1330","LODESTONE EXT","2023081619",0,23.5,35,9.7,278,14.1,93.737,11.857,37.613,,,,,,,,,,,,,,,,,,,,1751,,
"1330","LODESTONE EXT","2023081620",0,20.4,43,2.6,105,16.6,93.426,7.94,28.792,,,,,,,,,,,,,,,,,,,,1751,,
"1330","LODESTONE EXT","2023081621",0,21,38,9.9,283,16.7,93.2,11.113,36.05,,,,,,,,,,,,,,,,,,,,1751,,
"1330","LODESTONE EXT","2023081622",0,19,46,4.9,270,15.4,92.832,8.204,29.439,,,,,,,,,,,,,,,,,,,,1751,,
"1330","LODESTONE EXT","2023081623",0,20,44,5.7,265,14.9,92.55,8.21,29.455,,,,,,,,,,,,,,,,,,,,1751,,
"1332","GRIZZLY EXT","2023081600",0,13.5,56,4.4,342,8.8,90.522,5.767,21.95,,,,,,,,,,,,,,,,,,,,766.6,,
"1332","GRIZZLY EXT","2023081601",0,13.8,53,5.3,307,21,90.255,5.808,22.062,,,,,,,,,,,,,,,,,,,,766.6,,
"1332","GRIZZLY EXT","2023081602",0,11.5,67,4.3,325,11.4,89.736,5.127,20.172,,,,,,,,,,,,,,,,,,,,766.6,,
"1332","GRIZZLY EXT","2023081603",0,11.2,70,6.6,300,12,89.168,5.306,20.68,,,,,,,,,,,,,,,,,,,,766.6,,
"1332","GRIZZLY EXT","2023081604",0,10.1,79,0.5,322,10.3,88.6,3.597,15.511,,,,,,,,,,,,,,,,,,,,766.6,,
"1332","GRIZZLY EXT","2023081605",0,10.6,78,2.7,309,6.3,88.028,3.701,15.853,,,,,,,,,,,,,,,,,,,,766.6,,
"1332","GRIZZLY EXT","2023081606",0,12.9,72,2.4,0,7.1,87.661,3.46,15.058,,,,,,,,,,,,,,,,,,,,766.6,,
"1332","GRIZZLY EXT","2023081607",0,19.2,55,2.5,245,9.1,87.71,3.501,15.196,,,,,,,,,,,,,,,,,,,,766.6,,
"1332","GRIZZLY EXT","2023081608",0,22.4,36,7.5,234,14.1,88.141,4.792,19.206,,,,,,,,,,,,,,,,,,,,766.6,,
"1332","GRIZZLY EXT","2023081609",0,24.8,30,11.2,0,21.2,88.852,6.394,23.614,,,,,,,,,,,,,,,,,,,,766.6,,
"1332","GRIZZLY EXT","2023081610",0,25.7,29,11.9,325,22.6,89.53,7.3,25.905,,,,,,,,,,,,,,,,,,,,766.6,,
"1332","GRIZZLY EXT","2023081611",0,26.9,27,9.4,322,28,90.204,7.089,25.382,,,,,,,,,,,,,,,,,,,,766.6,,
"1332","GRIZZLY EXT","2023081612",0,27.1,26,9.2,307,25.5,90.805,7.647,26.748,0,94.653,13.123,39.111,81.749,404.878,108.653,4,,,,,,,,,,,,766.6,,
"1332","GRIZZLY EXT","2023081613",0,27.5,25,10.4,291,26.5,91.366,8.799,30.016,,,,,,,,,,,,,,,,,,,,766.6,,
"1332","GRIZZLY EXT","2023081614",0,28.3,24,9.1,306,24.9,91.891,8.879,30.199,,,,,,,,,,,,,,,,,,,,766.6,,
"1332","GRIZZLY EXT","2023081615",0,28.5,25,8.7,334,18.3,92.276,9.187,30.903,,,,,,,,,,,,,,,,,,,,766.6,,
"1332","GRIZZLY EXT","2023081616",0,28.2,23,8,317,21.7,92.657,9.358,31.288,,,,,,,,,,,,,,,,,,,,766.6,,
"1332","GRIZZLY EXT","2023081617",0,26.9,25,7.1,324,21.5,92.828,9.16,30.842,,,,,,,,,,,,,,,,,,,,766.6,,
"1332","GRIZZLY EXT","2023081618",0,24.5,31,7,18,16.3,92.878,9.179,30.884,,,,,,,,,,,,,,,,,,,,766.6,,
"1332","GRIZZLY EXT","2023081619",0,19.2,48,1.4,50,10.3,92.565,6.624,24.698,,,,,,,,,,,,,,,,,,,,766.6,,
"1332","GRIZZLY EXT","2023081620",0,15.8,62,2.8,20,6.1,91.928,6.498,24.368,,,,,,,,,,,,,,,,,,,,766.6,,
"1332","GRIZZLY EXT","2023081621",0,14.1,66,4,4,8.1,91.244,6.264,23.75,,,,,,,,,,,,,,,,,,,,766.6,,
"1332","GRIZZLY EXT","2023081622",0,12,74,2.8,41,4.8,90.486,5.292,21.069,,,,,,,,,,,,,,,,,,,,766.6,,
"1332","GRIZZLY EXT","2023081623",0,11.7,70,6.2,340,7.4,89.838,5.725,22.285,,,,,,,,,,,,,,,,,,,,766.6,,
"1339","BOOTHROYD","2023081600",0,25.7,38,6.4,161,13.7,95.21,12.3,44.103,,,,,,,,,,,,,,,,,,,,3438.6,,
"1339","BOOTHROYD","2023081601",0,24.3,44,5.3,134,12.2,94.661,10.793,40.557,,,,,,,,,,,,,,,,,,,,3438.6,,
"1339","BOOTHROYD","2023081602",0,22.5,51,2.1,47,8,94.062,8.457,34.583,,,,,,,,,,,,,,,,,,,,3438.6,,
"1339","BOOTHROYD","2023081603",0,21.1,54,3.7,94,6.7,93.408,8.37,34.348,,,,,,,,,,,,,,,,,,,,3438.6,,
"1339","BOOTHROYD","2023081604",0,19.6,60,3.2,87,7.9,92.69,7.382,31.591,,,,,,,,,,,,,,,,,,,,3438.6,,
"1339","BOOTHROYD","2023081605",0,18.7,63,3.4,66,5.7,91.98,6.746,29.73,,,,,,,,,,,,,,,,,,,,3438.6,,
"1339","BOOTHROYD","2023081606",0,18.4,65,3.2,52,5,91.312,6.075,27.681,,,,,,,,,,,,,,,,,,,,3438.6,,
"1339","BOOTHROYD","2023081607",0,20,62,1.5,1,5,90.849,5.221,24.93,,,,,,,,,,,,,,,,,,,,3438.6,,
"1339","BOOTHROYD","2023081608",0,24.6,46,3.3,281,4.7,90.837,5.707,26.517,,,,,,,,,,,,,,,,,,,,3438.6,,
"1339","BOOTHROYD","2023081609",0,27,38,3.6,303,8,90.887,5.835,26.925,,,,,,,,,,,,,,,,,,,,3438.6,,
"1339","BOOTHROYD","2023081610",0,30.2,24,3.9,326,9.2,91.534,6.495,28.974,,,,,,,,,,,,,,,,,,,,3438.6,,
"1339","BOOTHROYD","2023081611",0,32.6,18,7,336,13.9,92.534,8.746,35.359,,,,,,,,,,,,,,,,,,,,3438.6,,
"1339","BOOTHROYD","2023081612",0,34.5,15,6.8,207,12.5,93.596,10.045,38.712,0,96.834,15.634,51.555,139.632,831.044,196.658,5,,,,,,,,,,,,3438.6,,
"1339","BOOTHROYD","2023081613",0,35.6,16,8,301,14.3,94.44,11.996,43.618,,,,,,,,,,,,,,,,,,,,3438.6,,
"1339","BOOTHROYD","2023081614",0,37.7,15,5.2,182,14.7,95.22,11.594,42.677,,,,,,,,,,,,,,,,,,,,3438.6,,
"1339","BOOTHROYD","2023081615",0,38.3,14,7.2,275,14.9,95.92,14.105,48.335,,,,,,,,,,,,,,,,,,,,3438.6,,
"1339","BOOTHROYD","2023081616",0,38.3,14,8.3,244,13.7,96.441,15.995,52.292,,,,,,,,,,,,,,,,,,,,3438.6,,
"1339","BOOTHROYD","2023081617",0,38.1,14,5.1,169,13.2,96.788,14.264,48.676,,,,,,,,,,,,,,,,,,,,3438.6,,
"1339","BOOTHROYD","2023081618",0,37.1,18,4.2,281,12.7,96.84,13.725,47.51,,,,,,,,,,,,,,,,,,,,3438.6,,
"1339","BOOTHROYD","2023081619",0,31.2,32,1.4,56,8.7,96.58,11.511,42.48,,,,,,,,,,,,,,,,,,,,3438.6,,
"1339","BOOTHROYD","2023081621",0,26,38,4.4,86,6.8,96.061,12.485,44.743,,,,,,,,,,,,,,,,,,,,3438.6,,
"1339","BOOTHROYD","2023081622",0,25.6,40,3.4,128,12.2,95.569,11.105,41.512,,,,,,,,,,,,,,,,,,,,3438.6,,
"1339","BOOTHROYD","2023081623",0,24.1,44,3,131,10.5,95.028,10.108,39.065,,,,,,,,,,,,,,,,,,,,3438.6,,
"1345","SAWTOOTH","2023081600",0,12.3,51,1.6,338,16.5,90.154,4.751,11.267,,,,,,,,,,-0.024,,,,,,,,,,2323.8,,
"1345","SAWTOOTH","2023081601",0,11.5,54,5.9,303,9.4,89.887,5.679,12.997,,,,,,,,,,-0.022,,,,,,,,,,2323.8,,
"1345","SAWTOOTH","2023081602",0,11.1,57,1.8,66,9.9,89.638,4.457,10.693,,,,,,,,,,-0.016,,,,,,,,,,2323.8,,
"1345","SAWTOOTH","2023081603",0,9.9,66,1.7,8,9.1,89.254,4.197,10.174,,,,,,,,,,-0.022,,,,,,,,,,2323.8,,
"1345","SAWTOOTH","2023081604",0,8.9,69,3.2,137,9.6,88.818,4.252,10.284,,,,,,,,,,-0.024,,,,,,,,,,2323.8,,
"1345","SAWTOOTH","2023081605",0,9.1,70,3.3,218,16,88.4,4.024,9.823,,,,,,,,,,-0.021,,,,,,,,,,2323.8,,
"1345","SAWTOOTH","2023081606",0,10.8,64,0.9,33,7.9,88.176,3.453,8.62,,,,,,,,,,-0.02,,,,,,,,,,2323.8,,
"1345","SAWTOOTH","2023081607",0,14.7,53,2.3,49,6.5,88.163,3.699,9.145,,,,,,,,,,-0.027,,,,,,,,,,2323.8,,
"1345","SAWTOOTH","2023081608",0,16.5,50,4,28,8.9,88.212,4.058,9.891,,,,,,,,,,-0.024,,,,,,,,,,2323.8,,
"1345","SAWTOOTH","2023081609",0,18.2,47,6,54,13.1,88.261,4.52,10.817,,,,,,,,,,-0.023,,,,,,,,,,2323.8,,
"1345","SAWTOOTH","2023081610",0,19.8,43,8.5,113,14.9,88.348,5.191,12.103,,,,,,,,,,-0.025,,,,,,,,,,2323.8,,
"1345","SAWTOOTH","2023081611",0,21.8,38,8.7,99,17.3,88.613,5.447,12.575,,,,,,,,,,-0.024,,,,,,,,,,2323.8,,
"1345","SAWTOOTH","2023081612",0,22.8,34,14.3,175,23,89.027,7.665,16.374,0,90.555,9.541,20.457,26.087,431.169,45.32,4,,-0.023,,,,,,,,,,2323.8,,
"1345","SAWTOOTH","2023081613",0,21.6,39,11.2,273,26.8,89.162,6.685,15.725,,,,,,,,,,-0.02,,,,,,,,,,2323.8,,
"1345","SAWTOOTH","2023081614",0,22.5,38,2.6,275,21.1,89.309,4.426,11.382,,,,,,,,,,-0.021,,,,,,,,,,2323.8,,
"1345","SAWTOOTH","2023081615",0,22.5,37,8.6,254,32,89.481,6.139,14.735,,,,,,,,,,-0.022,,,,,,,,,,2323.8,,
"1345","SAWTOOTH","2023081616",0,22.8,38,10,219,23.7,89.608,6.709,15.768,,,,,,,,,,-0.022,,,,,,,,,,2323.8,,
"1345","SAWTOOTH","2023081617",0,20.6,46,7,247,23.3,89.657,5.808,14.119,,,,,,,,,,-0.021,,,,,,,,,,2323.8,,
"1345","SAWTOOTH","2023081618",0,20.3,46,4.9,269,11.4,89.702,5.259,13.064,,,,,,,,,,-0.02,,,,,,,,,,2323.8,,
"1345","SAWTOOTH","2023081619",0,19.8,48,6.1,273,24.6,89.691,5.578,13.681,,,,,,,,,,-0.021,,,,,,,,,,2323.8,,
"1345","SAWTOOTH","2023081620",0,18.3,49,10.4,260,26.3,89.625,6.861,16.039,,,,,,,,,,-0.022,,,,,,,,,,2323.8,,
"1345","SAWTOOTH","2023081621",0,16.9,54,6.9,236,19,89.449,5.609,13.741,,,,,,,,,,-0.024,,,,,,,,,,2323.8,,
"1345","SAWTOOTH","2023081622",0,15,58,9.5,221,22.2,89.171,6.144,14.744,,,,,,,,,,-0.021,,,,,,,,,,2323.8,,
"1345","SAWTOOTH","2023081623",0,13.1,65,7.4,223,17.1,88.773,5.22,12.988,,,,,,,,,,-0.022,,,,,,,,,,2323.8,,
"1348","KLINAKLINI","2023081600",0,17.7,37,13.6,21,32.9,,,,,,,,,,,,,8.8,,,,,,,,,,4900.4,,
"1348","KLINAKLINI","2023081601",0,16.9,40,12,312,29.3,,,,,,,,,,,,,8.5,,,,,,,,,,4900.4,,
"1348","KLINAKLINI","2023081602",0,17.4,37,6.3,298,14.6,,,,,,,,,,,,,8.7,,,,,,,,,,4900.4,,
"1348","KLINAKLINI","2023081603",0,17,37,6.3,360,23.9,,,,,,,,,,,,,8.7,,,,,,,,,,4900.4,,
"1348","KLINAKLINI","2023081604",0,16.5,39,6.6,245,22,,,,,,,,,,,,,8.9,,,,,,,,,,4900.4,,
"1348","KLINAKLINI","2023081606",0,16.9,38,5.7,284,18.4,,,,,,,,,,,,,8.4,,,,,,,,,,4900.4,,
"1348","KLINAKLINI","2023081607",0,17.4,38,10.1,351,20.9,,,,,,,,,,,,,8.6,,,,,,,,,,4900.4,,
"1348","KLINAKLINI","2023081608",0,18.4,36,4.3,18,15.5,,,,,,,,,,,,,9.6,,,,,,,,,,4900.4,,
"1348","KLINAKLINI","2023081609",0,18.9,35,5.9,30,16.3,,,,,,,,,,,,,9.7,,,,,,,,,,4900.4,,
"1348","KLINAKLINI","2023081610",0,19.7,34,8.2,24,15,,,,,,,,,,,,,12.5,,,,,,,,,,4900.4,,
"1348","KLINAKLINI","2023081611",0,19.5,36,7.7,40,19.4,,,,,,,,,,,,,9.9,,,,,,,,,,4900.4,,
"1348","KLINAKLINI","2023081612",0,20.2,35,5.1,53,11.7,,,,0,,,,,,,,,10.3,,,,,,,,,,4900.4,,
"1348","KLINAKLINI","2023081613",0,21.5,35,4.6,345,10.3,,,,,,,,,,,,,9.6,,,,,,,,,,4900.4,,
"1348","KLINAKLINI","2023081614",0,21.8,34,3.3,79,8.3,,,,,,,,,,,,,8.7,,,,,,,,,,4900.4,,
"1348","KLINAKLINI","2023081615",0,22,33,3.8,21,7.6,,,,,,,,,,,,,10.1,,,,,,,,,,4900.4,,
"1348","KLINAKLINI","2023081616",0,22.8,32,4.7,350,10.3,,,,,,,,,,,,,9.4,,,,,,,,,,4900.4,,
"1348","KLINAKLINI","2023081617",0,21.6,33,6.4,6,11.2,,,,,,,,,,,,,9.2,,,,,,,,,,4900.4,,
"1348","KLINAKLINI","2023081618",0,21.3,36,7.8,31,13.4,,,,,,,,,,,,,8.7,,,,,,,,,,4900.4,,
"1348","KLINAKLINI","2023081619",0,20.5,40,10.5,26,14,,,,,,,,,,,,,7.9,,,,,,,,,,4900.4,,
"1348","KLINAKLINI","2023081620",0,19.8,42,6.3,16,14.6,,,,,,,,,,,,,7.8,,,,,,,,,,4900.4,,
"1348","KLINAKLINI","2023081621",0,19.4,41,8.9,12,15.4,,,,,,,,,,,,,8,,,,,,,,,,4900.4,,
"1348","KLINAKLINI","2023081622",0,19,43,9.8,34,13.1,,,,,,,,,,,,,8.3,,,,,,,,,,4900.4,,
"1348","KLINAKLINI","2023081623",0,18.6,44,7.9,58,13.1,,,,,,,,,,,,,8,,,,,,,,,,4900.4,,
"1349","HOMATHKO","2023081600",0,19.3,38,5.5,58,9.4,,,,,,,,,,,,,-2,,,,,,,,,,597.4,,
"1349","HOMATHKO","2023081601",0,18.9,38,2.5,73,8.1,,,,,,,,,,,,,-2,,,,,,,,,,597.4,,
"1349","HOMATHKO","2023081602",0,19.9,34,7.4,79,12.7,,,,,,,,,,,,,-1.8,,,,,,,,,,597.4,,
"1349","HOMATHKO","2023081603",0,19.7,34,11.5,57,16,,,,,,,,,,,,,-1.2,,,,,,,,,,597.4,,
"1349","HOMATHKO","2023081604",0,17.7,40,1.7,89,14.2,,,,,,,,,,,,,-1.3,,,,,,,,,,597.4,,
"1349","HOMATHKO","2023081605",0,17.7,39,0,237,7.3,,,,,,,,,,,,,-1.8,,,,,,,,,,597.4,,
"1349","HOMATHKO","2023081606",0,17.6,39,1.9,357,7.3,,,,,,,,,,,,,-1.7,,,,,,,,,,597.4,,
"1349","HOMATHKO","2023081607",0,19.3,37,4.3,96,9.7,,,,,,,,,,,,,-2,,,,,,,,,,597.4,,
"1349","HOMATHKO","2023081608",0,20.1,36,0.6,222,9,,,,,,,,,,,,,0.7,,,,,,,,,,597.4,,
"1349","HOMATHKO","2023081609",0,21.2,33,0.2,285,5,,,,,,,,,,,,,1.8,,,,,,,,,,597.4,,
"1349","HOMATHKO","2023081610",0,23.2,34,1.4,167,6.9,,,,,,,,,,,,,0.2,,,,,,,,,,597.4,,
"1349","HOMATHKO","2023081611",0,23.8,36,2.3,189,6.9,,,,,,,,,,,,,-1.1,,,,,,,,,,597.4,,
"1349","HOMATHKO","2023081612",0,23.7,36,2.9,216,9.7,,,,0,,,,,,,,,-0.7,,,,,,,,,,597.4,,
"1349","HOMATHKO","2023081613",0,24.7,36,2.4,177,10.6,,,,,,,,,,,,,-1,,,,,,,,,,597.4,,
"1349","HOMATHKO","2023081614",0,25.4,35,4.1,180,10,,,,,,,,,,,,,-1.4,,,,,,,,,,597.4,,
"1349","HOMATHKO","2023081615",0,25.2,31,5.2,235,12.5,,,,,,,,,,,,,-1.9,,,,,,,,,,597.4,,
"1349","HOMATHKO","2023081616",0,26,30,2.8,210,11.2,,,,,,,,,,,,,-3,,,,,,,,,,597.4,,
"1349","HOMATHKO","2023081617",0,24.9,30,6,262,12.1,,,,,,,,,,,,,-2.4,,,,,,,,,,597.4,,
"1349","HOMATHKO","2023081618",0,23.4,34,7.6,304,11.1,,,,,,,,,,,,,-1.5,,,,,,,,,,597.4,,
"1349","HOMATHKO","2023081619",0,22.4,38,6.8,307,9.3,,,,,,,,,,,,,-2.3,,,,,,,,,,597.4,,
"1349","HOMATHKO","2023081620",0,21.4,38,2.5,331,9.7,,,,,,,,,,,,,-2,,,,,,,,,,597.4,,
"1349","HOMATHKO","2023081621",0,20.9,38,0,82,3.5,,,,,,,,,,,,,-1.9,,,,,,,,,,597.4,,
"1349","HOMATHKO","2023081622",0,20,40,2.9,94,5.6,,,,,,,,,,,,,-2.1,,,,,,,,,,597.4,,
"1349","HOMATHKO","2023081623",0,18.9,47,2,93,5.8,,,,,,,,,,,,,-1.8,,,,,,,,,,597.4,,
"1350","LOWER CAIN","2023081600",0,17.6,21,,,,,,,,,,,,,,,,11.2,,,,,,,,,,370.1,0,
"1350","LOWER CAIN","2023081601",0,18.4,22,,,,,,,,,,,,,,,,10.5,,,,,,,,,,370.1,0,
"1350","LOWER CAIN","2023081602",0,18.4,25,,,,,,,,,,,,,,,,13.9,,,,,,,,,,370.1,0,
"1350","LOWER CAIN","2023081603",0,19.3,30,,,,,,,,,,,,,,,,13.4,,,,,,,,,,370.1,0,
"1350","LOWER CAIN","2023081604",0,19.7,33,,,,,,,,,,,,,,,,9.4,,,,,,,,,,370.1,0,
"1350","LOWER CAIN","2023081605",0,19.9,40,,,,,,,,,,,,,,,,82.1,,,,,,,,,,370.1,0,
"1350","LOWER CAIN","2023081606",0,19.3,43,,,,,,,,,,,,,,,,9,,,,,,,,,,370.1,6,
"1350","LOWER CAIN","2023081607",0,19.8,43,,,,,,,,,,,,,,,,6.3,,,,,,,,,,370.1,15,
"1350","LOWER CAIN","2023081608",0,21.2,41,,,,,,,,,,,,,,,,8.1,,,,,,,,,,370.1,173,
"1350","LOWER CAIN","2023081609",0,21.9,40,,,,,,,,,,,,,,,,6.2,,,,,,,,,,370.1,344,
"1350","LOWER CAIN","2023081610",0,23.3,38,,,,,,,,,,,,,,,,5.9,,,,,,,,,,370.1,636,
"1350","LOWER CAIN","2023081611",0,24.3,39,,,,,,,,,,,,,,,,5.2,,,,,,,,,,370.1,750,
"1350","LOWER CAIN","2023081612",0,25,38,,,,,,,0,,,,,,,,,5.3,,,,,,,,,,370.1,819,
"1350","LOWER CAIN","2023081613",0,25,37,,,,,,,,,,,,,,,,5.4,,,,,,,,,,370.1,838,
"1350","LOWER CAIN","2023081614",0,24,39,,,,,,,,,,,,,,,,5.2,,,,,,,,,,370.1,811,
"1350","LOWER CAIN","2023081615",0,24.7,39,,,,,,,,,,,,,,,,5.2,,,,,,,,,,370.1,738,
"1350","LOWER CAIN","2023081616",0,24.4,39,,,,,,,,,,,,,,,,4.2,,,,,,,,,,370.1,625,
"1350","LOWER CAIN","2023081617",0,22.8,41,,,,,,,,,,,,,,,,4,,,,,,,,,,370.1,435,
"1350","LOWER CAIN","2023081618",0,21.6,42,,,,,,,,,,,,,,,,6.3,,,,,,,,,,370.1,140,
"1350","LOWER CAIN","2023081619",0,20.1,39,,,,,,,,,,,,,,,,6.9,,,,,,,,,,370.1,25,
"1350","LOWER CAIN","2023081620",0,17,48,,,,,,,,,,,,,,,,7.5,,,,,,,,,,370.1,9,
"1350","LOWER CAIN","2023081621",0,16.2,46,,,,,,,,,,,,,,,,7.3,,,,,,,,,,370.1,0,
"1350","LOWER CAIN","2023081622",0,15.6,48,,,,,,,,,,,,,,,,8,,,,,,,,,,370.1,0,
"1350","LOWER CAIN","2023081623",0,18,50,,,,,,,,,,,,,,,,8.2,,,,,,,,,,370.1,0,
"1359","STATION BAY 2","2023081600",0,23.5,36,6.1,328,14.3,94.348,10.762,40.745,,,,,,,,,,,,,,,,,,,,,,
"1359","STATION BAY 2","2023081601",0,22.4,35,4.7,351,10.8,94.147,9.755,38.23,,,,,,,,,,,,,,,,,,,,,,
"1359","STATION BAY 2","2023081602",0,21.6,34,7.5,346,14.3,93.961,10.947,41.195,,,,,,,,,,,,,,,,,,,,,,
"1359","STATION BAY 2","2023081603",0,21,32,7.6,350,17.7,93.836,10.814,40.871,,,,,,,,,,,,,,,,,,,,,,
"1359","STATION BAY 2","2023081604",0,19.6,34,3.3,219,12.5,93.695,8.539,35.035,,,,,,,,,,,,,,,,,,,,,,
"1359","STATION BAY 2","2023081605",0,18.5,39,7.1,312,11.4,93.411,9.94,38.7,,,,,,,,,,,,,,,,,,,,,,
"1359","STATION BAY 2","2023081606",0,18.4,39,5.1,321,16,93.176,8.696,35.461,,,,,,,,,,,,,,,,,,,,,,
"1359","STATION BAY 2","2023081607",0,19.1,37,6.7,318,13.1,93.003,9.201,36.798,,,,,,,,,,,,,,,,,,,,,,
"1359","STATION BAY 2","2023081608",0,20.8,33,9.2,307,16,92.951,10.36,39.753,,,,,,,,,,,,,,,,,,,,,,
"1359","STATION BAY 2","2023081609",0,23.2,29,7,319,16,93.001,9.339,37.159,,,,,,,,,,,,,,,,,,,,,,
"1359","STATION BAY 2","2023081610",0,25.2,26,5.5,307,15.4,93.051,8.72,35.523,,,,,,,,,,,,,,,,,,,,,,
"1359","STATION BAY 2","2023081611",0,26,23,13.1,310,24.6,93.212,13.079,46.152,,,,,,,,,,,,,,,,,,,,,,
"1359","STATION BAY 2","2023081612",0,27.3,21,11.6,315,28.7,93.479,12.587,45.044,0,94.743,14.994,50.435,159.523,703.479,203.615,5,,,,,,,,,,,,,,
"1359","STATION BAY 2","2023081613",0,30.1,19,6.5,332,21.2,93.88,10.293,39.699,,,,,,,,,,,,,,,,,,,,,,
"1359","STATION BAY 2","2023081614",0,29.7,20,10.4,320,23.5,94.151,13.009,46.121,,,,,,,,,,,,,,,,,,,,,,
"1359","STATION BAY 2","2023081615",0,31.2,19,9,335,19.5,94.474,12.674,45.366,,,,,,,,,,,,,,,,,,,,,,
"1359","STATION BAY 2","2023081616",0,31.4,19,9.6,334,22.9,94.736,13.544,47.312,,,,,,,,,,,,,,,,,,,,,,
"1359","STATION BAY 2","2023081617",0,30.8,20,6.2,358,20,94.859,11.606,42.888,,,,,,,,,,,,,,,,,,,,,,
"1359","STATION BAY 2","2023081618",0,29.7,22,5.6,341,15.4,94.91,11.339,42.253,,,,,,,,,,,,,,,,,,,,,,
"1359","STATION BAY 2","2023081619",0,25.5,28,4.4,340,10.2,94.855,10.593,40.442,,,,,,,,,,,,,,,,,,,,,,
"1359","STATION BAY 2","2023081620",0,22.1,35,5.4,330,6.8,94.588,10.74,40.804,,,,,,,,,,,,,,,,,,,,,,
"1359","STATION BAY 2","2023081621",0,21.4,35,4.3,5,6.2,94.357,9.842,38.561,,,,,,,,,,,,,,,,,,,,,,
"1359","STATION BAY 2","2023081622",0,21.4,35,3.5,331,6.8,94.159,9.198,36.895,,,,,,,,,,,,,,,,,,,,,,
"1359","STATION BAY 2","2023081623",0,20.4,37,3.4,328,6.2,93.929,8.865,36.013,,,,,,,,,,,,,,,,,,,,,,
"1362","TS BURMAN","2023081600",0,21.2,75,0.5,108,3.7,88.843,3.724,10.623,,,,,,,,,,,,,,,,,,,,13849.6,,
"1362","TS BURMAN","2023081601",0,20.4,77,0.1,36,3.3,88.352,3.401,9.851,,,,,,,,,,,,,,,,,,,,13849.6,,
"1362","TS BURMAN","2023081602",0,19.1,85,0.5,123,2.9,87.604,3.118,9.151,,,,,,,,,,,,,,,,,,,,13849.6,,
"1362","TS BURMAN","2023081603",0,18.6,82,0,66,4.2,87.126,2.84,8.443,,,,,,,,,,,,,,,,,,,,13849.6,,
"1362","TS BURMAN","2023081604",0,17.8,89,0,45,3.1,86.434,2.574,7.742,,,,,,,,,,,,,,,,,,,,13849.6,,
"1362","TS BURMAN","2023081605",0,17,92,0.2,96,3.4,85.618,2.319,7.044,,,,,,,,,,,,,,,,,,,,13849.6,,
"1362","TS BURMAN","2023081606",0,16.6,94,0.4,103,4.8,84.753,2.078,6.364,,,,,,,,,,,,,,,,,,,,13849.6,,
"1362","TS BURMAN","2023081607",0,16.9,90,0.9,76,3.6,84.195,1.976,6.067,,,,,,,,,,,,,,,,,,,,13849.6,,
"1362","TS BURMAN","2023081608",0,20.8,75,1.8,53,4.7,84.242,2.081,6.373,,,,,,,,,,,,,,,,,,,,13849.6,,
"1362","TS BURMAN","2023081609",0,25,62,0.2,1,5,84.444,1.973,6.058,,,,,,,,,,,,,,,,,,,,13849.6,,
"1362","TS BURMAN","2023081610",0,28.6,49,2.3,289,5.6,85.112,2.403,7.277,,,,,,,,,,,,,,,,,,,,13849.6,,
"1362","TS BURMAN","2023081611",0,31,40,3.7,244,7.6,86.16,2.984,8.814,,,,,,,,,,,,,,,,,,,,13849.6,,
"1362","TS BURMAN","2023081612",0,33.1,35,1.8,278,11.3,87.281,3.179,9.304,0,92.316,6.526,17.629,34.774,436.983,58.008,4,,,,,,,,,,,,13849.6,,
"1362","TS BURMAN","2023081613",0,34.5,34,2.2,273,8.6,88.36,3.785,11.568,,,,,,,,,,,,,,,,,,,,13849.6,,
"1362","TS BURMAN","2023081614",0,35.1,34,2.3,302,15.1,89.281,4.342,12.909,,,,,,,,,,,,,,,,,,,,13849.6,,
"1362","TS BURMAN","2023081615",0,34.7,36,2.5,307,11.9,89.927,4.812,13.991,,,,,,,,,,,,,,,,,,,,13849.6,,
"1362","TS BURMAN","2023081616",0,33,40,4.9,306,15.6,90.248,5.686,15.9,,,,,,,,,,,,,,,,,,,,13849.6,,
"1362","TS BURMAN","2023081617",0,32,43,3.5,290,11.8,90.359,5.384,15.254,,,,,,,,,,,,,,,,,,,,13849.6,,
"1362","TS BURMAN","2023081618",0,30.2,50,1.4,269,8.7,90.408,4.878,14.138,,,,,,,,,,,,,,,,,,,,13849.6,,
"1362","TS BURMAN","2023081619",0,26.5,54,0.1,341,5.3,90.333,4.519,13.321,,,,,,,,,,,,,,,,,,,,13849.6,,
"1362","TS BURMAN","2023081620",0,24,58,0.1,20,5.1,90.152,4.404,13.053,,,,,,,,,,,,,,,,,,,,13849.6,,
"1362","TS BURMAN","2023081621",0,22.6,64,0.5,57,3.3,89.824,4.287,12.78,,,,,,,,,,,,,,,,,,,,13849.6,,
"1362","TS BURMAN","2023081622",0,21.5,69,0,76,3,89.458,3.967,12.012,,,,,,,,,,,,,,,,,,,,13849.6,,
"1362","TS BURMAN","2023081623",0,20.9,72,1,57,3.3,88.981,3.895,11.838,,,,,,,,,,,,,,,,,,,,13849.6,,
"1375","FRANK CREEK","2023081600",0,24.9,47,5,112,10.5,92.33,7.683,30.187,,,,,,,,,,,,,,,,,,,,844,,
"1375","FRANK CREEK","2023081601",0,23.9,49,4.1,81,9.2,92.04,7.048,28.47,,,,,,,,,,,,,,,,,,,,844,,
"1375","FRANK CREEK","2023081602",0,23,52,6.3,84,10.5,91.673,7.476,29.633,,,,,,,,,,,,,,,,,,,,844,,
"1375","FRANK CREEK","2023081603",0,22.2,54,4.6,73,8.9,91.316,6.523,26.999,,,,,,,,,,,,,,,,,,,,844,,
"1375","FRANK CREEK","2023081604",0,21.4,56,5.8,80,6.8,90.932,6.561,27.108,,,,,,,,,,,,,,,,,,,,844,,
"1375","FRANK CREEK","2023081605",0,20.9,58,2.9,123,6,90.584,5.394,23.658,,,,,,,,,,,,,,,,,,,,844,,
"1375","FRANK CREEK","2023081606",0,20.5,60,0.7,184,9,90.278,4.622,21.199,,,,,,,,,,,,,,,,,,,,844,,
"1375","FRANK CREEK","2023081607",0,20.1,63,0,205,9,89.991,4.281,20.062,,,,,,,,,,,,,,,,,,,,844,,
"1375","FRANK CREEK","2023081608",0,21.6,57,3.4,14,12.8,89.785,4.934,22.212,,,,,,,,,,,,,,,,,,,,844,,
"1375","FRANK CREEK","2023081609",0,24.5,47,4.6,13,12.4,89.834,5.279,23.3,,,,,,,,,,,,,,,,,,,,844,,
"1375","FRANK CREEK","2023081610",0,30.6,35,5,280,10.4,90.262,5.726,24.669,,,,,,,,,,,,,,,,,,,,844,,
"1375","FRANK CREEK","2023081611",0,33.4,28,5.3,244,12.8,91.053,6.509,26.959,,,,,,,,,,,,,,,,,,,,844,,
"1375","FRANK CREEK","2023081612",0,35.4,24,6.8,211,14.2,92.028,8.062,31.181,0,95.423,12.921,43.076,100.779,667.087,146.302,4,,,,,,,,,,,,844,,
"1375","FRANK CREEK","2023081613",0,36.4,22,12.2,207,24.6,93.03,12.186,41.488,,,,,,,,,,,,,,,,,,,,844,,
"1375","FRANK CREEK","2023081614",0,36,22,15.2,210,24.1,93.765,15.705,48.75,,,,,,,,,,,,,,,,,,,,844,,
"1375","FRANK CREEK","2023081615",0,36.2,21,13.9,206,26.8,94.365,15.982,49.287,,,,,,,,,,,,,,,,,,,,844,,
"1375","FRANK CREEK","2023081616",0,36.4,20,11.1,215,25.7,94.857,14.852,47.064,,,,,,,,,,,,,,,,,,,,844,,
"1375","FRANK CREEK","2023081617",0,35.2,23,12.8,210,30,94.986,16.469,50.224,,,,,,,,,,,,,,,,,,,,844,,
"1375","FRANK CREEK","2023081618",0,33.1,27,15.9,207,24.7,95.037,19.388,55.586,,,,,,,,,,,,,,,,,,,,844,,
"1375","FRANK CREEK","2023081619",0,30.4,33,4.5,98,20.9,94.915,10.735,38.219,,,,,,,,,,,,,,,,,,,,844,,
"1375","FRANK CREEK","2023081620",0,29.1,37,4.8,85,10.2,94.669,10.536,37.755,,,,,,,,,,,,,,,,,,,,844,,
"1375","FRANK CREEK","2023081621",0,27.5,41,3.7,82,7.6,94.333,9.517,35.32,,,,,,,,,,,,,,,,,,,,844,,
"1375","FRANK CREEK","2023081622",0,26.7,42,5.4,90,10.9,93.98,9.874,36.186,,,,,,,,,,,,,,,,,,,,844,,
"1375","FRANK CREEK","2023081623",0,25.6,45,3.4,74,8.4,93.608,8.479,32.716,,,,,,,,,,,,,,,,,,,,844,,
"1377","FORRESTKERR","2023081600",0,13,86,6.7,255,12.8,46.264,0.139,0.076,,,,,,,,,,,,,,,,,,,,3947.2,,
"1377","FORRESTKERR","2023081601",0,13,85,7.3,266,10.5,47.567,0.173,0.095,,,,,,,,,,,,,,,,,,,,3947.2,,
"1377","FORRESTKERR","2023081602",0,13,86,7.2,270,14,48.762,0.202,0.11,,,,,,,,,,,,,,,,,,,,3947.2,,
"1377","FORRESTKERR","2023081603",0,12.7,87,8.5,273,22.5,49.896,0.249,0.136,,,,,,,,,,,,,,,,,,,,3947.2,,
"1377","FORRESTKERR","2023081604",0,12.2,91,3,131,13,50.495,0.203,0.111,,,,,,,,,,,,,,,,,,,,3947.2,,
"1377","FORRESTKERR","2023081605",0,12.1,92,0.3,76,6.8,50.852,0.184,0.101,,,,,,,,,,,,,,,,,,,,3947.2,,
"1377","FORRESTKERR","2023081606",0,12,93,2.9,98,7.2,51.31,0.222,0.121,,,,,,,,,,,,,,,,,,,,3947.2,,
"1377","FORRESTKERR","2023081607",0.4,12,95,3,137,4.8,46.775,0.125,0.068,,,,,,,,,,,,,,,,,,,,3947.6,,
"1377","FORRESTKERR","2023081608",0,12.3,94,0.9,231,5.9,47.127,0.118,0.064,,,,,,,,,,,,,,,,,,,,3947.6,,
"1377","FORRESTKERR","2023081609",0,13.1,90,2.9,274,7.4,47.849,0.144,0.079,,,,,,,,,,,,,,,,,,,,3947.6,,
"1377","FORRESTKERR","2023081610",0,15,83,3.7,25,8.7,49.117,0.177,0.097,,,,,,,,,,,,,,,,,,,,3947.6,,
"1377","FORRESTKERR","2023081611",0,17.8,68,10.1,244,18.4,51.864,0.339,0.185,,,,,,,,,,,,,,,,,,,,3947.6,,
"1377","FORRESTKERR","2023081612",0,17.5,68,14.3,258,20.7,54.661,0.556,0.304,0.4,67.172,1.174,0.73,5.524,309.149,10.575,1,,,,,,,,,,,,3947.6,,
"1377","FORRESTKERR","2023081613",0,17.8,69,13.4,259,22.2,57.21,0.661,0.411,,,,,,,,,,,,,,,,,,,,3947.6,,
"1377","FORRESTKERR","2023081614",0,16.5,75,12,252,25.6,59.106,0.707,0.44,,,,,,,,,,,,,,,,,,,,3947.6,,
"1377","FORRESTKERR","2023081615",0,18.3,66,9.5,215,21.2,61.342,0.715,0.445,,,,,,,,,,,,,,,,,,,,3947.6,,
"1377","FORRESTKERR","2023081616",0,18.8,67,11.8,262,21.2,63.527,0.897,0.558,,,,,,,,,,,,,,,,,,,,3947.6,,
"1377","FORRESTKERR","2023081617",0,18.4,67,10.7,216,20.6,65.461,0.921,0.573,,,,,,,,,,,,,,,,,,,,3947.6,,
"1377","FORRESTKERR","2023081618",0,17.3,70,8.3,222,17.8,66.951,0.861,0.536,,,,,,,,,,,,,,,,,,,,3947.6,,
"1377","FORRESTKERR","2023081619",0,16.4,76,9.5,263,22.6,68.097,0.95,0.591,,,,,,,,,,,,,,,,,,,,3947.6,,
"1377","FORRESTKERR","2023081620",0,15.5,80,6.6,270,15.3,68.895,0.842,0.524,,,,,,,,,,,,,,,,,,,,3947.6,,
"1377","FORRESTKERR","2023081621",0,14.8,84,7.3,268,14.5,69.497,0.889,0.553,,,,,,,,,,,,,,,,,,,,3947.6,,
"1377","FORRESTKERR","2023081622",0,14.6,84,8.9,256,14.3,70.096,0.983,0.611,,,,,,,,,,,,,,,,,,,,3947.6,,
"1377","FORRESTKERR","2023081623",0,14.6,81,9.8,250,19.3,70.792,1.052,0.654,,,,,,,,,,,,,,,,,,,,3947.6,,
"1378","TS ATLUCK","2023081600",0,16.2,65,7.9,346,18.2,86.91,4.101,8.259,,,,,,,,,,,,,,,,,,,,14736.8,,
"1378","TS ATLUCK","2023081601",0,15.9,61,6.9,349,13.3,86.892,3.889,7.882,,,,,,,,,,,,,,,,,,,,14736.8,,
"1378","TS ATLUCK","2023081602",0,15.4,68,9,351,18.6,86.706,4.211,8.452,,,,,,,,,,,,,,,,,,,,14736.8,,
"1378","TS ATLUCK","2023081603",0,14,81,2.2,172,14,86.251,2.803,5.82,,,,,,,,,,,,,,,,,,,,14736.8,,
"1378","TS ATLUCK","2023081604",0,14,79,7.6,315,13.1,85.84,3.473,7.118,,,,,,,,,,,,,,,,,,,,14736.8,,
"1378","TS ATLUCK","2023081605",0,14.2,82,2.4,280,19.8,85.446,2.529,5.261,,,,,,,,,,,,,,,,,,,,14736.8,,
"1378","TS ATLUCK","2023081606",0,13.9,86,1,177,8.3,84.99,2.213,4.589,,,,,,,,,,,,,,,,,,,,14736.8,,
"1378","TS ATLUCK","2023081607",0,16.2,58,9.4,9,17.6,85.078,3.42,7.02,,,,,,,,,,,,,,,,,,,,14736.8,,
"1378","TS ATLUCK","2023081608",0,18,57,7.9,345,17.7,85.208,3.229,6.656,,,,,,,,,,,,,,,,,,,,14736.8,,
"1378","TS ATLUCK","2023081609",0,20.5,53,8.6,332,17.4,85.47,3.468,7.11,,,,,,,,,,,,,,,,,,,,14736.8,,
"1378","TS ATLUCK","2023081610",0,22.4,43,14.4,326,23.2,86.076,5.057,9.885,,,,,,,,,,,,,,,,,,,,14736.8,,
"1378","TS ATLUCK","2023081611",0,24.1,36,16.5,324,26.2,86.931,6.343,11.906,,,,,,,,,,,,,,,,,,,,14736.8,,
"1378","TS ATLUCK","2023081612",0,25.4,34,14.7,322,27.6,87.767,6.528,12.182,0,90.962,10.318,18.889,20.362,286.672,34.583,3,,,,,,,,,,,,14736.8,,
"1378","TS ATLUCK","2023081613",0,27.2,31,13.5,319,25.2,88.664,6.988,14.084,,,,,,,,,,,,,,,,,,,,14736.8,,
"1378","TS ATLUCK","2023081614",0,27.5,28,16.6,318,31.7,89.569,9.304,17.5,,,,,,,,,,,,,,,,,,,,14736.8,,
"1378","TS ATLUCK","2023081615",0,27.6,26,15.8,322,30.6,90.382,10.039,18.512,,,,,,,,,,,,,,,,,,,,14736.8,,
"1378","TS ATLUCK","2023081616",0,27.4,25,16.2,324,30.3,91.067,11.295,20.174,,,,,,,,,,,,,,,,,,,,14736.8,,
"1378","TS ATLUCK","2023081617",0,27.4,21,12.7,327,26,91.776,10.472,19.095,,,,,,,,,,,,,,,,,,,,14736.8,,
"1378","TS ATLUCK","2023081618",0,26,22,14.9,320,25.7,92.24,12.495,21.692,,,,,,,,,,,,,,,,,,,,14736.8,,
"1378","TS ATLUCK","2023081619",0,23.2,35,14.8,325,29.3,92.272,12.487,21.683,,,,,,,,,,,,,,,,,,,,14736.8,,
"1378","TS ATLUCK","2023081620",0,20.4,60,13.8,329,26.6,91.53,10.689,19.383,,,,,,,,,,,,,,,,,,,,14736.8,,
"1378","TS ATLUCK","2023081621",0,19.3,68,7.5,348,25.8,90.739,6.953,14.03,,,,,,,,,,,,,,,,,,,,14736.8,,
"1378","TS ATLUCK","2023081622",0,18.5,70,5.1,11,14.7,90.047,5.581,11.792,,,,,,,,,,,,,,,,,,,,14736.8,,
"1378","TS ATLUCK","2023081623",0,17.7,77,3.7,18,10.8,89.263,4.648,10.151,,,,,,,,,,,,,,,,,,,,14736.8,,
"1383","CHEF CREEK TEST","2023081600",0,20.2,48,5.4,300,15.2,89.654,5.355,15.608,,,,,,,,,,,,,,,,,,,,9041.2,,
"1383","CHEF CREEK TEST","2023081601",0,21.2,45,2.8,300,14.3,89.703,4.731,14.194,,,,,,,,,,,,,,,,,,,,9041.2,,
"1383","CHEF CREEK TEST","2023081602",0,18.6,65,3.9,320,12.2,89.306,4.724,14.176,,,,,,,,,,,,,,,,,,,,9041.2,,
"1383","CHEF CREEK TEST","2023081603",0,18.3,48,5.2,305,12.4,89.315,5.051,14.926,,,,,,,,,,,,,,,,,,,,9041.2,,
"1383","CHEF CREEK TEST","2023081604",0,20,40,2,297,13.2,89.364,4.329,13.242,,,,,,,,,,,,,,,,,,,,9041.2,,
"1383","CHEF CREEK TEST","2023081605",0,15.9,74,1.1,55,13.1,88.841,3.838,12.036,,,,,,,,,,,,,,,,,,,,9041.2,,
"1383","CHEF CREEK TEST","2023081606",0,18.4,64,4.4,13,11.2,88.569,4.358,13.313,,,,,,,,,,,,,,,,,,,,9041.2,,
"1383","CHEF CREEK TEST","2023081607",0,21,53,3.6,36,9.9,88.614,4.213,12.963,,,,,,,,,,,,,,,,,,,,9041.2,,
"1383","CHEF CREEK TEST","2023081608",0,22.6,45,5.1,32,15.8,88.668,4.579,13.838,,,,,,,,,,,,,,,,,,,,9041.2,,
"1383","CHEF CREEK TEST","2023081609",0,24.3,43,5.5,51,13.2,88.808,4.768,14.278,,,,,,,,,,,,,,,,,,,,9041.2,,
"1383","CHEF CREEK TEST","2023081610",0,24.3,50,6.5,43,11.2,88.857,5.049,14.922,,,,,,,,,,,,,,,,,,,,9041.2,,
"1383","CHEF CREEK TEST","2023081611",0,26.7,42,9.3,35,14.8,89.083,6.006,17.016,,,,,,,,,,,,,,,,,,,,9041.2,,
"1383","CHEF CREEK TEST","2023081612",0,25.1,43,7.5,33,14.4,89.187,5.568,16.074,0,89.675,5.972,17.58,40.321,426.154,65.216,4,,,,,,,,,,,,9041.2,,
"1383","CHEF CREEK TEST","2023081613",0,26.3,43,6.6,44,12.1,89.308,5.414,16.337,,,,,,,,,,,,,,,,,,,,9041.2,,
"1383","CHEF CREEK TEST","2023081614",0,26.1,43,5.7,39,14.4,89.403,5.245,15.95,,,,,,,,,,,,,,,,,,,,9041.2,,
"1383","CHEF CREEK TEST","2023081615",0,25.9,46,3.3,45,11.7,89.452,4.68,14.624,,,,,,,,,,,,,,,,,,,,9041.2,,
"1383","CHEF CREEK TEST","2023081616",0,27.2,45,3.4,33,9.7,89.501,4.737,14.76,,,,,,,,,,,,,,,,,,,,9041.2,,
"1383","CHEF CREEK TEST","2023081617",0,26,49,0.4,56,6.5,89.55,4.101,13.196,,,,,,,,,,,,,,,,,,,,9041.2,,
"1383","CHEF CREEK TEST","2023081618",0,24.7,50,2,324,8.8,89.599,4.477,14.131,,,,,,,,,,,,,,,,,,,,9041.2,,
"1383","CHEF CREEK TEST","2023081619",0,23.8,49,3.2,296,12.1,89.648,4.79,14.886,,,,,,,,,,,,,,,,,,,,9041.2,,
"1383","CHEF CREEK TEST","2023081620",0,23.1,51,5.8,293,11.3,89.641,5.455,16.429,,,,,,,,,,,,,,,,,,,,9041.2,,
"1383","CHEF CREEK TEST","2023081621",0,23.6,41,3.6,321,15.8,89.69,4.917,15.187,,,,,,,,,,,,,,,,,,,,9041.2,,
"1383","CHEF CREEK TEST","2023081622",0,23,41,3.6,308,12.7,89.739,4.951,15.269,,,,,,,,,,,,,,,,,,,,9041.2,,
"1383","CHEF CREEK TEST","2023081623",0,20,47,5.6,329,9.9,89.749,5.484,16.496,,,,,,,,,,,,,,,,,,,,9041.2,,
"1387","PLUMMER HUT","2023081600",0,12.9,44,14.8,354,40.4,,,,,,,,,,,,,0,,,,,,,,,,10362.2,,
"1387","PLUMMER HUT","2023081601",0,12,35,18.3,356,40.1,,,,,,,,,,,,,0,,,,,,,,,,10362.2,,
"1387","PLUMMER HUT","2023081602",0,11.7,38,26.3,1,51.6,,,,,,,,,,,,,0,,,,,,,,,,10362.2,,
"1387","PLUMMER HUT","2023081603",0,12.4,38,22,352,55.4,,,,,,,,,,,,,0,,,,,,,,,,10362.2,,
"1387","PLUMMER HUT","2023081604",0,11.9,36,9.5,274,40,,,,,,,,,,,,,0,,,,,,,,,,10362.2,,
"1387","PLUMMER HUT","2023081605",0,12.5,30,5.4,15,28.3,,,,,,,,,,,,,0,,,,,,,,,,10362.2,,
"1387","PLUMMER HUT","2023081606",0,11,48,9,334,29.3,,,,,,,,,,,,,0,,,,,,,,,,10362.2,,
"1387","PLUMMER HUT","2023081607",0,12,51,17.6,355,32.2,,,,,,,,,,,,,0,,,,,,,,,,10362.2,,
"1387","PLUMMER HUT","2023081608",0,12.6,48,20.1,359,34.2,,,,,,,,,,,,,0,,,,,,,,,,10362.2,,
"1387","PLUMMER HUT","2023081609",0,12.6,48,11.8,1,37.3,,,,,,,,,,,,,0,,,,,,,,,,10362.2,,
"1387","PLUMMER HUT","2023081610",0,13.5,44,3.5,37,31,,,,,,,,,,,,,0,,,,,,,,,,10362.2,,
"1387","PLUMMER HUT","2023081611",0,12.3,49,5.3,334,14.6,,,,,,,,,,,,,0,,,,,,,,,,10362.2,,
"1387","PLUMMER HUT","2023081612",0,15,41,0.2,185,13.6,,,,0,,,,,,,,,0,,,,,,,,,,10362.2,,
"1387","PLUMMER HUT","2023081613",0,14.1,44,0,138,4.9,,,,,,,,,,,,,0,,,,,,,,,,10362.2,,
"1387","PLUMMER HUT","2023081614",0,15.1,41,0,136,0.3,,,,,,,,,,,,,0,,,,,,,,,,10362.2,,
"1387","PLUMMER HUT","2023081615",0,16,39,0,168,0.2,,,,,,,,,,,,,0,,,,,,,,,,10362.2,,
"1387","PLUMMER HUT","2023081616",0,15.3,40,0,39,3.6,,,,,,,,,,,,,0,,,,,,,,,,10362.2,,
"1387","PLUMMER HUT","2023081617",0,14.9,41,0,131,6,,,,,,,,,,,,,0,,,,,,,,,,10362.2,,
"1387","PLUMMER HUT","2023081618",0,14.9,41,2.3,186,7.9,,,,,,,,,,,,,0,,,,,,,,,,10362.2,,
"1387","PLUMMER HUT","2023081619",0,13.8,39,0.2,15,8,,,,,,,,,,,,,0,,,,,,,,,,10362.2,,
"1387","PLUMMER HUT","2023081620",0,13.3,45,0.1,75,4.4,,,,,,,,,,,,,0,,,,,,,,,,10362.2,,
"1387","PLUMMER HUT","2023081621",0,13.5,43,0.2,119,4,,,,,,,,,,,,,0,,,,,,,,,,10362.2,,
"1387","PLUMMER HUT","2023081622",0,13.1,40,0,105,0.2,,,,,,,,,,,,,0,,,,,,,,,,10362.2,,
"1387","PLUMMER HUT","2023081623",0,13.1,39,0.7,135,3.7,,,,,,,,,,,,,0,,,,,,,,,,10362.2,,
"1392","MCNULTY EXT","2023081600",0,12.7,59,0.2,253,7.1,92.947,6.58,21.795,,,,,,,,,,,,,,,,,,,,1290.6,,
"1392","MCNULTY EXT","2023081601",0,11.7,63,0.5,292,6.8,92.378,6.166,20.804,,,,,,,,,,,,,,,,,,,,1290.6,,
"1392","MCNULTY EXT","2023081602",0,9.7,70,0.9,79,5.1,91.708,5.723,19.713,,,,,,,,,,,,,,,,,,,,1290.6,,
"1392","MCNULTY EXT","2023081603",0,8.2,77,1,87,5.8,90.953,5.167,18.293,,,,,,,,,,,,,,,,,,,,1290.6,,
"1392","MCNULTY EXT","2023081604",0,8.4,80,1.5,53,9.8,90.162,4.732,17.139,,,,,,,,,,,,,,,,,,,,1290.6,,
"1392","MCNULTY EXT","2023081605",0,6.8,86,0.9,70,6.9,89.325,4.072,15.303,,,,,,,,,,,,,,,,,,,,1290.6,,
"1392","MCNULTY EXT","2023081606",0,9.7,75,0.5,77,4.5,88.837,3.721,14.28,,,,,,,,,,,,,,,,,,,,1290.6,,
"1392","MCNULTY EXT","2023081607",0,17.9,42,3.3,215,8.5,88.886,4.315,15.992,,,,,,,,,,,,,,,,,,,,1290.6,,
"1392","MCNULTY EXT","2023081608",0,20.8,31,9.6,1,32.2,89.257,6.251,21.011,,,,,,,,,,,,,,,,,,,,1290.6,,
"1392","MCNULTY EXT","2023081609",0,22,31,7.2,1,21,89.6,5.819,19.953,,,,,,,,,,,,,,,,,,,,1290.6,,
"1392","MCNULTY EXT","2023081610",0,23.7,29,9.6,24,23.3,90.038,6.993,22.759,,,,,,,,,,,,,,,,,,,,1290.6,,
"1392","MCNULTY EXT","2023081611",0,25.3,27,7.3,289,23.9,90.527,6.678,22.028,,,,,,,,,,,,,,,,,,,,1290.6,,
"1392","MCNULTY EXT","2023081612",0,26.5,25,8,281,21.2,91.071,7.476,23.858,0,94.267,11.712,33.493,57.185,561.789,91.17,4,,,,,,,,,,,,1290.6,,
"1392","MCNULTY EXT","2023081613",0,26.9,24,7,286,21.6,91.568,7.629,25.025,,,,,,,,,,,,,,,,,,,,1290.6,,
"1392","MCNULTY EXT","2023081614",0,28.2,24,5.9,281,21.7,92.022,7.698,25.181,,,,,,,,,,,,,,,,,,,,1290.6,,
"1392","MCNULTY EXT","2023081615",0,28.5,23,5.1,285,19.8,92.441,7.844,25.513,,,,,,,,,,,,,,,,,,,,1290.6,,
"1392","MCNULTY EXT","2023081616",0,28.8,22,3.4,293,17.3,92.822,7.596,24.949,,,,,,,,,,,,,,,,,,,,1290.6,,
"1392","MCNULTY EXT","2023081617",0,28.4,23,1.5,308,14.4,93.065,7.142,23.895,,,,,,,,,,,,,,,,,,,,1290.6,,
"1392","MCNULTY EXT","2023081618",0,25.8,26,5.9,24,12.5,93.115,8.977,27.998,,,,,,,,,,,,,,,,,,,,1290.6,,
"1392","MCNULTY EXT","2023081619",0,22.1,39,4,32,12.5,92.957,7.978,25.814,,,,,,,,,,,,,,,,,,,,1290.6,,
"1392","MCNULTY EXT","2023081620",0,16.1,50,0.1,2,8.5,92.653,6.281,21.82,,,,,,,,,,,,,,,,,,,,1290.6,,
"1392","MCNULTY EXT","2023081621",0,11.8,64,3,76,5.4,91.984,6.615,22.639,,,,,,,,,,,,,,,,,,,,1290.6,,
"1392","MCNULTY EXT","2023081622",0,9.8,69,0.2,79,5.6,91.42,5.303,19.312,,,,,,,,,,,,,,,,,,,,1290.6,,
"1392","MCNULTY EXT","2023081623",0,8.7,74,2.7,78,6.7,90.686,5.418,19.617,,,,,,,,,,,,,,,,,,,,1290.6,,
"1398","TS NAHMINT","2023081600",0,22.4,64,1.5,287,5.6,90.946,5.293,16.439,,,,,,,,,,,,,,,,,,,,13486.6,,
"1398","TS NAHMINT","2023081601",0,22.3,63,6.3,61,9.8,90.417,6.251,18.601,,,,,,,,,,,,,,,,,,,,13486.6,,
"1398","TS NAHMINT","2023081602",0,20.6,71,0.4,294,9.3,89.881,4.301,14.028,,,,,,,,,,,,,,,,,,,,13486.6,,
"1398","TS NAHMINT","2023081603",0,19.8,72,0.9,308,5.1,89.355,4.09,13.488,,,,,,,,,,,,,,,,,,,,13486.6,,
"1398","TS NAHMINT","2023081604",0,19.7,72,4.2,24,7.8,88.81,4.466,14.443,,,,,,,,,,,,,,,,,,,,13486.6,,
"1398","TS NAHMINT","2023081605",0,18.9,75,0.7,47,4.3,88.337,3.498,11.918,,,,,,,,,,,,,,,,,,,,13486.6,,
"1398","TS NAHMINT","2023081606",0,20.3,71,5.8,41,7.7,87.947,4.278,13.969,,,,,,,,,,,,,,,,,,,,13486.6,,
"1398","TS NAHMINT","2023081607",0,21.4,67,0.1,37,5.1,87.808,3.146,10.935,,,,,,,,,,,,,,,,,,,,13486.6,,
"1398","TS NAHMINT","2023081608",0,23.9,60,2.2,250,6.6,87.857,3.522,11.982,,,,,,,,,,,,,,,,,,,,13486.6,,
"1398","TS NAHMINT","2023081609",0,26,51,6.5,217,11.5,87.95,4.433,14.361,,,,,,,,,,,,,,,,,,,,13486.6,,
"1398","TS NAHMINT","2023081610",0,28,44,6.4,231,13.4,88.295,4.634,14.86,,,,,,,,,,,,,,,,,,,,13486.6,,
"1398","TS NAHMINT","2023081611",0,30.9,33,7.3,218,14.5,89.14,5.475,16.86,,,,,,,,,,,,,,,,,,,,13486.6,,
"1398","TS NAHMINT","2023081612",0,31.7,29,6.2,270,15.9,90.025,5.881,17.782,0,94.118,10.478,28.11,46.7,460.51,74.51,4,,,,,,,,,,,,13486.6,,
"1398","TS NAHMINT","2023081613",0,33.4,25,6,258,15.1,91.024,6.715,20.573,,,,,,,,,,,,,,,,,,,,13486.6,,
"1398","TS NAHMINT","2023081614",0,35,24,2.4,139,11.8,91.874,6.32,19.689,,,,,,,,,,,,,,,,,,,,13486.6,,
"1398","TS NAHMINT","2023081615",0,34.6,27,3.3,329,16.2,92.41,7.132,21.483,,,,,,,,,,,,,,,,,,,,13486.6,,
"1398","TS NAHMINT","2023081616",0,34,29,3.8,267,11.9,92.723,7.644,22.569,,,,,,,,,,,,,,,,,,,,13486.6,,
"1398","TS NAHMINT","2023081617",0,32.2,34,5.8,287,11.4,92.773,8.514,24.351,,,,,,,,,,,,,,,,,,,,13486.6,,
"1398","TS NAHMINT","2023081618",0,29.6,39,7.5,282,13,92.777,9.28,25.856,,,,,,,,,,,,,,,,,,,,13486.6,,
"1398","TS NAHMINT","2023081619",0,27.1,46,6.5,279,12,92.525,8.518,24.359,,,,,,,,,,,,,,,,,,,,13486.6,,
"1398","TS NAHMINT","2023081620",0,23.5,59,1.7,313,8.7,91.989,6.201,19.419,,,,,,,,,,,,,,,,,,,,13486.6,,
"1398","TS NAHMINT","2023081621",0,22.3,64,0,17,3.4,91.511,5.319,17.346,,,,,,,,,,,,,,,,,,,,13486.6,,
"1398","TS NAHMINT","2023081622",0,21.8,65,2.4,313,5.5,90.919,5.517,17.823,,,,,,,,,,,,,,,,,,,,13486.6,,
"1398","TS NAHMINT","2023081623",0,21.2,68,2.1,34,4.7,90.329,4.996,16.552,,,,,,,,,,,,,,,,,,,,13486.6,,
"1399","MERRITT 2 HUB","2023081600",0,24.5,45,13,25,26.9,94.237,15.006,44.312,,,,,,,,,,,,,,,,,,,,,,
"1399","MERRITT 2 HUB","2023081601",0,22.8,51,5.4,110,18.9,93.605,9.373,32.607,,,,,,,,,,,,,,,,,,,,,,
"1399","MERRITT 2 HUB","2023081602",0,21.1,54,3.4,33,7.4,93.017,7.806,28.827,,,,,,,,,,,,,,,,,,,,,,
"1399","MERRITT 2 HUB","2023081603",0,19.5,59,3.7,221,7.9,92.363,7.229,27.353,,,,,,,,,,,,,,,,,,,,,,
"1399","MERRITT 2 HUB","2023081604",0,18.3,64,3.7,194,12.5,91.661,6.546,25.542,,,,,,,,,,,,,,,,,,,,,,
"1399","MERRITT 2 HUB","2023081605",0,18,55,5.2,185,7.4,91.246,6.657,25.841,,,,,,,,,,,,,,,,,,,,,,
"1399","MERRITT 2 HUB","2023081606",0,17.4,58,3.4,156,7.9,90.835,5.734,23.281,,,,,,,,,,,,,,,,,,,,,,
"1399","MERRITT 2 HUB","2023081607",0,18.8,58,5.5,183,9.1,90.449,6.031,24.124,,,,,,,,,,,,,,,,,,,,,,
"1399","MERRITT 2 HUB","2023081608",0,21.6,47,4.3,253,7.9,90.407,5.644,23.022,,,,,,,,,,,,,,,,,,,,,,
"1399","MERRITT 2 HUB","2023081609",0,24.1,40,7.5,178,9.1,90.456,6.679,25.899,,,,,,,,,,,,,,,,,,,,,,
"1399","MERRITT 2 HUB","2023081610",0,27.4,30,8.9,231,12,90.857,7.589,28.276,,,,,,,,,,,,,,,,,,,,,,
"1399","MERRITT 2 HUB","2023081611",0,30.6,21,6.1,159,13.1,91.706,7.436,27.887,,,,,,,,,,,,,,,,,,,,,,
"1399","MERRITT 2 HUB","2023081612",0,32.2,19,6.3,175,12,92.58,8.498,30.532,0,95.556,12.83,41,78.866,819.049,127.13,4,,,,,,,,,,,,,,
"1399","MERRITT 2 HUB","2023081613",0,33.4,18,5.3,144,13.1,93.373,9.03,32.565,,,,,,,,,,,,,,,,,,,,,,
"1399","MERRITT 2 HUB","2023081614",0,33.9,17,10.3,131,17.2,94.137,12.917,41.178,,,,,,,,,,,,,,,,,,,,,,
"1399","MERRITT 2 HUB","2023081615",0,34.6,17,7.6,137,14.9,94.729,12.234,39.759,,,,,,,,,,,,,,,,,,,,,,
"1399","MERRITT 2 HUB","2023081616",0,35.1,17,6.1,108,12,95.193,12.087,39.45,,,,,,,,,,,,,,,,,,,,,,
"1399","MERRITT 2 HUB","2023081617",0,33.5,18,17.6,21,21.2,95.454,22.36,58.131,,,,,,,,,,,,,,,,,,,,,,
"1399","MERRITT 2 HUB","2023081618",0,32.3,19,14.4,11,21.8,95.53,19.229,52.961,,,,,,,,,,,,,,,,,,,,,,
"1399","MERRITT 2 HUB","2023081619",0,30.1,25,13.5,39,24.6,95.543,18.407,51.541,,,,,,,,,,,,,,,,,,,,,,
"1399","MERRITT 2 HUB","2023081620",0,27.3,27,11.9,90,14.9,95.438,16.741,48.567,,,,,,,,,,,,,,,,,,,,,,
"1399","MERRITT 2 HUB","2023081621",0,24.3,35,5.9,44,15.4,95.116,11.841,38.926,,,,,,,,,,,,,,,,,,,,,,
"1399","MERRITT 2 HUB","2023081622",0,22.3,39,3.4,148,12.5,94.75,9.928,34.683,,,,,,,,,,,,,,,,,,,,,,
"1399","MERRITT 2 HUB","2023081623",0,22.1,39,6.3,272,7.9,94.379,10.918,36.92,,,,,,,,,,,,,,,,,,,,,,
"1408","TS BLACKWATER","2023081600",0,17.5,77,5.5,316,31.1,,,,,,,,,,,,,,,,,,,,,,,3422.9,,
"1408","TS BLACKWATER","2023081601",0,16.6,82,10.1,340,22.1,,,,,,,,,,,,,,,,,,,,,,,3422.9,,
"1408","TS BLACKWATER","2023081602",0,15.9,85,2.3,335,22.5,,,,,,,,,,,,,,,,,,,,,,,3422.9,,
"1408","TS BLACKWATER","2023081603",0,15.7,87,12.6,342,30.5,,,,,,,,,,,,,,,,,,,,,,,3422.9,,
"1408","TS BLACKWATER","2023081604",0,15.7,85,6.8,349,31,,,,,,,,,,,,,,,,,,,,,,,3422.9,,
"1408","TS BLACKWATER","2023081605",0,15.3,87,6.6,331,19.5,,,,,,,,,,,,,,,,,,,,,,,3422.9,,
"1408","TS BLACKWATER","2023081606",0,15.5,85,6.8,341,17.1,,,,,,,,,,,,,,,,,,,,,,,3422.9,,
"1408","TS BLACKWATER","2023081607",0,17.2,79,9.7,354,31.7,,,,,,,,,,,,,,,,,,,,,,,3422.9,,
"1408","TS BLACKWATER","2023081608",0,19.4,72,4.2,332,21.5,,,,,,,,,,,,,,,,,,,,,,,3422.9,,
"1408","TS BLACKWATER","2023081609",0,21.2,67,4.4,327,16.1,,,,,,,,,,,,,,,,,,,,,,,3422.9,,
"1408","TS BLACKWATER","2023081610",0,21.6,62,12.7,8,25.2,,,,,,,,,,,,,,,,,,,,,,,3422.9,,
"1408","TS BLACKWATER","2023081611",0,24.5,54,10.5,358,20.8,,,,,,,,,,,,,,,,,,,,,,,3422.9,,
"1408","TS BLACKWATER","2023081612",0,26.3,47,9.5,355,27.1,,,,0,,,,,,,,,,,,,,,,,,,3422.9,,
"1408","TS BLACKWATER","2023081613",0,27.7,44,10.7,359,22.9,,,,,,,,,,,,,,,,,,,,,,,3422.9,,
"1408","TS BLACKWATER","2023081614",0,27.1,36,16.1,358,29.8,,,,,,,,,,,,,,,,,,,,,,,3422.9,,
"1408","TS BLACKWATER","2023081615",0,28.1,31,12.1,357,26.3,,,,,,,,,,,,,,,,,,,,,,,3422.9,,
"1408","TS BLACKWATER","2023081616",0,27.7,32,12.5,356,23.1,,,,,,,,,,,,,,,,,,,,,,,3422.9,,
"1408","TS BLACKWATER","2023081617",0,26.6,33,12.6,355,20.6,,,,,,,,,,,,,,,,,,,,,,,3422.9,,
"1408","TS BLACKWATER","2023081618",0,23.7,34,9.9,352,24.7,,,,,,,,,,,,,,,,,,,,,,,3422.9,,
"1408","TS BLACKWATER","2023081619",0,22.2,35,7.6,345,19.6,,,,,,,,,,,,,,,,,,,,,,,3422.9,,
"1408","TS BLACKWATER","2023081620",0,20.2,39,5.6,313,21.1,,,,,,,,,,,,,,,,,,,,,,,3422.9,,
"1408","TS BLACKWATER","2023081621",0,18.7,47,4.7,301,17.1,,,,,,,,,,,,,,,,,,,,,,,3422.9,,
"1408","TS BLACKWATER","2023081622",0,17.2,56,4.2,293,16.7,,,,,,,,,,,,,,,,,,,,,,,3422.9,,
"1408","TS BLACKWATER","2023081623",0,16.4,62,4.6,283,15.8,,,,,,,,,,,,,,,,,,,,,,,3422.9,,
"1790","CARIBOO CREEK","2023081600",0,15.2,63,3.2,334,10.2,90.517,5.424,20.701,,,,,,,,,,,,,,,,,,,,914.6,,
"1790","CARIBOO CREEK","2023081601",0,15,59,2,346,8.3,90.182,4.867,19.137,,,,,,,,,,,,,,,,,,,,914.6,,
"1790","CARIBOO CREEK","2023081602",0,14.9,58,5.3,333,8.3,89.854,5.484,20.864,,,,,,,,,,,,,,,,,,,,914.6,,
"1790","CARIBOO CREEK","2023081603",0,15.4,50,5.6,325,9.8,89.725,5.465,20.814,,,,,,,,,,,,,,,,,,,,914.6,,
"1790","CARIBOO CREEK","2023081604",0,14,61,2.4,336,11.1,89.418,4.451,17.92,,,,,,,,,,,,,,,,,,,,914.6,,
"1790","CARIBOO CREEK","2023081605",0,13.8,61,3,68,9.5,89.131,4.403,17.776,,,,,,,,,,,,,,,,,,,,914.6,,
"1790","CARIBOO CREEK","2023081606",0,13.7,60,1.5,52,8,88.913,3.956,16.412,,,,,,,,,,,,,,,,,,,,914.6,,
"1790","CARIBOO CREEK","2023081607",0,16.6,65,3.4,289,13.5,88.606,4.166,17.061,,,,,,,,,,,,,,,,,,,,914.6,,
"1790","CARIBOO CREEK","2023081608",0,22,39,6.3,284,14.7,88.802,4.959,19.4,,,,,,,,,,,,,,,,,,,,914.6,,
"1790","CARIBOO CREEK","2023081609",0,24.2,30,8.1,275,20.6,89.343,5.869,21.903,,,,,,,,,,,,,,,,,,,,914.6,,
"1790","CARIBOO CREEK","2023081610",0,25.3,27,9.7,281,21.2,89.974,6.963,24.711,,,,,,,,,,,,,,,,,,,,914.6,,
"1790","CARIBOO CREEK","2023081611",0,26.2,29,8.1,214,24,90.443,6.87,24.48,,,,,,,,,,,,,,,,,,,,914.6,,
"1790","CARIBOO CREEK","2023081612",0,26.9,23,9.8,285,23.8,91.125,8.25,27.784,0,93.896,12.182,36.838,77.731,414.477,105.839,4,,,,,,,,,,,,914.6,,
"1790","CARIBOO CREEK","2023081613",0,27.2,25,10.3,259,21.9,91.609,9.063,30.262,,,,,,,,,,,,,,,,,,,,914.6,,
"1790","CARIBOO CREEK","2023081614",0,27.8,23,8.9,233,20.2,92.107,9.062,30.259,,,,,,,,,,,,,,,,,,,,914.6,,
"1790","CARIBOO CREEK","2023081615",0,27.4,29,8,287,25.4,92.239,8.823,29.718,,,,,,,,,,,,,,,,,,,,914.6,,
"1790","CARIBOO CREEK","2023081616",0,27.3,25,8,271,18.7,92.504,9.159,30.479,,,,,,,,,,,,,,,,,,,,914.6,,
"1790","CARIBOO CREEK","2023081617",0,26.1,26,8.2,272,22,92.638,9.427,31.077,,,,,,,,,,,,,,,,,,,,914.6,,
"1790","CARIBOO CREEK","2023081618",0,23.6,39,5.9,300,14.8,92.542,8.284,28.472,,,,,,,,,,,,,,,,,,,,914.6,,
"1790","CARIBOO CREEK","2023081619",0,18.6,47,1.8,337,9,92.27,6.485,24.037,,,,,,,,,,,,,,,,,,,,914.6,,
"1790","CARIBOO CREEK","2023081620",0,16.5,52,3.7,306,7.6,91.875,6.748,24.717,,,,,,,,,,,,,,,,,,,,914.6,,
"1790","CARIBOO CREEK","2023081621",0,14.1,64,3.7,322,7.4,91.252,6.178,23.231,,,,,,,,,,,,,,,,,,,,914.6,,
"1790","CARIBOO CREEK","2023081622",0,12.5,73,0.8,333,8.6,90.595,4.86,19.564,,,,,,,,,,,,,,,,,,,,914.6,,
"1790","CARIBOO CREEK","2023081623",0,13.1,61,3.4,331,9.3,90.182,5.223,20.61,,,,,,,,,,,,,,,,,,,,914.6,,
"1994","TERRACE AIRPORT QD","2023081600",0,17.2,63,7.1,295,16,89.336,5.575,14.443,,,,,,,,,,,,,,,,,,,,595,,
"1994","TERRACE AIRPORT QD","2023081601",0,15.8,69,1.7,317,6.6,88.919,4,11.099,,,,,,,,,,,,,,,,,,,,595,,
"1994","TERRACE AIRPORT QD","2023081602",0,16.1,68,5.6,288,10.9,88.51,4.591,12.403,,,,,,,,,,,,,,,,,,,,595,,
"1994","TERRACE AIRPORT QD","2023081603",0,15.4,72,0.1,352,8,88.174,3.316,9.497,,,,,,,,,,,,,,,,,,,,595,,
"1994","TERRACE AIRPORT QD","2023081604",0,15.2,73,4.1,301,8.2,87.744,3.814,10.674,,,,,,,,,,,,,,,,,,,,595,,
"1994","TERRACE AIRPORT QD","2023081605",0,14.1,78,1,308,7,87.296,3.06,8.868,,,,,,,,,,,,,,,,,,,,595,,
"1994","TERRACE AIRPORT QD","2023081606",0,13.4,83,1,321,5.5,86.751,2.831,8.289,,,,,,,,,,,,,,,,,,,,595,,
"1994","TERRACE AIRPORT QD","2023081607",0,15.3,76,5.2,289,7.2,86.398,3.329,9.527,,,,,,,,,,,,,,,,,,,,595,,
"1994","TERRACE AIRPORT QD","2023081608",0,18.5,67,2,267,7.4,86.369,2.821,8.263,,,,,,,,,,,,,,,,,,,,595,,
"1994","TERRACE AIRPORT QD","2023081609",0,18,68,2.1,254,9.1,86.314,2.813,8.243,,,,,,,,,,,,,,,,,,,,595,,
"1994","TERRACE AIRPORT QD","2023081610",0,20,61,6.4,128,13.4,86.362,3.518,9.982,,,,,,,,,,,,,,,,,,,,595,,
"1994","TERRACE AIRPORT QD","2023081611",0,20.8,60,6.9,303,14.9,86.41,3.632,10.252,,,,,,,,,,,,,,,,,,,,595,,
"1994","TERRACE AIRPORT QD","2023081612",0,20.9,57,6,270,11.8,86.458,3.495,9.927,0,86.567,3.549,10.413,30.774,481.318,53.066,3,,,,,,,,,,,,595,,
"1994","TERRACE AIRPORT QD","2023081613",0,20.2,57,8.4,290,16.2,86.506,3.971,11.417,,,,,,,,,,,,,,,,,,,,595,,
"1994","TERRACE AIRPORT QD","2023081614",0,21,55,1.7,328,11.6,86.568,2.858,8.668,,,,,,,,,,,,,,,,,,,,595,,
"1994","TERRACE AIRPORT QD","2023081615",0,21.8,55,0.6,17,7.1,86.635,2.73,8.329,,,,,,,,,,,,,,,,,,,,595,,
"1994","TERRACE AIRPORT QD","2023081616",0,22.9,56,1.5,211,15.2,86.699,2.882,8.732,,,,,,,,,,,,,,,,,,,,595,,
"1994","TERRACE AIRPORT QD","2023081617",0,23.1,56,1.4,30,10.9,86.76,2.893,8.759,,,,,,,,,,,,,,,,,,,,595,,
"1994","TERRACE AIRPORT QD","2023081618",0,22.7,59,12.3,266,18.3,86.808,5.045,13.808,,,,,,,,,,,,,,,,,,,,595,,
"1994","TERRACE AIRPORT QD","2023081619",0,22.7,60,6.8,228,20.5,86.856,3.85,11.133,,,,,,,,,,,,,,,,,,,,595,,
"1994","TERRACE AIRPORT QD","2023081620",0,21.2,66,7.9,189,17.4,86.827,4.052,11.606,,,,,,,,,,,,,,,,,,,,595,,
"1994","TERRACE AIRPORT QD","2023081621",0,19.8,71,6.2,224,17.5,86.644,3.625,10.595,,,,,,,,,,,,,,,,,,,,595,,
"1994","TERRACE AIRPORT QD","2023081622",0,20.1,69,7.6,203,15.3,86.543,3.834,11.095,,,,,,,,,,,,,,,,,,,,595,,
"1994","TERRACE AIRPORT QD","2023081623",0,18.9,73,2.6,207,17.2,86.357,2.903,8.785,,,,,,,,,,,,,,,,,,,,595,,
"2130","QD WISEMAN","2023081600",0,,0,0,,0,,,,,,,,,,,,,,,,,,,,,,,,,
"2130","QD WISEMAN","2023081601",0,,0,0,,0,,,,,,,,,,,,,,,,,,,,,,,,,
"2130","QD WISEMAN","2023081602",0,,0,0,,0,,,,,,,,,,,,,,,,,,,,,,,,,
"2130","QD WISEMAN","2023081603",0,,0,0,,0,,,,,,,,,,,,,,,,,,,,,,,,,
"2130","QD WISEMAN","2023081604",0,,0,0,,0,,,,,,,,,,,,,,,,,,,,,,,,,
"2130","QD WISEMAN","2023081605",0,,0,0,,0,,,,,,,,,,,,,,,,,,,,,,,,,
"2130","QD WISEMAN","2023081606",0,,0,0,,0,,,,,,,,,,,,,,,,,,,,,,,,,
"2130","QD WISEMAN","2023081607",0,,0,0,,0,,,,,,,,,,,,,,,,,,,,,,,,,
"2130","QD WISEMAN","2023081608",0,,0,0,,0,,,,,,,,,,,,,,,,,,,,,,,,,
"2130","QD WISEMAN","2023081609",0,,0,0,,0,,,,,,,,,,,,,,,,,,,,,,,,,
"2130","QD WISEMAN","2023081610",0,,0,0,,0,,,,,,,,,,,,,,,,,,,,,,,,,
"2130","QD WISEMAN","2023081611",0,,0,0,,0,,,,,,,,,,,,,,,,,,,,,,,,,
"2130","QD WISEMAN","2023081612",0,,0,0,,0,,,,0,,,,,,,,,,,,,,,,,,,,,
"2130","QD WISEMAN","2023081613",0,,0,0,,0,,,,,,,,,,,,,,,,,,,,,,,,,
"2130","QD WISEMAN","2023081614",0,,0,0,,0,,,,,,,,,,,,,,,,,,,,,,,,,
"2130","QD WISEMAN","2023081615",0,,0,0,,0,,,,,,,,,,,,,,,,,,,,,,,,,
"2130","QD WISEMAN","2023081616",0,,0,0,,0,,,,,,,,,,,,,,,,,,,,,,,,,
"2130","QD WISEMAN","2023081617",0,,0,0,,0,,,,,,,,,,,,,,,,,,,,,,,,,
"2130","QD WISEMAN","2023081618",0,,0,0,,0,,,,,,,,,,,,,,,,,,,,,,,,,
"2130","QD WISEMAN","2023081619",0,,0,0,,0,,,,,,,,,,,,,,,,,,,,,,,,,
"2130","QD WISEMAN","2023081620",0,,0,0,,0,,,,,,,,,,,,,,,,,,,,,,,,,
"2130","QD WISEMAN","2023081621",0,,0,0,,0,,,,,,,,,,,,,,,,,,,,,,,,,
"2130","QD WISEMAN","2023081622",0,,0,0,,0,,,,,,,,,,,,,,,,,,,,,,,,,
"2130","QD WISEMAN","2023081623",0,,0,0,,0,,,,,,,,,,,,,,,,,,,,,,,,,
"2170","INKANEEP 2 EXT","2023081600",0,23.1,26,10.5,10,23.9,94.458,13.639,44.022,,,,,,,,,,,,,,,,,,,,400,,
"2170","INKANEEP 2 EXT","2023081601",0,23.3,28,13.2,335,24.8,94.39,15.483,47.707,,,,,,,,,,,,,,,,,,,,400,,
"2170","INKANEEP 2 EXT","2023081602",0,22.9,31,7.7,347,26.8,94.266,11.536,39.528,,,,,,,,,,,,,,,,,,,,400,,
"2170","INKANEEP 2 EXT","2023081603",0,21.6,39,12.5,337,22,93.891,13.948,44.654,,,,,,,,,,,,,,,,,,,,400,,
"2170","INKANEEP 2 EXT","2023081604",0,19.8,45,7.7,336,18.2,93.432,10.274,36.654,,,,,,,,,,,,,,,,,,,,400,,
"2170","INKANEEP 2 EXT","2023081605",0,18.6,47,7.2,315,22.2,92.979,9.404,34.579,,,,,,,,,,,,,,,,,,,,400,,
"2170","INKANEEP 2 EXT","2023081606",0,18.9,47,4.6,314,16.3,92.615,7.839,30.624,,,,,,,,,,,,,,,,,,,,400,,
"2170","INKANEEP 2 EXT","2023081607",0,22.6,36,9.3,316,22.7,92.567,9.866,35.692,,,,,,,,,,,,,,,,,,,,400,,
"2170","INKANEEP 2 EXT","2023081608",0,23.6,31,12.2,317,27.8,92.617,11.5,39.447,,,,,,,,,,,,,,,,,,,,400,,
"2170","INKANEEP 2 EXT","2023081609",0,25,30,9.6,261,22.6,92.667,10.159,36.384,,,,,,,,,,,,,,,,,,,,400,,
"2170","INKANEEP 2 EXT","2023081610",0,27.1,25,13.9,327,24.6,92.857,12.958,42.602,,,,,,,,,,,,,,,,,,,,400,,
"2170","INKANEEP 2 EXT","2023081611",0,27.1,24,18.4,320,28.9,93.062,16.729,50.084,,,,,,,,,,,,,,,,,,,,400,,
"2170","INKANEEP 2 EXT","2023081612",0,28.4,22,15.1,328,29.9,93.369,14.787,46.34,0,95.154,18.923,54.665,102.189,629.835,145.401,5,,,,,,,,,,,,400,,
"2170","INKANEEP 2 EXT","2023081613",0,29.1,23,17.8,316,34.5,93.594,17.482,52.043,,,,,,,,,,,,,,,,,,,,400,,
"2170","INKANEEP 2 EXT","2023081614",0,30,21,15.4,320,30.5,93.907,16.179,49.583,,,,,,,,,,,,,,,,,,,,400,,
"2170","INKANEEP 2 EXT","2023081615",0,29.6,22,10.1,335,27.6,94.07,12.67,42.463,,,,,,,,,,,,,,,,,,,,400,,
"2170","INKANEEP 2 EXT","2023081616",0,28.6,23,13.6,299,21.4,94.121,15.22,47.715,,,,,,,,,,,,,,,,,,,,400,,
"2170","INKANEEP 2 EXT","2023081617",0,26.9,25,0.1,345,15.9,94.172,7.763,30.783,,,,,,,,,,,,,,,,,,,,400,,
"2170","INKANEEP 2 EXT","2023081618",0,23.2,35,6.1,91,7.9,93.986,10.238,36.989,,,,,,,,,,,,,,,,,,,,400,,
"2170","INKANEEP 2 EXT","2023081619",0,20.3,41,9.6,69,12.5,93.605,11.583,40.081,,,,,,,,,,,,,,,,,,,,400,,
"2170","INKANEEP 2 EXT","2023081620",0,19,43,9.2,64,11.6,93.214,10.749,38.183,,,,,,,,,,,,,,,,,,,,400,,
"2170","INKANEEP 2 EXT","2023081621",0,18.3,45,11.9,62,14,92.79,11.605,40.129,,,,,,,,,,,,,,,,,,,,400,,
"2170","INKANEEP 2 EXT","2023081622",0,17.4,48,7.8,88,13,92.377,8.906,33.742,,,,,,,,,,,,,,,,,,,,400,,
"2170","INKANEEP 2 EXT","2023081623",0,16.9,48,10.4,83,13.7,91.985,9.607,35.476,,,,,,,,,,,,,,,,,,,,400,,
"2450","BIGATTINI","2023081600",0,23.1,31,8,299,17.7,94.233,11.658,39.939,,,,,,,,,,,,,,,,,,,,,,
"2450","BIGATTINI","2023081601",0,24.1,25,10.2,300,19.5,94.284,13.116,43.086,,,,,,,,,,,,,,,,,,,,,,
"2450","BIGATTINI","2023081602",0,23.8,25,9.1,301,22.9,94.325,12.479,41.733,,,,,,,,,,,,,,,,,,,,,,
"2450","BIGATTINI","2023081603",0,21.6,32,8.7,294,18.3,94.162,11.958,40.601,,,,,,,,,,,,,,,,,,,,,,
"2450","BIGATTINI","2023081604",0,20.6,35,9.8,311,14.9,93.922,12.227,41.187,,,,,,,,,,,,,,,,,,,,,,
"2450","BIGATTINI","2023081605",0,18.6,40,2.6,260,14.9,93.651,8.192,31.661,,,,,,,,,,,,,,,,,,,,,,
"2450","BIGATTINI","2023081606",0,19.1,42,4.4,316,12,93.336,8.585,32.668,,,,,,,,,,,,,,,,,,,,,,
"2450","BIGATTINI","2023081607",0,20.4,44,5,284,8.5,93.007,8.451,32.327,,,,,,,,,,,,,,,,,,,,,,
"2450","BIGATTINI","2023081608",0,26.6,27,10.8,324,24.1,93.057,11.399,39.363,,,,,,,,,,,,,,,,,,,,,,
"2450","BIGATTINI","2023081609",0,28.2,24,7.1,298,20.6,93.241,9.706,35.437,,,,,,,,,,,,,,,,,,,,,,
"2450","BIGATTINI","2023081610",0,29.7,23,4.8,36,18.9,93.48,8.937,33.554,,,,,,,,,,,,,,,,,,,,,,
"2450","BIGATTINI","2023081611",0,30.4,22,7.8,311,21.8,93.758,10.806,38.02,,,,,,,,,,,,,,,,,,,,,,
"2450","BIGATTINI","2023081612",0,29.9,21,11.5,339,26.9,94.018,13.498,43.884,0,95.812,17.264,51.783,110.569,547.086,146.91,5,,,,,,,,,,,,,,
"2450","BIGATTINI","2023081613",0,30.3,21,10.2,348,20,94.234,13.027,43.351,,,,,,,,,,,,,,,,,,,,,,
"2450","BIGATTINI","2023081614",0,30.7,21,8.3,303,21.2,94.415,12.137,41.427,,,,,,,,,,,,,,,,,,,,,,
"2450","BIGATTINI","2023081615",0,30.3,21,9.8,240,22.3,94.544,13.324,43.981,,,,,,,,,,,,,,,,,,,,,,
"2450","BIGATTINI","2023081616",0,29.6,24,5.1,332,20.6,94.595,10.588,37.923,,,,,,,,,,,,,,,,,,,,,,
"2450","BIGATTINI","2023081617",0,28.2,25,3.9,86,14.3,94.646,10.037,36.621,,,,,,,,,,,,,,,,,,,,,,
"2450","BIGATTINI","2023081618",0,25.7,30,5.9,238,18.3,94.567,10.982,38.834,,,,,,,,,,,,,,,,,,,,,,
"2450","BIGATTINI","2023081619",0,22.7,37,7.2,275,17.7,94.267,11.249,39.445,,,,,,,,,,,,,,,,,,,,,,
"2450","BIGATTINI","2023081620",0,21.2,38,7.9,248,13.7,93.956,11.163,39.249,,,,,,,,,,,,,,,,,,,,,,
"2450","BIGATTINI","2023081621",0,21.1,36,5.6,216,22.3,93.752,9.663,35.719,,,,,,,,,,,,,,,,,,,,,,
"2450","BIGATTINI","2023081622",0,19.9,40,5.1,156,17.7,93.469,9.06,34.23,,,,,,,,,,,,,,,,,,,,,,
"2450","BIGATTINI","2023081623",0,18.7,43,8.6,294,12,93.099,10.262,37.155,,,,,,,,,,,,,,,,,,,,,,
"2512","RAFT","2023081600",0,19,58,3.8,224,12.1,90.713,5.749,16.562,,,,,,,,,,,,,,,,,,,,485.8,,
"2512","RAFT","2023081601",0,18.4,53,3,280,14.3,90.483,5.344,15.674,,,,,,,,,,,,,,,,,,,,485.8,,
"2512","RAFT","2023081602",0,17.6,53,2.3,289,12,90.28,5.011,14.923,,,,,,,,,,,,,,,,,,,,485.8,,
"2512","RAFT","2023081603",0,16.8,54,3.7,269,9.7,90.055,5.207,15.366,,,,,,,,,,,,,,,,,,,,485.8,,
"2512","RAFT","2023081604",0,16.1,49,3.5,319,6.7,89.945,5.074,15.066,,,,,,,,,,,,,,,,,,,,485.8,,
"2512","RAFT","2023081605",0,15.4,55,1.6,265,7.9,89.75,4.484,13.694,,,,,,,,,,,,,,,,,,,,485.8,,
"2512","RAFT","2023081606",0,14.8,61,0.9,293,7.2,89.475,4.161,12.914,,,,,,,,,,,,,,,,,,,,485.8,,
"2512","RAFT","2023081607",0,15.1,65,1.4,303,7.4,89.137,4.065,12.677,,,,,,,,,,,,,,,,,,,,485.8,,
"2512","RAFT","2023081608",0,16.4,65,1.3,341,3.9,88.84,3.876,12.206,,,,,,,,,,,,,,,,,,,,485.8,,
"2512","RAFT","2023081609",0,21.6,47,0.8,299,5.3,88.889,3.806,12.029,,,,,,,,,,,,,,,,,,,,485.8,,
"2512","RAFT","2023081610",0,23.6,37,7.6,41,15.6,89.157,5.571,16.175,,,,,,,,,,,,,,,,,,,,485.8,,
"2512","RAFT","2023081611",0,25,31,14.4,45,23.3,89.684,8.465,21.976,,,,,,,,,,,,,,,,,,,,485.8,,
"2512","RAFT","2023081612",0,26.9,27,13,46,25.3,90.364,8.696,22.4,0,92.84,12.352,29.859,42.431,403.832,67.208,4,,,,,,,,,,,,485.8,,
"2512","RAFT","2023081613",0,28.7,29,8.3,57,24,90.877,7.384,20.86,,,,,,,,,,,,,,,,,,,,485.8,,
"2512","RAFT","2023081614",0,29.5,25,6.6,47,23.8,91.486,7.391,20.875,,,,,,,,,,,,,,,,,,,,485.8,,
"2512","RAFT","2023081615",0,30.2,26,6.2,303,15.4,91.964,7.751,21.599,,,,,,,,,,,,,,,,,,,,485.8,,
"2512","RAFT","2023081616",0,31.4,23,6.3,69,17.1,92.543,8.454,22.973,,,,,,,,,,,,,,,,,,,,485.8,,
"2512","RAFT","2023081617",0,30.2,27,11.9,56,19.9,92.79,11.606,28.621,,,,,,,,,,,,,,,,,,,,485.8,,
"2512","RAFT","2023081618",0,29.1,30,9.3,47,16.1,92.84,10.252,26.288,,,,,,,,,,,,,,,,,,,,485.8,,
"2512","RAFT","2023081619",0,24.4,43,0.7,272,15,92.692,6.51,19.04,,,,,,,,,,,,,,,,,,,,485.8,,
"2512","RAFT","2023081620",0,21.3,50,3.2,264,8.3,92.324,7.011,20.095,,,,,,,,,,,,,,,,,,,,485.8,,
"2512","RAFT","2023081621",0,20.2,51,2,292,8.7,91.992,6.298,18.582,,,,,,,,,,,,,,,,,,,,485.8,,
"2512","RAFT","2023081622",0,18.7,59,2.5,20,7.7,91.494,6.018,17.97,,,,,,,,,,,,,,,,,,,,485.8,,
"2512","RAFT","2023081623",0,17.8,56,1.7,298,7.1,91.137,5.495,16.795,,,,,,,,,,,,,,,,,,,,485.8,,
"2513","NORTH ADAMS","2023081600",0,25.4,37,6.6,219,22.4,92.427,8.443,27.762,,,,,,,,,,,,,,,,,,,,319.4,,
"2513","NORTH ADAMS","2023081601",0,22.8,37,6.2,227,20.1,92.389,8.231,27.281,,,,,,,,,,,,,,,,,,,,319.4,,
"2513","NORTH ADAMS","2023081602",0,21.8,38,7.1,206,14.6,92.313,8.521,27.937,,,,,,,,,,,,,,,,,,,,319.4,,
"2513","NORTH ADAMS","2023081603",0,21.1,37,5.9,214,12.3,92.262,7.963,26.667,,,,,,,,,,,,,,,,,,,,319.4,,
"2513","NORTH ADAMS","2023081604",0,20.6,39,8.6,203,17.3,92.154,8.985,28.967,,,,,,,,,,,,,,,,,,,,319.4,,
"2513","NORTH ADAMS","2023081605",0,19.6,38,5.9,229,12.5,92.077,7.758,26.191,,,,,,,,,,,,,,,,,,,,319.4,,
"2513","NORTH ADAMS","2023081606",0,19.7,40,4.2,223,11.7,91.976,7.02,24.434,,,,,,,,,,,,,,,,,,,,319.4,,
"2513","NORTH ADAMS","2023081607",0,22.4,34,2,333,8.8,92.026,6.328,22.712,,,,,,,,,,,,,,,,,,,,319.4,,
"2513","NORTH ADAMS","2023081608",0,24.2,30,8.4,347,13,92.076,8.798,28.555,,,,,,,,,,,,,,,,,,,,319.4,,
"2513","NORTH ADAMS","2023081609",0,26.2,32,4.6,0,14.1,92.126,7.316,25.149,,,,,,,,,,,,,,,,,,,,319.4,,
"2513","NORTH ADAMS","2023081610",0,27.9,27,5.2,4,12.5,92.342,7.774,26.23,,,,,,,,,,,,,,,,,,,,319.4,,
"2513","NORTH ADAMS","2023081611",0,29.2,23,4.2,45,14,92.724,7.8,26.291,,,,,,,,,,,,,,,,,,,,319.4,,
"2513","NORTH ADAMS","2023081612",0,30.3,22,5.4,11,16.1,93.136,8.779,28.512,0,94.464,10.558,33.31,65.529,640.377,104.361,5,,,,,,,,,,,,319.4,,
"2513","NORTH ADAMS","2023081613",0,31.3,19,2.9,92,7.8,93.62,8.281,28.281,,,,,,,,,,,,,,,,,,,,319.4,,
"2513","NORTH ADAMS","2023081614",0,31.8,20,2.9,9,9.5,93.988,8.715,29.283,,,,,,,,,,,,,,,,,,,,319.4,,
"2513","NORTH ADAMS","2023081615",0,32.5,20,1.9,114,12.1,94.303,8.655,29.146,,,,,,,,,,,,,,,,,,,,319.4,,
"2513","NORTH ADAMS","2023081616",0,29.4,25,7,186,12.9,94.354,11.271,34.785,,,,,,,,,,,,,,,,,,,,319.4,,
"2513","NORTH ADAMS","2023081617",0,26.5,31,15.2,202,17.7,94.27,16.843,45.122,,,,,,,,,,,,,,,,,,,,319.4,,
"2513","NORTH ADAMS","2023081618",0,25.6,34,16.8,202,20.7,94.081,17.784,46.704,,,,,,,,,,,,,,,,,,,,319.4,,
"2513","NORTH ADAMS","2023081619",0,24.9,35,14.7,201,20.8,93.884,15.568,42.912,,,,,,,,,,,,,,,,,,,,319.4,,
"2513","NORTH ADAMS","2023081620",0,24.5,34,14.6,202,19.8,93.74,15.183,42.228,,,,,,,,,,,,,,,,,,,,319.4,,
"2513","NORTH ADAMS","2023081621",0,23.5,38,12.1,203,19.8,93.492,12.932,38.067,,,,,,,,,,,,,,,,,,,,319.4,,
"2513","NORTH ADAMS","2023081622",0,22.7,40,11.7,205,17.8,93.212,12.188,36.622,,,,,,,,,,,,,,,,,,,,319.4,,
"2513","NORTH ADAMS","2023081623",0,21,46,5.3,215,15.5,92.848,8.389,28.533,,,,,,,,,,,,,,,,,,,,319.4,,
"2850","FALL RIVER QD8","2023081600",0,12.7,59,6.9,220,12.7,85.827,3.346,11.211,,,,,,,,,,,,,,,,,,,,175.8,,
"2850","FALL RIVER QD8","2023081601",0,10.8,69,3.9,208,11.6,85.713,2.831,9.762,,,,,,,,,,,,,,,,,,,,175.8,,
"2850","FALL RIVER QD8","2023081602",0,11.5,64,5.6,220,9.7,85.702,3.08,10.473,,,,,,,,,,,,,,,,,,,,175.8,,
"2850","FALL RIVER QD8","2023081603",0,10.9,68,5.2,220,10.8,85.614,2.981,10.194,,,,,,,,,,,,,,,,,,,,175.8,,
"2850","FALL RIVER QD8","2023081604",0,10.1,72,3.6,210,11.1,85.459,2.692,9.354,,,,,,,,,,,,,,,,,,,,175.8,,
"2850","FALL RIVER QD8","2023081605",0,10,71,5.7,225,11.5,85.326,2.938,10.069,,,,,,,,,,,,,,,,,,,,175.8,,
"2850","FALL RIVER QD8","2023081606",0,10.8,69,5.2,235,10.3,85.255,2.837,9.778,,,,,,,,,,,,,,,,,,,,175.8,,
"2850","FALL RIVER QD8","2023081607",0,13.3,61,6.1,251,14.5,85.303,2.988,10.212,,,,,,,,,,,,,,,,,,,,175.8,,
"2850","FALL RIVER QD8","2023081608",0,15,55,5.8,273,11.7,85.387,2.978,10.183,,,,,,,,,,,,,,,,,,,,175.8,,
"2850","FALL RIVER QD8","2023081609",0,18.3,47,7.8,311,21.1,85.7,3.44,11.465,,,,,,,,,,,,,,,,,,,,175.8,,
"2850","FALL RIVER QD8","2023081610",0,19.6,44,7.1,297,17.3,86.081,3.503,11.634,,,,,,,,,,,,,,,,,,,,175.8,,
"2850","FALL RIVER QD8","2023081611",0,22,39,6.2,283,15,86.623,3.614,11.93,,,,,,,,,,,,,,,,,,,,175.8,,
"2850","FALL RIVER QD8","2023081612",0,22.3,39,10.3,248,20.9,87.142,4.783,14.865,0,89.276,6.494,19.357,41.178,559.506,69.558,4,,,,,,,,,,,,175.8,,
"2850","FALL RIVER QD8","2023081613",0,22.1,40,8.8,252,23.5,87.535,4.691,15.188,,,,,,,,,,,,,,,,,,,,175.8,,
"2850","FALL RIVER QD8","2023081614",0,21.6,42,10,261,21.4,87.803,5.178,16.369,,,,,,,,,,,,,,,,,,,,175.8,,
"2850","FALL RIVER QD8","2023081615",0,21.5,42,9.5,272,21.6,88.027,5.214,16.455,,,,,,,,,,,,,,,,,,,,175.8,,
"2850","FALL RIVER QD8","2023081616",0,22,41,6.7,256,27,88.251,4.675,15.15,,,,,,,,,,,,,,,,,,,,175.8,,
"2850","FALL RIVER QD8","2023081617",0,21.8,42,8.1,266,24.3,88.416,5.137,16.272,,,,,,,,,,,,,,,,,,,,175.8,,
"2850","FALL RIVER QD8","2023081618",0,21.4,45,7.1,247,20.5,88.47,4.923,15.756,,,,,,,,,,,,,,,,,,,,175.8,,
"2850","FALL RIVER QD8","2023081619",0,19.9,48,7.5,256,15.6,88.519,5.058,16.084,,,,,,,,,,,,,,,,,,,,175.8,,
"2850","FALL RIVER QD8","2023081620",0,18.4,51,7.1,227,12.8,88.559,4.986,15.909,,,,,,,,,,,,,,,,,,,,175.8,,
"2850","FALL RIVER QD8","2023081621",0,16.8,52,7.3,221,13.7,88.545,5.027,16.007,,,,,,,,,,,,,,,,,,,,175.8,,
"2850","FALL RIVER QD8","2023081622",0,15.6,58,5.2,224,11,88.403,4.431,14.538,,,,,,,,,,,,,,,,,,,,175.8,,
"2850","FALL RIVER QD8","2023081623",0,14.8,65,6.2,209,10.8,88.114,4.47,14.638,,,,,,,,,,,,,,,,,,,,175.8,,
"2890","QD K71535","2023081600",0,26.5,32,6.8,24,13.4,96.228,14.41,45.225,,,,,,,,,,,,,,,,,,,,237.4,,
"2890","QD K71535","2023081601",0,26,32,5.6,21,11.1,95.915,13.004,42.355,,,,,,,,,,,,,,,,,,,,237.4,,
"2890","QD K71535","2023081602",0,24.9,36,7.1,5,10.7,95.492,13.241,42.849,,,,,,,,,,,,,,,,,,,,237.4,,
"2890","QD K71535","2023081603",0,24,36,7.1,1,8.1,95.117,12.581,41.465,,,,,,,,,,,,,,,,,,,,237.4,,
"2890","QD K71535","2023081604",0,23.2,40,3.8,59,7.1,94.72,10.09,35.922,,,,,,,,,,,,,,,,,,,,237.4,,
"2890","QD K71535","2023081605",0,21.8,43,5,23,8.7,94.261,10.061,35.854,,,,,,,,,,,,,,,,,,,,237.4,,
"2890","QD K71535","2023081606",0,21.9,39,3.8,354,7.1,93.979,9.108,33.572,,,,,,,,,,,,,,,,,,,,237.4,,
"2890","QD K71535","2023081607",0,23.3,46,0.2,217,6.1,93.671,7.279,28.877,,,,,,,,,,,,,,,,,,,,237.4,,
"2890","QD K71535","2023081608",0,25.9,29,2.8,22,7.7,93.722,8.357,31.698,,,,,,,,,,,,,,,,,,,,237.4,,
"2890","QD K71535","2023081609",0,27,29,3.2,146,10.4,93.773,8.587,32.282,,,,,,,,,,,,,,,,,,,,237.4,,
"2890","QD K71535","2023081610",0,27.9,29,5,195,9,93.824,9.47,34.45,,,,,,,,,,,,,,,,,,,,237.4,,
"2890","QD K71535","2023081611",0,30.4,23,5.9,209,8.8,93.979,10.125,36.005,,,,,,,,,,,,,,,,,,,,237.4,,
"2890","QD K71535","2023081612",0,32.1,20,5.6,256,16.5,94.31,10.441,36.737,0,95.343,12.031,40.869,97.146,675.419,142.906,4,,,,,,,,,,,,237.4,,
"2890","QD K71535","2023081613",0,33.9,18,4.7,360,11.5,94.745,10.593,37.629,,,,,,,,,,,,,,,,,,,,237.4,,
"2890","QD K71535","2023081614",0,34.8,17,4.2,26,12.9,95.172,10.953,38.458,,,,,,,,,,,,,,,,,,,,237.4,,
"2890","QD K71535","2023081615",0,35.9,17,3.4,340,12.3,95.547,11.071,38.727,,,,,,,,,,,,,,,,,,,,237.4,,
"2890","QD K71535","2023081616",0,35.3,17,4.7,14,11.8,95.818,12.265,41.378,,,,,,,,,,,,,,,,,,,,237.4,,
"2890","QD K71535","2023081617",0,34.4,20,3.6,359,11,95.869,11.684,40.104,,,,,,,,,,,,,,,,,,,,237.4,,
"2890","QD K71535","2023081618",0,30.9,23,6,350,7.7,95.914,13.266,43.513,,,,,,,,,,,,,,,,,,,,237.4,,
"2890","QD K71535","2023081619",0,29.2,30,6.5,18,8.7,95.729,13.267,43.516,,,,,,,,,,,,,,,,,,,,237.4,,
"2890","QD K71535","2023081620",0,29.9,27,5.7,285,10.9,95.67,12.641,42.19,,,,,,,,,,,,,,,,,,,,237.4,,
"2890","QD K71535","2023081621",0,28.9,29,5.8,357,13.3,95.546,12.493,41.871,,,,,,,,,,,,,,,,,,,,237.4,,
"2890","QD K71535","2023081622",0,28.6,29,6.4,304,16.2,95.429,12.673,42.257,,,,,,,,,,,,,,,,,,,,237.4,,
"2890","QD K71535","2023081623",0,28.3,32,4.7,300,17.3,95.25,11.353,39.363,,,,,,,,,,,,,,,,,,,,237.4,,
"2910","QD K21633","2023081600",0,18.4,45,15.7,321,25.9,92.342,13.196,43.146,,,,,,,,,,,,,,,,,,,,208,,
"2910","QD K21633","2023081601",0,17.5,41,22.6,321,33.6,92.075,17.993,52.466,,,,,,,,,,,,,,,,,,,,208,,
"2910","QD K21633","2023081602",0,16.4,44,22.8,317,35.1,91.749,17.355,51.299,,,,,,,,,,,,,,,,,,,,208,,
"2910","QD K21633","2023081603",0,15.6,47,22.7,321,31.8,91.379,16.385,49.485,,,,,,,,,,,,,,,,,,,,208,,
"2910","QD K21633","2023081604",0,14.5,49,22.8,318,35.9,90.997,15.596,47.973,,,,,,,,,,,,,,,,,,,,208,,
"2910","QD K21633","2023081605",0,14,48,18.6,306,36.6,90.705,12.106,40.821,,,,,,,,,,,,,,,,,,,,208,,
"2910","QD K21633","2023081606",0,14.2,45,13.8,283,34.1,90.538,9.281,34.316,,,,,,,,,,,,,,,,,,,,208,,
"2910","QD K21633","2023081607",0,15.5,42,15.8,289,26.4,90.468,10.163,36.432,,,,,,,,,,,,,,,,,,,,208,,
"2910","QD K21633","2023081608",0,17.1,35,19.6,319,35.7,90.518,12.396,41.448,,,,,,,,,,,,,,,,,,,,208,,
"2910","QD K21633","2023081609",0,18.7,29,18.5,313,32.8,90.659,11.966,40.517,,,,,,,,,,,,,,,,,,,,208,,
"2910","QD K21633","2023081610",0,20.3,24,14.6,324,34.2,91.003,10.326,36.813,,,,,,,,,,,,,,,,,,,,208,,
"2910","QD K21633","2023081611",0,21.9,20,17.9,303,29.2,91.534,13.15,43.05,,,,,,,,,,,,,,,,,,,,208,,
"2910","QD K21633","2023081612",0,22.6,27,18.6,304,31.9,91.7,13.948,44.699,0,93.233,19.259,55.197,98.666,679.014,144.749,5,,,,,,,,,,,,208,,
"2910","QD K21633","2023081613",0,22.9,28,16.3,295,31.9,91.804,12.606,42.271,,,,,,,,,,,,,,,,,,,,208,,
"2910","QD K21633","2023081614",0,24,29,14.8,296,31.8,91.885,11.822,40.561,,,,,,,,,,,,,,,,,,,,208,,
"2910","QD K21633","2023081615",0,24.3,28,12.4,299,30.6,91.998,10.645,37.892,,,,,,,,,,,,,,,,,,,,208,,
"2910","QD K21633","2023081616",0,24.8,29,13.4,291,26.6,92.068,11.307,39.407,,,,,,,,,,,,,,,,,,,,208,,
"2910","QD K21633","2023081617",0,24.4,28,11.4,311,24.5,92.151,10.342,37.186,,,,,,,,,,,,,,,,,,,,208,,
"2910","QD K21633","2023081618",0,24,31,8.9,313,21.1,92.201,9.183,34.389,,,,,,,,,,,,,,,,,,,,208,,
"2910","QD K21633","2023081619",0,22,36,8.5,318,19,92.194,8.991,33.91,,,,,,,,,,,,,,,,,,,,208,,
"2910","QD K21633","2023081620",0,20.5,40,9.2,314,14.3,92.066,9.147,34.3,,,,,,,,,,,,,,,,,,,,208,,
"2910","QD K21633","2023081621",0,19.8,42,4.9,8,11.8,91.921,7.216,29.258,,,,,,,,,,,,,,,,,,,,208,,
"2910","QD K21633","2023081622",0,19.9,40,0.8,71,11.1,91.865,5.822,25.247,,,,,,,,,,,,,,,,,,,,208,,
"2910","QD K21633","2023081623",0,20.5,38,3.3,161,5.4,91.84,6.581,27.476,,,,,,,,,,,,,,,,,,,,208,,
"2930","TS SOUTH FORK","2023081600",0,14.8,74,1.8,87,4.4,89.626,4.449,20.629,,,,,,,,,,,,,,,,,,,,418,,
"2930","TS SOUTH FORK","2023081601",0,14.2,77,2.6,77,4.6,88.95,4.204,19.801,,,,,,,,,,,,,,,,,,,,418,,
"2930","TS SOUTH FORK","2023081602",0,13.6,80,2.4,72,5.2,88.271,3.775,18.302,,,,,,,,,,,,,,,,,,,,418,,
"2930","TS SOUTH FORK","2023081603",0,13,82,2.7,51,5,87.599,3.481,17.236,,,,,,,,,,,,,,,,,,,,418,,
"2930","TS SOUTH FORK","2023081604",0,12.2,87,3.2,59,5.4,86.807,3.189,16.138,,,,,,,,,,,,,,,,,,,,418,,
"2930","TS SOUTH FORK","2023081605",0,11.9,88,3,60,6.1,86.07,2.845,14.795,,,,,,,,,,,,,,,,,,,,418,,
"2930","TS SOUTH FORK","2023081606",0,12.9,84,3.2,60,6.8,85.566,2.678,14.121,,,,,,,,,,,,,,,,,,,,418,,
"2930","TS SOUTH FORK","2023081607",0,14.8,81,2.8,81,4.7,85.231,2.505,13.406,,,,,,,,,,,,,,,,,,,,418,,
"2930","TS SOUTH FORK","2023081608",0,17,75,2.9,96,6.6,85.126,2.481,13.307,,,,,,,,,,,,,,,,,,,,418,,
"2930","TS SOUTH FORK","2023081609",0,19.6,66,2.1,101,5.6,85.174,2.399,12.959,,,,,,,,,,,,,,,,,,,,418,,
"2930","TS SOUTH FORK","2023081610",0,23.6,55,0.6,167,4.1,85.404,2.297,12.518,,,,,,,,,,,,,,,,,,,,418,,
"2930","TS SOUTH FORK","2023081611",0,25.3,36,2.1,176,6.7,86.183,2.762,14.463,,,,,,,,,,,,,,,,,,,,418,,
"2930","TS SOUTH FORK","2023081612",0,26.8,30,2.8,234,5.7,87.156,3.284,16.502,0,94.185,8.863,33.557,101.703,620.69,144.297,5,,,,,,,,,,,,418,,
"2930","TS SOUTH FORK","2023081613",0,27.9,32,2.5,193,7.8,87.962,3.63,17.979,,,,,,,,,,,,,,,,,,,,418,,
"2930","TS SOUTH FORK","2023081614",0,28.7,25,2.5,192,10.9,88.949,4.182,19.943,,,,,,,,,,,,,,,,,,,,418,,
"2930","TS SOUTH FORK","2023081615",0,28.7,27,2.9,219,8,89.71,4.76,21.888,,,,,,,,,,,,,,,,,,,,418,,
"2930","TS SOUTH FORK","2023081616",0,28.5,33,2.2,155,7.1,90.108,4.865,22.229,,,,,,,,,,,,,,,,,,,,418,,
"2930","TS SOUTH FORK","2023081617",0,26.3,39,1.5,123,4.3,90.194,4.754,21.868,,,,,,,,,,,,,,,,,,,,418,,
"2930","TS SOUTH FORK","2023081618",0,22.8,54,1.8,71,4.4,90.064,4.737,21.813,,,,,,,,,,,,,,,,,,,,418,,
"2930","TS SOUTH FORK","2023081619",0,19.2,64,2.5,48,4.6,89.674,4.641,21.494,,,,,,,,,,,,,,,,,,,,418,,
"2930","TS SOUTH FORK","2023081620",0,16.6,65,3,50,4.2,89.286,4.502,21.031,,,,,,,,,,,,,,,,,,,,418,,
"2930","TS SOUTH FORK","2023081621",0,14.9,71,2.1,55,5.1,88.817,4.022,19.385,,,,,,,,,,,,,,,,,,,,418,,
"2930","TS SOUTH FORK","2023081622",0,13.5,75,3.1,56,4.6,88.279,3.915,19.008,,,,,,,,,,,,,,,,,,,,418,,
"2930","TS SOUTH FORK","2023081623",0,12.8,77,1.7,56,4.2,87.783,3.398,17.12,,,,,,,,,,,,,,,,,,,,418,,
"2950","QD K22024","2023081600",0,23.1,29,6.2,329,17.7,93.713,9.906,32.964,,,,,,,,,0,0,,0,0,0,0,0,,0,0,,0,
"2950","QD K22024","2023081601",0,22.1,34,7,1,21.8,93.585,10.132,33.461,,,,,,,,,0,0,,0,0,0,0,0,,0,0,,0,
"2950","QD K22024","2023081602",0,20.2,40,4.3,330,16.6,93.332,8.537,29.83,,,,,,,,,0,0,,0,0,0,0,0,,0,0,,0,
"2950","QD K22024","2023081603",0,19.3,38,4.8,356,12,93.138,8.52,29.79,,,,,,,,,0,0,,0,0,0,0,0,,0,0,,0,
"2950","QD K22024","2023081604",0,18.5,36,4.3,15,10.2,93.002,8.151,28.91,,,,,,,,,0,0,,0,0,0,0,0,,0,0,,0,
"2950","QD K22024","2023081605",0,17.9,37,4.1,14,10.8,92.854,7.905,28.311,,,,,,,,,0,0,,0,0,0,0,0,,0,0,,0,
"2950","QD K22024","2023081606",0,17.4,39,2.2,55,11.4,92.697,7.026,26.109,,,,,,,,,0,0,,0,0,0,0,0,,0,0,,0,
"2950","QD K22024","2023081607",0,18.9,34,3.5,355,10.2,92.649,7.451,27.187,,,,,,,,,0,0,,0,0,0,0,0,,0,0,,0,
"2950","QD K22024","2023081608",0,20.7,29,7.3,315,16,92.699,9.088,31.115,,,,,,,,,0,0,,0,0,0,0,0,,0,0,,0,
"2950","QD K22024","2023081609",0,23,26,7.2,339,20,92.749,9.106,31.157,,,,,,,,,0,0,,0,0,0,0,0,,0,0,,0,
"2950","QD K22024","2023081610",0,24.6,21,9.9,341,18.9,92.996,10.8,34.908,,,,,,,,,0,0,,0,0,0,0,0,,0,0,,0,
"2950","QD K22024","2023081611",0,26.9,17,8.5,347,22.3,93.462,10.741,34.782,,,,,,,,,0,0,,0,0,0,0,0,,0,0,,0,
"2950","QD K22024","2023081612",0,27.4,19,10.4,3,19.5,93.773,12.345,38.105,0,94.763,14.154,42.495,77.81,613.622,118.161,4,0,0,,0,0,0,0,0,,0,0,,0,
"2950","QD K22024","2023081613",0,28.6,20,8.9,338,21.2,94.017,11.839,37.862,,,,,,,,,0,0,,0,0,0,0,0,,0,0,,0,
"2950","QD K22024","2023081614",0,29.4,21,8.4,332,21.2,94.193,11.83,37.843,,,,,,,,,0,0,,0,0,0,0,0,,0,0,,0,
"2950","QD K22024","2023081615",0,29.4,22,6.8,5,24.6,94.285,11.053,36.197,,,,,,,,,0,0,,0,0,0,0,0,,0,0,,0,
"2950","QD K22024","2023081616",0,29.4,22,6.3,332,16,94.358,10.888,35.841,,,,,,,,,0,0,,0,0,0,0,0,,0,0,,0,
"2950","QD K22024","2023081617",0,28.1,24,6.9,336,13.7,94.409,11.3,36.726,,,,,,,,,0,0,,0,0,0,0,0,,0,0,,0,
"2950","QD K22024","2023081618",0,27,26,5.1,0,15.4,94.46,10.393,34.759,,,,,,,,,0,0,,0,0,0,0,0,,0,0,,0,
"2950","QD K22024","2023081619",0,24.4,31,1.7,121,6.2,94.388,8.671,30.803,,,,,,,,,0,0,,0,0,0,0,0,,0,0,,0,
"2950","QD K22024","2023081620",0,22.6,34,1.9,303,2.8,94.241,8.582,30.59,,,,,,,,,0,0,,0,0,0,0,0,,0,0,,0,
"2950","QD K22024","2023081621",0,22.1,36,2.4,260,5.1,94.053,8.575,30.573,,,,,,,,,0,0,,0,0,0,0,0,,0,0,,0,
"2950","QD K22024","2023081622",0,21.6,37,3.6,291,5.1,93.84,8.845,31.218,,,,,,,,,0,0,,0,0,0,0,0,,0,0,,0,
"2950","QD K22024","2023081623",0,21.4,37,2.7,285,4.5,93.658,8.242,29.766,,,,,,,,,0,0,,0,0,0,0,0,,0,0,,0,
