"STATION_CODE","STATION_NAME","DATE_TIME",HOURLY_PRECIPITATION,HOURLY_TEMPERATURE,HOURLY_RELATIVE_HUMIDITY,HOURLY_WIND_SPEED,HOURLY_WIND_DIRECTION,HOURLY_WIND_GUST,HOURLY_FINE_FUEL_MOISTURE_CODE,HOURLY_INITIAL_SPREAD_INDEX,HOURLY_FIRE_WEATHER_INDEX,PRECIPITATION,FINE_FUEL_MOISTURE_CODE,INITIAL_SPREAD_INDEX,FIRE_WEATHER_INDEX,DUFF_MOISTURE_CODE,DROUGHT_CODE,BUILDUP_INDEX,DANGER_RATING,RN_1_PLUVIO1,SNOW_DEPTH,SNOW_DEPTH_QUALITY,PRECIP_PLUVIO1_STATUS,PRECIP_PLUVIO1_TOTAL,RN_1_PLUVIO2,PRECIP_PLUVIO2_STATUS,PRECIP_PLUVIO2_TOTAL,RN_1_RIT,PRECIP_RIT_STATUS,PRECIP_RIT_TOTAL,PRECIP_RGT,SOLAR_RADIATION_LICOR,SOLAR_RADIATION_CM3
"11","SUMMIT","2023081900",0,13.3,61,8.1,118,14.3,86.073,3.68,13.866,,,,,,,,,0,0,,0,0,0,0,0,,0,0,,0,
"11","SUMMIT","2023081901",0,13.6,55,6,67,13.1,86.121,3.333,12.829,,,,,,,,,0,0,,0,0,0,0,0,,0,0,,0,
"11","SUMMIT","2023081902",0,13.2,60,6.9,111,12.5,86.164,3.509,13.359,,,,,,,,,0,0,,0,0,0,0,0,,0,0,,0,
"11","SUMMIT","2023081903",0,13.1,61,6.8,96,14.3,86.183,3.5,13.335,,,,,,,,,0,0,,0,0,0,0,0,,0,0,,0,
"11","SUMMIT","2023081904",0,11.8,63,0,120,9.7,86.173,2.481,10.097,,,,,,,,,0,0,,0,0,0,0,0,,0,0,,0,
"11","SUMMIT","2023081905",0,10.9,63,5.2,359,12.5,86.128,3.204,12.435,,,,,,,,,0,0,,0,0,0,0,0,,0,0,,0,
"11","SUMMIT","2023081906",0,10.7,68,5.4,359,11.4,85.994,3.176,12.349,,,,,,,,,0,0,,0,0,0,0,0,,0,0,,0,
"11","SUMMIT","2023081907",0,13,60,3.9,349,7.4,86.042,2.965,11.685,,,,,,,,,0,0,,0,0,0,0,0,,0,0,,0,
"11","SUMMIT","2023081908",0,14.7,60,7.7,343,12.5,86.09,3.615,13.675,,,,,,,,,0,0,,0,0,0,0,0,,0,0,,0,
"11","SUMMIT","2023081909",0,17.2,50,0,335,10.2,86.194,2.489,10.122,,,,,,,,,0,0,,0,0,0,0,0,,0,0,,0,
"11","SUMMIT","2023081910",0,20.5,34,1.6,332,9.1,86.721,2.906,11.497,,,,,,,,,0,0,,0,0,0,0,0,,0,0,,0,
"11","SUMMIT","2023081911",0,21.5,32,1.6,325,9.1,87.276,3.145,12.252,,,,,,,,,0,0,,0,0,0,0,0,,0,0,,0,
"11","SUMMIT","2023081912",0,23.1,30,5.2,309,10.8,87.962,4.159,15.238,0,91.843,7.245,23.53,57.427,443.9,86.786,4,0,0,,0,0,0,0,0,,0,0,,0,
"11","SUMMIT","2023081913",0,24.8,27,0,310,12,88.532,3.473,13.659,,,,,,,,,0,0,,0,0,0,0,0,,0,0,,0,
"11","SUMMIT","2023081914",0,25,23,4.8,28,15.4,89.367,4.987,17.975,,,,,,,,,0,0,,0,0,0,0,0,,0,0,,0,
"11","SUMMIT","2023081915",0,25.6,24,5.2,246,11.4,90.069,5.627,19.639,,,,,,,,,0,0,,0,0,0,0,0,,0,0,,0,
"11","SUMMIT","2023081916",0,24.7,29,2.6,335,14.9,90.412,5.184,18.497,,,,,,,,,0,0,,0,0,0,0,0,,0,0,,0,
"11","SUMMIT","2023081917",0,23.2,31,4.1,312,18.3,90.608,5.75,19.949,,,,,,,,,0,0,,0,0,0,0,0,,0,0,,0,
"11","SUMMIT","2023081918",0,21.2,33,3.4,338,14.9,90.667,5.598,19.565,,,,,,,,,0,0,,0,0,0,0,0,,0,0,,0,
"11","SUMMIT","2023081919",0,19,37,3.3,343,13.1,90.717,5.609,19.593,,,,,,,,,0,0,,0,0,0,0,0,,0,0,,0,
"11","SUMMIT","2023081920",0,17.1,38,0,22,12.5,90.755,4.776,17.408,,,,,,,,,0,0,,0,0,0,0,0,,0,0,,0,
"11","SUMMIT","2023081921",0,16.7,35,7.4,337,11.4,90.805,6.984,22.928,,,,,,,,,0,0,,0,0,0,0,0,,0,0,,0,
"11","SUMMIT","2023081922",0,16.6,34,5.5,345,14.9,90.855,6.392,21.528,,,,,,,,,0,0,,0,0,0,0,0,,0,0,,0,
"11","SUMMIT","2023081923",0,16.2,39,0,352,9.1,90.866,4.852,17.615,,,,,,,,,0,0,,0,0,0,0,0,,0,0,,0,
"19","MENZIES CAMP","2023081900",0,9.3,79,1.6,302,12,87.09,3.063,12.221,,,,,,,,,0,0,,0,0,0,0,0,,0,0,,0,
"19","MENZIES CAMP","2023081901",0,8.5,83,0,266,7.4,86.667,2.661,10.905,,,,,,,,,0,0,,0,0,0,0,0,,0,0,,0,
"19","MENZIES CAMP","2023081902",0,8,85,0,286,8.5,86.229,2.501,10.362,,,,,,,,,0,0,,0,0,0,0,0,,0,0,,0,
"19","MENZIES CAMP","2023081903",0,8.2,86,2.5,310,9.7,85.674,2.624,10.782,,,,,,,,,0,0,,0,0,0,0,0,,0,0,,0,
"19","MENZIES CAMP","2023081904",0,7.5,87,0,285,7.9,85.26,2.184,9.247,,,,,,,,,0,0,,0,0,0,0,0,,0,0,,0,
"19","MENZIES CAMP","2023081905",0,7.2,90,1.7,282,7.9,84.678,2.197,9.293,,,,,,,,,0,0,,0,0,0,0,0,,0,0,,0,
"19","MENZIES CAMP","2023081906",0,6.3,92,0,243,0,84.185,1.886,8.144,,,,,,,,,0,0,,0,0,0,0,0,,0,0,,0,
"19","MENZIES CAMP","2023081907",0,8.8,87,0,283,7.9,83.88,1.811,7.856,,,,,,,,,0,0,,0,0,0,0,0,,0,0,,0,
"19","MENZIES CAMP","2023081908",0,13,73,3.4,108,12,83.911,2.158,9.153,,,,,,,,,0,0,,0,0,0,0,0,,0,0,,0,
"19","MENZIES CAMP","2023081909",0,16,64,4.7,69,13.7,83.992,2.33,9.765,,,,,,,,,0,0,,0,0,0,0,0,,0,0,,0,
"19","MENZIES CAMP","2023081910",0,19.5,53,3.1,96,10.2,84.319,2.245,9.467,,,,,,,,,0,0,,0,0,0,0,0,,0,0,,0,
"19","MENZIES CAMP","2023081911",0,22.5,41,5.3,72,17.7,85.043,2.769,11.265,,,,,,,,,0,0,,0,0,0,0,0,,0,0,,0,
"19","MENZIES CAMP","2023081912",0,24.5,37,4,49,13.7,85.857,2.904,11.708,0,91.74,6.721,22.692,55.488,582.212,89.622,4,0,0,,0,0,0,0,0,,0,0,,0,
"19","MENZIES CAMP","2023081913",0,26.2,31,5.8,57,13.7,86.897,3.682,14.556,,,,,,,,,0,0,,0,0,0,0,0,,0,0,,0,
"19","MENZIES CAMP","2023081914",0,27.4,24,5.3,64,13.1,88.11,4.27,16.294,,,,,,,,,0,0,,0,0,0,0,0,,0,0,,0,
"19","MENZIES CAMP","2023081915",0,26.6,25,7.5,32,15.4,89.076,5.48,19.599,,,,,,,,,0,0,,0,0,0,0,0,,0,0,,0,
"19","MENZIES CAMP","2023081916",0,26.9,25,4.4,35,17.7,89.837,5.228,18.937,,,,,,,,,0,0,,0,0,0,0,0,,0,0,,0,
"19","MENZIES CAMP","2023081917",0,25.2,34,3.4,57,14.3,90.082,5.149,18.727,,,,,,,,,0,0,,0,0,0,0,0,,0,0,,0,
"19","MENZIES CAMP","2023081918",0,21.8,38,4,39,16,90.131,5.344,19.244,,,,,,,,,0,0,,0,0,0,0,0,,0,0,,0,
"19","MENZIES CAMP","2023081919",0,18.5,43,4.8,29,16.6,90.151,5.58,19.858,,,,,,,,,0,0,,0,0,0,0,0,,0,0,,0,
"19","MENZIES CAMP","2023081920",0,16.5,46,2.2,306,12,90.097,4.857,17.94,,,,,,,,,0,0,,0,0,0,0,0,,0,0,,0,
"19","MENZIES CAMP","2023081921",0,15.2,50,0,272,2.8,90.012,4.295,16.366,,,,,,,,,0,0,,0,0,0,0,0,,0,0,,0,
"19","MENZIES CAMP","2023081922",0,13.9,53,0,274,7.9,89.884,4.217,16.143,,,,,,,,,0,0,,0,0,0,0,0,,0,0,,0,
"19","MENZIES CAMP","2023081923",0,12.6,62,3.3,279,9.1,89.523,4.728,17.586,,,,,,,,,0,0,,0,0,0,0,0,,0,0,,0,
"21","WOSS CAMP","2023081900",0,9.5,87,1.6,137,6.2,87.002,3.025,10.497,,,,,,,,,,20.2,,,,,,,,2,948.102,,,
"21","WOSS CAMP","2023081901",0,8.2,91,1.7,83,3.3,86.201,2.714,9.587,,,,,,,,,,20.2,,,,,,,,2,948.129,,,
"21","WOSS CAMP","2023081902",0,7.3,94,1.9,101,3.3,85.333,2.428,8.718,,,,,,,,,,20.1,,,,,,,,2,948.13,,,
"21","WOSS CAMP","2023081903",0,6.5,95,1.6,32,3.3,84.519,2.139,7.8,,,,,,,,,,20.2,,,,,,,,2,948.111,,,
"21","WOSS CAMP","2023081904",0,5.8,96,1.6,70,3.9,83.734,1.926,7.095,,,,,,,,,,20.3,,,,,,,,2,948.639,,,
"21","WOSS CAMP","2023081905",0,5.2,97,0,94,2.8,83.104,1.636,6.095,,,,,,,,,,20.3,,,,,,,,2,948.65,,,
"21","WOSS CAMP","2023081906",0,5.1,98,0,103,3.3,82.469,1.51,5.639,,,,,,,,,,20.5,,,,,,,,2,947.662,,,
"21","WOSS CAMP","2023081907",0,8.6,95,2,26,3.9,81.888,1.555,5.805,,,,,,,,,,20.9,,,,,,,,2,947.654,,,
"21","WOSS CAMP","2023081908",0,13.4,71,0,244,2.8,81.964,1.419,5.305,,,,,,,,,,20.9,,,,,,,,2,947.105,,,
"21","WOSS CAMP","2023081909",0,15.9,63,2.7,237,6.8,82.203,1.674,6.229,,,,,,,,,,21,,,,,,,,2,947.069,,,
"21","WOSS CAMP","2023081910",0,18.7,54,2.3,110,6.8,82.644,1.733,6.435,,,,,,,,,,20.9,,,,,,,,2,946.504,,,
"21","WOSS CAMP","2023081911",0,20.5,52,6.2,320,15.4,83.212,2.268,8.214,,,,,,,,,,21.1,,,,,,,,2,946.497,,,
"21","WOSS CAMP","2023081912",0,21.8,50,9.9,316,20.6,83.864,2.976,10.357,0,89.275,6.363,19.196,43.353,468.066,70.403,4,,21.2,,,,,,,,2,945.969,,,
"21","WOSS CAMP","2023081913",0,23.1,46,11,324,27.5,84.616,3.48,12.111,,,,,,,,,,21.2,,,,,,,,2,944.465,,,
"21","WOSS CAMP","2023081914",0,23.5,44,11.3,307,24.6,85.342,3.904,13.266,,,,,,,,,,21.4,,,,,,,,2,943.963,,,
"21","WOSS CAMP","2023081915",0,24,43,12.9,316,25.2,86.029,4.658,15.209,,,,,,,,,,21.1,,,,,,,,2,943.469,,,
"21","WOSS CAMP","2023081916",0,22.7,45,14.8,318,32.1,86.5,5.478,17.188,,,,,,,,,,21.1,,,,,,,,2,942.955,,,
"21","WOSS CAMP","2023081917",0,21.6,49,14.9,335,30.4,86.742,5.698,17.698,,,,,,,,,,21.2,,,,,,,,2,943.476,,,
"21","WOSS CAMP","2023081918",0,19.3,56,16.4,324,29.8,86.79,6.187,18.806,,,,,,,,,,21.4,,,,,,,,2,943.008,,,
"21","WOSS CAMP","2023081919",0,17.7,62,14.7,329,29.8,86.791,5.68,17.657,,,,,,,,,,21.5,,,,,,,,2,943.031,,,
"21","WOSS CAMP","2023081920",0,16.7,64,11.9,338,23.5,86.726,4.887,15.775,,,,,,,,,,21,,,,,,,,2,943.535,,,
"21","WOSS CAMP","2023081921",0,15.8,69,12,330,24.6,86.53,4.777,15.504,,,,,,,,,,21.3,,,,,,,,2,943.549,,,
"21","WOSS CAMP","2023081922",0,15,71,7.5,317,25.8,86.318,3.696,12.704,,,,,,,,,,21.4,,,,,,,,2,943.552,,,
"21","WOSS CAMP","2023081923",0,14.4,73,7.9,319,19.5,86.073,3.643,12.56,,,,,,,,,,21.4,,,,,,,,2,943.559,,,
"37","BEAVER CREEK","2023081900",0,12.8,77,3.6,8,6.2,88.475,4.13,18.912,,,,,,,,,0,193.3,,0,0,0,0,0,,0,0,,0,
"37","BEAVER CREEK","2023081901",0,11.8,81,2.8,359,5.1,87.819,3.611,17.124,,,,,,,,,0,193.3,,0,0,0,0,0,,0,0,,0,
"37","BEAVER CREEK","2023081902",0,10.8,84,2.7,311,3.9,87.147,3.263,15.871,,,,,,,,,0,193.3,,0,0,0,0,0,,0,0,,0,
"37","BEAVER CREEK","2023081903",0,9.4,92,2.2,58,3.9,86.241,2.799,14.11,,,,,,,,,0,193.3,,0,0,0,0,0,,0,0,,0,
"37","BEAVER CREEK","2023081904",0,9.4,92,3.5,327,4.5,85.388,2.652,13.53,,,,,,,,,0,193.3,,0,0,0,0,0,,0,0,,0,
"37","BEAVER CREEK","2023081905",0,8.5,95,1.9,13,4.5,84.521,2.172,11.544,,,,,,,,,0,193.3,,0,0,0,0,0,,0,0,,0,
"37","BEAVER CREEK","2023081906",0,8.3,97,1.9,344,4.5,83.615,1.924,10.455,,,,,,,,,0,193.3,,0,0,0,0,0,,0,0,,0,
"37","BEAVER CREEK","2023081907",0,9.1,95,1.8,314,3.3,82.922,1.75,9.659,,,,,,,,,0,193.3,,0,0,0,0,0,,0,0,,0,
"37","BEAVER CREEK","2023081908",0,13.1,81,2.9,64,5.6,82.864,1.837,10.057,,,,,,,,,0,193.3,,0,0,0,0,0,,0,0,,0,
"37","BEAVER CREEK","2023081909",0,16.2,64,5.8,178,7.9,83.042,2.174,11.554,,,,,,,,,0,193.3,,0,0,0,0,0,,0,0,,0,
"37","BEAVER CREEK","2023081910",0,20.4,50,6.4,162,10.8,83.613,2.414,12.563,,,,,,,,,0,193.3,,0,0,0,0,0,,0,0,,0,
"37","BEAVER CREEK","2023081911",0,22.4,43,6.1,138,10.8,84.382,2.634,13.458,,,,,,,,,0,193.3,,0,0,0,0,0,,0,0,,0,
"37","BEAVER CREEK","2023081912",0,24.5,39,7,177,12.5,85.292,3.122,15.345,0,92.352,8.525,31.752,88.97,636.729,131.873,5,0,193.3,,0,0,0,0,0,,0,0,,0,
"37","BEAVER CREEK","2023081913",0,26.5,29,8.9,191,13.7,86.596,4.125,19.121,,,,,,,,,0,193.3,,0,0,0,0,0,,0,0,,0,
"37","BEAVER CREEK","2023081914",0,28,27,5.6,118,14.9,87.782,4.136,19.159,,,,,,,,,0,193.3,,0,0,0,0,0,,0,0,,0,
"37","BEAVER CREEK","2023081915",0,28.7,21,7.1,204,22.3,89.113,5.399,23.198,,,,,,,,,0,193.3,,0,0,0,0,0,,0,0,,0,
"37","BEAVER CREEK","2023081916",0,27.5,23,13.3,105,28.7,90.127,8.534,31.775,,,,,,,,,0,193.3,,0,0,0,0,0,,0,0,,0,
"37","BEAVER CREEK","2023081917",0,27.4,23,6.5,90,24.1,90.852,6.72,27.017,,,,,,,,,0,193.3,,0,0,0,0,0,,0,0,,0,
"37","BEAVER CREEK","2023081918",0,25.9,25,9.1,81,17.7,91.32,8.187,30.903,,,,,,,,,0,193.3,,0,0,0,0,0,,0,0,,0,
"37","BEAVER CREEK","2023081919",0,22.7,37,4.7,341,17.7,91.37,6.606,26.703,,,,,,,,,0,193.3,,0,0,0,0,0,,0,0,,0,
"37","BEAVER CREEK","2023081920",0,19.4,42,4.5,265,18.9,91.296,6.472,26.326,,,,,,,,,0,193.3,,0,0,0,0,0,,0,0,,0,
"37","BEAVER CREEK","2023081921",0,16.7,54,3.6,358,12,90.963,5.898,24.684,,,,,,,,,0,193.3,,0,0,0,0,0,,0,0,,0,
"37","BEAVER CREEK","2023081922",0,15.1,64,3.3,16,7.4,90.446,5.397,23.192,,,,,,,,,0,193.3,,0,0,0,0,0,,0,0,,0,
"37","BEAVER CREEK","2023081923",0,14,66,3.7,30,6.2,89.934,5.117,22.334,,,,,,,,,0,193.3,,0,0,0,0,0,,0,0,,0,
"45","SALTSPRING 2","2023081900",0,9.1,91,1.2,298,5.4,83.576,1.848,11.139,,,,,,,,,0,-161.8,,0,0,,,,,,,4850,,
"45","SALTSPRING 2","2023081901",0,10.2,88,6.3,301,9,83.156,2.263,13.099,,,,,,,,,0,-196.9,,0,0,,,,,,,4850,,
"45","SALTSPRING 2","2023081902",0,10.6,87,7.8,289,11.4,82.814,2.336,13.431,,,,,,,,,0,-126.3,,0,0,,,,,,,4850,,
"45","SALTSPRING 2","2023081903",0,11.7,80,6.2,287,13.3,82.768,2.143,12.546,,,,,,,,,0,-98.9,,0,0,,,,,,,4850,,
"45","SALTSPRING 2","2023081904",0,13.8,71,5.2,256,18.5,82.815,2.05,12.109,,,,,,,,,0,-155.4,,0,0,,,,,,,4850,,
"45","SALTSPRING 2","2023081905",0,10.4,84,5.7,277,8.6,82.635,2.055,12.134,,,,,,,,,0,-201.5,,0,0,,,,,,,4850,,
"45","SALTSPRING 2","2023081906",0,10.5,85,0.3,230,8.4,82.493,1.538,9.56,,,,,,,,,0,-210.2,,0,0,,,,,,,4850,,
"45","SALTSPRING 2","2023081907",0,16,65,2.9,270,7.7,82.665,1.791,10.855,,,,,,,,,0,-196.1,,0,0,,,,,,,4850,,
"45","SALTSPRING 2","2023081908",0,18.1,58,3.4,303,9.1,82.989,1.914,11.459,,,,,,,,,0,-159.9,,0,0,,,,,,,4850,,
"45","SALTSPRING 2","2023081909",0,19.9,52,5.5,302,13.3,83.488,2.269,13.127,,,,,,,,,0,-175.5,,0,0,,,,,,,4850,,
"45","SALTSPRING 2","2023081910",0,21.9,43,9.2,271,13.3,84.302,3.046,16.464,,,,,,,,,0,-118.1,,0,0,,,,,,,4850,,
"45","SALTSPRING 2","2023081911",0,23.3,40,10.9,276,18,85.192,3.747,19.193,,,,,,,,,0,-91.8,,0,0,,,,,,,4850,,
"45","SALTSPRING 2","2023081912",0,24.5,36,10.4,316,16.7,86.142,4.172,20.746,0,90.401,7.668,31.8,126.527,657.41,170.849,5,0,-73.3,,0,0,,,,,,,4850,,
"45","SALTSPRING 2","2023081913",0,25.5,33,10.4,307,23,87.106,4.783,22.984,,,,,,,,,0,-69.5,,0,0,,,,,,,4850,,
"45","SALTSPRING 2","2023081914",0,26.5,27,11,298,20.3,88.219,5.78,26.236,,,,,,,,,0,-118.8,,0,0,,,,,,,4850,,
"45","SALTSPRING 2","2023081915",0,27.1,27,9.7,284,19,89.147,6.185,27.489,,,,,,,,,0,-133.6,,0,0,,,,,,,4850,,
"45","SALTSPRING 2","2023081916",0,27.3,27,7.2,315,17.8,89.884,6.06,27.108,,,,,,,,,0,-106.8,,0,0,,,,,,,4850,,
"45","SALTSPRING 2","2023081917",0,26.8,29,5,287,14.6,90.364,5.811,26.334,,,,,,,,,0,-107.9,,0,0,,,,,,,4850,,
"45","SALTSPRING 2","2023081918",0,24.6,37,7.9,282,15.6,90.431,6.789,29.294,,,,,,,,,0,-57.3,,0,0,,,,,,,4850,,
"45","SALTSPRING 2","2023081919",0,19.7,49,5.5,299,13,90.313,5.916,26.661,,,,,,,,,0,-121.9,,0,0,,,,,,,4850,,
"45","SALTSPRING 2","2023081920",0,16.5,62,3.1,269,7,89.919,4.954,23.563,,,,,,,,,0,-79.7,,0,0,,,,,,,4850,,
"45","SALTSPRING 2","2023081921",0,15.8,63,2.1,218,7.1,89.563,4.476,21.929,,,,,,,,,0,-13.4,,0,0,,,,,,,4850,,
"45","SALTSPRING 2","2023081922",0,16.2,55,2.6,224,9,89.398,4.484,21.954,,,,,,,,,0,-86.1,,0,0,,,,,,,4850,,
"45","SALTSPRING 2","2023081923",0,18.8,44,5.4,257,11.4,89.447,5.199,24.374,,,,,,,,,0,-129.4,,0,0,,,,,,,4850,,
"56","BOWSER","2023081900",0,11,82,1.8,229,3.9,87.103,3.099,14.112,,,,,,,,,,,,,,,,,,,,,,
"56","BOWSER","2023081901",0,10.3,89,2,242,4.5,86.34,2.81,13.071,,,,,,,,,,,,,,,,,,,,,,
"56","BOWSER","2023081902",0,10.7,82,4.4,275,8.5,85.857,2.963,13.626,,,,,,,,,,,,,,,,,,,,,,
"56","BOWSER","2023081903",0,9.9,87,4.2,276,6.8,85.257,2.698,12.657,,,,,,,,,,,,,,,,,,,,,,
"56","BOWSER","2023081904",0,10,85,5.3,296,12.5,84.78,2.671,12.556,,,,,,,,,,,,,,,,,,,,,,
"56","BOWSER","2023081905",0,10.3,84,3.9,283,9.7,84.407,2.366,11.391,,,,,,,,,,,,,,,,,,,,,,
"56","BOWSER","2023081906",0,11.3,80,6,334,13.1,84.181,2.551,12.105,,,,,,,,,,,,,,,,,,,,,,
"56","BOWSER","2023081907",0,13.7,71,6.2,315,14.9,84.228,2.593,12.265,,,,,,,,,,,,,,,,,,,,,,
"56","BOWSER","2023081908",0,16.6,64,6.2,325,16,84.292,2.615,12.349,,,,,,,,,,,,,,,,,,,,,,
"56","BOWSER","2023081909",0,18.2,56,7.6,348,16,84.53,2.899,13.394,,,,,,,,,,,,,,,,,,,,,,
"56","BOWSER","2023081910",0,19,60,7.4,26,17.2,84.68,2.928,13.502,,,,,,,,,,,,,,,,,,,,,,
"56","BOWSER","2023081911",0,20.2,54,5.6,49,12.5,84.956,2.777,12.952,,,,,,,,,,,,,,,,,,,,,,
"56","BOWSER","2023081912",0,21.1,51,6.4,40,13.1,85.299,3.032,13.873,0,89.144,5.235,21.122,73.782,561.347,111.068,4,,,,,,,,,,,,,,
"56","BOWSER","2023081913",0,22,49,7,23,13.7,85.682,3.296,14.993,,,,,,,,,,,,,,,,,,,,,,
"56","BOWSER","2023081914",0,23.1,46,4.6,15,12.5,86.105,3.099,14.299,,,,,,,,,,,,,,,,,,,,,,
"56","BOWSER","2023081915",0,23.3,44,3.8,16,10.2,86.523,3.157,14.506,,,,,,,,,,,,,,,,,,,,,,
"56","BOWSER","2023081916",0,24,44,4.2,46,11.4,86.915,3.406,15.374,,,,,,,,,,,,,,,,,,,,,,
"56","BOWSER","2023081917",0,24.3,43,3.9,328,9.1,87.289,3.538,15.824,,,,,,,,,,,,,,,,,,,,,,
"56","BOWSER","2023081918",0,22.1,51,5,285,8.5,87.366,3.781,16.637,,,,,,,,,,,,,,,,,,,,,,
"56","BOWSER","2023081919",0,19.2,62,1.9,338,5.6,87.341,3.223,14.737,,,,,,,,,,,,,,,,,,,,,,
"56","BOWSER","2023081920",0,16.6,64,4,263,5.6,87.231,3.526,15.786,,,,,,,,,,,,,,,,,,,,,,
"56","BOWSER","2023081921",0,16.9,61,4.3,287,13.7,87.197,3.563,15.91,,,,,,,,,,,,,,,,,,,,,,
"56","BOWSER","2023081922",0,16.1,63,5.7,291,13.7,87.11,3.776,16.622,,,,,,,,,,,,,,,,,,,,,,
"56","BOWSER","2023081923",0,16.6,58,4,285,13.7,87.143,3.482,15.636,,,,,,,,,,,,,,,,,,,,,,
"59","CEDAR","2023081900",0,12.9,75,1.9,319,6.8,88.107,3.596,17.124,,,,,,,,,,,,,,,,,,,,,,
"59","CEDAR","2023081901",0,13.1,68,5.5,288,9.7,87.781,4.114,18.916,,,,,,,,,,,,,,,,,,,,,,
"59","CEDAR","2023081902",0,11.5,77,4.6,291,7.4,87.281,3.661,17.355,,,,,,,,,,,,,,,,,,,,,,
"59","CEDAR","2023081903",0,11.6,76,4.7,279,13.1,86.861,3.466,16.658,,,,,,,,,,,,,,,,,,,,,,
"59","CEDAR","2023081904",0,10.9,78,3.5,252,8.5,86.451,3.078,15.228,,,,,,,,,,,,,,,,,,,,,,
"59","CEDAR","2023081905",0,10.8,78,6,301,10.2,86.053,3.301,16.058,,,,,,,,,,,,,,,,,,,,,,
"59","CEDAR","2023081906",0,11.5,75,2.4,356,7.9,85.813,2.662,13.615,,,,,,,,,,,,,,,,,,,,,,
"59","CEDAR","2023081907",0,16.4,56,11.3,331,16,85.861,4.197,19.192,,,,,,,,,,,,,,,,,,,,,,
"59","CEDAR","2023081908",0,18.8,49,14,327,20,86.108,4.978,21.709,,,,,,,,,,,,,,,,,,,,,,
"59","CEDAR","2023081909",0,20.7,45,9.1,321,18.3,86.46,4.087,18.824,,,,,,,,,,,,,,,,,,,,,,
"59","CEDAR","2023081910",0,21.6,47,14.6,20,25.2,86.764,5.629,23.685,,,,,,,,,,,,,,,,,,,,,,
"59","CEDAR","2023081911",0,23.1,45,15.5,354,22.3,87.137,6.212,25.373,,,,,,,,,,,,,,,,,,,,,,
"59","CEDAR","2023081912",0,23.6,44,14.7,5,24.6,87.496,6.28,25.566,0,90.84,10.14,35.681,89.166,643.101,132.428,5,,,,,,,,,,,,,,
"59","CEDAR","2023081913",0,24.5,42,13.9,18,24.1,87.892,6.383,26.116,,,,,,,,,,,,,,,,,,,,,,
"59","CEDAR","2023081914",0,25.3,40,10.1,29,20.6,88.298,5.587,23.8,,,,,,,,,,,,,,,,,,,,,,
"59","CEDAR","2023081915",0,25.6,38,12.5,14,18.3,88.731,6.709,27.029,,,,,,,,,,,,,,,,,,,,,,
"59","CEDAR","2023081916",0,26,34,10.4,6,18.3,89.237,6.49,26.419,,,,,,,,,,,,,,,,,,,,,,
"59","CEDAR","2023081917",0,26.1,30,13.8,359,21.8,89.839,8.398,31.481,,,,,,,,,,,,,,,,,,,,,,
"59","CEDAR","2023081918",0,25.6,27,10.7,329,22.9,90.405,7.79,29.927,,,,,,,,,,,,,,,,,,,,,,
"59","CEDAR","2023081919",0,23.3,34,1.8,258,10.8,90.511,5.05,22.16,,,,,,,,,,,,,,,,,,,,,,
"59","CEDAR","2023081920",0,20.1,43,2.1,265,7.9,90.523,5.136,22.427,,,,,,,,,,,,,,,,,,,,,,
"59","CEDAR","2023081921",0,18.7,45,3.5,216,7.9,90.472,5.472,23.454,,,,,,,,,,,,,,,,,,,,,,
"59","CEDAR","2023081922",0,18.2,45,2.6,243,11.4,90.424,5.193,22.604,,,,,,,,,,,,,,,,,,,,,,
"59","CEDAR","2023081923",0,17.5,49,4,292,9.1,90.289,5.466,23.436,,,,,,,,,,,,,,,,,,,,,,
"67","HAIG CAMP","2023081900",0,10.6,78,0,89,0,88.908,3.666,19.017,,,,,,,,,,,,,,,,,,,,,,
"67","HAIG CAMP","2023081901",0,10.5,78,3.6,340,7.4,88.283,4.018,20.329,,,,,,,,,,,,,,,,,,,,,,
"67","HAIG CAMP","2023081902",0,10.9,74,3.3,41,7.4,87.828,3.708,19.177,,,,,,,,,,,,,,,,,,,,,,
"67","HAIG CAMP","2023081903",0,11.5,69,6.5,63,14.9,87.494,4.153,20.82,,,,,,,,,,,,,,,,,,,,,,
"67","HAIG CAMP","2023081904",0,13.3,60,7.6,66,20.6,87.39,4.325,21.435,,,,,,,,,,,,,,,,,,,,,,
"67","HAIG CAMP","2023081905",0,13.9,56,12.7,82,23.5,87.376,5.581,25.652,,,,,,,,,,,,,,,,,,,,,,
"67","HAIG CAMP","2023081906",0,13.9,55,11.3,82,27.5,87.385,5.207,24.443,,,,,,,,,,,,,,,,,,,,,,
"67","HAIG CAMP","2023081907",0,14.8,54,10.7,84,24.6,87.429,5.084,24.037,,,,,,,,,,,,,,,,,,,,,,
"67","HAIG CAMP","2023081908",0,16.3,54,9.9,103,24.1,87.478,4.918,23.48,,,,,,,,,,,,,,,,,,,,,,
"67","HAIG CAMP","2023081909",0,19.4,42,12.4,84,24.1,87.695,5.754,26.2,,,,,,,,,,,,,,,,,,,,,,
"67","HAIG CAMP","2023081910",0,21.9,40,9,93,21.8,88.002,5.066,23.975,,,,,,,,,,,,,,,,,,,,,,
"67","HAIG CAMP","2023081911",0,24.6,33,8.2,105,17.7,88.584,5.289,24.712,,,,,,,,,,,,,,,,,,,,,,
"67","HAIG CAMP","2023081912",0,27.9,24,3.1,249,16,89.485,4.656,22.59,0,93.523,8.252,33.623,136.915,624.204,176.852,5,,,,,,,,,,,,,,
"67","HAIG CAMP","2023081913",0,29.3,25,3.9,258,12.5,90.293,5.442,25.341,,,,,,,,,,,,,,,,,,,,,,
"67","HAIG CAMP","2023081914",0,29.8,22,5,232,13.7,91.137,6.488,28.602,,,,,,,,,,,,,,,,,,,,,,
"67","HAIG CAMP","2023081915",0,31.2,22,4,263,12.5,91.88,6.856,29.693,,,,,,,,,,,,,,,,,,,,,,
"67","HAIG CAMP","2023081916",0,31.2,23,3.5,271,10.8,92.428,7.223,30.759,,,,,,,,,,,,,,,,,,,,,,
"67","HAIG CAMP","2023081917",0,30.2,31,2.1,274,5.1,92.51,6.809,29.555,,,,,,,,,,,,,,,,,,,,,,
"67","HAIG CAMP","2023081918",0,25.7,41,2.4,259,6.8,92.436,6.841,29.65,,,,,,,,,,,,,,,,,,,,,,
"67","HAIG CAMP","2023081919",0,21,53,3.2,217,14.9,92.022,6.719,29.29,,,,,,,,,,,,,,,,,,,,,,
"67","HAIG CAMP","2023081920",0,17.1,59,1.9,232,4.5,91.537,5.875,26.721,,,,,,,,,,,,,,,,,,,,,,
"67","HAIG CAMP","2023081921",0,15.5,58,0,255,0,91.225,5.107,24.243,,,,,,,,,,,,,,,,,,,,,,
"67","HAIG CAMP","2023081922",0,16,50,3.7,316,9.7,90.978,5.94,26.926,,,,,,,,,,,,,,,,,,,,,,
"67","HAIG CAMP","2023081923",0,17.5,41,8.4,79,16.6,90.926,7.473,31.468,,,,,,,,,,,,,,,,,,,,,,
"72","UBC RESEARCH","2023081900",0,13.9,65,5.4,325,9.7,88.357,4.446,18.456,,,,,,,,,,,,,,,,,,,,,,
"72","UBC RESEARCH","2023081901",0,13.7,63,5,326,9.1,88.118,4.211,17.73,,,,,,,,,,,,,,,,,,,,,,
"72","UBC RESEARCH","2023081902",0,13.1,66,3.3,342,9.1,87.857,3.723,16.17,,,,,,,,,,,,,,,,,,,,,,
"72","UBC RESEARCH","2023081903",0,12.6,68,2.9,342,9.7,87.584,3.509,15.462,,,,,,,,,,,,,,,,,,,,,,
"72","UBC RESEARCH","2023081904",0,11.7,75,3.3,2,7.4,87.177,3.378,15.02,,,,,,,,,,,,,,,,,,,,,,
"72","UBC RESEARCH","2023081905",0,10.9,78,2.8,31,5.6,86.746,3.098,14.052,,,,,,,,,,,,,,,,,,,,,,
"72","UBC RESEARCH","2023081906",0,10.6,80,3,16,5.1,86.303,2.939,13.487,,,,,,,,,,,,,,,,,,,,,,
"72","UBC RESEARCH","2023081907",0,12,79,1.7,30,4.5,85.956,2.622,12.323,,,,,,,,,,,,,,,,,,,,,,
"72","UBC RESEARCH","2023081908",0,15.7,67,2.2,160,4.5,85.932,2.68,12.539,,,,,,,,,,,,,,,,,,,,,,
"72","UBC RESEARCH","2023081909",0,16.8,62,4.3,159,7.9,85.98,2.999,13.7,,,,,,,,,,,,,,,,,,,,,,
"72","UBC RESEARCH","2023081910",0,19,51,5.7,167,9.7,86.145,3.294,14.731,,,,,,,,,,,,,,,,,,,,,,
"72","UBC RESEARCH","2023081911",0,22,47,4.4,94,9.7,86.448,3.22,14.476,,,,,,,,,,,,,,,,,,,,,,
"72","UBC RESEARCH","2023081912",0,23.9,41,5.9,162,8.5,86.952,3.73,16.193,0,91.196,6.846,25.534,73.929,559.802,111.158,4,,,,,,,,,,,,,,
"72","UBC RESEARCH","2023081913",0,24.6,42,5.9,151,10.2,87.381,3.965,17.245,,,,,,,,,,,,,,,,,,,,,,
"72","UBC RESEARCH","2023081914",0,26.1,34,4.7,159,13.1,88.047,4.105,17.698,,,,,,,,,,,,,,,,,,,,,,
"72","UBC RESEARCH","2023081915",0,25.7,34,4.9,157,11.4,88.596,4.487,18.895,,,,,,,,,,,,,,,,,,,,,,
"72","UBC RESEARCH","2023081916",0,26,34,4.4,137,8.5,89.067,4.681,19.488,,,,,,,,,,,,,,,,,,,,,,
"72","UBC RESEARCH","2023081917",0,24.5,35,3.6,307,10.2,89.373,4.698,19.54,,,,,,,,,,,,,,,,,,,,,,
"72","UBC RESEARCH","2023081918",0,21.3,50,2.1,342,7.4,89.393,4.368,18.527,,,,,,,,,,,,,,,,,,,,,,
"72","UBC RESEARCH","2023081919",0,18.4,62,2.8,12,3.9,89.119,4.351,18.473,,,,,,,,,,,,,,,,,,,,,,
"72","UBC RESEARCH","2023081920",0,16.3,68,2.9,42,5.6,88.725,4.133,17.785,,,,,,,,,,,,,,,,,,,,,,
"72","UBC RESEARCH","2023081921",0,15.3,62,3,26,5.1,88.499,4.021,17.425,,,,,,,,,,,,,,,,,,,,,,
"72","UBC RESEARCH","2023081922",0,15.8,57,3.5,346,7.4,88.394,4.062,17.557,,,,,,,,,,,,,,,,,,,,,,
"72","UBC RESEARCH","2023081923",0,14.7,61,3.3,35,5.6,88.214,3.918,17.095,,,,,,,,,,,,,,,,,,,,,,
"75","TOBA CAMP","2023081900",0,10.1,99,1.7,3,3.3,84.527,2.152,8.276,,,,,,,,,0,0,,0,0,0,0,0,,0,0,,0,
"75","TOBA CAMP","2023081901",0,9.8,99,0,355,0,83.632,1.753,6.883,,,,,,,,,0,0,,0,0,0,0,0,,0,0,,0,
"75","TOBA CAMP","2023081902",0,9.4,100,0,98,4.5,82.751,1.564,6.189,,,,,,,,,0,0,,0,0,0,0,0,,0,0,,0,
"75","TOBA CAMP","2023081903",0,9.2,100,2,30,3.3,81.766,1.533,6.069,,,,,,,,,0,0,,0,0,0,0,0,,0,0,,0,
"75","TOBA CAMP","2023081904",0,8.8,100,0,57,2.2,81.057,1.276,5.068,,,,,,,,,0,0,,0,0,0,0,0,,0,0,,0,
"75","TOBA CAMP","2023081905",0,8.5,100,2.7,145,3.9,80.236,1.336,5.306,,,,,,,,,0,0,,0,0,0,0,0,,0,0,,0,
"75","TOBA CAMP","2023081906",0,8.7,100,1.6,10,3.9,79.533,1.175,4.659,,,,,,,,,0,0,,0,0,0,0,0,,0,0,,0,
"75","TOBA CAMP","2023081907",0,9.6,100,0,36,2.8,79.003,1.03,4.045,,,,,,,,,0,0,,0,0,0,0,0,,0,0,,0,
"75","TOBA CAMP","2023081908",0,12.3,99,1.9,67,3.9,78.473,1.08,4.259,,,,,,,,,0,0,,0,0,0,0,0,,0,0,,0,
"75","TOBA CAMP","2023081909",0,16,77,2.1,11,5.1,78.7,1.113,4.4,,,,,,,,,0,0,,0,0,0,0,0,,0,0,,0,
"75","TOBA CAMP","2023081910",0,19.7,57,2.8,65,5.1,79.436,1.237,4.909,,,,,,,,,0,0,,0,0,0,0,0,,0,0,,0,
"75","TOBA CAMP","2023081911",0,22.3,50,3,190,7.4,80.403,1.38,5.483,,,,,,,,,0,0,,0,0,0,0,0,,0,0,,0,
"75","TOBA CAMP","2023081912",0,24.1,43,4.5,148,9.7,81.628,1.71,6.729,0,90.854,6.077,19.47,48.105,480.325,76.945,4,0,0,,0,0,0,0,0,,0,0,,0,
"75","TOBA CAMP","2023081913",0,25.8,41,5.4,250,10.2,82.898,2.092,8.362,,,,,,,,,0,0,,0,0,0,0,0,,0,0,,0,
"75","TOBA CAMP","2023081914",0,26.4,41,6.2,201,13.7,84.048,2.531,9.843,,,,,,,,,0,0,,0,0,0,0,0,,0,0,,0,
"75","TOBA CAMP","2023081915",0,26.3,40,6.3,202,15.4,85.058,2.918,11.073,,,,,,,,,0,0,,0,0,0,0,0,,0,0,,0,
"75","TOBA CAMP","2023081916",0,25.8,40,6.7,171,15.4,85.897,3.345,12.363,,,,,,,,,0,0,,0,0,0,0,0,,0,0,,0,
"75","TOBA CAMP","2023081917",0,24.8,44,6.9,158,14.9,86.439,3.647,13.238,,,,,,,,,0,0,,0,0,0,0,0,,0,0,,0,
"75","TOBA CAMP","2023081918",0,21.2,66,3.5,317,15.4,86.473,3.088,11.594,,,,,,,,,0,0,,0,0,0,0,0,,0,0,,0,
"75","TOBA CAMP","2023081919",0,16.4,82,2,322,5.1,86.017,2.685,10.339,,,,,,,,,0,0,,0,0,0,0,0,,0,0,,0,
"75","TOBA CAMP","2023081920",0,13.5,95,0,20,0,85.177,2.159,8.594,,,,,,,,,0,0,,0,0,0,0,0,,0,0,,0,
"75","TOBA CAMP","2023081921",0,12.1,98,0,275,3.3,84.246,1.902,7.685,,,,,,,,,0,0,,0,0,0,0,0,,0,0,,0,
"75","TOBA CAMP","2023081922",0,10.9,99,0,160,2.8,83.354,1.69,6.905,,,,,,,,,0,0,,0,0,0,0,0,,0,0,,0,
"75","TOBA CAMP","2023081923",0,10.3,99,0,14,0,82.555,1.526,6.278,,,,,,,,,0,0,,0,0,0,0,0,,0,0,,0,
"82","SCAR CREEK","2023081900",0,9.6,91,0,330,3.9,86.158,2.476,10.699,,,,,,,,,0,0,,0,0,0,0,0,,0,0,,0,
"82","SCAR CREEK","2023081901",0,9,93,0,330,3.9,85.478,2.251,9.886,,,,,,,,,0,0,,0,0,0,0,0,,0,0,,0,
"82","SCAR CREEK","2023081902",0,8.5,93,0,294,4.5,84.86,2.067,9.198,,,,,,,,,0,0,,0,0,0,0,0,,0,0,,0,
"82","SCAR CREEK","2023081903",0,7.8,95,3.2,315,5.1,84.013,2.166,9.57,,,,,,,,,0,0,,0,0,0,0,0,,0,0,,0,
"82","SCAR CREEK","2023081904",0,7.4,95,1.7,333,5.6,83.306,1.83,8.277,,,,,,,,,0,0,,0,0,0,0,0,,0,0,,0,
"82","SCAR CREEK","2023081905",0,7,96,0,326,5.6,82.737,1.562,7.185,,,,,,,,,0,0,,0,0,0,0,0,,0,0,,0,
"82","SCAR CREEK","2023081906",0,7.3,95,2.1,303,6.2,82.139,1.612,7.393,,,,,,,,,0,0,,0,0,0,0,0,,0,0,,0,
"82","SCAR CREEK","2023081907",0,8.7,91,3.8,310,9.1,81.766,1.678,7.668,,,,,,,,,0,0,,0,0,0,0,0,,0,0,,0,
"82","SCAR CREEK","2023081908",0,13,81,3,0,7.4,81.813,1.621,7.433,,,,,,,,,0,0,,0,0,0,0,0,,0,0,,0,
"82","SCAR CREEK","2023081909",0,19.8,54,3.9,27,10.2,82.359,1.813,8.21,,,,,,,,,0,0,,0,0,0,0,0,,0,0,,0,
"82","SCAR CREEK","2023081910",0,23,33,5.5,30,9.1,83.627,2.311,10.106,,,,,,,,,0,0,,0,0,0,0,0,,0,0,,0,
"82","SCAR CREEK","2023081911",0,25.9,28,6.3,32,12,85.126,2.945,12.315,,,,,,,,,0,0,,0,0,0,0,0,,0,0,,0,
"82","SCAR CREEK","2023081912",0,27.7,20,7.3,58,13.1,86.904,3.975,15.553,0,94.277,11.322,33.767,61.109,593.563,97.2,5,0,0,,0,0,0,0,0,,0,0,,0,
"82","SCAR CREEK","2023081913",0,28.4,16,7.8,40,13.7,88.634,5.221,19.746,,,,,,,,,0,0,,0,0,0,0,0,,0,0,,0,
"82","SCAR CREEK","2023081914",0,29.2,17,7.7,48,15.4,90.052,6.366,22.764,,,,,,,,,0,0,,0,0,0,0,0,,0,0,,0,
"82","SCAR CREEK","2023081915",0,30.2,15,5.4,223,12,91.308,6.784,23.806,,,,,,,,,0,0,,0,0,0,0,0,,0,0,,0,
"82","SCAR CREEK","2023081916",0,30.1,17,3.7,215,10.8,92.181,7.046,24.448,,,,,,,,,0,0,,0,0,0,0,0,,0,0,,0,
"82","SCAR CREEK","2023081917",0,28,28,3.5,237,10.2,92.346,7.14,24.676,,,,,,,,,0,0,,0,0,0,0,0,,0,0,,0,
"82","SCAR CREEK","2023081918",0,23.7,36,3.3,271,7.4,92.361,7.083,24.538,,,,,,,,,0,0,,0,0,0,0,0,,0,0,,0,
"82","SCAR CREEK","2023081919",0,19.3,52,2.6,231,5.6,91.985,6.485,23.062,,,,,,,,,0,0,,0,0,0,0,0,,0,0,,0,
"82","SCAR CREEK","2023081920",0,16.1,62,3.1,276,6.8,91.404,6.124,22.145,,,,,,,,,0,0,,0,0,0,0,0,,0,0,,0,
"82","SCAR CREEK","2023081921",0,14.6,67,3.4,310,7.4,90.766,5.677,20.978,,,,,,,,,0,0,,0,0,0,0,0,,0,0,,0,
"82","SCAR CREEK","2023081922",0,13.1,72,4.6,323,7.4,90.055,5.449,20.366,,,,,,,,,0,0,,0,0,0,0,0,,0,0,,0,
"82","SCAR CREEK","2023081923",0,11.7,78,2.9,309,7.4,89.316,4.498,17.7,,,,,,,,,0,0,,0,0,0,0,0,,0,0,,0,
"93","HONNA","2023081900",0,12.3,85,8.3,287,16,83.097,2.484,4.959,,,,,,,,,,,,,,,,,,,,,,
"93","HONNA","2023081901",0,12.3,82,8.6,282,13.7,82.958,2.477,4.946,,,,,,,,,,,,,,,,,,,,,,
"93","HONNA","2023081902",0,11.9,85,6.2,278,16,82.737,2.134,4.23,,,,,,,,,,,,,,,,,,,,,,
"93","HONNA","2023081903",0,11.4,87,6.6,302,14.9,82.456,2.103,4.162,,,,,,,,,,,,,,,,,,,,,,
"93","HONNA","2023081904",0,10.2,92,3.5,211,9.1,82.004,1.701,3.268,,,,,,,,,,,,,,,,,,,,,,
"93","HONNA","2023081905",0,10.3,92,2.5,1,13.7,81.615,1.544,2.899,,,,,,,,,,,,,,,,,,,,,,
"93","HONNA","2023081906",0,10.7,92,1.7,343,12.5,81.28,1.426,2.613,,,,,,,,,,,,,,,,,,,,,,
"93","HONNA","2023081907",0,11.5,91,2.1,35,7.9,81.023,1.413,2.58,,,,,,,,,,,,,,,,,,,,,,
"93","HONNA","2023081908",0,13.5,85,4.1,209,6.2,81.05,1.568,2.955,,,,,,,,,,,,,,,,,,,,,,
"93","HONNA","2023081909",0,15.8,65,5.7,291,12.5,81.355,1.76,3.403,,,,,,,,,,,,,,,,,,,,,,
"93","HONNA","2023081910",0,17.3,63,6.5,227,20,81.715,1.911,3.744,,,,,,,,,,,,,,,,,,,,,,
"93","HONNA","2023081911",0,18.6,52,12.8,311,25.2,82.401,2.854,5.695,,,,,,,,,,,,,,,,,,,,,,
"93","HONNA","2023081912",0,20,50,9.8,6,22.3,83.079,2.673,5.339,0,87.004,4.573,9.402,17.375,356.312,30.974,3,,,,,,,,,,,,,,
"93","HONNA","2023081913",0,21.1,47,8.5,346,22.3,83.784,2.744,5.934,,,,,,,,,,,,,,,,,,,,,,
"93","HONNA","2023081914",0,22.4,44,7.3,297,21.2,84.522,2.852,6.157,,,,,,,,,,,,,,,,,,,,,,
"93","HONNA","2023081915",0,21.6,53,6.9,268,17.7,84.889,2.939,6.334,,,,,,,,,,,,,,,,,,,,,,
"93","HONNA","2023081916",0,20.8,52,9.2,249,18.3,85.227,3.457,7.358,,,,,,,,,,,,,,,,,,,,,,
"93","HONNA","2023081917",0,18.4,57,10.8,327,19.5,85.353,3.813,8.033,,,,,,,,,,,,,,,,,,,,,,
"93","HONNA","2023081918",0,16.8,57,10.9,320,23.5,85.432,3.874,8.147,,,,,,,,,,,,,,,,,,,,,,
"93","HONNA","2023081919",0,15.5,66,9.2,300,24.1,85.478,3.579,7.592,,,,,,,,,,,,,,,,,,,,,,
"93","HONNA","2023081920",0.4,13.5,79,7.4,326,21.2,76.557,1.225,2.369,,,,,,,,,,,,,,,,,,,,,,
"93","HONNA","2023081921",0,13.7,76,6,312,19.5,76.926,1.172,2.221,,,,,,,,,,,,,,,,,,,,,,
"93","HONNA","2023081922",0,13.4,86,4.8,308,10.8,77.055,1.114,2.054,,,,,,,,,,,,,,,,,,,,,,
"93","HONNA","2023081923",0,13,86,4.2,296,9.1,77.173,1.09,1.985,,,,,,,,,,,,,,,,,,,,,,
"101","MACHMELL","2023081900",0,9.5,90,2.6,359,10.8,84.745,2.32,6.641,,,,,,,,,0,193.3,,0,0,0,0,0,,0,0,,0,
"101","MACHMELL","2023081901",0,8.2,94,1.7,232,4.5,84.013,2.008,5.791,,,,,,,,,0,193.3,,0,0,0,0,0,,0,0,,0,
"101","MACHMELL","2023081902",0,7.8,95,1.6,194,4.5,83.304,1.82,5.257,,,,,,,,,0,193.3,,0,0,0,0,0,,0,0,,0,
"101","MACHMELL","2023081903",0,7,97,3.5,183,6.2,82.489,1.806,5.215,,,,,,,,,0,193.3,,0,0,0,0,0,,0,0,,0,
"101","MACHMELL","2023081904",0,7.5,96,5.1,123,12.5,81.784,1.796,5.186,,,,,,,,,0,193.3,,0,0,0,0,0,,0,0,,0,
"101","MACHMELL","2023081905",0,7.9,91,5.3,146,12.5,81.43,1.74,5.022,,,,,,,,,0,193.3,,0,0,0,0,0,,0,0,,0,
"101","MACHMELL","2023081906",0,7.8,91,5.6,137,16,81.109,1.702,4.912,,,,,,,,,0,193.3,,0,0,0,0,0,,0,0,,0,
"101","MACHMELL","2023081907",0,9.2,86,4.9,101,13.7,81.033,1.629,4.694,,,,,,,,,0,193.3,,0,0,0,0,0,,0,0,,0,
"101","MACHMELL","2023081908",0,13.1,69,3.6,75,13.7,81.208,1.556,4.475,,,,,,,,,0,193.3,,0,0,0,0,0,,0,0,,0,
"101","MACHMELL","2023081909",0,17.1,55,3.5,56,10.8,81.696,1.64,4.726,,,,,,,,,0,193.3,,0,0,0,0,0,,0,0,,0,
"101","MACHMELL","2023081910",0,19.7,54,5.7,237,9.1,82.283,1.967,5.674,,,,,,,,,0,193.3,,0,0,0,0,0,,0,0,,0,
"101","MACHMELL","2023081911",0,21.7,45,6.1,298,11.4,83.129,2.232,6.407,,,,,,,,,0,193.3,,0,0,0,0,0,,0,0,,0,
"101","MACHMELL","2023081912",0,23.2,36,6.7,287,12,84.237,2.663,7.532,0,90.214,6.196,15.92,30.778,398.68,51.597,3,0,193.3,,0,0,0,0,0,,0,0,,0,
"101","MACHMELL","2023081913",0,24.7,36,8.4,290,17.7,85.312,3.359,9.78,,,,,,,,,0,193.3,,0,0,0,0,0,,0,0,,0,
"101","MACHMELL","2023081914",0,24.7,38,9.7,253,18.9,86.172,4.045,11.4,,,,,,,,,0,193.3,,0,0,0,0,0,,0,0,,0,
"101","MACHMELL","2023081915",0,23.6,38,10.3,270,24.6,86.849,4.588,12.614,,,,,,,,,0,193.3,,0,0,0,0,0,,0,0,,0,
"101","MACHMELL","2023081916",0,22.9,38,11.8,260,27.5,87.402,5.354,14.237,,,,,,,,,0,193.3,,0,0,0,0,0,,0,0,,0,
"101","MACHMELL","2023081917",0,21.5,50,11.3,265,24.6,87.477,5.277,14.078,,,,,,,,,0,193.3,,0,0,0,0,0,,0,0,,0,
"101","MACHMELL","2023081918",0,21.3,52,5.1,264,25.8,87.526,3.888,11.039,,,,,,,,,0,193.3,,0,0,0,0,0,,0,0,,0,
"101","MACHMELL","2023081919",0,18.1,67,3.5,139,14.3,87.349,3.497,10.116,,,,,,,,,0,193.3,,0,0,0,0,0,,0,0,,0,
"101","MACHMELL","2023081920",0,14.6,84,1.6,168,5.6,86.735,2.912,8.657,,,,,,,,,0,193.3,,0,0,0,0,0,,0,0,,0,
"101","MACHMELL","2023081921",0,12.5,88,2.8,175,7.4,86.006,2.791,8.343,,,,,,,,,0,193.3,,0,0,0,0,0,,0,0,,0,
"101","MACHMELL","2023081922",0,11.2,91,2.9,190,4.5,85.225,2.516,7.61,,,,,,,,,0,193.3,,0,0,0,0,0,,0,0,,0,
"101","MACHMELL","2023081923",0,10.4,91,4.3,129,8.5,84.505,2.446,7.421,,,,,,,,,0,193.3,,0,0,0,0,0,,0,0,,0,
"105","ROSSWOOD","2023081900",0,8.1,95,0,49,0,85.675,2.314,5.909,,,,,,,,,,,,,,,,,,,,1703.2,,
"105","ROSSWOOD","2023081901",0,6.7,97,0,334,0,84.871,2.07,5.298,,,,,,,,,,,,,,,,,,,,1703.2,,
"105","ROSSWOOD","2023081902",0,6,99,0,25,0,84.026,1.847,4.717,,,,,,,,,,,,,,,,,,,,1703.2,,
"105","ROSSWOOD","2023081903",0,5.2,99,0,31,0,83.262,1.67,4.241,,,,,,,,,,,,,,,,,,,,1703.2,,
"105","ROSSWOOD","2023081904",0,4.5,99,0,34,0,82.567,1.529,3.848,,,,,,,,,,,,,,,,,,,,1703.2,,
"105","ROSSWOOD","2023081905",0,3.6,99,0,41,0,81.936,1.415,3.522,,,,,,,,,,,,,,,,,,,,1703.2,,
"105","ROSSWOOD","2023081906",0,3.3,99,0,30,0,81.354,1.32,3.246,,,,,,,,,,,,,,,,,,,,1703.2,,
"105","ROSSWOOD","2023081907",0,4.3,100,0,72,0,80.742,1.232,2.98,,,,,,,,,,,,,,,,,,,,1703.2,,
"105","ROSSWOOD","2023081908",0,10.2,88,0,186,0,80.679,1.223,2.954,,,,,,,,,,,,,,,,,,,,1703.2,,
"105","ROSSWOOD","2023081909",0,16.2,63,2.1,19,5.6,81.01,1.411,3.512,,,,,,,,,,,,,,,,,,,,1703.2,,
"105","ROSSWOOD","2023081910",0,18.9,50,3.6,305,7.7,81.689,1.646,4.176,,,,,,,,,,,,,,,,,,,,1703.2,,
"105","ROSSWOOD","2023081911",0,21,43,3.8,180,11.8,82.569,1.852,4.73,,,,,,,,,,,,,,,,,,,,1703.2,,
"105","ROSSWOOD","2023081912",0,22.2,40,4.4,177,8.8,83.508,2.152,5.507,0,89.808,5.206,12.739,25.416,404.88,43.937,3,,,,,,,,,,,,1703.2,,
"105","ROSSWOOD","2023081913",0,24,35,4.7,214,12.3,84.59,2.525,6.884,,,,,,,,,,,,,,,,,,,,1703.2,,
"105","ROSSWOOD","2023081914",0,25.9,26,5.8,121,13.8,86.003,3.245,8.614,,,,,,,,,,,,,,,,,,,,1703.2,,
"105","ROSSWOOD","2023081915",0,26.5,21,6.2,171,15.5,87.456,4.069,10.434,,,,,,,,,,,,,,,,,,,,1703.2,,
"105","ROSSWOOD","2023081916",0,26.4,22,7.1,169,16.3,88.641,5.045,12.425,,,,,,,,,,,,,,,,,,,,1703.2,,
"105","ROSSWOOD","2023081917",0,25.8,25,3.6,207,16.3,89.398,4.715,11.769,,,,,,,,,,,,,,,,,,,,1703.2,,
"105","ROSSWOOD","2023081918",0,22.9,39,3.1,351,10.3,89.501,4.666,11.67,,,,,,,,,,,,,,,,,,,,1703.2,,
"105","ROSSWOOD","2023081919",0,20.1,55,4.4,357,14.2,89.374,4.892,12.123,,,,,,,,,,,,,,,,,,,,1703.2,,
"105","ROSSWOOD","2023081920",0,17.1,68,1.6,302,10.1,88.981,4.015,10.32,,,,,,,,,,,,,,,,,,,,1703.2,,
"105","ROSSWOOD","2023081921",0,13.7,80,0.7,270,3.4,88.365,3.513,9.222,,,,,,,,,,,,,,,,,,,,1703.2,,
"105","ROSSWOOD","2023081922",0,11.6,88,0.4,236,4.6,87.585,3.094,8.264,,,,,,,,,,,,,,,,,,,,1703.2,,
"105","ROSSWOOD","2023081923",0,10.9,91,0,292,7.9,86.842,2.728,7.387,,,,,,,,,,,,,,,,,,,,1703.2,,
"106","KITPARK","2023081900",0,10.4,92,3.7,44,6.8,83.637,2.113,5.439,,,,,,,,,0,0.9,,0,0,0,0,0,,1,-334.802,,0,
"106","KITPARK","2023081901",0,9.4,96,0,54,3.9,83.015,1.618,4.123,,,,,,,,,0,0.9,,0,0,0,0,0,,1,-334.788,,0,
"106","KITPARK","2023081902",0,8.6,98,1.9,76,4.5,82.183,1.604,4.085,,,,,,,,,0,0.9,,0,0,0,0,0,,1,-334.786,,0,
"106","KITPARK","2023081903",0,8.2,98,3.4,75,5.6,81.394,1.574,4.002,,,,,,,,,0,0.9,,0,0,0,0,0,,1,-334.803,,0,
"106","KITPARK","2023081904",0,7.5,98,0,69,4.5,80.861,1.248,3.052,,,,,,,,,0,1,,0,0,0,0,0,,1,-334.818,,0,
"106","KITPARK","2023081905",0,7,99,1.7,89,5.1,80.195,1.264,3.101,,,,,,,,,0,0.9,,0,0,0,0,0,,1,-334.82,,0,
"106","KITPARK","2023081906",0,6.9,99,2.1,58,4.5,79.58,1.211,2.939,,,,,,,,,0,0.9,,0,0,0,0,0,,1,-334.8,,0,
"106","KITPARK","2023081907",0,9.6,96,4,40,8.5,79.188,1.283,3.156,,,,,,,,,0,1,,0,0,0,0,0,,1,-334.79,,0,
"106","KITPARK","2023081908",0,14.8,75,5,40,8.5,79.422,1.38,3.445,,,,,,,,,0,0.8,,0,0,0,0,0,,1,-334.766,,0,
"106","KITPARK","2023081909",0,17.6,63,10.4,9,16,80.021,1.925,4.951,,,,,,,,,0,0.5,,0,0,0,0,0,,1,-334.798,,0,
"106","KITPARK","2023081910",0,19.7,54,6.7,22,14.3,80.806,1.739,4.455,,,,,,,,,0,0.3,,0,0,0,0,0,,1,-334.788,,0,
"106","KITPARK","2023081911",0,22.1,48,8.4,14,19.5,81.819,2.13,5.48,,,,,,,,,0,0.3,,0,0,0,0,0,,1,-334.757,,0,
"106","KITPARK","2023081912",0,23.7,42,7.8,51,16,82.966,2.382,6.108,0,89.237,5.693,13.757,25.481,436.045,44.465,3,0,0.2,,0,0,0,0,0,,1,-334.771,,0,
"106","KITPARK","2023081913",0,25.4,34,4.1,197,16.6,84.222,2.331,6.441,,,,,,,,,0,0.2,,0,0,0,0,0,,1,-334.771,,0,
"106","KITPARK","2023081914",0,27.5,31,5.6,4,13.1,85.601,3.037,8.189,,,,,,,,,0,0.2,,0,0,0,0,0,,1,-334.794,,0,
"106","KITPARK","2023081915",0,27.7,26,5.3,175,13.7,86.965,3.625,9.541,,,,,,,,,0,0.1,,0,0,0,0,0,,1,-334.764,,0,
"106","KITPARK","2023081916",0,27.3,34,6.1,210,16.6,87.783,4.242,10.874,,,,,,,,,0,0.3,,0,0,0,0,0,,1,-334.758,,0,
"106","KITPARK","2023081917",0,26.5,35,8.8,213,19.5,88.425,5.329,13.062,,,,,,,,,0,0.3,,0,0,0,0,0,,1,-334.764,,0,
"106","KITPARK","2023081918",0,25.7,31,5.4,213,16,89.026,4.894,12.209,,,,,,,,,0,0.2,,0,0,0,0,0,,1,-334.769,,0,
"106","KITPARK","2023081919",0,22.1,52,3.5,258,7.9,89.059,4.468,11.345,,,,,,,,,0,-0.3,,0,0,0,0,0,,1,-334.78,,0,
"106","KITPARK","2023081920",0,16.7,69,2.5,199,5.6,88.657,4.011,10.383,,,,,,,,,0,0.4,,0,0,0,0,0,,1,-334.778,,0,
"106","KITPARK","2023081921",0,14.5,79,2.1,231,6.2,88.045,3.6,9.485,,,,,,,,,0,0.7,,0,0,0,0,0,,1,-334.773,,0,
"106","KITPARK","2023081922",0,13.4,82,2.1,216,5.1,87.413,3.289,8.779,,,,,,,,,0,0.9,,0,0,0,0,0,,1,-334.802,,0,
"106","KITPARK","2023081923",0,12.7,86,2.7,215,6.2,86.693,3.06,8.244,,,,,,,,,0,0.9,,0,0,0,0,0,,1,-334.8,,0,
"108","DEASE LAKE FS","2023081900",0,8.3,89,1,81,6.9,46.551,0.109,0.089,,,,,,,,,,-218.7,,,,,,,,,,93.2,,
"108","DEASE LAKE FS","2023081901",0,7.7,87,3.1,352,10.4,47.31,0.135,0.11,,,,,,,,,,-247.2,,,,,,,,,,93.2,,
"108","DEASE LAKE FS","2023081902",0,6.3,92,4.8,14,7.8,47.828,0.158,0.129,,,,,,,,,,-208.1,,,,,,,,,,93.2,,
"108","DEASE LAKE FS","2023081903",0,5.1,95,3.4,6,7.1,48.125,0.153,0.125,,,,,,,,,,-211.5,,,,,,,,,,93.2,,
"108","DEASE LAKE FS","2023081904",0,5,90,2.5,356,7,48.628,0.157,0.128,,,,,,,,,,-208.1,,,,,,,,,,93.2,,
"108","DEASE LAKE FS","2023081905",0,4.2,93,3.6,359,5.9,49.011,0.174,0.142,,,,,,,,,,-207.1,,,,,,,,,,93.2,,
"108","DEASE LAKE FS","2023081906",0,4.4,91,3.4,16,5.9,49.481,0.183,0.149,,,,,,,,,,-207,,,,,,,,,,93.2,,
"108","DEASE LAKE FS","2023081907",0,7,81,4.2,354,7.4,50.492,0.215,0.176,,,,,,,,,,-210.9,,,,,,,,,,93.2,,
"108","DEASE LAKE FS","2023081908",0,10.2,72,3.7,22,8.2,51.95,0.248,0.203,,,,,,,,,,-257.7,,,,,,,,,,93.2,,
"108","DEASE LAKE FS","2023081909",0,12.8,68,3.9,212,9.3,53.686,0.3,0.245,,,,,,,,,,-230.2,,,,,,,,,,93.2,,
"108","DEASE LAKE FS","2023081910",0,15.4,58,5,192,11.4,56.023,0.393,0.321,,,,,,,,,,-228.3,,,,,,,,,,93.2,,
"108","DEASE LAKE FS","2023081911",0,16.9,51,6.1,226,10.6,58.722,0.512,0.418,,,,,,,,,,-221.4,,,,,,,,,,93.2,,
"108","DEASE LAKE FS","2023081912",0,17.8,52,13.2,226,18.4,61.72,0.88,0.719,1.6,73.168,1.363,1.689,10.102,412.412,19.038,2,,-206.9,,,,,,,,,,93.2,,
"108","DEASE LAKE FS","2023081913",0,20.1,47,8,169,17.6,64.629,0.777,0.683,,,,,,,,,,-231,,,,,,,,,,93.2,,
"108","DEASE LAKE FS","2023081914",0,20.4,38,13.2,233,23,67.947,1.139,1.024,,,,,,,,,,-222.6,,,,,,,,,,93.2,,
"108","DEASE LAKE FS","2023081915",0,21.2,38,10.6,195,24.6,70.868,1.098,0.965,,,,,,,,,,-226.9,,,,,,,,,,93.2,,
"108","DEASE LAKE FS","2023081916",0,21.5,34,12.3,234,21.6,73.718,1.335,1.622,,,,,,,,,,-251.4,,,,,,,,,,93.2,,
"108","DEASE LAKE FS","2023081917",0,21.6,30,14.8,231,21.7,76.469,1.768,2.541,,,,,,,,,,-216.9,,,,,,,,,,93.2,,
"108","DEASE LAKE FS","2023081918",0,21.3,30,11.4,226,19.2,78.698,1.779,2.563,,,,,,,,,,-212.6,,,,,,,,,,93.2,,
"108","DEASE LAKE FS","2023081919",0,19.2,43,7,216,16,79.913,1.604,2.211,,,,,,,,,,-202,,,,,,,,,,93.2,,
"108","DEASE LAKE FS","2023081920",0,16.5,53,6.7,238,9.5,80.604,1.7,2.407,,,,,,,,,,-199.6,,,,,,,,,,93.2,,
"108","DEASE LAKE FS","2023081921",0,13.3,65,4.7,179,12.1,80.882,1.585,2.173,,,,,,,,,,-208,,,,,,,,,,93.2,,
"108","DEASE LAKE FS","2023081922",0,10.5,73,0.1,97,8.9,80.963,1.269,1.459,,,,,,,,,,-199.9,,,,,,,,,,93.2,,
"108","DEASE LAKE FS","2023081923",0,8.2,86,0.4,295,6.2,80.913,1.281,1.49,,,,,,,,,,-199.6,,,,,,,,,,93.2,,
"110","TELEGRAPH CREEK","2023081900",0,12.4,74,6,200,15.4,86.621,3.576,7.563,,,,,,,,,0,-0.7,,0,0,0,2,1018.28,,0,0,,0,
"110","TELEGRAPH CREEK","2023081901",0,10,85,0,275,7.4,86.176,2.482,5.361,,,,,,,,,0,-0.8,,0,0,0,2,1018.36,,0,0,,0,
"110","TELEGRAPH CREEK","2023081902",0,9.5,85,0,271,0,85.769,2.344,5.062,,,,,,,,,0,-0.8,,0,0,0,2,1018.36,,0,0,,0,
"110","TELEGRAPH CREEK","2023081903",0,7.5,92,0,283,0,85.181,2.16,4.654,,,,,,,,,0,-0.9,,0,0,0,2,1018.39,,0,0,,0,
"110","TELEGRAPH CREEK","2023081904",0,6.3,96,0,264,0,84.476,1.962,4.201,,,,,,,,,0,-0.7,,0,0,0,2,1018.41,,0,0,,0,
"110","TELEGRAPH CREEK","2023081905",0,6,95,0,110,0,83.877,1.81,3.845,,,,,,,,,0,-0.7,,0,0,0,2,1018.4,,0,0,,0,
"110","TELEGRAPH CREEK","2023081906",0,5.1,97,0,93,0,83.237,1.665,3.494,,,,,,,,,0,-0.7,,0,0,0,2,1018.4,,0,0,,0,
"110","TELEGRAPH CREEK","2023081907",0,9.3,80,0,106,0,83.166,1.65,3.457,,,,,,,,,0,-0.7,,0,0,0,2,1018.26,,0,0,,0,
"110","TELEGRAPH CREEK","2023081908",0,11.8,72,2.5,113,8.5,83.213,1.882,4.016,,,,,,,,,0,-1,,0,0,0,2,1018.11,,0,0,,0,
"110","TELEGRAPH CREEK","2023081909",0,14.5,65,2.2,163,7.4,83.308,1.877,4.003,,,,,,,,,0,-1,,0,0,0,2,1018.04,,0,0,,0,
"110","TELEGRAPH CREEK","2023081910",0,14.9,65,9.1,240,13.7,83.416,2.695,5.811,,,,,,,,,0,-0.8,,0,0,0,2,1018.08,,0,0,,0,
"110","TELEGRAPH CREEK","2023081911",0,16.4,60,10.3,257,21.2,83.637,2.947,6.329,,,,,,,,,0,-0.4,,0,0,0,2,1018.07,,0,0,,0,
"110","TELEGRAPH CREEK","2023081912",0,17.9,55,10.4,243,20.6,83.977,3.099,6.634,0,85.971,4.073,8.955,18.609,456.815,33.778,3,0,-0.3,,0,0,0,2,1018.02,,0,0,,0,
"110","TELEGRAPH CREEK","2023081913",0,19,51,17.5,254,25.2,84.45,4.722,10.148,,,,,,,,,0,-0.2,,0,0,0,2,1018.06,,0,0,,0,
"110","TELEGRAPH CREEK","2023081914",0,20.1,45,17.9,242,28.1,85.074,5.246,11.07,,,,,,,,,0,-0.3,,0,0,0,2,1018.09,,0,0,,0,
"110","TELEGRAPH CREEK","2023081915",0,21.1,44,14.1,240,29.8,85.65,4.693,10.096,,,,,,,,,0,-0.3,,0,0,0,2,1018.06,,0,0,,0,
"110","TELEGRAPH CREEK","2023081916",0,21.3,39,17.7,242,27.5,86.333,6.192,12.649,,,,,,,,,0,-0.5,,0,0,0,2,1018.07,,0,0,,0,
"110","TELEGRAPH CREEK","2023081917",0,21,41,18.1,241,31.6,86.831,6.78,13.585,,,,,,,,,0,-0.5,,0,0,0,2,1018.11,,0,0,,0,
"110","TELEGRAPH CREEK","2023081918",0,19.9,40,18.5,241,30.4,87.24,7.333,14.438,,,,,,,,,0,-0.6,,0,0,0,2,1018.13,,0,0,,0,
"110","TELEGRAPH CREEK","2023081919",0,18.4,48,24.6,253,33.3,87.318,10.082,18.352,,,,,,,,,0,-0.7,,0,0,0,2,1018.17,,0,0,,0,
"110","TELEGRAPH CREEK","2023081920",0,15.9,55,17.4,267,29.8,87.366,7.063,14.025,,,,,,,,,0,-0.6,,0,0,0,2,1018.26,,0,0,,0,
"110","TELEGRAPH CREEK","2023081921",0,14.5,62,12.5,266,24.1,87.236,5.416,11.361,,,,,,,,,0,-0.6,,0,0,0,2,1018.27,,0,0,,0,
"110","TELEGRAPH CREEK","2023081922",0,13.2,68,9.7,263,21.8,86.981,4.535,9.812,,,,,,,,,0,-0.6,,0,0,0,2,1018.26,,0,0,,0,
"110","TELEGRAPH CREEK","2023081923",0,12.7,71,13.6,239,21.8,86.658,5.273,11.116,,,,,,,,,0,-0.6,,0,0,0,2,1018.27,,0,0,,0,
"111","ATLIN","2023081900",0,7.3,77,7.2,21,10.1,86.373,3.668,13.1,,,,,,,,,,0.6,,,,0,2,898.47,,,,1055,,
"111","ATLIN","2023081901",0,5.9,81,5.4,25,10.1,85.914,3.141,11.574,,,,,,,,,,0.6,,,,0,2,898.47,,,,1055,,
"111","ATLIN","2023081902",0,5.9,81,8.2,13,10,85.469,3.399,12.332,,,,,,,,,,0.7,,,,0,2,898.42,,,,1055,,
"111","ATLIN","2023081903",0,5.2,84,5,14,10.7,85.02,2.719,10.282,,,,,,,,,,0.6,,,,0,2,898.42,,,,1055,,
"111","ATLIN","2023081904",0,4.8,84,7.6,20,11,84.585,2.92,10.907,,,,,,,,,,0.6,,,,0,2,898.41,,,,1055,,
"111","ATLIN","2023081905",0,4.1,86,7.3,12,11.7,84.134,2.707,10.244,,,,,,,,,,0.6,,,,0,2,898.41,,,,1055,,
"111","ATLIN","2023081906",0,4.4,84,8.1,12,12.5,83.78,2.688,10.186,,,,,,,,,,0.6,,,,0,2,898.37,,,,1055,,
"111","ATLIN","2023081907",0,7.4,74,7.8,16,12.2,83.718,2.626,9.99,,,,,,,,,,0.5,,,,0,2,898.27,,,,1055,,
"111","ATLIN","2023081908",0,11,72,2.9,129,9.2,83.754,2.061,8.116,,,,,,,,,,0.4,,,,0,2,898.17,,,,1055,,
"111","ATLIN","2023081909",0,11.8,68,10,155,16.5,83.801,2.967,11.049,,,,,,,,,,0.3,,,,0,2,898.2,,,,1055,,
"111","ATLIN","2023081910",0,13.1,65,11.7,195,19.3,83.848,3.252,11.903,,,,,,,,,,0.4,,,,0,2,898.21,,,,1055,,
"111","ATLIN","2023081911",0,14.6,54,12,154,25.1,84.106,3.417,12.384,,,,,,,,,,0.4,,,,0,2,898.2,,,,1055,,
"111","ATLIN","2023081912",0,16,51,13.3,169,21.8,84.442,3.817,13.515,0,86.639,5.18,17.381,46.422,587.05,77.519,4,,0.4,,,,0,2,898.2,,,,1055,,
"111","ATLIN","2023081913",0,17.3,49,11.2,199,23,84.812,3.611,13.192,,,,,,,,,,0.4,,,,0,2,898.19,,,,1055,,
"111","ATLIN","2023081914",0,18.4,44,13.1,161,23.9,85.31,4.256,14.986,,,,,,,,,,0.4,,,,0,2,898.21,,,,1055,,
"111","ATLIN","2023081915",0,19.3,41,13.2,165,22,85.86,4.618,15.946,,,,,,,,,,0.3,,,,0,2,898.19,,,,1055,,
"111","ATLIN","2023081916",0,19.9,38,14.1,154,23.7,86.452,5.252,17.561,,,,,,,,,,0.3,,,,0,2,898.21,,,,1055,,
"111","ATLIN","2023081917",0,19.6,40,13.4,169,23.6,86.882,5.389,17.898,,,,,,,,,,0.2,,,,0,2,898.23,,,,1055,,
"111","ATLIN","2023081918",0,18.4,39,14,165,23.1,87.24,5.845,18.999,,,,,,,,,,0.2,,,,0,2,898.28,,,,1055,,
"111","ATLIN","2023081919",0,17.3,40,13.1,190,23,87.484,5.783,18.853,,,,,,,,,,0.3,,,,0,2,898.33,,,,1055,,
"111","ATLIN","2023081920",0,14.8,52,6.6,219,19,87.533,4.197,14.827,,,,,,,,,,0.3,,,,0,2,898.38,,,,1055,,
"111","ATLIN","2023081921",0,11.6,66,3.7,273,20.5,87.317,3.516,12.919,,,,,,,,,,0.5,,,,0,2,898.43,,,,1055,,
"111","ATLIN","2023081922",0,8.4,75,3.9,12,7.5,86.928,3.36,12.463,,,,,,,,,,0.5,,,,0,2,898.48,,,,1055,,
"111","ATLIN","2023081923",0,6.5,81,6.2,28,8.5,86.403,3.503,12.88,,,,,,,,,,0.5,,,,0,2,898.49,,,,1055,,
"112","ISKUT","2023081900",0,5.1,100,0.4,77,4,73.955,0.741,0.976,,,,,,,,,,37.9,,,,,,,,2,510.89,743,,
"112","ISKUT","2023081901",0,4.8,100,0,65,2.9,73.856,0.723,0.952,,,,,,,,,,55.5,,,,,,,,2,510.9,743,,
"112","ISKUT","2023081902",0,3.7,100,0,45,2.7,73.759,0.72,0.948,,,,,,,,,,46.8,,,,,,,,2,510.9,743,,
"112","ISKUT","2023081903",0,2.7,100,0,101,0,73.665,0.716,0.944,,,,,,,,,,40.9,,,,,,,,2,510.92,743,,
"112","ISKUT","2023081904",0,2,100,0,76,0,73.575,0.714,0.94,,,,,,,,,,50.6,,,,,,,,2,510.61,743,,
"112","ISKUT","2023081905",0,1.3,100,0,60,1.7,73.488,0.711,0.936,,,,,,,,,,55.1,,,,,,,,2,511.27,743,,
"112","ISKUT","2023081906",0,1,100,0,100,0,73.405,0.708,0.933,,,,,,,,,,50.5,,,,,,,,2,511.28,743,,
"112","ISKUT","2023081907",0,3.4,100,0,40,0,73.336,0.706,0.93,,,,,,,,,,55.4,,,,,,,,2,511.27,743,,
"112","ISKUT","2023081908",0,6,100,0.4,282,2.3,73.275,0.719,0.947,,,,,,,,,,44.7,,,,,,,,2,511.57,743,,
"112","ISKUT","2023081909",0,12.2,78,0.4,131,4.7,73.593,0.729,0.96,,,,,,,,,,44,,,,,,,,2,511.48,743,,
"112","ISKUT","2023081910",0,12.2,80,5.5,225,9.7,73.996,0.96,1.86,,,,,,,,,,41.1,,,,,,,,2,511.43,743,,
"112","ISKUT","2023081911",0,16.5,57,7.1,234,14.1,75.142,1.104,2.315,,,,,,,,,,32.5,,,,,,,,2,511.05,743,,
"112","ISKUT","2023081912",0,20,46,6.6,132,13.9,76.693,1.188,2.565,0,84.787,2.854,7.127,22.393,371.031,38.915,2,,37.9,,,,,,,,2,510.38,743,,
"112","ISKUT","2023081913",0,20.2,40,7,149,18.4,78.293,1.374,3.366,,,,,,,,,,37.1,,,,,,,,2,510,743,,
"112","ISKUT","2023081914",0,22.6,32,6.9,191,16.6,80.156,1.637,4.105,,,,,,,,,,13.7,,,,,,,,2,509.33,743,,
"112","ISKUT","2023081915",0,20.2,43,3.2,150,14.4,81.143,1.514,3.765,,,,,,,,,,32.5,,,,,,,,2,509.33,743,,
"112","ISKUT","2023081916",0,21.3,30,6.9,134,15.6,82.606,2.175,5.509,,,,,,,,,,39,,,,,,,,2,509.01,743,,
"112","ISKUT","2023081917",0,22.2,31,8.4,125,21.4,83.94,2.787,6.974,,,,,,,,,,35,,,,,,,,2,508.98,743,,
"112","ISKUT","2023081918",0,20.5,38,6.3,130,23,84.727,2.789,6.977,,,,,,,,,,35.6,,,,,,,,2,508.66,743,,
"112","ISKUT","2023081919",0,18.4,50,4.8,116,16.9,85.029,2.695,6.76,,,,,,,,,,45.5,,,,,,,,2,508.67,743,,
"112","ISKUT","2023081920",0,12.5,72,3.9,84,10.4,84.954,2.549,6.417,,,,,,,,,,34.1,,,,,,,,2,509.4,743,,
"112","ISKUT","2023081921",0,10.4,82,2.5,115,10.2,84.643,2.276,5.761,,,,,,,,,,33.1,,,,,,,,2,509.78,743,,
"112","ISKUT","2023081922",0,8.2,88,0,32,4.8,84.275,1.909,4.833,,,,,,,,,,45.2,,,,,,,,2,509.82,743,,
"112","ISKUT","2023081923",0,6.6,96,0.8,63,6.1,83.539,1.803,4.553,,,,,,,,,,47.3,,,,,,,,2,510.18,743,,
"113","BOB QUINN LAKE","2023081900",0,9.3,85,3.5,99,10.2,83.693,2.107,1.885,,,,,,,,,0,61.7,,0,0,0,0,0,,1,-116.8,,0,
"113","BOB QUINN LAKE","2023081901",0,8.8,87,6,108,9.1,83.303,2.272,2.127,,,,,,,,,0,61.8,,0,0,0,0,0,,1,-116.791,,0,
"113","BOB QUINN LAKE","2023081902",0,7.9,92,2.5,53,6.8,82.792,1.784,1.348,,,,,,,,,0,60.6,,0,0,0,0,0,,1,-116.812,,0,
"113","BOB QUINN LAKE","2023081903",0,6.9,93,0,98,5.1,82.397,1.497,0.905,,,,,,,,,0,61.3,,0,0,0,0,0,,1,-116.83,,0,
"113","BOB QUINN LAKE","2023081904",0,6.3,95,2.6,59,5.1,81.827,1.591,0.963,,,,,,,,,0,60.6,,0,0,0,0,0,,1,-116.788,,0,
"113","BOB QUINN LAKE","2023081905",0,6.1,96,2.7,72,3.9,81.251,1.495,0.904,,,,,,,,,0,61.1,,0,0,0,0,0,,1,-116.825,,0,
"113","BOB QUINN LAKE","2023081906",0,6.7,96,2,36,5.6,80.741,1.362,0.824,,,,,,,,,0,60.2,,0,0,0,0,0,,1,-116.819,,0,
"113","BOB QUINN LAKE","2023081907",0,8.2,96,3.3,88,5.6,80.244,1.378,0.833,,,,,,,,,0,59.5,,0,0,0,0,0,,1,-116.791,,0,
"113","BOB QUINN LAKE","2023081908",0,9.5,90,1.6,333,2.2,80.125,1.249,0.755,,,,,,,,,0,60.3,,0,0,0,0,0,,1,-116.817,,0,
"113","BOB QUINN LAKE","2023081909",0,11,85,2.3,295,3.9,80.171,1.3,0.786,,,,,,,,,0,57.9,,0,0,0,0,0,,1,-116.812,,0,
"113","BOB QUINN LAKE","2023081910",0,12.4,81,4,240,7.4,80.222,1.424,0.861,,,,,,,,,0,56.8,,0,0,0,0,0,,1,-116.792,,0,
"113","BOB QUINN LAKE","2023081911",0,16.3,63,3.8,227,10.8,80.62,1.472,0.89,,,,,,,,,0,53.8,,0,0,0,0,0,,1,-116.784,,0,
"113","BOB QUINN LAKE","2023081912",0,19,57,3,307,9.7,81.166,1.503,0.909,0,83.264,1.943,2.114,7.119,221.924,13.181,2,0,51.3,,0,0,0,0,0,,1,-116.772,,0,
"113","BOB QUINN LAKE","2023081913",0,19.7,58,5.7,262,10.8,81.714,1.836,1.93,,,,,,,,,0,48.4,,0,0,0,0,0,,1,-116.775,,0,
"113","BOB QUINN LAKE","2023081914",0,20.3,48,5.8,273,13.7,82.475,2.024,2.248,,,,,,,,,0,58.8,,0,0,0,0,0,,1,-116.751,,0,
"113","BOB QUINN LAKE","2023081915",0,19.6,51,4.3,271,12.5,83.023,2.011,2.227,,,,,,,,,0,55.7,,0,0,0,0,0,,1,-116.779,,0,
"113","BOB QUINN LAKE","2023081916",0,19,46,6,218,11.4,83.637,2.373,2.801,,,,,,,,,0,57.9,,0,0,0,0,0,,1,-116.764,,0,
"113","BOB QUINN LAKE","2023081917",0,17.8,53,5.7,233,13.1,83.983,2.447,2.913,,,,,,,,,0,61.4,,0,0,0,0,0,,1,-116.783,,0,
"113","BOB QUINN LAKE","2023081918",0,16.8,54,5.2,214,13.1,84.245,2.471,2.95,,,,,,,,,0,59.5,,0,0,0,0,0,,1,-116.787,,0,
"113","BOB QUINN LAKE","2023081919",0,15.8,63,5.2,225,11.4,84.31,2.493,2.983,,,,,,,,,0,60.4,,0,0,0,0,0,,1,-116.791,,0,
"113","BOB QUINN LAKE","2023081920",0,13.9,70,5.9,128,9.7,84.357,2.599,3.141,,,,,,,,,0,56.3,,0,0,0,0,0,,1,-116.794,,0,
"113","BOB QUINN LAKE","2023081921",0,12.6,79,2.9,119,16,84.197,2.187,2.51,,,,,,,,,0,59.8,,0,0,0,0,0,,1,-116.778,,0,
"113","BOB QUINN LAKE","2023081922",0,11.8,76,5.1,197,14.9,84.108,2.414,2.863,,,,,,,,,0,58.6,,0,0,0,0,0,,1,-116.78,,0,
"113","BOB QUINN LAKE","2023081923",0,10.7,83,2.4,65,10.8,83.855,2.037,2.27,,,,,,,,,0,54.6,,0,0,0,0,0,,1,-116.78,,0,
"117","SIERRA","2023081900",0,8.8,96,1.6,237,7.4,73.171,0.76,1.799,,,,,,,,,,,,,,,,,,,,,,
"117","SIERRA","2023081901",0,7.5,100,3.1,167,5.1,73.121,0.818,2.034,,,,,,,,,,,,,,,,,,,,,,
"117","SIERRA","2023081902",0,6.7,100,2.7,196,7.4,73.069,0.8,1.962,,,,,,,,,,,,,,,,,,,,,,
"117","SIERRA","2023081903",0,6.1,100,1.8,178,5.6,73.021,0.763,1.811,,,,,,,,,,,,,,,,,,,,,,
"117","SIERRA","2023081904",0,5.3,100,2.5,226,6.8,72.968,0.789,1.916,,,,,,,,,,,,,,,,,,,,,,
"117","SIERRA","2023081905",0,4.7,100,3.4,248,6.8,72.911,0.823,2.054,,,,,,,,,,,,,,,,,,,,,,
"117","SIERRA","2023081906",0,5.8,100,4.3,246,10.8,72.866,0.86,2.197,,,,,,,,,,,,,,,,,,,,,,
"117","SIERRA","2023081907",0,9.8,89,6.3,271,12,73.055,0.958,2.565,,,,,,,,,,,,,,,,,,,,,,
"117","SIERRA","2023081908",0,13,69,6.9,277,16,73.807,1.021,2.79,,,,,,,,,,,,,,,,,,,,,,
"117","SIERRA","2023081909",0,15.9,77,8.5,288,24.1,74.421,1.14,3.204,,,,,,,,,,,,,,,,,,,,,,
"117","SIERRA","2023081910",0,18.8,51,12.7,310,25.8,76,1.542,4.502,,,,,,,,,,,,,,,,,,,,,,
"117","SIERRA","2023081911",0,20.6,39,11.2,306,32.1,77.89,1.641,4.806,,,,,,,,,,,,,,,,,,,,,,
"117","SIERRA","2023081912",0,22,35,11.5,301,26.4,79.805,1.99,5.824,0,88.247,5.951,15.65,29.808,586.889,52.899,3,,,,,,,,,,,,,,
"117","SIERRA","2023081913",0,21.9,34,11.8,280,28.7,81.49,2.431,7.499,,,,,,,,,,,,,,,,,,,,,,
"117","SIERRA","2023081914",0,22.7,30,11.8,267,29.2,83.144,2.981,8.971,,,,,,,,,,,,,,,,,,,,,,
"117","SIERRA","2023081915",0,22.9,30,13.3,274,29.2,84.592,3.896,11.22,,,,,,,,,,,,,,,,,,,,,,
"117","SIERRA","2023081916",0,23.1,30,11.3,284,33.9,85.789,4.155,11.82,,,,,,,,,,,,,,,,,,,,,,
"117","SIERRA","2023081917",0,22.3,31,9.4,307,28.1,86.687,4.284,12.116,,,,,,,,,,,,,,,,,,,,,,
"117","SIERRA","2023081918",0,21.4,34,6.6,314,20,87.275,4.046,11.569,,,,,,,,,,,,,,,,,,,,,,
"117","SIERRA","2023081919",0,18.2,40,3.8,330,17.2,87.5,3.628,10.584,,,,,,,,,,,,,,,,,,,,,,
"117","SIERRA","2023081920",0,13.9,57,0,157,7.9,87.492,2.992,9,,,,,,,,,,,,,,,,,,,,,,
"117","SIERRA","2023081921",0,11,67,0,49,0,87.331,2.924,8.824,,,,,,,,,,,,,,,,,,,,,,
"117","SIERRA","2023081922",0,9,74,0,6,0,87.068,2.817,8.542,,,,,,,,,,,,,,,,,,,,,,
"117","SIERRA","2023081923",0,7.6,80,0,6,2.8,86.716,2.679,8.177,,,,,,,,,,,,,,,,,,,,,,
"118","HELMUT","2023081900",0,8.6,81,8.1,254,12.5,82.954,2.414,8.411,,,,,,,,,0,193.3,,0,0,0,0,0,,0,0,,0,
"118","HELMUT","2023081901",0,8.1,85,8,251,12,82.697,2.325,8.138,,,,,,,,,0,193.3,,0,0,0,0,0,,0,0,,0,
"118","HELMUT","2023081902",0,7.9,86,7,237,9.7,82.438,2.14,7.56,,,,,,,,,0,193.3,,0,0,0,0,0,,0,0,,0,
"118","HELMUT","2023081903",0,8.3,86,9.8,232,13.1,82.193,2.391,8.341,,,,,,,,,0,193.3,,0,0,0,0,0,,0,0,,0,
"118","HELMUT","2023081904",0,9.8,79,10.2,234,16.6,82.21,2.445,8.505,,,,,,,,,0,193.3,,0,0,0,0,0,,0,0,,0,
"118","HELMUT","2023081905",0,9.7,80,11,255,19.5,82.196,2.541,8.794,,,,,,,,,0,193.3,,0,0,0,0,0,,0,0,,0,
"118","HELMUT","2023081906",0,9.6,81,9.9,247,15.4,82.155,2.392,8.344,,,,,,,,,0,193.3,,0,0,0,0,0,,0,0,,0,
"118","HELMUT","2023081907",0,13,67,13.6,263,21.2,82.309,2.937,9.946,,,,,,,,,0,193.3,,0,0,0,0,0,,0,0,,0,
"118","HELMUT","2023081908",0,15.4,57,13.8,283,22.3,82.701,3.116,10.448,,,,,,,,,0,193.3,,0,0,0,0,0,,0,0,,0,
"118","HELMUT","2023081909",0,17,51,16.1,316,26.4,83.257,3.757,12.164,,,,,,,,,0,193.3,,0,0,0,0,0,,0,0,,0,
"118","HELMUT","2023081910",0,18.5,47,13.5,296,26.4,83.885,3.578,11.698,,,,,,,,,0,193.3,,0,0,0,0,0,,0,0,,0,
"118","HELMUT","2023081911",0,19.9,44,18.9,324,29.8,84.622,5.186,15.637,,,,,,,,,0,193.3,,0,0,0,0,0,,0,0,,0,
"118","HELMUT","2023081912",0,20.7,39,17.3,305,31.6,85.433,5.35,16.009,0,89.327,9.308,24.722,40.19,550.366,67.972,4,0,193.3,,0,0,0,0,0,,0,0,,0,
"118","HELMUT","2023081913",0,21.3,37,16.2,314,30.4,86.206,5.639,17.229,,,,,,,,,0,193.3,,0,0,0,0,0,,0,0,,0,
"118","HELMUT","2023081914",0,20.9,40,18.6,348,28.1,86.755,6.878,19.937,,,,,,,,,0,193.3,,0,0,0,0,0,,0,0,,0,
"118","HELMUT","2023081915",0,22,35,15.8,296,26.9,87.416,6.562,19.267,,,,,,,,,0,193.3,,0,0,0,0,0,,0,0,,0,
"118","HELMUT","2023081916",0,21.1,35,14.6,292,26.9,87.922,6.641,19.435,,,,,,,,,0,193.3,,0,0,0,0,0,,0,0,,0,
"118","HELMUT","2023081917",0,21.3,32,15.6,290,28.7,88.465,7.549,21.321,,,,,,,,,0,193.3,,0,0,0,0,0,,0,0,,0,
"118","HELMUT","2023081918",0,20.5,32,13.8,321,25.2,88.878,7.316,20.846,,,,,,,,,0,193.3,,0,0,0,0,0,,0,0,,0,
"118","HELMUT","2023081919",0,17.4,57,10.9,66,22.9,88.716,6.176,18.429,,,,,,,,,0,193.3,,0,0,0,0,0,,0,0,,0,
"118","HELMUT","2023081920",0,14.1,69,4.8,135,11.4,88.31,4.285,13.981,,,,,,,,,0,193.3,,0,0,0,0,0,,0,0,,0,
"118","HELMUT","2023081921",0,11.3,78,3.9,216,9.1,87.738,3.773,12.652,,,,,,,,,0,193.3,,0,0,0,0,0,,0,0,,0,
"118","HELMUT","2023081922",0,10.4,81,5.3,227,6.8,87.12,3.706,12.475,,,,,,,,,0,193.3,,0,0,0,0,0,,0,0,,0,
"118","HELMUT","2023081923",0,9.8,82,8,224,10.2,86.504,3.89,12.964,,,,,,,,,0,193.3,,0,0,0,0,0,,0,0,,0,
"119","NELSON FORKS","2023081900",0,14.2,60,15.1,154,25.8,72.813,1.479,3.132,,,,,,,,,,,,,,,,,,,,,,
"119","NELSON FORKS","2023081901",0,13.8,62,12.5,132,22.9,73.92,1.361,2.822,,,,,,,,,,,,,,,,,,,,,,
"119","NELSON FORKS","2023081902",0,13.5,62,12.1,133,20,74.91,1.402,2.932,,,,,,,,,,,,,,,,,,,,,,
"119","NELSON FORKS","2023081903",0,13.3,61,12.5,158,21.2,75.839,1.511,3.215,,,,,,,,,,,,,,,,,,,,,,
"119","NELSON FORKS","2023081904",0,12.3,67,9.7,146,22.3,76.469,1.367,2.838,,,,,,,,,,,,,,,,,,,,,,
"119","NELSON FORKS","2023081905",0,11.8,69,9.9,131,19.5,76.996,1.434,3.014,,,,,,,,,,,,,,,,,,,,,,
"119","NELSON FORKS","2023081906",0,12.8,64,11.6,152,20.6,77.643,1.641,3.547,,,,,,,,,,,,,,,,,,,,,,
"119","NELSON FORKS","2023081907",0,13.2,63,9.9,140,22.3,78.249,1.585,3.404,,,,,,,,,,,,,,,,,,,,,,
"119","NELSON FORKS","2023081908",0,14.3,59,9.5,152,17.2,78.923,1.65,3.569,,,,,,,,,,,,,,,,,,,,,,
"119","NELSON FORKS","2023081909",0,16.2,56,7.8,156,15.4,79.647,1.625,3.506,,,,,,,,,,,,,,,,,,,,,,
"119","NELSON FORKS","2023081910",0,19,46,11,158,20,80.745,2.145,4.751,,,,,,,,,,,,,,,,,,,,,,
"119","NELSON FORKS","2023081911",0,20.3,40,10.5,170,18.9,81.954,2.406,5.339,,,,,,,,,,,,,,,,,,,,,,
"119","NELSON FORKS","2023081912",0,20.6,36,12.1,148,29.2,83.181,3.041,6.685,0,85.61,4.219,9.536,23.545,185.127,35.73,3,,,,,,,,,,,,,,
"119","NELSON FORKS","2023081913",0,21,37,9.6,162,26.9,84.184,3.059,7.195,,,,,,,,,,,,,,,,,,,,,,
"119","NELSON FORKS","2023081914",0,22.2,34,13.7,170,20,85.278,4.367,9.818,,,,,,,,,,,,,,,,,,,,,,
"119","NELSON FORKS","2023081915",0,22.7,34,8.3,189,19.5,86.152,3.759,8.637,,,,,,,,,,,,,,,,,,,,,,
"119","NELSON FORKS","2023081916",0,21,39,9.3,158,17.2,86.678,4.258,9.609,,,,,,,,,,,,,,,,,,,,,,
"119","NELSON FORKS","2023081917",0,19.9,38,8,164,17.2,87.108,4.239,9.574,,,,,,,,,,,,,,,,,,,,,,
"119","NELSON FORKS","2023081918",0,20.2,45,5.9,177,16.6,87.3,3.919,8.955,,,,,,,,,,,,,,,,,,,,,,
"119","NELSON FORKS","2023081919",0,17.1,43,7.7,177,14.9,87.445,4.381,9.843,,,,,,,,,,,,,,,,,,,,,,
"119","NELSON FORKS","2023081920",0,15.2,50,7.1,193,16,87.494,4.28,9.653,,,,,,,,,,,,,,,,,,,,,,
"119","NELSON FORKS","2023081921",0,15.7,43,8,133,14.3,87.586,4.538,10.139,,,,,,,,,,,,,,,,,,,,,,
"119","NELSON FORKS","2023081922",0,15.5,43,8,132,12.5,87.664,4.589,10.233,,,,,,,,,,,,,,,,,,,,,,
"119","NELSON FORKS","2023081923",0,15,41,8.4,135,13.7,87.765,4.751,10.531,,,,,,,,,,,,,,,,,,,,,,
"120","SILVER","2023081900",0,5.6,98,0.4,227,2.8,79.588,1.113,1.54,,,,,,,,,,,,,,,,,,,,1953.8,,
"120","SILVER","2023081901",0,5.1,98,0,217,3,79.209,1.05,1.351,,,,,,,,,,,,,,,,,,,,1953.8,,
"120","SILVER","2023081902",0,5.5,93,0.4,221,2.9,79.053,1.056,1.369,,,,,,,,,,,,,,,,,,,,1953.8,,
"120","SILVER","2023081903",0,5.1,96,2.6,235,4.1,78.733,1.145,1.632,,,,,,,,,,,,,,,,,,,,1953.8,,
"120","SILVER","2023081904",0,3.9,100,2,234,4.3,78.207,1.06,1.383,,,,,,,,,,,,,,,,,,,,1953.8,,
"120","SILVER","2023081905",0,3.6,100,1.5,226,4.2,77.74,0.994,1.142,,,,,,,,,,,,,,,,,,,,1953.8,,
"120","SILVER","2023081906",0,5.9,94,3,220,4.9,77.636,1.064,1.393,,,,,,,,,,,,,,,,,,,,1953.8,,
"120","SILVER","2023081907",0,9.9,82,0.8,212,4.8,77.745,0.96,0.987,,,,,,,,,,,,,,,,,,,,1953.8,,
"120","SILVER","2023081908",0,15,62,1,193,5.7,78.227,1.01,1.208,,,,,,,,,,,,,,,,,,,,1953.8,,
"120","SILVER","2023081909",0,19.2,42,1.9,110,9.1,79.319,1.168,1.696,,,,,,,,,,,,,,,,,,,,1953.8,,
"120","SILVER","2023081910",0,19.5,40,4,325,11.6,80.471,1.463,2.427,,,,,,,,,,,,,,,,,,,,1953.8,,
"120","SILVER","2023081911",0,20.2,37,3.3,126,11.9,81.596,1.604,2.751,,,,,,,,,,,,,,,,,,,,1953.8,,
"120","SILVER","2023081912",0,21.8,37,5.9,125,12.5,82.77,2.111,3.832,0,88.948,4.963,9.581,18.006,166.296,28.341,3,,,,,,,,,,,,1953.8,,
"120","SILVER","2023081913",0,20.6,34,4.1,178,13.3,83.771,2.195,4.462,,,,,,,,,,,,,,,,,,,,1953.8,,
"120","SILVER","2023081914",0,22.5,34,3.6,171,15.2,84.733,2.436,4.971,,,,,,,,,,,,,,,,,,,,1953.8,,
"120","SILVER","2023081915",0,23.1,34,5.4,145,20,85.649,3.026,6.156,,,,,,,,,,,,,,,,,,,,1953.8,,
"120","SILVER","2023081916",0,23.1,33,5.9,159,16.4,86.481,3.488,7.028,,,,,,,,,,,,,,,,,,,,1953.8,,
"120","SILVER","2023081917",0,21.6,35,4,149,14.4,87.038,3.431,6.922,,,,,,,,,,,,,,,,,,,,1953.8,,
"120","SILVER","2023081918",0,19.4,38,2.9,144,13.2,87.36,3.398,6.862,,,,,,,,,,,,,,,,,,,,1953.8,,
"120","SILVER","2023081919",0,18,45,0.1,154,10.7,87.453,2.99,6.086,,,,,,,,,,,,,,,,,,,,1953.8,,
"120","SILVER","2023081920",0,14,60,0.8,83,4.5,87.395,3.073,6.245,,,,,,,,,,,,,,,,,,,,1953.8,,
"120","SILVER","2023081921",0,11.5,68,3.8,25,7.8,87.152,3.452,6.961,,,,,,,,,,,,,,,,,,,,1953.8,,
"120","SILVER","2023081922",0,9.1,80,4.7,32,7.2,86.642,3.36,6.79,,,,,,,,,,,,,,,,,,,,1953.8,,
"120","SILVER","2023081923",0,8.2,85,3.2,319,7.3,86.065,2.871,5.853,,,,,,,,,,,,,,,,,,,,1953.8,,
"121","PADDY","2023081900",0,6.6,93,6.9,184,9.1,61.542,0.635,0.824,,,,,,,,,0,193.3,,0,0,0,0,0,,0,0,,0,
"121","PADDY","2023081901",0,5.7,96,7.1,177,9.1,61.719,0.647,0.84,,,,,,,,,0,193.3,,0,0,0,0,0,,0,0,,0,
"121","PADDY","2023081902",0,4.7,98,5.5,187,8.5,61.814,0.6,0.779,,,,,,,,,0,193.3,,0,0,0,0,0,,0,0,,0,
"121","PADDY","2023081903",0,5.2,99,7.4,192,9.1,61.883,0.663,0.861,,,,,,,,,0,193.3,,0,0,0,0,0,,0,0,,0,
"121","PADDY","2023081904",0,4.3,100,7.2,182,10.2,61.923,0.658,0.854,,,,,,,,,0,193.3,,0,0,0,0,0,,0,0,,0,
"121","PADDY","2023081905",0,4.5,99,7.2,175,9.7,61.991,0.66,0.857,,,,,,,,,0,193.3,,0,0,0,0,0,,0,0,,0,
"121","PADDY","2023081906",0,5.4,98,7.1,187,8.5,62.092,0.66,0.857,,,,,,,,,0,193.3,,0,0,0,0,0,,0,0,,0,
"121","PADDY","2023081907",0,9.8,74,7.1,186,11.4,63.187,0.697,0.905,,,,,,,,,0,193.3,,0,0,0,0,0,,0,0,,0,
"121","PADDY","2023081908",0,13.1,61,6.8,194,12,64.803,0.737,0.957,,,,,,,,,0,193.3,,0,0,0,0,0,,0,0,,0,
"121","PADDY","2023081909",0,17.2,52,5.7,228,11.4,66.841,0.753,0.977,,,,,,,,,0,193.3,,0,0,0,0,0,,0,0,,0,
"121","PADDY","2023081910",0,19,43,11.7,305,25.8,69.494,1.11,2.285,,,,,,,,,0,193.3,,0,0,0,0,0,,0,0,,0,
"121","PADDY","2023081911",0,20,39,11.3,313,25.8,72.101,1.188,2.516,,,,,,,,,0,193.3,,0,0,0,0,0,,0,0,,0,
"121","PADDY","2023081912",0,20.3,37,10.9,254,24.1,74.498,1.292,2.814,0.2,84.053,3.21,7.924,22.157,401.37,38.94,2,0,193.3,,0,0,0,0,0,,0,0,,0,
"121","PADDY","2023081913",0,20.6,36,7.6,333,24.1,76.541,1.236,2.958,,,,,,,,,0,193.3,,0,0,0,0,0,,0,0,,0,
"121","PADDY","2023081914",0,21.6,32,8.7,320,21.8,78.614,1.541,3.841,,,,,,,,,0,193.3,,0,0,0,0,0,,0,0,,0,
"121","PADDY","2023081915",0,22,32,7.9,262,22.9,80.424,1.771,4.471,,,,,,,,,0,193.3,,0,0,0,0,0,,0,0,,0,
"121","PADDY","2023081916",0,22.6,33,8,295,20,82.006,2.135,5.412,,,,,,,,,0,193.3,,0,0,0,0,0,,0,0,,0,
"121","PADDY","2023081917",0,23,31,6.8,236,16.6,83.434,2.406,6.079,,,,,,,,,0,193.3,,0,0,0,0,0,,0,0,,0,
"121","PADDY","2023081918",0,22,36,4,7,9.1,84.364,2.364,5.977,,,,,,,,,0,193.3,,0,0,0,0,0,,0,0,,0,
"121","PADDY","2023081919",0,17.9,53,4.4,13,11.4,84.628,2.5,6.304,,,,,,,,,0,193.3,,0,0,0,0,0,,0,0,,0,
"121","PADDY","2023081920",0,13.5,73,2.8,339,3.9,84.59,2.294,5.807,,,,,,,,,0,193.3,,0,0,0,0,0,,0,0,,0,
"121","PADDY","2023081921",0,12.7,67,2.9,28,7.4,84.638,2.321,5.873,,,,,,,,,0,193.3,,0,0,0,0,0,,0,0,,0,
"121","PADDY","2023081922",0,12.7,70,3.4,33,9.7,84.646,2.383,6.023,,,,,,,,,0,193.3,,0,0,0,0,0,,0,0,,0,
"121","PADDY","2023081923",0,11.7,64,3.1,82,7.4,84.694,2.362,5.974,,,,,,,,,0,193.3,,0,0,0,0,0,,0,0,,0,
"124","GRAHAM","2023081900",0,7.1,92,3.7,312,17.2,82.372,1.798,7.064,,,,,,,,,0,193.3,,0,0,0,0,0,,0,0,,0,
"124","GRAHAM","2023081901",0,4.2,97,3.1,333,6.8,81.696,1.607,6.365,,,,,,,,,0,193.3,,0,0,0,0,0,,0,0,,0,
"124","GRAHAM","2023081902",0,2.9,97,3.7,351,12,81.082,1.542,6.121,,,,,,,,,0,193.3,,0,0,0,0,0,,0,0,,0,
"124","GRAHAM","2023081903",0,2.4,97,3.8,343,13.7,80.525,1.456,5.794,,,,,,,,,0,193.3,,0,0,0,0,0,,0,0,,0,
"124","GRAHAM","2023081904",0,1.6,96,4.4,320,14.3,80.067,1.429,5.69,,,,,,,,,0,193.3,,0,0,0,0,0,,0,0,,0,
"124","GRAHAM","2023081905",0,3.7,89,9.3,252,20,79.923,1.803,7.081,,,,,,,,,0,193.3,,0,0,0,0,0,,0,0,,0,
"124","GRAHAM","2023081906",0,6,83,7.8,255,23.5,79.969,1.679,6.634,,,,,,,,,0,193.3,,0,0,0,0,0,,0,0,,0,
"124","GRAHAM","2023081907",0,9,70,9.5,227,24.6,80.167,1.868,7.314,,,,,,,,,0,193.3,,0,0,0,0,0,,0,0,,0,
"124","GRAHAM","2023081908",0,12.5,57,11.2,226,28.1,80.668,2.148,8.284,,,,,,,,,0,193.3,,0,0,0,0,0,,0,0,,0,
"124","GRAHAM","2023081909",0,15.7,52,12.2,217,21.8,81.35,2.44,9.25,,,,,,,,,0,193.3,,0,0,0,0,0,,0,0,,0,
"124","GRAHAM","2023081910",0,19.2,46,10,214,24.1,82.234,2.428,9.209,,,,,,,,,0,193.3,,0,0,0,0,0,,0,0,,0,
"124","GRAHAM","2023081911",0,22.3,31,7.9,196,17.7,83.614,2.603,9.77,,,,,,,,,0,193.3,,0,0,0,0,0,,0,0,,0,
"124","GRAHAM","2023081912",0,23.9,29,11.9,194,22.3,85.073,3.877,13.492,0,91.837,10.147,28.044,53.886,344.402,77.47,4,0,193.3,,0,0,0,0,0,,0,0,,0,
"124","GRAHAM","2023081913",0,25.2,30,11.8,182,20.6,86.341,4.605,15.906,,,,,,,,,0,193.3,,0,0,0,0,0,,0,0,,0,
"124","GRAHAM","2023081914",0,26,29,10.2,194,20,87.458,4.979,16.868,,,,,,,,,0,193.3,,0,0,0,0,0,,0,0,,0,
"124","GRAHAM","2023081920",0,9.6,86,2.7,336,7.9,86.764,3.091,11.649,,,,,,,,,0,193.3,,0,0,0,0,0,,0,0,,0,
"124","GRAHAM","2023081921",0,7.3,91,3.8,317,6.8,85.931,2.904,11.076,,,,,,,,,0,193.3,,0,0,0,0,0,,0,0,,0,
"124","GRAHAM","2023081922",0,6,93,3.7,344,7.4,85.105,2.576,10.032,,,,,,,,,0,193.3,,0,0,0,0,0,,0,0,,0,
"124","GRAHAM","2023081923",0,4.9,92,3.7,353,9.1,84.423,2.347,9.273,,,,,,,,,0,193.3,,0,0,0,0,0,,0,0,,0,
"126","TOAD RIVER","2023081900",0,9.5,80,5.8,355,10.8,77.431,1.205,2.216,,,,,,,,,0,0,,0,0,0,0,0,,0,0,,0,
"126","TOAD RIVER","2023081901",0,7.9,90,3.9,190,11.4,77.476,1.099,1.917,,,,,,,,,0,0,,0,0,0,0,0,,0,0,,0,
"126","TOAD RIVER","2023081902",0,5.5,100,1.8,161,7.4,77.051,0.957,1.477,,,,,,,,,0,0,,0,0,0,0,0,,0,0,,0,
"126","TOAD RIVER","2023081903",0,4.7,100,0,143,2.8,76.741,0.855,1.02,,,,,,,,,0,0,,0,0,0,0,0,,0,0,,0,
"126","TOAD RIVER","2023081904",0,4,100,1.8,53,2.2,76.384,0.913,1.318,,,,,,,,,0,0,,0,0,0,0,0,,0,0,,0,
"126","TOAD RIVER","2023081905",0,3.6,100,1.8,124,3.3,76.057,0.893,1.24,,,,,,,,,0,0,,0,0,0,0,0,,0,0,,0,
"126","TOAD RIVER","2023081906",0,3.8,100,2.2,35,4.5,75.75,0.894,1.243,,,,,,,,,0,0,,0,0,0,0,0,,0,0,,0,
"126","TOAD RIVER","2023081907",0,5.1,100,2.2,100,6.2,75.468,0.879,1.175,,,,,,,,,0,0,,0,0,0,0,0,,0,0,,0,
"126","TOAD RIVER","2023081908",0,9.6,99,3.7,157,6.8,75.286,0.938,1.411,,,,,,,,,0,0,,0,0,0,0,0,,0,0,,0,
"126","TOAD RIVER","2023081909",0,17.5,44,14.8,271,25.2,76.946,1.828,3.778,,,,,,,,,0,0,,0,0,0,0,0,,0,0,,0,
"126","TOAD RIVER","2023081910",0,19.1,42,11.6,254,27.5,78.513,1.767,3.634,,,,,,,,,0,0,,0,0,0,0,0,,0,0,,0,
"126","TOAD RIVER","2023081911",0,20.2,38,16.1,276,31,80.2,2.614,5.5,,,,,,,,,0,0,,0,0,0,0,0,,0,0,,0,
"126","TOAD RIVER","2023081912",0,20.8,40,13.4,264,26.4,81.573,2.661,5.598,0,85.99,4.75,10.173,20.184,251.584,33.624,3,0,0,,0,0,0,0,0,,0,0,,0,
"126","TOAD RIVER","2023081913",0,21.2,36,11.2,302,30.4,82.874,2.794,6.365,,,,,,,,,0,0,,0,0,0,0,0,,0,0,,0,
"126","TOAD RIVER","2023081914",0,21.4,33,13.3,275,28.7,84.146,3.668,8.153,,,,,,,,,0,0,,0,0,0,0,0,,0,0,,0,
"126","TOAD RIVER","2023081915",0,21.9,33,8.5,240,26.9,85.176,3.313,7.448,,,,,,,,,0,0,,0,0,0,0,0,,0,0,,0,
"126","TOAD RIVER","2023081916",0,21.8,33,10.9,245,22.9,86.091,4.248,9.259,,,,,,,,,0,0,,0,0,0,0,0,,0,0,,0,
"126","TOAD RIVER","2023081917",0,21.6,33,13.6,271,25.2,86.889,5.448,11.387,,,,,,,,,0,0,,0,0,0,0,0,,0,0,,0,
"126","TOAD RIVER","2023081918",0,21,42,3.9,334,21.8,87.189,3.488,7.798,,,,,,,,,0,0,,0,0,0,0,0,,0,0,,0,
"126","TOAD RIVER","2023081919",0,16.1,67,3.2,309,7.9,87.031,3.292,7.405,,,,,,,,,0,0,,0,0,0,0,0,,0,0,,0,
"126","TOAD RIVER","2023081920",0,11,82,2.2,359,8.5,86.517,2.91,6.613,,,,,,,,,0,0,,0,0,0,0,0,,0,0,,0,
"126","TOAD RIVER","2023081921",0,8.1,100,2.4,68,6.2,85.139,2.424,5.553,,,,,,,,,0,0,,0,0,0,0,0,,0,0,,0,
"126","TOAD RIVER","2023081922",0,5.6,100,1.7,326,5.6,84.019,2.01,4.592,,,,,,,,,0,0,,0,0,0,0,0,,0,0,,0,
"126","TOAD RIVER","2023081923",0,5.2,100,0,284,0,83.192,1.655,3.716,,,,,,,,,0,0,,0,0,0,0,0,,0,0,,0,
"127","TUMBLER HUB","2023081900",0,1.5,100,3.8,100,6.8,30.397,0.005,0.006,,,,,,,,,,220.7,,,,0,2,950.17,,,,,,
"127","TUMBLER HUB","2023081901",0,2.1,100,3.4,123,6.8,30.427,0.005,0.006,,,,,,,,,,220.7,,,,0,2,950.12,,,,,,
"127","TUMBLER HUB","2023081902",0,2.8,100,2.5,237,9.7,30.457,0.004,0.006,,,,,,,,,,220.7,,,,0,2,950.09,,,,,,
"127","TUMBLER HUB","2023081903",0,2.6,100,1.9,110,5.1,30.487,0.004,0.006,,,,,,,,,,220.7,,,,0,2,950.09,,,,,,
"127","TUMBLER HUB","2023081904",0,1.9,99,3.8,113,5.6,30.586,0.005,0.006,,,,,,,,,,220.7,,,,0,2,950.09,,,,,,
"127","TUMBLER HUB","2023081905",0,2.2,100,2.9,93,5.6,30.616,0.005,0.006,,,,,,,,,,220.7,,,,0,2,950.09,,,,,,
"127","TUMBLER HUB","2023081906",0,2.2,100,1.7,67,5.6,30.646,0.004,0.006,,,,,,,,,,220.7,,,,0,2,950.08,,,,,,
"127","TUMBLER HUB","2023081907",0,4.3,100,1.9,80,4.5,30.676,0.005,0.006,,,,,,,,,,220.7,,,,0,2,949.98,,,,,,
"127","TUMBLER HUB","2023081908",0,9.8,77,2.6,245,6.2,32.234,0.007,0.009,,,,,,,,,,220.7,,,,0,2,949.86,,,,,,
"127","TUMBLER HUB","2023081909",0,12.4,67,6.5,244,12.5,34.84,0.016,0.021,,,,,,,,,,205.9,,,,0,2,949.74,,,,,,
"127","TUMBLER HUB","2023081910",0,15.1,56,10.5,242,18.3,38.533,0.044,0.058,,,,,,,,,,183.6,,,,0,2,949.69,,,,,,
"127","TUMBLER HUB","2023081911",0,17.5,44,9.2,251,17.7,42.86,0.092,0.12,,,,,,,,,,157.6,,,,0,2,949.63,,,,,,
"127","TUMBLER HUB","2023081912",0,18.9,43,10.3,229,18.9,47.334,0.195,0.254,0.6,70.15,1.056,2.375,21.518,461.587,38.545,2,,161.3,,,,0,2,949.62,,,,,,
"127","TUMBLER HUB","2023081913",0,20.5,39,7.5,207,20.6,51.716,0.292,0.41,,,,,,,,,,161.2,,,,0,2,949.58,,,,,,
"127","TUMBLER HUB","2023081914",0,21.3,32,7.8,226,17.7,56.251,0.461,0.646,,,,,,,,,,161.3,,,,0,2,949.61,,,,,,
"127","TUMBLER HUB","2023081915",0,21.6,33,8.5,250,17.7,60.475,0.647,0.906,,,,,,,,,,150.1,,,,0,2,949.63,,,,,,
"127","TUMBLER HUB","2023081916",0,21.7,31,8,241,17.2,64.365,0.769,1.344,,,,,,,,,,164.9,,,,0,2,949.67,,,,,,
"127","TUMBLER HUB","2023081917",0,20.7,33,7.3,233,21.8,67.601,0.837,1.621,,,,,,,,,,179.8,,,,0,2,949.73,,,,,,
"127","TUMBLER HUB","2023081918",0,19,39,7.2,233,17.7,70.097,0.902,1.858,,,,,,,,,,157.5,,,,0,2,949.8,,,,,,
"127","TUMBLER HUB","2023081919",0,15.6,54,2.2,225,12,71.353,0.731,1.152,,,,,,,,,,194.7,,,,0,2,949.92,,,,,,
"127","TUMBLER HUB","2023081920",0,11.7,73,2.7,192,9.1,71.947,0.766,1.329,,,,,,,,,,153.8,,,,0,2,950.04,,,,,,
"127","TUMBLER HUB","2023081921",0,8.4,84,4.7,103,6.2,72.249,0.856,1.694,,,,,,,,,,113,,,,0,2,950.1,,,,,,
"127","TUMBLER HUB","2023081922",0,6.7,87,5,129,6.8,72.459,0.876,1.767,,,,,,,,,,120.6,,,,0,2,950.14,,,,,,
"127","TUMBLER HUB","2023081923",0,5.2,89,4.4,103,6.8,72.608,0.855,1.69,,,,,,,,,,102,,,,0,2,950.13,,,,,,
"129","PINK MOUNTAIN","2023081900",0,3.9,95,0,272,0,83.383,1.696,5.135,,,,,,,,,0,0,,0,0,0,0,0,,0,0,,0,
"129","PINK MOUNTAIN","2023081901",0,0.6,97,0,257,0,82.836,1.581,4.78,,,,,,,,,0,0,,0,0,0,0,0,,0,0,,0,
"129","PINK MOUNTAIN","2023081902",0,0.5,98,5.4,263,7.4,82.061,1.885,5.701,,,,,,,,,0,0,,0,0,0,0,0,,0,0,,0,
"129","PINK MOUNTAIN","2023081903",0,-1.1,98,1.6,274,7.4,81.465,1.45,4.363,,,,,,,,,0,0,,0,0,0,0,0,,0,0,,0,
"129","PINK MOUNTAIN","2023081904",0,-2,98,0,235,0,81.02,1.271,3.776,,,,,,,,,0,0,,0,0,0,0,0,,0,0,,0,
"129","PINK MOUNTAIN","2023081905",0,-2.5,98,0,238,0,80.605,1.213,3.581,,,,,,,,,0,0,,0,0,0,0,0,,0,0,,0,
"129","PINK MOUNTAIN","2023081906",0,-0.9,96,0,247,0,80.28,1.171,3.438,,,,,,,,,0,0,,0,0,0,0,0,,0,0,,0,
"129","PINK MOUNTAIN","2023081907",0,3.7,91,0,269,0,80.131,1.153,3.374,,,,,,,,,0,0,,0,0,0,0,0,,0,0,,0,
"129","PINK MOUNTAIN","2023081908",0,12,63,0,191,0,80.346,1.18,3.466,,,,,,,,,0,0,,0,0,0,0,0,,0,0,,0,
"129","PINK MOUNTAIN","2023081909",0,17.3,43,4.2,270,10.8,81.209,1.604,4.852,,,,,,,,,0,0,,0,0,0,0,0,,0,0,,0,
"129","PINK MOUNTAIN","2023081910",0,18.7,46,9.5,213,16.6,82.077,2.322,6.944,,,,,,,,,0,0,,0,0,0,0,0,,0,0,,0,
"129","PINK MOUNTAIN","2023081911",0,19.1,38,9.3,201,20.6,83.085,2.608,7.713,,,,,,,,,0,0,,0,0,0,0,0,,0,0,,0,
"129","PINK MOUNTAIN","2023081912",0,20.5,38,9.5,178,20.6,84.04,2.986,8.688,0,89.305,6.263,16.489,31.945,449.008,54.242,3,0,0,,0,0,0,0,0,,0,0,,0,
"129","PINK MOUNTAIN","2023081913",0,21.2,36,9.9,195,24.6,84.972,3.457,10.321,,,,,,,,,0,0,,0,0,0,0,0,,0,0,,0,
"129","PINK MOUNTAIN","2023081914",0,22.6,32,10.2,189,23.5,85.987,4.041,11.728,,,,,,,,,0,0,,0,0,0,0,0,,0,0,,0,
"129","PINK MOUNTAIN","2023081915",0,21.7,31,9.5,219,21.8,86.825,4.392,12.535,,,,,,,,,0,0,,0,0,0,0,0,,0,0,,0,
"129","PINK MOUNTAIN","2023081916",0,20,34,5.8,319,17.2,87.33,3.916,11.434,,,,,,,,,0,0,,0,0,0,0,0,,0,0,,0,
"129","PINK MOUNTAIN","2023081917",0,21.1,34,10.4,246,21.2,87.852,5.321,14.566,,,,,,,,,0,0,,0,0,0,0,0,,0,0,,0,
"129","PINK MOUNTAIN","2023081918",0,20,38,11.7,266,20,88.144,5.923,15.809,,,,,,,,,0,0,,0,0,0,0,0,,0,0,,0,
"129","PINK MOUNTAIN","2023081919",0,15.7,56,5.9,271,14.3,88.084,4.385,12.519,,,,,,,,,0,0,,0,0,0,0,0,,0,0,,0,
"129","PINK MOUNTAIN","2023081920",0,7.7,81,0,350,7.4,87.637,3.055,9.302,,,,,,,,,0,0,,0,0,0,0,0,,0,0,,0,
"129","PINK MOUNTAIN","2023081921",0,4.1,90,2.9,282,5.6,86.842,3.156,9.564,,,,,,,,,0,0,,0,0,0,0,0,,0,0,,0,
"129","PINK MOUNTAIN","2023081922",0,1.9,93,0,230,5.6,86.211,2.494,7.799,,,,,,,,,0,0,,0,0,0,0,0,,0,0,,0,
"129","PINK MOUNTAIN","2023081923",0,0.8,96,0,274,6.8,85.522,2.265,7.15,,,,,,,,,0,0,,0,0,0,0,0,,0,0,,0,
"131","MUSKWA","2023081900",0,4.6,98,0.2,43,5.1,68.173,0.596,0.852,,,,,,,,,,,,,,,,,,,,5515.6,,
"131","MUSKWA","2023081901",0,4.8,97,2.8,42,9.4,68.244,0.681,0.974,,,,,,,,,,,,,,,,,,,,5515.6,,
"131","MUSKWA","2023081902",0,8.2,75,27.9,226,36.7,69.284,2.494,6.367,,,,,,,,,,,,,,,,,,,,5515.6,,
"131","MUSKWA","2023081903",0,8,74,27.7,224,36.3,70.271,2.548,6.496,,,,,,,,,,,,,,,,,,,,5515.6,,
"131","MUSKWA","2023081904",0,8,74,28.8,228,39.9,71.197,2.778,7.036,,,,,,,,,,,,,,,,,,,,5515.6,,
"131","MUSKWA","2023081905",0,7.5,76,26.5,229,37.5,71.955,2.541,6.478,,,,,,,,,,,,,,,,,,,,5515.6,,
"131","MUSKWA","2023081906",0,8.5,69,28.9,223,38.8,72.918,2.976,7.491,,,,,,,,,,,,,,,,,,,,5515.6,,
"131","MUSKWA","2023081907",0,10.4,66,6,51,37.3,73.637,0.968,2.15,,,,,,,,,,,,,,,,,,,,5515.6,,
"131","MUSKWA","2023081908",0,13.8,61,1.7,330,26.3,74.388,0.808,1.572,,,,,,,,,,,,,,,,,,,,5515.6,,
"131","MUSKWA","2023081909",0,16.6,51,13.9,230,23.8,75.849,1.622,4.124,,,,,,,,,,,,,,,,,,,,5515.6,,
"131","MUSKWA","2023081910",0,19,46,11.8,229,21.2,77.416,1.628,4.141,,,,,,,,,,,,,,,,,,,,5515.6,,
"131","MUSKWA","2023081911",0,20.7,34,7.8,208,16.6,79.198,1.555,3.935,,,,,,,,,,,,,,,,,,,,5515.6,,
"131","MUSKWA","2023081912",0,21.3,30,12,211,23.7,81.074,2.34,5.993,0.2,86.854,5.002,12.306,28.991,222.259,43.724,3,,,,,,,,,,,,5515.6,,
"131","MUSKWA","2023081913",0,22.2,28,12.4,223,21.1,82.843,2.957,7.915,,,,,,,,,,,,,,,,,,,,5515.6,,
"131","MUSKWA","2023081914",0,22.6,31,13,205,21.9,84.272,3.674,9.554,,,,,,,,,,,,,,,,,,,,5515.6,,
"131","MUSKWA","2023081915",0,22.6,30,13.6,242,27.6,85.526,4.497,11.296,,,,,,,,,,,,,,,,,,,,5515.6,,
"131","MUSKWA","2023081916",0,22.4,32,14.9,221,25.3,86.509,5.512,13.29,,,,,,,,,,,,,,,,,,,,5515.6,,
"131","MUSKWA","2023081917",0,22,34,12.5,238,21.7,87.215,5.4,13.077,,,,,,,,,,,,,,,,,,,,5515.6,,
"131","MUSKWA","2023081918",0,19.6,44,9,246,14.9,87.412,4.656,11.618,,,,,,,,,,,,,,,,,,,,5515.6,,
"131","MUSKWA","2023081919",0,12.9,78,6.4,238,16.1,86.899,3.796,9.82,,,,,,,,,,,,,,,,,,,,5515.6,,
"131","MUSKWA","2023081920",0,11.3,76,0,0,11.2,86.635,2.648,7.17,,,,,,,,,,,,,,,,,,,,5515.6,,
"131","MUSKWA","2023081921",0,10.3,78,4.9,242,16.9,86.229,3.201,8.488,,,,,,,,,,,,,,,,,,,,5515.6,,
"131","MUSKWA","2023081922",0,8.8,84,7.7,212,12.7,85.654,3.401,8.943,,,,,,,,,,,,,,,,,,,,5515.6,,
"131","MUSKWA","2023081923",0,8,87,11.7,233,18.4,84.988,3.793,9.814,,,,,,,,,,,,,,,,,,,,5515.6,,
"132","HUDSON HOPE","2023081900",0,10.4,77,6.2,213,8.5,63.59,0.679,2.224,,,,,,,,,,,,,,,,,,,,,,
"132","HUDSON HOPE","2023081901",0,11.3,76,5.9,220,17.2,64.569,0.698,2.316,,,,,,,,,,,,,,,,,,,,,,
"132","HUDSON HOPE","2023081902",0,10.5,79,6.4,218,14.9,65.391,0.739,2.514,,,,,,,,,,,,,,,,,,,,,,
"132","HUDSON HOPE","2023081903",0,9.4,85,3.6,123,15.4,65.872,0.654,2.102,,,,,,,,,,,,,,,,,,,,,,
"132","HUDSON HOPE","2023081904",0,8.2,89,4.8,174,12,66.22,0.704,2.345,,,,,,,,,,,,,,,,,,,,,,
"132","HUDSON HOPE","2023081905",0,8.7,82,6.2,214,12.5,66.819,0.771,2.662,,,,,,,,,,,,,,,,,,,,,,
"132","HUDSON HOPE","2023081906",0,9.8,79,6.6,211,17.2,67.526,0.806,2.821,,,,,,,,,,,,,,,,,,,,,,
"132","HUDSON HOPE","2023081907",0,10.8,74,8.1,249,20,68.423,0.895,3.215,,,,,,,,,,,,,,,,,,,,,,
"132","HUDSON HOPE","2023081908",0,12.3,68,9.2,244,21.2,69.537,0.98,3.58,,,,,,,,,,,,,,,,,,,,,,
"132","HUDSON HOPE","2023081909",0,14.7,59,11.6,255,25.2,71.036,1.161,4.322,,,,,,,,,,,,,,,,,,,,,,
"132","HUDSON HOPE","2023081910",0,17,55,11.5,239,22.9,72.676,1.226,4.58,,,,,,,,,,,,,,,,,,,,,,
"132","HUDSON HOPE","2023081911",0,19,43,11.5,256,21.8,74.695,1.345,5.037,,,,,,,,,,,,,,,,,,,,,,
"132","HUDSON HOPE","2023081912",0,21.4,37,11.6,251,22.3,76.908,1.552,5.804,1.6,81.42,2.387,8.777,40.798,580.344,69.4,3,,,,,,,,,,,,,,
"132","HUDSON HOPE","2023081913",0,22.9,34,10.9,201,18.9,79.059,1.794,6.801,,,,,,,,,,,,,,,,,,,,,,
"132","HUDSON HOPE","2023081914",0,24.1,29,9.3,247,21.2,81.159,2.063,7.721,,,,,,,,,,,,,,,,,,,,,,
"132","HUDSON HOPE","2023081915",0,24.8,27,11.6,202,24.1,83.162,2.958,10.52,,,,,,,,,,,,,,,,,,,,,,
"132","HUDSON HOPE","2023081916",0,25.3,27,7.7,296,21.2,84.773,3.011,10.675,,,,,,,,,,,,,,,,,,,,,,
"132","HUDSON HOPE","2023081917",0,24.3,29,11.4,247,20.6,86.062,4.339,14.286,,,,,,,,,,,,,,,,,,,,,,
"132","HUDSON HOPE","2023081918",0,24.2,28,4.6,318,14.3,87.034,3.534,12.159,,,,,,,,,,,,,,,,,,,,,,
"132","HUDSON HOPE","2023081919",0,20.2,47,4.4,244,13.1,87.184,3.575,12.269,,,,,,,,,,,,,,,,,,,,,,
"132","HUDSON HOPE","2023081920",0,16.1,63,2.5,181,7.9,87.112,3.215,11.264,,,,,,,,,,,,,,,,,,,,,,
"132","HUDSON HOPE","2023081921",0,13.3,62,4.5,187,8.5,87.023,3.511,12.093,,,,,,,,,,,,,,,,,,,,,,
"132","HUDSON HOPE","2023081922",0,12.5,63,4.7,168,9.1,86.914,3.492,12.042,,,,,,,,,,,,,,,,,,,,,,
"132","HUDSON HOPE","2023081923",0,11.7,60,5.7,209,9.1,86.857,3.643,12.455,,,,,,,,,,,,,,,,,,,,,,
"136","WONOWON","2023081900",0,11.1,56,11.5,273,16,86.143,4.411,14.405,,,,,,,,,,,,,,,,,,,,,,
"136","WONOWON","2023081901",0,10.7,55,12.6,265,16.6,86.191,4.694,15.11,,,,,,,,,,,,,,,,,,,,,,
"136","WONOWON","2023081902",0,11,54,12.4,259,17.7,86.239,4.678,15.072,,,,,,,,,,,,,,,,,,,,,,
"136","WONOWON","2023081903",0,9.7,58,12.8,244,16.6,86.246,4.778,15.318,,,,,,,,,,,,,,,,,,,,,,
"136","WONOWON","2023081904",0,9.4,59,13.6,251,17.2,86.23,4.963,15.766,,,,,,,,,,,,,,,,,,,,,,
"136","WONOWON","2023081905",0,9.1,61,13,250,17.2,86.176,4.779,15.319,,,,,,,,,,,,,,,,,,,,,,
"136","WONOWON","2023081906",0,9.3,62,14.4,257,17.7,86.109,5.081,16.048,,,,,,,,,,,,,,,,,,,,,,
"136","WONOWON","2023081907",0,9.7,64,16.4,245,20.6,86.012,5.543,17.132,,,,,,,,,,,,,,,,,,,,,,
"136","WONOWON","2023081908",0,12.5,54,12.7,266,19.5,86.06,4.631,14.956,,,,,,,,,,,,,,,,,,,,,,
"136","WONOWON","2023081909",0,15,50,10.9,265,17.7,86.161,4.29,14.1,,,,,,,,,,,,,,,,,,,,,,
"136","WONOWON","2023081910",0,17.2,44,10.8,242,15.4,86.434,4.436,14.469,,,,,,,,,,,,,,,,,,,,,,
"136","WONOWON","2023081911",0,18.7,40,10.7,238,21.8,86.819,4.661,15.031,,,,,,,,,,,,,,,,,,,,,,
"136","WONOWON","2023081912",0,19.8,36,11.1,205,20.6,87.307,5.099,16.091,0,89.669,7.153,21.287,43.339,575.044,72.936,4,,,,,,,,,,,,,,
"136","WONOWON","2023081913",0,20.5,33,12.2,205,21.8,87.854,5.828,18.344,,,,,,,,,,,,,,,,,,,,,,
"136","WONOWON","2023081914",0,21.4,30,11.8,210,25.2,88.455,6.225,19.252,,,,,,,,,,,,,,,,,,,,,,
"136","WONOWON","2023081915",0,21.7,27,14.3,204,24.1,89.103,7.749,22.538,,,,,,,,,,,,,,,,,,,,,,
"136","WONOWON","2023081916",0,22,27,11.6,195,22.9,89.639,7.304,21.607,,,,,,,,,,,,,,,,,,,,,,
"136","WONOWON","2023081917",0,20.7,29,13.1,217,21.8,89.974,8.265,23.587,,,,,,,,,,,,,,,,,,,,,,
"136","WONOWON","2023081918",0,20.7,32,8.3,201,21.8,90.144,6.65,20.198,,,,,,,,,,,,,,,,,,,,,,
"136","WONOWON","2023081919",0,18.5,39,7.9,211,17.7,90.193,6.563,20.007,,,,,,,,,,,,,,,,,,,,,,
"136","WONOWON","2023081920",0,16.3,43,10.9,217,15.4,90.162,7.6,22.228,,,,,,,,,,,,,,,,,,,,,,
"136","WONOWON","2023081921",0,14.9,47,12.2,215,15.4,90.027,7.959,22.968,,,,,,,,,,,,,,,,,,,,,,
"136","WONOWON","2023081922",0,15,43,13.3,229,18.9,89.99,8.368,23.794,,,,,,,,,,,,,,,,,,,,,,
"136","WONOWON","2023081923",0,14.8,43,13,225,17.7,89.955,8.201,23.458,,,,,,,,,,,,,,,,,,,,,,
"138","RED DEER","2023081900",0,3.5,89,8.9,16,14.3,60.537,0.662,1.089,,,,,,,,,,,,,,,,,,,,,,
"138","RED DEER","2023081901",0,4.6,85,7.5,14,16,61.146,0.64,0.976,,,,,,,,,,,,,,,,,,,,,,
"138","RED DEER","2023081902",0,4.1,86,5.5,14,12.5,61.65,0.595,0.908,,,,,,,,,,,,,,,,,,,,,,
"138","RED DEER","2023081903",0,4.4,86,6.6,13,16,62.171,0.646,0.986,,,,,,,,,,,,,,,,,,,,,,
"138","RED DEER","2023081904",0,4.1,86,5.4,12,13.7,62.648,0.623,0.951,,,,,,,,,,,,,,,,,,,,,,
"138","RED DEER","2023081905",0,4.4,82,8.2,13,18.3,63.303,0.741,1.503,,,,,,,,,,,,,,,,,,,,,,
"138","RED DEER","2023081906",0,5.6,83,6.1,10,16.6,63.891,0.684,1.232,,,,,,,,,,,,,,,,,,,,,,
"138","RED DEER","2023081907",0,7.7,78,7.9,7,17.2,64.72,0.776,1.653,,,,,,,,,,,,,,,,,,,,,,
"138","RED DEER","2023081908",0,10.6,57,7.2,1,12,66.215,0.794,1.724,,,,,,,,,,,,,,,,,,,,,,
"138","RED DEER","2023081909",0,12.5,54,9.3,0,14.9,67.898,0.935,2.251,,,,,,,,,,,,,,,,,,,,,,
"138","RED DEER","2023081910",0,14,50,4.4,0,17.2,69.457,0.767,1.617,,,,,,,,,,,,,,,,,,,,,,
"138","RED DEER","2023081911",0,15.2,42,12.4,0,20.6,71.543,1.23,3.239,,,,,,,,,,,,,,,,,,,,,,
"138","RED DEER","2023081912",0,17.6,36,4.7,0,18.3,73.492,0.901,2.129,0.8,83.909,2.304,6.605,29.299,295.304,46.952,3,,,,,,,,,,,,,,
"138","RED DEER","2023081913",0,16.2,40,7.9,0,17.7,75.172,1.151,3.188,,,,,,,,,,,,,,,,,,,,,,
"138","RED DEER","2023081914",0,16.3,40,2.1,0,17.7,76.44,0.93,2.413,,,,,,,,,,,,,,,,,,,,,,
"138","RED DEER","2023081915",0,15.7,43,5.6,0,10.2,77.642,1.213,3.393,,,,,,,,,,,,,,,,,,,,,,
"138","RED DEER","2023081916",0,17.2,42,7.5,0,15.4,78.896,1.488,4.271,,,,,,,,,,,,,,,,,,,,,,
"138","RED DEER","2023081917",0,17.6,38,8.6,0,18.9,80.181,1.788,5.168,,,,,,,,,,,,,,,,,,,,,,
"138","RED DEER","2023081918",0,16.6,40,7.7,0,13.1,81.19,1.91,5.519,,,,,,,,,,,,,,,,,,,,,,
"138","RED DEER","2023081919",0,14.1,46,2.2,0,10.2,81.736,1.543,4.439,,,,,,,,,,,,,,,,,,,,,,
"138","RED DEER","2023081920",0,11.4,54,10.5,0,13.7,82.114,2.453,7,,,,,,,,,,,,,,,,,,,,,,
"138","RED DEER","2023081921",0,10,58,12.5,0,18.3,82.365,2.799,7.883,,,,,,,,,,,,,,,,,,,,,,
"138","RED DEER","2023081922",0,9.6,59,12.8,0,18.3,82.57,2.915,8.171,,,,,,,,,,,,,,,,,,,,,,
"138","RED DEER","2023081923",0,8.6,65,12.4,0,17.2,82.65,2.885,8.098,,,,,,,,,,,,,,,,,,,,,,
"140","LEMORAY","2023081900",0,4.7,98,3,11,6.8,34.766,0.013,0.024,,,,,,,,,0,193.3,,0,0,0,0,0,,0,0,,0,
"140","LEMORAY","2023081901",0,4.8,98,2.6,4,5.1,34.927,0.014,0.025,,,,,,,,,0,193.3,,0,0,0,0,0,,0,0,,0,
"140","LEMORAY","2023081902",0,5.2,98,1.7,347,4.5,35.076,0.013,0.024,,,,,,,,,0,193.3,,0,0,0,0,0,,0,0,,0,
"140","LEMORAY","2023081903",0,4.6,98,3.3,40,4.5,35.244,0.015,0.028,,,,,,,,,0,193.3,,0,0,0,0,0,,0,0,,0,
"140","LEMORAY","2023081904",0,3.4,98,2.4,11,4.5,35.395,0.015,0.027,,,,,,,,,0,193.3,,0,0,0,0,0,,0,0,,0,
"140","LEMORAY","2023081905",0,2.9,98,2.7,50,4.5,35.547,0.016,0.029,,,,,,,,,0,193.3,,0,0,0,0,0,,0,0,,0,
"140","LEMORAY","2023081906",0.2,3,98,2.3,50,4.5,34.06,0.011,0.02,,,,,,,,,0,193.3,,0,0,0,0,0,,0,0,,0,
"140","LEMORAY","2023081907",0,5.8,98,2.4,339,4.5,34.225,0.011,0.021,,,,,,,,,0,193.3,,0,0,0,0,0,,0,0,,0,
"140","LEMORAY","2023081908",0,9.8,78,3.1,232,5.1,35.733,0.017,0.03,,,,,,,,,0,193.3,,0,0,0,0,0,,0,0,,0,
"140","LEMORAY","2023081909",0,13.3,63,3.8,265,7.4,38.251,0.03,0.054,,,,,,,,,0,193.3,,0,0,0,0,0,,0,0,,0,
"140","LEMORAY","2023081910",0,17.2,52,5.1,254,10.2,41.772,0.062,0.113,,,,,,,,,0,193.3,,0,0,0,0,0,,0,0,,0,
"140","LEMORAY","2023081911",0,19.6,42,9.8,273,20,46.43,0.167,0.303,,,,,,,,,0,193.3,,0,0,0,0,0,,0,0,,0,
"140","LEMORAY","2023081912",0,21.1,38,12.2,229,21.2,51.45,0.36,0.653,0.4,79.087,1.92,6.556,35.296,492.846,59.872,3,0,193.3,,0,0,0,0,0,,0,0,,0,
"140","LEMORAY","2023081913",0,22.1,34,11.6,222,25.8,56.394,0.565,1.36,,,,,,,,,0,193.3,,0,0,0,0,0,,0,0,,0,
"140","LEMORAY","2023081914",0,22.3,30,8.6,276,26.4,60.86,0.665,1.884,,,,,,,,,0,193.3,,0,0,0,0,0,,0,0,,0,
"140","LEMORAY","2023081915",0,22.5,28,11.7,258,24.1,65.238,0.96,3.158,,,,,,,,,0,193.3,,0,0,0,0,0,,0,0,,0,
"140","LEMORAY","2023081916",0,21.8,26,12.1,283,20.6,69.125,1.119,3.782,,,,,,,,,0,193.3,,0,0,0,0,0,,0,0,,0,
"140","LEMORAY","2023081917",0,21.9,31,6.9,259,20,72.06,0.95,3.118,,,,,,,,,0,193.3,,0,0,0,0,0,,0,0,,0,
"140","LEMORAY","2023081918",0,18.7,43,4.1,342,15.4,73.795,0.886,2.857,,,,,,,,,0,193.3,,0,0,0,0,0,,0,0,,0,
"140","LEMORAY","2023081919",0,14.9,61,5,344,7.9,74.712,0.97,3.199,,,,,,,,,0,193.3,,0,0,0,0,0,,0,0,,0,
"140","LEMORAY","2023081920",0,13.2,65,7.6,351,10.8,75.466,1.154,3.912,,,,,,,,,0,193.3,,0,0,0,0,0,,0,0,,0,
"140","LEMORAY","2023081921",0,11,76,2.8,38,11.4,75.793,0.924,3.012,,,,,,,,,0,193.3,,0,0,0,0,0,,0,0,,0,
"140","LEMORAY","2023081922",0,9.3,82,3.3,25,7.4,75.986,0.959,3.155,,,,,,,,,0,193.3,,0,0,0,0,0,,0,0,,0,
"140","LEMORAY","2023081923",0,8.3,86,3.5,32,6.2,76.102,0.976,3.223,,,,,,,,,0,193.3,,0,0,0,0,0,,0,0,,0,
"141","MANSON","2023081900",0,4.7,88,0,321,0,82.986,1.612,5.453,,,,,,,,,,,,,,,,,,,,6140.8,,
"141","MANSON","2023081901",0,4.9,89,0,315,0,82.716,1.558,5.27,,,,,,,,,,,,,,,,,,,,6140.8,,
"141","MANSON","2023081902",0,4.8,89,0,346,0,82.464,1.509,5.106,,,,,,,,,,,,,,,,,,,,6140.8,,
"141","MANSON","2023081903",0,3.3,92,0,326,0,82.143,1.451,4.905,,,,,,,,,,,,,,,,,,,,6140.8,,
"141","MANSON","2023081904",0,2.5,93,0,341,0,81.813,1.394,4.707,,,,,,,,,,,,,,,,,,,,6140.8,,
"141","MANSON","2023081905",0,2,94,0,328,3.9,81.472,1.339,4.512,,,,,,,,,,,,,,,,,,,,6140.8,,
"141","MANSON","2023081906",0,2.2,94,0,310,0,81.152,1.29,4.338,,,,,,,,,,,,,,,,,,,,6140.8,,
"141","MANSON","2023081907",0,5.4,93,0,145,0,80.88,1.251,4.197,,,,,,,,,,,,,,,,,,,,6140.8,,
"141","MANSON","2023081908",0,9,73,3.4,133,5.1,80.963,1.498,5.069,,,,,,,,,,,,,,,,,,,,6140.8,,
"141","MANSON","2023081909",0,12,61,3.2,189,7.2,81.238,1.531,5.179,,,,,,,,,,,,,,,,,,,,6140.8,,
"141","MANSON","2023081910",0,14.4,50,4.3,196,8.8,81.756,1.719,5.808,,,,,,,,,,,,,,,,,,,,6140.8,,
"141","MANSON","2023081911",0,17.4,38,4,168,9.5,82.6,1.878,6.32,,,,,,,,,,,,,,,,,,,,6140.8,,
"141","MANSON","2023081912",0,19.9,34,4.5,201,12,83.596,2.188,7.281,0.2,89.254,4.833,14.669,37.089,509.459,62.757,3,,,,,,,,,,,,6140.8,,
"141","MANSON","2023081913",0,20.6,32,4.8,177,11.9,84.577,2.533,8.671,,,,,,,,,,,,,,,,,,,,6140.8,,
"141","MANSON","2023081914",0,21.3,28,7.7,185,13.6,85.667,3.407,11.123,,,,,,,,,,,,,,,,,,,,6140.8,,
"141","MANSON","2023081915",0,22.4,28,4.6,267,14.4,86.597,3.322,10.894,,,,,,,,,,,,,,,,,,,,6140.8,,
"141","MANSON","2023081916",0,19.2,45,0,206,12.2,86.765,2.698,9.154,,,,,,,,,,,,,,,,,,,,6140.8,,
"141","MANSON","2023081917",0,17.6,46,0.3,79,5.8,86.888,2.787,9.411,,,,,,,,,,,,,,,,,,,,6140.8,,
"141","MANSON","2023081918",0,16.9,49,1.4,141,5.9,86.947,2.971,9.932,,,,,,,,,,,,,,,,,,,,6140.8,,
"141","MANSON","2023081919",0,13.2,67,2.8,333,5.8,86.79,3.118,10.339,,,,,,,,,,,,,,,,,,,,6140.8,,
"141","MANSON","2023081920",0,10.2,70,3.7,333,6.2,86.561,3.158,10.45,,,,,,,,,,,,,,,,,,,,6140.8,,
"141","MANSON","2023081921",0,8.5,75,3.2,337,5.4,86.252,2.948,9.868,,,,,,,,,,,,,,,,,,,,6140.8,,
"141","MANSON","2023081922",0,7.3,78,4,320,4.9,85.894,2.919,9.785,,,,,,,,,,,,,,,,,,,,6140.8,,
"141","MANSON","2023081923",0,6.4,80,3,319,4.6,85.536,2.64,8.985,,,,,,,,,,,,,,,,,,,,6140.8,,
"144","TABLE RIVER","2023081900",0,5.4,95,6.4,34,10.2,63.322,0.677,1.076,,,,,,,,,,,,,,,,,,,,,,
"144","TABLE RIVER","2023081901",0,4.5,95,3.7,63,9.1,63.481,0.595,0.887,,,,,,,,,,,,,,,,,,,,,,
"144","TABLE RIVER","2023081902",0,3.8,95,3,51,10.2,63.628,0.579,0.862,,,,,,,,,,,,,,,,,,,,,,
"144","TABLE RIVER","2023081903",0,3.3,96,4.6,42,7.9,63.757,0.631,0.94,,,,,,,,,,,,,,,,,,,,,,
"144","TABLE RIVER","2023081904",0,2.1,97,3.5,41,7.4,63.852,0.599,0.893,,,,,,,,,,,,,,,,,,,,,,
"144","TABLE RIVER","2023081905",0,1.7,97,4.8,33,9.1,63.95,0.643,0.957,,,,,,,,,,,,,,,,,,,,,,
"144","TABLE RIVER","2023081906",0,1.7,97,4.1,85,13.7,64.045,0.623,0.928,,,,,,,,,,,,,,,,,,,,,,
"144","TABLE RIVER","2023081907",0,2.8,97,3,63,9.1,64.138,0.592,0.882,,,,,,,,,,,,,,,,,,,,,,
"144","TABLE RIVER","2023081908",0,6.2,87,4.8,148,8.5,64.561,0.66,0.983,,,,,,,,,,,,,,,,,,,,,,
"144","TABLE RIVER","2023081909",0,9,81,3.8,167,9.1,65.189,0.643,0.958,,,,,,,,,,,,,,,,,,,,,,
"144","TABLE RIVER","2023081910",0,12.9,61,5,181,10.8,66.582,0.72,1.327,,,,,,,,,,,,,,,,,,,,,,
"144","TABLE RIVER","2023081911",0,16.1,60,5.7,289,8.5,68.146,0.786,1.615,,,,,,,,,,,,,,,,,,,,,,
"144","TABLE RIVER","2023081912",0,17.5,52,4.7,294,13.7,69.885,0.79,1.631,0.8,82.172,1.845,5.159,26.749,344.715,44.806,3,,,,,,,,,,,,,,
"144","TABLE RIVER","2023081913",0,19.5,45,6.9,234,14.3,71.981,0.947,2.362,,,,,,,,,,,,,,,,,,,,,,
"144","TABLE RIVER","2023081914",0,20.7,42,6.6,199,12.5,74.056,1.018,2.609,,,,,,,,,,,,,,,,,,,,,,
"144","TABLE RIVER","2023081915",0,20.6,39,9.2,206,16,76.112,1.302,3.545,,,,,,,,,,,,,,,,,,,,,,
"144","TABLE RIVER","2023081916",0,21,36,8,213,16,78.015,1.412,3.888,,,,,,,,,,,,,,,,,,,,,,
"144","TABLE RIVER","2023081917",0,20.8,36,6.6,215,13.1,79.62,1.525,4.233,,,,,,,,,,,,,,,,,,,,,,
"144","TABLE RIVER","2023081918",0,19.6,43,3.3,203,11.4,80.636,1.438,3.967,,,,,,,,,,,,,,,,,,,,,,
"144","TABLE RIVER","2023081919",0,16.9,69,0,350,6.2,80.819,1.242,3.356,,,,,,,,,,,,,,,,,,,,,,
"144","TABLE RIVER","2023081920",0,13.2,75,3.6,19,5.6,80.923,1.507,4.177,,,,,,,,,,,,,,,,,,,,,,
"144","TABLE RIVER","2023081921",0,11.1,74,7.8,29,11.4,81.021,1.883,5.265,,,,,,,,,,,,,,,,,,,,,,
"144","TABLE RIVER","2023081922",0,10.4,73,6.3,45,16.6,81.116,1.765,4.932,,,,,,,,,,,,,,,,,,,,,,
"144","TABLE RIVER","2023081923",0,9.2,78,5,44,14.3,81.162,1.661,4.635,,,,,,,,,,,,,,,,,,,,,,
"145","INGENIKA POINT","2023081900",0,4.3,94,4.1,313,9.1,84.226,2.332,5.202,,,,,,,,,0,193.3,,0,0,0,0,0,,0,0,,0,
"145","INGENIKA POINT","2023081901",0,3.3,94,3.8,308,7.4,83.546,2.099,4.671,,,,,,,,,0,193.3,,0,0,0,0,0,,0,0,,0,
"145","INGENIKA POINT","2023081902",0,2.5,94,3,292,8.5,82.952,1.867,4.123,,,,,,,,,0,193.3,,0,0,0,0,0,,0,0,,0,
"145","INGENIKA POINT","2023081903",0,1.8,95,4.3,319,6.8,82.341,1.846,4.072,,,,,,,,,0,193.3,,0,0,0,0,0,,0,0,,0,
"145","INGENIKA POINT","2023081904",0,0.8,95,3.6,314,6.8,81.804,1.669,3.638,,,,,,,,,0,193.3,,0,0,0,0,0,,0,0,,0,
"145","INGENIKA POINT","2023081905",0,0.1,95,3.2,301,6.2,81.322,1.546,3.325,,,,,,,,,0,193.3,,0,0,0,0,0,,0,0,,0,
"145","INGENIKA POINT","2023081906",0,0.5,95,2.7,322,6.2,80.883,1.434,3.034,,,,,,,,,0,193.3,,0,0,0,0,0,,0,0,,0,
"145","INGENIKA POINT","2023081907",0,2.8,96,0,159,3.3,80.521,1.202,2.403,,,,,,,,,0,193.3,,0,0,0,0,0,,0,0,,0,
"145","INGENIKA POINT","2023081908",0,6.3,96,3.9,92,6.2,80.045,1.391,2.92,,,,,,,,,0,193.3,,0,0,0,0,0,,0,0,,0,
"145","INGENIKA POINT","2023081909",0,10.4,66,5.4,133,9.7,80.299,1.541,3.313,,,,,,,,,0,193.3,,0,0,0,0,0,,0,0,,0,
"145","INGENIKA POINT","2023081910",0,14.6,53,5.5,122,12,80.866,1.648,3.584,,,,,,,,,0,193.3,,0,0,0,0,0,,0,0,,0,
"145","INGENIKA POINT","2023081911",0,16.8,51,5.7,123,12.5,81.503,1.79,3.938,,,,,,,,,0,193.3,,0,0,0,0,0,,0,0,,0,
"145","INGENIKA POINT","2023081912",0,19.2,43,7.4,100,17.7,82.405,2.175,4.847,0,89.151,5.511,11.906,21.408,275.076,35.842,3,0,193.3,,0,0,0,0,0,,0,0,,0,
"145","INGENIKA POINT","2023081913",0,20.9,37,7.3,133,15.4,83.459,2.475,5.913,,,,,,,,,0,193.3,,0,0,0,0,0,,0,0,,0,
"145","INGENIKA POINT","2023081914",0,21.7,38,5.6,173,14.9,84.351,2.558,6.102,,,,,,,,,0,193.3,,0,0,0,0,0,,0,0,,0,
"145","INGENIKA POINT","2023081915",0,21.5,36,5.9,202,11.4,85.185,2.91,6.886,,,,,,,,,0,193.3,,0,0,0,0,0,,0,0,,0,
"145","INGENIKA POINT","2023081916",0,20.7,38,3.4,189,9.7,85.773,2.784,6.61,,,,,,,,,0,193.3,,0,0,0,0,0,,0,0,,0,
"145","INGENIKA POINT","2023081917",0,19.5,56,0,110,9.1,85.853,2.372,5.674,,,,,,,,,0,193.3,,0,0,0,0,0,,0,0,,0,
"145","INGENIKA POINT","2023081918",0,18.1,57,4.4,110,10.2,85.901,2.981,7.04,,,,,,,,,0,193.3,,0,0,0,0,0,,0,0,,0,
"145","INGENIKA POINT","2023081919",0,15.3,76,0,154,7.4,85.735,2.333,5.583,,,,,,,,,0,193.3,,0,0,0,0,0,,0,0,,0,
"145","INGENIKA POINT","2023081920",0,11.3,86,2.4,253,6.2,85.216,2.45,5.855,,,,,,,,,0,193.3,,0,0,0,0,0,,0,0,,0,
"145","INGENIKA POINT","2023081921",0,10.8,73,7.4,260,15.4,85.066,3.088,7.269,,,,,,,,,0,193.3,,0,0,0,0,0,,0,0,,0,
"145","INGENIKA POINT","2023081922",0,10.8,71,2.5,229,13.1,84.994,2.388,5.711,,,,,,,,,0,193.3,,0,0,0,0,0,,0,0,,0,
"145","INGENIKA POINT","2023081923",0,7.5,85,2.2,217,9.7,84.596,2.228,5.334,,,,,,,,,0,193.3,,0,0,0,0,0,,0,0,,0,
"146","FORT ST JAMES","2023081900",0,4.1,98,4.7,191,6.2,83.53,2.192,9.137,,,,,,,,,,,,,,,,,,,,,,
"146","FORT ST JAMES","2023081901",0,3.2,98,3.6,96,5.6,82.688,1.861,7.924,,,,,,,,,,,,,,,,,,,,,,
"146","FORT ST JAMES","2023081902",0,2.5,100,3.4,194,8.5,81.799,1.651,7.118,,,,,,,,,,,,,,,,,,,,,,
"146","FORT ST JAMES","2023081903",0,1.3,100,3.9,123,5.6,80.998,1.543,6.685,,,,,,,,,,,,,,,,,,,,,,
"146","FORT ST JAMES","2023081904",0,0.4,100,3.9,128,6.8,80.28,1.426,6.208,,,,,,,,,,,,,,,,,,,,,,
"146","FORT ST JAMES","2023081905",0,-0.3,100,3,168,7.4,79.651,1.276,5.579,,,,,,,,,,,,,,,,,,,,,,
"146","FORT ST JAMES","2023081906",0,0.5,100,2.7,172,5.1,79.068,1.188,5.194,,,,,,,,,,,,,,,,,,,,,,
"146","FORT ST JAMES","2023081907",0,6,96,3.7,175,7.4,78.732,1.21,5.294,,,,,,,,,,,,,,,,,,,,,,
"146","FORT ST JAMES","2023081908",0,10.7,75,4.7,149,9.1,78.929,1.296,5.665,,,,,,,,,,,,,,,,,,,,,,
"146","FORT ST JAMES","2023081909",0,14,62,5.4,100,10.8,79.412,1.407,6.129,,,,,,,,,,,,,,,,,,,,,,
"146","FORT ST JAMES","2023081910",0,16.8,52,6.2,19,10.8,80.177,1.583,6.848,,,,,,,,,,,,,,,,,,,,,,
"146","FORT ST JAMES","2023081911",0,18.7,42,5.8,342,12,81.195,1.736,7.449,,,,,,,,,,,,,,,,,,,,,,
"146","FORT ST JAMES","2023081912",0,21.1,38,5.3,31,13.1,82.328,1.938,8.215,0,88.893,4.777,17.47,51.453,720.627,87.319,4,,,,,,,,,,,,,,
"146","FORT ST JAMES","2023081913",0,22.8,31,8.9,13,15.4,83.756,2.79,11.517,,,,,,,,,,,,,,,,,,,,,,
"146","FORT ST JAMES","2023081914",0,23.2,33,8.5,19,17.2,84.92,3.199,12.85,,,,,,,,,,,,,,,,,,,,,,
"146","FORT ST JAMES","2023081915",0,23.6,28,7.9,21,16.6,86.106,3.66,14.276,,,,,,,,,,,,,,,,,,,,,,
"146","FORT ST JAMES","2023081916",0,23.6,28,10,65,15.4,87.149,4.716,17.303,,,,,,,,,,,,,,,,,,,,,,
"146","FORT ST JAMES","2023081917",0,23,27,6.3,111,17.2,87.971,4.402,16.434,,,,,,,,,,,,,,,,,,,,,,
"146","FORT ST JAMES","2023081918",0,22.6,28,4.8,151,13.7,88.596,4.464,16.608,,,,,,,,,,,,,,,,,,,,,,
"146","FORT ST JAMES","2023081919",0,19.6,40,1.8,321,7.9,88.696,3.894,14.973,,,,,,,,,,,,,,,,,,,,,,
"146","FORT ST JAMES","2023081920",0,13.5,62,5.5,113,12.5,88.436,4.519,16.762,,,,,,,,,,,,,,,,,,,,,,
"146","FORT ST JAMES","2023081921",0,9.7,75,3.7,163,6.2,87.938,3.843,14.824,,,,,,,,,,,,,,,,,,,,,,
"146","FORT ST JAMES","2023081922",0,7.7,82,6.4,199,7.9,87.269,4.002,15.29,,,,,,,,,,,,,,,,,,,,,,
"146","FORT ST JAMES","2023081923",0,6.8,86,4.7,212,6.8,86.576,3.329,13.259,,,,,,,,,,,,,,,,,,,,,,
"148","BLACKPINE","2023081900",0,6.1,75,5.6,0,10.8,87.174,3.792,15.395,,,,,,,,,0,193.3,,0,0,0,0,0,,0,0,,0,
"148","BLACKPINE","2023081901",0,5.3,77,6.1,280,10.8,86.731,3.651,14.956,,,,,,,,,0,193.3,,0,0,0,0,0,,0,0,,0,
"148","BLACKPINE","2023081902",0,4.4,80,5.6,286,13.1,86.268,3.334,13.945,,,,,,,,,0,193.3,,0,0,0,0,0,,0,0,,0,
"148","BLACKPINE","2023081903",0,3.9,83,5.2,268,12.5,85.778,3.05,13.006,,,,,,,,,0,193.3,,0,0,0,0,0,,0,0,,0,
"148","BLACKPINE","2023081904",0,3,89,3.6,256,10.8,85.18,2.59,11.41,,,,,,,,,0,193.3,,0,0,0,0,0,,0,0,,0,
"148","BLACKPINE","2023081905",0,2.8,87,4.4,290,11.4,84.687,2.52,11.159,,,,,,,,,0,193.3,,0,0,0,0,0,,0,0,,0,
"148","BLACKPINE","2023081906",0,2.9,89,3.6,257,9.1,84.183,2.261,10.205,,,,,,,,,0,193.3,,0,0,0,0,0,,0,0,,0,
"148","BLACKPINE","2023081907",0,4.2,83,2.9,253,5.6,83.9,2.102,9.6,,,,,,,,,0,193.3,,0,0,0,0,0,,0,0,,0,
"148","BLACKPINE","2023081908",0,6.6,71,3.5,318,7.4,83.882,2.161,9.827,,,,,,,,,0,193.3,,0,0,0,0,0,,0,0,,0,
"148","BLACKPINE","2023081909",0,10.9,58,2.4,206,6.2,83.974,2.07,9.475,,,,,,,,,0,193.3,,0,0,0,0,0,,0,0,,0,
"148","BLACKPINE","2023081910",0,14.5,46,4.3,60,8.5,84.325,2.387,10.676,,,,,,,,,0,193.3,,0,0,0,0,0,,0,0,,0,
"148","BLACKPINE","2023081911",0,17.5,36,3.7,105,9.7,84.945,2.52,11.16,,,,,,,,,0,193.3,,0,0,0,0,0,,0,0,,0,
"148","BLACKPINE","2023081912",0,19.4,35,6.7,251,12,85.649,3.232,13.609,0,89.956,5.972,21.945,61.697,623.991,98.938,4,0,193.3,,0,0,0,0,0,,0,0,,0,
"148","BLACKPINE","2023081913",0,19.9,31,5.9,150,13.1,86.391,3.444,14.607,,,,,,,,,0,193.3,,0,0,0,0,0,,0,0,,0,
"148","BLACKPINE","2023081914",0,19,32,4.1,222,11.4,86.945,3.403,14.471,,,,,,,,,0,193.3,,0,0,0,0,0,,0,0,,0,
"148","BLACKPINE","2023081915",0,21.6,29,4.8,177,13.7,87.635,3.89,16.026,,,,,,,,,0,193.3,,0,0,0,0,0,,0,0,,0,
"148","BLACKPINE","2023081916",0,22.4,23,7.5,0,19.5,88.522,5.06,19.479,,,,,,,,,0,193.3,,0,0,0,0,0,,0,0,,0,
"148","BLACKPINE","2023081917",0,21.9,23,6.5,288,13.7,89.236,5.331,20.23,,,,,,,,,0,193.3,,0,0,0,0,0,,0,0,,0,
"148","BLACKPINE","2023081918",0,19,28,6.8,0,18.9,89.573,5.68,21.175,,,,,,,,,0,193.3,,0,0,0,0,0,,0,0,,0,
"148","BLACKPINE","2023081919",0,17.9,33,5.8,0,11.4,89.692,5.495,20.675,,,,,,,,,0,193.3,,0,0,0,0,0,,0,0,,0,
"148","BLACKPINE","2023081920",0,15.9,38,4.5,337,13.7,89.741,5.183,19.819,,,,,,,,,0,193.3,,0,0,0,0,0,,0,0,,0,
"148","BLACKPINE","2023081921",0,14,47,3,156,8.5,89.675,4.76,18.626,,,,,,,,,0,193.3,,0,0,0,0,0,,0,0,,0,
"148","BLACKPINE","2023081922",0,11.9,50,2.6,164,7.4,89.551,4.583,18.113,,,,,,,,,0,193.3,,0,0,0,0,0,,0,0,,0,
"148","BLACKPINE","2023081923",0,11.1,50,4.2,0,10.2,89.419,4.874,18.953,,,,,,,,,0,193.3,,0,0,0,0,0,,0,0,,0,
"149","BEAR LAKE","2023081900",0,1.4,100,1.6,242,2.8,51.635,0.215,0.346,,,,,,,,,,,,,,,,,,,,,,
"149","BEAR LAKE","2023081901",0,2.1,100,0,77,3.3,51.672,0.199,0.321,,,,,,,,,,,,,,,,,,,,,,
"149","BEAR LAKE","2023081902",0,1,100,0,91,0,51.709,0.2,0.322,,,,,,,,,,,,,,,,,,,,,,
"149","BEAR LAKE","2023081903",0,0.8,100,0,65,0,51.746,0.201,0.324,,,,,,,,,,,,,,,,,,,,,,
"149","BEAR LAKE","2023081904",0,0.8,100,0,262,0,51.783,0.202,0.325,,,,,,,,,,,,,,,,,,,,,,
"149","BEAR LAKE","2023081905",0,1,100,0,268,0,51.82,0.203,0.326,,,,,,,,,,,,,,,,,,,,,,
"149","BEAR LAKE","2023081906",0,3.3,100,1.7,225,3.3,51.857,0.222,0.357,,,,,,,,,,,,,,,,,,,,,,
"149","BEAR LAKE","2023081907",0,4.7,100,2.5,294,6.8,51.894,0.232,0.373,,,,,,,,,,,,,,,,,,,,,,
"149","BEAR LAKE","2023081908",,,,,,,,,,,,,,,,,,,,,,,,,,,,,,,
"149","BEAR LAKE","2023081909",0,9.5,100,2.6,208,5.6,51.635,0.226,0.364,,,,,,,,,,,,,,,,,,,,,,
"149","BEAR LAKE","2023081910",0,14.1,68,5.7,129,10.8,53.618,0.326,0.525,,,,,,,,,,,,,,,,,,,,,,
"149","BEAR LAKE","2023081911",0,17,50,7.5,199,17.2,56.632,0.469,0.755,,,,,,,,,,,,,,,,,,,,,,
"149","BEAR LAKE","2023081912",0,18.4,47,5.7,170,14.3,59.575,0.531,0.855,0,74.984,1.02,2.915,28.925,483.702,50.326,3,,,,,,,,,,,,,,
"149","BEAR LAKE","2023081913",0,19.6,43,5.7,138,14.3,62.592,0.631,1.309,,,,,,,,,,,,,,,,,,,,,,
"149","BEAR LAKE","2023081914",0,20.8,40,5.6,146,12.5,65.604,0.716,1.721,,,,,,,,,,,,,,,,,,,,,,
"149","BEAR LAKE","2023081915",0,21.3,40,5.9,127,13.7,68.417,0.801,2.079,,,,,,,,,,,,,,,,,,,,,,
"149","BEAR LAKE","2023081916",0,21.5,35,8.2,133,12.5,71.308,0.987,2.796,,,,,,,,,,,,,,,,,,,,,,
"149","BEAR LAKE","2023081917",0,21.7,34,4.8,112,12,73.727,0.915,2.526,,,,,,,,,,,,,,,,,,,,,,
"149","BEAR LAKE","2023081918",0,20,55,3.5,127,9.7,75.001,0.914,2.521,,,,,,,,,,,,,,,,,,,,,,
"149","BEAR LAKE","2023081919",0,14.6,79,0,177,3.9,75.229,0.776,1.977,,,,,,,,,,,,,,,,,,,,,,
"149","BEAR LAKE","2023081920",0,10,91,0,99,3.3,75.288,0.778,1.987,,,,,,,,,,,,,,,,,,,,,,
"149","BEAR LAKE","2023081921",0,7.1,98,0,109,3.3,75.216,0.775,1.974,,,,,,,,,,,,,,,,,,,,,,
"149","BEAR LAKE","2023081922",0,5.2,100,0,104,0,75.032,0.767,1.941,,,,,,,,,,,,,,,,,,,,,,
"149","BEAR LAKE","2023081923",0,3.8,100,0,97,0,74.859,0.76,1.911,,,,,,,,,,,,,,,,,,,,,,
"151","NABESHE","2023081900",0,6.8,76,3.9,212,6.8,86.401,3.119,8.847,,,,,,,,,0,0,,0,0,0,0,0,,0,0,,1,
"151","NABESHE","2023081901",0,5.1,82,2,102,4.5,85.974,2.669,7.716,,,,,,,,,0,0,,0,0,0,0,0,,0,0,,0,
"151","NABESHE","2023081902",0,4.3,86,1.8,98,6.2,85.486,2.468,7.191,,,,,,,,,0,0,,0,0,0,0,0,,0,0,,0,
"151","NABESHE","2023081903",0,3.8,87,2.6,357,7.4,84.993,2.4,7.01,,,,,,,,,0,0,,0,0,0,0,0,,0,0,,0,
"151","NABESHE","2023081904",0,3.8,86,3.8,202,8.5,84.55,2.4,7.01,,,,,,,,,0,0,,0,0,0,0,0,,0,0,,0,
"151","NABESHE","2023081905",0,3.5,89,2.9,245,7.4,84.066,2.149,6.325,,,,,,,,,0,0,,0,0,0,0,0,,0,0,,1,
"151","NABESHE","2023081906",0,3.9,90,2,248,6.2,83.604,1.931,5.711,,,,,,,,,0,0,,0,0,0,0,0,,0,0,,14,
"151","NABESHE","2023081907",0,6.7,83,2.2,173,7.9,83.384,1.896,5.607,,,,,,,,,0,0,,0,0,0,0,0,,0,0,,29,
"151","NABESHE","2023081908",0,9.9,71,3,61,6.8,83.431,1.986,5.866,,,,,,,,,0,0,,0,0,0,0,0,,0,0,,66,
"151","NABESHE","2023081909",0,13.9,55,5.8,180,10.8,83.667,2.358,6.899,,,,,,,,,0,0,,0,0,0,0,0,,0,0,,220,
"151","NABESHE","2023081910",0,17,44,15.8,156,23.5,84.281,4.236,11.426,,,,,,,,,0,0,,0,0,0,0,0,,0,0,,302,
"151","NABESHE","2023081911",0,19.6,35,14.1,157,25.8,85.183,4.398,11.778,,,,,,,,,0,0,,0,0,0,0,0,,0,0,,367,
"151","NABESHE","2023081912",0,21.5,30,17.8,173,29.2,86.278,6.175,15.362,0,91.017,12.157,26.328,31.968,399.711,53.282,4,0,0,,0,0,0,0,0,,0,0,,417,
"151","NABESHE","2023081913",0,22.5,28,19.7,183,30.4,87.352,7.914,19.42,,,,,,,,,0,0,,0,0,0,0,0,,0,0,,416,
"151","NABESHE","2023081914",0,22.3,27,15.9,178,29.8,88.23,7.41,18.507,,,,,,,,,0,0,,0,0,0,0,0,,0,0,,347,
"151","NABESHE","2023081915",0,21.2,30,17.1,199,28.7,88.799,8.542,20.525,,,,,,,,,0,0,,0,0,0,0,0,,0,0,,170,
"151","NABESHE","2023081916",0,20.7,29,19,157,31,89.298,10.098,23.128,,,,,,,,,0,0,,0,0,0,0,0,,0,0,,175,
"151","NABESHE","2023081917",0,19.7,32,14.4,175,28.1,89.555,8.311,20.122,,,,,,,,,0,0,,0,0,0,0,0,,0,0,,104,
"151","NABESHE","2023081918",0,17.9,35,8.9,208,28.7,89.628,6.365,16.53,,,,,,,,,0,0,,0,0,0,0,0,,0,0,,79,
"151","NABESHE","2023081919",0,13.8,49,3.2,301,14.3,89.536,4.713,13.122,,,,,,,,,0,0,,0,0,0,0,0,,0,0,,24,
"151","NABESHE","2023081920",0,10.3,64,3.6,44,7.4,89.163,4.558,12.781,,,,,,,,,0,0,,0,0,0,0,0,,0,0,,3,
"151","NABESHE","2023081921",0,8.1,71,3.2,69,5.6,88.698,4.179,11.925,,,,,,,,,0,0,,0,0,0,0,0,,0,0,,0,
"151","NABESHE","2023081922",0,8,69,3.8,321,6.8,88.304,4.071,11.676,,,,,,,,,0,0,,0,0,0,0,0,,0,0,,0,
"151","NABESHE","2023081923",0,6.7,74,2.6,206,7.9,87.871,3.601,10.564,,,,,,,,,0,0,,0,0,0,0,0,,0,0,,0,
"152","SIFTON","2023081900",0,4.8,92,0,163,3.1,74.247,0.736,0.871,,,,,,,,,,,,,,,,,,,,5780.8,,
"152","SIFTON","2023081901",0,3.9,92,0,274,0,74.298,0.738,0.873,,,,,,,,,,,,,,,,,,,,5780.8,,
"152","SIFTON","2023081902",0,2.7,94,0,328,0,74.342,0.74,0.875,,,,,,,,,,,,,,,,,,,,5780.8,,
"152","SIFTON","2023081903",0,1.8,94,0,316,0,74.386,0.742,0.877,,,,,,,,,,,,,,,,,,,,5780.8,,
"152","SIFTON","2023081904",0,1.3,95,0,281,0,74.43,0.743,0.879,,,,,,,,,,,,,,,,,,,,5780.8,,
"152","SIFTON","2023081905",0,0.6,95,0,5,0,74.474,0.745,0.881,,,,,,,,,,,,,,,,,,,,5780.8,,
"152","SIFTON","2023081906",0,0.8,95,0,304,0,74.518,0.747,0.883,,,,,,,,,,,,,,,,,,,,5780.8,,
"152","SIFTON","2023081907",0,3.4,89,0,328,0,74.583,0.749,0.886,,,,,,,,,,,,,,,,,,,,5780.8,,
"152","SIFTON","2023081908",0,8.8,75,0,86,0,74.813,0.758,0.896,,,,,,,,,,,,,,,,,,,,5780.8,,
"152","SIFTON","2023081909",0,11.7,63,6.2,107,11.6,75.521,1.079,1.887,,,,,,,,,,,,,,,,,,,,5780.8,,
"152","SIFTON","2023081910",0,14.3,49,5.7,111,13.5,76.584,1.126,2.026,,,,,,,,,,,,,,,,,,,,5780.8,,
"152","SIFTON","2023081911",0,16.5,41,7.1,111,13.5,77.921,1.338,2.606,,,,,,,,,,,,,,,,,,,,5780.8,,
"152","SIFTON","2023081912",0,17.1,40,7.9,129,13.3,79.207,1.564,3.18,0.4,85.112,3.186,7.181,19.391,311.7,33.563,2,,,,,,,,,,,,5780.8,,
"152","SIFTON","2023081913",0,18.8,34,3.1,102,9,80.464,1.397,3.033,,,,,,,,,,,,,,,,,,,,5780.8,,
"152","SIFTON","2023081914",0,19,36,4.7,305,13.3,81.603,1.723,3.882,,,,,,,,,,,,,,,,,,,,5780.8,,
"152","SIFTON","2023081915",0,19.7,39,0,115,5.4,82.296,1.478,3.251,,,,,,,,,,,,,,,,,,,,5780.8,,
"152","SIFTON","2023081916",0,20.5,30,3.8,98,11.3,83.459,2.075,4.741,,,,,,,,,,,,,,,,,,,,5780.8,,
"152","SIFTON","2023081917",0,20,26,0,101,6.5,84.313,1.919,4.367,,,,,,,,,,,,,,,,,,,,5780.8,,
"152","SIFTON","2023081918",0,18.8,39,0,166,0,84.76,2.039,4.656,,,,,,,,,,,,,,,,,,,,5780.8,,
"152","SIFTON","2023081919",0,15.4,55,0,202,0,84.868,2.069,4.728,,,,,,,,,,,,,,,,,,,,5780.8,,
"152","SIFTON","2023081920",0,11.8,70,0,40,0,84.86,2.067,4.722,,,,,,,,,,,,,,,,,,,,5780.8,,
"152","SIFTON","2023081921",0,8.9,78,0,294,0,84.706,2.024,4.62,,,,,,,,,,,,,,,,,,,,5780.8,,
"152","SIFTON","2023081922",0,7.1,85,0,292,0,84.416,1.946,4.433,,,,,,,,,,,,,,,,,,,,5780.8,,
"152","SIFTON","2023081923",0,5.5,90,0,305,0,84.015,1.844,4.184,,,,,,,,,,,,,,,,,,,,5780.8,,
"153","MCLEOD LAKE","2023081900",0,5.9,92,4.5,174,7.9,57.76,0.44,0.962,,,,,,,,,,,,,,,,,,,,,,
"153","MCLEOD LAKE","2023081901",0,4.7,96,0,294,7.4,57.859,0.353,0.773,,,,,,,,,,,,,,,,,,,,,,
"153","MCLEOD LAKE","2023081902",0,3.5,98,1.6,215,5.1,57.948,0.386,0.843,,,,,,,,,,,,,,,,,,,,,,
"153","MCLEOD LAKE","2023081903",0,2.9,99,0,82,3.9,57.999,0.357,0.781,,,,,,,,,,,,,,,,,,,,,,
"153","MCLEOD LAKE","2023081904",0,2.6,99,0,268,0,58.05,0.358,0.784,,,,,,,,,,,,,,,,,,,,,,
"153","MCLEOD LAKE","2023081905",0,2.6,99,0,260,2.2,58.101,0.36,0.787,,,,,,,,,,,,,,,,,,,,,,
"153","MCLEOD LAKE","2023081906",0,2.8,99,0,246,0,58.152,0.361,0.789,,,,,,,,,,,,,,,,,,,,,,
"153","MCLEOD LAKE","2023081907",0,6.6,97,1.6,64,2.2,58.278,0.395,0.864,,,,,,,,,,,,,,,,,,,,,,
"153","MCLEOD LAKE","2023081908",0,10.2,86,4.8,122,7.9,58.982,0.488,1.307,,,,,,,,,,,,,,,,,,,,,,
"153","MCLEOD LAKE","2023081909",0,12.3,74,5.8,170,12,60.283,0.558,1.746,,,,,,,,,,,,,,,,,,,,,,
"153","MCLEOD LAKE","2023081910",0,13.8,63,7.6,198,14.9,62.099,0.677,2.375,,,,,,,,,,,,,,,,,,,,,,
"153","MCLEOD LAKE","2023081911",0,15.7,56,9.1,184,15.4,64.263,0.809,3.01,,,,,,,,,,,,,,,,,,,,,,
"153","MCLEOD LAKE","2023081912",0,17.3,48,7.5,154,14.3,66.595,0.817,3.046,0.4,80.272,1.708,6.824,45.661,507.915,74.564,3,,,,,,,,,,,,,,
"153","MCLEOD LAKE","2023081913",0,18.9,43,8,158,16,69.08,0.909,3.582,,,,,,,,,,,,,,,,,,,,,,
"153","MCLEOD LAKE","2023081914",0,19.9,39,8.5,177,21.2,71.59,1.012,4.043,,,,,,,,,,,,,,,,,,,,,,
"153","MCLEOD LAKE","2023081915",0,20.6,35,6.9,93,17.2,73.962,1.028,4.113,,,,,,,,,,,,,,,,,,,,,,
"153","MCLEOD LAKE","2023081916",0,20.3,37,6.5,126,14.9,75.955,1.125,4.527,,,,,,,,,,,,,,,,,,,,,,
"153","MCLEOD LAKE","2023081917",0,20.6,35,8,181,14.9,77.878,1.396,5.633,,,,,,,,,,,,,,,,,,,,,,
"153","MCLEOD LAKE","2023081918",0,19.7,37,7.6,182,14.9,79.422,1.573,6.32,,,,,,,,,,,,,,,,,,,,,,
"153","MCLEOD LAKE","2023081919",0,16,50,4.4,173,11.4,80.159,1.443,5.821,,,,,,,,,,,,,,,,,,,,,,
"153","MCLEOD LAKE","2023081920",0,12.4,61,5.2,178,7.9,80.523,1.563,6.28,,,,,,,,,,,,,,,,,,,,,,
"153","MCLEOD LAKE","2023081921",0,12.3,60,7,188,11.4,80.893,1.782,7.097,,,,,,,,,,,,,,,,,,,,,,
"153","MCLEOD LAKE","2023081922",0,10,71,4.5,209,12,81.013,1.593,6.395,,,,,,,,,,,,,,,,,,,,,,
"153","MCLEOD LAKE","2023081923",0,8.3,78,3.5,196,6.2,81.059,1.522,6.127,,,,,,,,,,,,,,,,,,,,,,
"154","WITCH","2023081900",0,5.3,89,4.3,167,8.5,84.802,2.547,7.82,,,,,,,,,0,193.3,,0,0,0,0,0,,0,0,,33,
"154","WITCH","2023081901",0,4,93,2.4,177,7.9,84.145,2.118,6.61,,,,,,,,,0,193.3,,0,0,0,0,0,,0,0,,32,
"154","WITCH","2023081902",0,3.2,94,0,206,0,83.642,1.755,5.523,,,,,,,,,0,193.3,,0,0,0,0,0,,0,0,,32,
"154","WITCH","2023081903",0,2,96,6.2,198,7.9,82.877,2.173,6.77,,,,,,,,,0,193.3,,0,0,0,0,0,,0,0,,32,
"154","WITCH","2023081904",0,1.3,96,2.6,228,7.9,82.263,1.678,5.283,,,,,,,,,0,193.3,,0,0,0,0,0,,0,0,,33,
"154","WITCH","2023081905",0,0.6,97,2.6,209,6.2,81.654,1.559,4.904,,,,,,,,,0,193.3,,0,0,0,0,0,,0,0,,32,
"154","WITCH","2023081906",0,1.7,97,0,259,5.6,81.207,1.298,4.039,,,,,,,,,0,193.3,,0,0,0,0,0,,0,0,,32,
"154","WITCH","2023081907",0,7.6,87,0,353,0,81.12,1.285,3.994,,,,,,,,,0,193.3,,0,0,0,0,0,,0,0,,32,
"154","WITCH","2023081908",0,10.7,72,2.6,25,6.8,81.216,1.481,4.652,,,,,,,,,0,193.3,,0,0,0,0,0,,0,0,,32,
"154","WITCH","2023081909",0,14.1,55,3.7,79,8.5,81.624,1.642,5.169,,,,,,,,,0,193.3,,0,0,0,0,0,,0,0,,34,
"154","WITCH","2023081910",0,16.2,48,5.6,88,11.4,82.23,1.944,6.098,,,,,,,,,0,193.3,,0,0,0,0,0,,0,0,,34,
"154","WITCH","2023081911",0,17.3,48,9.1,98,17.2,82.862,2.51,7.718,,,,,,,,,0,193.3,,0,0,0,0,0,,0,0,,34,
"154","WITCH","2023081912",0,19.6,38,7.7,66,18.3,83.767,2.63,8.046,0,89.436,5.828,15.988,34.854,377.309,56.629,3,0,193.3,,0,0,0,0,0,,0,0,,36,
"154","WITCH","2023081913",0,21.1,29,10,204,25.8,84.971,3.474,10.633,,,,,,,,,0,193.3,,0,0,0,0,0,,0,0,,34,
"154","WITCH","2023081914",0,20.9,28,10.7,166,25.2,86.038,4.174,12.339,,,,,,,,,0,193.3,,0,0,0,0,0,,0,0,,36,
"154","WITCH","2023081915",0,20.8,27,9.1,134,22.9,86.954,4.384,12.829,,,,,,,,,0,193.3,,0,0,0,0,0,,0,0,,36,
"154","WITCH","2023081916",0,20.1,27,8.5,141,20.6,87.696,4.728,13.615,,,,,,,,,0,193.3,,0,0,0,0,0,,0,0,,36,
"154","WITCH","2023081917",0,19.7,27,7.5,162,23.5,88.305,4.906,14.011,,,,,,,,,0,193.3,,0,0,0,0,0,,0,0,,36,
"154","WITCH","2023081918",0,18,34,8.8,159,16.6,88.573,5.443,15.178,,,,,,,,,0,193.3,,0,0,0,0,0,,0,0,,34,
"154","WITCH","2023081919",0,14.9,50,5.6,157,13.1,88.568,4.629,13.391,,,,,,,,,0,193.3,,0,0,0,0,0,,0,0,,36,
"154","WITCH","2023081920",0,10.1,69,6.4,170,9.7,88.153,4.541,13.19,,,,,,,,,0,193.3,,0,0,0,0,0,,0,0,,35,
"154","WITCH","2023081921",0,7.8,74,6.8,168,10.2,87.668,4.322,12.686,,,,,,,,,0,193.3,,0,0,0,0,0,,0,0,,34,
"154","WITCH","2023081922",0,6.4,80,7.7,151,10.8,87.077,4.157,12.299,,,,,,,,,0,193.3,,0,0,0,0,0,,0,0,,33,
"154","WITCH","2023081923",0,7,74,7.4,160,10.8,86.694,3.878,11.631,,,,,,,,,0,193.3,,0,0,0,0,0,,0,0,,33,
"155","MACKENZIE FS","2023081900",0,6,93,5,149,8.5,61.098,0.562,0.903,,,,,,,,,,,,,,,,,,,,,,
"155","MACKENZIE FS","2023081901",0,5.4,93,5.2,155,9.7,61.373,0.577,0.927,,,,,,,,,,,,,,,,,,,,,,
"155","MACKENZIE FS","2023081902",0,4.6,93,5.8,118,8.5,61.643,0.604,0.969,,,,,,,,,,,,,,,,,,,,,,
"155","MACKENZIE FS","2023081903",0,3.9,94,5.2,117,7.9,61.862,0.593,0.952,,,,,,,,,,,,,,,,,,,,,,
"155","MACKENZIE FS","2023081904",0,4.2,95,5.8,148,10.2,62.052,0.617,0.991,,,,,,,,,,,,,,,,,,,,,,
"155","MACKENZIE FS","2023081905",0,3.1,93,3.3,117,10.2,62.267,0.55,0.883,,,,,,,,,,,,,,,,,,,,,,
"155","MACKENZIE FS","2023081906",0,4.3,94,4.8,147,9.1,62.477,0.6,0.963,,,,,,,,,,,,,,,,,,,,,,
"155","MACKENZIE FS","2023081907",0,6.3,91,5.7,107,9.1,62.82,0.638,1.155,,,,,,,,,,,,,,,,,,,,,,
"155","MACKENZIE FS","2023081908",0,8.5,80,6.7,115,10.8,63.62,0.697,1.471,,,,,,,,,,,,,,,,,,,,,,
"155","MACKENZIE FS","2023081909",0,11.3,73,6.1,133,12,64.704,0.709,1.525,,,,,,,,,,,,,,,,,,,,,,
"155","MACKENZIE FS","2023081910",0,14.2,64,9,147,13.7,66.292,0.872,2.188,,,,,,,,,,,,,,,,,,,,,,
"155","MACKENZIE FS","2023081911",0,16.7,55,7.1,125,17.2,68.152,0.844,2.081,,,,,,,,,,,,,,,,,,,,,,
"155","MACKENZIE FS","2023081912",0,18.7,48,7.3,161,16,70.261,0.911,2.337,0,79.027,1.492,4.493,29.397,419.852,50.035,3,,,,,,,,,,,,,,
"155","MACKENZIE FS","2023081913",0,19.8,45,8.1,146,17.2,72.405,1.022,2.909,,,,,,,,,,,,,,,,,,,,,,
"155","MACKENZIE FS","2023081914",0,21.3,42,6.8,153,13.7,74.498,1.051,3.01,,,,,,,,,,,,,,,,,,,,,,
"155","MACKENZIE FS","2023081915",0,21.8,37,7.3,132,15.4,76.599,1.222,3.609,,,,,,,,,,,,,,,,,,,,,,
"155","MACKENZIE FS","2023081916",0,21.9,39,8.8,141,17.2,78.441,1.525,4.598,,,,,,,,,,,,,,,,,,,,,,
"155","MACKENZIE FS","2023081917",0,21.6,38,9,122,18.9,80.066,1.802,5.45,,,,,,,,,,,,,,,,,,,,,,
"155","MACKENZIE FS","2023081918",0,20.9,41,7.7,136,16,81.301,1.934,5.84,,,,,,,,,,,,,,,,,,,,,,
"155","MACKENZIE FS","2023081919",0,18.5,50,4.6,119,14.9,81.959,1.788,5.409,,,,,,,,,,,,,,,,,,,,,,
"155","MACKENZIE FS","2023081920",0,12.3,76,2.7,137,7.9,82.006,1.634,4.94,,,,,,,,,,,,,,,,,,,,,,
"155","MACKENZIE FS","2023081921",0,10.7,80,3.6,148,6.2,82.035,1.716,5.191,,,,,,,,,,,,,,,,,,,,,,
"155","MACKENZIE FS","2023081922",0,9.2,87,4.5,176,6.8,81.832,1.752,5.3,,,,,,,,,,,,,,,,,,,,,,
"155","MACKENZIE FS","2023081923",0,8.2,87,5.2,162,8.5,81.638,1.774,5.365,,,,,,,,,,,,,,,,,,,,,,
"156","SUSTUT","2023081900",0,5,92,5.8,294,10.2,83.535,2.318,3.611,,,,,,,,,0,193.3,,0,0,0,0,0,,0,0,,0,
"156","SUSTUT","2023081901",0,4.1,95,6.8,314,9.7,82.798,2.217,3.429,,,,,,,,,0,193.3,,0,0,0,0,0,,0,0,,0,
"156","SUSTUT","2023081902",0,3,100,4.2,336,7.4,81.865,1.733,2.51,,,,,,,,,0,193.3,,0,0,0,0,0,,0,0,,0,
"156","SUSTUT","2023081903",0,2.1,100,4.5,298,9.1,81.028,1.596,2.23,,,,,,,,,0,193.3,,0,0,0,0,0,,0,0,,0,
"156","SUSTUT","2023081904",0,1.8,100,4.7,320,6.2,80.267,1.482,1.989,,,,,,,,,0,193.3,,0,0,0,0,0,,0,0,,0,
"156","SUSTUT","2023081905",0,1.3,100,4.5,344,7.4,79.584,1.367,1.732,,,,,,,,,0,193.3,,0,0,0,0,0,,0,0,,0,
"156","SUSTUT","2023081906",0,1.3,100,2,311,8.5,79.015,1.141,1.101,,,,,,,,,0,193.3,,0,0,0,0,0,,0,0,,0,
"156","SUSTUT","2023081907",0,5.8,92,3.1,117,5.1,78.888,1.191,1.281,,,,,,,,,0,193.3,,0,0,0,0,0,,0,0,,0,
"156","SUSTUT","2023081908",0,8,84,4.5,169,6.2,78.934,1.284,1.532,,,,,,,,,0,193.3,,0,0,0,0,0,,0,0,,0,
"156","SUSTUT","2023081909",0,11.2,71,4.6,224,8.5,79.189,1.322,1.625,,,,,,,,,0,193.3,,0,0,0,0,0,,0,0,,0,
"156","SUSTUT","2023081910",0,13.5,64,6,212,10.8,79.61,1.478,1.981,,,,,,,,,0,193.3,,0,0,0,0,0,,0,0,,0,
"156","SUSTUT","2023081911",0,15.8,57,7.2,225,12.5,80.222,1.673,2.389,,,,,,,,,0,193.3,,0,0,0,0,0,,0,0,,0,
"156","SUSTUT","2023081912",0,18.2,47,7.5,235,14.3,81.116,1.875,2.788,0,87.076,4.115,7.208,12.55,341.085,22.985,2,0,193.3,,0,0,0,0,0,,0,0,,0,
"156","SUSTUT","2023081913",0,20.9,41,6.8,234,16.6,82.198,2.057,3.569,,,,,,,,,0,193.3,,0,0,0,0,0,,0,0,,0,
"156","SUSTUT","2023081914",0,22.3,33,9.3,220,17.2,83.547,2.769,4.926,,,,,,,,,0,193.3,,0,0,0,0,0,,0,0,,0,
"156","SUSTUT","2023081915",0,22.8,31,10.5,225,17.7,84.832,3.495,6.194,,,,,,,,,0,193.3,,0,0,0,0,0,,0,0,,0,
"156","SUSTUT","2023081916",0,23.5,31,9.4,264,16,85.944,3.858,6.795,,,,,,,,,0,193.3,,0,0,0,0,0,,0,0,,0,
"156","SUSTUT","2023081918",0,22.9,40,6.6,120,14.3,86.517,3.632,6.423,,,,,,,,,0,193.3,,0,0,0,0,0,,0,0,,0,
"156","SUSTUT","2023081920",0,13.6,68,7.8,316,9.7,86.361,3.774,6.658,,,,,,,,,0,193.3,,0,0,0,0,0,,0,0,,0,
"156","SUSTUT","2023081921",0,10.9,73,7.6,317,12.5,86.086,3.594,6.36,,,,,,,,,0,193.3,,0,0,0,0,0,,0,0,,0,
"156","SUSTUT","2023081922",0,9.3,81,4.1,74,11.4,85.666,2.841,5.056,,,,,,,,,0,193.3,,0,0,0,0,0,,0,0,,0,
"156","SUSTUT","2023081923",0,7.8,86,5.6,326,7.9,85.113,2.838,5.05,,,,,,,,,0,193.3,,0,0,0,0,0,,0,0,,0,
"158","VANDERHOOF HUB","2023081900",0,4.1,93,3.7,92,10.2,83.924,2.195,11.198,,,,,,,,,,,,,,0,1,105.78,,,,,,
"158","VANDERHOOF HUB","2023081901",0,2.8,90,5.2,145,7.9,83.425,2.217,11.289,,,,,,,,,,,,,,0,1,105.75,,,,,,
"158","VANDERHOOF HUB","2023081902",0,1.7,94,3.4,9,10.8,82.841,1.878,9.843,,,,,,,,,,,,,,0,1,105.74,,,,,,
"158","VANDERHOOF HUB","2023081903",0,1.9,95,1.6,329,6.8,82.3,1.603,8.598,,,,,,,,,,,,,,0,1,105.74,,,,,,
"158","VANDERHOOF HUB","2023081904",0,0.7,95,5.3,74,6.2,81.739,1.804,9.516,,,,,,,,,,,,,,0,1,105.74,,,,,,
"158","VANDERHOOF HUB","2023081905",0,-1,94,4.1,131,6.2,81.299,1.613,8.645,,,,,,,,,,,,,,0,1,105.74,,,,,,
"158","VANDERHOOF HUB","2023081906",0,0.7,96,2,341,4.5,80.829,1.375,7.511,,,,,,,,,,,,,,0,1,105.73,,,,,,
"158","VANDERHOOF HUB","2023081907",0,5.2,91,1.8,223,3.3,80.598,1.327,7.273,,,,,,,,,,,,,,0,1,105.73,,,,,,
"158","VANDERHOOF HUB","2023081908",0,9.5,75,4.7,167,7.4,80.68,1.55,8.351,,,,,,,,,,,,,,0,1,105.74,,,,,,
"158","VANDERHOOF HUB","2023081909",0,12.8,60,4.8,305,8.5,81.026,1.619,8.675,,,,,,,,,,,,,,0,1,105.72,,,,,,
"158","VANDERHOOF HUB","2023081910",0,17.2,45,4.4,174,9.1,81.774,1.732,9.189,,,,,,,,,,,,,,0,1,105.73,,,,,,
"158","VANDERHOOF HUB","2023081911",0,20,38,5.6,161,11.4,82.786,2.084,10.731,,,,,,,,,,,,,,0,1,105.73,,,,,,
"158","VANDERHOOF HUB","2023081912",0,21.8,31,5.1,72,13.1,83.978,2.372,11.925,0.2,90.851,6.26,24.999,74.331,865.133,122.376,5,,,,,,0,1,105.68,,,,,,
"158","VANDERHOOF HUB","2023081913",0,22.9,26,7.3,321,19.5,85.318,3.181,15.271,,,,,,,,,,,,,,0,1,105.63,,,,,,
"158","VANDERHOOF HUB","2023081914",0,23.2,23,10.6,351,17.2,86.671,4.541,19.9,,,,,,,,,,,,,,0,1,105.56,,,,,,
"158","VANDERHOOF HUB","2023081915",0,24.8,20,5.8,217,15.4,87.929,4.267,19.016,,,,,,,,,,,,,,0,1,105.5,,,,,,
"158","VANDERHOOF HUB","2023081916",0,23.5,20,11.7,184,20.6,89.022,6.719,26.255,,,,,,,,,,,,,,0,1,105.43,,,,,,
"158","VANDERHOOF HUB","2023081917",0,23.8,21,5.2,319,14.3,89.806,5.419,22.588,,,,,,,,,,,,,,0,1,105.37,,,,,,
"158","VANDERHOOF HUB","2023081918",0,23.7,19,4.2,132,12,90.526,5.712,23.444,,,,,,,,,,,,,,0,1,105.33,,,,,,
"158","VANDERHOOF HUB","2023081919",0,19.7,41,5.4,141,9.7,90.563,6.1,24.55,,,,,,,,,,,,,,0,1,105.3,,,,,,
"158","VANDERHOOF HUB","2023081920",0,13.6,56,9.6,101,13.7,90.189,7.145,27.392,,,,,,,,,,,,,,0,1,105.28,,,,,,
"158","VANDERHOOF HUB","2023081921",0,9.1,66,11.7,103,14.3,89.611,7.312,27.828,,,,,,,,,,,,,,0,1,105.25,,,,,,
"158","VANDERHOOF HUB","2023081922",0,8.2,72,11.4,105,16.6,88.964,6.563,25.832,,,,,,,,,,,,,,0,1,105.2,,,,,,
"158","VANDERHOOF HUB","2023081923",0,6.3,78,7.3,102,14.3,88.301,4.854,20.88,,,,,,,,,,,,,,0,1,105.2,,,,,,
"159","NORTH CHILCO","2023081900",0,8.9,68,5.2,156,8.5,84.889,2.697,12.018,,,,,,,,,,,,,,,,,,,,,,
"159","NORTH CHILCO","2023081901",0,8,75,4.9,153,9.7,84.718,2.595,11.652,,,,,,,,,,,,,,,,,,,,,,
"159","NORTH CHILCO","2023081902",0,8.5,73,6.3,175,13.1,84.601,2.741,12.175,,,,,,,,,,,,,,,,,,,,,,
"159","NORTH CHILCO","2023081903",0,7.2,80,2.5,143,7.4,84.364,2.192,10.144,,,,,,,,,,,,,,,,,,,,,,
"159","NORTH CHILCO","2023081904",0,6.4,84,3.9,172,8.5,84.029,2.248,10.361,,,,,,,,,,,,,,,,,,,,,,
"159","NORTH CHILCO","2023081905",0,6.1,87,2.8,175,7.4,83.648,2.023,9.481,,,,,,,,,,,,,,,,,,,,,,
"159","NORTH CHILCO","2023081906",0,5.1,92,2.1,167,6.2,83.133,1.826,8.686,,,,,,,,,,,,,,,,,,,,,,
"159","NORTH CHILCO","2023081907",0,5.6,94,1.8,88,4.5,82.575,1.675,8.057,,,,,,,,,,,,,,,,,,,,,,
"159","NORTH CHILCO","2023081908",0,8.8,79,2.9,150,6.8,82.55,1.765,8.435,,,,,,,,,,,,,,,,,,,,,,
"159","NORTH CHILCO","2023081909",0,11.8,65,5.1,54,10.2,82.665,2.001,9.395,,,,,,,,,,,,,,,,,,,,,,
"159","NORTH CHILCO","2023081910",0,15,52,5,24,9.1,83.044,2.089,9.744,,,,,,,,,,,,,,,,,,,,,,
"159","NORTH CHILCO","2023081911",0,17.4,43,6.2,25,11.4,83.672,2.408,10.964,,,,,,,,,,,,,,,,,,,,,,
"159","NORTH CHILCO","2023081912",0,19.6,37,6.5,53,13.1,84.483,2.725,12.118,0,89.647,5.655,21.46,61.778,742.276,102.276,4,,,,,,,,,,,,,,
"159","NORTH CHILCO","2023081913",0,21.5,29,6,225,18.3,85.525,3.066,13.587,,,,,,,,,,,,,,,,,,,,,,
"159","NORTH CHILCO","2023081914",0,22.7,24,6.2,342,14.3,86.675,3.64,15.51,,,,,,,,,,,,,,,,,,,,,,
"159","NORTH CHILCO","2023081915",0,22.5,26,6.6,214,17.2,87.582,4.227,17.354,,,,,,,,,,,,,,,,,,,,,,
"159","NORTH CHILCO","2023081916",0,22.9,27,11.4,11,28.7,88.406,6.058,22.536,,,,,,,,,,,,,,,,,,,,,,
"159","NORTH CHILCO","2023081917",0,20.1,30,5.3,54,18.3,88.818,4.726,18.846,,,,,,,,,,,,,,,,,,,,,,
"159","NORTH CHILCO","2023081918",0,18.9,33,1.6,102,10.2,89.031,4.044,16.792,,,,,,,,,,,,,,,,,,,,,,
"159","NORTH CHILCO","2023081919",0,17.9,35,3.5,144,7.9,89.161,4.535,18.281,,,,,,,,,,,,,,,,,,,,,,
"159","NORTH CHILCO","2023081920",0,16.2,39,5.2,146,8.5,89.21,4.975,19.564,,,,,,,,,,,,,,,,,,,,,,
"159","NORTH CHILCO","2023081921",0,14.7,45,6.2,141,11.4,89.225,5.243,20.324,,,,,,,,,,,,,,,,,,,,,,
"159","NORTH CHILCO","2023081922",0,14,45,6.1,152,13.7,89.229,5.22,20.258,,,,,,,,,,,,,,,,,,,,,,
"159","NORTH CHILCO","2023081923",0,13.1,46,5.8,157,10.2,89.204,5.123,19.986,,,,,,,,,,,,,,,,,,,,,,
"161","GRASSY PLAINS HUB","2023081900",0,6.8,73,5.2,316,9.1,86.559,3.405,9.991,,,,,,,,,,,,,,0,1,174.37,,,,,,
"161","GRASSY PLAINS HUB","2023081901",0,7.2,71,6.1,315,9.1,86.298,3.434,10.062,,,,,,,,,,,,,,0,1,174.34,,,,,,
"161","GRASSY PLAINS HUB","2023081902",0,5.8,79,6.2,314,10.8,85.888,3.258,9.627,,,,,,,,,,,,,,0,1,174.34,,,,,,
"161","GRASSY PLAINS HUB","2023081903",0,4.3,86,6.5,314,8.5,85.323,3.057,9.12,,,,,,,,,,,,,,0,1,174.34,,,,,,
"161","GRASSY PLAINS HUB","2023081904",0,5.5,80,4.7,314,8.5,84.995,2.669,8.105,,,,,,,,,,,,,,0,1,174.3,,,,,,
"161","GRASSY PLAINS HUB","2023081905",0,4,88,5.4,314,9.7,84.462,2.571,7.841,,,,,,,,,,,,,,0,1,174.3,,,,,,
"161","GRASSY PLAINS HUB","2023081906",0,3.6,92,6.4,314,7.9,83.805,2.476,7.582,,,,,,,,,,,,,,0,1,174.29,,,,,,
"161","GRASSY PLAINS HUB","2023081907",0,8.8,72,5.2,314,9.7,83.801,2.329,7.175,,,,,,,,,,,,,,0,1,174.23,,,,,,
"161","GRASSY PLAINS HUB","2023081908",0,13.4,55,2.2,314,7.4,83.973,2.049,6.372,,,,,,,,,,,,,,0,1,174.21,,,,,,
"161","GRASSY PLAINS HUB","2023081909",0,14.3,54,4.9,315,8.5,84.18,2.413,7.409,,,,,,,,,,,,,,0,1,174.22,,,,,,
"161","GRASSY PLAINS HUB","2023081910",0,16.9,48,5,316,12,84.543,2.547,7.776,,,,,,,,,,,,,,0,1,174.21,,,,,,
"161","GRASSY PLAINS HUB","2023081911",0,19,41,8.6,320,14.9,85.14,3.313,9.765,,,,,,,,,,,,,,0,1,174.22,,,,,,
"161","GRASSY PLAINS HUB","2023081912",0,20.4,37,7.8,320,14.9,85.821,3.498,10.219,0,90.21,6.546,17.487,32.327,593.352,56.904,4,,,,,,0,1,174.22,,,,,,
"161","GRASSY PLAINS HUB","2023081913",0,21.2,31,7.7,322,19.5,86.631,3.902,11.722,,,,,,,,,,,,,,0,1,174.19,,,,,,
"161","GRASSY PLAINS HUB","2023081914",0,21.9,28,9.8,319,18.9,87.493,4.904,14.044,,,,,,,,,,,,,,0,1,174.15,,,,,,
"161","GRASSY PLAINS HUB","2023081915",0,21.2,27,5.8,318,17.2,88.172,4.418,12.943,,,,,,,,,,,,,,0,1,174.12,,,,,,
"161","GRASSY PLAINS HUB","2023081916",0,22,28,7.1,314,15.4,88.774,5.142,14.569,,,,,,,,,,,,,,0,1,174.04,,,,,,
"161","GRASSY PLAINS HUB","2023081917",0,20.5,29,7.3,322,16.6,89.198,5.521,15.384,,,,,,,,,,,,,,0,1,173.98,,,,,,
"161","GRASSY PLAINS HUB","2023081918",0,20.6,31,7.4,322,10.2,89.504,5.798,15.966,,,,,,,,,,,,,,0,1,173.9,,,,,,
"161","GRASSY PLAINS HUB","2023081919",0,16.6,45,6.5,320,8.5,89.519,5.553,15.452,,,,,,,,,,,,,,0,1,173.87,,,,,,
"161","GRASSY PLAINS HUB","2023081920",0,9.9,69,5.7,320,7.4,89.014,4.96,14.17,,,,,,,,,,,,,,0,1,173.87,,,,,,
"161","GRASSY PLAINS HUB","2023081921",0,9,65,6.8,320,7.9,88.631,4.963,14.175,,,,,,,,,,,,,,0,1,173.76,,,,,,
"161","GRASSY PLAINS HUB","2023081922",0,7.9,66,5.1,321,7.9,88.283,4.333,12.747,,,,,,,,,,,,,,0,1,173.69,,,,,,
"161","GRASSY PLAINS HUB","2023081923",0,9.6,53,7.2,320,9.7,88.186,4.75,13.701,,,,,,,,,,,,,,0,1,173.62,,,,,,
"162","HOUSTON","2023081900",0,3.9,91,3,124,6.2,87.229,3.352,11.444,,,,,,,,,,,,,,,,,,,,,,
"162","HOUSTON","2023081901",0,3.2,93,0,143,6.8,86.552,2.618,9.319,,,,,,,,,,,,,,,,,,,,,,
"162","HOUSTON","2023081902",0,1.8,94,2.2,114,6.2,85.742,2.609,9.295,,,,,,,,,,,,,,,,,,,,,,
"162","HOUSTON","2023081903",0,1.2,97,2.4,124,6.8,84.849,2.329,8.428,,,,,,,,,,,,,,,,,,,,,,
"162","HOUSTON","2023081904",0,0.5,98,3,158,5.1,83.965,2.13,7.791,,,,,,,,,,,,,,,,,,,,,,
"162","HOUSTON","2023081905",0,0,100,3,100,6.2,83.035,1.887,6.981,,,,,,,,,,,,,,,,,,,,,,
"162","HOUSTON","2023081906",0,-0.4,100,2.9,144,3.9,82.193,1.689,6.297,,,,,,,,,,,,,,,,,,,,,,
"162","HOUSTON","2023081907",0,2.9,100,2.1,149,3.3,81.383,1.473,5.517,,,,,,,,,,,,,,,,,,,,,,
"162","HOUSTON","2023081908",0,8.7,76,2.5,32,4.5,81.43,1.511,5.657,,,,,,,,,,,,,,,,,,,,,,
"162","HOUSTON","2023081909",0,12.1,65,3.4,290,6.2,81.619,1.616,6.039,,,,,,,,,,,,,,,,,,,,,,
"162","HOUSTON","2023081910",0,15.6,52,3.7,231,8.5,82.09,1.737,6.464,,,,,,,,,,,,,,,,,,,,,,
"162","HOUSTON","2023081911",0,18.3,47,6.2,251,10.2,82.76,2.14,7.823,,,,,,,,,,,,,,,,,,,,,,
"162","HOUSTON","2023081912",0,21.3,37,5.3,243,9.1,83.743,2.323,8.408,0,91.028,6.485,19.604,44.213,461.87,71.351,4,,,,,,,,,,,,,,
"162","HOUSTON","2023081913",0,23,26,6,203,12.5,85.086,2.885,10.48,,,,,,,,,,,,,,,,,,,,,,
"162","HOUSTON","2023081914",0,23.4,31,7.9,194,17.2,86.124,3.669,12.731,,,,,,,,,,,,,,,,,,,,,,
"162","HOUSTON","2023081915",0,23.7,27,5.6,55,17.7,87.12,3.763,12.987,,,,,,,,,,,,,,,,,,,,,,
"162","HOUSTON","2023081916",0,25,24,7,287,16.6,88.186,4.703,15.435,,,,,,,,,,,,,,,,,,,,,,
"162","HOUSTON","2023081917",0,24.3,30,5,285,16,88.79,4.637,15.27,,,,,,,,,,,,,,,,,,,,,,
"162","HOUSTON","2023081918",0,24.5,33,2.8,219,6.2,89.186,4.393,14.651,,,,,,,,,,,,,,,,,,,,,,
"162","HOUSTON","2023081919",0,20.7,51,3.4,136,7.4,89.194,4.533,15.009,,,,,,,,,,,,,,,,,,,,,,
"162","HOUSTON","2023081920",0,14.4,73,2.2,136,6.8,88.684,3.966,13.534,,,,,,,,,,,,,,,,,,,,,,
"162","HOUSTON","2023081921",0,10.1,82,1.9,74,6.2,88.018,3.55,12.402,,,,,,,,,,,,,,,,,,,,,,
"162","HOUSTON","2023081922",0,8,81,2.9,136,6.2,87.435,3.435,12.079,,,,,,,,,,,,,,,,,,,,,,
"162","HOUSTON","2023081923",0,5.8,89,4.4,86,6.2,86.631,3.304,11.708,,,,,,,,,,,,,,,,,,,,,,
"163","LOVELL COVE","2023081900",0,5.8,87,5.5,48,8.5,84.924,2.751,9.474,,,,,,,,,0,193.3,,0,0,0,0,0,,0,0,,0,
"163","LOVELL COVE","2023081901",0,5.3,90,5.5,44,7.4,84.309,2.531,8.82,,,,,,,,,0,193.3,,0,0,0,0,0,,0,0,,0,
"163","LOVELL COVE","2023081902",0,4.6,92,5.7,46,7.4,83.667,2.347,8.26,,,,,,,,,0,193.3,,0,0,0,0,0,,0,0,,0,
"163","LOVELL COVE","2023081903",0,4,93,5.4,43,6.8,83.049,2.133,7.59,,,,,,,,,0,193.3,,0,0,0,0,0,,0,0,,0,
"163","LOVELL COVE","2023081904",0,3.6,94,4.4,31,6.8,82.459,1.883,6.774,,,,,,,,,0,193.3,,0,0,0,0,0,,0,0,,0,
"163","LOVELL COVE","2023081905",0,3,97,3.7,23,6.8,81.777,1.672,6.059,,,,,,,,,0,193.3,,0,0,0,0,0,,0,0,,0,
"163","LOVELL COVE","2023081906",0,3,97,5.2,53,6.2,81.127,1.671,6.057,,,,,,,,,0,193.3,,0,0,0,0,0,,0,0,,0,
"163","LOVELL COVE","2023081907",0,3.7,96,0,43,6.2,80.744,1.232,4.458,,,,,,,,,0,193.3,,0,0,0,0,0,,0,0,,0,
"163","LOVELL COVE","2023081908",0,7.1,86,1.6,225,5.1,80.694,1.328,4.821,,,,,,,,,0,193.3,,0,0,0,0,0,,0,0,,0,
"163","LOVELL COVE","2023081909",0,13,61,4.5,224,8.5,81.024,1.595,5.788,,,,,,,,,0,193.3,,0,0,0,0,0,,0,0,,0,
"163","LOVELL COVE","2023081910",0,15.1,51,6.2,224,12.5,81.594,1.856,6.685,,,,,,,,,0,193.3,,0,0,0,0,0,,0,0,,0,
"163","LOVELL COVE","2023081911",0,17.9,41,6.4,208,13.1,82.458,2.082,7.425,,,,,,,,,0,193.3,,0,0,0,0,0,,0,0,,0,
"163","LOVELL COVE","2023081912",0,19.5,37,6.6,340,14.9,83.415,2.376,8.35,0,89.531,5.59,17.196,40.562,552.715,68.548,4,0,193.3,,0,0,0,0,0,,0,0,,0,
"163","LOVELL COVE","2023081913",0,20.8,29,8.1,155,12.5,84.609,3.005,10.577,,,,,,,,,0,193.3,,0,0,0,0,0,,0,0,,0,
"163","LOVELL COVE","2023081914",0,21.3,31,6.9,174,13.7,85.577,3.231,11.228,,,,,,,,,0,193.3,,0,0,0,0,0,,0,0,,0,
"163","LOVELL COVE","2023081915",0,22.5,28,9.6,235,17.7,86.629,4.293,14.07,,,,,,,,,0,193.3,,0,0,0,0,0,,0,0,,0,
"163","LOVELL COVE","2023081916",0,22.7,27,6.7,230,16.6,87.52,4.21,13.859,,,,,,,,,0,193.3,,0,0,0,0,0,,0,0,,0,
"163","LOVELL COVE","2023081917",0,22.7,27,5.7,177,15.4,88.263,4.453,14.474,,,,,,,,,0,193.3,,0,0,0,0,0,,0,0,,0,
"163","LOVELL COVE","2023081918",0,20.9,31,6,211,12,88.7,4.813,15.364,,,,,,,,,0,193.3,,0,0,0,0,0,,0,0,,0,
"163","LOVELL COVE","2023081919",0,16.1,63,2.5,81,10.8,88.468,3.903,13.061,,,,,,,,,0,193.3,,0,0,0,0,0,,0,0,,0,
"163","LOVELL COVE","2023081920",0,12.1,68,5.9,51,7.4,88.094,4.391,14.318,,,,,,,,,0,193.3,,0,0,0,0,0,,0,0,,0,
"163","LOVELL COVE","2023081921",0,9.7,77,5.8,52,7.9,87.548,4.04,13.419,,,,,,,,,0,193.3,,0,0,0,0,0,,0,0,,0,
"163","LOVELL COVE","2023081922",0,8.6,77,6,48,8.5,87.06,3.807,12.805,,,,,,,,,0,193.3,,0,0,0,0,0,,0,0,,0,
"163","LOVELL COVE","2023081923",0,8,82,6.2,48,7.9,86.484,3.544,12.096,,,,,,,,,0,193.3,,0,0,0,0,0,,0,0,,0,
"165","MOOSE LAKE","2023081900",0,1,97,0,256,3.3,67.251,0.573,1.191,,,,,,,,,,,,,,0,1,586.21,,,,,,
"165","MOOSE LAKE","2023081901",0,-0.1,97,1.7,143,2.8,67.316,0.625,1.498,,,,,,,,,,,,,,0,1,586.2,,,,,,
"165","MOOSE LAKE","2023081902",0,-0.7,98,0,208,2.2,67.364,0.575,1.206,,,,,,,,,,,,,,0,1,586.19,,,,,,
"165","MOOSE LAKE","2023081903",0,-1.3,98,1.8,245,2.8,67.418,0.63,1.525,,,,,,,,,,,,,,0,1,586.19,,,,,,
"165","MOOSE LAKE","2023081904",0,-1.9,98,1.9,253,3.9,67.471,0.635,1.547,,,,,,,,,,,,,,0,1,586.18,,,,,,
"165","MOOSE LAKE","2023081905",0,-2.1,98,1.7,233,2.8,67.523,0.63,1.521,,,,,,,,,,,,,,0,1,586.15,,,,,,
"165","MOOSE LAKE","2023081906",0,-2.4,98,0,231,0,67.57,0.579,1.233,,,,,,,,,,,,,,0,1,586.15,,,,,,
"165","MOOSE LAKE","2023081907",0,-1.3,97,0,214,0,67.622,0.58,1.24,,,,,,,,,,,,,,0,1,586.11,,,,,,
"165","MOOSE LAKE","2023081908",0,3.7,97,1.6,152,3.3,67.691,0.63,1.522,,,,,,,,,,,,,,0,1,586.01,,,,,,
"165","MOOSE LAKE","2023081909",0,10.6,70,2.7,114,5.1,68.492,0.683,1.781,,,,,,,,,,,,,,0,1,585.9,,,,,,
"165","MOOSE LAKE","2023081910",0,15.8,48,3.6,139,6.2,70.136,0.753,2.094,,,,,,,,,,,,,,0,1,585.82,,,,,,
"165","MOOSE LAKE","2023081911",0,18.3,37,6.3,61,12.5,72.337,0.931,2.823,,,,,,,,,,,,,,0,1,585.81,,,,,,
"165","MOOSE LAKE","2023081912",0,19.8,33,6.9,105,13.1,74.621,1.063,3.324,0,84.125,2.649,8.737,34.115,597.471,59.707,3,,,,,,0,1,585.87,,,,,,
"165","MOOSE LAKE","2023081913",0,21.6,24,5.8,153,14.3,77.092,1.174,3.98,,,,,,,,,,,,,,0,1,585.85,,,,,,
"165","MOOSE LAKE","2023081914",0,21.2,27,5.6,107,16.6,79.108,1.38,4.729,,,,,,,,,,,,,,0,1,585.9,,,,,,
"165","MOOSE LAKE","2023081915",0,19.7,26,5.9,30,18.9,80.809,1.67,5.73,,,,,,,,,,,,,,0,1,585.99,,,,,,
"165","MOOSE LAKE","2023081916",0,18.7,26,2.8,232,10.2,82.113,1.664,5.709,,,,,,,,,,,,,,0,1,586,,,,,,
"165","MOOSE LAKE","2023081917",0,18.3,38,3.7,87,10.2,82.952,1.934,6.587,,,,,,,,,,,,,,0,1,585.99,,,,,,
"165","MOOSE LAKE","2023081918",0,17.7,30,3.5,87,7.4,83.882,2.161,7.295,,,,,,,,,,,,,,0,1,585.98,,,,,,
"165","MOOSE LAKE","2023081919",0,16.5,41,4.3,64,12.5,84.406,2.413,8.053,,,,,,,,,,,,,,0,1,586.04,,,,,,
"165","MOOSE LAKE","2023081920",0,11.5,58,1.8,254,7.4,84.468,2.146,7.249,,,,,,,,,,,,,,0,1,586.13,,,,,,
"165","MOOSE LAKE","2023081921",0,7.4,73,1.6,177,3.3,84.387,2.101,7.112,,,,,,,,,,,,,,0,1,586.21,,,,,,
"165","MOOSE LAKE","2023081922",0,5,80,2.3,238,4.5,84.164,2.112,7.145,,,,,,,,,,,,,,0,1,586.23,,,,,,
"165","MOOSE LAKE","2023081923",0,3.8,84,2.2,125,5.1,83.868,2.02,6.86,,,,,,,,,,,,,,0,1,586.23,,,,,,
"166","KLUSKUS","2023081900",0,2,94,0,280,4.1,84.671,2.014,6.177,,,,,,,,,,,,,,0,1,552.75,,,,3688.6,0,
"166","KLUSKUS","2023081901",0,1.2,97,0,197,0,84.033,1.848,5.686,,,,,,,,,,,,,,0,1,552.73,,,,3688.6,0,
"166","KLUSKUS","2023081902",0,0.6,98,0,266,0,83.399,1.7,5.235,,,,,,,,,,,,,,0,1,552.71,,,,3688.6,0,
"166","KLUSKUS","2023081903",0,1,99,0,171,0,82.751,1.564,4.811,,,,,,,,,,,,,,0,1,552.7,,,,3688.6,0,
"166","KLUSKUS","2023081904",0,1.2,99,0,300,0,82.142,1.45,4.445,,,,,,,,,,,,,,0,1,552.68,,,,3688.6,0,
"166","KLUSKUS","2023081905",0,0.9,99,0,296,0,81.577,1.355,4.132,,,,,,,,,,,,,,0,1,552.67,,,,3688.6,0,
"166","KLUSKUS","2023081906",0,1.4,100,0,250,1.6,80.989,1.266,3.833,,,,,,,,,,,,,,0,1,552.66,,,,3688.6,0,
"166","KLUSKUS","2023081907",0,4.2,100,0,132,0,80.404,1.187,3.561,,,,,,,,,,,,,,0,1,552.63,,,,3688.6,0,
"166","KLUSKUS","2023081908",0,12.1,63,1.8,108,3.9,80.669,1.338,4.074,,,,,,,,,,,,,,0,1,552.6,,,,3688.6,0,
"166","KLUSKUS","2023081909",0,16.5,40,4.3,93,7.9,81.541,1.676,5.16,,,,,,,,,,,,,,0,1,552.62,,,,3688.6,0,
"166","KLUSKUS","2023081910",0,18.2,34,4.7,39,12.6,82.574,1.939,5.955,,,,,,,,,,,,,,0,1,552.7,,,,3688.6,0,
"166","KLUSKUS","2023081911",0,19.2,32,6.4,56,13.9,83.646,2.424,7.333,,,,,,,,,,,,,,0,1,552.75,,,,3688.6,0,
"166","KLUSKUS","2023081912",0,20.4,27,7.3,71,15.6,84.835,2.976,8.791,0,91.48,7.65,19.444,33.65,416.631,55.994,4,,,,,,0,1,552.77,,,,3688.6,0,
"166","KLUSKUS","2023081913",0,18.6,34,7.3,49,14.9,85.556,3.288,10.089,,,,,,,,,,,,,,0,1,552.8,,,,3688.6,0,
"166","KLUSKUS","2023081914",0,20.5,25,8.1,158,14.4,86.578,3.951,11.731,,,,,,,,,,,,,,0,1,552.8,,,,3688.6,0,
"166","KLUSKUS","2023081915",0,20.6,25,6.6,160,14.6,87.436,4.139,12.178,,,,,,,,,,,,,,0,1,552.81,,,,3688.6,0,
"166","KLUSKUS","2023081916",0,20.4,27,8.7,34,19.3,88.126,5.08,14.304,,,,,,,,,,,,,,0,1,552.82,,,,3688.6,0,
"166","KLUSKUS","2023081917",0,18,32,4.1,29,12.4,88.441,4.215,12.354,,,,,,,,,,,,,,0,1,552.87,,,,3688.6,0,
"166","KLUSKUS","2023081918",0,16.3,39,1.4,63,12.1,88.515,3.718,11.166,,,,,,,,,,,,,,0,1,552.86,,,,3688.6,0,
"166","KLUSKUS","2023081919",0,13.3,51,0,29,3.8,88.506,3.46,10.527,,,,,,,,,,,,,,0,1,552.89,,,,3688.6,0,
"166","KLUSKUS","2023081920",0,9.6,61,3,206,5.6,88.285,3.899,11.607,,,,,,,,,,,,,,0,1,552.88,,,,3688.6,0,
"166","KLUSKUS","2023081921",0,7.3,69,2.9,197,5.5,87.942,3.693,11.106,,,,,,,,,,,,,,0,1,552.87,,,,3688.6,0,
"166","KLUSKUS","2023081922",0,6,75,2.8,195,7.2,87.519,3.459,10.524,,,,,,,,,,,,,,0,1,552.84,,,,3688.6,0,
"166","KLUSKUS","2023081923",0,5,79,0,325,6.3,87.165,2.856,8.955,,,,,,,,,,,,,,0,1,552.81,,,,3688.6,0,
"167","AUGIER LAKE","2023081900",0,2.4,85,4.5,229,9.1,86.601,3.307,11.576,,,,,,,,,0,0,,0,0,0,0,0,,0,0,,0,
"167","AUGIER LAKE","2023081901",0,1.4,93,5,244,8.5,85.761,3.013,10.73,,,,,,,,,0,0,,0,0,0,0,0,,0,0,,0,
"167","AUGIER LAKE","2023081902",0,0.7,94,5.1,244,9.1,84.957,2.709,9.822,,,,,,,,,0,0,,0,0,0,0,0,,0,0,,0,
"167","AUGIER LAKE","2023081903",0,-0.1,94,5.1,218,8.5,84.235,2.455,9.037,,,,,,,,,0,0,,0,0,0,0,0,,0,0,,0,
"167","AUGIER LAKE","2023081904",0,-0.4,97,5.2,230,9.1,83.421,2.216,8.266,,,,,,,,,0,0,,0,0,0,0,0,,0,0,,0,
"167","AUGIER LAKE","2023081905",0,-0.9,98,4.3,235,8.5,82.645,1.917,7.266,,,,,,,,,0,0,,0,0,0,0,0,,0,0,,0,
"167","AUGIER LAKE","2023081906",0,-0.2,96,4.1,234,7.9,82.035,1.76,6.718,,,,,,,,,0,0,,0,0,0,0,0,,0,0,,0,
"167","AUGIER LAKE","2023081907",0,4.9,94,2.5,232,6.8,81.562,1.534,5.9,,,,,,,,,0,0,,0,0,0,0,0,,0,0,,0,
"167","AUGIER LAKE","2023081908",0,11.7,64,1.6,111,7.4,81.735,1.497,5.76,,,,,,,,,0,0,,0,0,0,0,0,,0,0,,0,
"167","AUGIER LAKE","2023081909",0,15.9,47,4.1,34,9.7,82.315,1.821,6.933,,,,,,,,,0,0,,0,0,0,0,0,,0,0,,0,
"167","AUGIER LAKE","2023081910",0,17.6,43,4.6,5,12,83,2.036,7.67,,,,,,,,,0,0,,0,0,0,0,0,,0,0,,0,
"167","AUGIER LAKE","2023081911",0,19.7,33,3.9,7,13.1,83.95,2.225,8.297,,,,,,,,,0,0,,0,0,0,0,0,,0,0,,0,
"167","AUGIER LAKE","2023081912",0,20.4,31,3.8,183,17.7,84.88,2.51,9.209,0,91.813,6.723,20.554,45.266,516.358,74.257,4,0,0,,0,0,0,0,0,,0,0,,0,
"167","AUGIER LAKE","2023081913",0,21.2,26,2.6,196,12.5,85.853,2.704,10.176,,,,,,,,,0,0,,0,0,0,0,0,,0,0,,0,
"167","AUGIER LAKE","2023081914",0,22.1,23,7.1,264,17.2,86.978,3.977,13.878,,,,,,,,,0,0,,0,0,0,0,0,,0,0,,0,
"167","AUGIER LAKE","2023081915",0,22.8,24,7.1,205,17.2,87.94,4.563,15.425,,,,,,,,,0,0,,0,0,0,0,0,,0,0,,0,
"167","AUGIER LAKE","2023081916",0,22.9,24,5.2,335,19.5,88.729,4.643,15.631,,,,,,,,,0,0,,0,0,0,0,0,,0,0,,0,
"167","AUGIER LAKE","2023081917",0,21.8,22,7.9,249,18.9,89.464,5.912,18.719,,,,,,,,,0,0,,0,0,0,0,0,,0,0,,0,
"167","AUGIER LAKE","2023081918",0,19.6,24,4.6,289,14.3,89.896,5.325,17.329,,,,,,,,,0,0,,0,0,0,0,0,,0,0,,0,
"167","AUGIER LAKE","2023081919",0,15.7,43,1.7,296,9.1,89.904,4.607,15.539,,,,,,,,,0,0,,0,0,0,0,0,,0,0,,0,
"167","AUGIER LAKE","2023081920",0,11.4,52,2.2,291,3.3,89.731,4.609,15.543,,,,,,,,,0,0,,0,0,0,0,0,,0,0,,0,
"167","AUGIER LAKE","2023081921",0,8.7,60,5.2,245,7.4,89.392,5.106,16.794,,,,,,,,,0,0,,0,0,0,0,0,,0,0,,0,
"167","AUGIER LAKE","2023081922",0,6.3,66,6.7,245,9.7,88.957,5.174,16.961,,,,,,,,,0,0,,0,0,0,0,0,,0,0,,0,
"167","AUGIER LAKE","2023081923",0,5.6,69,4.4,263,8.5,88.537,4.338,14.842,,,,,,,,,0,0,,0,0,0,0,0,,0,0,,0,
"169","UPPER FULTON","2023081900",0,4.8,85,2.3,234,5.1,85.844,2.66,7.506,,,,,,,,,,,,,,,,,,,,,,
"169","UPPER FULTON","2023081901",0,3.6,90,2.4,192,4.5,85.226,2.453,6.974,,,,,,,,,,,,,,,,,,,,,,
"169","UPPER FULTON","2023081902",0,3,91,4.1,213,4.5,84.59,2.45,6.964,,,,,,,,,,,,,,,,,,,,,,
"169","UPPER FULTON","2023081903",0,2.2,92,2,205,5.6,84.025,2.042,5.868,,,,,,,,,,,,,,,,,,,,,,
"169","UPPER FULTON","2023081904",0,1.7,94,2.8,212,6.8,83.405,1.959,5.636,,,,,,,,,,,,,,,,,,,,,,
"169","UPPER FULTON","2023081905",0,1.1,95,3.8,206,7.4,82.774,1.9,5.469,,,,,,,,,,,,,,,,,,,,,,
"169","UPPER FULTON","2023081906",0,1.1,96,2.4,208,4.5,82.176,1.644,4.723,,,,,,,,,,,,,,,,,,,,,,
"169","UPPER FULTON","2023081907",0,2.7,93,0,249,5.6,81.843,1.399,3.974,,,,,,,,,,,,,,,,,,,,,,
"169","UPPER FULTON","2023081908",0,11.2,70,1.6,86,3.3,81.924,1.531,4.384,,,,,,,,,,,,,,,,,,,,,,
"169","UPPER FULTON","2023081909",0,14.5,56,4.8,45,9.1,82.279,1.879,5.408,,,,,,,,,,,,,,,,,,,,,,
"169","UPPER FULTON","2023081910",0,16.9,46,4.2,59,10.2,82.864,1.961,5.641,,,,,,,,,,,,,,,,,,,,,,
"169","UPPER FULTON","2023081911",0,19,38,6.5,113,12.5,83.717,2.459,6.989,,,,,,,,,,,,,,,,,,,,,,
"169","UPPER FULTON","2023081912",0,20,39,5.9,15,15.4,84.474,2.64,7.455,0,90.728,6.404,16.159,29.927,411.351,50.643,3,,,,,,,,,,,,,,
"169","UPPER FULTON","2023081913",0,20.1,42,5.3,332,11.4,85.052,2.772,8.197,,,,,,,,,,,,,,,,,,,,,,
"169","UPPER FULTON","2023081914",0,20.7,34,5,243,12,85.8,3.029,8.855,,,,,,,,,,,,,,,,,,,,,,
"169","UPPER FULTON","2023081915",0,19.4,32,0,214,12.5,86.282,2.52,7.531,,,,,,,,,,,,,,,,,,,,,,
"169","UPPER FULTON","2023081916",0,21.8,24,7.2,231,15.4,87.292,4.18,11.583,,,,,,,,,,,,,,,,,,,,,,
"169","UPPER FULTON","2023081917",0,19.1,33,4.1,253,17.2,87.714,3.798,10.711,,,,,,,,,,,,,,,,,,,,,,
"169","UPPER FULTON","2023081918",0,16.6,59,0,253,6.8,87.691,3.078,8.979,,,,,,,,,,,,,,,,,,,,,,
"169","UPPER FULTON","2023081919",0,16.7,56,2.3,330,8.5,87.703,3.463,9.92,,,,,,,,,,,,,,,,,,,,,,
"169","UPPER FULTON","2023081920",0,13.9,53,0,234,3.3,87.729,3.095,9.021,,,,,,,,,,,,,,,,,,,,,,
"169","UPPER FULTON","2023081921",0,11.3,66,3.9,211,6.2,87.49,3.641,10.345,,,,,,,,,,,,,,,,,,,,,,
"169","UPPER FULTON","2023081922",0,9.6,68,2.5,212,9.7,87.244,3.276,9.468,,,,,,,,,,,,,,,,,,,,,,
"169","UPPER FULTON","2023081923",0,8.7,73,4,192,6.2,86.903,3.366,9.686,,,,,,,,,,,,,,,,,,,,,,
"170","EAST OOTSA","2023081900",0,6.3,68,8.7,306,12.7,87.929,4.938,16.448,,,,,,,,,,,,,,0,1,583.99,,,,4684.8,,
"170","EAST OOTSA","2023081901",0,6.2,72,8.2,303,12.1,87.498,4.527,15.403,,,,,,,,,,,,,,0,1,583.97,,,,4684.8,,
"170","EAST OOTSA","2023081902",0,6,75,7,310,12.4,87.057,4.002,14.009,,,,,,,,,,,,,,0,1,583.97,,,,4684.8,,
"170","EAST OOTSA","2023081903",0,6.2,74,7,334,9.9,86.679,3.793,13.435,,,,,,,,,,,,,,0,1,583.95,,,,4684.8,,
"170","EAST OOTSA","2023081904",0,5.6,75,8.6,315,10.8,86.302,3.897,13.724,,,,,,,,,,,,,,0,1,583.95,,,,4684.8,,
"170","EAST OOTSA","2023081905",0,5,77,7.9,321,10.7,85.923,3.567,12.801,,,,,,,,,,,,,,0,1,583.95,,,,4684.8,,
"170","EAST OOTSA","2023081906",0,5.6,77,7.2,317,11.5,85.585,3.285,11.987,,,,,,,,,,,,,,0,1,583.94,,,,4684.8,,
"170","EAST OOTSA","2023081907",0,9.1,69,4.8,317,9.2,85.473,2.865,10.728,,,,,,,,,,,,,,0,1,583.85,,,,4684.8,,
"170","EAST OOTSA","2023081908",0,12.7,53,5.8,154,8,85.537,3.04,11.261,,,,,,,,,,,,,,0,1,583.76,,,,4684.8,,
"170","EAST OOTSA","2023081909",0,15,44,5.9,130,11.7,85.799,3.169,11.648,,,,,,,,,,,,,,0,1,583.78,,,,4684.8,,
"170","EAST OOTSA","2023081910",0,17.1,38,7.6,147,12.5,86.24,3.674,13.103,,,,,,,,,,,,,,0,1,583.76,,,,4684.8,,
"170","EAST OOTSA","2023081911",0,18.2,31,9.9,168,19.8,86.883,4.518,15.38,,,,,,,,,,,,,,0,1,583.76,,,,4684.8,,
"170","EAST OOTSA","2023081912",0,19,30,10.4,203,20.7,87.509,5.066,16.768,0,91.322,8.744,25.495,51.238,421.031,78.571,4,,,,,,0,1,583.78,,,,4684.8,,
"170","EAST OOTSA","2023081913",0,20.1,26,8.6,199,18.9,88.208,5.114,17.343,,,,,,,,,,,,,,0,1,583.76,,,,4684.8,,
"170","EAST OOTSA","2023081914",0,19.2,27,10.1,146,20.9,88.751,5.961,19.417,,,,,,,,,,,,,,0,1,583.79,,,,4684.8,,
"170","EAST OOTSA","2023081915",0,18.8,26,7.7,115,18,89.215,5.647,18.662,,,,,,,,,,,,,,0,1,583.83,,,,4684.8,,
"170","EAST OOTSA","2023081916",0,19.5,25,5.8,153,18.1,89.657,5.467,18.222,,,,,,,,,,,,,,0,1,583.83,,,,4684.8,,
"170","EAST OOTSA","2023081917",0,19.4,24,5.6,150,10.5,90.066,5.739,18.885,,,,,,,,,,,,,,0,1,583.82,,,,4684.8,,
"170","EAST OOTSA","2023081918",0,18.7,28,4.1,153,9.9,90.271,5.479,18.254,,,,,,,,,,,,,,0,1,583.84,,,,4684.8,,
"170","EAST OOTSA","2023081919",0,15.9,35,3,185,9.7,90.32,5.221,17.613,,,,,,,,,,,,,,0,1,583.92,,,,4684.8,,
"170","EAST OOTSA","2023081920",0,11.9,46,6.1,271,6.5,90.183,5.985,19.472,,,,,,,,,,,,,,0,1,584,,,,4684.8,,
"170","EAST OOTSA","2023081921",0,10.1,49,8.6,318,9.6,89.978,6.592,20.881,,,,,,,,,,,,,,0,1,584.02,,,,4684.8,,
"170","EAST OOTSA","2023081922",0,8.7,54,9.7,305,10.9,89.686,6.682,21.087,,,,,,,,,,,,,,0,1,584.02,,,,4684.8,,
"170","EAST OOTSA","2023081923",0,7.5,55,7.7,308,9.3,89.413,5.81,19.055,,,,,,,,,,,,,,0,1,584.02,,,,4684.8,,
"171","LEO CREEK","2023081900",0,7.9,71,1,37,3.8,88.4,3.584,10.761,,,,,,,,,,,,,,,,,,,,5680.2,,
"171","LEO CREEK","2023081901",0,7.3,77,1.6,38,4.6,87.918,3.447,10.421,,,,,,,,,,,,,,,,,,,,5680.2,,
"171","LEO CREEK","2023081902",0,6.7,76,3.6,25,4.9,87.459,3.571,10.728,,,,,,,,,,,,,,,,,,,,5680.2,,
"171","LEO CREEK","2023081903",0,6.8,74,0,22,6.4,87.188,2.865,8.916,,,,,,,,,,,,,,,,,,,,5680.2,,
"171","LEO CREEK","2023081904",0,6.4,77,1.1,318,5.7,86.824,2.876,8.943,,,,,,,,,,,,,,,,,,,,5680.2,,
"171","LEO CREEK","2023081905",0,4.6,86,0,37,3.9,86.372,2.552,8.06,,,,,,,,,,,,,,,,,,,,5680.2,,
"171","LEO CREEK","2023081906",0,4.6,88,0,68,0,85.899,2.388,7.596,,,,,,,,,,,,,,,,,,,,5680.2,,
"171","LEO CREEK","2023081907",0,8.6,69,1.5,319,4.9,85.778,2.532,8.003,,,,,,,,,,,,,,,,,,,,5680.2,,
"171","LEO CREEK","2023081908",0,10.6,63,4.5,336,6.1,85.768,2.941,9.117,,,,,,,,,,,,,,,,,,,,5680.2,,
"171","LEO CREEK","2023081909",0,13.8,55,4.1,322,8.9,85.816,2.901,9.012,,,,,,,,,,,,,,,,,,,,5680.2,,
"171","LEO CREEK","2023081910",0,15.9,53,5.1,234,11.2,85.898,3.087,9.501,,,,,,,,,,,,,,,,,,,,5680.2,,
"171","LEO CREEK","2023081911",0,18,42,7.1,297,11.4,86.254,3.589,10.774,,,,,,,,,,,,,,,,,,,,5680.2,,
"171","LEO CREEK","2023081912",0,20,38,7,273,15.1,86.734,3.822,11.342,0,90.558,6.607,18.031,34.527,536.354,59.481,4,,,,,,,,,,,,5680.2,,
"171","LEO CREEK","2023081913",0,21.2,31,7.3,229,16.6,87.41,4.272,12.928,,,,,,,,,,,,,,,,,,,,5680.2,,
"171","LEO CREEK","2023081914",0,21.9,29,5.8,230,20.6,88.066,4.351,13.116,,,,,,,,,,,,,,,,,,,,5680.2,,
"171","LEO CREEK","2023081915",0,22.2,26,6.3,242,19.9,88.75,4.923,14.44,,,,,,,,,,,,,,,,,,,,5680.2,,
"171","LEO CREEK","2023081916",0,22.4,23,5.4,203,17.1,89.437,5.191,15.042,,,,,,,,,,,,,,,,,,,,5680.2,,
"171","LEO CREEK","2023081917",0,19.9,31,6.1,298,14.2,89.682,5.57,15.87,,,,,,,,,,,,,,,,,,,,5680.2,,
"171","LEO CREEK","2023081918",0,19.8,30,4.7,320,11.9,89.913,5.365,15.425,,,,,,,,,,,,,,,,,,,,5680.2,,
"171","LEO CREEK","2023081919",0,16,45,0,65,7.6,89.91,4.232,12.832,,,,,,,,,,,,,,,,,,,,5680.2,,
"171","LEO CREEK","2023081920",0,13.2,51,2.1,100,4.3,89.765,4.608,13.718,,,,,,,,,,,,,,,,,,,,5680.2,,
"171","LEO CREEK","2023081921",0,11.4,52,3.2,97,6.6,89.592,4.752,14.05,,,,,,,,,,,,,,,,,,,,5680.2,,
"171","LEO CREEK","2023081922",0,11.5,49,0.8,0,6.1,89.506,4.158,12.654,,,,,,,,,,,,,,,,,,,,5680.2,,
"171","LEO CREEK","2023081923",0,10.7,53,0,16,3.9,89.396,3.932,12.102,,,,,,,,,,,,,,,,,,,,5680.2,,
"172","NILKITKWA","2023081900",0,5.9,85,5.6,58,11.4,85.605,3.038,7.346,,,,,,,,,,,,,,,,,,,,,,
"172","NILKITKWA","2023081901",0,4.8,91,4.3,42,10.2,84.909,2.585,6.326,,,,,,,,,,,,,,,,,,,,,,
"172","NILKITKWA","2023081902",0,3.7,96,6.1,49,9.7,83.996,2.501,6.132,,,,,,,,,,,,,,,,,,,,,,
"172","NILKITKWA","2023081903",0,3.2,99,4.3,70,9.1,83.02,2.011,4.946,,,,,,,,,,,,,,,,,,,,,,
"172","NILKITKWA","2023081904",0,2.8,100,4.2,74,9.7,82.071,1.777,4.347,,,,,,,,,,,,,,,,,,,,,,
"172","NILKITKWA","2023081905",0,2.7,100,5.3,55,10.2,81.185,1.691,4.121,,,,,,,,,,,,,,,,,,,,,,
"172","NILKITKWA","2023081906",0,2.1,100,1.7,347,7.4,80.487,1.305,3.05,,,,,,,,,,,,,,,,,,,,,,
"172","NILKITKWA","2023081907",0,4.3,100,0,139,5.1,79.937,1.13,2.528,,,,,,,,,,,,,,,,,,,,,,
"172","NILKITKWA","2023081908",0,11.2,71,3.9,257,6.2,80.126,1.402,3.33,,,,,,,,,,,,,,,,,,,,,,
"172","NILKITKWA","2023081909",0,13.8,56,4.5,271,9.1,80.608,1.523,3.665,,,,,,,,,,,,,,,,,,,,,,
"172","NILKITKWA","2023081910",0,16.1,49,7.1,245,12,81.314,1.879,4.612,,,,,,,,,,,,,,,,,,,,,,
"172","NILKITKWA","2023081911",0,18.6,39,5.5,216,11.4,82.276,1.945,4.78,,,,,,,,,,,,,,,,,,,,,,
"172","NILKITKWA","2023081912",0,19.3,34,8.5,213,17.7,83.376,2.601,6.365,0,90.245,6.815,15.273,23.674,441.546,41.751,3,,,,,,,,,,,,,,
"172","NILKITKWA","2023081913",0,21.2,28,6.5,209,14.3,84.595,2.767,7.244,,,,,,,,,,,,,,,,,,,,,,
"172","NILKITKWA","2023081914",0,21.4,28,9.5,213,16.6,85.725,3.761,9.48,,,,,,,,,,,,,,,,,,,,,,
"172","NILKITKWA","2023081915",0,22,30,6,130,18.3,86.591,3.561,9.05,,,,,,,,,,,,,,,,,,,,,,
"172","NILKITKWA","2023081916",0,19,35,2.5,23,16,87.018,3.172,8.185,,,,,,,,,,,,,,,,,,,,,,
"172","NILKITKWA","2023081917",0,20.6,34,6.1,74,10.8,87.524,4.087,10.167,,,,,,,,,,,,,,,,,,,,,,
"172","NILKITKWA","2023081918",0,20.7,30,6.6,316,14.9,88.092,4.547,11.101,,,,,,,,,,,,,,,,,,,,,,
"172","NILKITKWA","2023081919",0,18.2,42,2.1,298,12.5,88.18,3.67,9.286,,,,,,,,,,,,,,,,,,,,,,
"172","NILKITKWA","2023081920",0,13,69,3.1,78,6.2,87.852,3.683,9.314,,,,,,,,,,,,,,,,,,,,,,
"172","NILKITKWA","2023081921",0,10.8,65,8.9,61,12.5,87.579,4.744,11.491,,,,,,,,,,,,,,,,,,,,,,
"172","NILKITKWA","2023081922",0,10.2,67,8,65,13.7,87.296,4.354,10.714,,,,,,,,,,,,,,,,,,,,,,
"172","NILKITKWA","2023081923",0,9.9,63,8.3,64,13.1,87.117,4.309,10.623,,,,,,,,,,,,,,,,,,,,,,
"173","NORTH BABINE","2023081900",0,5.2,82,0,19,5.6,87.232,2.883,,,,,,,,,,,,,,,,,,,,,,,
"173","NORTH BABINE","2023081901",0,4.4,88,1.8,65,5.1,86.576,2.876,,,,,,,,,,,,,,,,,,,,,,,
"173","NORTH BABINE","2023081902",0,4,89,0,359,5.6,86.066,2.444,,,,,,,,,,,,,,,,,,,,,,,
"173","NORTH BABINE","2023081903",0,2.8,94,0,9,0,85.437,2.238,,,,,,,,,,,,,,,,,,,,,,,
"173","NORTH BABINE","2023081904",0,2.3,95,0,4,0,84.818,2.055,,,,,,,,,,,,,,,,,,,,,,,
"173","NORTH BABINE","2023081905",0,1.4,95,0,12,0,84.252,1.903,,,,,,,,,,,,,,,,,,,,,,,
"173","NORTH BABINE","2023081906",0,0.8,96,0,19,0,83.69,1.766,,,,,,,,,,,,,,,,,,,,,,,
"173","NORTH BABINE","2023081907",0,3,97,0,4,0,83.092,1.634,,,,,,,,,,,,,,,,,,,,,,,
"173","NORTH BABINE","2023081908",0,9.4,75,1.6,26,2.8,83.11,1.775,,,,,,,,,,,,,,,,,,,,,,,
"173","NORTH BABINE","2023081909",0,13.4,60,5.1,235,8.5,83.279,2.164,7.086,,,,,,,,,,,,,,,,,,,,,,
"173","NORTH BABINE","2023081910",0,16.2,46,5.3,199,11.4,83.759,2.328,7.569,,,,,,,,,,,,,,,,,,,,,,
"173","NORTH BABINE","2023081911",0,18.1,37,6.2,208,11.4,84.487,2.685,8.587,,,,,,,,,,,,,,,,,,,,,,
"173","NORTH BABINE","2023081912",0,19.4,35,7.8,261,14.9,85.267,3.239,10.072,0,91.314,7.662,20.375,36.176,490.39,61.086,4,,,,,,,,,,,,,,
"173","NORTH BABINE","2023081913",0,20.4,29,6.1,257,17.7,86.148,3.362,10.828,,,,,,,,,,,,,,,,,,,,,,
"173","NORTH BABINE","2023081914",0,21.9,25,4.8,217,15.4,87.094,3.6,11.45,,,,,,,,,,,,,,,,,,,,,,
"173","NORTH BABINE","2023081915",0,22,27,6.4,262,17.2,87.876,4.364,13.348,,,,,,,,,,,,,,,,,,,,,,
"173","NORTH BABINE","2023081916",0,22.5,20,6,146,16,88.82,4.897,14.597,,,,,,,,,,,,,,,,,,,,,,
"173","NORTH BABINE","2023081917",0,21.1,23,5.6,204,12.5,89.443,5.248,15.393,,,,,,,,,,,,,,,,,,,,,,
"173","NORTH BABINE","2023081918",0,19.9,28,5,223,9.7,89.768,5.335,15.587,,,,,,,,,,,,,,,,,,,,,,
"173","NORTH BABINE","2023081919",0,15.4,45,3.1,172,10.8,89.747,4.834,14.452,,,,,,,,,,,,,,,,,,,,,,
"173","NORTH BABINE","2023081920",0,11.7,57,2.9,27,5.6,89.496,4.616,13.945,,,,,,,,,,,,,,,,,,,,,,
"173","NORTH BABINE","2023081921",0,8.9,69,2.9,18,4.5,89.043,4.326,13.255,,,,,,,,,,,,,,,,,,,,,,
"173","NORTH BABINE","2023081922",0,7.8,68,2.8,358,5.1,88.654,4.07,12.633,,,,,,,,,,,,,,,,,,,,,,
"173","NORTH BABINE","2023081923",0,6,80,3.1,18,4.5,88.05,3.789,11.931,,,,,,,,,,,,,,,,,,,,,,
"175","BEDNESTI","2023081900",0,7.8,81,2.5,277,8.5,84.753,2.311,9.665,,,,,,,,,,,,,,,,,,,,,,
"175","BEDNESTI","2023081901",0,8.7,76,6.9,221,10.2,84.568,2.812,11.371,,,,,,,,,,,,,,,,,,,,,,
"175","BEDNESTI","2023081902",0,6.2,90,0,358,9.1,84.153,1.878,8.084,,,,,,,,,,,,,,,,,,,,,,
"175","BEDNESTI","2023081903",0,6.8,86,5.1,247,6.2,83.762,2.305,9.647,,,,,,,,,,,,,,,,,,,,,,
"175","BEDNESTI","2023081904",0,5.9,92,2,267,7.4,83.234,1.84,7.94,,,,,,,,,,,,,,,,,,,,,,
"175","BEDNESTI","2023081905",0,5.4,93,2.4,329,5.1,82.701,1.754,7.609,,,,,,,,,,,,,,,,,,,,,,
"175","BEDNESTI","2023081906",0,6.1,90,1.6,92,5.1,82.354,1.614,7.054,,,,,,,,,,,,,,,,,,,,,,
"175","BEDNESTI","2023081907",0,9.1,79,2.6,84,6.2,82.353,1.697,7.384,,,,,,,,,,,,,,,,,,,,,,
"175","BEDNESTI","2023081908",0,11.8,67,4.7,103,6.8,82.454,1.91,8.204,,,,,,,,,,,,,,,,,,,,,,
"175","BEDNESTI","2023081909",0,16.2,45,4.3,126,12,83.022,2.011,8.582,,,,,,,,,,,,,,,,,,,,,,
"175","BEDNESTI","2023081910",0,17.8,43,6,151,13.7,83.664,2.382,9.914,,,,,,,,,,,,,,,,,,,,,,
"175","BEDNESTI","2023081911",0,19.6,34,6.8,239,13.7,84.57,2.799,11.328,,,,,,,,,,,,,,,,,,,,,,
"175","BEDNESTI","2023081912",0,20.5,33,7.7,125,14.9,85.452,3.306,12.944,0,90.237,6.538,22.129,54.974,572.975,88.677,4,,,,,,,,,,,,,,
"175","BEDNESTI","2023081913",0,21.8,27,6.9,217,18.3,86.467,3.661,14.407,,,,,,,,,,,,,,,,,,,,,,
"175","BEDNESTI","2023081914",0,20.1,33,7.4,53,31.6,87.071,4.091,15.685,,,,,,,,,,,,,,,,,,,,,,
"175","BEDNESTI","2023081915",0,21.6,28,10.3,106,16.6,87.857,5.298,19.013,,,,,,,,,,,,,,,,,,,,,,
"175","BEDNESTI","2023081916",0,21.4,27,5.6,54,17.2,88.491,4.579,17.071,,,,,,,,,,,,,,,,,,,,,,
"175","BEDNESTI","2023081917",0,21.1,26,6.1,57,12,89.064,5.098,18.484,,,,,,,,,,,,,,,,,,,,,,
"175","BEDNESTI","2023081918",0,19.6,31,5.9,84,12,89.349,5.257,18.906,,,,,,,,,,,,,,,,,,,,,,
"175","BEDNESTI","2023081919",0,17.4,37,6.9,99,13.7,89.398,5.568,19.716,,,,,,,,,,,,,,,,,,,,,,
"175","BEDNESTI","2023081920",0,14.3,45,1.8,91,7.9,89.399,4.307,16.306,,,,,,,,,,,,,,,,,,,,,,
"175","BEDNESTI","2023081921",0,13.1,48,2.4,161,5.1,89.34,4.402,16.575,,,,,,,,,,,,,,,,,,,,,,
"175","BEDNESTI","2023081922",0,12.3,54,4.2,215,6.2,89.169,4.702,17.413,,,,,,,,,,,,,,,,,,,,,,
"175","BEDNESTI","2023081923",0,11.9,56,3.6,236,7.4,88.981,4.441,16.685,,,,,,,,,,,,,,,,,,,,,,
"178","PEDEN","2023081900",0,4.1,84,4,20,7.4,87.222,3.522,13.475,,,,,,,,,,,,,,0,1,109.22,,,,,,
"178","PEDEN","2023081901",0,3.2,88,2.9,359,6.8,86.549,3.028,11.953,,,,,,,,,,,,,,0,1,109.2,,,,,,
"178","PEDEN","2023081902",0,2.4,91,4,46,6.8,85.807,2.883,11.49,,,,,,,,,,,,,,0,1,109.19,,,,,,
"178","PEDEN","2023081903",0,2.3,91,4.2,24,6.8,85.126,2.65,10.724,,,,,,,,,,,,,,0,1,109.19,,,,,,
"178","PEDEN","2023081904",0,1.8,92,4.3,3,6.8,84.467,2.434,9.993,,,,,,,,,,,,,,0,1,109.19,,,,,,
"178","PEDEN","2023081905",0,1.7,93,2.9,44,9.7,83.853,2.089,8.775,,,,,,,,,,,,,,0,1,109.18,,,,,,
"178","PEDEN","2023081906",0,1.2,93,3.1,41,7.4,83.289,1.959,8.302,,,,,,,,,,,,,,0,1,109.18,,,,,,
"178","PEDEN","2023081907",0,6.1,87,3.9,43,8.5,82.96,1.955,8.286,,,,,,,,,,,,,,0,1,109.18,,,,,,
"178","PEDEN","2023081908",0,10.9,66,4.6,346,11.4,83.021,2.041,8.604,,,,,,,,,,,,,,0,1,109.17,,,,,,
"178","PEDEN","2023081909",0,15.1,49,5.2,331,10.8,83.43,2.218,9.241,,,,,,,,,,,,,,0,1,109.14,,,,,,
"178","PEDEN","2023081910",0,18,45,6.6,245,10.8,83.995,2.564,10.438,,,,,,,,,,,,,,0,1,109.1,,,,,,
"178","PEDEN","2023081911",0,19.7,35,9.1,193,13.1,84.874,3.276,12.727,,,,,,,,,,,,,,0,1,109.01,,,,,,
"178","PEDEN","2023081912",0,21.6,27,7.1,186,13.1,85.963,3.445,13.242,0,91.947,8.091,25.62,52.957,655.977,88.128,4,,,,,,0,1,108.88,,,,,,
"178","PEDEN","2023081913",0,22.5,24,8.7,198,15.4,87.092,4.381,16.459,,,,,,,,,,,,,,0,1,108.72,,,,,,
"178","PEDEN","2023081914",0,21.4,29,6.2,161,14.9,87.776,4.259,16.113,,,,,,,,,,,,,,0,1,108.56,,,,,,
"178","PEDEN","2023081915",0,22,27,4,173,13.7,88.421,4.181,15.891,,,,,,,,,,,,,,0,1,108.41,,,,,,
"178","PEDEN","2023081916",0,22.3,26,9.1,211,14.3,89.092,5.954,20.626,,,,,,,,,,,,,,0,1,108.27,,,,,,
"178","PEDEN","2023081917",0,22,30,7,202,13.1,89.491,5.671,19.913,,,,,,,,,,,,,,0,1,108.15,,,,,,
"178","PEDEN","2023081918",0,20.5,34,6,206,13.7,89.66,5.525,19.539,,,,,,,,,,,,,,0,1,108.05,,,,,,
"178","PEDEN","2023081919",0,17.8,46,3.8,134,8.5,89.664,4.948,18.021,,,,,,,,,,,,,,0,1,107.97,,,,,,
"178","PEDEN","2023081920",0,13.8,56,4.5,81,5.6,89.433,4.958,18.049,,,,,,,,,,,,,,0,1,107.93,,,,,,
"178","PEDEN","2023081921",0,10.8,65,3.7,86,6.8,89.049,4.507,16.813,,,,,,,,,,,,,,0,1,107.87,,,,,,
"178","PEDEN","2023081922",0,8.4,70,4.6,52,5.6,88.59,4.416,16.557,,,,,,,,,,,,,,0,1,107.83,,,,,,
"178","PEDEN","2023081923",0,7,76,0,11,10.2,88.208,3.315,13.288,,,,,,,,,,,,,,0,1,107.8,,,,,,
"179","NADINA","2023081900",0,6.3,74,6.9,282,9.7,87.484,4.232,,,,,,,,,,,,,,,0,1,138.17,,,,,,
"179","NADINA","2023081901",0,5.5,80,5.7,262,8.5,86.944,3.688,,,,,,,,,,,,,,,0,1,138.15,,,,,,
"179","NADINA","2023081902",0,4.7,84,6,225,9.1,86.346,3.44,,,,,,,,,,,,,,,0,1,138.13,,,,,,
"179","NADINA","2023081903",0,4.3,92,5,233,7.4,85.526,2.916,,,,,,,,,,,,,,,0,1,138.11,,,,,,
"179","NADINA","2023081904",0,4.1,95,6,224,9.7,84.607,2.702,,,,,,,,,,,,,,,0,1,138.1,,,,,,
"179","NADINA","2023081905",0,4,96,4.1,281,9.1,83.764,2.193,,,,,,,,,,,,,,,0,1,138.1,,,,,,
"179","NADINA","2023081906",0,3.5,100,4.2,223,7.9,82.728,1.928,,,,,,,,,,,,,,,0,1,138.11,,,,,,
"179","NADINA","2023081907",0,6.3,89,4.9,204,7.4,82.369,1.909,,,,,,,,,,,,,,,0,1,138.11,,,,,,
"179","NADINA","2023081908",0,11.6,68,3.4,199,7.9,82.451,1.788,,,,,,,,,,,,,,,0,1,138.1,,,,,,
"179","NADINA","2023081909",0,15.1,54,4.2,84,7.4,82.805,1.946,,,,,,,,,,,,,,,0,1,138.07,,,,,,
"179","NADINA","2023081910",0,16.2,50,5.6,60,9.7,83.251,2.211,,,,,,,,,,,,,,,0,1,138.02,,,,,,
"179","NADINA","2023081911",0,18.8,43,7.1,78,12,83.924,2.605,,,,,,,,,,,,,,,0,1,137.91,,,,,,
"179","NADINA","2023081912",0,19.7,31,8,108,16,84.918,3.118,,0,,,,,,,,,,,,,0,1,137.74,,,,,,
"179","NADINA","2023081913",0,20.8,27,7.1,157,17.2,85.955,3.441,,,,,,,,,,,,,,,0,1,137.53,,,,,,
"179","NADINA","2023081914",0,20.3,27,7.7,92,14.3,86.834,4.016,,,,,,,,,,,,,,,0,1,137.3,,,,,,
"179","NADINA","2023081915",0,21,27,7.3,126,20,87.619,4.402,,,,,,,,,,,,,,,0,1,137.06,,,,,,
"179","NADINA","2023081916",0,21.5,26,6.3,282,14.9,88.336,4.638,,,,,,,,,,,,,,,0,1,136.79,,,,,,
"179","NADINA","2023081917",0,21.1,25,6.2,182,14.3,88.966,5.052,,,,,,,,,,,,,,,0,1,136.55,,,,,,
"179","NADINA","2023081918",0,20.6,24,3.7,227,13.7,89.488,4.8,,,,,,,,,,,,,,,0,1,136.35,,,,,,
"179","NADINA","2023081919",0,19,28,4.6,187,8.5,89.777,5.236,,,,,,,,,,,,,,,0,1,136.19,,,,,,
"179","NADINA","2023081920",0,14.9,37,3.9,225,7.9,89.826,5.09,,,,,,,,,,,,,,,0,1,136.07,,,,,,
"179","NADINA","2023081921",0,11.8,41,4.8,210,7.4,89.816,5.318,,,,,,,,,,,,,,,0,1,135.96,,,,,,
"179","NADINA","2023081922",0,11.1,44,5,246,14.9,89.753,5.324,,,,,,,,,,,,,,,0,1,135.85,,,,,,
"179","NADINA","2023081923",0,9.7,57,5.3,236,10.2,89.467,5.188,,,,,,,,,,,,,,,0,1,135.79,,,,,,
"180","MCBRIDE LAKE","2023081900",0,5.8,88,1.8,268,4.5,87.423,3.244,12.786,,,,,,,,,0,0,,0,0,0,0,0,,0,0,,0,
"180","MCBRIDE LAKE","2023081901",0,5,91,0,97,0,86.778,2.703,11.039,,,,,,,,,0,0,,0,0,0,0,0,,0,0,,0,
"180","MCBRIDE LAKE","2023081902",0,4.3,100,0,48,2.2,85.76,2.341,9.802,,,,,,,,,0,0,,0,0,0,0,0,,0,0,,0,
"180","MCBRIDE LAKE","2023081903",0,3.5,100,0,244,0,84.839,2.061,8.794,,,,,,,,,0,0,,0,0,0,0,0,,0,0,,0,
"180","MCBRIDE LAKE","2023081904",0,2.7,100,2.8,176,4.5,83.773,2.056,8.775,,,,,,,,,0,0,,0,0,0,0,0,,0,0,,0,
"180","MCBRIDE LAKE","2023081905",0,2.4,100,2.3,184,5.1,82.83,1.774,7.709,,,,,,,,,0,0,,0,0,0,0,0,,0,0,,0,
"180","MCBRIDE LAKE","2023081906",0,2.2,100,1.6,153,3.9,82,1.545,6.8,,,,,,,,,0,0,,0,0,0,0,0,,0,0,,0,
"180","MCBRIDE LAKE","2023081907",0,5.2,100,3.3,202,5.1,81.124,1.518,6.69,,,,,,,,,0,0,,0,0,0,0,0,,0,0,,0,
"180","MCBRIDE LAKE","2023081908",0,11.7,71,2.4,53,3.9,81.241,1.471,6.494,,,,,,,,,0,0,,0,0,0,0,0,,0,0,,0,
"180","MCBRIDE LAKE","2023081909",0,14,61,4.9,26,7.4,81.554,1.73,7.537,,,,,,,,,0,0,,0,0,0,0,0,,0,0,,0,
"180","MCBRIDE LAKE","2023081910",0,17,51,4,219,9.7,82.1,1.765,7.674,,,,,,,,,0,0,,0,0,0,0,0,,0,0,,0,
"180","MCBRIDE LAKE","2023081911",0,19.4,39,4.5,64,10.2,82.987,2.022,8.65,,,,,,,,,0,0,,0,0,0,0,0,,0,0,,0,
"180","MCBRIDE LAKE","2023081912",0,21,34,5.3,204,10.8,84.017,2.409,10.038,0,91.556,6.991,23.245,56.335,528.75,88.972,4,0,0,,0,0,0,0,0,,0,0,,0,
"180","MCBRIDE LAKE","2023081913",0,21.3,33,8.1,52,17.2,85.024,3.18,12.93,,,,,,,,,0,0,,0,0,0,0,0,,0,0,,0,
"180","MCBRIDE LAKE","2023081914",0,21.7,29,8.8,130,18.9,86.061,3.805,14.869,,,,,,,,,0,0,,0,0,0,0,0,,0,0,,0,
"180","MCBRIDE LAKE","2023081915",0,23.1,26,6.8,278,17.2,87.096,3.983,15.398,,,,,,,,,0,0,,0,0,0,0,0,,0,0,,0,
"180","MCBRIDE LAKE","2023081916",0,22.8,24,7.7,245,17.2,88.051,4.778,17.654,,,,,,,,,0,0,,0,0,0,0,0,,0,0,,0,
"180","MCBRIDE LAKE","2023081917",0,21.9,26,4,214,13.1,88.687,4.344,16.442,,,,,,,,,0,0,,0,0,0,0,0,,0,0,,0,
"180","MCBRIDE LAKE","2023081918",0,22.2,25,3.7,302,10.8,89.276,4.657,17.319,,,,,,,,,0,0,,0,0,0,0,0,,0,0,,0,
"180","MCBRIDE LAKE","2023081919",0,17.4,40,3.4,299,10.2,89.325,4.619,17.215,,,,,,,,,0,0,,0,0,0,0,0,,0,0,,0,
"180","MCBRIDE LAKE","2023081920",0,14.2,53,2.8,17,5.1,89.199,4.401,16.604,,,,,,,,,0,0,,0,0,0,0,0,,0,0,,0,
"180","MCBRIDE LAKE","2023081921",0,11.7,65,0,82,4.5,88.947,3.686,14.509,,,,,,,,,0,0,,0,0,0,0,0,,0,0,,0,
"180","MCBRIDE LAKE","2023081922",0,11.2,63,0,319,3.3,88.742,3.579,14.183,,,,,,,,,0,0,,0,0,0,0,0,,0,0,,0,
"180","MCBRIDE LAKE","2023081923",0,9.3,73,1.6,4,3.9,88.306,3.644,14.383,,,,,,,,,0,0,,0,0,0,0,0,,0,0,,0,
"181","BURNS LAKE 850M","2023081900",0,4.5,82,4,65,5.4,86.971,3.398,10.77,,,,,,,,,,,,,,,,,,,,596.4,,
"181","BURNS LAKE 850M","2023081901",0,4.1,82,4.7,61,6.7,86.451,3.27,10.433,,,,,,,,,,,,,,,,,,,,596.4,,
"181","BURNS LAKE 850M","2023081902",0,3.5,85,3.3,72,6.3,85.923,2.829,9.238,,,,,,,,,,,,,,,,,,,,596.4,,
"181","BURNS LAKE 850M","2023081903",0,2.7,87,0.9,81,4.4,85.45,2.347,7.85,,,,,,,,,,,,,,,,,,,,596.4,,
"181","BURNS LAKE 850M","2023081904",0,1.9,88,2.5,72,3.4,84.945,2.372,7.926,,,,,,,,,,,,,,,,,,,,596.4,,
"181","BURNS LAKE 850M","2023081905",0,1.4,89,2.2,71,4,84.459,2.187,7.37,,,,,,,,,,,,,,,,,,,,596.4,,
"181","BURNS LAKE 850M","2023081906",0,1.6,88,1.8,71,3.5,84.048,2.028,6.879,,,,,,,,,,,,,,,,,,,,596.4,,
"181","BURNS LAKE 850M","2023081907",0,6.9,77,0.8,238,3.4,83.936,1.9,6.474,,,,,,,,,,,,,,,,,,,,596.4,,
"181","BURNS LAKE 850M","2023081908",0,10.2,66,4.7,246,8.1,83.983,2.327,7.792,,,,,,,,,,,,,,,,,,,,596.4,,
"181","BURNS LAKE 850M","2023081909",0,14.5,51,3,263,10.9,84.23,2.208,7.433,,,,,,,,,,,,,,,,,,,,596.4,,
"181","BURNS LAKE 850M","2023081910",0,17.5,44,1.7,18,11.9,84.638,2.185,7.364,,,,,,,,,,,,,,,,,,,,596.4,,
"181","BURNS LAKE 850M","2023081911",0,19.4,34,5,243,12.2,85.379,2.857,9.315,,,,,,,,,,,,,,,,,,,,596.4,,
"181","BURNS LAKE 850M","2023081912",0,21.2,31,2.8,51,12.3,86.145,2.846,9.284,0,91.122,5.795,17.043,38.931,456.498,64.178,4,,,,,,,,,,,,596.4,,
"181","BURNS LAKE 850M","2023081913",0,21.8,26,4,228,15.4,87.032,3.428,11.328,,,,,,,,,,,,,,,,,,,,596.4,,
"181","BURNS LAKE 850M","2023081914",0,22.7,24,4.2,162,15.2,87.918,3.93,12.641,,,,,,,,,,,,,,,,,,,,596.4,,
"181","BURNS LAKE 850M","2023081915",0,23.1,19,2.3,217,15.7,88.826,4.068,12.992,,,,,,,,,,,,,,,,,,,,596.4,,
"181","BURNS LAKE 850M","2023081916",0,22.6,18,3.6,169,13.2,89.661,4.896,15.003,,,,,,,,,,,,,,,,,,,,596.4,,
"181","BURNS LAKE 850M","2023081917",0,23,18,1.6,198,10,90.344,4.882,14.969,,,,,,,,,,,,,,,,,,,,596.4,,
"181","BURNS LAKE 850M","2023081918",0,22.3,21,1.8,163,8.4,90.812,5.272,15.872,,,,,,,,,,,,,,,,,,,,596.4,,
"181","BURNS LAKE 850M","2023081919",0,18.1,41,1.8,52,5.9,90.804,5.266,15.859,,,,,,,,,,,,,,,,,,,,596.4,,
"181","BURNS LAKE 850M","2023081920",0,12.9,51,4.3,73,5.4,90.554,5.763,16.972,,,,,,,,,,,,,,,,,,,,596.4,,
"181","BURNS LAKE 850M","2023081921",0,9.7,60,4.9,66,5.7,90.143,5.601,16.614,,,,,,,,,,,,,,,,,,,,596.4,,
"181","BURNS LAKE 850M","2023081922",0,7.9,65,4.9,77,5.8,89.678,5.24,15.8,,,,,,,,,,,,,,,,,,,,596.4,,
"181","BURNS LAKE 850M","2023081923",0,6.5,69,4.5,70,5.9,89.19,4.788,14.749,,,,,,,,,,,,,,,,,,,,596.4,,
"182","GANOKWA","2023081900",0,2.7,85,3.6,47,5.6,86.831,3.265,9.425,,,,,,,,,0,0,,0,0,0,0,0,,0,0,,0,
"182","GANOKWA","2023081901",0,1.7,86,2.6,59,5.6,86.275,2.87,8.435,,,,,,,,,0,0,,0,0,0,0,0,,0,0,,0,
"182","GANOKWA","2023081902",0,1.1,90,2.9,68,5.6,85.638,2.664,7.901,,,,,,,,,0,0,,0,0,0,0,0,,0,0,,0,
"182","GANOKWA","2023081903",0,0.6,90,3.7,57,5.6,85.04,2.553,7.607,,,,,,,,,0,0,,0,0,0,0,0,,0,0,,0,
"182","GANOKWA","2023081904",0,0.3,91,4.1,55,5.1,84.449,2.403,7.203,,,,,,,,,0,0,,0,0,0,0,0,,0,0,,0,
"182","GANOKWA","2023081905",0,-0.4,94,2.2,72,5.1,83.838,2.012,6.104,,,,,,,,,0,0,,0,0,0,0,0,,0,0,,0,
"182","GANOKWA","2023081906",0,-0.2,96,3.2,51,4.5,83.153,1.935,5.879,,,,,,,,,0,0,,0,0,0,0,0,,0,0,,0,
"182","GANOKWA","2023081907",0,2,91,2.1,43,3.9,82.737,1.736,5.285,,,,,,,,,0,0,,0,0,0,0,0,,0,0,,0,
"182","GANOKWA","2023081908",0,11.1,65,3.1,189,6.2,82.825,1.846,5.617,,,,,,,,,0,0,,0,0,0,0,0,,0,0,,0,
"182","GANOKWA","2023081909",0,14.1,54,5.3,295,9.7,83.133,2.145,6.486,,,,,,,,,0,0,,0,0,0,0,0,,0,0,,0,
"182","GANOKWA","2023081910",0,16.2,46,5.6,225,11.4,83.631,2.324,6.985,,,,,,,,,0,0,,0,0,0,0,0,,0,0,,0,
"182","GANOKWA","2023081911",0,18.1,40,5.8,165,10.8,84.289,2.562,7.631,,,,,,,,,0,0,,0,0,0,0,0,,0,0,,0,
"182","GANOKWA","2023081912",0,19.7,31,7.1,292,12.5,85.218,3.106,9.032,0,90.745,6.82,17.711,31.94,497.648,55.047,4,0,0,,0,0,0,0,0,,0,0,,0,
"182","GANOKWA","2023081913",0,20.8,28,7.4,328,16,86.185,3.609,10.789,,,,,,,,,0,0,,0,0,0,0,0,,0,0,,0,
"182","GANOKWA","2023081914",0,21.2,28,7.2,245,18.9,87.036,4.03,11.802,,,,,,,,,0,0,,0,0,0,0,0,,0,0,,0,
"182","GANOKWA","2023081915",0,20.3,29,7.5,214,16.6,87.697,4.496,12.879,,,,,,,,,0,0,,0,0,0,0,0,,0,0,,0,
"182","GANOKWA","2023081916",0,21.9,24,6.6,196,13.1,88.497,4.819,13.599,,,,,,,,,0,0,,0,0,0,0,0,,0,0,,0,
"182","GANOKWA","2023081917",0,21.7,26,6.9,39,12.5,89.104,5.338,14.722,,,,,,,,,0,0,,0,0,0,0,0,,0,0,,0,
"182","GANOKWA","2023081918",0,21.9,27,4.3,283,13.7,89.568,5.005,14.006,,,,,,,,,0,0,,0,0,0,0,0,,0,0,,0,
"182","GANOKWA","2023081919",0,17.9,41,3,251,9.1,89.617,4.721,13.382,,,,,,,,,0,0,,0,0,0,0,0,,0,0,,0,
"182","GANOKWA","2023081920",0,12.5,66,2.3,61,5.1,89.22,4.305,12.442,,,,,,,,,0,0,,0,0,0,0,0,,0,0,,0,
"182","GANOKWA","2023081921",0,8.8,74,1.7,81,3.9,88.72,3.887,11.462,,,,,,,,,0,0,,0,0,0,0,0,,0,0,,0,
"182","GANOKWA","2023081922",0,7.5,76,3.1,55,4.5,88.194,3.868,11.417,,,,,,,,,0,0,,0,0,0,0,0,,0,0,,0,
"182","GANOKWA","2023081923",0,6.1,81,2.7,65,5.6,87.615,3.489,10.492,,,,,,,,,0,0,,0,0,0,0,0,,0,0,,0,
"183","PARROTT","2023081900",0,8.7,61,3.9,284,14.2,,,,,,,,,,,,,,,,,,,,,,,,,
"183","PARROTT","2023081901",0,8.4,63,2.9,288,15.3,,,,,,,,,,,,,,,,,,,,,,,,,
"183","PARROTT","2023081902",0,8.1,65,5.3,288,17.4,,,,,,,,,,,,,,,,,,,,,,,,,
"183","PARROTT","2023081903",0,7.7,68,9.7,294,20.4,,,,,,,,,,,,,,,,,,,,,,,,,
"183","PARROTT","2023081904",0,7.4,71,9.5,295,18.1,,,,,,,,,,,,,,,,,,,,,,,,,
"183","PARROTT","2023081905",0,7.3,72,11.3,291,17.6,,,,,,,,,,,,,,,,,,,,,,,,,
"183","PARROTT","2023081906",0,8.2,69,10.8,294,15.4,,,,,,,,,,,,,,,,,,,,,,,,,
"183","PARROTT","2023081907",0,10.1,63,7.2,295,12.1,,,,,,,,,,,,,,,,,,,,,,,,,
"183","PARROTT","2023081908",0,11.8,57,5.4,284,9.9,,,,,,,,,,,,,,,,,,,,,,,,,
"183","PARROTT","2023081909",0,13.4,54,3.8,239,6.7,,,,,,,,,,,,,,,,,,,,,,,,,
"183","PARROTT","2023081910",0,15.4,48,5.2,43,10.8,,,,,,,,,,,,,,,,,,,,,,,,,
"183","PARROTT","2023081911",0,16.6,39,7.4,337,16.3,,,,,,,,,,,,,,,,,,,,,,,,,
"183","PARROTT","2023081912",0,18.2,29,7,237,16.5,,,,0,,,,,,,,,,,,,,,,,,,,,
"183","PARROTT","2023081913",0,19.1,27,6.2,255,20.3,,,,,,,,,,,,,,,,,,,,,,,,,
"183","PARROTT","2023081914",0,19.5,26,7.9,246,20.1,,,,,,,,,,,,,,,,,,,,,,,,,
"183","PARROTT","2023081915",0,20.8,24,5.7,235,20.5,,,,,,,,,,,,,,,,,,,,,,,,,
"183","PARROTT","2023081916",0,18.8,25,5,230,21.5,,,,,,,,,,,,,,,,,,,,,,,,,
"183","PARROTT","2023081917",0,18.4,29,7.1,199,20.4,,,,,,,,,,,,,,,,,,,,,,,,,
"183","PARROTT","2023081918",0,18.5,30,4.7,219,15.2,,,,,,,,,,,,,,,,,,,,,,,,,
"183","PARROTT","2023081919",0,16,35,7.1,171,11.5,,,,,,,,,,,,,,,,,,,,,,,,,
"183","PARROTT","2023081920",0,15.4,37,11.7,156,13.2,,,,,,,,,,,,,,,,,,,,,,,,,
"183","PARROTT","2023081921",0,15.3,36,11.9,159,14.5,,,,,,,,,,,,,,,,,,,,,,,,,
"183","PARROTT","2023081922",0,15,34,17.4,145,21.1,,,,,,,,,,,,,,,,,,,,,,,,,
"183","PARROTT","2023081923",0,14.4,35,16,170,21.5,,,,,,,,,,,,,,,,,,,,,,,,,
"187","HIXON","2023081900",0,2.9,97,0,93,3.3,82.972,1.609,5.288,,,,,,,,,,,,,,,,,,,,,,
"187","HIXON","2023081901",0,2.2,97,1.6,106,3.3,82.316,1.606,5.279,,,,,,,,,,,,,,,,,,,,,,
"187","HIXON","2023081902",0,1.5,97,0,98,3.3,81.828,1.396,4.574,,,,,,,,,,,,,,,,,,,,,,
"187","HIXON","2023081903",0,0.9,98,0,116,3.3,81.332,1.317,4.299,,,,,,,,,,,,,,,,,,,,,,
"187","HIXON","2023081904",0,0.5,98,1.8,93,3.3,80.764,1.352,4.421,,,,,,,,,,,,,,,,,,,,,,
"187","HIXON","2023081905",0,0.7,98,1.9,126,4.5,80.234,1.283,4.178,,,,,,,,,,,,,,,,,,,,,,
"187","HIXON","2023081906",0,1.9,98,1.7,100,3.9,79.739,1.206,3.905,,,,,,,,,,,,,,,,,,,,,,
"187","HIXON","2023081907",0,5.9,92,3.4,304,4.5,79.547,1.289,4.201,,,,,,,,,,,,,,,,,,,,,,
"187","HIXON","2023081908",0,9.3,76,4.2,341,8.5,79.668,1.358,4.443,,,,,,,,,,,,,,,,,,,,,,
"187","HIXON","2023081909",0,13.6,63,3.7,0,9.1,80.042,1.376,4.506,,,,,,,,,,,,,,,,,,,,,,
"187","HIXON","2023081910",0,16,52,6.8,15,10.8,80.726,1.732,5.687,,,,,,,,,,,,,,,,,,,,,,
"187","HIXON","2023081911",0,18.2,46,3.6,171,10.2,81.5,1.61,5.292,,,,,,,,,,,,,,,,,,,,,,
"187","HIXON","2023081912",0,20.3,44,4.6,350,10.8,82.364,1.879,6.152,0,88.284,4.226,12.799,39.476,298.463,59.333,3,,,,,,,,,,,,,,
"187","HIXON","2023081913",0,21.2,34,6.6,269,10.2,83.519,2.408,8.006,,,,,,,,,,,,,,,,,,,,,,
"187","HIXON","2023081914",0,22.4,29,5.1,192,10.2,84.719,2.622,8.624,,,,,,,,,,,,,,,,,,,,,,
"187","HIXON","2023081915",0,22.2,31,5.4,276,13.7,85.687,3.043,9.792,,,,,,,,,,,,,,,,,,,,,,
"187","HIXON","2023081916",0,22.3,30,6.7,312,9.7,86.588,3.687,11.476,,,,,,,,,,,,,,,,,,,,,,
"187","HIXON","2023081917",0,21.2,47,2,188,8.5,86.798,2.998,9.671,,,,,,,,,,,,,,,,,,,,,,
"187","HIXON","2023081918",0,16.9,62,2.4,139,7.9,86.797,3.059,9.836,,,,,,,,,,,,,,,,,,,,,,
"187","HIXON","2023081919",0,14.1,77,2,137,3.3,86.45,2.854,9.275,,,,,,,,,,,,,,,,,,,,,,
"187","HIXON","2023081920",0,10.7,80,1.9,144,3.9,86.058,2.687,8.808,,,,,,,,,,,,,,,,,,,,,,
"187","HIXON","2023081921",0,8.6,86,0,123,3.9,85.637,2.302,7.69,,,,,,,,,,,,,,,,,,,,,,
"187","HIXON","2023081922",0,7.1,90,0,154,0,85.136,2.147,7.223,,,,,,,,,,,,,,,,,,,,,,
"187","HIXON","2023081923",0,5.9,93,1.7,122,3.3,84.448,2.129,7.168,,,,,,,,,,,,,,,,,,,,,,
"189","CHILAKO","2023081900",0,3.7,96,0,275,2.2,85.612,2.294,8.885,,,,,,,,,,,,,,,,,,,,,,
"189","CHILAKO","2023081901",0,2.5,96,0,220,4.5,84.935,2.089,8.191,,,,,,,,,,,,,,,,,,,,,,
"189","CHILAKO","2023081902",0,2,97,5.2,285,8.5,84.012,2.395,9.222,,,,,,,,,,,,,,,,,,,,,,
"189","CHILAKO","2023081903",0,0.9,96,1.6,241,9.7,83.345,1.83,7.279,,,,,,,,,,,,,,,,,,,,,,
"189","CHILAKO","2023081904",0,0.3,96,2,236,10.2,82.724,1.724,6.894,,,,,,,,,,,,,,,,,,,,,,
"189","CHILAKO","2023081905",0,0.7,97,8.4,281,13.1,81.967,2.168,8.463,,,,,,,,,,,,,,,,,,,,,,
"189","CHILAKO","2023081906",0,0.7,97,1.7,275,12.5,81.405,1.447,5.843,,,,,,,,,,,,,,,,,,,,,,
"189","CHILAKO","2023081907",0,4,91,4.8,277,9.1,81.09,1.631,6.548,,,,,,,,,,,,,,,,,,,,,,
"189","CHILAKO","2023081908",0,7.1,76,4.9,288,9.7,81.136,1.648,6.612,,,,,,,,,,,,,,,,,,,,,,
"189","CHILAKO","2023081909",0,12.4,56,5.2,313,9.1,81.51,1.747,6.978,,,,,,,,,,,,,,,,,,,,,,
"189","CHILAKO","2023081910",0,16,48,5.4,359,9.1,82.117,1.898,7.523,,,,,,,,,,,,,,,,,,,,,,
"189","CHILAKO","2023081911",0,18.9,37,5.7,111,13.1,83.063,2.169,8.467,,,,,,,,,,,,,,,,,,,,,,
"189","CHILAKO","2023081912",0,20.5,28,6.8,84,14.3,84.288,2.694,10.183,0,91.158,7.126,22.204,47.193,626.169,79.421,4,,,,,,,,,,,,,,
"189","CHILAKO","2023081913",0,22.1,24,6.2,357,15.4,85.575,3.118,11.909,,,,,,,,,,,,,,,,,,,,,,
"189","CHILAKO","2023081914",0,22.2,23,8,153,17.7,86.767,4.038,14.594,,,,,,,,,,,,,,,,,,,,,,
"189","CHILAKO","2023081915",0,22.6,24,6.1,98,18.3,87.729,4.209,15.065,,,,,,,,,,,,,,,,,,,,,,
"189","CHILAKO","2023081916",0,22.3,24,5.7,13,13.7,88.528,4.626,16.185,,,,,,,,,,,,,,,,,,,,,,
"189","CHILAKO","2023081917",0,21.7,26,7.5,74,14.9,89.138,5.528,18.482,,,,,,,,,,,,,,,,,,,,,,
"189","CHILAKO","2023081918",0,19.9,32,6.3,76,14.3,89.395,5.4,18.164,,,,,,,,,,,,,,,,,,,,,,
"189","CHILAKO","2023081919",0,17.1,39,4,116,15.4,89.444,4.843,16.752,,,,,,,,,,,,,,,,,,,,,,
"189","CHILAKO","2023081920",0,13.1,53,1.6,204,5.6,89.311,4.21,15.067,,,,,,,,,,,,,,,,,,,,,,
"189","CHILAKO","2023081921",0,10.1,62,1.8,245,3.3,89.024,4.081,14.712,,,,,,,,,,,,,,,,,,,,,,
"189","CHILAKO","2023081922",0,7.8,72,0,233,3.9,88.677,3.546,13.19,,,,,,,,,,,,,,,,,,,,,,
"189","CHILAKO","2023081923",0,5.7,80,0,273,0,88.222,3.322,12.526,,,,,,,,,,,,,,,,,,,,,,
"190","JERRY","2023081900",0,1.7,97,0,129,2.8,56.144,0.309,0.478,,,,,,,,,,,,,,,,,,,,,,
"190","JERRY","2023081901",0,1.4,97,0,129,5.6,56.224,0.311,0.481,,,,,,,,,,,,,,,,,,,,,,
"190","JERRY","2023081902",0,0.9,98,2.3,123,5.6,56.316,0.351,0.545,,,,,,,,,,,,,,,,,,,,,,
"190","JERRY","2023081903",0,0.2,98,2.2,143,4.5,56.406,0.352,0.546,,,,,,,,,,,,,,,,,,,,,,
"190","JERRY","2023081904",0.2,-0.1,97,2.9,142,5.1,53.721,0.286,0.443,,,,,,,,,,,,,,,,,,,,,,
"190","JERRY","2023081905",0,0.4,98,2.7,127,5.6,53.822,0.286,0.443,,,,,,,,,,,,,,,,,,,,,,
"190","JERRY","2023081906",0,0.6,98,2.8,167,5.6,53.924,0.29,0.45,,,,,,,,,,,,,,,,,,,,,,
"190","JERRY","2023081907",0,1.9,98,1.8,180,5.6,54.022,0.279,0.432,,,,,,,,,,,,,,,,,,,,,,
"190","JERRY","2023081908",0,5.1,96,3.1,151,6.8,54.222,0.303,0.47,,,,,,,,,,,,,,,,,,,,,,
"190","JERRY","2023081909",0,10.4,81,4.4,119,7.9,55.253,0.356,0.552,,,,,,,,,,,,,,,,,,,,,,
"190","JERRY","2023081910",0,14.3,63,4.3,176,8.5,57.172,0.417,0.645,,,,,,,,,,,,,,,,,,,,,,
"190","JERRY","2023081911",0,17.1,41,3.9,64,7.9,59.988,0.498,0.771,,,,,,,,,,,,,,,,,,,,,,
"190","JERRY","2023081912",0,18.3,39,6,338,12,62.994,0.653,1.097,1.6,81.082,1.731,4.957,28.78,297.489,46.35,3,,,,,,,,,,,,,,
"190","JERRY","2023081913",0,18.5,34,6.9,332,13.7,66.02,0.776,1.793,,,,,,,,,,,,,,,,,,,,,,
"190","JERRY","2023081914",0,18.7,34,8.8,350,16,68.907,0.941,2.423,,,,,,,,,,,,,,,,,,,,,,
"190","JERRY","2023081915",0,17.8,36,4.3,357,16,71.087,0.805,1.908,,,,,,,,,,,,,,,,,,,,,,
"190","JERRY","2023081916",0,18.2,37,9.1,353,18.3,73.318,1.116,3.033,,,,,,,,,,,,,,,,,,,,,,
"190","JERRY","2023081917",0,19.3,35,5.1,356,12.5,75.29,1.007,2.656,,,,,,,,,,,,,,,,,,,,,,
"190","JERRY","2023081918",0,18.4,38,4.1,310,14.3,76.848,1.059,2.837,,,,,,,,,,,,,,,,,,,,,,
"190","JERRY","2023081919",0,14.2,61,2.8,2,8.5,77.452,1.038,2.764,,,,,,,,,,,,,,,,,,,,,,
"190","JERRY","2023081920",0,10.1,72,1.7,66,5.6,77.714,1.002,2.641,,,,,,,,,,,,,,,,,,,,,,
"190","JERRY","2023081921",0,7.9,81,0,72,3.9,77.801,0.927,2.369,,,,,,,,,,,,,,,,,,,,,,
"190","JERRY","2023081922",0,6.4,85,0,73,0,77.854,0.931,2.384,,,,,,,,,,,,,,,,,,,,,,
"190","JERRY","2023081923",0,5,90,0,88,0,77.895,0.934,2.395,,,,,,,,,,,,,,,,,,,,,,
"192","MCGREGOR 2","2023081900",0,2.6,100,4.9,140,5.6,12.672,0,0,,,,,,,,,0,193.3,,0,0,0,0,0,,0,0,,0,
"192","MCGREGOR 2","2023081901",0,2.5,100,1.8,74,6.8,12.696,0,0,,,,,,,,,0,193.3,,0,0,0,0,0,,0,0,,0,
"192","MCGREGOR 2","2023081902",0,1.6,100,3.8,93,6.2,12.72,0,0,,,,,,,,,0,193.3,,0,0,0,0,0,,0,0,,0,
"192","MCGREGOR 2","2023081903",0,1.3,100,4.2,108,5.6,12.744,0,0,,,,,,,,,0,193.3,,0,0,0,0,0,,0,0,,0,
"192","MCGREGOR 2","2023081904",0,1.2,100,0,127,8.5,12.768,0,0,,,,,,,,,0,193.3,,0,0,0,0,0,,0,0,,0,
"192","MCGREGOR 2","2023081905",0,1.8,100,0,101,5.6,12.792,0,0,,,,,,,,,0,193.3,,0,0,0,0,0,,0,0,,0,
"192","MCGREGOR 2","2023081906",0,2,100,2.2,194,7.4,12.816,0,0,,,,,,,,,0,193.3,,0,0,0,0,0,,0,0,,0,
"192","MCGREGOR 2","2023081907",0,4.4,100,5.5,94,10.8,12.84,0,0,,,,,,,,,0,193.3,,0,0,0,0,0,,0,0,,0,
"192","MCGREGOR 2","2023081908",0,6.4,100,2.6,63,5.1,12.864,0,0,,,,,,,,,0,193.3,,0,0,0,0,0,,0,0,,0,
"192","MCGREGOR 2","2023081909",0,10.2,93,3.3,72,6.2,13.568,0,0,,,,,,,,,0,193.3,,0,0,0,0,0,,0,0,,0,
"192","MCGREGOR 2","2023081910",0,12.8,74,5.4,295,7.9,15.969,0,0,,,,,,,,,0,193.3,,0,0,0,0,0,,0,0,,0,
"192","MCGREGOR 2","2023081911",0,15.2,54,4.5,295,8.5,19.537,0,0,,,,,,,,,0,193.3,,0,0,0,0,0,,0,0,,0,
"192","MCGREGOR 2","2023081912",0,17.9,46,5.4,242,9.7,23.964,0.001,0.001,0.8,57.449,0.45,0.366,9.417,193.462,16.791,1,0,193.3,,0,0,0,0,0,,0,0,,0,
"192","MCGREGOR 2","2023081913",0,19.5,43,5.6,80,10.8,28.762,0.003,0.003,,,,,,,,,0,193.3,,0,0,0,0,0,,0,0,,0,
"192","MCGREGOR 2","2023081914",0,17.3,47,5.9,201,13.7,32.932,0.01,0.008,,,,,,,,,0,193.3,,0,0,0,0,0,,0,0,,0,
"192","MCGREGOR 2","2023081915",0,19.3,33,3.1,275,8.5,37.492,0.025,0.02,,,,,,,,,0,193.3,,0,0,0,0,0,,0,0,,0,
"192","MCGREGOR 2","2023081916",0,20.7,33,5.5,281,12,42.497,0.072,0.059,,,,,,,,,0,193.3,,0,0,0,0,0,,0,0,,0,
"192","MCGREGOR 2","2023081917",0,19.3,46,5.4,244,10.8,46.43,0.134,0.109,,,,,,,,,0,193.3,,0,0,0,0,0,,0,0,,0,
"192","MCGREGOR 2","2023081918",0,16.8,49,4.6,197,7.9,49.608,0.197,0.16,,,,,,,,,0,193.3,,0,0,0,0,0,,0,0,,0,
"192","MCGREGOR 2","2023081919",0,12.8,59,6.5,194,10.2,51.99,0.287,0.233,,,,,,,,,0,193.3,,0,0,0,0,0,,0,0,,0,
"192","MCGREGOR 2","2023081920",0,10.7,70,6.4,202,8.5,53.68,0.34,0.276,,,,,,,,,0,193.3,,0,0,0,0,0,,0,0,,0,
"192","MCGREGOR 2","2023081921",0,7.8,88,5.4,88,7.9,54.357,0.345,0.281,,,,,,,,,0,193.3,,0,0,0,0,0,,0,0,,0,
"192","MCGREGOR 2","2023081922",0,6.9,90,6,98,10.8,54.917,0.375,0.305,,,,,,,,,0,193.3,,0,0,0,0,0,,0,0,,0,
"192","MCGREGOR 2","2023081923",0,6.6,91,6.3,94,12,55.418,0.398,0.324,,,,,,,,,0,193.3,,0,0,0,0,0,,0,0,,0,
"193","BOWRON HAGGEN","2023081900",0,1,100,0,59,3.9,59.597,0.399,0.56,,,,,,,,,,,,,,,,,,,,,,
"193","BOWRON HAGGEN","2023081901",0,1.8,100,1.7,129,2.8,59.636,0.436,0.611,,,,,,,,,,,,,,,,,,,,,,
"193","BOWRON HAGGEN","2023081902",0,2.5,100,2.5,205,4.5,59.675,0.455,0.638,,,,,,,,,,,,,,,,,,,,,,
"193","BOWRON HAGGEN","2023081903",0,3,100,2.7,136,4.5,59.714,0.461,0.646,,,,,,,,,,,,,,,,,,,,,,
"193","BOWRON HAGGEN","2023081904",0,3.5,100,4.6,174,7.4,59.753,0.508,0.713,,,,,,,,,,,,,,,,,,,,,,
"193","BOWRON HAGGEN","2023081905",0,3.5,100,3.7,213,6.2,59.792,0.487,0.683,,,,,,,,,,,,,,,,,,,,,,
"193","BOWRON HAGGEN","2023081906",0,3.7,100,3.9,183,7.4,59.831,0.493,0.692,,,,,,,,,,,,,,,,,,,,,,
"193","BOWRON HAGGEN","2023081907",0,4.4,100,2.9,201,6.8,59.87,0.47,0.659,,,,,,,,,,,,,,,,,,,,,,
"193","BOWRON HAGGEN","2023081908",0,5.2,100,5.3,179,11.4,59.909,0.532,0.746,,,,,,,,,,,,,,,,,,,,,,
"193","BOWRON HAGGEN","2023081909",0,6.7,97,5.2,201,9.7,60.056,0.534,0.749,,,,,,,,,,,,,,,,,,,,,,
"193","BOWRON HAGGEN","2023081910",0,8.7,85,7.9,139,14.9,60.801,0.64,0.898,,,,,,,,,,,,,,,,,,,,,,
"193","BOWRON HAGGEN","2023081911",0,14.5,63,6.3,210,15.4,62.567,0.65,0.911,,,,,,,,,,,,,,,,,,,,,,
"193","BOWRON HAGGEN","2023081912",0,18,35,6.4,330,11.4,65.5,0.742,1.221,1.6,81.846,1.932,5.06,24.858,284.943,40.815,2,,,,,,,,,,,,,,
"193","BOWRON HAGGEN","2023081913",0,19.8,32,5.3,102,13.1,68.406,0.777,1.509,,,,,,,,,,,,,,,,,,,,,,
"193","BOWRON HAGGEN","2023081914",0,20.5,30,6.5,262,14.3,71.267,0.905,1.997,,,,,,,,,,,,,,,,,,,,,,
"193","BOWRON HAGGEN","2023081915",0,20.9,32,8,256,17.7,73.875,1.083,2.597,,,,,,,,,,,,,,,,,,,,,,
"193","BOWRON HAGGEN","2023081916",0,20.6,32,5.1,299,14.3,76.002,1.051,2.495,,,,,,,,,,,,,,,,,,,,,,
"193","BOWRON HAGGEN","2023081917",0,19.8,33,7.3,313,14.3,77.893,1.349,3.424,,,,,,,,,,,,,,,,,,,,,,
"193","BOWRON HAGGEN","2023081918",0,18.7,39,4.4,308,12,79.193,1.309,3.305,,,,,,,,,,,,,,,,,,,,,,
"193","BOWRON HAGGEN","2023081919",0,13.4,74,4.9,20,6.8,79.421,1.373,3.495,,,,,,,,,,,,,,,,,,,,,,
"193","BOWRON HAGGEN","2023081920",0,9.5,81,3.4,55,6.2,79.485,1.281,3.219,,,,,,,,,,,,,,,,,,,,,,
"193","BOWRON HAGGEN","2023081921",0,7.2,89,3.2,37,5.1,79.444,1.263,3.164,,,,,,,,,,,,,,,,,,,,,,
"193","BOWRON HAGGEN","2023081922",0,5.7,92,2.4,40,5.1,79.285,1.194,2.952,,,,,,,,,,,,,,,,,,,,,,
"193","BOWRON HAGGEN","2023081923",0,4.4,94,1.6,25,2.2,79.058,1.122,2.725,,,,,,,,,,,,,,,,,,,,,,
"195","MCBRIDE","2023081900",0,4.7,97,0,268,0,73.424,0.709,1.555,,,,,,,,,,,,,,,,,,,,,,
"195","MCBRIDE","2023081901",0,3.4,98,0,348,5.6,73.452,0.71,1.559,,,,,,,,,,,,,,,,,,,,,,
"195","MCBRIDE","2023081902",0,3.1,98,0,171,6.2,73.476,0.71,1.562,,,,,,,,,,,,,,,,,,,,,,
"195","MCBRIDE","2023081903",0,3,98,0,90,0,73.497,0.711,1.565,,,,,,,,,,,,,,,,,,,,,,
"195","MCBRIDE","2023081904",0,3.3,99,0,302,0,73.473,0.71,1.562,,,,,,,,,,,,,,,,,,,,,,
"195","MCBRIDE","2023081905",0,2.8,99,0,319,6.2,73.447,0.71,1.558,,,,,,,,,,,,,,,,,,,,,,
"195","MCBRIDE","2023081906",0,3.4,99,3.3,59,5.6,73.408,0.836,2.083,,,,,,,,,,,,,,,,,,,,,,
"195","MCBRIDE","2023081907",0,5.3,98,1.8,22,4.5,73.452,0.777,1.847,,,,,,,,,,,,,,,,,,,,,,
"195","MCBRIDE","2023081908",0,8.2,93,7.5,116,10.2,73.536,1.04,2.83,,,,,,,,,,,,,,,,,,,,,,
"195","MCBRIDE","2023081909",0,11.8,74,7.5,91,13.1,74.111,1.068,2.928,,,,,,,,,,,,,,,,,,,,,,
"195","MCBRIDE","2023081910",0,14.3,64,9.1,132,16.6,75.01,1.212,3.419,,,,,,,,,,,,,,,,,,,,,,
"195","MCBRIDE","2023081911",0,17,52,4.8,97,13.1,76.149,1.045,2.85,,,,,,,,,,,,,,,,,,,,,,
"195","MCBRIDE","2023081912",0,19.3,41,2.7,100,10.2,77.518,1.038,2.824,0.6,87.937,3.653,10.464,29.174,538.275,51.385,3,,,,,,,,,,,,,,
"195","MCBRIDE","2023081913",0,21,35,4.7,139,14.3,79.149,1.324,4.032,,,,,,,,,,,,,,,,,,,,,,
"195","MCBRIDE","2023081914",0,20.7,29,6.5,101,11.4,80.842,1.728,5.327,,,,,,,,,,,,,,,,,,,,,,
"195","MCBRIDE","2023081915",0,21.4,30,3.2,276,11.4,82.206,1.718,5.295,,,,,,,,,,,,,,,,,,,,,,
"195","MCBRIDE","2023081916",0,21.6,30,0,61,8.5,83.141,1.644,5.067,,,,,,,,,,,,,,,,,,,,,,
"195","MCBRIDE","2023081917",0,20.7,35,0,130,0,83.832,1.8,5.545,,,,,,,,,,,,,,,,,,,,,,
"195","MCBRIDE","2023081918",0,18.4,51,0,251,0,84.099,1.865,5.741,,,,,,,,,,,,,,,,,,,,,,
"195","MCBRIDE","2023081919",0,13.1,81,0,229,0,83.966,1.832,5.642,,,,,,,,,,,,,,,,,,,,,,
"195","MCBRIDE","2023081920",0,8.3,93,0,227,0,83.472,1.716,5.291,,,,,,,,,,,,,,,,,,,,,,
"195","MCBRIDE","2023081921",0,6.4,94,0,311,0,82.989,1.612,4.968,,,,,,,,,,,,,,,,,,,,,,
"195","MCBRIDE","2023081922",0,5.3,96,0,300,0,82.462,1.509,4.639,,,,,,,,,,,,,,,,,,,,,,
"195","MCBRIDE","2023081923",0,4.4,98,0,197,0,81.883,1.405,4.303,,,,,,,,,,,,,,,,,,,,,,
"199","CATFISH","2023081900",0.2,4.9,95,2.2,188,9.1,43.696,0.075,0.093,,,,,,,,,0,0,,0,0,0,0,0,,0,0,,0,
"199","CATFISH","2023081901",0,3.8,96,1.8,171,6.8,43.919,0.076,0.094,,,,,,,,,0,0,,0,0,0,0,0,,0,0,,0,
"199","CATFISH","2023081902",0,3,96,2,96,6.2,44.14,0.079,0.099,,,,,,,,,0,0,,0,0,0,0,0,,0,0,,0,
"199","CATFISH","2023081903",0,2.4,96,0,176,4.5,44.267,0.073,0.091,,,,,,,,,0,0,,0,0,0,0,0,,0,0,,0,
"199","CATFISH","2023081904",0,1.8,96,2.8,120,5.1,44.493,0.087,0.109,,,,,,,,,0,0,,0,0,0,0,0,,0,0,,0,
"199","CATFISH","2023081905",0,3.2,97,0,226,4.5,44.597,0.077,0.096,,,,,,,,,0,0,,0,0,0,0,0,,0,0,,0,
"199","CATFISH","2023081906",0,2.7,97,1.7,142,3.3,44.762,0.086,0.107,,,,,,,,,0,0,,0,0,0,0,0,,0,0,,0,
"199","CATFISH","2023081907",0,4.2,97,3.8,47,7.9,44.967,0.099,0.123,,,,,,,,,0,0,,0,0,0,0,0,,0,0,,0,
"199","CATFISH","2023081908",0,6,97,3.1,66,9.1,45.174,0.099,0.123,,,,,,,,,0,0,,0,0,0,0,0,,0,0,,0,
"199","CATFISH","2023081909",0.2,10.1,84,4.7,110,7.9,44.176,0.092,0.114,,,,,,,,,0,0,,0,0,0,0,0,,0,0,,0,
"199","CATFISH","2023081910",0,13.5,74,5,136,9.7,46.065,0.124,0.155,,,,,,,,,0,0,,0,0,0,0,0,,0,0,,0,
"199","CATFISH","2023081911",0,16.2,54,5.9,178,12,49.117,0.198,0.246,,,,,,,,,0,0,,0,0,0,0,0,,0,0,,0,
"199","CATFISH","2023081912",0,18.3,44,4.5,183,9.1,52.531,0.275,0.342,2.8,72.791,0.866,1.098,18.216,196.276,29.572,2,0,0,,0,0,0,0,0,,0,0,,0,
"199","CATFISH","2023081913",0,19.5,39,5.5,311,14.3,56.202,0.409,0.478,,,,,,,,,0,0,,0,0,0,0,0,,0,0,,0,
"199","CATFISH","2023081914",0,20.6,35,5.7,261,13.7,59.939,0.543,0.636,,,,,,,,,0,0,,0,0,0,0,0,,0,0,,0,
"199","CATFISH","2023081915",0,21.1,30,4.5,219,11.4,63.512,0.621,0.726,,,,,,,,,0,0,,0,0,0,0,0,,0,0,,0,
"199","CATFISH","2023081916",0,20.7,31,3.9,327,12.5,66.618,0.682,0.798,,,,,,,,,0,0,,0,0,0,0,0,,0,0,,0,
"199","CATFISH","2023081917",0,17.3,52,3,201,10.8,68.341,0.69,0.807,,,,,,,,,0,0,,0,0,0,0,0,,0,0,,0,
"199","CATFISH","2023081918",0,14.4,61,5.2,222,9.1,69.627,0.803,0.939,,,,,,,,,0,0,,0,0,0,0,0,,0,0,,0,
"199","CATFISH","2023081919",0,12.2,64,6.7,217,14.3,70.693,0.897,1.247,,,,,,,,,0,0,,0,0,0,0,0,,0,0,,0,
"199","CATFISH","2023081920",0,11.5,61,6.8,232,17.7,71.735,0.934,1.391,,,,,,,,,0,0,,0,0,0,0,0,,0,0,,0,
"199","CATFISH","2023081921",0,11.1,61,8.9,219,22.3,72.742,1.079,1.852,,,,,,,,,0,0,,0,0,0,0,0,,0,0,,0,
"199","CATFISH","2023081922",0,10.8,61,7.5,170,19.5,73.633,1.044,1.749,,,,,,,,,0,0,,0,0,0,0,0,,0,0,,0,
"199","CATFISH","2023081923",0,10.3,58,8.2,199,18.9,74.522,1.129,1.997,,,,,,,,,0,0,,0,0,0,0,0,,0,0,,0,
"200","VALEMOUNT 2","2023081900",0,3.3,96,3.8,230,6.2,16.439,0,0,,,,,,,,,,,,,,,,,,,,,,
"200","VALEMOUNT 2","2023081901",0.2,3.8,97,2.5,239,5.1,16.034,0,0,,,,,,,,,,,,,,,,,,,,,,
"200","VALEMOUNT 2","2023081902",0,3.8,98,4.3,217,5.1,16.234,0,0,,,,,,,,,,,,,,,,,,,,,,
"200","VALEMOUNT 2","2023081903",0,4.6,98,2.7,224,5.1,16.417,0,0,,,,,,,,,,,,,,,,,,,,,,
"200","VALEMOUNT 2","2023081904",0,4.6,98,2.8,222,4.5,16.601,0,0,,,,,,,,,,,,,,,,,,,,,,
"200","VALEMOUNT 2","2023081905",0,4.3,98,2,244,4.5,16.77,0,0,,,,,,,,,,,,,,,,,,,,,,
"200","VALEMOUNT 2","2023081906",0,5.2,98,2.5,276,5.1,16.953,0,0,,,,,,,,,,,,,,,,,,,,,,
"200","VALEMOUNT 2","2023081907",0,6.5,98,2.3,312,5.1,17.14,0,0,,,,,,,,,,,,,,,,,,,,,,
"200","VALEMOUNT 2","2023081908",0,9.6,90,3.7,57,7.9,18.088,0,0,,,,,,,,,,,,,,,,,,,,,,
"200","VALEMOUNT 2","2023081909",0,13.2,66,5,79,10.8,20.896,0,0,,,,,,,,,,,,,,,,,,,,,,
"200","VALEMOUNT 2","2023081910",0,13.4,69,4.9,77,12,23.532,0.001,0.001,,,,,,,,,,,,,,,,,,,,,,
"200","VALEMOUNT 2","2023081911",0,14.8,50,4.5,121,13.1,27.14,0.002,0.003,,,,,,,,,,,,,,,,,,,,,,
"200","VALEMOUNT 2","2023081912",0,17.5,44,4.6,342,12,31.344,0.006,0.009,4,55.677,0.374,0.471,18.182,458.176,33.082,2,,,,,,,,,,,,,,
"200","VALEMOUNT 2","2023081913",0,17,39,9,105,16.6,36.068,0.024,0.031,,,,,,,,,,,,,,,,,,,,,,
"200","VALEMOUNT 2","2023081914",0,17.7,34,7,126,15.4,40.734,0.057,0.072,,,,,,,,,,,,,,,,,,,,,,
"200","VALEMOUNT 2","2023081915",0,18.5,32,4.7,113,10.8,45.131,0.106,0.134,,,,,,,,,,,,,,,,,,,,,,
"200","VALEMOUNT 2","2023081916",0,18.2,35,4.5,304,12.5,49.113,0.184,0.232,,,,,,,,,,,,,,,,,,,,,,
"200","VALEMOUNT 2","2023081917",0,13.8,69,2.7,278,9.7,50.868,0.208,0.263,,,,,,,,,,,,,,,,,,,,,,
"200","VALEMOUNT 2","2023081918",0,9.8,85,4.6,229,6.2,51.787,0.255,0.321,,,,,,,,,,,,,,,,,,,,,,
"200","VALEMOUNT 2","2023081919",0,8.3,87,4.8,233,7.4,52.546,0.279,0.352,,,,,,,,,,,,,,,,,,,,,,
"200","VALEMOUNT 2","2023081920",0,5.9,90,6.5,227,8.5,53.13,0.323,0.408,,,,,,,,,,,,,,,,,,,,,,
"200","VALEMOUNT 2","2023081921",0,4.7,91,7.4,221,9.1,53.647,0.356,0.449,,,,,,,,,,,,,,,,,,,,,,
"200","VALEMOUNT 2","2023081922",0,4.3,88,5.8,233,9.1,54.25,0.349,0.44,,,,,,,,,,,,,,,,,,,,,,
"200","VALEMOUNT 2","2023081923",0,3.6,91,6.5,226,8.5,54.711,0.377,0.476,,,,,,,,,,,,,,,,,,,,,,
"206","TAUTRI","2023081900",0,1,94,0.2,333,5.8,86.12,2.488,10.179,,,,,,,,,,,,,,,,,,,,1790,,
"206","TAUTRI","2023081901",0,-0.8,93,0.6,54,8.8,85.497,2.327,9.623,,,,,,,,,,,,,,,,,,,,1790,,
"206","TAUTRI","2023081902",0,-1.1,94,0,29,0,84.956,2.095,8.798,,,,,,,,,,,,,,,,,,,,1790,,
"206","TAUTRI","2023081903",0,-0.2,95,0.3,23,9.1,84.349,1.958,8.296,,,,,,,,,,,,,,,,,,,,1790,,
"206","TAUTRI","2023081904",0,-0.6,95,0.1,12,7.4,83.808,1.803,7.713,,,,,,,,,,,,,,,,,,,,1790,,
"206","TAUTRI","2023081905",0,-1.5,94,0,50,4.3,83.371,1.694,7.292,,,,,,,,,,,,,,,,,,,,1790,,
"206","TAUTRI","2023081906",0,-0.9,94,0,14,0,82.954,1.605,6.943,,,,,,,,,,,,,,,,,,,,1790,,
"206","TAUTRI","2023081907",0,5.1,88,0,104,3.5,82.713,1.557,6.75,,,,,,,,,,,,,,,,,,,,1790,,
"206","TAUTRI","2023081908",0,10.5,62,0.5,143,5.6,82.818,1.618,6.993,,,,,,,,,,,,,,,,,,,,1790,,
"206","TAUTRI","2023081909",0,14.2,45,4.7,162,8,83.293,2.125,8.908,,,,,,,,,,,,,,,,,,,,1790,,
"206","TAUTRI","2023081910",0,16.7,38,6.9,142,12.5,84.001,2.606,10.578,,,,,,,,,,,,,,,,,,,,1790,,
"206","TAUTRI","2023081911",0,16.8,33,4.9,131,16.5,84.729,2.599,10.556,,,,,,,,,,,,,,,,,,,,1790,,
"206","TAUTRI","2023081912",0,18,31,8.2,121,17.4,85.537,3.431,13.202,0,90.349,6.813,22.571,52.683,627.915,87.097,3,,,,,,,,,,,,1790,,
"206","TAUTRI","2023081913",0,17.2,32,7,47,20.5,86.165,3.527,13.852,,,,,,,,,,,,,,,,,,,,1790,,
"206","TAUTRI","2023081914",0,18.5,28,9.4,54,17.1,86.92,4.429,16.486,,,,,,,,,,,,,,,,,,,,1790,,
"206","TAUTRI","2023081915",0,18.6,29,8.5,30,15.2,87.536,4.621,17.019,,,,,,,,,,,,,,,,,,,,1790,,
"206","TAUTRI","2023081916",0,19.2,24,5.4,41,15.4,88.214,4.356,16.281,,,,,,,,,,,,,,,,,,,,1790,,
"206","TAUTRI","2023081917",0,19,27,9,36,18.1,88.738,5.63,19.685,,,,,,,,,,,,,,,,,,,,1790,,
"206","TAUTRI","2023081918",0,17.7,29,6.5,56,15.1,89.068,5.204,18.585,,,,,,,,,,,,,,,,,,,,1790,,
"206","TAUTRI","2023081919",0,13.8,41,3.4,57,9.2,89.117,4.483,16.638,,,,,,,,,,,,,,,,,,,,1790,,
"206","TAUTRI","2023081920",0,8.5,55,3.9,70,8.4,88.928,4.474,16.613,,,,,,,,,,,,,,,,,,,,1790,,
"206","TAUTRI","2023081921",0,6.7,60,5.5,41,7,88.653,4.662,17.133,,,,,,,,,,,,,,,,,,,,1790,,
"206","TAUTRI","2023081922",0,4.8,68,0,3,6.5,88.396,3.406,13.479,,,,,,,,,,,,,,,,,,,,1790,,
"206","TAUTRI","2023081923",0,2.8,78,0,81,7.7,88.015,3.225,12.912,,,,,,,,,,,,,,,,,,,,1790,,
"208","TATLA LAKE","2023081900",0,5.9,56,5.3,39,8.5,91.617,7.052,29.62,,,,,,,,,,,,,,,,,,,,,,
"208","TATLA LAKE","2023081901",0,4.6,62,4.3,67,10.8,91.107,6.237,27.24,,,,,,,,,,,,,,,,,,,,,,
"208","TATLA LAKE","2023081902",0,2.9,72,5.2,353,7.9,90.453,5.944,26.354,,,,,,,,,,,,,,,,,,,,,,
"208","TATLA LAKE","2023081903",0,2.2,81,4,221,8.5,89.692,5.018,23.417,,,,,,,,,,,,,,,,,,,,,,
"208","TATLA LAKE","2023081904",0,1.1,76,3.8,61,6.2,89.121,4.577,21.938,,,,,,,,,,,,,,,,,,,,,,
"208","TATLA LAKE","2023081905",0,0.3,87,1.8,226,8.5,88.403,3.733,18.937,,,,,,,,,,,,,,,,,,,,,,
"208","TATLA LAKE","2023081906",0,0,83,2.1,247,5.1,87.834,3.493,18.034,,,,,,,,,,,,,,,,,,,,,,
"208","TATLA LAKE","2023081907",0,3.9,77,3,117,5.6,87.385,3.428,17.783,,,,,,,,,,,,,,,,,,,,,,
"208","TATLA LAKE","2023081908",0,7.8,66,3.9,153,6.2,87.161,3.474,17.96,,,,,,,,,,,,,,,,,,,,,,
"208","TATLA LAKE","2023081909",0,11.6,54,4.4,178,9.7,87.179,3.572,18.333,,,,,,,,,,,,,,,,,,,,,,
"208","TATLA LAKE","2023081910",0,17,36,6.1,32,12.5,87.492,4.069,20.161,,,,,,,,,,,,,,,,,,,,,,
"208","TATLA LAKE","2023081911",0,19.3,25,9.5,117,18.9,88.202,5.346,24.482,,,,,,,,,,,,,,,,,,,,,,
"208","TATLA LAKE","2023081912",0,20.3,22,8.4,116,22.9,88.951,5.631,25.385,0,93.686,11.026,40.037,116.295,696.71,164.108,5,,,,,,,,,,,,,,
"208","TATLA LAKE","2023081913",0,21.4,20,11,140,29.2,89.749,7.2,30.212,,,,,,,,,,,,,,,,,,,,,,
"208","TATLA LAKE","2023081914",0,22.1,18,7.2,120,24.1,90.491,6.611,28.514,,,,,,,,,,,,,,,,,,,,,,
"208","TATLA LAKE","2023081915",0,22,17,11.2,78,24.1,91.2,8.948,34.93,,,,,,,,,,,,,,,,,,,,,,
"208","TATLA LAKE","2023081916",0,22,18,11.3,116,22.9,91.749,9.722,36.888,,,,,,,,,,,,,,,,,,,,,,
"208","TATLA LAKE","2023081917",0,21.6,16,8.5,103,22.9,92.257,9.071,35.248,,,,,,,,,,,,,,,,,,,,,,
"208","TATLA LAKE","2023081918",0,21.1,18,5.2,89,16.6,92.565,8.022,32.488,,,,,,,,,,,,,,,,,,,,,,
"208","TATLA LAKE","2023081919",0,19.2,19,5.9,54,13.1,92.74,8.518,33.81,,,,,,,,,,,,,,,,,,,,,,
"208","TATLA LAKE","2023081920",0,15.3,23,7.7,52,10.2,92.79,9.392,36.063,,,,,,,,,,,,,,,,,,,,,,
"208","TATLA LAKE","2023081921",0,12.3,35,10,358,12.5,92.618,10.294,38.292,,,,,,,,,,,,,,,,,,,,,,
"208","TATLA LAKE","2023081922",0,9.8,38,7.6,346,11.4,92.404,8.851,34.681,,,,,,,,,,,,,,,,,,,,,,
"208","TATLA LAKE","2023081923",0,8,42,5.3,28,10.2,92.152,7.607,31.353,,,,,,,,,,,,,,,,,,,,,,
"209","ALEXIS CREEK","2023081900",0,7.4,66,1.5,77,6.6,89.757,4.465,21.101,,,,,,,,,,,,,,,,,,,,599.6,,
"209","ALEXIS CREEK","2023081901",0,6.1,68,3,24,6.6,89.309,4.516,21.274,,,,,,,,,,,,,,,,,,,,599.6,,
"209","ALEXIS CREEK","2023081902",0,4.8,72,2.9,86,8.9,88.833,4.197,20.18,,,,,,,,,,,,,,,,,,,,599.6,,
"209","ALEXIS CREEK","2023081903",0,4,73,3.4,17,7.1,88.372,4.029,19.589,,,,,,,,,,,,,,,,,,,,599.6,,
"209","ALEXIS CREEK","2023081904",0,3.3,76,3,29,4.7,87.903,3.691,18.374,,,,,,,,,,,,,,,,,,,,599.6,,
"209","ALEXIS CREEK","2023081905",0,2.2,79,2.3,336,5,87.432,3.331,17.029,,,,,,,,,,,,,,,,,,,,599.6,,
"209","ALEXIS CREEK","2023081906",0,2.4,81,0.5,185,4.5,87.01,2.865,15.196,,,,,,,,,,,,,,,,,,,,599.6,,
"209","ALEXIS CREEK","2023081907",0,4.8,74,0.9,316,3.8,86.722,2.806,14.956,,,,,,,,,,,,,,,,,,,,599.6,,
"209","ALEXIS CREEK","2023081908",0,7.5,66,3.2,210,5.9,86.559,3.079,16.049,,,,,,,,,,,,,,,,,,,,599.6,,
"209","ALEXIS CREEK","2023081909",0,10.9,56,4.3,191,7.7,86.591,3.269,16.79,,,,,,,,,,,,,,,,,,,,599.6,,
"209","ALEXIS CREEK","2023081910",0,14.9,43,4.2,211,8,86.755,3.329,17.02,,,,,,,,,,,,,,,,,,,,599.6,,
"209","ALEXIS CREEK","2023081911",0,18.7,32,7.3,242,12.5,87.294,4.202,20.197,,,,,,,,,,,,,,,,,,,,599.6,,
"209","ALEXIS CREEK","2023081912",0,20.5,28,10.4,198,19.6,87.995,5.43,24.241,0,92.136,9.814,36.456,102.431,745.423,152.48,4,,,,,,,,,,,,599.6,,
"209","ALEXIS CREEK","2023081913",0,21.9,23,4.7,183,25.1,88.754,4.544,21.531,,,,,,,,,,,,,,,,,,,,599.6,,
"209","ALEXIS CREEK","2023081914",0,21.2,24,7.5,118,17.9,89.379,5.724,25.337,,,,,,,,,,,,,,,,,,,,599.6,,
"209","ALEXIS CREEK","2023081915",0,22.6,20,8.3,168,17.7,90.137,6.642,28.075,,,,,,,,,,,,,,,,,,,,599.6,,
"209","ALEXIS CREEK","2023081916",0,22.8,20,9,249,15.8,90.791,7.556,30.639,,,,,,,,,,,,,,,,,,,,599.6,,
"209","ALEXIS CREEK","2023081917",0,21.9,21,8.2,23,15.9,91.255,7.753,31.176,,,,,,,,,,,,,,,,,,,,599.6,,
"209","ALEXIS CREEK","2023081918",0,20.8,24,11.2,19,16.3,91.508,9.349,35.311,,,,,,,,,,,,,,,,,,,,599.6,,
"209","ALEXIS CREEK","2023081919",0,18.6,27,4.2,17,12.5,91.558,6.616,27.999,,,,,,,,,,,,,,,,,,,,599.6,,
"209","ALEXIS CREEK","2023081920",0,17.2,32,7.9,40,17,91.608,8.029,31.916,,,,,,,,,,,,,,,,,,,,599.6,,
"209","ALEXIS CREEK","2023081921",0,15.2,35,5.7,117,20.2,91.585,7.163,29.554,,,,,,,,,,,,,,,,,,,,599.6,,
"209","ALEXIS CREEK","2023081922",0,14.5,35,5.7,52,19.1,91.555,7.133,29.471,,,,,,,,,,,,,,,,,,,,599.6,,
"209","ALEXIS CREEK","2023081923",0,11.8,42,1.8,275,10.6,91.419,5.748,25.412,,,,,,,,,,,,,,,,,,,,599.6,,
"210","RISKE CREEK","2023081900",0,3.9,85,10.1,342,13.1,87.096,4.704,19.6,,,,,,,,,,,,,,,,,,,,,,
"210","RISKE CREEK","2023081901",0,3.9,84,9.9,330,13.1,86.438,4.242,18.17,,,,,,,,,,,,,,,,,,,,,,
"210","RISKE CREEK","2023081902",0,2.9,87,10.8,333,12.5,85.744,4.026,17.481,,,,,,,,,,,,,,,,,,,,,,
"210","RISKE CREEK","2023081903",0,1.9,90,8.2,325,12,85.047,3.206,14.718,,,,,,,,,,,,,,,,,,,,,,
"210","RISKE CREEK","2023081904",0,1.7,91,10.4,330,12.5,84.348,3.256,14.894,,,,,,,,,,,,,,,,,,,,,,
"210","RISKE CREEK","2023081905",0,1.5,92,8.4,328,12,83.697,2.699,12.871,,,,,,,,,,,,,,,,,,,,,,
"210","RISKE CREEK","2023081906",0,2.4,88,7.2,335,10.2,83.269,2.403,11.729,,,,,,,,,,,,,,,,,,,,,,
"210","RISKE CREEK","2023081907",0,7,72,2.4,306,9.7,83.293,1.892,9.633,,,,,,,,,,,,,,,,,,,,,,
"210","RISKE CREEK","2023081908",0,10,61,4.5,143,8.5,83.382,2.128,10.624,,,,,,,,,,,,,,,,,,,,,,
"210","RISKE CREEK","2023081909",0,13.4,49,4.3,139,9.1,83.704,2.198,10.908,,,,,,,,,,,,,,,,,,,,,,
"210","RISKE CREEK","2023081910",0,16.4,40,9.4,182,13.7,84.335,3.091,14.309,,,,,,,,,,,,,,,,,,,,,,
"210","RISKE CREEK","2023081911",0,18.4,29,14.6,4,21.2,85.37,4.629,19.37,,,,,,,,,,,,,,,,,,,,,,
"210","RISKE CREEK","2023081912",0,19.2,26,15.4,9,28.7,86.418,5.581,22.163,0,91.799,12.039,37.981,72.097,737.896,115.887,4,,,,,,,,,,,,,,
"210","RISKE CREEK","2023081913",0,20.3,26,11.8,7,28.1,87.326,5.296,21.71,,,,,,,,,,,,,,,,,,,,,,
"210","RISKE CREEK","2023081914",0,20.9,23,14.6,349,27.5,88.276,6.986,26.37,,,,,,,,,,,,,,,,,,,,,,
"210","RISKE CREEK","2023081915",0,21,23,7.9,91,22.9,89.004,5.533,22.399,,,,,,,,,,,,,,,,,,,,,,
"210","RISKE CREEK","2023081916",0,21.5,21,11.6,330,24.1,89.765,7.437,27.529,,,,,,,,,,,,,,,,,,,,,,
"210","RISKE CREEK","2023081917",0,21,22,12.7,338,21.2,90.35,8.548,30.264,,,,,,,,,,,,,,,,,,,,,,
"210","RISKE CREEK","2023081918",0,20.1,23,9.4,338,18.9,90.747,7.661,28.095,,,,,,,,,,,,,,,,,,,,,,
"210","RISKE CREEK","2023081919",0,17.1,29,8.7,3,18.9,90.806,7.458,27.582,,,,,,,,,,,,,,,,,,,,,,
"210","RISKE CREEK","2023081920",0,12.9,41,8.3,343,10.2,90.713,7.213,26.957,,,,,,,,,,,,,,,,,,,,,,
"210","RISKE CREEK","2023081921",0,9.1,51,7.5,342,10.2,90.426,6.649,25.482,,,,,,,,,,,,,,,,,,,,,,
"210","RISKE CREEK","2023081922",0,8.1,55,7.7,331,10.8,90.088,6.4,24.813,,,,,,,,,,,,,,,,,,,,,,
"210","RISKE CREEK","2023081923",0,6.7,60,6.9,338,12,89.698,5.813,23.193,,,,,,,,,,,,,,,,,,,,,,
"211","NAZKO","2023081900",0,1.1,95,2.5,138,5.8,82.809,1.787,7.449,,,,,,,,,,-61.8,,,,,,,,1,442.07,4718.6,,
"211","NAZKO","2023081901",0,-0.3,95,0,90,5.1,82.386,1.495,6.315,,,,,,,,,,-34.9,,,,,,,,1,442.06,4718.6,,
"211","NAZKO","2023081902",0,-1.3,95,0,195,3.8,81.996,1.425,6.035,,,,,,,,,,-40.4,,,,,,,,1,442.08,4718.6,,
"211","NAZKO","2023081903",0,-1.9,95,0,135,3.9,81.633,1.364,5.787,,,,,,,,,,-26.3,,,,,,,,1,442.1,4718.6,,
"211","NAZKO","2023081904",0,-2.4,95,0,179,3.7,81.293,1.311,5.567,,,,,,,,,,-29.7,,,,,,,,1,441.77,4718.6,,
"211","NAZKO","2023081905",0,-2.5,95,0,147,4,80.972,1.264,5.369,,,,,,,,,,-46.1,,,,,,,,1,441.77,4718.6,,
"211","NAZKO","2023081906",0,-1.4,97,0,165,0,80.591,1.211,5.146,,,,,,,,,,10,,,,,,,,1,441.77,4718.6,,
"211","NAZKO","2023081907",0,0.9,97,0.7,284,4.6,80.161,1.198,5.089,,,,,,,,,,-85.5,,,,,,,,1,441.77,4718.6,,
"211","NAZKO","2023081908",0,6.2,84,1.2,51,4.8,80.2,1.234,5.241,,,,,,,,,,-41.3,,,,,,,,1,442.04,4718.6,,
"211","NAZKO","2023081909",0,11.1,60,2.9,353,6.1,80.52,1.391,5.897,,,,,,,,,,-101.6,,,,,,,,1,442.33,4718.6,,
"211","NAZKO","2023081910",0,16.5,40,2.6,84,7.6,81.353,1.505,6.357,,,,,,,,,,-103,,,,,,,,1,442.64,4718.6,,
"211","NAZKO","2023081911",0,18.9,30,7.2,329,15.5,82.639,2.217,9.001,,,,,,,,,,-150.4,,,,,,,,1,443.61,4718.6,,
"211","NAZKO","2023081912",0,20.2,27,5.8,178,20.5,83.905,2.434,9.744,0.2,91.45,7.062,22.781,50.745,628.882,84.453,3,,-167.5,,,,,,,,1,443.59,4718.6,,
"211","NAZKO","2023081913",0,20.1,23,9.2,38,20.6,85.227,3.456,13.394,,,,,,,,,,-147.7,,,,,,,,1,443.59,4718.6,,
"211","NAZKO","2023081914",0,21.1,25,8.4,20,20.3,86.335,3.876,14.641,,,,,,,,,,-146.7,,,,,,,,1,443.26,4718.6,,
"211","NAZKO","2023081915",0,22.2,24,7.3,350,20.4,87.362,4.243,15.688,,,,,,,,,,-126.2,,,,,,,,1,443.25,4718.6,,
"211","NAZKO","2023081916",0,20.4,25,9.2,5,25.8,88.139,5.219,18.311,,,,,,,,,,-130.3,,,,,,,,1,443.59,4718.6,,
"211","NAZKO","2023081917",0,20.8,24,5.6,285,10.8,88.809,4.792,17.191,,,,,,,,,,-106,,,,,,,,1,442.93,4718.6,,
"211","NAZKO","2023081918",0,20.7,23,6.5,37,13.7,89.428,5.48,18.982,,,,,,,,,,-109.8,,,,,,,,1,443.59,4718.6,,
"211","NAZKO","2023081919",0,16.3,46,2.3,264,10.5,89.435,4.44,16.234,,,,,,,,,,-36.3,,,,,,,,1,443.93,4718.6,,
"211","NAZKO","2023081920",0,11.3,58,5.9,208,9.2,89.161,5.117,18.049,,,,,,,,,,-56.6,,,,,,,,1,443.61,4718.6,,
"211","NAZKO","2023081921",0,7.8,67,2.8,173,7.7,88.78,4.144,15.409,,,,,,,,,,-97.8,,,,,,,,1,443.65,4718.6,,
"211","NAZKO","2023081922",0,5.4,75,3.5,207,5.3,88.274,3.993,14.976,,,,,,,,,,-27.5,,,,,,,,1,443.67,4718.6,,
"211","NAZKO","2023081923",0,3.7,81,2.5,196,4.5,87.714,3.503,13.535,,,,,,,,,,-52.9,,,,,,,,1,443.35,4718.6,,
"212","PLACE LAKE","2023081900",0,-0.4,92,0,138,0,87.435,2.968,14.234,,,,,,,,,,,,,,,,,,,,,,
"212","PLACE LAKE","2023081901",0,-1,94,0,140,2.2,86.776,2.702,13.23,,,,,,,,,,,,,,,,,,,,,,
"212","PLACE LAKE","2023081902",0,-1.3,95,0,127,0,86.126,2.465,12.302,,,,,,,,,,,,,,,,,,,,,,
"212","PLACE LAKE","2023081903",0,-1.7,95,0,104,0,85.521,2.265,11.493,,,,,,,,,,,,,,,,,,,,,,
"212","PLACE LAKE","2023081904",0,-2.1,95,0,130,0,84.958,2.095,10.785,,,,,,,,,,,,,,,,,,,,,,
"212","PLACE LAKE","2023081905",0,-2.4,95,0,142,0,84.431,1.95,10.163,,,,,,,,,,,,,,,,,,,,,,
"212","PLACE LAKE","2023081906",0,-1.8,95,0,118,0,83.927,1.823,9.603,,,,,,,,,,,,,,,,,,,,,,
"212","PLACE LAKE","2023081907",0,4.4,88,3.7,229,6.2,83.513,2.079,10.717,,,,,,,,,,,,,,,,,,,,,,
"212","PLACE LAKE","2023081908",0,10.4,57,6.8,232,11.4,83.65,2.475,12.342,,,,,,,,,,,,,,,,,,,,,,
"212","PLACE LAKE","2023081909",0,13.8,46,4.9,284,11.4,84.019,2.362,11.888,,,,,,,,,,,,,,,,,,,,,,
"212","PLACE LAKE","2023081910",0,15.6,39,10.1,329,18.3,84.615,3.326,15.533,,,,,,,,,,,,,,,,,,,,,,
"212","PLACE LAKE","2023081911",0,16.4,32,9.2,65,21.2,85.35,3.516,16.201,,,,,,,,,,,,,,,,,,,,,,
"212","PLACE LAKE","2023081912",0,18.1,29,9,55,17.7,86.157,3.896,17.495,0,91.253,8.069,29.665,80.4,619.523,121.41,4,,,,,,,,,,,,,,
"212","PLACE LAKE","2023081913",0,19.1,29,7.7,321,24.1,86.886,4.046,18.226,,,,,,,,,,,,,,,,,,,,,,
"212","PLACE LAKE","2023081914",0,19.9,24,9.4,328,20,87.745,4.982,21.203,,,,,,,,,,,,,,,,,,,,,,
"212","PLACE LAKE","2023081915",0,20.8,21,8.1,350,21.2,88.617,5.288,22.125,,,,,,,,,,,,,,,,,,,,,,
"212","PLACE LAKE","2023081916",0,20.4,20,7.1,295,20,89.367,5.599,23.041,,,,,,,,,,,,,,,,,,,,,,
"212","PLACE LAKE","2023081917",0,20.1,21,8.5,3,16,89.975,6.556,25.732,,,,,,,,,,,,,,,,,,,,,,
"212","PLACE LAKE","2023081918",0,19,23,6.7,14,18.9,90.369,6.335,25.125,,,,,,,,,,,,,,,,,,,,,,
"212","PLACE LAKE","2023081919",0,15.2,33,0,302,13.1,90.418,4.552,19.867,,,,,,,,,,,,,,,,,,,,,,
"212","PLACE LAKE","2023081920",0,9.2,49,0,56,2.2,90.299,4.474,19.621,,,,,,,,,,,,,,,,,,,,,,
"212","PLACE LAKE","2023081921",0,6.1,58,0,92,2.2,90.073,4.332,19.164,,,,,,,,,,,,,,,,,,,,,,
"212","PLACE LAKE","2023081922",0,4.4,63,0,91,3.3,89.799,4.166,18.622,,,,,,,,,,,,,,,,,,,,,,
"212","PLACE LAKE","2023081923",0,3.1,68,0,93,0,89.48,3.979,18.004,,,,,,,,,,,,,,,,,,,,,,
"213","ANAHIM LAKE","2023081900",0,2.1,83,2.3,34,6.8,83.422,1.915,9.204,,,,,,,,,,-0.2,,,,0,2,867.39,,,,,,
"213","ANAHIM LAKE","2023081901",0,1.5,85,2.9,90,9.7,83.15,1.905,9.165,,,,,,,,,,-0.1,,,,0,2,867.38,,,,,,
"213","ANAHIM LAKE","2023081902",0,0,87,1.8,179,5.1,82.865,1.738,8.466,,,,,,,,,,-0.1,,,,0,2,867.37,,,,,,
"213","ANAHIM LAKE","2023081903",0,-1.1,90,1.7,89,5.6,82.524,1.656,8.117,,,,,,,,,,-0.1,,,,0,2,867.37,,,,,,
"213","ANAHIM LAKE","2023081904",0,-1.5,90,4.4,189,5.6,82.169,1.816,8.797,,,,,,,,,,-0.1,,,,0,2,867.35,,,,,,
"213","ANAHIM LAKE","2023081905",0,-2.5,90,3.1,176,6.8,81.858,1.638,8.039,,,,,,,,,,-0.1,,,,0,2,867.35,,,,,,
"213","ANAHIM LAKE","2023081906",0,-2.6,89,2.5,160,6.2,81.603,1.542,7.617,,,,,,,,,,0,,,,0,2,867.32,,,,,,
"213","ANAHIM LAKE","2023081907",0,-0.4,87,2,149,5.6,81.421,1.472,7.304,,,,,,,,,,0,,,,0,2,867.25,,,,,,
"213","ANAHIM LAKE","2023081908",0,6.3,70,3.6,82,7.9,81.484,1.607,7.903,,,,,,,,,,-0.1,,,,0,2,867.02,,,,,,
"213","ANAHIM LAKE","2023081909",0,10.2,55,3.1,228,7.4,81.776,1.622,7.969,,,,,,,,,,-0.2,,,,0,2,866.92,,,,,,
"213","ANAHIM LAKE","2023081910",0,14.8,44,4.2,263,7.9,82.38,1.845,8.918,,,,,,,,,,-0.1,,,,0,2,866.84,,,,,,
"213","ANAHIM LAKE","2023081911",0,17,33,6.6,211,18.3,83.334,2.351,10.926,,,,,,,,,,-0.2,,,,0,2,866.86,,,,,,
"213","ANAHIM LAKE","2023081912",0,18.2,32,6.8,200,17.2,84.269,2.688,12.177,0,89.26,5.431,21.11,65.629,654.119,104.937,3,,-0.1,,,,0.08,2,866.92,,,,,,
"213","ANAHIM LAKE","2023081913",0,19.3,26,5.7,326,17.7,85.308,2.93,13.296,,,,,,,,,,-0.3,,,,0,2,866.9,,,,,,
"213","ANAHIM LAKE","2023081914",0,20.5,20,9.9,134,28.7,86.588,4.333,17.907,,,,,,,,,,-0.3,,,,0.09,2,867,,,,,,
"213","ANAHIM LAKE","2023081915",0,20.2,20,9.6,192,24.1,87.659,4.971,19.803,,,,,,,,,,-0.3,,,,0.07,2,867.06,,,,,,
"213","ANAHIM LAKE","2023081916",0,21.4,19,6.5,141,18.9,88.624,4.883,19.548,,,,,,,,,,-0.4,,,,0,2,867.05,,,,,,
"213","ANAHIM LAKE","2023081917",0,19.6,22,9.2,71,15.4,89.289,6.155,23.077,,,,,,,,,,-0.6,,,,0,2,867.12,,,,,,
"213","ANAHIM LAKE","2023081918",0,19.5,22,9.2,52,14.3,89.854,6.674,24.429,,,,,,,,,,-0.3,,,,0,2,867.14,,,,,,
"213","ANAHIM LAKE","2023081919",0,17.9,27,3.5,81,13.1,90.088,5.179,20.4,,,,,,,,,,-0.3,,,,0,2,867.17,,,,,,
"213","ANAHIM LAKE","2023081920",0,14.4,35,4.1,97,7.4,90.137,5.376,20.956,,,,,,,,,,-0.3,,,,0,2,867.21,,,,,,
"213","ANAHIM LAKE","2023081921",0,9.8,49,0,158,5.6,90.035,4.309,17.834,,,,,,,,,,-0.4,,,,0,2,867.33,,,,,,
"213","ANAHIM LAKE","2023081922",0,7.1,57,0,94,7.4,89.836,4.188,17.461,,,,,,,,,,-0.2,,,,0,2,867.36,,,,,,
"213","ANAHIM LAKE","2023081923",0,5.4,63,3.8,203,5.1,89.457,4.803,19.314,,,,,,,,,,-0.2,,,,0,2,867.38,,,,,,
"216","NEMIAH","2023081900",0,7.3,51,4.3,115,9.2,91.318,6.427,26.237,,,,,,,,,,,,,,,,,,,,11268.2,,
"216","NEMIAH","2023081901",0,5.2,58,6.2,125,10.6,90.87,6.635,26.82,,,,,,,,,,,,,,,,,,,,11268.2,,
"216","NEMIAH","2023081902",0,3,63,2.8,70,8.3,90.439,5.257,22.798,,,,,,,,,,,,,,,,,,,,11268.2,,
"216","NEMIAH","2023081903",0,1.4,66,4.9,75,11.9,89.964,5.46,23.416,,,,,,,,,,,,,,,,,,,,11268.2,,
"216","NEMIAH","2023081904",0,0.3,72,6.2,133,11.4,89.412,5.386,23.192,,,,,,,,,,,,,,,,,,,,11268.2,,
"216","NEMIAH","2023081905",0,-0.7,75,5.1,117,10.4,88.875,4.717,21.103,,,,,,,,,,,,,,,,,,,,11268.2,,
"216","NEMIAH","2023081906",0,-1.1,77,5.1,117,11.2,88.344,4.371,19.976,,,,,,,,,,,,,,,,,,,,11268.2,,
"216","NEMIAH","2023081907",0,-1.1,80,1.7,72,8,87.863,3.438,16.735,,,,,,,,,,,,,,,,,,,,11268.2,,
"216","NEMIAH","2023081908",0,3.3,74,4.3,67,9.1,87.451,3.694,17.658,,,,,,,,,,,,,,,,,,,,11268.2,,
"216","NEMIAH","2023081909",0,8.8,55,3.7,68,8.1,87.4,3.558,17.172,,,,,,,,,,,,,,,,,,,,11268.2,,
"216","NEMIAH","2023081910",0,15.4,32,4.5,11,11.1,87.727,3.882,18.317,,,,,,,,,,,,,,,,,,,,11268.2,,
"216","NEMIAH","2023081911",0,17.1,26,6.6,113,18.3,88.251,4.652,20.893,,,,,,,,,,,,,,,,,,,,11268.2,,
"216","NEMIAH","2023081912",0,19.3,23,5.7,342,22.1,88.877,4.864,21.57,0,92.538,8.196,31.266,95.176,597.411,136.132,4,,,,,,,,,,,,11268.2,,
"216","NEMIAH","2023081913",0,17,25,10.3,357,18.6,89.31,6.526,26.777,,,,,,,,,,,,,,,,,,,,11268.2,,
"216","NEMIAH","2023081914",0,20.7,19,8.1,77,24.9,90.025,6.471,26.623,,,,,,,,,,,,,,,,,,,,11268.2,,
"216","NEMIAH","2023081915",0,20.7,18,7.2,318,18.9,90.663,6.775,27.477,,,,,,,,,,,,,,,,,,,,11268.2,,
"216","NEMIAH","2023081916",0,21.8,17,9.7,34,21.8,91.32,8.439,31.885,,,,,,,,,,,,,,,,,,,,11268.2,,
"216","NEMIAH","2023081917",0,22,17,9.6,44,21.3,91.879,9.09,33.503,,,,,,,,,,,,,,,,,,,,11268.2,,
"216","NEMIAH","2023081918",0,19.5,22,12,351,24,92.069,10.538,36.935,,,,,,,,,,,,,,,,,,,,11268.2,,
"216","NEMIAH","2023081919",0,18.1,22,8,52,19.6,92.186,8.758,32.684,,,,,,,,,,,,,,,,,,,,11268.2,,
"216","NEMIAH","2023081920",0,15.6,27,4.8,70,14.4,92.236,7.506,29.465,,,,,,,,,,,,,,,,,,,,11268.2,,
"216","NEMIAH","2023081921",0,10.8,37,2.6,101,7.6,92.114,6.604,26.997,,,,,,,,,,,,,,,,,,,,11268.2,,
"216","NEMIAH","2023081922",0,8.1,44,4.1,87,7.1,91.864,6.875,27.753,,,,,,,,,,,,,,,,,,,,11268.2,,
"216","NEMIAH","2023081923",0,5.6,51,3,107,8.4,91.537,6.209,25.873,,,,,,,,,,,,,,,,,,,,11268.2,,
"218","LONE BUTTE","2023081900",0,0.6,96,0,172,3.9,85.44,2.239,7.979,,,,,,,,,,,,,,,,,,,,,,
"218","LONE BUTTE","2023081901",0,-0.2,97,1.6,346,5.6,84.632,2.172,7.765,,,,,,,,,,,,,,,,,,,,,,
"218","LONE BUTTE","2023081902",0,-0.5,98,2.8,303,6.8,83.793,2.062,7.41,,,,,,,,,,,,,,,,,,,,,,
"218","LONE BUTTE","2023081903",0,-0.8,98,1.9,322,5.6,83.055,1.79,6.506,,,,,,,,,,,,,,,,,,,,,,
"218","LONE BUTTE","2023081904",0,-0.9,98,2.2,331,6.8,82.364,1.665,6.078,,,,,,,,,,,,,,,,,,,,,,
"218","LONE BUTTE","2023081905",0,-1.3,97,3.5,93,6.2,81.751,1.65,6.026,,,,,,,,,,,,,,,,,,,,,,
"218","LONE BUTTE","2023081906",0,1.3,93,2.9,327,6.8,81.357,1.528,5.595,,,,,,,,,,,,,,,,,,,,,,
"218","LONE BUTTE","2023081907",0,8.5,74,4.3,325,9.7,81.404,1.649,6.022,,,,,,,,,,,,,,,,,,,,,,
"218","LONE BUTTE","2023081908",0,10.9,59,8.5,325,14.9,81.698,2.11,7.566,,,,,,,,,,,,,,,,,,,,,,
"218","LONE BUTTE","2023081909",0,12.7,56,11,321,24.1,82.08,2.506,8.801,,,,,,,,,,,,,,,,,,,,,,
"218","LONE BUTTE","2023081910",0,13.8,49,9.8,331,21.8,82.589,2.512,8.82,,,,,,,,,,,,,,,,,,,,,,
"218","LONE BUTTE","2023081911",0,14.7,43,8.9,332,18.3,83.201,2.595,9.069,,,,,,,,,,,,,,,,,,,,,,
"218","LONE BUTTE","2023081912",0,15.9,38,9.9,357,17.7,83.928,3.002,10.256,0,88.915,6.043,18.143,44.766,354.015,68.027,3,,,,,,,,,,,,,,
"218","LONE BUTTE","2023081913",0,17.5,32,9.6,309,17.7,84.804,3.328,11.447,,,,,,,,,,,,,,,,,,,,,,
"218","LONE BUTTE","2023081914",0,18.2,28,9.7,33,17.7,85.729,3.801,12.734,,,,,,,,,,,,,,,,,,,,,,
"218","LONE BUTTE","2023081915",0,19.1,28,6.3,282,20,86.523,3.581,12.143,,,,,,,,,,,,,,,,,,,,,,
"218","LONE BUTTE","2023081916",0,19.4,27,7.1,3,18.9,87.272,4.147,13.637,,,,,,,,,,,,,,,,,,,,,,
"218","LONE BUTTE","2023081917",0,19,25,5.7,1,15.4,87.948,4.257,13.917,,,,,,,,,,,,,,,,,,,,,,
"218","LONE BUTTE","2023081918",0,18,25,5.1,28,13.7,88.49,4.464,14.439,,,,,,,,,,,,,,,,,,,,,,
"218","LONE BUTTE","2023081919",0,12.2,51,2.8,23,10.2,88.45,3.952,13.133,,,,,,,,,,,,,,,,,,,,,,
"218","LONE BUTTE","2023081920",0,6.5,70,0,145,5.1,88.175,3.3,11.368,,,,,,,,,,,,,,,,,,,,,,
"218","LONE BUTTE","2023081921",0,4.5,82,0,183,0,87.722,3.092,10.782,,,,,,,,,,,,,,,,,,,,,,
"218","LONE BUTTE","2023081922",0,3.6,88,0,147,0,87.166,2.856,10.095,,,,,,,,,,,,,,,,,,,,,,
"218","LONE BUTTE","2023081923",0,3,93,0,151,0,86.496,2.597,9.317,,,,,,,,,,,,,,,,,,,,,,
"221","BALDFACE","2023081900",0,-4.1,100,6.7,328,7.4,76.091,1.146,3.995,,,,,,,,,,,,,,,,,,,,,,
"221","BALDFACE","2023081901",0,-3.7,100,4.3,264,7.4,75.776,0.995,3.403,,,,,,,,,,,,,,,,,,,,,,
"221","BALDFACE","2023081902",0,-4.2,100,4.8,297,7.9,75.48,1.003,3.432,,,,,,,,,,,,,,,,,,,,,,
"221","BALDFACE","2023081903",0,-4.3,100,3.9,314,6.8,75.212,0.943,3.191,,,,,,,,,,,,,,,,,,,,,,
"221","BALDFACE","2023081904",0,-4.6,100,2.5,312,4.5,74.976,0.868,2.874,,,,,,,,,,,,,,,,,,,,,,
"221","BALDFACE","2023081905",0,-5.2,95,5.6,303,6.2,74.954,1.013,3.474,,,,,,,,,,,,,,,,,,,,,,
"221","BALDFACE","2023081906",0,-1.4,96,3.8,311,5.6,74.923,0.924,3.109,,,,,,,,,,,,,,,,,,,,,,
"221","BALDFACE","2023081907",0,6.3,83,2.3,67,5.6,75.091,0.864,2.861,,,,,,,,,,,,,,,,,,,,,,
"221","BALDFACE","2023081908",0,16.2,35,2.9,121,6.8,76.542,0.975,3.321,,,,,,,,,,,,,,,,,,,,,,
"221","BALDFACE","2023081909",0,17.1,32,7.7,200,13.1,78.209,1.414,4.989,,,,,,,,,,,,,,,,,,,,,,
"221","BALDFACE","2023081910",0,13.7,40,7.7,128,15.4,79.271,1.558,5.499,,,,,,,,,,,,,,,,,,,,,,
"221","BALDFACE","2023081911",0,17.5,30,8,185,13.7,80.734,1.842,6.458,,,,,,,,,,,,,,,,,,,,,,
"221","BALDFACE","2023081912",0,17.4,29,9.7,169,18.9,82.094,2.351,8.063,0,88.484,5.624,16.876,41.424,396.398,65.687,2,,,,,,,,,,,,,,
"221","BALDFACE","2023081913",0,16,30,9.2,40,17.7,83.167,2.623,9.193,,,,,,,,,,,,,,,,,,,,,,
"221","BALDFACE","2023081914",0,16,30,9.5,81,15.4,84.119,3.018,10.345,,,,,,,,,,,,,,,,,,,,,,
"221","BALDFACE","2023081915",0,16.9,27,5.5,254,14.3,85.018,2.787,9.679,,,,,,,,,,,,,,,,,,,,,,
"221","BALDFACE","2023081916",0,16.5,27,8.6,59,15.4,85.847,3.656,12.096,,,,,,,,,,,,,,,,,,,,,,
"221","BALDFACE","2023081917",0,16,28,4.4,102,14.9,86.463,3.227,10.932,,,,,,,,,,,,,,,,,,,,,,
"221","BALDFACE","2023081918",0,14.6,43,3.5,194,9.1,86.63,3.157,10.739,,,,,,,,,,,,,,,,,,,,,,
"221","BALDFACE","2023081919",0,8.7,68,6.1,86,9.7,86.427,3.497,11.672,,,,,,,,,,,,,,,,,,,,,,
"221","BALDFACE","2023081920",0,2.9,85,5.7,280,6.2,85.866,3.167,10.766,,,,,,,,,,,,,,,,,,,,,,
"221","BALDFACE","2023081921",0,0.1,89,5.7,6,7.9,85.253,2.908,10.032,,,,,,,,,,,,,,,,,,,,,,
"221","BALDFACE","2023081922",0,-1.4,94,6.2,29,7.9,84.506,2.692,9.4,,,,,,,,,,,,,,,,,,,,,,
"221","BALDFACE","2023081923",0,-2.4,100,4.2,4,6.8,83.552,2.143,7.708,,,,,,,,,,,,,,,,,,,,,,
"222","GASPARD","2023081900",0,4.9,74,2.9,269,7.9,87.509,3.471,12.693,,,,,,,,,,,,,,,,,,,,,,
"222","GASPARD","2023081901",0,4.9,70,4.8,295,7.4,87.19,3.65,13.206,,,,,,,,,,,,,,,,,,,,,,
"222","GASPARD","2023081902",0,4.6,73,7.1,282,7.9,86.82,3.889,13.876,,,,,,,,,,,,,,,,,,,,,,
"222","GASPARD","2023081903",0,3.2,79,9.2,199,10.8,86.338,4.038,14.287,,,,,,,,,,,,,,,,,,,,,,
"222","GASPARD","2023081904",0,2.1,82,9.2,168,10.8,85.831,3.76,13.516,,,,,,,,,,,,,,,,,,,,,,
"222","GASPARD","2023081905",0,1.9,82,8,169,10.2,85.382,3.325,12.264,,,,,,,,,,,,,,,,,,,,,,
"222","GASPARD","2023081906",0,2.9,75,6.6,176,9.7,85.133,2.993,11.269,,,,,,,,,,,,,,,,,,,,,,
"222","GASPARD","2023081907",0,6.7,67,3.6,203,7.9,85.077,2.553,9.882,,,,,,,,,,,,,,,,,,,,,,
"222","GASPARD","2023081908",0,9.9,47,4.8,8,6.8,85.22,2.767,10.565,,,,,,,,,,,,,,,,,,,,,,
"222","GASPARD","2023081909",0,10.6,43,10.4,0,19.5,85.451,3.788,13.595,,,,,,,,,,,,,,,,,,,,,,
"222","GASPARD","2023081910",0,12,39,13.8,9,23.5,85.789,4.713,16.079,,,,,,,,,,,,,,,,,,,,,,
"222","GASPARD","2023081911",0,13.2,37,13.9,345,28.1,86.172,4.998,16.804,,,,,,,,,,,,,,,,,,,,,,
"222","GASPARD","2023081912",0,13.2,35,15.9,4,28.7,86.568,5.846,18.872,0,90.195,9.824,27.73,49.838,480.428,79.149,3,,,,,,,,,,,,,,
"222","GASPARD","2023081913",0,13.8,29,15.4,29,28.7,87.097,6.145,19.928,,,,,,,,,,,,,,,,,,,,,,
"222","GASPARD","2023081914",0,14.7,28,14.3,27,24.6,87.614,6.259,20.196,,,,,,,,,,,,,,,,,,,,,,
"222","GASPARD","2023081915",0,14.8,28,14.8,358,23.5,88.07,6.852,21.554,,,,,,,,,,,,,,,,,,,,,,
"222","GASPARD","2023081916",0,15.6,28,9.5,14,24.1,88.465,5.552,18.504,,,,,,,,,,,,,,,,,,,,,,
"222","GASPARD","2023081917",0,14.7,29,8.2,12,23.5,88.75,5.417,18.172,,,,,,,,,,,,,,,,,,,,,,
"222","GASPARD","2023081918",0,13.7,30,7.7,33,19.5,88.948,5.434,18.216,,,,,,,,,,,,,,,,,,,,,,
"222","GASPARD","2023081919",0,12,34,8.5,359,16.6,88.997,5.698,18.861,,,,,,,,,,,,,,,,,,,,,,
"222","GASPARD","2023081920",0,9.6,40,5.5,5,10.8,89.038,4.927,16.938,,,,,,,,,,,,,,,,,,,,,,
"222","GASPARD","2023081921",0,9.3,39,8.4,24,10.8,89.086,5.742,18.967,,,,,,,,,,,,,,,,,,,,,,
"222","GASPARD","2023081922",0,9.5,39,9,28,9.7,89.132,5.958,19.485,,,,,,,,,,,,,,,,,,,,,,
"222","GASPARD","2023081923",0,9.1,42,8.1,64,10.2,89.126,5.689,18.838,,,,,,,,,,,,,,,,,,,,,,
"225","KNIFE","2023081900",0,5.8,74,3.7,75,7.4,88.577,4.212,15.404,,,,,,,,,,,,,,,,,,,,,,
"225","KNIFE","2023081901",0,4.9,79,1.9,72,5.1,88.043,3.563,13.539,,,,,,,,,,,,,,,,,,,,,,
"225","KNIFE","2023081902",0,4.5,81,2.1,64,4.5,87.505,3.333,12.845,,,,,,,,,,,,,,,,,,,,,,
"225","KNIFE","2023081903",0,3.8,84,2.1,46,5.1,86.942,3.076,12.05,,,,,,,,,,,,,,,,,,,,,,
"225","KNIFE","2023081904",0,3.1,86,2,80,3.9,86.38,2.825,11.252,,,,,,,,,,,,,,,,,,,,,,
"225","KNIFE","2023081905",0,2.5,89,1.6,67,2.8,85.789,2.549,10.338,,,,,,,,,,,,,,,,,,,,,,
"225","KNIFE","2023081906",0,3,87,1.8,46,3.9,85.296,2.403,9.844,,,,,,,,,,,,,,,,,,,,,,
"225","KNIFE","2023081907",0,5.2,80,1.7,193,3.3,85.009,2.299,9.481,,,,,,,,,,,,,,,,,,,,,,
"225","KNIFE","2023081908",0,9.8,64,4.1,204,6.2,85.043,2.606,10.531,,,,,,,,,,,,,,,,,,,,,,
"225","KNIFE","2023081909",0,12,55,6.5,202,10.2,85.105,2.966,11.705,,,,,,,,,,,,,,,,,,,,,,
"225","KNIFE","2023081910",0,15,48,7.4,234,12,85.34,3.207,12.458,,,,,,,,,,,,,,,,,,,,,,
"225","KNIFE","2023081911",0,17.7,41,9,248,20.6,85.793,3.702,13.949,,,,,,,,,,,,,,,,,,,,,,
"225","KNIFE","2023081912",0,19.9,30,8.1,219,19.5,86.582,3.954,14.676,0,91.11,7.556,24.226,54.09,546.716,86.728,3,,,,,,,,,,,,,,
"225","KNIFE","2023081913",0,20.6,24,7,353,27.5,87.481,4.251,15.947,,,,,,,,,,,,,,,,,,,,,,
"225","KNIFE","2023081914",0,21.5,21,8.1,302,25.8,88.429,5.147,18.392,,,,,,,,,,,,,,,,,,,,,,
"225","KNIFE","2023081915",0,21.9,22,5.3,249,23.5,89.174,4.974,17.933,,,,,,,,,,,,,,,,,,,,,,
"225","KNIFE","2023081916",0,22.1,22,9.4,34,20.6,89.873,6.761,22.399,,,,,,,,,,,,,,,,,,,,,,
"225","KNIFE","2023081917",0,22.2,21,8.2,352,17.2,90.493,6.955,22.853,,,,,,,,,,,,,,,,,,,,,,
"225","KNIFE","2023081918",0,21.2,23,5.8,63,16,90.884,6.516,21.818,,,,,,,,,,,,,,,,,,,,,,
"225","KNIFE","2023081919",0,19.2,29,2.9,62,11.4,90.968,5.698,19.812,,,,,,,,,,,,,,,,,,,,,,
"225","KNIFE","2023081920",0,14.2,39,5.7,54,8.5,90.919,6.516,21.819,,,,,,,,,,,,,,,,,,,,,,
"225","KNIFE","2023081921",0,11.5,45,2.9,73,7.4,90.769,5.539,19.407,,,,,,,,,,,,,,,,,,,,,,
"225","KNIFE","2023081922",0,9.8,49,3.3,68,7.4,90.554,5.481,19.258,,,,,,,,,,,,,,,,,,,,,,
"225","KNIFE","2023081923",0,9,54,2.8,66,5.1,90.279,5.138,18.369,,,,,,,,,,,,,,,,,,,,,,
"226","MIDDLE LAKE","2023081900",0,12.3,40,4.4,45,12.1,93.397,8.658,,,,,,,,,,,,,,,,,,,,,29371.4,,
"226","MIDDLE LAKE","2023081901",0,9.7,47,2.6,8,8.2,93.024,7.505,,,,,,,,,,,,,,,,,,,,,29371.4,,
"226","MIDDLE LAKE","2023081902",0,9.2,50,0,286,6.4,92.746,6.333,,,,,,,,,,,,,,,,,,,,,29371.4,,
"226","MIDDLE LAKE","2023081903",0,7.8,54,0,297,7.6,92.431,6.057,,,,,,,,,,,,,,,,,,,,,29371.4,,
"226","MIDDLE LAKE","2023081904",0,6.9,57,2,20,3.9,91.981,6.288,,,,,,,,,,,,,,,,,,,,,29371.4,,
"226","MIDDLE LAKE","2023081905",0,5.9,62,1,31,3.9,91.52,5.601,,,,,,,,,,,,,,,,,,,,,29371.4,,
"226","MIDDLE LAKE","2023081906",0,5.6,67,0.2,15,7.7,91.059,5.038,,,,,,,,,,,,,,,,,,,,,29371.4,,
"226","MIDDLE LAKE","2023081907",0,6.7,69,0.2,150,6.5,90.589,4.712,,,,,,,,,,,,,,,,,,,,,29371.4,,
"226","MIDDLE LAKE","2023081908",0,8.5,65,1.6,207,3.9,90.149,4.748,,,,,,,,,,,,,,,,,,,,,29371.4,,
"226","MIDDLE LAKE","2023081909",0,13,50,5.4,167,10.1,89.97,5.604,,,,,,,,,,,,,,,,,,,,,29371.4,,
"226","MIDDLE LAKE","2023081910",0,16.9,36,6,139,11.4,90.019,5.817,,,,,,,,,,,,,,,,,,,,,29371.4,,
"226","MIDDLE LAKE","2023081911",0,19.9,28,7.3,114,16.1,90.279,6.446,,,,,,,,,,,,,,,,,,,,,29371.4,,
"226","MIDDLE LAKE","2023081912",0,22.8,18,8.1,198,13.9,90.983,7.421,,0,,,,,,,,,,,,,,,,,,,29371.4,,
"226","MIDDLE LAKE","2023081913",0,24.3,16,7.6,195,19.6,91.725,8.041,,,,,,,,,,,,,,,,,,,,,29371.4,,
"226","MIDDLE LAKE","2023081914",0,25.3,14,7.8,145,18.7,92.484,9.042,,,,,,,,,,,,,,,,,,,,,29371.4,,
"226","MIDDLE LAKE","2023081915",0,25.3,14,8.6,132,16.3,93.118,10.289,,,,,,,,,,,,,,,,,,,,,29371.4,,
"226","MIDDLE LAKE","2023081916",0,25.4,14,6.7,131,21.1,93.625,10.036,,,,,,,,,,,,,,,,,,,,,29371.4,,
"226","MIDDLE LAKE","2023081917",0,24.5,15,6.1,130,23.5,93.961,10.201,,,,,,,,,,,,,,,,,,,,,29371.4,,
"226","MIDDLE LAKE","2023081918",0,21.3,18,5,14,18.3,94.023,9.735,,,,,,,,,,,,,,,,,,,,,29371.4,,
"226","MIDDLE LAKE","2023081919",0,19.1,20,2.9,28,10.7,94.074,8.819,,,,,,,,,,,,,,,,,,,,,29371.4,,
"226","MIDDLE LAKE","2023081920",0,17,23,4.8,14,7.2,94.084,9.719,,,,,,,,,,,,,,,,,,,,,29371.4,,
"226","MIDDLE LAKE","2023081921",0,15.7,26,3.4,20,6.5,94.038,8.999,,,,,,,,,,,,,,,,,,,,,29371.4,,
"226","MIDDLE LAKE","2023081922",0,13.5,30,0.1,5,3.9,93.968,7.547,,,,,,,,,,,,,,,,,,,,,29371.4,,
"226","MIDDLE LAKE","2023081923",0,12.3,32,1.5,12,4.6,93.834,7.95,,,,,,,,,,,,,,,,,,,,,29371.4,,
"227","GAVIN","2023081900",0,3.7,89,2.1,16,5.6,85.493,2.508,8.108,,,,,,,,,,,,,,,,,,,,,,
"227","GAVIN","2023081901",0,3.2,91,3.4,14,5.1,84.846,2.449,7.94,,,,,,,,,,,,,,,,,,,,,,
"227","GAVIN","2023081902",0,3.1,89,0,13,5.1,84.459,1.957,6.474,,,,,,,,,,,,,,,,,,,,,,
"227","GAVIN","2023081903",0,3.1,91,3.5,358,5.1,83.9,2.166,7.111,,,,,,,,,,,,,,,,,,,,,,
"227","GAVIN","2023081904",0,3.6,89,3.3,355,8.5,83.463,2.025,6.681,,,,,,,,,,,,,,,,,,,,,,
"227","GAVIN","2023081905",0,2.3,95,2.6,5,6.2,82.84,1.804,5.991,,,,,,,,,,,,,,,,,,,,,,
"227","GAVIN","2023081906",0,2.9,93,0,34,5.1,82.463,1.509,5.024,,,,,,,,,,,,,,,,,,,,,,
"227","GAVIN","2023081907",0,5.3,90,0,173,3.3,82.2,1.461,4.86,,,,,,,,,,,,,,,,,,,,,,
"227","GAVIN","2023081908",0,12.2,63,3.5,193,6.8,82.366,1.778,5.911,,,,,,,,,,,,,,,,,,,,,,
"227","GAVIN","2023081909",0,12.7,59,8.1,226,11.4,82.615,2.313,7.546,,,,,,,,,,,,,,,,,,,,,,
"227","GAVIN","2023081910",0,14.9,54,6.1,240,13.1,82.969,2.187,7.173,,,,,,,,,,,,,,,,,,,,,,
"227","GAVIN","2023081911",0,16.5,48,6.8,226,16,83.465,2.415,7.844,,,,,,,,,,,,,,,,,,,,,,
"227","GAVIN","2023081912",0,17.9,28,7.2,43,17.7,84.498,2.828,9.003,0,90.654,6.767,18.616,38.056,387.364,61.104,3,,,,,,,,,,,,,,
"227","GAVIN","2023081913",0,19.3,30,6.6,60,18.9,85.402,3.106,10.143,,,,,,,,,,,,,,,,,,,,,,
"227","GAVIN","2023081914",0,19.8,31,4.7,205,18.3,86.148,3.133,10.216,,,,,,,,,,,,,,,,,,,,,,
"227","GAVIN","2023081915",0,18.1,32,6.1,301,14.3,86.726,3.648,11.575,,,,,,,,,,,,,,,,,,,,,,
"227","GAVIN","2023081916",0,19.5,28,4.4,204,13.7,87.378,3.675,11.643,,,,,,,,,,,,,,,,,,,,,,
"227","GAVIN","2023081917",0,19.8,27,4.1,50,10.2,87.986,3.948,12.333,,,,,,,,,,,,,,,,,,,,,,
"227","GAVIN","2023081918",0,19,32,1.6,306,9.7,88.317,3.65,11.58,,,,,,,,,,,,,,,,,,,,,,
"227","GAVIN","2023081919",0,13.8,56,2.3,2,10.8,88.233,3.736,11.799,,,,,,,,,,,,,,,,,,,,,,
"227","GAVIN","2023081920",0,9.6,67,2.6,37,6.2,87.938,3.636,11.542,,,,,,,,,,,,,,,,,,,,,,
"227","GAVIN","2023081921",0,9.1,66,4.6,349,10.8,87.662,3.866,12.127,,,,,,,,,,,,,,,,,,,,,,
"227","GAVIN","2023081922",0,8.4,68,3.5,357,9.1,87.385,3.515,11.23,,,,,,,,,,,,,,,,,,,,,,
"227","GAVIN","2023081923",0,7.6,70,1.8,23,4.5,87.118,3.106,10.142,,,,,,,,,,,,,,,,,,,,,,
"228","BENSON","2023081900",0,6,77,6.5,,9.1,86.661,3.689,16.703,,,,,,,,,,,,,,,,,,,,,,
"228","BENSON","2023081901",0,5.9,78,6.9,,9.7,86.233,3.543,16.204,,,,,,,,,,,,,,,,,,,,,,
"228","BENSON","2023081902",0,5.5,76,9.1,,10.8,85.873,3.763,16.955,,,,,,,,,,,,,,,,,,,,,,
"228","BENSON","2023081903",0,4.6,81,8.6,145,10.2,85.432,3.45,15.883,,,,,,,,,,,,,,,,,,,,,,
"228","BENSON","2023081904",0,4.3,79,5.9,141,10.2,85.105,2.878,13.82,,,,,,,,,,,,,,,,,,,,,,
"228","BENSON","2023081905",0,3.9,81,7.3,142,7.9,84.748,2.941,14.054,,,,,,,,,,,,,,,,,,,,,,
"228","BENSON","2023081906",0,4.8,77,7,146,9.1,84.518,2.808,13.555,,,,,,,,,,,,,,,,,,,,,,
"228","BENSON","2023081907",0,7.7,66,7.3,139,10.8,84.534,2.857,13.739,,,,,,,,,,,,,,,,,,,,,,
"228","BENSON","2023081908",0,11.2,57,4.3,163,10.8,84.598,2.477,12.278,,,,,,,,,,,,,,,,,,,,,,
"228","BENSON","2023081909",0,14.3,50,3.6,298,6.8,84.809,2.461,12.216,,,,,,,,,,,,,,,,,,,,,,
"228","BENSON","2023081910",0,15.9,36,6.6,268,12.5,85.363,3.09,14.6,,,,,,,,,,,,,,,,,,,,,,
"228","BENSON","2023081911",0,18.1,30,7.4,350,18.3,86.114,3.573,16.308,,,,,,,,,,,,,,,,,,,,,,
"228","BENSON","2023081912",0,18.8,29,9.4,342,20,86.858,4.39,19,0,90.549,7.448,28,75.313,750.902,120.429,4,,,,,,,,,,,,,,
"228","BENSON","2023081913",0,19.7,28,8,338,18.9,87.556,4.519,19.693,,,,,,,,,,,,,,,,,,,,,,
"228","BENSON","2023081914",0,20.8,27,7.8,305,24.1,88.236,4.931,20.976,,,,,,,,,,,,,,,,,,,,,,
"228","BENSON","2023081915",0,20.5,25,8.1,350,19.5,88.878,5.489,22.643,,,,,,,,,,,,,,,,,,,,,,
"228","BENSON","2023081916",0,20.3,25,9.9,302,18.3,89.435,6.511,25.523,,,,,,,,,,,,,,,,,,,,,,
"228","BENSON","2023081917",0,19.6,26,8.8,298,18.3,89.841,6.529,25.572,,,,,,,,,,,,,,,,,,,,,,
"228","BENSON","2023081918",0,18.2,29,8.6,304,16.6,90.05,6.66,25.927,,,,,,,,,,,,,,,,,,,,,,
"228","BENSON","2023081919",0,15.4,37,8.6,305,14.9,90.099,6.708,26.055,,,,,,,,,,,,,,,,,,,,,,
"228","BENSON","2023081920",0,13.5,43,7,,14.3,90.047,6.142,24.506,,,,,,,,,,,,,,,,,,,,,,
"228","BENSON","2023081921",0,12.9,45,6.3,,12,89.961,5.856,23.701,,,,,,,,,,,,,,,,,,,,,,
"228","BENSON","2023081922",0,11.8,48,6.9,303,9.1,89.816,5.912,23.861,,,,,,,,,,,,,,,,,,,,,,
"228","BENSON","2023081923",0,11,48,5.8,,9.1,89.684,5.488,22.64,,,,,,,,,,,,,,,,,,,,,,
"232","COLDSCAUR LAKE","2023081900",0,0,95,1.6,14,5.1,85.388,2.41,9.248,,,,,,,,,,,,,,,,,,,,,,
"232","COLDSCAUR LAKE","2023081901",0,-0.6,96,0,49,5.6,84.774,2.043,8.013,,,,,,,,,,,,,,,,,,,,,,
"232","COLDSCAUR LAKE","2023081902",0,-1.7,97,1.7,19,3.3,84.039,2.015,7.917,,,,,,,,,,,,,,,,,,,,,,
"232","COLDSCAUR LAKE","2023081903",0,-2.3,97,0,9,2.2,83.49,1.72,6.861,,,,,,,,,,,,,,,,,,,,,,
"232","COLDSCAUR LAKE","2023081904",0,-2.1,97,0,49,2.8,82.97,1.609,6.446,,,,,,,,,,,,,,,,,,,,,,
"232","COLDSCAUR LAKE","2023081905",0,-1.9,98,0,45,3.9,82.437,1.504,6.048,,,,,,,,,,,,,,,,,,,,,,
"232","COLDSCAUR LAKE","2023081906",0,-0.9,98,0,30,3.3,81.923,1.412,5.692,,,,,,,,,,,,,,,,,,,,,,
"232","COLDSCAUR LAKE","2023081907",0,3.8,88,0,214,2.2,81.749,1.383,5.576,,,,,,,,,,,,,,,,,,,,,,
"232","COLDSCAUR LAKE","2023081908",0,10.4,66,5.1,315,8.5,81.887,1.818,7.218,,,,,,,,,,,,,,,,,,,,,,
"232","COLDSCAUR LAKE","2023081909",0,13.5,56,6.1,332,11.4,82.234,1.995,7.845,,,,,,,,,,,,,,,,,,,,,,
"232","COLDSCAUR LAKE","2023081910",0,15.3,51,5.9,28,12,82.692,2.09,8.176,,,,,,,,,,,,,,,,,,,,,,
"232","COLDSCAUR LAKE","2023081911",0,16.6,38,6.4,220,15.4,83.454,2.364,9.097,,,,,,,,,,,,,,,,,,,,,,
"232","COLDSCAUR LAKE","2023081912",0,18.5,35,6.9,242,12,84.305,2.714,10.221,0,90.165,6.215,19.909,50.797,415.3,77.803,3,,,,,,,,,,,,,,
"232","COLDSCAUR LAKE","2023081913",0,19.8,33,9,270,16,85.208,3.413,12.645,,,,,,,,,,,,,,,,,,,,,,
"232","COLDSCAUR LAKE","2023081914",0,20.3,32,9.6,220,16,86.055,3.958,14.202,,,,,,,,,,,,,,,,,,,,,,
"232","COLDSCAUR LAKE","2023081915",0,21,27,7.3,230,17.7,86.949,4.001,14.32,,,,,,,,,,,,,,,,,,,,,,
"232","COLDSCAUR LAKE","2023081916",0,19,30,4.5,260,15.4,87.497,3.757,13.636,,,,,,,,,,,,,,,,,,,,,,
"232","COLDSCAUR LAKE","2023081917",0,20.7,25,6.2,291,14.9,88.226,4.543,15.782,,,,,,,,,,,,,,,,,,,,,,
"232","COLDSCAUR LAKE","2023081918",0,17.6,35,3.6,244,13.7,88.442,4.11,14.621,,,,,,,,,,,,,,,,,,,,,,
"232","COLDSCAUR LAKE","2023081919",0,13.4,53,2.9,359,11.4,88.388,3.937,14.143,,,,,,,,,,,,,,,,,,,,,,
"232","COLDSCAUR LAKE","2023081920",0,8.5,67,1.7,84,5.6,88.093,3.553,13.052,,,,,,,,,,,,,,,,,,,,,,
"232","COLDSCAUR LAKE","2023081921",0,5.5,77,1.8,345,3.9,87.641,3.347,12.449,,,,,,,,,,,,,,,,,,,,,,
"232","COLDSCAUR LAKE","2023081922",0,3.6,84,0,26,3.9,87.188,2.865,10.983,,,,,,,,,,,,,,,,,,,,,,
"232","COLDSCAUR LAKE","2023081923",0,2,90,2.3,30,3.9,86.482,2.91,11.124,,,,,,,,,,,,,,,,,,,,,,
"233","TALCHAKO","2023081900",0,10.5,74,2.1,264,3.9,89.153,4.221,14.015,,,,,,,,,0,193.3,,0,0,0,0,0,,0,0,,0,
"233","TALCHAKO","2023081901",0,10,78,1.7,254,3.9,88.559,3.798,12.903,,,,,,,,,0,193.3,,0,0,0,0,0,,0,0,,0,
"233","TALCHAKO","2023081902",0,9.3,80,1.8,246,3.3,87.972,3.509,12.116,,,,,,,,,0,193.3,,0,0,0,0,0,,0,0,,0,
"233","TALCHAKO","2023081903",0,8.7,84,1.6,246,3.3,87.338,3.173,11.17,,,,,,,,,0,193.3,,0,0,0,0,0,,0,0,,0,
"233","TALCHAKO","2023081904",0,7.2,93,0,259,3.3,86.588,2.631,9.562,,,,,,,,,0,193.3,,0,0,0,0,0,,0,0,,0,
"233","TALCHAKO","2023081905",0,6.7,95,1.6,258,3.3,85.652,2.5,9.156,,,,,,,,,0,193.3,,0,0,0,0,0,,0,0,,0,
"233","TALCHAKO","2023081906",0,7,93,1.6,264,3.3,84.906,2.255,8.375,,,,,,,,,0,193.3,,0,0,0,0,0,,0,0,,0,
"233","TALCHAKO","2023081907",0,7.3,95,1.8,269,3.9,84.111,2.045,7.682,,,,,,,,,0,193.3,,0,0,0,0,0,,0,0,,0,
"233","TALCHAKO","2023081908",0,8.3,94,0,79,3.3,83.561,1.737,6.617,,,,,,,,,0,193.3,,0,0,0,0,0,,0,0,,0,
"233","TALCHAKO","2023081909",0,13.5,70,3.8,41,6.8,83.608,2.116,7.9,,,,,,,,,0,193.3,,0,0,0,0,0,,0,0,,0,
"233","TALCHAKO","2023081910",0,18.2,41,6.5,71,10.8,84.258,2.643,9.577,,,,,,,,,0,193.3,,0,0,0,0,0,,0,0,,0,
"233","TALCHAKO","2023081911",0,21.4,34,5.6,82,10.8,85.154,2.854,10.214,,,,,,,,,0,193.3,,0,0,0,0,0,,0,0,,0,
"233","TALCHAKO","2023081912",0,24.5,25,4,144,9.1,86.366,3.119,10.99,0,92.999,8.026,23.414,46.548,476.582,74.825,3,0,193.3,,0,0,0,0,0,,0,0,,0,
"233","TALCHAKO","2023081913",0,26.8,18,4.7,88,8.5,87.862,3.998,13.995,,,,,,,,,0,193.3,,0,0,0,0,0,,0,0,,0,
"233","TALCHAKO","2023081914",0,28,15,4.2,62,9.7,89.316,4.802,16.105,,,,,,,,,0,193.3,,0,0,0,0,0,,0,0,,0,
"233","TALCHAKO","2023081915",0,23.8,29,3.3,259,11.4,89.744,4.88,16.301,,,,,,,,,0,193.3,,0,0,0,0,0,,0,0,,0,
"233","TALCHAKO","2023081916",0,20.7,39,4,250,5.1,89.793,5.092,16.828,,,,,,,,,0,193.3,,0,0,0,0,0,,0,0,,0,
"233","TALCHAKO","2023081917",0,20.3,37,3.9,255,5.6,89.842,5.102,16.853,,,,,,,,,0,193.3,,0,0,0,0,0,,0,0,,0,
"233","TALCHAKO","2023081918",0,20.4,36,4.9,265,9.1,89.906,5.415,17.618,,,,,,,,,0,193.3,,0,0,0,0,0,,0,0,,0,
"233","TALCHAKO","2023081919",0,18.2,39,3.4,250,8.5,89.955,5.056,16.74,,,,,,,,,0,193.3,,0,0,0,0,0,,0,0,,0,
"233","TALCHAKO","2023081920",0,15.9,47,2.9,259,5.6,89.891,4.885,16.313,,,,,,,,,0,193.3,,0,0,0,0,0,,0,0,,0,
"233","TALCHAKO","2023081921",0,14.4,53,2.4,251,5.6,89.719,4.647,15.71,,,,,,,,,0,193.3,,0,0,0,0,0,,0,0,,0,
"233","TALCHAKO","2023081922",0,13.3,60,1.9,261,4.5,89.438,4.353,14.944,,,,,,,,,0,193.3,,0,0,0,0,0,,0,0,,0,
"233","TALCHAKO","2023081923",0,12.3,60,2.2,261,5.1,89.174,4.255,14.685,,,,,,,,,0,193.3,,0,0,0,0,0,,0,0,,0,
"234","TIMOTHY","2023081900",0,4.3,87,3,79,8.5,86.515,3.029,12.353,,,,,,,,,,,,,,,,,,,,,,
"234","TIMOTHY","2023081901",0,4.2,88,3.3,69,5.1,85.882,2.813,11.64,,,,,,,,,,,,,,,,,,,,,,
"234","TIMOTHY","2023081902",0,4,88,4.3,69,7.9,85.287,2.723,11.337,,,,,,,,,,,,,,,,,,,,,,
"234","TIMOTHY","2023081903",0,4.1,88,4.7,61,10.8,84.738,2.576,10.836,,,,,,,,,,,,,,,,,,,,,,
"234","TIMOTHY","2023081904",0,3.5,91,4,75,10.2,84.142,2.294,9.842,,,,,,,,,,,,,,,,,,,,,,
"234","TIMOTHY","2023081905",0,3.3,90,4.9,55,8.5,83.625,2.241,9.651,,,,,,,,,,,,,,,,,,,,,,
"234","TIMOTHY","2023081906",0,4.1,87,3.8,64,7.9,83.268,2.024,8.848,,,,,,,,,,,,,,,,,,,,,,
"234","TIMOTHY","2023081907",0,6.1,79,4,31,7.4,83.152,2.014,8.81,,,,,,,,,,,,,,,,,,,,,,
"234","TIMOTHY","2023081908",0,11.9,55,4.7,342,9.7,83.365,2.145,9.298,,,,,,,,,,,,,,,,,,,,,,
"234","TIMOTHY","2023081909",0,14.1,47,7.4,332,19.5,83.774,2.593,10.894,,,,,,,,,,,,,,,,,,,,,,
"234","TIMOTHY","2023081910",0,15.3,38,8.1,358,17.7,84.389,2.916,11.984,,,,,,,,,,,,,,,,,,,,,,
"234","TIMOTHY","2023081911",0,16.4,34,8.6,358,17.2,85.088,3.29,13.188,,,,,,,,,,,,,,,,,,,,,,
"234","TIMOTHY","2023081912",0,18.4,29,6.9,326,16,85.91,3.385,13.487,0,90.875,6.878,23.331,58.937,514.335,91.626,3,,,,,,,,,,,,,,
"234","TIMOTHY","2023081913",0,18.6,29,8.1,30,16,86.654,3.995,15.685,,,,,,,,,,,,,,,,,,,,,,
"234","TIMOTHY","2023081914",0,20.3,23,6.7,284,15.4,87.558,4.233,16.389,,,,,,,,,,,,,,,,,,,,,,
"234","TIMOTHY","2023081915",0,20.4,25,6.5,333,21.8,88.27,4.641,17.554,,,,,,,,,,,,,,,,,,,,,,
"234","TIMOTHY","2023081916",0,20.4,25,7.9,346,17.2,88.9,5.452,19.757,,,,,,,,,,,,,,,,,,,,,,
"234","TIMOTHY","2023081917",0,19.3,26,5.2,346,17.2,89.339,5.068,18.731,,,,,,,,,,,,,,,,,,,,,,
"234","TIMOTHY","2023081918",0,17.2,29,6.3,15,14.9,89.577,5.543,19.995,,,,,,,,,,,,,,,,,,,,,,
"234","TIMOTHY","2023081919",0,13.6,38,3.8,61,10.8,89.626,4.921,18.332,,,,,,,,,,,,,,,,,,,,,,
"234","TIMOTHY","2023081920",0,11,44,3.5,84,5.6,89.583,4.818,18.046,,,,,,,,,,,,,,,,,,,,,,
"234","TIMOTHY","2023081921",0,10.1,46,3.9,81,6.2,89.504,4.86,18.164,,,,,,,,,,,,,,,,,,,,,,
"234","TIMOTHY","2023081922",0,9.8,47,4.2,80,5.1,89.413,4.87,18.19,,,,,,,,,,,,,,,,,,,,,,
"234","TIMOTHY","2023081923",0,9.4,50,4.3,77,5.6,89.28,4.802,18.003,,,,,,,,,,,,,,,,,,,,,,
"235","YOUNG LAKE","2023081900",0,2.5,83,5.4,267,10.2,88.12,4.298,19.042,,,,,,,,,,,,,,,,,,,,,,
"235","YOUNG LAKE","2023081901",0,0.9,92,7,272,10.8,87.155,4.058,18.257,,,,,,,,,,,,,,,,,,,,,,
"235","YOUNG LAKE","2023081902",0,4.1,80,6.7,293,13.7,86.641,3.715,17.1,,,,,,,,,,,,,,,,,,,,,,
"235","YOUNG LAKE","2023081903",0,2,87,5.7,269,9.7,86.008,3.231,15.391,,,,,,,,,,,,,,,,,,,,,,
"235","YOUNG LAKE","2023081904",0,-0.5,93,8.5,160,9.7,85.189,3.319,15.71,,,,,,,,,,,,,,,,,,,,,,
"235","YOUNG LAKE","2023081905",0,-1.2,95,5.9,194,9.1,84.402,2.615,13.065,,,,,,,,,,,,,,,,,,,,,,
"235","YOUNG LAKE","2023081906",0,-0.3,96,1.8,243,7.4,83.716,1.941,10.265,,,,,,,,,,,,,,,,,,,,,,
"235","YOUNG LAKE","2023081907",0,7.8,69,2.6,3,5.1,83.759,2.032,10.663,,,,,,,,,,,,,,,,,,,,,,
"235","YOUNG LAKE","2023081908",0,10.3,59,9.2,323,12.5,83.849,2.867,14.042,,,,,,,,,,,,,,,,,,,,,,
"235","YOUNG LAKE","2023081909",0,12.9,49,10.9,320,16,84.159,3.256,15.482,,,,,,,,,,,,,,,,,,,,,,
"235","YOUNG LAKE","2023081910",0,16.1,39,8.4,26,18.9,84.74,3.105,14.931,,,,,,,,,,,,,,,,,,,,,,
"235","YOUNG LAKE","2023081911",0,16.7,34,9.6,314,19.5,85.421,3.623,16.782,,,,,,,,,,,,,,,,,,,,,,
"235","YOUNG LAKE","2023081912",0,18.1,31,9.6,303,21.2,86.165,4.02,18.131,0,91.577,8.709,31.527,89.157,514.119,124.387,4,,,,,,,,,,,,,,
"235","YOUNG LAKE","2023081913",0,19.6,25,7.1,21,22.3,87.037,4.011,18.297,,,,,,,,,,,,,,,,,,,,,,
"235","YOUNG LAKE","2023081914",0,19.4,25,5.9,10,18.3,87.764,4.188,18.888,,,,,,,,,,,,,,,,,,,,,,
"235","YOUNG LAKE","2023081915",0,20.2,22,8.5,57,24.6,88.572,5.361,22.565,,,,,,,,,,,,,,,,,,,,,,
"235","YOUNG LAKE","2023081916",0,20.2,20,7.1,36,14.9,89.319,5.561,23.158,,,,,,,,,,,,,,,,,,,,,,
"235","YOUNG LAKE","2023081917",0,20.2,22,7.9,340,18.3,89.896,6.289,25.243,,,,,,,,,,,,,,,,,,,,,,
"235","YOUNG LAKE","2023081918",0,19.1,22,7.2,359,13.7,90.342,6.472,25.75,,,,,,,,,,,,,,,,,,,,,,
"235","YOUNG LAKE","2023081919",0,15.4,28,6.6,340,13.7,90.441,6.368,25.463,,,,,,,,,,,,,,,,,,,,,,
"235","YOUNG LAKE","2023081920",0,9.6,42,4.5,311,10.2,90.349,5.654,23.431,,,,,,,,,,,,,,,,,,,,,,
"235","YOUNG LAKE","2023081921",0,8,48,3.1,195,10.2,90.177,5.14,21.901,,,,,,,,,,,,,,,,,,,,,,
"235","YOUNG LAKE","2023081922",0,5.6,55,4.6,340,5.6,89.889,5.32,22.444,,,,,,,,,,,,,,,,,,,,,,
"235","YOUNG LAKE","2023081923",0,5,56,3.5,298,6.2,89.62,4.843,20.987,,,,,,,,,,,,,,,,,,,,,,
"236","MEADOW LAKE","2023081900",0,3.9,85,6.3,324,7.9,87.797,4.294,17.783,,,,,,,,,,,,,,,,,,,,,,
"236","MEADOW LAKE","2023081901",0,2.3,94,7,337,9.7,86.73,3.82,16.297,,,,,,,,,,,,,,,,,,,,,,
"236","MEADOW LAKE","2023081902",0,-0.3,96,7.8,344,10.2,85.698,3.439,15.048,,,,,,,,,,,,,,,,,,,,,,
"236","MEADOW LAKE","2023081903",0,-0.6,98,4.2,340,10.2,84.731,2.51,11.752,,,,,,,,,,,,,,,,,,,,,,
"236","MEADOW LAKE","2023081904",0,-0.7,97,3,237,9.1,83.937,2.123,10.246,,,,,,,,,,,,,,,,,,,,,,
"236","MEADOW LAKE","2023081905",0,-0.5,99,4.4,314,8.5,83.046,2.027,9.86,,,,,,,,,,,,,,,,,,,,,,
"236","MEADOW LAKE","2023081906",0,-0.4,96,1.8,233,4.5,82.462,1.652,8.272,,,,,,,,,,,,,,,,,,,,,,
"236","MEADOW LAKE","2023081907",0,5.5,87,3.6,274,6.2,82.21,1.753,8.712,,,,,,,,,,,,,,,,,,,,,,
"236","MEADOW LAKE","2023081908",0,11.2,59,5.6,256,8.5,82.429,1.992,9.717,,,,,,,,,,,,,,,,,,,,,,
"236","MEADOW LAKE","2023081909",0,15.2,43,8,17,18.3,83.065,2.437,11.474,,,,,,,,,,,,,,,,,,,,,,
"236","MEADOW LAKE","2023081910",0,15.4,41,10.5,8,22.9,83.717,3.009,13.57,,,,,,,,,,,,,,,,,,,,,,
"236","MEADOW LAKE","2023081911",0,16.5,35,10.7,38,25.2,84.5,3.375,14.832,,,,,,,,,,,,,,,,,,,,,,
"236","MEADOW LAKE","2023081912",0,18,31,9.8,42,21.2,85.361,3.63,15.679,0,91.082,8.199,28.587,69.663,611.85,108.455,4,,,,,,,,,,,,,,
"236","MEADOW LAKE","2023081913",0,19.2,29,9.7,50,20.6,86.23,4.078,17.401,,,,,,,,,,,,,,,,,,,,,,
"236","MEADOW LAKE","2023081914",0,20.2,25,6.3,217,19.5,87.109,3.892,16.805,,,,,,,,,,,,,,,,,,,,,,
"236","MEADOW LAKE","2023081915",0,20.1,25,9.7,103,18.3,87.914,5.182,20.735,,,,,,,,,,,,,,,,,,,,,,
"236","MEADOW LAKE","2023081916",0,20,25,10.5,86,19.5,88.606,5.958,22.907,,,,,,,,,,,,,,,,,,,,,,
"236","MEADOW LAKE","2023081917",0,20.5,22,8.4,356,17.2,89.305,5.926,22.817,,,,,,,,,,,,,,,,,,,,,,
"236","MEADOW LAKE","2023081918",0,20,23,6.5,336,20,89.826,5.802,22.48,,,,,,,,,,,,,,,,,,,,,,
"236","MEADOW LAKE","2023081919",0,17.1,26,8.6,19,13.1,90.095,6.704,24.883,,,,,,,,,,,,,,,,,,,,,,
"236","MEADOW LAKE","2023081920",0,12.9,37,7.8,26,11.4,90.135,6.475,24.288,,,,,,,,,,,,,,,,,,,,,,
"236","MEADOW LAKE","2023081921",0,7.6,55,4.6,340,9.7,89.852,5.293,21.052,,,,,,,,,,,,,,,,,,,,,,
"236","MEADOW LAKE","2023081922",0,5.7,64,4.1,271,7.4,89.449,4.871,19.827,,,,,,,,,,,,,,,,,,,,,,
"236","MEADOW LAKE","2023081923",0,3,79,3.4,308,7.9,88.823,4.298,18.092,,,,,,,,,,,,,,,,,,,,,,
"239","CLEARWATER HUB","2023081900",0,7.6,81,0,98,5.6,89.436,3.954,15.946,,,,,,,,,,0.3,,,,0,2,967.02,,,,,,
"239","CLEARWATER HUB","2023081901",0,6.5,87,2.3,334,6.2,88.568,3.92,15.842,,,,,,,,,,0.3,,,,0,2,966.99,,,,,,
"239","CLEARWATER HUB","2023081902",0,5.8,92,0,39,6.8,87.787,3.121,13.291,,,,,,,,,,0.3,,,,0,2,966.96,,,,,,
"239","CLEARWATER HUB","2023081903",0,5.3,93,0,64,7.4,87.035,2.803,12.206,,,,,,,,,,0.3,,,,0,2,966.93,,,,,,
"239","CLEARWATER HUB","2023081904",0,4.6,97,0,81,3.9,86.167,2.479,11.053,,,,,,,,,,0.4,,,,0,2,966.92,,,,,,
"239","CLEARWATER HUB","2023081905",0,3.8,97,2.6,323,3.3,85.17,2.459,10.979,,,,,,,,,,0.3,,,,0,2,966.9,,,,,,
"239","CLEARWATER HUB","2023081906",0,5,98,1.9,37,5.6,84.201,2.08,9.553,,,,,,,,,,0.5,,,,0,2,966.82,,,,,,
"239","CLEARWATER HUB","2023081907",0,8.1,84,2,311,7.4,83.908,2.011,9.28,,,,,,,,,,0.7,,,,0,2,966.67,,,,,,
"239","CLEARWATER HUB","2023081908",0,12.7,57,5,15,12,84.045,2.382,10.695,,,,,,,,,,0.8,,,,0,2,966.39,,,,,,
"239","CLEARWATER HUB","2023081909",0,16,50,7.1,334,16,84.374,2.767,12.08,,,,,,,,,,-13.4,,,,0,2,966.34,,,,,,
"239","CLEARWATER HUB","2023081910",0,18,44,6.1,28,20,84.85,2.807,12.22,,,,,,,,,,-13.3,,,,0,2,966.42,,,,,,
"239","CLEARWATER HUB","2023081911",0,21.5,37,5.2,78,10.8,85.576,2.966,12.765,,,,,,,,,,-27.7,,,,0,2,966.33,,,,,,
"239","CLEARWATER HUB","2023081912",0,22.6,29,7.7,118,17.2,86.563,3.865,15.672,0,92.411,8.904,29.143,66.094,516.037,100.127,4,,-9.7,,,,0,2,966.39,,,,,,
"239","CLEARWATER HUB","2023081913",0,24.3,24,5.2,70,13.7,87.631,3.966,16.367,,,,,,,,,,-12.5,,,,0,2,966.45,,,,,,
"239","CLEARWATER HUB","2023081914",0,25.2,19,7.3,115,13.1,88.843,5.246,20.117,,,,,,,,,,-15.4,,,,0,2,966.51,,,,,,
"239","CLEARWATER HUB","2023081915",0,26.1,20,6.8,111,15.4,89.854,5.914,21.925,,,,,,,,,,-19.1,,,,0,2,966.53,,,,,,
"239","CLEARWATER HUB","2023081916",0,26.2,20,4.8,106,13.1,90.661,6.002,22.156,,,,,,,,,,-14.9,,,,0,2,966.53,,,,,,
"239","CLEARWATER HUB","2023081917",0,26.3,21,3.6,73,14.9,91.278,6.169,22.592,,,,,,,,,,-15.3,,,,0,2,966.49,,,,,,
"239","CLEARWATER HUB","2023081918",0,25.5,23,2.2,83,8.5,91.668,6.077,22.352,,,,,,,,,,3.5,,,,0,2,966.6,,,,,,
"239","CLEARWATER HUB","2023081919",0,18.7,44,2.1,93,10.2,91.535,5.933,21.974,,,,,,,,,,4.8,,,,0,2,966.91,,,,,,
"239","CLEARWATER HUB","2023081920",0,15.2,53,3.8,74,7.4,91.19,6.154,22.552,,,,,,,,,,-11.9,,,,0,2,966.99,,,,,,
"239","CLEARWATER HUB","2023081921",0,14,61,3.5,73,6.8,90.714,5.664,21.258,,,,,,,,,,2.2,,,,0,2,966.9,,,,,,
"239","CLEARWATER HUB","2023081922",0,12.1,69,2.8,50,6.8,90.132,5.031,19.515,,,,,,,,,,0.7,,,,0,2,966.89,,,,,,
"239","CLEARWATER HUB","2023081923",0,11.2,68,2.3,31,8.5,89.646,4.576,18.206,,,,,,,,,,0.7,,,,0,2,966.83,,,,,,
"243","EAST BARRIERE","2023081900",0,4.9,93,0,106,4.5,86.746,2.691,12.435,,,,,,,,,,,,,,,,,,,,,,
"243","EAST BARRIERE","2023081901",0,4.1,96,1.6,82,5.6,85.795,2.551,11.915,,,,,,,,,,,,,,,,,,,,,,
"243","EAST BARRIERE","2023081902",0,3.5,97,2,350,5.1,84.863,2.287,10.907,,,,,,,,,,,,,,,,,,,,,,
"243","EAST BARRIERE","2023081903",0,2.8,98,1.7,95,4.5,83.979,1.999,9.753,,,,,,,,,,,,,,,,,,,,,,
"243","EAST BARRIERE","2023081904",0,2.6,98,2.1,320,5.1,83.157,1.831,9.054,,,,,,,,,,,,,,,,,,,,,,
"243","EAST BARRIERE","2023081905",0,2,99,1.7,95,4.5,82.367,1.624,8.158,,,,,,,,,,,,,,,,,,,,,,
"243","EAST BARRIERE","2023081906",0,2.6,99,0,236,4.5,81.764,1.386,7.074,,,,,,,,,,,,,,,,,,,,,,
"243","EAST BARRIERE","2023081907",0,5.5,99,1.7,289,2.8,81.035,1.387,7.079,,,,,,,,,,,,,,,,,,,,,,
"243","EAST BARRIERE","2023081908",0,9.7,76,3.4,258,5.1,81.083,1.519,7.686,,,,,,,,,,,,,,,,,,,,,,
"243","EAST BARRIERE","2023081909",0,14.3,53,3.9,244,7.9,81.547,1.644,8.243,,,,,,,,,,,,,,,,,,,,,,
"243","EAST BARRIERE","2023081910",0,17.4,44,6.6,272,13.1,82.32,2.067,10.031,,,,,,,,,,,,,,,,,,,,,,
"243","EAST BARRIERE","2023081911",0,20.1,39,6.1,287,12,83.255,2.269,10.835,,,,,,,,,,,,,,,,,,,,,,
"243","EAST BARRIERE","2023081912",0,22.4,30,5.4,217,16,84.465,2.572,11.993,0,92.194,7.691,27.5,68.488,687.227,109.656,4,,,,,,,,,,,,,,
"243","EAST BARRIERE","2023081913",0,23.4,28,7.1,286,17.7,85.687,3.315,14.963,,,,,,,,,,,,,,,,,,,,,,
"243","EAST BARRIERE","2023081914",0,24.2,25,6.8,285,16,86.883,3.865,16.809,,,,,,,,,,,,,,,,,,,,,,
"243","EAST BARRIERE","2023081915",0,24.6,26,4.6,320,12.5,87.83,3.96,17.115,,,,,,,,,,,,,,,,,,,,,,
"243","EAST BARRIERE","2023081916",0,24.7,24,4.5,267,13.1,88.712,4.471,18.725,,,,,,,,,,,,,,,,,,,,,,
"243","EAST BARRIERE","2023081917",0,24.1,30,2.7,192,12.5,89.195,4.376,18.432,,,,,,,,,,,,,,,,,,,,,,
"243","EAST BARRIERE","2023081918",0,19.4,46,0,106,7.4,89.244,3.847,16.75,,,,,,,,,,,,,,,,,,,,,,
"243","EAST BARRIERE","2023081919",0,15.2,63,2.7,110,4.5,88.946,4.223,17.954,,,,,,,,,,,,,,,,,,,,,,
"243","EAST BARRIERE","2023081920",0,11.8,76,1.7,79,7.4,88.411,3.718,16.328,,,,,,,,,,,,,,,,,,,,,,
"243","EAST BARRIERE","2023081921",0,9.2,80,1.7,255,4.5,87.842,3.427,15.35,,,,,,,,,,,,,,,,,,,,,,
"243","EAST BARRIERE","2023081922",0,7.9,82,1.8,95,4.5,87.278,3.178,14.487,,,,,,,,,,,,,,,,,,,,,,
"243","EAST BARRIERE","2023081923",0,6.5,87,0,97,0,86.751,2.693,12.727,,,,,,,,,,,,,,,,,,,,,,
"244","WINDY MOUNTAIN","2023081900",0,3.4,90,5.9,318,8.5,85.501,3.04,10.289,,,,,,,,,,,,,,,,,,,,,,
"244","WINDY MOUNTAIN","2023081901",0,3.2,90,3.1,314,10.2,84.899,2.43,8.504,,,,,,,,,,,,,,,,,,,,,,
"244","WINDY MOUNTAIN","2023081902",0,2.8,94,4.2,354,7.9,84.157,2.322,8.174,,,,,,,,,,,,,,,,,,,,,,
"244","WINDY MOUNTAIN","2023081903",0,2.8,91,5.3,56,6.8,83.596,2.279,8.039,,,,,,,,,,,,,,,,,,,,,,
"244","WINDY MOUNTAIN","2023081904",0,2.7,93,2.1,3,6.2,83.062,1.809,6.519,,,,,,,,,,,,,,,,,,,,,,
"244","WINDY MOUNTAIN","2023081905",0,2.9,91,2.1,325,5.1,82.648,1.717,6.204,,,,,,,,,,,,,,,,,,,,,,
"244","WINDY MOUNTAIN","2023081906",0,3.3,91,1.9,336,3.3,82.269,1.621,5.873,,,,,,,,,,,,,,,,,,,,,,
"244","WINDY MOUNTAIN","2023081907",0,5.1,84,2.5,279,7.4,82.125,1.642,5.945,,,,,,,,,,,,,,,,,,,,,,
"244","WINDY MOUNTAIN","2023081908",0,10.8,65,5.2,267,9.1,82.256,1.911,6.86,,,,,,,,,,,,,,,,,,,,,,
"244","WINDY MOUNTAIN","2023081909",0,13.6,55,7.5,264,15.4,82.603,2.241,7.92,,,,,,,,,,,,,,,,,,,,,,
"244","WINDY MOUNTAIN","2023081910",0,15,44,7.1,306,17.7,83.179,2.363,8.3,,,,,,,,,,,,,,,,,,,,,,
"244","WINDY MOUNTAIN","2023081911",0,15.9,48,9.4,281,17.2,83.659,2.825,9.675,,,,,,,,,,,,,,,,,,,,,,
"244","WINDY MOUNTAIN","2023081912",0,17.9,37,9.7,235,23.5,84.444,3.185,10.692,0,89.231,6.26,18.56,44.376,354.769,67.61,4,,,,,,,,,,,,,,
"244","WINDY MOUNTAIN","2023081913",0,18.9,36,10.8,265,18.3,85.218,3.742,12.532,,,,,,,,,,,,,,,,,,,,,,
"244","WINDY MOUNTAIN","2023081914",0,19.7,32,9,278,20,86.025,3.824,12.751,,,,,,,,,,,,,,,,,,,,,,
"244","WINDY MOUNTAIN","2023081915",0,19.7,29,8.2,248,18.3,86.807,4.102,13.475,,,,,,,,,,,,,,,,,,,,,,
"244","WINDY MOUNTAIN","2023081916",0,19.1,27,9.3,299,21.8,87.534,4.809,15.236,,,,,,,,,,,,,,,,,,,,,,
"244","WINDY MOUNTAIN","2023081917",0,18.3,29,8.4,297,17.2,88.055,4.953,15.581,,,,,,,,,,,,,,,,,,,,,,
"244","WINDY MOUNTAIN","2023081918",0,14.9,37,7.2,331,16.6,88.195,4.756,15.107,,,,,,,,,,,,,,,,,,,,,,
"244","WINDY MOUNTAIN","2023081919",0,11.6,43,9.6,355,13.7,88.244,5.405,16.644,,,,,,,,,,,,,,,,,,,,,,
"244","WINDY MOUNTAIN","2023081920",0,10.7,49,8.7,1,14.3,88.225,5.152,16.053,,,,,,,,,,,,,,,,,,,,,,
"244","WINDY MOUNTAIN","2023081921",0,9.8,49,7.8,343,14.3,88.198,4.904,15.465,,,,,,,,,,,,,,,,,,,,,,
"244","WINDY MOUNTAIN","2023081922",0,10.5,45,10.3,9,14.3,88.243,5.599,17.089,,,,,,,,,,,,,,,,,,,,,,
"244","WINDY MOUNTAIN","2023081923",0,10.4,49,9.9,7,14.3,88.218,5.468,16.787,,,,,,,,,,,,,,,,,,,,,,
"250","HARBOUR LAKE","2023081900",0,2,95,4.3,245,6.8,81.869,1.743,4.94,,,,,,,,,0,0,,0,0,0,0,0,,0,0,,0,
"250","HARBOUR LAKE","2023081901",0,1.8,97,3.9,261,5.6,81.249,1.588,4.484,,,,,,,,,0,0,,0,0,0,0,0,,0,0,,0,
"250","HARBOUR LAKE","2023081902",0,1.4,99,4.3,255,5.1,80.554,1.498,4.215,,,,,,,,,0,0,,0,0,0,0,0,,0,0,,0,
"250","HARBOUR LAKE","2023081903",0,1.8,98,4.1,264,5.6,79.982,1.396,3.899,,,,,,,,,0,0,,0,0,0,0,0,,0,0,,0,
"250","HARBOUR LAKE","2023081904",0,1.8,99,3.8,273,6.8,79.4,1.296,3.585,,,,,,,,,0,0,,0,0,0,0,0,,0,0,,0,
"250","HARBOUR LAKE","2023081905",0,1.4,100,3.1,237,5.6,78.818,1.184,3.221,,,,,,,,,0,0,,0,0,0,0,0,,0,0,,0,
"250","HARBOUR LAKE","2023081906",0,3.8,96,1.7,98,5.1,78.532,1.075,2.856,,,,,,,,,0,0,,0,0,0,0,0,,0,0,,0,
"250","HARBOUR LAKE","2023081907",0,9.1,68,4.5,4,9.1,78.819,1.27,3.503,,,,,,,,,0,0,,0,0,0,0,0,,0,0,,0,
"250","HARBOUR LAKE","2023081908",0,11.4,59,5,22,10.8,79.289,1.362,3.794,,,,,,,,,0,0,,0,0,0,0,0,,0,0,,0,
"250","HARBOUR LAKE","2023081909",0,11.8,55,8.2,331,15.4,79.853,1.693,4.795,,,,,,,,,0,0,,0,0,0,0,0,,0,0,,0,
"250","HARBOUR LAKE","2023081910",0,13.2,49,7.6,338,14.3,80.529,1.765,5.003,,,,,,,,,0,0,,0,0,0,0,0,,0,0,,0,
"250","HARBOUR LAKE","2023081911",0,14.7,48,6.8,314,19.5,81.206,1.828,5.186,,,,,,,,,0,0,,0,0,0,0,0,,0,0,,0,
"250","HARBOUR LAKE","2023081912",0,15.2,43,6.8,1,14.9,81.951,1.996,5.657,0,89.243,5.418,13.836,31.8,248.582,48.189,3,0,0,,0,0,0,0,0,,0,0,,0,
"250","HARBOUR LAKE","2023081913",0,16.5,36,6.9,311,17.2,82.852,2.243,6.555,,,,,,,,,0,0,,0,0,0,0,0,,0,0,,0,
"250","HARBOUR LAKE","2023081914",0,16.6,37,8.6,359,18.9,83.659,2.713,7.795,,,,,,,,,0,0,,0,0,0,0,0,,0,0,,0,
"250","HARBOUR LAKE","2023081915",0,17.5,31,6.1,7,14.3,84.536,2.69,7.735,,,,,,,,,0,0,,0,0,0,0,0,,0,0,,0,
"250","HARBOUR LAKE","2023081916",0,16.7,35,7.7,359,14.3,85.191,3.189,8.978,,,,,,,,,0,0,,0,0,0,0,0,,0,0,,0,
"250","HARBOUR LAKE","2023081917",0,13.8,39,6.7,6,16,85.567,3.195,8.992,,,,,,,,,0,0,,0,0,0,0,0,,0,0,,0,
"250","HARBOUR LAKE","2023081918",0,11,56,5.2,322,12.5,85.615,2.982,8.471,,,,,,,,,0,0,,0,0,0,0,0,,0,0,,0,
"250","HARBOUR LAKE","2023081919",0,8.2,73,4.1,287,9.1,85.423,2.747,7.881,,,,,,,,,0,0,,0,0,0,0,0,,0,0,,0,
"250","HARBOUR LAKE","2023081920",0,6.4,79,4.3,241,9.1,85.114,2.659,7.655,,,,,,,,,0,0,,0,0,0,0,0,,0,0,,0,
"250","HARBOUR LAKE","2023081921",0,5.9,74,4,233,6.8,84.936,2.555,7.387,,,,,,,,,0,0,,0,0,0,0,0,,0,0,,0,
"250","HARBOUR LAKE","2023081922",0,5.4,82,4.6,227,7.4,84.594,2.514,7.278,,,,,,,,,0,0,,0,0,0,0,0,,0,0,,0,
"250","HARBOUR LAKE","2023081923",0,4.8,84,4.2,234,5.6,84.235,2.347,6.834,,,,,,,,,0,0,,0,0,0,0,0,,0,0,,0,
"253","CAHILTY","2023081900",0,3.7,78,8.7,311,15.8,86.498,4.027,18.902,,,,,,,,,,,,,,0,,,,,,6949.6,,
"253","CAHILTY","2023081901",0,4.6,76,10,321,20.2,86.106,4.068,19.043,,,,,,,,,,,,,,0,,,,,,6949.6,,
"253","CAHILTY","2023081902",0,4.4,76,5.9,309,21.7,85.784,3.163,15.789,,,,,,,,,,,,,,0,,,,,,6949.6,,
"253","CAHILTY","2023081903",0,2.2,86,1.9,86,9.8,85.322,2.424,12.854,,,,,,,,,,,,,,0,,,,,,6949.6,,
"253","CAHILTY","2023081904",0,2,88,2.7,355,9.4,84.822,2.356,12.567,,,,,,,,,,,,,,0,,,,,,6949.6,,
"253","CAHILTY","2023081905",0,3,86,7.7,352,17.5,84.35,2.843,14.554,,,,,,,,,,,,,,0,,,,,,6949.6,,
"253","CAHILTY","2023081906",0,3.8,83,7.1,354,14.7,84.012,2.636,13.726,,,,,,,,,,,,,,0,,,,,,6949.6,,
"253","CAHILTY","2023081907",0,5.5,74,1.2,177,12.6,83.939,1.939,10.736,,,,,,,,,,,,,,0,,,,,,6949.6,,
"253","CAHILTY","2023081908",0,11.1,51,5.4,348,10.9,84.139,2.461,13.007,,,,,,,,,,,,,,0,,,,,,6949.6,,
"253","CAHILTY","2023081909",0,11.1,57,5.7,159,11.9,84.234,2.531,13.295,,,,,,,,,,,,,,0,,,,,,6949.6,,
"253","CAHILTY","2023081910",0,12.5,50,5,129,10.5,84.45,2.515,13.231,,,,,,,,,,,,,,0,,,,,,6949.6,,
"253","CAHILTY","2023081911",0,13.7,46,4.5,219,11,84.739,2.551,13.378,,,,,,,,,,,,,,0,,,,,,6949.6,,
"253","CAHILTY","2023081912",0,14.5,46,7.9,155,16.4,85.043,3.156,15.765,0,89.162,5.661,24.256,96.927,570.832,136.086,5,,,,,,0,,,,,,6949.6,,
"253","CAHILTY","2023081913",0,15.7,41,4.3,206,16.8,85.423,2.775,14.372,,,,,,,,,,,,,,0,,,,,,6949.6,,
"253","CAHILTY","2023081914",0,16.2,34,5.3,128,12.2,85.952,3.142,15.805,,,,,,,,,,,,,,0,,,,,,6949.6,,
"253","CAHILTY","2023081915",0,16.2,34,5,146,12.6,86.419,3.305,16.42,,,,,,,,,,,,,,0,,,,,,6949.6,,
"253","CAHILTY","2023081916",0,16,34,4.4,28,15,86.822,3.395,16.754,,,,,,,,,,,,,,0,,,,,,6949.6,,
"253","CAHILTY","2023081917",0,15.5,41,2.9,340,12.2,87.007,3.232,16.146,,,,,,,,,,,,,,0,,,,,,6949.6,,
"253","CAHILTY","2023081918",0,14.1,42,3.1,342,7.7,87.13,3.322,16.484,,,,,,,,,,,,,,0,,,,,,6949.6,,
"253","CAHILTY","2023081919",0,10.3,54,3.9,4,8.2,87.135,3.461,16.998,,,,,,,,,,,,,,0,,,,,,6949.6,,
"253","CAHILTY","2023081920",0,8.4,55,5.2,356,9,87.101,3.677,17.783,,,,,,,,,,,,,,0,,,,,,6949.6,,
"253","CAHILTY","2023081921",0,7.9,57,6,357,10.3,87.033,3.792,18.19,,,,,,,,,,,,,,0,,,,,,6949.6,,
"253","CAHILTY","2023081922",0,7.6,53,6.5,2,14.9,87.024,3.884,18.514,,,,,,,,,,,,,,0,,,,,,6949.6,,
"253","CAHILTY","2023081923",0,7.3,56,6.5,355,12.1,86.97,3.854,18.409,,,,,,,,,,,,,,0,,,,,,6949.6,,
"255","LIKELY RS","2023081900",0,4.8,95,9.1,28,18.3,83.403,2.69,9.683,,,,,,,,,,,,,,,,,,,,,,
"255","LIKELY RS","2023081901",0,5,92,8.4,26,17.2,82.811,2.407,8.806,,,,,,,,,,,,,,,,,,,,,,
"255","LIKELY RS","2023081902",0,4.6,89,6.3,41,18.9,82.431,2.064,7.696,,,,,,,,,,,,,,,,,,,,,,
"255","LIKELY RS","2023081903",0,4.1,92,7.9,38,17.2,81.946,2.109,7.843,,,,,,,,,,,,,,,,,,,,,,
"255","LIKELY RS","2023081904",0,3.5,93,6.3,69,17.2,81.48,1.84,6.935,,,,,,,,,,,,,,,,,,,,,,
"255","LIKELY RS","2023081905",0,2.9,95,6.8,52,16.6,80.952,1.776,6.712,,,,,,,,,,,,,,,,,,,,,,
"255","LIKELY RS","2023081906",0,2,97,2.4,152,12,80.438,1.344,5.128,,,,,,,,,,,,,,,,,,,,,,
"255","LIKELY RS","2023081907",0,5.8,88,3.1,71,13.1,80.335,1.377,5.255,,,,,,,,,,,,,,,,,,,,,,
"255","LIKELY RS","2023081908",0,8.5,80,4.5,70,10.2,80.381,1.485,5.662,,,,,,,,,,,,,,,,,,,,,,
"255","LIKELY RS","2023081909",0,13.2,57,5.2,50,10.8,80.818,1.614,6.135,,,,,,,,,,,,,,,,,,,,,,
"255","LIKELY RS","2023081910",0,16.6,47,5,315,13.1,81.529,1.734,6.562,,,,,,,,,,,,,,,,,,,,,,
"255","LIKELY RS","2023081911",0,19,33,6,348,16,82.674,2.096,7.802,,,,,,,,,,,,,,,,,,,,,,
"255","LIKELY RS","2023081912",0,21.1,28,8,17,17.7,84.021,2.762,9.898,0,91.355,7.785,22.692,46.027,453.938,73.438,4,,,,,,,,,,,,,,
"255","LIKELY RS","2023081913",0,22.2,23,8.4,286,20.6,85.45,3.424,12.255,,,,,,,,,,,,,,,,,,,,,,
"255","LIKELY RS","2023081914",0,22,22,6.2,309,16.6,86.642,3.624,12.819,,,,,,,,,,,,,,,,,,,,,,
"255","LIKELY RS","2023081915",0,22.6,21,5.4,52,15.4,87.718,4.057,14.005,,,,,,,,,,,,,,,,,,,,,,
"255","LIKELY RS","2023081916",0,22.1,25,7.9,303,20,88.508,5.154,16.807,,,,,,,,,,,,,,,,,,,,,,
"255","LIKELY RS","2023081917",0,20.7,24,5.9,333,10.2,89.127,5.092,16.657,,,,,,,,,,,,,,,,,,,,,,
"255","LIKELY RS","2023081918",0,17.5,42,1.8,17,9.1,89.176,4.171,14.31,,,,,,,,,,,,,,,,,,,,,,
"255","LIKELY RS","2023081919",0,12.8,63,3.4,88,5.1,88.865,4.324,14.711,,,,,,,,,,,,,,,,,,,,,,
"255","LIKELY RS","2023081920",0,8.8,75,2.2,106,5.1,88.362,3.786,13.27,,,,,,,,,,,,,,,,,,,,,,
"255","LIKELY RS","2023081921",0,6.5,83,3.6,96,5.6,87.687,3.689,13,,,,,,,,,,,,,,,,,,,,,,
"255","LIKELY RS","2023081922",0,5.6,87,4.2,111,9.7,86.943,3.419,12.24,,,,,,,,,,,,,,,,,,,,,,
"255","LIKELY RS","2023081923",0,5.6,82,2.6,91,12,86.454,2.943,10.841,,,,,,,,,,,,,,,,,,,,,,
"262","BIG VALLEY","2023081900",0,1.4,100,4.5,9,5.6,78.273,1.21,4.23,,,,,,,,,0,0,,0,0,0,0,0,,0,0,,0,
"262","BIG VALLEY","2023081901",0,1.1,100,2.9,9,7.4,77.788,1.071,3.697,,,,,,,,,0,0,,0,0,0,0,0,,0,0,,0,
"262","BIG VALLEY","2023081902",0,0.2,100,4,353,5.1,77.33,1.092,3.778,,,,,,,,,0,0,,0,0,0,0,0,,0,0,,0,
"262","BIG VALLEY","2023081903",0,0.1,100,3.7,346,5.1,76.913,1.043,3.583,,,,,,,,,0,0,,0,0,0,0,0,,0,0,,0,
"262","BIG VALLEY","2023081904",0,0.4,100,4.1,6,5.6,76.522,1.035,3.552,,,,,,,,,0,0,,0,0,0,0,0,,0,0,,0,
"262","BIG VALLEY","2023081905",0,0.2,100,2.6,334,5.6,76.182,0.938,3.16,,,,,,,,,0,0,,0,0,0,0,0,,0,0,,0,
"262","BIG VALLEY","2023081906",0,2.2,100,7.8,16,9.1,75.809,1.19,4.155,,,,,,,,,0,0,,0,0,0,0,0,,0,0,,0,
"262","BIG VALLEY","2023081907",0,5.4,99,5.4,33,8.5,75.564,1.039,3.568,,,,,,,,,0,0,,0,0,0,0,0,,0,0,,0,
"262","BIG VALLEY","2023081908",0,9.6,64,5.9,32,9.7,76.131,1.104,3.823,,,,,,,,,0,0,,0,0,0,0,0,,0,0,,0,
"262","BIG VALLEY","2023081909",0,11.9,51,6.1,43,10.2,77.001,1.184,4.133,,,,,,,,,0,0,,0,0,0,0,0,,0,0,,0,
"262","BIG VALLEY","2023081910",0,13.1,41,7.3,79,12,78.111,1.374,4.836,,,,,,,,,0,0,,0,0,0,0,0,,0,0,,0,
"262","BIG VALLEY","2023081911",0,13.4,48,9.3,78,15.4,79.008,1.647,5.795,,,,,,,,,0,0,,0,0,0,0,0,,0,0,,0,
"262","BIG VALLEY","2023081912",0,14.3,43,8,11,18.3,79.955,1.694,5.955,0,86.426,3.848,12.46,39.705,427.065,64.434,3,0,0,,0,0,0,0,0,,0,0,,0,
"262","BIG VALLEY","2023081913",0,15.8,40,7.1,42,16.6,80.935,1.8,6.487,,,,,,,,,0,0,,0,0,0,0,0,,0,0,,0,
"262","BIG VALLEY","2023081914",0,15.1,38,6.7,111,16.6,81.823,1.956,7.006,,,,,,,,,0,0,,0,0,0,0,0,,0,0,,0,
"262","BIG VALLEY","2023081915",0,14,43,7.9,52,21.8,82.475,2.25,7.949,,,,,,,,,0,0,,0,0,0,0,0,,0,0,,0,
"262","BIG VALLEY","2023081916",0,15.9,41,7.1,41,14.3,83.168,2.36,8.289,,,,,,,,,0,0,,0,0,0,0,0,,0,0,,0,
"262","BIG VALLEY","2023081917",0,15.5,38,6,20,14.3,83.827,2.433,8.515,,,,,,,,,0,0,,0,0,0,0,0,,0,0,,0,
"262","BIG VALLEY","2023081918",0,12.5,54,4.8,348,12.5,84.012,2.348,8.252,,,,,,,,,0,0,,0,0,0,0,0,,0,0,,0,
"262","BIG VALLEY","2023081919",0,9.4,66,7.9,352,12,84.059,2.762,9.492,,,,,,,,,0,0,,0,0,0,0,0,,0,0,,0,
"262","BIG VALLEY","2023081920",0,6.5,80,8,355,11.4,83.827,2.691,9.286,,,,,,,,,0,0,,0,0,0,0,0,,0,0,,0,
"262","BIG VALLEY","2023081921",0,4.9,90,7.4,359,10.2,83.296,2.436,8.522,,,,,,,,,0,0,,0,0,0,0,0,,0,0,,0,
"262","BIG VALLEY","2023081922",0,3.8,94,7.5,359,8.5,82.633,2.249,7.946,,,,,,,,,0,0,,0,0,0,0,0,,0,0,,0,
"262","BIG VALLEY","2023081923",0,3.4,93,6.9,11,9.1,82.096,2.042,7.287,,,,,,,,,0,0,,0,0,0,0,0,,0,0,,0,
"263","MATHEW","2023081900",0,4.2,100,1.8,177,6.2,61.405,0.487,0.641,,,,,,,,,0,0,,0,0,0,0,0,,0,0,,0,
"263","MATHEW","2023081901",0,4.6,100,1.6,255,5.6,61.445,0.483,0.636,,,,,,,,,0,0,,0,0,0,0,0,,0,0,,0,
"263","MATHEW","2023081902",0,4.9,100,1.8,297,3.9,61.485,0.489,0.644,,,,,,,,,0,0,,0,0,0,0,0,,0,0,,0,
"263","MATHEW","2023081903",0,4.6,100,3.1,51,5.6,61.525,0.523,0.689,,,,,,,,,0,0,,0,0,0,0,0,,0,0,,0,
"263","MATHEW","2023081904",0,4.3,100,2.2,2,5.6,61.565,0.501,0.66,,,,,,,,,0,0,,0,0,0,0,0,,0,0,,0,
"263","MATHEW","2023081905",0,4,100,3,326,6.8,61.605,0.523,0.689,,,,,,,,,0,0,,0,0,0,0,0,,0,0,,0,
"263","MATHEW","2023081906",0,4.1,100,2.8,3,7.4,61.645,0.519,0.684,,,,,,,,,0,0,,0,0,0,0,0,,0,0,,0,
"263","MATHEW","2023081907",0,4.9,100,3.7,32,6.8,61.685,0.544,0.717,,,,,,,,,0,0,,0,0,0,0,0,,0,0,,0,
"263","MATHEW","2023081908",0,5.5,100,3.6,1,7.4,61.725,0.543,0.715,,,,,,,,,0,0,,0,0,0,0,0,,0,0,,0,
"263","MATHEW","2023081909",0,7.9,84,4.8,68,7.9,62.349,0.596,0.785,,,,,,,,,0,0,,0,0,0,0,0,,0,0,,0,
"263","MATHEW","2023081910",0,11.3,71,5.2,23,9.1,63.52,0.643,0.847,,,,,,,,,0,0,,0,0,0,0,0,,0,0,,0,
"263","MATHEW","2023081911",0,14.6,54,4.7,4,10.2,65.32,0.677,0.891,,,,,,,,,0,0,,0,0,0,0,0,,0,0,,0,
"263","MATHEW","2023081912",0,17.7,44,6.4,312,13.7,67.674,0.802,1.272,1,82.606,2.121,5.324,23.163,280.08,38.39,2,0,0,,0,0,0,0,0,,0,0,,0,
"263","MATHEW","2023081913",0,18.8,35,4.3,301,14.9,70.091,0.779,1.38,,,,,,,,,0,0,,0,0,0,0,0,,0,0,,0,
"263","MATHEW","2023081914",0,19.8,34,5.9,353,13.7,72.519,0.919,1.91,,,,,,,,,0,0,,0,0,0,0,0,,0,0,,0,
"263","MATHEW","2023081915",0,20,30,3.6,344,12,74.705,0.904,1.856,,,,,,,,,0,0,,0,0,0,0,0,,0,0,,0,
"263","MATHEW","2023081916",0,20.6,30,5.7,352,14.3,76.844,1.147,2.651,,,,,,,,,0,0,,0,0,0,0,0,,0,0,,0,
"263","MATHEW","2023081917",0,19.5,33,6.6,326,15.4,78.586,1.382,3.352,,,,,,,,,0,0,,0,0,0,0,0,,0,0,,0,
"263","MATHEW","2023081918",0,16.5,42,3.9,321,12.5,79.597,1.328,3.195,,,,,,,,,0,0,,0,0,0,0,0,,0,0,,0,
"263","MATHEW","2023081919",0,13.6,51,3.5,76,10.8,80.192,1.384,3.356,,,,,,,,,0,0,,0,0,0,0,0,,0,0,,0,
"263","MATHEW","2023081920",0,11.6,59,2.7,91,7.4,80.535,1.379,3.343,,,,,,,,,0,0,,0,0,0,0,0,,0,0,,0,
"263","MATHEW","2023081921",0,10.5,62,4.2,226,6.2,80.807,1.533,3.778,,,,,,,,,0,0,,0,0,0,0,0,,0,0,,0,
"263","MATHEW","2023081922",0,8.7,71,2.8,26,6.2,80.912,1.445,3.532,,,,,,,,,0,0,,0,0,0,0,0,,0,0,,0,
"263","MATHEW","2023081923",0,7.7,76,2.6,224,4.5,80.958,1.438,3.512,,,,,,,,,0,0,,0,0,0,0,0,,0,0,,0,
"264","PRAIRIE CREEK","2023081900",0,5.1,91,2.4,135,4.5,86.011,2.737,8.995,,,,,,,,,0,193.3,,0,0,0,0,0,,0,0,,0,
"264","PRAIRIE CREEK","2023081901",0,5,95,1.9,108,3.9,85.149,2.367,7.925,,,,,,,,,0,193.3,,0,0,0,0,0,,0,0,,0,
"264","PRAIRIE CREEK","2023081902",0,3.7,97,6.1,146,9.1,84.146,2.552,8.466,,,,,,,,,0,193.3,,0,0,0,0,0,,0,0,,0,
"264","PRAIRIE CREEK","2023081903",0,3.4,99,5.7,151,7.9,83.113,2.183,7.373,,,,,,,,,0,193.3,,0,0,0,0,0,,0,0,,0,
"264","PRAIRIE CREEK","2023081904",0,2.8,99,5.6,151,7.9,82.196,1.936,6.602,,,,,,,,,0,193.3,,0,0,0,0,0,,0,0,,0,
"264","PRAIRIE CREEK","2023081905",0,2.4,99,6.7,148,10.2,81.352,1.85,6.326,,,,,,,,,0,193.3,,0,0,0,0,0,,0,0,,0,
"264","PRAIRIE CREEK","2023081906",0,2.6,99,4.9,175,7.9,80.618,1.555,5.347,,,,,,,,,0,193.3,,0,0,0,0,0,,0,0,,0,
"264","PRAIRIE CREEK","2023081907",0,4.4,99,2.4,136,7.9,79.984,1.281,4.381,,,,,,,,,0,193.3,,0,0,0,0,0,,0,0,,0,
"264","PRAIRIE CREEK","2023081908",0,9.1,86,5.6,338,9.7,80.019,1.511,5.195,,,,,,,,,0,193.3,,0,0,0,0,0,,0,0,,0,
"264","PRAIRIE CREEK","2023081909",0,12.3,72,4.8,27,10.8,80.21,1.481,5.091,,,,,,,,,0,193.3,,0,0,0,0,0,,0,0,,0,
"264","PRAIRIE CREEK","2023081910",0,13.8,56,6,320,10.2,80.708,1.66,5.703,,,,,,,,,0,193.3,,0,0,0,0,0,,0,0,,0,
"264","PRAIRIE CREEK","2023081911",0,16,44,7.1,309,13.1,81.519,1.925,6.566,,,,,,,,,0,193.3,,0,0,0,0,0,,0,0,,0,
"264","PRAIRIE CREEK","2023081912",0,18.7,34,6.3,313,16,82.626,2.115,7.164,0,89.866,5.777,16.898,39.985,384.141,63.457,3,0,193.3,,0,0,0,0,0,,0,0,,0,
"264","PRAIRIE CREEK","2023081913",0,19.5,37,6.6,337,15.4,83.563,2.422,8.398,,,,,,,,,0,193.3,,0,0,0,0,0,,0,0,,0,
"264","PRAIRIE CREEK","2023081914",0,20.5,28,7,329,15.4,84.727,2.889,9.767,,,,,,,,,0,193.3,,0,0,0,0,0,,0,0,,0,
"264","PRAIRIE CREEK","2023081915",0,20.7,27,6.6,330,16.6,85.773,3.271,10.83,,,,,,,,,0,193.3,,0,0,0,0,0,,0,0,,0,
"264","PRAIRIE CREEK","2023081916",0,20.3,28,6.6,333,13.1,86.624,3.688,11.938,,,,,,,,,0,193.3,,0,0,0,0,0,,0,0,,0,
"264","PRAIRIE CREEK","2023081917",0,19.1,32,7.6,330,12,87.199,4.209,13.258,,,,,,,,,0,193.3,,0,0,0,0,0,,0,0,,0,
"264","PRAIRIE CREEK","2023081918",0,18.3,34,3,310,8.5,87.568,3.519,11.493,,,,,,,,,0,193.3,,0,0,0,0,0,,0,0,,0,
"264","PRAIRIE CREEK","2023081919",0,14.2,48,1.6,97,6.2,87.617,3.302,10.913,,,,,,,,,0,193.3,,0,0,0,0,0,,0,0,,0,
"264","PRAIRIE CREEK","2023081920",0,10.6,57,2.4,102,3.9,87.546,3.403,11.186,,,,,,,,,0,193.3,,0,0,0,0,0,,0,0,,0,
"264","PRAIRIE CREEK","2023081921",0,8.9,60,7.6,150,9.7,87.392,4.326,13.547,,,,,,,,,0,193.3,,0,0,0,0,0,,0,0,,0,
"264","PRAIRIE CREEK","2023081922",0,8.1,67,8.9,143,11.4,87.112,4.439,13.821,,,,,,,,,0,193.3,,0,0,0,0,0,,0,0,,0,
"264","PRAIRIE CREEK","2023081923",0,8.1,68,8.6,147,13.7,86.843,4.207,13.255,,,,,,,,,0,193.3,,0,0,0,0,0,,0,0,,0,
"266","WELLS GRAY","2023081900",0,8.9,81,7.2,15,16,87.028,4.026,14.303,,,,,,,,,,,,,,,,,,,,,,
"266","WELLS GRAY","2023081901",0,8.3,83,5.8,47,16.6,86.429,3.446,12.662,,,,,,,,,,,,,,,,,,,,,,
"266","WELLS GRAY","2023081902",0,7.5,86,5.6,40,12,85.799,3.122,11.701,,,,,,,,,,,,,,,,,,,,,,
"266","WELLS GRAY","2023081903",0,6.7,88,4.5,19,8.5,85.184,2.711,10.428,,,,,,,,,,,,,,,,,,,,,,
"266","WELLS GRAY","2023081904",0,6.7,91,5,27,9.1,84.493,2.53,9.842,,,,,,,,,,,,,,,,,,,,,,
"266","WELLS GRAY","2023081905",0,6,93,3.5,48,10.8,83.812,2.141,8.535,,,,,,,,,,,,,,,,,,,,,,
"266","WELLS GRAY","2023081906",0,5.6,95,3.5,47,6.2,83.094,1.949,7.86,,,,,,,,,,,,,,,,,,,,,,
"266","WELLS GRAY","2023081907",0,6.4,95,2.2,95,3.9,82.468,1.687,6.896,,,,,,,,,,,,,,,,,,,,,,
"266","WELLS GRAY","2023081908",0,10.4,78,2.9,180,8.5,82.494,1.753,7.144,,,,,,,,,,,,,,,,,,,,,,
"266","WELLS GRAY","2023081909",0,12.9,66,5.1,168,8.5,82.614,1.988,7.998,,,,,,,,,,,,,,,,,,,,,,
"266","WELLS GRAY","2023081910",0,15.7,54,5.5,164,12,82.983,2.126,8.482,,,,,,,,,,,,,,,,,,,,,,
"266","WELLS GRAY","2023081911",0,19,34,5.2,262,14.3,83.907,2.362,9.287,,,,,,,,,,,,,,,,,,,,,,
"266","WELLS GRAY","2023081912",0,20.7,31,5.6,79,12.5,84.906,2.758,10.577,0,91.039,6.594,21.234,51.511,476.856,81.117,4,,,,,,,,,,,,,,
"266","WELLS GRAY","2023081913",0,21.6,27,7.6,168,13.1,86.001,3.552,13.364,,,,,,,,,,,,,,,,,,,,,,
"266","WELLS GRAY","2023081914",0,23.2,24,7.2,174,15.4,87.135,4.087,14.9,,,,,,,,,,,,,,,,,,,,,,
"266","WELLS GRAY","2023081915",0,22.6,24,4.1,138,15.4,87.999,3.956,14.53,,,,,,,,,,,,,,,,,,,,,,
"266","WELLS GRAY","2023081916",0,22.8,20,4.8,121,12.5,88.914,4.673,16.493,,,,,,,,,,,,,,,,,,,,,,
"266","WELLS GRAY","2023081917",0,21.9,22,4.1,70,11.4,89.569,4.955,17.233,,,,,,,,,,,,,,,,,,,,,,
"266","WELLS GRAY","2023081918",0,18.5,28,3.7,6,9.1,89.827,5.04,17.452,,,,,,,,,,,,,,,,,,,,,,
"266","WELLS GRAY","2023081919",0,15.8,32,5.8,16,7.4,89.894,5.656,19.002,,,,,,,,,,,,,,,,,,,,,,
"266","WELLS GRAY","2023081920",0,16.2,34,8.2,324,12.5,89.943,6.428,20.849,,,,,,,,,,,,,,,,,,,,,,
"266","WELLS GRAY","2023081921",0,13,47,2.9,315,13.1,89.851,4.857,16.978,,,,,,,,,,,,,,,,,,,,,,
"266","WELLS GRAY","2023081922",0,11.8,52,3.6,37,13.7,89.67,4.902,17.096,,,,,,,,,,,,,,,,,,,,,,
"266","WELLS GRAY","2023081923",0,11.4,58,3.9,16,9.1,89.394,4.784,16.787,,,,,,,,,,,,,,,,,,,,,,
"267","BERRY","2023081900",0,4.1,78,6.9,87,12.5,85.493,3.194,6.611,,,,,,,,,,,,,,,,,,,,,,
"267","BERRY","2023081901",0,3,82,8.1,124,13.1,85.07,3.2,6.623,,,,,,,,,,,,,,,,,,,,,,
"267","BERRY","2023081902",0,2.8,84,10.4,121,13.7,84.612,3.375,6.957,,,,,,,,,,,,,,,,,,,,,,
"267","BERRY","2023081903",0,2.8,85,8.6,118,13.1,84.182,2.908,6.051,,,,,,,,,,,,,,,,,,,,,,
"267","BERRY","2023081904",0,2.8,84,6.1,116,13.1,83.841,2.45,5.114,,,,,,,,,,,,,,,,,,,,,,
"267","BERRY","2023081905",0,2.5,85,7.2,144,13.7,83.493,2.474,5.163,,,,,,,,,,,,,,,,,,,,,,
"267","BERRY","2023081906",0,5.3,80,11.9,122,17.2,83.293,3.054,6.339,,,,,,,,,,,,,,,,,,,,,,
"267","BERRY","2023081907",0,7.6,69,9.3,67,16,83.34,2.696,5.623,,,,,,,,,,,,,,,,,,,,,,
"267","BERRY","2023081908",0,9.3,66,9.2,82,17.7,83.387,2.699,5.629,,,,,,,,,,,,,,,,,,,,,,
"267","BERRY","2023081909",0,10.4,61,10.4,67,18.9,83.482,2.902,6.039,,,,,,,,,,,,,,,,,,,,,,
"267","BERRY","2023081910",0,11.9,53,9.5,81,19.5,83.723,2.863,5.961,,,,,,,,,,,,,,,,,,,,,,
"267","BERRY","2023081911",0,13.9,44,10.9,24,24.1,84.181,3.265,6.748,,,,,,,,,,,,,,,,,,,,,,
"267","BERRY","2023081912",0,15,42,11.9,63,21.2,84.678,3.673,7.513,0,89.507,7.313,13.884,24.12,113.318,31.485,3,,,,,,,,,,,,,,
"267","BERRY","2023081913",0,15.5,37,9.1,12,21.2,85.234,3.443,7.405,,,,,,,,,,,,,,,,,,,,,,
"267","BERRY","2023081914",0,15.7,36,10.2,32,18.9,85.768,3.919,8.31,,,,,,,,,,,,,,,,,,,,,,
"267","BERRY","2023081915",0,16.3,33,9.1,65,18.3,86.33,4.012,8.482,,,,,,,,,,,,,,,,,,,,,,
"267","BERRY","2023081916",0,15.6,35,9.6,55,18.3,86.75,4.367,9.125,,,,,,,,,,,,,,,,,,,,,,
"267","BERRY","2023081917",0,15.2,36,11,51,17.2,87.089,4.918,10.088,,,,,,,,,,,,,,,,,,,,,,
"267","BERRY","2023081918",0,14.2,40,7.4,46,17.7,87.256,4.201,8.826,,,,,,,,,,,,,,,,,,,,,,
"267","BERRY","2023081919",0,10.6,47,5.9,108,12.5,87.304,3.922,8.314,,,,,,,,,,,,,,,,,,,,,,
"267","BERRY","2023081920",0,9.2,51,5.4,138,14.9,87.322,3.834,8.15,,,,,,,,,,,,,,,,,,,,,,
"267","BERRY","2023081921",0,9.4,48,7.2,75,16.6,87.37,4.227,8.873,,,,,,,,,,,,,,,,,,,,,,
"267","BERRY","2023081922",0,6.9,58,8.8,122,15.4,87.244,4.5,9.361,,,,,,,,,,,,,,,,,,,,,,
"267","BERRY","2023081923",0,6.9,60,8.7,142,15.4,87.097,4.385,9.157,,,,,,,,,,,,,,,,,,,,,,
"270","GOSNEL","2023081900",0,1.9,95,9,332,14.9,52.4,0.34,0.504,,,,,,,,,,,,,,,,,,,,,,
"270","GOSNEL","2023081901",0.2,1.4,97,8.8,345,14.9,50.026,0.256,0.38,,,,,,,,,,,,,,,,,,,,,,
"270","GOSNEL","2023081902",0,1.8,93,11.4,330,17.2,50.49,0.309,0.459,,,,,,,,,,,,,,,,,,,,,,
"270","GOSNEL","2023081903",0,1.2,95,14.3,7,18.9,50.848,0.373,0.554,,,,,,,,,,,,,,,,,,,,,,
"270","GOSNEL","2023081904",0,1.1,97,13.3,358,24.6,51.07,0.364,0.54,,,,,,,,,,,,,,,,,,,,,,
"270","GOSNEL","2023081905",0,1,98,17.8,359,28.7,51.242,0.466,0.691,,,,,,,,,,,,,,,,,,,,,,
"270","GOSNEL","2023081906",0,1.3,98,17.6,3,28.1,51.414,0.47,0.698,,,,,,,,,,,,,,,,,,,,,,
"270","GOSNEL","2023081907",0,2.6,89,17.2,5,28.7,52.188,0.502,0.745,,,,,,,,,,,,,,,,,,,,,,
"270","GOSNEL","2023081908",0,4.2,87,12,355,26.4,53.013,0.421,0.625,,,,,,,,,,,,,,,,,,,,,,
"270","GOSNEL","2023081909",0,5.6,82,12.8,4,23.5,54.134,0.491,0.728,,,,,,,,,,,,,,,,,,,,,,
"270","GOSNEL","2023081910",0,6.4,73,13.4,8,23.5,55.646,0.581,0.862,,,,,,,,,,,,,,,,,,,,,,
"270","GOSNEL","2023081911",0,8.3,54,15.7,28,22.9,57.918,0.783,1.592,,,,,,,,,,,,,,,,,,,,,,
"270","GOSNEL","2023081912",0,9.1,58,9,28,22.3,59.752,0.634,0.941,2.2,69.413,0.966,2.074,23.455,266.49,38.45,2,,,,,,,,,,,,,,
"270","GOSNEL","2023081913",0,10.4,53,5.9,353,18.3,61.574,0.604,0.846,,,,,,,,,,,,,,,,,,,,,,
"270","GOSNEL","2023081914",0,10.6,48,6.6,20,13.7,63.481,0.689,0.964,,,,,,,,,,,,,,,,,,,,,,
"270","GOSNEL","2023081915",0,10.9,48,6.2,77,13.7,65.271,0.729,1.13,,,,,,,,,,,,,,,,,,,,,,
"270","GOSNEL","2023081916",0,12.7,39,7.5,50,13.1,67.393,0.84,1.625,,,,,,,,,,,,,,,,,,,,,,
"270","GOSNEL","2023081917",0,12.7,43,6.2,21,15.4,69.181,0.833,1.601,,,,,,,,,,,,,,,,,,,,,,
"270","GOSNEL","2023081918",0,10.5,46,8.7,30,20,70.703,0.992,2.16,,,,,,,,,,,,,,,,,,,,,,
"270","GOSNEL","2023081919",0,8.7,45,10.7,29,16,72.081,1.151,2.668,,,,,,,,,,,,,,,,,,,,,,
"270","GOSNEL","2023081920",0,7.7,49,12,30,18.9,73.239,1.287,3.078,,,,,,,,,,,,,,,,,,,,,,
"270","GOSNEL","2023081921",0,7.6,51,11.7,29,17.2,74.257,1.329,3.2,,,,,,,,,,,,,,,,,,,,,,
"270","GOSNEL","2023081922",0,7.1,56,11.6,17,17.2,75.076,1.38,3.349,,,,,,,,,,,,,,,,,,,,,,
"270","GOSNEL","2023081923",0,6.8,55,12.3,17,19.5,75.854,1.497,3.681,,,,,,,,,,,,,,,,,,,,,,
"279","THYNNE","2023081900",0,5.3,68,5.6,338,12,88.348,4.485,18.82,,,,,,,,,,,,,,,,,,,,,,
"279","THYNNE","2023081901",0,2.7,78,6.7,313,13.1,87.783,4.372,18.47,,,,,,,,,,,,,,,,,,,,,,
"279","THYNNE","2023081902",0,2.3,80,6.6,309,9.7,87.226,4.017,17.349,,,,,,,,,,,,,,,,,,,,,,
"279","THYNNE","2023081903",0,1.4,85,5.1,318,9.1,86.619,3.417,15.359,,,,,,,,,,,,,,,,,,,,,,
"279","THYNNE","2023081904",0,1.2,87,7,300,9.7,85.976,3.434,15.418,,,,,,,,,,,,,,,,,,,,,,
"279","THYNNE","2023081905",0,1,89,6.3,294,8.5,85.335,3.031,14.008,,,,,,,,,,,,,,,,,,,,,,
"279","THYNNE","2023081906",0,3,83,5,313,7.9,84.932,2.686,12.74,,,,,,,,,,,,,,,,,,,,,,
"279","THYNNE","2023081907",0,12.9,45,6.3,358,10.2,85.188,2.97,13.788,,,,,,,,,,,,,,,,,,,,,,
"279","THYNNE","2023081908",0,14.1,41,8.2,48,14.9,85.541,3.433,15.413,,,,,,,,,,,,,,,,,,,,,,
"279","THYNNE","2023081909",0,15.3,38,9.2,43,16,85.967,3.832,16.747,,,,,,,,,,,,,,,,,,,,,,
"279","THYNNE","2023081910",0,17,34,6.6,47,18.9,86.478,3.612,16.021,,,,,,,,,,,,,,,,,,,,,,
"279","THYNNE","2023081911",0,17.1,29,11,70,26.4,87.116,4.936,20.179,,,,,,,,,,,,,,,,,,,,,,
"279","THYNNE","2023081912",0,16.9,28,8.5,75,22.9,87.669,4.71,19.503,0,92.801,9.794,32.878,76.242,556.478,113.58,4,,,,,,,,,,,,,,
"279","THYNNE","2023081913",0,17.4,26,12.4,31,28.1,88.266,6.244,24.176,,,,,,,,,,,,,,,,,,,,,,
"279","THYNNE","2023081914",0,17.3,25,10.8,74,22.9,88.797,6.217,24.102,,,,,,,,,,,,,,,,,,,,,,
"279","THYNNE","2023081915",0,17.8,24,6.6,69,20.6,89.272,5.386,21.778,,,,,,,,,,,,,,,,,,,,,,
"279","THYNNE","2023081916",0,17.7,24,8.5,83,24.6,89.697,6.3,24.327,,,,,,,,,,,,,,,,,,,,,,
"279","THYNNE","2023081917",0,17.2,22,8.4,38,20,90.113,6.653,25.271,,,,,,,,,,,,,,,,,,,,,,
"279","THYNNE","2023081918",0,15.6,26,7,21,20.6,90.299,6.368,24.51,,,,,,,,,,,,,,,,,,,,,,
"279","THYNNE","2023081919",0,10.1,42,5.2,314,10.8,90.219,5.749,22.809,,,,,,,,,,,,,,,,,,,,,,
"279","THYNNE","2023081920",0,6.1,51,5.9,316,9.1,89.978,5.754,22.823,,,,,,,,,,,,,,,,,,,,,,
"279","THYNNE","2023081921",0,4.8,53,5.9,314,8.5,89.722,5.546,22.237,,,,,,,,,,,,,,,,,,,,,,
"279","THYNNE","2023081922",0,4.6,60,5.6,305,9.1,89.379,5.201,21.238,,,,,,,,,,,,,,,,,,,,,,
"279","THYNNE","2023081923",0,4,64,4,299,10.8,89.019,4.556,19.302,,,,,,,,,,,,,,,,,,,,,,
"280","LILLOOET","2023081900",0,19.1,33,12.1,51,30.4,94.745,15.381,50.188,,,,,,,,,,0.6,,,,0,1,726.22,,,,,,
"280","LILLOOET","2023081901",0,18.1,36,4.6,190,18.9,94.452,10.123,38.432,,,,,,,,,,0.6,,,,0,1,726.22,,,,,,
"280","LILLOOET","2023081902",0,15.9,41,2.9,60,11.4,94.098,8.849,35.192,,,,,,,,,,0.4,,,,0,1,726.29,,,,,,
"280","LILLOOET","2023081903",0,13.8,46,5.3,168,10.2,93.623,9.35,36.488,,,,,,,,,,-8.6,,,,0,1,726.33,,,,,,
"280","LILLOOET","2023081904",0,14.7,44,6.4,153,12,93.223,9.347,36.48,,,,,,,,,,1.2,,,,0,1,726.21,,,,,,
"280","LILLOOET","2023081905",0,10.7,55,3.9,83,9.1,92.677,7.633,31.899,,,,,,,,,,-2.4,,,,0,1,726.27,,,,,,
"280","LILLOOET","2023081906",0,9.5,59,4.8,60,6.8,92.088,7.351,31.104,,,,,,,,,,-2.7,,,,0,1,726.24,,,,,,
"280","LILLOOET","2023081907",0,10.7,59,3.7,132,7.4,91.57,6.463,28.507,,,,,,,,,,0.8,,,,0,1,726.13,,,,,,
"280","LILLOOET","2023081908",0,12.6,54,3.6,98,6.2,91.199,6.1,27.403,,,,,,,,,,0.7,,,,0,1,726.04,,,,,,
"280","LILLOOET","2023081909",0,18.8,35,4.2,10,10.2,91.249,6.332,28.112,,,,,,,,,,1,,,,0,1,725.87,,,,,,
"280","LILLOOET","2023081910",0,20.7,30,6.9,345,11.4,91.299,7.307,30.977,,,,,,,,,,-12.6,,,,0,1,725.89,,,,,,
"280","LILLOOET","2023081911",0,22.8,24,9.5,327,15.4,91.608,8.703,34.807,,,,,,,,,,-55.9,,,,0,1,725.91,,,,,,
"280","LILLOOET","2023081912",0,24.6,22,7.7,7,16,92.002,8.405,34.013,0,95.135,12.998,45.35,123.169,855.956,181.166,4,,-75.7,,,,0,1,725.94,,,,,,
"280","LILLOOET","2023081913",0,25.6,19,12.5,348,21.8,92.531,11.534,42.018,,,,,,,,,,-108.8,,,,0,1,725.96,,,,,,
"280","LILLOOET","2023081914",0,26.5,18,12.3,339,24.6,93.046,12.275,43.726,,,,,,,,,,-135.3,,,,0,1,726.01,,,,,,
"280","LILLOOET","2023081915",0,27,17,11.9,328,22.9,93.529,12.869,45.062,,,,,,,,,,-145,,,,0,1,726.03,,,,,,
"280","LILLOOET","2023081916",0,27.7,15,10.7,332,23.5,94.041,13.006,45.368,,,,,,,,,,-145,,,,0,1,726.06,,,,,,
"280","LILLOOET","2023081917",0,26.3,17,11.9,341,22.9,94.297,14.315,48.202,,,,,,,,,,-141.8,,,,0,1,726.13,,,,,,
"280","LILLOOET","2023081918",0,25.9,16,11.5,269,17.7,94.536,14.5,48.593,,,,,,,,,,-68.7,,,,0,1,726.17,,,,,,
"280","LILLOOET","2023081919",0,23.2,21,5.8,164,14.9,94.587,10.956,40.651,,,,,,,,,,-12.6,,,,0,1,726.23,,,,,,
"280","LILLOOET","2023081920",0,18.3,27,5,103,9.7,94.498,10.395,39.291,,,,,,,,,,0.6,,,,0,1,726.4,,,,,,
"280","LILLOOET","2023081921",0,17.1,28,4.9,64,7.9,94.387,10.186,38.777,,,,,,,,,,0.6,,,,0,1,726.39,,,,,,
"280","LILLOOET","2023081922",0,17.4,29,3.4,353,9.1,94.28,9.305,36.554,,,,,,,,,,0.9,,,,0,1,726.28,,,,,,
"280","LILLOOET","2023081923",0,15.8,32,7.2,21,10.8,94.079,10.961,40.661,,,,,,,,,,0.3,,,,0,1,726.25,,,,,,
"283","BRENDA MINES","2023081900",0,9.5,47,15.3,5,22.3,90.462,9.902,38.495,,,,,,,,,,,,,,,,,,,,,,
"283","BRENDA MINES","2023081901",0,9.1,48,11.9,2,19.5,90.224,8.064,33.637,,,,,,,,,,,,,,,,,,,,,,
"283","BRENDA MINES","2023081902",0,8.6,51,12.9,357,17.2,89.945,8.148,33.868,,,,,,,,,,,,,,,,,,,,,,
"283","BRENDA MINES","2023081903",0,8.2,53,11.1,353,18.3,89.664,7.148,31.032,,,,,,,,,,,,,,,,,,,,,,
"283","BRENDA MINES","2023081904",0,7.8,57,12.1,352,17.7,89.327,7.163,31.076,,,,,,,,,,,,,,,,,,,,,,
"283","BRENDA MINES","2023081905",0,7.4,58,14.5,5,22.9,88.989,7.701,32.621,,,,,,,,,,,,,,,,,,,,,,
"283","BRENDA MINES","2023081906",0,8.2,52,17.8,350,25.8,88.792,8.84,35.743,,,,,,,,,,,,,,,,,,,,,,
"283","BRENDA MINES","2023081907",0,8.6,52,15,10,26.9,88.628,7.498,32.044,,,,,,,,,,,,,,,,,,,,,,
"283","BRENDA MINES","2023081908",0,9.6,47,17.2,14,24.1,88.579,8.318,34.336,,,,,,,,,,,,,,,,,,,,,,
"283","BRENDA MINES","2023081909",0,11.3,42,17,12,24.6,88.628,8.293,34.267,,,,,,,,,,,,,,,,,,,,,,
"283","BRENDA MINES","2023081910",0,13.4,32,12.7,28,25.8,88.795,6.839,30.124,,,,,,,,,,,,,,,,,,,,,,
"283","BRENDA MINES","2023081911",0,14.9,30,14,2,24.6,89.037,7.561,32.223,,,,,,,,,,,,,,,,,,,,,,
"283","BRENDA MINES","2023081912",0,16.1,26,7.2,41,22.9,89.37,5.63,26.376,0,92.285,8.53,34.98,149.645,727.17,197.619,4,,,,,,,,,,,,,,
"283","BRENDA MINES","2023081913",0,17.4,24,10.2,22,23.5,89.782,6.948,30.505,,,,,,,,,,,,,,,,,,,,,,
"283","BRENDA MINES","2023081914",0,17,34,12.3,154,22.3,89.831,7.778,32.903,,,,,,,,,,,,,,,,,,,,,,
"283","BRENDA MINES","2023081915",0,17.6,32,8.9,127,21.2,89.941,6.657,29.635,,,,,,,,,,,,,,,,,,,,,,
"283","BRENDA MINES","2023081916",0,16.5,34,8.2,132,20,89.99,6.472,29.075,,,,,,,,,,,,,,,,,,,,,,
"283","BRENDA MINES","2023081917",0,15.7,35,5.7,141,17.2,90.039,5.746,26.803,,,,,,,,,,,,,,,,,,,,,,
"283","BRENDA MINES","2023081918",0,15.1,36,4.8,114,13.1,90.088,5.53,26.103,,,,,,,,,,,,,,,,,,,,,,
"283","BRENDA MINES","2023081919",0,13.5,32,7.8,16,12.5,90.137,6.478,29.093,,,,,,,,,,,,,,,,,,,,,,
"283","BRENDA MINES","2023081920",0,13,35,11.9,11,16.6,90.186,8.02,33.582,,,,,,,,,,,,,,,,,,,,,,
"283","BRENDA MINES","2023081921",0,11.6,39,9.6,17,16,90.166,7.122,31.019,,,,,,,,,,,,,,,,,,,,,,
"283","BRENDA MINES","2023081922",0,11.2,39,10.7,19,14.9,90.141,7.501,32.117,,,,,,,,,,,,,,,,,,,,,,
"283","BRENDA MINES","2023081923",0,10.9,44,9.7,353,14.9,90.031,7.02,30.72,,,,,,,,,,,,,,,,,,,,,,
"286","TURTLE","2023081900",0,13.1,45,4.8,309,16.6,92.598,7.899,32.731,,,,,,,,,,0,,,,0,1,815.78,,,,,,
"286","TURTLE","2023081901",0,10.6,51,7.2,275,11.4,92.139,8.356,33.977,,,,,,,,,,-0.1,,,,0,1,815.78,,,,,,
"286","TURTLE","2023081902",0,9.6,55,4.6,288,9.1,91.683,6.872,29.807,,,,,,,,,,0,,,,0,1,815.75,,,,,,
"286","TURTLE","2023081903",0,9.5,55,3.2,335,8.5,91.292,6.058,27.352,,,,,,,,,,0,,,,0,1,815.73,,,,,,
"286","TURTLE","2023081904",0,8.9,58,5.4,285,12,90.845,6.35,28.25,,,,,,,,,,0,,,,0,1,815.71,,,,,,
"286","TURTLE","2023081905",0,8,61,3.9,308,7.9,90.408,5.532,25.691,,,,,,,,,,0,,,,0,1,815.72,,,,,,
"286","TURTLE","2023081906",0,6.9,68,2.8,269,10.8,89.905,4.87,23.504,,,,,,,,,,0,,,,0,1,815.71,,,,,,
"286","TURTLE","2023081907",0,9,62,5.3,279,10.8,89.512,5.221,24.678,,,,,,,,,,0.3,,,,0,1,815.67,,,,,,
"286","TURTLE","2023081908",0,11.5,54,3.3,265,8.5,89.328,4.597,22.566,,,,,,,,,,0.4,,,,0,1,815.66,,,,,,
"286","TURTLE","2023081909",0,14.8,46,5.7,209,9.1,89.317,5.181,24.544,,,,,,,,,,0.5,,,,0,1,815.65,,,,,,
"286","TURTLE","2023081910",0,16.2,41,5.1,283,10.2,89.366,5.062,24.15,,,,,,,,,,0.3,,,,0,1,815.67,,,,,,
"286","TURTLE","2023081911",0,17.8,38,5,220,11.4,89.415,5.072,24.183,,,,,,,,,,0.3,,,,0,1,815.65,,,,,,
"286","TURTLE","2023081912",0,20.1,33,4.4,203,10.2,89.605,5.057,24.132,0,92.758,7.917,32.892,126.567,816.97,182.465,4,,0.2,,,,0,1,815.64,,,,,,
"286","TURTLE","2023081913",0,21.5,31,4.9,178,10.2,89.868,5.385,25.306,,,,,,,,,,0.5,,,,0,1,815.69,,,,,,
"286","TURTLE","2023081914",0,21.3,30,6.6,162,10.8,90.127,6.089,27.544,,,,,,,,,,0.2,,,,0,1,815.71,,,,,,
"286","TURTLE","2023081915",0,21.4,28,4.8,158,9.7,90.405,5.786,26.596,,,,,,,,,,0.3,,,,0,1,815.7,,,,,,
"286","TURTLE","2023081916",0,20.9,31,4.2,141,8.5,90.539,5.723,26.395,,,,,,,,,,0.2,,,,0,1,815.7,,,,,,
"286","TURTLE","2023081917",0,20.2,33,2,86,4.5,90.589,5.158,24.558,,,,,,,,,,0.1,,,,0,1,815.68,,,,,,
"286","TURTLE","2023081918",0,17.9,38,2.3,344,5.1,90.639,5.275,24.942,,,,,,,,,,0,,,,0,1,815.7,,,,,,
"286","TURTLE","2023081919",0,15.7,40,0,44,4.5,90.647,4.703,23.014,,,,,,,,,,0,,,,0,1,815.71,,,,,,
"286","TURTLE","2023081920",0,14.4,43,2.7,310,7.4,90.575,5.333,25.136,,,,,,,,,,-0.1,,,,0,1,815.68,,,,,,
"286","TURTLE","2023081921",0,13.2,45,2.3,334,9.7,90.47,5.149,24.526,,,,,,,,,,-0.1,,,,0,1,815.68,,,,,,
"286","TURTLE","2023081922",0,12.1,47,3.4,307,6.8,90.323,5.329,25.123,,,,,,,,,,-0.1,,,,0,1,815.68,,,,,,
"286","TURTLE","2023081923",0,11.3,52,2.8,276,7.9,90.107,5.013,24.072,,,,,,,,,,0,,,,0,1,815.67,,,,,,
"291","GLIMPSE","2023081900",0,8.8,51,6.8,36,17.7,90.012,6.05,27.532,,,,,,,,,,,,,,,,,,,,,,
"291","GLIMPSE","2023081901",0,7.8,56,4.3,58,14.9,89.727,5.12,24.529,,,,,,,,,,,,,,,,,,,,,,
"291","GLIMPSE","2023081902",0,5.4,65,3.5,37,7.4,89.328,4.644,22.903,,,,,,,,,,,,,,,,,,,,,,
"291","GLIMPSE","2023081903",0,5.1,66,4.5,2,9.1,88.93,4.613,22.794,,,,,,,,,,,,,,,,,,,,,,
"291","GLIMPSE","2023081904",0,5.1,66,3.4,21,8.5,88.58,4.15,21.141,,,,,,,,,,,,,,,,,,,,,,
"291","GLIMPSE","2023081905",0,4.4,67,3.7,17,7.9,88.238,4.012,20.631,,,,,,,,,,,,,,,,,,,,,,
"291","GLIMPSE","2023081906",0,4.9,68,4.6,12,7.9,87.895,3.997,20.575,,,,,,,,,,,,,,,,,,,,,,
"291","GLIMPSE","2023081907",0,8,54,7,357,17.7,87.802,4.451,22.223,,,,,,,,,,,,,,,,,,,,,,
"291","GLIMPSE","2023081908",0,11.3,46,4.5,284,18.9,87.851,3.951,20.407,,,,,,,,,,,,,,,,,,,,,,
"291","GLIMPSE","2023081909",0,12.9,42,6.1,273,14.9,87.9,4.313,21.732,,,,,,,,,,,,,,,,,,,,,,
"291","GLIMPSE","2023081910",0,14.9,36,7.6,327,20.6,88.081,4.775,23.355,,,,,,,,,,,,,,,,,,,,,,
"291","GLIMPSE","2023081911",0,15.8,31,8.8,0,22.9,88.394,5.305,25.143,,,,,,,,,,,,,,,,,,,,,,
"291","GLIMPSE","2023081912",0,17.5,27,7,36,25.2,88.822,5.152,24.637,0,92.645,8.884,35.725,142.462,710.691,189.805,4,,,,,,,,,,,,,,
"291","GLIMPSE","2023081913",0,18.7,25,7.9,12,22.3,89.307,5.779,26.75,,,,,,,,,,,,,,,,,,,,,,
"291","GLIMPSE","2023081914",0,18.8,25,8.5,32,23.5,89.733,6.333,28.48,,,,,,,,,,,,,,,,,,,,,,
"291","GLIMPSE","2023081915",0,18.9,22,8.5,23,18.3,90.205,6.776,29.818,,,,,,,,,,,,,,,,,,,,,,
"291","GLIMPSE","2023081916",0,18.6,20,5.8,39,18.3,90.648,6.3,28.381,,,,,,,,,,,,,,,,,,,,,,
"291","GLIMPSE","2023081917",0,17.2,20,7.6,30,16.6,91,7.253,31.22,,,,,,,,,,,,,,,,,,,,,,
"291","GLIMPSE","2023081918",0,14.6,27,2.7,27,14.3,91.05,5.707,26.519,,,,,,,,,,,,,,,,,,,,,,
"291","GLIMPSE","2023081919",0,11.6,36,1.9,29,6.8,91.03,5.466,25.741,,,,,,,,,,,,,,,,,,,,,,
"291","GLIMPSE","2023081920",0,9.6,43,1.7,37,4.5,90.905,5.316,25.247,,,,,,,,,,,,,,,,,,,,,,
"291","GLIMPSE","2023081921",0,10,38,2.7,37,6.8,90.851,5.548,26.005,,,,,,,,,,,,,,,,,,,,,,
"291","GLIMPSE","2023081922",0,8.9,42,2,29,5.1,90.745,5.275,25.111,,,,,,,,,,,,,,,,,,,,,,
"291","GLIMPSE","2023081923",0,8.3,46,4.3,16,6.8,90.563,5.771,26.725,,,,,,,,,,,,,,,,,,,,,,
"292","DARCY","2023081900",0,11.9,62,0,229,0,91.909,5.628,25.884,,,,,,,,,0,-186.3,,0,3155.1,,,,,,,1709.8,,
"292","DARCY","2023081901",0,12.3,59,2.6,216,6.1,91.427,5.991,27.027,,,,,,,,,0,-190.8,,0,3155.1,,,,,,,1709.8,,
"292","DARCY","2023081902",0,11.3,68,1.9,225,7.4,90.828,5.311,24.863,,,,,,,,,0,-189.6,,0,3155.1,,,,,,,1709.8,,
"292","DARCY","2023081903",0,10,74,1.7,233,5.3,90.17,4.786,23.112,,,,,,,,,0,-188.2,,0,3155.1,,,,,,,1709.8,,
"292","DARCY","2023081904",0,8.8,76,0.5,230,4.2,89.595,4.149,20.875,,,,,,,,,0,-188,,0,3155.1,,,,,,,1709.8,,
"292","DARCY","2023081905",0,8.1,80,1.6,233,4.4,88.929,3.985,20.279,,,,,,,,,0,-187.5,,0,3155.1,,,,,,,1709.8,,
"292","DARCY","2023081906",0,7.8,82,0.4,235,3.1,88.334,3.445,18.231,,,,,,,,,0,-187.8,,0,3155.1,,,,,,,1709.8,,
"292","DARCY","2023081907",0,9.6,80,1.5,227,3.8,87.776,3.361,17.903,,,,,,,,,0,-184.4,,0,3155.1,,,,,,,1709.8,,
"292","DARCY","2023081908",0,15.3,65,0,153,2.5,87.647,3.059,16.692,,,,,,,,,0,-188.8,,0,3155.1,,,,,,,1709.8,,
"292","DARCY","2023081909",0,19,36,3,59,8.2,87.937,3.709,19.249,,,,,,,,,0,-184.6,,0,3155.1,,,,,,,1709.8,,
"292","DARCY","2023081910",0,22.2,30,2.9,27,8.5,88.455,3.975,20.242,,,,,,,,,0,-186.2,,0,3155.1,,,,,,,1709.8,,
"292","DARCY","2023081911",0,25.3,25,4.5,114,9.4,89.235,4.82,23.226,,,,,,,,,0,-171.7,,0,3155.1,,,,,,,1709.8,,
"292","DARCY","2023081912",0,27.3,19,3.8,171,8.8,90.223,5.36,25.023,0,96.225,12.384,43.945,124.83,813.528,180.442,4,0,-181.1,,0,3155.1,,,,,,,1709.8,,
"292","DARCY","2023081913",0,28.2,18,6.8,31,18.5,91.206,7.174,30.731,,,,,,,,,0,-188.1,,0,3155.1,,,,,,,1709.8,,
"292","DARCY","2023081914",0,28.8,19,4.7,91,15.4,91.957,7.179,30.746,,,,,,,,,0,-173,,0,3155.1,,,,,,,1709.8,,
"292","DARCY","2023081915",0,28.4,19,4.2,83,18.4,92.545,7.606,31.962,,,,,,,,,0,-171.5,,0,3155.1,,,,,,,1709.8,,
"292","DARCY","2023081916",0,27.3,19,3.5,97,15.7,92.973,7.798,32.499,,,,,,,,,0,-158.5,,0,3155.1,,,,,,,1709.8,,
"292","DARCY","2023081917",0,25.2,24,3.8,161,13.5,93.068,8.023,33.12,,,,,,,,,0,-168.6,,0,3155.1,,,,,,,1709.8,,
"292","DARCY","2023081918",0,22,40,1.4,202,9.5,92.922,6.965,30.124,,,,,,,,,0,-195,,0,3155.1,,,,,,,1709.8,,
"292","DARCY","2023081919",0,17.6,48,1.6,194,5.4,92.594,6.719,29.4,,,,,,,,,0,-198.1,,0,3155.1,,,,,,,1709.8,,
"292","DARCY","2023081920",0,14.7,57,1.8,209,4.3,92.103,6.333,28.239,,,,,,,,,0,-185.7,,0,3155.1,,,,,,,1709.8,,
"292","DARCY","2023081921",0,12.8,58,0.5,192,4.3,91.694,5.598,25.943,,,,,,,,,0,-185.6,,0,3155.1,,,,,,,1709.8,,
"292","DARCY","2023081922",0,11.3,62,1.9,247,5.4,91.194,5.596,25.935,,,,,,,,,0,-197.9,,0,3155.1,,,,,,,1709.8,,
"292","DARCY","2023081923",0,9.9,67,1.6,200,3.5,90.657,5.105,24.331,,,,,,,,,0,-164.6,,0,3155.1,,,,,,,1709.8,,
"298","FINTRY","2023081900",0,16.9,33,4.6,313,19.5,93.873,9.344,37.894,,,,,,,,,,,,,,,,,,,,,,
"298","FINTRY","2023081901",0,16.2,35,7.4,306,16,93.645,10.425,40.681,,,,,,,,,,,,,,,,,,,,,,
"298","FINTRY","2023081902",0,14.9,38,5,282,13.7,93.39,8.915,36.748,,,,,,,,,,,,,,,,,,,,,,
"298","FINTRY","2023081903",0,14.7,38,7.4,324,17.7,93.134,9.708,38.846,,,,,,,,,,,,,,,,,,,,,,
"298","FINTRY","2023081904",0,14.7,39,6.5,315,18.3,92.889,8.964,36.879,,,,,,,,,,,,,,,,,,,,,,
"298","FINTRY","2023081905",0,14.3,40,8.2,319,18.3,92.63,9.417,38.085,,,,,,,,,,,,,,,,,,,,,,
"298","FINTRY","2023081906",0,13.9,43,5.5,327,13.1,92.356,7.908,33.957,,,,,,,,,,,,,,,,,,,,,,
"298","FINTRY","2023081907",0,16.4,38,10.3,354,18.3,92.199,9.852,39.219,,,,,,,,,,,,,,,,,,,,,,
"298","FINTRY","2023081908",0,17.2,36,8.9,0,18.9,92.116,9.074,37.175,,,,,,,,,,,,,,,,,,,,,,
"298","FINTRY","2023081909",0,18.4,37,7.7,15,17.7,92.041,8.451,35.479,,,,,,,,,,,,,,,,,,,,,,
"298","FINTRY","2023081910",0,18.2,37,10.1,37,16.6,91.964,9.434,38.13,,,,,,,,,,,,,,,,,,,,,,
"298","FINTRY","2023081911",0,19.4,34,5.2,50,15.4,91.984,7.391,32.463,,,,,,,,,,,,,,,,,,,,,,
"298","FINTRY","2023081912",0,20.6,31,7.7,110,14.9,92.034,8.443,35.457,0,93.459,10.314,40.43,173.528,1147.776,251.861,4,,,,,,,,,,,,,,
"298","FINTRY","2023081913",0,23.2,28,6.3,89,12.5,92.086,7.926,34.033,,,,,,,,,,,,,,,,,,,,,,
"298","FINTRY","2023081914",0,23.7,26,5.8,56,15.4,92.212,7.867,33.865,,,,,,,,,,,,,,,,,,,,,,
"298","FINTRY","2023081915",0,24.9,23,7.4,74,16.6,92.472,8.847,36.59,,,,,,,,,,,,,,,,,,,,,,
"298","FINTRY","2023081916",0,24.3,25,6.1,70,15.4,92.589,8.423,35.429,,,,,,,,,,,,,,,,,,,,,,
"298","FINTRY","2023081917",0,23.7,23,4.1,33,10.8,92.738,7.776,33.605,,,,,,,,,,,,,,,,,,,,,,
"298","FINTRY","2023081918",0,22,29,8.4,330,14.3,92.788,9.727,38.924,,,,,,,,,,,,,,,,,,,,,,
"298","FINTRY","2023081919",0,20.7,30,7.5,314,15.4,92.824,9.342,37.916,,,,,,,,,,,,,,,,,,,,,,
"298","FINTRY","2023081920",0,20.5,27,10.6,298,17.7,92.874,10.999,42.139,,,,,,,,,,,,,,,,,,,,,,
"298","FINTRY","2023081921",0,19.5,28,4,254,12.5,92.922,7.94,34.072,,,,,,,,,,,,,,,,,,,,,,
"298","FINTRY","2023081922",0,17.7,41,2.8,198,10.8,92.714,7.259,32.099,,,,,,,,,,,,,,,,,,,,,,
"298","FINTRY","2023081923",0,16.3,43,2,208,5.1,92.49,6.756,30.588,,,,,,,,,,,,,,,,,,,,,,
"301","PEMBERTON BASE","2023081900",0,13,87,0,114,5.1,86.487,2.594,13.063,,,,,,,,,,,,,,,,,,,,,,
"301","PEMBERTON BASE","2023081901",0,12.2,91,2,59,5.1,85.67,2.557,12.919,,,,,,,,,,,,,,,,,,,,,,
"301","PEMBERTON BASE","2023081902",0,10.9,97,0,282,0,84.785,2.046,10.795,,,,,,,,,,,,,,,,,,,,,,
"301","PEMBERTON BASE","2023081903",0,9.9,100,0,125,2.2,83.79,1.79,9.656,,,,,,,,,,,,,,,,,,,,,,
"301","PEMBERTON BASE","2023081904",0,9.5,100,0,35,0,82.893,1.593,8.742,,,,,,,,,,,,,,,,,,,,,,
"301","PEMBERTON BASE","2023081905",0,8.6,100,2.2,168,4.5,81.897,1.573,8.648,,,,,,,,,,,,,,,,,,,,,,
"301","PEMBERTON BASE","2023081906",0,8.6,100,3,195,5.6,80.976,1.471,8.154,,,,,,,,,,,,,,,,,,,,,,
"301","PEMBERTON BASE","2023081907",0,11,91,3.8,150,6.8,80.731,1.49,8.247,,,,,,,,,,,,,,,,,,,,,,
"301","PEMBERTON BASE","2023081908",0,15.2,64,4.3,279,8.5,81.052,1.584,8.699,,,,,,,,,,,,,,,,,,,,,,
"301","PEMBERTON BASE","2023081909",0,17.5,60,5.1,264,11.4,81.49,1.734,9.404,,,,,,,,,,,,,,,,,,,,,,
"301","PEMBERTON BASE","2023081910",0,19.6,49,6.4,271,16.6,82.232,2.025,10.702,,,,,,,,,,,,,,,,,,,,,,
"301","PEMBERTON BASE","2023081911",0,23.3,40,6.9,237,13.1,83.342,2.389,12.239,,,,,,,,,,,,,,,,,,,,,,
"301","PEMBERTON BASE","2023081912",0,26.1,31,5.8,279,11.4,84.764,2.733,13.61,0,92.023,7.66,29.193,86.133,615.433,127.615,4,,,,,,,,,,,,,,
"301","PEMBERTON BASE","2023081913",0,27.9,18,5,271,11.4,86.622,3.401,16.357,,,,,,,,,,,,,,,,,,,,,,
"301","PEMBERTON BASE","2023081914",0,27.6,24,5.8,234,16.6,87.909,4.254,19.308,,,,,,,,,,,,,,,,,,,,,,
"301","PEMBERTON BASE","2023081915",0,28.8,16,4.6,203,10.8,89.382,4.947,21.529,,,,,,,,,,,,,,,,,,,,,,
"301","PEMBERTON BASE","2023081916",0,28.9,24,3.6,256,10.2,90.22,5.304,22.626,,,,,,,,,,,,,,,,,,,,,,
"301","PEMBERTON BASE","2023081917",0,27.8,27,3.2,289,6.8,90.737,5.598,23.502,,,,,,,,,,,,,,,,,,,,,,
"301","PEMBERTON BASE","2023081918",0,22.5,58,0,203,5.1,90.517,4.617,20.487,,,,,,,,,,,,,,,,,,,,,,
"301","PEMBERTON BASE","2023081919",0,18.4,71,2.3,217,6.8,89.893,4.741,20.882,,,,,,,,,,,,,,,,,,,,,,
"301","PEMBERTON BASE","2023081920",0,15.2,78,0,105,6.8,89.316,3.886,18.068,,,,,,,,,,,,,,,,,,,,,,
"301","PEMBERTON BASE","2023081921",0,12.9,82,2.2,169,5.1,88.544,3.887,18.068,,,,,,,,,,,,,,,,,,,,,,
"301","PEMBERTON BASE","2023081922",0,11.7,86,2.6,259,5.1,87.712,3.52,16.785,,,,,,,,,,,,,,,,,,,,,,
"301","PEMBERTON BASE","2023081923",0,10.3,92,1.8,339,4.5,86.748,2.947,14.667,,,,,,,,,,,,,,,,,,,,,,
"302","ASPEN GROVE","2023081900",0,5.5,73,2.4,350,6.2,88.749,4.043,19.752,,,,,,,,,,,,,,,,,,,,,,
"302","ASPEN GROVE","2023081901",0,5.5,76,1.9,1,3.9,88.261,3.676,18.424,,,,,,,,,,,,,,,,,,,,,,
"302","ASPEN GROVE","2023081902",0,4,82,0,17,0,87.806,3.13,16.346,,,,,,,,,,,,,,,,,,,,,,
"302","ASPEN GROVE","2023081903",0,2.4,88,0,259,3.9,87.258,2.894,15.404,,,,,,,,,,,,,,,,,,,,,,
"302","ASPEN GROVE","2023081904",0,1.5,92,1.6,18,2.2,86.505,2.819,15.097,,,,,,,,,,,,,,,,,,,,,,
"302","ASPEN GROVE","2023081905",0,0.7,93,1.8,41,3.9,85.776,2.57,14.059,,,,,,,,,,,,,,,,,,,,,,
"302","ASPEN GROVE","2023081906",0,1.9,92,2.9,236,4.5,85.094,2.47,13.635,,,,,,,,,,,,,,,,,,,,,,
"302","ASPEN GROVE","2023081907",0,6.3,79,6.7,195,9.1,84.794,2.871,15.313,,,,,,,,,,,,,,,,,,,,,,
"302","ASPEN GROVE","2023081908",0,11.8,52,3.1,126,9.1,84.912,2.434,13.477,,,,,,,,,,,,,,,,,,,,,,
"302","ASPEN GROVE","2023081909",0,14.7,38,8.6,35,16,85.385,3.428,17.495,,,,,,,,,,,,,,,,,,,,,,
"302","ASPEN GROVE","2023081910",0,16.2,33,7.7,66,19.5,85.974,3.556,17.98,,,,,,,,,,,,,,,,,,,,,,
"302","ASPEN GROVE","2023081911",0,17.3,32,10.5,40,19.5,86.591,4.468,21.227,,,,,,,,,,,,,,,,,,,,,,
"302","ASPEN GROVE","2023081912",0,18.3,29,9.8,92,20.6,87.252,4.738,22.137,0,92.914,10.624,38.547,103.742,762.764,154.836,4,,,,,,,,,,,,,,
"302","ASPEN GROVE","2023081913",0,19.4,29,9.8,45,18.9,87.87,5.175,23.716,,,,,,,,,,,,,,,,,,,,,,
"302","ASPEN GROVE","2023081914",0,20.3,20,12.2,25,21.8,88.794,6.668,28.267,,,,,,,,,,,,,,,,,,,,,,
"302","ASPEN GROVE","2023081915",0,21,16,11.5,12,24.6,89.773,7.408,30.359,,,,,,,,,,,,,,,,,,,,,,
"302","ASPEN GROVE","2023081916",0,21.2,20,10.3,38,19.5,90.425,7.656,31.04,,,,,,,,,,,,,,,,,,,,,,
"302","ASPEN GROVE","2023081917",0,19.9,21,10.1,3,21.8,90.882,8.09,32.209,,,,,,,,,,,,,,,,,,,,,,
"302","ASPEN GROVE","2023081918",0,18,25,8.2,11,18.9,91.064,7.545,30.736,,,,,,,,,,,,,,,,,,,,,,
"302","ASPEN GROVE","2023081919",0,13.7,35,0,20,9.7,91.087,5.007,23.171,,,,,,,,,,,,,,,,,,,,,,
"302","ASPEN GROVE","2023081920",0,9.6,50,4.9,11,6.8,90.811,6.162,26.779,,,,,,,,,,,,,,,,,,,,,,
"302","ASPEN GROVE","2023081921",0,7.6,56,3.5,23,7.4,90.471,5.471,24.657,,,,,,,,,,,,,,,,,,,,,,
"302","ASPEN GROVE","2023081922",0,6.2,63,0,355,5.6,90.169,4.392,21.108,,,,,,,,,,,,,,,,,,,,,,
"302","ASPEN GROVE","2023081923",0,4.8,69,3.2,1,4.5,89.672,4.806,22.508,,,,,,,,,,,,,,,,,,,,,,
"305","SPARKS LAKE","2023081900",0,8.2,62,1,139,6.3,90.006,4.513,21.033,,,,,,,,,,,,,,,,,,,,128.8,,
"305","SPARKS LAKE","2023081901",0,7.3,66,1.4,30,2.6,89.606,4.348,20.477,,,,,,,,,,,,,,,,,,,,128.8,,
"305","SPARKS LAKE","2023081902",0,6.6,69,0.9,104,4.1,89.205,4.002,19.283,,,,,,,,,,,,,,,,,,,,128.8,,
"305","SPARKS LAKE","2023081903",0,5.9,73,1.3,25,4.4,88.753,3.828,18.664,,,,,,,,,,,,,,,,,,,,128.8,,
"305","SPARKS LAKE","2023081904",0,5.7,74,3.2,124,6.3,88.274,3.933,19.037,,,,,,,,,,,,,,,,,,,,128.8,,
"305","SPARKS LAKE","2023081905",0,5.4,76,2,356,5.8,87.823,3.47,17.358,,,,,,,,,,,,,,,,,,,,128.8,,
"305","SPARKS LAKE","2023081906",0,5.3,77,1.1,128,4.9,87.413,3.127,16.056,,,,,,,,,,,,,,,,,,,,128.8,,
"305","SPARKS LAKE","2023081907",0,8.5,64,2,170,5.5,87.241,3.193,16.311,,,,,,,,,,,,,,,,,,,,128.8,,
"305","SPARKS LAKE","2023081908",0,13.4,49,7.7,13,16.4,87.289,4.285,20.262,,,,,,,,,,,,,,,,,,,,128.8,,
"305","SPARKS LAKE","2023081909",0,15.4,42,8.1,319,15.6,87.42,4.454,20.836,,,,,,,,,,,,,,,,,,,,128.8,,
"305","SPARKS LAKE","2023081910",0,16.9,34,10,321,22.3,87.775,5.157,23.13,,,,,,,,,,,,,,,,,,,,128.8,,
"305","SPARKS LAKE","2023081911",0,18.5,29,10,351,22.3,88.285,5.548,24.349,,,,,,,,,,,,,,,,,,,,128.8,,
"305","SPARKS LAKE","2023081912",0,19.8,26,11.8,317,25.6,88.89,6.626,27.535,0,92.209,10.748,38.345,96.347,788.599,147.609,4,,,,,,,,,,,,128.8,,
"305","SPARKS LAKE","2023081913",0,21.1,23,11.2,283,21.5,89.566,7.084,29.064,,,,,,,,,,,,,,,,,,,,128.8,,
"305","SPARKS LAKE","2023081914",0,21.8,23,10.6,283,25.1,90.162,7.486,30.17,,,,,,,,,,,,,,,,,,,,128.8,,
"305","SPARKS LAKE","2023081915",0,22.4,21,8,305,19.4,90.744,7.136,29.208,,,,,,,,,,,,,,,,,,,,128.8,,
"305","SPARKS LAKE","2023081916",0,21.4,23,10.4,338,23,91.134,8.514,32.891,,,,,,,,,,,,,,,,,,,,128.8,,
"305","SPARKS LAKE","2023081917",0,21.8,21,8.2,344,20.8,91.541,8.074,31.746,,,,,,,,,,,,,,,,,,,,128.8,,
"305","SPARKS LAKE","2023081918",0,21.3,22,8.4,314,18.3,91.83,8.497,32.848,,,,,,,,,,,,,,,,,,,,128.8,,
"305","SPARKS LAKE","2023081919",0,19,24,5.5,339,16.1,91.934,7.451,30.076,,,,,,,,,,,,,,,,,,,,128.8,,
"305","SPARKS LAKE","2023081920",0,16.3,27,4.3,2,8.4,91.984,7.063,29.006,,,,,,,,,,,,,,,,,,,,128.8,,
"305","SPARKS LAKE","2023081921",0,16.5,27,6.4,32,17.6,92.034,7.908,31.305,,,,,,,,,,,,,,,,,,,,128.8,,
"305","SPARKS LAKE","2023081922",0,13.3,34,3,99,9.4,91.985,6.617,27.741,,,,,,,,,,,,,,,,,,,,128.8,,
"305","SPARKS LAKE","2023081923",0,11.8,39,1.5,29,4.1,91.868,6.034,26.037,,,,,,,,,,,,,,,,,,,,128.8,,
"306","FRENCH BAR","2023081900",0,2,83,2.2,241,10.3,88.734,3.994,18.154,,,,,,,,,,,,,,,,,,,,12.6,,
"306","FRENCH BAR","2023081901",0,0.9,87,2.8,257,9,88.004,3.707,17.178,,,,,,,,,,,,,,,,,,,,12.6,,
"306","FRENCH BAR","2023081902",0,0.7,87,3.9,276,9.5,87.307,3.547,16.619,,,,,,,,,,,,,,,,,,,,12.6,,
"306","FRENCH BAR","2023081903",0,-0.4,92,3.5,242,7.7,86.521,3.109,15.038,,,,,,,,,,,,,,,,,,,,12.6,,
"306","FRENCH BAR","2023081904",0,-1.5,92,0.8,288,5.2,85.904,2.488,12.642,,,,,,,,,,,,,,,,,,,,12.6,,
"306","FRENCH BAR","2023081905",0,-2,94,1.8,273,5.2,85.223,2.379,12.201,,,,,,,,,,,,,,,,,,,,12.6,,
"306","FRENCH BAR","2023081906",0,-1.5,93,1.6,195,5.5,84.628,2.171,11.332,,,,,,,,,,,,,,,,,,,,12.6,,
"306","FRENCH BAR","2023081907",0,2.3,80,1,156,3.5,84.402,2.043,10.783,,,,,,,,,,,,,,,,,,,,12.6,,
"306","FRENCH BAR","2023081908",0,11.2,48,4.2,173,9.3,84.606,2.467,12.56,,,,,,,,,,,,,,,,,,,,12.6,,
"306","FRENCH BAR","2023081909",0,14,38,11,103,20.4,85.109,3.724,17.235,,,,,,,,,,,,,,,,,,,,12.6,,
"306","FRENCH BAR","2023081910",0,14.9,37,11.4,105,21.3,85.613,4.074,18.422,,,,,,,,,,,,,,,,,,,,12.6,,
"306","FRENCH BAR","2023081911",0,15.8,32,12.9,104,21.9,86.237,4.796,20.742,,,,,,,,,,,,,,,,,,,,12.6,,
"306","FRENCH BAR","2023081912",0,17.6,27,13,110,24.2,87.013,5.381,22.52,0,92.349,11.529,38.171,86.608,583.69,126.348,4,,,,,,,,,,,,12.6,,
"306","FRENCH BAR","2023081913",0,19,22,9.2,105,22.9,87.877,5.027,21.691,,,,,,,,,,,,,,,,,,,,12.6,,
"306","FRENCH BAR","2023081914",0,19.2,19,8.3,56,24.1,88.729,5.428,22.907,,,,,,,,,,,,,,,,,,,,12.6,,
"306","FRENCH BAR","2023081915",0,19.9,21,5.3,134,21.8,89.379,5.122,21.984,,,,,,,,,,,,,,,,,,,,12.6,,
"306","FRENCH BAR","2023081916",0,20,20,6.6,289,17.6,89.997,5.976,24.511,,,,,,,,,,,,,,,,,,,,12.6,,
"306","FRENCH BAR","2023081917",0,18.9,23,6.3,354,14.3,90.382,6.22,25.203,,,,,,,,,,,,,,,,,,,,12.6,,
"306","FRENCH BAR","2023081918",0,18.3,25,4.1,13,12.7,90.622,5.761,23.89,,,,,,,,,,,,,,,,,,,,12.6,,
"306","FRENCH BAR","2023081919",0,13.6,34,0.9,273,11.5,90.672,4.938,21.418,,,,,,,,,,,,,,,,,,,,12.6,,
"306","FRENCH BAR","2023081920",0,9.1,46,4.9,274,9.4,90.495,5.891,24.265,,,,,,,,,,,,,,,,,,,,12.6,,
"306","FRENCH BAR","2023081921",0,6.4,56,6.4,288,11.7,90.145,6.043,24.703,,,,,,,,,,,,,,,,,,,,12.6,,
"306","FRENCH BAR","2023081922",0,4.3,65,3.1,240,12.5,89.724,4.818,21.041,,,,,,,,,,,,,,,,,,,,12.6,,
"306","FRENCH BAR","2023081923",0,3.2,68,4.6,269,9.9,89.265,4.865,21.189,,,,,,,,,,,,,,,,,,,,12.6,,
"307","LEIGHTON LAKE","2023081900",0,2.2,86,2.6,172,6.8,88.602,3.999,18.909,,,,,,,,,,,,,,,,,,,,,,
"307","LEIGHTON LAKE","2023081901",0,1.7,87,5,189,6.8,87.815,4.031,19.02,,,,,,,,,,,,,,,,,,,,,,
"307","LEIGHTON LAKE","2023081902",0,0.3,92,5.2,171,7.9,86.93,3.589,17.459,,,,,,,,,,,,,,,,,,,,,,
"307","LEIGHTON LAKE","2023081903",0,0.2,92,6.6,204,9.7,86.095,3.422,16.849,,,,,,,,,,,,,,,,,,,,,,
"307","LEIGHTON LAKE","2023081904",0,0,95,5.4,210,9.7,85.219,2.851,14.67,,,,,,,,,,,,,,,,,,,,,,
"307","LEIGHTON LAKE","2023081905",0,-0.9,98,2.3,181,6.8,84.36,2.168,11.829,,,,,,,,,,,,,,,,,,,,,,
"307","LEIGHTON LAKE","2023081906",0,-0.8,98,3.1,210,7.4,83.539,2.024,11.187,,,,,,,,,,,,,,,,,,,,,,
"307","LEIGHTON LAKE","2023081907",0,6.2,85,3.6,148,7.4,83.253,2,11.078,,,,,,,,,,,,,,,,,,,,,,
"307","LEIGHTON LAKE","2023081908",0,12,49,12.8,9,19.5,83.61,3.331,16.512,,,,,,,,,,,,,,,,,,,,,,
"307","LEIGHTON LAKE","2023081909",0,13.1,44,12.6,5,22.9,84.067,3.503,17.147,,,,,,,,,,,,,,,,,,,,,,
"307","LEIGHTON LAKE","2023081910",0,14.2,39,13.8,345,24.6,84.637,4.019,18.978,,,,,,,,,,,,,,,,,,,,,,
"307","LEIGHTON LAKE","2023081911",0,15.4,36,16.5,352,27.5,85.285,5.033,22.319,,,,,,,,,,,,,,,,,,,,,,
"307","LEIGHTON LAKE","2023081912",0,16.9,32,13.6,330,25.2,86.005,4.809,21.605,0,91.827,11.038,38.325,95.04,646.711,139.008,4,,,,,,,,,,,,,,
"307","LEIGHTON LAKE","2023081913",0,17.9,30,15.3,335,25.2,86.751,5.821,24.914,,,,,,,,,,,,,,,,,,,,,,
"307","LEIGHTON LAKE","2023081914",0,19.4,24,11,314,23.5,87.625,5.309,23.357,,,,,,,,,,,,,,,,,,,,,,
"307","LEIGHTON LAKE","2023081915",0,20.2,24,9.3,35,21.2,88.391,5.438,23.756,,,,,,,,,,,,,,,,,,,,,,
"307","LEIGHTON LAKE","2023081916",0,20.5,23,6.7,253,28.7,89.063,5.253,23.185,,,,,,,,,,,,,,,,,,,,,,
"307","LEIGHTON LAKE","2023081917",0,20.2,23,11.2,345,21.8,89.672,7.192,28.822,,,,,,,,,,,,,,,,,,,,,,
"307","LEIGHTON LAKE","2023081918",0,19.5,24,9.5,338,26.4,90.113,7.032,28.383,,,,,,,,,,,,,,,,,,,,,,
"307","LEIGHTON LAKE","2023081919",0,17.5,29,9.7,348,20,90.268,7.263,29.016,,,,,,,,,,,,,,,,,,,,,,
"307","LEIGHTON LAKE","2023081920",0,13.5,36,6.8,11,14.9,90.317,6.32,26.378,,,,,,,,,,,,,,,,,,,,,,
"307","LEIGHTON LAKE","2023081921",0,7.7,53,2.4,75,6.8,90.08,4.894,22.049,,,,,,,,,,,,,,,,,,,,,,
"307","LEIGHTON LAKE","2023081922",0,5.6,61,7.9,199,9.7,89.664,6.083,25.69,,,,,,,,,,,,,,,,,,,,,,
"307","LEIGHTON LAKE","2023081923",0,4,67,6.8,195,10.8,89.194,5.38,23.577,,,,,,,,,,,,,,,,,,,,,,
"309","GWYNETH LAKE","2023081900",0,8.8,61,0.9,292,8.2,90.563,4.863,22.109,,,,,,,,,,,,,,,,,,,,65.6,,
"309","GWYNETH LAKE","2023081901",0,9,60,0.8,337,6.9,90.235,4.616,21.302,,,,,,,,,,,,,,,,,,,,65.6,,
"309","GWYNETH LAKE","2023081902",0,8,64,1.5,331,5.3,89.846,4.523,20.993,,,,,,,,,,,,,,,,,,,,65.6,,
"309","GWYNETH LAKE","2023081903",0,6.2,72,0.8,303,7.6,89.38,4.084,19.498,,,,,,,,,,,,,,,,,,,,65.6,,
"309","GWYNETH LAKE","2023081904",0,4.3,80,0.8,252,3.1,88.807,3.762,18.36,,,,,,,,,,,,,,,,,,,,65.6,,
"309","GWYNETH LAKE","2023081905",0,3.2,85,0.2,265,2,88.215,3.352,16.854,,,,,,,,,,,,,,,,,,,,65.6,,
"309","GWYNETH LAKE","2023081906",0,2.9,89,0,270,2.3,87.606,3.041,15.663,,,,,,,,,,,,,,,,,,,,65.6,,
"309","GWYNETH LAKE","2023081907",0,4.5,90,0.1,233,1.9,86.954,2.785,14.645,,,,,,,,,,,,,,,,,,,,65.6,,
"309","GWYNETH LAKE","2023081908",0,9.8,66,0.9,57,3.3,86.81,2.841,14.87,,,,,,,,,,,,,,,,,,,,65.6,,
"309","GWYNETH LAKE","2023081909",0,14.3,47,3.4,13,8.2,86.87,3.25,16.469,,,,,,,,,,,,,,,,,,,,65.6,,
"309","GWYNETH LAKE","2023081910",0,17.1,36,5,354,11.7,87.213,3.699,18.136,,,,,,,,,,,,,,,,,,,,65.6,,
"309","GWYNETH LAKE","2023081911",0,19.7,29,5.9,6,15.8,87.804,4.212,19.941,,,,,,,,,,,,,,,,,,,,65.6,,
"309","GWYNETH LAKE","2023081912",0,20.7,26,7.1,347,17,88.47,4.923,22.302,0,93.741,10.407,37.434,99.065,694.425,146.045,4,,,,,,,,,,,,65.6,,
"309","GWYNETH LAKE","2023081913",0,21.5,24,5.2,0,16.6,89.118,4.91,22.46,,,,,,,,,,,,,,,,,,,,65.6,,
"309","GWYNETH LAKE","2023081914",0,22.1,22,5.1,288,14.6,89.77,5.364,23.906,,,,,,,,,,,,,,,,,,,,65.6,,
"309","GWYNETH LAKE","2023081915",0,21.3,20,4.2,262,13.9,90.354,5.573,24.557,,,,,,,,,,,,,,,,,,,,65.6,,
"309","GWYNETH LAKE","2023081916",0,20.9,24,1.8,264,10.6,90.68,5.174,23.309,,,,,,,,,,,,,,,,,,,,65.6,,
"309","GWYNETH LAKE","2023081917",0,18,40,2.8,360,7.5,90.696,5.453,24.187,,,,,,,,,,,,,,,,,,,,65.6,,
"309","GWYNETH LAKE","2023081918",0,14.6,52,1.8,296,6.9,90.479,5.027,22.84,,,,,,,,,,,,,,,,,,,,65.6,,
"309","GWYNETH LAKE","2023081919",0,12.8,50,2.4,291,10.5,90.296,5.048,22.907,,,,,,,,,,,,,,,,,,,,65.6,,
"309","GWYNETH LAKE","2023081920",0,12.7,42,2.6,341,15,90.252,5.067,22.967,,,,,,,,,,,,,,,,,,,,65.6,,
"309","GWYNETH LAKE","2023081921",0,9.6,57,1.4,234,9.3,89.979,4.587,21.397,,,,,,,,,,,,,,,,,,,,65.6,,
"309","GWYNETH LAKE","2023081922",0,7.4,58,0.9,274,5.8,89.721,4.31,20.462,,,,,,,,,,,,,,,,,,,,65.6,,
"309","GWYNETH LAKE","2023081923",0,5.8,67,0.4,231,2.8,89.368,3.996,19.367,,,,,,,,,,,,,,,,,,,,65.6,,
"311","MCLEAN LAKE","2023081900",0,9.6,55,7.8,260,13.7,91.061,7.391,29.705,,,,,,,,,,,,,,,,,,,,,,
"311","MCLEAN LAKE","2023081901",0,8.8,58,10.2,257,15.4,90.579,7.788,30.772,,,,,,,,,,,,,,,,,,,,,,
"311","MCLEAN LAKE","2023081902",0,8.5,57,11.9,261,16.6,90.152,7.981,31.285,,,,,,,,,,,,,,,,,,,,,,
"311","MCLEAN LAKE","2023081903",0,8,59,14,271,19.5,89.713,8.33,32.196,,,,,,,,,,,,,,,,,,,,,,
"311","MCLEAN LAKE","2023081904",0,8.1,57,9.3,275,18.9,89.392,6.278,26.57,,,,,,,,,,,,,,,,,,,,,,
"311","MCLEAN LAKE","2023081905",0,8.3,54,7.4,266,12,89.168,5.525,24.312,,,,,,,,,,,,,,,,,,,,,,
"311","MCLEAN LAKE","2023081906",0,8.9,53,9.6,266,12.5,88.973,6.002,25.756,,,,,,,,,,,,,,,,,,,,,,
"311","MCLEAN LAKE","2023081907",0,10.3,51,10.7,272,16.6,88.839,6.223,26.411,,,,,,,,,,,,,,,,,,,,,,
"311","MCLEAN LAKE","2023081908",0,11.5,47,12.6,261,18.9,88.801,6.811,28.099,,,,,,,,,,,,,,,,,,,,,,
"311","MCLEAN LAKE","2023081909",0,13.4,44,12.8,258,21.2,88.85,6.929,28.429,,,,,,,,,,,,,,,,,,,,,,
"311","MCLEAN LAKE","2023081910",0,15.5,34,11.3,264,24.1,88.987,6.551,27.361,,,,,,,,,,,,,,,,,,,,,,
"311","MCLEAN LAKE","2023081911",0,16.5,32,11.9,258,21.8,89.186,6.949,28.487,,,,,,,,,,,,,,,,,,,,,,
"311","MCLEAN LAKE","2023081912",0,18.2,25,10.6,272,22.9,89.621,6.928,28.427,0,93.144,11.423,39.92,97.154,776.097,147.993,4,,,,,,,,,,,,,,
"311","MCLEAN LAKE","2023081913",0,19.9,22,8.4,273,29.2,90.147,6.685,27.96,,,,,,,,,,,,,,,,,,,,,,
"311","MCLEAN LAKE","2023081914",0,20.3,21,10.2,275,23.5,90.662,7.88,31.256,,,,,,,,,,,,,,,,,,,,,,
"311","MCLEAN LAKE","2023081915",0,20.7,22,10.8,281,28.1,91.079,8.619,33.187,,,,,,,,,,,,,,,,,,,,,,
"311","MCLEAN LAKE","2023081916",0,20.6,20,11.9,263,26.4,91.511,9.688,35.853,,,,,,,,,,,,,,,,,,,,,,
"311","MCLEAN LAKE","2023081917",0,20.1,19,11.8,266,24.1,91.895,10.179,37.035,,,,,,,,,,,,,,,,,,,,,,
"311","MCLEAN LAKE","2023081918",0,19,20,11.4,255,20,92.142,10.329,37.392,,,,,,,,,,,,,,,,,,,,,,
"311","MCLEAN LAKE","2023081919",0,17.4,23,3.6,354,17.2,92.199,7.029,28.931,,,,,,,,,,,,,,,,,,,,,,
"311","MCLEAN LAKE","2023081920",0,15.8,25,6.9,275,9.7,92.249,8.359,32.516,,,,,,,,,,,,,,,,,,,,,,
"311","MCLEAN LAKE","2023081921",0,15,28,6.9,281,11.4,92.286,8.403,32.63,,,,,,,,,,,,,,,,,,,,,,
"311","MCLEAN LAKE","2023081922",0,13.3,32,10.5,262,13.1,92.224,9.986,36.575,,,,,,,,,,,,,,,,,,,,,,
"311","MCLEAN LAKE","2023081923",0,13.9,30,9.3,284,14.9,92.213,9.386,35.114,,,,,,,,,,,,,,,,,,,,,,
"316","NAHATLATCH","2023081900",0,12.9,66,3.2,257,5.1,90.058,5.08,24.716,,,,,,,,,0,0,,0,0,0,0,0,,0,0,,0,
"316","NAHATLATCH","2023081901",0,12.4,64,2.7,14,4.5,89.65,4.672,23.307,,,,,,,,,0,0,,0,0,0,0,0,,0,0,,0,
"316","NAHATLATCH","2023081902",0,11.3,72,2,278,5.1,89.132,4.187,21.562,,,,,,,,,0,0,,0,0,0,0,0,,0,0,,0,
"316","NAHATLATCH","2023081903",0,10.2,78,2,254,3.9,88.528,3.839,20.26,,,,,,,,,0,0,,0,0,0,0,0,,0,0,,0,
"316","NAHATLATCH","2023081904",0,9.9,75,1.6,36,3.9,88.067,3.522,19.027,,,,,,,,,0,0,,0,0,0,0,0,,0,0,,0,
"316","NAHATLATCH","2023081905",0,9.6,76,1.7,20,5.1,87.624,3.322,18.229,,,,,,,,,0,0,,0,0,0,0,0,,0,0,,0,
"316","NAHATLATCH","2023081906",0,8.9,81,1.6,247,3.3,87.107,3.07,17.193,,,,,,,,,0,0,,0,0,0,0,0,,0,0,,0,
"316","NAHATLATCH","2023081907",0,9.7,77,1.9,238,3.9,86.726,2.952,16.699,,,,,,,,,0,0,,0,0,0,0,0,,0,0,,0,
"316","NAHATLATCH","2023081908",0,12.6,63,1.7,219,4.5,86.663,2.897,16.462,,,,,,,,,0,0,,0,0,0,0,0,,0,0,,0,
"316","NAHATLATCH","2023081909",0,14.7,56,4.4,166,7.4,86.711,3.342,18.309,,,,,,,,,0,0,,0,0,0,0,0,,0,0,,0,
"316","NAHATLATCH","2023081910",0,17,50,5.3,179,7.4,86.775,3.529,19.054,,,,,,,,,0,0,,0,0,0,0,0,,0,0,,0,
"316","NAHATLATCH","2023081911",0,20.4,33,5.5,201,8.5,87.327,3.856,20.322,,,,,,,,,0,0,,0,0,0,0,0,,0,0,,0,
"316","NAHATLATCH","2023081912",0,21.2,31,8.1,177,19.5,87.929,4.791,23.722,0,93.027,9.907,38.811,165.925,693.104,207.602,4,0,0,,0,0,0,0,0,,0,0,,0,
"316","NAHATLATCH","2023081913",0,21.5,28,6.4,181,18.9,88.536,4.797,23.791,,,,,,,,,0,0,,0,0,0,0,0,,0,0,,0,
"316","NAHATLATCH","2023081914",0,22.8,23,5.2,186,12,89.269,5.017,24.551,,,,,,,,,0,0,,0,0,0,0,0,,0,0,,0,
"316","NAHATLATCH","2023081915",0,22.9,24,5.3,180,12,89.864,5.492,26.143,,,,,,,,,0,0,,0,0,0,0,0,,0,0,,0,
"316","NAHATLATCH","2023081916",0,22.7,27,2.9,214,6.8,90.235,5.131,24.939,,,,,,,,,0,0,,0,0,0,0,0,,0,0,,0,
"316","NAHATLATCH","2023081917",0,21.5,26,2.5,14,5.1,90.543,5.256,25.359,,,,,,,,,0,0,,0,0,0,0,0,,0,0,,0,
"316","NAHATLATCH","2023081918",0,18.9,32,1.6,15,3.9,90.593,5.058,24.691,,,,,,,,,0,0,,0,0,0,0,0,,0,0,,0,
"316","NAHATLATCH","2023081919",0,16.9,43,0,36,9.1,90.579,4.657,23.301,,,,,,,,,0,0,,0,0,0,0,0,,0,0,,0,
"316","NAHATLATCH","2023081920",0,15.4,44,2.3,324,5.6,90.509,5.178,25.096,,,,,,,,,0,0,,0,0,0,0,0,,0,0,,0,
"316","NAHATLATCH","2023081921",0,14.2,45,0,352,5.6,90.455,4.576,23.013,,,,,,,,,0,0,,0,0,0,0,0,,0,0,,0,
"316","NAHATLATCH","2023081922",0,12.8,51,1.8,327,5.1,90.266,4.876,24.066,,,,,,,,,0,0,,0,0,0,0,0,,0,0,,0,
"316","NAHATLATCH","2023081923",0,11.8,53,0,286,4.5,90.113,4.357,22.228,,,,,,,,,0,0,,0,0,0,0,0,,0,0,,0,
"317","ALLISON PASS","2023081900",0,3,80,2,104,5.1,89.969,4.721,18.448,,,,,,,,,0,0,,0,0,0,0,0,,0,0,,0,
"317","ALLISON PASS","2023081901",0,1.7,85,3.6,126,6.2,89.161,4.557,17.974,,,,,,,,,0,0,,0,0,0,0,0,,0,0,,0,
"317","ALLISON PASS","2023081902",0,0.7,89,2.9,115,5.1,88.333,3.906,16.019,,,,,,,,,0,0,,0,0,0,0,0,,0,0,,0,
"317","ALLISON PASS","2023081903",0,-0.3,94,1.7,112,3.3,87.445,3.238,13.873,,,,,,,,,0,0,,0,0,0,0,0,,0,0,,0,
"317","ALLISON PASS","2023081904",0,-0.9,97,2.3,85,4.5,86.467,2.904,12.738,,,,,,,,,0,0,,0,0,0,0,0,,0,0,,0,
"317","ALLISON PASS","2023081905",0,-1.5,100,1.9,121,3.9,85.422,2.458,11.141,,,,,,,,,0,0,,0,0,0,0,0,,0,0,,0,
"317","ALLISON PASS","2023081906",0,-1.2,100,1.9,145,3.9,84.45,2.151,9.978,,,,,,,,,0,0,,0,0,0,0,0,,0,0,,0,
"317","ALLISON PASS","2023081907",0,4,79,1.6,63,2.8,84.248,2.062,9.63,,,,,,,,,0,0,,0,0,0,0,0,,0,0,,0,
"317","ALLISON PASS","2023081908",0,8.5,60,5.2,198,8.5,84.295,2.488,11.251,,,,,,,,,0,0,,0,0,0,0,0,,0,0,,0,
"317","ALLISON PASS","2023081909",0,13.4,44,3.1,60,9.1,84.614,2.337,10.687,,,,,,,,,0,0,,0,0,0,0,0,,0,0,,0,
"317","ALLISON PASS","2023081910",0,17.4,29,9.3,206,19.5,85.485,3.601,15.058,,,,,,,,,0,0,,0,0,0,0,0,,0,0,,0,
"317","ALLISON PASS","2023081911",0,18.7,25,11,214,20.6,86.465,4.501,17.81,,,,,,,,,0,0,,0,0,0,0,0,,0,0,,0,
"317","ALLISON PASS","2023081912",0,19.4,23,10,207,21.2,87.402,4.89,18.93,0,94.674,13.703,39.205,66.259,564.568,102.456,4,0,0,,0,0,0,0,0,,0,0,,0,
"317","ALLISON PASS","2023081913",0,20.5,20,10,209,16.6,88.377,5.622,21.387,,,,,,,,,0,0,,0,0,0,0,0,,0,0,,0,
"317","ALLISON PASS","2023081914",0,21.9,16,7.7,198,15.4,89.409,5.806,21.886,,,,,,,,,0,0,,0,0,0,0,0,,0,0,,0,
"317","ALLISON PASS","2023081915",0,22.2,17,9.7,177,15.4,90.286,7.282,25.664,,,,,,,,,0,0,,0,0,0,0,0,,0,0,,0,
"317","ALLISON PASS","2023081916",0,22.8,16,8.4,190,15.4,91.079,7.638,26.525,,,,,,,,,0,0,,0,0,0,0,0,,0,0,,0,
"317","ALLISON PASS","2023081917",0,21.8,16,9.2,206,18.3,91.708,8.695,28.987,,,,,,,,,0,0,,0,0,0,0,0,,0,0,,0,
"317","ALLISON PASS","2023081918",0,20,19,4,205,14.9,92.014,6.987,24.937,,,,,,,,,0,0,,0,0,0,0,0,,0,0,,0,
"317","ALLISON PASS","2023081919",0,14.4,40,3.9,90,12.5,91.87,6.812,24.498,,,,,,,,,0,0,,0,0,0,0,0,,0,0,,0,
"317","ALLISON PASS","2023081920",0,10,50,2.8,110,7.9,91.559,6.166,22.842,,,,,,,,,0,0,,0,0,0,0,0,,0,0,,0,
"317","ALLISON PASS","2023081921",0,7.7,60,3.2,151,6.2,91.093,5.889,22.108,,,,,,,,,0,0,,0,0,0,0,0,,0,0,,0,
"317","ALLISON PASS","2023081922",0,5.9,66,3.6,102,6.2,90.559,5.568,21.24,,,,,,,,,0,0,,0,0,0,0,0,,0,0,,0,
"321","GREENSTONE HUB","2023081900",0,,0,9.8,309,18.9,,,,,,,,,,,,,,,,,,,,,,,,,
"321","GREENSTONE HUB","2023081901",0,,0,8.2,317,17.2,,,,,,,,,,,,,,,,,,,,,,,,,
"321","GREENSTONE HUB","2023081902",0,,0,11.5,306,18.9,,,,,,,,,,,,,,,,,,,,,,,,,
"321","GREENSTONE HUB","2023081903",0,,0,7.6,303,14.9,,,,,,,,,,,,,,,,,,,,,,,,,
"321","GREENSTONE HUB","2023081904",0,,0,12.7,313,18.9,,,,,,,,,,,,,,,,,,,,,,,,,
"321","GREENSTONE HUB","2023081905",0,,0,14.8,313,25.2,,,,,,,,,,,,,,,,,,,,,,,,,
"321","GREENSTONE HUB","2023081906",0,,0,15.3,313,28.7,,,,,,,,,,,,,,,,,,,,,,,,,
"321","GREENSTONE HUB","2023081907",0,,0,13.5,304,25.8,,,,,,,,,,,,,,,,,,,,,,,,,
"321","GREENSTONE HUB","2023081908",0,,0,10.5,315,21.2,,,,,,,,,,,,,,,,,,,,,,,,,
"321","GREENSTONE HUB","2023081909",0,,0,8,342,21.8,,,,,,,,,,,,,,,,,,,,,,,,,
"321","GREENSTONE HUB","2023081910",0,,0,9.5,8,17.2,,,,,,,,,,,,,,,,,,,,,,,,,
"321","GREENSTONE HUB","2023081911",0,,0,10,5,22.9,,,,,,,,,,,,,,,,,,,,,,,,,
"321","GREENSTONE HUB","2023081912",0,,0,9.8,10,18.3,,,,0,,,,,,,,,,,,,,,,,,,,,
"321","GREENSTONE HUB","2023081913",0,,0,12.7,23,23.5,,,,,,,,,,,,,,,,,,,,,,,,,
"321","GREENSTONE HUB","2023081914",0,,0,10.8,35,18.9,,,,,,,,,,,,,,,,,,,,,,,,,
"321","GREENSTONE HUB","2023081915",0,,0,12.1,68,21.8,,,,,,,,,,,,,,,,,,,,,,,,,
"321","GREENSTONE HUB","2023081916",0,,0,10,352,22.9,,,,,,,,,,,,,,,,,,,,,,,,,
"321","GREENSTONE HUB","2023081917",0,,0,10.3,35,17.7,,,,,,,,,,,,,,,,,,,,,,,,,
"321","GREENSTONE HUB","2023081918",0,,0,7.6,44,15.4,,,,,,,,,,,,,,,,,,,,,,,,,
"321","GREENSTONE HUB","2023081919",0,,0,8.1,40,11.4,,,,,,,,,,,,,,,,,,,,,,,,,
"321","GREENSTONE HUB","2023081920",0,,0,10.1,62,13.1,,,,,,,,,,,,,,,,,,,,,,,,,
"321","GREENSTONE HUB","2023081921",0,,0,6.7,353,13.7,,,,,,,,,,,,,,,,,,,,,,,,,
"321","GREENSTONE HUB","2023081922",0,,0,9.3,326,14.9,,,,,,,,,,,,,,,,,,,,,,,,,
"321","GREENSTONE HUB","2023081923",0,,0,7.6,338,10.8,,,,,,,,,,,,,,,,,,,,,,,,,
"322","AFTON","2023081900",0,14.9,40,13.1,257,21.8,92.38,11.638,44.009,,,,,,,,,,-0.7,,,,0,1,660.66,,,,,,
"322","AFTON","2023081901",0,12.8,47,8.6,245,21.2,92.012,8.807,36.755,,,,,,,,,,-1,,,,0,1,660.71,,,,,,
"322","AFTON","2023081902",0,11.3,52,8,215,12,91.579,8.037,34.607,,,,,,,,,,-1.1,,,,0,1,660.74,,,,,,
"322","AFTON","2023081903",0,10.2,55,8.9,223,10.8,91.118,7.876,34.148,,,,,,,,,,-1.1,,,,0,1,660.73,,,,,,
"322","AFTON","2023081904",0,9,59,8,220,11.4,90.634,7.024,31.64,,,,,,,,,,-1,,,,0,1,660.72,,,,,,
"322","AFTON","2023081905",0,8.4,61,4.4,229,14.3,90.206,5.512,26.834,,,,,,,,,,-0.8,,,,0,1,660.73,,,,,,
"322","AFTON","2023081906",0,10.2,59,6.8,52,10.2,89.825,5.889,28.082,,,,,,,,,,-1,,,,0,1,660.66,,,,,,
"322","AFTON","2023081907",0,13.7,51,4.4,346,12,89.671,5.105,25.449,,,,,,,,,,-1.1,,,,0,1,660.53,,,,,,
"322","AFTON","2023081908",0,14.5,48,9.4,34,12,89.574,6.477,29.958,,,,,,,,,,-1.1,,,,0,1,660.51,,,,,,
"322","AFTON","2023081909",0,16,42,7.8,10,15.4,89.623,6.018,28.498,,,,,,,,,,-0.9,,,,0,1,660.51,,,,,,
"322","AFTON","2023081910",0,18.1,38,8.2,340,21.8,89.672,6.183,29.03,,,,,,,,,,-0.9,,,,0,1,660.51,,,,,,
"322","AFTON","2023081911",0,19.6,33,9.2,354,17.2,89.827,6.649,30.493,,,,,,,,,,-1,,,,0,1,660.5,,,,,,
"322","AFTON","2023081912",0,21.2,28,10.8,17,20,90.175,7.575,33.276,0,93.258,11.842,44.503,269.382,1172.493,342.207,4,,,,,,0,1,660.54,,,,,,
"322","AFTON","2023081913",0,22.7,26,10.1,37,17.7,90.592,7.763,33.824,,,,,,,,,,,,,,0,1,660.55,,,,,,
"322","AFTON","2023081914",0,22.9,25,7.5,337,21.8,90.971,7.187,32.131,,,,,,,,,,,,,,0,1,660.57,,,,,,
"322","AFTON","2023081915",0,24.1,22,8.8,29,17.2,91.461,8.228,35.151,,,,,,,,,,-0.8,,,,0,1,660.59,,,,,,
"322","AFTON","2023081916",0,25,20,6.8,68,12.5,91.971,7.998,34.498,,,,,,,,,,-1.2,,,,0,1,660.59,,,,,,
"322","AFTON","2023081917",0,25,18,4.4,243,17.2,92.454,7.586,33.311,,,,,,,,,,-1,,,,0,1,660.63,,,,,,
"322","AFTON","2023081918",0,23.7,19,5.9,18,14.3,92.784,8.57,36.105,,,,,,,,,,-1,,,,0,1,660.66,,,,,,
"322","AFTON","2023081919",0,22.1,21,2.2,355,9.7,92.923,7.253,32.327,,,,,,,,,,-1.1,,,,0,1,660.68,,,,,,
"322","AFTON","2023081920",0,19.3,26,3.7,75,10.8,92.973,7.877,34.153,,,,,,,,,,-1.3,,,,0,1,660.79,,,,,,
"322","AFTON","2023081921",0,15.9,33,9.8,231,12.5,92.858,10.54,41.305,,,,,,,,,,-1.2,,,,0,1,660.76,,,,,,
"322","AFTON","2023081922",0,14,37,8.7,237,13.1,92.659,9.697,39.139,,,,,,,,,,-1,,,,0,1,660.76,,,,,,
"322","AFTON","2023081923",0,13.5,38,9.9,218,13.1,92.447,9.999,39.925,,,,,,,,,,-1,,,,0,1,660.72,,,,,,
"326","PASKA LAKE","2023081900",0,4.6,74,7.8,41,12.5,88.191,4.899,21.324,,,,,,,,,,,,,,,,,,,,,,
"326","PASKA LAKE","2023081901",0,4.1,77,8.1,41,13.7,87.635,4.593,20.357,,,,,,,,,,,,,,,,,,,,,,
"326","PASKA LAKE","2023081902",0,4,77,6.8,38,10.8,87.146,4.012,18.446,,,,,,,,,,,,,,,,,,,,,,
"326","PASKA LAKE","2023081903",0,3.9,77,6.8,334,9.7,86.702,3.767,17.605,,,,,,,,,,,,,,,,,,,,,,
"326","PASKA LAKE","2023081904",0,3.8,76,7.9,40,14.3,86.309,3.766,17.602,,,,,,,,,,,,,,,,,,,,,,
"326","PASKA LAKE","2023081905",0,2,87,6.8,33,13.1,85.688,3.265,15.818,,,,,,,,,,,,,,,,,,,,,,
"326","PASKA LAKE","2023081906",0,4.3,71,9.4,30,16,85.475,3.614,17.07,,,,,,,,,,,,,,,,,,,,,,
"326","PASKA LAKE","2023081907",0,8.1,57,9.8,21,20,85.523,3.712,17.415,,,,,,,,,,,,,,,,,,,,,,
"326","PASKA LAKE","2023081908",0,9.8,50,14.5,355,25.2,85.588,4.747,20.845,,,,,,,,,,,,,,,,,,,,,,
"326","PASKA LAKE","2023081909",0,11.9,39,14.6,354,22.9,85.911,4.991,21.609,,,,,,,,,,,,,,,,,,,,,,
"326","PASKA LAKE","2023081910",0,13.3,37,10.6,2,27.5,86.266,4.289,19.368,,,,,,,,,,,,,,,,,,,,,,
"326","PASKA LAKE","2023081911",0,14.3,37,8.5,46,22.3,86.598,4.043,18.551,,,,,,,,,,,,,,,,,,,,,,
"326","PASKA LAKE","2023081912",0,15.6,32,12.7,17,24.6,87.086,5.355,22.719,0,91.626,10.253,35.683,86.201,654.59,129.702,4,,,,,,,,,,,,,,
"326","PASKA LAKE","2023081913",0,15.7,29,11.9,49,23.5,87.596,5.532,23.453,,,,,,,,,,,,,,,,,,,,,,
"326","PASKA LAKE","2023081914",0,16.9,25,10.9,53,26.4,88.202,5.737,24.061,,,,,,,,,,,,,,,,,,,,,,
"326","PASKA LAKE","2023081915",0,17.2,24,9.4,62,23.5,88.759,5.762,24.133,,,,,,,,,,,,,,,,,,,,,,
"326","PASKA LAKE","2023081916",0,17.4,20,13,32,22.9,89.418,7.594,29.196,,,,,,,,,,,,,,,,,,,,,,
"326","PASKA LAKE","2023081917",0,17.4,22,8.2,9,20,89.876,6.367,25.873,,,,,,,,,,,,,,,,,,,,,,
"326","PASKA LAKE","2023081918",0,15.5,32,11.3,40,19.5,89.932,7.504,28.96,,,,,,,,,,,,,,,,,,,,,,
"326","PASKA LAKE","2023081919",0,14,36,7.7,47,17.7,89.981,6.303,25.691,,,,,,,,,,,,,,,,,,,,,,
"326","PASKA LAKE","2023081920",0,11.1,44,7.1,23,10.8,89.896,6.041,24.944,,,,,,,,,,,,,,,,,,,,,,
"326","PASKA LAKE","2023081921",0,8.7,56,9.2,30,11.4,89.578,6.416,26.01,,,,,,,,,,,,,,,,,,,,,,
"326","PASKA LAKE","2023081922",0,7.6,61,8.9,32,12.5,89.197,5.983,24.778,,,,,,,,,,,,,,,,,,,,,,
"326","PASKA LAKE","2023081923",0,6.6,58,10,37,12.5,88.897,6.058,24.993,,,,,,,,,,,,,,,,,,,,,,
"328","PENTICTON RS","2023081900",0,15.8,34,5.9,90,13.1,94.466,10.829,41.195,,,,,,,,,,,,,,,,,,,,,,
"328","PENTICTON RS","2023081901",0,15.6,36,6.2,82,13.7,94.169,10.553,40.514,,,,,,,,,,,,,,,,,,,,,,
"328","PENTICTON RS","2023081902",0,15.5,36,7.7,88,13.7,93.884,10.941,41.468,,,,,,,,,,,,,,,,,,,,,,
"328","PENTICTON RS","2023081903",0,14.7,38,5.4,84,14.9,93.603,9.37,37.505,,,,,,,,,,,,,,,,,,,,,,
"328","PENTICTON RS","2023081904",0,13.3,42,4.5,80,9.7,93.272,8.552,35.322,,,,,,,,,,,,,,,,,,,,,,
"328","PENTICTON RS","2023081905",0,13.6,41,4.6,61,13.1,92.99,8.262,34.527,,,,,,,,,,,,,,,,,,,,,,
"328","PENTICTON RS","2023081906",0,12.7,44,4.8,85,9.7,92.668,7.977,33.735,,,,,,,,,,,,,,,,,,,,,,
"328","PENTICTON RS","2023081907",0,13.6,44,3.5,91,9.1,92.395,7.189,31.473,,,,,,,,,,,,,,,,,,,,,,
"328","PENTICTON RS","2023081908",0,16.1,42,2.8,323,6.2,92.205,6.757,30.186,,,,,,,,,,,,,,,,,,,,,,
"328","PENTICTON RS","2023081909",0,18.7,41,4.5,290,6.8,92.057,7.209,31.532,,,,,,,,,,,,,,,,,,,,,,
"328","PENTICTON RS","2023081910",0,20.5,35,5.4,299,10.8,92.066,7.553,32.529,,,,,,,,,,,,,,,,,,,,,,
"328","PENTICTON RS","2023081911",0,21.2,31,8,306,17.2,92.116,8.671,35.647,,,,,,,,,,,,,,,,,,,,,,
"328","PENTICTON RS","2023081912",0,22.3,29,10.9,336,21.8,92.166,10.107,39.399,0,94.202,13.435,47.352,148.84,978.787,215.684,5,,,,,,,,,,,,,,
"328","PENTICTON RS","2023081913",0,22.9,28,10.2,317,24.6,92.216,9.826,38.756,,,,,,,,,,,,,,,,,,,,,,
"328","PENTICTON RS","2023081914",0,23.3,28,10.2,336,25.8,92.266,9.895,38.934,,,,,,,,,,,,,,,,,,,,,,
"328","PENTICTON RS","2023081915",0,24.3,28,7.7,299,21.8,92.316,8.786,36.024,,,,,,,,,,,,,,,,,,,,,,
"328","PENTICTON RS","2023081916",0,24,28,8.7,302,18.9,92.366,9.305,37.406,,,,,,,,,,,,,,,,,,,,,,
"328","PENTICTON RS","2023081917",0,23.6,27,8.6,349,20.6,92.416,9.324,37.455,,,,,,,,,,,,,,,,,,,,,,
"328","PENTICTON RS","2023081918",0,22.7,28,7.8,351,22.9,92.466,9.019,36.648,,,,,,,,,,,,,,,,,,,,,,
"328","PENTICTON RS","2023081919",0,21,26,5.3,39,14.9,92.516,8.008,33.885,,,,,,,,,,,,,,,,,,,,,,
"328","PENTICTON RS","2023081920",0,18.1,28,4.9,75,12,92.566,7.903,33.591,,,,,,,,,,,,,,,,,,,,,,
"328","PENTICTON RS","2023081921",0,18.2,24,7.1,90,13.7,92.616,8.892,36.31,,,,,,,,,,,,,,,,,,,,,,
"328","PENTICTON RS","2023081922",0,17.4,28,6.4,89,13.7,92.656,8.632,35.607,,,,,,,,,,,,,,,,,,,,,,
"328","PENTICTON RS","2023081923",0,16.7,30,4.9,78,13.1,92.651,7.998,33.859,,,,,,,,,,,,,,,,,,,,,,
"331","ASHNOLA","2023081900",0,8,45,3.1,335,7.3,92.166,6.822,29.739,,,,,,,,,,,,,,,,,,,,1171.8,,
"331","ASHNOLA","2023081901",0,7.6,46,3,222,8.6,91.895,6.532,28.877,,,,,,,,,,,,,,,,,,,,1171.8,,
"331","ASHNOLA","2023081902",0,6.5,50,7.5,245,8.6,91.521,7.772,32.464,,,,,,,,,,,,,,,,,,,,1171.8,,
"331","ASHNOLA","2023081903",0,7.3,47,4.2,354,8.8,91.264,6.346,28.311,,,,,,,,,,,,,,,,,,,,1171.8,,
"331","ASHNOLA","2023081904",0,6.3,52,3.9,123,10.4,90.949,5.977,27.174,,,,,,,,,,,,,,,,,,,,1171.8,,
"331","ASHNOLA","2023081905",0,6.1,53,0.7,16,8.4,90.704,4.911,23.708,,,,,,,,,,,,,,,,,,,,1171.8,,
"331","ASHNOLA","2023081906",0,5,58,4.9,260,7,90.323,5.748,26.453,,,,,,,,,,,,,,,,,,,,1171.8,,
"331","ASHNOLA","2023081907",0,5.8,55,4.9,261,8,90.02,5.504,25.671,,,,,,,,,,,,,,,,,,,,1171.8,,
"331","ASHNOLA","2023081908",0,8.8,45,2.3,280,5.4,89.925,4.763,23.2,,,,,,,,,,,,,,,,,,,,1171.8,,
"331","ASHNOLA","2023081909",0,11.3,37,4.8,89,7.9,89.959,5.428,25.426,,,,,,,,,,,,,,,,,,,,1171.8,,
"331","ASHNOLA","2023081910",0,13.8,27,5.8,151,11.7,90.092,5.819,26.678,,,,,,,,,,,,,,,,,,,,1171.8,,
"331","ASHNOLA","2023081911",0,14.7,29,5.5,241,11.9,90.179,5.803,26.628,,,,,,,,,,,,,,,,,,,,1171.8,,
"331","ASHNOLA","2023081912",0,15.6,28,7.6,115,18.7,90.303,6.567,28.98,0,93.416,10.2,38.924,138.42,689.935,184.367,4,,,,,,,,,,,,1171.8,,
"331","ASHNOLA","2023081913",0,16.6,28,7.9,116,16,90.436,6.795,29.735,,,,,,,,,,,,,,,,,,,,1171.8,,
"331","ASHNOLA","2023081914",0,17.1,27,9.1,109,17.2,90.595,7.384,31.45,,,,,,,,,,,,,,,,,,,,1171.8,,
"331","ASHNOLA","2023081915",0,17.6,25,9,116,20.3,90.807,7.573,31.987,,,,,,,,,,,,,,,,,,,,1171.8,,
"331","ASHNOLA","2023081916",0,16.8,25,9.8,115,20.6,90.971,8.07,33.373,,,,,,,,,,,,,,,,,,,,1171.8,,
"331","ASHNOLA","2023081917",0,16,25,8.2,115,18.3,91.09,7.573,31.987,,,,,,,,,,,,,,,,,,,,1171.8,,
"331","ASHNOLA","2023081918",0,15.5,26,6,111,14.8,91.153,6.84,29.868,,,,,,,,,,,,,,,,,,,,1171.8,,
"331","ASHNOLA","2023081919",0,13.6,29,4.4,112,8.8,91.203,6.354,28.411,,,,,,,,,,,,,,,,,,,,1171.8,,
"331","ASHNOLA","2023081920",0,11.5,33,4.3,101,9.3,91.205,6.324,28.32,,,,,,,,,,,,,,,,,,,,1171.8,,
"331","ASHNOLA","2023081921",0,11.3,34,2,1,7,91.198,5.627,26.136,,,,,,,,,,,,,,,,,,,,1171.8,,
"331","ASHNOLA","2023081922",0,11.2,38,3.9,99,6.9,91.126,6.129,27.719,,,,,,,,,,,,,,,,,,,,1171.8,,
"331","ASHNOLA","2023081923",0,10.2,40,5.2,258,6.7,91.014,6.44,28.672,,,,,,,,,,,,,,,,,,,,1171.8,,
"334","MCCUDDY","2023081900",0,11.7,38,5.2,50,9.1,93.77,9.495,38.216,,,,,,,,,,,,,,,,,,,,,,
"334","MCCUDDY","2023081901",0,11.2,40,4.8,351,10.8,93.458,8.91,36.663,,,,,,,,,,,,,,,,,,,,,,
"334","MCCUDDY","2023081902",0,11,42,4.4,68,11.4,93.139,8.351,35.134,,,,,,,,,,,,,,,,,,,,,,
"334","MCCUDDY","2023081903",0,12.9,36,6.8,313,13.7,92.941,9.168,37.353,,,,,,,,,,,,,,,,,,,,,,
"334","MCCUDDY","2023081904",0,11.7,40,5.9,275,12.5,92.686,8.453,35.415,,,,,,,,,,,,,,,,,,,,,,
"334","MCCUDDY","2023081905",0,9.6,46,4.5,65,8.5,92.353,7.517,32.766,,,,,,,,,,,,,,,,,,,,,,
"334","MCCUDDY","2023081906",0,10.3,45,3.6,46,14.3,92.078,6.91,30.969,,,,,,,,,,,,,,,,,,,,,,
"334","MCCUDDY","2023081907",0,11.2,41,5.2,337,9.7,91.88,7.283,32.082,,,,,,,,,,,,,,,,,,,,,,
"334","MCCUDDY","2023081908",0,14,38,8.7,254,10.8,91.753,8.533,35.636,,,,,,,,,,,,,,,,,,,,,,
"334","MCCUDDY","2023081909",0,14.8,39,11.2,232,16,91.616,9.493,38.212,,,,,,,,,,,,,,,,,,,,,,
"334","MCCUDDY","2023081910",0,16.9,32,13.2,265,24.1,91.665,10.572,40.973,,,,,,,,,,,,,,,,,,,,,,
"334","MCCUDDY","2023081911",0,17.5,30,21.6,262,29.8,91.715,16.258,53.78,,,,,,,,,,,,,,,,,,,,,,
"334","MCCUDDY","2023081912",0,18.6,27,20.2,272,31,91.765,15.258,51.699,0,93.885,20.542,62.13,205.305,743.659,242.938,5,,,,,,,,,,,,,,
"334","MCCUDDY","2023081913",0,19.3,25,17.7,265,29.8,91.863,13.64,48.225,,,,,,,,,,,,,,,,,,,,,,
"334","MCCUDDY","2023081914",0,20.7,21,16.3,264,29.8,92.145,13.229,47.304,,,,,,,,,,,,,,,,,,,,,,
"334","MCCUDDY","2023081915",0,20.7,21,14.9,259,25.8,92.376,12.735,46.18,,,,,,,,,,,,,,,,,,,,,,
"334","MCCUDDY","2023081916",0,20.2,20,12.6,266,23.5,92.588,11.685,43.721,,,,,,,,,,,,,,,,,,,,,,
"334","MCCUDDY","2023081917",0,19.4,24,9.5,260,20.6,92.638,10.066,39.724,,,,,,,,,,,,,,,,,,,,,,
"334","MCCUDDY","2023081918",0,18.6,27,5.3,255,9.7,92.688,8.204,34.749,,,,,,,,,,,,,,,,,,,,,,
"334","MCCUDDY","2023081919",0,15.9,33,3.4,358,9.7,92.627,7.391,32.424,,,,,,,,,,,,,,,,,,,,,,
"334","MCCUDDY","2023081920",0,14.3,37,4.5,20,7.4,92.48,7.652,33.183,,,,,,,,,,,,,,,,,,,,,,
"334","MCCUDDY","2023081921",0,12.2,38,7.3,57,11.4,92.293,8.582,35.797,,,,,,,,,,,,,,,,,,,,,,
"334","MCCUDDY","2023081922",0,11.2,41,6.9,60,10.8,92.063,8.142,34.577,,,,,,,,,,,,,,,,,,,,,,
"334","MCCUDDY","2023081923",0,10.2,42,7.2,62,10.8,91.827,7.996,34.163,,,,,,,,,,,,,,,,,,,,,,
"344","SEYMOUR ARM","2023081900",0,13.8,48,3.7,79,8.8,91.616,6.505,23.73,,,,,,,,,,,,,,,,,,,,162,,
"344","SEYMOUR ARM","2023081901",0,12.6,53,2.2,99,5.7,91.286,5.755,21.757,,,,,,,,,,,,,,,,,,,,162,,
"344","SEYMOUR ARM","2023081902",0,12,56,3.8,87,7.5,90.899,5.904,22.157,,,,,,,,,,,,,,,,,,,,162,,
"344","SEYMOUR ARM","2023081903",0,11.4,58,2.8,136,8.8,90.527,5.323,20.574,,,,,,,,,,,,,,,,,,,,162,,
"344","SEYMOUR ARM","2023081904",0,10.7,61,1.7,92,8.5,90.156,4.777,19.017,,,,,,,,,,,,,,,,,,,,162,,
"344","SEYMOUR ARM","2023081905",0,10.7,61,2.5,85,8.6,89.801,4.726,18.869,,,,,,,,,,,,,,,,,,,,162,,
"344","SEYMOUR ARM","2023081906",0,10.5,64,1.5,80,4.8,89.444,4.27,17.508,,,,,,,,,,,,,,,,,,,,162,,
"344","SEYMOUR ARM","2023081907",0,9.9,72,1.1,156,3.8,88.98,3.915,16.408,,,,,,,,,,,,,,,,,,,,162,,
"344","SEYMOUR ARM","2023081908",0,12,66,1.4,115,4.9,88.662,3.797,16.036,,,,,,,,,,,,,,,,,,,,162,,
"344","SEYMOUR ARM","2023081909",0,17.7,43,3.3,182,8.2,88.711,4.208,17.319,,,,,,,,,,,,,,,,,,,,162,,
"344","SEYMOUR ARM","2023081910",0,21,36,4.7,187,8.9,88.938,4.665,18.692,,,,,,,,,,,,,,,,,,,,162,,
"344","SEYMOUR ARM","2023081911",0,23.7,29,5.1,227,11.3,89.44,5.116,19.99,,,,,,,,,,,,,,,,,,,,162,,
"344","SEYMOUR ARM","2023081912",0,25.2,27,6.8,220,14.8,90.019,6.056,22.56,0,92.541,8.666,29.579,69.864,584.94,107.599,4,,,,,,,,,,,,162,,
"344","SEYMOUR ARM","2023081913",0,26,22,6.9,207,13.4,90.739,6.747,24.904,,,,,,,,,,,,,,,,,,,,162,,
"344","SEYMOUR ARM","2023081914",0,27.8,17,4.4,152,17.7,91.603,6.726,24.85,,,,,,,,,,,,,,,,,,,,162,,
"344","SEYMOUR ARM","2023081915",0,27.4,16,6.4,340,15.2,92.375,8.298,28.718,,,,,,,,,,,,,,,,,,,,162,,
"344","SEYMOUR ARM","2023081916",0,27.5,19,5.8,218,11.8,92.867,8.627,29.488,,,,,,,,,,,,,,,,,,,,162,,
"344","SEYMOUR ARM","2023081917",0,26.3,24,5,213,16.8,93.015,8.46,29.099,,,,,,,,,,,,,,,,,,,,162,,
"344","SEYMOUR ARM","2023081918",0,22.9,31,3,212,12.3,93.048,7.684,27.249,,,,,,,,,,,,,,,,,,,,162,,
"344","SEYMOUR ARM","2023081919",0,20.3,36,2.7,70,6.7,92.951,7.467,26.717,,,,,,,,,,,,,,,,,,,,162,,
"344","SEYMOUR ARM","2023081920",0,18.6,36,3.8,70,5.1,92.837,7.767,27.45,,,,,,,,,,,,,,,,,,,,162,,
"344","SEYMOUR ARM","2023081921",0,17.3,37,3.1,80,10.9,92.708,7.363,26.461,,,,,,,,,,,,,,,,,,,,162,,
"344","SEYMOUR ARM","2023081922",0,16.7,39,4.3,71,11.2,92.536,7.635,27.13,,,,,,,,,,,,,,,,,,,,162,,
"344","SEYMOUR ARM","2023081923",0,16.5,40,4.4,79,13.1,92.357,7.483,26.758,,,,,,,,,,,,,,,,,,,,162,,
"352","CURWEN CREEK","2023081900",0,4.7,73,4.2,254,7.8,87.92,3.931,18.822,,,,,,,,,,,,,,,,,,,,10095.6,,
"352","CURWEN CREEK","2023081901",0,4.4,72,3.9,274,8.4,87.543,3.668,17.888,,,,,,,,,,,,,,,,,,,,10095.6,,
"352","CURWEN CREEK","2023081902",0,3.6,75,3.8,263,5.5,87.144,3.448,17.085,,,,,,,,,,,,,,,,,,,,10095.6,,
"352","CURWEN CREEK","2023081903",0,3.1,79,3.8,277,6.1,86.699,3.237,16.293,,,,,,,,,,,,,,,,,,,,10095.6,,
"352","CURWEN CREEK","2023081904",0,2.9,80,3.8,273,5.6,86.27,3.046,15.562,,,,,,,,,,,,,,,,,,,,10095.6,,
"352","CURWEN CREEK","2023081905",0,2.7,81,4,270,5.8,85.852,2.901,14.994,,,,,,,,,,,,,,,,,,,,10095.6,,
"352","CURWEN CREEK","2023081906",0,3.5,86,2.9,254,5,85.354,2.561,13.615,,,,,,,,,,,,,,,,,,,,10095.6,,
"352","CURWEN CREEK","2023081907",0,8.4,61,2,134,5.5,85.385,2.458,13.184,,,,,,,,,,,,,,,,,,,,10095.6,,
"352","CURWEN CREEK","2023081908",0,11.3,49,4.1,91,6.4,85.493,2.774,14.485,,,,,,,,,,,,,,,,,,,,10095.6,,
"352","CURWEN CREEK","2023081909",0,14.3,45,4.6,75,8.4,85.716,2.934,15.124,,,,,,,,,,,,,,,,,,,,10095.6,,
"352","CURWEN CREEK","2023081910",0,15.4,40,4.5,78,9.1,86.042,3.056,15.6,,,,,,,,,,,,,,,,,,,,10095.6,,
"352","CURWEN CREEK","2023081911",0,16.8,39,3.8,87,12.4,86.387,3.097,15.758,,,,,,,,,,,,,,,,,,,,10095.6,,
"352","CURWEN CREEK","2023081912",0,18.4,31,4.4,69,11.3,86.951,3.458,17.119,0,92.22,7.34,29.434,102.372,581.548,142.175,5,,,,,,,,,,,,10095.6,,
"352","CURWEN CREEK","2023081913",0,19.7,25,5.9,82,12.2,87.703,4.152,19.74,,,,,,,,,,,,,,,,,,,,10095.6,,
"352","CURWEN CREEK","2023081914",0,20,25,4.5,67,11.5,88.346,4.242,20.052,,,,,,,,,,,,,,,,,,,,10095.6,,
"352","CURWEN CREEK","2023081915",0,20.6,26,4.1,29,10.5,88.892,4.496,20.91,,,,,,,,,,,,,,,,,,,,10095.6,,
"352","CURWEN CREEK","2023081916",0,20.1,30,4.8,226,10.1,89.236,4.894,22.215,,,,,,,,,,,,,,,,,,,,10095.6,,
"352","CURWEN CREEK","2023081917",0,18,37,5.1,255,16.3,89.301,5.014,22.604,,,,,,,,,,,,,,,,,,,,10095.6,,
"352","CURWEN CREEK","2023081918",0,14.4,49,3.7,259,10.4,89.242,4.634,21.368,,,,,,,,,,,,,,,,,,,,10095.6,,
"352","CURWEN CREEK","2023081919",0,11.9,52,7.8,268,16.7,89.091,5.575,24.355,,,,,,,,,,,,,,,,,,,,10095.6,,
"352","CURWEN CREEK","2023081920",0,9.6,57,5.4,265,14.9,88.864,4.781,21.852,,,,,,,,,,,,,,,,,,,,10095.6,,
"352","CURWEN CREEK","2023081921",0,7.8,61,4.4,263,5.4,88.591,4.372,20.493,,,,,,,,,,,,,,,,,,,,10095.6,,
"352","CURWEN CREEK","2023081922",0,7.2,63,3.6,272,4.9,88.316,4.036,19.34,,,,,,,,,,,,,,,,,,,,10095.6,,
"352","CURWEN CREEK","2023081923",0,6.3,68,3.8,269,5.1,87.976,3.883,18.801,,,,,,,,,,,,,,,,,,,,10095.6,,
"361","TSAR CREEK","2023081900",0,6.4,99,4.2,1,10.2,6.509,0,0,,,,,,,,,,,,,,,,,,,,,,
"361","TSAR CREEK","2023081901",0,5.6,99,6.2,23,8.5,6.64,0,0,,,,,,,,,,,,,,,,,,,,,,
"361","TSAR CREEK","2023081902",0,5.4,99,8.8,344,14.9,6.784,0,0,,,,,,,,,,,,,,,,,,,,,,
"361","TSAR CREEK","2023081903",0,5.6,99,5.7,5,13.1,6.912,0,0,,,,,,,,,,,,,,,,,,,,,,
"361","TSAR CREEK","2023081904",0,6.4,99,4.1,3,13.1,7.033,0,0,,,,,,,,,,,,,,,,,,,,,,
"361","TSAR CREEK","2023081905",0,6,99,6.5,359,11.4,7.168,0,0,,,,,,,,,,,,,,,,,,,,,,
"361","TSAR CREEK","2023081906",0,6,98,7,4,17.7,7.417,0,0,,,,,,,,,,,,,,,,,,,,,,
"361","TSAR CREEK","2023081907",0,8,90,6.3,318,14.3,8.464,0,0,,,,,,,,,,,,,,,,,,,,,,
"361","TSAR CREEK","2023081908",0,10.2,85,7,282,17.7,10.065,0,0,,,,,,,,,,,,,,,,,,,,,,
"361","TSAR CREEK","2023081909",0,11.5,82,8.6,248,21.8,12.091,0,0,,,,,,,,,,,,,,,,,,,,,,
"361","TSAR CREEK","2023081910",0,12.9,69,12.8,246,24.6,15.412,0,0,,,,,,,,,,,,,,,,,,,,,,
"361","TSAR CREEK","2023081911",0,13.9,59,15.9,251,30.4,19.604,0,0.001,,,,,,,,,,,,,,,,,,,,,,
"361","TSAR CREEK","2023081912",0,16.6,49,14.9,238,25.2,24.619,0.001,0.004,11.6,53.808,0.528,0.924,30.193,524.257,52.785,2,,,,,,,,,,,,,,
"361","TSAR CREEK","2023081913",0,18,45,14.6,236,28.1,29.966,0.007,0.012,,,,,,,,,,,,,,,,,,,,,,
"361","TSAR CREEK","2023081914",0,19,35,14.6,238,25.8,35.808,0.03,0.053,,,,,,,,,,,,,,,,,,,,,,
"361","TSAR CREEK","2023081915",0,19.4,37,13.9,249,25.8,41.33,0.09,0.157,,,,,,,,,,,,,,,,,,,,,,
"361","TSAR CREEK","2023081916",0,19.3,37,12.3,241,26.4,46.399,0.189,0.33,,,,,,,,,,,,,,,,,,,,,,
"361","TSAR CREEK","2023081917",0,19,45,9,241,24.1,50.476,0.273,0.478,,,,,,,,,,,,,,,,,,,,,,
"361","TSAR CREEK","2023081918",0,18.2,43,4.1,225,16.6,53.791,0.306,0.535,,,,,,,,,,,,,,,,,,,,,,
"361","TSAR CREEK","2023081919",0,13.2,73,5.3,6,12.5,55.378,0.377,0.66,,,,,,,,,,,,,,,,,,,,,,
"361","TSAR CREEK","2023081920",0,11,72,8.9,27,13.7,56.991,0.518,0.906,,,,,,,,,,,,,,,,,,,,,,
"361","TSAR CREEK","2023081921",0,10.2,72,7.3,28,12.5,58.412,0.532,0.93,,,,,,,,,,,,,,,,,,,,,,
"361","TSAR CREEK","2023081922",0,9.2,75,9.2,26,12,59.683,0.638,1.46,,,,,,,,,,,,,,,,,,,,,,
"361","TSAR CREEK","2023081923",0,8.8,76,7.4,25,12,60.78,0.623,1.383,,,,,,,,,,,,,,,,,,,,,,
"362","MABEL LAKE 2","2023081900",0,14.1,40,7.8,83,13.7,92.577,9.16,36.847,,,,,,,,,,,,,,,,,,,,,,
"362","MABEL LAKE 2","2023081901",0,12.1,50,4.3,227,13.7,92.18,7.262,31.592,,,,,,,,,,,,,,,,,,,,,,
"362","MABEL LAKE 2","2023081902",0,11.1,52,2.7,124,10.8,91.809,6.357,28.877,,,,,,,,,,,,,,,,,,,,,,
"362","MABEL LAKE 2","2023081903",0,9.6,58,3.7,122,12.5,91.341,6.256,28.563,,,,,,,,,,,,,,,,,,,,,,
"362","MABEL LAKE 2","2023081904",0,9.9,54,5.4,87,10.8,90.964,6.459,29.192,,,,,,,,,,,,,,,,,,,,,,
"362","MABEL LAKE 2","2023081905",0,8.1,64,4,123,10.2,90.458,5.6,26.472,,,,,,,,,,,,,,,,,,,,,,
"362","MABEL LAKE 2","2023081906",0,7.8,65,3.1,127,6.8,89.996,5.009,24.502,,,,,,,,,,,,,,,,,,,,,,
"362","MABEL LAKE 2","2023081907",0,8.8,68,3.1,47,7.4,89.514,4.675,23.341,,,,,,,,,,,,,,,,,,,,,,
"362","MABEL LAKE 2","2023081908",0,11.6,66,3.4,185,6.2,89.107,4.476,22.637,,,,,,,,,,,,,,,,,,,,,,
"362","MABEL LAKE 2","2023081909",0,12.8,56,3.8,259,5.6,88.929,4.453,22.552,,,,,,,,,,,,,,,,,,,,,,
"362","MABEL LAKE 2","2023081910",0,15.2,46,5.3,252,7.9,88.963,4.825,23.868,,,,,,,,,,,,,,,,,,,,,,
"362","MABEL LAKE 2","2023081911",0,17.3,40,5.9,308,7.4,89.012,5.009,24.5,,,,,,,,,,,,,,,,,,,,,,
"362","MABEL LAKE 2","2023081912",0,19.9,34,5,257,8.5,89.224,4.935,24.247,0,92.569,7.947,33.605,162.198,735.538,209.114,4,,,,,,,,,,,,,,
"362","MABEL LAKE 2","2023081913",0,21.5,30,5.3,216,7.9,89.573,5.267,25.418,,,,,,,,,,,,,,,,,,,,,,
"362","MABEL LAKE 2","2023081914",0,21.8,31,9.6,305,14.3,89.875,6.831,30.368,,,,,,,,,,,,,,,,,,,,,,
"362","MABEL LAKE 2","2023081915",0,23.7,27,4.4,276,10.2,90.297,5.584,26.466,,,,,,,,,,,,,,,,,,,,,,
"362","MABEL LAKE 2","2023081916",0,24.1,28,4,236,8.5,90.633,5.742,26.98,,,,,,,,,,,,,,,,,,,,,,
"362","MABEL LAKE 2","2023081917",0,23.4,32,5.3,237,6.8,90.776,6.257,28.614,,,,,,,,,,,,,,,,,,,,,,
"362","MABEL LAKE 2","2023081918",0,22.4,36,5.3,201,6.2,90.826,6.301,28.753,,,,,,,,,,,,,,,,,,,,,,
"362","MABEL LAKE 2","2023081919",0,18.6,37,9.7,115,15.4,90.876,7.922,33.535,,,,,,,,,,,,,,,,,,,,,,
"362","MABEL LAKE 2","2023081920",0,18.8,35,15,111,21.8,90.926,10.421,40.136,,,,,,,,,,,,,,,,,,,,,,
"362","MABEL LAKE 2","2023081921",0,17.7,37,10.8,128,23.5,90.961,8.476,35.072,,,,,,,,,,,,,,,,,,,,,,
"362","MABEL LAKE 2","2023081922",0,15.3,44,7.6,132,15.4,90.825,7.074,31.094,,,,,,,,,,,,,,,,,,,,,,
"362","MABEL LAKE 2","2023081923",0,13.9,49,3.6,110,12.5,90.623,5.619,26.581,,,,,,,,,,,,,,,,,,,,,,
"363","REVELSTOKE","2023081900",0,7,83,5.5,325,8.5,84.113,2.465,13.718,,,,,,,,,,,,,,,,,,,,,,
"363","REVELSTOKE","2023081901",0,6.2,85,4.3,347,8.5,83.767,2.216,12.616,,,,,,,,,,,,,,,,,,,,,,
"363","REVELSTOKE","2023081902",0,5.9,87,5.9,321,7.9,83.371,2.28,12.906,,,,,,,,,,,,,,,,,,,,,,
"363","REVELSTOKE","2023081903",0,5.7,89,5.9,331,10.8,82.94,2.157,12.35,,,,,,,,,,,,,,,,,,,,,,
"363","REVELSTOKE","2023081904",0,6,86,5.4,287,8.5,82.661,2.031,11.765,,,,,,,,,,,,,,,,,,,,,,
"363","REVELSTOKE","2023081905",0,5.3,91,5.6,329,7.9,82.22,1.942,11.347,,,,,,,,,,,,,,,,,,,,,,
"363","REVELSTOKE","2023081906",0,5.1,91,3.8,323,8.5,81.842,1.694,10.141,,,,,,,,,,,,,,,,,,,,,,
"363","REVELSTOKE","2023081907",0,9.5,82,14.7,47,28.1,81.803,2.92,15.629,,,,,,,,,,,,,,,,,,,,,,
"363","REVELSTOKE","2023081908",0,13,66,15,45,30.4,82.011,3.039,16.111,,,,,,,,,,,,,,,,,,,,,,
"363","REVELSTOKE","2023081909",0,15.4,58,13.2,52,27.5,82.41,2.915,15.61,,,,,,,,,,,,,,,,,,,,,,
"363","REVELSTOKE","2023081910",0,17.6,48,12.6,52,26.4,83.073,3.075,16.254,,,,,,,,,,,,,,,,,,,,,,
"363","REVELSTOKE","2023081911",0,19.8,38,13.1,39,29.8,84.047,3.583,18.216,,,,,,,,,,,,,,,,,,,,,,
"363","REVELSTOKE","2023081912",0,21.3,30,14.2,51,32.7,85.26,4.467,21.38,0.2,92.765,12.986,44.143,114.381,649.66,158.845,5,,,,,,,,,,,,,,
"363","REVELSTOKE","2023081913",0,22.9,27,14.7,56,24.1,86.51,5.458,24.785,,,,,,,,,,,,,,,,,,,,,,
"363","REVELSTOKE","2023081914",0,24.3,23,12.1,53,23.5,87.771,5.73,25.637,,,,,,,,,,,,,,,,,,,,,,
"363","REVELSTOKE","2023081915",0,24.8,20,8.5,48,18.3,88.916,5.632,25.332,,,,,,,,,,,,,,,,,,,,,,
"363","REVELSTOKE","2023081916",0,24.9,21,11.4,3,18.3,89.874,7.478,30.755,,,,,,,,,,,,,,,,,,,,,,
"363","REVELSTOKE","2023081917",0,25,20,6.4,34,15.4,90.644,6.49,27.935,,,,,,,,,,,,,,,,,,,,,,
"363","REVELSTOKE","2023081918",0,21.9,30,7.6,1,16,90.81,7.06,29.582,,,,,,,,,,,,,,,,,,,,,,
"363","REVELSTOKE","2023081919",0,17.6,36,6.7,336,16.6,90.86,6.795,28.822,,,,,,,,,,,,,,,,,,,,,,
"363","REVELSTOKE","2023081920",0,16.8,37,6.8,339,17.7,90.889,6.858,29.003,,,,,,,,,,,,,,,,,,,,,,
"363","REVELSTOKE","2023081921",0,14.5,47,4,232,12.5,90.718,5.812,25.89,,,,,,,,,,,,,,,,,,,,,,
"363","REVELSTOKE","2023081922",0,11.6,57,6.4,335,10.2,90.331,6.206,27.091,,,,,,,,,,,,,,,,,,,,,,
"363","REVELSTOKE","2023081923",0,10.4,64,6.1,332,9.1,89.843,5.701,25.546,,,,,,,,,,,,,,,,,,,,,,
"366","WHISKEY","2023081900",0,3.1,95,3,64,6.8,43.401,0.074,0.229,,,,,,,,,,,,,,,,,,,,,,
"366","WHISKEY","2023081901",0,2.9,96,3.8,50,6.8,43.658,0.08,0.248,,,,,,,,,,,,,,,,,,,,,,
"366","WHISKEY","2023081902",0,2.8,95,3.3,356,8.5,43.956,0.082,0.254,,,,,,,,,,,,,,,,,,,,,,
"366","WHISKEY","2023081903",0,2.4,95,3.7,29,7.9,44.256,0.088,0.272,,,,,,,,,,,,,,,,,,,,,,
"366","WHISKEY","2023081904",0,1.6,96,2,24,5.6,44.465,0.084,0.258,,,,,,,,,,,,,,,,,,,,,,
"366","WHISKEY","2023081905",0,1.5,97,2.5,6,5.6,44.637,0.088,0.272,,,,,,,,,,,,,,,,,,,,,,
"366","WHISKEY","2023081906",0,2.5,96,1.8,21,6.2,44.846,0.088,0.272,,,,,,,,,,,,,,,,,,,,,,
"366","WHISKEY","2023081907",0,6.8,86,3,186,4.5,45.648,0.106,0.326,,,,,,,,,,,,,,,,,,,,,,
"366","WHISKEY","2023081908",0,9.5,68,3.9,167,6.2,47.383,0.142,0.439,,,,,,,,,,,,,,,,,,,,,,
"366","WHISKEY","2023081909",0,12.1,62,5.9,165,9.7,49.641,0.211,0.653,,,,,,,,,,,,,,,,,,,,,,
"366","WHISKEY","2023081910",0,14.1,58,8.4,152,13.7,52.318,0.327,1.078,,,,,,,,,,,,,,,,,,,,,,
"366","WHISKEY","2023081911",0,17,39,7.7,207,17.2,55.857,0.444,2.12,,,,,,,,,,,,,,,,,,,,,,
"366","WHISKEY","2023081912",0,18.2,27,9.4,140,22.3,59.89,0.653,3.525,4.4,74.886,1.222,5.654,56.499,543.265,89.681,2,,,,,,,,,,,,,,
"366","WHISKEY","2023081913",0,18.9,26,8,107,22.9,63.62,0.744,3.322,,,,,,,,,,,,,,,,,,,,,,
"366","WHISKEY","2023081914",0,19.5,25,7.3,10,18.9,67.078,0.822,3.732,,,,,,,,,,,,,,,,,,,,,,
"366","WHISKEY","2023081915",0,19.5,23,9.3,85,23.5,70.396,1.012,4.676,,,,,,,,,,,,,,,,,,,,,,
"366","WHISKEY","2023081916",0,19.6,25,6.5,111,21.8,73.131,0.971,4.477,,,,,,,,,,,,,,,,,,,,,,
"366","WHISKEY","2023081917",0,18.9,23,6.1,82,17.2,75.551,1.075,4.974,,,,,,,,,,,,,,,,,,,,,,
"366","WHISKEY","2023081918",0,16.8,41,3.6,283,10.2,76.872,1.034,4.78,,,,,,,,,,,,,,,,,,,,,,
"366","WHISKEY","2023081919",0,11,53,6.9,6,10.2,77.624,1.293,5.971,,,,,,,,,,,,,,,,,,,,,,
"366","WHISKEY","2023081920",0,8.9,59,4.8,8,8.5,78.108,1.211,5.602,,,,,,,,,,,,,,,,,,,,,,
"366","WHISKEY","2023081921",0,7.8,61,4.2,23,7.4,78.495,1.215,5.621,,,,,,,,,,,,,,,,,,,,,,
"366","WHISKEY","2023081922",0,6.5,65,4.2,38,6.2,78.778,1.247,5.763,,,,,,,,,,,,,,,,,,,,,,
"366","WHISKEY","2023081923",0,5.8,71,3.1,51,6.2,78.952,1.199,5.546,,,,,,,,,,,,,,,,,,,,,,
"367","MARION","2023081900",0,2.1,100,2,186,7.4,43.328,0.07,0.155,,,,,,,,,,,,,,,,,,,,,,
"367","MARION","2023081901",0,3.5,100,4.2,234,6.2,43.362,0.078,0.174,,,,,,,,,,,,,,,,,,,,,,
"367","MARION","2023081902",0,2.8,100,2.3,172,7.9,43.396,0.071,0.159,,,,,,,,,,,,,,,,,,,,,,
"367","MARION","2023081903",0,0.7,100,0,212,5.1,43.43,0.064,0.142,,,,,,,,,,,,,,,,,,,,,,
"367","MARION","2023081904",0,0.6,100,1.7,119,5.1,43.464,0.07,0.156,,,,,,,,,,,,,,,,,,,,,,
"367","MARION","2023081905",0,1.5,100,2.5,188,4.5,43.498,0.073,0.163,,,,,,,,,,,,,,,,,,,,,,
"367","MARION","2023081906",0,3.4,100,2.6,229,6.2,43.532,0.074,0.165,,,,,,,,,,,,,,,,,,,,,,
"367","MARION","2023081907",0,3.8,100,4.4,272,8.5,43.566,0.082,0.182,,,,,,,,,,,,,,,,,,,,,,
"367","MARION","2023081908",0,4.7,100,3.9,286,8.5,43.6,0.08,0.178,,,,,,,,,,,,,,,,,,,,,,
"367","MARION","2023081909",0,7.4,86,6,298,9.7,44.595,0.104,0.233,,,,,,,,,,,,,,,,,,,,,,
"367","MARION","2023081910",0,11.8,63,7.1,343,13.1,46.986,0.158,0.351,,,,,,,,,,,,,,,,,,,,,,
"367","MARION","2023081911",0,14.9,49,6.2,347,12.5,50.067,0.226,0.503,,,,,,,,,,,,,,,,,,,,,,
"367","MARION","2023081912",0,17,37,7.1,263,15.4,53.779,0.356,0.792,3,75.424,1.122,4.022,41.721,352.365,64.383,2,,,,,,,,,,,,,,
"367","MARION","2023081913",0,18.3,28,7,269,14.3,57.757,0.499,1.072,,,,,,,,,,,,,,,,,,,,,,
"367","MARION","2023081914",0,19.4,23,8.9,296,15.4,61.935,0.717,2.3,,,,,,,,,,,,,,,,,,,,,,
"367","MARION","2023081915",0,19.2,25,5.8,260,12,65.389,0.717,2.302,,,,,,,,,,,,,,,,,,,,,,
"367","MARION","2023081916",0,20.3,25,5.7,333,13.1,68.659,0.799,2.674,,,,,,,,,,,,,,,,,,,,,,
"367","MARION","2023081917",0,19.3,29,7.5,263,13.7,71.456,0.958,3.358,,,,,,,,,,,,,,,,,,,,,,
"367","MARION","2023081918",0,16.9,38,4.8,234,11.4,73.302,0.898,3.105,,,,,,,,,,,,,,,,,,,,,,
"367","MARION","2023081919",0,9.3,77,0,187,6.2,73.545,0.713,2.28,,,,,,,,,,,,,,,,,,,,,,
"367","MARION","2023081920",0,5.5,88,2.9,211,5.1,73.676,0.83,2.809,,,,,,,,,,,,,,,,,,,,,,
"367","MARION","2023081921",0,3.2,93,2.6,215,5.1,73.732,0.819,2.764,,,,,,,,,,,,,,,,,,,,,,
"367","MARION","2023081922",0,1.7,97,2.3,199,5.6,73.768,0.808,2.715,,,,,,,,,,,,,,,,,,,,,,
"367","MARION","2023081923",0,1,98,3.1,217,5.1,73.744,0.841,2.857,,,,,,,,,,,,,,,,,,,,,,
"374","SUCCOUR CREEK","2023081900",0,7.3,100,3,177,8.5,11.634,0,0,,,,,,,,,,,,,,,,,,,,,,
"374","SUCCOUR CREEK","2023081901",0,7.2,100,3.1,51,6.2,11.657,0,0,,,,,,,,,,,,,,,,,,,,,,
"374","SUCCOUR CREEK","2023081902",0,6.4,100,2.1,267,7.4,11.68,0,0,,,,,,,,,,,,,,,,,,,,,,
"374","SUCCOUR CREEK","2023081903",0,6.2,100,3.2,34,9.7,11.704,0,0,,,,,,,,,,,,,,,,,,,,,,
"374","SUCCOUR CREEK","2023081904",0,6.3,100,2.1,215,7.9,11.728,0,0,,,,,,,,,,,,,,,,,,,,,,
"374","SUCCOUR CREEK","2023081905",0.2,5.6,100,2.6,86,5.1,11.348,0,0,,,,,,,,,,,,,,,,,,,,,,
"374","SUCCOUR CREEK","2023081906",0,6.5,100,2.6,244,7.9,11.371,0,0,,,,,,,,,,,,,,,,,,,,,,
"374","SUCCOUR CREEK","2023081907",0,8.4,100,2.2,111,6.2,11.394,0,0,,,,,,,,,,,,,,,,,,,,,,
"374","SUCCOUR CREEK","2023081908",0,10.2,97,3.7,348,6.8,11.738,0,0,,,,,,,,,,,,,,,,,,,,,,
"374","SUCCOUR CREEK","2023081909",0,13.8,70,6.8,127,10.2,14.615,0,0,,,,,,,,,,,,,,,,,,,,,,
"374","SUCCOUR CREEK","2023081910",0,14.2,62,3.8,225,13.1,17.598,0,0,,,,,,,,,,,,,,,,,,,,,,
"374","SUCCOUR CREEK","2023081911",0,16.7,54,6,136,14.9,21.56,0,0.001,,,,,,,,,,,,,,,,,,,,,,
"374","SUCCOUR CREEK","2023081912",0,18.2,47,7.4,22,15.4,26.217,0.002,0.004,5.2,59.089,0.56,1.514,37.239,611.681,64.639,2,,,,,,,,,,,,,,
"374","SUCCOUR CREEK","2023081913",0,19.9,38,8.5,352,17.7,31.639,0.008,0.017,,,,,,,,,,,,,,,,,,,,,,
"374","SUCCOUR CREEK","2023081914",0,20.9,29,9.1,4,16.6,37.562,0.034,0.068,,,,,,,,,,,,,,,,,,,,,,
"374","SUCCOUR CREEK","2023081915",0,22,31,9.5,340,17.2,43.403,0.103,0.208,,,,,,,,,,,,,,,,,,,,,,
"374","SUCCOUR CREEK","2023081916",0,21.6,31,8.6,359,18.3,48.715,0.215,0.436,,,,,,,,,,,,,,,,,,,,,,
"374","SUCCOUR CREEK","2023081917",0,21.9,29,5.4,295,14.9,53.444,0.316,0.639,,,,,,,,,,,,,,,,,,,,,,
"374","SUCCOUR CREEK","2023081918",0,18.2,42,6.4,11,13.1,56.842,0.451,0.913,,,,,,,,,,,,,,,,,,,,,,
"376","TABERNACLE WIND","2023081900",0,-0.9,98,9.8,281,21.8,,,,,,,,,,,,,,,,,,,,,,,,,
"376","TABERNACLE WIND","2023081901",0,-1,98,7.6,287,14.9,,,,,,,,,,,,,,,,,,,,,,,,,
"376","TABERNACLE WIND","2023081902",0,-1.2,98,4.2,263,16.6,,,,,,,,,,,,,,,,,,,,,,,,,
"376","TABERNACLE WIND","2023081903",0,-1.1,97,10.6,287,13.7,,,,,,,,,,,,,,,,,,,,,,,,,
"376","TABERNACLE WIND","2023081904",0,-1.1,98,10.5,274,14.3,,,,,,,,,,,,,,,,,,,,,,,,,
"376","TABERNACLE WIND","2023081905",0,-1.2,98,10.9,252,16,,,,,,,,,,,,,,,,,,,,,,,,,
"376","TABERNACLE WIND","2023081906",0,-0.5,96,9,288,11.4,,,,,,,,,,,,,,,,,,,,,,,,,
"376","TABERNACLE WIND","2023081907",0,-0.1,97,4.6,259,11.4,,,,,,,,,,,,,,,,,,,,,,,,,
"376","TABERNACLE WIND","2023081908",0,0,97,6.2,283,10.8,,,,,,,,,,,,,,,,,,,,,,,,,
"376","TABERNACLE WIND","2023081909",0,0.1,97,5.6,263,17.2,,,,,,,,,,,,,,,,,,,,,,,,,
"376","TABERNACLE WIND","2023081910",0,0.4,97,4.9,203,8.5,,,,,,,,,,,,,,,,,,,,,,,,,
"376","TABERNACLE WIND","2023081911",0,0.6,97,8.9,259,17.2,,,,,,,,,,,,,,,,,,,,,,,,,
"376","TABERNACLE WIND","2023081912",0,1.8,95,6.4,16,13.7,,,,0,,,,,,,,,,,,,,,,,,,,,
"376","TABERNACLE WIND","2023081913",0,2.1,94,5.5,278,13.1,,,,,,,,,,,,,,,,,,,,,,,,,
"376","TABERNACLE WIND","2023081914",0,5.2,88,12.7,257,23.5,,,,,,,,,,,,,,,,,,,,,,,,,
"376","TABERNACLE WIND","2023081915",0,6.7,66,12.5,263,24.6,,,,,,,,,,,,,,,,,,,,,,,,,
"376","TABERNACLE WIND","2023081916",0,7.5,59,10.9,272,21.2,,,,,,,,,,,,,,,,,,,,,,,,,
"376","TABERNACLE WIND","2023081917",0,6.8,59,13.8,268,21.8,,,,,,,,,,,,,,,,,,,,,,,,,
"376","TABERNACLE WIND","2023081918",0,6.3,58,8.1,252,21.2,,,,,,,,,,,,,,,,,,,,,,,,,
"376","TABERNACLE WIND","2023081919",0,4.6,55,5.3,227,12.5,,,,,,,,,,,,,,,,,,,,,,,,,
"376","TABERNACLE WIND","2023081920",0,3.5,59,6.1,34,9.7,,,,,,,,,,,,,,,,,,,,,,,,,
"376","TABERNACLE WIND","2023081921",0,3.6,62,2.7,96,11.4,,,,,,,,,,,,,,,,,,,,,,,,,
"376","TABERNACLE WIND","2023081922",0,3.7,62,12.3,66,15.4,,,,,,,,,,,,,,,,,,,,,,,,,
"376","TABERNACLE WIND","2023081923",0,3.6,62,10.2,72,17.2,,,,,,,,,,,,,,,,,,,,,,,,,
"379","GOLD HILL","2023081900",0,10.7,56,3.9,261,8.5,90.359,5.494,18.954,,,,,,,,,,,,,,,,,,,,,,
"379","GOLD HILL","2023081901",0,9.9,58,3.2,229,7.4,90.027,5.057,17.834,,,,,,,,,,,,,,,,,,,,,,
"379","GOLD HILL","2023081902",0,9.2,61,3.3,252,6.2,89.669,4.828,17.231,,,,,,,,,,,,,,,,,,,,,,
"379","GOLD HILL","2023081903",0,8.9,62,5.4,254,6.8,89.296,5.088,17.914,,,,,,,,,,,,,,,,,,,,,,
"379","GOLD HILL","2023081904",0,7.8,67,4,255,5.6,88.884,4.469,16.26,,,,,,,,,,,,,,,,,,,,,,
"379","GOLD HILL","2023081905",0,6.9,71,3.8,219,5.6,88.437,4.149,15.372,,,,,,,,,,,,,,,,,,,,,,
"379","GOLD HILL","2023081906",0,7.5,74,3.8,258,7.4,87.968,3.879,14.599,,,,,,,,,,,,,,,,,,,,,,
"379","GOLD HILL","2023081907",0,9.9,71,2,104,6.8,87.632,3.376,13.104,,,,,,,,,,,,,,,,,,,,,,
"379","GOLD HILL","2023081908",0,13,63,3.5,45,5.6,87.475,3.56,13.661,,,,,,,,,,,,,,,,,,,,,,
"379","GOLD HILL","2023081909",0,15.2,56,5.2,21,9.1,87.481,3.883,14.609,,,,,,,,,,,,,,,,,,,,,,
"379","GOLD HILL","2023081910",0,18,46,5.7,33,11.4,87.557,4.025,15.018,,,,,,,,,,,,,,,,,,,,,,
"379","GOLD HILL","2023081911",0,20.7,39,5.4,27,14.3,87.851,4.135,15.332,,,,,,,,,,,,,,,,,,,,,,
"379","GOLD HILL","2023081912",0,23,27,6.2,29,11.4,88.568,4.771,17.078,0,93.918,10.193,30.069,58.616,450.861,88.475,4,,,,,,,,,,,,,,
"379","GOLD HILL","2023081913",0,23.1,23,3.4,115,9.7,89.275,4.586,17.07,,,,,,,,,,,,,,,,,,,,,,
"379","GOLD HILL","2023081914",0,22.8,26,2.4,162,5.6,89.753,4.67,17.302,,,,,,,,,,,,,,,,,,,,,,
"379","GOLD HILL","2023081915",0,21.1,49,2.3,228,3.9,89.747,4.643,17.227,,,,,,,,,,,,,,,,,,,,,,
"379","GOLD HILL","2023081916",0,19.3,50,3.6,221,5.1,89.689,4.916,17.974,,,,,,,,,,,,,,,,,,,,,,
"379","GOLD HILL","2023081917",0,16.9,59,4.7,248,5.6,89.414,4.995,18.186,,,,,,,,,,,,,,,,,,,,,,
"379","GOLD HILL","2023081918",0,15.2,65,5.3,247,7.4,89.018,4.864,17.833,,,,,,,,,,,,,,,,,,,,,,
"379","GOLD HILL","2023081919",0,13.1,59,5.5,244,6.8,88.781,4.749,17.519,,,,,,,,,,,,,,,,,,,,,,
"379","GOLD HILL","2023081920",0,12.2,57,5.7,254,8.5,88.598,4.673,17.309,,,,,,,,,,,,,,,,,,,,,,
"379","GOLD HILL","2023081921",0,11.4,56,5.6,245,7.9,88.445,4.548,16.964,,,,,,,,,,,,,,,,,,,,,,
"379","GOLD HILL","2023081922",0,10.7,57,4.7,244,8.5,88.289,4.25,16.123,,,,,,,,,,,,,,,,,,,,,,
"379","GOLD HILL","2023081923",0,10.2,62,5.1,247,6.8,88.053,4.193,15.958,,,,,,,,,,,,,,,,,,,,,,
"380","POWDER CREEK","2023081900",0,13.7,42,7.9,26,16.6,93.51,10.492,35.969,,,,,,,,,,,,,,,,,,,,,,
"380","POWDER CREEK","2023081901",0,12.6,42,9.1,41,18.3,93.132,10.573,36.153,,,,,,,,,,,,,,,,,,,,,,
"380","POWDER CREEK","2023081902",0,11,60,8.8,36,16,92.391,9.386,33.416,,,,,,,,,,,,,,,,,,,,,,
"380","POWDER CREEK","2023081903",0,10.5,58,9.8,38,15.4,91.768,9.038,32.587,,,,,,,,,,,,,,,,,,,,,,
"380","POWDER CREEK","2023081904",0,9.8,61,11.4,38,18.3,91.129,8.947,32.368,,,,,,,,,,,,,,,,,,,,,,
"380","POWDER CREEK","2023081905",0,9.6,61,10.4,32,20.6,90.572,7.858,29.662,,,,,,,,,,,,,,,,,,,,,,
"380","POWDER CREEK","2023081906",0,9.5,59,10.8,34,20,90.114,7.509,28.762,,,,,,,,,,,,,,,,,,,,,,
"380","POWDER CREEK","2023081907",0,10,57,11,31,20.6,89.745,7.195,27.934,,,,,,,,,,,,,,,,,,,,,,
"380","POWDER CREEK","2023081908",0,11,57,12,22,27.5,89.412,7.214,27.985,,,,,,,,,,,,,,,,,,,,,,
"380","POWDER CREEK","2023081909",0,11.9,58,12.3,29,23.5,89.098,7.002,27.418,,,,,,,,,,,,,,,,,,,,,,
"380","POWDER CREEK","2023081910",0,13.1,59,12,21,21.2,88.809,6.616,26.37,,,,,,,,,,,,,,,,,,,,,,
"380","POWDER CREEK","2023081911",0,14.5,53,9.8,22,21.8,88.706,5.835,24.162,,,,,,,,,,,,,,,,,,,,,,
"380","POWDER CREEK","2023081912",0,15.7,47,9.7,12,20.6,88.752,5.844,24.189,0,90.537,7.548,29.047,93.073,530.017,129.357,5,,,,,,,,,,,,,,
"380","POWDER CREEK","2023081913",0,17.4,41,4.5,227,14.3,88.801,4.528,20.311,,,,,,,,,,,,,,,,,,,,,,
"380","POWDER CREEK","2023081914",0,17.7,38,7.8,213,12,88.891,5.417,23.086,,,,,,,,,,,,,,,,,,,,,,
"380","POWDER CREEK","2023081915",0,17.5,42,3.8,241,10.8,88.94,4.46,20.088,,,,,,,,,,,,,,,,,,,,,,
"380","POWDER CREEK","2023081916",0,17.2,46,1.6,174,6.2,88.989,4.02,18.623,,,,,,,,,,,,,,,,,,,,,,
"380","POWDER CREEK","2023081917",0,17.6,50,0,93,3.3,89.001,3.715,17.571,,,,,,,,,,,,,,,,,,,,,,
"380","POWDER CREEK","2023081918",0,15.4,36,3.7,108,5.1,89.063,4.516,20.272,,,,,,,,,,,,,,,,,,,,,,
"380","POWDER CREEK","2023081919",0,13.3,38,5.7,113,8.5,89.112,5.03,21.903,,,,,,,,,,,,,,,,,,,,,,
"380","POWDER CREEK","2023081920",0,12.6,38,5.6,99,8.5,89.161,5.04,21.934,,,,,,,,,,,,,,,,,,,,,,
"380","POWDER CREEK","2023081921",0,12.2,39,5.7,82,9.7,89.21,5.102,22.124,,,,,,,,,,,,,,,,,,,,,,
"380","POWDER CREEK","2023081922",0,12.4,44,7.3,47,12,89.208,5.529,23.419,,,,,,,,,,,,,,,,,,,,,,
"380","POWDER CREEK","2023081923",0,11.3,48,8.8,51,13.1,89.122,5.889,24.481,,,,,,,,,,,,,,,,,,,,,,
"383","FALLS CREEK","2023081900",0,10.9,48,3.3,97,9.8,92.2,6.924,27.014,,,,,,,,,,,,,,,,,,,,18,,
"383","FALLS CREEK","2023081901",0,10.2,52,2.4,34,6.7,91.835,6.284,25.262,,,,,,,,,,,,,,,,,,,,18,,
"383","FALLS CREEK","2023081902",0,9.9,56,7.2,344,12,91.349,7.471,28.456,,,,,,,,,,,,,,,,,,,,18,,
"383","FALLS CREEK","2023081903",0,9.1,58,2.9,61,8.2,90.938,5.674,23.519,,,,,,,,,,,,,,,,,,,,18,,
"383","FALLS CREEK","2023081904",0,8.3,67,4.2,89,5.6,90.369,5.585,23.259,,,,,,,,,,,,,,,,,,,,18,,
"383","FALLS CREEK","2023081905",0,7.8,68,4.1,55,5.9,89.838,5.15,21.959,,,,,,,,,,,,,,,,,,,,18,,
"383","FALLS CREEK","2023081906",0,7.7,70,2.8,57,5.5,89.342,4.492,19.905,,,,,,,,,,,,,,,,,,,,18,,
"383","FALLS CREEK","2023081907",0,8.3,75,2.5,92,5.3,88.79,4.088,18.58,,,,,,,,,,,,,,,,,,,,18,,
"383","FALLS CREEK","2023081908",0,11,66,3.1,125,6.1,88.457,4.017,18.342,,,,,,,,,,,,,,,,,,,,18,,
"383","FALLS CREEK","2023081909",0,12.5,61,3.9,234,7.6,88.248,4.058,18.482,,,,,,,,,,,,,,,,,,,,18,,
"383","FALLS CREEK","2023081910",0,14.1,54,4.5,240,8.4,88.197,4.153,18.796,,,,,,,,,,,,,,,,,,,,18,,
"383","FALLS CREEK","2023081911",0,15.8,49,8.6,268,14,88.246,5.141,21.932,,,,,,,,,,,,,,,,,,,,18,,
"383","FALLS CREEK","2023081912",0,17.9,45,6.4,243,14.9,88.295,4.634,20.358,0,90.706,6.548,26.203,88.665,565.755,127.411,5,,,,,,,,,,,,18,,
"383","FALLS CREEK","2023081913",0,19.5,40,6.4,234,12,88.441,4.732,20.842,,,,,,,,,,,,,,,,,,,,18,,
"383","FALLS CREEK","2023081914",0,21.4,33,8.2,284,16.3,88.827,5.477,23.129,,,,,,,,,,,,,,,,,,,,18,,
"383","FALLS CREEK","2023081915",0,21.7,29,8.9,271,14.7,89.302,6.074,24.87,,,,,,,,,,,,,,,,,,,,18,,
"383","FALLS CREEK","2023081916",0,22.3,25,9.6,278,15.2,89.877,6.833,26.984,,,,,,,,,,,,,,,,,,,,18,,
"383","FALLS CREEK","2023081917",0,21.5,26,7,275,12.1,90.274,6.345,25.638,,,,,,,,,,,,,,,,,,,,18,,
"383","FALLS CREEK","2023081918",0,20.7,28,2,24,8.7,90.493,5.088,21.952,,,,,,,,,,,,,,,,,,,,18,,
"383","FALLS CREEK","2023081919",0,16.3,32,4.3,93,6,90.543,5.754,23.948,,,,,,,,,,,,,,,,,,,,18,,
"383","FALLS CREEK","2023081920",0,14.9,33,5.9,59,7.6,90.593,6.282,25.461,,,,,,,,,,,,,,,,,,,,18,,
"383","FALLS CREEK","2023081921",0,14.1,34,5.1,69,8.3,90.643,6.077,24.88,,,,,,,,,,,,,,,,,,,,18,,
"383","FALLS CREEK","2023081922",0,13.4,37,3.8,53,8.4,90.649,5.697,23.78,,,,,,,,,,,,,,,,,,,,18,,
"383","FALLS CREEK","2023081923",0,12.8,40,5.1,71,7.3,90.598,6.038,24.769,,,,,,,,,,,,,,,,,,,,18,,
"385","DUNCAN","2023081900",0,7.6,75,18.5,14,28.7,82.962,4.082,14.525,,,,,,,,,,,,,,,,,,,,,,
"385","DUNCAN","2023081901",0,7.2,78,17.6,9,26.9,82.874,3.857,13.904,,,,,,,,,,,,,,,,,,,,,,
"385","DUNCAN","2023081902",0,6.7,79,17.9,7,29.2,82.763,3.861,13.914,,,,,,,,,,,,,,,,,,,,,,
"385","DUNCAN","2023081903",0,5.6,86,16.7,5,26.4,82.437,3.489,12.852,,,,,,,,,,,,,,,,,,,,,,
"385","DUNCAN","2023081904",0,5.4,87,17.2,7,25.2,82.106,3.435,12.694,,,,,,,,,,,,,,,,,,,,,,
"385","DUNCAN","2023081905",0,5.3,87,17.7,10,26.4,81.809,3.399,12.588,,,,,,,,,,,,,,,,,,,,,,
"385","DUNCAN","2023081906",0,5.4,88,17.6,3,28.7,81.506,3.262,12.183,,,,,,,,,,,,,,,,,,,,,,
"385","DUNCAN","2023081907",0,6.2,82,19.6,5,26.9,81.454,3.586,13.133,,,,,,,,,,,,,,,,,,,,,,
"385","DUNCAN","2023081908",0,8.3,72,14.6,3,24.6,81.516,2.808,10.789,,,,,,,,,,,,,,,,,,,,,,
"385","DUNCAN","2023081909",0,11.7,56,16.1,9,25.8,81.918,3.177,11.927,,,,,,,,,,,,,,,,,,,,,,
"385","DUNCAN","2023081910",0,14.2,49,13.8,353,23.5,82.493,3.036,11.498,,,,,,,,,,,,,,,,,,,,,,
"385","DUNCAN","2023081911",0,16.4,38,12.8,359,19.5,83.364,3.226,12.073,,,,,,,,,,,,,,,,,,,,,,
"385","DUNCAN","2023081912",0,18.3,35,9.1,329,18.3,84.254,3.012,11.423,0.4,91.711,8.656,25.67,55.22,376.463,80.808,4,,,,,,,,,,,,,,
"385","DUNCAN","2023081913",0,20.5,25,10.1,313,18.3,85.498,3.755,13.926,,,,,,,,,,,,,,,,,,,,,,
"385","DUNCAN","2023081914",0,21.3,20,8.4,317,16.6,86.77,4.122,14.965,,,,,,,,,,,,,,,,,,,,,,
"385","DUNCAN","2023081915",0,22.1,23,9.5,314,19.5,87.805,5.051,17.442,,,,,,,,,,,,,,,,,,,,,,
"385","DUNCAN","2023081916",0,21,26,11.8,324,18.9,88.538,6.3,20.506,,,,,,,,,,,,,,,,,,,,,,
"385","DUNCAN","2023081917",0,19.6,29,12.2,337,20,88.997,6.865,21.81,,,,,,,,,,,,,,,,,,,,,,
"385","DUNCAN","2023081918",0,17.2,32,13.2,358,28.1,89.218,7.453,23.12,,,,,,,,,,,,,,,,,,,,,,
"385","DUNCAN","2023081919",0,14.2,37,13.6,20,23.5,89.267,7.659,23.567,,,,,,,,,,,,,,,,,,,,,,
"385","DUNCAN","2023081920",0,12.8,37,9.6,28,19.5,89.316,6.305,20.518,,,,,,,,,,,,,,,,,,,,,,
"385","DUNCAN","2023081921",0,12.4,38,13.1,5,22.3,89.365,7.574,23.383,,,,,,,,,,,,,,,,,,,,,,
"385","DUNCAN","2023081922",0,11.3,42,12.4,9,22.3,89.362,7.308,22.8,,,,,,,,,,,,,,,,,,,,,,
"385","DUNCAN","2023081923",0,10.7,46,11.2,7,21.8,89.283,6.802,21.666,,,,,,,,,,,,,,,,,,,,,,
"387","TROUT LAKE","2023081900",0,7.7,59,4.7,79,12.5,90.346,5.709,18.988,,,,,,,,,,,,,,,,,,,,123.4,,
"387","TROUT LAKE","2023081901",0,7,61,5.6,73,8.9,89.93,5.628,18.791,,,,,,,,,,,,,,,,,,,,123.4,,
"387","TROUT LAKE","2023081902",0,6.1,65,1.9,110,7.2,89.544,4.419,15.691,,,,,,,,,,,,,,,,,,,,123.4,,
"387","TROUT LAKE","2023081903",0,5.6,69,4.7,80,11.7,89.068,4.753,16.578,,,,,,,,,,,,,,,,,,,,123.4,,
"387","TROUT LAKE","2023081904",0,5.3,72,4.6,100,12.2,88.579,4.409,15.663,,,,,,,,,,,,,,,,,,,,123.4,,
"387","TROUT LAKE","2023081905",0,4.9,71,6.2,65,10.3,88.133,4.482,15.861,,,,,,,,,,,,,,,,,,,,123.4,,
"387","TROUT LAKE","2023081906",0,5.3,75,3.7,57,10,87.68,3.704,13.698,,,,,,,,,,,,,,,,,,,,123.4,,
"387","TROUT LAKE","2023081907",0,6.9,78,0.5,119,7.3,87.277,2.976,11.512,,,,,,,,,,,,,,,,,,,,123.4,,
"387","TROUT LAKE","2023081908",0,11.4,61,1.8,278,4.2,87.185,3.136,12.009,,,,,,,,,,,,,,,,,,,,123.4,,
"387","TROUT LAKE","2023081909",0,12.8,55,3.4,257,5.5,87.203,3.408,12.831,,,,,,,,,,,,,,,,,,,,123.4,,
"387","TROUT LAKE","2023081910",0,14.8,51,3.8,259,7.7,87.251,3.501,13.108,,,,,,,,,,,,,,,,,,,,123.4,,
"387","TROUT LAKE","2023081911",0,17.6,42,5.3,282,10.9,87.428,3.873,14.181,,,,,,,,,,,,,,,,,,,,123.4,,
"387","TROUT LAKE","2023081912",0,19.5,32,8.2,304,19.1,87.917,4.807,16.718,0,92.57,9.338,27.523,55.259,428.447,83.571,4,,,,,,,,,,,,123.4,,
"387","TROUT LAKE","2023081913",0,21.1,24,7.6,302,16.1,88.661,5.189,18.13,,,,,,,,,,,,,,,,,,,,123.4,,
"387","TROUT LAKE","2023081914",0,22.4,23,9.8,282,18.6,89.421,6.466,21.274,,,,,,,,,,,,,,,,,,,,123.4,,
"387","TROUT LAKE","2023081915",0,22.7,24,8.2,288,17.4,90.019,6.498,21.351,,,,,,,,,,,,,,,,,,,,123.4,,
"387","TROUT LAKE","2023081916",0,21.3,22,10,306,17.3,90.555,7.683,24.041,,,,,,,,,,,,,,,,,,,,123.4,,
"387","TROUT LAKE","2023081917",0,20.4,25,7.1,316,20.6,90.85,6.924,22.338,,,,,,,,,,,,,,,,,,,,123.4,,
"387","TROUT LAKE","2023081918",0,18.8,30,3.7,8,14.5,90.905,5.879,19.864,,,,,,,,,,,,,,,,,,,,123.4,,
"387","TROUT LAKE","2023081919",0,13.9,41,8.3,69,11.7,90.814,7.317,23.231,,,,,,,,,,,,,,,,,,,,123.4,,
"387","TROUT LAKE","2023081920",0,11.2,44,6.1,83,16.4,90.663,6.41,21.142,,,,,,,,,,,,,,,,,,,,123.4,,
"387","TROUT LAKE","2023081921",0,9.9,48,7.1,85,10.9,90.44,6.53,21.426,,,,,,,,,,,,,,,,,,,,123.4,,
"387","TROUT LAKE","2023081922",0,9.5,49,3.8,104,7.5,90.245,5.377,18.612,,,,,,,,,,,,,,,,,,,,123.4,,
"387","TROUT LAKE","2023081923",0,9,51,2.4,126,8.2,90.047,4.871,17.301,,,,,,,,,,,,,,,,,,,,123.4,,
"388","KETTLE 2","2023081900",0,6.8,52,2.3,83,3.9,91.443,5.915,24.666,,,,,,,,,,,,,,,,,,,,,,
"388","KETTLE 2","2023081901",0,6.1,55,2.8,25,8.5,91.085,5.765,24.228,,,,,,,,,,,,,,,,,,,,,,
"388","KETTLE 2","2023081902",0,5.9,58,2.1,67,5.1,90.721,5.283,22.784,,,,,,,,,,,,,,,,,,,,,,
"388","KETTLE 2","2023081903",0,5.2,60,1.9,305,3.9,90.358,4.966,21.804,,,,,,,,,,,,,,,,,,,,,,
"388","KETTLE 2","2023081904",0,5,61,2,92,5.1,90.004,4.745,21.104,,,,,,,,,,,,,,,,,,,,,,
"388","KETTLE 2","2023081905",0,4.5,65,1.9,51,3.9,89.618,4.466,20.204,,,,,,,,,,,,,,,,,,,,,,
"388","KETTLE 2","2023081906",0,4.9,64,3.1,37,5.6,89.252,4.502,20.321,,,,,,,,,,,,,,,,,,,,,,
"388","KETTLE 2","2023081907",0,6.6,65,1.6,241,6.8,88.923,3.982,18.583,,,,,,,,,,,,,,,,,,,,,,
"388","KETTLE 2","2023081908",0,8.4,53,2.3,244,3.9,88.793,4.048,18.81,,,,,,,,,,,,,,,,,,,,,,
"388","KETTLE 2","2023081909",0,12.1,46,2.8,359,8.5,88.8,4.156,19.174,,,,,,,,,,,,,,,,,,,,,,
"388","KETTLE 2","2023081910",0,14.1,40,5.3,342,14.9,88.849,4.747,21.112,,,,,,,,,,,,,,,,,,,,,,
"388","KETTLE 2","2023081911",0,16.6,27,6.2,323,14.9,89.186,5.214,22.571,,,,,,,,,,,,,,,,,,,,,,
"388","KETTLE 2","2023081912",0,18,26,5.6,324,18.9,89.548,5.329,22.923,0,93.917,9.887,35.238,102.647,482.608,134.027,4,,,,,,,,,,,,,,
"388","KETTLE 2","2023081913",0,18.5,25,7.2,348,16,89.922,6.094,25.399,,,,,,,,,,,,,,,,,,,,,,
"388","KETTLE 2","2023081914",0,19.2,23,6.6,314,14.9,90.329,6.267,25.899,,,,,,,,,,,,,,,,,,,,,,
"388","KETTLE 2","2023081915",0,19.4,22,4.7,28,16.6,90.705,6.01,25.155,,,,,,,,,,,,,,,,,,,,,,
"388","KETTLE 2","2023081916",0,18.9,23,6.3,331,16,90.994,6.788,27.363,,,,,,,,,,,,,,,,,,,,,,
"388","KETTLE 2","2023081917",0,17.2,27,7,339,16,91.079,7.117,28.265,,,,,,,,,,,,,,,,,,,,,,
"388","KETTLE 2","2023081918",0,15.5,31,5,330,14.9,91.129,6.481,26.505,,,,,,,,,,,,,,,,,,,,,,
"388","KETTLE 2","2023081919",0,13.2,37,2.2,80,13.7,91.103,5.607,23.965,,,,,,,,,,,,,,,,,,,,,,
"388","KETTLE 2","2023081920",0,11.2,43,3.4,60,5.6,90.964,5.84,24.659,,,,,,,,,,,,,,,,,,,,,,
"388","KETTLE 2","2023081921",0,9.9,48,2.1,109,3.9,90.766,5.318,23.087,,,,,,,,,,,,,,,,,,,,,,
"388","KETTLE 2","2023081922",0,9.1,51,2,88,3.9,90.536,5.12,22.475,,,,,,,,,,,,,,,,,,,,,,
"388","KETTLE 2","2023081923",0,8.6,53,2,131,3.3,90.291,4.943,21.922,,,,,,,,,,,,,,,,,,,,,,
"390","BEAVERDELL","2023081900",0,7,60,3.4,166,12.5,92.129,6.89,30.853,,,,,,,,,,0.1,,,,0,2,889.76,,,,,,
"390","BEAVERDELL","2023081901",0,5,68,3.4,171,6.8,91.483,6.287,28.999,,,,,,,,,,0.3,,,,0,2,889.75,,,,,,
"390","BEAVERDELL","2023081902",0,3.7,72,2.5,294,6.2,90.852,5.493,26.436,,,,,,,,,,0.4,,,,0,2,889.72,,,,,,
"390","BEAVERDELL","2023081903",0,2.6,77,0,153,6.8,90.337,4.499,22.998,,,,,,,,,,0.4,,,,0,2,889.68,,,,,,
"390","BEAVERDELL","2023081904",0,1.4,84,2.2,168,3.9,89.575,4.507,23.026,,,,,,,,,,0.4,,,,0,2,889.65,,,,,,
"390","BEAVERDELL","2023081905",0,0.6,87,2.4,348,5.6,88.796,4.071,21.418,,,,,,,,,,0.4,,,,0,2,889.63,,,,,,
"390","BEAVERDELL","2023081906",0,0.4,88,0,111,2.8,88.21,3.316,18.458,,,,,,,,,,0.4,,,,0,2,889.59,,,,,,
"390","BEAVERDELL","2023081907",0,2.2,83,0,105,0,87.753,3.106,17.587,,,,,,,,,,0.7,,,,0,2,889.5,,,,,,
"390","BEAVERDELL","2023081908",0,9,56,2.9,65,5.1,87.669,3.552,19.409,,,,,,,,,,0.6,,,,0,2,889.3,,,,,,
"390","BEAVERDELL","2023081909",0,13.6,43,4.7,81,7.9,87.718,3.916,20.831,,,,,,,,,,0.1,,,,0,2,889.15,,,,,,
"390","BEAVERDELL","2023081910",0,18.9,31,4.5,197,9.7,88.14,4.119,21.599,,,,,,,,,,0.1,,,,0,2,889.05,,,,,,
"390","BEAVERDELL","2023081911",0,21.2,25,6.2,36,15.4,88.802,4.934,24.539,,,,,,,,,,0,,,,0,2,889.06,,,,,,
"390","BEAVERDELL","2023081912",0,22.2,22,5.9,270,14.3,89.517,5.385,26.077,0,95.467,12.422,45.388,209.95,679.856,236.959,4,,0,,,,0,2,889.13,,,,,,
"390","BEAVERDELL","2023081913",0,23.6,18,6.9,324,16.6,90.365,6.396,29.368,,,,,,,,,,0.2,,,,0,2,889.18,,,,,,
"390","BEAVERDELL","2023081914",0,24.1,19,8,294,17.7,91.074,7.48,32.631,,,,,,,,,,0.1,,,,0,2,889.23,,,,,,
"390","BEAVERDELL","2023081915",0,24.3,19,8.7,317,17.7,91.68,8.446,35.367,,,,,,,,,,0.1,,,,0,2,889.29,,,,,,
"390","BEAVERDELL","2023081916",0,24.2,19,6.2,310,17.2,92.157,7.965,34.023,,,,,,,,,,0.2,,,,0,2,889.33,,,,,,
"390","BEAVERDELL","2023081917",0,22.1,22,4.8,335,16.6,92.362,7.641,33.097,,,,,,,,,,0.2,,,,0,2,889.44,,,,,,
"390","BEAVERDELL","2023081918",0,19.5,30,1.7,195,6.8,92.412,6.582,29.945,,,,,,,,,,0.1,,,,0,2,889.49,,,,,,
"390","BEAVERDELL","2023081919",0,15.1,42,1.9,327,2.8,92.227,6.478,29.623,,,,,,,,,,0.1,,,,0,2,889.59,,,,,,
"390","BEAVERDELL","2023081920",0,11.7,48,2.8,314,4.5,91.924,6.494,29.672,,,,,,,,,,0.2,,,,0,2,889.67,,,,,,
"390","BEAVERDELL","2023081921",0,9.9,54,1.9,15,3.9,91.558,5.892,27.772,,,,,,,,,,0.4,,,,0,2,889.67,,,,,,
"390","BEAVERDELL","2023081922",0,8.7,55,4.9,1,9.1,91.151,6.469,29.595,,,,,,,,,,0.4,,,,0,2,889.65,,,,,,
"390","BEAVERDELL","2023081923",0,7.3,63,2.4,174,11.4,90.685,5.336,25.941,,,,,,,,,,0.4,,,,0,2,889.61,,,,,,
"391","EIGHT MILE","2023081900",0,4.2,65,2.4,205,4.5,90.286,5.041,23.328,,,,,,,,,0,0,,0,0,0,0,0,,0,0,,0,
"391","EIGHT MILE","2023081901",0,3.1,71,2.1,240,3.9,89.782,4.62,21.929,,,,,,,,,0,0,,0,0,0,0,0,,0,0,,0,
"391","EIGHT MILE","2023081902",0,2.7,76,0,199,3.3,89.349,3.905,19.43,,,,,,,,,0,0,,0,0,0,0,0,,0,0,,0,
"391","EIGHT MILE","2023081903",0,2.1,77,2.4,284,5.1,88.807,4.077,20.047,,,,,,,,,0,0,,0,0,0,0,0,,0,0,,0,
"391","EIGHT MILE","2023081904",0,1.9,81,2.5,295,4.5,88.222,3.768,18.928,,,,,,,,,0,0,,0,0,0,0,0,,0,0,,0,
"391","EIGHT MILE","2023081905",0,1.6,82,1.7,300,4.5,87.684,3.351,17.358,,,,,,,,,0,0,,0,0,0,0,0,,0,0,,0,
"391","EIGHT MILE","2023081906",0,2.1,82,1.7,258,3.3,87.182,3.119,16.452,,,,,,,,,0,0,,0,0,0,0,0,,0,0,,0,
"391","EIGHT MILE","2023081907",0,6,79,2.4,333,3.9,86.747,3.037,16.125,,,,,,,,,0,0,,0,0,0,0,0,,0,0,,0,
"391","EIGHT MILE","2023081908",0,12.3,50,4.6,29,9.1,86.795,3.416,17.61,,,,,,,,,0,0,,0,0,0,0,0,,0,0,,0,
"391","EIGHT MILE","2023081909",0,15.6,33,7.5,21,13.7,87.196,4.186,20.431,,,,,,,,,0,0,,0,0,0,0,0,,0,0,,0,
"391","EIGHT MILE","2023081910",0,17.1,29,6.4,13,12.5,87.696,4.253,20.67,,,,,,,,,0,0,,0,0,0,0,0,,0,0,,0,
"391","EIGHT MILE","2023081911",0,19,23,6,27,13.1,88.387,4.602,21.87,,,,,,,,,0,0,,0,0,0,0,0,,0,0,,0,
"391","EIGHT MILE","2023081912",0,19.6,20,4.4,267,12.5,89.088,4.695,22.186,0,95.484,11.545,40.965,132.442,499.813,159.333,4,0,0,,0,0,0,0,0,,0,0,,0,
"391","EIGHT MILE","2023081913",0,20.8,19,5.8,348,14.9,89.807,5.586,25.208,,,,,,,,,0,0,,0,0,0,0,0,,0,0,,0,
"391","EIGHT MILE","2023081914",0,21.4,17,4.9,78,11.4,90.513,5.906,26.201,,,,,,,,,0,0,,0,0,0,0,0,,0,0,,0,
"391","EIGHT MILE","2023081915",0,20.9,18,6,187,14.9,91.074,6.763,28.752,,,,,,,,,0,0,,0,0,0,0,0,,0,0,,0,
"391","EIGHT MILE","2023081916",0,19.5,20,6,202,17.7,91.431,7.115,29.76,,,,,,,,,0,0,,0,0,0,0,0,,0,0,,0,
"391","EIGHT MILE","2023081917",0,14.9,41,3.5,310,10.2,91.326,6.18,27.033,,,,,,,,,0,0,,0,0,0,0,0,,0,0,,0,
"391","EIGHT MILE","2023081918",0,13.9,42,4.7,325,13.1,91.196,6.445,27.821,,,,,,,,,0,0,,0,0,0,0,0,,0,0,,0,
"391","EIGHT MILE","2023081919",0,10.3,58,1.6,261,7.4,90.826,5.23,24.073,,,,,,,,,0,0,,0,0,0,0,0,,0,0,,0,
"391","EIGHT MILE","2023081920",0,7.6,64,0,274,3.3,90.483,4.594,21.967,,,,,,,,,0,0,,0,0,0,0,0,,0,0,,0,
"391","EIGHT MILE","2023081921",0,6.3,69,1.7,245,3.3,89.988,4.663,22.2,,,,,,,,,0,0,,0,0,0,0,0,,0,0,,0,
"391","EIGHT MILE","2023081922",0,5.4,71,0,219,2.8,89.603,4.05,20.066,,,,,,,,,0,0,,0,0,0,0,0,,0,0,,0,
"391","EIGHT MILE","2023081923",0,4.7,71,0,231,2.8,89.246,3.848,19.332,,,,,,,,,0,0,,0,0,0,0,0,,0,0,,0,
"392","GRAND FORKS","2023081900",0,14.4,34,4.6,306,10.8,95.095,11.058,42.574,,,,,,,,,,,,,,,,,,,,,,
"392","GRAND FORKS","2023081901",0,13.1,39,3.2,347,9.7,94.724,9.794,39.368,,,,,,,,,,,,,,,,,,,,,,
"392","GRAND FORKS","2023081902",0,11.2,45,4.2,27,13.1,94.243,9.64,38.966,,,,,,,,,,,,,,,,,,,,,,
"392","GRAND FORKS","2023081903",0,11.4,44,6.3,282,8.5,93.788,10.061,40.06,,,,,,,,,,,,,,,,,,,,,,
"392","GRAND FORKS","2023081904",0,11.6,42,16.1,299,21.2,93.319,15.443,52.568,,,,,,,,,,,,,,,,,,,,,,
"392","GRAND FORKS","2023081905",0,10.5,46,9.8,309,18.3,92.865,10.551,41.308,,,,,,,,,,,,,,,,,,,,,,
"392","GRAND FORKS","2023081906",0,9.1,54,8.3,253,16,92.308,9.045,37.383,,,,,,,,,,,,,,,,,,,,,,
"392","GRAND FORKS","2023081907",0,10.4,49,6.7,295,9.1,91.923,7.903,34.207,,,,,,,,,,,,,,,,,,,,,,
"392","GRAND FORKS","2023081908",0,12,44,11.4,289,14.3,91.64,9.621,38.917,,,,,,,,,,,,,,,,,,,,,,
"392","GRAND FORKS","2023081909",0,14.2,39,11.5,249,16.6,91.507,9.49,38.57,,,,,,,,,,,,,,,,,,,,,,
"392","GRAND FORKS","2023081910",0,16.5,34,12.2,249,17.2,91.52,9.848,39.511,,,,,,,,,,,,,,,,,,,,,,
"392","GRAND FORKS","2023081911",0,18.5,30,11.1,282,17.2,91.57,9.383,38.288,,,,,,,,,,,,,,,,,,,,,,
"392","GRAND FORKS","2023081912",0,21.1,24,9.7,268,13.1,91.779,9.007,37.28,0,95.37,14.847,51.299,288.252,940.882,326.463,5,,,,,,,,,,,,,,
"392","GRAND FORKS","2023081913",0,23.4,24,7,196,13.1,92.02,8.134,34.869,,,,,,,,,,,,,,,,,,,,,,
"392","GRAND FORKS","2023081914",0,25.5,16,5.3,218,12,92.613,8.117,34.821,,,,,,,,,,,,,,,,,,,,,,
"392","GRAND FORKS","2023081915",0,25.9,12,7.5,251,16,93.338,10.039,40.008,,,,,,,,,,,,,,,,,,,,,,
"392","GRAND FORKS","2023081916",0,25.8,16,10.7,235,15.4,93.754,12.5,46.037,,,,,,,,,,,,,,,,,,,,,,
"392","GRAND FORKS","2023081917",0,25.1,17,11,263,20,94.018,13.163,47.566,,,,,,,,,,,,,,,,,,,,,,
"392","GRAND FORKS","2023081918",0,23.2,21,6.3,307,14.3,94.069,10.46,41.084,,,,,,,,,,,,,,,,,,,,,,
"392","GRAND FORKS","2023081919",0,20.1,26,8.2,334,10.2,94.053,11.486,43.626,,,,,,,,,,,,,,,,,,,,,,
"392","GRAND FORKS","2023081920",0,17.5,34,2.9,42,7.4,93.883,8.589,36.141,,,,,,,,,,,,,,,,,,,,,,
"392","GRAND FORKS","2023081921",0,16.1,36,3.5,11,8.5,93.672,8.597,36.164,,,,,,,,,,,,,,,,,,,,,,
"392","GRAND FORKS","2023081922",0,14.9,39,5.1,296,7.9,93.393,8.964,37.168,,,,,,,,,,,,,,,,,,,,,,
"392","GRAND FORKS","2023081923",0,13.3,43,2.1,350,11.4,93.102,7.4,32.747,,,,,,,,,,,,,,,,,,,,,,
"393","NICOLL","2023081900",0,9.7,47,10.3,2,15.4,92.951,10.951,39.339,,,,,,,,,,,,,,,,,,,,61.2,,
"393","NICOLL","2023081901",0,9.5,48,8.3,6,15.3,92.509,9.305,35.366,,,,,,,,,,,,,,,,,,,,61.2,,
"393","NICOLL","2023081902",0,8,54,7.9,22,14,91.996,8.483,33.267,,,,,,,,,,,,,,,,,,,,61.2,,
"393","NICOLL","2023081903",0,6.9,59,5.5,30,12.7,91.473,6.98,29.18,,,,,,,,,,,,,,,,,,,,61.2,,
"393","NICOLL","2023081904",0,5.9,64,7.9,10,12.5,90.871,7.23,29.885,,,,,,,,,,,,,,,,,,,,61.2,,
"393","NICOLL","2023081905",0,5.7,65,6,30,12.4,90.334,6.085,26.563,,,,,,,,,,,,,,,,,,,,61.2,,
"393","NICOLL","2023081906",0,5.1,68,5.1,16,10.7,89.805,5.391,24.421,,,,,,,,,,,,,,,,,,,,61.2,,
"393","NICOLL","2023081907",0,6.4,66,5,30,12.6,89.355,5.028,23.256,,,,,,,,,,,,,,,,,,,,61.2,,
"393","NICOLL","2023081908",0,9.5,55,4.6,28,11.5,89.144,4.781,22.442,,,,,,,,,,,,,,,,,,,,61.2,,
"393","NICOLL","2023081909",0,13.8,42,2.6,293,9,89.193,4.353,20.988,,,,,,,,,,,,,,,,,,,,61.2,,
"393","NICOLL","2023081910",0,18.4,31,4.9,323,8.7,89.421,5.051,23.33,,,,,,,,,,,,,,,,,,,,61.2,,
"393","NICOLL","2023081911",0,21.9,18,7.5,4,17.5,90.208,6.445,27.636,,,,,,,,,,,,,,,,,,,,61.2,,
"393","NICOLL","2023081912",0,23.1,17,5,297,15.7,90.934,6.303,27.217,0,96.231,13.166,44.579,120.017,594.904,159.559,4,,,,,,,,,,,,61.2,,
"393","NICOLL","2023081913",0,24.4,14,6.8,303,12.4,91.768,7.771,31.592,,,,,,,,,,,,,,,,,,,,61.2,,
"393","NICOLL","2023081914",0,24.7,14,5.7,321,14.3,92.462,8.109,32.504,,,,,,,,,,,,,,,,,,,,61.2,,
"393","NICOLL","2023081915",0,25.4,17,8.4,319,14.9,92.961,9.965,37.245,,,,,,,,,,,,,,,,,,,,61.2,,
"393","NICOLL","2023081916",0,25.1,18,5.6,337,17,93.296,9.069,35.012,,,,,,,,,,,,,,,,,,,,61.2,,
"393","NICOLL","2023081917",0,23.3,19,4.8,358,15.3,93.474,8.929,34.654,,,,,,,,,,,,,,,,,,,,61.2,,
"393","NICOLL","2023081918",0,20.5,24,6.1,14,15.7,93.525,9.601,36.351,,,,,,,,,,,,,,,,,,,,61.2,,
"393","NICOLL","2023081919",0,17.4,32,5.5,340,9.9,93.415,9.175,35.28,,,,,,,,,,,,,,,,,,,,61.2,,
"393","NICOLL","2023081920",0,15.3,37,7.9,357,12.7,93.178,10.016,37.371,,,,,,,,,,,,,,,,,,,,61.2,,
"393","NICOLL","2023081921",0,13.2,43,7.3,23,13.2,92.831,9.257,35.488,,,,,,,,,,,,,,,,,,,,61.2,,
"393","NICOLL","2023081922",0,12,47,5.5,8,8.4,92.453,8.017,32.26,,,,,,,,,,,,,,,,,,,,61.2,,
"393","NICOLL","2023081923",0,10.7,51,7.7,23,12.1,92.001,8.404,33.289,,,,,,,,,,,,,,,,,,,,61.2,,
"394","ROCK CREEK","2023081900",0,9.2,56,4,298,8.5,93.142,8.189,32.623,,,,,,,,,,,,,,,,,,,,,,
"394","ROCK CREEK","2023081901",0,11.6,47,9.1,290,16.6,92.69,9.938,37.075,,,,,,,,,,,,,,,,,,,,,,
"394","ROCK CREEK","2023081902",0,9.3,57,4.1,147,13.1,92.156,7.165,29.822,,,,,,,,,,,,,,,,,,,,,,
"394","ROCK CREEK","2023081903",0,7.4,64,3.3,178,13.1,91.564,6.328,27.403,,,,,,,,,,,,,,,,,,,,,,
"394","ROCK CREEK","2023081904",0,6.6,66,3.5,202,5.6,90.986,5.888,26.076,,,,,,,,,,,,,,,,,,,,,,
"394","ROCK CREEK","2023081905",0,5.3,72,3.4,282,6.2,90.354,5.353,24.404,,,,,,,,,,,,,,,,,,,,,,
"394","ROCK CREEK","2023081906",0,5.8,75,2.1,340,7.4,89.745,4.595,21.908,,,,,,,,,,,,,,,,,,,,,,
"394","ROCK CREEK","2023081907",0,8.7,64,2.4,80,8.5,89.374,4.423,21.321,,,,,,,,,,,,,,,,,,,,,,
"394","ROCK CREEK","2023081908",0,12.5,45,9.9,261,18.3,89.337,6.42,27.675,,,,,,,,,,,,,,,,,,,,,,
"394","ROCK CREEK","2023081909",0,15.1,41,8.8,269,14.9,89.386,6.117,26.771,,,,,,,,,,,,,,,,,,,,,,
"394","ROCK CREEK","2023081910",0,17.9,38,3.7,215,13.7,89.435,4.764,22.48,,,,,,,,,,,,,,,,,,,,,,
"394","ROCK CREEK","2023081911",0,19.6,33,6.8,74,10.8,89.617,5.717,25.549,,,,,,,,,,,,,,,,,,,,,,
"394","ROCK CREEK","2023081912",0,23.1,28,5.8,83,10.8,90.035,5.771,25.716,0,94.755,11.212,40.35,112.329,724.232,161.886,4,,,,,,,,,,,,,,
"394","ROCK CREEK","2023081913",0,25.3,19,6.5,286,10.8,90.838,6.706,28.699,,,,,,,,,,,,,,,,,,,,,,
"394","ROCK CREEK","2023081914",0,26.1,15,5.9,271,12.5,91.715,7.37,30.595,,,,,,,,,,,,,,,,,,,,,,
"394","ROCK CREEK","2023081915",0,25.6,16,8.1,270,17.2,92.4,9.071,35.137,,,,,,,,,,,,,,,,,,,,,,
"394","ROCK CREEK","2023081916",0,25.5,18,8.4,290,16,92.869,9.837,37.058,,,,,,,,,,,,,,,,,,,,,,
"394","ROCK CREEK","2023081917",0,24.8,18,5.2,251,10.8,93.206,8.777,34.38,,,,,,,,,,,,,,,,,,,,,,
"394","ROCK CREEK","2023081918",0,22.6,21,6.5,304,12,93.305,9.502,36.227,,,,,,,,,,,,,,,,,,,,,,
"394","ROCK CREEK","2023081919",0,20.5,27,11.9,275,19.5,93.346,12.545,43.368,,,,,,,,,,,,,,,,,,,,,,
"394","ROCK CREEK","2023081920",0,16.7,34,8.6,244,20,93.187,10.389,38.403,,,,,,,,,,,,,,,,,,,,,,
"394","ROCK CREEK","2023081921",0,14.7,40,7.6,307,13.7,92.906,9.497,36.216,,,,,,,,,,,,,,,,,,,,,,
"394","ROCK CREEK","2023081922",0,13.5,46,8.7,294,12,92.506,9.491,36.198,,,,,,,,,,,,,,,,,,,,,,
"394","ROCK CREEK","2023081923",0,11.4,53,2.2,185,14.3,92.1,6.459,27.974,,,,,,,,,,,,,,,,,,,,,,
"396","OCTOPUS CREEK","2023081900",0,10,42,10.6,33,24.1,92.263,10.092,35.267,,,,,,,,,,,,,,,,,,,,8579.8,,
"396","OCTOPUS CREEK","2023081901",0,9.5,44,10.4,45,19.8,91.944,9.552,34.007,,,,,,,,,,,,,,,,,,,,8579.8,,
"396","OCTOPUS CREEK","2023081902",0,9.1,46,10,23,24,91.618,8.938,32.537,,,,,,,,,,,,,,,,,,,,8579.8,,
"396","OCTOPUS CREEK","2023081903",0,8.8,48,10.9,44,23,91.276,8.909,32.467,,,,,,,,,,,,,,,,,,,,8579.8,,
"396","OCTOPUS CREEK","2023081904",0,8.7,48,11.5,33,21.8,90.961,8.781,32.154,,,,,,,,,,,,,,,,,,,,8579.8,,
"396","OCTOPUS CREEK","2023081905",0,8.3,50,10.5,31,22.9,90.644,7.979,30.151,,,,,,,,,,,,,,,,,,,,8579.8,,
"396","OCTOPUS CREEK","2023081906",0,8.1,52,9.4,26,19.6,90.327,7.215,28.156,,,,,,,,,,,,,,,,,,,,8579.8,,
"396","OCTOPUS CREEK","2023081907",0,8.6,51,10.1,18,20,90.054,7.188,28.085,,,,,,,,,,,,,,,,,,,,8579.8,,
"396","OCTOPUS CREEK","2023081908",0,9.8,51,9.4,357,16,89.818,6.707,26.783,,,,,,,,,,,,,,,,,,,,8579.8,,
"396","OCTOPUS CREEK","2023081909",0,12.3,47,9.7,5,20.4,89.698,6.694,26.746,,,,,,,,,,,,,,,,,,,,8579.8,,
"396","OCTOPUS CREEK","2023081910",0,13.7,40,12.4,8,21.8,89.735,7.71,29.457,,,,,,,,,,,,,,,,,,,,8579.8,,
"396","OCTOPUS CREEK","2023081911",0,14.7,35,16.7,8,30,89.784,9.643,34.222,,,,,,,,,,,,,,,,,,,,8579.8,,
"396","OCTOPUS CREEK","2023081912",0,17,26,12.8,342,26.5,90.072,8.256,30.851,0,94.26,14.903,45.711,107.929,424.931,132.025,4,,,,,,,,,,,,8579.8,,
"396","OCTOPUS CREEK","2023081913",0,18.7,28,7.2,344,24.5,90.289,6.422,26.199,,,,,,,,,,,,,,,,,,,,8579.8,,
"396","OCTOPUS CREEK","2023081914",0,20.1,26,9.8,317,20,90.592,7.646,29.52,,,,,,,,,,,,,,,,,,,,8579.8,,
"396","OCTOPUS CREEK","2023081915",0,20.4,23,7.9,329,16.6,90.955,7.317,28.651,,,,,,,,,,,,,,,,,,,,8579.8,,
"396","OCTOPUS CREEK","2023081916",0,19.8,27,11.7,329,18.5,91.119,9.071,33.111,,,,,,,,,,,,,,,,,,,,8579.8,,
"396","OCTOPUS CREEK","2023081917",0,18.2,28,8.7,333,16.7,91.182,7.868,30.098,,,,,,,,,,,,,,,,,,,,8579.8,,
"396","OCTOPUS CREEK","2023081918",0,15.8,31,7.9,17,16.1,91.232,7.611,29.429,,,,,,,,,,,,,,,,,,,,8579.8,,
"396","OCTOPUS CREEK","2023081919",0,14.4,32,11.4,20,23.5,91.277,9.138,33.274,,,,,,,,,,,,,,,,,,,,8579.8,,
"396","OCTOPUS CREEK","2023081920",0,13.5,34,9.5,37,24.2,91.271,8.297,31.194,,,,,,,,,,,,,,,,,,,,8579.8,,
"396","OCTOPUS CREEK","2023081921",0,11.1,39,5.9,53,12.9,91.167,6.818,27.3,,,,,,,,,,,,,,,,,,,,8579.8,,
"396","OCTOPUS CREEK","2023081922",0,10.8,41,7.5,64,14.6,91.027,7.245,28.458,,,,,,,,,,,,,,,,,,,,8579.8,,
"396","OCTOPUS CREEK","2023081923",0,10.8,40,8.9,60,12.9,90.91,7.646,29.52,,,,,,,,,,,,,,,,,,,,8579.8,,
"401","GOATFELL","2023081900",0,9.3,54,2.8,30,7.4,73.927,0.835,4.07,,,,,,,,,,,,,,,,,,,,,,
"401","GOATFELL","2023081901",0,8.6,55,2.8,24,6.2,74.65,0.866,4.232,,,,,,,,,,,,,,,,,,,,,,
"401","GOATFELL","2023081902",0,9,52,3,22,6.2,75.405,0.912,4.473,,,,,,,,,,,,,,,,,,,,,,
"401","GOATFELL","2023081903",0,7.8,57,2.9,69,5.1,75.987,0.94,4.619,,,,,,,,,,,,,,,,,,,,,,
"401","GOATFELL","2023081904",0,7.1,63,2.9,347,6.2,76.425,0.968,4.76,,,,,,,,,,,,,,,,,,,,,,
"401","GOATFELL","2023081905",0,6.5,66,2.4,4,7.4,76.775,0.967,4.756,,,,,,,,,,,,,,,,,,,,,,
"401","GOATFELL","2023081906",0,6.1,68,1.9,52,7.4,77.065,0.963,4.736,,,,,,,,,,,,,,,,,,,,,,
"401","GOATFELL","2023081907",0,7.3,70,2.1,311,6.2,77.338,0.993,4.888,,,,,,,,,,,,,,,,,,,,,,
"401","GOATFELL","2023081908",0,9.8,63,2.2,256,5.1,77.746,1.031,5.077,,,,,,,,,,,,,,,,,,,,,,
"401","GOATFELL","2023081909",0,12.6,53,3.5,270,6.8,78.412,1.164,5.73,,,,,,,,,,,,,,,,,,,,,,
"401","GOATFELL","2023081910",0,14.6,48,5.5,107,16.6,79.255,1.392,6.789,,,,,,,,,,,,,,,,,,,,,,
"401","GOATFELL","2023081911",0,15.7,44,5.5,177,10.8,80.163,1.526,7.383,,,,,,,,,,,,,,,,,,,,,,
"401","GOATFELL","2023081912",0,18.8,37,6.1,209,20,81.338,1.792,8.513,4,72.734,0.936,3.86,51.513,408.031,78.309,2,,,,,,,,,,,,,,
"401","GOATFELL","2023081913",0,20.7,35,6.1,167,14.3,82.547,2.074,8.391,,,,,,,,,,,,,,,,,,,,,,
"401","GOATFELL","2023081914",0,20.7,32,6.4,154,13.7,83.708,2.444,9.662,,,,,,,,,,,,,,,,,,,,,,
"401","GOATFELL","2023081915",0,21.3,28,5.4,134,13.7,84.859,2.713,10.543,,,,,,,,,,,,,,,,,,,,,,
"401","GOATFELL","2023081916",0,20.8,31,4.8,116,13.1,85.722,2.967,11.342,,,,,,,,,,,,,,,,,,,,,,
"401","GOATFELL","2023081917",0,19.3,39,6,60,13.1,86.207,3.373,12.575,,,,,,,,,,,,,,,,,,,,,,
"401","GOATFELL","2023081918",0,17.9,39,6.5,72,15.4,86.591,3.652,13.389,,,,,,,,,,,,,,,,,,,,,,
"401","GOATFELL","2023081919",0,15.5,46,7.5,77,17.7,86.718,3.911,14.122,,,,,,,,,,,,,,,,,,,,,,
"401","GOATFELL","2023081920",0,14.9,44,3.7,243,15.4,86.849,3.29,12.327,,,,,,,,,,,,,,,,,,,,,,
"401","GOATFELL","2023081921",0,13.8,48,3.3,219,10.8,86.897,3.246,12.197,,,,,,,,,,,,,,,,,,,,,,
"401","GOATFELL","2023081922",0,11.6,54,3.8,8,7.9,86.939,3.349,12.503,,,,,,,,,,,,,,,,,,,,,,
"401","GOATFELL","2023081923",0,10,59,4.7,99,7.4,86.88,3.475,12.874,,,,,,,,,,,,,,,,,,,,,,
"402","PENDOREILLE","2023081900",0,14.6,32,5,346,12.3,95.122,11.326,40.186,,,,,,,,,,,,,,,,,,,,25.8,,
"402","PENDOREILLE","2023081901",0,12.2,39,3.5,55,8.1,94.744,9.97,36.988,,,,,,,,,,,,,,,,,,,,25.8,,
"402","PENDOREILLE","2023081902",0,11.2,43,3.7,117,8,94.313,9.491,35.812,,,,,,,,,,,,,,,,,,,,25.8,,
"402","PENDOREILLE","2023081903",0,10.9,43,3.3,53,6.8,93.926,8.816,34.11,,,,,,,,,,,,,,,,,,,,25.8,,
"402","PENDOREILLE","2023081904",0,9.8,49,3.1,158,6.4,93.462,8.183,32.46,,,,,,,,,,,,,,,,,,,,25.8,,
"402","PENDOREILLE","2023081905",0,8.8,53,1.8,77,5.9,93,7.185,29.742,,,,,,,,,,,,,,,,,,,,25.8,,
"402","PENDOREILLE","2023081906",0,9,52,1.1,123,4.2,92.613,6.569,27.983,,,,,,,,,,,,,,,,,,,,25.8,,
"402","PENDOREILLE","2023081907",0,10.1,51,2,14,4.3,92.242,6.524,27.852,,,,,,,,,,,,,,,,,,,,25.8,,
"402","PENDOREILLE","2023081908",0,11.9,55,3.3,166,5.4,91.795,6.539,27.895,,,,,,,,,,,,,,,,,,,,25.8,,
"402","PENDOREILLE","2023081909",0,14,47,2.8,156,5.5,91.553,6.161,26.779,,,,,,,,,,,,,,,,,,,,25.8,,
"402","PENDOREILLE","2023081910",0,15.7,44,2.4,225,6.3,91.402,5.91,26.02,,,,,,,,,,,,,,,,,,,,25.8,,
"402","PENDOREILLE","2023081911",0,17.6,40,3.3,190,5.3,91.346,6.136,26.702,,,,,,,,,,,,,,,,,,,,25.8,,
"402","PENDOREILLE","2023081912",0,19.7,35,3.8,162,6.5,91.396,6.337,27.301,0,93.578,8.614,33.762,115.15,630.043,158.074,4,,,,,,,,,,,,25.8,,
"402","PENDOREILLE","2023081913",0,21.4,32,5.8,158,9.6,91.446,7.059,29.541,,,,,,,,,,,,,,,,,,,,25.8,,
"402","PENDOREILLE","2023081914",0,23,28,2.2,219,7.8,91.574,5.995,26.42,,,,,,,,,,,,,,,,,,,,25.8,,
"402","PENDOREILLE","2023081915",0,22,32,3.4,135,8.4,91.624,6.415,27.677,,,,,,,,,,,,,,,,,,,,25.8,,
"402","PENDOREILLE","2023081916",0,22.8,29,3.2,177,6.7,91.694,6.414,27.675,,,,,,,,,,,,,,,,,,,,25.8,,
"402","PENDOREILLE","2023081917",0,21.4,35,2.9,117,7,91.744,6.362,27.522,,,,,,,,,,,,,,,,,,,,25.8,,
"402","PENDOREILLE","2023081918",0,18.3,41,2.4,135,4.3,91.653,6.125,26.811,,,,,,,,,,,,,,,,,,,,25.8,,
"402","PENDOREILLE","2023081919",0,16.1,48,3,158,6.8,91.413,6.101,26.74,,,,,,,,,,,,,,,,,,,,25.8,,
"402","PENDOREILLE","2023081920",0,14.9,50,2.7,244,5.7,91.155,5.793,25.8,,,,,,,,,,,,,,,,,,,,25.8,,
"402","PENDOREILLE","2023081921",0,13.3,52,3.9,43,5.4,90.859,5.9,26.129,,,,,,,,,,,,,,,,,,,,25.8,,
"402","PENDOREILLE","2023081922",0,12.4,57,3.8,117,7.7,90.494,5.572,25.112,,,,,,,,,,,,,,,,,,,,25.8,,
"402","PENDOREILLE","2023081923",0,11.7,60,3,89,5.8,90.118,5.072,23.511,,,,,,,,,,,,,,,,,,,,25.8,,
"404","SMALLWOOD","2023081900",0,13.8,34,3.6,306,6.2,94.454,9.629,37.359,,,,,,,,,,,,,,,,,,,,,,
"404","SMALLWOOD","2023081901",0,13.4,35,3.7,300,5.6,94.204,9.349,36.646,,,,,,,,,,,,,,,,,,,,,,
"404","SMALLWOOD","2023081902",0,12.4,37,1.9,277,6.2,93.965,8.26,33.772,,,,,,,,,,,,,,,,,,,,,,
"404","SMALLWOOD","2023081903",0,12.2,40,2.7,257,6.2,93.672,8.258,33.766,,,,,,,,,,,,,,,,,,,,,,
"404","SMALLWOOD","2023081904",0,11.6,41,3.5,291,6.8,93.369,8.242,33.722,,,,,,,,,,,,,,,,,,,,,,
"404","SMALLWOOD","2023081905",0,10.6,44,4.1,274,7.9,93.024,8.095,33.321,,,,,,,,,,,,,,,,,,,,,,
"404","SMALLWOOD","2023081906",0,10.4,47,2.6,316,5.6,92.678,7.15,30.666,,,,,,,,,,,,,,,,,,,,,,
"404","SMALLWOOD","2023081907",0,11.6,48,2.1,288,6.2,92.352,6.659,29.225,,,,,,,,,,,,,,,,,,,,,,
"404","SMALLWOOD","2023081908",0,13.6,42,3.7,184,6.2,92.14,7.006,30.248,,,,,,,,,,,,,,,,,,,,,,
"404","SMALLWOOD","2023081909",0,15.6,43,4.6,179,7.4,91.931,7.117,30.57,,,,,,,,,,,,,,,,,,,,,,
"404","SMALLWOOD","2023081910",0,16.6,45,5.4,147,8.5,91.701,7.173,30.732,,,,,,,,,,,,,,,,,,,,,,
"404","SMALLWOOD","2023081911",0,17.8,36,4.8,138,7.9,91.687,6.945,30.07,,,,,,,,,,,,,,,,,,,,,,
"404","SMALLWOOD","2023081912",0,17.9,35,5.1,142,9.7,91.693,7.057,30.396,0,93.735,9.401,36.872,148.014,601.272,183.251,4,,,,,,,,,,,,,,
"404","SMALLWOOD","2023081913",0,19.1,29,6.1,103,10.8,91.743,7.475,31.675,,,,,,,,,,,,,,,,,,,,,,
"404","SMALLWOOD","2023081914",0,19.6,31,3.9,107,14.3,91.793,6.738,29.536,,,,,,,,,,,,,,,,,,,,,,
"404","SMALLWOOD","2023081915",0,19.5,34,5.1,128,11.4,91.831,7.196,30.878,,,,,,,,,,,,,,,,,,,,,,
"404","SMALLWOOD","2023081916",0,19,35,4,59,12.5,91.841,6.818,29.774,,,,,,,,,,,,,,,,,,,,,,
"404","SMALLWOOD","2023081917",0,17.1,43,2.8,1,6.8,91.689,6.281,28.159,,,,,,,,,,,,,,,,,,,,,,
"404","SMALLWOOD","2023081918",0,15.6,47,4.3,337,6.8,91.446,6.545,28.96,,,,,,,,,,,,,,,,,,,,,,
"404","SMALLWOOD","2023081919",0,15,44,4.3,336,9.1,91.28,6.393,28.498,,,,,,,,,,,,,,,,,,,,,,
"404","SMALLWOOD","2023081920",0,15.3,39,5.1,336,13.1,91.218,6.597,29.116,,,,,,,,,,,,,,,,,,,,,,
"404","SMALLWOOD","2023081921",0,15.5,38,4,358,8.5,91.185,6.212,27.947,,,,,,,,,,,,,,,,,,,,,,
"404","SMALLWOOD","2023081922",0,15.1,38,5.1,327,12,91.147,6.53,28.915,,,,,,,,,,,,,,,,,,,,,,
"404","SMALLWOOD","2023081923",0,14.9,38,3.8,331,9.7,91.114,6.088,27.563,,,,,,,,,,,,,,,,,,,,,,
"406","SLOCAN","2023081900",0,11.1,37,12.2,15,14.3,93.658,13.302,42.37,,,,,,,,,,,,,,,,,,,,,,
"406","SLOCAN","2023081901",0,10.7,39,9.8,14,13.7,93.321,11.246,38.011,,,,,,,,,,,,,,,,,,,,,,
"406","SLOCAN","2023081902",0,10.3,42,11.2,7,15.4,92.939,11.44,38.437,,,,,,,,,,,,,,,,,,,,,,
"406","SLOCAN","2023081903",0,10.1,43,12.9,11,17.2,92.559,11.815,39.25,,,,,,,,,,,,,,,,,,,,,,
"406","SLOCAN","2023081904",0,9.3,47,14.9,17,22.3,92.115,12.274,40.232,,,,,,,,,,,,,,,,,,,,,,
"406","SLOCAN","2023081905",0,8.7,52,17,11,21.2,91.592,12.671,41.067,,,,,,,,,,,,,,,,,,,,,,
"406","SLOCAN","2023081906",0,8.9,51,11.4,1,24.6,91.189,9.024,32.879,,,,,,,,,,,,,,,,,,,,,,
"406","SLOCAN","2023081907",0,10.1,51,8.6,21,14.9,90.851,7.468,28.946,,,,,,,,,,,,,,,,,,,,,,
"406","SLOCAN","2023081908",0,11.9,46,12.2,27,19.5,90.631,8.677,32.03,,,,,,,,,,,,,,,,,,,,,,
"406","SLOCAN","2023081909",0,13.2,41,15.9,16,25.2,90.538,10.318,35.927,,,,,,,,,,,,,,,,,,,,,,
"406","SLOCAN","2023081910",0,14.6,40,13.9,20,25.8,90.5,9.277,33.49,,,,,,,,,,,,,,,,,,,,,,
"406","SLOCAN","2023081911",0,16.5,36,13.9,11,24.1,90.55,9.344,33.649,,,,,,,,,,,,,,,,,,,,,,
"406","SLOCAN","2023081912",0,18.5,36,7.6,26,19.5,90.6,6.851,27.29,0,93.475,10.284,36.124,98.249,521.863,133.611,4,,,,,,,,,,,,,,
"406","SLOCAN","2023081913",0,18.4,36,5.7,220,10.2,90.65,6.27,25.878,,,,,,,,,,,,,,,,,,,,,,
"406","SLOCAN","2023081914",0,19.5,32,6.4,207,10.8,90.7,6.542,26.647,,,,,,,,,,,,,,,,,,,,,,
"406","SLOCAN","2023081915",0,20.1,28,5.3,205,10.2,90.863,6.335,26.064,,,,,,,,,,,,,,,,,,,,,,
"406","SLOCAN","2023081916",0,19.5,26,9.9,2,16.6,91.062,8.217,31.122,,,,,,,,,,,,,,,,,,,,,,
"406","SLOCAN","2023081917",0,18.2,26,8.9,5,16,91.194,7.962,30.467,,,,,,,,,,,,,,,,,,,,,,
"406","SLOCAN","2023081918",0,16,34,15.1,24,17.2,91.23,10.938,37.612,,,,,,,,,,,,,,,,,,,,,,
"406","SLOCAN","2023081919",0,15,34,2.4,263,17.2,91.256,5.789,24.48,,,,,,,,,,,,,,,,,,,,,,
"406","SLOCAN","2023081920",0,13.3,37,4.9,5,9.1,91.21,6.523,26.595,,,,,,,,,,,,,,,,,,,,,,
"406","SLOCAN","2023081921",0,12.3,42,8.6,13,11.4,91.054,7.688,29.754,,,,,,,,,,,,,,,,,,,,,,
"406","SLOCAN","2023081922",0,12.8,41,14.1,20,16.6,90.916,9.945,35.337,,,,,,,,,,,,,,,,,,,,,,
"406","SLOCAN","2023081923",0,12.5,41,8.7,3,17.2,90.807,7.46,29.152,,,,,,,,,,,,,,,,,,,,,,
"407","NANCY GREENE","2023081900",0,9.7,40,7.7,306,13.7,93.143,9.868,37.553,,,,,,,,,,,,,,,,,,,,,,
"407","NANCY GREENE","2023081901",0,9.5,41,3.9,58,16,92.872,7.845,32.272,,,,,,,,,,,,,,,,,,,,,,
"407","NANCY GREENE","2023081902",0,8.6,44,7.8,308,10.2,92.522,9.09,35.584,,,,,,,,,,,,,,,,,,,,,,
"407","NANCY GREENE","2023081903",0,8.2,46,6.3,338,13.1,92.18,8.032,32.783,,,,,,,,,,,,,,,,,,,,,,
"407","NANCY GREENE","2023081904",0,8.2,47,4.1,6,13.1,91.875,6.886,29.561,,,,,,,,,,,,,,,,,,,,,,
"407","NANCY GREENE","2023081905",0,6.3,55,4.2,127,8.5,91.459,6.524,28.495,,,,,,,,,,,,,,,,,,,,,,
"407","NANCY GREENE","2023081906",0,5.6,60,3.4,185,6.2,91.007,5.876,26.524,,,,,,,,,,,,,,,,,,,,,,
"407","NANCY GREENE","2023081907",0,9.1,58,2.1,171,6.2,90.642,5.224,24.442,,,,,,,,,,,,,,,,,,,,,,
"407","NANCY GREENE","2023081908",0,11.7,43,8.3,57,14.3,90.516,7.013,29.929,,,,,,,,,,,,,,,,,,,,,,
"407","NANCY GREENE","2023081909",0,13.9,34,11.1,314,19.5,90.566,8.133,33.057,,,,,,,,,,,,,,,,,,,,,,
"407","NANCY GREENE","2023081910",0,15.6,33,11.1,341,21.8,90.616,8.191,33.214,,,,,,,,,,,,,,,,,,,,,,
"407","NANCY GREENE","2023081911",0,16,34,11.7,13,21.8,90.666,8.503,34.049,,,,,,,,,,,,,,,,,,,,,,
"407","NANCY GREENE","2023081912",0,16.2,32,8,17,18.9,90.716,7.107,30.2,0,93.263,10.188,38.451,149.58,512.098,172.901,4,,,,,,,,,,,,,,
"407","NANCY GREENE","2023081913",0,18.7,20,8.2,46,14.9,91.111,7.596,31.675,,,,,,,,,,,,,,,,,,,,,,
"407","NANCY GREENE","2023081914",0,20.4,17,7,27,15.4,91.615,7.681,31.912,,,,,,,,,,,,,,,,,,,,,,
"407","NANCY GREENE","2023081915",0,20.1,18,8.8,25,17.2,92.007,8.89,35.169,,,,,,,,,,,,,,,,,,,,,,
"407","NANCY GREENE","2023081916",0,19.1,20,7.8,2,16.6,92.229,8.722,34.729,,,,,,,,,,,,,,,,,,,,,,
"407","NANCY GREENE","2023081917",0,17.9,22,7.6,354,15.4,92.318,8.745,34.788,,,,,,,,,,,,,,,,,,,,,,
"407","NANCY GREENE","2023081918",0,15.6,26,3.9,5,14.3,92.368,7.308,30.865,,,,,,,,,,,,,,,,,,,,,,
"407","NANCY GREENE","2023081919",0,11.3,38,4.8,273,9.1,92.203,7.471,31.327,,,,,,,,,,,,,,,,,,,,,,
"407","NANCY GREENE","2023081920",0,9.3,43,4.3,289,8.5,91.963,7.042,30.103,,,,,,,,,,,,,,,,,,,,,,
"407","NANCY GREENE","2023081921",0,9.2,43,7.8,286,10.2,91.709,8.104,33.076,,,,,,,,,,,,,,,,,,,,,,
"407","NANCY GREENE","2023081922",0,9.7,42,7,302,10.8,91.502,7.559,31.572,,,,,,,,,,,,,,,,,,,,,,
"407","NANCY GREENE","2023081923",0,7.9,48,7.2,285,9.7,91.199,7.314,30.88,,,,,,,,,,,,,,,,,,,,,,
"408","NORNS","2023081900",0,3.8,43,0,,0,,,,,,,,,,,,,,,,,,,,,,,,,
"408","NORNS","2023081901",0,3.5,44,0,,0,,,,,,,,,,,,,,,,,,,,,,,,,
"408","NORNS","2023081902",0,3.3,46,0,,0,,,,,,,,,,,,,,,,,,,,,,,,,
"408","NORNS","2023081903",0,3.2,45,0,,0,,,,,,,,,,,,,,,,,,,,,,,,,
"408","NORNS","2023081904",0,3.1,41,0,,0,,,,,,,,,,,,,,,,,,,,,,,,,
"408","NORNS","2023081905",0,3.1,39,0,,0,,,,,,,,,,,,,,,,,,,,,,,,,
"408","NORNS","2023081906",0,3.1,39,0,,0,,,,,,,,,,,,,,,,,,,,,,,,,
"408","NORNS","2023081907",0,3.5,43,0,,0,,,,,,,,,,,,,,,,,,,,,,,,,
"408","NORNS","2023081908",0,4.5,43,0,,0,,,,,,,,,,,,,,,,,,,,,,,,,
"408","NORNS","2023081909",0,5.4,28,0,,0,,,,,,,,,,,,,,,,,,,,,,,,,
"408","NORNS","2023081910",0,5.6,30,0,,0,,,,,,,,,,,,,,,,,,,,,,,,,
"408","NORNS","2023081911",0,6.8,30,0,,0,,,,,,,,,,,,,,,,,,,,,,,,,
"408","NORNS","2023081912",0,10.6,30,0,,0,,,,0,,,,,,,,,,,,,,,,,,,,,
"408","NORNS","2023081913",0,12.5,26,0,,0,,,,,,,,,,,,,,,,,,,,,,,,,
"408","NORNS","2023081914",0,13,25,0,,0,,,,,,,,,,,,,,,,,,,,,,,,,
"408","NORNS","2023081915",0,13.2,22,0,,0,,,,,,,,,,,,,,,,,,,,,,,,,
"408","NORNS","2023081916",0,12.4,22,0,,0,,,,,,,,,,,,,,,,,,,,,,,,,
"408","NORNS","2023081917",0,12.4,26,0,,0,,,,,,,,,,,,,,,,,,,,,,,,,
"408","NORNS","2023081918",0,9.2,32,0,,0,,,,,,,,,,,,,,,,,,,,,,,,,
"408","NORNS","2023081919",0,7.9,34,0,,0,,,,,,,,,,,,,,,,,,,,,,,,,
"408","NORNS","2023081920",0,7.2,32,0,,0,,,,,,,,,,,,,,,,,,,,,,,,,
"408","NORNS","2023081921",0,6.9,37,0,,0,,,,,,,,,,,,,,,,,,,,,,,,,
"408","NORNS","2023081922",0,6.5,43,0,,0,,,,,,,,,,,,,,,,,,,,,,,,,
"408","NORNS","2023081923",0,6.4,46,0,,0,,,,,,,,,,,,,,,,,,,,,,,,,
"411","PALLISER","2023081900",0,5.9,80,3.3,289,12.5,82.176,1.72,8.588,,,,,,,,,,,,,,,,,,,,,,
"411","PALLISER","2023081901",0,6.5,79,7.2,228,14.9,82.152,2.087,10.126,,,,,,,,,,,,,,,,,,,,,,
"411","PALLISER","2023081902",0,1.6,92,2.1,88,9.1,81.778,1.543,7.806,,,,,,,,,,,,,,,,,,,,,,
"411","PALLISER","2023081903",0,-0.3,96,0,33,0,81.38,1.324,6.797,,,,,,,,,,,,,,,,,,,,,,
"411","PALLISER","2023081904",0,-1.4,97,1.7,355,2.8,80.882,1.363,6.979,,,,,,,,,,,,,,,,,,,,,,
"411","PALLISER","2023081905",0,-2.3,97,0,341,0,80.513,1.201,6.202,,,,,,,,,,,,,,,,,,,,,,
"411","PALLISER","2023081906",0,-1.7,97,0,314,0,80.16,1.156,5.982,,,,,,,,,,,,,,,,,,,,,,
"411","PALLISER","2023081907",0,2.2,97,0,177,0,79.805,1.115,5.773,,,,,,,,,,,,,,,,,,,,,,
"411","PALLISER","2023081908",0,7.3,77,4.1,75,5.6,79.883,1.381,7.065,,,,,,,,,,,,,,,,,,,,,,
"411","PALLISER","2023081909",0,9.9,65,2.8,149,5.1,80.128,1.327,6.81,,,,,,,,,,,,,,,,,,,,,,
"411","PALLISER","2023081910",0,13.7,51,4.4,43,8.5,80.702,1.53,7.751,,,,,,,,,,,,,,,,,,,,,,
"411","PALLISER","2023081911",0,17.2,41,4.3,167,9.7,81.578,1.683,8.429,,,,,,,,,,,,,,,,,,,,,,
"411","PALLISER","2023081912",0,20.8,29,6.7,117,12,82.978,2.257,10.803,0,89.658,5.721,22.345,71.632,578.22,109.386,3,,,,,,,,,,,,,,
"411","PALLISER","2023081913",0,22,21,7.6,210,14.9,84.598,2.925,13.568,,,,,,,,,,,,,,,,,,,,,,
"411","PALLISER","2023081914",0,23.2,18,7.1,164,16.6,86.182,3.553,15.757,,,,,,,,,,,,,,,,,,,,,,
"411","PALLISER","2023081915",0,23.2,18,7.9,120,14.3,87.549,4.492,18.766,,,,,,,,,,,,,,,,,,,,,,
"411","PALLISER","2023081916",0,22.7,19,6.1,177,15.4,88.594,4.765,19.592,,,,,,,,,,,,,,,,,,,,,,
"411","PALLISER","2023081917",0,20.5,24,6.3,146,13.1,89.198,5.249,21.012,,,,,,,,,,,,,,,,,,,,,,
"411","PALLISER","2023081918",0,17.4,37,2.6,194,13.1,89.254,4.392,18.458,,,,,,,,,,,,,,,,,,,,,,
"411","PALLISER","2023081919",0,10.9,61,0,51,4.5,89.056,3.744,16.393,,,,,,,,,,,,,,,,,,,,,,
"411","PALLISER","2023081920",0,8.1,67,0,118,0,88.783,3.601,15.917,,,,,,,,,,,,,,,,,,,,,,
"411","PALLISER","2023081921",0,6.5,71,0,71,0,88.472,3.443,15.385,,,,,,,,,,,,,,,,,,,,,,
"411","PALLISER","2023081922",0,5,77,0,152,0,88.09,3.26,14.755,,,,,,,,,,,,,,,,,,,,,,
"411","PALLISER","2023081923",0,4.1,82,0,274,0,87.646,3.059,14.048,,,,,,,,,,,,,,,,,,,,,,
"412","ELKO","2023081900",0,8.8,61,3.5,33,9.1,88.577,4.17,20.886,,,,,,,,,,,,,,,,,,,,,,
"412","ELKO","2023081901",0,7.2,68,3.7,342,8.5,88.215,3.999,20.264,,,,,,,,,,,,,,,,,,,,,,
"412","ELKO","2023081902",0,8.3,64,5.2,46,15.4,87.941,4.147,20.803,,,,,,,,,,,,,,,,,,,,,,
"412","ELKO","2023081903",0,7.3,70,3,33,10.2,87.608,3.539,18.537,,,,,,,,,,,,,,,,,,,,,,
"412","ELKO","2023081904",0,6.6,72,5.4,293,10.2,87.236,3.787,19.48,,,,,,,,,,,,,,,,,,,,,,
"412","ELKO","2023081905",0,7.4,71,4.7,351,13.7,86.926,3.498,18.38,,,,,,,,,,,,,,,,,,,,,,
"412","ELKO","2023081906",0,9.8,62,6.3,291,13.1,86.81,3.73,19.264,,,,,,,,,,,,,,,,,,,,,,
"412","ELKO","2023081907",0,11.5,56,7.7,298,16,86.825,4.011,20.308,,,,,,,,,,,,,,,,,,,,,,
"412","ELKO","2023081908",0,14.4,48,8,339,16.6,86.873,4.1,20.633,,,,,,,,,,,,,,,,,,,,,,
"412","ELKO","2023081909",0,15.2,47,8.9,297,16.6,86.945,4.334,21.472,,,,,,,,,,,,,,,,,,,,,,
"412","ELKO","2023081910",0,16,43,9.6,289,20,87.11,4.597,22.392,,,,,,,,,,,,,,,,,,,,,,
"412","ELKO","2023081911",0,17.7,39,10.3,285,19.5,87.399,4.962,23.634,,,,,,,,,,,,,,,,,,,,,,
"412","ELKO","2023081912",0,19,36,5.1,335,17.2,87.737,4.007,20.294,0.6,91.727,7.092,30.344,116.885,885.3,175.757,4,,,,,,,,,,,,,,
"412","ELKO","2023081913",0,20.4,33,6.3,284,17.7,88.17,4.529,22.247,,,,,,,,,,,,,,,,,,,,,,
"412","ELKO","2023081914",0,21,32,6.8,357,16.6,88.6,4.94,23.656,,,,,,,,,,,,,,,,,,,,,,
"412","ELKO","2023081915",0,21.6,31,6.3,330,17.2,89.018,5.115,24.24,,,,,,,,,,,,,,,,,,,,,,
"412","ELKO","2023081916",0,21,32,7.7,96,21.2,89.334,5.744,26.276,,,,,,,,,,,,,,,,,,,,,,
"412","ELKO","2023081917",0,20.1,33,26.7,68,38.5,89.592,15.527,50.461,,,,,,,,,,,,,,,,,,,,,,
"412","ELKO","2023081918",0,18.4,36,26.3,63,41.3,89.646,15.336,50.072,,,,,,,,,,,,,,,,,,,,,,
"412","ELKO","2023081919",0,17.2,39,25.9,63,48.8,89.695,15.136,49.661,,,,,,,,,,,,,,,,,,,,,,
"412","ELKO","2023081920",0,16.5,41,30.3,59,52.3,89.744,19.026,57.24,,,,,,,,,,,,,,,,,,,,,,
"412","ELKO","2023081921",0,15.9,43,30.9,64,56.3,89.746,19.614,58.319,,,,,,,,,,,,,,,,,,,,,,
"412","ELKO","2023081922",0,15.7,43,26.8,62,48.2,89.745,15.951,51.318,,,,,,,,,,,,,,,,,,,,,,
"412","ELKO","2023081923",0,14.8,47,20.7,78,36.2,89.639,11.553,41.837,,,,,,,,,,,,,,,,,,,,,,
"417","TOBY HUB","2023081900",0,8.3,78,10.7,320,21.8,88.174,5.657,26.572,,,,,,,,,,0,,,,0,1,834.47,,,,,,
"417","TOBY HUB","2023081901",0,7.1,84,8.6,290,15.4,87.386,4.546,22.809,,,,,,,,,,0,,,,0,1,834.5,,,,,,
"417","TOBY HUB","2023081902",0,5.4,92,5.4,277,16,86.433,3.379,18.415,,,,,,,,,,-0.1,,,,0,1,834.49,,,,,,
"417","TOBY HUB","2023081903",0,4.4,91,6.2,269,9.1,85.625,3.14,17.444,,,,,,,,,,-0.1,,,,0,1,834.51,,,,,,
"417","TOBY HUB","2023081904",0,3.4,96,6.7,282,9.7,84.634,2.809,16.047,,,,,,,,,,-0.1,,,,0,1,834.51,,,,,,
"417","TOBY HUB","2023081905",0,3,95,5.8,223,10.8,83.826,2.409,14.266,,,,,,,,,,-0.1,,,,0,1,834.47,,,,,,
"417","TOBY HUB","2023081906",0,4.6,92,6.5,307,11.4,83.219,2.304,13.785,,,,,,,,,,0.1,,,,0,1,834.41,,,,,,
"417","TOBY HUB","2023081907",0,9,80,9.9,330,17.7,83.086,2.689,15.522,,,,,,,,,,0.1,,,,0,1,834.2,,,,,,
"417","TOBY HUB","2023081908",0,11.5,68,8.8,312,21.2,83.133,2.559,14.948,,,,,,,,,,-0.3,,,,0,1,834.19,,,,,,
"417","TOBY HUB","2023081909",0,14.9,57,7.6,6,17.2,83.393,2.491,14.643,,,,,,,,,,-0.5,,,,0,1,834.12,,,,,,
"417","TOBY HUB","2023081910",0,16.5,53,10.3,28,16.6,83.764,2.997,16.846,,,,,,,,,,-0.6,,,,0,1,834.13,,,,,,
"417","TOBY HUB","2023081911",0,18.9,42,7.9,352,17.7,84.418,2.898,16.428,,,,,,,,,,-0.5,,,,0,1,834.14,,,,,,
"417","TOBY HUB","2023081912",0,21.4,32,9.3,340,19.5,85.43,3.573,19.184,0,94.048,12.132,44.132,161.45,693.256,204.081,4,,-0.5,,,,0,1,834.11,,,,,,
"417","TOBY HUB","2023081913",0,22.6,26,7.7,323,14.9,86.548,3.856,20.32,,,,,,,,,,-0.4,,,,0,1,834.11,,,,,,
"417","TOBY HUB","2023081914",0,24.1,19,5.3,275,14.9,87.806,4.088,21.192,,,,,,,,,,-0.5,,,,0,1,834.11,,,,,,
"417","TOBY HUB","2023081915",0,22.7,23,6.1,125,10.8,88.658,4.809,23.782,,,,,,,,,,-0.3,,,,0,1,834.24,,,,,,
"417","TOBY HUB","2023081916",0,23,22,5.2,60,9.7,89.42,5.127,24.872,,,,,,,,,,-0.3,,,,0,1,834.24,,,,,,
"417","TOBY HUB","2023081917",0,20.3,30,9.5,138,16.6,89.726,6.653,29.747,,,,,,,,,,-0.2,,,,0,1,834.42,,,,,,
"417","TOBY HUB","2023081918",0,18.6,33,3.2,175,14.3,89.837,4.921,24.17,,,,,,,,,,-0.1,,,,0,1,834.44,,,,,,
"417","TOBY HUB","2023081919",0,16.1,48,4.9,148,13.1,89.759,5.302,25.46,,,,,,,,,,-0.1,,,,0,1,834.48,,,,,,
"417","TOBY HUB","2023081920",0,12.8,55,4.4,251,8.5,89.532,5.004,24.454,,,,,,,,,,-0.1,,,,0,1,834.53,,,,,,
"417","TOBY HUB","2023081921",0,11.1,53,6.9,254,9.7,89.333,5.516,26.168,,,,,,,,,,-0.2,,,,0,1,834.54,,,,,,
"417","TOBY HUB","2023081922",0,9.7,56,5.7,264,10.2,89.099,5.021,24.513,,,,,,,,,,-0.2,,,,0,1,834.51,,,,,,
"417","TOBY HUB","2023081923",0,9.4,56,4.1,231,7.9,88.898,4.5,22.695,,,,,,,,,,-0.1,,,,0,1,834.44,,,,,,
"418","FLATHEAD 2","2023081900",0,3.8,98,2.6,350,5.1,43.396,0.072,0.259,,,,,,,,,,,,,,,,,,,,,,
"418","FLATHEAD 2","2023081901",0,3.3,98,4.5,304,6.8,43.55,0.082,0.292,,,,,,,,,,,,,,,,,,,,,,
"418","FLATHEAD 2","2023081902",0,2.9,98,2.8,292,6.2,43.686,0.077,0.274,,,,,,,,,,,,,,,,,,,,,,
"418","FLATHEAD 2","2023081903",0,2.6,98,3.1,296,6.8,43.824,0.08,0.285,,,,,,,,,,,,,,,,,,,,,,
"418","FLATHEAD 2","2023081904",0,2.2,98,3.9,310,6.2,43.967,0.085,0.304,,,,,,,,,,,,,,,,,,,,,,
"418","FLATHEAD 2","2023081905",0,2,98,3.9,320,9.7,44.108,0.087,0.311,,,,,,,,,,,,,,,,,,,,,,
"418","FLATHEAD 2","2023081906",0,2.8,98,4.7,322,7.9,44.259,0.093,0.331,,,,,,,,,,,,,,,,,,,,,,
"418","FLATHEAD 2","2023081907",0,4.6,99,1.7,331,6.2,44.34,0.081,0.289,,,,,,,,,,,,,,,,,,,,,,
"418","FLATHEAD 2","2023081908",0,7.3,91,2.5,356,6.8,44.883,0.092,0.327,,,,,,,,,,,,,,,,,,,,,,
"418","FLATHEAD 2","2023081909",0,11.5,65,4,15,9.7,46.909,0.134,0.477,,,,,,,,,,,,,,,,,,,,,,
"418","FLATHEAD 2","2023081910",0,13.5,56,5.9,21,11.4,49.548,0.209,0.746,,,,,,,,,,,,,,,,,,,,,,
"418","FLATHEAD 2","2023081911",0,15.9,45,2.3,55,12,52.336,0.241,0.86,,,,,,,,,,,,,,,,,,,,,,
"418","FLATHEAD 2","2023081912",0,17.5,44,5,16,14.9,55.509,0.376,2.052,3.2,72.441,0.876,5,84.629,558.08,122.73,2,,,,,,,,,,,,,,
"418","FLATHEAD 2","2023081913",0,19.4,36,7.1,29,17.7,59.217,0.556,3.011,,,,,,,,,,,,,,,,,,,,,,
"418","FLATHEAD 2","2023081914",0.2,20.2,37,8,38,25.2,60.026,0.614,3.39,,,,,,,,,,,,,,,,,,,,,,
"418","FLATHEAD 2","2023081915",0,17,40,9.2,65,27.5,63.058,0.77,4.374,,,,,,,,,,,,,,,,,,,,,,
"418","FLATHEAD 2","2023081916",0,15.3,46,11.2,14,28.7,65.549,0.947,5.41,,,,,,,,,,,,,,,,,,,,,,
"418","FLATHEAD 2","2023081917",0,15.4,48,8.6,357,31.6,67.661,0.895,5.113,,,,,,,,,,,,,,,,,,,,,,
"418","FLATHEAD 2","2023081918",0,12.9,54,7.7,351,19.5,69.205,0.899,5.135,,,,,,,,,,,,,,,,,,,,,,
"418","FLATHEAD 2","2023081919",0,11,61,5.4,345,15.4,70.273,0.828,4.722,,,,,,,,,,,,,,,,,,,,,,
"418","FLATHEAD 2","2023081920",0,9.6,66,5.4,329,13.7,71.103,0.852,4.858,,,,,,,,,,,,,,,,,,,,,,
"418","FLATHEAD 2","2023081921",0,8.1,73,4.4,331,10.8,71.665,0.826,4.706,,,,,,,,,,,,,,,,,,,,,,
"418","FLATHEAD 2","2023081922",0,6.8,80,3.5,347,11.4,72.016,0.799,4.548,,,,,,,,,,,,,,,,,,,,,,
"418","FLATHEAD 2","2023081923",0,6.2,80,2.6,27,9.7,72.328,0.773,4.389,,,,,,,,,,,,,,,,,,,,,,
"419","JOHNSON LAKE","2023081900",0,11.8,57,15.3,15,33.3,91.023,10.727,41.74,,,,,,,,,,,,,,,,,,,,,,
"419","JOHNSON LAKE","2023081901",0,11.1,61,20.4,12,37.3,90.384,12.662,46.396,,,,,,,,,,,,,,,,,,,,,,
"419","JOHNSON LAKE","2023081902",0,10.4,64,19.3,17,37.9,89.761,10.957,42.31,,,,,,,,,,,,,,,,,,,,,,
"419","JOHNSON LAKE","2023081903",0,9.8,67,15.3,22,34.4,89.174,8.233,35.134,,,,,,,,,,,,,,,,,,,,,,
"419","JOHNSON LAKE","2023081904",0,9.2,70,15.1,18,28.7,88.587,7.491,33.003,,,,,,,,,,,,,,,,,,,,,,
"419","JOHNSON LAKE","2023081905",0,8.2,75,5.8,359,25.2,88.046,4.339,22.685,,,,,,,,,,,,,,,,,,,,,,
"419","JOHNSON LAKE","2023081906",0,7.7,77,4.8,9,9.1,87.528,3.831,20.756,,,,,,,,,,,,,,,,,,,,,,
"419","JOHNSON LAKE","2023081907",0,9.6,70,9.3,24,17.2,87.175,4.569,23.53,,,,,,,,,,,,,,,,,,,,,,
"419","JOHNSON LAKE","2023081908",0,10.4,67,16.4,12,29.2,86.895,6.28,29.313,,,,,,,,,,,,,,,,,,,,,,
"419","JOHNSON LAKE","2023081909",0,12.3,59,12,357,32.7,86.853,5.001,25.066,,,,,,,,,,,,,,,,,,,,,,
"419","JOHNSON LAKE","2023081910",0,13.9,51,13.5,29,25.8,86.901,5.431,26.54,,,,,,,,,,,,,,,,,,,,,,
"419","JOHNSON LAKE","2023081911",0,15.8,41,12.1,357,21.2,87.119,5.22,25.825,,,,,,,,,,,,,,,,,,,,,,
"419","JOHNSON LAKE","2023081912",0,18.6,35,6.2,95,20.6,87.514,4.103,21.801,0,92.64,8.527,35.958,301.807,844.52,318.794,4,,,,,,,,,,,,,,
"419","JOHNSON LAKE","2023081913",0,17.8,38,9.4,185,15.4,87.775,5.004,25.079,,,,,,,,,,,,,,,,,,,,,,
"419","JOHNSON LAKE","2023081914",0,18,35,5.8,203,14.9,88.068,4.352,22.739,,,,,,,,,,,,,,,,,,,,,,
"419","JOHNSON LAKE","2023081915",0,19.4,32,4.6,112,9.1,88.437,4.32,22.618,,,,,,,,,,,,,,,,,,,,,,
"419","JOHNSON LAKE","2023081916",0,19.8,29,4,83,9.1,88.85,4.447,23.088,,,,,,,,,,,,,,,,,,,,,,
"419","JOHNSON LAKE","2023081917",0,19.8,25,3,86,6.2,89.316,4.521,23.357,,,,,,,,,,,,,,,,,,,,,,
"419","JOHNSON LAKE","2023081918",0,17.7,32,2.7,289,5.1,89.477,4.557,23.488,,,,,,,,,,,,,,,,,,,,,,
"419","JOHNSON LAKE","2023081919",0,13.4,45,6.3,36,7.4,89.449,5.442,26.58,,,,,,,,,,,,,,,,,,,,,,
"419","JOHNSON LAKE","2023081920",0,10.5,56,3.1,78,7.9,89.233,4.49,23.245,,,,,,,,,,,,,,,,,,,,,,
"419","JOHNSON LAKE","2023081921",0,8.7,62,3.2,110,5.1,88.928,4.319,22.616,,,,,,,,,,,,,,,,,,,,,,
"419","JOHNSON LAKE","2023081922",0,7.4,65,3.1,116,5.6,88.598,4.099,21.788,,,,,,,,,,,,,,,,,,,,,,
"419","JOHNSON LAKE","2023081923",0,6.2,72,4.9,34,8.5,88.143,4.204,22.187,,,,,,,,,,,,,,,,,,,,,,
"421","DEWAR CREEK","2023081900",0,8.7,42,4.6,82,6.8,92.489,7.7,23.333,,,,,,,,,,,,,,,,,,,,,,
"421","DEWAR CREEK","2023081901",0,8.5,44,4.8,74,6.8,92.203,7.471,22.841,,,,,,,,,,,,,,,,,,,,,,
"421","DEWAR CREEK","2023081902",0,7.6,49,4.6,24,7.9,91.855,7.042,21.9,,,,,,,,,,,,,,,,,,,,,,
"421","DEWAR CREEK","2023081903",0,6.9,52,4.2,63,8.5,91.49,6.553,20.8,,,,,,,,,,,,,,,,,,,,,,
"421","DEWAR CREEK","2023081904",0,6.1,54,3.9,65,6.8,91.126,6.129,19.819,,,,,,,,,,,,,,,,,,,,,,
"421","DEWAR CREEK","2023081905",0,5.7,56,4.7,78,6.2,90.746,6.045,19.621,,,,,,,,,,,,,,,,,,,,,,
"421","DEWAR CREEK","2023081906",0,5.9,58,3.2,136,6.2,90.386,5.323,17.875,,,,,,,,,,,,,,,,,,,,,,
"421","DEWAR CREEK","2023081907",0,5.8,64,3,86,5.6,89.958,4.957,16.952,,,,,,,,,,,,,,,,,,,,,,
"421","DEWAR CREEK","2023081908",0,6.7,63,0,151,4.5,89.686,4.099,14.676,,,,,,,,,,,,,,,,,,,,,,
"421","DEWAR CREEK","2023081909",0,9.1,58,3.7,232,5.6,89.404,4.743,16.4,,,,,,,,,,,,,,,,,,,,,,
"421","DEWAR CREEK","2023081910",0,10.4,56,2.8,269,5.1,89.195,4.399,15.491,,,,,,,,,,,,,,,,,,,,,,
"421","DEWAR CREEK","2023081911",0,11.6,56,3.1,227,7.4,89.007,4.347,15.352,,,,,,,,,,,,,,,,,,,,,,
"421","DEWAR CREEK","2023081912",0,13.6,46,5.4,198,10.2,89.01,4.883,16.762,0,90.984,6.478,20.92,52.672,433.356,80.794,3,,,,,,,,,,,,,,
"421","DEWAR CREEK","2023081913",0,13.6,43,5.1,186,11.4,89.059,4.844,16.905,,,,,,,,,,,,,,,,,,,,,,
"421","DEWAR CREEK","2023081914",0,14.2,45,2.8,274,7.9,89.084,4.329,15.533,,,,,,,,,,,,,,,,,,,,,,
"421","DEWAR CREEK","2023081915",0,15.8,36,4.7,196,9.7,89.145,4.806,16.806,,,,,,,,,,,,,,,,,,,,,,
"421","DEWAR CREEK","2023081916",0,15.9,41,3.5,213,9.7,89.194,4.556,16.145,,,,,,,,,,,,,,,,,,,,,,
"421","DEWAR CREEK","2023081917",0,14.6,40,2.7,189,9.1,89.243,4.407,15.744,,,,,,,,,,,,,,,,,,,,,,
"421","DEWAR CREEK","2023081918",0,11.2,61,4.4,79,5.6,88.946,4.6,16.264,,,,,,,,,,,,,,,,,,,,,,
"421","DEWAR CREEK","2023081919",0,9.1,60,6.8,77,7.4,88.665,4.987,17.277,,,,,,,,,,,,,,,,,,,,,,
"421","DEWAR CREEK","2023081920",0,8.2,64,5.1,75,7.9,88.351,4.376,15.659,,,,,,,,,,,,,,,,,,,,,,
"421","DEWAR CREEK","2023081921",0,7.7,64,5.1,71,6.8,88.064,4.199,15.176,,,,,,,,,,,,,,,,,,,,,,
"421","DEWAR CREEK","2023081922",0,7.2,69,4,87,6.8,87.725,3.784,14.008,,,,,,,,,,,,,,,,,,,,,,
"421","DEWAR CREEK","2023081923",0,6.8,71,5.5,77,6.2,87.361,3.875,14.266,,,,,,,,,,,,,,,,,,,,,,
"425","EMILY CREEK","2023081900",0,4,79,6.2,358,9.7,89.191,5.217,24.941,,,,,,,,,,,,,,,,,,,,,,
"425","EMILY CREEK","2023081901",0,3.3,84,0,17,8.5,88.639,3.527,18.856,,,,,,,,,,,,,,,,,,,,,,
"425","EMILY CREEK","2023081902",0,2.2,90,3.1,354,7.4,87.783,3.647,19.324,,,,,,,,,,,,,,,,,,,,,,
"425","EMILY CREEK","2023081903",0,1.5,95,6.4,353,9.1,86.696,3.688,19.484,,,,,,,,,,,,,,,,,,,,,,
"425","EMILY CREEK","2023081904",0,0.9,96,4.8,343,7.4,85.708,2.961,16.563,,,,,,,,,,,,,,,,,,,,,,
"425","EMILY CREEK","2023081905",0,0.7,97,5.4,334,6.8,84.738,2.669,15.312,,,,,,,,,,,,,,,,,,,,,,
"425","EMILY CREEK","2023081906",0,1.8,92,1.8,18,5.6,84.171,2.062,12.524,,,,,,,,,,,,,,,,,,,,,,
"425","EMILY CREEK","2023081907",0,6,76,3.2,213,6.2,84.041,2.174,13.063,,,,,,,,,,,,,,,,,,,,,,
"425","EMILY CREEK","2023081908",0,9.6,59,1.7,201,6.8,84.095,2.031,12.374,,,,,,,,,,,,,,,,,,,,,,
"425","EMILY CREEK","2023081909",0,13,53,4,165,9.1,84.278,2.337,13.821,,,,,,,,,,,,,,,,,,,,,,
"425","EMILY CREEK","2023081910",0,14.8,49,7.9,71,13.1,84.577,2.961,16.564,,,,,,,,,,,,,,,,,,,,,,
"425","EMILY CREEK","2023081911",0,16.4,48,10,72,17.7,84.92,3.45,18.554,,,,,,,,,,,,,,,,,,,,,,
"425","EMILY CREEK","2023081912",0,17.9,40,13,80,22.3,85.493,4.344,21.919,0,91.721,10.549,40.068,165.562,580.592,193.312,4,,,,,,,,,,,,,,
"425","EMILY CREEK","2023081913",0,18.9,32,12.4,62,26.4,86.266,4.696,23.211,,,,,,,,,,,,,,,,,,,,,,
"425","EMILY CREEK","2023081914",0,18.6,32,14.6,65,25.8,86.936,5.768,26.79,,,,,,,,,,,,,,,,,,,,,,
"425","EMILY CREEK","2023081915",0,19,33,14.3,61,25.2,87.491,6.15,27.994,,,,,,,,,,,,,,,,,,,,,,
"425","EMILY CREEK","2023081916",0,18.5,31,5.8,69,22.9,87.942,4.274,21.713,,,,,,,,,,,,,,,,,,,,,,
"425","EMILY CREEK","2023081917",0,17.1,37,6.8,67,12,88.146,4.629,22.976,,,,,,,,,,,,,,,,,,,,,,
"425","EMILY CREEK","2023081918",0,16.4,39,4,64,8.5,88.257,4.084,21.017,,,,,,,,,,,,,,,,,,,,,,
"425","EMILY CREEK","2023081919",0,11.9,54,6.8,3,8.5,88.171,4.645,23.035,,,,,,,,,,,,,,,,,,,,,,
"425","EMILY CREEK","2023081920",0,8.4,60,5.7,333,7.4,87.967,4.268,21.69,,,,,,,,,,,,,,,,,,,,,,
"425","EMILY CREEK","2023081921",0,7,65,4.1,7,7.9,87.705,3.793,19.923,,,,,,,,,,,,,,,,,,,,,,
"425","EMILY CREEK","2023081922",0,6.2,69,3.2,4,7.9,87.406,3.473,18.684,,,,,,,,,,,,,,,,,,,,,,
"425","EMILY CREEK","2023081923",0,5.1,77,3,344,6.2,86.987,3.239,17.746,,,,,,,,,,,,,,,,,,,,,,
"426","CRANBROOK","2023081900",0,8.5,63,7.1,21,15.4,92.079,8.244,34.069,,,,,,,,,,,,,,,1,,,1,,,,
"426","CRANBROOK","2023081901",0,9.5,59,11.4,356,15.4,91.453,9.369,37.064,,,,,,,,,,,,,,,1,,,1,,,,
"426","CRANBROOK","2023081902",0,8.7,66,8.9,358,18.9,90.774,7.499,31.986,,,,,,,,,,,,,,,1,,,1,,,,
"426","CRANBROOK","2023081903",0,6,72,4.9,298,10.8,90.121,5.584,26.175,,,,,,,,,,,,,,,1,,,1,,,,
"426","CRANBROOK","2023081904",0,5.3,76,4.9,272,9.1,89.447,5.07,24.474,,,,,,,,,,,,,,,1,,,1,,,,
"426","CRANBROOK","2023081905",0,5.7,76,5.9,317,8.5,88.814,4.868,23.789,,,,,,,,,,,,,,,1,,,1,,,,
"426","CRANBROOK","2023081906",0,4.9,82,1.9,281,7.4,88.19,3.639,19.315,,,,,,,,,,,,,,,1,,,1,,,,
"426","CRANBROOK","2023081907",0,7.8,68,5,21,9.1,87.846,4.05,20.871,,,,,,,,,,,,,,,1,,,1,,,,
"426","CRANBROOK","2023081908",0,9.9,61,5.2,21,14.3,87.667,3.987,20.639,,,,,,,,,,,,,,,1,,,1,,,,
"426","CRANBROOK","2023081909",0,12.2,53,5.1,291,7.9,87.662,3.964,20.552,,,,,,,,,,,,,,,1,,,1,,,,
"426","CRANBROOK","2023081910",0,13.8,49,4.1,155,9.1,87.711,3.796,19.917,,,,,,,,,,,,,,,1,,,1,,,,
"426","CRANBROOK","2023081911",0,15.4,43,5.8,3,11.4,87.772,4.172,21.32,,,,,,,,,,,,,,,1,,,1,,,,
"426","CRANBROOK","2023081912",0,15.5,44,8.1,45,13.7,87.821,4.717,23.266,0,91.39,7.863,33.071,139.173,807.787,194.549,4,,,,,,,1,,,1,,,,
"426","CRANBROOK","2023081913",0,16.6,40,7.5,350,13.1,87.959,4.668,23.137,,,,,,,,,,,,,,,1,,,1,,,,
"426","CRANBROOK","2023081914",0,18,35,8,53,14.3,88.241,4.985,24.23,,,,,,,,,,,,,,,1,,,1,,,,
"426","CRANBROOK","2023081915",0,18.5,34,7.1,0,12,88.524,4.961,24.149,,,,,,,,,,,,,,,1,,,1,,,,
"426","CRANBROOK","2023081916",0,18.3,34,6.5,41,11.4,88.762,4.981,24.216,,,,,,,,,,,,,,,1,,,1,,,,
"426","CRANBROOK","2023081917",0,17.8,37,4.8,79,10.2,88.879,4.649,23.07,,,,,,,,,,,,,,,1,,,1,,,,
"426","CRANBROOK","2023081918",0,16,42,1.7,2,6.2,88.928,4.005,20.743,,,,,,,,,,,,,,,1,,,1,,,,
"426","CRANBROOK","2023081919",0,13,49,0,5,5.6,88.914,3.669,19.467,,,,,,,,,,,,,,,1,,,1,,,,
"426","CRANBROOK","2023081920",0,10.5,57,5,224,6.2,88.711,4.584,22.843,,,,,,,,,,,,,,,1,,,1,,,,
"426","CRANBROOK","2023081921",0,7.4,69,5.2,242,8.5,88.298,4.364,22.058,,,,,,,,,,,,,,,1,,,1,,,,
"426","CRANBROOK","2023081922",0,9,61,10.6,268,13.7,88.037,5.519,26.008,,,,,,,,,,,,,,,1,,,1,,,,
"426","CRANBROOK","2023081923",0,8.1,63,8.4,268,13.1,87.773,4.756,23.444,,,,,,,,,,,,,,,1,,,1,,,,
"427","NASS CAMP","2023081900",0,12.8,79,5.8,211,18.4,85.322,2.951,3.672,,,,,,,,,,,,,,,,,,,,3132.4,,
"427","NASS CAMP","2023081901",0,12.9,78,7.3,215,24.3,85.052,3.066,3.835,,,,,,,,,,,,,,,,,,,,3132.4,,
"427","NASS CAMP","2023081902",0,11.9,85,5.5,210,18.9,84.594,2.63,3.208,,,,,,,,,,,,,,,,,,,,3132.4,,
"427","NASS CAMP","2023081903",0,12.1,83,6.2,216,19.1,84.256,2.603,3.167,,,,,,,,,,,,,,,,,,,,3132.4,,
"427","NASS CAMP","2023081904",0,9.9,94,6,241,12,83.442,2.313,2.728,,,,,,,,,,,,,,,,,,,,3132.4,,
"427","NASS CAMP","2023081905",0,8.2,99,0,41,9.9,82.671,1.549,1.404,,,,,,,,,,,,,,,,,,,,3132.4,,
"427","NASS CAMP","2023081906",0,7,100,0,26,4.4,81.917,1.411,0.999,,,,,,,,,,,,,,,,,,,,3132.4,,
"427","NASS CAMP","2023081907",0,6.7,100,0,357,3.5,81.228,1.301,0.921,,,,,,,,,,,,,,,,,,,,3132.4,,
"427","NASS CAMP","2023081908",0,8.1,100,0.2,9,3,80.525,1.215,0.86,,,,,,,,,,,,,,,,,,,,3132.4,,
"427","NASS CAMP","2023081909",0,10.5,98,0.7,22,3.5,79.97,1.174,0.832,,,,,,,,,,,,,,,,,,,,3132.4,,
"427","NASS CAMP","2023081910",0,16.3,70,2.5,41,6.7,80.24,1.323,0.937,,,,,,,,,,,,,,,,,,,,3132.4,,
"427","NASS CAMP","2023081911",0,19,60,3.1,210,8.4,80.757,1.442,1.139,,,,,,,,,,,,,,,,,,,,3132.4,,
"427","NASS CAMP","2023081912",0,20.7,56,3.1,129,14,81.373,1.547,1.399,0,86.285,2.947,4.281,9.006,319.724,16.827,2,,,,,,,,,,,,3132.4,,
"427","NASS CAMP","2023081913",0,22.9,47,5.9,213,14,82.328,1.998,2.704,,,,,,,,,,,,,,,,,,,,3132.4,,
"427","NASS CAMP","2023081914",0,24.2,43,7.1,230,16.2,83.384,2.426,3.443,,,,,,,,,,,,,,,,,,,,3132.4,,
"427","NASS CAMP","2023081915",0,25.3,43,7.3,231,16.8,84.356,2.788,4.032,,,,,,,,,,,,,,,,,,,,3132.4,,
"427","NASS CAMP","2023081916",0,25.6,41,7.3,210,18,85.268,3.159,4.608,,,,,,,,,,,,,,,,,,,,3132.4,,
"427","NASS CAMP","2023081917",0,25.8,45,5.9,196,18.4,85.9,3.214,4.693,,,,,,,,,,,,,,,,,,,,3132.4,,
"427","NASS CAMP","2023081918",0,23.5,45,8.5,218,21.1,86.376,3.919,5.726,,,,,,,,,,,,,,,,,,,,3132.4,,
"427","NASS CAMP","2023081919",0,20.7,56,5.7,192,19.8,86.43,3.429,5.015,,,,,,,,,,,,,,,,,,,,3132.4,,
"427","NASS CAMP","2023081920",0,17.8,65,6.9,198,18.7,86.418,3.636,5.32,,,,,,,,,,,,,,,,,,,,3132.4,,
"427","NASS CAMP","2023081921",0,16.7,67,7.7,199,16.6,86.34,3.744,5.477,,,,,,,,,,,,,,,,,,,,3132.4,,
"427","NASS CAMP","2023081922",0,15.6,72,8.8,197,16.7,86.127,3.841,5.615,,,,,,,,,,,,,,,,,,,,3132.4,,
"427","NASS CAMP","2023081923",0,14.6,74,7.7,196,14.7,85.882,3.511,5.136,,,,,,,,,,,,,,,,,,,,3132.4,,
"428","KISPIOX HUB","2023081900",0,10,87,2,269,9.1,88.38,3.759,18.124,,,,,,,,,,,,,,,,,,,,,,
"428","KISPIOX HUB","2023081901",0,8.5,93,0,347,3.9,87.521,3.005,15.323,,,,,,,,,,,,,,,,,,,,,,
"428","KISPIOX HUB","2023081902",0,7.7,97,1.6,302,5.1,86.341,2.754,14.333,,,,,,,,,,,,,,,,,,,,,,
"428","KISPIOX HUB","2023081903",0,6.9,100,3,39,5.1,84.992,2.448,13.076,,,,,,,,,,,,,,,,,,,,,,
"428","KISPIOX HUB","2023081904",0,5.9,100,1.8,274,3.3,83.872,1.981,11.032,,,,,,,,,,,,,,,,,,,,,,
"428","KISPIOX HUB","2023081905",0,4.8,100,0,26,5.1,83.065,1.628,9.369,,,,,,,,,,,,,,,,,,,,,,
"428","KISPIOX HUB","2023081906",0,4.6,100,0,158,4.5,82.322,1.483,8.646,,,,,,,,,,,,,,,,,,,,,,
"428","KISPIOX HUB","2023081907",0,6.8,100,0,43,0,81.599,1.359,8.009,,,,,,,,,,,,,,,,,,,,,,
"428","KISPIOX HUB","2023081908",0,12.7,75,1.6,116,2.8,81.652,1.482,8.642,,,,,,,,,,,,,,,,,,,,,,
"428","KISPIOX HUB","2023081909",0,16,64,2,233,5.6,81.892,1.556,9.014,,,,,,,,,,,,,,,,,,,,,,
"428","KISPIOX HUB","2023081910",0,17.6,56,5.3,110,9.7,82.34,1.941,10.849,,,,,,,,,,,,,,,,,,,,,,
"428","KISPIOX HUB","2023081911",0,19.8,51,5.4,117,14.3,82.928,2.1,11.57,,,,,,,,,,,,,,,,,,,,,,
"428","KISPIOX HUB","2023081912",0,22.2,44,5.7,128,10.2,83.738,2.369,12.738,0,90.314,5.977,25.463,96.445,645.524,140.435,5,,,,,,,,,,,,,,
"428","KISPIOX HUB","2023081913",0,23.9,40,6.9,325,13.1,84.673,2.853,14.857,,,,,,,,,,,,,,,,,,,,,,
"428","KISPIOX HUB","2023081914",0,25.1,33,6.2,111,18.3,85.764,3.202,16.22,,,,,,,,,,,,,,,,,,,,,,
"428","KISPIOX HUB","2023081915",0,27,25,7.9,247,14.3,87.169,4.255,20.01,,,,,,,,,,,,,,,,,,,,,,
"428","KISPIOX HUB","2023081916",0,26.7,25,8,185,16,88.314,5.037,22.583,,,,,,,,,,,,,,,,,,,,,,
"428","KISPIOX HUB","2023081917",0,26.6,23,7.1,194,13.1,89.322,5.563,24.221,,,,,,,,,,,,,,,,,,,,,,
"428","KISPIOX HUB","2023081918",0,26.3,29,8.4,249,14.3,89.912,6.465,26.883,,,,,,,,,,,,,,,,,,,,,,
"428","KISPIOX HUB","2023081919",0,23.8,46,4.6,281,11.4,89.961,5.376,23.645,,,,,,,,,,,,,,,,,,,,,,
"428","KISPIOX HUB","2023081920",0,17,67,3,111,5.6,89.493,4.637,21.291,,,,,,,,,,,,,,,,,,,,,,
"428","KISPIOX HUB","2023081921",0,14,77,2.4,303,4.5,88.839,4.096,19.466,,,,,,,,,,,,,,,,,,,,,,
"428","KISPIOX HUB","2023081922",0,11.8,84,2,292,4.5,88.07,3.595,17.685,,,,,,,,,,,,,,,,,,,,,,
"428","KISPIOX HUB","2023081923",0,11,89,1.8,304,8.5,87.203,3.144,15.997,,,,,,,,,,,,,,,,,,,,,,
"429","CEDARVALE","2023081900",0,10.8,73,1.9,272,6,88.825,3.986,11.818,,,,,,,,,,-188.5,,,,,,,,,,1635.4,,
"429","CEDARVALE","2023081901",0,9.4,80,0,241,3.6,88.332,3.375,10.315,,,,,,,,,,-197.1,,,,,,,,,,1635.4,,
"429","CEDARVALE","2023081902",0,8.2,86,0,277,0,87.736,3.099,9.603,,,,,,,,,,-220.7,,,,,,,,,,1635.4,,
"429","CEDARVALE","2023081903",0,7.7,87,0,257,2.1,87.163,2.855,8.955,,,,,,,,,,-242.5,,,,,,,,,,1635.4,,
"429","CEDARVALE","2023081904",0,6.9,92,0,273,0,86.473,2.589,8.225,,,,,,,,,,-243.3,,,,,,,,,,1635.4,,
"429","CEDARVALE","2023081905",0,6.3,94,0,279,0,85.762,2.342,7.526,,,,,,,,,,-229.3,,,,,,,,,,1635.4,,
"429","CEDARVALE","2023081906",0,6.1,94,0,285,0,85.109,2.139,6.93,,,,,,,,,,-217.8,,,,,,,,,,1635.4,,
"429","CEDARVALE","2023081907",0,10.9,81,0,92,0,84.883,2.074,6.735,,,,,,,,,,-212.6,,,,,,,,,,1635.4,,
"429","CEDARVALE","2023081908",0,14.3,66,3.3,95,6.6,84.931,2.465,7.877,,,,,,,,,,-253.7,,,,,,,,,,1635.4,,
"429","CEDARVALE","2023081909",0,16.5,58,4,134,7.8,85.023,2.586,8.218,,,,,,,,,,-306.1,,,,,,,,,,1635.4,,
"429","CEDARVALE","2023081910",0,18.8,50,8.3,115,11.6,85.327,3.35,10.25,,,,,,,,,,-323.5,,,,,,,,,,1635.4,,
"429","CEDARVALE","2023081911",0,21.4,40,8.9,101,14.2,85.951,3.766,11.286,,,,,,,,,,-234.1,,,,,,,,,,1635.4,,
"429","CEDARVALE","2023081912",0,23.7,35,7.7,100,14.1,86.733,3.959,11.753,0,92.248,8.702,22.289,36.222,478.954,60.925,4,,-247.5,,,,,,,,,,1635.4,,
"429","CEDARVALE","2023081913",0,25.9,29,3.9,44,14.8,87.646,3.723,11.745,,,,,,,,,,-287.5,,,,,,,,,,1635.4,,
"429","CEDARVALE","2023081914",0,27.8,25,5.9,278,12.8,88.732,4.812,14.379,,,,,,,,,,-351.6,,,,,,,,,,1635.4,,
"429","CEDARVALE","2023081915",0,28.1,24,7.1,239,16.9,89.714,5.885,16.759,,,,,,,,,,-317.8,,,,,,,,,,1635.4,,
"429","CEDARVALE","2023081916",0,28.4,21,8,253,16.4,90.685,7.076,19.206,,,,,,,,,,-316.7,,,,,,,,,,1635.4,,
"429","CEDARVALE","2023081917",0,28,21,8.1,244,18,91.451,7.932,20.861,,,,,,,,,,-286.3,,,,,,,,,,1635.4,,
"429","CEDARVALE","2023081918",0,26.5,31,6.2,269,14,91.592,7.353,19.75,,,,,,,,,,-308.9,,,,,,,,,,1635.4,,
"429","CEDARVALE","2023081919",0,20.3,46,2.4,282,12.8,91.44,5.942,16.88,,,,,,,,,,-242.7,,,,,,,,,,1635.4,,
"429","CEDARVALE","2023081920",0,18.1,48,5.2,282,10.4,91.213,6.625,18.3,,,,,,,,,,-258.1,,,,,,,,,,1635.4,,
"429","CEDARVALE","2023081921",0,15.7,59,2.2,296,10.6,90.805,5.374,15.65,,,,,,,,,,-226.6,,,,,,,,,,1635.4,,
"429","CEDARVALE","2023081922",0,13.5,66,1.2,23,5.6,90.322,4.769,14.282,,,,,,,,,,-243.4,,,,,,,,,,1635.4,,
"429","CEDARVALE","2023081923",0,12.1,72,0.9,258,3.6,89.775,4.344,13.278,,,,,,,,,,-205.7,,,,,,,,,,1635.4,,
"431","UPPER KISPIOX","2023081900",0,10.1,83,1.1,69,6,87.298,3.076,5.318,,,,,,,,,,,,,,,,,,,,2849.6,,
"431","UPPER KISPIOX","2023081901",0,9.2,88,3.1,141,7,86.536,3.053,5.278,,,,,,,,,,,,,,,,,,,,2849.6,,
"431","UPPER KISPIOX","2023081902",0,7.7,94,1.2,54,6.8,85.663,2.454,4.207,,,,,,,,,,,,,,,,,,,,2849.6,,
"431","UPPER KISPIOX","2023081903",0,6.3,98,0.6,245,4.1,84.701,2.085,3.504,,,,,,,,,,,,,,,,,,,,2849.6,,
"431","UPPER KISPIOX","2023081904",0,5.3,100,1.2,327,4.4,83.661,1.869,3.073,,,,,,,,,,,,,,,,,,,,2849.6,,
"431","UPPER KISPIOX","2023081905",0,4.4,100,1.6,303,3,82.713,1.688,2.697,,,,,,,,,,,,,,,,,,,,2849.6,,
"431","UPPER KISPIOX","2023081906",0,4.1,100,0,259,3,82.005,1.426,2.124,,,,,,,,,,,,,,,,,,,,2849.6,,
"431","UPPER KISPIOX","2023081907",0,7.5,98,0,300,0,81.424,1.331,1.901,,,,,,,,,,,,,,,,,,,,2849.6,,
"431","UPPER KISPIOX","2023081908",0,13.3,73,1,167,4,81.511,1.414,2.096,,,,,,,,,,,,,,,,,,,,2849.6,,
"431","UPPER KISPIOX","2023081909",0,16.5,59,3.4,132,6.9,81.878,1.667,2.653,,,,,,,,,,,,,,,,,,,,2849.6,,
"431","UPPER KISPIOX","2023081910",0,18.4,54,2.8,343,7.7,82.351,1.713,2.752,,,,,,,,,,,,,,,,,,,,2849.6,,
"431","UPPER KISPIOX","2023081911",0,19.7,50,3.2,81,11,82.915,1.877,3.089,,,,,,,,,,,,,,,,,,,,2849.6,,
"431","UPPER KISPIOX","2023081912",0,21.3,45,5.6,90,12.6,83.655,2.331,3.977,0,89.396,5.213,9.583,14.373,390.673,26.325,3,,,,,,,,,,,,2849.6,,
"431","UPPER KISPIOX","2023081913",0,23.1,42,5.1,175,12.4,84.46,2.531,4.918,,,,,,,,,,,,,,,,,,,,2849.6,,
"431","UPPER KISPIOX","2023081914",0,24.4,38,6.3,230,12.2,85.372,3.047,5.912,,,,,,,,,,,,,,,,,,,,2849.6,,
"431","UPPER KISPIOX","2023081915",0,25.7,33,4.9,223,15,86.361,3.261,6.308,,,,,,,,,,,,,,,,,,,,2849.6,,
"431","UPPER KISPIOX","2023081916",0,25.5,33,5.5,158,14.3,87.203,3.789,7.247,,,,,,,,,,,,,,,,,,,,2849.6,,
"431","UPPER KISPIOX","2023081917",0,25.5,33,5.8,267,14.1,87.921,4.262,8.053,,,,,,,,,,,,,,,,,,,,2849.6,,
"431","UPPER KISPIOX","2023081918",0,24.5,34,6.1,277,14.6,88.454,4.67,8.723,,,,,,,,,,,,,,,,,,,,2849.6,,
"431","UPPER KISPIOX","2023081919",0,20.5,42,4.6,278,13,88.552,4.392,8.268,,,,,,,,,,,,,,,,,,,,2849.6,,
"431","UPPER KISPIOX","2023081920",0,15.9,63,2.8,12,9.2,88.331,3.885,7.415,,,,,,,,,,,,,,,,,,,,2849.6,,
"431","UPPER KISPIOX","2023081921",0,13,76,2.7,157,4.8,87.83,3.598,6.913,,,,,,,,,,,,,,,,,,,,2849.6,,
"431","UPPER KISPIOX","2023081922",0,11.7,85,1.7,123,7.5,87.145,3.102,6.015,,,,,,,,,,,,,,,,,,,,2849.6,,
"431","UPPER KISPIOX","2023081923",0,10.2,91,1.2,200,5.4,86.323,2.692,5.235,,,,,,,,,,,,,,,,,,,,2849.6,,
"432","BELL-IRVING","2023081900",0,6.7,100,0,116,0,81.5,1.343,1.323,,,,,,,,,,,,,,,,,,,,717.2,,
"432","BELL-IRVING","2023081901",0,5.5,100,0,173,0,80.86,1.248,0.995,,,,,,,,,,,,,,,,,,,,717.2,,
"432","BELL-IRVING","2023081902",0,5,100,0,144,6.3,80.275,1.171,0.934,,,,,,,,,,,,,,,,,,,,717.2,,
"432","BELL-IRVING","2023081903",0,4.2,100,0.7,141,3.3,79.665,1.138,0.908,,,,,,,,,,,,,,,,,,,,717.2,,
"432","BELL-IRVING","2023081904",0,3.6,100,0,90,3,79.181,1.048,0.836,,,,,,,,,,,,,,,,,,,,717.2,,
"432","BELL-IRVING","2023081905",0,3,100,0,105,2.8,78.735,1.005,0.801,,,,,,,,,,,,,,,,,,,,717.2,,
"432","BELL-IRVING","2023081906",0,2.7,100,0,117,0,78.321,0.968,0.772,,,,,,,,,,,,,,,,,,,,717.2,,
"432","BELL-IRVING","2023081907",0,3.5,100,0,51,0,77.93,0.937,0.747,,,,,,,,,,,,,,,,,,,,717.2,,
"432","BELL-IRVING","2023081908",0,8,100,0,35,0,77.542,0.908,0.724,,,,,,,,,,,,,,,,,,,,717.2,,
"432","BELL-IRVING","2023081909",0,12.9,78,0.5,285,3.6,77.724,0.944,0.753,,,,,,,,,,,,,,,,,,,,717.2,,
"432","BELL-IRVING","2023081910",0,15.6,65,3.4,306,9.5,78.244,1.142,0.91,,,,,,,,,,,,,,,,,,,,717.2,,
"432","BELL-IRVING","2023081911",0,19,54,2.1,15,7.6,79.035,1.149,0.916,,,,,,,,,,,,,,,,,,,,717.2,,
"432","BELL-IRVING","2023081912",0,21.1,51,3.3,180,8.6,79.97,1.339,1.312,0,87.26,3.419,5.556,11.196,228.731,19.95,2,,,,,,,,,,,,717.2,,
"432","BELL-IRVING","2023081913",0,22.5,46,2.2,188,14.3,80.965,1.411,1.891,,,,,,,,,,,,,,,,,,,,717.2,,
"432","BELL-IRVING","2023081914",0,23.7,40,5.3,308,11.1,82.22,1.913,2.93,,,,,,,,,,,,,,,,,,,,717.2,,
"432","BELL-IRVING","2023081915",0,24.6,37,2,247,12.3,83.329,1.863,2.834,,,,,,,,,,,,,,,,,,,,717.2,,
"432","BELL-IRVING","2023081916",0,21.7,42,0.5,150,6.5,83.955,1.876,2.858,,,,,,,,,,,,,,,,,,,,717.2,,
"432","BELL-IRVING","2023081917",0,24.7,40,0,344,2.4,84.601,1.995,3.089,,,,,,,,,,,,,,,,,,,,717.2,,
"432","BELL-IRVING","2023081918",0,22,51,0.7,33,12.8,84.928,2.161,3.402,,,,,,,,,,,,,,,,,,,,717.2,,
"432","BELL-IRVING","2023081919",0,18,69,0,32,10.1,84.976,2.1,3.288,,,,,,,,,,,,,,,,,,,,717.2,,
"432","BELL-IRVING","2023081920",0,13.4,88,0,141,0,84.565,1.986,3.071,,,,,,,,,,,,,,,,,,,,717.2,,
"432","BELL-IRVING","2023081921",0,10.9,94,0,23,0,83.951,1.828,2.765,,,,,,,,,,,,,,,,,,,,717.2,,
"432","BELL-IRVING","2023081922",0,9.3,99,0,313,0,83.117,1.639,2.382,,,,,,,,,,,,,,,,,,,,717.2,,
"432","BELL-IRVING","2023081923",0,8.5,100,0,154,0,82.299,1.478,2.041,,,,,,,,,,,,,,,,,,,,717.2,,
"433","CRANBERRY","2023081900",0,12.1,72,2.8,352,17,86.487,2.987,4.003,,,,,,,,,,,,,,,,,,,,2832.4,,
"433","CRANBERRY","2023081901",0,11.2,77,5.2,156,18.7,86.121,3.201,4.316,,,,,,,,,,,,,,,,,,,,2832.4,,
"433","CRANBERRY","2023081902",0,10.4,81,7.4,186,13.3,85.657,3.351,4.531,,,,,,,,,,,,,,,,,,,,2832.4,,
"433","CRANBERRY","2023081903",0,9.8,84,6.5,219,16.1,85.157,2.988,4.004,,,,,,,,,,,,,,,,,,,,2832.4,,
"433","CRANBERRY","2023081904",0,9.3,85,8.9,182,18.3,84.652,3.146,4.237,,,,,,,,,,,,,,,,,,,,2832.4,,
"433","CRANBERRY","2023081905",0,8.5,88,5.9,177,14,84.121,2.518,3.29,,,,,,,,,,,,,,,,,,,,2832.4,,
"433","CRANBERRY","2023081906",0,8.6,88,5.9,159,10.5,83.647,2.364,3.046,,,,,,,,,,,,,,,,,,,,2832.4,,
"433","CRANBERRY","2023081907",0,9.1,87,1.4,165,7.9,83.324,1.807,2.105,,,,,,,,,,,,,,,,,,,,2832.4,,
"433","CRANBERRY","2023081908",0,11.4,80,0,345,5.4,83.263,1.67,1.853,,,,,,,,,,,,,,,,,,,,2832.4,,
"433","CRANBERRY","2023081909",0,12.9,76,4.3,167,9.1,83.291,2.082,2.584,,,,,,,,,,,,,,,,,,,,2832.4,,
"433","CRANBERRY","2023081910",0,15.5,63,3.7,279,8.6,83.428,2.056,2.54,,,,,,,,,,,,,,,,,,,,2832.4,,
"433","CRANBERRY","2023081911",0,17.7,55,6.1,301,9.7,83.755,2.423,3.14,,,,,,,,,,,,,,,,,,,,2832.4,,
"433","CRANBERRY","2023081912",0,20.2,49,5.7,287,13.9,84.252,2.537,3.319,0,87.168,3.807,5.939,10.181,294.694,18.743,2,,,,,,,,,,,,2832.4,,
"433","CRANBERRY","2023081913",0,21.4,47,3.9,194,12.4,84.755,2.48,3.811,,,,,,,,,,,,,,,,,,,,2832.4,,
"433","CRANBERRY","2023081914",0,22.8,39,6.1,180,16.6,85.51,3.075,4.802,,,,,,,,,,,,,,,,,,,,2832.4,,
"433","CRANBERRY","2023081915",0,23.7,39,6.1,261,18.1,86.202,3.388,5.297,,,,,,,,,,,,,,,,,,,,2832.4,,
"433","CRANBERRY","2023081916",0,24.1,33,9.1,235,20,87.057,4.449,6.876,,,,,,,,,,,,,,,,,,,,2832.4,,
"433","CRANBERRY","2023081917",0,23.6,34,10.5,227,22.4,87.733,5.257,7.995,,,,,,,,,,,,,,,,,,,,2832.4,,
"433","CRANBERRY","2023081918",0,22.9,37,9.4,235,19.5,88.163,5.29,8.039,,,,,,,,,,,,,,,,,,,,2832.4,,
"433","CRANBERRY","2023081919",0,20.2,47,11.5,224,22.1,88.212,5.921,8.869,,,,,,,,,,,,,,,,,,,,2832.4,,
"433","CRANBERRY","2023081920",0,17.8,55,9.3,221,25.5,88.192,5.285,8.032,,,,,,,,,,,,,,,,,,,,2832.4,,
"433","CRANBERRY","2023081921",0,16.8,58,10.6,219,26.3,88.088,5.559,8.397,,,,,,,,,,,,,,,,,,,,2832.4,,
"433","CRANBERRY","2023081922",0,16,62,9.1,243,27.4,87.899,5.017,7.669,,,,,,,,,,,,,,,,,,,,2832.4,,
"433","CRANBERRY","2023081923",0,13.9,71,3.8,307,16.6,87.55,3.654,5.708,,,,,,,,,,,,,,,,,,,,2832.4,,
"437","NOEL","2023081900",0,7.4,73,10.3,224,17.2,48.104,0.216,0.325,,,,,,,,,,9.8,,,,,,,,2,782.317,,,
"437","NOEL","2023081901",0,6.9,74,11.5,224,14.9,49.773,0.285,0.428,,,,,,,,,,-22.4,,,,,,,,2,782.319,,,
"437","NOEL","2023081902",0,6.2,77,11.9,223,16,51.23,0.345,0.519,,,,,,,,,,17.8,,,,,,,,2,782.803,,,
"437","NOEL","2023081903",0,6.3,75,12.4,220,17.2,52.741,0.418,0.628,,,,,,,,,,-11.7,,,,,,,,2,782.326,,,
"437","NOEL","2023081904",0,6,75,12.6,222,17.2,54.185,0.488,0.733,,,,,,,,,,-107.8,,,,,,,,2,782.823,,,
"437","NOEL","2023081905",0,6.3,74,10.9,223,17.2,55.573,0.509,0.764,,,,,,,,,,-64.6,,,,,,,,2,782.316,,,
"437","NOEL","2023081906",0,7.1,71,12.2,224,15.4,57.099,0.617,0.926,,,,,,,,,,-32.9,,,,,,,,2,781.322,,,
"437","NOEL","2023081907",0,8.9,64,10.2,228,14.9,58.828,0.634,0.952,,,,,,,,,,-12.3,,,,,,,,2,782.218,,,
"437","NOEL","2023081908",0,11.4,61,12.4,226,18.9,60.828,0.804,1.714,,,,,,,,,,-71.2,,,,,,,,2,781.341,,,
"437","NOEL","2023081909",0,13.9,53,13.3,251,20.6,63.213,0.954,2.265,,,,,,,,,,-81.4,,,,,,,,2,781.811,,,
"437","NOEL","2023081910",0,15.8,44,8.9,256,21.8,65.698,0.849,1.885,,,,,,,,,,-39.7,,,,,,,,2,782.293,,,
"437","NOEL","2023081911",0,17.4,41,10.9,207,18.9,68.329,1.027,2.518,,,,,,,,,,-98.2,,,,,,,,2,782.31,,,
"437","NOEL","2023081912",0,18.8,37,8,162,23.5,70.847,0.962,2.295,1,75.43,1.175,3.244,26.917,432.547,46.587,3,,-135.4,,,,,,,,2,781.305,,,
"437","NOEL","2023081913",0,19.2,34,6.4,298,21.8,73.169,0.968,2.531,,,,,,,,,,-60,,,,,,,,2,780.823,,,
"437","NOEL","2023081914",0,20.2,36,7.2,226,19.5,75.309,1.12,3.061,,,,,,,,,,-84.1,,,,,,,,2,780.799,,,
"437","NOEL","2023081915",0,20.6,33,6.3,248,18.9,77.304,1.224,3.406,,,,,,,,,,-50.1,,,,,,,,2,781.269,,,
"437","NOEL","2023081916",0,19.8,35,4.2,270,18.3,78.848,1.255,3.507,,,,,,,,,,-27.1,,,,,,,,2,779.784,,,
"437","NOEL","2023081917",0,20.1,34,8.3,213,18.9,80.424,1.807,5.196,,,,,,,,,,-53.8,,,,,,,,2,780.429,,,
"437","NOEL","2023081918",0,19.2,36,8,225,18.9,81.674,2.051,5.886,,,,,,,,,,-28.7,,,,,,,,2,781.288,,,
"437","NOEL","2023081919",0,16.6,44,7.9,217,13.1,82.422,2.235,6.387,,,,,,,,,,-21.9,,,,,,,,2,782.284,,,
"437","NOEL","2023081920",0,14,49,7.1,233,11.4,82.877,2.273,6.489,,,,,,,,,,-32.9,,,,,,,,2,782.765,,,
"437","NOEL","2023081921",0,12.2,60,7.5,229,10.2,83.054,2.372,6.753,,,,,,,,,,-12.8,,,,,,,,2,782.801,,,
"437","NOEL","2023081922",0,12.6,53,9.9,229,13.7,83.354,2.783,7.806,,,,,,,,,,-2.1,,,,,,,,2,782.314,,,
"437","NOEL","2023081923",0,12.2,54,9.5,219,12.5,83.596,2.816,7.886,,,,,,,,,,-13.2,,,,,,,,2,781.813,,,
"438","ELK MOUNTAIN","2023081900",0,6.6,100,2.2,107,3.3,68.912,0.675,0.534,,,,,,,,,0,0,,0,0,0,0,0,,0,0,,0,
"438","ELK MOUNTAIN","2023081901",0,5.8,100,2.9,151,4.5,68.954,0.7,0.554,,,,,,,,,0,0,,0,0,0,0,0,,0,0,,0,
"438","ELK MOUNTAIN","2023081902",0,6.1,100,1.9,109,4.5,68.996,0.667,0.527,,,,,,,,,0,0,,0,0,0,0,0,,0,0,,0,
"438","ELK MOUNTAIN","2023081903",0,6.7,100,1.7,328,3.3,69.038,0.661,0.523,,,,,,,,,0,0,,0,0,0,0,0,,0,0,,0,
"438","ELK MOUNTAIN","2023081904",0,6.5,100,2.6,335,4.5,69.08,0.693,0.548,,,,,,,,,0,0,,0,0,0,0,0,,0,0,,0,
"438","ELK MOUNTAIN","2023081905",0,5.8,100,2.1,323,3.9,69.122,0.676,0.535,,,,,,,,,0,0,,0,0,0,0,0,,0,0,,0,
"438","ELK MOUNTAIN","2023081906",0,6.1,100,1.9,108,3.9,69.164,0.67,0.53,,,,,,,,,0,0,,0,0,0,0,0,,0,0,,0,
"438","ELK MOUNTAIN","2023081907",0,6.6,100,2.1,40,3.9,69.206,0.678,0.536,,,,,,,,,0,0,,0,0,0,0,0,,0,0,,0,
"438","ELK MOUNTAIN","2023081908",0.2,9,99,2.2,69,5.6,65.628,0.604,0.477,,,,,,,,,0,0,,0,0,0,0,0,,0,0,,0,
"438","ELK MOUNTAIN","2023081909",0,13.2,89,3.3,240,6.2,66.029,0.648,0.512,,,,,,,,,0,0,,0,0,0,0,0,,0,0,,0,
"438","ELK MOUNTAIN","2023081910",0,19.2,54,6.4,322,14.3,68.109,0.813,0.643,,,,,,,,,0,0,,0,0,0,0,0,,0,0,,0,
"438","ELK MOUNTAIN","2023081911",0,21.3,40,13.7,333,23.5,71.089,1.293,1.143,,,,,,,,,0,0,,0,0,0,0,0,,0,0,,0,
"438","ELK MOUNTAIN","2023081912",0,22.4,39,12.9,329,27.5,73.839,1.384,1.395,0.2,86.839,5.223,8.137,13.788,84.042,19.556,2,0,0,,0,0,0,0,0,,0,0,,0,
"438","ELK MOUNTAIN","2023081913",0,22.7,32,13.8,319,24.6,76.581,1.694,2.452,,,,,,,,,0,0,,0,0,0,0,0,,0,0,,0,
"438","ELK MOUNTAIN","2023081914",0,24,32,11.1,329,24.1,78.975,1.797,2.659,,,,,,,,,0,0,,0,0,0,0,0,,0,0,,0,
"438","ELK MOUNTAIN","2023081915",0,24.1,30,10.6,319,25.2,81.092,2.186,3.396,,,,,,,,,0,0,,0,0,0,0,0,,0,0,,0,
"438","ELK MOUNTAIN","2023081916",0,24.4,32,10.9,322,26.4,82.843,2.741,4.377,,,,,,,,,0,0,,0,0,0,0,0,,0,0,,0,
"438","ELK MOUNTAIN","2023081917",0,23.5,33,8.5,332,20,84.161,2.886,4.621,,,,,,,,,0,0,,0,0,0,0,0,,0,0,,0,
"438","ELK MOUNTAIN","2023081918",0,22.1,50,5.3,359,16.6,84.645,2.622,4.173,,,,,,,,,0,0,,0,0,0,0,0,,0,0,,0,
"438","ELK MOUNTAIN","2023081919",0,16,87,2,353,9.1,84.212,2.094,3.227,,,,,,,,,0,0,,0,0,0,0,0,,0,0,,0,
"438","ELK MOUNTAIN","2023081920",0,11.7,96,1.6,35,3.9,83.364,1.834,2.731,,,,,,,,,0,0,,0,0,0,0,0,,0,0,,0,
"438","ELK MOUNTAIN","2023081921",0,9.4,98,1.9,23,5.6,82.482,1.665,2.392,,,,,,,,,0,0,,0,0,0,0,0,,0,0,,0,
"438","ELK MOUNTAIN","2023081922",0,7.6,99,3.1,20,4.5,81.601,1.589,2.236,,,,,,,,,0,0,,0,0,0,0,0,,0,0,,0,
"438","ELK MOUNTAIN","2023081923",0,6.9,100,2.7,14,4.5,80.752,1.413,1.855,,,,,,,,,0,0,,0,0,0,0,0,,0,0,,0,
"440","FIRESIDE","2023081900",0,9.3,80,5.9,238,12,79.45,1.448,2.082,,,,,,,,,,,,,,,,,,,,452.4,,
"440","FIRESIDE","2023081901",0,6.1,95,1,134,9.7,79.176,1.101,1.179,,,,,,,,,,,,,,,,,,,,452.4,,
"440","FIRESIDE","2023081902",0,5,97,1.6,223,6.1,78.807,1.096,1.16,,,,,,,,,,,,,,,,,,,,452.4,,
"440","FIRESIDE","2023081903",0,3.8,97,2.3,203,3.9,78.459,1.101,1.176,,,,,,,,,,,,,,,,,,,,452.4,,
"440","FIRESIDE","2023081904",0,3,98,2.3,188,3.9,78.085,1.065,0.997,,,,,,,,,,,,,,,,,,,,452.4,,
"440","FIRESIDE","2023081905",0,2.3,98,3.2,207,3.9,77.73,1.082,1.1,,,,,,,,,,,,,,,,,,,,452.4,,
"440","FIRESIDE","2023081906",0,3.1,98,2.8,224,5.5,77.407,1.034,0.968,,,,,,,,,,,,,,,,,,,,452.4,,
"440","FIRESIDE","2023081907",0,7.3,98,2.4,184,6.7,77.115,0.991,0.928,,,,,,,,,,,,,,,,,,,,452.4,,
"440","FIRESIDE","2023081908",0,12.4,71,3,65,6.6,77.476,1.05,0.983,,,,,,,,,,,,,,,,,,,,452.4,,
"440","FIRESIDE","2023081909",0,15.1,61,2.9,222,8.6,78.066,1.096,1.16,,,,,,,,,,,,,,,,,,,,452.4,,
"440","FIRESIDE","2023081910",0,17.2,53,3.6,169,10,78.88,1.221,1.538,,,,,,,,,,,,,,,,,,,,452.4,,
"440","FIRESIDE","2023081911",0,19.1,47,7,287,16.4,79.955,1.611,2.437,,,,,,,,,,,,,,,,,,,,452.4,,
"440","FIRESIDE","2023081912",0,19.9,38,9.1,285,18.3,81.272,2.069,3.36,0,87.277,4.59,8.447,14.119,335.416,25.549,3,,,,,,,,,,,,452.4,,
"440","FIRESIDE","2023081913",0,21.2,33,11.5,281,24,82.726,2.784,5.308,,,,,,,,,,,,,,,,,,,,452.4,,
"440","FIRESIDE","2023081914",0,21,32,9.8,272,27.3,83.962,3,5.714,,,,,,,,,,,,,,,,,,,,452.4,,
"440","FIRESIDE","2023081915",0,21.9,31,8.5,280,22.6,85.087,3.273,6.213,,,,,,,,,,,,,,,,,,,,452.4,,
"440","FIRESIDE","2023081916",0,22,31,5.4,266,19.8,85.995,3.177,6.038,,,,,,,,,,,,,,,,,,,,452.4,,
"440","FIRESIDE","2023081917",0,20,41,4.8,223,13.2,86.406,3.266,6.199,,,,,,,,,,,,,,,,,,,,452.4,,
"440","FIRESIDE","2023081918",0,17.8,67,2,171,10.2,86.365,2.82,5.376,,,,,,,,,,,,,,,,,,,,452.4,,
"440","FIRESIDE","2023081919",0,14.3,81,3,210,3.9,85.933,2.79,5.32,,,,,,,,,,,,,,,,,,,,452.4,,
"440","FIRESIDE","2023081920",0,9.9,93,3.7,208,4,85.044,2.554,4.866,,,,,,,,,,,,,,,,,,,,452.4,,
"440","FIRESIDE","2023081921",0,7.6,96,4.4,216,5.3,84.081,2.322,4.404,,,,,,,,,,,,,,,,,,,,452.4,,
"440","FIRESIDE","2023081922",0,6.1,97,3.9,216,5.6,83.192,2.014,3.769,,,,,,,,,,,,,,,,,,,,452.4,,
"440","FIRESIDE","2023081923",0,5.3,98,3.3,213,4.9,82.352,1.757,3.213,,,,,,,,,,,,,,,,,,,,452.4,,
"444","KETCHIKA","2023081900",0,9.5,77,5.8,144,17.2,79.743,1.483,7.15,,,,,,,,,0,0,,0,0,0,0,0,,0,0,,0,
"444","KETCHIKA","2023081901",0,9.6,74,6.4,131,16,79.892,1.553,7.451,,,,,,,,,0,0,,0,0,0,0,0,,0,0,,0,
"444","KETCHIKA","2023081902",0,8.6,78,5.8,136,17.2,79.967,1.518,7.301,,,,,,,,,0,0,,0,0,0,0,0,,0,0,,0,
"444","KETCHIKA","2023081903",0,8.5,79,6.5,136,18.3,80.025,1.582,7.578,,,,,,,,,0,0,,0,0,0,0,0,,0,0,,0,
"444","KETCHIKA","2023081904",0,8.2,81,7.1,135,16.6,80.071,1.638,7.819,,,,,,,,,0,0,,0,0,0,0,0,,0,0,,0,
"444","KETCHIKA","2023081905",0,7.5,83,5.6,149,16,80.117,1.527,7.338,,,,,,,,,0,0,,0,0,0,0,0,,0,0,,0,
"444","KETCHIKA","2023081906",0,7.9,80,7.8,148,14.3,80.163,1.714,8.136,,,,,,,,,0,0,,0,0,0,0,0,,0,0,,0,
"444","KETCHIKA","2023081907",0,8.5,83,6.5,153,17.7,80.209,1.613,7.71,,,,,,,,,0,0,,0,0,0,0,0,,0,0,,0,
"444","KETCHIKA","2023081908",0,9.9,80,6.4,146,13.1,80.255,1.613,7.709,,,,,,,,,0,0,,0,0,0,0,0,,0,0,,0,
"444","KETCHIKA","2023081909",0,13,69,5.4,146,13.7,80.493,1.573,7.54,,,,,,,,,0,0,,0,0,0,0,0,,0,0,,0,
"444","KETCHIKA","2023081910",0,17.6,50,5.9,146,14.3,81.224,1.751,8.291,,,,,,,,,0,0,,0,0,0,0,0,,0,0,,0,
"444","KETCHIKA","2023081911",0,19.5,46,6.3,157,19.5,82.068,1.974,9.198,,,,,,,,,0,0,,0,0,0,0,0,,0,0,,0,
"444","KETCHIKA","2023081912",0,22.8,35,5.8,149,13.1,83.304,2.249,10.266,0,89.027,4.995,19.561,59.49,872.324,101.65,4,0,0,,0,0,0,0,0,,0,0,,0,
"444","KETCHIKA","2023081913",0,22.2,35,5.5,153,16,84.333,2.539,11.658,,,,,,,,,0,0,,0,0,0,0,0,,0,0,,0,
"444","KETCHIKA","2023081914",0,22.3,36,4.9,155,13.7,85.187,2.768,12.493,,,,,,,,,0,0,,0,0,0,0,0,,0,0,,0,
"444","KETCHIKA","2023081915",0,22.8,34,4.7,147,14.3,86.01,3.073,13.566,,,,,,,,,0,0,,0,0,0,0,0,,0,0,,0,
"444","KETCHIKA","2023081916",0,23.2,32,6.1,155,14.3,86.832,3.704,15.665,,,,,,,,,0,0,,0,0,0,0,0,,0,0,,0,
"444","KETCHIKA","2023081917",0,23.1,31,4.5,152,11.4,87.536,3.777,15.899,,,,,,,,,0,0,,0,0,0,0,0,,0,0,,0,
"444","KETCHIKA","2023081918",0,21.4,39,4.8,152,10.8,87.85,4.011,16.635,,,,,,,,,0,0,,0,0,0,0,0,,0,0,,0,
"444","KETCHIKA","2023081919",0,18.3,51,2.6,128,9.1,87.899,3.615,15.379,,,,,,,,,0,0,,0,0,0,0,0,,0,0,,0,
"444","KETCHIKA","2023081920",0,14.1,60,4.7,85,7.9,87.774,3.948,16.438,,,,,,,,,0,0,,0,0,0,0,0,,0,0,,0,
"444","KETCHIKA","2023081921",0,12.1,64,4.3,139,10.2,87.57,3.758,15.838,,,,,,,,,0,0,,0,0,0,0,0,,0,0,,0,
"444","KETCHIKA","2023081922",0,12,61,6.4,117,16.6,87.429,4.094,16.893,,,,,,,,,0,0,,0,0,0,0,0,,0,0,,0,
"444","KETCHIKA","2023081923",0,11.7,63,5.9,136,21.8,87.265,3.9,16.287,,,,,,,,,0,0,,0,0,0,0,0,,0,0,,0,
"445","BOYA LAKE","2023081900",0,7.1,96,1.6,232,7.2,48.35,0.144,0.225,,,,,,,,,,,,,,,,,,,,3884.2,,
"445","BOYA LAKE","2023081901",0,5.9,97,2.5,253,7,48.532,0.155,0.241,,,,,,,,,,,,,,,,,,,,3884.2,,
"445","BOYA LAKE","2023081902",0,4.9,98,0.7,234,5,48.637,0.143,0.224,,,,,,,,,,,,,,,,,,,,3884.2,,
"445","BOYA LAKE","2023081903",0,4.8,99,1.7,235,6.6,48.714,0.152,0.237,,,,,,,,,,,,,,,,,,,,3884.2,,
"445","BOYA LAKE","2023081904",0,3.7,99,2.1,218,6.5,48.791,0.157,0.245,,,,,,,,,,,,,,,,,,,,3884.2,,
"445","BOYA LAKE","2023081905",0,3.3,99,1.3,172,6.8,48.863,0.152,0.237,,,,,,,,,,,,,,,,,,,,3884.2,,
"445","BOYA LAKE","2023081906",0.2,3.7,99,3.5,197,7,46.577,0.124,0.194,,,,,,,,,,,,,,,,,,,,3884.4,,
"445","BOYA LAKE","2023081907",0,7.1,97,4.1,187,9.9,46.798,0.132,0.206,,,,,,,,,,,,,,,,,,,,3884.4,,
"445","BOYA LAKE","2023081908",0,12.1,73,6.2,146,11.9,48.638,0.189,0.295,,,,,,,,,,,,,,,,,,,,3884.4,,
"445","BOYA LAKE","2023081909",0,15.2,63,4.7,163,12.7,50.976,0.233,0.365,,,,,,,,,,,,,,,,,,,,3884.4,,
"445","BOYA LAKE","2023081910",0,17.3,54,7.5,119,14,54.028,0.372,0.581,,,,,,,,,,,,,,,,,,,,3884.4,,
"445","BOYA LAKE","2023081911",0,17.2,58,5.1,96,12.2,56.523,0.412,0.643,,,,,,,,,,,,,,,,,,,,3884.4,,
"445","BOYA LAKE","2023081912",0,20.6,43,7.2,114,15.7,60.04,0.59,0.921,2.2,76.726,1.227,3.232,23.962,603.742,43.599,3,,,,,,,,,,,,3884.4,,
"445","BOYA LAKE","2023081913",0,19.1,41,2.3,119,13.5,62.69,0.534,0.816,,,,,,,,,,,,,,,,,,,,3884.4,,
"445","BOYA LAKE","2023081914",0,23.2,30,10.4,240,20.1,66.803,0.952,2.316,,,,,,,,,,,,,,,,,,,,3884.4,,
"445","BOYA LAKE","2023081915",0,21.4,32,8.2,252,20.8,69.976,0.945,2.289,,,,,,,,,,,,,,,,,,,,3884.4,,
"445","BOYA LAKE","2023081916",0,23.3,28,7.2,249,20.6,73.126,1.006,2.502,,,,,,,,,,,,,,,,,,,,3884.4,,
"445","BOYA LAKE","2023081917",0,22.7,28,8.9,234,20.8,75.913,1.266,3.355,,,,,,,,,,,,,,,,,,,,3884.4,,
"445","BOYA LAKE","2023081918",0,20.2,36,4,227,23.1,77.593,1.115,2.868,,,,,,,,,,,,,,,,,,,,3884.4,,
"445","BOYA LAKE","2023081919",0,18.5,38,0,116,10.6,78.566,0.99,2.446,,,,,,,,,,,,,,,,,,,,3884.4,,
"445","BOYA LAKE","2023081920",0,14.8,57,4.4,263,6.9,79.183,1.308,3.487,,,,,,,,,,,,,,,,,,,,3884.4,,
"445","BOYA LAKE","2023081921",0,11.2,69,3.4,278,10.6,79.441,1.275,3.384,,,,,,,,,,,,,,,,,,,,3884.4,,
"445","BOYA LAKE","2023081922",0,9.9,71,4.3,260,9.7,79.643,1.362,3.652,,,,,,,,,,,,,,,,,,,,3884.4,,
"445","BOYA LAKE","2023081923",0,8.9,75,3,249,7.8,79.762,1.291,3.433,,,,,,,,,,,,,,,,,,,,3884.4,,
"474","FROTH-WIND","2023081900",0,,0,5.8,14,23.5,,,,,,,,,,,,,,,,,,,,,,,,,
"474","FROTH-WIND","2023081901",0,,0,9.2,50,18.9,,,,,,,,,,,,,,,,,,,,,,,,,
"474","FROTH-WIND","2023081902",0,,0,6.6,36,12.5,,,,,,,,,,,,,,,,,,,,,,,,,
"474","FROTH-WIND","2023081903",0,,0,5.1,70,16,,,,,,,,,,,,,,,,,,,,,,,,,
"474","FROTH-WIND","2023081904",0,,0,6.4,71,8.5,,,,,,,,,,,,,,,,,,,,,,,,,
"474","FROTH-WIND","2023081905",0,,0,1.8,111,9.7,,,,,,,,,,,,,,,,,,,,,,,,,
"474","FROTH-WIND","2023081906",0,,0,4.4,23,9.1,,,,,,,,,,,,,,,,,,,,,,,,,
"474","FROTH-WIND","2023081907",0,,0,6.9,26,11.4,,,,,,,,,,,,,,,,,,,,,,,,,
"474","FROTH-WIND","2023081908",0,,0,4.2,349,17.2,,,,,,,,,,,,,,,,,,,,,,,,,
"474","FROTH-WIND","2023081909",0,,0,6.3,336,24.1,,,,,,,,,,,,,,,,,,,,,,,,,
"474","FROTH-WIND","2023081910",0,,0,6.8,0,12.5,,,,,,,,,,,,,,,,,,,,,,,,,
"474","FROTH-WIND","2023081911",0,,0,7.3,352,14.9,,,,,,,,,,,,,,,,,,,,,,,,,
"474","FROTH-WIND","2023081912",0,,0,7.5,13,20,,,,0,,,,,,,,,,,,,,,,,,,,,
"474","FROTH-WIND","2023081913",0,,0,14.4,340,29.8,,,,,,,,,,,,,,,,,,,,,,,,,
"474","FROTH-WIND","2023081914",0,,0,11,6,25.2,,,,,,,,,,,,,,,,,,,,,,,,,
"474","FROTH-WIND","2023081915",0,,0,12.5,23,28.7,,,,,,,,,,,,,,,,,,,,,,,,,
"474","FROTH-WIND","2023081916",0,,0,15.2,341,28.7,,,,,,,,,,,,,,,,,,,,,,,,,
"474","FROTH-WIND","2023081917",0,,0,9.7,343,25.2,,,,,,,,,,,,,,,,,,,,,,,,,
"474","FROTH-WIND","2023081918",0,,0,12.7,349,26.9,,,,,,,,,,,,,,,,,,,,,,,,,
"474","FROTH-WIND","2023081919",0,,0,5.7,10,22.9,,,,,,,,,,,,,,,,,,,,,,,,,
"474","FROTH-WIND","2023081920",0,,0,16.7,57,21.8,,,,,,,,,,,,,,,,,,,,,,,,,
"474","FROTH-WIND","2023081921",0,,0,16.3,51,21.2,,,,,,,,,,,,,,,,,,,,,,,,,
"474","FROTH-WIND","2023081922",0,,0,16.5,64,29.8,,,,,,,,,,,,,,,,,,,,,,,,,
"474","FROTH-WIND","2023081923",0,,0,16.2,77,24.1,,,,,,,,,,,,,,,,,,,,,,,,,
"480","SILVERSTAR SF","2023081900",0,4.6,66,1.6,335,8.5,,,,,,,,,,,,,,,,,,,,,,,,,
"480","SILVERSTAR SF","2023081901",0,3.9,69,0,328,13.1,,,,,,,,,,,,,,,,,,,,,,,,,
"480","SILVERSTAR SF","2023081902",0,3.4,71,0,327,6.8,,,,,,,,,,,,,,,,,,,,,,,,,
"480","SILVERSTAR SF","2023081903",0,2.7,73,0,311,0,,,,,,,,,,,,,,,,,,,,,,,,,
"480","SILVERSTAR SF","2023081904",0,1.7,77,0,317,0,,,,,,,,,,,,,,,,,,,,,,,,,
"480","SILVERSTAR SF","2023081905",0,1.9,79,0,315,0,,,,,,,,,,,,,,,,,,,,,,,,,
"480","SILVERSTAR SF","2023081906",0,2.9,77,0,329,0,,,,,,,,,,,,,,,,,,,,,,,,,
"480","SILVERSTAR SF","2023081907",0,4.9,70,0,335,0,,,,,,,,,,,,,,,,,,,,,,,,,
"480","SILVERSTAR SF","2023081908",0,6.8,64,1.6,345,5.1,,,,,,,,,,,,,,,,,,,,,,,,,
"480","SILVERSTAR SF","2023081909",0,10.3,51,0,326,0,,,,,,,,,,,,,,,,,,,,,,,,,
"480","SILVERSTAR SF","2023081910",0,11.1,51,0,301,0,,,,,,,,,,,,,,,,,,,,,,,,,
"480","SILVERSTAR SF","2023081911",0,12.2,38,1.6,79,2.2,,,,,,,,,,,,,,,,,,,,,,,,,
"480","SILVERSTAR SF","2023081912",0,13.7,38,0,155,11.4,,,,0,,,,,,,,,,,,,,,,,,,,,
"480","SILVERSTAR SF","2023081913",0,13.6,37,0,156,0,,,,,,,,,,,,,,,,,,,,,,,,,
"480","SILVERSTAR SF","2023081914",0,13.7,38,0,175,3.9,,,,,,,,,,,,,,,,,,,,,,,,,
"480","SILVERSTAR SF","2023081915",0,14.2,35,1.6,101,9.7,,,,,,,,,,,,,,,,,,,,,,,,,
"480","SILVERSTAR SF","2023081916",0,13.9,37,0,37,2.8,,,,,,,,,,,,,,,,,,,,,,,,,
"480","SILVERSTAR SF","2023081917",0,13.8,34,1.6,16,2.8,,,,,,,,,,,,,,,,,,,,,,,,,
"480","SILVERSTAR SF","2023081918",0,11.7,45,0,342,3.9,,,,,,,,,,,,,,,,,,,,,,,,,
"480","SILVERSTAR SF","2023081919",0,8.6,55,0,351,2.2,,,,,,,,,,,,,,,,,,,,,,,,,
"480","SILVERSTAR SF","2023081920",0,7.5,58,0,5,0,,,,,,,,,,,,,,,,,,,,,,,,,
"480","SILVERSTAR SF","2023081921",0,8.3,54,0,20,3.9,,,,,,,,,,,,,,,,,,,,,,,,,
"480","SILVERSTAR SF","2023081922",0,7.8,54,0,8,0,,,,,,,,,,,,,,,,,,,,,,,,,
"480","SILVERSTAR SF","2023081923",0,7.3,54,0,14,0,,,,,,,,,,,,,,,,,,,,,,,,,
"503","BAKER","2023081900",0,,0,16.9,19,33.9,,,,,,,,,,,,,,,,,,,,,,,,,
"503","BAKER","2023081901",0,,0,21.4,359,28.7,,,,,,,,,,,,,,,,,,,,,,,,,
"503","BAKER","2023081902",0,,0,17.1,356,27.5,,,,,,,,,,,,,,,,,,,,,,,,,
"503","BAKER","2023081903",0,,0,16.6,18,22.9,,,,,,,,,,,,,,,,,,,,,,,,,
"503","BAKER","2023081904",0,,0,12.9,15,20,,,,,,,,,,,,,,,,,,,,,,,,,
"503","BAKER","2023081905",0,,0,10.4,20,16.6,,,,,,,,,,,,,,,,,,,,,,,,,
"503","BAKER","2023081906",0,,0,4,57,12.5,,,,,,,,,,,,,,,,,,,,,,,,,
"503","BAKER","2023081907",0,,0,9,95,13.7,,,,,,,,,,,,,,,,,,,,,,,,,
"503","BAKER","2023081908",0,,0,8.8,91,13.1,,,,,,,,,,,,,,,,,,,,,,,,,
"503","BAKER","2023081909",0,,0,10.1,71,14.3,,,,,,,,,,,,,,,,,,,,,,,,,
"503","BAKER","2023081910",0,,0,16.3,107,26.9,,,,,,,,,,,,,,,,,,,,,,,,,
"503","BAKER","2023081911",0,,0,15,104,25.2,,,,,,,,,,,,,,,,,,,,,,,,,
"503","BAKER","2023081912",0,,0,8.6,116,18.9,,,,0,,,,,,,,,,,,,,,,,,,,,
"503","BAKER","2023081913",0,,0,6.9,110,16,,,,,,,,,,,,,,,,,,,,,,,,,
"503","BAKER","2023081914",0,,0,7.4,130,17.7,,,,,,,,,,,,,,,,,,,,,,,,,
"503","BAKER","2023081915",0,,0,4.7,67,15.4,,,,,,,,,,,,,,,,,,,,,,,,,
"503","BAKER","2023081916",0,,0,5,112,13.1,,,,,,,,,,,,,,,,,,,,,,,,,
"503","BAKER","2023081917",0,,0,12.5,99,20,,,,,,,,,,,,,,,,,,,,,,,,,
"503","BAKER","2023081918",0,,0,21.6,97,28.1,,,,,,,,,,,,,,,,,,,,,,,,,
"503","BAKER","2023081919",0,,0,19.7,99,27.5,,,,,,,,,,,,,,,,,,,,,,,,,
"503","BAKER","2023081920",0,,0,29.9,104,38.5,,,,,,,,,,,,,,,,,,,,,,,,,
"503","BAKER","2023081921",0,,0,27.1,99,49.4,,,,,,,,,,,,,,,,,,,,,,,,,
"503","BAKER","2023081922",0,,0,22.5,99,41.3,,,,,,,,,,,,,,,,,,,,,,,,,
"503","BAKER","2023081923",0,,0,28.3,101,41.3,,,,,,,,,,,,,,,,,,,,,,,,,
"554","CAPILANO GVRD","2023081900",0,10.3,79,2.5,47,3.9,86.535,2.962,10.918,,,,,,,,,,,,,,,,,,,,,,
"554","CAPILANO GVRD","2023081901",0,9.9,81,2,55,5.1,86.106,2.719,10.171,,,,,,,,,,,,,,,,,,,,,,
"554","CAPILANO GVRD","2023081902",0,9.6,83,0.8,7,3.9,85.697,2.416,9.209,,,,,,,,,,,,,,,,,,,,,,
"554","CAPILANO GVRD","2023081903",0,9.1,87,0,10,4.6,85.273,2.188,8.454,,,,,,,,,,,,,,,,,,,,,,
"554","CAPILANO GVRD","2023081904",0,8.8,87,1.5,30,3.9,84.798,2.211,8.529,,,,,,,,,,,,,,,,,,,,,,
"554","CAPILANO GVRD","2023081905",0,8.8,88,2.7,38,4,84.303,2.196,8.48,,,,,,,,,,,,,,,,,,,,,,
"554","CAPILANO GVRD","2023081906",0,8.6,91,0.1,22,4.1,83.835,1.809,7.136,,,,,,,,,,,,,,,,,,,,,,
"554","CAPILANO GVRD","2023081907",0,9.4,90,0.4,11,3.8,83.419,1.739,6.882,,,,,,,,,,,,,,,,,,,,,,
"554","CAPILANO GVRD","2023081908",0,11.1,87,1.3,44,3.9,83.123,1.752,6.927,,,,,,,,,,,,,,,,,,,,,,
"554","CAPILANO GVRD","2023081909",0,13.5,81,0,65,3.9,83.075,1.63,6.481,,,,,,,,,,,,,,,,,,,,,,
"554","CAPILANO GVRD","2023081910",0,16.8,72,2.6,79,3.9,83.122,1.87,7.353,,,,,,,,,,,,,,,,,,,,,,
"554","CAPILANO GVRD","2023081911",0,19.3,60,1,109,3.9,83.361,1.779,7.028,,,,,,,,,,,,,,,,,,,,,,
"554","CAPILANO GVRD","2023081912",0,22.1,47,2.5,128,8.1,83.959,2.076,8.072,0,89.992,4.857,16.518,48.449,472.327,77.122,4,,,,,,,,,,,,,,
"554","CAPILANO GVRD","2023081913",0,23.8,46,3.4,150,8.2,84.603,2.369,9.32,,,,,,,,,,,,,,,,,,,,,,
"554","CAPILANO GVRD","2023081914",0,24.8,47,4.6,216,10.4,85.203,2.732,10.505,,,,,,,,,,,,,,,,,,,,,,
"554","CAPILANO GVRD","2023081915",0,24.6,45,3.8,170,10.7,85.758,2.835,10.829,,,,,,,,,,,,,,,,,,,,,,
"554","CAPILANO GVRD","2023081916",0,24.9,45,3.4,250,9.4,86.244,2.975,11.263,,,,,,,,,,,,,,,,,,,,,,
"554","CAPILANO GVRD","2023081917",0,23.6,50,2.3,65,7.4,86.49,2.914,11.075,,,,,,,,,,,,,,,,,,,,,,
"554","CAPILANO GVRD","2023081918",0,20.4,62,0.5,341,3.8,86.538,2.679,10.336,,,,,,,,,,,,,,,,,,,,,,
"554","CAPILANO GVRD","2023081919",0,17.9,69,1.2,7,3.8,86.448,2.74,10.53,,,,,,,,,,,,,,,,,,,,,,
"554","CAPILANO GVRD","2023081920",0,16.2,73,3,58,4.3,86.24,2.914,11.075,,,,,,,,,,,,,,,,,,,,,,
"554","CAPILANO GVRD","2023081921",0,14.8,70,3.2,52,4.3,86.109,2.889,10.998,,,,,,,,,,,,,,,,,,,,,,
"554","CAPILANO GVRD","2023081922",0,13.4,74,1.2,356,3.9,85.914,2.542,9.891,,,,,,,,,,,,,,,,,,,,,,
"554","CAPILANO GVRD","2023081923",0,13,74,1.1,9,4,85.736,2.467,9.645,,,,,,,,,,,,,,,,,,,,,,
"555","SEYMOUR GVRD","2023081900",0,12.6,65,3.2,31,4,87.554,3.547,11.893,,,,,,,,,,,,,,,,,,,,,,
"555","SEYMOUR GVRD","2023081901",0,12.4,65,3.6,47,4.9,87.361,3.521,11.823,,,,,,,,,,,,,,,,,,,,,,
"555","SEYMOUR GVRD","2023081902",0,12.6,63,4,43,4.9,87.223,3.523,11.828,,,,,,,,,,,,,,,,,,,,,,
"555","SEYMOUR GVRD","2023081903",0,12.7,62,3.5,37,4.6,87.121,3.385,11.453,,,,,,,,,,,,,,,,,,,,,,
"555","SEYMOUR GVRD","2023081904",0,12.5,64,4,43,4.7,86.988,3.406,11.512,,,,,,,,,,,,,,,,,,,,,,
"555","SEYMOUR GVRD","2023081905",0,12.7,63,4,38,4.8,86.888,3.359,11.38,,,,,,,,,,,,,,,,,,,,,,
"555","SEYMOUR GVRD","2023081906",0,12.8,63,3.8,42,5,86.8,3.284,11.173,,,,,,,,,,,,,,,,,,,,,,
"555","SEYMOUR GVRD","2023081907",0,13.2,62,3.2,25,5.1,86.746,3.161,10.831,,,,,,,,,,,,,,,,,,,,,,
"555","SEYMOUR GVRD","2023081908",0,13.4,66,2.8,45,4.5,86.63,3.048,10.51,,,,,,,,,,,,,,,,,,,,,,
"555","SEYMOUR GVRD","2023081909",0,14.8,68,1.2,30,4.4,86.515,2.766,9.694,,,,,,,,,,,,,,,,,,,,,,
"555","SEYMOUR GVRD","2023081910",0,17.7,60,0,337,3.8,86.563,2.622,9.263,,,,,,,,,,,,,,,,,,,,,,
"555","SEYMOUR GVRD","2023081911",0,19,59,3.6,127,5.3,86.611,3.165,10.841,,,,,,,,,,,,,,,,,,,,,,
"555","SEYMOUR GVRD","2023081912",0,21.8,50,2,134,4.8,86.771,2.986,10.334,0,89.379,4.338,14.344,42.465,494.212,69.912,3,,,,,,,,,,,,,,
"555","SEYMOUR GVRD","2023081913",0,23,45,2.9,152,7.3,87.06,3.256,11.431,,,,,,,,,,,,,,,,,,,,,,
"555","SEYMOUR GVRD","2023081914",0,24.1,42,5.1,86,8,87.447,3.844,13.054,,,,,,,,,,,,,,,,,,,,,,
"555","SEYMOUR GVRD","2023081915",0,25.1,35,4.7,59,10.6,88.025,4.092,13.709,,,,,,,,,,,,,,,,,,,,,,
"555","SEYMOUR GVRD","2023081916",0,24.8,30,6.2,36,10.9,88.694,4.858,15.644,,,,,,,,,,,,,,,,,,,,,,
"555","SEYMOUR GVRD","2023081917",0,24.8,30,5.4,50,15.1,89.248,5.053,16.115,,,,,,,,,,,,,,,,,,,,,,
"555","SEYMOUR GVRD","2023081918",0,24.3,39,2.3,72,10.4,89.403,4.419,14.549,,,,,,,,,,,,,,,,,,,,,,
"555","SEYMOUR GVRD","2023081919",0,21.9,47,0.9,2,5.7,89.452,4.147,13.852,,,,,,,,,,,,,,,,,,,,,,
"555","SEYMOUR GVRD","2023081920",0,19.4,40,4.3,39,5.5,89.501,4.957,15.884,,,,,,,,,,,,,,,,,,,,,,
"555","SEYMOUR GVRD","2023081921",0,18.5,40,4.1,48,5.7,89.55,4.942,15.847,,,,,,,,,,,,,,,,,,,,,,
"555","SEYMOUR GVRD","2023081922",0,18.2,38,3.9,32,6.6,89.599,4.927,15.811,,,,,,,,,,,,,,,,,,,,,,
"555","SEYMOUR GVRD","2023081923",0,17.8,35,4.1,41,6.2,89.662,5.022,16.041,,,,,,,,,,,,,,,,,,,,,,
"556","COQUITLAM GVRD","2023081900",0,11.7,67,2.3,13,5.3,87.453,3.341,13.734,,,,,,,,,,,,,,,,,,,,,,
"556","COQUITLAM GVRD","2023081901",0,11.6,68,2.9,344,4.2,87.215,3.329,13.693,,,,,,,,,,,,,,,,,,,,,,
"556","COQUITLAM GVRD","2023081902",0,11.3,69,3,355,4.5,86.978,3.234,13.389,,,,,,,,,,,,,,,,,,,,,,
"556","COQUITLAM GVRD","2023081903",0,11.4,69,3.2,346,4.7,86.762,3.169,13.174,,,,,,,,,,,,,,,,,,,,,,
"556","COQUITLAM GVRD","2023081904",0,11.3,69,3.1,348,4.4,86.567,3.067,12.839,,,,,,,,,,,,,,,,,,,,,,
"556","COQUITLAM GVRD","2023081905",0,11.2,69,3.3,3,5.2,86.389,3.021,12.686,,,,,,,,,,,,,,,,,,,,,,
"556","COQUITLAM GVRD","2023081906",0,11.8,67,3,333,5,86.272,2.927,12.372,,,,,,,,,,,,,,,,,,,,,,
"556","COQUITLAM GVRD","2023081907",0,12.8,72,1.8,348,6.9,86.09,2.685,11.545,,,,,,,,,,,,,,,,,,,,,,
"556","COQUITLAM GVRD","2023081908",0,15.5,67,1.3,321,3.9,86.054,2.605,11.265,,,,,,,,,,,,,,,,,,,,,,
"556","COQUITLAM GVRD","2023081909",0,19.5,59,2.6,163,5,86.102,2.8,11.943,,,,,,,,,,,,,,,,,,,,,,
"556","COQUITLAM GVRD","2023081910",0,20.7,51,3.4,145,6,86.281,2.99,12.584,,,,,,,,,,,,,,,,,,,,,,
"556","COQUITLAM GVRD","2023081911",0,22.7,44,2.9,160,8,86.645,3.07,12.849,,,,,,,,,,,,,,,,,,,,,,
"556","COQUITLAM GVRD","2023081912",0,23.9,41,5,156,9.6,87.11,3.646,14.692,0,91.063,6.42,22.786,63.048,508.338,96.251,4,,,,,,,,,,,,,,
"556","COQUITLAM GVRD","2023081913",0,25.5,36,4.5,152,11.5,87.719,3.878,15.755,,,,,,,,,,,,,,,,,,,,,,
"556","COQUITLAM GVRD","2023081914",0,26.5,32,4.6,140,11.4,88.42,4.309,17.055,,,,,,,,,,,,,,,,,,,,,,
"556","COQUITLAM GVRD","2023081915",0,26.7,29,5.3,150,12.6,89.141,4.95,18.898,,,,,,,,,,,,,,,,,,,,,,
"556","COQUITLAM GVRD","2023081916",0,26.4,35,3.4,147,9,89.499,4.736,18.293,,,,,,,,,,,,,,,,,,,,,,
"556","COQUITLAM GVRD","2023081917",0,25.2,38,1.2,359,6.8,89.663,4.34,17.145,,,,,,,,,,,,,,,,,,,,,,
"556","COQUITLAM GVRD","2023081918",0,21.1,46,2.9,336,4.3,89.712,4.761,18.365,,,,,,,,,,,,,,,,,,,,,,
"556","COQUITLAM GVRD","2023081919",0,18.5,37,3.6,359,5.6,89.761,4.967,18.944,,,,,,,,,,,,,,,,,,,,,,
"556","COQUITLAM GVRD","2023081920",0,17.6,35,4,349,7,89.81,5.104,19.324,,,,,,,,,,,,,,,,,,,,,,
"556","COQUITLAM GVRD","2023081921",0,17.1,34,3.8,351,7.2,89.859,5.088,19.281,,,,,,,,,,,,,,,,,,,,,,
"556","COQUITLAM GVRD","2023081922",0,16.8,36,3.2,358,6.2,89.908,4.972,18.957,,,,,,,,,,,,,,,,,,,,,,
"556","COQUITLAM GVRD","2023081923",0,16.5,37,3.5,341,6.2,89.957,5.083,19.266,,,,,,,,,,,,,,,,,,,,,,
"599","FORT NELSON FS","2023081900",0,10.7,88,7,181,10.8,80.091,1.634,6.071,,,,,,,,,,,,,,,,,,,,,,
"599","FORT NELSON FS","2023081901",0,9.8,93,8.6,202,12,79.795,1.717,6.366,,,,,,,,,,,,,,,,,,,,,,
"599","FORT NELSON FS","2023081902",0,9.1,95,7.7,177,12.5,79.41,1.579,5.876,,,,,,,,,,,,,,,,,,,,,,
"599","FORT NELSON FS","2023081903",0,8.8,93,9.7,178,13.7,79.181,1.708,6.333,,,,,,,,,,,,,,,,,,,,,,
"599","FORT NELSON FS","2023081904",0,8.6,91,10,180,14.9,79.083,1.718,6.368,,,,,,,,,,,,,,,,,,,,,,
"599","FORT NELSON FS","2023081905",0,8.1,92,10.3,191,15.4,78.938,1.72,6.377,,,,,,,,,,,,,,,,,,,,,,
"599","FORT NELSON FS","2023081906",0,8,91,9.1,177,13.1,78.862,1.608,5.98,,,,,,,,,,,,,,,,,,,,,,
"599","FORT NELSON FS","2023081907",0,10.4,81,9,176,14.3,78.97,1.616,6.009,,,,,,,,,,,,,,,,,,,,,,
"599","FORT NELSON FS","2023081908",0,13.5,70,7.4,156,14.3,79.309,1.54,5.736,,,,,,,,,,,,,,,,,,,,,,
"599","FORT NELSON FS","2023081909",0,17.8,47,8.3,169,14.9,80.3,1.783,6.595,,,,,,,,,,,,,,,,,,,,,,
"599","FORT NELSON FS","2023081910",0,22.1,33,15.6,306,31.6,82.057,3.15,10.833,,,,,,,,,,,,,,,,,,,,,,
"599","FORT NELSON FS","2023081911",0,22,34,16.4,292,30.4,83.513,3.943,12.977,,,,,,,,,,,,,,,,,,,,,,
"599","FORT NELSON FS","2023081912",0,22.7,34,12.4,320,31,84.722,3.789,12.575,0.2,90.488,8.587,24.023,42.051,609.889,71.736,4,,,,,,,,,,,,,,
"599","FORT NELSON FS","2023081913",0,24.1,29,15.4,282,29.8,86.076,5.318,16.986,,,,,,,,,,,,,,,,,,,,,,
"599","FORT NELSON FS","2023081914",0,24.8,30,8.4,306,26.4,87.09,4.315,14.494,,,,,,,,,,,,,,,,,,,,,,
"599","FORT NELSON FS","2023081915",0,25,29,9.4,355,25.8,88.006,5.172,16.635,,,,,,,,,,,,,,,,,,,,,,
"599","FORT NELSON FS","2023081916",0,25.2,27,8.8,330,25.2,88.85,5.663,17.8,,,,,,,,,,,,,,,,,,,,,,
"599","FORT NELSON FS","2023081917",0,25.2,27,6.7,337,22.9,89.524,5.613,17.681,,,,,,,,,,,,,,,,,,,,,,
"599","FORT NELSON FS","2023081918",0,24.4,27,6,350,16,90.045,5.838,18.204,,,,,,,,,,,,,,,,,,,,,,
"599","FORT NELSON FS","2023081919",0,21.2,37,2.2,44,12,90.094,4.855,15.861,,,,,,,,,,,,,,,,,,,,,,
"599","FORT NELSON FS","2023081920",0,17.8,51,4,275,6.2,89.957,5.212,16.733,,,,,,,,,,,,,,,,,,,,,,
"599","FORT NELSON FS","2023081921",0,14.6,64,4,282,6.8,89.539,4.909,15.994,,,,,,,,,,,,,,,,,,,,,,
"599","FORT NELSON FS","2023081922",0,12.6,71,3.7,275,5.6,89.012,4.483,14.927,,,,,,,,,,,,,,,,,,,,,,
"599","FORT NELSON FS","2023081923",0,11.1,77,4.5,269,6.8,88.381,4.263,14.361,,,,,,,,,,,,,,,,,,,,,,
"654","HOLY CROSS 2","2023081900",0,5.4,83,1.9,237,6.8,86.661,2.926,10.694,,,,,,,,,,,,,,0,1,430.28,,,,,,
"654","HOLY CROSS 2","2023081901",0,4.3,89,2.7,215,5.6,85.993,2.772,10.227,,,,,,,,,,,,,,0,1,430.27,,,,,,
"654","HOLY CROSS 2","2023081902",0,3.9,90,3.1,248,5.6,85.341,2.582,9.637,,,,,,,,,,,,,,0,1,430.26,,,,,,
"654","HOLY CROSS 2","2023081903",0,4.2,91,6,302,11.4,84.645,2.716,10.055,,,,,,,,,,,,,,0,1,430.25,,,,,,
"654","HOLY CROSS 2","2023081904",0,5,85,5.2,309,11.4,84.24,2.47,9.28,,,,,,,,,,,,,,0,1,430.22,,,,,,
"654","HOLY CROSS 2","2023081905",0,5,86,5.4,306,10.2,83.84,2.365,8.942,,,,,,,,,,,,,,0,1,430.21,,,,,,
"654","HOLY CROSS 2","2023081906",0,5.2,82,2.8,257,10.2,83.612,2.013,7.767,,,,,,,,,,,,,,0,1,430.2,,,,,,
"654","HOLY CROSS 2","2023081907",0,9.5,62,5.9,178,8.5,83.661,2.368,8.954,,,,,,,,,,,,,,0,1,430.14,,,,,,
"654","HOLY CROSS 2","2023081908",0,13.7,49,5,154,10.2,83.972,2.359,8.922,,,,,,,,,,,,,,0,1,430.09,,,,,,
"654","HOLY CROSS 2","2023081909",0,16.2,47,4.6,61,9.1,84.352,2.433,9.161,,,,,,,,,,,,,,0,1,430.07,,,,,,
"654","HOLY CROSS 2","2023081910",0,17.9,42,5.2,50,11.4,84.863,2.688,9.967,,,,,,,,,,,,,,0,1,430.07,,,,,,
"654","HOLY CROSS 2","2023081911",0,19.7,33,7,75,14.3,85.655,3.283,11.748,,,,,,,,,,,,,,0,1,430.07,,,,,,
"654","HOLY CROSS 2","2023081912",0,19.9,32,4.2,102,12,86.335,3.137,11.322,0,90.957,6.074,19.408,46.719,529.186,76.544,4,,,,,,0,1,430.1,,,,,,
"654","HOLY CROSS 2","2023081913",0,19.9,29,3.9,251,15.4,87.013,3.402,12.491,,,,,,,,,,,,,,0,1,430.13,,,,,,
"654","HOLY CROSS 2","2023081914",0,22,28,6.1,69,13.1,87.768,4.233,14.816,,,,,,,,,,,,,,0,1,430.1,,,,,,
"654","HOLY CROSS 2","2023081915",0,21.7,26,7.1,47,13.1,88.484,4.933,16.641,,,,,,,,,,,,,,0,1,430.12,,,,,,
"654","HOLY CROSS 2","2023081916",0,21.7,28,5.4,51,10.8,89.008,4.881,16.511,,,,,,,,,,,,,,0,1,430.11,,,,,,
"654","HOLY CROSS 2","2023081917",0,21,25,3.9,312,11.4,89.51,4.864,16.467,,,,,,,,,,,,,,0,1,430.14,,,,,,
"654","HOLY CROSS 2","2023081918",0,18.9,46,0,311,8.5,89.551,4.02,14.239,,,,,,,,,,,,,,0,1,430.2,,,,,,
"654","HOLY CROSS 2","2023081919",0,14.6,61,2.3,236,6.2,89.265,4.333,15.084,,,,,,,,,,,,,,0,1,430.27,,,,,,
"654","HOLY CROSS 2","2023081920",0,10.7,68,4.1,237,5.6,88.83,4.457,15.412,,,,,,,,,,,,,,0,1,430.31,,,,,,
"654","HOLY CROSS 2","2023081921",0,8.3,75,5.5,229,7.4,88.269,4.412,15.295,,,,,,,,,,,,,,0,1,430.31,,,,,,
"654","HOLY CROSS 2","2023081922",0,8.2,72,5.3,224,10.2,87.834,4.104,14.469,,,,,,,,,,,,,,0,1,430.29,,,,,,
"654","HOLY CROSS 2","2023081923",0,8.6,67,7.5,218,12.5,87.522,4.385,15.224,,,,,,,,,,,,,,0,1,430.26,,,,,,
"788","ROUND PRAIRIE","2023081900",0,8.3,41,7.1,27,14.9,92.103,8.272,31.548,,,,,,,,,,,,,,,,,,,,,,
"788","ROUND PRAIRIE","2023081901",0,7,57,5.2,255,15.4,91.613,7.013,28.212,,,,,,,,,,,,,,,,,,,,,,
"788","ROUND PRAIRIE","2023081902",0,5.8,74,3.5,244,7.4,90.875,5.795,24.733,,,,,,,,,,,,,,,,,,,,,,
"788","ROUND PRAIRIE","2023081903",0,5,72,3,39,5.6,90.266,5.18,22.858,,,,,,,,,,,,,,,,,,,,,,
"788","ROUND PRAIRIE","2023081904",0,5,84,4.3,140,7.4,89.383,4.874,21.888,,,,,,,,,,,,,,,,,,,,,,
"788","ROUND PRAIRIE","2023081905",0,4.7,88,6.4,125,9.1,88.399,4.704,21.341,,,,,,,,,,,,,,,,,,,,,,
"788","ROUND PRAIRIE","2023081906",0,4.6,76,4.9,346,9.1,87.886,4.053,19.16,,,,,,,,,,,,,,,,,,,,,,
"788","ROUND PRAIRIE","2023081907",0,5.8,73,6.8,4,10.8,87.454,4.192,19.638,,,,,,,,,,,,,,,,,,,,,,
"788","ROUND PRAIRIE","2023081908",0,8,67,4.1,316,10.2,87.205,3.531,17.311,,,,,,,,,,,,,,,,,,,,,,
"788","ROUND PRAIRIE","2023081909",0,9.3,64,5.7,7,9.1,87.026,3.732,18.034,,,,,,,,,,,,,,,,,,,,,,
"788","ROUND PRAIRIE","2023081910",0,11.2,58,6.8,293,10.8,86.983,3.92,18.699,,,,,,,,,,,,,,,,,,,,,,
"788","ROUND PRAIRIE","2023081911",0,12.5,51,7.8,260,12,87.031,4.151,19.499,,,,,,,,,,,,,,,,,,,,,,
"788","ROUND PRAIRIE","2023081912",0,14,48,8.6,202,14.9,87.079,4.351,20.177,0,90.001,6.614,27.23,103.434,532.186,139.221,3,,,,,,,,,,,,,,
"788","ROUND PRAIRIE","2023081913",0,14.5,45,7.7,228,17.2,87.153,4.203,19.772,,,,,,,,,,,,,,,,,,,,,,
"788","ROUND PRAIRIE","2023081914",0,14.1,50,5.3,166,14.9,87.201,3.749,18.189,,,,,,,,,,,,,,,,,,,,,,
"788","ROUND PRAIRIE","2023081915",0,13.7,45,10.7,98,17.7,87.249,4.956,22.258,,,,,,,,,,,,,,,,,,,,,,
"788","ROUND PRAIRIE","2023081916",0,14,45,11.6,93,18.9,87.297,5.221,23.097,,,,,,,,,,,,,,,,,,,,,,
"788","ROUND PRAIRIE","2023081917",0,11.9,51,18,92,24.6,87.345,7.258,29.016,,,,,,,,,,,,,,,,,,,,,,
"788","ROUND PRAIRIE","2023081918",0,10.4,54,19.5,96,28.1,87.311,7.79,30.439,,,,,,,,,,,,,,,,,,,,,,
"788","ROUND PRAIRIE","2023081919",0,8.9,60,13.7,91,25.2,87.158,5.69,24.534,,,,,,,,,,,,,,,,,,,,,,
"788","ROUND PRAIRIE","2023081920",0,7.4,64,9.3,61,21.2,86.952,4.426,20.529,,,,,,,,,,,,,,,,,,,,,,
"788","ROUND PRAIRIE","2023081921",0,7.1,63,5.1,73,11.4,86.801,3.506,17.308,,,,,,,,,,,,,,,,,,,,,,
"788","ROUND PRAIRIE","2023081922",0,6.4,68,5.9,28,9.7,86.571,3.534,17.408,,,,,,,,,,,,,,,,,,,,,,
"788","ROUND PRAIRIE","2023081923",0,5.9,73,7.5,10,11.4,86.255,3.663,17.878,,,,,,,,,,,,,,,,,,,,,,
"790","WHITE RIVER","2023081900",0,5.4,71,3.3,259,10.5,87.619,3.598,18.716,,,,,,,,,,,,,,,,,,,,5548.4,,
"790","WHITE RIVER","2023081901",0,3.7,77,0.8,174,3.9,87.241,3.006,16.374,,,,,,,,,,,,,,,,,,,,5548.4,,
"790","WHITE RIVER","2023081902",0,2.7,82,0,170,0,86.861,2.735,15.244,,,,,,,,,,,,,,,,,,,,5548.4,,
"790","WHITE RIVER","2023081903",0,1.4,85,0,262,3.8,86.453,2.581,14.583,,,,,,,,,,,,,,,,,,,,5548.4,,
"790","WHITE RIVER","2023081904",0,0.9,87,0,94,5,86.03,2.432,13.925,,,,,,,,,,,,,,,,,,,,5548.4,,
"790","WHITE RIVER","2023081905",0,0.1,92,0,75,3.5,85.507,2.26,13.152,,,,,,,,,,,,,,,,,,,,5548.4,,
"790","WHITE RIVER","2023081906",0,0.4,91,0,345,0,85.043,2.12,12.5,,,,,,,,,,,,,,,,,,,,5548.4,,
"790","WHITE RIVER","2023081907",0,2.5,85,0,327,4.5,84.741,2.034,12.094,,,,,,,,,,,,,,,,,,,,5548.4,,
"790","WHITE RIVER","2023081908",0,6.3,70,3.4,293,5.3,84.668,2.39,13.738,,,,,,,,,,,,,,,,,,,,5548.4,,
"790","WHITE RIVER","2023081909",0,10.4,54,0.9,284,8.3,84.744,2.129,12.544,,,,,,,,,,,,,,,,,,,,5548.4,,
"790","WHITE RIVER","2023081910",0,13.3,46,3.2,241,9.2,84.987,2.472,14.102,,,,,,,,,,,,,,,,,,,,5548.4,,
"790","WHITE RIVER","2023081911",0,15.8,38,5,285,10.1,85.451,2.885,15.877,,,,,,,,,,,,,,,,,,,,5548.4,,
"790","WHITE RIVER","2023081912",0,17.6,33,3.5,333,11.8,86.024,2.898,15.932,0,90.083,5.175,24.366,133.58,615.611,173.202,4,,,,,,,,,,,,5548.4,,
"790","WHITE RIVER","2023081913",0,17,33,12,114,22.9,86.606,4.829,23.209,,,,,,,,,,,,,,,,,,,,5548.4,,
"790","WHITE RIVER","2023081914",0,17,34,10.5,115,20.9,87.072,4.784,23.056,,,,,,,,,,,,,,,,,,,,5548.4,,
"790","WHITE RIVER","2023081915",0,16.8,35,13.2,115,25.9,87.458,5.791,26.348,,,,,,,,,,,,,,,,,,,,5548.4,,
"790","WHITE RIVER","2023081916",0,16.6,37,12.8,113,25.1,87.73,5.901,26.691,,,,,,,,,,,,,,,,,,,,5548.4,,
"790","WHITE RIVER","2023081917",0,15.7,38,12.4,99,27.6,87.915,5.938,26.807,,,,,,,,,,,,,,,,,,,,5548.4,,
"790","WHITE RIVER","2023081918",0,14.7,41,10.7,66,29.2,87.982,5.503,25.433,,,,,,,,,,,,,,,,,,,,5548.4,,
"790","WHITE RIVER","2023081919",0,13.4,45,9.4,91,23.7,88.031,5.19,24.416,,,,,,,,,,,,,,,,,,,,5548.4,,
"790","WHITE RIVER","2023081920",0,12.4,48,10.6,87,23.9,88.073,5.547,25.573,,,,,,,,,,,,,,,,,,,,5548.4,,
"790","WHITE RIVER","2023081921",0,11.7,50,14.5,79,28.5,88.061,6.74,29.232,,,,,,,,,,,,,,,,,,,,5548.4,,
"790","WHITE RIVER","2023081922",0,11,50,10.6,88,21.9,88.044,5.524,25.5,,,,,,,,,,,,,,,,,,,,5548.4,,
"790","WHITE RIVER","2023081923",0,10.3,52,12.1,82,21.4,87.982,5.905,26.704,,,,,,,,,,,,,,,,,,,,5548.4,,
"791","CHERRY LAKE","2023081900",0,6.5,60,4.6,312,9.7,82.749,1.972,11.854,,,,,,,,,,,,,,,,,,,,,,
"791","CHERRY LAKE","2023081901",0,5.7,61,6.2,259,10.8,82.826,2.158,12.74,,,,,,,,,,,,,,,,,,,,,,
"791","CHERRY LAKE","2023081902",0,5.8,60,4.9,285,13.7,82.909,2.043,12.195,,,,,,,,,,,,,,,,,,,,,,
"791","CHERRY LAKE","2023081903",0,4.8,64,5.1,300,7.4,82.956,2.076,12.353,,,,,,,,,,,,,,,,,,,,,,
"791","CHERRY LAKE","2023081904",0,4.4,67,2.7,321,6.8,83.003,1.851,11.261,,,,,,,,,,,,,,,,,,,,,,
"791","CHERRY LAKE","2023081905",0,3.7,70,4.5,309,7.4,83.038,2.036,12.159,,,,,,,,,,,,,,,,,,,,,,
"791","CHERRY LAKE","2023081906",0,4.4,72,2.7,286,6.2,83.051,1.862,11.317,,,,,,,,,,,,,,,,,,,,,,
"791","CHERRY LAKE","2023081907",0,8.5,54,3.3,12,6.8,83.22,1.962,11.804,,,,,,,,,,,,,,,,,,,,,,
"791","CHERRY LAKE","2023081908",0,11.4,49,5.1,104,7.9,83.517,2.232,13.083,,,,,,,,,,,,,,,,,,,,,,
"791","CHERRY LAKE","2023081909",0,13.7,47,7.8,95,12.5,83.903,2.691,15.125,,,,,,,,,,,,,,,,,,,,,,
"791","CHERRY LAKE","2023081910",0,13.2,49,5.3,107,13.1,84.182,2.463,14.128,,,,,,,,,,,,,,,,,,,,,,
"791","CHERRY LAKE","2023081911",0,16.4,42,7.8,115,16,84.691,2.993,16.393,,,,,,,,,,,,,,,,,,,,,,
"791","CHERRY LAKE","2023081912",0,16,46,5.8,152,11.4,85.025,2.832,15.725,1.4,82.431,2.013,12.086,142.942,571.23,175.865,3,,,,,,,,,,,,,,
"791","CHERRY LAKE","2023081913",0,18,33,6.3,112,16,85.71,3.194,17.258,,,,,,,,,,,,,,,,,,,,,,
"791","CHERRY LAKE","2023081914",0,18.2,35,6.9,99,13.7,86.273,3.563,18.709,,,,,,,,,,,,,,,,,,,,,,
"791","CHERRY LAKE","2023081915",0,18.5,33,9.1,71,16,86.856,4.323,21.523,,,,,,,,,,,,,,,,,,,,,,
"791","CHERRY LAKE","2023081916",0,18.5,32,7.6,75,14.3,87.377,4.317,21.502,,,,,,,,,,,,,,,,,,,,,,
"791","CHERRY LAKE","2023081917",0,17.9,34,5.2,23,15.4,87.736,4.027,20.452,,,,,,,,,,,,,,,,,,,,,,
"791","CHERRY LAKE","2023081918",0,13.2,53,3.5,9,11.4,87.741,3.699,19.228,,,,,,,,,,,,,,,,,,,,,,
"791","CHERRY LAKE","2023081919",0,10.9,59,5,3,11.4,87.616,3.918,20.052,,,,,,,,,,,,,,,,,,,,,,
"791","CHERRY LAKE","2023081920",0,10.2,58,7.2,354,16,87.503,4.308,21.468,,,,,,,,,,,,,,,,,,,,,,
"791","CHERRY LAKE","2023081921",0,10.6,57,6.6,354,16.6,87.424,4.133,20.838,,,,,,,,,,,,,,,,,,,,,,
"791","CHERRY LAKE","2023081922",0,8.8,65,6.3,352,15.4,87.2,3.942,20.141,,,,,,,,,,,,,,,,,,,,,,
"791","CHERRY LAKE","2023081923",0,8.7,65,6.3,0,13.1,86.996,3.83,19.723,,,,,,,,,,,,,,,,,,,,,,
"832","CHURN CREEK","2023081900",0,8.9,56,2.6,202,9.7,90.25,5.066,19.862,,,,,,,,,,,,,,,,,,,,,,
"832","CHURN CREEK","2023081901",0,7.8,57,3.4,16,6.8,89.94,5.045,19.803,,,,,,,,,,,,,,,,,,,,,,
"832","CHURN CREEK","2023081902",0,8.6,56,3.1,280,5.1,89.677,4.785,19.055,,,,,,,,,,,,,,,,,,,,,,
"832","CHURN CREEK","2023081903",0,7.5,58,4.1,242,7.9,89.388,4.828,19.18,,,,,,,,,,,,,,,,,,,,,,
"832","CHURN CREEK","2023081904",0,5.5,67,2.4,7,6.2,89.001,4.193,17.284,,,,,,,,,,,,,,,,,,,,,,
"832","CHURN CREEK","2023081905",0,6.1,61,2.9,3,5.6,88.732,4.136,17.111,,,,,,,,,,,,,,,,,,,,,,
"832","CHURN CREEK","2023081906",0,6.7,61,2.3,222,6.8,88.493,3.878,16.302,,,,,,,,,,,,,,,,,,,,,,
"832","CHURN CREEK","2023081907",0,9.4,53,4,71,6.2,88.39,4.163,17.193,,,,,,,,,,,,,,,,,,,,,,
"832","CHURN CREEK","2023081908",0,11.4,48,6.6,54,9.1,88.386,4.743,18.93,,,,,,,,,,,,,,,,,,,,,,
"832","CHURN CREEK","2023081909",0,12.8,44,11.3,65,16,88.435,6.053,22.566,,,,,,,,,,,,,,,,,,,,,,
"832","CHURN CREEK","2023081910",0,14.6,36,15.5,45,20.6,88.557,7.611,26.488,,,,,,,,,,,,,,,,,,,,,,
"832","CHURN CREEK","2023081911",0,15.2,30,15.1,5,25.2,88.843,7.772,26.872,,,,,,,,,,,,,,,,,,,,,,
"832","CHURN CREEK","2023081912",0,16.8,26,12.6,11,25.2,89.255,7.27,25.66,0,92.207,11.075,34.668,67.36,630.199,106.311,4,,,,,,,,,,,,,,
"832","CHURN CREEK","2023081913",0,18.1,27,10.6,109,19.5,89.612,6.918,25.201,,,,,,,,,,,,,,,,,,,,,,
"832","CHURN CREEK","2023081914",0,19.2,23,9.1,57,22.3,90.082,6.862,25.058,,,,,,,,,,,,,,,,,,,,,,
"832","CHURN CREEK","2023081915",0,20.2,21,8.1,70,20,90.586,7.012,25.439,,,,,,,,,,,,,,,,,,,,,,
"832","CHURN CREEK","2023081916",0,19.5,20,8.6,358,20,91.031,7.662,27.047,,,,,,,,,,,,,,,,,,,,,,
"832","CHURN CREEK","2023081917",0,19.3,20,10.8,320,19.5,91.416,9.043,30.278,,,,,,,,,,,,,,,,,,,,,,
"832","CHURN CREEK","2023081918",0,18.3,23,11.3,348,15.4,91.604,9.524,31.353,,,,,,,,,,,,,,,,,,,,,,
"832","CHURN CREEK","2023081919",0,15.4,28,10.8,317,14.3,91.654,9.353,30.974,,,,,,,,,,,,,,,,,,,,,,
"832","CHURN CREEK","2023081920",0,14.6,28,12.4,313,16.6,91.704,10.211,32.848,,,,,,,,,,,,,,,,,,,,,,
"832","CHURN CREEK","2023081921",0,14.1,29,10.5,301,16,91.754,9.344,30.955,,,,,,,,,,,,,,,,,,,,,,
"832","CHURN CREEK","2023081922",0,13.2,31,8,219,12,91.758,8.243,28.434,,,,,,,,,,,,,,,,,,,,,,
"832","CHURN CREEK","2023081923",0,12.8,32,6.9,216,10.8,91.742,7.782,27.335,,,,,,,,,,,,,,,,,,,,,,
"836","AUGUST LAKE","2023081900",0,10,42,2.4,268,7.4,93.563,8.011,34.05,,,,,,,,,,,,,,,,,,,,,,
"836","AUGUST LAKE","2023081901",0,9.3,49,2.3,251,5.6,93.149,7.524,32.658,,,,,,,,,,,,,,,,,,,,,,
"836","AUGUST LAKE","2023081902",0,8.1,53,3.6,258,7.9,92.67,7.511,32.62,,,,,,,,,,,,,,,,,,,,,,
"836","AUGUST LAKE","2023081903",0,7,58,3.7,327,5.6,92.142,7.007,31.14,,,,,,,,,,,,,,,,,,,,,,
"836","AUGUST LAKE","2023081904",0,6.3,62,2.3,337,5.1,91.623,6.068,28.247,,,,,,,,,,,,,,,,,,,,,,
"836","AUGUST LAKE","2023081905",0,5,68,2.9,341,6.2,91.031,5.75,27.224,,,,,,,,,,,,,,,,,,,,,,
"836","AUGUST LAKE","2023081906",0,5.3,66,1.8,328,5.1,90.55,5.078,24.984,,,,,,,,,,,,,,,,,,,,,,
"836","AUGUST LAKE","2023081907",0,8.3,57,4.7,96,7.9,90.198,5.589,26.698,,,,,,,,,,,,,,,,,,,,,,
"836","AUGUST LAKE","2023081908",0,11.9,46,6.8,128,10.2,90.068,6.099,28.345,,,,,,,,,,,,,,,,,,,,,,
"836","AUGUST LAKE","2023081909",0,14.6,39,6.2,133,11.4,90.103,5.947,27.859,,,,,,,,,,,,,,,,,,,,,,
"836","AUGUST LAKE","2023081910",0,18.2,32,7.2,123,10.8,90.189,6.331,29.077,,,,,,,,,,,,,,,,,,,,,,
"836","AUGUST LAKE","2023081911",0,21.1,24,5.2,62,12,90.58,6.054,28.202,,,,,,,,,,,,,,,,,,,,,,
"836","AUGUST LAKE","2023081912",0,22.3,22,6.3,18,13.1,91.038,6.831,30.611,0,95.396,12.365,45.179,182.132,789.335,231.007,4,,,,,,,,,,,,,,
"836","AUGUST LAKE","2023081913",0,23.9,18,6,306,15.4,91.645,7.334,32.148,,,,,,,,,,,,,,,,,,,,,,
"836","AUGUST LAKE","2023081914",0,25,16,8.7,254,17.7,92.32,9.245,37.462,,,,,,,,,,,,,,,,,,,,,,
"836","AUGUST LAKE","2023081915",0,25.8,15,6,234,17.2,92.929,8.79,36.245,,,,,,,,,,,,,,,,,,,,,,
"836","AUGUST LAKE","2023081916",0,25.4,15,4.8,8,14.9,93.404,8.842,36.386,,,,,,,,,,,,,,,,,,,,,,
"836","AUGUST LAKE","2023081917",0,24,16,5.6,26,15.4,93.712,9.61,38.421,,,,,,,,,,,,,,,,,,,,,,
"836","AUGUST LAKE","2023081918",0,21.9,18,3.5,312,17.2,93.823,8.78,36.217,,,,,,,,,,,,,,,,,,,,,,
"836","AUGUST LAKE","2023081919",0,20,24,6,2,11.4,93.868,10.021,39.479,,,,,,,,,,,,,,,,,,,,,,
"836","AUGUST LAKE","2023081920",0,17.5,29,3.3,25,12,93.801,8.665,35.906,,,,,,,,,,,,,,,,,,,,,,
"836","AUGUST LAKE","2023081921",0,15.3,32,2.4,26,5.1,93.679,8.142,34.46,,,,,,,,,,,,,,,,,,,,,,
"836","AUGUST LAKE","2023081922",0,14,36,3,325,6.8,93.481,8.163,34.521,,,,,,,,,,,,,,,,,,,,,,
"836","AUGUST LAKE","2023081923",0,12.3,39,2.4,269,6.8,93.248,7.667,33.113,,,,,,,,,,,,,,,,,,,,,,
"838","AKOKLI CREEK","2023081900",0,16.7,32,9.1,27,18.9,94.887,13.484,43.976,,,,,,,,,,,,,,,,,,,,,,
"838","AKOKLI CREEK","2023081901",0,16.2,31,10.2,27,17.7,94.632,13.761,44.55,,,,,,,,,,,,,,,,,,,,,,
"838","AKOKLI CREEK","2023081902",0,15.7,29,8.4,6,15.4,94.456,12.266,41.388,,,,,,,,,,,,,,,,,,,,,,
"838","AKOKLI CREEK","2023081903",0,15.9,30,10.1,14,18.3,94.264,13.015,42.992,,,,,,,,,,,,,,,,,,,,,,
"838","AKOKLI CREEK","2023081904",0,14.9,31,4.6,20,15.4,94.101,9.645,35.391,,,,,,,,,,,,,,,,,,,,,,
"838","AKOKLI CREEK","2023081905",0,14,34,3.2,142,10.2,93.905,8.747,33.175,,,,,,,,,,,,,,,,,,,,,,
"838","AKOKLI CREEK","2023081906",0,13.5,37,5.7,148,12.5,93.635,9.556,35.175,,,,,,,,,,,,,,,,,,,,,,
"838","AKOKLI CREEK","2023081907",0,12.8,37,5.6,139,7.9,93.386,9.184,34.265,,,,,,,,,,,,,,,,,,,,,,
"838","AKOKLI CREEK","2023081908",0,13,45,3.3,188,9.1,93.034,7.786,30.686,,,,,,,,,,,,,,,,,,,,,,
"838","AKOKLI CREEK","2023081909",0,13.5,47,3.2,321,6.2,92.675,7.366,29.56,,,,,,,,,,,,,,,,,,,,,,
"838","AKOKLI CREEK","2023081910",0,14.9,41,2.8,332,7.4,92.473,7.017,28.599,,,,,,,,,,,,,,,,,,,,,,
"838","AKOKLI CREEK","2023081911",0,15.8,41,5.7,306,11.4,92.264,7.885,30.95,,,,,,,,,,,,,,,,,,,,,,
"838","AKOKLI CREEK","2023081912",0,16.7,41,5.6,246,9.7,92.083,7.648,30.319,0,91.199,6.747,27.996,104.785,595.44,145.54,4,,,,,,,,,,,,,,
"838","AKOKLI CREEK","2023081913",0,16.8,44,4,267,10.8,91.874,6.85,28.286,,,,,,,,,,,,,,,,,,,,,,
"838","AKOKLI CREEK","2023081914",0,17.2,45,4,323,9.1,91.668,6.653,27.729,,,,,,,,,,,,,,,,,,,,,,
"838","AKOKLI CREEK","2023081915",0,18.3,42,3,320,7.4,91.56,6.23,26.505,,,,,,,,,,,,,,,,,,,,,,
"838","AKOKLI CREEK","2023081916",0,18.9,41,4.7,327,7.4,91.479,6.709,27.889,,,,,,,,,,,,,,,,,,,,,,
"838","AKOKLI CREEK","2023081917",0,18.8,41,4.8,339,9.7,91.404,6.672,27.784,,,,,,,,,,,,,,,,,,,,,,
"838","AKOKLI CREEK","2023081918",0,18.4,48,4.3,10,7.9,91.192,6.312,26.745,,,,,,,,,,,,,,,,,,,,,,
"838","AKOKLI CREEK","2023081919",0,17.2,39,2.6,171,6.2,91.17,5.777,25.152,,,,,,,,,,,,,,,,,,,,,,
"838","AKOKLI CREEK","2023081920",0,16.3,39,4.3,173,6.2,91.133,6.26,26.592,,,,,,,,,,,,,,,,,,,,,,
"838","AKOKLI CREEK","2023081921",0,15.5,44,3.1,207,5.6,91.01,5.79,25.193,,,,,,,,,,,,,,,,,,,,,,
"838","AKOKLI CREEK","2023081922",0,15.1,41,4.8,149,6.8,90.936,6.242,26.54,,,,,,,,,,,,,,,,,,,,,,
"838","AKOKLI CREEK","2023081923",0,15.1,40,3.5,16,6.8,90.892,5.809,25.251,,,,,,,,,,,,,,,,,,,,,,
"865","BRISCO","2023081900",0,7.8,83,7.8,335,19.5,86.239,3.71,17.591,,,,,,,,,,,,,,,1,,,1,,,,
"865","BRISCO","2023081901",0,7.7,81,8.5,345,14.9,85.754,3.59,17.166,,,,,,,,,,,,,,,1,,,1,,,,
"865","BRISCO","2023081902",0,6.8,86,3.9,354,10.8,85.225,2.646,13.599,,,,,,,,,,,,,,,1,,,1,,,,
"865","BRISCO","2023081903",0,5.6,92,2.1,354,6.2,84.566,2.207,11.78,,,,,,,,,,,,,,,1,,,1,,,,
"865","BRISCO","2023081904",0,5.5,94,4.3,83,6.2,83.814,2.23,11.874,,,,,,,,,,,,,,,1,,,1,,,,
"865","BRISCO","2023081905",0,6,94,3,282,6.2,83.158,1.917,10.497,,,,,,,,,,,,,,,1,,,1,,,,
"865","BRISCO","2023081906",0,7.1,88,9.2,323,12,82.756,2.489,12.961,,,,,,,,,,,,,,,1,,,1,,,,
"865","BRISCO","2023081907",0,7.9,84,8.4,333,14.3,82.55,2.329,12.297,,,,,,,,,,,,,,,1,,,1,,,,
"865","BRISCO","2023081908",0,9.1,78,8.7,301,13.1,82.545,2.363,12.44,,,,,,,,,,,,,,,1,,,1,,,,
"865","BRISCO","2023081909",0,10.9,71,12.6,297,19.5,82.592,2.893,14.576,,,,,,,,,,,,,,,1,,,1,,,,
"865","BRISCO","2023081910",0,12.8,61,19.8,297,26.9,82.826,4.283,19.547,,,,,,,,,,,,,,,1,,,1,,,,
"865","BRISCO","2023081911",0,15.2,53,20.1,308,26.9,83.278,4.608,20.609,,,,,,,,,,,,,,,1,,,1,,,,
"865","BRISCO","2023081912",0,17.3,44,22.2,309,31,84.005,5.637,23.787,0,90.548,14.193,44.393,88.202,670.429,132.744,4,,,,,,,1,,,1,,,,
"865","BRISCO","2023081913",0,19.5,34,20.1,302,29.2,85.044,5.837,24.564,,,,,,,,,,,,,,,1,,,1,,,,
"865","BRISCO","2023081914",0,20.7,28,18,297,25.2,86.191,6.161,25.506,,,,,,,,,,,,,,,1,,,1,,,,
"865","BRISCO","2023081915",0,21.7,25,17.6,282,24.6,87.329,7.096,28.113,,,,,,,,,,,,,,,1,,,1,,,,
"865","BRISCO","2023081916",0,21.5,24,13.1,297,22.9,88.254,6.458,26.35,,,,,,,,,,,,,,,1,,,1,,,,
"865","BRISCO","2023081917",0,21.2,28,11.7,300,16,88.853,6.558,26.632,,,,,,,,,,,,,,,1,,,1,,,,
"865","BRISCO","2023081918",0,19.6,36,5.9,278,15.4,89.029,5.021,22.089,,,,,,,,,,,,,,,1,,,1,,,,
"865","BRISCO","2023081919",0,17.2,40,4.6,326,9.7,89.078,4.736,21.185,,,,,,,,,,,,,,,1,,,1,,,,
"865","BRISCO","2023081920",0,13.5,40,4.6,110,7.9,89.127,4.769,21.292,,,,,,,,,,,,,,,1,,,1,,,,
"865","BRISCO","2023081921",0,12.9,41,2.9,83,7.4,89.176,4.409,20.12,,,,,,,,,,,,,,,1,,,1,,,,
"865","BRISCO","2023081922",0,12.3,44,3.6,131,7.4,89.182,4.571,20.652,,,,,,,,,,,,,,,1,,,1,,,,
"865","BRISCO","2023081923",0,11.2,48,2.2,91,7.9,89.124,4.224,19.506,,,,,,,,,,,,,,,1,,,1,,,,
"866","BLAEBERRY","2023081900",0,6.2,99,2.3,158,7.9,12.124,0,0,,,,,,,,,,,,,,,,,,,,,,
"866","BLAEBERRY","2023081901",0,5.8,99,1.6,307,6.8,12.222,0,0,,,,,,,,,,,,,,,,,,,,,,
"866","BLAEBERRY","2023081902",0,6.1,99,2.5,265,5.6,12.33,0,0,,,,,,,,,,,,,,,,,,,,,,
"866","BLAEBERRY","2023081903",0.4,5.9,100,6,17,8.5,11.487,0,0,,,,,,,,,,,,,,,,,,,,,,
"866","BLAEBERRY","2023081904",0,6,99,2.4,305,7.4,11.594,0,0,,,,,,,,,,,,,,,,,,,,,,
"866","BLAEBERRY","2023081905",0,5.7,100,3.8,6,6.2,11.617,0,0,,,,,,,,,,,,,,,,,,,,,,
"866","BLAEBERRY","2023081906",0,6,100,2.5,46,6.2,11.64,0,0,,,,,,,,,,,,,,,,,,,,,,
"866","BLAEBERRY","2023081907",0,7,100,2.2,105,4.5,11.663,0,0,,,,,,,,,,,,,,,,,,,,,,
"866","BLAEBERRY","2023081908",0,9,99,3.7,206,6.2,11.792,0,0,,,,,,,,,,,,,,,,,,,,,,
"866","BLAEBERRY","2023081909",0,12.5,81,5.9,289,11.4,13.763,0,0,,,,,,,,,,,,,,,,,,,,,,
"866","BLAEBERRY","2023081910",0,14.7,62,6.5,258,15.4,17.138,0,0,,,,,,,,,,,,,,,,,,,,,,
"866","BLAEBERRY","2023081911",0,16.8,61,8.6,259,21.2,21.051,0,0.001,,,,,,,,,,,,,,,,,,,,,,
"866","BLAEBERRY","2023081912",0,19.4,47,7.7,283,18.9,25.967,0.002,0.004,10,61.027,0.642,1.717,35.782,400.692,58.504,2,,,,,,,,,,,,,,
"866","BLAEBERRY","2023081913",0,21.6,34,8.9,276,20,31.993,0.009,0.017,,,,,,,,,,,,,,,,,,,,,,
"866","BLAEBERRY","2023081914",0,22.8,25,8.6,252,19.5,38.455,0.04,0.074,,,,,,,,,,,,,,,,,,,,,,
"866","BLAEBERRY","2023081915",0,22.9,23,8.3,255,17.7,44.669,0.119,0.224,,,,,,,,,,,,,,,,,,,,,,
"866","BLAEBERRY","2023081916",0,23.6,25,7.6,272,15.4,50.469,0.255,0.48,,,,,,,,,,,,,,,,,,,,,,
"866","BLAEBERRY","2023081917",0,22.8,26,6.1,273,16.6,55.449,0.395,0.744,,,,,,,,,,,,,,,,,,,,,,
"866","BLAEBERRY","2023081918",0,19.1,33,3.4,301,15.4,58.859,0.451,0.849,,,,,,,,,,,,,,,,,,,,,,
"866","BLAEBERRY","2023081919",0,16,41,6.2,304,10.8,61.634,0.616,1.585,,,,,,,,,,,,,,,,,,,,,,
"866","BLAEBERRY","2023081920",0,11.8,68,2.7,44,9.7,62.811,0.548,1.188,,,,,,,,,,,,,,,,,,,,,,
"866","BLAEBERRY","2023081921",0,9.1,78,4.8,20,7.4,63.634,0.634,1.677,,,,,,,,,,,,,,,,,,,,,,
"866","BLAEBERRY","2023081922",0,7.6,84,3.6,0,7.4,64.159,0.611,1.559,,,,,,,,,,,,,,,,,,,,,,
"866","BLAEBERRY","2023081923",0,6.5,88,4.2,337,7.9,64.542,0.64,1.706,,,,,,,,,,,,,,,,,,,,,,
"868","BIG MOUTH 2","2023081900",0,6.8,86,9.8,67,16.3,44.514,0.125,0.182,,,,,,,,,,,,,,,,,,,,9085.6,,
"868","BIG MOUTH 2","2023081901",0,6.2,93,3.4,28,14.5,44.962,0.097,0.142,,,,,,,,,,,,,,,,,,,,9085.6,,
"868","BIG MOUTH 2","2023081902",0,6.1,96,6.1,21,13.4,45.277,0.117,0.17,,,,,,,,,,,,,,,,,,,,9085.6,,
"868","BIG MOUTH 2","2023081903",0,6.5,98,7.2,22,17.6,45.462,0.127,0.185,,,,,,,,,,,,,,,,,,,,9085.6,,
"868","BIG MOUTH 2","2023081904",0,6.2,98,4.2,51,16.2,45.621,0.112,0.163,,,,,,,,,,,,,,,,,,,,9085.6,,
"868","BIG MOUTH 2","2023081905",0,6.2,98,5.2,49,14.2,45.788,0.12,0.176,,,,,,,,,,,,,,,,,,,,9085.6,,
"868","BIG MOUTH 2","2023081906",0,6.4,94,5.3,62,13.5,46.217,0.129,0.188,,,,,,,,,,,,,,,,,,,,9085.6,,
"868","BIG MOUTH 2","2023081907",0,7.6,90,4.9,30,9.4,46.898,0.14,0.204,,,,,,,,,,,,,,,,,,,,9085.6,,
"868","BIG MOUTH 2","2023081908",0,9.6,79,5.6,32,12.1,48.261,0.174,0.254,,,,,,,,,,,,,,,,,,,,9085.6,,
"868","BIG MOUTH 2","2023081909",0,11.5,67,7.9,21,14.2,50.371,0.255,0.373,,,,,,,,,,,,,,,,,,,,9085.6,,
"868","BIG MOUTH 2","2023081910",0,13.2,58,15.8,14,25.7,53.315,0.526,0.768,,,,,,,,,,,,,,,,,,,,9085.6,,
"868","BIG MOUTH 2","2023081911",0,14.2,51,21,15,38.7,56.68,0.929,2.084,,,,,,,,,,,,,,,,,,,,9085.6,,
"868","BIG MOUTH 2","2023081912",0,16.1,44,22.5,12,36.7,60.36,1.301,3.282,0.8,76.899,2.686,7.286,25.388,408.785,43.953,3,,,,,,,,,,,,9085.6,,
"868","BIG MOUTH 2","2023081913",0,17.2,39,21.7,14,38.8,64.013,1.51,4.127,,,,,,,,,,,,,,,,,,,,9085.6,,
"868","BIG MOUTH 2","2023081914",0,18.1,35,23.3,7,37.5,67.622,1.876,5.175,,,,,,,,,,,,,,,,,,,,9085.6,,
"868","BIG MOUTH 2","2023081915",0,18.1,32,24.5,7,40.1,70.964,2.219,6.101,,,,,,,,,,,,,,,,,,,,9085.6,,
"868","BIG MOUTH 2","2023081916",0,18,36,22.8,11,46.2,73.675,2.261,6.212,,,,,,,,,,,,,,,,,,,,9085.6,,
"868","BIG MOUTH 2","2023081917",0,17.5,35,22.6,9,37.7,76.02,2.542,6.929,,,,,,,,,,,,,,,,,,,,9085.6,,
"868","BIG MOUTH 2","2023081918",0,16.4,36,19.9,12,37.7,77.875,2.541,6.927,,,,,,,,,,,,,,,,,,,,9085.6,,
"868","BIG MOUTH 2","2023081919",0,14.6,39,17.9,18,32.2,79.244,2.598,7.068,,,,,,,,,,,,,,,,,,,,9085.6,,
"868","BIG MOUTH 2","2023081920",0,13.8,41,14,32,28.4,80.295,2.375,6.506,,,,,,,,,,,,,,,,,,,,9085.6,,
"868","BIG MOUTH 2","2023081921",0,11.6,50,7.2,48,22.1,80.851,1.792,4.941,,,,,,,,,,,,,,,,,,,,9085.6,,
"868","BIG MOUTH 2","2023081922",0,10.3,61,10.6,33,17.5,81.157,2.202,6.055,,,,,,,,,,,,,,,,,,,,9085.6,,
"868","BIG MOUTH 2","2023081923",0,9.9,63,9.8,27,15.8,81.393,2.173,5.98,,,,,,,,,,,,,,,,,,,,9085.6,,
"873","CRAWFORD","2023081900",0,6.4,72,5,353,8.5,89.332,5.012,20.851,,,,,,,,,,,,,,,,,,,,5334.2,,
"873","CRAWFORD","2023081901",0,7.1,72,4.9,9,13.8,88.805,4.623,19.67,,,,,,,,,,,,,,,,,,,,5334.2,,
"873","CRAWFORD","2023081902",0,5.2,77,4.4,19,10.1,88.239,4.156,18.195,,,,,,,,,,,,,,,,,,,,5334.2,,
"873","CRAWFORD","2023081903",0,4.6,77,2.1,354,7.2,87.772,3.462,15.873,,,,,,,,,,,,,,,,,,,,5334.2,,
"873","CRAWFORD","2023081904",0,4.5,77,4,14,12.5,87.307,3.565,16.229,,,,,,,,,,,,,,,,,,,,5334.2,,
"873","CRAWFORD","2023081905",0,5,79,4.1,347,13.5,86.835,3.35,15.481,,,,,,,,,,,,,,,,,,,,5334.2,,
"873","CRAWFORD","2023081906",0,5.1,80,3,7,13.6,86.399,2.979,14.149,,,,,,,,,,,,,,,,,,,,5334.2,,
"873","CRAWFORD","2023081907",0,10.5,61,5.1,252,12.9,86.361,3.295,15.286,,,,,,,,,,,,,,,,,,,,5334.2,,
"873","CRAWFORD","2023081908",0,13.1,61,5.4,213,12.3,86.361,3.345,15.463,,,,,,,,,,,,,,,,,,,,5334.2,,
"873","CRAWFORD","2023081909",0,14.8,52,5.3,275,10.3,86.409,3.351,15.484,,,,,,,,,,,,,,,,,,,,5334.2,,
"873","CRAWFORD","2023081910",0,17.4,44,7.3,233,14,86.642,3.83,17.125,,,,,,,,,,,,,,,,,,,,5334.2,,
"873","CRAWFORD","2023081911",0,20.5,34,8.6,239,15,87.222,4.441,19.101,,,,,,,,,,,,,,,,,,,,5334.2,,
"873","CRAWFORD","2023081912",0,22.2,26,10.1,251,18.8,88.087,5.42,22.054,0,93.314,11.406,37.133,86.289,487.471,119.635,5,,,,,,,,,,,,5334.2,,
"873","CRAWFORD","2023081913",0,23.4,23,8.2,290,19.2,88.969,5.59,22.872,,,,,,,,,,,,,,,,,,,,5334.2,,
"873","CRAWFORD","2023081914",0,25.1,19,10.5,218,18.8,90.007,7.285,27.504,,,,,,,,,,,,,,,,,,,,5334.2,,
"873","CRAWFORD","2023081915",0,25.9,19,10.5,220,18.5,90.906,8.283,30.018,,,,,,,,,,,,,,,,,,,,5334.2,,
"873","CRAWFORD","2023081916",0,25.6,18,8.9,210,18.2,91.652,8.497,30.538,,,,,,,,,,,,,,,,,,,,5334.2,,
"873","CRAWFORD","2023081917",0,24.4,17,5.2,289,16.6,92.214,7.635,28.401,,,,,,,,,,,,,,,,,,,,5334.2,,
"873","CRAWFORD","2023081918",0,21.7,24,5.4,307,12.6,92.332,7.842,28.925,,,,,,,,,,,,,,,,,,,,5334.2,,
"873","CRAWFORD","2023081919",0,17.1,34,10.6,44,19.2,92.272,10.105,34.287,,,,,,,,,,,,,,,,,,,,5334.2,,
"873","CRAWFORD","2023081920",0,15.8,35,10.3,34,18.2,92.181,9.827,33.658,,,,,,,,,,,,,,,,,,,,5334.2,,
"873","CRAWFORD","2023081921",0,14.1,39,9.2,25,18.1,92.004,9.067,31.9,,,,,,,,,,,,,,,,,,,,5334.2,,
"873","CRAWFORD","2023081922",0,13.3,40,7.4,39,18.4,91.828,8.077,29.51,,,,,,,,,,,,,,,,,,,,5334.2,,
"873","CRAWFORD","2023081923",0,12.2,43,7.7,34,16.5,91.6,7.94,29.17,,,,,,,,,,,,,,,,,,,,5334.2,,
"876","IDABEL LAKE 3","2023081900",0,3.8,72,3.4,355,7.9,90.526,5.486,25.621,,,,,,,,,,,,,,,,,,,,,,
"876","IDABEL LAKE 3","2023081901",0,3.3,74,3.2,348,6.2,89.918,4.979,23.943,,,,,,,,,,,,,,,,,,,,,,
"876","IDABEL LAKE 3","2023081902",0,2.5,78,2,53,4.5,89.319,4.301,21.585,,,,,,,,,,,,,,,,,,,,,,
"876","IDABEL LAKE 3","2023081903",0,1.8,81,2.6,16,5.6,88.692,4.051,20.679,,,,,,,,,,,,,,,,,,,,,,
"876","IDABEL LAKE 3","2023081904",0,4.1,67,4.8,2,12.5,88.327,4.295,21.565,,,,,,,,,,,,,,,,,,,,,,
"876","IDABEL LAKE 3","2023081905",0,2.8,72,3.8,298,14.9,87.923,3.854,19.948,,,,,,,,,,,,,,,,,,,,,,
"876","IDABEL LAKE 3","2023081906",0,2.4,76,2.5,300,14.3,87.503,3.399,18.197,,,,,,,,,,,,,,,,,,,,,,
"876","IDABEL LAKE 3","2023081907",0,5.4,74,1.7,255,5.6,87.158,3.108,17.028,,,,,,,,,,,,,,,,,,,,,,
"876","IDABEL LAKE 3","2023081908",0,11.4,51,5.3,284,9.1,87.206,3.752,19.562,,,,,,,,,,,,,,,,,,,,,,
"876","IDABEL LAKE 3","2023081909",0,13.7,41,5.4,302,10.8,87.326,3.836,19.879,,,,,,,,,,,,,,,,,,,,,,
"876","IDABEL LAKE 3","2023081910",0,14.7,37,8.3,326,16,87.547,4.582,22.581,,,,,,,,,,,,,,,,,,,,,,
"876","IDABEL LAKE 3","2023081911",0,16.8,36,9,333,16,87.825,4.939,23.809,,,,,,,,,,,,,,,,,,,,,,
"876","IDABEL LAKE 3","2023081912",0,18.3,33,7.8,324,19.5,88.187,4.897,23.665,0,93.083,9.835,38.02,166.489,517.646,184.571,4,,,,,,,,,,,,,,
"876","IDABEL LAKE 3","2023081913",0,17.8,32,9.2,309,18.3,88.522,5.513,25.774,,,,,,,,,,,,,,,,,,,,,,
"876","IDABEL LAKE 3","2023081914",0,17.8,32,10.3,304,20,88.817,6.08,27.571,,,,,,,,,,,,,,,,,,,,,,
"876","IDABEL LAKE 3","2023081915",0,18.7,28,7.1,323,16,89.202,5.468,25.627,,,,,,,,,,,,,,,,,,,,,,
"876","IDABEL LAKE 3","2023081916",0,18.8,26,7.2,313,14.9,89.601,5.82,26.756,,,,,,,,,,,,,,,,,,,,,,
"876","IDABEL LAKE 3","2023081917",0,17.9,28,6.5,322,15.4,89.854,5.826,26.775,,,,,,,,,,,,,,,,,,,,,,
"876","IDABEL LAKE 3","2023081918",0,15.8,32,3.8,330,10.2,89.917,5.131,24.516,,,,,,,,,,,,,,,,,,,,,,
"876","IDABEL LAKE 3","2023081919",0,11.3,47,3.1,4,6.8,89.812,4.879,23.665,,,,,,,,,,,,,,,,,,,,,,
"876","IDABEL LAKE 3","2023081920",0,8,54,2.7,350,4.5,89.594,4.634,22.823,,,,,,,,,,,,,,,,,,,,,,
"876","IDABEL LAKE 3","2023081921",0,7.6,58,4.8,41,12,89.304,4.942,23.88,,,,,,,,,,,,,,,,,,,,,,
"876","IDABEL LAKE 3","2023081922",0,7,58,3.4,318,11.4,89.053,4.442,22.146,,,,,,,,,,,,,,,,,,,,,,
"876","IDABEL LAKE 3","2023081923",0,5.8,61,3.5,355,12,88.772,4.288,21.595,,,,,,,,,,,,,,,,,,,,,,
"882","SICAMOUS","2023081900",0,7,60,6.8,359,13.1,89.184,5.373,23.311,,,,,,,,,,,,,,,,,,,,,,
"882","SICAMOUS","2023081901",0,6.6,61,5.8,350,11.4,88.867,4.881,21.778,,,,,,,,,,,,,,,,,,,,,,
"882","SICAMOUS","2023081902",0,6.1,67,5.9,358,10.8,88.471,4.635,20.984,,,,,,,,,,,,,,,,,,,,,,
"882","SICAMOUS","2023081903",0,5.8,67,5.1,346,7.9,88.119,4.232,19.652,,,,,,,,,,,,,,,,,,,,,,
"882","SICAMOUS","2023081904",0,5.2,72,6,354,8.5,87.696,4.168,19.435,,,,,,,,,,,,,,,,,,,,,,
"882","SICAMOUS","2023081905",0,4.9,74,6.3,353,9.1,87.268,3.981,18.793,,,,,,,,,,,,,,,,,,,,,,
"882","SICAMOUS","2023081906",0,5.7,72,4.2,14,8.5,86.94,3.418,16.785,,,,,,,,,,,,,,,,,,,,,,
"882","SICAMOUS","2023081907",0,8.7,64,3.6,140,6.2,86.795,3.248,16.155,,,,,,,,,,,,,,,,,,,,,,
"882","SICAMOUS","2023081908",0,12.6,54,4.5,166,9.7,86.843,3.422,16.802,,,,,,,,,,,,,,,,,,,,,,
"882","SICAMOUS","2023081909",0,13.9,48,5.4,165,10.2,86.891,3.606,17.468,,,,,,,,,,,,,,,,,,,,,,
"882","SICAMOUS","2023081910",0,15.8,46,6.5,171,11.4,86.99,3.865,18.389,,,,,,,,,,,,,,,,,,,,,,
"882","SICAMOUS","2023081911",0,16.5,47,9.3,182,16,87.074,4.504,20.558,,,,,,,,,,,,,,,,,,,,,,
"882","SICAMOUS","2023081912",0,17.8,41,8,190,15.4,87.311,4.363,20.091,0,90.71,7.101,28.496,90.57,721.685,137.881,5,,,,,,,,,,,,,,
"882","SICAMOUS","2023081913",0,18.9,38,7.8,172,13.1,87.624,4.517,20.761,,,,,,,,,,,,,,,,,,,,,,
"882","SICAMOUS","2023081914",0,19.1,37,7.4,74,19.5,87.926,4.623,21.109,,,,,,,,,,,,,,,,,,,,,,
"882","SICAMOUS","2023081915",0,19.1,36,8.3,174,13.1,88.22,5.046,22.469,,,,,,,,,,,,,,,,,,,,,,
"882","SICAMOUS","2023081916",0,20.3,28,7.2,337,16.6,88.745,5.147,22.789,,,,,,,,,,,,,,,,,,,,,,
"882","SICAMOUS","2023081917",0,19.8,27,6.6,348,16,89.205,5.335,23.372,,,,,,,,,,,,,,,,,,,,,,
"882","SICAMOUS","2023081918",0,18.4,32,4,344,12,89.401,4.813,21.728,,,,,,,,,,,,,,,,,,,,,,
"882","SICAMOUS","2023081919",0,14.4,43,6.4,10,10.2,89.427,5.452,23.734,,,,,,,,,,,,,,,,,,,,,,
"882","SICAMOUS","2023081920",0,12,46,6,357,13.1,89.371,5.3,23.266,,,,,,,,,,,,,,,,,,,,,,
"882","SICAMOUS","2023081921",0,11.6,46,6.2,32,13.7,89.315,5.311,23.3,,,,,,,,,,,,,,,,,,,,,,
"882","SICAMOUS","2023081922",0,12.6,43,10.5,350,16.6,89.32,6.601,27.105,,,,,,,,,,,,,,,,,,,,,,
"882","SICAMOUS","2023081923",0,11.6,47,9.7,356,15.4,89.241,6.269,26.16,,,,,,,,,,,,,,,,,,,,,,
"886","GOATHAVEN","2023081900",0,10.4,46,4.6,45,12.5,93.89,9.366,32.918,,,,,,,,,,,,,,,,,,,,,,
"886","GOATHAVEN","2023081901",0,9.5,50,5.4,20,14.3,93.364,9.063,32.203,,,,,,,,,,,,,,,,,,,,,,
"886","GOATHAVEN","2023081902",0,6.6,63,2.3,44,14.3,92.726,7.09,27.269,,,,,,,,,,,,,,,,,,,,,,
"886","GOATHAVEN","2023081903",0,4.2,74,2,120,5.6,91.965,6.274,25.057,,,,,,,,,,,,,,,,,,,,,,
"886","GOATHAVEN","2023081904",0,3.2,79,2.3,158,5.6,91.161,5.683,23.379,,,,,,,,,,,,,,,,,,,,,,
"886","GOATHAVEN","2023081905",0,1.9,86,0,65,5.1,90.451,4.573,20.018,,,,,,,,,,,,,,,,,,,,,,
"886","GOATHAVEN","2023081906",0,2.3,86,2.4,192,4.5,89.6,4.569,20.005,,,,,,,,,,,,,,,,,,,,,,
"886","GOATHAVEN","2023081907",0,5.1,79,2.3,122,5.6,88.967,4.151,18.654,,,,,,,,,,,,,,,,,,,,,,
"886","GOATHAVEN","2023081908",0,9,60,3.2,207,6.2,88.719,4.192,18.787,,,,,,,,,,,,,,,,,,,,,,
"886","GOATHAVEN","2023081909",0,12.2,50,3.3,218,6.8,88.673,4.185,18.766,,,,,,,,,,,,,,,,,,,,,,
"886","GOATHAVEN","2023081910",0,15.1,45,4.9,190,7.9,88.722,4.569,20.004,,,,,,,,,,,,,,,,,,,,,,
"886","GOATHAVEN","2023081911",0,17.7,35,8.2,16,13.7,88.898,5.533,22.944,,,,,,,,,,,,,,,,,,,,,,
"886","GOATHAVEN","2023081912",0,18.8,33,7.9,15,16.6,89.134,5.638,23.25,0,93.023,9.802,34.269,86.871,571.889,125.922,4,,,,,,,,,,,,,,
"886","GOATHAVEN","2023081913",0,19.4,32,7.2,105,18.3,89.381,5.639,23.501,,,,,,,,,,,,,,,,,,,,,,
"886","GOATHAVEN","2023081914",0,20.8,30,6.6,62,14.3,89.694,5.722,23.744,,,,,,,,,,,,,,,,,,,,,,
"886","GOATHAVEN","2023081915",0,20.5,31,9,42,20,89.932,6.682,26.453,,,,,,,,,,,,,,,,,,,,,,
"886","GOATHAVEN","2023081916",0,19.5,33,6.6,92,23.5,90.044,6.017,24.595,,,,,,,,,,,,,,,,,,,,,,
"886","GOATHAVEN","2023081917",0,18.6,34,11.3,53,24.6,90.094,7.679,29.095,,,,,,,,,,,,,,,,,,,,,,
"886","GOATHAVEN","2023081918",0,16.7,38,8,67,21.2,90.143,6.549,26.087,,,,,,,,,,,,,,,,,,,,,,
"886","GOATHAVEN","2023081919",0,15.3,41,8.3,82,25.8,90.145,6.65,26.365,,,,,,,,,,,,,,,,,,,,,,
"886","GOATHAVEN","2023081920",0,14.6,44,10.5,43,29.2,90.075,7.356,28.255,,,,,,,,,,,,,,,,,,,,,,
"886","GOATHAVEN","2023081921",0,14.2,46,10.7,34,26.4,89.967,7.316,28.151,,,,,,,,,,,,,,,,,,,,,,
"886","GOATHAVEN","2023081922",0,13.9,47,9.2,8,22.9,89.852,6.673,26.426,,,,,,,,,,,,,,,,,,,,,,
"886","GOATHAVEN","2023081923",0,8.6,67,3.7,94,16.6,89.392,4.735,20.752,,,,,,,,,,,,,,,,,,,,,,
"904","HAGENSBORG 2","2023081900",0,11.6,91,2.4,126,6.2,86.422,2.9,8.989,,,,,,,,,,33.8,,,,,,,,3,1227.247,,,
"904","HAGENSBORG 2","2023081901",0,10.5,95,2.6,142,6.8,85.377,2.531,7.982,,,,,,,,,,34.1,,,,,,,,3,1227.24,,,
"904","HAGENSBORG 2","2023081902",0,9.8,97,3.3,110,5.6,84.291,2.26,7.211,,,,,,,,,,33.6,,,,,,,,3,1227.285,,,
"904","HAGENSBORG 2","2023081903",0,9,99,1.9,122,3.3,83.24,1.833,5.929,,,,,,,,,,33.2,,,,,,,,3,1227.319,,,
"904","HAGENSBORG 2","2023081904",0,8.6,98,1.8,172,6.2,82.389,1.637,5.309,,,,,,,,,,33.7,,,,,,,,3,1227.834,,,
"904","HAGENSBORG 2","2023081905",0,8.2,99,3.7,106,7.9,81.489,1.616,5.24,,,,,,,,,,32.8,,,,,,,,3,1227.848,,,
"904","HAGENSBORG 2","2023081906",0,7.7,99,2.6,88,4.5,80.723,1.401,4.526,,,,,,,,,,32.5,,,,,,,,3,1227.849,,,
"904","HAGENSBORG 2","2023081907",0,8.9,96,0,191,3.9,80.345,1.179,3.751,,,,,,,,,,29.8,,,,,,,,3,1227.836,,,
"904","HAGENSBORG 2","2023081908",0,12.7,83,2.3,154,7.9,80.391,1.331,4.286,,,,,,,,,,18.1,,,,,,,,3,1227.768,,,
"904","HAGENSBORG 2","2023081909",0,17,59,2.5,295,5.6,80.845,1.413,4.567,,,,,,,,,,28,,,,,,,,3,1227.671,,,
"904","HAGENSBORG 2","2023081910",0,19.1,47,3.4,84,7.9,81.615,1.616,5.239,,,,,,,,,,33,,,,,,,,3,1227.092,,,
"904","HAGENSBORG 2","2023081911",0,20.9,40,5.3,108,9.7,82.627,2.012,6.478,,,,,,,,,,32.6,,,,,,,,3,1227.051,,,
"904","HAGENSBORG 2","2023081912",0,22.4,40,5.5,260,9.7,83.599,2.302,7.335,0,89.445,5.224,15.117,35.055,491.623,59.503,3,,32.6,,,,,,,,3,1227.021,,,
"904","HAGENSBORG 2","2023081913",0,24.1,39,8.7,245,13.1,84.635,3.108,9.985,,,,,,,,,,32.1,,,,,,,,3,1227.006,,,
"904","HAGENSBORG 2","2023081914",0,23.6,38,16.8,248,21.8,85.635,5.365,15.428,,,,,,,,,,31.8,,,,,,,,3,1226.01,,,
"904","HAGENSBORG 2","2023081915",0,24.2,39,17.8,247,27.5,86.472,6.346,17.504,,,,,,,,,,31.1,,,,,,,,3,1226.009,,,
"904","HAGENSBORG 2","2023081916",0,24.3,41,17.6,267,24.1,87.092,6.861,18.542,,,,,,,,,,30.3,,,,,,,,3,1225.5,,,
"904","HAGENSBORG 2","2023081917",0,23.5,42,20.7,276,32.1,87.548,8.56,21.763,,,,,,,,,,30.1,,,,,,,,3,1225.479,,,
"904","HAGENSBORG 2","2023081918",0,22.5,47,21.8,278,31,87.723,9.278,23.044,,,,,,,,,,29.6,,,,,,,,3,1226.042,,,
"904","HAGENSBORG 2","2023081919",0,21.4,52,14,286,26.9,87.772,6.306,17.421,,,,,,,,,,29.9,,,,,,,,3,1226.046,,,
"904","HAGENSBORG 2","2023081920",0,19.1,64,4.4,341,18.9,87.642,3.816,11.817,,,,,,,,,,30.7,,,,,,,,3,1227.1,,,
"904","HAGENSBORG 2","2023081921",0,16.2,80,2.9,112,12.5,87.092,3.271,10.42,,,,,,,,,,27.6,,,,,,,,3,1227.141,,,
"904","HAGENSBORG 2","2023081922",0,14.1,85,2.2,138,6.8,86.453,2.884,9.375,,,,,,,,,,29.6,,,,,,,,3,1227.153,,,
"904","HAGENSBORG 2","2023081923",0,12.9,90,5,91,8.5,85.597,2.945,9.543,,,,,,,,,,30.1,,,,,,,,3,1227.218,,,
"905","DOWNIE","2023081900",0,6.4,95,2.8,0,5,79.739,1.275,4.671,,,,,,,,,,,,,,,,,,,,12228.8,,
"905","DOWNIE","2023081901",0,5.9,97,2.7,38,5.3,79.296,1.214,4.436,,,,,,,,,,,,,,,,,,,,12228.8,,
"905","DOWNIE","2023081902",0,5.5,97,4.2,46,5.4,78.872,1.257,4.604,,,,,,,,,,,,,,,,,,,,12228.8,,
"905","DOWNIE","2023081903",0,5,97,3.4,22,5.5,78.499,1.167,4.255,,,,,,,,,,,,,,,,,,,,12228.8,,
"905","DOWNIE","2023081904",0,4.8,97,2.5,11,5,78.172,1.084,3.925,,,,,,,,,,,,,,,,,,,,12228.8,,
"905","DOWNIE","2023081905",0,4.6,98,2.1,325,4.8,77.82,1.032,3.711,,,,,,,,,,,,,,,,,,,,12228.8,,
"905","DOWNIE","2023081906",0,5.3,98,0.4,359,5.3,77.535,0.925,3.269,,,,,,,,,,,,,,,,,,,,12228.8,,
"905","DOWNIE","2023081907",0,6.5,98,1,57,3.9,77.255,0.933,3.302,,,,,,,,,,,,,,,,,,,,12228.8,,
"905","DOWNIE","2023081908",0,9.7,97,3.8,192,5.7,77.04,1.058,3.817,,,,,,,,,,,,,,,,,,,,12228.8,,
"905","DOWNIE","2023081909",0,15,59,5.3,224,8.5,77.765,1.207,4.409,,,,,,,,,,,,,,,,,,,,12228.8,,
"905","DOWNIE","2023081910",0,18.1,50,6.4,229,15.5,78.807,1.396,5.127,,,,,,,,,,,,,,,,,,,,12228.8,,
"905","DOWNIE","2023081911",0,20.3,37,7.3,269,15.8,80.272,1.691,6.182,,,,,,,,,,,,,,,,,,,,12228.8,,
"905","DOWNIE","2023081912",0,23,29,9.6,258,19.1,82.108,2.343,8.322,0,91.106,8.145,22.87,44.865,400.589,70.103,4,,,,,,,,,,,,12228.8,,
"905","DOWNIE","2023081913",0,25.8,22,10.9,223,23.9,84.252,3.297,11.565,,,,,,,,,,,,,,,,,,,,12228.8,,
"905","DOWNIE","2023081914",0,26.8,24,10.5,225,19.7,86.018,4.121,13.804,,,,,,,,,,,,,,,,,,,,12228.8,,
"905","DOWNIE","2023081915",0,26.5,20,8.7,283,22.3,87.586,4.701,15.281,,,,,,,,,,,,,,,,,,,,12228.8,,
"905","DOWNIE","2023081916",0,26.7,24,9.6,227,20.5,88.732,5.798,17.887,,,,,,,,,,,,,,,,,,,,12228.8,,
"905","DOWNIE","2023081917",0,25,27,7.7,240,20.6,89.429,5.823,17.943,,,,,,,,,,,,,,,,,,,,12228.8,,
"905","DOWNIE","2023081918",0,22,35,2.6,204,19,89.605,4.619,15.075,,,,,,,,,,,,,,,,,,,,12228.8,,
"905","DOWNIE","2023081919",0,15.5,50,4,35,6.9,89.511,4.89,15.744,,,,,,,,,,,,,,,,,,,,12228.8,,
"905","DOWNIE","2023081920",0,12.7,56,3.3,36,8.3,89.299,4.579,14.976,,,,,,,,,,,,,,,,,,,,12228.8,,
"905","DOWNIE","2023081921",0,11.3,61,3.4,34,6.3,89.009,4.414,14.56,,,,,,,,,,,,,,,,,,,,12228.8,,
"905","DOWNIE","2023081922",0,10,67,2.8,10,5.7,88.64,4.062,13.651,,,,,,,,,,,,,,,,,,,,12228.8,,
"905","DOWNIE","2023081923",0,8.9,71,1.8,0,5.7,88.249,3.651,12.552,,,,,,,,,,,,,,,,,,,,12228.8,,
"919","GOLDSTREAM 2","2023081900",0,3.8,96,4.6,37,12.7,28.817,0.003,0.005,,,,,,,,,,,,,,,,,,,,9198.8,,
"919","GOLDSTREAM 2","2023081901",0,3.4,98,6.7,31,12.9,29.024,0.004,0.006,,,,,,,,,,,,,,,,,,,,9198.8,,
"919","GOLDSTREAM 2","2023081902",0,3.6,98,4.7,32,9.9,29.213,0.004,0.006,,,,,,,,,,,,,,,,,,,,9198.8,,
"919","GOLDSTREAM 2","2023081903",0,3.2,99,3.4,50,9.6,29.314,0.003,0.006,,,,,,,,,,,,,,,,,,,,9198.8,,
"919","GOLDSTREAM 2","2023081904",0,3.4,99,4.1,33,8.5,29.42,0.004,0.006,,,,,,,,,,,,,,,,,,,,9198.8,,
"919","GOLDSTREAM 2","2023081905",0,3.1,99,0.1,304,8.9,29.487,0.003,0.005,,,,,,,,,,,,,,,,,,,,9198.8,,
"919","GOLDSTREAM 2","2023081906",0.2,2.9,99,0,155,3.9,28.225,0.002,0.004,,,,,,,,,,,,,,,,,,,,9199,,
"919","GOLDSTREAM 2","2023081907",0,4.2,99,0.1,206,3.7,28.293,0.002,0.004,,,,,,,,,,,,,,,,,,,,9199,,
"919","GOLDSTREAM 2","2023081908",0,5.5,99,0.5,157,5.5,28.373,0.002,0.004,,,,,,,,,,,,,,,,,,,,9199,,
"919","GOLDSTREAM 2","2023081909",0,7.6,98,0.6,102,6.8,28.516,0.002,0.004,,,,,,,,,,,,,,,,,,,,9199,,
"919","GOLDSTREAM 2","2023081910",0,11.3,78,5.3,222,10.7,30.409,0.005,0.009,,,,,,,,,,,,,,,,,,,,9199,,
"919","GOLDSTREAM 2","2023081911",0,13.6,73,8.8,199,13,33.04,0.012,0.02,,,,,,,,,,,,,,,,,,,,9199,,
"919","GOLDSTREAM 2","2023081912",0,16.6,55,8.3,210,14.4,36.865,0.028,0.048,4.4,62.956,0.732,1.195,23.444,289.61,38.995,2,,,,,,,,,,,,9199,,
"919","GOLDSTREAM 2","2023081913",0,18.1,40,12.2,211,19.8,41.807,0.09,0.126,,,,,,,,,,,,,,,,,,,,9199,,
"919","GOLDSTREAM 2","2023081914",0,19.2,38,11.6,233,27.1,46.727,0.191,0.27,,,,,,,,,,,,,,,,,,,,9199,,
"919","GOLDSTREAM 2","2023081915",0,18.8,37,13.6,208,28,51.453,0.386,0.545,,,,,,,,,,,,,,,,,,,,9199,,
"919","GOLDSTREAM 2","2023081916",0,19.1,35,10.6,233,24.5,55.75,0.509,0.719,,,,,,,,,,,,,,,,,,,,9199,,
"919","GOLDSTREAM 2","2023081917",0,17.6,39,10,208,22.9,59.288,0.647,0.914,,,,,,,,,,,,,,,,,,,,9199,,
"919","GOLDSTREAM 2","2023081918",0,16,49,6.6,15,15.2,61.784,0.633,0.895,,,,,,,,,,,,,,,,,,,,9199,,
"919","GOLDSTREAM 2","2023081919",0,10.4,63,11.9,20,17.3,63.446,0.899,1.872,,,,,,,,,,,,,,,,,,,,9199,,
"919","GOLDSTREAM 2","2023081920",0,10,61,9.9,30,17.6,64.972,0.868,1.76,,,,,,,,,,,,,,,,,,,,9199,,
"919","GOLDSTREAM 2","2023081921",0,9,61,9.4,25,16.5,66.33,0.891,1.843,,,,,,,,,,,,,,,,,,,,9199,,
"919","GOLDSTREAM 2","2023081922",0,8.5,61,7.1,40,12.9,67.507,0.826,1.604,,,,,,,,,,,,,,,,,,,,9199,,
"919","GOLDSTREAM 2","2023081923",0,8.3,64,2.9,24,12.1,68.383,0.688,0.971,,,,,,,,,,,,,,,,,,,,9199,,
"934","MESACHIE 2","2023081900",0,9,92,3.1,80,12,86.17,2.9,12.216,,,,,,,,,,,,,,,,,,,,,,
"934","MESACHIE 2","2023081901",0,7.9,96,3.9,102,6.2,85.094,2.598,11.181,,,,,,,,,,,,,,,,,,,,,,
"934","MESACHIE 2","2023081902",0,7.1,96,3.3,117,6.2,84.168,2.223,9.826,,,,,,,,,,,,,,,,,,,,,,
"934","MESACHIE 2","2023081903",0,6.6,98,2.3,139,5.1,83.242,1.871,8.479,,,,,,,,,,,,,,,,,,,,,,
"934","MESACHIE 2","2023081904",0,6.2,98,4.1,120,6.2,82.358,1.831,8.323,,,,,,,,,,,,,,,,,,,,,,
"934","MESACHIE 2","2023081905",0,6.3,99,3.1,118,5.6,81.513,1.572,7.266,,,,,,,,,,,,,,,,,,,,,,
"934","MESACHIE 2","2023081906",0,6.3,99,2.8,133,5.6,80.759,1.421,6.62,,,,,,,,,,,,,,,,,,,,,,
"934","MESACHIE 2","2023081907",0,10.6,94,2.7,158,7.4,80.388,1.358,6.343,,,,,,,,,,,,,,,,,,,,,,
"934","MESACHIE 2","2023081908",0,13.5,81,1.7,142,5.6,80.436,1.298,6.077,,,,,,,,,,,,,,,,,,,,,,
"934","MESACHIE 2","2023081909",0,18.3,61,3.4,139,5.6,80.902,1.488,6.909,,,,,,,,,,,,,,,,,,,,,,
"934","MESACHIE 2","2023081910",0,20.9,44,4.4,108,8.5,81.856,1.749,7.992,,,,,,,,,,,,,,,,,,,,,,
"934","MESACHIE 2","2023081911",0,24.1,41,4.2,356,8.5,82.95,1.983,8.917,,,,,,,,,,,,,,,,,,,,,,
"934","MESACHIE 2","2023081912",0,26.1,31,4.8,343,12.5,84.394,2.471,10.731,0,93.22,8.619,27.977,64.136,483.344,96.319,4,,,,,,,,,,,,,,
"934","MESACHIE 2","2023081913",0,27.5,23,8.6,125,16,86.186,3.834,15.625,,,,,,,,,,,,,,,,,,,,,,
"934","MESACHIE 2","2023081914",0,27.6,21,9.6,125,18.9,87.789,5.065,19.222,,,,,,,,,,,,,,,,,,,,,,
"934","MESACHIE 2","2023081915",0,27.5,23,10.5,142,20.6,89.015,6.318,22.537,,,,,,,,,,,,,,,,,,,,,,
"934","MESACHIE 2","2023081916",0,27.5,24,6.7,121,17.2,89.903,5.926,21.533,,,,,,,,,,,,,,,,,,,,,,
"934","MESACHIE 2","2023081917",0,26.6,26,4.6,143,16.6,90.479,5.789,21.174,,,,,,,,,,,,,,,,,,,,,,
"934","MESACHIE 2","2023081918",0,23.1,42,2.9,155,10.2,90.529,5.352,20.009,,,,,,,,,,,,,,,,,,,,,,
"934","MESACHIE 2","2023081919",0,17.8,57,2.1,203,7.4,90.244,4.935,18.862,,,,,,,,,,,,,,,,,,,,,,
"934","MESACHIE 2","2023081920",0,14,68,3.4,152,6.2,89.714,4.884,18.718,,,,,,,,,,,,,,,,,,,,,,
"934","MESACHIE 2","2023081921",0,12.3,74,2.6,50,6.8,89.121,4.309,17.061,,,,,,,,,,,,,,,,,,,,,,
"934","MESACHIE 2","2023081922",0,11.8,75,3.7,217,9.1,88.543,4.192,16.713,,,,,,,,,,,,,,,,,,,,,,
"934","MESACHIE 2","2023081923",0,9.9,83,2.1,270,7.9,87.856,3.504,14.586,,,,,,,,,,,,,,,,,,,,,,
"938","PINE CREEK","2023081900",0,9.6,57,6.1,304,13.1,87.343,3.983,7.606,,,,,,,,,,,,,,,,,,,,6365.6,,
"938","PINE CREEK","2023081901",0,9,59,6.9,271,13.8,87.229,4.08,7.771,,,,,,,,,,,,,,,,,,,,6365.6,,
"938","PINE CREEK","2023081902",0,9.1,59,7.4,274,17.5,87.124,4.122,7.842,,,,,,,,,,,,,,,,,,,,6365.6,,
"938","PINE CREEK","2023081903",0,9.4,58,6.2,292,13.2,87.053,3.841,7.361,,,,,,,,,,,,,,,,,,,,6365.6,,
"938","PINE CREEK","2023081904",0,8.1,64,1.5,111,7.1,86.914,2.972,5.79,,,,,,,,,,,,,,,,,,,,6365.6,,
"938","PINE CREEK","2023081905",0,8.2,63,2.8,310,4.9,86.789,3.117,6.063,,,,,,,,,,,,,,,,,,,,6365.6,,
"938","PINE CREEK","2023081906",0,7.8,66,0.6,219,4.9,86.652,2.737,5.34,,,,,,,,,,,,,,,,,,,,6365.6,,
"938","PINE CREEK","2023081907",0,7.4,71,2.6,175,6.9,86.417,2.927,5.706,,,,,,,,,,,,,,,,,,,,6365.6,,
"938","PINE CREEK","2023081908",0,11.1,60,1,66,3.8,86.412,2.699,5.266,,,,,,,,,,,,,,,,,,,,6365.6,,
"938","PINE CREEK","2023081909",0,11.6,61,6.3,74,8.6,86.384,3.511,6.781,,,,,,,,,,,,,,,,,,,,6365.6,,
"938","PINE CREEK","2023081910",0,12.2,59,6.8,61,11.8,86.402,3.61,6.956,,,,,,,,,,,,,,,,,,,,6365.6,,
"938","PINE CREEK","2023081911",0,13.5,56,7.2,96,12.4,86.45,3.709,7.13,,,,,,,,,,,,,,,,,,,,6365.6,,
"938","PINE CREEK","2023081912",0,15,52,8.1,79,16.6,86.498,3.907,7.475,0,87.899,4.77,9.407,16.151,369.197,29.118,3,,,,,,,,,,,,6365.6,,
"938","PINE CREEK","2023081913",0,15.3,48,7.9,15,20.6,86.593,3.92,7.935,,,,,,,,,,,,,,,,,,,,6365.6,,
"938","PINE CREEK","2023081914",0,16,43,11.1,15,17.5,86.805,4.747,9.368,,,,,,,,,,,,,,,,,,,,6365.6,,
"938","PINE CREEK","2023081915",0,15.3,43,11.2,53,17,86.974,4.887,9.601,,,,,,,,,,,,,,,,,,,,6365.6,,
"938","PINE CREEK","2023081916",0,15.2,45,8.5,39,18,87.074,4.326,8.651,,,,,,,,,,,,,,,,,,,,6365.6,,
"938","PINE CREEK","2023081917",0,15.3,40,6.9,41,12.6,87.266,4.102,8.259,,,,,,,,,,,,,,,,,,,,6365.6,,
"938","PINE CREEK","2023081918",0,15.2,41,3.5,302,9.4,87.404,3.525,7.213,,,,,,,,,,,,,,,,,,,,6365.6,,
"938","PINE CREEK","2023081919",0,14.5,43,0,337,5.6,87.472,2.984,6.178,,,,,,,,,,,,,,,,,,,,6365.6,,
"938","PINE CREEK","2023081920",0,13.3,45,5.2,266,5.8,87.521,3.904,7.907,,,,,,,,,,,,,,,,,,,,6365.6,,
"938","PINE CREEK","2023081921",0,12.9,46,4.9,250,5.9,87.57,3.873,7.85,,,,,,,,,,,,,,,,,,,,6365.6,,
"938","PINE CREEK","2023081922",0,13.1,47,6.7,264,10.8,87.619,4.27,8.554,,,,,,,,,,,,,,,,,,,,6365.6,,
"938","PINE CREEK","2023081923",0,13.1,46,8.3,289,14.9,87.668,4.662,9.225,,,,,,,,,,,,,,,,,,,,6365.6,,
"944","TS SAN JUAN","2023081900",0,8.1,97,3.1,205,6.1,81.021,1.486,6.213,,,,,,,,,,,,,,,,,,,,7052.6,,
"944","TS SAN JUAN","2023081901",0,8,97,3.1,206,5.4,80.434,1.392,5.838,,,,,,,,,,,,,,,,,,,,7052.6,,
"944","TS SAN JUAN","2023081902",0,7.9,98,3.6,214,5.9,79.825,1.339,5.621,,,,,,,,,,,,,,,,,,,,7052.6,,
"944","TS SAN JUAN","2023081903",0,7.5,98,4,221,5.6,79.273,1.293,5.432,,,,,,,,,,,,,,,,,,,,7052.6,,
"944","TS SAN JUAN","2023081904",0,7.4,98,3.2,226,7.1,78.791,1.187,4.983,,,,,,,,,,,,,,,,,,,,7052.6,,
"944","TS SAN JUAN","2023081905",0,7.3,98,2.5,220,5.9,78.368,1.103,4.62,,,,,,,,,,,,,,,,,,,,7052.6,,
"944","TS SAN JUAN","2023081906",0,7.7,98,4,228,6,77.962,1.149,4.82,,,,,,,,,,,,,,,,,,,,7052.6,,
"944","TS SAN JUAN","2023081907",0,10.7,97,1.9,210,5.3,77.699,1.011,4.214,,,,,,,,,,,,,,,,,,,,7052.6,,
"944","TS SAN JUAN","2023081908",0,15.6,88,0,184,3.8,77.76,0.924,3.813,,,,,,,,,,,,,,,,,,,,7052.6,,
"944","TS SAN JUAN","2023081909",0,19.5,55,2,4,6.3,78.584,1.096,4.591,,,,,,,,,,,,,,,,,,,,7052.6,,
"944","TS SAN JUAN","2023081910",0,20.7,42,3,13,7.2,79.781,1.293,5.432,,,,,,,,,,,,,,,,,,,,7052.6,,
"944","TS SAN JUAN","2023081911",0,21.7,38,3.6,355,7.4,81.054,1.529,6.386,,,,,,,,,,,,,,,,,,,,7052.6,,
"944","TS SAN JUAN","2023081912",0,24.3,33,5.8,353,13.6,82.601,2.056,8.351,0,90.737,6.381,21.032,53.033,484.175,83.266,4,,,,,,,,,,,,7052.6,,
"944","TS SAN JUAN","2023081913",0,25.1,33,7.8,328,14.3,84.049,2.744,11.041,,,,,,,,,,,,,,,,,,,,7052.6,,
"944","TS SAN JUAN","2023081914",0,23.9,41,6.3,5,14.4,84.896,2.854,11.399,,,,,,,,,,,,,,,,,,,,7052.6,,
"944","TS SAN JUAN","2023081915",0,23.6,44,7.8,11,14.7,85.542,3.365,13.006,,,,,,,,,,,,,,,,,,,,7052.6,,
"944","TS SAN JUAN","2023081916",0,23.1,40,5.2,5,11.9,86.158,3.218,12.553,,,,,,,,,,,,,,,,,,,,7052.6,,
"944","TS SAN JUAN","2023081917",0,21.6,44,4.1,1,10,86.518,3.203,12.507,,,,,,,,,,,,,,,,,,,,7052.6,,
"944","TS SAN JUAN","2023081918",0,19.8,63,0.4,310,7.7,86.566,2.676,10.818,,,,,,,,,,,,,,,,,,,,7052.6,,
"944","TS SAN JUAN","2023081919",0,14.4,85,0.2,204,4.4,86.07,2.47,10.124,,,,,,,,,,,,,,,,,,,,7052.6,,
"944","TS SAN JUAN","2023081920",0,11.3,90,4.3,214,6.2,85.296,2.726,10.982,,,,,,,,,,,,,,,,,,,,7052.6,,
"944","TS SAN JUAN","2023081921",0,10.1,94,2.9,231,6.7,84.438,2.259,9.389,,,,,,,,,,,,,,,,,,,,7052.6,,
"944","TS SAN JUAN","2023081922",0,10,94,3.8,232,6.8,83.65,2.128,8.921,,,,,,,,,,,,,,,,,,,,7052.6,,
"944","TS SAN JUAN","2023081923",0,9.5,95,4.4,194,8.6,82.877,1.984,8.398,,,,,,,,,,,,,,,,,,,,7052.6,,
"945","TS NAKA CREEK","2023081900",0,8.9,82,10.5,312,20.6,83.099,2.776,6.462,,,,,,,,,0,0,,0,0,0,0,0,,0,0,,0,
"945","TS NAKA CREEK","2023081901",0,7.1,90,2.8,355,15.4,82.692,1.788,4.152,,,,,,,,,0,0,,0,0,0,0,0,,0,0,,0,
"945","TS NAKA CREEK","2023081902",0,5.7,96,2.1,54,11.4,82.057,1.596,3.657,,,,,,,,,0,0,,0,0,0,0,0,,0,0,,0,
"945","TS NAKA CREEK","2023081903",0,7.9,95,8.8,304,19.5,81.408,2.07,4.846,,,,,,,,,0,0,,0,0,0,0,0,,0,0,,0,
"945","TS NAKA CREEK","2023081904",0,7.9,94,6.9,306,14.3,80.917,1.778,4.127,,,,,,,,,0,0,,0,0,0,0,0,,0,0,,0,
"945","TS NAKA CREEK","2023081905",0,7.6,99,3.7,352,11.4,80.181,1.397,3.123,,,,,,,,,0,0,,0,0,0,0,0,,0,0,,0,
"945","TS NAKA CREEK","2023081906",0,9,94,10.8,299,16.6,79.795,1.919,4.478,,,,,,,,,0,0,,0,0,0,0,0,,0,0,,0,
"945","TS NAKA CREEK","2023081907",0,9.4,93,6.8,327,16,79.541,1.529,3.481,,,,,,,,,0,0,,0,0,0,0,0,,0,0,,0,
"945","TS NAKA CREEK","2023081908",0,10.2,89,6.4,8,10.2,79.523,1.496,3.392,,,,,,,,,0,0,,0,0,0,0,0,,0,0,,0,
"945","TS NAKA CREEK","2023081909",0,11.9,83,6.8,39,12.5,79.575,1.534,3.494,,,,,,,,,0,0,,0,0,0,0,0,,0,0,,0,
"945","TS NAKA CREEK","2023081910",0,14.9,72,9.8,5,17.2,79.877,1.84,4.282,,,,,,,,,0,0,,0,0,0,0,0,,0,0,,0,
"945","TS NAKA CREEK","2023081911",0,16,69,13,330,18.3,80.266,2.251,5.277,,,,,,,,,0,0,,0,0,0,0,0,,0,0,,0,
"945","TS NAKA CREEK","2023081912",0,17.2,65,12.9,336,19.5,80.743,2.36,5.528,0,85.576,4.372,10.004,21.08,366.36,36.858,3,0,0,,0,0,0,0,0,,0,0,,0,
"945","TS NAKA CREEK","2023081913",0,17.4,64,15,345,24.6,81.216,2.767,6.69,,,,,,,,,0,0,,0,0,0,0,0,,0,0,,0,
"945","TS NAKA CREEK","2023081914",0,19.2,57,13.8,339,23.5,81.866,2.812,6.791,,,,,,,,,0,0,,0,0,0,0,0,,0,0,,0,
"945","TS NAKA CREEK","2023081915",0,19.3,56,15.9,322,24.1,82.485,3.372,8.002,,,,,,,,,0,0,,0,0,0,0,0,,0,0,,0,
"945","TS NAKA CREEK","2023081916",0,18.6,55,14.9,312,28.7,83.017,3.429,8.122,,,,,,,,,0,0,,0,0,0,0,0,,0,0,,0,
"945","TS NAKA CREEK","2023081917",0,16.7,62,20.8,311,34.4,83.281,4.775,10.764,,,,,,,,,0,0,,0,0,0,0,0,,0,0,,0,
"945","TS NAKA CREEK","2023081918",0,13.6,75,18.5,303,28.7,83.328,4.279,9.825,,,,,,,,,0,0,,0,0,0,0,0,,0,0,,0,
"945","TS NAKA CREEK","2023081919",0,12.4,81,13.2,317,24.6,83.182,3.215,7.67,,,,,,,,,0,0,,0,0,0,0,0,,0,0,,0,
"945","TS NAKA CREEK","2023081920",0,11.5,82,15.7,309,29.8,83.002,3.563,8.399,,,,,,,,,0,0,,0,0,0,0,0,,0,0,,0,
"945","TS NAKA CREEK","2023081921",0,10.9,84,18.2,304,27.5,82.755,3.916,9.114,,,,,,,,,0,0,,0,0,0,0,0,,0,0,,0,
"945","TS NAKA CREEK","2023081922",0,10,91,8.5,331,26.9,82.262,2.259,5.511,,,,,,,,,0,0,,0,0,0,0,0,,0,0,,0,
"945","TS NAKA CREEK","2023081923",0,7.8,97,3.7,153,16.6,81.537,1.625,3.908,,,,,,,,,0,0,,0,0,0,0,0,,0,0,,0,
"956","TS EFFINGHAM","2023081900",0,13.7,61,6.1,71,9.1,82.892,2.166,6.659,,,,,,,,,0,0,,0,0,0,0,0,,0,0,,0,
"956","TS EFFINGHAM","2023081901",0,13.4,61,5.8,61,10.2,83.066,2.181,6.703,,,,,,,,,0,0,,0,0,0,0,0,,0,0,,0,
"956","TS EFFINGHAM","2023081902",0,13.4,64,5.2,11,8.5,83.179,2.147,6.606,,,,,,,,,0,0,,0,0,0,0,0,,0,0,,0,
"956","TS EFFINGHAM","2023081903",0,12,69,10.1,314,17.7,83.226,2.765,8.301,,,,,,,,,0,0,,0,0,0,0,0,,0,0,,0,
"956","TS EFFINGHAM","2023081904",0,11.8,70,12.4,320,17.7,83.273,3.124,9.223,,,,,,,,,0,0,,0,0,0,0,0,,0,0,,0,
"956","TS EFFINGHAM","2023081905",0,12.2,67,10.7,324,17.7,83.32,2.885,8.613,,,,,,,,,0,0,,0,0,0,0,0,,0,0,,0,
"956","TS EFFINGHAM","2023081906",0,12.8,66,4.8,326,12.5,83.377,2.159,6.64,,,,,,,,,0,0,,0,0,0,0,0,,0,0,,0,
"956","TS EFFINGHAM","2023081907",0,12.6,68,5.9,334,8.5,83.424,2.296,7.028,,,,,,,,,0,0,,0,0,0,0,0,,0,0,,0,
"956","TS EFFINGHAM","2023081908",0,16.5,56,8.1,334,10.8,83.715,2.665,8.036,,,,,,,,,0,0,,0,0,0,0,0,,0,0,,0,
"956","TS EFFINGHAM","2023081909",0,18,50,10.3,314,14.3,84.164,3.161,9.316,,,,,,,,,0,0,,0,0,0,0,0,,0,0,,0,
"956","TS EFFINGHAM","2023081910",0,21,42,5.7,243,13.1,84.822,2.741,8.236,,,,,,,,,0,0,,0,0,0,0,0,,0,0,,0,
"956","TS EFFINGHAM","2023081911",0,22.3,35,9.7,175,18.9,85.73,3.802,10.869,,,,,,,,,0,0,,0,0,0,0,0,,0,0,,0,
"956","TS EFFINGHAM","2023081912",0,23.7,31,9.5,177,19.5,86.716,4.324,12.065,0,90.991,7.973,20.098,36.976,295.373,56.324,4,0,0,,0,0,0,0,0,,0,0,,0,
"956","TS EFFINGHAM","2023081913",0,24.1,28,8.1,180,14.9,87.659,4.609,13.304,,,,,,,,,0,0,,0,0,0,0,0,,0,0,,0,
"956","TS EFFINGHAM","2023081914",0,23.9,33,7,230,12.5,88.25,4.746,13.613,,,,,,,,,0,0,,0,0,0,0,0,,0,0,,0,
"956","TS EFFINGHAM","2023081915",0,23.2,34,8.7,299,18.3,88.704,5.519,15.293,,,,,,,,,0,0,,0,0,0,0,0,,0,0,,0,
"956","TS EFFINGHAM","2023081916",0,24.5,32,6.8,276,13.7,89.191,5.377,14.994,,,,,,,,,0,0,,0,0,0,0,0,,0,0,,0,
"956","TS EFFINGHAM","2023081917",0,23.5,31,4,210,13.7,89.571,4.932,14.026,,,,,,,,,0,0,,0,0,0,0,0,,0,0,,0,
"956","TS EFFINGHAM","2023081918",0,20.3,51,8.8,321,16,89.513,6.229,16.76,,,,,,,,,0,0,,0,0,0,0,0,,0,0,,0,
"956","TS EFFINGHAM","2023081919",0,19,40,3.5,13,12.5,89.562,4.803,13.741,,,,,,,,,0,0,,0,0,0,0,0,,0,0,,0,
"956","TS EFFINGHAM","2023081920",0,18,42,6.7,12,10.2,89.611,5.683,15.639,,,,,,,,,0,0,,0,0,0,0,0,,0,0,,0,
"956","TS EFFINGHAM","2023081921",0,17.5,43,6.5,2,10.2,89.66,5.666,15.603,,,,,,,,,0,0,,0,0,0,0,0,,0,0,,0,
"956","TS EFFINGHAM","2023081922",0,17.6,42,12.8,328,19.5,89.709,7.838,19.851,,,,,,,,,0,0,,0,0,0,0,0,,0,0,,0,
"956","TS EFFINGHAM","2023081923",0,17.9,38,11,347,16,89.758,7.209,18.676,,,,,,,,,0,0,,0,0,0,0,0,,0,0,,0,
"965","IRON CREEK YFS","2023081900",0,11.6,69,6.3,258,16.7,,,,,,,,,,,,,,,,,,,,,,,1705.1,,
"965","IRON CREEK YFS","2023081901",0,10.6,75,1.9,41,16.6,,,,,,,,,,,,,,,,,,,,,,,1705.1,,
"965","IRON CREEK YFS","2023081902",0,5.2,95,1.4,289,6.6,,,,,,,,,,,,,,,,,,,,,,,1705.1,,
"965","IRON CREEK YFS","2023081903",0,3.4,98,1.2,131,4.1,,,,,,,,,,,,,,,,,,,,,,,1705.1,,
"965","IRON CREEK YFS","2023081904",0,2.4,99,1.2,100,7.6,,,,,,,,,,,,,,,,,,,,,,,1705.1,,
"965","IRON CREEK YFS","2023081905",0,1.2,99,0,10,6.1,,,,,,,,,,,,,,,,,,,,,,,1705.1,,
"965","IRON CREEK YFS","2023081906",0,1.1,99,0,350,4,,,,,,,,,,,,,,,,,,,,,,,1705.1,,
"965","IRON CREEK YFS","2023081907",0,4.8,100,0.6,14,3,,,,,,,,,,,,,,,,,,,,,,,1705.1,,
"965","IRON CREEK YFS","2023081908",0,12.3,70,0.2,36,3.6,,,,,,,,,,,,,,,,,,,,,,,1705.1,,
"965","IRON CREEK YFS","2023081909",0,15.8,58,2.8,82,5.8,,,,,,,,,,,,,,,,,,,,,,,1705.1,,
"965","IRON CREEK YFS","2023081910",0,18,46,5.2,272,18.6,,,,,,,,,,,,,,,,,,,,,,,1705.1,,
"965","IRON CREEK YFS","2023081911",0,19.1,42,10,243,21.4,,,,,,,,,,,,,,,,,,,,,,,1705.1,,
"965","IRON CREEK YFS","2023081912",0,20.7,36,9.9,257,23,,,,1,,,,,,,,,,,,,,,,,,,1705.1,,
"965","IRON CREEK YFS","2023081913",0,22.3,32,7.8,290,29.5,,,,,,,,,,,,,,,,,,,,,,,1705.1,,
"965","IRON CREEK YFS","2023081914",0,21.5,32,7.3,301,28.2,,,,,,,,,,,,,,,,,,,,,,,1705.1,,
"965","IRON CREEK YFS","2023081915",0,22.7,30,9.7,277,23.3,,,,,,,,,,,,,,,,,,,,,,,1705.1,,
"965","IRON CREEK YFS","2023081916",0,22.9,31,5.2,278,21,,,,,,,,,,,,,,,,,,,,,,,1705.1,,
"965","IRON CREEK YFS","2023081917",0,21.7,32,6.7,236,21.8,,,,,,,,,,,,,,,,,,,,,,,1705.1,,
"965","IRON CREEK YFS","2023081918",0,20.9,38,3.8,230,18,,,,,,,,,,,,,,,,,,,,,,,1705.1,,
"965","IRON CREEK YFS","2023081919",0,16.3,66,1.4,249,8.8,,,,,,,,,,,,,,,,,,,,,,,1705.1,,
"965","IRON CREEK YFS","2023081920",0,12,90,0.6,226,2.8,,,,,,,,,,,,,,,,,,,,,,,1705.1,,
"965","IRON CREEK YFS","2023081921",0,8.3,95,1.6,237,3.3,,,,,,,,,,,,,,,,,,,,,,,1705.1,,
"965","IRON CREEK YFS","2023081922",0,6.4,97,3.1,319,5.7,,,,,,,,,,,,,,,,,,,,,,,1705.1,,
"965","IRON CREEK YFS","2023081923",0,6.1,99,3.8,33,7.6,,,,,,,,,,,,,,,,,,,,,,,1705.1,,
"977","ANDERSON CREEK","2023081900",0,9.6,57,2.4,111,6.8,90.648,5.309,25.051,,,,,,,,,0,0,,0,0,0,0,0,,0,0,,0,
"977","ANDERSON CREEK","2023081901",0,9.2,61,4.6,82,6.8,90.214,5.574,25.913,,,,,,,,,0,0,,0,0,0,0,0,,0,0,,0,
"977","ANDERSON CREEK","2023081902",0,8.9,61,4.1,66,7.4,89.827,5.142,24.5,,,,,,,,,0,0,,0,0,0,0,0,,0,0,,0,
"977","ANDERSON CREEK","2023081903",0,8.4,63,3.5,48,6.2,89.448,4.725,23.086,,,,,,,,,0,0,,0,0,0,0,0,,0,0,,0,
"977","ANDERSON CREEK","2023081904",0,8.5,64,3.5,75,6.2,89.084,4.485,22.247,,,,,,,,,0,0,,0,0,0,0,0,,0,0,,0,
"977","ANDERSON CREEK","2023081905",0,7.9,66,2.7,351,6.8,88.729,4.094,20.842,,,,,,,,,0,0,,0,0,0,0,0,,0,0,,0,
"977","ANDERSON CREEK","2023081906",0,10.5,56,4.4,21,9.1,88.564,4.355,21.788,,,,,,,,,0,0,,0,0,0,0,0,,0,0,,0,
"977","ANDERSON CREEK","2023081907",0,10.8,64,3,31,7.9,88.291,3.902,20.135,,,,,,,,,0,0,,0,0,0,0,0,,0,0,,0,
"977","ANDERSON CREEK","2023081908",0,16.1,44,4.1,307,6.8,88.34,4.154,21.062,,,,,,,,,0,0,,0,0,0,0,0,,0,0,,0,
"977","ANDERSON CREEK","2023081909",0,18.7,39,5.2,212,13.1,88.482,4.481,22.235,,,,,,,,,0,0,,0,0,0,0,0,,0,0,,0,
"977","ANDERSON CREEK","2023081910",0,20.4,34,6.4,202,12,88.787,4.973,23.934,,,,,,,,,0,0,,0,0,0,0,0,,0,0,,0,
"977","ANDERSON CREEK","2023081911",0,23,28,6.4,271,11.4,89.332,5.378,25.278,,,,,,,,,0,0,,0,0,0,0,0,,0,0,,0,
"977","ANDERSON CREEK","2023081912",0,24.6,26,6.4,213,20.6,89.934,5.863,26.834,0,94.209,10.719,40.26,149.301,618.31,186.2,4,0,0,,0,0,0,0,0,,0,0,,0,
"977","ANDERSON CREEK","2023081913",0,25.6,20,7.8,309,17.2,90.747,7.067,30.586,,,,,,,,,0,0,,0,0,0,0,0,,0,0,,0,
"977","ANDERSON CREEK","2023081914",0,26.7,19,6.4,310,24.1,91.499,7.33,31.347,,,,,,,,,0,0,,0,0,0,0,0,,0,0,,0,
"977","ANDERSON CREEK","2023081915",0,26.8,18,10.3,296,24.6,92.213,9.871,38.163,,,,,,,,,0,0,,0,0,0,0,0,,0,0,,0,
"977","ANDERSON CREEK","2023081916",0,26.1,18,10.1,286,28.1,92.755,10.548,39.842,,,,,,,,,0,0,,0,0,0,0,0,,0,0,,0,
"977","ANDERSON CREEK","2023081917",0,24.5,20,9.3,289,20.6,93.038,10.54,39.824,,,,,,,,,0,0,,0,0,0,0,0,,0,0,,0,
"977","ANDERSON CREEK","2023081918",0,22.3,20,8.1,307,18.3,93.197,10.145,38.849,,,,,,,,,0,0,,0,0,0,0,0,,0,0,,0,
"977","ANDERSON CREEK","2023081919",0,19.1,26,7.4,28,17.2,93.246,9.861,38.139,,,,,,,,,0,0,,0,0,0,0,0,,0,0,,0,
"977","ANDERSON CREEK","2023081920",0,18,28,7.7,18,13.1,93.238,10,38.487,,,,,,,,,0,0,,0,0,0,0,0,,0,0,,0,
"977","ANDERSON CREEK","2023081921",0,16.6,30,6.6,35,13.1,93.179,9.383,36.92,,,,,,,,,0,0,,0,0,0,0,0,,0,0,,0,
"977","ANDERSON CREEK","2023081922",0,15.4,32,6.6,42,13.7,93.075,9.247,36.569,,,,,,,,,0,0,,0,0,0,0,0,,0,0,,0,
"977","ANDERSON CREEK","2023081923",0,14.1,38,3.7,19,13.7,92.88,7.774,32.606,,,,,,,,,0,0,,0,0,0,0,0,,0,0,,0,
"995","TS ARTLISH","2023081900",0,9.7,92,0,133,0,86.174,2.482,6.597,,,,,,,,,0,0.2,,0,0,0,0,0,,1,0,,0,
"995","TS ARTLISH","2023081901",0,9.4,92,0,39,6.8,85.531,2.268,6.059,,,,,,,,,0,-0.8,,0,0,0,0,0,,1,0,,0,
"995","TS ARTLISH","2023081902",0,9,93,0,80,0,84.903,2.079,5.571,,,,,,,,,0,-1.3,,0,0,0,0,0,,1,0,,0,
"995","TS ARTLISH","2023081903",0,8.5,96,0,72,0,84.186,1.887,5.056,,,,,,,,,0,-0.8,,0,0,0,0,0,,1,0,,0,
"995","TS ARTLISH","2023081904",0,9,91,0,69,0,83.75,1.78,4.764,,,,,,,,,0,3.8,,0,0,0,0,0,,1,0,,0,
"995","TS ARTLISH","2023081905",0,9.4,90,0,84,0,83.383,1.697,4.531,,,,,,,,,0,-0.7,,0,0,0,0,0,,1,0,,0,
"995","TS ARTLISH","2023081906",0,9.8,91,0,115,0,83.008,1.616,4.304,,,,,,,,,0,11.8,,0,0,0,0,0,,1,0,,0,
"995","TS ARTLISH","2023081907",0,10.5,91,0,75,0,82.662,1.547,4.104,,,,,,,,,0,6.4,,0,0,0,0,0,,1,0,,0,
"995","TS ARTLISH","2023081908",0,11.7,88,0,112,0,82.453,1.507,3.988,,,,,,,,,0,2.8,,0,0,0,0,0,,1,0,,0,
"995","TS ARTLISH","2023081909",0,13.2,83,0,104,0,82.412,1.499,3.965,,,,,,,,,0,4.3,,0,0,0,0,0,,1,0,,0,
"995","TS ARTLISH","2023081910",0,16.9,69,1.8,115,7.9,82.537,1.667,4.449,,,,,,,,,0,3.7,,0,0,0,0,0,,1,0,,0,
"995","TS ARTLISH","2023081911",0,19.4,62,1.8,93,8.5,82.805,1.725,4.61,,,,,,,,,0,1.4,,0,0,0,0,0,,1,0,,0,
"995","TS ARTLISH","2023081912",0,21.4,55,2.6,115,11.4,83.253,1.902,5.097,0,88.845,4.141,10.753,27.908,294.649,45.13,3,0,0.6,,0,0,0,0,0,,1,0,,0,
"995","TS ARTLISH","2023081913",0,24.6,46,4.2,43,16,84.04,2.286,6.388,,,,,,,,,0,-0.2,,0,0,0,0,0,,1,0,,0,
"995","TS ARTLISH","2023081914",0,26.1,38,1.6,35,11.4,84.951,2.269,6.342,,,,,,,,,0,-0.2,,0,0,0,0,0,,1,0,,0,
"995","TS ARTLISH","2023081915",0,26.5,36,2,52,16,85.845,2.621,7.248,,,,,,,,,0,0,,0,0,0,0,0,,1,0,,0,
"995","TS ARTLISH","2023081916",0,26.1,36,5.2,26,16.6,86.686,3.467,9.268,,,,,,,,,0,-0.5,,0,0,0,0,0,,1,0,,0,
"995","TS ARTLISH","2023081917",0,24.2,39,0,134,16,87.073,2.818,7.737,,,,,,,,,0,6.5,,0,0,0,0,0,,1,0,,0,
"995","TS ARTLISH","2023081918",0,20.3,59,2.7,97,9.7,87.121,3.252,8.772,,,,,,,,,0,13.5,,0,0,0,0,0,,1,0,,0,
"995","TS ARTLISH","2023081919",0,18.4,56,0,112,15.4,87.169,2.858,7.833,,,,,,,,,0,-0.7,,0,0,0,0,0,,1,0,,0,
"995","TS ARTLISH","2023081920",0,17.2,61,0,98,14.9,87.167,2.857,7.831,,,,,,,,,0,-0.2,,0,0,0,0,0,,1,0,,0,
"995","TS ARTLISH","2023081921",0,16.5,64,1.8,79,9.1,87.087,3.093,8.398,,,,,,,,,0,0.2,,0,0,0,0,0,,1,0,,0,
"995","TS ARTLISH","2023081922",0,16.2,67,0,104,7.4,86.989,2.785,7.656,,,,,,,,,0,0.3,,0,0,0,0,0,,1,0,,0,
"995","TS ARTLISH","2023081923",0,14.7,70,0,69,0,86.838,2.726,7.51,,,,,,,,,0,0.3,,0,0,0,0,0,,1,0,,0,
"1002","TS ELPHINSTONE","2023081900",0,11,60,2.6,82,7.4,87.53,3.429,10.88,,,,,,,,,0,193.3,,0,0,0,0,0,,0,0,,0,
"1002","TS ELPHINSTONE","2023081901",0,10.8,62,0,22,7.4,87.434,2.968,9.646,,,,,,,,,0,193.3,,0,0,0,0,0,,0,0,,0,
"1002","TS ELPHINSTONE","2023081902",0,10.8,64,0,15,0,87.318,2.919,9.512,,,,,,,,,0,193.3,,0,0,0,0,0,,0,0,,0,
"1002","TS ELPHINSTONE","2023081903",0,10.8,60,1.6,36,2.2,87.235,3.126,10.078,,,,,,,,,0,193.3,,0,0,0,0,0,,0,0,,0,
"1002","TS ELPHINSTONE","2023081904",0,11,60,0,51,0,87.185,2.864,9.36,,,,,,,,,0,193.3,,0,0,0,0,0,,0,0,,0,
"1002","TS ELPHINSTONE","2023081905",0,10.9,62,6,349,9.1,87.056,3.804,11.836,,,,,,,,,0,193.3,,0,0,0,0,0,,0,0,,0,
"1002","TS ELPHINSTONE","2023081906",0,11.3,60,5.3,350,9.7,86.981,3.634,11.406,,,,,,,,,0,193.3,,0,0,0,0,0,,0,0,,0,
"1002","TS ELPHINSTONE","2023081907",0,12.1,62,4.8,355,7.4,86.89,3.497,11.056,,,,,,,,,0,193.3,,0,0,0,0,0,,0,0,,0,
"1002","TS ELPHINSTONE","2023081908",0,13.8,60,1.7,15,6.2,86.874,2.985,9.694,,,,,,,,,0,193.3,,0,0,0,0,0,,0,0,,0,
"1002","TS ELPHINSTONE","2023081909",0,17.4,58,0,313,5.1,86.922,2.759,9.066,,,,,,,,,0,193.3,,0,0,0,0,0,,0,0,,0,
"1002","TS ELPHINSTONE","2023081910",0,19.7,47,3,245,7.9,87.069,3.277,10.478,,,,,,,,,0,193.3,,0,0,0,0,0,,0,0,,0,
"1002","TS ELPHINSTONE","2023081911",0,20.6,50,8.4,293,13.1,87.166,4.361,13.195,,,,,,,,,0,193.3,,0,0,0,0,0,,0,0,,0,
"1002","TS ELPHINSTONE","2023081912",0,21.2,43,11.3,291,18.9,87.452,5.258,15.25,0,90.011,7.589,20.627,40.931,350.532,63.365,4,0,193.3,,0,0,0,0,0,,0,0,,0,
"1002","TS ELPHINSTONE","2023081913",0,22.7,50,9.2,283,19.5,87.548,4.795,14.661,,,,,,,,,0,193.3,,0,0,0,0,0,,0,0,,0,
"1002","TS ELPHINSTONE","2023081914",0,23.8,48,8.8,271,15.4,87.711,4.81,14.696,,,,,,,,,0,193.3,,0,0,0,0,0,,0,0,,0,
"1002","TS ELPHINSTONE","2023081915",0,23.2,43,8.9,296,16,87.971,5.018,15.18,,,,,,,,,0,193.3,,0,0,0,0,0,,0,0,,0,
"1002","TS ELPHINSTONE","2023081916",0,24.5,43,8.4,272,16.6,88.232,5.08,15.322,,,,,,,,,0,193.3,,0,0,0,0,0,,0,0,,0,
"1002","TS ELPHINSTONE","2023081917",0,23.4,43,7.9,299,15.4,88.417,5.087,15.338,,,,,,,,,0,193.3,,0,0,0,0,0,,0,0,,0,
"1002","TS ELPHINSTONE","2023081918",0,21,52,7.1,300,13.7,88.466,4.92,14.952,,,,,,,,,0,193.3,,0,0,0,0,0,,0,0,,0,
"1002","TS ELPHINSTONE","2023081919",0,18.7,51,6,336,12.5,88.515,4.687,14.406,,,,,,,,,0,193.3,,0,0,0,0,0,,0,0,,0,
"1002","TS ELPHINSTONE","2023081920",0,17.5,45,5.9,28,8.5,88.564,4.697,14.428,,,,,,,,,0,193.3,,0,0,0,0,0,,0,0,,0,
"1002","TS ELPHINSTONE","2023081921",0,17.2,41,6.7,37,7.9,88.613,4.925,14.963,,,,,,,,,0,193.3,,0,0,0,0,0,,0,0,,0,
"1002","TS ELPHINSTONE","2023081922",0,17.5,36,6.2,30,8.5,88.768,4.91,14.929,,,,,,,,,0,193.3,,0,0,0,0,0,,0,0,,0,
"1002","TS ELPHINSTONE","2023081923",0,17.2,42,5,76,8.5,88.817,4.655,14.328,,,,,,,,,0,193.3,,0,0,0,0,0,,0,0,,0,
"1024","SKOONKA","2023081900",0,9.1,53,8.1,31,16,89.153,5.71,23.21,,,,,,,,,,,,,,,,,,,,,,
"1024","SKOONKA","2023081901",0,7.8,58,9.4,45,16.6,88.865,5.85,23.61,,,,,,,,,,,,,,,,,,,,,,
"1024","SKOONKA","2023081902",0,5.7,64,5.9,37,15.4,88.523,4.669,20.1,,,,,,,,,,,,,,,,,,,,,,
"1024","SKOONKA","2023081903",0,5.3,68,5,8,9.1,88.151,4.23,18.705,,,,,,,,,,,,,,,,,,,,,,
"1024","SKOONKA","2023081904",0,5,69,6.8,35,9.1,87.774,4.388,19.214,,,,,,,,,,,,,,,,,,,,,,
"1024","SKOONKA","2023081905",0,5,68,6.1,13,8.5,87.454,4.047,18.106,,,,,,,,,,,,,,,,,,,,,,
"1024","SKOONKA","2023081906",0,5.1,66,6.7,21,8.5,87.191,4.018,18.009,,,,,,,,,,,,,,,,,,,,,,
"1024","SKOONKA","2023081907",0,7.3,55,8.7,31,16.6,87.132,4.406,19.271,,,,,,,,,,,,,,,,,,,,,,
"1024","SKOONKA","2023081908",0,11.1,44,5.9,4,16.6,87.18,3.853,17.458,,,,,,,,,,,,,,,,,,,,,,
"1024","SKOONKA","2023081909",0,12.9,39,7.3,335,16.6,87.33,4.224,18.684,,,,,,,,,,,,,,,,,,,,,,
"1024","SKOONKA","2023081910",0,14.1,36,8.4,182,31.6,87.559,4.613,19.925,,,,,,,,,,,,,,,,,,,,,,
"1024","SKOONKA","2023081911",0,14.1,34,6.9,320,17.7,87.803,4.429,19.343,,,,,,,,,,,,,,,,,,,,,,
"1024","SKOONKA","2023081912",0,14.1,35,5,136,20,87.99,4.134,18.391,0,91.446,6.78,26.39,83.244,571.247,122.031,3,,,,,,,,,,,,,,
"1024","SKOONKA","2023081913",0,14.6,32,7.2,131,14.9,88.247,4.792,20.662,,,,,,,,,,,,,,,,,,,,,,
"1024","SKOONKA","2023081914",0,17.6,27,7.1,90,15.4,88.699,5.087,21.568,,,,,,,,,,,,,,,,,,,,,,
"1024","SKOONKA","2023081915",0,17.7,24,6.5,189,21.8,89.182,5.291,22.18,,,,,,,,,,,,,,,,,,,,,,
"1024","SKOONKA","2023081916",0,18.6,23,6.5,202,18.3,89.667,5.672,23.3,,,,,,,,,,,,,,,,,,,,,,
"1024","SKOONKA","2023081917",0,17.9,23,7.7,324,14.9,90.073,6.386,25.317,,,,,,,,,,,,,,,,,,,,,,
"1024","SKOONKA","2023081918",0,16.6,25,6.9,13,18.3,90.319,6.353,25.228,,,,,,,,,,,,,,,,,,,,,,
"1024","SKOONKA","2023081919",0,13.3,31,7.8,36,16.6,90.368,6.695,26.163,,,,,,,,,,,,,,,,,,,,,,
"1024","SKOONKA","2023081920",0,12.1,32,9.9,38,20,90.417,7.495,28.271,,,,,,,,,,,,,,,,,,,,,,
"1024","SKOONKA","2023081921",0,11.9,32,9.3,38,18.3,90.466,7.323,27.826,,,,,,,,,,,,,,,,,,,,,,
"1024","SKOONKA","2023081922",0,11.6,32,10.7,41,19.5,90.516,7.914,29.336,,,,,,,,,,,,,,,,,,,,,,
"1024","SKOONKA","2023081923",0,11.4,35,10,34,18.3,90.531,7.656,28.684,,,,,,,,,,,,,,,,,,,,,,
"1025","TS THEODOSIA","2023081900",0,10.1,94,0,5,2.2,85.19,2.163,9.021,,,,,,,,,0,193.3,,0,0,0,0,0,,0,0,,0,
"1025","TS THEODOSIA","2023081901",0,9.4,96,0,11,0,84.435,1.951,8.249,,,,,,,,,0,193.3,,0,0,0,0,0,,0,0,,0,
"1025","TS THEODOSIA","2023081902",0,8.9,96,0,350,0,83.752,1.781,7.607,,,,,,,,,0,193.3,,0,0,0,0,0,,0,0,,0,
"1025","TS THEODOSIA","2023081903",0,8.5,96,0,349,0,83.131,1.642,7.069,,,,,,,,,0,193.3,,0,0,0,0,0,,0,0,,0,
"1025","TS THEODOSIA","2023081904",0,8.1,97,0,57,0,82.51,1.518,6.573,,,,,,,,,0,193.3,,0,0,0,0,0,,0,0,,0,
"1025","TS THEODOSIA","2023081905",0,7.8,97,0,76,0,81.943,1.416,6.156,,,,,,,,,0,193.3,,0,0,0,0,0,,0,0,,0,
"1025","TS THEODOSIA","2023081906",0,7.8,97,0,297,0,81.421,1.331,5.8,,,,,,,,,0,193.3,,0,0,0,0,0,,0,0,,0,
"1025","TS THEODOSIA","2023081907",0,10.1,94,0,144,0,81.08,1.279,5.582,,,,,,,,,0,193.3,,0,0,0,0,0,,0,0,,0,
"1025","TS THEODOSIA","2023081908",0,14.6,84,2.2,120,5.1,81.126,1.437,6.243,,,,,,,,,0,193.3,,0,0,0,0,0,,0,0,,0,
"1025","TS THEODOSIA","2023081909",0,17.7,66,4.5,194,8.5,81.436,1.672,7.187,,,,,,,,,0,193.3,,0,0,0,0,0,,0,0,,0,
"1025","TS THEODOSIA","2023081910",0,20.1,61,4.1,274,11.4,81.876,1.727,7.399,,,,,,,,,0,193.3,,0,0,0,0,0,,0,0,,0,
"1025","TS THEODOSIA","2023081911",0,21,56,6.4,251,13.1,82.453,2.081,8.724,,,,,,,,,0,193.3,,0,0,0,0,0,,0,0,,0,
"1025","TS THEODOSIA","2023081912",0,22.6,52,4.9,41,14.9,83.101,2.094,8.772,0,89.301,4.965,17.839,53.864,536.433,86.111,4,0,193.3,,0,0,0,0,0,,0,0,,0,
"1025","TS THEODOSIA","2023081913",0,23.9,47,6.6,166,18.9,83.899,2.532,10.55,,,,,,,,,0,193.3,,0,0,0,0,0,,0,0,,0,
"1025","TS THEODOSIA","2023081914",0,24.8,43,5.8,245,14.3,84.739,2.723,11.2,,,,,,,,,0,193.3,,0,0,0,0,0,,0,0,,0,
"1025","TS THEODOSIA","2023081915",0,25.9,41,3.5,287,12,85.524,2.703,11.131,,,,,,,,,0,193.3,,0,0,0,0,0,,0,0,,0,
"1025","TS THEODOSIA","2023081916",0,25.1,43,3.6,310,11.4,86.109,2.948,11.942,,,,,,,,,0,193.3,,0,0,0,0,0,,0,0,,0,
"1025","TS THEODOSIA","2023081917",0,23.1,54,3.1,234,12,86.278,2.944,11.929,,,,,,,,,0,193.3,,0,0,0,0,0,,0,0,,0,
"1025","TS THEODOSIA","2023081918",0,21.2,53,1.7,283,9.1,86.401,2.792,11.428,,,,,,,,,0,193.3,,0,0,0,0,0,,0,0,,0,
"1025","TS THEODOSIA","2023081919",0,18.8,69,1.7,320,5.6,86.334,2.765,11.34,,,,,,,,,0,193.3,,0,0,0,0,0,,0,0,,0,
"1025","TS THEODOSIA","2023081920",0,16.5,79,2.4,325,5.1,85.985,2.727,11.213,,,,,,,,,0,193.3,,0,0,0,0,0,,0,0,,0,
"1025","TS THEODOSIA","2023081921",0,14.7,84,1.7,41,3.9,85.522,2.468,10.328,,,,,,,,,0,193.3,,0,0,0,0,0,,0,0,,0,
"1025","TS THEODOSIA","2023081922",0,13,87,0,344,3.3,85.098,2.136,9.145,,,,,,,,,0,193.3,,0,0,0,0,0,,0,0,,0,
"1025","TS THEODOSIA","2023081923",0,12,89,1.8,2,2.8,84.538,2.166,9.256,,,,,,,,,0,193.3,,0,0,0,0,0,,0,0,,0,
"1029","FIVE MILE","2023081900",0,14,38,4,22,7.8,93.254,8.317,32.251,,,,,,,,,,,,,,,,,,,,54.8,,
"1029","FIVE MILE","2023081901",0,13.8,40,6.2,355,13,92.976,8.938,33.834,,,,,,,,,,,,,,,,,,,,54.8,,
"1029","FIVE MILE","2023081902",0,13.1,43,4.7,125,21.2,92.677,7.947,31.282,,,,,,,,,,,,,,,,,,,,54.8,,
"1029","FIVE MILE","2023081903",0,11.4,47,1.8,318,10,92.375,6.581,27.524,,,,,,,,,,,,,,,,,,,,54.8,,
"1029","FIVE MILE","2023081904",0,10.7,53,1.6,110,7,91.997,6.176,26.347,,,,,,,,,,,,,,,,,,,,54.8,,
"1029","FIVE MILE","2023081905",0,9.9,55,3.8,281,6.8,91.567,6.492,27.269,,,,,,,,,,,,,,,,,,,,54.8,,
"1029","FIVE MILE","2023081906",0,9.6,58,3.2,98,5.3,91.13,5.92,25.586,,,,,,,,,,,,,,,,,,,,54.8,,
"1029","FIVE MILE","2023081907",0,10.8,57,2.2,150,6.8,90.768,5.346,23.827,,,,,,,,,,,,,,,,,,,,54.8,,
"1029","FIVE MILE","2023081908",0,13.3,52,3.4,185,7,90.515,5.477,24.236,,,,,,,,,,,,,,,,,,,,54.8,,
"1029","FIVE MILE","2023081909",0,15.7,42,7.3,186,10.4,90.469,6.623,27.644,,,,,,,,,,,,,,,,,,,,54.8,,
"1029","FIVE MILE","2023081910",0,17.3,35,8.1,163,12.5,90.519,6.945,28.555,,,,,,,,,,,,,,,,,,,,54.8,,
"1029","FIVE MILE","2023081911",0,20.8,25,9.5,175,15.1,90.845,7.808,30.911,,,,,,,,,,,,,,,,,,,,54.8,,
"1029","FIVE MILE","2023081912",0,22.5,21,11.8,159,19.7,91.351,9.422,35.036,0,94.478,14.603,46.911,98.733,788.125,150.371,4,,,,,,,,,,,,54.8,,
"1029","FIVE MILE","2023081913",0,23.2,20,11.9,150,18.9,91.843,10.155,37.141,,,,,,,,,,,,,,,,,,,,54.8,,
"1029","FIVE MILE","2023081914",0,24,18,11.9,161,19.1,92.372,10.942,38.994,,,,,,,,,,,,,,,,,,,,54.8,,
"1029","FIVE MILE","2023081915",0,24.5,18,10.7,155,21,92.819,10.969,39.056,,,,,,,,,,,,,,,,,,,,54.8,,
"1029","FIVE MILE","2023081916",0,24.2,18,9.5,156,18,93.168,10.842,38.762,,,,,,,,,,,,,,,,,,,,54.8,,
"1029","FIVE MILE","2023081917",0,25,17,9.6,209,18.7,93.531,11.463,40.187,,,,,,,,,,,,,,,,,,,,54.8,,
"1029","FIVE MILE","2023081918",0,22.1,19,16.5,317,29.1,93.652,16.506,50.665,,,,,,,,,,,,,,,,,,,,54.8,,
"1029","FIVE MILE","2023081919",0,20.3,21,12,9,22.4,93.703,13.25,44.103,,,,,,,,,,,,,,,,,,,,54.8,,
"1029","FIVE MILE","2023081920",0,18.6,23,8.6,26,16.5,93.754,11.243,39.686,,,,,,,,,,,,,,,,,,,,54.8,,
"1029","FIVE MILE","2023081921",0,16.8,27,4,90,15.6,93.72,8.876,33.991,,,,,,,,,,,,,,,,,,,,54.8,,
"1029","FIVE MILE","2023081922",0,15.9,30,2.5,28,7.8,93.64,8.139,32.084,,,,,,,,,,,,,,,,,,,,54.8,,
"1029","FIVE MILE","2023081923",0,15,31,3.1,57,6.4,93.538,8.269,32.428,,,,,,,,,,,,,,,,,,,,54.8,,
"1040","BIG SILVER 2","2023081900",0,11.1,63,3.1,79,4.5,88.901,4.281,15.345,,,,,,,,,0,0,,0,0,0,0,0,,0,0,,0,
"1040","BIG SILVER 2","2023081901",0,10.7,65,3.7,68,5.1,88.568,4.206,15.14,,,,,,,,,0,0,,0,0,0,0,0,,0,0,,0,
"1040","BIG SILVER 2","2023081902",0,10.6,65,3.6,73,5.1,88.268,4.009,14.591,,,,,,,,,0,0,,0,0,0,0,0,,0,0,,0,
"1040","BIG SILVER 2","2023081903",0,10.7,63,4.9,38,8.5,88.02,4.131,14.932,,,,,,,,,0,0,,0,0,0,0,0,,0,0,,0,
"1040","BIG SILVER 2","2023081904",0,11.2,58,3.6,38,5.6,87.897,3.801,14.004,,,,,,,,,0,0,,0,0,0,0,0,,0,0,,0,
"1040","BIG SILVER 2","2023081905",0,11.5,56,3.4,74,7.9,87.821,3.722,13.778,,,,,,,,,0,0,,0,0,0,0,0,,0,0,,0,
"1040","BIG SILVER 2","2023081906",0,12.9,53,3.8,140,15.4,87.813,3.794,13.984,,,,,,,,,0,0,,0,0,0,0,0,,0,0,,0,
"1040","BIG SILVER 2","2023081907",0,13.8,52,3.3,78,9.7,87.835,3.711,13.745,,,,,,,,,0,0,,0,0,0,0,0,,0,0,,0,
"1040","BIG SILVER 2","2023081908",0,15.4,51,2,251,6.2,87.884,3.5,13.129,,,,,,,,,0,0,,0,0,0,0,0,,0,0,,0,
"1040","BIG SILVER 2","2023081909",0,20.3,32,6,312,13.1,88.321,4.559,16.094,,,,,,,,,0,0,,0,0,0,0,0,,0,0,,0,
"1040","BIG SILVER 2","2023081910",0,22.3,25,8.5,296,16.6,89.038,5.731,19.076,,,,,,,,,0,0,,0,0,0,0,0,,0,0,,0,
"1040","BIG SILVER 2","2023081911",0,23.7,21,7,268,16.6,89.846,5.967,19.645,,,,,,,,,0,0,,0,0,0,0,0,,0,0,,0,
"1040","BIG SILVER 2","2023081912",0,25.1,19,6.1,206,12.5,90.663,6.41,20.69,0,94.13,10.444,30.12,55.411,477.656,85.908,4,0,0,,0,0,0,0,0,,0,0,,0,
"1040","BIG SILVER 2","2023081913",0,25.3,20,12,290,26.4,91.379,9.555,28.356,,,,,,,,,0,0,,0,0,0,0,0,,0,0,,0,
"1040","BIG SILVER 2","2023081914",0,24.7,20,10.1,284,26.4,91.919,9.375,27.989,,,,,,,,,0,0,,0,0,0,0,0,,0,0,,0,
"1040","BIG SILVER 2","2023081915",0,25.3,20,10.5,299,23.5,92.391,10.225,29.691,,,,,,,,,0,0,,0,0,0,0,0,,0,0,,0,
"1040","BIG SILVER 2","2023081916",0,24,21,9.9,318,18.3,92.68,10.332,29.901,,,,,,,,,0,0,,0,0,0,0,0,,0,0,,0,
"1040","BIG SILVER 2","2023081917",0,23,22,4.1,344,16.6,92.831,7.878,24.821,,,,,,,,,0,0,,0,0,0,0,0,,0,0,,0,
"1040","BIG SILVER 2","2023081918",0,20.7,31,3.9,100,9.7,92.847,7.818,24.688,,,,,,,,,0,0,,0,0,0,0,0,,0,0,,0,
"1040","BIG SILVER 2","2023081919",0,17.9,34,1.8,29,6.2,92.787,6.974,22.782,,,,,,,,,0,0,,0,0,0,0,0,,0,0,,0,
"1040","BIG SILVER 2","2023081920",0,16.1,35,3.5,48,5.6,92.685,7.489,23.957,,,,,,,,,0,0,,0,0,0,0,0,,0,0,,0,
"1040","BIG SILVER 2","2023081921",0,15.2,37,3.2,70,7.9,92.551,7.239,23.392,,,,,,,,,0,0,,0,0,0,0,0,,0,0,,0,
"1040","BIG SILVER 2","2023081922",0,14.8,37,3.7,60,6.2,92.421,7.289,23.505,,,,,,,,,0,0,,0,0,0,0,0,,0,0,,0,
"1040","BIG SILVER 2","2023081923",0,14.6,37,3.8,25,6.2,92.299,7.201,23.305,,,,,,,,,0,0,,0,0,0,0,0,,0,0,,0,
"1045","OSBORN","2023081900",0,5.7,100,2.9,107,4.6,76.736,0.989,2.458,,,,,,,,,,,,,,0,,,,,,4291.2,,
"1045","OSBORN","2023081901",0,5.1,100,0.4,122,4.2,76.413,0.852,1.967,,,,,,,,,,,,,,0,,,,,,4291.2,,
"1045","OSBORN","2023081902",0,3.2,100,1.2,198,5.4,76.097,0.869,2.029,,,,,,,,,,,,,,0,,,,,,4291.2,,
"1045","OSBORN","2023081903",0,3.6,100,0.6,72,5.3,75.819,0.828,1.875,,,,,,,,,,,,,,0,,,,,,4291.2,,
"1045","OSBORN","2023081904",0,1.2,100,1.5,153,4.5,75.546,0.852,1.967,,,,,,,,,,,,,,0,,,,,,4291.2,,
"1045","OSBORN","2023081905",0,0.3,100,0,291,3.9,75.342,0.781,1.688,,,,,,,,,,,,,,0,,,,,,4291.2,,
"1045","OSBORN","2023081906",0,3.6,100,0.8,102,6.7,75.115,0.803,1.775,,,,,,,,,,,,,,0,,,,,,4291.2,,
"1045","OSBORN","2023081907",0,10.4,81,5,183,7.3,75.387,1.007,2.522,,,,,,,,,,,,,,0,,,,,,4291.2,,
"1045","OSBORN","2023081908",0,13.5,66,7.2,211,11.7,76.071,1.174,3.078,,,,,,,,,,,,,,0,,,,,,4291.2,,
"1045","OSBORN","2023081909",0,15.3,59,7.8,213,13.4,76.946,1.285,3.432,,,,,,,,,,,,,,0,,,,,,4291.2,,
"1045","OSBORN","2023081910",0,17.4,49,8,242,13.2,78.103,1.422,3.856,,,,,,,,,,,,,,0,,,,,,4291.2,,
"1045","OSBORN","2023081911",0,19.5,46,9.8,227,15.6,79.388,1.752,4.821,,,,,,,,,,,,,,0,,,,,,4291.2,,
"1045","OSBORN","2023081912",0,20,45,8.9,267,17.8,80.56,1.89,5.209,0,87.317,4.57,11.986,28.236,369.869,47.421,3,,,,,,0,,,,,,4291.2,,
"1045","OSBORN","2023081913",0,21.5,37,12.1,208,21.5,82.008,2.625,7.492,,,,,,,,,,,,,,0,,,,,,4291.2,,
"1045","OSBORN","2023081914",0,22,35,11.2,242,19.5,83.336,2.965,8.345,,,,,,,,,,,,,,0,,,,,,4291.2,,
"1045","OSBORN","2023081915",0,22.6,35,10,213,22.5,84.485,3.251,9.039,,,,,,,,,,,,,,0,,,,,,4291.2,,
"1045","OSBORN","2023081916",0,23.4,28,5.8,209,22.1,85.669,3.097,8.668,,,,,,,,,,,,,,0,,,,,,4291.2,,
"1045","OSBORN","2023081917",0,23.1,33,7.7,205,18.2,86.53,3.847,10.415,,,,,,,,,,,,,,0,,,,,,4291.2,,
"1045","OSBORN","2023081918",0,22.8,36,5.3,177,8.9,87.119,3.706,10.097,,,,,,,,,,,,,,0,,,,,,4291.2,,
"1045","OSBORN","2023081919",0,18.8,45,8.8,151,14.1,87.283,4.525,11.891,,,,,,,,,,,,,,0,,,,,,4291.2,,
"1045","OSBORN","2023081920",0,15.1,53,8.7,143,10,87.331,4.533,11.909,,,,,,,,,,,,,,0,,,,,,4291.2,,
"1045","OSBORN","2023081921",0,14.1,54,9.5,139,12.2,87.368,4.745,12.351,,,,,,,,,,,,,,0,,,,,,4291.2,,
"1045","OSBORN","2023081922",0,13,58,8.5,135,12.7,87.31,4.474,11.783,,,,,,,,,,,,,,0,,,,,,4291.2,,
"1045","OSBORN","2023081923",0,12.2,61,10.6,127,12.8,87.183,4.885,12.64,,,,,,,,,,,,,,0,,,,,,4291.2,,
"1055","SPLINTLUM","2023081900",0,18,31,0.7,329,5.3,94.181,8.012,32.901,,,,,,,,,,,,,,,,,,,,48.8,,
"1055","SPLINTLUM","2023081901",0,17.1,35,3.7,69,13,93.967,9.048,35.659,,,,,,,,,,,,,,,,,,,,48.8,,
"1055","SPLINTLUM","2023081902",0,16.7,39,1.2,302,13.4,93.735,7.724,32.106,,,,,,,,,,,,,,,,,,,,48.8,,
"1055","SPLINTLUM","2023081903",0,15.5,40,1.2,164,6.6,93.499,7.474,31.406,,,,,,,,,,,,,,,,,,,,48.8,,
"1055","SPLINTLUM","2023081904",0,14.3,46,0.8,313,5.4,93.183,7.009,30.076,,,,,,,,,,,,,,,,,,,,48.8,,
"1055","SPLINTLUM","2023081905",0,13.7,46,3.5,135,5.9,92.825,7.638,31.867,,,,,,,,,,,,,,,,,,,,48.8,,
"1055","SPLINTLUM","2023081906",0,13.4,49,0.8,305,9,92.507,6.374,28.199,,,,,,,,,,,,,,,,,,,,48.8,,
"1055","SPLINTLUM","2023081907",0,13.6,49,2.8,344,9.1,92.163,6.717,29.222,,,,,,,,,,,,,,,,,,,,48.8,,
"1055","SPLINTLUM","2023081908",0,15.8,42,3,126,6.8,91.989,6.62,28.935,,,,,,,,,,,,,,,,,,,,48.8,,
"1055","SPLINTLUM","2023081909",0,18.8,35,3.2,205,8.6,91.984,6.683,29.121,,,,,,,,,,,,,,,,,,,,48.8,,
"1055","SPLINTLUM","2023081910",0,21.1,30,5.5,188,10.3,92.034,7.557,31.64,,,,,,,,,,,,,,,,,,,,48.8,,
"1055","SPLINTLUM","2023081911",0,24.2,23,6.9,280,12.4,92.298,8.417,33.997,,,,,,,,,,,,,,,,,,,,48.8,,
"1055","SPLINTLUM","2023081912",0,25.8,19,7.2,349,20.6,92.744,9.099,35.791,0,95.91,14.085,47.682,119.947,909.79,180.426,5,,,,,,,,,,,,48.8,,
"1055","SPLINTLUM","2023081913",0,27.8,16,10.9,280,24.8,93.369,11.967,42.992,,,,,,,,,,,,,,,,,,,,48.8,,
"1055","SPLINTLUM","2023081914",0,28.8,15,8.9,293,22.8,93.951,11.731,42.447,,,,,,,,,,,,,,,,,,,,48.8,,
"1055","SPLINTLUM","2023081915",0,27.9,17,8.8,229,18.6,94.275,12.208,43.544,,,,,,,,,,,,,,,,,,,,48.8,,
"1055","SPLINTLUM","2023081916",0,27.4,18,10.7,174,19.9,94.473,13.806,47.083,,,,,,,,,,,,,,,,,,,,48.8,,
"1055","SPLINTLUM","2023081917",0,26.5,18,7.8,168,16.4,94.596,12.133,43.373,,,,,,,,,,,,,,,,,,,,48.8,,
"1055","SPLINTLUM","2023081918",0,24.7,19,3,99,13.4,94.647,9.593,37.265,,,,,,,,,,,,,,,,,,,,48.8,,
"1055","SPLINTLUM","2023081919",0,23.2,21,3.6,335,7.4,94.698,9.958,38.181,,,,,,,,,,,,,,,,,,,,48.8,,
"1055","SPLINTLUM","2023081920",0,22.6,20,9.6,323,18.2,94.749,13.568,46.567,,,,,,,,,,,,,,,,,,,,48.8,,
"1055","SPLINTLUM","2023081921",0,22.7,19,8.4,343,19.3,94.8,12.861,45.015,,,,,,,,,,,,,,,,,,,,48.8,,
"1055","SPLINTLUM","2023081922",0,19.7,24,3.6,124,12.5,94.771,10.058,38.432,,,,,,,,,,,,,,,,,,,,48.8,,
"1055","SPLINTLUM","2023081923",0,18.6,26,1.2,275,13,94.719,8.849,35.341,,,,,,,,,,,,,,,,,,,,48.8,,
"1056","TS MAURELLE","2023081900",0,10.7,87,5.2,123,7.9,85.515,2.941,9.003,,,,,,,,,0,0,,0,0,0,0,0,,0,0,,0,
"1056","TS MAURELLE","2023081901",0,10.4,91,4.6,108,6.8,84.756,2.57,8.005,,,,,,,,,0,0,,0,0,0,0,0,,0,0,,0,
"1056","TS MAURELLE","2023081902",0,10.9,89,4.2,36,9.1,84.186,2.331,7.337,,,,,,,,,0,0,,0,0,0,0,0,,0,0,,0,
"1056","TS MAURELLE","2023081903",0,10,95,5,104,7.4,83.332,2.168,6.867,,,,,,,,,0,0,,0,0,0,0,0,,0,0,,0,
"1056","TS MAURELLE","2023081904",0,9.7,98,5.4,97,8.5,82.338,1.95,6.22,,,,,,,,,0,0,,0,0,0,0,0,,0,0,,0,
"1056","TS MAURELLE","2023081905",0,9.9,98,5.2,96,6.8,81.462,1.737,5.564,,,,,,,,,0,0,,0,0,0,0,0,,0,0,,0,
"1056","TS MAURELLE","2023081906",0,9.8,99,3.3,109,6.8,80.647,1.439,4.597,,,,,,,,,0,0,,0,0,0,0,0,,0,0,,0,
"1056","TS MAURELLE","2023081907",0,10.5,98,4.1,105,5.6,79.982,1.395,4.45,,,,,,,,,0,0,,0,0,0,0,0,,0,0,,0,
"1056","TS MAURELLE","2023081908",0,15.8,77,3.2,152,6.2,80.134,1.355,4.313,,,,,,,,,0,0,,0,0,0,0,0,,0,0,,0,
"1056","TS MAURELLE","2023081909",0,18.2,63,5.4,19,8.5,80.616,1.595,5.108,,,,,,,,,0,0,,0,0,0,0,0,,0,0,,0,
"1056","TS MAURELLE","2023081910",0,20.1,56,4.4,79,9.1,81.256,1.629,5.22,,,,,,,,,0,0,,0,0,0,0,0,,0,0,,0,
"1056","TS MAURELLE","2023081911",0,21.3,54,5.7,179,11.4,81.952,1.889,6.033,,,,,,,,,0,0,,0,0,0,0,0,,0,0,,0,
"1056","TS MAURELLE","2023081912",0,22.7,49,6,143,10.2,82.77,2.122,6.731,0,88.912,4.962,14.279,36.259,351.607,57.654,3,0,0,,0,0,0,0,0,,0,0,,0,
"1056","TS MAURELLE","2023081913",0,24.4,44,7,187,12,83.741,2.53,8.209,,,,,,,,,0,0,,0,0,0,0,0,,0,0,,0,
"1056","TS MAURELLE","2023081914",0,26.2,38,5.5,256,12.5,84.841,2.72,8.745,,,,,,,,,0,0,,0,0,0,0,0,,0,0,,0,
"1056","TS MAURELLE","2023081915",0,26.4,37,3.4,105,13.7,85.764,2.781,8.912,,,,,,,,,0,0,,0,0,0,0,0,,0,0,,0,
"1056","TS MAURELLE","2023081916",0,26.6,32,5.5,288,14.3,86.797,3.576,11.004,,,,,,,,,0,0,,0,0,0,0,0,,0,0,,0,
"1056","TS MAURELLE","2023081917",0,24.5,38,10.8,290,24.1,87.422,5.105,14.594,,,,,,,,,0,0,,0,0,0,0,0,,0,0,,0,
"1056","TS MAURELLE","2023081918",0,22.1,48,9,291,26.9,87.557,4.753,13.81,,,,,,,,,0,0,,0,0,0,0,0,,0,0,,0,
"1056","TS MAURELLE","2023081919",0,20.9,49,11.7,282,26.9,87.621,5.496,15.442,,,,,,,,,0,0,,0,0,0,0,0,,0,0,,0,
"1056","TS MAURELLE","2023081920",0,19.1,56,10.2,321,29.2,87.67,5.131,14.652,,,,,,,,,0,0,,0,0,0,0,0,,0,0,,0,
"1056","TS MAURELLE","2023081921",0,18.1,60,6.3,103,20,87.62,4.186,12.495,,,,,,,,,0,0,,0,0,0,0,0,,0,0,,0,
"1056","TS MAURELLE","2023081922",0,16.8,66,6.4,295,31,87.42,4.089,12.264,,,,,,,,,0,0,,0,0,0,0,0,,0,0,,0,
"1056","TS MAURELLE","2023081923",0,15.2,73,5.4,129,11.4,87.065,3.696,11.304,,,,,,,,,0,0,,0,0,0,0,0,,0,0,,0,
"1066","TS MCNABB","2023081900",0,11.1,82,0,81,0,86.178,2.483,8.667,,,,,,,,,0,0,,0,0,0,0,0,,0,0,,0,
"1066","TS MCNABB","2023081901",0,11.2,79,0,355,0,85.911,2.392,8.389,,,,,,,,,0,0,,0,0,0,0,0,,0,0,,0,
"1066","TS MCNABB","2023081902",0,10.9,81,0,26,0,85.622,2.297,8.096,,,,,,,,,0,0,,0,0,0,0,0,,0,0,,0,
"1066","TS MCNABB","2023081903",0,10.9,82,0,32,0,85.333,2.206,7.813,,,,,,,,,0,0,,0,0,0,0,0,,0,0,,0,
"1066","TS MCNABB","2023081904",0,10.8,82,0,41,0,85.067,2.127,7.561,,,,,,,,,0,0,,0,0,0,0,0,,0,0,,0,
"1066","TS MCNABB","2023081905",0,10.7,82,0,19,0,84.822,2.056,7.335,,,,,,,,,0,0,,0,0,0,0,0,,0,0,,0,
"1066","TS MCNABB","2023081906",0,10.9,85,0,32,0,84.521,1.974,7.067,,,,,,,,,0,0,,0,0,0,0,0,,0,0,,0,
"1066","TS MCNABB","2023081907",0,11.8,85,0,68,0,84.246,1.902,6.83,,,,,,,,,0,0,,0,0,0,0,0,,0,0,,0,
"1066","TS MCNABB","2023081908",0,13.4,84,0,80,0,84.026,1.847,6.646,,,,,,,,,0,0,,0,0,0,0,0,,0,0,,0,
"1066","TS MCNABB","2023081909",0,16.4,65,0,130,0,84.082,1.861,6.692,,,,,,,,,0,0,,0,0,0,0,0,,0,0,,0,
"1066","TS MCNABB","2023081910",0,20,58,0,196,0,84.257,1.905,6.839,,,,,,,,,0,0,,0,0,0,0,0,,0,0,,0,
"1066","TS MCNABB","2023081911",0,20.3,46,0,236,8.5,84.616,2,7.151,,,,,,,,,0,0,,0,0,0,0,0,,0,0,,0,
"1066","TS MCNABB","2023081912",0,22.3,48,2.3,216,10.2,85.054,2.384,8.365,0,89.713,4.884,15.449,42.951,403.916,67.862,3,0,0,,0,0,0,0,0,,0,0,,0,
"1066","TS MCNABB","2023081913",0,23.2,45,3.7,266,10.2,85.573,2.749,9.761,,,,,,,,,0,0,,0,0,0,0,0,,0,0,,0,
"1066","TS MCNABB","2023081914",0,23.6,43,2.4,255,7.9,86.07,2.76,9.794,,,,,,,,,0,0,,0,0,0,0,0,,0,0,,0,
"1066","TS MCNABB","2023081915",0,24.2,43,2.7,209,7.4,86.532,2.991,10.473,,,,,,,,,0,0,,0,0,0,0,0,,0,0,,0,
"1066","TS MCNABB","2023081916",0,24.3,43,0,266,6.8,86.85,2.731,9.707,,,,,,,,,0,0,,0,0,0,0,0,,0,0,,0,
"1066","TS MCNABB","2023081917",0,23.8,49,0,280,0,87.014,2.795,9.9,,,,,,,,,0,0,,0,0,0,0,0,,0,0,,0,
"1066","TS MCNABB","2023081918",0,21.8,63,0,221,0,87.057,2.812,9.95,,,,,,,,,0,0,,0,0,0,0,0,,0,0,,0,
"1066","TS MCNABB","2023081919",0,17.7,73,0,18,0,86.863,2.736,9.722,,,,,,,,,0,0,,0,0,0,0,0,,0,0,,0,
"1066","TS MCNABB","2023081920",0,15.8,69,0,44,0,86.748,2.691,9.589,,,,,,,,,0,0,,0,0,0,0,0,,0,0,,0,
"1066","TS MCNABB","2023081921",0,15.2,64,0,58,0,86.715,2.679,9.551,,,,,,,,,0,0,,0,0,0,0,0,,0,0,,0,
"1066","TS MCNABB","2023081922",0,15,65,0,31,0,86.668,2.661,9.498,,,,,,,,,0,0,,0,0,0,0,0,,0,0,,0,
"1066","TS MCNABB","2023081923",0,15,63,0,71,0,86.654,2.656,9.481,,,,,,,,,0,0,,0,0,0,0,0,,0,0,,0,
"1075","KOOCANUSA","2023081900",0,10.9,57,4.3,273,11.4,84.298,2.379,12.815,,,,,,,,,,,,,,,,,,,,,,
"1075","KOOCANUSA","2023081901",0,11.6,52,6,312,12,84.463,2.65,13.947,,,,,,,,,,,,,,,,,,,,,,
"1075","KOOCANUSA","2023081902",0,8.2,67,3.9,219,10.2,84.478,2.388,12.857,,,,,,,,,,,,,,,,,,,,,,
"1075","KOOCANUSA","2023081903",0,7.3,67,4.5,296,8.5,84.48,2.462,13.17,,,,,,,,,,,,,,,,,,,,,,
"1075","KOOCANUSA","2023081904",0,6.5,72,4,252,8.5,84.395,2.374,12.794,,,,,,,,,,,,,,,,,,,,,,
"1075","KOOCANUSA","2023081905",0,5.5,73,4,261,6.8,84.292,2.341,12.654,,,,,,,,,,,,,,,,,,,,,,
"1075","KOOCANUSA","2023081906",0,6.3,73,2.9,227,6.8,84.209,2.19,12,,,,,,,,,,,,,,,,,,,,,,
"1075","KOOCANUSA","2023081907",0,9,71,4.3,173,7.4,84.19,2.344,12.668,,,,,,,,,,,,,,,,,,,,,,
"1075","KOOCANUSA","2023081908",0,12.3,57,2.1,329,5.6,84.29,2.127,11.719,,,,,,,,,,,,,,,,,,,,,,
"1075","KOOCANUSA","2023081909",0,15.2,50,7.8,3,14.9,84.577,2.947,15.136,,,,,,,,,,,,,,,,,,,,,,
"1075","KOOCANUSA","2023081910",0,17.6,41,8.9,3,17.2,85.119,3.354,16.696,,,,,,,,,,,,,,,,,,,,,,
"1075","KOOCANUSA","2023081911",0,19.5,38,9,11,19.5,85.75,3.68,17.888,,,,,,,,,,,,,,,,,,,,,,
"1075","KOOCANUSA","2023081912",0,19.1,38,8.1,342,15.4,86.273,3.785,18.264,0.8,89.02,5.602,24.402,91.039,793.971,141.512,4,,,,,,,,,,,,,,
"1075","KOOCANUSA","2023081913",0,21.1,31,7.5,354,18.9,87.012,4.077,19.452,,,,,,,,,,,,,,,,,,,,,,
"1075","KOOCANUSA","2023081914",0,22.2,30,8.9,5,19.5,87.749,4.861,22.075,,,,,,,,,,,,,,,,,,,,,,
"1075","KOOCANUSA","2023081915",0,22.3,30,9.4,357,21.2,88.384,5.46,23.966,,,,,,,,,,,,,,,,,,,,,,
"1075","KOOCANUSA","2023081916",0,23.4,28,9.5,351,20,89.043,6.032,25.691,,,,,,,,,,,,,,,,,,,,,,
"1075","KOOCANUSA","2023081917",0,22.1,30,13,355,24.1,89.492,7.675,30.292,,,,,,,,,,,,,,,,,,,,,,
"1075","KOOCANUSA","2023081918",0,20.4,33,12.6,337,28.1,89.705,7.755,30.505,,,,,,,,,,,,,,,,,,,,,,
"1075","KOOCANUSA","2023081919",0,18.6,36,12.6,329,26.9,89.754,7.81,30.65,,,,,,,,,,,,,,,,,,,,,,
"1075","KOOCANUSA","2023081920",0,17.3,39,11.5,327,25.2,89.803,7.441,29.664,,,,,,,,,,,,,,,,,,,,,,
"1075","KOOCANUSA","2023081921",0,16.6,41,12.5,329,22.9,89.852,7.88,30.837,,,,,,,,,,,,,,,,,,,,,,
"1075","KOOCANUSA","2023081922",0,15.9,43,10.7,333,23.5,89.853,7.197,29.003,,,,,,,,,,,,,,,,,,,,,,
"1075","KOOCANUSA","2023081923",0,15.3,44,9,334,22.9,89.827,6.582,27.285,,,,,,,,,,,,,,,,,,,,,,
"1082","MAYSON","2023081900",0,2.2,87,7.2,275,13.1,86.528,3.75,16.664,,,,,,,,,,,,,,,,,,,,,,
"1082","MAYSON","2023081901",0,1.1,91,4.2,237,12,85.803,2.911,13.731,,,,,,,,,,,,,,,,,,,,,,
"1082","MAYSON","2023081902",0,-0.1,94,6,252,9.1,84.991,2.848,13.498,,,,,,,,,,,,,,,,,,,,,,
"1082","MAYSON","2023081903",0,-0.7,95,5.2,233,7.9,84.226,2.465,12.04,,,,,,,,,,,,,,,,,,,,,,
"1082","MAYSON","2023081904",0,-0.8,96,4.6,271,9.1,83.487,2.168,10.851,,,,,,,,,,,,,,,,,,,,,,
"1082","MAYSON","2023081905",0,-0.7,96,3.2,202,12.5,82.837,1.858,9.541,,,,,,,,,,,,,,,,,,,,,,
"1082","MAYSON","2023081906",0,2.4,90,4,258,8.5,82.449,1.843,9.474,,,,,,,,,,,,,,,,,,,,,,
"1082","MAYSON","2023081907",0,9.6,67,1.9,293,7.4,82.515,1.671,8.714,,,,,,,,,,,,,,,,,,,,,,
"1082","MAYSON","2023081908",0,12,56,5.5,47,13.1,82.771,2.069,10.441,,,,,,,,,,,,,,,,,,,,,,
"1082","MAYSON","2023081909",0,13.6,48,7.5,29,13.7,83.205,2.419,11.86,,,,,,,,,,,,,,,,,,,,,,
"1082","MAYSON","2023081910",0,13.5,48,3,47,17.7,83.547,2.016,10.218,,,,,,,,,,,,,,,,,,,,,,
"1082","MAYSON","2023081911",0,13.6,49,7.1,12,13.7,83.883,2.591,12.529,,,,,,,,,,,,,,,,,,,,,,
"1082","MAYSON","2023081912",0,17.2,38,7,37,16,84.546,2.818,13.388,0,90.544,6.594,25.309,83.009,475.968,115.612,3,,,,,,,,,,,,,,
"1082","MAYSON","2023081913",0,16.6,35,7.8,338,16.6,85.197,3.208,14.974,,,,,,,,,,,,,,,,,,,,,,
"1082","MAYSON","2023081914",0,16.6,33,5,34,17.2,85.787,3.024,14.308,,,,,,,,,,,,,,,,,,,,,,
"1082","MAYSON","2023081915",0,17,34,7.2,44,20.6,86.326,3.644,16.495,,,,,,,,,,,,,,,,,,,,,,
"1082","MAYSON","2023081916",0,17,30,5,348,14.9,86.881,3.529,16.1,,,,,,,,,,,,,,,,,,,,,,
"1082","MAYSON","2023081917",0,18.3,28,5.3,2,13.7,87.48,3.902,17.358,,,,,,,,,,,,,,,,,,,,,,
"1082","MAYSON","2023081918",0,17.1,30,6.4,64,13.7,87.918,4.391,18.939,,,,,,,,,,,,,,,,,,,,,,
"1082","MAYSON","2023081919",0,9.7,62,6.8,244,8.5,87.703,4.344,18.792,,,,,,,,,,,,,,,,,,,,,,
"1082","MAYSON","2023081920",0,6.6,72,7.2,239,10.8,87.303,4.187,18.289,,,,,,,,,,,,,,,,,,,,,,
"1082","MAYSON","2023081921",0,4.7,77,6.1,230,9.1,86.85,3.713,16.729,,,,,,,,,,,,,,,,,,,,,,
"1082","MAYSON","2023081922",0,3.6,80,6,237,9.7,86.375,3.454,15.841,,,,,,,,,,,,,,,,,,,,,,
"1082","MAYSON","2023081923",0,3.3,83,8.6,243,11.4,85.837,3.651,16.517,,,,,,,,,,,,,,,,,,,,,,
"1083","MEAGER CREEK","2023081900",0,15.5,47,2.1,274,7.6,93.255,7.559,28.89,,,,,,,,,,,,,,,,,,,,9799.4,,
"1083","MEAGER CREEK","2023081901",0,14.4,49,1.7,251,6.4,92.871,7.021,27.468,,,,,,,,,,,,,,,,,,,,9799.4,,
"1083","MEAGER CREEK","2023081902",0,13.5,50,4.9,312,8.9,92.436,7.76,29.408,,,,,,,,,,,,,,,,,,,,9799.4,,
"1083","MEAGER CREEK","2023081903",0,13.3,55,1.6,303,6.1,92.01,6.188,25.174,,,,,,,,,,,,,,,,,,,,9799.4,,
"1083","MEAGER CREEK","2023081904",0,12.9,56,2.5,334,7,91.58,6.092,24.901,,,,,,,,,,,,,,,,,,,,9799.4,,
"1083","MEAGER CREEK","2023081905",0,12.4,57,1.3,350,7.4,91.202,5.434,22.983,,,,,,,,,,,,,,,,,,,,9799.4,,
"1083","MEAGER CREEK","2023081906",0,12.1,59,2.6,291,7,90.787,5.469,23.086,,,,,,,,,,,,,,,,,,,,9799.4,,
"1083","MEAGER CREEK","2023081907",0,12.2,65,0.2,278,5.2,90.381,4.573,20.317,,,,,,,,,,,,,,,,,,,,9799.4,,
"1083","MEAGER CREEK","2023081908",0,14.6,56,0,148,4,90.187,4.404,19.768,,,,,,,,,,,,,,,,,,,,9799.4,,
"1083","MEAGER CREEK","2023081909",0,17,49,0,132,7.7,90.122,4.363,19.635,,,,,,,,,,,,,,,,,,,,9799.4,,
"1083","MEAGER CREEK","2023081910",0,19.5,38,1.7,132,4.9,90.171,4.787,20.996,,,,,,,,,,,,,,,,,,,,9799.4,,
"1083","MEAGER CREEK","2023081911",0,22.1,28,2.8,103,6.5,90.449,5.265,22.472,,,,,,,,,,,,,,,,,,,,9799.4,,
"1083","MEAGER CREEK","2023081912",0,23.4,25,3.8,142,7.5,90.837,5.852,24.211,0,94.306,9.529,34.18,89.442,623.57,131.669,4,,,,,,,,,,,,9799.4,,
"1083","MEAGER CREEK","2023081913",0,24.8,20,3,130,8.2,91.39,6.081,25.2,,,,,,,,,,,,,,,,,,,,9799.4,,
"1083","MEAGER CREEK","2023081914",0,25.1,19,5,152,11,91.938,7.27,28.497,,,,,,,,,,,,,,,,,,,,9799.4,,
"1083","MEAGER CREEK","2023081915",0,25.5,19,3.4,188,10.4,92.394,7.152,28.182,,,,,,,,,,,,,,,,,,,,9799.4,,
"1083","MEAGER CREEK","2023081916",0,26,23,1.6,121,8.9,92.627,6.75,27.087,,,,,,,,,,,,,,,,,,,,9799.4,,
"1083","MEAGER CREEK","2023081917",0,22.6,26,0.4,318,6,92.677,6.399,26.107,,,,,,,,,,,,,,,,,,,,9799.4,,
"1083","MEAGER CREEK","2023081918",0,20.6,28,0,232,3.9,92.727,6.316,25.871,,,,,,,,,,,,,,,,,,,,9799.4,,
"1083","MEAGER CREEK","2023081919",0,19.6,29,4,271,7,92.772,7.774,29.825,,,,,,,,,,,,,,,,,,,,9799.4,,
"1083","MEAGER CREEK","2023081920",0,18.1,35,3.8,307,8.9,92.688,7.606,29.388,,,,,,,,,,,,,,,,,,,,9799.4,,
"1083","MEAGER CREEK","2023081921",0,16.9,37,4,308,9.3,92.561,7.547,29.232,,,,,,,,,,,,,,,,,,,,9799.4,,
"1083","MEAGER CREEK","2023081922",0,15.9,39,3.9,341,9,92.4,7.341,28.687,,,,,,,,,,,,,,,,,,,,9799.4,,
"1083","MEAGER CREEK","2023081923",0,15.5,38,1.1,7,6,92.298,6.284,25.781,,,,,,,,,,,,,,,,,,,,9799.4,,
"1092","RORY CREEK","2023081900",0,5.4,59,4.4,77,7.9,,,,,,,,,,,,0,193.3,,0,0,0,0,0,,0,0,,0,
"1092","RORY CREEK","2023081901",0,5.1,58,6.5,57,7.9,,,,,,,,,,,,0,193.3,,0,0,0,0,0,,0,0,,0,
"1092","RORY CREEK","2023081902",0,4.6,59,4,82,9.7,,,,,,,,,,,,0,193.3,,0,0,0,0,0,,0,0,,0,
"1092","RORY CREEK","2023081903",0,4.2,61,6.4,54,9.1,,,,,,,,,,,,0,193.3,,0,0,0,0,0,,0,0,,0,
"1092","RORY CREEK","2023081904",0,3.6,64,5.3,91,9.7,,,,,,,,,,,,0,193.3,,0,0,0,0,0,,0,0,,0,
"1092","RORY CREEK","2023081905",0,3.9,61,7,61,9.7,,,,,,,,,,,,0,193.3,,0,0,0,0,0,,0,0,,0,
"1092","RORY CREEK","2023081906",0,4.3,64,4,82,7.9,,,,,,,,,,,,0,193.3,,0,0,0,0,0,,0,0,,0,
"1092","RORY CREEK","2023081907",0,6,64,3.7,65,5.6,,,,,,,,,,,,0,193.3,,0,0,0,0,0,,0,0,,0,
"1092","RORY CREEK","2023081908",0,9.9,51,2.2,146,5.1,,,,,,,,,,,,0,193.3,,0,0,0,0,0,,0,0,,0,
"1092","RORY CREEK","2023081909",0,13.1,42,3.6,226,6.2,,,,,,,,,,,,0,193.3,,0,0,0,0,0,,0,0,,0,
"1092","RORY CREEK","2023081910",0,14.8,33,4.5,292,7.4,,,,,,,,,,,,0,193.3,,0,0,0,0,0,,0,0,,0,
"1092","RORY CREEK","2023081911",0,17,33,5.9,224,10.2,,,,,,,,,,,,0,193.3,,0,0,0,0,0,,0,0,,0,
"1092","RORY CREEK","2023081912",0,17.9,29,7,242,13.7,,,,0,,,,,,,,0,193.3,,0,0,0,0,0,,0,0,,0,
"1092","RORY CREEK","2023081913",0,19.4,20,6.3,239,13.1,,,,,,,,,,,,0,193.3,,0,0,0,0,0,,0,0,,0,
"1092","RORY CREEK","2023081914",0,19.8,21,5.9,269,14.3,,,,,,,,,,,,0,193.3,,0,0,0,0,0,,0,0,,0,
"1092","RORY CREEK","2023081915",0,19.6,24,5.1,221,12.5,,,,,,,,,,,,0,193.3,,0,0,0,0,0,,0,0,,0,
"1092","RORY CREEK","2023081916",0,18.5,28,4.7,205,11.4,,,,,,,,,,,,0,193.3,,0,0,0,0,0,,0,0,,0,
"1092","RORY CREEK","2023081917",0,16.7,29,5.4,327,10.8,,,,,,,,,,,,0,193.3,,0,0,0,0,0,,0,0,,0,
"1092","RORY CREEK","2023081918",0,13.6,43,5.9,10,11.4,,,,,,,,,,,,0,193.3,,0,0,0,0,0,,0,0,,0,
"1092","RORY CREEK","2023081919",0,10.7,45,7,21,10.2,,,,,,,,,,,,0,193.3,,0,0,0,0,0,,0,0,,0,
"1092","RORY CREEK","2023081920",0,10.3,40,6.9,48,10.8,,,,,,,,,,,,0,193.3,,0,0,0,0,0,,0,0,,0,
"1092","RORY CREEK","2023081921",0,9.2,44,7.1,39,10.2,,,,,,,,,,,,0,193.3,,0,0,0,0,0,,0,0,,0,
"1092","RORY CREEK","2023081922",0,8.5,46,7.3,43,10.8,,,,,,,,,,,,0,193.3,,0,0,0,0,0,,0,0,,0,
"1092","RORY CREEK","2023081923",0,8.2,47,7.2,34,10.8,,,,,,,,,,,,0,193.3,,0,0,0,0,0,,0,0,,0,
"1093","QUINSAM BASE FWX","2023081900",0,12.2,73,2.7,19,13.7,88.418,3.915,13.417,,,,,,,,,,,,,,,,,,,,,,
"1093","QUINSAM BASE FWX","2023081901",0,11.7,78,4.3,280,8.5,87.825,3.897,13.37,,,,,,,,,,,,,,,,,,,,,,
"1093","QUINSAM BASE FWX","2023081902",0,10.8,82,0,155,8.5,87.356,2.935,10.645,,,,,,,,,,,,,,,,,,,,,,
"1093","QUINSAM BASE FWX","2023081903",0,10.6,84,4,262,8.5,86.704,3.272,11.633,,,,,,,,,,,,,,,,,,,,,,
"1093","QUINSAM BASE FWX","2023081904",0,11.2,83,5,274,12.5,86.137,3.176,11.357,,,,,,,,,,,,,,,,,,,,,,
"1093","QUINSAM BASE FWX","2023081905",0,11.3,82,6.7,273,12,85.646,3.23,11.512,,,,,,,,,,,,,,,,,,,,,,
"1093","QUINSAM BASE FWX","2023081906",0,10.6,87,0,241,13.1,85.22,2.172,8.243,,,,,,,,,,,,,,,,,,,,,,
"1093","QUINSAM BASE FWX","2023081907",0,13.1,77,6.1,296,11.4,85,2.865,10.437,,,,,,,,,,,,,,,,,,,,,,
"1093","QUINSAM BASE FWX","2023081908",0,16.5,66,5.1,335,16.6,85.048,2.743,10.064,,,,,,,,,,,,,,,,,,,,,,
"1093","QUINSAM BASE FWX","2023081909",0,18.3,58,7.2,295,13.7,85.166,3.099,11.131,,,,,,,,,,,,,,,,,,,,,,
"1093","QUINSAM BASE FWX","2023081910",0,20.3,53,5.7,321,15.4,85.412,2.973,10.759,,,,,,,,,,,,,,,,,,,,,,
"1093","QUINSAM BASE FWX","2023081911",0,22.6,49,5.9,358,14.3,85.79,3.165,11.325,,,,,,,,,,,,,,,,,,,,,,
"1093","QUINSAM BASE FWX","2023081912",0,24.3,46,6.2,325,15.4,86.26,3.433,12.092,0,90.592,6.377,19.966,46.154,520.042,75.546,4,,,,,,,,,,,,,,
"1093","QUINSAM BASE FWX","2023081913",0,24.6,44,5.5,274,14.9,86.725,3.539,12.792,,,,,,,,,,,,,,,,,,,,,,
"1093","QUINSAM BASE FWX","2023081914",0,26.4,37,5.7,328,16,87.421,3.948,13.936,,,,,,,,,,,,,,,,,,,,,,
"1093","QUINSAM BASE FWX","2023081915",0,26.7,34,2.8,16,15.4,88.069,3.742,13.366,,,,,,,,,,,,,,,,,,,,,,
"1093","QUINSAM BASE FWX","2023081916",0,25.7,35,7.7,306,14.3,88.614,5.18,17.136,,,,,,,,,,,,,,,,,,,,,,
"1093","QUINSAM BASE FWX","2023081917",0,24.7,39,8.1,288,14.3,88.902,5.508,17.937,,,,,,,,,,,,,,,,,,,,,,
"1093","QUINSAM BASE FWX","2023081918",0,22.2,45,6.6,314,15.4,88.951,5.144,17.046,,,,,,,,,,,,,,,,,,,,,,
"1093","QUINSAM BASE FWX","2023081919",0,19.9,50,2,342,11.4,88.991,4.103,14.358,,,,,,,,,,,,,,,,,,,,,,
"1093","QUINSAM BASE FWX","2023081920",0,18.2,52,0,22,8.5,88.983,3.705,13.262,,,,,,,,,,,,,,,,,,,,,,
"1093","QUINSAM BASE FWX","2023081921",0,16.9,56,2.2,11,5.6,88.869,4.072,14.275,,,,,,,,,,,,,,,,,,,,,,
"1093","QUINSAM BASE FWX","2023081922",0,16.2,60,0,46,10.8,88.737,3.576,12.898,,,,,,,,,,,,,,,,,,,,,,
"1093","QUINSAM BASE FWX","2023081923",0,15.5,62,2.2,349,9.1,88.521,3.874,13.732,,,,,,,,,,,,,,,,,,,,,,
"1108","BLUE RIVER 2","2023081900",0,9.1,88,7.2,2,17.2,59.733,0.579,0.656,,,,,,,,,,,,,,,,,,,,,,
"1108","BLUE RIVER 2","2023081901",0,8.4,90,5.8,110,20,60.21,0.556,0.63,,,,,,,,,,,,,,,,,,,,,,
"1108","BLUE RIVER 2","2023081902",0,7.7,92,3.7,14,16,60.539,0.51,0.578,,,,,,,,,,,,,,,,,,,,,,
"1108","BLUE RIVER 2","2023081903",0,5.8,97,8.1,212,10.2,60.692,0.642,0.729,,,,,,,,,,,,,,,,,,,,,,
"1108","BLUE RIVER 2","2023081904",0,5.9,97,5,314,9.7,60.828,0.554,0.628,,,,,,,,,,,,,,,,,,,,,,
"1108","BLUE RIVER 2","2023081905",0,5.1,98,3.2,63,10.2,60.92,0.508,0.577,,,,,,,,,,,,,,,,,,,,,,
"1108","BLUE RIVER 2","2023081906",0,5,98,8.8,208,11.4,61.03,0.679,0.77,,,,,,,,,,,,,,,,,,,,,,
"1108","BLUE RIVER 2","2023081907",0,7.8,89,5.9,110,17.7,61.51,0.602,0.683,,,,,,,,,,,,,,,,,,,,,,
"1108","BLUE RIVER 2","2023081908",0,10,80,5.3,81,13.1,62.364,0.611,0.694,,,,,,,,,,,,,,,,,,,,,,
"1108","BLUE RIVER 2","2023081909",0,12.5,71,7.2,59,12,63.683,0.717,0.813,,,,,,,,,,,,,,,,,,,,,,
"1108","BLUE RIVER 2","2023081910",0,15.4,54,7.9,49,17.2,65.712,0.807,0.916,,,,,,,,,,,,,,,,,,,,,,
"1108","BLUE RIVER 2","2023081911",0,18,41,14.7,36,27.5,68.571,1.254,2.242,,,,,,,,,,,,,,,,,,,,,,
"1108","BLUE RIVER 2","2023081912",0,19,34,19.1,36,32.1,71.66,1.731,3.419,0.2,83.963,4.794,10.049,18.897,287.864,32.465,3,,,,,,,,,,,,,,
"1108","BLUE RIVER 2","2023081913",0,20.4,30,14.4,36,25.8,74.526,1.543,3.331,,,,,,,,,,,,,,,,,,,,,,
"1108","BLUE RIVER 2","2023081914",0,21.2,29,13.5,31,23.5,77.117,1.734,3.813,,,,,,,,,,,,,,,,,,,,,,
"1108","BLUE RIVER 2","2023081915",0,21.9,27,14.2,25,24.1,79.529,2.217,4.958,,,,,,,,,,,,,,,,,,,,,,
"1108","BLUE RIVER 2","2023081916",0,21.8,27,16.1,30,24.1,81.628,3.069,6.794,,,,,,,,,,,,,,,,,,,,,,
"1108","BLUE RIVER 2","2023081917",0,21.3,30,15.5,28,24.6,83.233,3.633,7.917,,,,,,,,,,,,,,,,,,,,,,
"1108","BLUE RIVER 2","2023081918",0,20.2,32,12.3,17,25.2,84.394,3.606,7.864,,,,,,,,,,,,,,,,,,,,,,
"1108","BLUE RIVER 2","2023081919",0,16.4,49,7.1,16,16,84.717,2.899,6.444,,,,,,,,,,,,,,,,,,,,,,
"1108","BLUE RIVER 2","2023081920",0,13.8,53,7,3,12.5,84.871,2.946,6.542,,,,,,,,,,,,,,,,,,,,,,
"1108","BLUE RIVER 2","2023081921",0,11.3,71,5.4,193,12,84.813,2.696,6.015,,,,,,,,,,,,,,,,,,,,,,
"1108","BLUE RIVER 2","2023081922",0,10.4,77,6.2,207,10.2,84.615,2.732,6.092,,,,,,,,,,,,,,,,,,,,,,
"1108","BLUE RIVER 2","2023081923",0,8.6,82,5,250,10.2,84.304,2.466,5.516,,,,,,,,,,,,,,,,,,,,,,
"1144","FORD MOUNTAIN","2023081900",0,7.1,83,0,52,0,89.519,4.002,19.203,,,,,,,,,,-2.2,,,,,,,,,,6179.4,,
"1144","FORD MOUNTAIN","2023081901",0,7.4,78,0,43,5.6,89.031,3.731,18.241,,,,,,,,,,-2.2,,,,,,,,,,6179.4,,
"1144","FORD MOUNTAIN","2023081902",0,6.7,81,0,21,6.5,88.522,3.468,17.279,,,,,,,,,,-2.3,,,,,,,,,,6179.4,,
"1144","FORD MOUNTAIN","2023081903",0,7.2,78,0,8,9.8,88.107,3.268,16.527,,,,,,,,,,-2.2,,,,,,,,,,6179.4,,
"1144","FORD MOUNTAIN","2023081904",0,7.2,78,2.2,4,9.1,87.613,3.401,17.03,,,,,,,,,,-2.3,,,,,,,,,,6179.4,,
"1144","FORD MOUNTAIN","2023081905",0,7.1,78,0.7,7,9.5,87.206,2.976,15.398,,,,,,,,,,-2.2,,,,,,,,,,6179.4,,
"1144","FORD MOUNTAIN","2023081906",0,8.4,73,5,357,13.7,86.857,3.516,17.458,,,,,,,,,,-2,,,,,,,,,,6179.4,,
"1144","FORD MOUNTAIN","2023081907",0,11.1,66,6.7,3,18.5,86.685,3.738,18.267,,,,,,,,,,-1.8,,,,,,,,,,6179.4,,
"1144","FORD MOUNTAIN","2023081908",0,16.8,44,8.2,32,17.3,86.874,4.142,19.69,,,,,,,,,,-1.5,,,,,,,,,,6179.4,,
"1144","FORD MOUNTAIN","2023081909",0,21.6,28,9.3,78,18.3,87.677,4.909,22.248,,,,,,,,,,-1.4,,,,,,,,,,6179.4,,
"1144","FORD MOUNTAIN","2023081910",0,24.4,19,14.2,104,27.2,88.957,7.55,29.979,,,,,,,,,,-1.5,,,,,,,,,,6179.4,,
"1144","FORD MOUNTAIN","2023081911",0,25.8,18,10.9,90,26.4,90.094,7.526,29.916,,,,,,,,,,-1.5,,,,,,,,,,6179.4,,
"1144","FORD MOUNTAIN","2023081912",0,27.2,16,8.6,107,27.1,91.169,7.814,30.683,0,95.321,13.951,45.311,105.968,602.189,147.185,5,,-1.5,,,,,,,,,,6179.4,,
"1144","FORD MOUNTAIN","2023081913",0,28.2,17,9.2,220,25,92.06,9.139,34.446,,,,,,,,,,-1.7,,,,,,,,,,6179.4,,
"1144","FORD MOUNTAIN","2023081914",0,27.9,18,7.9,242,22.3,92.697,9.364,35.005,,,,,,,,,,-1.7,,,,,,,,,,6179.4,,
"1144","FORD MOUNTAIN","2023081915",0,27.5,19,11.8,225,20.7,93.173,12.184,41.554,,,,,,,,,,-1.8,,,,,,,,,,6179.4,,
"1144","FORD MOUNTAIN","2023081916",0,27.2,19,11.3,225,26.1,93.538,12.501,42.244,,,,,,,,,,-1.8,,,,,,,,,,6179.4,,
"1144","FORD MOUNTAIN","2023081917",0,26.5,20,8.6,217,22.5,93.748,11.234,39.432,,,,,,,,,,-1.8,,,,,,,,,,6179.4,,
"1144","FORD MOUNTAIN","2023081918",0,24.6,31,0,307,20.4,93.759,7.295,29.622,,,,,,,,,,-2,,,,,,,,,,6179.4,,
"1144","FORD MOUNTAIN","2023081919",0,18.6,43,0,299,0,93.545,7.081,29.03,,,,,,,,,,-2.6,,,,,,,,,,6179.4,,
"1144","FORD MOUNTAIN","2023081920",0,14.5,57,0,346,8.3,93.099,6.653,27.822,,,,,,,,,,-2.6,,,,,,,,,,6179.4,,
"1144","FORD MOUNTAIN","2023081921",0,12.8,62,0,39,0,92.603,6.206,26.525,,,,,,,,,,-2.4,,,,,,,,,,6179.4,,
"1144","FORD MOUNTAIN","2023081922",0,11.8,66,0,352,0,92.077,5.763,25.198,,,,,,,,,,-2.4,,,,,,,,,,6179.4,,
"1144","FORD MOUNTAIN","2023081923",0,11.4,62,0,347,0,91.665,5.436,24.191,,,,,,,,,,-2.3,,,,,,,,,,6179.4,,
"1165","SEVEREID","2023081900",0,4.5,100,4.9,107,10.8,71.158,0.832,1.266,,,,,,,,,,,,,,,,,,,,,,
"1165","SEVEREID","2023081901",0,4.3,100,4.9,116,11.4,71.201,0.833,1.271,,,,,,,,,,,,,,,,,,,,,,
"1165","SEVEREID","2023081902",0,3.9,100,6.3,129,12,71.244,0.895,1.514,,,,,,,,,,,,,,,,,,,,,,
"1165","SEVEREID","2023081903",0,3.3,100,6.6,125,10.2,71.287,0.91,1.568,,,,,,,,,,,,,,,,,,,,,,
"1165","SEVEREID","2023081904",0,2.3,100,4,128,9.7,71.33,0.8,1.101,,,,,,,,,,,,,,,,,,,,,,
"1165","SEVEREID","2023081905",0,1.4,100,2.8,98,5.6,71.373,0.754,0.955,,,,,,,,,,,,,,,,,,,,,,
"1165","SEVEREID","2023081906",0,2.7,100,3.8,123,7.9,71.416,0.794,1.059,,,,,,,,,,,,,,,,,,,,,,
"1165","SEVEREID","2023081907",0,5.8,100,5.5,119,12.5,71.459,0.866,1.407,,,,,,,,,,,,,,,,,,,,,,
"1165","SEVEREID","2023081908",0,10.4,84,0,64,7.4,71.654,0.661,0.838,,,,,,,,,,,,,,,,,,,,,,
"1165","SEVEREID","2023081909",0,12.3,72,5,359,7.9,72.347,0.873,1.431,,,,,,,,,,,,,,,,,,,,,,
"1165","SEVEREID","2023081910",0,15.3,65,4.8,13,8.5,73.277,0.897,1.52,,,,,,,,,,,,,,,,,,,,,,
"1165","SEVEREID","2023081911",0,17.1,51,4.9,132,11.4,74.603,0.96,1.736,,,,,,,,,,,,,,,,,,,,,,
"1165","SEVEREID","2023081912",0,17.8,55,7,325,13.1,75.816,1.143,2.302,0.4,85.434,3.184,7.483,21.383,280.004,35.91,2,,,,,,,,,,,,,,
"1165","SEVEREID","2023081913",0,19.2,48,4.9,236,13.1,77.118,1.124,2.421,,,,,,,,,,,,,,,,,,,,,,
"1165","SEVEREID","2023081914",0,19.6,43,6.5,270,13.1,78.517,1.367,3.127,,,,,,,,,,,,,,,,,,,,,,
"1165","SEVEREID","2023081915",0,20.3,41,5.1,299,10.8,79.816,1.443,3.338,,,,,,,,,,,,,,,,,,,,,,
"1165","SEVEREID","2023081916",0,20,41,5.2,247,11.4,80.955,1.639,3.867,,,,,,,,,,,,,,,,,,,,,,
"1165","SEVEREID","2023081917",0,19.6,48,3.3,223,7.9,81.707,1.625,3.83,,,,,,,,,,,,,,,,,,,,,,
"1165","SEVEREID","2023081918",0,15.3,69,0,219,5.6,81.825,1.396,3.208,,,,,,,,,,,,,,,,,,,,,,
"1165","SEVEREID","2023081919",0,11.6,88,2.9,117,4.5,81.634,1.579,3.708,,,,,,,,,,,,,,,,,,,,,,
"1165","SEVEREID","2023081920",0,9.3,92,5.4,130,9.1,81.246,1.712,4.057,,,,,,,,,,,,,,,,,,,,,,
"1165","SEVEREID","2023081921",0,8,91,6.5,134,11.4,80.937,1.747,4.148,,,,,,,,,,,,,,,,,,,,,,
"1165","SEVEREID","2023081922",0,7.5,86,4.3,117,11.4,80.862,1.55,3.631,,,,,,,,,,,,,,,,,,,,,,
"1165","SEVEREID","2023081923",0,7.1,86,5.8,114,12.5,80.786,1.658,3.916,,,,,,,,,,,,,,,,,,,,,,
"1176","MUDPIT","2023081900",0,9.3,57,9.9,123,14.3,90.219,7.285,24.369,,,,,,,,,,,,,,,,,,,,112.6,,
"1176","MUDPIT","2023081901",0,8.8,58,9.7,112,14.1,89.827,6.819,23.262,,,,,,,,,,,,,,,,,,,,112.6,,
"1176","MUDPIT","2023081902",0,8.3,61,9.2,109,14,89.419,6.271,21.922,,,,,,,,,,,,,,,,,,,,112.6,,
"1176","MUDPIT","2023081903",0,8.2,61,8.3,114,13.3,89.059,5.691,20.449,,,,,,,,,,,,,,,,,,,,112.6,,
"1176","MUDPIT","2023081904",0,7.8,64,8.3,114,12.5,88.676,5.387,19.651,,,,,,,,,,,,,,,,,,,,112.6,,
"1176","MUDPIT","2023081905",0,6.7,69,4,131,12.5,88.283,4.1,16.052,,,,,,,,,,,,,,,,,,,,112.6,,
"1176","MUDPIT","2023081906",0,7.7,66,5.9,135,10.8,87.959,4.306,16.657,,,,,,,,,,,,,,,,,,,,112.6,,
"1176","MUDPIT","2023081907",0,9,65,2.8,201,9.7,87.718,3.559,14.409,,,,,,,,,,,,,,,,,,,,112.6,,
"1176","MUDPIT","2023081908",0,12.4,54,1.3,85,8.5,87.706,3.294,13.569,,,,,,,,,,,,,,,,,,,,112.6,,
"1176","MUDPIT","2023081909",0,16.4,41,3.3,118,7.9,87.822,3.704,14.859,,,,,,,,,,,,,,,,,,,,112.6,,
"1176","MUDPIT","2023081910",0,18.5,36,3.9,286,11.3,88.086,3.965,15.651,,,,,,,,,,,,,,,,,,,,112.6,,
"1176","MUDPIT","2023081911",0,19.2,34,6,293,13.3,88.403,4.613,17.535,,,,,,,,,,,,,,,,,,,,112.6,,
"1176","MUDPIT","2023081912",0,20.7,29,6.3,271,15.6,88.878,5.013,18.645,0,91.458,7.251,24.821,62.992,509.876,96.255,4,,,,,,,,,,,,112.6,,
"1176","MUDPIT","2023081913",0,22.2,26,7.4,285,19.6,89.456,5.758,21.085,,,,,,,,,,,,,,,,,,,,112.6,,
"1176","MUDPIT","2023081914",0,23.5,20,7.9,313,20.1,90.241,6.607,23.255,,,,,,,,,,,,,,,,,,,,112.6,,
"1176","MUDPIT","2023081915",0,23.8,19,7.8,297,23.2,90.953,7.279,24.887,,,,,,,,,,,,,,,,,,,,112.6,,
"1176","MUDPIT","2023081916",0,24.3,19,9.4,280,21.1,91.587,8.634,28.001,,,,,,,,,,,,,,,,,,,,112.6,,
"1176","MUDPIT","2023081917",0,24,21,9.5,311,18.3,92.014,9.218,29.278,,,,,,,,,,,,,,,,,,,,112.6,,
"1176","MUDPIT","2023081918",0,22.3,23,8.3,316,18.5,92.223,8.938,28.67,,,,,,,,,,,,,,,,,,,,112.6,,
"1176","MUDPIT","2023081919",0,18.2,31,3.4,195,14.3,92.257,7.016,24.256,,,,,,,,,,,,,,,,,,,,112.6,,
"1176","MUDPIT","2023081920",0,14.6,40,7.4,118,13.2,92.067,8.355,27.378,,,,,,,,,,,,,,,,,,,,112.6,,
"1176","MUDPIT","2023081921",0,13.3,41,7.4,114,14.4,91.865,8.12,26.847,,,,,,,,,,,,,,,,,,,,112.6,,
"1176","MUDPIT","2023081922",0,12.2,44,7.9,130,13.8,91.613,8.035,26.652,,,,,,,,,,,,,,,,,,,,112.6,,
"1176","MUDPIT","2023081923",0,11.5,46,7.1,122,16.7,91.349,7.433,25.254,,,,,,,,,,,,,,,,,,,,112.6,,
"1199","CLAYTON FALLS","2023081900",0,8.6,73,6.7,88,10.5,,,,,,,,,,,,,3.4,,,,,,,,,,805.4,0,
"1199","CLAYTON FALLS","2023081901",0,8.5,75,3.9,93,9.5,,,,,,,,,,,,,11.5,,,,,,,,,,805.4,0,
"1199","CLAYTON FALLS","2023081902",0,8.7,72,3.9,86,6.2,,,,,,,,,,,,,3.5,,,,,,,,,,805.4,0,
"1199","CLAYTON FALLS","2023081903",0,8.8,69,4.1,103,10.3,,,,,,,,,,,,,3.3,,,,,,,,,,805.4,0,
"1199","CLAYTON FALLS","2023081904",0,9,66,9.8,77,13.8,,,,,,,,,,,,,3.7,,,,,,,,,,805.4,0,
"1199","CLAYTON FALLS","2023081905",0,9,64,8.4,73,15.3,,,,,,,,,,,,,11.8,,,,,,,,,,805.4,0,
"1199","CLAYTON FALLS","2023081906",0,9.2,60,8.4,74,13.7,,,,,,,,,,,,,3.8,,,,,,,,,,805.4,14,
"1199","CLAYTON FALLS","2023081907",0,10.6,55,10.1,76,17.3,,,,,,,,,,,,,12.4,,,,,,,,,,805.4,111,
"1199","CLAYTON FALLS","2023081908",0,11.7,53,8.1,71,16.2,,,,,,,,,,,,,4.6,,,,,,,,,,805.4,251,
"1199","CLAYTON FALLS","2023081909",0,12.6,49,10.5,75,19.7,,,,,,,,,,,,,28.7,,,,,,,,,,805.4,397,
"1199","CLAYTON FALLS","2023081910",0,13.4,47,12.4,75,21.3,,,,,,,,,,,,,37.1,,,,,,,,,,805.4,535,
"1199","CLAYTON FALLS","2023081911",0,14.2,44,9.1,68,24.1,,,,,,,,,,,,,11.4,,,,,,,,,,805.4,638,
"1199","CLAYTON FALLS","2023081912",0,15.7,36,4.8,56,17.2,,,,0,,,,,,,,,2.4,,,,,,,,,,805.4,711,
"1199","CLAYTON FALLS","2023081913",0,16.3,41,3.9,254,11.4,,,,,,,,,,,,,2.4,,,,,,,,,,805.4,734,
"1199","CLAYTON FALLS","2023081914",0,17.1,37,2.6,9,16.6,,,,,,,,,,,,,10.5,,,,,,,,,,805.4,711,
"1199","CLAYTON FALLS","2023081915",0,16.6,36,2.5,309,11.1,,,,,,,,,,,,,1.9,,,,,,,,,,805.4,645,
"1199","CLAYTON FALLS","2023081916",0,16.5,35,8.6,277,17.1,,,,,,,,,,,,,2.4,,,,,,,,,,805.4,537,
"1199","CLAYTON FALLS","2023081917",0,16.5,40,4.4,308,17.3,,,,,,,,,,,,,28.1,,,,,,,,,,805.4,403,
"1199","CLAYTON FALLS","2023081918",0,14.9,51,7.2,308,17.2,,,,,,,,,,,,,17.7,,,,,,,,,,805.4,252,
"1199","CLAYTON FALLS","2023081919",0,13.4,60,8.7,300,18.4,,,,,,,,,,,,,1.3,,,,,,,,,,805.4,110,
"1199","CLAYTON FALLS","2023081920",0,12.7,58,4.5,333,11.8,,,,,,,,,,,,,20,,,,,,,,,,805.4,15,
"1199","CLAYTON FALLS","2023081921",0,11.9,65,5.9,311,11.5,,,,,,,,,,,,,11.3,,,,,,,,,,805.4,0,
"1199","CLAYTON FALLS","2023081922",0,11.7,63,4.6,301,9.9,,,,,,,,,,,,,2.5,,,,,,,,,,805.4,0,
"1199","CLAYTON FALLS","2023081923",0,11.5,67,4.2,306,10.5,,,,,,,,,,,,,2.2,,,,,,,,,,805.4,0,
"1203","DARKWOODS","2023081900",0,8.6,34,6.4,359,12.5,93.151,9.253,29.711,,,,,,,,,0,193.3,,0,0,0,0,0,,0,0,,0,
"1203","DARKWOODS","2023081901",0,7.4,40,6.3,4,10.8,92.867,8.847,28.82,,,,,,,,,0,193.3,,0,0,0,0,0,,0,0,,0,
"1203","DARKWOODS","2023081902",0,7,41,4.7,19,10.2,92.604,7.866,26.59,,,,,,,,,0,193.3,,0,0,0,0,0,,0,0,,0,
"1203","DARKWOODS","2023081903",0,6.6,41,3.4,69,9.7,92.375,7.133,24.847,,,,,,,,,0,193.3,,0,0,0,0,0,,0,0,,0,
"1203","DARKWOODS","2023081904",0,6,47,3.8,46,7.9,92.061,6.963,24.433,,,,,,,,,0,193.3,,0,0,0,0,0,,0,0,,0,
"1203","DARKWOODS","2023081905",0,5,48,3.6,40,10.2,91.758,6.604,23.541,,,,,,,,,0,193.3,,0,0,0,0,0,,0,0,,0,
"1203","DARKWOODS","2023081906",0,5.8,49,4.7,60,8.5,91.445,6.677,23.724,,,,,,,,,0,193.3,,0,0,0,0,0,,0,0,,0,
"1203","DARKWOODS","2023081907",0,6.9,52,3.6,54,6.8,91.121,6.032,22.08,,,,,,,,,0,193.3,,0,0,0,0,0,,0,0,,0,
"1203","DARKWOODS","2023081908",0,8.4,47,1.8,339,4.5,90.927,5.359,20.284,,,,,,,,,0,193.3,,0,0,0,0,0,,0,0,,0,
"1203","DARKWOODS","2023081909",0,11.5,43,1.6,218,3.3,90.821,5.226,19.917,,,,,,,,,0,193.3,,0,0,0,0,0,,0,0,,0,
"1203","DARKWOODS","2023081910",0,12.6,40,6.7,199,9.1,90.747,6.687,23.749,,,,,,,,,0,193.3,,0,0,0,0,0,,0,0,,0,
"1203","DARKWOODS","2023081911",0,12.8,50,1.9,214,10.8,90.549,5.104,19.577,,,,,,,,,0,193.3,,0,0,0,0,0,,0,0,,0,
"1203","DARKWOODS","2023081912",0,13.7,43,9.1,203,12,90.45,7.232,25.088,0,90.934,7.75,26.587,72.517,413.319,100.814,3,0,193.3,,0,0,0,0,0,,0,0,,0,
"1203","DARKWOODS","2023081913",0,14.3,40,7.8,216,13.7,90.427,6.751,24.157,,,,,,,,,0,193.3,,0,0,0,0,0,,0,0,,0,
"1203","DARKWOODS","2023081914",0,15.3,35,9.6,200,16.6,90.476,7.445,25.861,,,,,,,,,0,193.3,,0,0,0,0,0,,0,0,,0,
"1203","DARKWOODS","2023081915",0,15.7,40,4.7,199,13.7,90.475,5.815,21.736,,,,,,,,,0,193.3,,0,0,0,0,0,,0,0,,0,
"1203","DARKWOODS","2023081916",0,16.1,36,5,198,9.1,90.525,5.946,22.083,,,,,,,,,0,193.3,,0,0,0,0,0,,0,0,,0,
"1203","DARKWOODS","2023081917",0,15.2,39,2.9,314,6.8,90.533,5.355,20.488,,,,,,,,,0,193.3,,0,0,0,0,0,,0,0,,0,
"1203","DARKWOODS","2023081918",0,13.1,51,0,54,4.5,90.395,4.537,18.153,,,,,,,,,0,193.3,,0,0,0,0,0,,0,0,,0,
"1203","DARKWOODS","2023081919",0,10.2,48,4.2,49,6.2,90.219,5.467,20.795,,,,,,,,,0,193.3,,0,0,0,0,0,,0,0,,0,
"1203","DARKWOODS","2023081920",0,9.4,49,4.9,27,7.4,90.031,5.513,20.92,,,,,,,,,0,193.3,,0,0,0,0,0,,0,0,,0,
"1203","DARKWOODS","2023081921",0,9,49,5.3,22,9.7,89.854,5.483,20.841,,,,,,,,,0,193.3,,0,0,0,0,0,,0,0,,0,
"1203","DARKWOODS","2023081922",0,9,44,3.2,54,7.4,89.779,4.88,19.153,,,,,,,,,0,193.3,,0,0,0,0,0,,0,0,,0,
"1203","DARKWOODS","2023081923",0,8.2,48,5.3,19,9.7,89.633,5.313,20.371,,,,,,,,,0,193.3,,0,0,0,0,0,,0,0,,0,
"1218","POWELL RIVER WEST LAKE","2023081900",0,10.4,76,2.3,115,6.2,87.49,3.359,15.018,,,,,,,,,0,0,,0,0,0,0,0,,0,0,,0,
"1218","POWELL RIVER WEST LAKE","2023081901",0,10.1,77,2.9,82,8.5,87.052,3.252,14.65,,,,,,,,,0,0,,0,0,0,0,0,,0,0,,0,
"1218","POWELL RIVER WEST LAKE","2023081902",0,9.9,80,3.3,16,5.6,86.574,3.101,14.119,,,,,,,,,0,0,,0,0,0,0,0,,0,0,,0,
"1218","POWELL RIVER WEST LAKE","2023081903",0,9.1,82,2.8,44,5.6,86.099,2.828,13.139,,,,,,,,,0,0,,0,0,0,0,0,,0,0,,0,
"1218","POWELL RIVER WEST LAKE","2023081904",0,9.1,86,3.9,345,6.2,85.522,2.757,12.879,,,,,,,,,0,0,,0,0,0,0,0,,0,0,,0,
"1218","POWELL RIVER WEST LAKE","2023081905",0,9.6,87,4.9,2,6.8,84.948,2.678,12.586,,,,,,,,,0,0,,0,0,0,0,0,,0,0,,0,
"1218","POWELL RIVER WEST LAKE","2023081906",0,9.4,87,3.7,347,6.2,84.455,2.357,11.361,,,,,,,,,0,0,,0,0,0,0,0,,0,0,,0,
"1218","POWELL RIVER WEST LAKE","2023081907",0,10.9,86,5,342,8.5,84.033,2.378,11.441,,,,,,,,,0,0,,0,0,0,0,0,,0,0,,0,
"1218","POWELL RIVER WEST LAKE","2023081908",0,14.2,70,5.5,7,10.8,84.08,2.454,11.737,,,,,,,,,0,0,,0,0,0,0,0,,0,0,,0,
"1218","POWELL RIVER WEST LAKE","2023081909",0,16.5,62,5.8,339,11.4,84.188,2.528,12.019,,,,,,,,,0,0,,0,0,0,0,0,,0,0,,0,
"1218","POWELL RIVER WEST LAKE","2023081910",0,18.1,57,7,339,12.5,84.412,2.768,12.918,,,,,,,,,0,0,,0,0,0,0,0,,0,0,,0,
"1218","POWELL RIVER WEST LAKE","2023081911",0,19.1,53,6.1,339,15.4,84.714,2.755,12.874,,,,,,,,,0,0,,0,0,0,0,0,,0,0,,0,
"1218","POWELL RIVER WEST LAKE","2023081912",0,20.7,49,6.3,313,13.7,85.121,2.943,13.558,0,89.615,5.573,22.101,72.679,591.911,111.218,4,0,0,,0,0,0,0,0,,0,0,,0,
"1218","POWELL RIVER WEST LAKE","2023081913",0,22.2,45,7,335,14.9,85.64,3.277,14.936,,,,,,,,,0,0,,0,0,0,0,0,,0,0,,0,
"1218","POWELL RIVER WEST LAKE","2023081914",0,22.8,42,6.9,2,15.4,86.196,3.524,15.789,,,,,,,,,0,0,,0,0,0,0,0,,0,0,,0,
"1218","POWELL RIVER WEST LAKE","2023081915",0,23.6,39,5.8,339,12,86.782,3.622,16.12,,,,,,,,,0,0,,0,0,0,0,0,,0,0,,0,
"1218","POWELL RIVER WEST LAKE","2023081916",0,24.3,35,5.8,6,13.7,87.44,3.978,17.293,,,,,,,,,0,0,,0,0,0,0,0,,0,0,,0,
"1218","POWELL RIVER WEST LAKE","2023081917",0,23.4,39,6.2,353,13.7,87.846,4.302,18.324,,,,,,,,,0,0,,0,0,0,0,0,,0,0,,0,
"1218","POWELL RIVER WEST LAKE","2023081918",0,21.7,42,5.2,5,14.9,88.053,4.214,18.047,,,,,,,,,0,0,,0,0,0,0,0,,0,0,,0,
"1218","POWELL RIVER WEST LAKE","2023081919",0,20,49,5.3,356,10.8,88.102,4.265,18.208,,,,,,,,,0,0,,0,0,0,0,0,,0,0,,0,
"1218","POWELL RIVER WEST LAKE","2023081920",0,16.6,57,4.8,341,7.9,88.044,4.124,17.762,,,,,,,,,0,0,,0,0,0,0,0,,0,0,,0,
"1218","POWELL RIVER WEST LAKE","2023081921",0,15.8,61,5.4,330,7.9,87.899,4.163,17.887,,,,,,,,,0,0,,0,0,0,0,0,,0,0,,0,
"1218","POWELL RIVER WEST LAKE","2023081922",0,14.2,70,5.4,328,6.8,87.557,3.965,17.249,,,,,,,,,0,0,,0,0,0,0,0,,0,0,,0,
"1218","POWELL RIVER WEST LAKE","2023081923",0,14,73,5.6,333,9.1,87.177,3.794,16.69,,,,,,,,,0,0,,0,0,0,0,0,,0,0,,0,
"1221","MOUNT CAYLEY","2023081900",0,8.2,62,1.4,56,6.2,,,,,,,,,,,,,626.4,,,,,,,,,,11444.2,0,
"1221","MOUNT CAYLEY","2023081901",0,8.3,62,1.7,45,7.4,,,,,,,,,,,,,626.4,,,,,,,,,,11444.2,0,
"1221","MOUNT CAYLEY","2023081902",0,8.4,59,0.2,59,5.2,,,,,,,,,,,,,626.4,,,,,,,,,,11444.2,0,
"1221","MOUNT CAYLEY","2023081903",0,8.1,53,0.9,43,6.3,,,,,,,,,,,,,626.4,,,,,,,,,,11444.2,0,
"1221","MOUNT CAYLEY","2023081904",0,8.6,49,3,47,10.4,,,,,,,,,,,,,626.4,,,,,,,,,,11444.2,0,
"1221","MOUNT CAYLEY","2023081905",0,8,53,0.7,43,7.9,,,,,,,,,,,,,626.4,,,,,,,,,,11444.2,0,
"1221","MOUNT CAYLEY","2023081906",0,8.1,52,0.9,76,7.9,,,,,,,,,,,,,626.4,,,,,,,,,,11444.2,17,
"1221","MOUNT CAYLEY","2023081907",0,8.6,46,0.2,48,6,,,,,,,,,,,,,626.4,,,,,,,,,,11444.2,76,
"1221","MOUNT CAYLEY","2023081908",0,10.9,39,3.1,352,14.8,,,,,,,,,,,,,626.4,,,,,,,,,,11444.2,254,
"1221","MOUNT CAYLEY","2023081909",0,11.8,38,4,348,17.7,,,,,,,,,,,,,615.9,,,,,,,,,,11444.2,438,
"1221","MOUNT CAYLEY","2023081910",0,13,35,2.6,2,13.9,,,,,,,,,,,,,531.7,,,,,,,,,,11444.2,589,
"1221","MOUNT CAYLEY","2023081911",0,13.4,32,4.5,329,13.5,,,,,,,,,,,,,626.4,,,,,,,,,,11444.2,686,
"1221","MOUNT CAYLEY","2023081912",0,14.1,28,4.3,339,14.5,,,,0,,,,,,,,,626.4,,,,,,,,,,11444.2,769,
"1221","MOUNT CAYLEY","2023081913",0,14.9,34,5,301,14.6,,,,,,,,,,,,,626.4,,,,,,,,,,11444.2,791,
"1221","MOUNT CAYLEY","2023081914",0,15.9,27,3.6,319,11.6,,,,,,,,,,,,,626.4,,,,,,,,,,11444.2,774,
"1221","MOUNT CAYLEY","2023081915",0,16.6,27,3.1,275,14.6,,,,,,,,,,,,,626.4,,,,,,,,,,11444.2,704,
"1221","MOUNT CAYLEY","2023081916",0,16.4,26,3.8,279,13.3,,,,,,,,,,,,,626.4,,,,,,,,,,11444.2,572,
"1221","MOUNT CAYLEY","2023081917",0,15.8,26,3.8,265,12.9,,,,,,,,,,,,,626.4,,,,,,,,,,11444.2,395,
"1221","MOUNT CAYLEY","2023081918",0,15.6,28,0.3,332,9.4,,,,,,,,,,,,,626.4,,,,,,,,,,11444.2,244,
"1221","MOUNT CAYLEY","2023081919",0,14.1,27,0.8,271,5.5,,,,,,,,,,,,,626.4,,,,,,,,,,11444.2,80,
"1221","MOUNT CAYLEY","2023081920",0,12.3,31,1.9,99,4.4,,,,,,,,,,,,,626.4,,,,,,,,,,11444.2,5,
"1221","MOUNT CAYLEY","2023081921",0,12,29,0.9,80,4.5,,,,,,,,,,,,,626.4,,,,,,,,,,11444.2,0,
"1221","MOUNT CAYLEY","2023081922",0,12.3,29,2,93,6.1,,,,,,,,,,,,,626.4,,,,,,,,,,11444.2,0,
"1221","MOUNT CAYLEY","2023081923",0,12,29,3.7,50,9.7,,,,,,,,,,,,,626.4,,,,,,,,,,11444.2,0,
"1239","SASKATCHEWAN CROSSING","2023081900",0,3.5,99,0.8,258,3.6,,,,,,,,,,,,,,,,,,,,,,,241.6,,
"1239","SASKATCHEWAN CROSSING","2023081901",0,3.6,100,0.7,286,3.5,,,,,,,,,,,,,,,,,,,,,,,241.6,,
"1239","SASKATCHEWAN CROSSING","2023081902",0,3.7,100,0.7,232,3.7,,,,,,,,,,,,,,,,,,,,,,,241.6,,
"1239","SASKATCHEWAN CROSSING","2023081903",0,3,99,0.1,266,3.9,,,,,,,,,,,,,,,,,,,,,,,241.6,,
"1239","SASKATCHEWAN CROSSING","2023081904",0,2.9,100,2.9,212,7.8,,,,,,,,,,,,,,,,,,,,,,,241.6,,
"1239","SASKATCHEWAN CROSSING","2023081905",0,3.5,100,0,262,3.9,,,,,,,,,,,,,,,,,,,,,,,241.6,,
"1239","SASKATCHEWAN CROSSING","2023081906",0,4.1,100,1.7,198,5.5,,,,,,,,,,,,,,,,,,,,,,,241.6,,
"1239","SASKATCHEWAN CROSSING","2023081907",0,5,97,1.4,277,5.8,,,,,,,,,,,,,,,,,,,,,,,241.6,,
"1239","SASKATCHEWAN CROSSING","2023081908",0,6.6,88,0.5,27,5.1,,,,,,,,,,,,,,,,,,,,,,,241.6,,
"1239","SASKATCHEWAN CROSSING","2023081909",0,8.8,78,5.6,97,10,,,,,,,,,,,,,,,,,,,,,,,241.6,,
"1239","SASKATCHEWAN CROSSING","2023081910",0,11.8,62,3.7,67,12.1,,,,,,,,,,,,,,,,,,,,,,,241.6,,
"1239","SASKATCHEWAN CROSSING","2023081911",0,13,54,6.6,106,12.3,,,,,,,,,,,,,,,,,,,,,,,241.6,,
"1239","SASKATCHEWAN CROSSING","2023081912",0,14.5,45,6.2,48,15.1,,,,6.9,,,,,,,,,,,,,,,,,,,241.6,,
"1239","SASKATCHEWAN CROSSING","2023081913",0,15.8,37,6.8,44,16,,,,,,,,,,,,,,,,,,,,,,,241.6,,
"1239","SASKATCHEWAN CROSSING","2023081914",0,16.7,34,7.7,48,17.9,,,,,,,,,,,,,,,,,,,,,,,241.6,,
"1239","SASKATCHEWAN CROSSING","2023081915",0,16.9,34,11.4,57,18.6,,,,,,,,,,,,,,,,,,,,,,,241.6,,
"1239","SASKATCHEWAN CROSSING","2023081916",0,17.3,33,6.8,41,22.4,,,,,,,,,,,,,,,,,,,,,,,241.6,,
"1239","SASKATCHEWAN CROSSING","2023081917",0,16.3,36,8.5,51,17.5,,,,,,,,,,,,,,,,,,,,,,,241.6,,
"1239","SASKATCHEWAN CROSSING","2023081918",0,13.7,42,7.3,45,20,,,,,,,,,,,,,,,,,,,,,,,241.6,,
"1239","SASKATCHEWAN CROSSING","2023081919",0,12.4,47,8.2,26,23.4,,,,,,,,,,,,,,,,,,,,,,,241.6,,
"1239","SASKATCHEWAN CROSSING","2023081920",0,11.2,52,5.5,32,27.9,,,,,,,,,,,,,,,,,,,,,,,241.6,,
"1239","SASKATCHEWAN CROSSING","2023081921",0,7.8,67,7.2,109,15.6,,,,,,,,,,,,,,,,,,,,,,,241.6,,
"1239","SASKATCHEWAN CROSSING","2023081922",0,4.9,83,6,251,10.7,,,,,,,,,,,,,,,,,,,,,,,241.6,,
"1239","SASKATCHEWAN CROSSING","2023081923",0,2.8,90,3.2,258,7.8,,,,,,,,,,,,,,,,,,,,,,,241.6,,
"1240","BOULDER CREEK","2023081900",0.3,5.3,96,0.1,336,4.7,,,,,,,,,,,,,,,,,,,,,,,807.7,,
"1240","BOULDER CREEK","2023081901",0,4.1,95,0.8,80,3.5,,,,,,,,,,,,,,,,,,,,,,,807.7,,
"1240","BOULDER CREEK","2023081902",0,3.1,95,0.3,63,3.5,,,,,,,,,,,,,,,,,,,,,,,807.7,,
"1240","BOULDER CREEK","2023081903",0,2.4,95,0,76,2.4,,,,,,,,,,,,,,,,,,,,,,,807.7,,
"1240","BOULDER CREEK","2023081904",0,2.4,96,0.4,111,3.9,,,,,,,,,,,,,,,,,,,,,,,807.7,,
"1240","BOULDER CREEK","2023081905",0,1.7,96,0,87,2.1,,,,,,,,,,,,,,,,,,,,,,,807.7,,
"1240","BOULDER CREEK","2023081906",0,1.6,96,0,318,3.7,,,,,,,,,,,,,,,,,,,,,,,807.7,,
"1240","BOULDER CREEK","2023081907",0,1.9,96,0,72,0,,,,,,,,,,,,,,,,,,,,,,,807.7,,
"1240","BOULDER CREEK","2023081908",0,6.7,93,1.7,119,5.3,,,,,,,,,,,,,,,,,,,,,,,807.7,,
"1240","BOULDER CREEK","2023081909",0,9.9,63,3.8,113,11.6,,,,,,,,,,,,,,,,,,,,,,,807.7,,
"1240","BOULDER CREEK","2023081910",0,13.1,44,2,100,12.7,,,,,,,,,,,,,,,,,,,,,,,807.7,,
"1240","BOULDER CREEK","2023081911",0,16.7,36,1.1,194,6.9,,,,,,,,,,,,,,,,,,,,,,,807.7,,
"1240","BOULDER CREEK","2023081912",0,17.7,27,2.5,353,11.6,,,,2.7,,,,,,,,,,,,,,,,,,,807.7,,
"1240","BOULDER CREEK","2023081913",0,19,23,3,106,12.1,,,,,,,,,,,,,,,,,,,,,,,807.7,,
"1240","BOULDER CREEK","2023081914",0,20.6,23,4,293,13.5,,,,,,,,,,,,,,,,,,,,,,,807.7,,
"1240","BOULDER CREEK","2023081915",0,20.7,23,3,18,12.9,,,,,,,,,,,,,,,,,,,,,,,807.7,,
"1240","BOULDER CREEK","2023081916",0,20.4,25,1.9,274,10.7,,,,,,,,,,,,,,,,,,,,,,,807.7,,
"1240","BOULDER CREEK","2023081917",0,19.4,26,1.1,217,11.9,,,,,,,,,,,,,,,,,,,,,,,807.7,,
"1240","BOULDER CREEK","2023081918",0,17,33,0.9,98,7.6,,,,,,,,,,,,,,,,,,,,,,,807.7,,
"1240","BOULDER CREEK","2023081919",0,12.7,47,0.8,64,6.6,,,,,,,,,,,,,,,,,,,,,,,807.7,,
"1240","BOULDER CREEK","2023081920",0,9.5,62,0.6,83,3.5,,,,,,,,,,,,,,,,,,,,,,,807.7,,
"1240","BOULDER CREEK","2023081921",0,8,68,1.2,84,7.1,,,,,,,,,,,,,,,,,,,,,,,807.7,,
"1240","BOULDER CREEK","2023081922",0,7,73,1.2,79,5.6,,,,,,,,,,,,,,,,,,,,,,,807.7,,
"1240","BOULDER CREEK","2023081923",0,6.1,75,1,104,5.5,,,,,,,,,,,,,,,,,,,,,,,807.7,,
"1241","VERMILLION CROSSING","2023081900",0,1.8,93,0,178,2.4,,,,,,,,,,,,,,,,,,,,,,,427.2,,
"1241","VERMILLION CROSSING","2023081901",0,1.6,93,0.2,55,3.1,,,,,,,,,,,,,,,,,,,,,,,427.2,,
"1241","VERMILLION CROSSING","2023081902",0,0.7,92,0,31,4.4,,,,,,,,,,,,,,,,,,,,,,,427.2,,
"1241","VERMILLION CROSSING","2023081903",0,0,93,0.1,274,2.4,,,,,,,,,,,,,,,,,,,,,,,427.2,,
"1241","VERMILLION CROSSING","2023081904",0,-0.4,93,0.2,343,4.6,,,,,,,,,,,,,,,,,,,,,,,427.2,,
"1241","VERMILLION CROSSING","2023081905",0,-0.7,93,0,159,3.5,,,,,,,,,,,,,,,,,,,,,,,427.2,,
"1241","VERMILLION CROSSING","2023081906",0,-0.5,93,0,237,2,,,,,,,,,,,,,,,,,,,,,,,427.2,,
"1241","VERMILLION CROSSING","2023081907",0,5,92,0.5,271,4.2,,,,,,,,,,,,,,,,,,,,,,,427.2,,
"1241","VERMILLION CROSSING","2023081908",0,9.9,71,0.5,259,6.6,,,,,,,,,,,,,,,,,,,,,,,427.2,,
"1241","VERMILLION CROSSING","2023081909",0,13,53,1.4,298,6.8,,,,,,,,,,,,,,,,,,,,,,,427.2,,
"1241","VERMILLION CROSSING","2023081910",0,16.6,39,1.9,283,6.6,,,,,,,,,,,,,,,,,,,,,,,427.2,,
"1241","VERMILLION CROSSING","2023081911",0,19.4,27,0.6,116,8,,,,,,,,,,,,,,,,,,,,,,,427.2,,
"1241","VERMILLION CROSSING","2023081912",0,21,23,3.1,226,10.2,,,,1,,,,,,,,,,,,,,,,,,,427.2,,
"1241","VERMILLION CROSSING","2023081913",0,21.1,24,1.4,266,9.3,,,,,,,,,,,,,,,,,,,,,,,427.2,,
"1241","VERMILLION CROSSING","2023081914",0,22,19,1.2,219,8.6,,,,,,,,,,,,,,,,,,,,,,,427.2,,
"1241","VERMILLION CROSSING","2023081915",0,21.4,25,3.4,316,10,,,,,,,,,,,,,,,,,,,,,,,427.2,,
"1241","VERMILLION CROSSING","2023081916",0,18.6,30,0.7,297,9.4,,,,,,,,,,,,,,,,,,,,,,,427.2,,
"1241","VERMILLION CROSSING","2023081917",0,16.4,34,0,205,5.1,,,,,,,,,,,,,,,,,,,,,,,427.2,,
"1241","VERMILLION CROSSING","2023081918",0,14.2,48,0,253,5.4,,,,,,,,,,,,,,,,,,,,,,,427.2,,
"1241","VERMILLION CROSSING","2023081919",0,10.1,62,0.4,248,4.2,,,,,,,,,,,,,,,,,,,,,,,427.2,,
"1241","VERMILLION CROSSING","2023081920",0,8.5,63,1,271,6.8,,,,,,,,,,,,,,,,,,,,,,,427.2,,
"1241","VERMILLION CROSSING","2023081921",0,7.2,70,0.9,265,8.3,,,,,,,,,,,,,,,,,,,,,,,427.2,,
"1241","VERMILLION CROSSING","2023081922",0,6.1,72,0.6,332,8.5,,,,,,,,,,,,,,,,,,,,,,,427.2,,
"1241","VERMILLION CROSSING","2023081923",0,5.3,75,0.4,306,5.8,,,,,,,,,,,,,,,,,,,,,,,427.2,,
"1242","MCLEOD MEADOWS","2023081900",0,2.4,89,0,191,2.6,,,,,,,,,,,,,,,,,,,,,,,393.7,,
"1242","MCLEOD MEADOWS","2023081901",0,1.4,93,0,314,2.2,,,,,,,,,,,,,,,,,,,,,,,393.7,,
"1242","MCLEOD MEADOWS","2023081902",0,0.7,93,0,346,2.8,,,,,,,,,,,,,,,,,,,,,,,393.7,,
"1242","MCLEOD MEADOWS","2023081903",0,0.7,93,0,340,2.9,,,,,,,,,,,,,,,,,,,,,,,393.7,,
"1242","MCLEOD MEADOWS","2023081904",0,1.8,95,0,293,4,,,,,,,,,,,,,,,,,,,,,,,393.7,,
"1242","MCLEOD MEADOWS","2023081905",0,1.7,95,0,291,3.8,,,,,,,,,,,,,,,,,,,,,,,393.7,,
"1242","MCLEOD MEADOWS","2023081906",0,2.3,96,0.4,339,3.9,,,,,,,,,,,,,,,,,,,,,,,393.7,,
"1242","MCLEOD MEADOWS","2023081907",0,4.8,88,2.1,349,5.6,,,,,,,,,,,,,,,,,,,,,,,393.7,,
"1242","MCLEOD MEADOWS","2023081908",0,8.7,70,2.4,9,8.7,,,,,,,,,,,,,,,,,,,,,,,393.7,,
"1242","MCLEOD MEADOWS","2023081909",0,12.6,57,1.8,81,12.5,,,,,,,,,,,,,,,,,,,,,,,393.7,,
"1242","MCLEOD MEADOWS","2023081910",0,15.4,45,3.9,341,11.6,,,,,,,,,,,,,,,,,,,,,,,393.7,,
"1242","MCLEOD MEADOWS","2023081911",0,17.8,32,3,64,14.9,,,,,,,,,,,,,,,,,,,,,,,393.7,,
"1242","MCLEOD MEADOWS","2023081912",0,19.7,26,4,27,13.5,,,,0,,,,,,,,,,,,,,,,,,,393.7,,
"1242","MCLEOD MEADOWS","2023081913",0,21.2,23,4.3,335,12.1,,,,,,,,,,,,,,,,,,,,,,,393.7,,
"1242","MCLEOD MEADOWS","2023081914",0,21.1,22,3.7,291,11.1,,,,,,,,,,,,,,,,,,,,,,,393.7,,
"1242","MCLEOD MEADOWS","2023081915",0,21.4,21,2.9,291,11.5,,,,,,,,,,,,,,,,,,,,,,,393.7,,
"1242","MCLEOD MEADOWS","2023081916",0,21.4,24,3.9,332,11.6,,,,,,,,,,,,,,,,,,,,,,,393.7,,
"1242","MCLEOD MEADOWS","2023081917",0,20.1,30,1.2,301,11.6,,,,,,,,,,,,,,,,,,,,,,,393.7,,
"1242","MCLEOD MEADOWS","2023081918",0,14.3,51,0.1,307,4.5,,,,,,,,,,,,,,,,,,,,,,,393.7,,
"1242","MCLEOD MEADOWS","2023081919",0,10.6,65,0,331,2.3,,,,,,,,,,,,,,,,,,,,,,,393.7,,
"1242","MCLEOD MEADOWS","2023081920",0,7.7,70,0,332,2.3,,,,,,,,,,,,,,,,,,,,,,,393.7,,
"1242","MCLEOD MEADOWS","2023081921",0,6,73,0,308,2.6,,,,,,,,,,,,,,,,,,,,,,,393.7,,
"1242","MCLEOD MEADOWS","2023081922",0,4.7,79,0,300,2.6,,,,,,,,,,,,,,,,,,,,,,,393.7,,
"1242","MCLEOD MEADOWS","2023081923",0,3.7,82,0,328,1.5,,,,,,,,,,,,,,,,,,,,,,,393.7,,
"1260","REDSTREAK","2023081900",0,8.6,71,3.9,354,13.9,,,,,,,,,,,,,,,,,,,,,,,1624.33,,
"1260","REDSTREAK","2023081901",0,8.2,71,3.8,345,14.9,,,,,,,,,,,,,,,,,,,,,,,1624.33,,
"1260","REDSTREAK","2023081902",0,8.2,71,5.4,353,18.9,,,,,,,,,,,,,,,,,,,,,,,1624.33,,
"1260","REDSTREAK","2023081903",0,7.1,73,0.8,346,9.8,,,,,,,,,,,,,,,,,,,,,,,1624.33,,
"1260","REDSTREAK","2023081904",0,5.5,80,0,356,3.9,,,,,,,,,,,,,,,,,,,,,,,1624.33,,
"1260","REDSTREAK","2023081905",0,6.5,69,2,13,5.1,,,,,,,,,,,,,,,,,,,,,,,1624.33,,
"1260","REDSTREAK","2023081906",0,6.2,77,1.5,354,7.4,,,,,,,,,,,,,,,,,,,,,,,1624.33,,
"1260","REDSTREAK","2023081907",0,6.8,85,3.2,334,7.9,,,,,,,,,,,,,,,,,,,,,,,1624.33,,
"1260","REDSTREAK","2023081908",0,7.9,80,4.9,331,13.3,,,,,,,,,,,,,,,,,,,,,,,1624.33,,
"1260","REDSTREAK","2023081909",0,10.2,71,5,314,16.9,,,,,,,,,,,,,,,,,,,,,,,1624.33,,
"1260","REDSTREAK","2023081910",0,12.3,60,6.8,325,25.6,,,,,,,,,,,,,,,,,,,,,,,1624.33,,
"1260","REDSTREAK","2023081911",0,14.3,53,7.7,326,19.9,,,,,,,,,,,,,,,,,,,,,,,1624.33,,
"1260","REDSTREAK","2023081912",0,17.2,43,5.1,310,18.7,,,,0,,,,,,,,,,,,,,,,,,,1624.33,,
"1260","REDSTREAK","2023081913",0,19.5,36,6.8,324,21.3,,,,,,,,,,,,,,,,,,,,,,,1624.33,,
"1260","REDSTREAK","2023081914",0,20.8,31,7.9,294,21.5,,,,,,,,,,,,,,,,,,,,,,,1624.33,,
"1260","REDSTREAK","2023081915",0,22.3,22,6.3,311,21.7,,,,,,,,,,,,,,,,,,,,,,,1624.33,,
"1260","REDSTREAK","2023081916",0,22,19,5,287,16.9,,,,,,,,,,,,,,,,,,,,,,,1624.33,,
"1260","REDSTREAK","2023081917",0,22,23,3.2,280,12,,,,,,,,,,,,,,,,,,,,,,,1624.33,,
"1260","REDSTREAK","2023081918",0,21.2,22,3.4,282,10.5,,,,,,,,,,,,,,,,,,,,,,,1624.33,,
"1260","REDSTREAK","2023081919",0,19.2,27,0,272,6.9,,,,,,,,,,,,,,,,,,,,,,,1624.33,,
"1260","REDSTREAK","2023081920",0,16.4,31,0.1,18,4,,,,,,,,,,,,,,,,,,,,,,,1624.33,,
"1260","REDSTREAK","2023081921",0,15.9,31,2.5,24,7.2,,,,,,,,,,,,,,,,,,,,,,,1624.33,,
"1260","REDSTREAK","2023081922",0,14,39,0.8,174,8.7,,,,,,,,,,,,,,,,,,,,,,,1624.33,,
"1260","REDSTREAK","2023081923",0,12.8,41,0.8,45,4.5,,,,,,,,,,,,,,,,,,,,,,,1624.33,,
"1264","LOWER BEAVER","2023081900",0.25,8,98,1.2,295,4.4,34.276,0.011,0.034,,,,,,,,,,,,,,,,,,,,149.1,,
"1264","LOWER BEAVER","2023081901",0,8.2,98,0.4,269,4,34.408,0.011,0.033,,,,,,,,,,,,,,,,,,,,149.1,,
"1264","LOWER BEAVER","2023081902",0,8.4,98,0.1,237,2.8,34.525,0.011,0.034,,,,,,,,,,,,,,,,,,,,149.1,,
"1264","LOWER BEAVER","2023081903",0,8.2,98,0,143,1.5,34.625,0.011,0.034,,,,,,,,,,,,,,,,,,,,149.1,,
"1264","LOWER BEAVER","2023081904",0,7.7,98,0,324,2.5,34.724,0.011,0.035,,,,,,,,,,,,,,,,,,,,149.1,,
"1264","LOWER BEAVER","2023081905",0,7.2,98,0,324,0,34.821,0.012,0.036,,,,,,,,,,,,,,,,,,,,149.1,,
"1264","LOWER BEAVER","2023081906",0,7.4,98,0,324,0,34.919,0.012,0.037,,,,,,,,,,,,,,,,,,,,149.1,,
"1264","LOWER BEAVER","2023081907",0,8.1,96,0,324,0,35.089,0.012,0.038,,,,,,,,,,,,,,,,,,,,149.1,,
"1264","LOWER BEAVER","2023081908",0,9.3,89,0,285,0,35.535,0.014,0.042,,,,,,,,,,,,,,,,,,,,149.1,,
"1264","LOWER BEAVER","2023081909",0,10.6,82,0,268,3.3,36.283,0.016,0.05,,,,,,,,,,,,,,,,,,,,149.1,,
"1264","LOWER BEAVER","2023081910",0,13.2,63,1.7,31,7.8,38.484,0.028,0.086,,,,,,,,,,,,,,,,,,,,149.1,,
"1264","LOWER BEAVER","2023081911",0,16,58,2.1,45,10.7,41.169,0.048,0.148,,,,,,,,,,,,,,,,,,,,149.1,,
"1264","LOWER BEAVER","2023081912",0,18,47,2.4,273,10,44.514,0.086,0.265,3.55,67.067,0.642,2.875,60.267,520.507,93.476,3,,,,,,,,,,,,149.1,,
"1264","LOWER BEAVER","2023081913",0,20.3,29,3.7,286,15.8,48.993,0.174,0.463,,,,,,,,,,,,,,,,,,,,149.1,,
"1264","LOWER BEAVER","2023081914",0,21,29,6.5,273,20.8,53.672,0.341,0.907,,,,,,,,,,,,,,,,,,,,149.1,,
"1264","LOWER BEAVER","2023081915",0,21.7,24,6,256,17.5,58.271,0.493,1.97,,,,,,,,,,,,,,,,,,,,149.1,,
"1264","LOWER BEAVER","2023081916",0,21.9,24,5.9,266,16.5,62.499,0.635,2.831,,,,,,,,,,,,,,,,,,,,149.1,,
"1264","LOWER BEAVER","2023081917",0,18.7,31,2.3,226,13.3,65.277,0.599,2.622,,,,,,,,,,,,,,,,,,,,149.1,,
"1264","LOWER BEAVER","2023081918",0,15.5,50,0,166,5.2,66.544,0.559,2.384,,,,,,,,,,,,,,,,,,,,149.1,,
"1264","LOWER BEAVER","2023081919",0,11.8,71,0,324,2.5,67.118,0.57,2.452,,,,,,,,,,,,,,,,,,,,149.1,,
"1264","LOWER BEAVER","2023081920",0,9.4,78,0,324,1.9,67.49,0.577,2.495,,,,,,,,,,,,,,,,,,,,149.1,,
"1264","LOWER BEAVER","2023081921",0,8,84,0,324,0,67.732,0.582,2.522,,,,,,,,,,,,,,,,,,,,149.1,,
"1264","LOWER BEAVER","2023081922",0,6.7,90,0,324,0,67.87,0.584,2.538,,,,,,,,,,,,,,,,,,,,149.1,,
"1264","LOWER BEAVER","2023081923",0,5.8,93,0,324,0,67.965,0.586,2.549,,,,,,,,,,,,,,,,,,,,149.1,,
"1265","UPPER BEAVER","2023081900",0,3.4,98,4.1,312,10.6,42.929,0.072,0.146,,,,,,,,,,,,,,,,,,,,137.16,,
"1265","UPPER BEAVER","2023081901",0,3.2,100,4.3,22,7.8,42.963,0.073,0.148,,,,,,,,,,,,,,,,,,,,137.16,,
"1265","UPPER BEAVER","2023081902",0,2.7,100,2.1,104,5.9,42.997,0.066,0.133,,,,,,,,,,,,,,,,,,,,137.16,,
"1265","UPPER BEAVER","2023081903",0,2.9,100,3.9,352,7.3,43.031,0.073,0.147,,,,,,,,,,,,,,,,,,,,137.16,,
"1265","UPPER BEAVER","2023081904",0,2.6,100,4.3,155,8,43.065,0.075,0.151,,,,,,,,,,,,,,,,,,,,137.16,,
"1265","UPPER BEAVER","2023081905",0,2.7,100,3.3,307,10.7,43.099,0.071,0.144,,,,,,,,,,,,,,,,,,,,137.16,,
"1265","UPPER BEAVER","2023081906",0,2.4,100,2.4,111,7.5,43.133,0.069,0.139,,,,,,,,,,,,,,,,,,,,137.16,,
"1265","UPPER BEAVER","2023081907",0,3.3,100,3.2,264,8.5,43.167,0.072,0.145,,,,,,,,,,,,,,,,,,,,137.16,,
"1265","UPPER BEAVER","2023081908",0,3.8,100,4.7,241,12.6,43.201,0.078,0.157,,,,,,,,,,,,,,,,,,,,137.16,,
"1265","UPPER BEAVER","2023081909",0,4.3,100,4.7,255,9.6,43.235,0.078,0.158,,,,,,,,,,,,,,,,,,,,137.16,,
"1265","UPPER BEAVER","2023081910",0,5.7,98,5.3,279,11.6,43.408,0.083,0.168,,,,,,,,,,,,,,,,,,,,137.16,,
"1265","UPPER BEAVER","2023081911",0,9,76,7.7,256,12.9,45.096,0.123,0.248,,,,,,,,,,,,,,,,,,,,137.16,,
"1265","UPPER BEAVER","2023081912",0,12.2,61,9.4,271,17.2,47.739,0.197,0.397,1.52,69.631,0.993,3.506,39.951,417.923,64.49,3,,,,,,,,,,,,137.16,,
"1265","UPPER BEAVER","2023081913",0,14.7,44,13.1,273,23.2,51.432,0.376,0.759,,,,,,,,,,,,,,,,,,,,137.16,,
"1265","UPPER BEAVER","2023081914",0,16,37,13.3,280,24.9,55.347,0.563,1.524,,,,,,,,,,,,,,,,,,,,137.16,,
"1265","UPPER BEAVER","2023081915",0,16.7,30,14,274,26.1,59.371,0.796,2.664,,,,,,,,,,,,,,,,,,,,137.16,,
"1265","UPPER BEAVER","2023081916",0,16.1,30,14.9,288,23.5,63.009,1.024,3.634,,,,,,,,,,,,,,,,,,,,137.16,,
"1265","UPPER BEAVER","2023081917",0,15.3,30,16.2,300,27.8,66.265,1.252,4.529,,,,,,,,,,,,,,,,,,,,137.16,,
"1265","UPPER BEAVER","2023081918",0,14.1,28,12.3,303,27.6,68.986,1.126,4.042,,,,,,,,,,,,,,,,,,,,137.16,,
"1265","UPPER BEAVER","2023081919",0,11.2,37,6.9,26,18.8,70.735,0.907,3.148,,,,,,,,,,,,,,,,,,,,137.16,,
"1265","UPPER BEAVER","2023081920",0,10.6,38,6.6,37,11.9,72.272,0.943,3.3,,,,,,,,,,,,,,,,,,,,137.16,,
"1265","UPPER BEAVER","2023081921",0,10,41,3.9,352,9.1,73.486,0.865,2.968,,,,,,,,,,,,,,,,,,,,137.16,,
"1265","UPPER BEAVER","2023081922",0,9.8,41,2,325,7.3,74.518,0.826,2.797,,,,,,,,,,,,,,,,,,,,137.16,,
"1265","UPPER BEAVER","2023081923",0,9.6,42,0.3,94,4.9,75.332,0.792,2.649,,,,,,,,,,,,,,,,,,,,137.16,,
"1268","VALEMOUNT AIRPORT","2023081900",0,3.2,100,0,211,2.2,59.119,0.387,0.789,,,,,,,,,,,,,,,,,,,,,,
"1268","VALEMOUNT AIRPORT","2023081901",0,2.5,100,2.6,144,7.4,59.158,0.442,0.902,,,,,,,,,,,,,,,,,,,,,,
"1268","VALEMOUNT AIRPORT","2023081902",0,2.2,100,2.7,270,5.1,59.197,0.445,0.909,,,,,,,,,,,,,,,,,,,,,,
"1268","VALEMOUNT AIRPORT","2023081903",0,4.1,100,2.8,285,5.6,59.236,0.449,0.916,,,,,,,,,,,,,,,,,,,,,,
"1268","VALEMOUNT AIRPORT","2023081904",0,5.1,100,3.7,348,8.5,59.275,0.471,0.961,,,,,,,,,,,,,,,,,,,,,,
"1268","VALEMOUNT AIRPORT","2023081905",0,5.6,100,4.7,21,7.4,59.314,0.496,1.101,,,,,,,,,,,,,,,,,,,,,,
"1268","VALEMOUNT AIRPORT","2023081906",0,6.3,100,4.5,5,9.1,59.353,0.493,1.058,,,,,,,,,,,,,,,,,,,,,,
"1268","VALEMOUNT AIRPORT","2023081907",0,7.4,93,4.2,339,8.5,59.661,0.495,1.088,,,,,,,,,,,,,,,,,,,,,,
"1268","VALEMOUNT AIRPORT","2023081908",0,10.8,75,5.5,334,9.1,60.808,0.567,1.581,,,,,,,,,,,,,,,,,,,,,,
"1268","VALEMOUNT AIRPORT","2023081909",0,13.3,61,4.9,99,9.7,62.475,0.603,1.773,,,,,,,,,,,,,,,,,,,,,,
"1268","VALEMOUNT AIRPORT","2023081910",0,15.6,49,5.2,252,12,64.616,0.675,2.136,,,,,,,,,,,,,,,,,,,,,,
"1268","VALEMOUNT AIRPORT","2023081911",0,16.8,43,7,62,12.5,67.012,0.808,2.755,,,,,,,,,,,,,,,,,,,,,,
"1268","VALEMOUNT AIRPORT","2023081912",0,18.5,33,8,87,14.9,69.77,0.929,3.281,0.4,83.105,2.449,8.973,41.085,557.692,69.39,3,,,,,,,,,,,,,,
"1268","VALEMOUNT AIRPORT","2023081913",0,19.7,34,7.9,95,13.1,72.336,1.01,3.8,,,,,,,,,,,,,,,,,,,,,,
"1268","VALEMOUNT AIRPORT","2023081914",0,21.2,30,7,182,24.6,74.874,1.083,4.105,,,,,,,,,,,,,,,,,,,,,,
"1268","VALEMOUNT AIRPORT","2023081915",0,21.7,25,7.8,268,16.6,77.395,1.329,5.092,,,,,,,,,,,,,,,,,,,,,,
"1268","VALEMOUNT AIRPORT","2023081916",0,22,26,7.4,218,18.3,79.568,1.58,6.035,,,,,,,,,,,,,,,,,,,,,,
"1268","VALEMOUNT AIRPORT","2023081917",0,21.8,25,2.5,119,14.9,81.235,1.477,5.655,,,,,,,,,,,,,,,,,,,,,,
"1268","VALEMOUNT AIRPORT","2023081918",0,20.3,41,0,249,8.5,81.935,1.414,5.419,,,,,,,,,,,,,,,,,,,,,,
"1268","VALEMOUNT AIRPORT","2023081919",0,15.2,48,5.1,196,12,82.469,1.952,7.349,,,,,,,,,,,,,,,,,,,,,,
"1268","VALEMOUNT AIRPORT","2023081920",0,13.3,49,6.5,152,12.5,82.893,2.21,8.207,,,,,,,,,,,,,,,,,,,,,,
"1268","VALEMOUNT AIRPORT","2023081921",0,8.8,66,2.6,195,8.5,82.94,1.827,6.916,,,,,,,,,,,,,,,,,,,,,,
"1268","VALEMOUNT AIRPORT","2023081922",0,5.2,83,0,186,6.2,82.812,1.576,6.023,,,,,,,,,,,,,,,,,,,,,,
"1268","VALEMOUNT AIRPORT","2023081923",0,3.5,93,0,216,0,82.434,1.503,5.753,,,,,,,,,,,,,,,,,,,,,,
"1270","OLD FADDY","2023081900",0,9.9,64,4.9,233,13,84.617,2.56,4.08,,,,,,,,,,,,,,,,,,,,2162.8,,
"1270","OLD FADDY","2023081901",0,8.5,72,4.6,202,11,84.536,2.494,3.964,,,,,,,,,,,,,,,,,,,,2162.8,,
"1270","OLD FADDY","2023081902",0,5.2,87,5.2,182,7.3,84.077,2.416,3.827,,,,,,,,,,,,,,,,,,,,2162.8,,
"1270","OLD FADDY","2023081903",0,4.7,92,4.8,191,8.5,83.472,2.186,3.411,,,,,,,,,,,,,,,,,,,,2162.8,,
"1270","OLD FADDY","2023081904",0,3.6,96,2.8,220,7.8,82.773,1.807,2.689,,,,,,,,,,,,,,,,,,,,2162.8,,
"1270","OLD FADDY","2023081905",0,5.1,91,5.7,241,10.4,82.321,1.976,3.017,,,,,,,,,,,,,,,,,,,,2162.8,,
"1270","OLD FADDY","2023081906",0,3.6,100,0.7,346,7.9,81.555,1.4,1.838,,,,,,,,,,,,,,,,,,,,2162.8,,
"1270","OLD FADDY","2023081907",0,9.7,73,6.8,149,9.4,81.61,1.916,2.903,,,,,,,,,,,,,,,,,,,,2162.8,,
"1270","OLD FADDY","2023081908",0,12.2,65,7.1,143,13.3,81.809,1.992,3.048,,,,,,,,,,,,,,,,,,,,2162.8,,
"1270","OLD FADDY","2023081909",0,14.9,59,7.6,130,12.9,82.155,2.131,3.308,,,,,,,,,,,,,,,,,,,,2162.8,,
"1270","OLD FADDY","2023081910",0,17.2,54,8.1,132,13.1,82.641,2.32,3.656,,,,,,,,,,,,,,,,,,,,2162.8,,
"1270","OLD FADDY","2023081911",0,18.5,45,8.9,153,16.5,83.348,2.644,4.227,,,,,,,,,,,,,,,,,,,,2162.8,,
"1270","OLD FADDY","2023081912",0,17.8,44,4.6,144,13.3,83.908,2.292,3.604,0,86.957,3.553,6.381,12.604,441.249,23.528,2,,,,,,,,,,,,2162.8,,
"1270","OLD FADDY","2023081913",0,19.5,33,7.3,208,16.6,84.818,2.969,5.365,,,,,,,,,,,,,,,,,,,,2162.8,,
"1270","OLD FADDY","2023081914",0,20.3,35,7.4,204,22,85.59,3.32,5.983,,,,,,,,,,,,,,,,,,,,2162.8,,
"1270","OLD FADDY","2023081915",0,20.9,35,4.7,218,19.2,86.244,3.176,5.731,,,,,,,,,,,,,,,,,,,,2162.8,,
"1270","OLD FADDY","2023081916",0,19.3,37,3.4,205,20.9,86.685,3.166,5.714,,,,,,,,,,,,,,,,,,,,2162.8,,
"1270","OLD FADDY","2023081917",0,19,41,4.3,320,15.4,86.98,3.454,6.213,,,,,,,,,,,,,,,,,,,,2162.8,,
"1270","OLD FADDY","2023081918",0,19.3,50,2.5,81,6.6,87.054,3.188,5.754,,,,,,,,,,,,,,,,,,,,2162.8,,
"1270","OLD FADDY","2023081919",0,14.7,71,0.2,335,3.5,86.863,2.763,4.991,,,,,,,,,,,,,,,,,,,,2162.8,,
"1270","OLD FADDY","2023081920",0,11.9,79,3.5,59,8.4,86.426,3.067,5.54,,,,,,,,,,,,,,,,,,,,2162.8,,
"1270","OLD FADDY","2023081921",0,10.2,86,0,115,4.3,85.967,2.41,4.328,,,,,,,,,,,,,,,,,,,,2162.8,,
"1270","OLD FADDY","2023081922",0,7.9,84,0,237,0,85.607,2.292,4.099,,,,,,,,,,,,,,,,,,,,2162.8,,
"1270","OLD FADDY","2023081923",0,6.6,90,0,81,0,85.112,2.14,3.798,,,,,,,,,,,,,,,,,,,,2162.8,,
"1275","APE LAKE","2023081900",0,6.3,67,0.1,353,3.8,,,,,,,,,,,,,-2.3,,,,,,,,,,12506.8,0,
"1275","APE LAKE","2023081901",0,5.7,71,0.5,3,4,,,,,,,,,,,,,-2.4,,,,,,,,,,12506.8,0,
"1275","APE LAKE","2023081902",0,5.8,71,2,352,5.1,,,,,,,,,,,,,-2.8,,,,,,,,,,12506.8,0,
"1275","APE LAKE","2023081903",0,5.4,73,0.2,19,5.5,,,,,,,,,,,,,-3,,,,,,,,,,12506.8,0,
"1275","APE LAKE","2023081904",0,5.8,70,1.1,19,4.3,,,,,,,,,,,,,-3.3,,,,,,,,,,12506.8,0,
"1275","APE LAKE","2023081905",0,5.4,70,0.8,348,5,,,,,,,,,,,,,-3.4,,,,,,,,,,12506.8,0,
"1275","APE LAKE","2023081906",0,5.6,69,0,10,2.8,,,,,,,,,,,,,-3.6,,,,,,,,,,12506.8,12,
"1275","APE LAKE","2023081907",0,6,67,0,355,3.4,,,,,,,,,,,,,-3.2,,,,,,,,,,12506.8,50,
"1275","APE LAKE","2023081908",0,8.6,64,1,178,4.8,,,,,,,,,,,,,291.3,,,,,,,,,,12506.8,124,
"1275","APE LAKE","2023081909",0,11.3,50,6.7,177,16,,,,,,,,,,,,,-1.1,,,,,,,,,,12506.8,374,
"1275","APE LAKE","2023081910",0,12.8,42,6,182,17.9,,,,,,,,,,,,,-1,,,,,,,,,,12506.8,510,
"1275","APE LAKE","2023081911",0,14,36,6.8,194,19.5,,,,,,,,,,,,,-0.1,,,,,,,,,,12506.8,625,
"1275","APE LAKE","2023081912",0,14.8,31,7.2,173,18,,,,0,,,,,,,,,0.4,,,,,,,,,,12506.8,707,
"1275","APE LAKE","2023081913",0,15.7,29,6.7,193,16.8,,,,,,,,,,,,,-0.2,,,,,,,,,,12506.8,731,
"1275","APE LAKE","2023081914",0,15.8,31,5.2,163,15,,,,,,,,,,,,,0.3,,,,,,,,,,12506.8,712,
"1275","APE LAKE","2023081915",0,16.2,27,3.9,175,15.5,,,,,,,,,,,,,0,,,,,,,,,,12506.8,633,
"1275","APE LAKE","2023081916",0,15.9,26,5.6,139,15.2,,,,,,,,,,,,,-0.3,,,,,,,,,,12506.8,529,
"1275","APE LAKE","2023081917",0,16,28,1.7,297,9.3,,,,,,,,,,,,,-1.2,,,,,,,,,,12506.8,384,
"1275","APE LAKE","2023081918",0,14.6,33,0.2,222,6.8,,,,,,,,,,,,,-1.5,,,,,,,,,,12506.8,232,
"1275","APE LAKE","2023081919",0,11.3,45,0.3,2,3.4,,,,,,,,,,,,,-2,,,,,,,,,,12506.8,52,
"1275","APE LAKE","2023081920",0,10,48,1.7,359,4.7,,,,,,,,,,,,,-2.1,,,,,,,,,,12506.8,10,
"1275","APE LAKE","2023081921",0,10.1,45,0,114,6.4,,,,,,,,,,,,,-2.5,,,,,,,,,,12506.8,0,
"1275","APE LAKE","2023081922",0,9,52,0.4,356,4,,,,,,,,,,,,,-2.9,,,,,,,,,,12506.8,0,
"1275","APE LAKE","2023081923",0,10.1,46,0.3,78,7.1,,,,,,,,,,,,,-2.6,,,,,,,,,,12506.8,0,
"1276","MACHMELL KLINIKLINI","2023081900",0,7.3,62,0.7,71,7.3,,,,,,,,,,,,,-1.7,,,,,,,,,,608.2,0,
"1276","MACHMELL KLINIKLINI","2023081901",0,9.4,44,7.9,98,18.4,,,,,,,,,,,,,0,,,,,,,,,,608.2,0,
"1276","MACHMELL KLINIKLINI","2023081902",0,8.9,46,6.2,104,18.9,,,,,,,,,,,,,0.1,,,,,,,,,,608.2,0,
"1276","MACHMELL KLINIKLINI","2023081903",0,9.3,43,12.5,99,23.8,,,,,,,,,,,,,0.4,,,,,,,,,,608.2,0,
"1276","MACHMELL KLINIKLINI","2023081904",0,9.3,42,14.1,101,27.9,,,,,,,,,,,,,0.6,,,,,,,,,,608.2,0,
"1276","MACHMELL KLINIKLINI","2023081905",0,9.1,43,11.1,102,26.3,,,,,,,,,,,,,0.6,,,,,,,,,,608.2,1,
"1276","MACHMELL KLINIKLINI","2023081906",0,9.3,41,17.2,97,31.5,,,,,,,,,,,,,0.8,,,,,,,,,,608.2,14,
"1276","MACHMELL KLINIKLINI","2023081907",0,9.4,41,13.5,101,29.8,,,,,,,,,,,,,1.1,,,,,,,,,,608.2,55,
"1276","MACHMELL KLINIKLINI","2023081908",0,10.6,39,8.7,99,24.9,,,,,,,,,,,,,1,,,,,,,,,,608.2,237,
"1276","MACHMELL KLINIKLINI","2023081909",0,11.4,34,7.1,113,18.3,,,,,,,,,,,,,0.8,,,,,,,,,,608.2,453,
"1276","MACHMELL KLINIKLINI","2023081910",0,13.1,39,3.2,228,19.9,,,,,,,,,,,,,0.6,,,,,,,,,,608.2,614,
"1276","MACHMELL KLINIKLINI","2023081911",0,12.9,32,4.8,244,12,,,,,,,,,,,,,0.4,,,,,,,,,,608.2,722,
"1276","MACHMELL KLINIKLINI","2023081912",0,14.8,28,2.8,138,15.4,,,,0,,,,,,,,,1.2,,,,,,,,,,608.2,774,
"1276","MACHMELL KLINIKLINI","2023081913",0,14.8,30,4.1,291,14.7,,,,,,,,,,,,,1.5,,,,,,,,,,608.2,797,
"1276","MACHMELL KLINIKLINI","2023081914",0,15.4,28,2.5,87,15,,,,,,,,,,,,,1.4,,,,,,,,,,608.2,756,
"1276","MACHMELL KLINIKLINI","2023081915",0,16,28,3.2,287,10.3,,,,,,,,,,,,,1.3,,,,,,,,,,608.2,681,
"1276","MACHMELL KLINIKLINI","2023081916",0,16.3,26,2.6,239,12.1,,,,,,,,,,,,,1.7,,,,,,,,,,608.2,557,
"1276","MACHMELL KLINIKLINI","2023081917",0,15.3,28,4,269,9.8,,,,,,,,,,,,,1.3,,,,,,,,,,608.2,409,
"1276","MACHMELL KLINIKLINI","2023081918",0,14.2,37,1.8,285,10.3,,,,,,,,,,,,,0.5,,,,,,,,,,608.2,258,
"1276","MACHMELL KLINIKLINI","2023081919",0,12.5,43,0.1,289,6.5,,,,,,,,,,,,,-0.4,,,,,,,,,,608.2,100,
"1276","MACHMELL KLINIKLINI","2023081920",0,10.8,52,0.1,33,6.9,,,,,,,,,,,,,-0.9,,,,,,,,,,608.2,12,
"1276","MACHMELL KLINIKLINI","2023081921",0,10,61,3.8,3,7.4,,,,,,,,,,,,,-0.9,,,,,,,,,,608.2,0,
"1276","MACHMELL KLINIKLINI","2023081922",0,9.5,62,0,38,5.1,,,,,,,,,,,,,-0.6,,,,,,,,,,608.2,0,
"1276","MACHMELL KLINIKLINI","2023081923",0,9,63,0,31,3,,,,,,,,,,,,,-1.1,,,,,,,,,,608.2,0,
"1277","WEST KELOWNA","2023081900",0,17.3,33,3.1,323,14.6,94.782,9.823,39.371,,,,,,,,,,,,,,,,,,,,2197.6,,
"1277","WEST KELOWNA","2023081901",0,16.4,36,2.4,350,6,94.516,9.141,37.571,,,,,,,,,,,,,,,,,,,,2197.6,,
"1277","WEST KELOWNA","2023081902",0,16.2,36,1.5,206,6.1,94.289,8.468,35.732,,,,,,,,,,,,,,,,,,,,2197.6,,
"1277","WEST KELOWNA","2023081903",0,15.1,39,2.2,261,5.2,94.004,8.432,35.633,,,,,,,,,,,,,,,,,,,,2197.6,,
"1277","WEST KELOWNA","2023081904",0,14,43,0.6,5,9.7,93.713,7.471,32.889,,,,,,,,,,,,,,,,,,,,2197.6,,
"1277","WEST KELOWNA","2023081905",0,13.2,42,5.8,296,9.3,93.354,9.236,37.824,,,,,,,,,,,,,,,,,,,,2197.6,,
"1277","WEST KELOWNA","2023081906",0,13.5,41,2.9,319,11.1,93.089,7.69,33.527,,,,,,,,,,,,,,,,,,,,2197.6,,
"1277","WEST KELOWNA","2023081907",0,14.2,40,2.5,328,8.2,92.872,7.311,32.417,,,,,,,,,,,,,,,,,,,,2197.6,,
"1277","WEST KELOWNA","2023081908",0,16,39,3.9,26,9,92.684,7.64,33.384,,,,,,,,,,,,,,,,,,,,2197.6,,
"1277","WEST KELOWNA","2023081909",0,16.3,41,6.8,335,12.7,92.448,8.554,35.972,,,,,,,,,,,,,,,,,,,,2197.6,,
"1277","WEST KELOWNA","2023081910",0,17.2,39,10.9,312,16.1,92.264,10.248,40.464,,,,,,,,,,,,,,,,,,,,2197.6,,
"1277","WEST KELOWNA","2023081911",0,17.9,40,13.3,326,21.7,92.075,11.261,42.992,,,,,,,,,,,,,,,,,,,,2197.6,,
"1277","WEST KELOWNA","2023081912",0,18.8,39,12,315,23.6,91.95,10.362,40.755,0,91.798,10.141,40.2,208.416,1236.656,293.269,4,,,,,,,,,,,,2197.6,,
"1277","WEST KELOWNA","2023081913",0,18.9,36,14.4,332,25.6,91.908,11.624,43.883,,,,,,,,,,,,,,,,,,,,2197.6,,
"1277","WEST KELOWNA","2023081914",0,20.4,31,14,310,24.7,91.958,11.473,43.519,,,,,,,,,,,,,,,,,,,,2197.6,,
"1277","WEST KELOWNA","2023081915",0,20.5,29,6.2,326,19.8,92.008,7.8,33.852,,,,,,,,,,,,,,,,,,,,2197.6,,
"1277","WEST KELOWNA","2023081916",0,20.9,28,5.3,342,15.3,92.058,7.507,33.002,,,,,,,,,,,,,,,,,,,,2197.6,,
"1277","WEST KELOWNA","2023081917",0,21.3,28,2.2,337,10.8,92.108,6.467,29.858,,,,,,,,,,,,,,,,,,,,2197.6,,
"1277","WEST KELOWNA","2023081918",0,20,30,2.3,158,5.6,92.158,6.545,30.104,,,,,,,,,,,,,,,,,,,,2197.6,,
"1277","WEST KELOWNA","2023081919",0,19.5,30,4,190,7.1,92.208,7.181,32.04,,,,,,,,,,,,,,,,,,,,2197.6,,
"1277","WEST KELOWNA","2023081920",0,18.9,31,3.6,282,7.3,92.253,7.082,31.744,,,,,,,,,,,,,,,,,,,,2197.6,,
"1277","WEST KELOWNA","2023081921",0,18,34,2.1,211,7,92.238,6.553,30.127,,,,,,,,,,,,,,,,,,,,2197.6,,
"1277","WEST KELOWNA","2023081922",0,17.6,32,7.2,273,10.8,92.241,8.477,35.766,,,,,,,,,,,,,,,,,,,,2197.6,,
"1277","WEST KELOWNA","2023081923",0,16.7,35,8.6,278,13.4,92.169,9.005,37.213,,,,,,,,,,,,,,,,,,,,2197.6,,
"1283","CHEAKAMUS","2023081900",0,7.7,89,1.8,64,5.6,86.902,3.012,13.364,,,,,,,,,,,,,,,,,,,,4773,,
"1283","CHEAKAMUS","2023081901",0,7.4,92,3.3,39,5.9,86.018,2.867,12.855,,,,,,,,,,,,,,,,,,,,4773,,
"1283","CHEAKAMUS","2023081902",0,6.8,94,2.3,67,4.6,85.161,2.419,11.218,,,,,,,,,,,,,,,,,,,,4773,,
"1283","CHEAKAMUS","2023081903",0,6.6,97,4.5,71,5.8,84.133,2.35,10.955,,,,,,,,,,,,,,,,,,,,4773,,
"1283","CHEAKAMUS","2023081904",0,8.3,92,3.7,66,6.8,83.511,2.079,9.896,,,,,,,,,,,,,,,,,,,,4773,,
"1283","CHEAKAMUS","2023081905",0,8,92,3.8,49,7.6,82.953,1.944,9.351,,,,,,,,,,,,,,,,,,,,4773,,
"1283","CHEAKAMUS","2023081906",0,7.6,94,2.3,301,6.6,82.382,1.677,8.233,,,,,,,,,,,,,,,,,,,,4773,,
"1283","CHEAKAMUS","2023081907",0,11.7,86,0.4,254,7.7,82.238,1.497,7.443,,,,,,,,,,,,,,,,,,,,4773,,
"1283","CHEAKAMUS","2023081908",0,16.4,54,2.4,271,4.9,82.616,1.736,8.483,,,,,,,,,,,,,,,,,,,,4773,,
"1283","CHEAKAMUS","2023081909",0,19.2,40,5.5,58,14.8,83.432,2.253,10.58,,,,,,,,,,,,,,,,,,,,4773,,
"1283","CHEAKAMUS","2023081910",0,21.2,30,13.5,63,25.3,84.72,4.004,16.624,,,,,,,,,,,,,,,,,,,,4773,,
"1283","CHEAKAMUS","2023081911",0,22.7,28,11.9,50,24.5,85.958,4.385,17.789,,,,,,,,,,,,,,,,,,,,4773,,
"1283","CHEAKAMUS","2023081912",0,24,22,10.2,59,23.8,87.298,4.866,19.203,0,93.509,11.78,36.169,71.042,536.234,106.733,5,,,,,,,,,,,,4773,,
"1283","CHEAKAMUS","2023081913",0,25,20,10.7,54,24.4,88.58,5.996,22.836,,,,,,,,,,,,,,,,,,,,4773,,
"1283","CHEAKAMUS","2023081914",0,25.7,19,8.3,43,23.3,89.685,6.226,23.453,,,,,,,,,,,,,,,,,,,,4773,,
"1283","CHEAKAMUS","2023081915",0,26,19,6.4,65,18.3,90.583,6.434,23.999,,,,,,,,,,,,,,,,,,,,4773,,
"1283","CHEAKAMUS","2023081916",0,26.4,17,8,50,16.4,91.463,7.906,27.684,,,,,,,,,,,,,,,,,,,,4773,,
"1283","CHEAKAMUS","2023081917",0,26,21,4.4,54,15.9,91.949,7.064,25.615,,,,,,,,,,,,,,,,,,,,4773,,
"1283","CHEAKAMUS","2023081918",0,22.1,37,1.1,38,12.6,91.964,5.995,22.833,,,,,,,,,,,,,,,,,,,,4773,,
"1283","CHEAKAMUS","2023081919",0,16.1,55,2,83,4.3,91.57,5.932,22.664,,,,,,,,,,,,,,,,,,,,4773,,
"1283","CHEAKAMUS","2023081920",0,12.8,64,3.4,28,5.4,90.994,5.865,22.482,,,,,,,,,,,,,,,,,,,,4773,,
"1283","CHEAKAMUS","2023081921",0,11.7,66,3.6,44,6.8,90.434,5.469,21.39,,,,,,,,,,,,,,,,,,,,4773,,
"1283","CHEAKAMUS","2023081922",0,10.1,74,3.3,52,6.5,89.765,4.895,19.747,,,,,,,,,,,,,,,,,,,,4773,,
"1283","CHEAKAMUS","2023081923",0,9.1,77,4.4,49,6.7,89.072,4.684,19.124,,,,,,,,,,,,,,,,,,,,4773,,
"1313","TETRAHEDRON","2023081900",0,9.3,48,0,3,6.4,,,,,,,,,,,,,610.9,,,,,,,,,,4519.7,0,
"1313","TETRAHEDRON","2023081901",0,8.6,45,0,75,0.1,,,,,,,,,,,,,610.9,,,,,,,,,,4519.7,0,
"1313","TETRAHEDRON","2023081902",0,9.5,46,0,31,1.8,,,,,,,,,,,,,610.9,,,,,,,,,,4519.7,0,
"1313","TETRAHEDRON","2023081903",0,8.8,55,0.3,36,3.3,,,,,,,,,,,,,610.9,,,,,,,,,,4519.7,0,
"1313","TETRAHEDRON","2023081904",0,9.7,56,0.7,99,12.1,,,,,,,,,,,,,610.9,,,,,,,,,,4519.7,0,
"1313","TETRAHEDRON","2023081905",0,10,54,1.3,115,9.9,,,,,,,,,,,,,610.9,,,,,,,,,,4519.7,1,
"1313","TETRAHEDRON","2023081906",0,9.7,55,0.1,8,9.6,,,,,,,,,,,,,610.9,,,,,,,,,,4519.7,14,
"1313","TETRAHEDRON","2023081907",0,11.1,55,0.6,8,7.9,,,,,,,,,,,,,610.9,,,,,,,,,,4519.7,65,
"1313","TETRAHEDRON","2023081908",0,12.8,49,1.7,153,6.5,,,,,,,,,,,,,610.9,,,,,,,,,,4519.7,87,
"1313","TETRAHEDRON","2023081909",0,13.4,44,2.1,173,7.9,,,,,,,,,,,,,610.9,,,,,,,,,,4519.7,139,
"1313","TETRAHEDRON","2023081910",0,15,46,3.7,164,10.7,,,,,,,,,,,,,610.9,,,,,,,,,,4519.7,419,
"1313","TETRAHEDRON","2023081911",0,15.2,40,3,156,9.1,,,,,,,,,,,,,610.9,,,,,,,,,,4519.7,540,
"1313","TETRAHEDRON","2023081912",0,16.1,37,4.1,143,13.2,,,,0,,,,,,,,,610.9,,,,,,,,,,4519.7,653,
"1313","TETRAHEDRON","2023081913",0,16.7,31,4,166,10.6,,,,,,,,,,,,,610.9,,,,,,,,,,4519.7,712,
"1313","TETRAHEDRON","2023081914",0,16.9,32,2.5,126,13.6,,,,,,,,,,,,,610.9,,,,,,,,,,4519.7,692,
"1313","TETRAHEDRON","2023081915",0,16.4,35,2.4,159,11.1,,,,,,,,,,,,,610.9,,,,,,,,,,4519.7,576,
"1313","TETRAHEDRON","2023081916",0,17,35,2.2,177,15.9,,,,,,,,,,,,,610.9,,,,,,,,,,4519.7,502,
"1313","TETRAHEDRON","2023081917",0,16.5,34,2.5,182,6.1,,,,,,,,,,,,,610.9,,,,,,,,,,4519.7,366,
"1313","TETRAHEDRON","2023081918",0,15.5,44,1.1,288,7.9,,,,,,,,,,,,,610.9,,,,,,,,,,4519.7,204,
"1313","TETRAHEDRON","2023081919",0,13.5,41,1.9,315,8.3,,,,,,,,,,,,,610.9,,,,,,,,,,4519.7,65,
"1313","TETRAHEDRON","2023081920",0,13.3,37,0,7,9.8,,,,,,,,,,,,,610.9,,,,,,,,,,4519.7,6,
"1313","TETRAHEDRON","2023081921",0,13.5,33,0.4,360,4,,,,,,,,,,,,,610.9,,,,,,,,,,4519.7,0,
"1313","TETRAHEDRON","2023081922",0,13.4,33,1.8,14,4.8,,,,,,,,,,,,,610.9,,,,,,,,,,4519.7,0,
"1313","TETRAHEDRON","2023081923",0,12.9,34,1,30,5.1,,,,,,,,,,,,,610.9,,,,,,,,,,4519.7,0,
"1323","LARCH HILLS WEST","2023081900",0,12.7,42,4,61,17.2,92.12,7.092,30.075,,,,,,,,,,,,,,,,,,,,,,
"1323","LARCH HILLS WEST","2023081901",0,11.8,43,5.5,63,10.2,91.883,7.397,30.939,,,,,,,,,,,,,,,,,,,,,,
"1323","LARCH HILLS WEST","2023081902",0,10.6,49,3.7,93,8.5,91.574,6.467,28.246,,,,,,,,,,,,,,,,,,,,,,
"1323","LARCH HILLS WEST","2023081903",0,10.7,48,6.1,70,10.8,91.282,7.001,29.812,,,,,,,,,,,,,,,,,,,,,,
"1323","LARCH HILLS WEST","2023081904",0,11.7,46,6.9,35,13.7,91.051,7.053,29.962,,,,,,,,,,,,,,,,,,,,,,
"1323","LARCH HILLS WEST","2023081905",0,11.5,47,8.6,62,14.9,90.809,7.424,31.015,,,,,,,,,,,,,,,,,,,,,,
"1323","LARCH HILLS WEST","2023081906",0,11,52,7,46,10.8,90.505,6.557,28.515,,,,,,,,,,,,,,,,,,,,,,
"1323","LARCH HILLS WEST","2023081907",0,11,54,3.8,30,10.8,90.225,5.362,24.822,,,,,,,,,,,,,,,,,,,,,,
"1323","LARCH HILLS WEST","2023081908",0,11.9,53,7.2,340,14.3,89.961,6.128,27.224,,,,,,,,,,,,,,,,,,,,,,
"1323","LARCH HILLS WEST","2023081909",0,12.8,53,5.7,318,9.7,89.74,5.505,25.28,,,,,,,,,,,,,,,,,,,,,,
"1323","LARCH HILLS WEST","2023081910",0,14,50,6.5,302,12.5,89.603,5.62,25.645,,,,,,,,,,,,,,,,,,,,,,
"1323","LARCH HILLS WEST","2023081911",0,15.7,45,5.6,335,10.2,89.596,5.365,24.83,,,,,,,,,,,,,,,,,,,,,,
"1323","LARCH HILLS WEST","2023081912",0,17,41,5.9,316,13.7,89.645,5.485,25.218,0,91.291,6.94,29.734,120.26,737.774,170.883,4,,,,,,,,,,,,,,
"1323","LARCH HILLS WEST","2023081913",0,18.7,37,7.3,290,14.9,89.694,5.928,26.699,,,,,,,,,,,,,,,,,,,,,,
"1323","LARCH HILLS WEST","2023081914",0,20,34,8.4,295,16,89.827,6.386,28.099,,,,,,,,,,,,,,,,,,,,,,
"1323","LARCH HILLS WEST","2023081915",0,20.7,30,8.8,287,17.2,90.083,6.759,29.207,,,,,,,,,,,,,,,,,,,,,,
"1323","LARCH HILLS WEST","2023081916",0,20.8,29,10,288,15.4,90.34,7.45,31.192,,,,,,,,,,,,,,,,,,,,,,
"1323","LARCH HILLS WEST","2023081917",0,20.4,26,8.7,300,17.2,90.641,7.284,30.722,,,,,,,,,,,,,,,,,,,,,,
"1323","LARCH HILLS WEST","2023081918",0,19.6,29,3.3,322,14.9,90.766,5.649,25.824,,,,,,,,,,,,,,,,,,,,,,
"1323","LARCH HILLS WEST","2023081919",0,16.9,36,6.6,67,9.1,90.816,6.718,29.087,,,,,,,,,,,,,,,,,,,,,,
"1323","LARCH HILLS WEST","2023081920",0,15.7,37,6.4,69,10.2,90.833,6.667,28.937,,,,,,,,,,,,,,,,,,,,,,
"1323","LARCH HILLS WEST","2023081921",0,15.5,37,7.5,62,12,90.844,7.059,30.078,,,,,,,,,,,,,,,,,,,,,,
"1323","LARCH HILLS WEST","2023081922",0,14.1,40,5,80,9.1,90.79,6.176,27.462,,,,,,,,,,,,,,,,,,,,,,
"1323","LARCH HILLS WEST","2023081923",0,13.4,41,5.1,78,8.5,90.717,6.142,27.358,,,,,,,,,,,,,,,,,,,,,,
"1330","LODESTONE EXT","2023081900",0,6.6,55,2.5,317,8.9,90.034,4.886,21.104,,,,,,,,,,,,,,,,,,,,1751,,
"1330","LODESTONE EXT","2023081901",0,5.7,60,4.7,314,7.4,89.675,5.186,22.021,,,,,,,,,,,,,,,,,,,,1751,,
"1330","LODESTONE EXT","2023081902",0,4.8,65,3.3,318,7.5,89.285,4.569,20.108,,,,,,,,,,,,,,,,,,,,1751,,
"1330","LODESTONE EXT","2023081903",0,4.7,66,3.7,331,7.5,88.903,4.414,19.609,,,,,,,,,,,,,,,,,,,,1751,,
"1330","LODESTONE EXT","2023081904",0,4.9,66,4.5,308,8.2,88.54,4.362,19.442,,,,,,,,,,,,,,,,,,,,1751,,
"1330","LODESTONE EXT","2023081905",0,4.6,69,4.2,325,7.8,88.16,4.069,18.476,,,,,,,,,,,,,,,,,,,,1751,,
"1330","LODESTONE EXT","2023081906",0,5.3,68,2.7,336,6.9,87.848,3.608,16.899,,,,,,,,,,,,,,,,,,,,1751,,
"1330","LODESTONE EXT","2023081907",0,8.9,57,2,25,6.6,87.748,3.433,16.281,,,,,,,,,,,,,,,,,,,,1751,,
"1330","LODESTONE EXT","2023081908",0,10.8,49,5.1,44,16.3,87.778,4.031,18.348,,,,,,,,,,,,,,,,,,,,1751,,
"1330","LODESTONE EXT","2023081909",0,12.2,44,5.4,349,14.6,87.827,4.121,18.649,,,,,,,,,,,,,,,,,,,,1751,,
"1330","LODESTONE EXT","2023081910",0,13.4,40,5,358,19.3,87.897,4.079,18.511,,,,,,,,,,,,,,,,,,,,1751,,
"1330","LODESTONE EXT","2023081911",0,15.8,34,8.4,102,17.3,88.152,5.022,21.522,,,,,,,,,,,,,,,,,,,,1751,,
"1330","LODESTONE EXT","2023081912",0,16.5,29,8.5,37,24.3,88.531,5.329,22.451,0,92.764,9.742,34.256,88.665,562.104,127.178,4,,,,,,,,,,,,1751,,
"1330","LODESTONE EXT","2023081913",0,18.4,24,5.9,35,23.8,89.055,5.04,21.789,,,,,,,,,,,,,,,,,,,,1751,,
"1330","LODESTONE EXT","2023081914",0,18.6,22,8.2,11,21.2,89.607,6.126,25.002,,,,,,,,,,,,,,,,,,,,1751,,
"1330","LODESTONE EXT","2023081915",0,18.9,21,6.1,346,19.3,90.109,5.922,24.417,,,,,,,,,,,,,,,,,,,,1751,,
"1330","LODESTONE EXT","2023081916",0,18.6,20,7.2,28,15.5,90.578,6.693,26.584,,,,,,,,,,,,,,,,,,,,1751,,
"1330","LODESTONE EXT","2023081917",0,18.4,20,3.6,351,15.6,90.945,5.883,24.305,,,,,,,,,,,,,,,,,,,,1751,,
"1330","LODESTONE EXT","2023081918",0,16.7,22,3.9,343,13.2,91.161,6.159,25.096,,,,,,,,,,,,,,,,,,,,1751,,
"1330","LODESTONE EXT","2023081919",0,12.9,29,2.5,318,10.7,91.211,5.781,24.008,,,,,,,,,,,,,,,,,,,,1751,,
"1330","LODESTONE EXT","2023081920",0,10.2,36,2.9,316,7.3,91.165,5.86,24.238,,,,,,,,,,,,,,,,,,,,1751,,
"1330","LODESTONE EXT","2023081921",0,9.2,40,4.9,323,8.1,91.045,6.372,25.695,,,,,,,,,,,,,,,,,,,,1751,,
"1330","LODESTONE EXT","2023081922",0,8.2,42,4.8,312,7.9,90.898,6.208,25.235,,,,,,,,,,,,,,,,,,,,1751,,
"1330","LODESTONE EXT","2023081923",0,7.4,46,3,324,5.5,90.715,5.524,23.252,,,,,,,,,,,,,,,,,,,,1751,,
"1332","GRIZZLY EXT","2023081900",0,5.6,56,6.8,38,11.7,89.944,5.991,23.775,,,,,,,,,,,,,,,,,,,,766.6,,
"1332","GRIZZLY EXT","2023081901",0,6.9,52,10.2,30,15.3,89.681,6.848,26.096,,,,,,,,,,,,,,,,,,,,766.6,,
"1332","GRIZZLY EXT","2023081902",0,6.6,52,7.3,35,17.4,89.459,5.731,23.041,,,,,,,,,,,,,,,,,,,,766.6,,
"1332","GRIZZLY EXT","2023081903",0,1.9,74,0.4,212,12.3,89.034,3.809,17.13,,,,,,,,,,,,,,,,,,,,766.6,,
"1332","GRIZZLY EXT","2023081904",0,-0.3,87,0.1,353,4.1,88.435,3.442,15.877,,,,,,,,,,,,,,,,,,,,766.6,,
"1332","GRIZZLY EXT","2023081905",0,-0.3,88,3.3,43,7.9,87.703,3.642,16.565,,,,,,,,,,,,,,,,,,,,766.6,,
"1332","GRIZZLY EXT","2023081906",0,1.4,84,1.4,356,6.8,87.169,3.066,14.534,,,,,,,,,,,,,,,,,,,,766.6,,
"1332","GRIZZLY EXT","2023081907",0,9.7,51,0,117,12.5,87.209,2.874,13.822,,,,,,,,,,,,,,,,,,,,766.6,,
"1332","GRIZZLY EXT","2023081908",0,13.6,36,2.8,92,12.5,87.413,3.407,15.753,,,,,,,,,,,,,,,,,,,,766.6,,
"1332","GRIZZLY EXT","2023081909",0,14.5,37,5.9,133,13.4,87.611,4.097,18.084,,,,,,,,,,,,,,,,,,,,766.6,,
"1332","GRIZZLY EXT","2023081910",0,16.6,25,5.7,2,19.1,88.15,4.382,18.999,,,,,,,,,,,,,,,,,,,,766.6,,
"1332","GRIZZLY EXT","2023081911",0,17.4,22,4.6,303,21,88.73,4.505,19.388,,,,,,,,,,,,,,,,,,,,766.6,,
"1332","GRIZZLY EXT","2023081912",0,19.4,20,6.5,347,23.5,89.411,5.467,22.284,0,94.727,11.571,37.562,93,425.716,120.299,4,,,,,,,,,,,,766.6,,
"1332","GRIZZLY EXT","2023081913",0,19.3,26,4.2,243,20.4,89.774,5.129,21.565,,,,,,,,,,,,,,,,,,,,766.6,,
"1332","GRIZZLY EXT","2023081914",0,19.3,25,5.6,32,15.9,90.132,5.794,23.512,,,,,,,,,,,,,,,,,,,,766.6,,
"1332","GRIZZLY EXT","2023081915",0,17.4,29,4.5,232,15,90.271,5.591,22.93,,,,,,,,,,,,,,,,,,,,766.6,,
"1332","GRIZZLY EXT","2023081916",0,15.9,30,5.7,262,15.1,90.337,5.996,24.086,,,,,,,,,,,,,,,,,,,,766.6,,
"1332","GRIZZLY EXT","2023081917",0,14.9,36,2.4,259,10.3,90.386,5.114,21.519,,,,,,,,,,,,,,,,,,,,766.6,,
"1332","GRIZZLY EXT","2023081918",0,9.1,58,0.3,312,4.6,90.122,4.429,19.4,,,,,,,,,,,,,,,,,,,,766.6,,
"1332","GRIZZLY EXT","2023081919",0,6.2,65,3.4,34,7.4,89.689,4.867,20.769,,,,,,,,,,,,,,,,,,,,766.6,,
"1332","GRIZZLY EXT","2023081920",0,5.2,61,1.5,357,7.9,89.393,4.239,18.786,,,,,,,,,,,,,,,,,,,,766.6,,
"1332","GRIZZLY EXT","2023081921",0,4.4,63,0.4,357,5.4,89.122,3.857,17.523,,,,,,,,,,,,,,,,,,,,766.6,,
"1332","GRIZZLY EXT","2023081922",0,3,70,0.8,349,7.6,88.757,3.735,17.107,,,,,,,,,,,,,,,,,,,,766.6,,
"1332","GRIZZLY EXT","2023081923",0,1.8,77,3.7,345,6.8,88.234,4.01,18.034,,,,,,,,,,,,,,,,,,,,766.6,,
"1339","BOOTHROYD","2023081900",0,13.7,50,5.2,105,8.8,91.892,7.295,31.708,,,,,,,,,,,,,,,,,,,,3438.6,,
"1339","BOOTHROYD","2023081901",0,12.7,52,5.4,137,10.7,91.504,6.975,30.765,,,,,,,,,,,,,,,,,,,,3438.6,,
"1339","BOOTHROYD","2023081902",0,12.6,54,4.5,97,10.6,91.125,6.317,28.768,,,,,,,,,,,,,,,,,,,,3438.6,,
"1339","BOOTHROYD","2023081903",0,11.3,58,3.7,73,9.5,90.716,5.723,26.89,,,,,,,,,,,,,,,,,,,,3438.6,,
"1339","BOOTHROYD","2023081904",0,10.5,61,4.4,98,6.1,90.276,5.567,26.383,,,,,,,,,,,,,,,,,,,,3438.6,,
"1339","BOOTHROYD","2023081905",0,10.2,64,2.5,85,6.2,89.854,4.762,23.663,,,,,,,,,,,,,,,,,,,,3438.6,,
"1339","BOOTHROYD","2023081906",0,10.5,64,3.4,67,6.9,89.454,4.705,23.463,,,,,,,,,,,,,,,,,,,,3438.6,,
"1339","BOOTHROYD","2023081907",0,11.1,66,2.6,103,5.1,89.067,4.275,21.922,,,,,,,,,,,,,,,,,,,,3438.6,,
"1339","BOOTHROYD","2023081908",0,13.7,62,2,32,4.5,88.81,3.998,20.894,,,,,,,,,,,,,,,,,,,,3438.6,,
"1339","BOOTHROYD","2023081909",0,17.5,42,3.6,136,6.8,88.859,4.364,22.245,,,,,,,,,,,,,,,,,,,,3438.6,,
"1339","BOOTHROYD","2023081910",0,20.7,31,3.6,30,10.3,89.187,4.574,23,,,,,,,,,,,,,,,,,,,,3438.6,,
"1339","BOOTHROYD","2023081911",0,22.9,25,8.1,306,20.2,89.792,6.259,28.59,,,,,,,,,,,,,,,,,,,,3438.6,,
"1339","BOOTHROYD","2023081912",0,23.4,21,9.8,326,26.6,90.499,7.545,32.429,0,94.722,13.654,47.748,153.117,854.582,211.498,5,,,,,,,,,,,,3438.6,,
"1339","BOOTHROYD","2023081913",0,24.5,18,8.9,323,21.3,91.26,8.037,33.899,,,,,,,,,,,,,,,,,,,,3438.6,,
"1339","BOOTHROYD","2023081914",0,25,18,5.4,349,14.1,91.872,7.348,31.936,,,,,,,,,,,,,,,,,,,,3438.6,,
"1339","BOOTHROYD","2023081915",0,25.2,17,5.7,345,11.6,92.438,8.081,34.023,,,,,,,,,,,,,,,,,,,,3438.6,,
"1339","BOOTHROYD","2023081916",0,25.4,21,1.4,126,11.2,92.713,6.764,30.205,,,,,,,,,,,,,,,,,,,,3438.6,,
"1339","BOOTHROYD","2023081917",0,23.2,30,4.5,2,8,92.763,7.963,33.693,,,,,,,,,,,,,,,,,,,,3438.6,,
"1339","BOOTHROYD","2023081918",0,20.9,32,3.5,55,6.2,92.771,7.58,32.604,,,,,,,,,,,,,,,,,,,,3438.6,,
"1339","BOOTHROYD","2023081919",0,18,36,4.6,78,6.8,92.662,7.89,33.487,,,,,,,,,,,,,,,,,,,,3438.6,,
"1339","BOOTHROYD","2023081920",0,16.9,35,5.5,60,6.6,92.566,8.145,34.202,,,,,,,,,,,,,,,,,,,,3438.6,,
"1339","BOOTHROYD","2023081921",0,15.9,39,4.1,51,7.1,92.402,7.418,32.138,,,,,,,,,,,,,,,,,,,,3438.6,,
"1339","BOOTHROYD","2023081922",0,15.1,42,3.8,66,6.4,92.193,7.094,31.191,,,,,,,,,,,,,,,,,,,,3438.6,,
"1339","BOOTHROYD","2023081923",0,14.3,42,3.3,57,5.2,92.003,6.735,30.116,,,,,,,,,,,,,,,,,,,,3438.6,,
"1345","SAWTOOTH","2023081900",0,6,76,1.5,245,9.8,87.794,3.37,9.981,,,,,,,,,,-0.021,,,,,,,,,,2323.8,,
"1345","SAWTOOTH","2023081901",0,5.2,77,0,65,4.5,87.456,2.977,8.986,,,,,,,,,,-0.021,,,,,,,,,,2323.8,,
"1345","SAWTOOTH","2023081902",0,4.6,80,3.3,296,7.5,86.963,3.277,9.751,,,,,,,,,,-0.028,,,,,,,,,,2323.8,,
"1345","SAWTOOTH","2023081903",0,3.2,96,0,325,8,86.179,2.483,7.667,,,,,,,,,,-0.021,,,,,,,,,,2323.8,,
"1345","SAWTOOTH","2023081904",0,2.6,96,1.3,243,5.3,85.324,2.353,7.303,,,,,,,,,,-0.022,,,,,,,,,,2323.8,,
"1345","SAWTOOTH","2023081905",0,2.8,95,2.8,320,6.1,84.53,2.276,7.085,,,,,,,,,,-0.022,,,,,,,,,,2323.8,,
"1345","SAWTOOTH","2023081906",0,3.4,85,1.3,293,6.3,84.198,2.018,6.336,,,,,,,,,,-0.022,,,,,,,,,,2323.8,,
"1345","SAWTOOTH","2023081907",0,5.7,83,2.9,328,6.2,83.916,2.106,6.596,,,,,,,,,,-0.021,,,,,,,,,,2323.8,,
"1345","SAWTOOTH","2023081908",0,9.5,67,0.9,13,4,83.963,1.916,6.033,,,,,,,,,,-0.022,,,,,,,,,,2323.8,,
"1345","SAWTOOTH","2023081909",0,13.7,50,0.9,32,4.9,84.187,1.974,6.207,,,,,,,,,,-0.024,,,,,,,,,,2323.8,,
"1345","SAWTOOTH","2023081910",0,16.3,41,4.6,74,10.3,84.677,2.542,7.829,,,,,,,,,,-0.025,,,,,,,,,,2323.8,,
"1345","SAWTOOTH","2023081911",0,18.3,36,7.4,84,17.2,85.35,3.211,9.585,,,,,,,,,,-0.024,,,,,,,,,,2323.8,,
"1345","SAWTOOTH","2023081912",0,18.9,37,7.6,40,18.4,85.938,3.521,10.354,0,91.064,7.32,19.005,33.861,449.613,56.992,4,,-0.023,,,,,,,,,,2323.8,,
"1345","SAWTOOTH","2023081913",0,19.2,33,6.8,5,12.1,86.567,3.695,11.227,,,,,,,,,,-0.024,,,,,,,,,,2323.8,,
"1345","SAWTOOTH","2023081914",0,19.8,26,6.3,234,12.7,87.349,4.027,12.034,,,,,,,,,,-0.023,,,,,,,,,,2323.8,,
"1345","SAWTOOTH","2023081915",0,21.3,25,4.3,14,12,88.092,4.049,12.088,,,,,,,,,,-0.026,,,,,,,,,,2323.8,,
"1345","SAWTOOTH","2023081916",0,21.4,23,13.8,233,26,88.937,7.378,19.115,,,,,,,,,,-0.022,,,,,,,,,,2323.8,,
"1345","SAWTOOTH","2023081917",0,20.9,22,8.1,217,21.1,89.602,6.091,16.585,,,,,,,,,,-0.023,,,,,,,,,,2323.8,,
"1345","SAWTOOTH","2023081918",0,19.6,23,10.6,194,17.7,90.1,7.419,19.193,,,,,,,,,,-0.024,,,,,,,,,,2323.8,,
"1345","SAWTOOTH","2023081919",0,17.3,34,3.8,201,14.4,90.149,5.304,14.934,,,,,,,,,,-0.028,,,,,,,,,,2323.8,,
"1345","SAWTOOTH","2023081920",0,13.4,42,8.7,209,12.5,90.105,6.747,17.898,,,,,,,,,,-0.023,,,,,,,,,,2323.8,,
"1345","SAWTOOTH","2023081921",0,11.9,44,4,207,9.7,90.031,5.268,14.855,,,,,,,,,,-0.025,,,,,,,,,,2323.8,,
"1345","SAWTOOTH","2023081922",0,10.1,61,2.3,306,5.7,89.69,4.605,13.385,,,,,,,,,,-0.024,,,,,,,,,,2323.8,,
"1345","SAWTOOTH","2023081923",0,8,62,3.7,248,7.8,89.338,4.698,13.595,,,,,,,,,,-0.026,,,,,,,,,,2323.8,,
"1348","KLINAKLINI","2023081900",0,9.8,46,11.2,18,21.7,,,,,,,,,,,,,-5.1,,,,,,,,,,4900.4,,
"1348","KLINAKLINI","2023081901",0,9,47,6.2,330,18.9,,,,,,,,,,,,,0.7,,,,,,,,,,4900.4,,
"1348","KLINAKLINI","2023081902",0,9.9,43,6.8,16,15.2,,,,,,,,,,,,,-8.6,,,,,,,,,,4900.4,,
"1348","KLINAKLINI","2023081903",0,9.6,44,5.4,72,15.7,,,,,,,,,,,,,7.5,,,,,,,,,,4900.4,,
"1348","KLINAKLINI","2023081904",0,9.1,45,3.7,243,15.4,,,,,,,,,,,,,-2,,,,,,,,,,4900.4,,
"1348","KLINAKLINI","2023081905",0,8.8,46,4.2,198,9.8,,,,,,,,,,,,,4.7,,,,,,,,,,4900.4,,
"1348","KLINAKLINI","2023081906",0,9.1,44,1.6,91,7.3,,,,,,,,,,,,,11.5,,,,,,,,,,4900.4,,
"1348","KLINAKLINI","2023081907",0,9,44,6,237,8.9,,,,,,,,,,,,,24,,,,,,,,,,4900.4,,
"1348","KLINAKLINI","2023081908",0,10.6,41,0.2,226,7.9,,,,,,,,,,,,,23.8,,,,,,,,,,4900.4,,
"1348","KLINAKLINI","2023081909",0,11.2,39,0.1,286,6.3,,,,,,,,,,,,,5.1,,,,,,,,,,4900.4,,
"1348","KLINAKLINI","2023081910",0,11.1,42,3.3,331,6.8,,,,,,,,,,,,,-1.8,,,,,,,,,,4900.4,,
"1348","KLINAKLINI","2023081911",0,11.3,40,8.2,346,12.7,,,,,,,,,,,,,4.6,,,,,,,,,,4900.4,,
"1348","KLINAKLINI","2023081912",0,11.8,37,7,4,14.1,,,,0,,,,,,,,,5.1,,,,,,,,,,4900.4,,
"1348","KLINAKLINI","2023081913",0,12.3,36,8.3,6,14.2,,,,,,,,,,,,,15.3,,,,,,,,,,4900.4,,
"1348","KLINAKLINI","2023081914",0,13.1,34,9.2,358,14.6,,,,,,,,,,,,,9.3,,,,,,,,,,4900.4,,
"1348","KLINAKLINI","2023081915",0,13.5,32,8.2,349,14.3,,,,,,,,,,,,,8.7,,,,,,,,,,4900.4,,
"1348","KLINAKLINI","2023081916",0,13.8,30,7.2,355,14,,,,,,,,,,,,,2.8,,,,,,,,,,4900.4,,
"1348","KLINAKLINI","2023081917",0,14.9,30,4.9,328,12.3,,,,,,,,,,,,,8.3,,,,,,,,,,4900.4,,
"1348","KLINAKLINI","2023081918",0,14.9,28,3.7,299,9.8,,,,,,,,,,,,,-2.1,,,,,,,,,,4900.4,,
"1348","KLINAKLINI","2023081919",0,13.5,28,2.1,342,5.9,,,,,,,,,,,,,17.5,,,,,,,,,,4900.4,,
"1348","KLINAKLINI","2023081920",0,12.7,32,7.6,41,9.7,,,,,,,,,,,,,24.2,,,,,,,,,,4900.4,,
"1348","KLINAKLINI","2023081921",0,12.7,34,9,22,14,,,,,,,,,,,,,0.9,,,,,,,,,,4900.4,,
"1348","KLINAKLINI","2023081922",0,12.2,38,16.7,34,24.3,,,,,,,,,,,,,-3.1,,,,,,,,,,4900.4,,
"1348","KLINAKLINI","2023081923",0,11.7,39,11.1,16,21.7,,,,,,,,,,,,,0.6,,,,,,,,,,4900.4,,
"1349","HOMATHKO","2023081900",0,9.9,45,2.8,150,13.9,,,,,,,,,,,,,0.7,,,,,,,,,,597.4,,
"1349","HOMATHKO","2023081901",0,10.4,40,4.9,299,11.8,,,,,,,,,,,,,0.8,,,,,,,,,,597.4,,
"1349","HOMATHKO","2023081902",0,10.1,41,5.7,118,14.8,,,,,,,,,,,,,1.1,,,,,,,,,,597.4,,
"1349","HOMATHKO","2023081903",0,9.9,41,4.6,279,21.2,,,,,,,,,,,,,1.5,,,,,,,,,,597.4,,
"1349","HOMATHKO","2023081904",0,9.7,41,3.9,277,15.1,,,,,,,,,,,,,1,,,,,,,,,,597.4,,
"1349","HOMATHKO","2023081905",0,9.4,42,3.1,288,11.8,,,,,,,,,,,,,1.9,,,,,,,,,,597.4,,
"1349","HOMATHKO","2023081906",0,9.7,41,2.9,16,11.4,,,,,,,,,,,,,2.2,,,,,,,,,,597.4,,
"1349","HOMATHKO","2023081907",0,10.5,41,3.1,142,11.2,,,,,,,,,,,,,3.6,,,,,,,,,,597.4,,
"1349","HOMATHKO","2023081908",0,10.8,46,2.9,203,11.6,,,,,,,,,,,,,4.5,,,,,,,,,,597.4,,
"1349","HOMATHKO","2023081909",0,11.8,41,2.7,232,8,,,,,,,,,,,,,4.2,,,,,,,,,,597.4,,
"1349","HOMATHKO","2023081910",0,12.6,37,3.6,236,8.8,,,,,,,,,,,,,4.5,,,,,,,,,,597.4,,
"1349","HOMATHKO","2023081911",0,14.1,38,2.5,220,12.3,,,,,,,,,,,,,3.2,,,,,,,,,,597.4,,
"1349","HOMATHKO","2023081912",0,15.4,38,3.6,204,10.1,,,,0,,,,,,,,,3.9,,,,,,,,,,597.4,,
"1349","HOMATHKO","2023081913",0,16.2,33,2.1,210,11.7,,,,,,,,,,,,,2.4,,,,,,,,,,597.4,,
"1349","HOMATHKO","2023081914",0,16.1,29,4.7,192,11.8,,,,,,,,,,,,,4.3,,,,,,,,,,597.4,,
"1349","HOMATHKO","2023081915",0,16.4,28,3.7,237,14,,,,,,,,,,,,,4.6,,,,,,,,,,597.4,,
"1349","HOMATHKO","2023081916",0,16.8,29,3.8,215,15.6,,,,,,,,,,,,,4.1,,,,,,,,,,597.4,,
"1349","HOMATHKO","2023081917",0,16,27,7.6,264,16.3,,,,,,,,,,,,,4.4,,,,,,,,,,597.4,,
"1349","HOMATHKO","2023081918",0,15.5,29,9.3,279,18.7,,,,,,,,,,,,,4.2,,,,,,,,,,597.4,,
"1349","HOMATHKO","2023081919",0,14.4,31,6.3,310,15.2,,,,,,,,,,,,,4.3,,,,,,,,,,597.4,,
"1349","HOMATHKO","2023081920",0,14.2,29,5.9,336,12.3,,,,,,,,,,,,,1.3,,,,,,,,,,597.4,,
"1349","HOMATHKO","2023081921",0,13.2,32,4,11,8.4,,,,,,,,,,,,,0.2,,,,,,,,,,597.4,,
"1349","HOMATHKO","2023081922",0,13,34,1.1,116,8.9,,,,,,,,,,,,,-5.4,,,,,,,,,,597.4,,
"1349","HOMATHKO","2023081923",0,12.8,32,2.5,5,10,,,,,,,,,,,,,1,,,,,,,,,,597.4,,
"1350","LOWER CAIN","2023081900",0,6.7,90,,,,,,,,,,,,,,,,9.6,,,,,,,,,,370.1,0,
"1350","LOWER CAIN","2023081901",0,5.8,92,,,,,,,,,,,,,,,,11.1,,,,,,,,,,370.1,0,
"1350","LOWER CAIN","2023081902",0,7,90,,,,,,,,,,,,,,,,9.9,,,,,,,,,,370.1,0,
"1350","LOWER CAIN","2023081903",0,7.6,88,,,,,,,,,,,,,,,,8.5,,,,,,,,,,370.1,0,
"1350","LOWER CAIN","2023081904",0,6.8,89,,,,,,,,,,,,,,,,8.2,,,,,,,,,,370.1,0,
"1350","LOWER CAIN","2023081905",0,8.1,82,,,,,,,,,,,,,,,,8.4,,,,,,,,,,370.1,0,
"1350","LOWER CAIN","2023081906",0,9.6,75,,,,,,,,,,,,,,,,8.6,,,,,,,,,,370.1,7,
"1350","LOWER CAIN","2023081907",0,10.5,73,,,,,,,,,,,,,,,,9.2,,,,,,,,,,370.1,25,
"1350","LOWER CAIN","2023081908",0,12.6,63,,,,,,,,,,,,,,,,9.7,,,,,,,,,,370.1,164,
"1350","LOWER CAIN","2023081909",0,14.2,62,,,,,,,,,,,,,,,,9,,,,,,,,,,370.1,320,
"1350","LOWER CAIN","2023081910",0,15.6,66,,,,,,,,,,,,,,,,9.2,,,,,,,,,,370.1,623,
"1350","LOWER CAIN","2023081911",0,16.1,56,,,,,,,,,,,,,,,,7.9,,,,,,,,,,370.1,743,
"1350","LOWER CAIN","2023081912",0,17.3,61,,,,,,,0,,,,,,,,,8.1,,,,,,,,,,370.1,814,
"1350","LOWER CAIN","2023081913",0,17.1,59,,,,,,,,,,,,,,,,7.7,,,,,,,,,,370.1,835,
"1350","LOWER CAIN","2023081914",0,17.7,53,,,,,,,,,,,,,,,,7.9,,,,,,,,,,370.1,777,
"1350","LOWER CAIN","2023081915",0,18,51,,,,,,,,,,,,,,,,7.3,,,,,,,,,,370.1,695,
"1350","LOWER CAIN","2023081916",0,17.5,47,,,,,,,,,,,,,,,,7.6,,,,,,,,,,370.1,610,
"1350","LOWER CAIN","2023081917",0,16.6,53,,,,,,,,,,,,,,,,7.9,,,,,,,,,,370.1,455,
"1350","LOWER CAIN","2023081918",0,15.6,51,,,,,,,,,,,,,,,,8.2,,,,,,,,,,370.1,175,
"1350","LOWER CAIN","2023081919",0,14.4,50,,,,,,,,,,,,,,,,7.8,,,,,,,,,,370.1,33,
"1350","LOWER CAIN","2023081920",0,11.9,57,,,,,,,,,,,,,,,,7.5,,,,,,,,,,370.1,7,
"1350","LOWER CAIN","2023081921",0,10.8,58,,,,,,,,,,,,,,,,8.3,,,,,,,,,,370.1,0,
"1350","LOWER CAIN","2023081922",0,12.8,48,,,,,,,,,,,,,,,,8.6,,,,,,,,,,370.1,0,
"1350","LOWER CAIN","2023081923",0,12.8,50,,,,,,,,,,,,,,,,8.2,,,,,,,,,,370.1,0,
"1359","STATION BAY 2","2023081900",0,9.9,49,5.8,318,12,90.998,6.623,29.78,,,,,,,,,,,,,,,,,,,,,,
"1359","STATION BAY 2","2023081901",0,8.7,54,7.4,314,14.3,90.63,6.811,30.35,,,,,,,,,,,,,,,,,,,,,,
"1359","STATION BAY 2","2023081902",0,9,54,7.8,325,12.5,90.292,6.623,29.78,,,,,,,,,,,,,,,,,,,,,,
"1359","STATION BAY 2","2023081903",0,9.9,51,8.3,315,14.9,90.041,6.552,29.562,,,,,,,,,,,,,,,,,,,,,,
"1359","STATION BAY 2","2023081904",0,8.4,57,7.6,324,16,89.703,6.026,27.927,,,,,,,,,,,,,,,,,,,,,,
"1359","STATION BAY 2","2023081905",0,6.7,64,6.4,329,12.5,89.28,5.338,25.69,,,,,,,,,,,,,,,,,,,,,,
"1359","STATION BAY 2","2023081906",0,8.4,60,6,326,17.2,88.973,5.006,24.567,,,,,,,,,,,,,,,,,,,,,,
"1359","STATION BAY 2","2023081907",0,10.8,53,6.1,328,10.8,88.829,4.928,24.299,,,,,,,,,,,,,,,,,,,,,,
"1359","STATION BAY 2","2023081908",0,12.8,48,7,288,14.3,88.802,5.137,25.013,,,,,,,,,,,,,,,,,,,,,,
"1359","STATION BAY 2","2023081909",0,13.9,46,6.5,310,12.5,88.827,5.027,24.64,,,,,,,,,,,,,,,,,,,,,,
"1359","STATION BAY 2","2023081910",0,15.5,41,7.3,302,15.4,88.876,5.271,25.466,,,,,,,,,,,,,,,,,,,,,,
"1359","STATION BAY 2","2023081911",0,17,36,6.8,310,16,88.988,5.223,25.305,,,,,,,,,,,,,,,,,,,,,,
"1359","STATION BAY 2","2023081912",0,19.5,30,9.2,2,17.2,89.328,6.19,28.442,0,92.849,10.213,39.723,170.502,725.055,214.752,4,,,,,,,,,,,,,,
"1359","STATION BAY 2","2023081913",0,20.2,29,8.8,355,24.1,89.672,6.373,29.058,,,,,,,,,,,,,,,,,,,,,,
"1359","STATION BAY 2","2023081914",0,20.8,25,6.3,66,18.9,90.102,5.976,27.809,,,,,,,,,,,,,,,,,,,,,,
"1359","STATION BAY 2","2023081915",0,21.6,23,7.1,359,17.7,90.576,6.658,29.932,,,,,,,,,,,,,,,,,,,,,,
"1359","STATION BAY 2","2023081916",0,21.1,24,6.1,62,16.6,90.919,6.648,29.902,,,,,,,,,,,,,,,,,,,,,,
"1359","STATION BAY 2","2023081917",0,20.1,27,4.8,358,16,91.081,6.372,29.055,,,,,,,,,,,,,,,,,,,,,,
"1359","STATION BAY 2","2023081918",0,17.7,32,3.9,351,10.8,91.131,6.133,28.307,,,,,,,,,,,,,,,,,,,,,,
"1359","STATION BAY 2","2023081919",0,14.4,37,5.3,344,7.4,91.106,6.558,29.627,,,,,,,,,,,,,,,,,,,,,,
"1359","STATION BAY 2","2023081920",0,13.1,39,5.2,342,7.4,91.036,6.46,29.327,,,,,,,,,,,,,,,,,,,,,,
"1359","STATION BAY 2","2023081921",0,12.9,41,5.5,334,7.4,90.935,6.465,29.341,,,,,,,,,,,,,,,,,,,,,,
"1359","STATION BAY 2","2023081922",0,12.4,42,4.5,327,7.4,90.827,6.053,28.055,,,,,,,,,,,,,,,,,,,,,,
"1359","STATION BAY 2","2023081923",0,11.8,42,5.5,319,6.8,90.717,6.267,28.728,,,,,,,,,,,,,,,,,,,,,,
"1362","TS BURMAN","2023081900",0,13.8,70,0.7,51,2.6,88.922,3.805,12.714,,,,,,,,,,,,,,,,,,,,13849.6,,
"1362","TS BURMAN","2023081901",0,13,73,1.1,62,3.1,88.476,3.641,12.276,,,,,,,,,,,,,,,,,,,,13849.6,,
"1362","TS BURMAN","2023081902",0,12.4,76,0.8,68,2.8,88.016,3.358,11.503,,,,,,,,,,,,,,,,,,,,13849.6,,
"1362","TS BURMAN","2023081903",0,11.7,80,0.5,52,2.5,87.518,3.08,10.719,,,,,,,,,,,,,,,,,,,,13849.6,,
"1362","TS BURMAN","2023081904",0,11.3,81,1.5,58,2.9,87.002,3.009,10.516,,,,,,,,,,,,,,,,,,,,13849.6,,
"1362","TS BURMAN","2023081905",0,10.7,86,0.1,60,2.5,86.464,2.598,9.297,,,,,,,,,,,,,,,,,,,,13849.6,,
"1362","TS BURMAN","2023081906",0,10.5,88,0.4,71,2.6,85.879,2.429,8.776,,,,,,,,,,,,,,,,,,,,13849.6,,
"1362","TS BURMAN","2023081907",0,10.9,88,1.2,43,3,85.307,2.335,8.481,,,,,,,,,,,,,,,,,,,,13849.6,,
"1362","TS BURMAN","2023081908",0,12.6,86,0,73,1.7,84.935,2.089,7.685,,,,,,,,,,,,,,,,,,,,13849.6,,
"1362","TS BURMAN","2023081909",0,14.9,77,0.2,279,3.5,84.819,2.076,7.645,,,,,,,,,,,,,,,,,,,,13849.6,,
"1362","TS BURMAN","2023081910",0,17.5,63,0.2,264,4.2,84.867,2.09,7.69,,,,,,,,,,,,,,,,,,,,13849.6,,
"1362","TS BURMAN","2023081911",0,19,61,1.4,240,6.5,84.95,2.246,8.196,,,,,,,,,,,,,,,,,,,,13849.6,,
"1362","TS BURMAN","2023081912",0,21.2,54,0.9,270,7.1,85.174,2.259,8.237,0,89.35,4.087,13.785,43.772,459.981,70.719,4,,,,,,,,,,,,13849.6,,
"1362","TS BURMAN","2023081913",0,22.8,53,2.4,263,6.5,85.455,2.532,9.344,,,,,,,,,,,,,,,,,,,,13849.6,,
"1362","TS BURMAN","2023081914",0,23.8,47,2.1,250,7.8,85.865,2.642,9.683,,,,,,,,,,,,,,,,,,,,13849.6,,
"1362","TS BURMAN","2023081915",0,23.7,51,1.7,292,11.5,86.127,2.686,9.819,,,,,,,,,,,,,,,,,,,,13849.6,,
"1362","TS BURMAN","2023081916",0,23,50,2.5,310,9.4,86.373,2.895,10.453,,,,,,,,,,,,,,,,,,,,13849.6,,
"1362","TS BURMAN","2023081917",0,23.7,49,0.1,247,6.4,86.588,2.644,9.692,,,,,,,,,,,,,,,,,,,,13849.6,,
"1362","TS BURMAN","2023081918",0,22.7,51,1.4,136,4.4,86.745,2.887,10.429,,,,,,,,,,,,,,,,,,,,13849.6,,
"1362","TS BURMAN","2023081919",0,19.2,67,0.2,79,4.2,86.701,2.701,9.865,,,,,,,,,,,,,,,,,,,,13849.6,,
"1362","TS BURMAN","2023081920",0,17.4,71,0.2,56,3.5,86.563,2.648,9.704,,,,,,,,,,,,,,,,,,,,13849.6,,
"1362","TS BURMAN","2023081921",0,16.3,75,0.7,53,3.2,86.329,2.627,9.639,,,,,,,,,,,,,,,,,,,,13849.6,,
"1362","TS BURMAN","2023081922",0,15.3,78,0.5,71,3.3,86.046,2.499,9.24,,,,,,,,,,,,,,,,,,,,13849.6,,
"1362","TS BURMAN","2023081923",0,14.2,84,1,79,4.1,85.597,2.407,8.947,,,,,,,,,,,,,,,,,,,,13849.6,,
"1375","FRANK CREEK","2023081900",0,15.4,47,5.3,86,8.8,90.507,6.021,26.351,,,,,,,,,,,,,,,,,,,,844,,
"1375","FRANK CREEK","2023081901",0,15,47,6.1,81,7.7,90.362,6.141,26.71,,,,,,,,,,,,,,,,,,,,844,,
"1375","FRANK CREEK","2023081902",0,15.5,46,1.6,72,7.5,90.284,4.84,22.619,,,,,,,,,,,,,,,,,,,,844,,
"1375","FRANK CREEK","2023081903",0,14.6,50,0,128,5.7,90.183,4.401,21.135,,,,,,,,,,,,,,,,,,,,844,,
"1375","FRANK CREEK","2023081904",0,14.3,51,0.7,161,4,90.044,4.469,21.369,,,,,,,,,,,,,,,,,,,,844,,
"1375","FRANK CREEK","2023081905",0,13.9,53,4.4,354,10.8,89.834,5.225,23.874,,,,,,,,,,,,,,,,,,,,844,,
"1375","FRANK CREEK","2023081906",0,13.1,59,2.9,30,8.5,89.544,4.648,21.975,,,,,,,,,,,,,,,,,,,,844,,
"1375","FRANK CREEK","2023081907",0,14.2,56,8,5,14.6,89.301,5.804,25.69,,,,,,,,,,,,,,,,,,,,844,,
"1375","FRANK CREEK","2023081908",0,14.6,56,3.3,345,13.1,89.123,4.465,21.353,,,,,,,,,,,,,,,,,,,,844,,
"1375","FRANK CREEK","2023081909",0,16.5,49,7.6,347,13.7,89.1,5.526,24.827,,,,,,,,,,,,,,,,,,,,844,,
"1375","FRANK CREEK","2023081910",0,19.8,41,8,334,12.1,89.149,5.679,25.303,,,,,,,,,,,,,,,,,,,,844,,
"1375","FRANK CREEK","2023081911",0,22.8,33,5.8,313,14.3,89.464,5.318,24.169,,,,,,,,,,,,,,,,,,,,844,,
"1375","FRANK CREEK","2023081912",0,25.3,25,7.5,288,14.7,90.129,6.373,27.401,0,92.988,9.559,36.237,112.087,689.941,159.424,4,,,,,,,,,,,,844,,
"1375","FRANK CREEK","2023081913",0,27.1,19,7.6,270,15.3,91.032,7.287,30.248,,,,,,,,,,,,,,,,,,,,844,,
"1375","FRANK CREEK","2023081914",0,26.5,18,9.6,203,15.4,91.81,9.002,34.833,,,,,,,,,,,,,,,,,,,,844,,
"1375","FRANK CREEK","2023081915",0,26.3,18,10.9,209,20.1,92.445,10.512,38.56,,,,,,,,,,,,,,,,,,,,844,,
"1375","FRANK CREEK","2023081916",0,26.2,17,9.5,207,19.6,92.991,10.577,38.715,,,,,,,,,,,,,,,,,,,,844,,
"1375","FRANK CREEK","2023081917",0,25.7,17,6.9,192,15.5,93.396,9.819,36.882,,,,,,,,,,,,,,,,,,,,844,,
"1375","FRANK CREEK","2023081918",0,23.9,23,3.2,136,11.3,93.446,8.206,32.759,,,,,,,,,,,,,,,,,,,,844,,
"1375","FRANK CREEK","2023081919",0,21.5,26,6.5,75,8.3,93.496,9.759,36.733,,,,,,,,,,,,,,,,,,,,844,,
"1375","FRANK CREEK","2023081920",0,21,24,4.4,22,11.5,93.547,8.84,34.418,,,,,,,,,,,,,,,,,,,,844,,
"1375","FRANK CREEK","2023081921",0,19.9,27,5.4,20,14.8,93.56,9.315,35.628,,,,,,,,,,,,,,,,,,,,844,,
"1375","FRANK CREEK","2023081922",0,20,28,7.9,18,11.8,93.55,10.55,38.651,,,,,,,,,,,,,,,,,,,,844,,
"1375","FRANK CREEK","2023081923",0,18.2,32,8,353,16.6,93.433,10.432,38.368,,,,,,,,,,,,,,,,,,,,844,,
"1377","FORRESTKERR","2023081900",0,12.2,78,5.9,308,12.4,72.073,0.904,0.732,,,,,,,,,,,,,,,,,,,,3949.2,,
"1377","FORRESTKERR","2023081901",0,9.3,91,6.3,97,11.9,72.234,0.928,0.752,,,,,,,,,,,,,,,,,,,,3949.2,,
"1377","FORRESTKERR","2023081902",0,8.3,93,4.5,95,8.5,72.336,0.851,0.689,,,,,,,,,,,,,,,,,,,,3949.2,,
"1377","FORRESTKERR","2023081903",0,7.5,94,4.1,86,8.8,72.416,0.836,0.678,,,,,,,,,,,,,,,,,,,,3949.2,,
"1377","FORRESTKERR","2023081904",0,7,95,1.5,166,8.2,72.475,0.735,0.596,,,,,,,,,,,,,,,,,,,,3949.2,,
"1377","FORRESTKERR","2023081905",0,6.9,96,2.3,100,6.8,72.526,0.767,0.621,,,,,,,,,,,,,,,,,,,,3949.2,,
"1377","FORRESTKERR","2023081906",0,7.8,96,0,119,5.1,72.574,0.684,0.554,,,,,,,,,,,,,,,,,,,,3949.2,,
"1377","FORRESTKERR","2023081907",0,9.1,94,0,119,2,72.634,0.686,0.556,,,,,,,,,,,,,,,,,,,,3949.2,,
"1377","FORRESTKERR","2023081908",0,10.5,87,2.2,99,4.2,72.839,0.773,0.626,,,,,,,,,,,,,,,,,,,,3949.2,,
"1377","FORRESTKERR","2023081909",0,12,82,2.2,264,5.9,73.161,0.783,0.634,,,,,,,,,,,,,,,,,,,,3949.2,,
"1377","FORRESTKERR","2023081910",0,13.5,74,7.5,256,14.5,73.809,1.052,0.853,,,,,,,,,,,,,,,,,,,,3949.2,,
"1377","FORRESTKERR","2023081911",0,16,63,11.8,245,20.9,74.898,1.38,1.469,,,,,,,,,,,,,,,,,,,,3949.2,,
"1377","FORRESTKERR","2023081912",0,16.5,63,10.6,210,24.5,75.887,1.377,1.461,1.6,76.24,1.409,1.664,9.568,327.053,17.831,2,,,,,,,,,,,,3949.2,,
"1377","FORRESTKERR","2023081913",0,17.4,60,12.8,222,28.6,76.953,1.654,2.178,,,,,,,,,,,,,,,,,,,,3949.2,,
"1377","FORRESTKERR","2023081914",0,18,57,12.6,218,27.3,78.02,1.781,2.426,,,,,,,,,,,,,,,,,,,,3949.2,,
"1377","FORRESTKERR","2023081915",0,19.2,53,12.8,237,29.2,79.152,1.991,2.82,,,,,,,,,,,,,,,,,,,,3949.2,,
"1377","FORRESTKERR","2023081916",0,19.8,52,13.5,234,25.8,80.222,2.298,3.368,,,,,,,,,,,,,,,,,,,,3949.2,,
"1377","FORRESTKERR","2023081917",0,20,51,12.7,244,26.8,81.186,2.456,3.638,,,,,,,,,,,,,,,,,,,,3949.2,,
"1377","FORRESTKERR","2023081918",0,18.9,56,12.5,253,26.9,81.84,2.625,3.923,,,,,,,,,,,,,,,,,,,,3949.2,,
"1377","FORRESTKERR","2023081919",0,16.7,61,10.2,246,23.7,82.21,2.445,3.62,,,,,,,,,,,,,,,,,,,,3949.2,,
"1377","FORRESTKERR","2023081920",0,15.4,65,9.5,251,23.8,82.429,2.425,3.586,,,,,,,,,,,,,,,,,,,,3949.2,,
"1377","FORRESTKERR","2023081921",0,14.1,72,10.4,274,21.7,82.486,2.556,3.807,,,,,,,,,,,,,,,,,,,,3949.2,,
"1377","FORRESTKERR","2023081922",0,13.1,74,7.2,289,15.9,82.533,2.188,3.174,,,,,,,,,,,,,,,,,,,,3949.2,,
"1377","FORRESTKERR","2023081923",0,11.7,84,5.3,71,9.8,82.399,1.955,2.754,,,,,,,,,,,,,,,,,,,,3949.2,,
"1378","TS ATLUCK","2023081900",0,9.2,80,3.4,342,15.5,84.853,2.451,6.218,,,,,,,,,,,,,,,,,,,,14736.8,,
"1378","TS ATLUCK","2023081901",0,8.8,81,3.1,343,7.7,84.567,2.322,5.904,,,,,,,,,,,,,,,,,,,,14736.8,,
"1378","TS ATLUCK","2023081902",0,9.1,80,6.5,348,16.2,84.307,2.661,6.715,,,,,,,,,,,,,,,,,,,,14736.8,,
"1378","TS ATLUCK","2023081903",0,9,81,6.1,350,14.5,84.049,2.519,6.38,,,,,,,,,,,,,,,,,,,,14736.8,,
"1378","TS ATLUCK","2023081904",0,8.9,83,5.4,356,13.9,83.764,2.341,5.951,,,,,,,,,,,,,,,,,,,,14736.8,,
"1378","TS ATLUCK","2023081905",0,8.6,87,1.4,341,11.3,83.43,1.832,4.657,,,,,,,,,,,,,,,,,,,,14736.8,,
"1378","TS ATLUCK","2023081906",0,8.6,89,1.5,307,8.7,83.054,1.754,4.448,,,,,,,,,,,,,,,,,,,,14736.8,,
"1378","TS ATLUCK","2023081907",0,9,89,0.6,187,10.8,82.736,1.609,4.055,,,,,,,,,,,,,,,,,,,,14736.8,,
"1378","TS ATLUCK","2023081908",0,11.4,78,6,347,10.1,82.747,2.116,5.391,,,,,,,,,,,,,,,,,,,,14736.8,,
"1378","TS ATLUCK","2023081909",0,13.9,69,8.8,324,15.2,82.823,2.46,6.238,,,,,,,,,,,,,,,,,,,,14736.8,,
"1378","TS ATLUCK","2023081910",0,16.4,61,7.1,307,16.7,83.069,2.33,5.923,,,,,,,,,,,,,,,,,,,,14736.8,,
"1378","TS ATLUCK","2023081911",0,18.6,56,9.1,298,18.2,83.463,2.712,6.834,,,,,,,,,,,,,,,,,,,,14736.8,,
"1378","TS ATLUCK","2023081912",0,19.9,50,12.9,315,23.6,84.034,3.541,8.675,0,87.334,5.604,13.233,25.63,305.548,42.374,3,,,,,,,,,,,,14736.8,,
"1378","TS ATLUCK","2023081913",0,21.8,45,11.3,307,27.3,84.735,3.591,9.196,,,,,,,,,,,,,,,,,,,,14736.8,,
"1378","TS ATLUCK","2023081914",0,21.9,44,13.9,318,27.2,85.395,4.483,11.067,,,,,,,,,,,,,,,,,,,,14736.8,,
"1378","TS ATLUCK","2023081915",0,22,40,17.6,323,35.4,86.119,5.978,13.917,,,,,,,,,,,,,,,,,,,,14736.8,,
"1378","TS ATLUCK","2023081916",0,21.9,44,20.1,317,42,86.603,7.26,16.15,,,,,,,,,,,,,,,,,,,,14736.8,,
"1378","TS ATLUCK","2023081917",0,21,46,20.4,315,34.4,86.912,7.701,16.882,,,,,,,,,,,,,,,,,,,,14736.8,,
"1378","TS ATLUCK","2023081918",0,19.7,48,19.9,320,30.9,87.073,7.682,16.852,,,,,,,,,,,,,,,,,,,,14736.8,,
"1378","TS ATLUCK","2023081919",0,17.3,56,17.5,324,31.5,87.121,6.855,15.463,,,,,,,,,,,,,,,,,,,,14736.8,,
"1378","TS ATLUCK","2023081920",0,15.2,62,7.3,327,28.1,87.046,4.056,10.19,,,,,,,,,,,,,,,,,,,,14736.8,,
"1378","TS ATLUCK","2023081921",0,14.4,63,12.4,334,28.3,86.933,5.161,12.398,,,,,,,,,,,,,,,,,,,,14736.8,,
"1378","TS ATLUCK","2023081922",0,13,72,13,325,20.8,86.595,5.071,12.225,,,,,,,,,,,,,,,,,,,,14736.8,,
"1378","TS ATLUCK","2023081923",0,12.1,75,6.5,319,22.2,86.259,3.485,8.962,,,,,,,,,,,,,,,,,,,,14736.8,,
"1383","CHEF CREEK TEST","2023081900",0,11.1,67,3.4,315,12.2,87.192,3.403,12.002,,,,,,,,,,,,,,,,,,,,9041.2,,
"1383","CHEF CREEK TEST","2023081901",0,9.7,80,2.5,357,8.2,86.716,3.039,10.951,,,,,,,,,,,,,,,,,,,,9041.2,,
"1383","CHEF CREEK TEST","2023081902",0,10.5,69,2.5,313,14.8,86.526,2.958,10.712,,,,,,,,,,,,,,,,,,,,9041.2,,
"1383","CHEF CREEK TEST","2023081903",0,10.4,72,2.1,6,16.7,86.302,2.809,10.262,,,,,,,,,,,,,,,,,,,,9041.2,,
"1383","CHEF CREEK TEST","2023081904",0,10.6,73,4.2,327,17.6,86.057,3.017,10.885,,,,,,,,,,,,,,,,,,,,9041.2,,
"1383","CHEF CREEK TEST","2023081905",0,9.3,80,2.6,353,20,85.69,2.643,9.753,,,,,,,,,,,,,,,,,,,,9041.2,,
"1383","CHEF CREEK TEST","2023081906",0,10.4,76,2.1,44,9.6,85.461,2.497,9.294,,,,,,,,,,,,,,,,,,,,9041.2,,
"1383","CHEF CREEK TEST","2023081907",0,10.9,75,3,16,12.4,85.269,2.544,9.443,,,,,,,,,,,,,,,,,,,,9041.2,,
"1383","CHEF CREEK TEST","2023081908",0,13.5,67,3.4,44,9.1,85.281,2.6,9.619,,,,,,,,,,,,,,,,,,,,9041.2,,
"1383","CHEF CREEK TEST","2023081909",0,15.7,60,5.9,35,13.4,85.329,2.969,10.743,,,,,,,,,,,,,,,,,,,,9041.2,,
"1383","CHEF CREEK TEST","2023081910",0,16.9,59,5.9,34,12.1,85.377,2.988,10.801,,,,,,,,,,,,,,,,,,,,9041.2,,
"1383","CHEF CREEK TEST","2023081911",0,17.4,60,5.2,38,11.5,85.425,2.904,10.55,,,,,,,,,,,,,,,,,,,,9041.2,,
"1383","CHEF CREEK TEST","2023081912",0,18.8,58,6.2,47,9.8,85.511,3.091,11.104,0,87.884,4.325,14.767,46.593,446.02,73.89,4,,,,,,,,,,,,9041.2,,
"1383","CHEF CREEK TEST","2023081913",0,18.9,59,5.1,28,10.2,85.571,2.949,10.899,,,,,,,,,,,,,,,,,,,,9041.2,,
"1383","CHEF CREEK TEST","2023081914",0,19.9,56,4.3,24,9.7,85.696,2.882,10.696,,,,,,,,,,,,,,,,,,,,9041.2,,
"1383","CHEF CREEK TEST","2023081915",0,19.9,56,2.8,38,7,85.804,2.713,10.173,,,,,,,,,,,,,,,,,,,,9041.2,,
"1383","CHEF CREEK TEST","2023081916",0,20.7,51,3.6,20,9.9,86.017,2.91,10.782,,,,,,,,,,,,,,,,,,,,9041.2,,
"1383","CHEF CREEK TEST","2023081917",0,20.4,43,2.4,56,12.5,86.36,2.875,10.674,,,,,,,,,,,,,,,,,,,,9041.2,,
"1383","CHEF CREEK TEST","2023081918",0,19.1,44,2.4,346,12.5,86.61,2.978,10.989,,,,,,,,,,,,,,,,,,,,9041.2,,
"1383","CHEF CREEK TEST","2023081919",0,17.4,50,3.2,280,9.7,86.689,3.136,11.459,,,,,,,,,,,,,,,,,,,,9041.2,,
"1383","CHEF CREEK TEST","2023081920",0,16.9,46,2.7,294,12.3,86.821,3.116,11.399,,,,,,,,,,,,,,,,,,,,9041.2,,
"1383","CHEF CREEK TEST","2023081921",0,17,47,3.7,320,14.4,86.926,3.326,12.017,,,,,,,,,,,,,,,,,,,,9041.2,,
"1383","CHEF CREEK TEST","2023081922",0,17.1,40,2.3,26,18.5,87.151,3.2,11.65,,,,,,,,,,,,,,,,,,,,9041.2,,
"1383","CHEF CREEK TEST","2023081923",0,16.7,40,2.1,348,15.3,87.343,3.256,11.813,,,,,,,,,,,,,,,,,,,,9041.2,,
"1387","PLUMMER HUT","2023081900",0,0.1,70,3.4,350,19.8,,,,,,,,,,,,,0,,,,,,,,,,10362.2,,
"1387","PLUMMER HUT","2023081901",0,0,70,2.4,348,11.9,,,,,,,,,,,,,0,,,,,,,,,,10362.2,,
"1387","PLUMMER HUT","2023081902",0,-0.1,71,0,16,12.3,,,,,,,,,,,,,0,,,,,,,,,,10362.2,,
"1387","PLUMMER HUT","2023081903",0,0,70,2.9,348,9.2,,,,,,,,,,,,,0,,,,,,,,,,10362.2,,
"1387","PLUMMER HUT","2023081904",0,-0.6,70,2.6,352,7.9,,,,,,,,,,,,,0,,,,,,,,,,10362.2,,
"1387","PLUMMER HUT","2023081905",0,-0.4,69,2.1,5,7.7,,,,,,,,,,,,,0,,,,,,,,,,10362.2,,
"1387","PLUMMER HUT","2023081906",0,-0.4,68,1.1,2,9,,,,,,,,,,,,,0,,,,,,,,,,10362.2,,
"1387","PLUMMER HUT","2023081907",0,0.3,64,0.6,355,9,,,,,,,,,,,,,0,,,,,,,,,,10362.2,,
"1387","PLUMMER HUT","2023081908",0,1,64,0.1,162,9.3,,,,,,,,,,,,,0,,,,,,,,,,10362.2,,
"1387","PLUMMER HUT","2023081909",0,2.1,61,0,75,4.6,,,,,,,,,,,,,0,,,,,,,,,,10362.2,,
"1387","PLUMMER HUT","2023081910",0,2.4,51,1.6,163,10.1,,,,,,,,,,,,,0,,,,,,,,,,10362.2,,
"1387","PLUMMER HUT","2023081911",0,1.8,59,2.6,120,6.5,,,,,,,,,,,,,0,,,,,,,,,,10362.2,,
"1387","PLUMMER HUT","2023081912",0,2.9,53,1,125,12.1,,,,0,,,,,,,,,0,,,,,,,,,,10362.2,,
"1387","PLUMMER HUT","2023081913",0,2.3,51,8.8,349,13.9,,,,,,,,,,,,,0,,,,,,,,,,10362.2,,
"1387","PLUMMER HUT","2023081914",0,4.8,45,1.6,347,19.1,,,,,,,,,,,,,0,,,,,,,,,,10362.2,,
"1387","PLUMMER HUT","2023081915",0,3.9,46,12.2,351,21.7,,,,,,,,,,,,,0,,,,,,,,,,10362.2,,
"1387","PLUMMER HUT","2023081916",0,5.6,42,3.8,337,20.5,,,,,,,,,,,,,0,,,,,,,,,,10362.2,,
"1387","PLUMMER HUT","2023081917",0,6.4,39,1,335,14.1,,,,,,,,,,,,,0,,,,,,,,,,10362.2,,
"1387","PLUMMER HUT","2023081918",0,4.9,44,5.5,341,17.1,,,,,,,,,,,,,0,,,,,,,,,,10362.2,,
"1387","PLUMMER HUT","2023081919",0,4.2,47,1.3,343,15.3,,,,,,,,,,,,,0,,,,,,,,,,10362.2,,
"1387","PLUMMER HUT","2023081920",0,3.6,50,1.1,2,10.8,,,,,,,,,,,,,0,,,,,,,,,,10362.2,,
"1387","PLUMMER HUT","2023081921",0,3.6,49,0.6,311,12.2,,,,,,,,,,,,,0,,,,,,,,,,10362.2,,
"1387","PLUMMER HUT","2023081922",0,2.9,52,1,13,12.9,,,,,,,,,,,,,0,,,,,,,,,,10362.2,,
"1387","PLUMMER HUT","2023081923",0,2.2,55,3,352,9.6,,,,,,,,,,,,,0,,,,,,,,,,10362.2,,
"1392","MCNULTY EXT","2023081900",0,8,51,10.2,63,20.1,88.024,5.399,20.546,,,,,,,,,,,,,,,,,,,,1290.6,,
"1392","MCNULTY EXT","2023081901",0,2.6,72,0.2,28,12.5,87.729,3.127,13.646,,,,,,,,,,,,,,,,,,,,1290.6,,
"1392","MCNULTY EXT","2023081902",0,-1.3,86,3.3,77,5.9,87.121,3.352,14.402,,,,,,,,,,,,,,,,,,,,1290.6,,
"1392","MCNULTY EXT","2023081903",0,-1.8,87,0,87,5.7,86.682,2.666,12.029,,,,,,,,,,,,,,,,,,,,1290.6,,
"1392","MCNULTY EXT","2023081904",0,-2.9,91,2.1,70,5.8,86.057,2.713,12.2,,,,,,,,,,,,,,,,,,,,1290.6,,
"1392","MCNULTY EXT","2023081905",0,-3.3,92,0.1,46,6.4,85.544,2.283,10.605,,,,,,,,,,,,,,,,,,,,1290.6,,
"1392","MCNULTY EXT","2023081906",0,-0.9,87,0.4,258,3,85.145,2.193,10.258,,,,,,,,,,,,,,,,,,,,1290.6,,
"1392","MCNULTY EXT","2023081907",0,7.3,60,1.5,65,6.2,85.192,2.334,10.796,,,,,,,,,,,,,,,,,,,,1290.6,,
"1392","MCNULTY EXT","2023081908",0,11.5,40,4,155,10.3,85.469,2.75,12.332,,,,,,,,,,,,,,,,,,,,1290.6,,
"1392","MCNULTY EXT","2023081909",0,13.1,36,5.7,260,11.7,85.854,3.162,13.765,,,,,,,,,,,,,,,,,,,,1290.6,,
"1392","MCNULTY EXT","2023081910",0,15.4,28,5.9,234,20.1,86.47,3.483,14.835,,,,,,,,,,,,,,,,,,,,1290.6,,
"1392","MCNULTY EXT","2023081911",0,15.7,29,8.9,56,22,87.033,4.388,17.658,,,,,,,,,,,,,,,,,,,,1290.6,,
"1392","MCNULTY EXT","2023081912",0,17.1,26,6.9,107,21.7,87.647,4.331,17.487,0,93.251,9.622,31.234,66.827,581.583,103.829,4,,,,,,,,,,,,1290.6,,
"1392","MCNULTY EXT","2023081913",0,18.7,25,3.7,272,21.7,88.231,4.008,16.809,,,,,,,,,,,,,,,,,,,,1290.6,,
"1392","MCNULTY EXT","2023081914",0,19.1,22,5.6,29,20.4,88.883,4.844,19.331,,,,,,,,,,,,,,,,,,,,1290.6,,
"1392","MCNULTY EXT","2023081915",0,17.6,25,8.7,63,25.5,89.326,6.034,22.638,,,,,,,,,,,,,,,,,,,,1290.6,,
"1392","MCNULTY EXT","2023081916",0,17.5,25,15.1,88,25.2,89.74,8.84,29.496,,,,,,,,,,,,,,,,,,,,1290.6,,
"1392","MCNULTY EXT","2023081917",0,16.3,30,13.7,61,23,89.892,8.419,28.535,,,,,,,,,,,,,,,,,,,,1290.6,,
"1392","MCNULTY EXT","2023081918",0,14.2,34,10.3,74,22,89.941,7.144,25.486,,,,,,,,,,,,,,,,,,,,1290.6,,
"1392","MCNULTY EXT","2023081919",0,11.6,43,9.8,59,15.3,89.874,6.899,24.875,,,,,,,,,,,,,,,,,,,,1290.6,,
"1392","MCNULTY EXT","2023081920",0,6.8,58,2.4,52,13,89.593,4.564,18.508,,,,,,,,,,,,,,,,,,,,1290.6,,
"1392","MCNULTY EXT","2023081921",0,3.1,70,0.1,195,6.1,89.236,3.862,16.346,,,,,,,,,,,,,,,,,,,,1290.6,,
"1392","MCNULTY EXT","2023081922",0,1,78,1.5,67,4.8,88.719,3.847,16.3,,,,,,,,,,,,,,,,,,,,1290.6,,
"1392","MCNULTY EXT","2023081923",0,-0.5,82,3.7,72,7.5,88.116,3.943,16.602,,,,,,,,,,,,,,,,,,,,1290.6,,
"1398","TS NAHMINT","2023081900",0,12.8,75,0.1,32,3.2,86.878,2.755,11.145,,,,,,,,,,,,,,,,,,,,13486.6,,
"1398","TS NAHMINT","2023081901",0,13,68,6.8,43,7.7,86.679,3.754,14.247,,,,,,,,,,,,,,,,,,,,13486.6,,
"1398","TS NAHMINT","2023081902",0,12.9,71,4.3,48,7.7,86.453,3.205,12.587,,,,,,,,,,,,,,,,,,,,13486.6,,
"1398","TS NAHMINT","2023081903",0,11.8,74,2.4,25,6.2,86.197,2.81,11.323,,,,,,,,,,,,,,,,,,,,13486.6,,
"1398","TS NAHMINT","2023081904",0,11.5,75,5.2,51,6.6,85.914,3.109,12.285,,,,,,,,,,,,,,,,,,,,13486.6,,
"1398","TS NAHMINT","2023081905",0,10.9,79,1.3,292,5.3,85.611,2.449,10.11,,,,,,,,,,,,,,,,,,,,13486.6,,
"1398","TS NAHMINT","2023081906",0,11.5,76,3.4,57,5.9,85.382,2.637,10.749,,,,,,,,,,,,,,,,,,,,13486.6,,
"1398","TS NAHMINT","2023081907",0,13.4,68,2.2,47,9.2,85.366,2.476,10.206,,,,,,,,,,,,,,,,,,,,13486.6,,
"1398","TS NAHMINT","2023081908",0,17.2,54,0.9,207,4.2,85.482,2.357,9.792,,,,,,,,,,,,,,,,,,,,13486.6,,
"1398","TS NAHMINT","2023081909",0,18.4,55,4.2,240,11.8,85.606,2.832,11.395,,,,,,,,,,,,,,,,,,,,13486.6,,
"1398","TS NAHMINT","2023081910",0,19.4,50,7,240,14,85.851,3.374,13.109,,,,,,,,,,,,,,,,,,,,13486.6,,
"1398","TS NAHMINT","2023081911",0,22.2,42,5.8,230,13.3,86.342,3.404,13.198,,,,,,,,,,,,,,,,,,,,13486.6,,
"1398","TS NAHMINT","2023081912",0,23.3,31,5.4,266,15.1,87.142,3.736,14.194,0,92.403,7.921,25.306,57.419,483.364,88.543,4,,,,,,,,,,,,13486.6,,
"1398","TS NAHMINT","2023081913",0,24.5,26,2.7,267,13.4,87.993,3.683,14.46,,,,,,,,,,,,,,,,,,,,13486.6,,
"1398","TS NAHMINT","2023081914",0,25.7,23,6,281,18.3,88.978,5.01,18.235,,,,,,,,,,,,,,,,,,,,13486.6,,
"1398","TS NAHMINT","2023081915",0,25.3,23,9.1,247,21.2,89.829,6.618,22.302,,,,,,,,,,,,,,,,,,,,13486.6,,
"1398","TS NAHMINT","2023081916",0,25.6,21,6.1,312,21.3,90.591,6.344,21.642,,,,,,,,,,,,,,,,,,,,13486.6,,
"1398","TS NAHMINT","2023081917",0,24.8,26,7.1,262,15.6,91.003,7.076,23.385,,,,,,,,,,,,,,,,,,,,13486.6,,
"1398","TS NAHMINT","2023081918",0,24.4,26,7.6,274,20.2,91.335,7.607,24.604,,,,,,,,,,,,,,,,,,,,13486.6,,
"1398","TS NAHMINT","2023081919",0,21.3,37,1.7,99,13.3,91.385,5.691,20.016,,,,,,,,,,,,,,,,,,,,13486.6,,
"1398","TS NAHMINT","2023081920",0,20.5,36,9.2,64,14,91.435,8.365,26.28,,,,,,,,,,,,,,,,,,,,13486.6,,
"1398","TS NAHMINT","2023081921",0,18.9,42,6.8,61,11.5,91.337,7.309,23.925,,,,,,,,,,,,,,,,,,,,13486.6,,
"1398","TS NAHMINT","2023081922",0,18.2,41,9.4,44,13.4,91.252,8.233,25.993,,,,,,,,,,,,,,,,,,,,13486.6,,
"1398","TS NAHMINT","2023081923",0,17,45,5,59,10.2,91.099,6.453,21.906,,,,,,,,,,,,,,,,,,,,13486.6,,
"1399","MERRITT 2 HUB","2023081900",0,12.6,53,3,359,6.8,91.847,6.488,26.873,,,,,,,,,,,,,,,,,,,,,,
"1399","MERRITT 2 HUB","2023081901",0,11.8,53,6.5,197,9.7,91.428,7.293,29.111,,,,,,,,,,,,,,,,,,,,,,
"1399","MERRITT 2 HUB","2023081902",0,10.7,58,5.8,189,12,90.958,6.585,27.149,,,,,,,,,,,,,,,,,,,,,,
"1399","MERRITT 2 HUB","2023081903",0,9.6,64,6.4,182,9.1,90.405,6.272,26.252,,,,,,,,,,,,,,,,,,,,,,
"1399","MERRITT 2 HUB","2023081904",0,7.9,69,4.3,343,9.1,89.846,5.208,23.055,,,,,,,,,,,,,,,,,,,,,,
"1399","MERRITT 2 HUB","2023081905",0,6.4,72,8,204,9.7,89.228,5.743,24.695,,,,,,,,,,,,,,,,,,,,,,
"1399","MERRITT 2 HUB","2023081906",0,6.5,71,6,178,10.2,88.718,4.826,21.843,,,,,,,,,,,,,,,,,,,,,,
"1399","MERRITT 2 HUB","2023081907",0,10.3,60,3.4,169,7.9,88.495,4.1,19.42,,,,,,,,,,,,,,,,,,,,,,
"1399","MERRITT 2 HUB","2023081908",0,12.8,49,5.3,88,9.1,88.486,4.506,20.794,,,,,,,,,,,,,,,,,,,,,,
"1399","MERRITT 2 HUB","2023081909",0,15.7,43,5.5,156,10.8,88.535,4.584,21.052,,,,,,,,,,,,,,,,,,,,,,
"1399","MERRITT 2 HUB","2023081910",0,18.3,35,6.4,122,15.4,88.745,4.944,22.219,,,,,,,,,,,,,,,,,,,,,,
"1399","MERRITT 2 HUB","2023081911",0,21,27,7.1,109,12.5,89.256,5.511,23.99,,,,,,,,,,,,,,,,,,,,,,
"1399","MERRITT 2 HUB","2023081912",0,23.5,24,11.5,200,18.3,89.952,7.601,29.937,0,94.154,13.755,44.652,91.795,842.155,144.275,4,,,,,,,,,,,,,,
"1399","MERRITT 2 HUB","2023081913",0,24.3,22,6.6,151,21.2,90.597,6.512,27.251,,,,,,,,,,,,,,,,,,,,,,
"1399","MERRITT 2 HUB","2023081914",0,24.8,20,11.4,32,17.2,91.293,9.159,34.296,,,,,,,,,,,,,,,,,,,,,,
"1399","MERRITT 2 HUB","2023081915",0,25.5,18,9.9,74,20.6,91.975,9.354,34.778,,,,,,,,,,,,,,,,,,,,,,
"1399","MERRITT 2 HUB","2023081916",0,24.8,16,10.9,57,24.6,92.603,10.748,38.095,,,,,,,,,,,,,,,,,,,,,,
"1399","MERRITT 2 HUB","2023081917",0,23.7,16,12.5,88,23.5,93.079,12.456,41.908,,,,,,,,,,,,,,,,,,,,,,
"1399","MERRITT 2 HUB","2023081918",0,22.2,20,10.6,27,24.1,93.233,11.564,39.949,,,,,,,,,,,,,,,,,,,,,,
"1399","MERRITT 2 HUB","2023081919",0,20.2,22,9.3,59,14.3,93.283,10.908,38.464,,,,,,,,,,,,,,,,,,,,,,
"1399","MERRITT 2 HUB","2023081920",0,17.8,29,9.4,33,12.5,93.246,10.906,38.458,,,,,,,,,,,,,,,,,,,,,,
"1399","MERRITT 2 HUB","2023081921",0,15.5,35,4.2,165,9.1,93.096,8.218,31.908,,,,,,,,,,,,,,,,,,,,,,
"1399","MERRITT 2 HUB","2023081922",0,12.5,40,6.3,195,9.1,92.826,8.796,33.389,,,,,,,,,,,,,,,,,,,,,,
"1399","MERRITT 2 HUB","2023081923",0,12.1,46,6.3,187,10.2,92.459,8.354,32.259,,,,,,,,,,,,,,,,,,,,,,
"1408","TS BLACKWATER","2023081900",0,10.7,78,6.2,343,20,,,,,,,,,,,,,,,,,,,,,,,3422.9,,
"1408","TS BLACKWATER","2023081901",0,10.4,82,4.7,333,13.5,,,,,,,,,,,,,,,,,,,,,,,3422.9,,
"1408","TS BLACKWATER","2023081902",0,10.2,84,4.8,327,13.4,,,,,,,,,,,,,,,,,,,,,,,3422.9,,
"1408","TS BLACKWATER","2023081903",0,9.8,87,3.6,321,12.5,,,,,,,,,,,,,,,,,,,,,,,3422.9,,
"1408","TS BLACKWATER","2023081904",0,9.5,89,1.9,327,11.3,,,,,,,,,,,,,,,,,,,,,,,3422.9,,
"1408","TS BLACKWATER","2023081905",0,9.8,88,2.8,316,10.6,,,,,,,,,,,,,,,,,,,,,,,3422.9,,
"1408","TS BLACKWATER","2023081906",0,10.6,86,5,348,11.8,,,,,,,,,,,,,,,,,,,,,,,3422.9,,
"1408","TS BLACKWATER","2023081907",0,11.6,82,2.2,324,12.3,,,,,,,,,,,,,,,,,,,,,,,3422.9,,
"1408","TS BLACKWATER","2023081908",0,13.2,77,4,345,14,,,,,,,,,,,,,,,,,,,,,,,3422.9,,
"1408","TS BLACKWATER","2023081909",0,15.2,69,8.1,357,17.1,,,,,,,,,,,,,,,,,,,,,,,3422.9,,
"1408","TS BLACKWATER","2023081910",0,17.4,59,11.4,9,20.4,,,,,,,,,,,,,,,,,,,,,,,3422.9,,
"1408","TS BLACKWATER","2023081911",0,19.3,53,9.7,352,22,,,,,,,,,,,,,,,,,,,,,,,3422.9,,
"1408","TS BLACKWATER","2023081912",0,21.5,46,8.6,347,18.8,,,,0,,,,,,,,,,,,,,,,,,,3422.9,,
"1408","TS BLACKWATER","2023081913",0,22.9,39,11.7,360,22.1,,,,,,,,,,,,,,,,,,,,,,,3422.9,,
"1408","TS BLACKWATER","2023081914",0,24.5,37,9.2,5,19.7,,,,,,,,,,,,,,,,,,,,,,,3422.9,,
"1408","TS BLACKWATER","2023081915",0,24.3,37,8.9,347,21.5,,,,,,,,,,,,,,,,,,,,,,,3422.9,,
"1408","TS BLACKWATER","2023081916",0,24.5,34,8.5,353,16.9,,,,,,,,,,,,,,,,,,,,,,,3422.9,,
"1408","TS BLACKWATER","2023081917",0,23.7,38,7.1,349,18.1,,,,,,,,,,,,,,,,,,,,,,,3422.9,,
"1408","TS BLACKWATER","2023081918",0,20.6,42,6.5,333,16.2,,,,,,,,,,,,,,,,,,,,,,,3422.9,,
"1408","TS BLACKWATER","2023081919",0,18,51,4.8,337,18.1,,,,,,,,,,,,,,,,,,,,,,,3422.9,,
"1408","TS BLACKWATER","2023081920",0,16.4,54,5.2,341,14.1,,,,,,,,,,,,,,,,,,,,,,,3422.9,,
"1408","TS BLACKWATER","2023081921",0,15.2,62,9.2,348,19.7,,,,,,,,,,,,,,,,,,,,,,,3422.9,,
"1408","TS BLACKWATER","2023081922",0,14.2,65,7,340,22.1,,,,,,,,,,,,,,,,,,,,,,,3422.9,,
"1408","TS BLACKWATER","2023081923",0,13.1,73,6.4,327,19.3,,,,,,,,,,,,,,,,,,,,,,,3422.9,,
"1790","CARIBOO CREEK","2023081900",0,3.1,93,2.4,307,9.9,48.824,0.16,0.426,,,,,,,,,,,,,,,,,,,,918.8,,
"1790","CARIBOO CREEK","2023081901",0,2.3,94,2.6,336,5.7,49.112,0.167,0.446,,,,,,,,,,,,,,,,,,,,918.8,,
"1790","CARIBOO CREEK","2023081902",0,1.1,97,1.9,343,5.4,49.257,0.165,0.439,,,,,,,,,,,,,,,,,,,,918.8,,
"1790","CARIBOO CREEK","2023081903",0,1,98,2.8,336,6.2,49.372,0.175,0.466,,,,,,,,,,,,,,,,,,,,918.8,,
"1790","CARIBOO CREEK","2023081904",0,0.5,98,1.6,37,4.8,49.475,0.167,0.444,,,,,,,,,,,,,,,,,,,,918.8,,
"1790","CARIBOO CREEK","2023081905",0,0.3,100,0.8,14,4.1,49.511,0.161,0.428,,,,,,,,,,,,,,,,,,,,918.8,,
"1790","CARIBOO CREEK","2023081906",0,1,100,0.6,328,4.5,49.547,0.16,0.426,,,,,,,,,,,,,,,,,,,,918.8,,
"1790","CARIBOO CREEK","2023081907",0,4.8,89,0.4,41,3.3,49.935,0.166,0.442,,,,,,,,,,,,,,,,,,,,918.8,,
"1790","CARIBOO CREEK","2023081908",0,9,70,3.3,221,5.8,51.385,0.228,0.607,,,,,,,,,,,,,,,,,,,,918.8,,
"1790","CARIBOO CREEK","2023081909",0,12.9,58,3.6,189,9.3,53.494,0.29,0.772,,,,,,,,,,,,,,,,,,,,918.8,,
"1790","CARIBOO CREEK","2023081910",0,15.1,41,6.3,282,12.9,56.533,0.438,1.603,,,,,,,,,,,,,,,,,,,,918.8,,
"1790","CARIBOO CREEK","2023081911",0,16.5,37,7.2,212,18.4,59.748,0.579,2.517,,,,,,,,,,,,,,,,,,,,918.8,,
"1790","CARIBOO CREEK","2023081912",0,16.6,36,9.7,268,21.1,62.928,0.785,3.675,1.4,77.381,1.461,7.045,67.402,427.395,96.685,3,,,,,,,,,,,,918.8,,
"1790","CARIBOO CREEK","2023081913",0,17.7,35,11.5,277,22.2,66.101,0.982,4.792,,,,,,,,,,,,,,,,,,,,918.8,,
"1790","CARIBOO CREEK","2023081914",0,18.3,30,8.4,245,21.4,69.055,0.927,4.514,,,,,,,,,,,,,,,,,,,,918.8,,
"1790","CARIBOO CREEK","2023081915",0,19.2,30,7,238,16.6,71.735,0.944,4.599,,,,,,,,,,,,,,,,,,,,918.8,,
"1790","CARIBOO CREEK","2023081916",0,18.8,31,7.2,148,21,74.072,1.05,5.13,,,,,,,,,,,,,,,,,,,,918.8,,
"1790","CARIBOO CREEK","2023081917",0,17.7,33,7.2,149,15.2,75.998,1.168,5.704,,,,,,,,,,,,,,,,,,,,918.8,,
"1790","CARIBOO CREEK","2023081918",0,15,32,4.5,307,12.6,77.452,1.13,5.524,,,,,,,,,,,,,,,,,,,,918.8,,
"1790","CARIBOO CREEK","2023081919",0,10.6,48,6.9,358,9.2,78.244,1.362,6.601,,,,,,,,,,,,,,,,,,,,918.8,,
"1790","CARIBOO CREEK","2023081920",0,7,73,0.1,316,8.3,78.388,0.979,4.778,,,,,,,,,,,,,,,,,,,,918.8,,
"1790","CARIBOO CREEK","2023081921",0,5.7,65,3.3,332,6.5,78.654,1.178,5.75,,,,,,,,,,,,,,,,,,,,918.8,,
"1790","CARIBOO CREEK","2023081922",0,4,76,1.5,343,6.2,78.754,1.086,5.306,,,,,,,,,,,,,,,,,,,,918.8,,
"1790","CARIBOO CREEK","2023081923",0,3.6,79,3.2,316,6.4,78.826,1.191,5.81,,,,,,,,,,,,,,,,,,,,918.8,,
"1994","TERRACE AIRPORT QD","2023081900",0,14.4,67,7.6,285,12.6,88.66,5.188,15.261,,,,,,,,,,,,,,,,,,,,595,,
"1994","TERRACE AIRPORT QD","2023081901",0,12.8,75,0.8,35,11.6,88.205,3.45,11.062,,,,,,,,,,,,,,,,,,,,595,,
"1994","TERRACE AIRPORT QD","2023081902",0,11.9,80,0.2,17,3.6,87.71,3.118,10.177,,,,,,,,,,,,,,,,,,,,595,,
"1994","TERRACE AIRPORT QD","2023081903",0,11.2,83,0.4,338,6.6,87.167,2.915,9.617,,,,,,,,,,,,,,,,,,,,595,,
"1994","TERRACE AIRPORT QD","2023081904",0,11.5,83,5,308,12.2,86.546,3.365,10.837,,,,,,,,,,,,,,,,,,,,595,,
"1994","TERRACE AIRPORT QD","2023081905",0,9.8,88,0.1,327,4.1,85.988,2.43,8.222,,,,,,,,,,,,,,,,,,,,595,,
"1994","TERRACE AIRPORT QD","2023081906",0,9.5,89,0.1,326,10.6,85.446,2.252,7.688,,,,,,,,,,,,,,,,,,,,595,,
"1994","TERRACE AIRPORT QD","2023081907",0,11,82,1.7,331,7.3,85.102,2.328,7.918,,,,,,,,,,,,,,,,,,,,595,,
"1994","TERRACE AIRPORT QD","2023081908",0,13.5,69,3.1,356,12.6,85.094,2.496,8.417,,,,,,,,,,,,,,,,,,,,595,,
"1994","TERRACE AIRPORT QD","2023081909",0,15.5,60,3.5,354,14.1,85.142,2.563,8.615,,,,,,,,,,,,,,,,,,,,595,,
"1994","TERRACE AIRPORT QD","2023081910",0,17.5,57,4.1,359,12.2,85.247,2.681,8.955,,,,,,,,,,,,,,,,,,,,595,,
"1994","TERRACE AIRPORT QD","2023081911",0,19,52,4.9,283,14.1,85.468,2.878,9.513,,,,,,,,,,,,,,,,,,,,595,,
"1994","TERRACE AIRPORT QD","2023081912",0,21.6,43,4.9,296,12.2,85.948,3.077,10.065,0,89.653,5.222,15.874,38.809,501.418,65.034,3,,,,,,,,,,,,595,,
"1994","TERRACE AIRPORT QD","2023081913",0,24,33,2.5,48,17.3,86.701,3.032,10.324,,,,,,,,,,,,,,,,,,,,595,,
"1994","TERRACE AIRPORT QD","2023081914",0,24.7,30,9.6,248,16.2,87.628,4.949,15.24,,,,,,,,,,,,,,,,,,,,595,,
"1994","TERRACE AIRPORT QD","2023081915",0,25.8,26,9.8,267,19.1,88.627,5.769,17.107,,,,,,,,,,,,,,,,,,,,595,,
"1994","TERRACE AIRPORT QD","2023081916",0,25.7,26,11.2,270,21.3,89.463,6.98,19.684,,,,,,,,,,,,,,,,,,,,595,,
"1994","TERRACE AIRPORT QD","2023081917",0,26.6,25,4.9,296,17.5,90.154,5.611,16.756,,,,,,,,,,,,,,,,,,,,595,,
"1994","TERRACE AIRPORT QD","2023081918",0,25,30,12.1,277,18.1,90.527,8.506,22.683,,,,,,,,,,,,,,,,,,,,595,,
"1994","TERRACE AIRPORT QD","2023081919",0,23.7,35,7.6,247,21,90.605,6.856,19.429,,,,,,,,,,,,,,,,,,,,595,,
"1994","TERRACE AIRPORT QD","2023081920",0,20.4,46,5.4,235,14,90.543,6.083,17.794,,,,,,,,,,,,,,,,,,,,595,,
"1994","TERRACE AIRPORT QD","2023081921",0,19.5,42,6.1,88,14.6,90.554,6.311,18.286,,,,,,,,,,,,,,,,,,,,595,,
"1994","TERRACE AIRPORT QD","2023081922",0,17.9,52,5.2,172,17,90.337,5.847,17.279,,,,,,,,,,,,,,,,,,,,595,,
"1994","TERRACE AIRPORT QD","2023081923",0,17.1,58,2.9,246,16.5,90.034,4.986,15.326,,,,,,,,,,,,,,,,,,,,595,,
"2130","QD WISEMAN","2023081900",0,,0,0,,0,,,,,,,,,,,,,,,,,,,,,,,,,
"2130","QD WISEMAN","2023081901",0,,0,0,,0,,,,,,,,,,,,,,,,,,,,,,,,,
"2130","QD WISEMAN","2023081902",0,,0,0,,0,,,,,,,,,,,,,,,,,,,,,,,,,
"2130","QD WISEMAN","2023081903",0,,0,0,,0,,,,,,,,,,,,,,,,,,,,,,,,,
"2130","QD WISEMAN","2023081904",0,,0,0,,0,,,,,,,,,,,,,,,,,,,,,,,,,
"2130","QD WISEMAN","2023081905",0,,0,0,,0,,,,,,,,,,,,,,,,,,,,,,,,,
"2130","QD WISEMAN","2023081906",0,,0,0,,0,,,,,,,,,,,,,,,,,,,,,,,,,
"2130","QD WISEMAN","2023081907",0,,0,0,,0,,,,,,,,,,,,,,,,,,,,,,,,,
"2130","QD WISEMAN","2023081908",0,,0,0,,0,,,,,,,,,,,,,,,,,,,,,,,,,
"2130","QD WISEMAN","2023081909",0,,0,0,,0,,,,,,,,,,,,,,,,,,,,,,,,,
"2130","QD WISEMAN","2023081910",0,,0,0,,0,,,,,,,,,,,,,,,,,,,,,,,,,
"2130","QD WISEMAN","2023081911",0,,0,0,,0,,,,,,,,,,,,,,,,,,,,,,,,,
"2130","QD WISEMAN","2023081912",0,,0,0,,0,,,,0,,,,,,,,,,,,,,,,,,,,,
"2130","QD WISEMAN","2023081913",0,,0,0,,0,,,,,,,,,,,,,,,,,,,,,,,,,
"2130","QD WISEMAN","2023081914",0,,0,0,,0,,,,,,,,,,,,,,,,,,,,,,,,,
"2130","QD WISEMAN","2023081915",0,,0,0,,0,,,,,,,,,,,,,,,,,,,,,,,,,
"2130","QD WISEMAN","2023081916",0,,0,0,,0,,,,,,,,,,,,,,,,,,,,,,,,,
"2130","QD WISEMAN","2023081917",0,,0,0,,0,,,,,,,,,,,,,,,,,,,,,,,,,
"2130","QD WISEMAN","2023081918",0,,0,0,,0,,,,,,,,,,,,,,,,,,,,,,,,,
"2130","QD WISEMAN","2023081919",0,,0,0,,0,,,,,,,,,,,,,,,,,,,,,,,,,
"2130","QD WISEMAN","2023081920",0,,0,0,,0,,,,,,,,,,,,,,,,,,,,,,,,,
"2130","QD WISEMAN","2023081921",0,,0,0,,0,,,,,,,,,,,,,,,,,,,,,,,,,
"2130","QD WISEMAN","2023081922",0,,0,0,,0,,,,,,,,,,,,,,,,,,,,,,,,,
"2130","QD WISEMAN","2023081923",0,,0,0,,0,,,,,,,,,,,,,,,,,,,,,,,,,
"2170","INKANEEP 2 EXT","2023081900",0,11,38,5.3,23,16.4,92.57,8.069,32.181,,,,,,,,,,,,,,,,,,,,400,,
"2170","INKANEEP 2 EXT","2023081901",0,10.6,40,6.9,24,19,92.332,8.458,33.21,,,,,,,,,,,,,,,,,,,,400,,
"2170","INKANEEP 2 EXT","2023081902",0,10.7,36,15.2,14,31.2,92.146,12.518,42.888,,,,,,,,,,,,,,,,,,,,400,,
"2170","INKANEEP 2 EXT","2023081903",0,10.6,35,8.4,14,29.2,92.024,8.733,33.923,,,,,,,,,,,,,,,,,,,,400,,
"2170","INKANEEP 2 EXT","2023081904",0,10.5,37,8.9,24,27.1,91.873,8.767,34.01,,,,,,,,,,,,,,,,,,,,400,,
"2170","INKANEEP 2 EXT","2023081905",0,6.8,50,5.6,126,26.5,91.522,7.064,29.424,,,,,,,,,,,,,,,,,,,,400,,
"2170","INKANEEP 2 EXT","2023081906",0,6.6,54,6.8,85,17.6,91.115,7.083,29.478,,,,,,,,,,,,,,,,,,,,400,,
"2170","INKANEEP 2 EXT","2023081907",0,10,44,0.9,13,12.2,90.985,5.164,23.703,,,,,,,,,,,,,,,,,,,,400,,
"2170","INKANEEP 2 EXT","2023081908",0,13.5,42,4.6,216,9.6,90.881,6.131,26.71,,,,,,,,,,,,,,,,,,,,400,,
"2170","INKANEEP 2 EXT","2023081909",0,14.6,36,11.6,271,17.9,90.889,8.734,33.925,,,,,,,,,,,,,,,,,,,,400,,
"2170","INKANEEP 2 EXT","2023081910",0,16,34,12.1,257,23.5,90.939,9.021,34.658,,,,,,,,,,,,,,,,,,,,400,,
"2170","INKANEEP 2 EXT","2023081911",0,17.4,31,10.7,243,23.1,90.989,8.466,33.231,,,,,,,,,,,,,,,,,,,,400,,
"2170","INKANEEP 2 EXT","2023081912",0,17.3,29,7,234,20.7,91.039,7.077,29.46,0,93.641,10.212,37.782,113.852,651.087,158.44,4,,,,,,,,,,,,400,,
"2170","INKANEEP 2 EXT","2023081913",0,18,27,6.3,237,16.9,91.136,6.926,29.182,,,,,,,,,,,,,,,,,,,,400,,
"2170","INKANEEP 2 EXT","2023081914",0,18.5,25,8.5,228,18.9,91.297,7.918,31.936,,,,,,,,,,,,,,,,,,,,400,,
"2170","INKANEEP 2 EXT","2023081915",0,18.7,24,8.2,256,20.6,91.472,7.996,32.146,,,,,,,,,,,,,,,,,,,,400,,
"2170","INKANEEP 2 EXT","2023081916",0,18.2,23,6.1,246,16.5,91.637,7.363,30.414,,,,,,,,,,,,,,,,,,,,400,,
"2170","INKANEEP 2 EXT","2023081917",0,16.9,26,10,336,16.8,91.687,9.026,34.841,,,,,,,,,,,,,,,,,,,,400,,
"2170","INKANEEP 2 EXT","2023081918",0,15.7,30,7.1,358,16,91.737,7.854,31.764,,,,,,,,,,,,,,,,,,,,400,,
"2170","INKANEEP 2 EXT","2023081919",0,11.3,41,4.3,54,13.4,91.575,6.665,28.429,,,,,,,,,,,,,,,,,,,,400,,
"2170","INKANEEP 2 EXT","2023081920",0,9.2,42,6,71,10,91.384,7.068,29.584,,,,,,,,,,,,,,,,,,,,400,,
"2170","INKANEEP 2 EXT","2023081921",0,8.2,47,7.4,100,12.2,91.108,7.292,30.216,,,,,,,,,,,,,,,,,,,,400,,
"2170","INKANEEP 2 EXT","2023081922",0,7.3,53,8.8,79,10.9,90.734,7.419,30.571,,,,,,,,,,,,,,,,,,,,400,,
"2170","INKANEEP 2 EXT","2023081923",0,6.6,56,9.6,82,12.7,90.332,7.293,30.219,,,,,,,,,,,,,,,,,,,,400,,
"2450","BIGATTINI","2023081900",0,6,52,3.1,171,10.8,91.998,6.662,28.298,,,,,,,,,,,,,,,,,,,,,,
"2450","BIGATTINI","2023081901",0,5.4,55,5.7,307,10.2,91.553,7.13,29.636,,,,,,,,,,,,,,,,,,,,,,
"2450","BIGATTINI","2023081902",0,4.6,59,3.1,261,10.8,91.122,5.883,25.981,,,,,,,,,,,,,,,,,,,,,,
"2450","BIGATTINI","2023081903",0,4.3,63,3.5,157,12,90.651,5.613,25.148,,,,,,,,,,,,,,,,,,,,,,
"2450","BIGATTINI","2023081904",0,2.8,70,2.4,233,7.4,90.132,4.931,22.962,,,,,,,,,,,,,,,,,,,,,,
"2450","BIGATTINI","2023081905",0,2.6,74,4.2,251,9.7,89.542,4.961,23.061,,,,,,,,,,,,,,,,,,,,,,
"2450","BIGATTINI","2023081906",0,3.2,78,3.8,216,9.1,88.92,4.447,21.334,,,,,,,,,,,,,,,,,,,,,,
"2450","BIGATTINI","2023081907",0,4.9,78,0,285,4.5,88.492,3.453,17.745,,,,,,,,,,,,,,,,,,,,,,
"2450","BIGATTINI","2023081908",0,8,65,2.1,329,6.2,88.214,3.688,18.63,,,,,,,,,,,,,,,,,,,,,,
"2450","BIGATTINI","2023081909",0,9.2,63,5.7,139,9.7,87.958,4.262,20.696,,,,,,,,,,,,,,,,,,,,,,
"2450","BIGATTINI","2023081910",0,11.7,51,6.3,129,10.8,87.949,4.388,21.133,,,,,,,,,,,,,,,,,,,,,,
"2450","BIGATTINI","2023081911",0,13.3,46,7.4,119,14.9,87.998,4.671,22.095,,,,,,,,,,,,,,,,,,,,,,
"2450","BIGATTINI","2023081912",0,13.8,42,7.3,27,16,88.047,4.68,22.127,0,91.082,7.229,30.015,120.964,568.446,157.917,4,,,,,,,,,,,,,,
"2450","BIGATTINI","2023081913",0,15.6,37,6.5,150,13.1,88.202,4.596,21.921,,,,,,,,,,,,,,,,,,,,,,
"2450","BIGATTINI","2023081914",0,16.5,37,8,88,16.6,88.363,5.073,23.509,,,,,,,,,,,,,,,,,,,,,,
"2450","BIGATTINI","2023081915",0,17,37,7.5,94,13.7,88.515,5.056,23.453,,,,,,,,,,,,,,,,,,,,,,
"2450","BIGATTINI","2023081916",0,16.1,40,7,71,14.3,88.564,4.965,23.154,,,,,,,,,,,,,,,,,,,,,,
"2450","BIGATTINI","2023081917",0,15,42,3.6,78,12.5,88.613,4.212,20.594,,,,,,,,,,,,,,,,,,,,,,
"2450","BIGATTINI","2023081918",0,11.7,58,6.7,277,9.7,88.418,4.789,22.57,,,,,,,,,,,,,,,,,,,,,,
"2450","BIGATTINI","2023081919",0,9.4,57,7,294,12,88.241,4.74,22.406,,,,,,,,,,,,,,,,,,,,,,
"2450","BIGATTINI","2023081920",0,8.2,60,9.6,295,13.7,88.005,5.224,23.998,,,,,,,,,,,,,,,,,,,,,,
"2450","BIGATTINI","2023081921",0,7.5,65,6.8,286,12.5,87.717,4.353,21.084,,,,,,,,,,,,,,,,,,,,,,
"2450","BIGATTINI","2023081922",0,7.2,63,8.5,295,13.1,87.478,4.583,21.878,,,,,,,,,,,,,,,,,,,,,,
"2450","BIGATTINI","2023081923",0,7,62,6.3,296,14.3,87.29,3.994,19.814,,,,,,,,,,,,,,,,,,,,,,
"2512","RAFT","2023081900",0,7.3,72,3.5,64,9.5,89.217,4.571,15.428,,,,,,,,,,,,,,,,,,,,485.8,,
"2512","RAFT","2023081901",0,6.4,77,2,10,7.2,88.659,3.912,13.684,,,,,,,,,,,,,,,,,,,,485.8,,
"2512","RAFT","2023081902",0,6,75,0.8,304,4.9,88.23,3.462,12.429,,,,,,,,,,,,,,,,,,,,485.8,,
"2512","RAFT","2023081903",0,5.9,73,1,319,5.7,87.863,3.319,12.014,,,,,,,,,,,,,,,,,,,,485.8,,
"2512","RAFT","2023081904",0,4.5,84,5.4,4,9.3,87.19,3.762,13.272,,,,,,,,,,,,,,,,,,,,485.8,,
"2512","RAFT","2023081905",0,4.4,85,0,262,9.5,86.739,2.688,10.112,,,,,,,,,,,,,,,,,,,,485.8,,
"2512","RAFT","2023081906",0,4.8,81,0.1,347,4.3,86.38,2.567,9.731,,,,,,,,,,,,,,,,,,,,485.8,,
"2512","RAFT","2023081907",0,5.1,83,0.1,96,5.1,86.003,2.435,9.303,,,,,,,,,,,,,,,,,,,,485.8,,
"2512","RAFT","2023081908",0,7,77,0.1,292,5.4,85.767,2.356,9.045,,,,,,,,,,,,,,,,,,,,485.8,,
"2512","RAFT","2023081909",0,13.8,52,2.4,54,7.3,85.834,2.67,10.056,,,,,,,,,,,,,,,,,,,,485.8,,
"2512","RAFT","2023081910",0,16.2,48,2.9,59,9,86,2.803,10.469,,,,,,,,,,,,,,,,,,,,485.8,,
"2512","RAFT","2023081911",0,18.2,40,6.1,43,12.2,86.39,3.479,12.476,,,,,,,,,,,,,,,,,,,,485.8,,
"2512","RAFT","2023081912",0,20.7,35,6.9,55,16.3,86.964,3.929,13.73,0,90.225,6.269,20.043,50.541,424.022,77.876,4,,,,,,,,,,,,485.8,,
"2512","RAFT","2023081913",0,21.9,29,6.6,189,14.9,87.695,4.296,15.133,,,,,,,,,,,,,,,,,,,,485.8,,
"2512","RAFT","2023081914",0,22.4,26,8.8,70,16.4,88.48,5.371,17.898,,,,,,,,,,,,,,,,,,,,485.8,,
"2512","RAFT","2023081915",0,22.8,23,8,55,19.2,89.266,5.775,18.879,,,,,,,,,,,,,,,,,,,,485.8,,
"2512","RAFT","2023081917",0,23.3,20,7.1,176,19.6,90.059,6.184,19.845,,,,,,,,,,,,,,,,,,,,485.8,,
"2512","RAFT","2023081918",0,21.4,21,9.8,180,18.4,90.631,7.688,23.191,,,,,,,,,,,,,,,,,,,,485.8,,
"2512","RAFT","2023081919",0,16.2,39,3.3,245,16.8,90.642,5.55,18.337,,,,,,,,,,,,,,,,,,,,485.8,,
"2512","RAFT","2023081920",0,14.8,40,4.7,237,12.8,90.615,5.933,19.256,,,,,,,,,,,,,,,,,,,,485.8,,
"2512","RAFT","2023081921",0,12.8,43,4.8,272,11.1,90.519,5.881,19.133,,,,,,,,,,,,,,,,,,,,485.8,,
"2512","RAFT","2023081922",0,12,51,4.2,273,12.6,90.291,5.523,18.272,,,,,,,,,,,,,,,,,,,,485.8,,
"2512","RAFT","2023081923",0,11.5,48,7.1,252,14.6,90.112,6.231,19.955,,,,,,,,,,,,,,,,,,,,485.8,,
"2513","NORTH ADAMS","2023081900",0,11.7,50,9.4,205,13.4,82.413,2.408,10.59,,,,,,,,,,,,,,,,,,,,322.4,,
"2513","NORTH ADAMS","2023081901",0,10.7,56,3.9,251,12.3,82.641,1.878,8.58,,,,,,,,,,,,,,,,,,,,322.4,,
"2513","NORTH ADAMS","2023081902",0,10.6,57,5.2,212,11.4,82.844,2.057,9.28,,,,,,,,,,,,,,,,,,,,322.4,,
"2513","NORTH ADAMS","2023081903",0,10.3,56,10.6,202,14.9,83.063,2.777,11.894,,,,,,,,,,,,,,,,,,,,322.4,,
"2513","NORTH ADAMS","2023081904",0,9.4,61,3.2,223,12.1,83.158,1.936,8.81,,,,,,,,,,,,,,,,,,,,322.4,,
"2513","NORTH ADAMS","2023081905",0,9.1,62,7.1,205,11.4,83.236,2.38,10.489,,,,,,,,,,,,,,,,,,,,322.4,,
"2513","NORTH ADAMS","2023081906",0,10.5,58,4.3,343,9.8,83.374,2.105,9.462,,,,,,,,,,,,,,,,,,,,322.4,,
"2513","NORTH ADAMS","2023081907",0,13.3,54,5.3,350,8.8,83.616,2.284,10.137,,,,,,,,,,,,,,,,,,,,322.4,,
"2513","NORTH ADAMS","2023081908",0,14.8,52,5.5,352,12.1,83.906,2.398,10.553,,,,,,,,,,,,,,,,,,,,322.4,,
"2513","NORTH ADAMS","2023081909",0,16.4,47,11.1,340,19.9,84.357,3.377,13.885,,,,,,,,,,,,,,,,,,,,322.4,,
"2513","NORTH ADAMS","2023081910",0,18.1,41,6.3,355,17.1,84.914,2.861,12.18,,,,,,,,,,,,,,,,,,,,322.4,,
"2513","NORTH ADAMS","2023081911",0,21.3,30,5.3,3,14.1,85.839,3.092,12.957,,,,,,,,,,,,,,,,,,,,322.4,,
"2513","NORTH ADAMS","2023081912",0,22.7,22,6.4,346,18.2,87.024,3.864,15.4,0,89.979,5.901,21.663,60.431,649.88,98.065,4,,,,,,,,,,,,322.4,,
"2513","NORTH ADAMS","2023081913",0,22.9,24,7.7,291,23,87.996,4.74,18.485,,,,,,,,,,,,,,,,,,,,322.4,,
"2513","NORTH ADAMS","2023081914",0,24.1,20,8.6,332,20,89.063,5.781,21.347,,,,,,,,,,,,,,,,,,,,322.4,,
"2513","NORTH ADAMS","2023081915",0,24.4,19,7.3,324,26.2,89.992,6.186,22.404,,,,,,,,,,,,,,,,,,,,322.4,,
"2513","NORTH ADAMS","2023081916",0,24.5,25,4,286,18.3,90.492,5.627,20.939,,,,,,,,,,,,,,,,,,,,322.4,,
"2513","NORTH ADAMS","2023081917",0,18,36,5.9,222,12,90.542,6.237,22.533,,,,,,,,,,,,,,,,,,,,322.4,,
"2513","NORTH ADAMS","2023081918",0,17.9,35,6,228,14.1,90.592,6.313,22.729,,,,,,,,,,,,,,,,,,,,322.4,,
"2513","NORTH ADAMS","2023081919",0,17.3,34,6.5,228,16,90.642,6.52,23.254,,,,,,,,,,,,,,,,,,,,322.4,,
"2513","NORTH ADAMS","2023081920",0,16.5,37,5.4,220,14,90.687,6.209,22.463,,,,,,,,,,,,,,,,,,,,322.4,,
"2513","NORTH ADAMS","2023081921",0,15.4,42,2.7,212,15.1,90.638,5.381,20.275,,,,,,,,,,,,,,,,,,,,322.4,,
"2513","NORTH ADAMS","2023081922",0,14.8,43,1.9,231,11.5,90.576,5.123,19.566,,,,,,,,,,,,,,,,,,,,322.4,,
"2513","NORTH ADAMS","2023081923",0,15.1,42,4.5,255,11.3,90.525,5.798,21.393,,,,,,,,,,,,,,,,,,,,322.4,,
"2850","FALL RIVER QD8","2023081900",0,4.1,86,3.5,168,7.2,79.635,1.307,5.417,,,,,,,,,,,,,,,,,,,,176.2,,
"2850","FALL RIVER QD8","2023081901",0,2.6,92,3.5,173,7.5,79.439,1.282,5.313,,,,,,,,,,,,,,,,,,,,176.2,,
"2850","FALL RIVER QD8","2023081902",0,1.8,95,3.8,155,7.5,79.127,1.262,5.233,,,,,,,,,,,,,,,,,,,,176.2,,
"2850","FALL RIVER QD8","2023081903",0,1.2,95,3.8,169,6.7,78.84,1.229,5.093,,,,,,,,,,,,,,,,,,,,176.2,,
"2850","FALL RIVER QD8","2023081904",0,0.8,96,3.2,173,6.6,78.536,1.16,4.8,,,,,,,,,,,,,,,,,,,,176.2,,
"2850","FALL RIVER QD8","2023081905",0,0.2,96,3.5,168,6,78.252,1.148,4.752,,,,,,,,,,,,,,,,,,,,176.2,,
"2850","FALL RIVER QD8","2023081906",0,1.2,97,3.1,158,5.7,77.943,1.096,4.527,,,,,,,,,,,,,,,,,,,,176.2,,
"2850","FALL RIVER QD8","2023081907",0,4.8,85,0,198,3.5,77.989,0.941,3.837,,,,,,,,,,,,,,,,,,,,176.2,,
"2850","FALL RIVER QD8","2023081908",0,6.8,75,4.6,16,6.7,78.173,1.205,4.995,,,,,,,,,,,,,,,,,,,,176.2,,
"2850","FALL RIVER QD8","2023081909",0,10.8,63,4.2,26,7.2,78.592,1.226,5.08,,,,,,,,,,,,,,,,,,,,176.2,,
"2850","FALL RIVER QD8","2023081910",0,14.3,51,4.4,9,9.1,79.315,1.325,5.491,,,,,,,,,,,,,,,,,,,,176.2,,
"2850","FALL RIVER QD8","2023081911",0,18,43,4,205,10,80.308,1.437,5.943,,,,,,,,,,,,,,,,,,,,176.2,,
"2850","FALL RIVER QD8","2023081912",0,20.6,29,4.7,227,9.4,81.781,1.76,7.182,0.4,91.293,6.534,21.182,49.637,578.49,81.74,4,,,,,,,,,,,,176.2,,
"2850","FALL RIVER QD8","2023081913",0,22,28,5.6,231,17.1,83.236,2.207,9.098,,,,,,,,,,,,,,,,,,,,176.2,,
"2850","FALL RIVER QD8","2023081914",0,21.5,26,9,302,17.1,84.63,3.153,12.215,,,,,,,,,,,,,,,,,,,,176.2,,
"2850","FALL RIVER QD8","2023081915",0,22.3,24,7.6,294,15.1,85.919,3.511,13.303,,,,,,,,,,,,,,,,,,,,176.2,,
"2850","FALL RIVER QD8","2023081916",0,21.6,25,7.7,290,21.3,86.944,4.079,14.942,,,,,,,,,,,,,,,,,,,,176.2,,
"2850","FALL RIVER QD8","2023081917",0,20.2,26,5.1,279,15.5,87.673,3.971,14.636,,,,,,,,,,,,,,,,,,,,176.2,,
"2850","FALL RIVER QD8","2023081918",0,20.8,26,6.1,235,11.2,88.347,4.599,16.368,,,,,,,,,,,,,,,,,,,,176.2,,
"2850","FALL RIVER QD8","2023081919",0,17.1,39,4.8,184,10.7,88.452,4.373,15.755,,,,,,,,,,,,,,,,,,,,176.2,,
"2850","FALL RIVER QD8","2023081920",0,13.4,47,5.4,184,7.8,88.487,4.53,16.181,,,,,,,,,,,,,,,,,,,,176.2,,
"2850","FALL RIVER QD8","2023081921",0,11.8,51,6,188,11.3,88.432,4.632,16.455,,,,,,,,,,,,,,,,,,,,176.2,,
"2850","FALL RIVER QD8","2023081922",0,8.4,65,3.3,185,8.1,88.142,3.878,14.373,,,,,,,,,,,,,,,,,,,,176.2,,
"2850","FALL RIVER QD8","2023081923",0,6.2,74,4,175,6,87.701,3.771,14.065,,,,,,,,,,,,,,,,,,,,176.2,,
"2890","QD K71535","2023081900",0,17.7,34,3.8,324,9.2,94.116,9.283,35.246,,,,,,,,,,,,,,,,,,,,237.4,,
"2890","QD K71535","2023081901",0,17.1,38,3.2,346,8.4,93.853,8.684,33.724,,,,,,,,,,,,,,,,,,,,237.4,,
"2890","QD K71535","2023081902",0,16.5,36,4.5,7,10.6,93.635,8.995,34.519,,,,,,,,,,,,,,,,,,,,237.4,,
"2890","QD K71535","2023081903",0,16.3,35,6,35,10,93.441,9.443,35.645,,,,,,,,,,,,,,,,,,,,237.4,,
"2890","QD K71535","2023081904",0,14.9,44,5.6,9,12.2,93.07,8.787,33.99,,,,,,,,,,,,,,,,,,,,237.4,,
"2890","QD K71535","2023081905",0,14.5,44,5.2,341,9.8,92.74,8.222,32.519,,,,,,,,,,,,,,,,,,,,237.4,,
"2890","QD K71535","2023081906",0,13.9,48,4.4,7,10.8,92.368,7.494,30.559,,,,,,,,,,,,,,,,,,,,237.4,,
"2890","QD K71535","2023081907",0,15.6,46,5.5,20,10.9,92.065,7.59,30.822,,,,,,,,,,,,,,,,,,,,237.4,,
"2890","QD K71535","2023081908",0,17.1,42,5.1,15,15.9,91.891,7.257,29.904,,,,,,,,,,,,,,,,,,,,237.4,,
"2890","QD K71535","2023081909",0,18.5,37,6.7,8,16.1,91.844,7.815,31.432,,,,,,,,,,,,,,,,,,,,237.4,,
"2890","QD K71535","2023081910",0,19.5,35,11.1,25,25.1,91.852,9.766,36.441,,,,,,,,,,,,,,,,,,,,237.4,,
"2890","QD K71535","2023081911",0,23.5,26,5.3,210,18.6,92.007,7.453,30.446,,,,,,,,,,,,,,,,,,,,237.4,,
"2890","QD K71535","2023081912",0,25.4,19,5.3,218,17.9,92.469,7.955,31.809,0,95.496,12.1,42.212,111.23,699.299,159.168,4,,,,,,,,,,,,237.4,,
"2890","QD K71535","2023081913",0,26.3,17,6.6,248,19.6,92.989,9.137,35.164,,,,,,,,,,,,,,,,,,,,237.4,,
"2890","QD K71535","2023081914",0,26.8,18,5.7,195,17.2,93.385,9.228,35.394,,,,,,,,,,,,,,,,,,,,237.4,,
"2890","QD K71535","2023081915",0,26.7,17,6.6,209,16,93.757,10.17,37.723,,,,,,,,,,,,,,,,,,,,237.4,,
"2890","QD K71535","2023081916",0,25.4,18,5.2,346,15.4,93.966,9.756,36.712,,,,,,,,,,,,,,,,,,,,237.4,,
"2890","QD K71535","2023081917",0,24.4,17,8.3,19,18.9,94.16,11.716,41.345,,,,,,,,,,,,,,,,,,,,237.4,,
"2890","QD K71535","2023081918",0,23.2,19,4.1,11,12.9,94.211,9.548,36.197,,,,,,,,,,,,,,,,,,,,237.4,,
"2890","QD K71535","2023081919",0,21.9,21,3,351,12.5,94.262,9.097,35.063,,,,,,,,,,,,,,,,,,,,237.4,,
"2890","QD K71535","2023081920",0,20.7,20,3.4,5,6.2,94.313,9.348,35.697,,,,,,,,,,,,,,,,,,,,237.4,,
"2890","QD K71535","2023081921",0,19.9,24,4.5,334,12,94.32,9.891,37.043,,,,,,,,,,,,,,,,,,,,237.4,,
"2890","QD K71535","2023081922",0,19.1,26,5.4,357,10.9,94.278,10.29,38.012,,,,,,,,,,,,,,,,,,,,237.4,,
"2890","QD K71535","2023081923",0,18,28,5.4,3,7.9,94.189,10.165,37.71,,,,,,,,,,,,,,,,,,,,237.4,,
"2910","QD K21633","2023081900",0,6.6,60,16.8,317,23.3,88.525,8.089,31.986,,,,,,,,,,,,,,,,,,,,208,,
"2910","QD K21633","2023081901",0,6.1,63,16.2,316,25.2,88.159,7.447,30.257,,,,,,,,,,,,,,,,,,,,208,,
"2910","QD K21633","2023081902",0,5.8,66,12.5,312,21.8,87.793,5.864,25.693,,,,,,,,,,,,,,,,,,,,208,,
"2910","QD K21633","2023081903",0,5.5,68,11.6,311,19.9,87.429,5.321,24.007,,,,,,,,,,,,,,,,,,,,208,,
"2910","QD K21633","2023081904",0,4.5,74,7.1,310,17.7,87.018,3.999,19.58,,,,,,,,,,,,,,,,,,,,208,,
"2910","QD K21633","2023081905",0,4.2,75,8.2,356,12.1,86.614,3.992,19.552,,,,,,,,,,,,,,,,,,,,208,,
"2910","QD K21633","2023081906",0,4.8,75,9.2,3,12.9,86.239,3.981,19.515,,,,,,,,,,,,,,,,,,,,208,,
"2910","QD K21633","2023081907",0,6.4,69,7.3,2,13.2,86.034,3.515,17.809,,,,,,,,,,,,,,,,,,,,208,,
"2910","QD K21633","2023081908",0,9,56,7.3,3,10.3,86.082,3.539,17.899,,,,,,,,,,,,,,,,,,,,208,,
"2910","QD K21633","2023081909",0,10.8,52,7.9,331,14.1,86.13,3.672,18.394,,,,,,,,,,,,,,,,,,,,208,,
"2910","QD K21633","2023081910",0,11.9,49,6.5,311,22.1,86.185,3.448,17.559,,,,,,,,,,,,,,,,,,,,208,,
"2910","QD K21633","2023081911",0,12.6,41,8.2,329,19.9,86.395,3.87,19.115,,,,,,,,,,,,,,,,,,,,208,,
"2910","QD K21633","2023081912",0,14.2,36,6.2,357,20.7,86.718,3.663,18.36,0,89.56,5.501,24.689,105.79,697.098,153.386,4,,,,,,,,,,,,208,,
"2910","QD K21633","2023081913",0,14.8,27,9.2,14,20.2,87.277,4.613,21.803,,,,,,,,,,,,,,,,,,,,208,,
"2910","QD K21633","2023081914",0,15.6,30,14.6,10,30.2,87.746,6.475,27.635,,,,,,,,,,,,,,,,,,,,208,,
"2910","QD K21633","2023081915",0,15.5,28,7.3,16,23.2,88.162,4.758,22.288,,,,,,,,,,,,,,,,,,,,208,,
"2910","QD K21633","2023081916",0,15.2,29,5.6,289,15.7,88.481,4.572,21.664,,,,,,,,,,,,,,,,,,,,208,,
"2910","QD K21633","2023081917",0,15.1,31,8.5,14,15.6,88.724,5.479,24.617,,,,,,,,,,,,,,,,,,,,208,,
"2910","QD K21633","2023081918",0,14.8,33,8.8,8,16.3,88.88,5.689,25.271,,,,,,,,,,,,,,,,,,,,208,,
"2910","QD K21633","2023081919",0,13.2,36,10.4,355,16.2,88.929,6.209,26.85,,,,,,,,,,,,,,,,,,,,208,,
"2910","QD K21633","2023081920",0,12.3,37,12,16,18.3,88.978,6.778,28.512,,,,,,,,,,,,,,,,,,,,208,,
"2910","QD K21633","2023081921",0,12.2,34,9.7,9,16,89.028,6.08,26.463,,,,,,,,,,,,,,,,,,,,208,,
"2910","QD K21633","2023081922",0,11.9,37,12.3,34,19.1,89.077,6.98,29.087,,,,,,,,,,,,,,,,,,,,208,,
"2910","QD K21633","2023081923",0,11.2,40,11.8,24,17.8,89.126,6.854,28.73,,,,,,,,,,,,,,,,,,,,208,,
"2930","TS SOUTH FORK","2023081900",0,5.4,79,2.9,58,4.5,88.204,3.834,19.13,,,,,,,,,,,,,,,,,,,,418,,
"2930","TS SOUTH FORK","2023081901",0,5.2,81,1.9,78,6.7,87.653,3.369,17.391,,,,,,,,,,,,,,,,,,,,418,,
"2930","TS SOUTH FORK","2023081902",0,4.3,82,2.6,37,4.3,87.112,3.231,16.856,,,,,,,,,,,,,,,,,,,,418,,
"2930","TS SOUTH FORK","2023081903",0,3.4,87,2.1,59,3.9,86.5,2.889,15.489,,,,,,,,,,,,,,,,,,,,418,,
"2930","TS SOUTH FORK","2023081904",0,3,89,2.4,55,4.1,85.87,2.683,14.64,,,,,,,,,,,,,,,,,,,,418,,
"2930","TS SOUTH FORK","2023081905",0,2.4,91,2.9,50,3.9,85.213,2.511,13.91,,,,,,,,,,,,,,,,,,,,418,,
"2930","TS SOUTH FORK","2023081906",0,3,89,2.2,47,3.9,84.693,2.258,12.794,,,,,,,,,,,,,,,,,,,,418,,
"2930","TS SOUTH FORK","2023081907",0,6.1,82,1.4,98,3.5,84.417,2.088,12.024,,,,,,,,,,,,,,,,,,,,418,,
"2930","TS SOUTH FORK","2023081908",0,10.6,65,1.3,123,5.9,84.465,2.091,12.038,,,,,,,,,,,,,,,,,,,,418,,
"2930","TS SOUTH FORK","2023081909",0,14.6,48,2.2,227,4.6,84.716,2.264,12.825,,,,,,,,,,,,,,,,,,,,418,,
"2930","TS SOUTH FORK","2023081910",0,16.2,41,4.3,238,14.6,85.144,2.67,14.583,,,,,,,,,,,,,,,,,,,,418,,
"2930","TS SOUTH FORK","2023081911",0,18.1,37,4.7,237,15.1,85.688,2.938,15.689,,,,,,,,,,,,,,,,,,,,418,,
"2930","TS SOUTH FORK","2023081912",0,20.5,29,3.6,228,12.4,86.465,3.1,16.34,0,93.465,8.336,33.047,114.335,643.76,158.357,5,,,,,,,,,,,,418,,
"2930","TS SOUTH FORK","2023081913",0,21.7,26,3.7,233,10.1,87.297,3.506,18.028,,,,,,,,,,,,,,,,,,,,418,,
"2930","TS SOUTH FORK","2023081914",0,22.1,28,4.1,236,11.8,87.981,3.945,19.655,,,,,,,,,,,,,,,,,,,,418,,
"2930","TS SOUTH FORK","2023081915",0,22.6,27,2.6,218,9.7,88.595,3.995,19.835,,,,,,,,,,,,,,,,,,,,418,,
"2930","TS SOUTH FORK","2023081916",0,21.9,31,2.2,241,11.2,88.978,4.136,20.34,,,,,,,,,,,,,,,,,,,,418,,
"2930","TS SOUTH FORK","2023081917",0,19.9,41,2.4,196,8.3,89.027,4.208,20.594,,,,,,,,,,,,,,,,,,,,418,,
"2930","TS SOUTH FORK","2023081918",0,16.5,50,0,305,6,89.026,3.728,18.859,,,,,,,,,,,,,,,,,,,,418,,
"2930","TS SOUTH FORK","2023081919",0,11.9,67,3,50,4.7,88.653,4.111,20.249,,,,,,,,,,,,,,,,,,,,418,,
"2930","TS SOUTH FORK","2023081920",0,9.2,75,2.8,56,4,88.154,3.788,19.08,,,,,,,,,,,,,,,,,,,,418,,
"2930","TS SOUTH FORK","2023081921",0,7.6,80,2.9,50,3.8,87.588,3.511,18.044,,,,,,,,,,,,,,,,,,,,418,,
"2930","TS SOUTH FORK","2023081922",0,6.3,83,2.3,60,4.2,87.018,3.14,16.607,,,,,,,,,,,,,,,,,,,,418,,
"2930","TS SOUTH FORK","2023081923",0,5.5,84,2.9,57,4,86.463,2.991,16.011,,,,,,,,,,,,,,,,,,,,418,,
"2950","QD K22024","2023081900",0,11.4,48,5.2,331,16.6,91.056,6.479,26.051,,,,,,,,,0,0,,0,0,0,0,0,,0,0,,0,
"2950","QD K22024","2023081901",0,10.3,53,3.6,0,9.1,90.747,5.72,23.882,,,,,,,,,0,0,,0,0,0,0,0,,0,0,,0,
"2950","QD K22024","2023081902",0,9.8,53,4.7,347,7.9,90.45,5.794,24.1,,,,,,,,,0,0,,0,0,0,0,0,,0,0,,0,
"2950","QD K22024","2023081903",0,9.3,57,4.3,346,7.4,90.112,5.411,22.966,,,,,,,,,0,0,,0,0,0,0,0,,0,0,,0,
"2950","QD K22024","2023081904",0,8.5,59,3.9,337,7.9,89.773,5.051,21.872,,,,,,,,,0,0,,0,0,0,0,0,,0,0,,0,
"2950","QD K22024","2023081905",0,8.3,60,4.2,339,9.1,89.442,4.89,21.372,,,,,,,,,0,0,,0,0,0,0,0,,0,0,,0,
"2950","QD K22024","2023081906",0,8.3,61,4,130,11.4,89.125,4.626,20.535,,,,,,,,,0,0,,0,0,0,0,0,,0,0,,0,
"2950","QD K22024","2023081907",0,9.1,58,4,135,10.2,88.888,4.471,20.037,,,,,,,,,0,0,,0,0,0,0,0,,0,0,,0,
"2950","QD K22024","2023081908",0,12.3,49,5.5,146,14.3,88.836,4.787,21.046,,,,,,,,,0,0,,0,0,0,0,0,,0,0,,0,
"2950","QD K22024","2023081909",0,14.6,42,8.1,251,17.7,88.885,5.495,23.218,,,,,,,,,0,0,,0,0,0,0,0,,0,0,,0,
"2950","QD K22024","2023081910",0,17,33,7.6,338,16,89.073,5.505,23.247,,,,,,,,,0,0,,0,0,0,0,0,,0,0,,0,
"2950","QD K22024","2023081911",0,16.8,30,9.5,331,18.9,89.319,6.276,25.481,,,,,,,,,0,0,,0,0,0,0,0,,0,0,,0,
"2950","QD K22024","2023081912",0,17.9,27,10.8,322,22.9,89.661,7.038,27.577,0,93.285,11.767,39.22,88.643,634.604,131.401,4,0,0,,0,0,0,0,0,,0,0,,0,
"2950","QD K22024","2023081913",0,19.3,24,7.1,89,20.6,90.078,6.201,25.525,,,,,,,,,0,0,,0,0,0,0,0,,0,0,,0,
"2950","QD K22024","2023081914",0,20.2,24,6.3,68,20,90.463,6.292,25.785,,,,,,,,,0,0,,0,0,0,0,0,,0,0,,0,
"2950","QD K22024","2023081915",0,19.6,21,6.2,158,14.9,90.875,6.64,26.762,,,,,,,,,0,0,,0,0,0,0,0,,0,0,,0,
"2950","QD K22024","2023081916",0,19.3,23,5.8,328,15.4,91.15,6.768,27.115,,,,,,,,,0,0,,0,0,0,0,0,,0,0,,0,
"2950","QD K22024","2023081917",0,18.7,20,5.7,352,19.5,91.469,7.046,27.876,,,,,,,,,0,0,,0,0,0,0,0,,0,0,,0,
"2950","QD K22024","2023081918",0,18,22,7,350,14.3,91.664,7.734,29.7,,,,,,,,,0,0,,0,0,0,0,0,,0,0,,0,
"2950","QD K22024","2023081919",0,17.5,24,5.2,325,14.9,91.755,7.155,28.169,,,,,,,,,0,0,,0,0,0,0,0,,0,0,,0,
"2950","QD K22024","2023081920",0,16.6,26,5.5,318,10.2,91.805,7.316,28.6,,,,,,,,,0,0,,0,0,0,0,0,,0,0,,0,
"2950","QD K22024","2023081921",0,15.9,29,5.5,323,13.1,91.855,7.368,28.738,,,,,,,,,0,0,,0,0,0,0,0,,0,0,,0,
"2950","QD K22024","2023081922",0,14,34,5,358,8.5,91.817,7.146,28.145,,,,,,,,,0,0,,0,0,0,0,0,,0,0,,0,
"2950","QD K22024","2023081923",0,13.4,35,4.7,354,8.5,91.761,6.983,27.705,,,,,,,,,0,0,,0,0,0,0,0,,0,0,,0,
