"STATION_CODE","STATION_NAME","DATE_TIME",HOURLY_PRECIPITATION,HOURLY_TEMPERATURE,HOURLY_RELATIVE_HUMIDITY,HOURLY_WIND_SPEED,HOURLY_WIND_DIRECTION,HOURLY_WIND_GUST,HOURLY_FINE_FUEL_MOISTURE_CODE,HOURLY_INITIAL_SPREAD_INDEX,HOURLY_FIRE_WEATHER_INDEX,PRECIPITATION,FINE_FUEL_MOISTURE_CODE,INITIAL_SPREAD_INDEX,FIRE_WEATHER_INDEX,DUFF_MOISTURE_CODE,DROUGHT_CODE,BUILDUP_INDEX,DANGER_RATING,RN_1_PLUVIO1,SNOW_DEPTH,SNOW_DEPTH_QUALITY,PRECIP_PLUVIO1_STATUS,PRECIP_PLUVIO1_TOTAL,RN_1_PLUVIO2,PRECIP_PLUVIO2_STATUS,PRECIP_PLUVIO2_TOTAL,RN_1_RIT,PRECIP_RIT_STATUS,PRECIP_RIT_TOTAL,PRECIP_RGT,SOLAR_RADIATION_LICOR,SOLAR_RADIATION_CM3
"11","SUMMIT","2023081800",0,9.9,100,0,129,12,84.583,1.991,8.13,,,,,,,,,0,0,,0,0,0,0,0,,0,0,,0,
"11","SUMMIT","2023081801",0,9.1,100,0,71,8.5,83.625,1.751,7.25,,,,,,,,,0,0,,0,0,0,0,0,,0,0,,0,
"11","SUMMIT","2023081802",0,8.7,100,0,15,0,82.759,1.566,6.541,,,,,,,,,0,0,,0,0,0,0,0,,0,0,,0,
"11","SUMMIT","2023081803",0,8.5,100,0,331,5.6,81.971,1.42,5.963,,,,,,,,,0,0,,0,0,0,0,0,,0,0,,0,
"11","SUMMIT","2023081804",0,9.2,93,0,296,2.2,81.632,1.364,5.734,,,,,,,,,0,0,,0,0,0,0,0,,0,0,,0,
"11","SUMMIT","2023081805",0,9,91,0,50,0,81.397,1.327,5.582,,,,,,,,,0,0,,0,0,0,0,0,,0,0,,0,
"11","SUMMIT","2023081806",0,8.5,98,0,322,0,80.855,1.247,5.249,,,,,,,,,0,0,,0,0,0,0,0,,0,0,,0,
"11","SUMMIT","2023081807",0,9.2,100,0,134,0,80.218,1.164,4.893,,,,,,,,,0,0,,0,0,0,0,0,,0,0,,0,
"11","SUMMIT","2023081808",0,12.8,86,0,138,0,80.264,1.169,4.918,,,,,,,,,0,0,,0,0,0,0,0,,0,0,,0,
"11","SUMMIT","2023081809",0,15.2,66,0,330,0,80.48,1.197,5.035,,,,,,,,,0,0,,0,0,0,0,0,,0,0,,0,
"11","SUMMIT","2023081810",0,18.1,56,3.9,279,10.8,81.052,1.552,6.487,,,,,,,,,0,0,,0,0,0,0,0,,0,0,,0,
"11","SUMMIT","2023081811",0,20.5,48,5.9,191,11.4,81.9,1.896,7.787,,,,,,,,,0,0,,0,0,0,0,0,,0,0,,0,
"11","SUMMIT","2023081812",0,21.5,40,4.8,265,12.5,82.895,2.029,8.269,0,91.793,7.051,22.462,53.93,436.738,82.418,4,0,0,,0,0,0,0,0,,0,0,,0,
"11","SUMMIT","2023081813",0,22.7,43,9.1,180,16.6,83.83,2.846,11.303,,,,,,,,,0,0,,0,0,0,0,0,,0,0,,0,
"11","SUMMIT","2023081814",0,22.8,41,6.5,178,15.4,84.656,2.79,11.121,,,,,,,,,0,0,,0,0,0,0,0,,0,0,,0,
"11","SUMMIT","2023081815",0,22.4,45,7.3,168,14.9,85.249,3.15,12.269,,,,,,,,,0,0,,0,0,0,0,0,,0,0,,0,
"11","SUMMIT","2023081816",0,21.6,40,4.7,140,15.4,85.834,2.998,11.791,,,,,,,,,0,0,,0,0,0,0,0,,0,0,,0,
"11","SUMMIT","2023081817",0,19.9,47,5.6,159,11.4,86.124,3.268,12.631,,,,,,,,,0,0,,0,0,0,0,0,,0,0,,0,
"11","SUMMIT","2023081818",0,16.2,56,6.5,121,10.8,86.172,3.442,13.161,,,,,,,,,0,0,,0,0,0,0,0,,0,0,,0,
"11","SUMMIT","2023081819",0,14,65,6,102,10.8,86.129,3.337,12.841,,,,,,,,,0,0,,0,0,0,0,0,,0,0,,0,
"11","SUMMIT","2023081820",0,13.7,62,0,104,8.5,86.154,2.475,10.074,,,,,,,,,0,0,,0,0,0,0,0,,0,0,,0,
"11","SUMMIT","2023081821",0,13.7,60,4,59,9.1,86.202,3.048,11.947,,,,,,,,,0,0,,0,0,0,0,0,,0,0,,0,
"11","SUMMIT","2023081822",0,13.3,67,7.4,119,15.4,86.101,3.566,13.532,,,,,,,,,0,0,,0,0,0,0,0,,0,0,,0,
"11","SUMMIT","2023081823",0,13.2,66,5.1,63,17.7,86.038,3.148,12.261,,,,,,,,,0,0,,0,0,0,0,0,,0,0,,0,
"19","MENZIES CAMP","2023081812",0,21.7,37,10,40,22.3,89.041,6.184,20.241,0,91.69,9.03,27.136,52.158,574.798,85.028,4,0,0,,0,0,0,0,0,,0,0,,0,
"19","MENZIES CAMP","2023081813",0,22.1,36,9.3,37,23.5,89.274,6.173,20.769,,,,,,,,,0,0,,0,0,0,0,0,,0,0,,0,
"19","MENZIES CAMP","2023081814",0,22.8,35,8.6,54,25.2,89.522,6.175,20.775,,,,,,,,,0,0,,0,0,0,0,0,,0,0,,0,
"19","MENZIES CAMP","2023081815",0,22.4,34,10.8,45,29.2,89.758,7.136,23.032,,,,,,,,,0,0,,0,0,0,0,0,,0,0,,0,
"19","MENZIES CAMP","2023081816",0,21.7,36,10.3,30,31,89.872,7.073,22.887,,,,,,,,,0,0,,0,0,0,0,0,,0,0,,0,
"19","MENZIES CAMP","2023081817",0,20.6,38,9,40,28.7,89.921,6.672,21.958,,,,,,,,,0,0,,0,0,0,0,0,,0,0,,0,
"19","MENZIES CAMP","2023081818",0,18,43,7.4,32,22.3,89.953,6.183,20.794,,,,,,,,,0,0,,0,0,0,0,0,,0,0,,0,
"19","MENZIES CAMP","2023081819",0,14.6,55,4.5,23,22.3,89.717,5.165,18.241,,,,,,,,,0,0,,0,0,0,0,0,,0,0,,0,
"19","MENZIES CAMP","2023081820",0,12.6,65,6,3,18.9,89.273,5.226,18.399,,,,,,,,,0,0,,0,0,0,0,0,,0,0,,0,
"19","MENZIES CAMP","2023081821",0,11.6,71,7.6,332,16.6,88.718,5.232,18.414,,,,,,,,,0,0,,0,0,0,0,0,,0,0,,0,
"19","MENZIES CAMP","2023081822",0,10.4,77,3.7,327,13.7,88.139,3.955,14.926,,,,,,,,,0,0,,0,0,0,0,0,,0,0,,0,
"19","MENZIES CAMP","2023081823",0,9.8,80,3.2,293,11.4,87.552,3.546,13.719,,,,,,,,,0,0,,0,0,0,0,0,,0,0,,0,
"21","WOSS CAMP","2023081800",0,11.2,62,5.1,127,20.6,88.48,4.457,13.83,,,,,,,,,,21.4,,,,,,,,2,953.097,,,
"21","WOSS CAMP","2023081801",0,10.9,66,4.2,352,15.4,88.162,4.07,12.878,,,,,,,,,,21.4,,,,,,,,2,953.104,,,
"21","WOSS CAMP","2023081802",0,12.9,60,6.2,313,24.1,87.989,4.391,13.669,,,,,,,,,,21.6,,,,,,,,2,953.089,,,
"21","WOSS CAMP","2023081803",0,13.6,57,8.9,293,25.8,87.889,4.959,15.018,,,,,,,,,,21.6,,,,,,,,2,953.122,,,
"21","WOSS CAMP","2023081804",0,13.6,56,8.6,305,36.2,87.82,4.837,14.733,,,,,,,,,,21.7,,,,,,,,2,953.108,,,
"21","WOSS CAMP","2023081805",0,13.5,57,9.6,281,28.7,87.736,5.026,15.171,,,,,,,,,,21.9,,,,,,,,2,953.083,,,
"21","WOSS CAMP","2023081806",0,13.3,57,8.4,299,32.7,87.661,4.681,14.365,,,,,,,,,,21.9,,,,,,,,2,952.607,,,
"21","WOSS CAMP","2023081807",0,14.8,55,10.9,319,29.2,87.652,5.303,15.803,,,,,,,,,,22,,,,,,,,2,952.578,,,
"21","WOSS CAMP","2023081808",0,16.3,53,10.4,317,22.9,87.701,5.206,15.585,,,,,,,,,,21.8,,,,,,,,2,950.539,,,
"21","WOSS CAMP","2023081809",0,17.3,47,10,315,24.1,87.75,5.138,15.43,,,,,,,,,,21.6,,,,,,,,2,951.027,,,
"21","WOSS CAMP","2023081810",0,18.8,43,7.9,298,25.8,87.879,4.709,14.432,,,,,,,,,,21.7,,,,,,,,2,950.509,,,
"21","WOSS CAMP","2023081811",0,20.1,40,8.5,269,24.1,88.102,5.011,15.138,,,,,,,,,,21.4,,,,,,,,2,949.998,,,
"21","WOSS CAMP","2023081812",0,21.2,40,8.2,288,22.9,88.325,5.096,15.334,0,89.378,5.928,17.752,40.989,461.138,67.074,4,,21.3,,,,,,,,2,949.496,,,
"21","WOSS CAMP","2023081813",0,21.9,34,10.3,300,22.3,88.728,6.003,17.917,,,,,,,,,,21.1,,,,,,,,2,948.992,,,
"21","WOSS CAMP","2023081814",0,23,32,7.5,286,23.5,89.157,5.544,16.889,,,,,,,,,,21.2,,,,,,,,2,947.967,,,
"21","WOSS CAMP","2023081815",0,22.9,29,8.6,312,28.1,89.627,6.268,18.499,,,,,,,,,,21.2,,,,,,,,2,946.956,,,
"21","WOSS CAMP","2023081816",0,22.3,31,9.2,279,24.1,89.936,6.753,19.535,,,,,,,,,,21.3,,,,,,,,2,946.961,,,
"21","WOSS CAMP","2023081817",0,21,35,8.5,281,29.2,90.032,6.609,19.231,,,,,,,,,,21,,,,,,,,2,946.981,,,
"21","WOSS CAMP","2023081818",0,18.6,46,9.2,296,25.8,89.998,6.814,19.662,,,,,,,,,,20.8,,,,,,,,2,947.002,,,
"21","WOSS CAMP","2023081819",0,16.5,57,8.1,321,21.8,89.698,6.175,18.297,,,,,,,,,,20.8,,,,,,,,2,948.022,,,
"21","WOSS CAMP","2023081820",0,14.5,67,6.9,319,21.2,89.199,5.411,16.584,,,,,,,,,,20.7,,,,,,,,2,948.031,,,
"21","WOSS CAMP","2023081821",0,13.4,70,5.8,326,13.1,88.699,4.765,15.061,,,,,,,,,,20.6,,,,,,,,2,948.06,,,
"21","WOSS CAMP","2023081822",0,12.9,71,6.6,340,14.3,88.222,4.632,14.739,,,,,,,,,,20.6,,,,,,,,2,948.064,,,
"21","WOSS CAMP","2023081823",0,11.6,77,2.2,333,11.4,87.722,3.455,11.701,,,,,,,,,,20.5,,,,,,,,2,948.096,,,
"37","BEAVER CREEK","2023081800",0,15.4,77,2.9,297,5.1,88.36,3.922,17.901,,,,,,,,,0,193.3,,0,0,0,0,0,,0,0,,0,
"37","BEAVER CREEK","2023081801",0,13.8,85,2.2,349,5.1,87.577,3.384,16.031,,,,,,,,,0,193.3,,0,0,0,0,0,,0,0,,0,
"37","BEAVER CREEK","2023081802",0,12.3,89,3.1,6,5.6,86.697,3.124,15.086,,,,,,,,,0,193.3,,0,0,0,0,0,,0,0,,0,
"37","BEAVER CREEK","2023081803",0,10.9,94,2,341,4.5,85.705,2.57,12.965,,,,,,,,,0,193.3,,0,0,0,0,0,,0,0,,0,
"37","BEAVER CREEK","2023081804",0,9.9,97,2.2,9,4.5,84.626,2.237,11.605,,,,,,,,,0,193.3,,0,0,0,0,0,,0,0,,0,
"37","BEAVER CREEK","2023081805",0,9,98,2.8,335,4.5,83.581,2.005,10.612,,,,,,,,,0,193.3,,0,0,0,0,0,,0,0,,0,
"37","BEAVER CREEK","2023081806",0,8.5,100,2,350,3.3,82.525,1.682,9.157,,,,,,,,,0,193.3,,0,0,0,0,0,,0,0,,0,
"37","BEAVER CREEK","2023081807",0,8.4,100,2.2,6,3.9,81.572,1.513,8.357,,,,,,,,,0,193.3,,0,0,0,0,0,,0,0,,0,
"37","BEAVER CREEK","2023081808",0,13.3,86,3.3,48,5.1,81.5,1.586,8.706,,,,,,,,,0,193.3,,0,0,0,0,0,,0,0,,0,
"37","BEAVER CREEK","2023081809",0,18.8,52,4.1,77,6.8,82.092,1.772,9.574,,,,,,,,,0,193.3,,0,0,0,0,0,,0,0,,0,
"37","BEAVER CREEK","2023081810",0,21.4,41,7.8,161,12.5,83.102,2.424,12.376,,,,,,,,,0,193.3,,0,0,0,0,0,,0,0,,0,
"37","BEAVER CREEK","2023081811",0,23.3,33,8.7,223,17.2,84.373,2.999,14.623,,,,,,,,,0,193.3,,0,0,0,0,0,,0,0,,0,
"37","BEAVER CREEK","2023081812",0,25.6,24,8.4,152,16,85.961,3.677,17.065,0,94.456,12.267,39.915,85.746,629.315,127.919,5,0,193.3,,0,0,0,0,0,,0,0,,0,
"37","BEAVER CREEK","2023081813",0,26.3,23,6.8,228,16,87.338,4.123,18.89,,,,,,,,,0,193.3,,0,0,0,0,0,,0,0,,0,
"37","BEAVER CREEK","2023081814",0,27.1,25,11.9,180,21.8,88.553,6.345,25.676,,,,,,,,,0,193.3,,0,0,0,0,0,,0,0,,0,
"37","BEAVER CREEK","2023081815",0,27.5,24,9.5,152,20,89.573,6.509,26.134,,,,,,,,,0,193.3,,0,0,0,0,0,,0,0,,0,
"37","BEAVER CREEK","2023081816",0,26.6,27,11.4,198,21.2,90.244,7.885,29.799,,,,,,,,,0,193.3,,0,0,0,0,0,,0,0,,0,
"37","BEAVER CREEK","2023081817",0,25.9,30,9.5,165,18.3,90.624,7.566,28.974,,,,,,,,,0,193.3,,0,0,0,0,0,,0,0,,0,
"37","BEAVER CREEK","2023081818",0,24.1,34,5.4,114,14.3,90.727,6.244,25.393,,,,,,,,,0,193.3,,0,0,0,0,0,,0,0,,0,
"37","BEAVER CREEK","2023081819",0,22.1,39,11.5,71,19.5,90.777,8.552,31.474,,,,,,,,,0,193.3,,0,0,0,0,0,,0,0,,0,
"37","BEAVER CREEK","2023081820",0,19.3,48,4.6,3,20,90.641,5.925,24.48,,,,,,,,,0,193.3,,0,0,0,0,0,,0,0,,0,
"37","BEAVER CREEK","2023081821",0,16.2,63,3.1,1,6.2,90.187,5.148,22.171,,,,,,,,,0,193.3,,0,0,0,0,0,,0,0,,0,
"37","BEAVER CREEK","2023081822",0,14.6,68,2.5,21,6.2,89.682,4.646,20.6,,,,,,,,,0,193.3,,0,0,0,0,0,,0,0,,0,
"37","BEAVER CREEK","2023081823",0,13.6,73,2.7,42,9.1,89.109,4.323,19.552,,,,,,,,,0,193.3,,0,0,0,0,0,,0,0,,0,
"45","SALTSPRING 2","2023081800",0,13.7,95,2.9,264,4.9,84.083,2.153,12.547,,,,,,,,,0,0.7,,0,0,,,,,,,4850,,
"45","SALTSPRING 2","2023081801",0,13,96,2.2,319,5.7,83.204,1.852,11.112,,,,,,,,,0,0.1,,0,0,,,,,,,4850,,
"45","SALTSPRING 2","2023081802",0,12.3,97,1,67,7.7,82.413,1.577,9.727,,,,,,,,,0,-3.8,,0,0,,,,,,,4850,,
"45","SALTSPRING 2","2023081803",0,11.7,98,1.5,292,6.1,81.614,1.468,9.153,,,,,,,,,0,-0.2,,0,0,,,,,,,4850,,
"45","SALTSPRING 2","2023081804",0,10.7,97,0.7,1,7,81.021,1.316,8.33,,,,,,,,,0,0.2,,0,0,,,,,,,4850,,
"45","SALTSPRING 2","2023081805",0,9.9,98,1.9,233,5.5,80.376,1.302,8.251,,,,,,,,,0,0.8,,0,0,,,,,,,4850,,
"45","SALTSPRING 2","2023081806",0,9.2,98,1.5,316,5,79.815,1.203,7.693,,,,,,,,,0,0.2,,0,0,,,,,,,4850,,
"45","SALTSPRING 2","2023081807",0,14.1,93,3.2,90,5.1,79.617,1.285,8.155,,,,,,,,,0,0,,0,0,,,,,,,4850,,
"45","SALTSPRING 2","2023081808",0,16.1,73,15.4,80,19.6,79.953,2.459,13.926,,,,,,,,,0,0.4,,0,0,,,,,,,4850,,
"45","SALTSPRING 2","2023081809",0,18,61,13.5,76,20.7,80.596,2.393,13.633,,,,,,,,,0,-6.2,,0,0,,,,,,,4850,,
"45","SALTSPRING 2","2023081810",0,18.8,60,14.8,101,21.2,81.235,2.745,15.16,,,,,,,,,0,-2.2,,0,0,,,,,,,4850,,
"45","SALTSPRING 2","2023081811",0,19.2,56,17.9,98,24.7,81.949,3.492,18.158,,,,,,,,,0,-12.8,,0,0,,,,,,,4850,,
"45","SALTSPRING 2","2023081812",0,19.9,53,15.8,95,24.1,82.665,3.431,17.924,0,88.745,7.939,32.394,123.145,649.996,167.13,5,0,-19.9,,0,0,,,,,,,4850,,
"45","SALTSPRING 2","2023081813",0,20.4,55,16.1,101,26.8,83.252,3.754,19.22,,,,,,,,,0,-20,,0,0,,,,,,,4850,,
"45","SALTSPRING 2","2023081814",0,21,55,17.2,97,26.2,83.79,4.258,21.052,,,,,,,,,0,-9.1,,0,0,,,,,,,4850,,
"45","SALTSPRING 2","2023081815",0,21.5,53,13,105,24.7,84.298,3.687,18.969,,,,,,,,,0,-9.1,,0,0,,,,,,,4850,,
"45","SALTSPRING 2","2023081816",0,21.7,51,13,113,21,84.799,3.947,19.931,,,,,,,,,0,-5.6,,0,0,,,,,,,4850,,
"45","SALTSPRING 2","2023081817",0,21.5,51,10.6,95,19.4,85.206,3.699,19.011,,,,,,,,,0,-9.4,,0,0,,,,,,,4850,,
"45","SALTSPRING 2","2023081818",0,20.9,52,7,99,17.2,85.494,3.21,17.123,,,,,,,,,0,1.1,,0,0,,,,,,,4850,,
"45","SALTSPRING 2","2023081819",0,16.5,67,0,215,9.3,85.534,2.269,13.126,,,,,,,,,0,0.6,,0,0,,,,,,,4850,,
"45","SALTSPRING 2","2023081820",0,13.5,74,1.5,245,4.2,85.392,2.399,13.713,,,,,,,,,0,0.8,,0,0,,,,,,,4850,,
"45","SALTSPRING 2","2023081821",0,11.8,82,1.4,282,4.4,85.061,2.28,13.178,,,,,,,,,0,0.8,,0,0,,,,,,,4850,,
"45","SALTSPRING 2","2023081822",0,10.4,87,0.3,306,3.7,84.646,2.038,12.055,,,,,,,,,0,-179.1,,0,0,,,,,,,4850,,
"45","SALTSPRING 2","2023081823",0,9.3,93,0,289,3.6,84.088,1.862,11.206,,,,,,,,,0,-198.1,,0,0,,,,,,,4850,,
"56","BOWSER","2023081800",0,15,47,6,343,20,87.723,4.184,17.43,,,,,,,,,,,,,,,,,,,,,,
"56","BOWSER","2023081801",0,12.8,59,4.5,262,14.3,87.621,3.824,16.293,,,,,,,,,,,,,,,,,,,,,,
"56","BOWSER","2023081802",0,11,64,5.6,287,11.4,87.415,3.924,16.615,,,,,,,,,,,,,,,,,,,,,,
"56","BOWSER","2023081803",0,9.7,66,3.2,254,11.4,87.204,3.374,14.815,,,,,,,,,,,,,,,,,,,,,,
"56","BOWSER","2023081804",0,9.4,68,4.6,284,12,86.961,3.498,15.23,,,,,,,,,,,,,,,,,,,,,,
"56","BOWSER","2023081805",0,11.2,55,7.1,292,14.9,86.974,3.974,16.774,,,,,,,,,,,,,,,,,,,,,,
"56","BOWSER","2023081806",0,10.9,60,5.1,289,14.3,86.903,3.558,15.428,,,,,,,,,,,,,,,,,,,,,,
"56","BOWSER","2023081807",0,15.5,45,4.1,346,9.7,87.01,3.434,15.018,,,,,,,,,,,,,,,,,,,,,,
"56","BOWSER","2023081808",0,17.5,41,5.7,334,13.1,87.236,3.845,16.361,,,,,,,,,,,,,,,,,,,,,,
"56","BOWSER","2023081809",0,19,37,5.5,356,13.7,87.572,3.993,16.832,,,,,,,,,,,,,,,,,,,,,,
"56","BOWSER","2023081810",0,19.2,45,8,30,17.2,87.687,4.604,18.706,,,,,,,,,,,,,,,,,,,,,,
"56","BOWSER","2023081811",0,20.2,42,9.5,28,18.9,87.89,5.112,20.188,,,,,,,,,,,,,,,,,,,,,,
"56","BOWSER","2023081812",0,21.1,40,8.8,11,27.5,88.143,5.117,20.201,0,89.686,6.386,24.025,71.536,554.545,108.183,4,,,,,,,,,,,,,,
"56","BOWSER","2023081813",0,21.5,38,8.5,29,26.9,88.427,5.25,20.906,,,,,,,,,,,,,,,,,,,,,,
"56","BOWSER","2023081814",0,22.9,37,6.6,32,21.8,88.735,4.986,20.143,,,,,,,,,,,,,,,,,,,,,,
"56","BOWSER","2023081815",0,23.3,36,5.7,16,15.4,89.035,4.975,20.11,,,,,,,,,,,,,,,,,,,,,,
"56","BOWSER","2023081816",0,23.4,36,5.8,46,13.7,89.295,5.191,20.735,,,,,,,,,,,,,,,,,,,,,,
"56","BOWSER","2023081817",0,22.9,36,5.9,31,14.3,89.502,5.374,21.259,,,,,,,,,,,,,,,,,,,,,,
"56","BOWSER","2023081818",0,19.6,48,5.1,40,12,89.512,5.169,20.673,,,,,,,,,,,,,,,,,,,,,,
"56","BOWSER","2023081819",0,16.8,61,3,257,12.5,89.232,4.467,18.591,,,,,,,,,,,,,,,,,,,,,,
"56","BOWSER","2023081820",0,14.6,64,3.8,264,5.6,88.896,4.431,18.482,,,,,,,,,,,,,,,,,,,,,,
"56","BOWSER","2023081821",0,13.7,68,4.4,268,6.8,88.497,4.314,18.118,,,,,,,,,,,,,,,,,,,,,,
"56","BOWSER","2023081822",0,13,73,0,192,5.6,88.162,3.294,14.789,,,,,,,,,,,,,,,,,,,,,,
"56","BOWSER","2023081823",0,12.1,77,2,260,5.1,87.671,3.396,15.139,,,,,,,,,,,,,,,,,,,,,,
"59","CEDAR","2023081800",0,19.3,29,8.8,348,13.7,90.014,6.693,26.378,,,,,,,,,,,,,,,,,,,,,,
"59","CEDAR","2023081801",0,19,28,11.2,334,20.6,90.261,7.826,29.356,,,,,,,,,,,,,,,,,,,,,,
"59","CEDAR","2023081802",0,17.3,36,9.4,342,18.3,90.31,7.198,27.729,,,,,,,,,,,,,,,,,,,,,,
"59","CEDAR","2023081803",0,14.7,54,4.4,11,14.3,90.059,5.397,22.692,,,,,,,,,,,,,,,,,,,,,,
"59","CEDAR","2023081804",0,12.1,63,0,188,5.1,89.776,4.152,18.783,,,,,,,,,,,,,,,,,,,,,,
"59","CEDAR","2023081805",0,10.5,70,2.9,219,6.8,89.271,4.469,19.821,,,,,,,,,,,,,,,,,,,,,,
"59","CEDAR","2023081806",0,12.1,63,5.6,225,12,88.921,4.87,21.088,,,,,,,,,,,,,,,,,,,,,,
"59","CEDAR","2023081807",0,16,54,6.6,18,13.7,88.816,5.045,21.628,,,,,,,,,,,,,,,,,,,,,,
"59","CEDAR","2023081808",0,19.3,37,11.5,134,16,88.975,6.607,26.143,,,,,,,,,,,,,,,,,,,,,,
"59","CEDAR","2023081809",0,21.1,35,10.4,85,17.2,89.221,6.475,25.779,,,,,,,,,,,,,,,,,,,,,,
"59","CEDAR","2023081810",0,22.1,34,8.6,97,21.2,89.486,6.143,24.853,,,,,,,,,,,,,,,,,,,,,,
"59","CEDAR","2023081811",0,22.5,33,12,57,25.2,89.768,7.592,28.758,,,,,,,,,,,,,,,,,,,,,,
"59","CEDAR","2023081812",0,23.5,32,12.4,118,22.3,90.076,8.096,30.039,0,91.913,10.518,36.204,86.31,635.849,128.884,5,,,,,,,,,,,,,,
"59","CEDAR","2023081813",0,23.1,36,14.5,132,26.9,90.183,9.139,32.992,,,,,,,,,,,,,,,,,,,,,,
"59","CEDAR","2023081814",0,23.3,38,12.1,138,25.2,90.232,8.155,30.568,,,,,,,,,,,,,,,,,,,,,,
"59","CEDAR","2023081815",0,23,42,15.4,150,24.6,90.281,9.698,34.32,,,,,,,,,,,,,,,,,,,,,,
"59","CEDAR","2023081816",0,23.4,42,10.9,103,22.9,90.33,7.785,29.624,,,,,,,,,,,,,,,,,,,,,,
"59","CEDAR","2023081817",0,22.3,44,9.7,97,19.5,90.377,7.377,28.561,,,,,,,,,,,,,,,,,,,,,,
"59","CEDAR","2023081818",0,21.7,46,6.9,120,17.2,90.361,6.392,25.882,,,,,,,,,,,,,,,,,,,,,,
"59","CEDAR","2023081819",0,20.4,51,6.8,189,12,90.21,6.223,25.406,,,,,,,,,,,,,,,,,,,,,,
"59","CEDAR","2023081820",0,17.9,60,3.4,273,6.8,89.875,4.998,21.771,,,,,,,,,,,,,,,,,,,,,,
"59","CEDAR","2023081821",0,16.3,66,3.9,317,9.1,89.424,4.805,21.166,,,,,,,,,,,,,,,,,,,,,,
"59","CEDAR","2023081822",0,15.6,67,5.6,287,11.4,88.976,4.908,21.492,,,,,,,,,,,,,,,,,,,,,,
"59","CEDAR","2023081823",0,14.6,67,4.6,332,10.8,88.591,4.416,19.917,,,,,,,,,,,,,,,,,,,,,,
"67","HAIG CAMP","2023081800",0,21.9,63,8.6,307,24.1,89.82,6.445,28.203,,,,,,,,,,,,,,,,,,,,,,
"67","HAIG CAMP","2023081801",0,20.3,57,11.3,326,24.6,89.566,7.119,30.176,,,,,,,,,,,,,,,,,,,,,,
"67","HAIG CAMP","2023081802",0,19,54,12.4,319,25.2,89.403,7.351,30.834,,,,,,,,,,,,,,,,,,,,,,
"67","HAIG CAMP","2023081803",0,18.3,51,12.3,297,34.4,89.323,7.231,30.495,,,,,,,,,,,,,,,,,,,,,,
"67","HAIG CAMP","2023081804",0,16.9,60,12.6,307,28.1,89.012,7.021,29.893,,,,,,,,,,,,,,,,,,,,,,
"67","HAIG CAMP","2023081805",0,16.1,58,9.8,322,28.7,88.797,5.911,26.58,,,,,,,,,,,,,,,,,,,,,,
"67","HAIG CAMP","2023081806",0,16.6,54,9.6,281,25.2,88.705,5.776,26.157,,,,,,,,,,,,,,,,,,,,,,
"67","HAIG CAMP","2023081807",0,17,52,16.7,301,36.7,88.664,8.211,33.204,,,,,,,,,,,,,,,,,,,,,,
"67","HAIG CAMP","2023081808",0,18.2,45,16,304,34.4,88.713,7.982,32.585,,,,,,,,,,,,,,,,,,,,,,
"67","HAIG CAMP","2023081809",0,19.2,39,17.3,296,37.3,88.835,8.673,34.433,,,,,,,,,,,,,,,,,,,,,,
"67","HAIG CAMP","2023081810",0,20.4,40,14.5,294,37.9,88.94,7.647,31.662,,,,,,,,,,,,,,,,,,,,,,
"67","HAIG CAMP","2023081811",0,21.3,35,16.9,295,36.7,89.218,8.98,35.233,,,,,,,,,,,,,,,,,,,,,,
"67","HAIG CAMP","2023081812",0,22.4,35,15.3,289,32.1,89.484,8.607,34.259,0,92.191,12.66,44.191,132.365,616.178,172.234,5,,,,,,,,,,,,,,
"67","HAIG CAMP","2023081813",0,23.6,31,15.1,307,33.9,89.894,9.037,35.523,,,,,,,,,,,,,,,,,,,,,,
"67","HAIG CAMP","2023081814",0,24.6,31,12.7,274,28.1,90.261,8.44,33.955,,,,,,,,,,,,,,,,,,,,,,
"67","HAIG CAMP","2023081815",0,24.5,29,13.8,302,31.6,90.641,9.418,36.501,,,,,,,,,,,,,,,,,,,,,,
"67","HAIG CAMP","2023081816",0,24.7,30,11.3,308,28.1,90.912,8.631,34.462,,,,,,,,,,,,,,,,,,,,,,
"67","HAIG CAMP","2023081817",0,24.8,29,9.1,298,22.3,91.169,8.013,32.804,,,,,,,,,,,,,,,,,,,,,,
"67","HAIG CAMP","2023081818",0,23.6,31,7.9,310,25.2,91.271,7.653,31.812,,,,,,,,,,,,,,,,,,,,,,
"67","HAIG CAMP","2023081819",0,18.4,48,6,321,12,91.059,6.748,29.222,,,,,,,,,,,,,,,,,,,,,,
"67","HAIG CAMP","2023081820",0,15.7,54,5,315,7.4,90.728,6.121,27.34,,,,,,,,,,,,,,,,,,,,,,
"67","HAIG CAMP","2023081821",0,14.1,62,0,198,7.4,90.41,4.547,22.213,,,,,,,,,,,,,,,,,,,,,,
"67","HAIG CAMP","2023081822",0,12.3,72,0,280,3.3,89.94,4.251,21.17,,,,,,,,,,,,,,,,,,,,,,
"67","HAIG CAMP","2023081823",0,11.3,77,0,212,3.9,89.411,3.94,20.043,,,,,,,,,,,,,,,,,,,,,,
"72","UBC RESEARCH","2023081800",0,16,80,2.3,38,4.5,86.764,3.029,13.565,,,,,,,,,,,,,,,,,,,,,,
"72","UBC RESEARCH","2023081801",0,14.7,83,1.6,52,3.3,86.251,2.719,12.459,,,,,,,,,,,,,,,,,,,,,,
"72","UBC RESEARCH","2023081802",0,13.7,83,2.2,76,5.6,85.782,2.624,12.109,,,,,,,,,,,,,,,,,,,,,,
"72","UBC RESEARCH","2023081803",0,12.6,84,2.2,281,10.2,85.331,2.464,11.513,,,,,,,,,,,,,,,,,,,,,,
"72","UBC RESEARCH","2023081804",0,11.8,86,1.7,25,6.8,84.87,2.255,10.708,,,,,,,,,,,,,,,,,,,,,,
"72","UBC RESEARCH","2023081805",0,13.4,75,4.2,178,7.4,84.754,2.518,11.714,,,,,,,,,,,,,,,,,,,,,,
"72","UBC RESEARCH","2023081806",,,,,,,,,,,,,,,,,,,,,,,,,,,,,,,
"72","UBC RESEARCH","2023081807",0,14.3,67,5.2,184,10.2,90.558,6.034,22.636,,,,,,,,,,,,,,,,,,,,,,
"72","UBC RESEARCH","2023081808",0,15.8,56,6.7,144,12.5,90.222,6.203,23.081,,,,,,,,,,,,,,,,,,,,,,
"72","UBC RESEARCH","2023081809",0,16.7,51,7.9,140,14.3,90.034,6.415,23.635,,,,,,,,,,,,,,,,,,,,,,
"72","UBC RESEARCH","2023081810",0,18.3,45,7.2,140,16.6,90.019,6.179,23.019,,,,,,,,,,,,,,,,,,,,,,
"72","UBC RESEARCH","2023081811",0,19.7,41,5.7,334,14.3,90.068,5.77,21.927,,,,,,,,,,,,,,,,,,,,,,
"72","UBC RESEARCH","2023081812",0,20.8,38,4.9,158,18.9,90.117,5.581,21.411,0,91.213,6.526,24.303,70.884,552.496,107.34,4,,,,,,,,,,,,,,
"72","UBC RESEARCH","2023081813",0,21.4,36,7.7,172,16,90.167,6.473,24.166,,,,,,,,,,,,,,,,,,,,,,
"72","UBC RESEARCH","2023081814",0,22.6,33,6.4,38,18.3,90.329,6.204,23.455,,,,,,,,,,,,,,,,,,,,,,
"72","UBC RESEARCH","2023081815",0,22.9,30,7.5,178,17.2,90.574,6.792,24.992,,,,,,,,,,,,,,,,,,,,,,
"72","UBC RESEARCH","2023081816",0,23.4,29,6,172,14.3,90.825,6.527,24.306,,,,,,,,,,,,,,,,,,,,,,
"72","UBC RESEARCH","2023081817",0,21.6,35,5.4,144,14.3,90.875,6.378,23.915,,,,,,,,,,,,,,,,,,,,,,
"72","UBC RESEARCH","2023081818",0,20.5,40,4.7,127,9.7,90.909,6.186,23.409,,,,,,,,,,,,,,,,,,,,,,
"72","UBC RESEARCH","2023081819",0,18,55,3.6,100,7.4,90.604,5.604,21.823,,,,,,,,,,,,,,,,,,,,,,
"72","UBC RESEARCH","2023081820",0,15.3,65,3.4,10,5.1,90.102,5.163,20.579,,,,,,,,,,,,,,,,,,,,,,
"72","UBC RESEARCH","2023081821",0,14,69,3,2,5.1,89.572,4.69,19.194,,,,,,,,,,,,,,,,,,,,,,
"72","UBC RESEARCH","2023081822",0,13.2,72,3.2,10,7.4,89.026,4.38,18.255,,,,,,,,,,,,,,,,,,,,,,
"72","UBC RESEARCH","2023081823",0,14.1,65,4.9,337,9.7,88.675,4.538,18.735,,,,,,,,,,,,,,,,,,,,,,
"75","TOBA CAMP","2023081800",0,17,70,4.8,153,13.1,87.833,4.002,13.323,,,,,,,,,0,0,,0,0,0,0,0,,0,0,,0,
"75","TOBA CAMP","2023081801",0,16.7,66,6.8,193,16,87.603,4.282,14.047,,,,,,,,,0,0,,0,0,0,0,0,,0,0,,0,
"75","TOBA CAMP","2023081802",0,15.5,71,4.9,177,13.7,87.284,3.718,12.573,,,,,,,,,0,0,,0,0,0,0,0,,0,0,,0,
"75","TOBA CAMP","2023081803",0,13.1,86,2.9,138,12,86.57,3.037,10.675,,,,,,,,,0,0,,0,0,0,0,0,,0,0,,0,
"75","TOBA CAMP","2023081804",0,11.5,93,2.6,107,10.8,85.618,2.617,9.425,,,,,,,,,0,0,,0,0,0,0,0,,0,0,,0,
"75","TOBA CAMP","2023081805",0,12.2,88,3.5,152,15.4,85.002,2.514,9.11,,,,,,,,,0,0,,0,0,0,0,0,,0,0,,0,
"75","TOBA CAMP","2023081806",0,10.9,96,2,45,7.4,84.062,2.052,7.628,,,,,,,,,0,0,,0,0,0,0,0,,0,0,,0,
"75","TOBA CAMP","2023081807",0,12,92,3.3,116,14.9,83.428,2.015,7.504,,,,,,,,,0,0,,0,0,0,0,0,,0,0,,0,
"75","TOBA CAMP","2023081808",0,17.1,66,5.3,80,7.9,83.537,2.261,8.309,,,,,,,,,0,0,,0,0,0,0,0,,0,0,,0,
"75","TOBA CAMP","2023081809",0,19.9,52,5.2,243,10.2,83.971,2.382,8.697,,,,,,,,,0,0,,0,0,0,0,0,,0,0,,0,
"75","TOBA CAMP","2023081810",0,21.2,48,5.4,208,13.7,84.498,2.583,9.322,,,,,,,,,0,0,,0,0,0,0,0,,0,0,,0,
"75","TOBA CAMP","2023081811",0,22.1,46,6.9,211,15.4,85.067,3.011,10.599,,,,,,,,,0,0,,0,0,0,0,0,,0,0,,0,
"75","TOBA CAMP","2023081812",0,23.6,39,7.9,221,21.2,85.846,3.529,12.059,0,90.825,7.182,21.342,45.14,472.983,72.889,4,0,0,,0,0,0,0,0,,0,0,,0,
"75","TOBA CAMP","2023081813",0,24.6,35,7.9,229,22.3,86.694,3.977,13.73,,,,,,,,,0,0,,0,0,0,0,0,,0,0,,0,
"75","TOBA CAMP","2023081814",0,25,35,10.6,213,22.9,87.465,5.085,16.571,,,,,,,,,0,0,,0,0,0,0,0,,0,0,,0,
"75","TOBA CAMP","2023081815",0,25.4,32,9.7,214,20.6,88.229,5.421,17.381,,,,,,,,,0,0,,0,0,0,0,0,,0,0,,0,
"75","TOBA CAMP","2023081816",0,25.7,31,8,228,22.3,88.896,5.476,17.513,,,,,,,,,0,0,,0,0,0,0,0,,0,0,,0,
"75","TOBA CAMP","2023081817",0,25.1,36,8.1,210,22.9,89.25,5.791,18.253,,,,,,,,,0,0,,0,0,0,0,0,,0,0,,0,
"75","TOBA CAMP","2023081818",0,23.1,39,8.9,196,24.1,89.39,6.151,19.079,,,,,,,,,0,0,,0,0,0,0,0,,0,0,,0,
"75","TOBA CAMP","2023081819",0,20.7,48,8.1,181,21.8,89.433,5.945,18.608,,,,,,,,,0,0,,0,0,0,0,0,,0,0,,0,
"75","TOBA CAMP","2023081820",0,15.4,76,2.8,347,15.4,88.796,4.154,14.203,,,,,,,,,0,0,,0,0,0,0,0,,0,0,,0,
"75","TOBA CAMP","2023081821",0,12.9,88,2.3,345,4.5,87.841,3.532,12.506,,,,,,,,,0,0,,0,0,0,0,0,,0,0,,0,
"75","TOBA CAMP","2023081822",0,11.6,96,0,31,4.5,86.801,2.712,10.084,,,,,,,,,0,0,,0,0,0,0,0,,0,0,,0,
"75","TOBA CAMP","2023081823",0,10.5,98,0,298,3.3,85.753,2.339,8.898,,,,,,,,,0,0,,0,0,0,0,0,,0,0,,0,
"82","SCAR CREEK","2023081800",0,13.7,85,0,208,6.8,85.798,2.354,9.934,,,,,,,,,0,0,,0,0,0,0,0,,0,0,,0,
"82","SCAR CREEK","2023081801",0,12.6,89,2.3,210,5.6,85.143,2.413,10.143,,,,,,,,,0,0,,0,0,0,0,0,,0,0,,0,
"82","SCAR CREEK","2023081802",0,12.2,89,2.2,175,10.2,84.566,2.219,9.451,,,,,,,,,0,0,,0,0,0,0,0,,0,0,,0,
"82","SCAR CREEK","2023081803",0,10.8,93,0,213,9.7,84.001,1.841,8.04,,,,,,,,,0,0,,0,0,0,0,0,,0,0,,0,
"82","SCAR CREEK","2023081804",0,10.4,94,2.6,246,5.1,83.289,1.91,8.308,,,,,,,,,0,0,,0,0,0,0,0,,0,0,,0,
"82","SCAR CREEK","2023081805",0,9.8,96,2.3,233,5.1,82.54,1.711,7.533,,,,,,,,,0,0,,0,0,0,0,0,,0,0,,0,
"82","SCAR CREEK","2023081806",0,9.5,96,0,203,3.3,82.009,1.427,6.376,,,,,,,,,0,0,,0,0,0,0,0,,0,0,,0,
"82","SCAR CREEK","2023081807",0,9.6,97,2.9,340,6.2,81.309,1.52,6.764,,,,,,,,,0,0,,0,0,0,0,0,,0,0,,0,
"82","SCAR CREEK","2023081808",0,15.8,77,3.6,45,5.6,81.383,1.588,7.043,,,,,,,,,0,0,,0,0,0,0,0,,0,0,,0,
"82","SCAR CREEK","2023081809",0,18.4,61,5.4,101,10.2,81.799,1.827,7.986,,,,,,,,,0,0,,0,0,0,0,0,,0,0,,0,
"82","SCAR CREEK","2023081810",0,20.7,52,4.7,83,11.4,82.442,1.907,8.296,,,,,,,,,0,0,,0,0,0,0,0,,0,0,,0,
"82","SCAR CREEK","2023081811",0,22.7,43,6.6,166,13.1,83.388,2.367,9.982,,,,,,,,,0,0,,0,0,0,0,0,,0,0,,0,
"82","SCAR CREEK","2023081812",0,24.6,36,6.8,215,14.9,84.547,2.79,11.429,0,91.628,7.618,24.953,56.352,585.573,90.847,4,0,0,,0,0,0,0,0,,0,0,,0,
"82","SCAR CREEK","2023081813",0,25.3,35,7.2,217,14.9,85.621,3.301,13.477,,,,,,,,,0,0,,0,0,0,0,0,,0,0,,0,
"82","SCAR CREEK","2023081814",0,26.1,32,6.6,173,16.6,86.673,3.714,14.765,,,,,,,,,0,0,,0,0,0,0,0,,0,0,,0,
"82","SCAR CREEK","2023081815",0,26.5,29,6.7,119,16,87.697,4.319,16.558,,,,,,,,,0,0,,0,0,0,0,0,,0,0,,0,
"82","SCAR CREEK","2023081816",0,26,29,7,84,16,88.529,4.94,18.299,,,,,,,,,0,0,,0,0,0,0,0,,0,0,,0,
"82","SCAR CREEK","2023081817",0,23.9,36,6.3,103,15.4,88.885,5.018,18.512,,,,,,,,,0,0,,0,0,0,0,0,,0,0,,0,
"82","SCAR CREEK","2023081818",0,21,42,4.8,76,17.2,88.94,4.69,17.61,,,,,,,,,0,0,,0,0,0,0,0,,0,0,,0,
"82","SCAR CREEK","2023081819",0,17.9,59,1.8,310,7.9,88.788,3.945,15.463,,,,,,,,,0,0,,0,0,0,0,0,,0,0,,0,
"82","SCAR CREEK","2023081820",0,14.7,70,0,264,2.8,88.486,3.45,13.95,,,,,,,,,0,0,,0,0,0,0,0,,0,0,,0,
"82","SCAR CREEK","2023081821",0,13.4,74,2.8,335,5.1,88.016,3.714,14.767,,,,,,,,,0,0,,0,0,0,0,0,,0,0,,0,
"82","SCAR CREEK","2023081822",0,12.8,78,2.1,14,7.4,87.51,3.335,13.584,,,,,,,,,0,0,,0,0,0,0,0,,0,0,,0,
"82","SCAR CREEK","2023081823",0,10.9,86,2.1,315,5.1,86.816,3.021,12.566,,,,,,,,,0,0,,0,0,0,0,0,,0,0,,0,
"93","HONNA","2023081800",0,13.3,82,2.5,279,9.1,84.097,2.115,3.878,,,,,,,,,,,,,,,,,,,,,,
"93","HONNA","2023081801",0,11.5,89,6.2,319,10.8,83.57,2.376,4.404,,,,,,,,,,,,,,,,,,,,,,
"93","HONNA","2023081802",0,11.6,84,7.8,294,14.3,83.302,2.487,4.621,,,,,,,,,,,,,,,,,,,,,,
"93","HONNA","2023081803",0,10.5,91,3.8,263,11.4,82.804,1.907,3.446,,,,,,,,,,,,,,,,,,,,,,
"93","HONNA","2023081804",0,9.5,94,4.2,324,6.2,82.192,1.803,3.223,,,,,,,,,,,,,,,,,,,,,,
"93","HONNA","2023081805",0,9.1,94,3.3,304,7.9,81.665,1.617,2.813,,,,,,,,,,,,,,,,,,,,,,
"93","HONNA","2023081806",0,8.9,95,3.8,284,8.5,81.124,1.557,2.677,,,,,,,,,,,,,,,,,,,,,,
"93","HONNA","2023081807",0,10.3,92,2.7,336,5.6,80.823,1.424,2.366,,,,,,,,,,,,,,,,,,,,,,
"93","HONNA","2023081808",0,12.4,86,2.1,136,7.4,80.823,1.381,2.265,,,,,,,,,,,,,,,,,,,,,,
"93","HONNA","2023081809",0,15.5,68,6.3,259,13.7,81.09,1.759,3.128,,,,,,,,,,,,,,,,,,,,,,
"93","HONNA","2023081810",0,17,57,10.4,303,21.8,81.638,2.305,4.263,,,,,,,,,,,,,,,,,,,,,,
"93","HONNA","2023081811",0,17.9,55,8.7,319,23.5,82.186,2.26,4.174,,,,,,,,,,,,,,,,,,,,,,
"93","HONNA","2023081812",0,17.5,57,9.7,259,19.5,82.626,2.511,4.666,0,85.754,3.814,7.47,15.197,349.708,27.416,2,,,,,,,,,,,,,,
"93","HONNA","2023081813",0,17.9,56,11,270,21.8,83.063,2.834,5.655,,,,,,,,,,,,,,,,,,,,,,
"93","HONNA","2023081814",0,18.2,55,6.6,280,20.6,83.446,2.386,4.757,,,,,,,,,,,,,,,,,,,,,,
"93","HONNA","2023081815",0,18.8,55,8.5,276,19.5,83.821,2.758,5.507,,,,,,,,,,,,,,,,,,,,,,
"93","HONNA","2023081816",0,17.8,59,9,321,17.2,84.046,2.914,5.811,,,,,,,,,,,,,,,,,,,,,,
"93","HONNA","2023081817",0,17.7,59,10.4,333,18.9,84.249,3.213,6.38,,,,,,,,,,,,,,,,,,,,,,
"93","HONNA","2023081818",0,17.6,58,11,325,20.6,84.45,3.403,6.731,,,,,,,,,,,,,,,,,,,,,,
"93","HONNA","2023081819",0,16.3,66,6.5,295,19.5,84.498,2.73,5.452,,,,,,,,,,,,,,,,,,,,,,
"93","HONNA","2023081820",0,14.1,76,3.2,330,10.8,84.412,2.285,4.549,,,,,,,,,,,,,,,,,,,,,,
"93","HONNA","2023081821",0,12.2,87,2,8,5.6,84.002,2.036,4.018,,,,,,,,,,,,,,,,,,,,,,
"93","HONNA","2023081822",0,12.3,85,6.6,309,10.8,83.658,2.453,4.895,,,,,,,,,,,,,,,,,,,,,,
"93","HONNA","2023081823",0,12.3,84,8.9,300,13.7,83.378,2.655,5.303,,,,,,,,,,,,,,,,,,,,,,
"101","MACHMELL","2023081800",0,9.8,79,3.7,199,10.8,86.892,3.31,8.635,,,,,,,,,0,193.3,,0,0,0,0,0,,0,0,,0,
"101","MACHMELL","2023081801",0,8.3,88,3.1,165,6.8,86.182,2.905,7.697,,,,,,,,,0,193.3,,0,0,0,0,0,,0,0,,0,
"101","MACHMELL","2023081802",0,7.5,91,3.7,155,7.4,85.408,2.686,7.174,,,,,,,,,0,193.3,,0,0,0,0,0,,0,0,,0,
"101","MACHMELL","2023081803",0,7.4,91,4,158,9.1,84.707,2.477,6.656,,,,,,,,,0,193.3,,0,0,0,0,0,,0,0,,0,
"101","MACHMELL","2023081804",0,7.2,91,3.6,73,7.4,84.087,2.232,6.034,,,,,,,,,0,193.3,,0,0,0,0,0,,0,0,,0,
"101","MACHMELL","2023081805",0,7.3,90,3.8,108,9.1,83.568,2.105,5.702,,,,,,,,,0,193.3,,0,0,0,0,0,,0,0,,0,
"101","MACHMELL","2023081806",0,7.2,91,4.2,141,8.5,83.05,2.008,5.445,,,,,,,,,0,193.3,,0,0,0,0,0,,0,0,,0,
"101","MACHMELL","2023081807",0,7.9,89,3.8,70,6.8,82.672,1.876,5.086,,,,,,,,,0,193.3,,0,0,0,0,0,,0,0,,0,
"101","MACHMELL","2023081808",0,13.8,63,6.5,229,10.2,82.843,2.196,5.941,,,,,,,,,0,193.3,,0,0,0,0,0,,0,0,,0,
"101","MACHMELL","2023081809",0,15.5,57,8.9,254,16.6,83.153,2.579,6.91,,,,,,,,,0,193.3,,0,0,0,0,0,,0,0,,0,
"101","MACHMELL","2023081810",0,17,46,8.7,272,14.3,83.714,2.746,7.319,,,,,,,,,0,193.3,,0,0,0,0,0,,0,0,,0,
"101","MACHMELL","2023081811",0,18.5,46,12.3,271,22.3,84.299,3.56,9.194,,,,,,,,,0,193.3,,0,0,0,0,0,,0,0,,0,
"101","MACHMELL","2023081812",0,20,39,11.2,257,20,85.059,3.735,9.576,0,89.071,6.598,15.855,27.567,391.5,46.882,3,0,193.3,,0,0,0,0,0,,0,0,,0,
"101","MACHMELL","2023081813",0,20.9,35,10.7,253,20,85.874,4.08,10.859,,,,,,,,,0,193.3,,0,0,0,0,0,,0,0,,0,
"101","MACHMELL","2023081814",0,22.2,33,10.2,260,18.9,86.696,4.466,11.69,,,,,,,,,0,193.3,,0,0,0,0,0,,0,0,,0,
"101","MACHMELL","2023081815",0,22.1,34,12,254,22.3,87.373,5.385,13.563,,,,,,,,,0,193.3,,0,0,0,0,0,,0,0,,0,
"101","MACHMELL","2023081816",0,21.9,36,8.4,243,27.5,87.842,4.803,12.392,,,,,,,,,0,193.3,,0,0,0,0,0,,0,0,,0,
"101","MACHMELL","2023081817",0,20.4,43,14.6,255,26.9,88.013,6.728,16.091,,,,,,,,,0,193.3,,0,0,0,0,0,,0,0,,0,
"101","MACHMELL","2023081818",0,19.4,49,9.7,244,26.4,88.062,5.293,13.38,,,,,,,,,0,193.3,,0,0,0,0,0,,0,0,,0,
"101","MACHMELL","2023081819",0,16.6,59,8,219,25.8,87.956,4.785,12.356,,,,,,,,,0,193.3,,0,0,0,0,0,,0,0,,0,
"101","MACHMELL","2023081820",0,14.4,71,3.3,189,13.1,87.61,3.594,9.774,,,,,,,,,0,193.3,,0,0,0,0,0,,0,0,,0,
"101","MACHMELL","2023081821",0,11.7,85,0,152,5.1,87.071,2.818,7.924,,,,,,,,,0,193.3,,0,0,0,0,0,,0,0,,0,
"101","MACHMELL","2023081822",0,9.9,92,2.4,220,5.1,86.157,2.794,7.863,,,,,,,,,0,193.3,,0,0,0,0,0,,0,0,,0,
"101","MACHMELL","2023081823",0,9.5,90,4.7,127,7.9,85.385,2.816,7.919,,,,,,,,,0,193.3,,0,0,0,0,0,,0,0,,0,
"105","ROSSWOOD","2023081800",0,10.8,77,2,356,6.5,86.714,2.963,6.888,,,,,,,,,,,,,,,,,,,,1703.2,,
"105","ROSSWOOD","2023081801",0,8.7,88,3.1,302,5.4,86.018,2.838,6.62,,,,,,,,,,,,,,,,,,,,1703.2,,
"105","ROSSWOOD","2023081802",0,7.7,92,2.6,282,7.2,85.241,2.483,5.831,,,,,,,,,,,,,,,,,,,,1703.2,,
"105","ROSSWOOD","2023081803",0,6.5,95,0.5,282,7.3,84.498,2.018,4.738,,,,,,,,,,,,,,,,,,,,1703.2,,
"105","ROSSWOOD","2023081804",0,5.5,96,0,28,6.6,83.857,1.805,4.212,,,,,,,,,,,,,,,,,,,,1703.2,,
"105","ROSSWOOD","2023081805",0,5.3,96,0,331,6.8,83.266,1.671,3.868,,,,,,,,,,,,,,,,,,,,1703.2,,
"105","ROSSWOOD","2023081806",0,5.9,95,2.9,316,8.5,82.611,1.779,4.145,,,,,,,,,,,,,,,,,,,,1703.2,,
"105","ROSSWOOD","2023081807",0,9.5,85,4,344,10.3,82.424,1.837,4.291,,,,,,,,,,,,,,,,,,,,1703.2,,
"105","ROSSWOOD","2023081808",0,13.9,69,6.1,353,15.2,82.522,2.067,4.857,,,,,,,,,,,,,,,,,,,,1703.2,,
"105","ROSSWOOD","2023081809",0,16.6,54,5.8,347,16.1,82.927,2.143,5.039,,,,,,,,,,,,,,,,,,,,1703.2,,
"105","ROSSWOOD","2023081810",0,18.2,50,6.3,1,12.9,83.432,2.345,5.515,,,,,,,,,,,,,,,,,,,,1703.2,,
"105","ROSSWOOD","2023081811",0,19.6,41,6.8,294,15.1,84.166,2.651,6.207,,,,,,,,,,,,,,,,,,,,1703.2,,
"105","ROSSWOOD","2023081812",0,21.3,38,6.2,339,17,84.96,2.864,6.676,0,89.759,5.661,12.828,22.53,397.88,39.472,3,,,,,,,,,,,,1703.2,,
"105","ROSSWOOD","2023081813",0,22.4,35,6.7,326,20.7,85.803,3.302,8.191,,,,,,,,,,,,,,,,,,,,1703.2,,
"105","ROSSWOOD","2023081814",0,22.9,32,8,313,22.5,86.673,3.985,9.632,,,,,,,,,,,,,,,,,,,,1703.2,,
"105","ROSSWOOD","2023081815",0,23.4,29,7,297,18.5,87.528,4.28,10.225,,,,,,,,,,,,,,,,,,,,1703.2,,
"105","ROSSWOOD","2023081816",0,22.2,32,6.7,313,18.1,88.095,4.572,10.799,,,,,,,,,,,,,,,,,,,,1703.2,,
"105","ROSSWOOD","2023081817",0,22.1,38,6.5,317,17.4,88.395,4.725,11.094,,,,,,,,,,,,,,,,,,,,1703.2,,
"105","ROSSWOOD","2023081818",0,20.8,46,5.6,323,16.6,88.444,4.547,10.751,,,,,,,,,,,,,,,,,,,,1703.2,,
"105","ROSSWOOD","2023081819",0,18.3,53,3,325,10.4,88.455,3.996,9.653,,,,,,,,,,,,,,,,,,,,1703.2,,
"105","ROSSWOOD","2023081820",0,15.7,65,3.6,318,10.3,88.192,3.965,9.591,,,,,,,,,,,,,,,,,,,,1703.2,,
"105","ROSSWOOD","2023081821",0,12.9,77,1.2,299,8.6,87.72,3.284,8.153,,,,,,,,,,,,,,,,,,,,1703.2,,
"105","ROSSWOOD","2023081822",0,11.4,82,1.7,307,7.6,87.148,3.104,7.755,,,,,,,,,,,,,,,,,,,,1703.2,,
"105","ROSSWOOD","2023081823",0,9.6,91,0,288,7,86.462,2.584,6.562,,,,,,,,,,,,,,,,,,,,1703.2,,
"106","KITPARK","2023081800",0,12,93,2.9,238,6.8,77.871,1.079,2.25,,,,,,,,,0,1.1,,0,0,0,0,0,,1,-334.784,,0,
"106","KITPARK","2023081801",0,12.1,91,2.4,164,5.1,77.916,1.056,2.179,,,,,,,,,0,1.1,,0,0,0,0,0,,1,-334.786,,0,
"106","KITPARK","2023081802",0,11.6,96,3.1,105,5.6,77.718,1.076,2.242,,,,,,,,,0,1,,0,0,0,0,0,,1,-334.796,,0,
"106","KITPARK","2023081803",0,10.5,97,3.5,72,6.2,77.461,1.076,2.241,,,,,,,,,0,0.9,,0,0,0,0,0,,1,-334.784,,0,
"106","KITPARK","2023081804",0,9.1,98,3.7,73,6.8,77.151,1.061,2.195,,,,,,,,,0,0.9,,0,0,0,0,0,,1,-334.799,,0,
"106","KITPARK","2023081805",0,8.2,98,2.3,93,7.4,76.886,0.97,1.904,,,,,,,,,0,0.8,,0,0,0,0,0,,1,-334.772,,0,
"106","KITPARK","2023081806",0,7.9,99,2.3,94,7.4,76.574,0.948,1.833,,,,,,,,,0,0.9,,0,0,0,0,0,,1,-334.804,,0,
"106","KITPARK","2023081807",0,9.6,98,2,357,5.6,76.372,0.921,1.741,,,,,,,,,0,0.9,,0,0,0,0,0,,1,-334.807,,0,
"106","KITPARK","2023081808",0.2,14.8,76,2.5,92,5.6,72.802,0.783,1.198,,,,,,,,,0,0.5,,0,0,0,0,0,,1,-334.799,,0,
"106","KITPARK","2023081809",0,17,63,3.5,314,5.6,73.774,0.859,1.518,,,,,,,,,0,0.1,,0,0,0,0,0,,1,-334.781,,0,
"106","KITPARK","2023081810",0,18.4,58,5.5,70,7.9,74.958,1.008,2.029,,,,,,,,,0,0.3,,0,0,0,0,0,,1,-334.786,,0,
"106","KITPARK","2023081811",0,20.2,46,5,286,9.7,76.474,1.079,2.251,,,,,,,,,0,0.3,,0,0,0,0,0,,1,-334.782,,0,
"106","KITPARK","2023081812",0,21.2,41,7.1,229,14.3,78.144,1.364,3.083,0.6,88.378,4.858,11.401,22.511,428.775,39.799,3,0,0.3,,0,0,0,0,0,,1,-334.77,,0,
"106","KITPARK","2023081813",0,22.5,35,6.1,280,12.5,79.877,1.527,3.868,,,,,,,,,0,0.4,,0,0,0,0,0,,1,-334.779,,0,
"106","KITPARK","2023081814",0,23.2,36,6.2,135,11.4,81.409,1.816,4.663,,,,,,,,,0,0.3,,0,0,0,0,0,,1,-334.78,,0,
"106","KITPARK","2023081815",0,23.9,38,10,270,14.3,82.821,2.612,6.664,,,,,,,,,0,0.4,,0,0,0,0,0,,1,-334.787,,0,
"106","KITPARK","2023081816",0,23.4,41,9.5,220,22.9,83.878,2.922,7.385,,,,,,,,,0,0.5,,0,0,0,0,0,,1,-334.773,,0,
"106","KITPARK","2023081817",0,23,40,10.4,229,21.2,84.807,3.466,8.589,,,,,,,,,0,0.4,,0,0,0,0,0,,1,-334.757,,0,
"106","KITPARK","2023081818",0,21.3,45,10.1,225,19.5,85.366,3.687,9.06,,,,,,,,,0,0.3,,0,0,0,0,0,,1,-334.785,,0,
"106","KITPARK","2023081819",0,20.3,49,4.6,203,15.4,85.669,2.915,7.368,,,,,,,,,0,0.5,,0,0,0,0,0,,1,-334.771,,0,
"106","KITPARK","2023081820",0,16.7,65,6.2,232,13.1,85.717,3.181,7.967,,,,,,,,,0,0.6,,0,0,0,0,0,,1,-334.785,,0,
"106","KITPARK","2023081821",0,13.6,83,2.2,42,6.8,85.307,2.456,6.29,,,,,,,,,0,0.6,,0,0,0,0,0,,1,-334.777,,0,
"106","KITPARK","2023081822",0,12.5,86,2.7,225,7.9,84.825,2.357,6.048,,,,,,,,,0,0.8,,0,0,0,0,0,,1,-334.789,,0,
"106","KITPARK","2023081823",0,11.5,88,3.9,18,6.8,84.294,2.33,5.981,,,,,,,,,0,0.9,,0,0,0,0,0,,1,-334.798,,0,
"108","DEASE LAKE FS","2023081800",0,7.4,98,1.2,34,3.3,27.542,0.002,0.002,,,,,,,,,,-199.2,,,,,,,,,,91.6,,
"108","DEASE LAKE FS","2023081801",0,7.3,98,0.4,92,5.4,27.677,0.002,0.002,,,,,,,,,,-199.3,,,,,,,,,,91.6,,
"108","DEASE LAKE FS","2023081802",0,7.1,99,0.3,7,3.6,27.756,0.002,0.002,,,,,,,,,,-199.4,,,,,,,,,,91.6,,
"108","DEASE LAKE FS","2023081803",0,6.9,99,1.6,50,5,27.854,0.002,0.002,,,,,,,,,,-199.5,,,,,,,,,,91.6,,
"108","DEASE LAKE FS","2023081804",0,6.8,99,0.1,175,3.8,27.927,0.002,0.002,,,,,,,,,,-199.4,,,,,,,,,,91.6,,
"108","DEASE LAKE FS","2023081805",0,6.7,98,0.6,283,7.8,28.067,0.002,0.002,,,,,,,,,,-204.8,,,,,,,,,,91.6,,
"108","DEASE LAKE FS","2023081806",0,7,99,1.2,128,5.3,28.161,0.002,0.002,,,,,,,,,,-199.1,,,,,,,,,,91.6,,
"108","DEASE LAKE FS","2023081807",0,7.6,97,1.2,202,5.4,28.386,0.002,0.002,,,,,,,,,,-217.5,,,,,,,,,,91.6,,
"108","DEASE LAKE FS","2023081808",0,8.3,93,4.5,200,9.8,29.042,0.003,0.003,,,,,,,,,,-206.7,,,,,,,,,,91.6,,
"108","DEASE LAKE FS","2023081809",0,9.5,87,8.1,196,13.7,30.384,0.006,0.006,,,,,,,,,,-225,,,,,,,,,,91.6,,
"108","DEASE LAKE FS","2023081810",0,11.3,79,11,177,18.9,32.569,0.012,0.012,,,,,,,,,,-299.5,,,,,,,,,,91.6,,
"108","DEASE LAKE FS","2023081811",0,13.9,67,11,176,19.9,35.678,0.025,0.025,,,,,,,,,,-201.7,,,,,,,,,,91.6,,
"108","DEASE LAKE FS","2023081812",0,16.3,56,8,176,16.2,39.294,0.045,0.046,5.4,59.644,0.599,0.49,8.931,406.204,16.932,1,,-247.9,,,,,,,,,,91.6,,
"108","DEASE LAKE FS","2023081813",0,17.9,50,10.6,204,19.6,43.501,0.11,0.09,,,,,,,,,,-249.1,,,,,,,,,,91.6,,
"108","DEASE LAKE FS","2023081814",0,15.8,61,9.8,222,27.1,46.639,0.172,0.141,,,,,,,,,,-233.7,,,,,,,,,,91.6,,
"108","DEASE LAKE FS","2023081815",0,15.7,70,13.5,231,31.7,49.389,0.3,0.246,,,,,,,,,,-228.5,,,,,,,,,,91.6,,
"108","DEASE LAKE FS","2023081816",1.6,12.4,89,6.3,18,13.3,34.098,0.014,0.011,,,,,,,,,,-221.2,,,,,,,,,,93.2,,
"108","DEASE LAKE FS","2023081817",0,14.2,78,9.7,157,19.2,36.437,0.027,0.022,,,,,,,,,,-282.1,,,,,,,,,,93.2,,
"108","DEASE LAKE FS","2023081818",0,16,66,7.8,134,19.1,39.471,0.046,0.038,,,,,,,,,,-247.5,,,,,,,,,,93.2,,
"108","DEASE LAKE FS","2023081819",0,13.7,72,4.7,258,13.1,41.591,0.059,0.048,,,,,,,,,,-247.9,,,,,,,,,,93.2,,
"108","DEASE LAKE FS","2023081820",0,11.9,78,4.9,165,11.2,43.229,0.079,0.065,,,,,,,,,,-205.4,,,,,,,,,,93.2,,
"108","DEASE LAKE FS","2023081821",0,10.1,87,3.3,147,9.1,44.129,0.085,0.069,,,,,,,,,,-267.8,,,,,,,,,,93.2,,
"108","DEASE LAKE FS","2023081822",0,9.3,87,4,172,10.1,45.028,0.101,0.083,,,,,,,,,,-264.2,,,,,,,,,,93.2,,
"108","DEASE LAKE FS","2023081823",0,8.6,85,4.2,80,10.6,46.007,0.118,0.097,,,,,,,,,,-230.1,,,,,,,,,,93.2,,
"110","TELEGRAPH CREEK","2023081800",0,12,67,4.1,189,14.3,86.511,3.2,6.449,,,,,,,,,0,-0.6,,0,0,0,2,1018.27,,0,0,,0,
"110","TELEGRAPH CREEK","2023081801",0,11.5,72,6.1,180,11.4,86.256,3.414,6.85,,,,,,,,,0,-0.5,,0,0,0,2,1018.28,,0,0,,0,
"110","TELEGRAPH CREEK","2023081802",0,11.1,74,4,213,15.4,85.999,2.962,5.993,,,,,,,,,0,-0.5,,0,0,0,2,1018.28,,0,0,,0,
"110","TELEGRAPH CREEK","2023081803",0,10.2,79,4.5,261,10.8,85.638,2.888,5.849,,,,,,,,,0,-0.6,,0,0,0,2,1018.31,,0,0,,0,
"110","TELEGRAPH CREEK","2023081804",0,10.1,80,5,201,12.5,85.282,2.819,5.712,,,,,,,,,0,-0.5,,0,0,0,2,1018.29,,0,0,,0,
"110","TELEGRAPH CREEK","2023081805",0,9.7,86,0,131,7.9,84.918,2.084,4.191,,,,,,,,,0,-0.5,,0,0,0,2,1018.29,,0,0,,0,
"110","TELEGRAPH CREEK","2023081806",0,9.7,86,0,156,5.1,84.583,1.99,3.987,,,,,,,,,0,-0.5,,0,0,0,2,1018.29,,0,0,,0,
"110","TELEGRAPH CREEK","2023081807",0,10.2,84,1.7,219,9.7,84.263,2.077,4.176,,,,,,,,,0,-0.4,,0,0,0,2,1018.26,,0,0,,0,
"110","TELEGRAPH CREEK","2023081808",0,10.2,85,5.5,180,10.8,83.892,2.393,4.851,,,,,,,,,0,-0.5,,0,0,0,2,1018.25,,0,0,,0,
"110","TELEGRAPH CREEK","2023081809",0,10.7,82,9,264,12.5,83.642,2.762,5.601,,,,,,,,,0,-0.4,,0,0,0,2,1018.23,,0,0,,0,
"110","TELEGRAPH CREEK","2023081810",0,13.1,71,4.4,235,13.7,83.689,2.204,4.452,,,,,,,,,0,-0.4,,0,0,0,2,1018.17,,0,0,,0,
"110","TELEGRAPH CREEK","2023081811",0,14,68,7.4,282,16,83.736,2.58,5.235,,,,,,,,,0,-0.5,,0,0,0,2,1018.11,,0,0,,0,
"110","TELEGRAPH CREEK","2023081812",0,17,57,10.3,266,14.9,83.998,3.091,6.242,0,85.353,3.718,7.83,16.844,450.589,30.808,2,0,-0.4,,0,0,0,2,1018.02,,0,0,,0,
"110","TELEGRAPH CREEK","2023081813",0,18.4,50,11.4,249,15.4,84.435,3.465,7.35,,,,,,,,,0,-0.5,,0,0,0,2,1018.02,,0,0,,0,
"110","TELEGRAPH CREEK","2023081814",0,21,41,12.7,238,20.6,85.179,4.096,8.526,,,,,,,,,0,-0.4,,0,0,0,2,1018.01,,0,0,,0,
"110","TELEGRAPH CREEK","2023081815",0,21.4,45,12.8,240,21.2,85.713,4.433,9.128,,,,,,,,,0,-0.4,,0,0,0,2,1018.05,,0,0,,0,
"110","TELEGRAPH CREEK","2023081816",0,21.8,40,14.8,238,24.6,86.354,5.366,10.713,,,,,,,,,0,-0.4,,0,0,0,2,1018.08,,0,0,,0,
"110","TELEGRAPH CREEK","2023081817",0,21.6,39,16.9,245,25.8,86.933,6.475,12.472,,,,,,,,,0,-0.5,,0,0,0,2,1018.09,,0,0,,0,
"110","TELEGRAPH CREEK","2023081818",0,21,41,15.8,241,24.6,87.325,6.478,12.477,,,,,,,,,0,-0.5,,0,0,0,2,1018.12,,0,0,,0,
"110","TELEGRAPH CREEK","2023081819",0,19.8,46,14.3,252,25.2,87.473,6.134,11.945,,,,,,,,,0,-0.6,,0,0,0,2,1018.2,,0,0,,0,
"110","TELEGRAPH CREEK","2023081820",0,16,59,6,266,18.9,87.434,4.015,8.379,,,,,,,,,0,-0.8,,0,0,0,2,1018.3,,0,0,,0,
"110","TELEGRAPH CREEK","2023081821",0,14.6,63,6,260,11.4,87.299,3.938,8.239,,,,,,,,,0,-0.7,,0,0,0,2,1018.31,,0,0,,0,
"110","TELEGRAPH CREEK","2023081822",0,14,66,3.6,221,10.2,87.126,3.405,7.235,,,,,,,,,0,-0.6,,0,0,0,2,1018.3,,0,0,,0,
"110","TELEGRAPH CREEK","2023081823",0,14.4,65,9.2,220,15.4,86.968,4.414,9.095,,,,,,,,,0,-0.5,,0,0,0,2,1018.24,,0,0,,0,
"111","ATLIN","2023081800",0,8.3,86,7.6,25,9.7,84.464,2.873,10.498,,,,,,,,,,0.6,,,,0,2,898.4,,,,1055,,
"111","ATLIN","2023081801",0,8.9,83,3.8,18,11.2,84.153,2.275,8.615,,,,,,,,,,0.7,,,,0,2,898.35,,,,1055,,
"111","ATLIN","2023081802",0,8.6,85,3.3,37,6.2,83.817,2.121,8.104,,,,,,,,,,0.7,,,,0,2,898.36,,,,1055,,
"111","ATLIN","2023081803",0,8.3,86,3.9,33,6.9,83.473,2.089,7.997,,,,,,,,,,0.7,,,,0,2,898.36,,,,1055,,
"111","ATLIN","2023081804",0,7.9,88,3.9,13,7.5,83.091,1.988,7.653,,,,,,,,,,0.7,,,,0,2,898.36,,,,1055,,
"111","ATLIN","2023081805",0,7.9,89,5,13,7.1,82.694,1.998,7.687,,,,,,,,,,0.7,,,,0,2,898.35,,,,1055,,
"111","ATLIN","2023081806",0,8.2,88,0.7,22,6.9,82.437,1.558,6.11,,,,,,,,,,0.7,,,,0,2,898.34,,,,1055,,
"111","ATLIN","2023081807",0,9.4,84,3,9,4.9,82.304,1.721,6.709,,,,,,,,,,0.7,,,,0,2,898.3,,,,1055,,
"111","ATLIN","2023081808",0,11.7,76,3,207,5.6,82.351,1.731,6.745,,,,,,,,,,0.7,,,,0,2,898.22,,,,1055,,
"111","ATLIN","2023081809",0,12.7,73,3.7,180,10.9,82.398,1.803,7.006,,,,,,,,,,0.5,,,,0,2,898.21,,,,1055,,
"111","ATLIN","2023081810",0,14.4,64,6.9,187,11.4,82.588,2.17,8.268,,,,,,,,,,0.5,,,,0,2,898.2,,,,1055,,
"111","ATLIN","2023081811",0,16.4,55,8.5,194,13.8,82.986,2.474,9.26,,,,,,,,,,0.4,,,,0,2,898.15,,,,1055,,
"111","ATLIN","2023081812",0,17.8,48,4.3,159,15.4,83.488,2.136,8.155,0,86.591,3.269,11.952,44.692,581.166,74.971,4,,0.3,,,,0,2,898.19,,,,1055,,
"111","ATLIN","2023081813",0,18.5,44,10.8,201,19.2,84.141,3.231,11.842,,,,,,,,,,0.3,,,,0,2,898.19,,,,1055,,
"111","ATLIN","2023081814",0,18.6,41,8.6,210,16.8,84.772,3.15,11.602,,,,,,,,,,0.3,,,,0,2,898.26,,,,1055,,
"111","ATLIN","2023081815",0,19.6,39,8.5,209,16.3,85.418,3.426,12.41,,,,,,,,,,0.3,,,,0,2,898.24,,,,1055,,
"111","ATLIN","2023081816",0,20,38,9.8,175,17,86.038,3.989,13.988,,,,,,,,,,0.2,,,,0,2,898.25,,,,1055,,
"111","ATLIN","2023081817",0,20,38,11,159,17.1,86.584,4.577,15.546,,,,,,,,,,0.2,,,,0,2,898.27,,,,1055,,
"111","ATLIN","2023081818",0,19.8,38,10.6,157,18,87.043,4.788,16.085,,,,,,,,,,0.2,,,,0,2,898.28,,,,1055,,
"111","ATLIN","2023081819",0,19.1,37,10.7,162,18.3,87.442,5.094,16.853,,,,,,,,,,0.3,,,,0,2,898.34,,,,1055,,
"111","ATLIN","2023081820",0,17.5,40,7.6,161,17.8,87.648,4.487,15.313,,,,,,,,,,0.4,,,,0,2,898.37,,,,1055,,
"111","ATLIN","2023081821",0,12.1,65,0,11,8.6,87.51,3,11.15,,,,,,,,,,0.3,,,,0,2,898.48,,,,1055,,
"111","ATLIN","2023081822",0,9.8,70,6.8,19,10,87.179,4.031,14.102,,,,,,,,,,0.5,,,,0,2,898.52,,,,1055,,
"111","ATLIN","2023081823",0,8.3,74,6.5,39,10.3,86.795,3.759,13.354,,,,,,,,,,0.6,,,,0,2,898.5,,,,1055,,
"112","ISKUT","2023081800",0,7.5,99,0.5,5,5.2,70.487,0.652,0.836,,,,,,,,,,46.7,,,,,,,,2,510.55,742.4,,
"112","ISKUT","2023081801",0,7.3,99,0.7,278,4.3,70.531,0.659,0.846,,,,,,,,,,68,,,,,,,,2,510.55,742.4,,
"112","ISKUT","2023081802",0,7.5,97,0.6,3,6.7,70.586,0.657,0.843,,,,,,,,,,66.5,,,,,,,,2,510.56,742.4,,
"112","ISKUT","2023081803",0,7.8,95,1.4,49,8.7,70.666,0.686,0.88,,,,,,,,,,52.3,,,,,,,,2,510.55,742.4,,
"112","ISKUT","2023081804",0,7.6,98,0.4,25,4.1,70.713,0.653,0.838,,,,,,,,,,49.8,,,,,,,,2,510.55,742.4,,
"112","ISKUT","2023081805",0,7.7,97,0.1,359,6.6,70.765,0.645,0.827,,,,,,,,,,51.5,,,,,,,,2,510.54,742.4,,
"112","ISKUT","2023081806",0,8,90,1.5,321,8.2,70.924,0.695,0.892,,,,,,,,,,40.4,,,,,,,,2,510.85,742.4,,
"112","ISKUT","2023081807",0,8.5,91,3.1,294,8.1,71.084,0.758,0.972,,,,,,,,,,45.4,,,,,,,,2,510.87,742.4,,
"112","ISKUT","2023081808",0,8.9,86,1.8,55,6.7,71.327,0.716,0.918,,,,,,,,,,45,,,,,,,,2,510.84,742.4,,
"112","ISKUT","2023081809",0.2,9.9,91,0,250,6.4,67.691,0.581,0.746,,,,,,,,,,45.4,,,,,,,,2,511.16,742.6,,
"112","ISKUT","2023081810",0.2,9.6,92,0.1,160,3.7,64.332,0.516,0.662,,,,,,,,,,51.5,,,,,,,,2,511.5,742.8,,
"112","ISKUT","2023081811",0.2,10.7,86,0.2,158,3.4,61.408,0.449,0.577,,,,,,,,,,45.3,,,,,,,,2,511.16,743,,
"112","ISKUT","2023081812",0,13,72,2.4,246,8.5,62.503,0.532,0.683,1.2,75.99,0.917,1.714,20.041,364.427,35.238,2,,52.4,,,,,,,,2,511.46,743,,
"112","ISKUT","2023081813",0,13.7,74,6.7,193,13.1,63.748,0.701,0.923,,,,,,,,,,33.2,,,,,,,,2,510.44,743,,
"112","ISKUT","2023081814",0,18.8,46,5.8,286,14.1,66.232,0.74,0.975,,,,,,,,,,15.8,,,,,,,,2,511.04,743,,
"112","ISKUT","2023081815",0,19.3,44,6.4,187,13.8,68.661,0.828,1.384,,,,,,,,,,6.2,,,,,,,,2,510.36,743,,
"112","ISKUT","2023081816",0,18.9,41,8,291,17.8,71.017,0.968,1.886,,,,,,,,,,41.4,,,,,,,,2,510.01,743,,
"112","ISKUT","2023081817",0,19.4,44,3.9,342,15.6,72.857,0.842,1.442,,,,,,,,,,39.4,,,,,,,,2,509.69,743,,
"112","ISKUT","2023081818",0,16.1,69,0.9,22,14.4,73.498,0.744,0.98,,,,,,,,,,48.3,,,,,,,,2,509.7,743,,
"112","ISKUT","2023081819",0,16,64,0,219,2.1,74.069,0.73,0.962,,,,,,,,,,55.4,,,,,,,,2,509.71,743,,
"112","ISKUT","2023081820",0,11.7,90,0,348,5.4,74.155,0.733,0.966,,,,,,,,,,51.8,,,,,,,,2,509.74,743,,
"112","ISKUT","2023081821",0,8.5,96,0.7,37,4.2,74.199,0.761,1.034,,,,,,,,,,55.4,,,,,,,,2,510.14,743,,
"112","ISKUT","2023081822",0,7.3,98,1.8,70,5.4,74.199,0.805,1.285,,,,,,,,,,48.8,,,,,,,,2,510.5,743,,
"112","ISKUT","2023081823",0,5.8,100,0.2,38,4.2,74.076,0.738,0.972,,,,,,,,,,47.7,,,,,,,,2,510.54,743,,
"113","BOB QUINN LAKE","2023081800",0,8.2,84,4.2,135,8.5,80.405,1.467,0.733,,,,,,,,,0,59.4,,0,0,0,0,0,,1,-116.807,,0,
"113","BOB QUINN LAKE","2023081801",0,8.3,83,5.1,88,9.1,80.451,1.543,0.77,,,,,,,,,0,62.1,,0,0,0,0,0,,1,-116.814,,0,
"113","BOB QUINN LAKE","2023081802",0,8.6,80,7.8,145,11.4,80.497,1.776,0.887,,,,,,,,,0,56.4,,0,0,0,0,0,,1,-116.821,,0,
"113","BOB QUINN LAKE","2023081803",0,8.6,79,4.5,198,12,80.543,1.512,0.755,,,,,,,,,0,58.4,,0,0,0,0,0,,1,-116.816,,0,
"113","BOB QUINN LAKE","2023081804",0,8.4,84,5.2,139,10.8,80.575,1.571,0.785,,,,,,,,,0,61.6,,0,0,0,0,0,,1,-116.805,,0,
"113","BOB QUINN LAKE","2023081805",0,8.5,81,8.4,166,16,80.621,1.856,0.927,,,,,,,,,0,61.8,,0,0,0,0,0,,1,-116.792,,0,
"113","BOB QUINN LAKE","2023081806",0,8.4,82,9.4,186,16,80.667,1.962,0.98,,,,,,,,,0,59.8,,0,0,0,0,0,,1,-116.799,,0,
"113","BOB QUINN LAKE","2023081807",0,8.8,86,1.8,337,12.5,80.639,1.333,0.666,,,,,,,,,0,61.2,,0,0,0,0,0,,1,-116.801,,0,
"113","BOB QUINN LAKE","2023081808",0,8.8,86,4.1,64,6.8,80.607,1.492,0.745,,,,,,,,,0,62.8,,0,0,0,0,0,,1,-116.797,,0,
"113","BOB QUINN LAKE","2023081809",0,11.6,74,2.5,336,6.8,80.715,1.393,0.696,,,,,,,,,0,59.6,,0,0,0,0,0,,1,-116.803,,0,
"113","BOB QUINN LAKE","2023081810",0,14.3,64,4,175,7.4,81.015,1.553,0.776,,,,,,,,,0,49.9,,0,0,0,0,0,,1,-116.783,,0,
"113","BOB QUINN LAKE","2023081811",0,15.4,56,5.3,220,8.5,81.48,1.75,0.874,,,,,,,,,0,51.3,,0,0,0,0,0,,1,-116.809,,0,
"113","BOB QUINN LAKE","2023081812",0,17.9,56,4.5,219,10.8,81.964,1.781,0.889,0,78.583,1.243,0.752,5.335,215.5,10.048,1,0,57.6,,0,0,0,0,0,,1,-116.799,,0,
"113","BOB QUINN LAKE","2023081813",0,19.7,45,3.7,358,10.2,82.701,1.873,1.51,,,,,,,,,0,58.5,,0,0,0,0,0,,1,-116.81,,0,
"113","BOB QUINN LAKE","2023081814",0,16.8,59,2.7,321,17.2,82.966,1.842,1.456,,,,,,,,,0,59.5,,0,0,0,0,0,,1,-116.779,,0,
"113","BOB QUINN LAKE","2023081815",0,19,54,5.6,257,10.8,83.394,2.253,2.1,,,,,,,,,0,59.1,,0,0,0,0,0,,1,-116.776,,0,
"113","BOB QUINN LAKE","2023081816",0,17.6,53,4.8,292,13.7,83.751,2.267,2.121,,,,,,,,,0,56.2,,0,0,0,0,0,,1,-116.782,,0,
"113","BOB QUINN LAKE","2023081817",0,16.9,54,6,245,13.1,84.045,2.505,2.454,,,,,,,,,0,61.8,,0,0,0,0,0,,1,-116.79,,0,
"113","BOB QUINN LAKE","2023081818",0,16.2,54,3.4,287,13.7,84.275,2.266,2.119,,,,,,,,,0,46.4,,0,0,0,0,0,,1,-116.771,,0,
"113","BOB QUINN LAKE","2023081819",0,14.3,69,4.5,121,13.1,84.322,2.411,2.324,,,,,,,,,0,46,,0,0,0,0,0,,1,-116.788,,0,
"113","BOB QUINN LAKE","2023081820",0,14.3,60,8.5,138,15.4,84.408,2.983,3.086,,,,,,,,,0,56,,0,0,0,0,0,,1,-116.801,,0,
"113","BOB QUINN LAKE","2023081821",0,12.5,69,5.6,132,21.2,84.455,2.594,2.575,,,,,,,,,0,53.7,,0,0,0,0,0,,1,-116.795,,0,
"113","BOB QUINN LAKE","2023081822",0,10.8,80,5.7,135,11.4,84.222,2.527,2.484,,,,,,,,,0,59,,0,0,0,0,0,,1,-116.789,,0,
"113","BOB QUINN LAKE","2023081823",0,10.8,80,5.3,146,14.9,84.017,2.409,2.322,,,,,,,,,0,60.6,,0,0,0,0,0,,1,-116.796,,0,
"117","SIERRA","2023081800",0,8.7,83,5.6,341,14.9,87.378,3.904,10.333,,,,,,,,,,,,,,,,,,,,,,
"117","SIERRA","2023081801",0,8.3,95,6.5,320,21.2,86.149,3.431,9.27,,,,,,,,,,,,,,,,,,,,,,
"117","SIERRA","2023081802",0.8,7.6,100,5.8,317,16,68.621,0.802,1.87,,,,,,,,,,,,,,,,,,,,,,
"117","SIERRA","2023081803",0.4,7.5,100,6.3,316,13.7,61.666,0.62,0.98,,,,,,,,,,,,,,,,,,,,,,
"117","SIERRA","2023081804",0,7.4,100,4.9,307,11.4,61.706,0.579,0.916,,,,,,,,,,,,,,,,,,,,,,
"117","SIERRA","2023081805",0,7.5,100,4.8,313,12.5,61.746,0.577,0.913,,,,,,,,,,,,,,,,,,,,,,
"117","SIERRA","2023081806",0.2,7.4,100,6.6,304,16,58.635,0.521,0.825,,,,,,,,,,,,,,,,,,,,,,
"117","SIERRA","2023081807",0,7.1,100,5.9,300,14.3,58.674,0.505,0.798,,,,,,,,,,,,,,,,,,,,,,
"117","SIERRA","2023081808",0,8.3,100,4.7,302,11.4,58.713,0.476,0.753,,,,,,,,,,,,,,,,,,,,,,
"117","SIERRA","2023081809",0,10.1,88,7.2,311,17.2,59.381,0.565,0.894,,,,,,,,,,,,,,,,,,,,,,
"117","SIERRA","2023081810",0,12.7,72,8.7,318,22.3,60.895,0.67,1.285,,,,,,,,,,,,,,,,,,,,,,
"117","SIERRA","2023081811",0,12.9,65,7.3,311,21.2,62.529,0.682,1.347,,,,,,,,,,,,,,,,,,,,,,
"117","SIERRA","2023081812",0,13.1,57,8.3,319,21.8,64.382,0.781,1.786,1.4,78.406,1.482,4.318,26.708,579.925,47.9,3,,,,,,,,,,,,,,
"117","SIERRA","2023081813",0,13.1,59,7.6,310,16.6,66.019,0.804,1.979,,,,,,,,,,,,,,,,,,,,,,
"117","SIERRA","2023081814",0,14.1,57,6.8,300,17.2,67.636,0.817,2.03,,,,,,,,,,,,,,,,,,,,,,
"117","SIERRA","2023081815",0,14,55,5.7,322,17.7,69.14,0.811,2.007,,,,,,,,,,,,,,,,,,,,,,
"117","SIERRA","2023081816",0,14.4,59,6.5,264,13.7,70.481,0.882,2.28,,,,,,,,,,,,,,,,,,,,,,
"117","SIERRA","2023081817",0,14.2,62,3.7,294,18.9,71.52,0.793,1.934,,,,,,,,,,,,,,,,,,,,,,
"117","SIERRA","2023081818",0,14.4,60,4.1,251,9.1,72.568,0.841,2.124,,,,,,,,,,,,,,,,,,,,,,
"117","SIERRA","2023081819",0,12.9,78,2.2,226,5.6,73.005,0.778,1.873,,,,,,,,,,,,,,,,,,,,,,
"117","SIERRA","2023081820",0,10.7,90,2.2,175,6.2,73.145,0.782,1.891,,,,,,,,,,,,,,,,,,,,,,
"117","SIERRA","2023081821",0,8.7,100,2.5,192,5.6,73.11,0.793,1.935,,,,,,,,,,,,,,,,,,,,,,
"117","SIERRA","2023081822",0,7.3,100,2.5,183,5.1,73.065,0.792,1.929,,,,,,,,,,,,,,,,,,,,,,
"117","SIERRA","2023081823",0,8.8,95,4.1,193,7.4,73.124,0.86,2.199,,,,,,,,,,,,,,,,,,,,,,
"118","HELMUT","2023081800",0.2,7.9,98,11,345,17.7,76.958,1.511,5.321,,,,,,,,,0,193.3,,0,0,0,0,0,,0,0,,0,
"118","HELMUT","2023081801",0,7.7,99,12.5,339,18.9,76.548,1.583,5.571,,,,,,,,,0,193.3,,0,0,0,0,0,,0,0,,0,
"118","HELMUT","2023081802",0,7.7,98,11.6,343,20.6,76.278,1.485,5.23,,,,,,,,,0,193.3,,0,0,0,0,0,,0,0,,0,
"118","HELMUT","2023081803",0,7.3,96,7.4,331,17.7,76.197,1.195,4.172,,,,,,,,,0,193.3,,0,0,0,0,0,,0,0,,0,
"118","HELMUT","2023081804",0,7.2,97,6.7,328,13.7,76.059,1.144,3.975,,,,,,,,,0,193.3,,0,0,0,0,0,,0,0,,0,
"118","HELMUT","2023081805",0,7.2,99,12.4,336,19.5,75.753,1.495,5.265,,,,,,,,,0,193.3,,0,0,0,0,0,,0,0,,0,
"118","HELMUT","2023081806",0,7.2,97,10.5,327,18.3,75.65,1.35,4.746,,,,,,,,,0,193.3,,0,0,0,0,0,,0,0,,0,
"118","HELMUT","2023081807",0,7.4,94,9.2,344,17.7,75.695,1.268,4.444,,,,,,,,,0,193.3,,0,0,0,0,0,,0,0,,0,
"118","HELMUT","2023081808",0,8.4,86,13,338,18.3,75.857,1.551,5.461,,,,,,,,,0,193.3,,0,0,0,0,0,,0,0,,0,
"118","HELMUT","2023081809",0,9.1,78,13.6,327,22.3,76.2,1.634,5.748,,,,,,,,,0,193.3,,0,0,0,0,0,,0,0,,0,
"118","HELMUT","2023081810",0,10.1,71,10.7,333,27.5,76.668,1.458,5.133,,,,,,,,,0,193.3,,0,0,0,0,0,,0,0,,0,
"118","HELMUT","2023081811",0,12.3,58,12,336,25.2,77.464,1.651,5.806,,,,,,,,,0,193.3,,0,0,0,0,0,,0,0,,0,
"118","HELMUT","2023081812",0,12.9,53,10.6,11,24.1,78.306,1.65,5.801,0.4,88.499,5.897,17.223,37.445,543.636,63.889,4,0,193.3,,0,0,0,0,0,,0,0,,0,
"118","HELMUT","2023081813",0,13.9,47,10.8,19,26.4,79.257,1.819,6.513,,,,,,,,,0,193.3,,0,0,0,0,0,,0,0,,0,
"118","HELMUT","2023081814",0,13.5,54,10,325,28.1,79.926,1.868,6.676,,,,,,,,,0,193.3,,0,0,0,0,0,,0,0,,0,
"118","HELMUT","2023081815",0,14.5,49,12.1,309,22.3,80.709,2.258,7.93,,,,,,,,,0,193.3,,0,0,0,0,0,,0,0,,0,
"118","HELMUT","2023081816",0,15.3,47,13.2,337,20.6,81.505,2.613,9.007,,,,,,,,,0,193.3,,0,0,0,0,0,,0,0,,0,
"118","HELMUT","2023081817",0,15.1,46,14.8,332,21.2,82.244,3.096,10.391,,,,,,,,,0,193.3,,0,0,0,0,0,,0,0,,0,
"118","HELMUT","2023081818",0,14.9,50,7.2,291,20,82.724,2.241,7.877,,,,,,,,,0,193.3,,0,0,0,0,0,,0,0,,0,
"118","HELMUT","2023081819",0,14,53,6.2,285,14.9,83.065,2.225,7.828,,,,,,,,,0,193.3,,0,0,0,0,0,,0,0,,0,
"118","HELMUT","2023081820",0,10.9,70,4.7,263,7.4,83.112,2.076,7.355,,,,,,,,,0,193.3,,0,0,0,0,0,,0,0,,0,
"118","HELMUT","2023081821",0,8.9,73,5.9,250,7.4,83.156,2.218,7.804,,,,,,,,,0,193.3,,0,0,0,0,0,,0,0,,0,
"118","HELMUT","2023081822",0,8.8,74,5.5,258,7.4,83.175,2.179,7.682,,,,,,,,,0,193.3,,0,0,0,0,0,,0,0,,0,
"118","HELMUT","2023081823",0,8,78,5.3,258,7.9,83.1,2.136,7.548,,,,,,,,,0,193.3,,0,0,0,0,0,,0,0,,0,
"119","NELSON FORKS","2023081800",0,6.2,100,8.7,162,12.5,40.957,0.064,0.087,,,,,,,,,,,,,,,,,,,,,,
"119","NELSON FORKS","2023081801",0,6.2,96,9.7,152,14.3,41.35,0.073,0.099,,,,,,,,,,,,,,,,,,,,,,
"119","NELSON FORKS","2023081802",0.2,6.2,93,10,143,14.3,40.066,0.058,0.079,,,,,,,,,,,,,,,,,,,,,,
"119","NELSON FORKS","2023081803",0,6,96,10.1,183,16,40.468,0.063,0.086,,,,,,,,,,,,,,,,,,,,,,
"119","NELSON FORKS","2023081804",0,6.5,92,12.4,175,22.9,41.262,0.082,0.111,,,,,,,,,,,,,,,,,,,,,,
"119","NELSON FORKS","2023081805",0,6.3,90,13.1,184,21.2,42.216,0.101,0.137,,,,,,,,,,,,,,,,,,,,,,
"119","NELSON FORKS","2023081806",0,7.3,84,13.5,164,26.4,43.636,0.131,0.177,,,,,,,,,,,,,,,,,,,,,,
"119","NELSON FORKS","2023081807",0,7.8,84,11,166,20,44.963,0.142,0.193,,,,,,,,,,,,,,,,,,,,,,
"119","NELSON FORKS","2023081808",0,8.9,78,10.3,169,18.3,46.627,0.176,0.239,,,,,,,,,,,,,,,,,,,,,,
"119","NELSON FORKS","2023081809",0,9.9,79,10,161,20.6,48.236,0.217,0.294,,,,,,,,,,,,,,,,,,,,,,
"119","NELSON FORKS","2023081810",0,11.5,72,9.2,157,19.5,50.205,0.267,0.363,,,,,,,,,,,,,,,,,,,,,,
"119","NELSON FORKS","2023081811",0,13.5,69,10.4,153,17.7,52.452,0.367,0.497,,,,,,,,,,,,,,,,,,,,,,
"119","NELSON FORKS","2023081812",0,16.8,60,8.3,161,17.2,55.164,0.43,0.584,3,69.025,0.921,1.525,20.678,178.415,32.066,2,,,,,,,,,,,,,,
"119","NELSON FORKS","2023081813",0,15.2,65,2.8,209,18.3,56.941,0.379,0.468,,,,,,,,,,,,,,,,,,,,,,
"119","NELSON FORKS","2023081814",0,15.8,64,3.3,311,8.5,58.762,0.445,0.55,,,,,,,,,,,,,,,,,,,,,,
"119","NELSON FORKS","2023081815",0,18.8,52,5.2,103,12,61.36,0.577,0.712,,,,,,,,,,,,,,,,,,,,,,
"119","NELSON FORKS","2023081816",0,18.2,56,6.6,134,14.3,63.66,0.695,0.858,,,,,,,,,,,,,,,,,,,,,,
"119","NELSON FORKS","2023081817",0,18,58,5.7,94,12,65.641,0.721,0.89,,,,,,,,,,,,,,,,,,,,,,
"119","NELSON FORKS","2023081818",0,15.9,67,2.8,68,10.8,66.858,0.651,0.804,,,,,,,,,,,,,,,,,,,,,,
"119","NELSON FORKS","2023081819",0,14,76,2.7,55,5.6,67.649,0.665,0.821,,,,,,,,,,,,,,,,,,,,,,
"119","NELSON FORKS","2023081820",0,12.5,78,4.7,62,10.2,68.378,0.753,0.93,,,,,,,,,,,,,,,,,,,,,,
"119","NELSON FORKS","2023081821",0,12.8,76,6.5,101,12.5,69.199,0.846,1.234,,,,,,,,,,,,,,,,,,,,,,
"119","NELSON FORKS","2023081822",0,13.4,69,10,123,20.6,70.306,1.046,1.927,,,,,,,,,,,,,,,,,,,,,,
"119","NELSON FORKS","2023081823",0,13.5,67,12.3,134,22.9,71.454,1.22,2.436,,,,,,,,,,,,,,,,,,,,,,
"120","SILVER","2023081800",0,7.2,81,8.6,302,21.6,82.219,2.258,3.873,,,,,,,,,,,,,,,,,,,,1953.5,,
"120","SILVER","2023081801",0,6.5,84,7.4,286,25.3,82.062,2.085,3.537,,,,,,,,,,,,,,,,,,,,1953.5,,
"120","SILVER","2023081802",0,6.6,88,5.6,298,20.2,81.799,1.845,3.054,,,,,,,,,,,,,,,,,,,,1953.5,,
"120","SILVER","2023081803",0,7.2,87,7.7,297,17.9,81.589,2,3.369,,,,,,,,,,,,,,,,,,,,1953.5,,
"120","SILVER","2023081804",0,6.5,99,5.7,294,23.2,80.755,1.644,2.632,,,,,,,,,,,,,,,,,,,,1953.5,,
"120","SILVER","2023081805",0.3,6.4,95,7.2,290,23.5,74.25,1.059,1.163,,,,,,,,,,,,,,,,,,,,1953.8,,
"120","SILVER","2023081806",0,6.5,92,8.6,306,20.6,74.325,1.14,1.432,,,,,,,,,,,,,,,,,,,,1953.8,,
"120","SILVER","2023081807",0,6.7,93,6,291,24.9,74.382,1.003,0.973,,,,,,,,,,,,,,,,,,,,1953.8,,
"120","SILVER","2023081808",0,7,90,8.2,284,23,74.489,1.127,1.392,,,,,,,,,,,,,,,,,,,,1953.8,,
"120","SILVER","2023081809",0,8.4,79,9,301,20,74.839,1.195,1.583,,,,,,,,,,,,,,,,,,,,1953.8,,
"120","SILVER","2023081810",0,9.8,67,7.9,302,32.5,75.434,1.169,1.513,,,,,,,,,,,,,,,,,,,,1953.8,,
"120","SILVER","2023081811",0,10.6,65,5.2,282,22.6,76.006,1.057,1.155,,,,,,,,,,,,,,,,,,,,1953.8,,
"120","SILVER","2023081812",0,13.3,51,6.9,309,25.4,76.966,1.23,1.674,0.6,85.077,3.015,5.564,15.028,159.368,24.322,2,,,,,,,,,,,,1953.8,,
"120","SILVER","2023081813",0,11.9,59,8.5,297,24.3,77.648,1.405,2.29,,,,,,,,,,,,,,,,,,,,1953.8,,
"120","SILVER","2023081814",0,13.2,52,5.3,261,17.3,78.408,1.274,1.972,,,,,,,,,,,,,,,,,,,,1953.8,,
"120","SILVER","2023081815",0,13.7,53,3.6,277,20.4,79.063,1.242,1.89,,,,,,,,,,,,,,,,,,,,1953.8,,
"120","SILVER","2023081816",0,13,53,8.1,293,22.9,79.726,1.663,2.882,,,,,,,,,,,,,,,,,,,,1953.8,,
"120","SILVER","2023081817",0,13.6,54,5.2,245,18.3,80.285,1.523,2.567,,,,,,,,,,,,,,,,,,,,1953.8,,
"120","SILVER","2023081818",0,13.1,57,3.7,311,14.7,80.705,1.478,2.463,,,,,,,,,,,,,,,,,,,,1953.8,,
"120","SILVER","2023081819",0,11.3,73,2.3,328,13.1,80.816,1.394,2.266,,,,,,,,,,,,,,,,,,,,1953.8,,
"120","SILVER","2023081820",0,7.1,96,0,256,4,80.438,1.191,1.757,,,,,,,,,,,,,,,,,,,,1953.8,,
"120","SILVER","2023081821",0,8,88,0.1,221,3.2,80.377,1.189,1.752,,,,,,,,,,,,,,,,,,,,1953.8,,
"120","SILVER","2023081822",0,7.5,94,0,187,5.7,80.121,1.152,1.65,,,,,,,,,,,,,,,,,,,,1953.8,,
"120","SILVER","2023081823",0,6.5,89,0,178,1.6,80.05,1.143,1.626,,,,,,,,,,,,,,,,,,,,1953.8,,
"121","PADDY","2023081800",0,8.8,69,8,336,15.4,87.298,4.355,10.14,,,,,,,,,0,193.3,,0,0,0,0,0,,0,0,,0,
"121","PADDY","2023081801",0,7.5,78,7.4,335,20.6,86.797,3.935,9.309,,,,,,,,,0,193.3,,0,0,0,0,0,,0,0,,0,
"121","PADDY","2023081802",0,7,82,5.9,315,12.5,86.258,3.381,8.163,,,,,,,,,0,193.3,,0,0,0,0,0,,0,0,,0,
"121","PADDY","2023081803",0,6.8,90,7.3,329,15.4,85.459,3.244,7.871,,,,,,,,,0,193.3,,0,0,0,0,0,,0,0,,0,
"121","PADDY","2023081804",0,6.7,93,8.7,319,16.6,84.568,3.079,7.513,,,,,,,,,0,193.3,,0,0,0,0,0,,0,0,,0,
"121","PADDY","2023081805",0.2,6.7,98,6.6,336,15.4,79.266,1.473,3.576,,,,,,,,,0,193.3,,0,0,0,0,0,,0,0,,0,
"121","PADDY","2023081806",0.6,6.9,100,7.8,348,13.1,67.086,0.844,1.611,,,,,,,,,0,193.3,,0,0,0,0,0,,0,0,,0,
"121","PADDY","2023081807",0,7.4,97,7.8,339,16,67.186,0.846,1.622,,,,,,,,,0,193.3,,0,0,0,0,0,,0,0,,0,
"121","PADDY","2023081808",0,7.6,94,7.5,335,17.7,67.369,0.839,1.593,,,,,,,,,0,193.3,,0,0,0,0,0,,0,0,,0,
"121","PADDY","2023081809",0.2,7.8,92,11,319,21.8,64.213,0.889,1.776,,,,,,,,,0,193.3,,0,0,0,0,0,,0,0,,0,
"121","PADDY","2023081810",0,8.8,88,9.9,334,19.5,64.738,0.859,1.67,,,,,,,,,0,193.3,,0,0,0,0,0,,0,0,,0,
"121","PADDY","2023081811",0,10.2,73,11.7,327,21.8,65.888,0.984,2.103,,,,,,,,,0,193.3,,0,0,0,0,0,,0,0,,0,
"121","PADDY","2023081812",1,9.4,87,7.1,314,20.6,51.408,0.277,0.384,2,64.787,0.748,0.971,19.374,394.712,34.513,2,0,193.3,,0,0,0,0,0,,0,0,,0,
"121","PADDY","2023081813",0,10.6,77,9.6,314,26.9,52.976,0.372,0.483,,,,,,,,,0,193.3,,0,0,0,0,0,,0,0,,0,
"121","PADDY","2023081814",0,11.9,68,14,315,24.1,55.156,0.573,0.744,,,,,,,,,0,193.3,,0,0,0,0,0,,0,0,,0,
"121","PADDY","2023081815",0,10.7,79,7.6,333,21.2,56.408,0.463,0.601,,,,,,,,,0,193.3,,0,0,0,0,0,,0,0,,0,
"121","PADDY","2023081816",0.2,12.2,63,6,334,15.4,55.552,0.397,0.515,,,,,,,,,0,193.3,,0,0,0,0,0,,0,0,,0,
"121","PADDY","2023081817",0,12.5,63,7.5,322,16.6,57.531,0.503,0.653,,,,,,,,,0,193.3,,0,0,0,0,0,,0,0,,0,
"121","PADDY","2023081818",0,12.2,61,8.1,308,17.7,59.482,0.596,0.773,,,,,,,,,0,193.3,,0,0,0,0,0,,0,0,,0,
"121","PADDY","2023081819",0,11.1,73,2.4,325,11.4,60.538,0.477,0.62,,,,,,,,,0,193.3,,0,0,0,0,0,,0,0,,0,
"121","PADDY","2023081820",0,7.7,94,0,71,3.9,60.671,0.426,0.554,,,,,,,,,0,193.3,,0,0,0,0,0,,0,0,,0,
"121","PADDY","2023081821",0,6.7,96,3.9,176,4.5,60.839,0.524,0.681,,,,,,,,,0,193.3,,0,0,0,0,0,,0,0,,0,
"121","PADDY","2023081822",0,6.4,95,5.1,188,7.4,61.051,0.564,0.732,,,,,,,,,0,193.3,,0,0,0,0,0,,0,0,,0,
"121","PADDY","2023081823",0,6,96,6.9,184,8.5,61.234,0.624,0.81,,,,,,,,,0,193.3,,0,0,0,0,0,,0,0,,0,
"124","GRAHAM","2023081800",0,7.1,98,1.8,19,5.6,86.092,2.686,9.826,,,,,,,,,0,193.3,,0,0,0,0,0,,0,0,,0,
"124","GRAHAM","2023081801",0,5.8,99,2.4,302,4.5,84.917,2.351,8.772,,,,,,,,,0,193.3,,0,0,0,0,0,,0,0,,0,
"124","GRAHAM","2023081802",0,5.6,99,2.7,286,5.6,83.849,2.067,7.835,,,,,,,,,0,193.3,,0,0,0,0,0,,0,0,,0,
"124","GRAHAM","2023081803",0,6.1,99,6.3,1,14.3,82.767,2.153,8.124,,,,,,,,,0,193.3,,0,0,0,0,0,,0,0,,0,
"124","GRAHAM","2023081804",0,6.6,96,2.4,316,9.1,82.106,1.63,6.302,,,,,,,,,0,193.3,,0,0,0,0,0,,0,0,,0,
"124","GRAHAM","2023081805",0,7.8,76,5.8,350,16,82.153,1.945,7.421,,,,,,,,,0,193.3,,0,0,0,0,0,,0,0,,0,
"124","GRAHAM","2023081806",0,8,78,4,323,13.1,82.176,1.782,6.849,,,,,,,,,0,193.3,,0,0,0,0,0,,0,0,,0,
"124","GRAHAM","2023081807",0,8.9,74,5,325,12.5,82.223,1.884,7.211,,,,,,,,,0,193.3,,0,0,0,0,0,,0,0,,0,
"124","GRAHAM","2023081808",0,9.9,70,8,0,20,82.274,2.206,8.299,,,,,,,,,0,193.3,,0,0,0,0,0,,0,0,,0,
"124","GRAHAM","2023081809",0,9.9,78,8.2,330,17.7,82.31,2.238,8.405,,,,,,,,,0,193.3,,0,0,0,0,0,,0,0,,0,
"124","GRAHAM","2023081810",0,12.8,61,8.8,356,22.9,82.535,2.372,8.84,,,,,,,,,0,193.3,,0,0,0,0,0,,0,0,,0,
"124","GRAHAM","2023081811",0,12,61,7.3,267,22.3,82.72,2.251,8.447,,,,,,,,,0,193.3,,0,0,0,0,0,,0,0,,0,
"124","GRAHAM","2023081812",0,15.1,42,8.6,14,20,83.352,2.606,9.579,0,90.781,7.394,21.836,50.222,337.096,73.185,4,0,193.3,,0,0,0,0,0,,0,0,,0,
"124","GRAHAM","2023081813",0,15,41,9.2,41,21.2,83.943,2.903,10.698,,,,,,,,,0,193.3,,0,0,0,0,0,,0,0,,0,
"124","GRAHAM","2023081814",0,16.9,34,5.5,327,17.2,84.667,2.656,9.937,,,,,,,,,0,193.3,,0,0,0,0,0,,0,0,,0,
"124","GRAHAM","2023081815",0,16.3,38,5.7,102,20.6,85.19,2.883,10.637,,,,,,,,,0,193.3,,0,0,0,0,0,,0,0,,0,
"124","GRAHAM","2023081816",0,16.7,40,7.3,24,20,85.638,3.325,11.946,,,,,,,,,0,193.3,,0,0,0,0,0,,0,0,,0,
"124","GRAHAM","2023081817",0,18.1,36,3.6,190,13.1,86.135,2.959,10.866,,,,,,,,,0,193.3,,0,0,0,0,0,,0,0,,0,
"124","GRAHAM","2023081818",0,15.9,56,2,196,6.8,86.183,2.748,10.223,,,,,,,,,0,193.3,,0,0,0,0,0,,0,0,,0,
"124","GRAHAM","2023081819",0,11.9,81,2.5,301,3.9,85.778,2.663,9.956,,,,,,,,,0,193.3,,0,0,0,0,0,,0,0,,0,
"124","GRAHAM","2023081820",0,6.9,94,1.9,328,3.9,84.958,2.306,8.81,,,,,,,,,0,193.3,,0,0,0,0,0,,0,0,,0,
"124","GRAHAM","2023081821",0,5.6,98,2.4,327,7.4,83.973,2.069,8.017,,,,,,,,,0,193.3,,0,0,0,0,0,,0,0,,0,
"124","GRAHAM","2023081822",0,6.5,98,1.9,294,5.1,83.085,1.796,7.059,,,,,,,,,0,193.3,,0,0,0,0,0,,0,0,,0,
"124","GRAHAM","2023081823",0,7.7,84,5.9,236,15.4,82.858,2.135,8.239,,,,,,,,,0,193.3,,0,0,0,0,0,,0,0,,0,
"126","TOAD RIVER","2023081800",0,8,100,2.6,257,6.8,79.469,1.228,2.309,,,,,,,,,0,0,,0,0,0,0,0,,0,0,,0,
"126","TOAD RIVER","2023081801",0,8,100,2,120,5.6,78.836,1.122,2.011,,,,,,,,,0,0,,0,0,0,0,0,,0,0,,0,
"126","TOAD RIVER","2023081802",0.8,7.6,100,0,119,7.4,63.154,0.487,0.575,,,,,,,,,0,0,,0,0,0,0,0,,0,0,,0,
"126","TOAD RIVER","2023081803",0.2,7,100,1.7,177,2.8,59.954,0.445,0.526,,,,,,,,,0,0,,0,0,0,0,0,,0,0,,0,
"126","TOAD RIVER","2023081804",0,6.7,100,1.6,141,4.5,59.993,0.444,0.524,,,,,,,,,0,0,,0,0,0,0,0,,0,0,,0,
"126","TOAD RIVER","2023081805",0,5.3,100,2,284,3.9,60.032,0.454,0.536,,,,,,,,,0,0,,0,0,0,0,0,,0,0,,0,
"126","TOAD RIVER","2023081806",0,6.3,100,1.7,279,3.9,60.071,0.448,0.529,,,,,,,,,0,0,,0,0,0,0,0,,0,0,,0,
"126","TOAD RIVER","2023081807",0,6.6,100,0,71,2.2,60.11,0.412,0.487,,,,,,,,,0,0,,0,0,0,0,0,,0,0,,0,
"126","TOAD RIVER","2023081808",0,7.1,100,1.6,288,3.3,60.149,0.448,0.529,,,,,,,,,0,0,,0,0,0,0,0,,0,0,,0,
"126","TOAD RIVER","2023081809",0.6,8.2,100,1.7,323,3.9,51.48,0.213,0.251,,,,,,,,,0,0,,0,0,0,0,0,,0,0,,0,
"126","TOAD RIVER","2023081810",0,12.4,77,4.3,99,7.9,52.863,0.281,0.333,,,,,,,,,0,0,,0,0,0,0,0,,0,0,,0,
"126","TOAD RIVER","2023081811",0,13.9,66,3.2,268,13.1,54.652,0.318,0.375,,,,,,,,,0,0,,0,0,0,0,0,,0,0,,0,
"126","TOAD RIVER","2023081812",0,15.1,62,4.1,162,9.1,56.683,0.397,0.469,1.8,72.983,0.855,1.029,17.471,244.836,29.653,2,0,0,,0,0,0,0,0,,0,0,,0,
"126","TOAD RIVER","2023081813",0,16.9,55,8.5,283,18.3,59.352,0.603,0.706,,,,,,,,,0,0,,0,0,0,0,0,,0,0,,0,
"126","TOAD RIVER","2023081814",0,18,39,14.2,270,20.6,62.883,0.982,1.561,,,,,,,,,0,0,,0,0,0,0,0,,0,0,,0,
"126","TOAD RIVER","2023081815",0,18.6,43,8,257,23.5,65.674,0.81,0.949,,,,,,,,,0,0,,0,0,0,0,0,,0,0,,0,
"126","TOAD RIVER","2023081816",0,18.2,46,9.1,281,17.2,68.126,0.932,1.39,,,,,,,,,0,0,,0,0,0,0,0,,0,0,,0,
"126","TOAD RIVER","2023081817",0,18.4,43,9.8,284,17.7,70.503,1.042,1.748,,,,,,,,,0,0,,0,0,0,0,0,,0,0,,0,
"126","TOAD RIVER","2023081818",0,16.9,47,8.5,320,31.6,72.332,1.04,1.743,,,,,,,,,0,0,,0,0,0,0,0,,0,0,,0,
"126","TOAD RIVER","2023081819",0,15.2,52,8.3,352,21.8,73.724,1.091,1.896,,,,,,,,,0,0,,0,0,0,0,0,,0,0,,0,
"126","TOAD RIVER","2023081820",0,13.9,57,7.8,350,16.6,74.781,1.121,1.982,,,,,,,,,0,0,,0,0,0,0,0,,0,0,,0,
"126","TOAD RIVER","2023081821",0,13.4,58,7.6,347,15.4,75.701,1.17,2.12,,,,,,,,,0,0,,0,0,0,0,0,,0,0,,0,
"126","TOAD RIVER","2023081822",0,13.8,59,8.4,358,14.3,76.557,1.288,2.441,,,,,,,,,0,0,,0,0,0,0,0,,0,0,,0,
"126","TOAD RIVER","2023081823",0,13,61,7.2,353,14.9,77.245,1.275,2.405,,,,,,,,,0,0,,0,0,0,0,0,,0,0,,0,
"127","TUMBLER HUB","2023081800",0,10.9,63,7.3,335,19.5,89.477,5.746,16.088,,,,,,,,,,172.5,,,,0,2,940.75,,,,,,
"127","TUMBLER HUB","2023081801",0,10.7,60,4.8,357,15.4,89.17,4.848,14.126,,,,,,,,,,142.8,,,,0,2,940.73,,,,,,
"127","TUMBLER HUB","2023081802",0,10.7,61,5.2,9,12,88.869,4.737,13.876,,,,,,,,,,194.8,,,,0,2,940.73,,,,,,
"127","TUMBLER HUB","2023081803",0,9,75,5.8,8,15.4,88.295,4.496,13.322,,,,,,,,,,205.9,,,,0,2,940.76,,,,,,
"127","TUMBLER HUB","2023081804",0.2,7.6,88,5.2,343,13.7,82.923,2.078,6.939,,,,,,,,,,176.2,,,,0.31,2,941.2,,,,,,
"127","TUMBLER HUB","2023081805",0.4,7,89,3.2,20,19.5,74.141,0.861,2.688,,,,,,,,,,205.9,,,,0.4,2,941.58,,,,,,
"127","TUMBLER HUB","2023081806",1.6,6.7,97,1.7,227,9.1,48.306,0.144,0.271,,,,,,,,,,120.8,,,,2.02,2,943.63,,,,,,
"127","TUMBLER HUB","2023081807",1.2,6.7,99,3.8,272,5.6,35.783,0.018,0.033,,,,,,,,,,220.7,,,,1.71,2,945.29,,,,,,
"127","TUMBLER HUB","2023081808",2.8,6.7,98,1.7,40,5.6,18.4,0,0,,,,,,,,,,202.2,,,,3.63,2,948.79,,,,,,
"127","TUMBLER HUB","2023081809",0.8,7.3,99,2.2,241,3.9,15.579,0,0,,,,,,,,,,176.3,,,,1,2,949.64,,,,,,
"127","TUMBLER HUB","2023081810",0.2,7.7,96,4.2,316,6.8,15.389,0,0,,,,,,,,,,154.2,,,,0.4,2,950,,,,,,
"127","TUMBLER HUB","2023081811",0,8.4,90,4.8,2,12.5,16.366,0,0,,,,,,,,,,117.3,,,,0,2,949.92,,,,,,
"127","TUMBLER HUB","2023081812",0,8.2,91,5.3,326,17.7,17.277,0,0,7.2,33.447,0.011,0.014,19.165,455.181,34.68,2,,43.4,,,,0,2,949.94,,,,,,
"127","TUMBLER HUB","2023081813",0,10,75,9.3,314,16,19.672,0,0,,,,,,,,,,124.6,,,,0,2,949.74,,,,,,
"127","TUMBLER HUB","2023081814",0.2,11.6,65,6.1,286,18.9,21.651,0,0,,,,,,,,,,183.7,,,,0,2,949.64,,,,,,
"127","TUMBLER HUB","2023081815",0,11.7,74,6.2,273,14.3,23.976,0.001,0.001,,,,,,,,,,154,,,,0,2,949.57,,,,,,
"127","TUMBLER HUB","2023081816",0,12.2,69,5.9,249,15.4,26.561,0.002,0.002,,,,,,,,,,187.4,,,,0,2,949.6,,,,,,
"127","TUMBLER HUB","2023081817",0.4,12.9,72,3.3,78,16,26.452,0.001,0.002,,,,,,,,,,187.2,,,,0.51,2,950.03,,,,,,
"127","TUMBLER HUB","2023081818",0,10.5,86,2.2,252,12.5,27.542,0.002,0.002,,,,,,,,,,187.3,,,,0,2,949.98,,,,,,
"127","TUMBLER HUB","2023081819",0,10,85,4.8,247,7.9,28.883,0.003,0.004,,,,,,,,,,213.3,,,,0,2,950.01,,,,,,
"127","TUMBLER HUB","2023081820",0,6.5,92,5.2,228,9.7,29.596,0.004,0.005,,,,,,,,,,183.5,,,,0,2,950.12,,,,,,
"127","TUMBLER HUB","2023081821",0,4.3,95,2.7,111,6.2,29.963,0.004,0.005,,,,,,,,,,220.7,,,,0,2,950.16,,,,,,
"127","TUMBLER HUB","2023081822",0,2.8,98,4,126,6.8,30.139,0.004,0.006,,,,,,,,,,220.7,,,,0,2,950.18,,,,,,
"127","TUMBLER HUB","2023081823",0,1.4,97,3.6,116,7.4,30.367,0.005,0.006,,,,,,,,,,220.7,,,,0,2,950.18,,,,,,
"129","PINK MOUNTAIN","2023081800",0,6.1,84,3.2,256,17.2,85.196,2.544,7.378,,,,,,,,,0,0,,0,0,0,0,0,,0,0,,0,
"129","PINK MOUNTAIN","2023081801",0,5.6,87,5.6,279,13.1,84.667,2.67,7.705,,,,,,,,,0,0,,0,0,0,0,0,,0,0,,0,
"129","PINK MOUNTAIN","2023081802",0,5.6,87,6.7,254,17.2,84.175,2.64,7.63,,,,,,,,,0,0,,0,0,0,0,0,,0,0,,0,
"129","PINK MOUNTAIN","2023081803",0,4.8,87,4.7,263,12.5,83.757,2.258,6.614,,,,,,,,,0,0,,0,0,0,0,0,,0,0,,0,
"129","PINK MOUNTAIN","2023081804",0,4,94,7.8,1,16,83.041,2.405,7.01,,,,,,,,,0,0,,0,0,0,0,0,,0,0,,0,
"129","PINK MOUNTAIN","2023081805",0,5.7,88,8.6,2,16.6,82.656,2.384,6.955,,,,,,,,,0,0,,0,0,0,0,0,,0,0,,0,
"129","PINK MOUNTAIN","2023081806",0,6.1,88,7.5,359,16.6,82.319,2.163,6.352,,,,,,,,,0,0,,0,0,0,0,0,,0,0,,0,
"129","PINK MOUNTAIN","2023081807",0,5.7,92,6.2,1,15.4,81.857,1.915,5.652,,,,,,,,,0,0,,0,0,0,0,0,,0,0,,0,
"129","PINK MOUNTAIN","2023081808",0,6.7,84,7.2,2,15.4,81.737,1.985,5.854,,,,,,,,,0,0,,0,0,0,0,0,,0,0,,0,
"129","PINK MOUNTAIN","2023081809",0,8.9,76,9,302,19.5,81.784,2.186,6.416,,,,,,,,,0,0,,0,0,0,0,0,,0,0,,0,
"129","PINK MOUNTAIN","2023081810",0,9,62,13.3,2,22.9,81.981,2.78,7.987,,,,,,,,,0,0,,0,0,0,0,0,,0,0,,0,
"129","PINK MOUNTAIN","2023081811",0,10.2,60,6.1,24,22.9,82.187,1.983,5.848,,,,,,,,,0,0,,0,0,0,0,0,,0,0,,0,
"129","PINK MOUNTAIN","2023081812",0,11.5,58,8.2,318,21.8,82.444,2.275,6.662,0,87.992,4.858,12.981,29.18,442.314,50.097,3,0,0,,0,0,0,0,0,,0,0,,0,
"129","PINK MOUNTAIN","2023081813",0,12.3,48,10.1,6,22.9,82.894,2.65,7.823,,,,,,,,,0,0,,0,0,0,0,0,,0,0,,0,
"129","PINK MOUNTAIN","2023081814",0,11.9,54,5,340,17.7,83.146,2.117,6.37,,,,,,,,,0,0,,0,0,0,0,0,,0,0,,0,
"129","PINK MOUNTAIN","2023081815",0,14.6,40,10.6,2,18.9,83.784,3.05,8.849,,,,,,,,,0,0,,0,0,0,0,0,,0,0,,0,
"129","PINK MOUNTAIN","2023081816",0,13.7,40,10.5,300,22.3,84.317,3.259,9.365,,,,,,,,,0,0,,0,0,0,0,0,,0,0,,0,
"129","PINK MOUNTAIN","2023081817",0,13.6,46,9.1,303,19.5,84.648,3.177,9.162,,,,,,,,,0,0,,0,0,0,0,0,,0,0,,0,
"129","PINK MOUNTAIN","2023081818",0,14.2,44,7.9,303,21.2,84.995,3.135,9.06,,,,,,,,,0,0,,0,0,0,0,0,,0,0,,0,
"129","PINK MOUNTAIN","2023081819",0,12.3,54,6.5,306,18.9,85.081,2.957,8.613,,,,,,,,,0,0,,0,0,0,0,0,,0,0,,0,
"129","PINK MOUNTAIN","2023081820",0,9.3,61,9.1,318,22.3,85.129,3.393,9.689,,,,,,,,,0,0,,0,0,0,0,0,,0,0,,0,
"129","PINK MOUNTAIN","2023081821",0,8.7,81,4.2,266,20,84.803,2.535,7.518,,,,,,,,,0,0,,0,0,0,0,0,,0,0,,0,
"129","PINK MOUNTAIN","2023081822",0,7.1,88,0,327,6.2,84.427,1.949,5.887,,,,,,,,,0,0,,0,0,0,0,0,,0,0,,0,
"129","PINK MOUNTAIN","2023081823",0,6.2,90,2.1,293,5.6,83.917,2.023,6.103,,,,,,,,,0,0,,0,0,0,0,0,,0,0,,0,
"131","MUSKWA","2023081800",0.6,6.5,89,18.1,217,23.6,46.603,0.26,0.415,,,,,,,,,,,,,,,,,,,,5514.8,,
"131","MUSKWA","2023081801",0.6,6.7,85,16.8,234,27.1,41.616,0.109,0.174,,,,,,,,,,,,,,,,,,,,5515.4,,
"131","MUSKWA","2023081802",0,5.9,96,15.9,220,27.3,42.066,0.113,0.18,,,,,,,,,,,,,,,,,,,,5515.4,,
"131","MUSKWA","2023081803",0,6.2,94,9.7,220,17,42.616,0.091,0.145,,,,,,,,,,,,,,,,,,,,5515.4,,
"131","MUSKWA","2023081804",0,6.1,96,10,219,14.4,42.999,0.098,0.157,,,,,,,,,,,,,,,,,,,,5515.4,,
"131","MUSKWA","2023081805",0,6.2,93,15.7,231,19.8,43.721,0.148,0.236,,,,,,,,,,,,,,,,,,,,5515.4,,
"131","MUSKWA","2023081806",0,6.2,96,12.9,221,21,44.128,0.137,0.219,,,,,,,,,,,,,,,,,,,,5515.4,,
"131","MUSKWA","2023081807",0,7.7,91,12.1,208,17.8,44.978,0.151,0.241,,,,,,,,,,,,,,,,,,,,5515.4,,
"131","MUSKWA","2023081808",0,10,73,14,230,19.1,47.136,0.228,0.364,,,,,,,,,,,,,,,,,,,,5515.4,,
"131","MUSKWA","2023081809",0,11.1,61,6.8,207,14.5,49.42,0.215,0.343,,,,,,,,,,,,,,,,,,,,5515.4,,
"131","MUSKWA","2023081810",0,12.8,63,7,239,11.9,51.692,0.284,0.454,,,,,,,,,,,,,,,,,,,,5515.4,,
"131","MUSKWA","2023081811",0,14.3,56,8.7,221,16.3,54.376,0.408,0.651,,,,,,,,,,,,,,,,,,,,5515.4,,
"131","MUSKWA","2023081812",0,14.3,51,5.4,253,13.9,56.859,0.429,0.685,3.2,68.139,0.774,1.432,25.754,215.421,39.655,2,,,,,,,,,,,,5515.4,,
"131","MUSKWA","2023081813",0,16.6,48,5,183,11.8,59.494,0.51,0.729,,,,,,,,,,,,,,,,,,,,5515.4,,
"131","MUSKWA","2023081814",0.2,12.8,68,5.2,102,20.6,58.12,0.468,0.669,,,,,,,,,,,,,,,,,,,,5515.6,,
"131","MUSKWA","2023081815",0,16.8,47,1.8,151,8.5,60.393,0.459,0.656,,,,,,,,,,,,,,,,,,,,5515.6,,
"131","MUSKWA","2023081816",0,16.7,48,4.6,236,10.1,62.767,0.602,0.861,,,,,,,,,,,,,,,,,,,,5515.6,,
"131","MUSKWA","2023081817",0,17.7,40,5.6,242,10.2,65.417,0.711,1.114,,,,,,,,,,,,,,,,,,,,5515.6,,
"131","MUSKWA","2023081818",0,14.8,74,2.7,324,6.1,66.366,0.636,0.909,,,,,,,,,,,,,,,,,,,,5515.6,,
"131","MUSKWA","2023081819",0,12.9,75,4.2,297,14.7,67.242,0.707,1.089,,,,,,,,,,,,,,,,,,,,5515.6,,
"131","MUSKWA","2023081820",0,9.5,89,0.1,31,5.8,67.439,0.579,0.828,,,,,,,,,,,,,,,,,,,,5515.6,,
"131","MUSKWA","2023081821",0,8.6,88,17.9,218,21.1,67.932,1.443,3.619,,,,,,,,,,,,,,,,,,,,5515.6,,
"131","MUSKWA","2023081822",0,6,94,3.2,26,19.4,68.065,0.691,0.988,,,,,,,,,,,,,,,,,,,,5515.6,,
"131","MUSKWA","2023081823",0,5.1,97,0,290,7.4,68.121,0.589,0.842,,,,,,,,,,,,,,,,,,,,5515.6,,
"132","HUDSON HOPE","2023081800",0.8,10.5,89,1.7,151,14.9,72.614,0.747,2.834,,,,,,,,,,,,,,,,,,,,,,
"132","HUDSON HOPE","2023081801",0.8,9.4,96,1.8,89,7.4,58.581,0.408,0.921,,,,,,,,,,,,,,,,,,,,,,
"132","HUDSON HOPE","2023081802",0.2,9.3,95,3.3,29,5.6,55.898,0.357,0.806,,,,,,,,,,,,,,,,,,,,,,
"132","HUDSON HOPE","2023081803",0,8.4,92,4.2,67,12.5,56.317,0.387,0.874,,,,,,,,,,,,,,,,,,,,,,
"132","HUDSON HOPE","2023081804",0.2,8.2,94,2.5,45,10.8,53.812,0.283,0.639,,,,,,,,,,,,,,,,,,,,,,
"132","HUDSON HOPE","2023081805",0.2,7.9,96,3.7,69,5.6,51.401,0.233,0.526,,,,,,,,,,,,,,,,,,,,,,
"132","HUDSON HOPE","2023081806",0,7.9,96,2,17,5.6,51.619,0.219,0.495,,,,,,,,,,,,,,,,,,,,,,
"132","HUDSON HOPE","2023081807",0,8.4,96,0,308,8.5,51.749,0.201,0.454,,,,,,,,,,,,,,,,,,,,,,
"132","HUDSON HOPE","2023081808",0,9.5,84,2.7,351,6.8,52.58,0.252,0.569,,,,,,,,,,,,,,,,,,,,,,
"132","HUDSON HOPE","2023081809",0.2,10,75,5.7,20,15.4,51.468,0.26,0.587,,,,,,,,,,,,,,,,,,,,,,
"132","HUDSON HOPE","2023081810",0,10.8,71,5.1,1,16,53.066,0.299,0.676,,,,,,,,,,,,,,,,,,,,,,
"132","HUDSON HOPE","2023081811",0,12.5,63,3.1,327,16.6,54.85,0.322,0.727,,,,,,,,,,,,,,,,,,,,,,
"132","HUDSON HOPE","2023081812",0,13.5,62,7.1,200,18.3,56.959,0.472,1.305,2.4,70.826,0.919,3.32,39.421,573.488,67.281,3,,,,,,,,,,,,,,
"132","HUDSON HOPE","2023081813",1.4,13.3,73,3.2,40,19.5,41.533,0.054,0.113,,,,,,,,,,,,,,,,,,,,,,
"132","HUDSON HOPE","2023081814",0,14.9,56,4,10,21.8,44.352,0.091,0.189,,,,,,,,,,,,,,,,,,,,,,
"132","HUDSON HOPE","2023081815",0,17.3,35,7,52,16,48.513,0.193,0.403,,,,,,,,,,,,,,,,,,,,,,
"132","HUDSON HOPE","2023081816",0.2,17.4,34,5.8,25,18.9,50.154,0.224,0.467,,,,,,,,,,,,,,,,,,,,,,
"132","HUDSON HOPE","2023081817",0,17.3,35,4.2,30,18.3,53.688,0.304,0.635,,,,,,,,,,,,,,,,,,,,,,
"132","HUDSON HOPE","2023081818",0,17.4,37,3.5,49,15.4,56.864,0.39,0.814,,,,,,,,,,,,,,,,,,,,,,
"132","HUDSON HOPE","2023081819",0,13.8,61,2.9,105,6.2,58.618,0.432,0.901,,,,,,,,,,,,,,,,,,,,,,
"132","HUDSON HOPE","2023081820",0,10.4,77,1.7,152,5.1,59.491,0.432,0.9,,,,,,,,,,,,,,,,,,,,,,
"132","HUDSON HOPE","2023081821",0,9.4,80,3,194,5.6,60.29,0.485,1.088,,,,,,,,,,,,,,,,,,,,,,
"132","HUDSON HOPE","2023081822",0,10.5,75,4.6,220,7.9,61.355,0.559,1.603,,,,,,,,,,,,,,,,,,,,,,
"132","HUDSON HOPE","2023081823",0,10.4,70,6.7,190,9.7,62.627,0.665,2.157,,,,,,,,,,,,,,,,,,,,,,
"136","WONOWON","2023081800",0,7.6,73,17.6,1,26.4,87.99,7.8,21.682,,,,,,,,,,,,,,,,,,,,,,
"136","WONOWON","2023081801",0,6.2,81,16.5,357,26.4,87.24,6.63,19.28,,,,,,,,,,,,,,,,,,,,,,
"136","WONOWON","2023081802",0,6.1,81,19,1,27.5,86.558,6.825,19.692,,,,,,,,,,,,,,,,,,,,,,
"136","WONOWON","2023081803",0,6,83,16.8,11,25.8,85.907,5.573,16.961,,,,,,,,,,,,,,,,,,,,,,
"136","WONOWON","2023081804",0,6,85,18.1,3,29.2,85.249,5.429,16.632,,,,,,,,,,,,,,,,,,,,,,
"136","WONOWON","2023081805",0,5.6,90,16.6,345,25.2,84.463,4.52,14.47,,,,,,,,,,,,,,,,,,,,,,
"136","WONOWON","2023081806",0,5.9,91,16.9,353,25.2,83.712,4.151,13.541,,,,,,,,,,,,,,,,,,,,,,
"136","WONOWON","2023081807",0,6.6,88,15,352,24.6,83.207,3.531,11.913,,,,,,,,,,,,,,,,,,,,,,
"136","WONOWON","2023081808",0,7.1,75,27.1,359,40.8,83.156,6.454,18.907,,,,,,,,,,,,,,,,,,,,,,
"136","WONOWON","2023081809",0,9.9,65,16.2,353,32.1,83.206,3.751,12.502,,,,,,,,,,,,,,,,,,,,,,
"136","WONOWON","2023081810",0,10.3,58,19.3,347,29.2,83.378,4.484,14.378,,,,,,,,,,,,,,,,,,,,,,
"136","WONOWON","2023081811",0,9.8,54,19.9,351,31,83.596,4.755,15.043,,,,,,,,,,,,,,,,,,,,,,
"136","WONOWON","2023081812",0,10.5,52,17.6,358,29.8,83.84,4.373,14.103,0,88.693,8.627,23.599,40.578,568.476,68.867,4,,,,,,,,,,,,,,
"136","WONOWON","2023081813",0,12,50,15,4,28.7,84.126,3.985,13.311,,,,,,,,,,,,,,,,,,,,,,
"136","WONOWON","2023081814",0,13.8,42,14,358,24.6,84.603,4.041,13.458,,,,,,,,,,,,,,,,,,,,,,
"136","WONOWON","2023081815",0,12.5,46,14,338,26.9,84.898,4.207,13.888,,,,,,,,,,,,,,,,,,,,,,
"136","WONOWON","2023081816",0,14.2,42,9.2,307,21.8,85.27,3.477,11.946,,,,,,,,,,,,,,,,,,,,,,
"136","WONOWON","2023081817",0,14.2,42,16,317,24.6,85.634,5.152,16.218,,,,,,,,,,,,,,,,,,,,,,
"136","WONOWON","2023081818",0,12.9,47,9.5,344,24.1,85.794,3.797,12.815,,,,,,,,,,,,,,,,,,,,,,
"136","WONOWON","2023081819",0,12.6,48,4.1,269,16,85.903,2.937,10.41,,,,,,,,,,,,,,,,,,,,,,
"136","WONOWON","2023081820",0,11.7,51,7.2,254,8.5,85.951,3.457,11.89,,,,,,,,,,,,,,,,,,,,,,
"136","WONOWON","2023081821",0,11.4,51,10.4,250,12.5,85.999,4.089,13.583,,,,,,,,,,,,,,,,,,,,,,
"136","WONOWON","2023081822",0,11.4,51,11.2,254,14.9,86.047,4.286,14.09,,,,,,,,,,,,,,,,,,,,,,
"136","WONOWON","2023081823",0,11.1,54,10.6,268,17.7,86.095,4.187,13.835,,,,,,,,,,,,,,,,,,,,,,
"138","RED DEER","2023081800",0,10.4,58,9.7,0,28.7,90.585,7.6,16.912,,,,,,,,,,,,,,,,,,,,,,
"138","RED DEER","2023081801",0,9.5,69,6.6,0,20,89.958,5.943,14.023,,,,,,,,,,,,,,,,,,,,,,
"138","RED DEER","2023081802",0,9,70,10.2,0,20.6,89.329,6.511,15.046,,,,,,,,,,,,,,,,,,,,,,
"138","RED DEER","2023081803",0,8.3,70,6.9,1,16,88.811,5.118,12.47,,,,,,,,,,,,,,,,,,,,,,
"138","RED DEER","2023081804",0,7.7,73,8.3,1,19.5,88.264,5.077,12.391,,,,,,,,,,,,,,,,,,,,,,
"138","RED DEER","2023081805",0,6.4,79,12,2,24.1,87.588,5.553,13.301,,,,,,,,,,,,,,,,,,,,,,
"138","RED DEER","2023081806",0,5.8,82,8.7,3,21.2,86.939,4.287,10.807,,,,,,,,,,,,,,,,,,,,,,
"138","RED DEER","2023081807",0,4.9,87,10.8,5,22.3,86.17,4.274,10.779,,,,,,,,,,,,,,,,,,,,,,
"138","RED DEER","2023081808",0.4,3.7,92,10.3,13,20,76.853,1.448,3.894,,,,,,,,,,,,,,,,,,,,,,
"138","RED DEER","2023081809",0.2,3.2,92,6,22,17.2,72.786,0.934,2.235,,,,,,,,,,,,,,,,,,,,,,
"138","RED DEER","2023081810",0,4.2,93,3.8,25,10.2,72.86,0.838,1.885,,,,,,,,,,,,,,,,,,,,,,
"138","RED DEER","2023081811",0,5.3,87,1.6,21,9.1,73.008,0.755,1.552,,,,,,,,,,,,,,,,,,,,,,
"138","RED DEER","2023081812",0.4,5.5,94,3.6,20,9.1,65.614,0.648,0.985,1,77.403,1.076,2.738,26.828,289.132,43.553,3,,,,,,,,,,,,,,
"138","RED DEER","2023081813",0,6,92,13.3,28,24.1,65.922,1.068,2.71,,,,,,,,,,,,,,,,,,,,,,
"138","RED DEER","2023081814",0.2,6.9,86,8,11,21.8,63.085,0.726,1.437,,,,,,,,,,,,,,,,,,,,,,
"138","RED DEER","2023081815",0,7.9,71,5.9,3,21.8,64.099,0.684,1.228,,,,,,,,,,,,,,,,,,,,,,
"138","RED DEER","2023081816",0,7.4,80,11.7,2,25.8,64.928,0.948,2.299,,,,,,,,,,,,,,,,,,,,,,
"138","RED DEER","2023081817",0,10,63,7.5,1,17.7,66.226,0.806,1.773,,,,,,,,,,,,,,,,,,,,,,
"138","RED DEER","2023081818",0.6,6.7,88,6,2,25.2,57.054,0.45,0.686,,,,,,,,,,,,,,,,,,,,,,
"138","RED DEER","2023081819",0,5.8,93,5.1,9,9.7,57.391,0.441,0.673,,,,,,,,,,,,,,,,,,,,,,
"138","RED DEER","2023081820",0,5.6,82,8.6,9,21.2,58.262,0.562,0.857,,,,,,,,,,,,,,,,,,,,,,
"138","RED DEER","2023081821",0,4.4,85,8.6,9,13.1,58.953,0.59,0.9,,,,,,,,,,,,,,,,,,,,,,
"138","RED DEER","2023081822",0,4.1,86,10,11,14.3,59.606,0.661,1.073,,,,,,,,,,,,,,,,,,,,,,
"138","RED DEER","2023081823",0,3.6,89,7.2,15,14.3,60.064,0.591,0.901,,,,,,,,,,,,,,,,,,,,,,
"140","LEMORAY","2023081800",0,13.6,48,10.5,129,26.9,91.392,8.877,28.298,,,,,,,,,0,193.3,,0,0,0,0,0,,0,0,,0,
"140","LEMORAY","2023081801",0,13.2,48,9.8,54,26.9,91.097,8.217,26.839,,,,,,,,,0,193.3,,0,0,0,0,0,,0,0,,0,
"140","LEMORAY","2023081802",0,12.5,53,10.6,96,24.1,90.717,8.103,26.583,,,,,,,,,0,193.3,,0,0,0,0,0,,0,0,,0,
"140","LEMORAY","2023081803",0,11,63,10.4,81,25.8,90.156,7.404,24.972,,,,,,,,,0,193.3,,0,0,0,0,0,,0,0,,0,
"140","LEMORAY","2023081804",0.8,8.6,79,7.7,49,26.4,72.026,0.988,4.746,,,,,,,,,0,193.3,,0,0,0,0,0,,0,0,,0,
"140","LEMORAY","2023081805",5.8,6.8,95,2.5,9,13.1,22.838,0,0.001,,,,,,,,,0,193.3,,0,0,0,0,0,,0,0,,0,
"140","LEMORAY","2023081806",1.6,6.9,97,2.1,164,5.6,15.945,0,0,,,,,,,,,0,193.3,,0,0,0,0,0,,0,0,,0,
"140","LEMORAY","2023081807",0.4,7.4,97,2,92,5.1,14.969,0,0,,,,,,,,,0,193.3,,0,0,0,0,0,,0,0,,0,
"140","LEMORAY","2023081808",0.2,8,96,1.8,302,5.6,14.736,0,0,,,,,,,,,0,193.3,,0,0,0,0,0,,0,0,,0,
"140","LEMORAY","2023081809",0,9.3,88,5.1,253,8.5,15.927,0,0,,,,,,,,,0,193.3,,0,0,0,0,0,,0,0,,0,
"140","LEMORAY","2023081810",0,10.6,89,4.4,230,8.5,17.044,0,0,,,,,,,,,0,193.3,,0,0,0,0,0,,0,0,,0,
"140","LEMORAY","2023081811",0.6,10.7,82,5.8,39,10.8,16.787,0,0,,,,,,,,,0,193.3,,0,0,0,0,0,,0,0,,0,
"140","LEMORAY","2023081812",0.2,12.1,71,8.2,74,16,18.867,0,0,9.6,45.851,0.141,0.257,32.454,486.044,55.623,2,0,193.3,,0,0,0,0,0,,0,0,,0,
"140","LEMORAY","2023081813",0,12.8,70,5.1,354,16.6,21.432,0,0.001,,,,,,,,,0,193.3,,0,0,0,0,0,,0,0,,0,
"140","LEMORAY","2023081814",0.2,11.4,79,4.3,292,13.7,22.361,0,0.001,,,,,,,,,0,193.3,,0,0,0,0,0,,0,0,,0,
"140","LEMORAY","2023081815",0,12.8,61,3.4,34,13.1,25.123,0.001,0.002,,,,,,,,,0,193.3,,0,0,0,0,0,,0,0,,0,
"140","LEMORAY","2023081816",0,12.5,70,6.6,329,14.3,27.733,0.003,0.005,,,,,,,,,0,193.3,,0,0,0,0,0,,0,0,,0,
"140","LEMORAY","2023081817",0,12.9,73,2.2,340,10.2,29.684,0.004,0.006,,,,,,,,,0,193.3,,0,0,0,0,0,,0,0,,0,
"140","LEMORAY","2023081818",0,13,78,3.5,345,7.9,31.505,0.006,0.011,,,,,,,,,0,193.3,,0,0,0,0,0,,0,0,,0,
"140","LEMORAY","2023081819",0,9.4,92,4.3,2,8.5,32.239,0.008,0.014,,,,,,,,,0,193.3,,0,0,0,0,0,,0,0,,0,
"140","LEMORAY","2023081820",0,8.3,85,7.5,339,12.5,33.596,0.013,0.023,,,,,,,,,0,193.3,,0,0,0,0,0,,0,0,,0,
"140","LEMORAY","2023081821",0,6.7,95,3.3,336,8.5,33.998,0.011,0.021,,,,,,,,,0,193.3,,0,0,0,0,0,,0,0,,0,
"140","LEMORAY","2023081822",0,6.2,96,4.1,15,6.2,34.34,0.013,0.023,,,,,,,,,0,193.3,,0,0,0,0,0,,0,0,,0,
"140","LEMORAY","2023081823",0,5.1,97,4.4,32,7.4,34.6,0.014,0.025,,,,,,,,,0,193.3,,0,0,0,0,0,,0,0,,0,
"141","MANSON","2023081800",0,9.3,62,1.7,323,5.8,89.713,4.483,13.167,,,,,,,,,,,,,,,,,,,,6140.6,,
"141","MANSON","2023081801",0,9,58,1.4,111,6.7,89.465,4.261,12.649,,,,,,,,,,,,,,,,,,,,6140.6,,
"141","MANSON","2023081802",0,9.1,57,3.7,304,9.6,89.219,4.619,13.479,,,,,,,,,,,,,,,,,,,,6140.6,,
"141","MANSON","2023081803",0,9.8,47,1.6,238,11.2,89.165,4.122,12.322,,,,,,,,,,,,,,,,,,,,6140.6,,
"141","MANSON","2023081804",0,7.5,61,1.9,335,11,88.9,4.029,12.099,,,,,,,,,,,,,,,,,,,,6140.6,,
"141","MANSON","2023081805",0,5.5,71,3.2,345,9.5,88.467,4.043,12.132,,,,,,,,,,,,,,,,,,,,6140.6,,
"141","MANSON","2023081806",0,5.5,72,2.2,296,7,88.071,3.632,11.124,,,,,,,,,,,,,,,,,,,,6140.6,,
"141","MANSON","2023081807",0,9,60,2.9,101,6.7,87.901,3.672,11.224,,,,,,,,,,,,,,,,,,,,6140.6,,
"141","MANSON","2023081808",0,8.9,69,0,298,3.9,87.677,3.072,9.683,,,,,,,,,,,,,,,,,,,,6140.6,,
"141","MANSON","2023081809",0,9.5,73,0,270,0,87.406,2.956,9.372,,,,,,,,,,,,,,,,,,,,6140.6,,
"141","MANSON","2023081810",0,13.6,46,3.8,191,10.7,87.455,3.604,11.056,,,,,,,,,,,,,,,,,,,,6140.6,,
"141","MANSON","2023081811",0,11.8,54,1,148,8.8,87.458,3.132,9.841,,,,,,,,,,,,,,,,,,,,6140.6,,
"141","MANSON","2023081812",0,11.4,75,4.6,345,17,87.045,3.54,10.893,0,86.091,3.093,9.843,34.228,502.873,58.501,3,,,,,,,,,,,,6140.6,,
"141","MANSON","2023081813",0.2,11.7,79,2.7,251,11.8,82.194,1.672,5.654,,,,,,,,,,,,,,,,,,,,6140.8,,
"141","MANSON","2023081814",0,13.5,45,5.4,283,14.4,82.715,2.044,6.842,,,,,,,,,,,,,,,,,,,,6140.8,,
"141","MANSON","2023081815",0,14.4,44,2.5,280,19.6,83.188,1.876,6.315,,,,,,,,,,,,,,,,,,,,6140.8,,
"141","MANSON","2023081816",0,14.8,51,3.9,113,13.3,83.521,2.102,7.02,,,,,,,,,,,,,,,,,,,,6140.8,,
"141","MANSON","2023081817",0,14.7,47,0.7,332,13.4,83.84,1.866,6.282,,,,,,,,,,,,,,,,,,,,6140.8,,
"141","MANSON","2023081818",0,13,57,0,64,8.1,83.951,1.828,6.162,,,,,,,,,,,,,,,,,,,,6140.8,,
"141","MANSON","2023081819",0,11.9,76,0,317,3.9,83.92,1.821,6.137,,,,,,,,,,,,,,,,,,,,6140.8,,
"141","MANSON","2023081820",0,9.3,78,0.4,309,4.1,83.822,1.834,6.179,,,,,,,,,,,,,,,,,,,,6140.8,,
"141","MANSON","2023081821",0,7,82,0,321,4.9,83.66,1.759,5.939,,,,,,,,,,,,,,,,,,,,6140.8,,
"141","MANSON","2023081822",0,6.3,83,2.9,327,4.5,83.426,1.974,6.624,,,,,,,,,,,,,,,,,,,,6140.8,,
"141","MANSON","2023081823",0,5.9,84,0,325,3.9,83.247,1.667,5.636,,,,,,,,,,,,,,,,,,,,6140.8,,
"144","TABLE RIVER","2023081800",0,8.5,80,5.2,189,9.1,87.658,3.982,9.767,,,,,,,,,,,,,,,,,,,,,,
"144","TABLE RIVER","2023081801",0,8.8,73,8.7,17,16,87.226,4.466,10.745,,,,,,,,,,,,,,,,,,,,,,
"144","TABLE RIVER","2023081802",0,8.5,73,4.6,353,14.3,86.879,3.457,8.658,,,,,,,,,,,,,,,,,,,,,,
"144","TABLE RIVER","2023081803",0,9.1,74,5.7,359,14.3,86.534,3.48,8.706,,,,,,,,,,,,,,,,,,,,,,
"144","TABLE RIVER","2023081804",0,8.5,75,3.5,55,9.7,86.224,2.981,7.598,,,,,,,,,,,,,,,,,,,,,,
"144","TABLE RIVER","2023081805",0,9.9,64,5.7,39,13.1,86.144,3.293,8.299,,,,,,,,,,,,,,,,,,,,,,
"144","TABLE RIVER","2023081806",0,11.3,58,11.3,26,24.1,86.188,4.394,10.602,,,,,,,,,,,,,,,,,,,,,,
"144","TABLE RIVER","2023081807",0.2,9.6,80,10.1,17,22.3,81.401,2.208,5.744,,,,,,,,,,,,,,,,,,,,,,
"144","TABLE RIVER","2023081808",0.2,8.4,91,7.7,6,17.7,76.964,1.28,3.194,,,,,,,,,,,,,,,,,,,,,,
"144","TABLE RIVER","2023081809",0.2,8.2,89,4.9,222,14.9,72.966,0.89,1.923,,,,,,,,,,,,,,,,,,,,,,
"144","TABLE RIVER","2023081810",0.4,8.8,93,2.8,195,13.1,65.619,0.622,0.902,,,,,,,,,,,,,,,,,,,,,,
"144","TABLE RIVER","2023081811",0,10.5,84,5.4,215,9.1,66.2,0.725,1.253,,,,,,,,,,,,,,,,,,,,,,
"144","TABLE RIVER","2023081812",0,13.4,65,4.2,194,10.2,67.404,0.711,1.18,1,80.463,1.476,3.89,24.906,338.561,42.074,2,,,,,,,,,,,,,,
"144","TABLE RIVER","2023081813",0,14.3,52,7.2,16,20,69.098,0.874,1.952,,,,,,,,,,,,,,,,,,,,,,
"144","TABLE RIVER","2023081814",0,15.1,46,4.8,38,14.9,70.775,0.817,1.738,,,,,,,,,,,,,,,,,,,,,,
"144","TABLE RIVER","2023081815",0,14.2,57,5.5,311,16.6,72.001,0.883,1.987,,,,,,,,,,,,,,,,,,,,,,
"144","TABLE RIVER","2023081816",0.8,13.7,70,2.9,188,19.5,59.324,0.454,0.676,,,,,,,,,,,,,,,,,,,,,,
"144","TABLE RIVER","2023081817",0,11.8,77,3.7,275,16,60.362,0.504,0.751,,,,,,,,,,,,,,,,,,,,,,
"144","TABLE RIVER","2023081818",0,13.3,68,3.9,145,14.9,61.758,0.552,0.822,,,,,,,,,,,,,,,,,,,,,,
"144","TABLE RIVER","2023081819",0,11.5,83,0,265,5.6,62.158,0.463,0.69,,,,,,,,,,,,,,,,,,,,,,
"144","TABLE RIVER","2023081820",0,9.7,91,3.1,21,6.2,62.504,0.551,0.821,,,,,,,,,,,,,,,,,,,,,,
"144","TABLE RIVER","2023081821",0,7.3,95,2.9,13,5.6,62.68,0.55,0.82,,,,,,,,,,,,,,,,,,,,,,
"144","TABLE RIVER","2023081822",0,6.6,95,5.7,18,9.1,62.877,0.64,0.953,,,,,,,,,,,,,,,,,,,,,,
"144","TABLE RIVER","2023081823",0,6.3,93,5.2,9,10.8,63.134,0.632,0.941,,,,,,,,,,,,,,,,,,,,,,
"145","INGENIKA POINT","2023081800",0,8.2,71,8.7,310,24.6,85.298,3.404,6.87,,,,,,,,,0,193.3,,0,0,0,0,0,,0,0,,0,
"145","INGENIKA POINT","2023081801",0,7.8,78,8.1,335,21.2,84.997,3.168,6.426,,,,,,,,,0,193.3,,0,0,0,0,0,,0,0,,0,
"145","INGENIKA POINT","2023081802",0,6.3,82,3.5,3,20.6,84.663,2.4,4.896,,,,,,,,,0,193.3,,0,0,0,0,0,,0,0,,0,
"145","INGENIKA POINT","2023081803",0,4.7,90,4.3,40,10.8,84.098,2.315,4.718,,,,,,,,,0,193.3,,0,0,0,0,0,,0,0,,0,
"145","INGENIKA POINT","2023081804",0,3.5,93,7.3,332,13.1,83.415,2.461,5.023,,,,,,,,,0,193.3,,0,0,0,0,0,,0,0,,0,
"145","INGENIKA POINT","2023081805",0,3.1,94,2.8,301,12,82.831,1.82,3.629,,,,,,,,,0,193.3,,0,0,0,0,0,,0,0,,0,
"145","INGENIKA POINT","2023081806",0,4.1,96,2.9,301,11.4,82.18,1.686,3.32,,,,,,,,,0,193.3,,0,0,0,0,0,,0,0,,0,
"145","INGENIKA POINT","2023081807",0,6.6,93,6.5,347,14.3,81.674,1.902,3.816,,,,,,,,,0,193.3,,0,0,0,0,0,,0,0,,0,
"145","INGENIKA POINT","2023081808",0,9.9,73,10,344,24.6,81.723,2.282,4.648,,,,,,,,,0,193.3,,0,0,0,0,0,,0,0,,0,
"145","INGENIKA POINT","2023081809",0,12.3,60,12.7,327,31.6,82.026,2.712,5.534,,,,,,,,,0,193.3,,0,0,0,0,0,,0,0,,0,
"145","INGENIKA POINT","2023081810",0,16.6,46,10.5,331,25.8,82.72,2.645,5.4,,,,,,,,,0,193.3,,0,0,0,0,0,,0,0,,0,
"145","INGENIKA POINT","2023081811",0,18.6,36,11.6,338,24.1,83.717,3.18,6.449,,,,,,,,,0,193.3,,0,0,0,0,0,,0,0,,0,
"145","INGENIKA POINT","2023081812",0,18.6,35,10.2,356,25.8,84.594,3.333,6.737,0,89.102,6.302,12.525,19.019,268.616,32.317,3,0,193.3,,0,0,0,0,0,,0,0,,0,
"145","INGENIKA POINT","2023081813",0,20.5,30,10.9,330,31,85.625,3.98,8.552,,,,,,,,,0,193.3,,0,0,0,0,0,,0,0,,0,
"145","INGENIKA POINT","2023081814",0,20.6,32,9.8,324,24.1,86.431,4.216,8.989,,,,,,,,,0,193.3,,0,0,0,0,0,,0,0,,0,
"145","INGENIKA POINT","2023081815",0,20.7,35,8.6,342,22.3,87.018,4.314,9.167,,,,,,,,,0,193.3,,0,0,0,0,0,,0,0,,0,
"145","INGENIKA POINT","2023081816",0,17.2,44,11.1,327,30.4,87.184,5.01,10.397,,,,,,,,,0,193.3,,0,0,0,0,0,,0,0,,0,
"145","INGENIKA POINT","2023081817",0,17.9,41,9,337,21.8,87.413,4.657,9.781,,,,,,,,,0,193.3,,0,0,0,0,0,,0,0,,0,
"145","INGENIKA POINT","2023081818",0,15.5,53,6.2,329,16,87.462,4.072,8.724,,,,,,,,,0,193.3,,0,0,0,0,0,,0,0,,0,
"145","INGENIKA POINT","2023081819",0,13.2,66,2.4,282,13.7,87.277,3.275,7.191,,,,,,,,,0,193.3,,0,0,0,0,0,,0,0,,0,
"145","INGENIKA POINT","2023081820",0,11.6,67,4.1,294,10.8,87.063,3.461,7.56,,,,,,,,,0,193.3,,0,0,0,0,0,,0,0,,0,
"145","INGENIKA POINT","2023081821",0,8.2,83,5.3,289,10.2,86.469,3.379,7.398,,,,,,,,,0,193.3,,0,0,0,0,0,,0,0,,0,
"145","INGENIKA POINT","2023081822",0,6.3,89,2.6,310,10.2,85.798,2.683,5.97,,,,,,,,,0,193.3,,0,0,0,0,0,,0,0,,0,
"145","INGENIKA POINT","2023081823",0,4.9,93,3.9,311,8.5,84.998,2.564,5.713,,,,,,,,,0,193.3,,0,0,0,0,0,,0,0,,0,
"146","FORT ST JAMES","2023081800",0,13.7,47,12,336,23.5,89.934,7.775,23.974,,,,,,,,,,,,,,,,,,,,,,
"146","FORT ST JAMES","2023081801",0,13.3,48,10.8,316,19.5,89.79,7.169,22.641,,,,,,,,,,,,,,,,,,,,,,
"146","FORT ST JAMES","2023081802",0,12.9,51,15.4,321,28.7,89.578,8.768,26.068,,,,,,,,,,,,,,,,,,,,,,
"146","FORT ST JAMES","2023081803",0,12.5,55,15.7,321,28.1,89.297,8.551,25.62,,,,,,,,,,,,,,,,,,,,,,
"146","FORT ST JAMES","2023081804",0,12.4,57,16.9,324,32.1,88.999,8.703,25.935,,,,,,,,,,,,,,,,,,,,,,
"146","FORT ST JAMES","2023081805",0,11.6,65,21.6,322,35.6,88.517,10.292,29.095,,,,,,,,,,,,,,,,,,,,,,
"146","FORT ST JAMES","2023081806",0,11.8,64,14.2,327,40.8,88.164,6.738,21.663,,,,,,,,,,,,,,,,,,,,,,
"146","FORT ST JAMES","2023081807",0,10.3,80,5.8,354,29.2,87.522,4.025,14.799,,,,,,,,,,,,,,,,,,,,,,
"146","FORT ST JAMES","2023081808",0,11.4,71,10.2,339,20.6,87.146,4.762,16.809,,,,,,,,,,,,,,,,,,,,,,
"146","FORT ST JAMES","2023081809",0,13,63,7.3,22,24.6,87.019,4.04,14.842,,,,,,,,,,,,,,,,,,,,,,
"146","FORT ST JAMES","2023081810",0,14.1,57,4.8,304,13.7,87.038,3.572,13.49,,,,,,,,,,,,,,,,,,,,,,
"146","FORT ST JAMES","2023081811",0,13.1,70,11.8,318,21.8,86.746,4.876,17.111,,,,,,,,,,,,,,,,,,,,,,
"146","FORT ST JAMES","2023081812",0.2,12.3,71,9.3,109,20,81.964,2.268,9.316,0.2,86.144,3.948,14.709,48.611,713.825,83.078,4,,,,,,,,,,,,,,
"146","FORT ST JAMES","2023081813",0,16.7,45,5.2,77,13.1,82.615,1.999,8.438,,,,,,,,,,,,,,,,,,,,,,
"146","FORT ST JAMES","2023081814",0,20.2,36,10.1,18,19.5,83.69,2.938,11.656,,,,,,,,,,,,,,,,,,,,,,
"146","FORT ST JAMES","2023081815",0,17.6,47,6.5,52,18.3,84.164,2.61,10.581,,,,,,,,,,,,,,,,,,,,,,
"146","FORT ST JAMES","2023081816",0,18,43,6.9,110,14.9,84.697,2.862,11.412,,,,,,,,,,,,,,,,,,,,,,
"146","FORT ST JAMES","2023081817",0,16.6,47,8.5,133,13.7,85.045,3.254,12.649,,,,,,,,,,,,,,,,,,,,,,
"146","FORT ST JAMES","2023081818",0,17.6,44,8.1,160,14.3,85.45,3.373,13.012,,,,,,,,,,,,,,,,,,,,,,
"146","FORT ST JAMES","2023081819",0,15,52,5.7,141,13.1,85.57,3.039,11.977,,,,,,,,,,,,,,,,,,,,,,
"146","FORT ST JAMES","2023081820",0,12.7,62,4.9,148,8.5,85.618,2.938,11.657,,,,,,,,,,,,,,,,,,,,,,
"146","FORT ST JAMES","2023081821",0,8.6,78,4.1,162,7.4,85.321,2.708,10.908,,,,,,,,,,,,,,,,,,,,,,
"146","FORT ST JAMES","2023081822",0,7,83,4.8,178,6.8,84.913,2.652,10.722,,,,,,,,,,,,,,,,,,,,,,
"146","FORT ST JAMES","2023081823",0,6.1,84,5,189,6.8,84.514,2.537,10.336,,,,,,,,,,,,,,,,,,,,,,
"148","BLACKPINE","2023081800",0,6.1,65,9.1,324,16,88.478,5.451,19.818,,,,,,,,,0,193.3,,0,0,0,0,0,,0,0,,0,
"148","BLACKPINE","2023081801",0,5.9,65,11.9,315,19.5,88.104,5.949,21.11,,,,,,,,,0,193.3,,0,0,0,0,0,,0,0,,0,
"148","BLACKPINE","2023081802",0,5.9,65,9.2,326,20,87.784,4.96,18.499,,,,,,,,,0,193.3,,0,0,0,0,0,,0,0,,0,
"148","BLACKPINE","2023081803",0,5.3,67,8.1,330,16,87.465,4.483,17.164,,,,,,,,,0,193.3,,0,0,0,0,0,,0,0,,0,
"148","BLACKPINE","2023081804",0,5,69,7.7,332,13.7,87.141,4.195,16.332,,,,,,,,,0,193.3,,0,0,0,0,0,,0,0,,0,
"148","BLACKPINE","2023081805",0,3.9,75,3.5,181,10.8,86.779,3.224,13.343,,,,,,,,,0,193.3,,0,0,0,0,0,,0,0,,0,
"148","BLACKPINE","2023081806",0,4.3,75,5,306,9.7,86.427,3.309,13.615,,,,,,,,,0,193.3,,0,0,0,0,0,,0,0,,0,
"148","BLACKPINE","2023081807",0,5.6,72,1.9,46,9.7,86.197,2.74,11.722,,,,,,,,,0,193.3,,0,0,0,0,0,,0,0,,0,
"148","BLACKPINE","2023081808",0,7.7,64,6.8,312,10.8,86.094,3.456,14.086,,,,,,,,,0,193.3,,0,0,0,0,0,,0,0,,0,
"148","BLACKPINE","2023081809",0,11.9,47,9.3,317,19.5,86.188,3.973,15.673,,,,,,,,,0,193.3,,0,0,0,0,0,,0,0,,0,
"148","BLACKPINE","2023081810",0,13.9,40,6.8,9,18.3,86.442,3.631,14.631,,,,,,,,,0,193.3,,0,0,0,0,0,,0,0,,0,
"148","BLACKPINE","2023081811",0,14.1,41,8.6,308,16.6,86.661,4.1,16.052,,,,,,,,,0,193.3,,0,0,0,0,0,,0,0,,0,
"148","BLACKPINE","2023081812",0,14.7,34,7.5,0,20,87.025,4.085,16.007,0,89.659,5.958,21.484,58.946,617.495,95.178,4,0,193.3,,0,0,0,0,0,,0,0,,0,
"148","BLACKPINE","2023081813",0,16.1,32,9.9,311,23.5,87.458,4.904,18.657,,,,,,,,,0,193.3,,0,0,0,0,0,,0,0,,0,
"148","BLACKPINE","2023081814",0,16.3,31,6.4,337,20.6,87.846,4.345,17.06,,,,,,,,,0,193.3,,0,0,0,0,0,,0,0,,0,
"148","BLACKPINE","2023081815",0,15.4,52,3.7,130,18.3,87.888,3.816,15.468,,,,,,,,,0,193.3,,0,0,0,0,0,,0,0,,0,
"148","BLACKPINE","2023081816",0,16,38,9.6,237,17.7,88.055,5.261,19.641,,,,,,,,,0,193.3,,0,0,0,0,0,,0,0,,0,
"148","BLACKPINE","2023081817",0,14.8,40,5.8,303,18.3,88.127,4.389,17.189,,,,,,,,,0,193.3,,0,0,0,0,0,,0,0,,0,
"148","BLACKPINE","2023081818",0,16.6,37,3.5,219,12.5,88.285,3.999,16.028,,,,,,,,,0,193.3,,0,0,0,0,0,,0,0,,0,
"148","BLACKPINE","2023081819",0,13.2,48,5.5,220,17.2,88.316,4.442,17.343,,,,,,,,,0,193.3,,0,0,0,0,0,,0,0,,0,
"148","BLACKPINE","2023081820",0,11.9,48,5.5,309,12,88.326,4.449,17.362,,,,,,,,,0,193.3,,0,0,0,0,0,,0,0,,0,
"148","BLACKPINE","2023081821",0,9.6,59,7,0,13.1,88.124,4.661,17.971,,,,,,,,,0,193.3,,0,0,0,0,0,,0,0,,0,
"148","BLACKPINE","2023081822",0,9.2,60,9.2,311,16.6,87.908,5.049,19.059,,,,,,,,,0,193.3,,0,0,0,0,0,,0,0,,0,
"148","BLACKPINE","2023081823",0,7.8,66,7,311,14.9,87.61,4.33,17.015,,,,,,,,,0,193.3,,0,0,0,0,0,,0,0,,0,
"149","BEAR LAKE","2023081800",0,4.5,85,1.8,120,4.5,87.296,3.186,11.775,,,,,,,,,,,,,,,,,,,,,,
"149","BEAR LAKE","2023081801",0,3.8,90,0,88,3.3,86.708,2.676,10.209,,,,,,,,,,,,,,,,,,,,,,
"149","BEAR LAKE","2023081802",0,3,94,1.7,93,4.5,85.882,2.595,9.949,,,,,,,,,,,,,,,,,,,,,,
"149","BEAR LAKE","2023081803",0,3.1,96,0,155,2.8,85.177,2.159,8.504,,,,,,,,,,,,,,,,,,,,,,
"149","BEAR LAKE","2023081804",0,2.7,98,2.2,250,3.9,84.246,2.125,8.386,,,,,,,,,,,,,,,,,,,,,,
"149","BEAR LAKE","2023081805",0,6,95,3.4,163,5.6,83.483,2.04,8.092,,,,,,,,,,,,,,,,,,,,,,
"149","BEAR LAKE","2023081806",0,8.6,91,4.4,247,7.9,82.963,2.006,7.973,,,,,,,,,,,,,,,,,,,,,,
"149","BEAR LAKE","2023081807",1,8.7,94,12.2,275,20.6,62.943,0.891,3.544,,,,,,,,,,,,,,,,,,,,,,
"149","BEAR LAKE","2023081808",2.2,7.7,98,8,271,23.5,36.024,0.023,0.052,,,,,,,,,,,,,,,,,,,,,,
"149","BEAR LAKE","2023081809",4.4,7.6,100,4,168,11.4,13.498,0,0,,,,,,,,,,,,,,,,,,,,,,
"149","BEAR LAKE","2023081810",0.4,8.6,98,6.8,271,15.4,12.778,0,0,,,,,,,,,,,,,,,,,,,,,,
"149","BEAR LAKE","2023081811",0,10.9,86,6.8,309,15.4,14.323,0,0,,,,,,,,,,,,,,,,,,,,,,
"149","BEAR LAKE","2023081812",0,14.4,67,8.7,289,18.9,17.61,0,0,8,51.598,0.307,0.494,26.791,477.386,46.989,2,,,,,,,,,,,,,,
"149","BEAR LAKE","2023081813",0,14.8,57,8.7,273,17.7,21.443,0,0.001,,,,,,,,,,,,,,,,,,,,,,
"149","BEAR LAKE","2023081814",0,17.5,48,5.2,108,17.2,25.66,0.001,0.002,,,,,,,,,,,,,,,,,,,,,,
"149","BEAR LAKE","2023081815",,,,,,,,,,,,,,,,,,,,,,,,,,,,,,,
"149","BEAR LAKE","2023081816",0,16.8,50,5.6,299,19.5,,,,,,,,,,,,,,,,,,,,,,,,,
"149","BEAR LAKE","2023081817",0,16.7,46,8.8,256,21.8,,,,,,,,,,,,,,,,,,,,,,,,,
"149","BEAR LAKE","2023081818",0,12.4,69,7.6,97,22.3,,,,,,,,,,,,,,,,,,,,,,,,,
"149","BEAR LAKE","2023081819",0,11.7,84,1.7,214,7.9,,,,,,,,,,,,,,,,,,,,,,,,,
"149","BEAR LAKE","2023081820",0,7.8,96,0,96,2.2,,,,,,,,,,,,,,,,,,,,,,,,,
"149","BEAR LAKE","2023081821",0,4.9,99,0,83,2.8,,,,,,,,,,,,,,,,,,,,,,,,,
"149","BEAR LAKE","2023081822",0,3.2,100,0,118,3.3,,,,,,,,,,,,,,,,,,,,,,,,,
"149","BEAR LAKE","2023081823",0,1.9,100,0,96,2.2,,,,,,,,,,,,,,,,,,,,,,,,,
"151","NABESHE","2023081800",0,9.4,66,10.2,328,17.2,89.742,6.907,16.376,,,,,,,,,0,0,,0,0,0,0,0,,0,0,,0,
"151","NABESHE","2023081801",0,8.3,63,9.9,345,18.9,89.296,6.383,15.426,,,,,,,,,0,0,,0,0,0,0,0,,0,0,,0,
"151","NABESHE","2023081802",0,8.5,59,9.5,320,13.1,88.977,5.975,14.667,,,,,,,,,0,0,,0,0,0,0,0,,0,0,,0,
"151","NABESHE","2023081803",0,7,69,7.6,48,14.3,88.511,5.078,12.92,,,,,,,,,0,0,,0,0,0,0,0,,0,0,,0,
"151","NABESHE","2023081804",0,6.6,71,3.6,270,9.1,88.101,3.914,10.47,,,,,,,,,0,0,,0,0,0,0,0,,0,0,,1,
"151","NABESHE","2023081805",0,6.7,76,4.2,330,9.1,87.616,3.763,10.133,,,,,,,,,0,0,,0,0,0,0,0,,0,0,,1,
"151","NABESHE","2023081806",0,6.8,77,2.5,6,7.9,87.182,3.247,8.944,,,,,,,,,0,0,,0,0,0,0,0,,0,0,,6,
"151","NABESHE","2023081807",0,7.7,81,3,207,7.9,86.678,3.1,8.591,,,,,,,,,0,0,,0,0,0,0,0,,0,0,,22,
"151","NABESHE","2023081808",0,9.4,65,2.5,274,9.1,86.552,2.969,8.275,,,,,,,,,0,0,,0,0,0,0,0,,0,0,,73,
"151","NABESHE","2023081809",0,11.6,56,5.9,85,10.8,86.594,3.545,9.637,,,,,,,,,0,0,,0,0,0,0,0,,0,0,,150,
"151","NABESHE","2023081810",0,13,48,12.6,98,26.9,86.642,5.003,12.768,,,,,,,,,0,0,,0,0,0,0,0,,0,0,,185,
"151","NABESHE","2023081811",0,12.4,42,5.6,333,29.2,86.775,3.582,9.723,,,,,,,,,0,0,,0,0,0,0,0,,0,0,,168,
"151","NABESHE","2023081812",0,12.1,55,8.4,95,25.2,86.819,4.151,10.988,0,88.771,5.488,14.031,28.702,392.837,48.539,3,0,0,,0,0,0,0,0,,0,0,,140,
"151","NABESHE","2023081813",0,15.8,30,16.2,276,25.8,87.367,6.649,16.248,,,,,,,,,0,0,,0,0,0,0,0,,0,0,,279,
"151","NABESHE","2023081814",0,14.5,35,8.2,336,25.8,87.625,4.61,12.23,,,,,,,,,0,0,,0,0,0,0,0,,0,0,,237,
"151","NABESHE","2023081815",0,15.3,36,9.4,254,30.4,87.854,5.061,13.169,,,,,,,,,0,0,,0,0,0,0,0,,0,0,,178,
"151","NABESHE","2023081816",0,15.8,35,6.2,177,19.5,88.081,4.449,11.887,,,,,,,,,0,0,,0,0,0,0,0,,0,0,,180,
"151","NABESHE","2023081817",0,14.5,41,3.1,141,9.1,88.13,3.832,10.526,,,,,,,,,0,0,,0,0,0,0,0,,0,0,,63,
"151","NABESHE","2023081818",0,12.6,48,9.8,79,13.7,88.165,5.399,13.853,,,,,,,,,0,0,,0,0,0,0,0,,0,0,,41,
"151","NABESHE","2023081819",0,11.4,56,14.8,186,26.4,88.021,6.804,16.531,,,,,,,,,0,0,,0,0,0,0,0,,0,0,,35,
"151","NABESHE","2023081820",0,10,56,8.5,226,21.2,87.897,4.866,12.768,,,,,,,,,0,0,,0,0,0,0,0,,0,0,,5,
"151","NABESHE","2023081821",0,6.6,74,4,225,13.1,87.476,3.652,10.114,,,,,,,,,0,0,,0,0,0,0,0,,0,0,,-1,
"151","NABESHE","2023081822",0,6.5,76,2.3,263,8.5,87.08,3.168,8.967,,,,,,,,,0,0,,0,0,0,0,0,,0,0,,1,
"151","NABESHE","2023081823",0,6.8,73,3.4,243,7.4,86.76,3.2,9.043,,,,,,,,,0,0,,0,0,0,0,0,,0,0,,1,
"152","SIFTON","2023081801",0,5.4,95,2.4,293,9.7,65.349,0.603,0.7,,,,,,,,,,,,,,,,,,,,5779.8,,
"152","SIFTON","2023081802",0,5.6,94,2.8,288,14.6,65.509,0.62,0.719,,,,,,,,,,,,,,,,,,,,5779.8,,
"152","SIFTON","2023081803",0.2,5.8,94,0.8,285,14.5,62.279,0.485,0.563,,,,,,,,,,,,,,,,,,,,5780,,
"152","SIFTON","2023081804",0.4,5.9,95,0.4,311,10.2,56.238,0.317,0.368,,,,,,,,,,,,,,,,,,,,5780.4,,
"152","SIFTON","2023081805",0,5.8,95,0,297,5.3,56.365,0.314,0.365,,,,,,,,,,,,,,,,,,,,5780.4,,
"152","SIFTON","2023081806",0,5.9,95,2.3,317,10.9,56.579,0.359,0.417,,,,,,,,,,,,,,,,,,,,5780.4,,
"152","SIFTON","2023081807",0,6.3,94,0,287,9.1,56.727,0.324,0.376,,,,,,,,,,,,,,,,,,,,5780.4,,
"152","SIFTON","2023081808",0,8.3,86,3.1,296,15.3,57.352,0.398,0.462,,,,,,,,,,,,,,,,,,,,5780.4,,
"152","SIFTON","2023081809",0,11.1,62,10.3,312,20.4,59.297,0.657,0.763,,,,,,,,,,,,,,,,,,,,5780.4,,
"152","SIFTON","2023081810",0,12.9,53,11.2,302,24.4,61.61,0.791,0.918,,,,,,,,,,,,,,,,,,,,5780.4,,
"152","SIFTON","2023081811",0,12.8,53,8.6,305,23.3,63.639,0.768,0.891,,,,,,,,,,,,,,,,,,,,5780.4,,
"152","SIFTON","2023081812",0,13.7,55,5.9,304,22.1,65.406,0.721,0.837,1.6,76.033,1.097,1.94,17.137,305.618,30.059,2,,,,,,,,,,,,5780.4,,
"152","SIFTON","2023081813",0.4,12.7,70,3.8,182,29.2,60.174,0.501,0.593,,,,,,,,,,,,,,,,,,,,5780.8,,
"152","SIFTON","2023081814",0,14,47,11.4,287,28.3,62.738,0.847,1.025,,,,,,,,,,,,,,,,,,,,5780.8,,
"152","SIFTON","2023081815",0,16.3,43,7.4,290,30,65.262,0.774,0.915,,,,,,,,,,,,,,,,,,,,5780.8,,
"152","SIFTON","2023081816",0,16.4,38,2.8,211,20.2,67.431,0.663,0.784,,,,,,,,,,,,,,,,,,,,5780.8,,
"152","SIFTON","2023081817",0,16.9,35,8.2,273,26.5,69.921,0.943,1.459,,,,,,,,,,,,,,,,,,,,5780.8,,
"152","SIFTON","2023081818",0,17.1,34,7.4,246,15.3,72.188,0.979,1.579,,,,,,,,,,,,,,,,,,,,5780.8,,
"152","SIFTON","2023081819",0,12.6,56,6.5,313,36.9,73.288,0.978,1.575,,,,,,,,,,,,,,,,,,,,5780.8,,
"152","SIFTON","2023081820",0,11.3,64,0,308,13.5,73.757,0.72,0.851,,,,,,,,,,,,,,,,,,,,5780.8,,
"152","SIFTON","2023081821",0,8.5,80,0,1,0,73.944,0.726,0.858,,,,,,,,,,,,,,,,,,,,5780.8,,
"152","SIFTON","2023081822",0,7.8,81,0,274,0,74.109,0.732,0.865,,,,,,,,,,,,,,,,,,,,5780.8,,
"152","SIFTON","2023081823",0,6.2,88,0,318,0,74.194,0.735,0.869,,,,,,,,,,,,,,,,,,,,5780.8,,
"153","MCLEOD LAKE","2023081800",0,10.4,50,4.2,38,10.8,90.261,5.499,19.305,,,,,,,,,,,,,,,,,,,,,,
"153","MCLEOD LAKE","2023081801",0,10.3,51,7.3,331,14.3,90.022,6.213,21.086,,,,,,,,,,,,,,,,,,,,,,
"153","MCLEOD LAKE","2023081802",0,9.8,57,8.3,337,15.4,89.683,6.224,21.114,,,,,,,,,,,,,,,,,,,,,,
"153","MCLEOD LAKE","2023081803",0,9.2,62,6.4,312,12,89.298,5.352,18.926,,,,,,,,,,,,,,,,,,,,,,
"153","MCLEOD LAKE","2023081804",0,9.4,62,6.7,336,10.8,88.948,5.167,18.443,,,,,,,,,,,,,,,,,,,,,,
"153","MCLEOD LAKE","2023081805",0,9.5,64,6.3,324,13.1,88.597,4.816,17.508,,,,,,,,,,,,,,,,,,,,,,
"153","MCLEOD LAKE","2023081806",0,9.4,74,16.8,339,29.8,87.96,7.459,24.007,,,,,,,,,,,,,,,,,,,,,,
"153","MCLEOD LAKE","2023081807",0.2,6.9,90,17.3,341,33.3,82.462,3.608,14.063,,,,,,,,,,,,,,,,,,,,,,
"153","MCLEOD LAKE","2023081808",2.8,6.4,94,5,52,24.1,40.569,0.05,0.125,,,,,,,,,,,,,,,,,,,,,,
"153","MCLEOD LAKE","2023081809",0.2,7.4,95,9.2,327,16,39.174,0.047,0.118,,,,,,,,,,,,,,,,,,,,,,
"153","MCLEOD LAKE","2023081810",0,9.5,90,9.4,342,19.5,40.179,0.058,0.145,,,,,,,,,,,,,,,,,,,,,,
"153","MCLEOD LAKE","2023081811",0,10.8,80,10.1,348,20,41.984,0.083,0.209,,,,,,,,,,,,,,,,,,,,,,
"153","MCLEOD LAKE","2023081812",0,13.5,63,9,1,16.6,44.779,0.125,0.314,3.2,65.584,0.849,3.195,43.686,501.797,71.754,3,,,,,,,,,,,,,,
"153","MCLEOD LAKE","2023081813",0,15.1,50,8.3,330,20,48.13,0.196,0.429,,,,,,,,,,,,,,,,,,,,,,
"153","MCLEOD LAKE","2023081814",0,15.5,51,12.1,338,24.1,51.573,0.363,0.793,,,,,,,,,,,,,,,,,,,,,,
"153","MCLEOD LAKE","2023081815",0.2,12,69,5.6,295,31.6,50.927,0.243,0.531,,,,,,,,,,,,,,,,,,,,,,
"153","MCLEOD LAKE","2023081816",0,14.9,52,9.4,290,18.3,53.919,0.405,0.885,,,,,,,,,,,,,,,,,,,,,,
"153","MCLEOD LAKE","2023081817",0,13.3,61,8.2,325,17.2,56.165,0.467,1.139,,,,,,,,,,,,,,,,,,,,,,
"153","MCLEOD LAKE","2023081818",0,14.4,57,4.9,121,14.3,58.308,0.468,1.143,,,,,,,,,,,,,,,,,,,,,,
"153","MCLEOD LAKE","2023081819",0,11.3,75,0,261,5.6,58.981,0.383,0.837,,,,,,,,,,,,,,,,,,,,,,
"153","MCLEOD LAKE","2023081820",0,8.3,85,3.2,220,4.5,59.596,0.469,1.154,,,,,,,,,,,,,,,,,,,,,,
"153","MCLEOD LAKE","2023081821",0.2,6.4,92,2.3,132,7.4,56.91,0.369,0.806,,,,,,,,,,,,,,,,,,,,,,
"153","MCLEOD LAKE","2023081822",0,5.7,93,4.4,189,6.2,57.235,0.421,0.92,,,,,,,,,,,,,,,,,,,,,,
"153","MCLEOD LAKE","2023081823",0,5.3,96,1.8,207,6.8,57.395,0.374,0.817,,,,,,,,,,,,,,,,,,,,,,
"154","WITCH","2023081800",0,9.2,62,4.3,82,18.9,89.321,4.831,13.005,,,,,,,,,0,193.3,,0,0,0,0,0,,0,0,,32,
"154","WITCH","2023081801",0,5.7,74,3.5,207,5.1,88.787,4.297,11.847,,,,,,,,,0,193.3,,0,0,0,0,0,,0,0,,33,
"154","WITCH","2023081802",0,7.9,65,2.4,354,14.9,88.48,3.89,10.927,,,,,,,,,0,193.3,,0,0,0,0,0,,0,0,,33,
"154","WITCH","2023081803",0,7.4,70,3.2,348,8.5,88.097,3.834,10.798,,,,,,,,,0,193.3,,0,0,0,0,0,,0,0,,34,
"154","WITCH","2023081804",0,8.5,66,2.9,352,13.1,87.824,3.632,10.325,,,,,,,,,0,193.3,,0,0,0,0,0,,0,0,,31,
"154","WITCH","2023081805",0,6.7,78,2,305,7.9,87.362,3.249,9.403,,,,,,,,,0,193.3,,0,0,0,0,0,,0,0,,33,
"154","WITCH","2023081806",0,8,66,7.6,297,13.7,87.112,4.157,11.534,,,,,,,,,0,193.3,,0,0,0,0,0,,0,0,,33,
"154","WITCH","2023081807",0,8.5,69,8.9,332,17.2,86.823,4.259,11.763,,,,,,,,,0,193.3,,0,0,0,0,0,,0,0,,32,
"154","WITCH","2023081808",0,9.8,66,11.6,330,19.5,86.62,4.742,12.815,,,,,,,,,0,193.3,,0,0,0,0,0,,0,0,,33,
"154","WITCH","2023081809",0,11,63,11.1,313,22.3,86.514,4.555,12.413,,,,,,,,,0,193.3,,0,0,0,0,0,,0,0,,33,
"154","WITCH","2023081810",0,13.1,53,7.3,315,17.7,86.562,3.787,10.689,,,,,,,,,0,193.3,,0,0,0,0,0,,0,0,,34,
"154","WITCH","2023081811",0,13.3,49,8.3,320,19.5,86.61,4.01,11.201,,,,,,,,,0,193.3,,0,0,0,0,0,,0,0,,35,
"154","WITCH","2023081812",0,14,50,6.3,354,14.3,86.658,3.65,10.369,0,89.209,5.257,14.235,32.204,370.777,52.917,3,0,193.3,,0,0,0,0,0,,0,0,,34,
"154","WITCH","2023081813",0,16.2,37,10.9,257,20.6,87.013,4.84,13.348,,,,,,,,,0,193.3,,0,0,0,0,0,,0,0,,35,
"154","WITCH","2023081814",0,15.2,38,8.4,248,16.6,87.26,4.42,12.424,,,,,,,,,0,193.3,,0,0,0,0,0,,0,0,,33,
"154","WITCH","2023081815",0,15.4,39,6.7,200,21.2,87.455,4.172,11.862,,,,,,,,,0,193.3,,0,0,0,0,0,,0,0,,35,
"154","WITCH","2023081816",0,14.5,46,6.2,293,13.7,87.504,4.096,11.688,,,,,,,,,0,193.3,,0,0,0,0,0,,0,0,,34,
"154","WITCH","2023081817",0,15.7,47,3.3,14,12.5,87.553,3.564,10.432,,,,,,,,,0,193.3,,0,0,0,0,0,,0,0,,35,
"154","WITCH","2023081818",0,13.4,61,5.2,156,9.1,87.435,3.857,11.131,,,,,,,,,0,193.3,,0,0,0,0,0,,0,0,,35,
"154","WITCH","2023081819",0,12.3,68,5.6,154,10.8,87.177,3.793,10.981,,,,,,,,,0,193.3,,0,0,0,0,0,,0,0,,35,
"154","WITCH","2023081820",0,10.4,72,8,153,13.7,86.83,4.074,11.638,,,,,,,,,0,193.3,,0,0,0,0,0,,0,0,,35,
"154","WITCH","2023081821",0,8.8,79,8.2,156,14.3,86.339,3.84,11.09,,,,,,,,,0,193.3,,0,0,0,0,0,,0,0,,34,
"154","WITCH","2023081822",0,8.2,81,8.8,158,14.3,85.839,3.689,10.732,,,,,,,,,0,193.3,,0,0,0,0,0,,0,0,,34,
"154","WITCH","2023081823",0,7.5,82,5.3,155,12,85.402,2.91,8.787,,,,,,,,,0,193.3,,0,0,0,0,0,,0,0,,34,
"155","MACKENZIE FS","2023081800",0,14.4,45,12.5,308,21.8,91.318,9.715,25.669,,,,,,,,,,,,,,,,,,,,,,
"155","MACKENZIE FS","2023081801",0,13,51,6.7,326,18.9,90.993,6.925,20.199,,,,,,,,,,,,,,,,,,,,,,
"155","MACKENZIE FS","2023081802",0,10.2,66,2.9,331,8.5,90.456,5.297,16.579,,,,,,,,,,,,,,,,,,,,,,
"155","MACKENZIE FS","2023081803",0,13,53,7.4,315,14.9,90.173,6.381,19.031,,,,,,,,,,,,,,,,,,,,,,
"155","MACKENZIE FS","2023081804",0,12.1,61,14.6,322,29.8,89.685,8.553,23.482,,,,,,,,,,,,,,,,,,,,,,
"155","MACKENZIE FS","2023081805",1.6,8.4,82,20.4,358,33.9,58.385,1.027,3.855,,,,,,,,,,,,,,,,,,,,,,
"155","MACKENZIE FS","2023081806",4.8,7.5,82,6.6,245,16,22.33,0,0.001,,,,,,,,,,,,,,,,,,,,,,
"155","MACKENZIE FS","2023081807",0,8.5,89,4.9,250,10.8,23.364,0.001,0.001,,,,,,,,,,,,,,,,,,,,,,
"155","MACKENZIE FS","2023081808",0,9.7,78,7.5,340,12,25.376,0.001,0.003,,,,,,,,,,,,,,,,,,,,,,
"155","MACKENZIE FS","2023081809",0,10.6,74,6.5,300,10.8,27.587,0.002,0.005,,,,,,,,,,,,,,,,,,,,,,
"155","MACKENZIE FS","2023081810",0,12.2,70,10.4,321,18.9,30.423,0.007,0.014,,,,,,,,,,,,,,,,,,,,,,
"155","MACKENZIE FS","2023081811",0,13.2,64,9.4,281,18.9,33.543,0.014,0.029,,,,,,,,,,,,,,,,,,,,,,
"155","MACKENZIE FS","2023081812",0,15.2,56,10.9,266,16,37.327,0.035,0.075,6.4,60.574,0.734,1.639,27.271,413.482,46.822,3,,,,,,,,,,,,,,
"155","MACKENZIE FS","2023081813",0,15.3,56,9.9,272,27.5,40.907,0.068,0.109,,,,,,,,,,,,,,,,,,,,,,
"155","MACKENZIE FS","2023081814",0,17.1,46,6.1,304,16.6,44.675,0.106,0.171,,,,,,,,,,,,,,,,,,,,,,
"155","MACKENZIE FS","2023081815",0,16.7,45,11.3,73,22.9,48.684,0.246,0.394,,,,,,,,,,,,,,,,,,,,,,
"155","MACKENZIE FS","2023081816",0,17.3,42,7.8,88,21.2,52.391,0.319,0.513,,,,,,,,,,,,,,,,,,,,,,
"155","MACKENZIE FS","2023081817",0,16.1,53,6.7,203,11.4,55.201,0.398,0.64,,,,,,,,,,,,,,,,,,,,,,
"155","MACKENZIE FS","2023081818",0,15.4,56,5.4,179,13.1,57.561,0.454,0.729,,,,,,,,,,,,,,,,,,,,,,
"155","MACKENZIE FS","2023081819",0,12.5,71,3.7,164,9.1,58.921,0.46,0.738,,,,,,,,,,,,,,,,,,,,,,
"155","MACKENZIE FS","2023081820",0,8.8,89,3.8,106,7.4,59.414,0.477,0.767,,,,,,,,,,,,,,,,,,,,,,
"155","MACKENZIE FS","2023081821",0,8.4,90,3.7,89,7.9,59.846,0.488,0.784,,,,,,,,,,,,,,,,,,,,,,
"155","MACKENZIE FS","2023081822",0,9,88,4,191,6.2,60.37,0.512,0.823,,,,,,,,,,,,,,,,,,,,,,
"155","MACKENZIE FS","2023081823",0,7.1,88,3,144,7.4,60.815,0.5,0.803,,,,,,,,,,,,,,,,,,,,,,
"156","SUSTUT","2023081800",0,5.5,91,3.3,40,12.5,84.16,2.22,2.963,,,,,,,,,0,193.3,,0,0,0,0,0,,0,0,,0,
"156","SUSTUT","2023081801",0,5.1,90,5.2,312,10.2,83.625,2.276,3.056,,,,,,,,,0,193.3,,0,0,0,0,0,,0,0,,0,
"156","SUSTUT","2023081802",0,6.1,93,5.6,257,9.1,82.988,2.138,2.823,,,,,,,,,0,193.3,,0,0,0,0,0,,0,0,,0,
"156","SUSTUT","2023081803",0,6.6,92,6.7,285,14.3,82.448,2.111,2.778,,,,,,,,,0,193.3,,0,0,0,0,0,,0,0,,0,
"156","SUSTUT","2023081804",0,6.4,94,5.9,250,13.7,81.868,1.889,2.388,,,,,,,,,0,193.3,,0,0,0,0,0,,0,0,,0,
"156","SUSTUT","2023081805",0,6.1,96,9.6,280,14.3,81.177,2.098,2.756,,,,,,,,,0,193.3,,0,0,0,0,0,,0,0,,0,
"156","SUSTUT","2023081806",0,4.5,98,4.8,293,12.5,80.506,1.529,1.7,,,,,,,,,0,193.3,,0,0,0,0,0,,0,0,,0,
"156","SUSTUT","2023081807",0,7.5,88,8.6,265,13.1,80.39,1.828,2.278,,,,,,,,,0,193.3,,0,0,0,0,0,,0,0,,0,
"156","SUSTUT","2023081808",0,8.2,86,10,276,16.6,80.366,1.957,2.509,,,,,,,,,0,193.3,,0,0,0,0,0,,0,0,,0,
"156","SUSTUT","2023081809",0,11.1,73,10.2,274,18.9,80.523,2.01,2.603,,,,,,,,,0,193.3,,0,0,0,0,0,,0,0,,0,
"156","SUSTUT","2023081810",0,11.5,71,9.1,245,19.5,80.704,1.94,2.479,,,,,,,,,0,193.3,,0,0,0,0,0,,0,0,,0,
"156","SUSTUT","2023081811",0,15.3,57,12.7,234,22.9,81.256,2.476,3.384,,,,,,,,,0,193.3,,0,0,0,0,0,,0,0,,0,
"156","SUSTUT","2023081812",0,17,47,13.3,229,21.8,82.066,2.809,3.911,0,85.614,4.485,7.059,10.438,334.805,19.367,2,0,193.3,,0,0,0,0,0,,0,0,,0,
"156","SUSTUT","2023081813",0,18.7,38,12.3,222,26.4,83.104,3.041,4.849,,,,,,,,,0,193.3,,0,0,0,0,0,,0,0,,0,
"156","SUSTUT","2023081814",0,19,37,14.3,227,25.8,84.078,3.823,6.08,,,,,,,,,0,193.3,,0,0,0,0,0,,0,0,,0,
"156","SUSTUT","2023081815",0,19.6,36,9.3,227,24.6,84.913,3.327,5.31,,,,,,,,,0,193.3,,0,0,0,0,0,,0,0,,0,
"156","SUSTUT","2023081816",0,19.5,34,6.7,256,18.3,85.655,3.234,5.161,,,,,,,,,0,193.3,,0,0,0,0,0,,0,0,,0,
"156","SUSTUT","2023081817",0,17.3,42,8.7,261,15.4,86.03,3.77,6,,,,,,,,,0,193.3,,0,0,0,0,0,,0,0,,0,
"156","SUSTUT","2023081818",0,17.7,45,11.5,213,27.5,86.312,4.517,7.106,,,,,,,,,0,193.3,,0,0,0,0,0,,0,0,,0,
"156","SUSTUT","2023081819",0,14.8,60,5.6,294,24.1,86.36,3.378,5.391,,,,,,,,,0,193.3,,0,0,0,0,0,,0,0,,0,
"156","SUSTUT","2023081820",0,11.4,68,8.3,287,14.3,86.195,3.782,6.018,,,,,,,,,0,193.3,,0,0,0,0,0,,0,0,,0,
"156","SUSTUT","2023081821",0,8.5,87,7.3,323,12.5,85.517,3.27,5.219,,,,,,,,,0,193.3,,0,0,0,0,0,,0,0,,0,
"156","SUSTUT","2023081822",0,6.4,89,6,3,9.7,84.867,2.8,4.447,,,,,,,,,0,193.3,,0,0,0,0,0,,0,0,,0,
"156","SUSTUT","2023081823",0,5.2,93,3.2,343,10.2,84.168,2.211,3.419,,,,,,,,,0,193.3,,0,0,0,0,0,,0,0,,0,
"158","VANDERHOOF HUB","2023081800",0,10.7,50,13,301,22.3,90.874,9.353,32.079,,,,,,,,,,,,,,0,1,105.83,,,,,,
"158","VANDERHOOF HUB","2023081801",0,10.7,50,8.5,302,20,90.588,7.157,26.752,,,,,,,,,,,,,,0,1,105.81,,,,,,
"158","VANDERHOOF HUB","2023081802",0,9.2,63,7.2,252,10.8,90.084,6.237,24.313,,,,,,,,,,,,,,0,1,105.8,,,,,,
"158","VANDERHOOF HUB","2023081803",0,9.9,59,12.2,296,17.2,89.667,7.558,27.773,,,,,,,,,,,,,,0,1,105.79,,,,,,
"158","VANDERHOOF HUB","2023081804",0,8.5,68,12.6,295,16,89.095,7.105,26.617,,,,,,,,,,,,,,0,1,105.79,,,,,,
"158","VANDERHOOF HUB","2023081805",0,10,61,16.1,285,24.1,88.721,8.032,28.948,,,,,,,,,,,,,,0,1,105.76,,,,,,
"158","VANDERHOOF HUB","2023081806",0,10.4,64,10.9,311,22.9,88.358,5.867,23.291,,,,,,,,,,,,,,0,1,105.76,,,,,,
"158","VANDERHOOF HUB","2023081807",0,10.6,65,11.9,291,16,88.009,5.868,23.295,,,,,,,,,,,,,,0,1,105.75,,,,,,
"158","VANDERHOOF HUB","2023081808",0,10.5,80,15.1,310,20,87.269,6.203,24.22,,,,,,,,,,,,,,0,1,105.79,,,,,,
"158","VANDERHOOF HUB","2023081809",0,11,82,7.4,330,14.9,86.637,3.846,17.152,,,,,,,,,,,,,,0.22,1,105.96,,,,,,
"158","VANDERHOOF HUB","2023081810",0,12.3,72,7,12,13.1,86.367,3.629,16.419,,,,,,,,,,,,,,0,1,105.94,,,,,,
"158","VANDERHOOF HUB","2023081811",0,14.9,59,7.3,181,15.4,86.415,3.709,16.691,,,,,,,,,,,,,,0,1,105.92,,,,,,
"158","VANDERHOOF HUB","2023081812",0,15.5,50,11.1,354,24.6,86.486,4.537,19.371,0,89.389,6.871,26.247,71.069,858.205,117.758,4,,,,,,0,1,105.91,,,,,,
"158","VANDERHOOF HUB","2023081813",0.2,14.7,56,17,14,37.9,82.118,3.406,15.808,,,,,,,,,,,,,,0.15,1,106.04,,,,,,
"158","VANDERHOOF HUB","2023081814",0,17.1,42,13.1,294,24.1,82.961,3.109,14.746,,,,,,,,,,,,,,0,1,106,,,,,,
"158","VANDERHOOF HUB","2023081815",0,20,30,10,300,22.3,84.174,3.118,14.777,,,,,,,,,,,,,,0,1,105.96,,,,,,
"158","VANDERHOOF HUB","2023081816",0,17.1,39,7.1,6,22.3,84.775,2.922,14.058,,,,,,,,,,,,,,0,1,105.95,,,,,,
"158","VANDERHOOF HUB","2023081817",0,17.7,38,3.4,149,10.8,85.3,2.607,12.855,,,,,,,,,,,,,,0,1,105.9,,,,,,
"158","VANDERHOOF HUB","2023081818",0,16.6,52,4.4,157,8.5,85.461,2.804,13.611,,,,,,,,,,,,,,0,1,105.87,,,,,,
"158","VANDERHOOF HUB","2023081819",0,14.6,62,7.1,128,8.5,85.509,3.233,15.196,,,,,,,,,,,,,,0,1,105.86,,,,,,
"158","VANDERHOOF HUB","2023081820",0,11.2,69,8.4,99,10.2,85.414,3.407,15.813,,,,,,,,,,,,,,0,1,105.84,,,,,,
"158","VANDERHOOF HUB","2023081821",0,8.7,79,8.7,115,13.1,85.073,3.3,15.434,,,,,,,,,,,,,,0,1,105.81,,,,,,
"158","VANDERHOOF HUB","2023081822",0,11.1,62,13,97,16,85.121,4.125,18.241,,,,,,,,,,,,,,0,1,105.78,,,,,,
"158","VANDERHOOF HUB","2023081823",0,5.3,86,9,129,15.4,84.596,3.138,14.852,,,,,,,,,,,,,,0,1,105.8,,,,,,
"159","NORTH CHILCO","2023081800",0,12.2,46,10,314,21.8,90.981,8.164,26.894,,,,,,,,,,,,,,,,,,,,,,
"159","NORTH CHILCO","2023081801",0,11.2,49,8.7,317,23.5,90.705,7.351,25.009,,,,,,,,,,,,,,,,,,,,,,
"159","NORTH CHILCO","2023081802",0,10.5,53,7.4,317,19.5,90.386,6.578,23.136,,,,,,,,,,,,,,,,,,,,,,
"159","NORTH CHILCO","2023081803",0,10.4,52,8.5,290,17.2,90.108,6.682,23.392,,,,,,,,,,,,,,,,,,,,,,
"159","NORTH CHILCO","2023081804",0,8.8,56,7.6,274,16,89.783,6.096,21.917,,,,,,,,,,,,,,,,,,,,,,
"159","NORTH CHILCO","2023081805",0,8.2,60,7.9,273,18.3,89.411,5.866,21.326,,,,,,,,,,,,,,,,,,,,,,
"159","NORTH CHILCO","2023081806",0,9.3,61,8.2,293,17.7,89.055,5.659,20.782,,,,,,,,,,,,,,,,,,,,,,
"159","NORTH CHILCO","2023081807",0,10.8,62,9.8,326,23.5,88.707,5.836,21.246,,,,,,,,,,,,,,,,,,,,,,
"159","NORTH CHILCO","2023081808",0,10.3,64,12.2,1,22.9,88.337,6.245,22.298,,,,,,,,,,,,,,,,,,,,,,
"159","NORTH CHILCO","2023081809",0.4,8.3,87,5.7,8,20,78.72,1.337,6.453,,,,,,,,,,,,,,,,,,,,,,
"159","NORTH CHILCO","2023081810",0,8.8,84,2.7,23,9.7,78.772,1.155,5.608,,,,,,,,,,,,,,,,,,,,,,
"159","NORTH CHILCO","2023081811",0,13.1,59,4.9,338,14.3,79.291,1.355,6.536,,,,,,,,,,,,,,,,,,,,,,
"159","NORTH CHILCO","2023081812",0,15.1,48,5.3,22,16.6,80.071,1.496,7.16,0.4,89.494,5.208,19.835,59.086,735.744,98.414,4,,,,,,,,,,,,,,
"159","NORTH CHILCO","2023081813",0,12.7,59,9.9,297,23.5,80.535,1.983,9.322,,,,,,,,,,,,,,,,,,,,,,
"159","NORTH CHILCO","2023081814",0,16.3,42,7.8,349,17.7,81.441,1.976,9.295,,,,,,,,,,,,,,,,,,,,,,
"159","NORTH CHILCO","2023081815",0,15.6,42,9.3,7,18.3,82.243,2.346,10.732,,,,,,,,,,,,,,,,,,,,,,
"159","NORTH CHILCO","2023081816",0,15,41,7.3,10,24.1,82.928,2.311,10.601,,,,,,,,,,,,,,,,,,,,,,
"159","NORTH CHILCO","2023081817",0,16.8,37,5.9,65,14.9,83.689,2.377,10.849,,,,,,,,,,,,,,,,,,,,,,
"159","NORTH CHILCO","2023081818",0,16,37,2.5,329,10.2,84.27,2.164,10.037,,,,,,,,,,,,,,,,,,,,,,
"159","NORTH CHILCO","2023081819",0,14.2,46,3.7,149,11.4,84.58,2.398,10.924,,,,,,,,,,,,,,,,,,,,,,
"159","NORTH CHILCO","2023081820",0,12.6,50,3,139,9.1,84.757,2.371,10.825,,,,,,,,,,,,,,,,,,,,,,
"159","NORTH CHILCO","2023081821",0,11.2,55,4.5,158,10.2,84.83,2.583,11.606,,,,,,,,,,,,,,,,,,,,,,
"159","NORTH CHILCO","2023081822",0,11.1,56,5.6,162,9.7,84.883,2.75,12.206,,,,,,,,,,,,,,,,,,,,,,
"159","NORTH CHILCO","2023081823",0,9.6,64,4.1,168,8.5,84.925,2.564,11.54,,,,,,,,,,,,,,,,,,,,,,
"161","GRASSY PLAINS HUB","2023081800",0,10.6,56,4.9,316,11.4,89.333,4.987,13.125,,,,,,,,,,,,,,0,1,174.91,,,,,,
"161","GRASSY PLAINS HUB","2023081801",0,10,59,5.2,316,11.4,89.052,4.863,12.866,,,,,,,,,,,,,,0,1,174.88,,,,,,
"161","GRASSY PLAINS HUB","2023081802",0,9.3,65,5.5,316,12.5,88.68,4.68,12.482,,,,,,,,,,,,,,0.05,1,174.95,,,,,,
"161","GRASSY PLAINS HUB","2023081803",0,9.1,61,7.8,317,17.7,88.399,5.048,13.25,,,,,,,,,,,,,,0,1,174.93,,,,,,
"161","GRASSY PLAINS HUB","2023081804",0,8.7,68,8.5,320,18.9,88.001,4.939,13.025,,,,,,,,,,,,,,0,1,174.96,,,,,,
"161","GRASSY PLAINS HUB","2023081805",0,7.9,75,6.6,317,18.9,87.51,4.184,11.405,,,,,,,,,,,,,,0.05,1,175,,,,,,
"161","GRASSY PLAINS HUB","2023081806",0,7.1,78,6.5,316,16,86.999,3.87,10.702,,,,,,,,,,,,,,0.05,1,175.01,,,,,,
"161","GRASSY PLAINS HUB","2023081807",0,9,66,9,316,19.5,86.783,4.257,11.567,,,,,,,,,,,,,,0,1,174.97,,,,,,
"161","GRASSY PLAINS HUB","2023081808",0,11,60,11.5,321,25.8,86.717,4.783,12.698,,,,,,,,,,,,,,0,1,174.95,,,,,,
"161","GRASSY PLAINS HUB","2023081809",0,12.6,54,12.7,321,24.1,86.765,5.116,13.391,,,,,,,,,,,,,,0,1,174.94,,,,,,
"161","GRASSY PLAINS HUB","2023081810",0,14.1,50,12.2,322,25.8,86.813,5.023,13.199,,,,,,,,,,,,,,0,1,174.93,,,,,,
"161","GRASSY PLAINS HUB","2023081811",0,15.5,43,13.1,325,26.4,86.99,5.39,13.946,,,,,,,,,,,,,,0,1,174.93,,,,,,
"161","GRASSY PLAINS HUB","2023081812",0,15.5,42,8.6,321,25.2,87.158,4.401,11.881,0,90.161,6.767,17.162,29.531,586.676,52.46,4,,,,,,0,1,174.92,,,,,,
"161","GRASSY PLAINS HUB","2023081813",0,16.6,37,11.7,324,25.2,87.466,5.375,14.412,,,,,,,,,,,,,,0,1,174.88,,,,,,
"161","GRASSY PLAINS HUB","2023081814",0,16.9,38,6.6,320,22.9,87.697,4.297,12.086,,,,,,,,,,,,,,0,1,174.84,,,,,,
"161","GRASSY PLAINS HUB","2023081815",0,18.7,36,12.9,324,24.1,88.031,6.192,16.055,,,,,,,,,,,,,,0,1,174.81,,,,,,
"161","GRASSY PLAINS HUB","2023081816",0,19.5,31,12.8,326,22.9,88.499,6.588,16.822,,,,,,,,,,,,,,0,1,174.73,,,,,,
"161","GRASSY PLAINS HUB","2023081817",0,18.5,34,8.1,320,27.5,88.753,5.392,14.446,,,,,,,,,,,,,,0,1,174.69,,,,,,
"161","GRASSY PLAINS HUB","2023081818",0,16.3,40,5.1,322,18.9,88.802,4.668,12.909,,,,,,,,,,,,,,0,1,174.63,,,,,,
"161","GRASSY PLAINS HUB","2023081819",0,14,47,0,321,7.9,88.826,3.623,10.519,,,,,,,,,,,,,,0,1,174.58,,,,,,
"161","GRASSY PLAINS HUB","2023081820",0,8.2,79,1.8,317,6.2,88.248,3.651,10.586,,,,,,,,,,,,,,0,1,174.59,,,,,,
"161","GRASSY PLAINS HUB","2023081821",0,6.1,80,0,317,0,87.82,3.136,9.32,,,,,,,,,,,,,,0,1,174.53,,,,,,
"161","GRASSY PLAINS HUB","2023081822",0,5.6,82,0,317,0,87.384,2.946,8.835,,,,,,,,,,,,,,0,1,174.46,,,,,,
"161","GRASSY PLAINS HUB","2023081823",0,5.6,79,5.4,316,8.5,86.882,3.601,10.467,,,,,,,,,,,,,,0,1,174.41,,,,,,
"162","HOUSTON","2023081800",0,12.2,53,5.5,223,16,89.543,5.297,15.855,,,,,,,,,,,,,,,,,,,,,,
"162","HOUSTON","2023081801",0,11.9,52,5.7,222,13.7,89.374,5.223,15.687,,,,,,,,,,,,,,,,,,,,,,
"162","HOUSTON","2023081802",0,11.9,56,7.7,172,23.5,89.134,5.582,16.493,,,,,,,,,,,,,,,,,,,,,,
"162","HOUSTON","2023081803",0,10.8,67,5.7,83,25.2,88.711,4.749,14.586,,,,,,,,,,,,,,,,,,,,,,
"162","HOUSTON","2023081804",0,10.7,59,6,191,14.9,88.485,4.668,14.393,,,,,,,,,,,,,,,,,,,,,,
"162","HOUSTON","2023081805",0,10.1,62,6.2,208,14.3,88.221,4.539,14.086,,,,,,,,,,,,,,,,,,,,,,
"162","HOUSTON","2023081806",0,9.6,65,7.3,215,14.3,87.915,4.592,14.212,,,,,,,,,,,,,,,,,,,,,,
"162","HOUSTON","2023081807",0,12,59,5.5,187,21.2,87.781,4.114,13.043,,,,,,,,,,,,,,,,,,,,,,
"162","HOUSTON","2023081808",0,12.2,61,5.8,178,15.4,87.624,4.084,12.968,,,,,,,,,,,,,,,,,,,,,,
"162","HOUSTON","2023081809",0,15.1,50,6,230,12.5,87.673,4.154,13.144,,,,,,,,,,,,,,,,,,,,,,
"162","HOUSTON","2023081810",0,17,46,10.7,235,22.3,87.722,5.302,15.865,,,,,,,,,,,,,,,,,,,,,,
"162","HOUSTON","2023081811",0,17.1,39,19.4,301,29.2,87.935,8.473,22.368,,,,,,,,,,,,,,,,,,,,,,
"162","HOUSTON","2023081812",0,18.5,35,9,329,28.1,88.24,5.242,15.729,0,90.978,7.759,21.634,41.3,455.032,67.324,4,,,,,,,,,,,,,,
"162","HOUSTON","2023081813",0,19.6,34,12.9,290,23.5,88.586,6.704,19.471,,,,,,,,,,,,,,,,,,,,,,
"162","HOUSTON","2023081814",0,19.8,32,10.3,277,24.6,88.938,6.186,18.356,,,,,,,,,,,,,,,,,,,,,,
"162","HOUSTON","2023081815",0,20.9,31,11.1,313,24.1,89.312,6.796,19.664,,,,,,,,,,,,,,,,,,,,,,
"162","HOUSTON","2023081816",0,21.6,28,8,343,24.1,89.737,6.178,18.34,,,,,,,,,,,,,,,,,,,,,,
"162","HOUSTON","2023081817",0,21.7,27,6.5,264,14.3,90.125,6.056,18.071,,,,,,,,,,,,,,,,,,,,,,
"162","HOUSTON","2023081818",0,20.9,27,9.5,253,22.3,90.445,7.374,20.859,,,,,,,,,,,,,,,,,,,,,,
"162","HOUSTON","2023081819",0,19.5,34,8.1,263,18.3,90.495,6.921,19.926,,,,,,,,,,,,,,,,,,,,,,
"162","HOUSTON","2023081820",0,14,63,3.6,145,12,90.047,5.175,16.069,,,,,,,,,,,,,,,,,,,,,,
"162","HOUSTON","2023081821",0,9.5,73,6.4,139,9.1,89.385,5.419,16.637,,,,,,,,,,,,,,,,,,,,,,
"162","HOUSTON","2023081822",0,7,77,4.5,127,11.4,88.748,4.494,14.429,,,,,,,,,,,,,,,,,,,,,,
"162","HOUSTON","2023081823",0,5.1,81,3.6,133,8.5,88.107,3.918,12.964,,,,,,,,,,,,,,,,,,,,,,
"163","LOVELL COVE","2023081800",0,6.2,75,5,329,12.5,87.284,3.737,11.784,,,,,,,,,0,193.3,,0,0,0,0,0,,0,0,,0,
"163","LOVELL COVE","2023081801",0,4.7,80,5.2,315,10.8,86.775,3.511,11.202,,,,,,,,,0,193.3,,0,0,0,0,0,,0,0,,0,
"163","LOVELL COVE","2023081802",0,3.5,85,2.9,55,9.1,86.228,2.894,9.543,,,,,,,,,0,193.3,,0,0,0,0,0,,0,0,,0,
"163","LOVELL COVE","2023081803",0,2.3,89,3.9,267,9.7,85.593,2.784,9.234,,,,,,,,,0,193.3,,0,0,0,0,0,,0,0,,0,
"163","LOVELL COVE","2023081804",0,2,92,3.8,12,9.7,84.902,2.518,8.468,,,,,,,,,0,193.3,,0,0,0,0,0,,0,0,,0,
"163","LOVELL COVE","2023081805",0,1.9,93,3.5,274,9.7,84.235,2.265,7.714,,,,,,,,,0,193.3,,0,0,0,0,0,,0,0,,0,
"163","LOVELL COVE","2023081806",0,1.8,92,4.8,42,8.5,83.644,2.236,7.624,,,,,,,,,0,193.3,,0,0,0,0,0,,0,0,,0,
"163","LOVELL COVE","2023081807",0,3.8,87,3.8,258,16,83.286,2.029,6.982,,,,,,,,,0,193.3,,0,0,0,0,0,,0,0,,0,
"163","LOVELL COVE","2023081808",0,7.4,80,3.5,265,8.5,83.158,1.966,6.781,,,,,,,,,0,193.3,,0,0,0,0,0,,0,0,,0,
"163","LOVELL COVE","2023081809",0,10.9,64,5.8,236,17.2,83.231,2.228,7.601,,,,,,,,,0,193.3,,0,0,0,0,0,,0,0,,0,
"163","LOVELL COVE","2023081810",0,15.1,43,7.8,282,15.4,83.776,2.646,8.841,,,,,,,,,0,193.3,,0,0,0,0,0,,0,0,,0,
"163","LOVELL COVE","2023081811",0,16.6,38,9.6,251,20,84.461,3.176,10.316,,,,,,,,,0,193.3,,0,0,0,0,0,,0,0,,0,
"163","LOVELL COVE","2023081812",0,17.4,37,10.6,288,21.8,85.134,3.662,11.592,0,89.064,6.395,18.394,37.883,546.201,64.57,4,0,193.3,,0,0,0,0,0,,0,0,,0,
"163","LOVELL COVE","2023081813",0,16.5,38,7.8,274,25.8,85.635,3.409,11.318,,,,,,,,,0,193.3,,0,0,0,0,0,,0,0,,0,
"163","LOVELL COVE","2023081814",0,16.3,38,7.3,280,21.2,86.067,3.531,11.645,,,,,,,,,0,193.3,,0,0,0,0,0,,0,0,,0,
"163","LOVELL COVE","2023081815",0,17,36,6,264,17.7,86.509,3.52,11.616,,,,,,,,,0,193.3,,0,0,0,0,0,,0,0,,0,
"163","LOVELL COVE","2023081816",0,17.1,33,7.7,282,16.6,86.996,4.109,13.141,,,,,,,,,0,193.3,,0,0,0,0,0,,0,0,,0,
"163","LOVELL COVE","2023081817",0,14.5,64,6.3,7,24.6,86.887,3.771,12.276,,,,,,,,,0,193.3,,0,0,0,0,0,,0,0,,0,
"163","LOVELL COVE","2023081818",0,18,31,7.9,285,15.4,87.417,4.408,13.883,,,,,,,,,0,193.3,,0,0,0,0,0,,0,0,,0,
"163","LOVELL COVE","2023081819",0,13.4,68,3.9,293,10.2,87.183,3.485,11.522,,,,,,,,,0,193.3,,0,0,0,0,0,,0,0,,0,
"163","LOVELL COVE","2023081820",0,11,76,4.6,47,6.2,86.774,3.406,11.31,,,,,,,,,0,193.3,,0,0,0,0,0,,0,0,,0,
"163","LOVELL COVE","2023081821",0,9.3,73,4.9,15,7.9,86.47,3.312,11.055,,,,,,,,,0,193.3,,0,0,0,0,0,,0,0,,0,
"163","LOVELL COVE","2023081822",0,7.3,81,5.6,42,6.8,85.995,3.209,10.771,,,,,,,,,0,193.3,,0,0,0,0,0,,0,0,,0,
"163","LOVELL COVE","2023081823",0,6.3,84,5.8,31,10.2,85.481,3.017,10.235,,,,,,,,,0,193.3,,0,0,0,0,0,,0,0,,0,
"165","MOOSE LAKE","2023081800",0,9.7,66,4.3,267,12.5,89.378,4.87,14.863,,,,,,,,,,,,,,0,1,583.54,,,,,,
"165","MOOSE LAKE","2023081801",0,9.1,68,4.6,250,9.7,88.927,4.634,14.305,,,,,,,,,,,,,,0,1,583.53,,,,,,
"165","MOOSE LAKE","2023081802",0,8.7,64,4.8,253,13.1,88.593,4.462,13.892,,,,,,,,,,,,,,0,1,583.52,,,,,,
"165","MOOSE LAKE","2023081803",0,6.1,77,3.4,239,6.8,88.058,3.851,12.371,,,,,,,,,,,,,,0,1,583.54,,,,,,
"165","MOOSE LAKE","2023081804",0.6,5.9,92,3.1,238,7.4,74.148,0.857,2.893,,,,,,,,,,,,,,0.65,1,584.33,,,,,,
"165","MOOSE LAKE","2023081805",2,5.6,97,4.9,247,13.7,43.816,0.087,0.174,,,,,,,,,,,,,,1.98,1,586.15,,,,,,
"165","MOOSE LAKE","2023081806",0,5.6,97,2.4,240,7.4,44.013,0.079,0.159,,,,,,,,,,,,,,0,1,586.14,,,,,,
"165","MOOSE LAKE","2023081807",0,5.7,97,2.1,239,4.5,44.205,0.081,0.161,,,,,,,,,,,,,,0,1,586.13,,,,,,
"165","MOOSE LAKE","2023081808",0,7.5,97,4.1,261,10.8,44.441,0.093,0.185,,,,,,,,,,,,,,0,1,586.08,,,,,,
"165","MOOSE LAKE","2023081809",0,8.4,90,5.5,252,12,45.193,0.112,0.224,,,,,,,,,,,,,,0,1,586.04,,,,,,
"165","MOOSE LAKE","2023081810",0,10.4,76,7,242,13.7,46.879,0.155,0.309,,,,,,,,,,,,,,0,1,586.04,,,,,,
"165","MOOSE LAKE","2023081811",0,10.2,78,4.2,227,16,48.231,0.162,0.324,,,,,,,,,,,,,,0,1,586.02,,,,,,
"165","MOOSE LAKE","2023081812",0,12.2,69,4.6,244,10.8,50.084,0.209,0.418,2.6,65.721,0.684,1.784,31.224,590.903,55.162,3,,,,,,0,1,586.01,,,,,,
"165","MOOSE LAKE","2023081813",0,11.6,71,2.7,230,13.7,51.588,0.226,0.409,,,,,,,,,,,,,,0,1,586.03,,,,,,
"165","MOOSE LAKE","2023081814",0,15.4,54,3.9,235,11.4,54.084,0.312,0.563,,,,,,,,,,,,,,0,1,585.98,,,,,,
"165","MOOSE LAKE","2023081815",0,18.5,36,6.9,296,17.7,57.755,0.497,0.897,,,,,,,,,,,,,,0,1,585.92,,,,,,
"165","MOOSE LAKE","2023081816",0,17.9,36,7.8,268,21.2,61.137,0.649,1.618,,,,,,,,,,,,,,0,1,585.96,,,,,,
"165","MOOSE LAKE","2023081817",0,14.8,47,5,256,17.7,63.351,0.632,1.533,,,,,,,,,,,,,,0,1,586.09,,,,,,
"165","MOOSE LAKE","2023081818",0,15.4,47,5.3,256,13.1,65.483,0.702,1.867,,,,,,,,,,,,,,0,1,586.02,,,,,,
"165","MOOSE LAKE","2023081819",0,11.8,67,1.7,237,7.9,66.443,0.607,1.399,,,,,,,,,,,,,,0,1,586.09,,,,,,
"165","MOOSE LAKE","2023081820",0,8.8,85,2,270,3.3,66.834,0.624,1.494,,,,,,,,,,,,,,0,1,586.17,,,,,,
"165","MOOSE LAKE","2023081821",0,6.4,91,0,220,2.2,66.965,0.567,1.15,,,,,,,,,,,,,,0,1,586.19,,,,,,
"165","MOOSE LAKE","2023081822",0,4.4,93,2.2,274,3.3,67.113,0.637,1.557,,,,,,,,,,,,,,0,1,586.21,,,,,,
"165","MOOSE LAKE","2023081823",0,2.3,96,1.7,28,3.3,67.196,0.623,1.485,,,,,,,,,,,,,,0,1,586.22,,,,,,
"166","KLUSKUS","2023081800",0,11.2,51,9.5,277,23.9,91.147,8.151,18.902,,,,,,,,,,,,,,0,1,552.62,,,,3688.4,0,
"166","KLUSKUS","2023081801",0,10.2,57,7.6,283,21.5,90.703,6.953,16.803,,,,,,,,,,,,,,0,1,552.61,,,,3688.4,0,
"166","KLUSKUS","2023081802",0,8.9,61,6.3,265,18.9,90.24,6.095,15.212,,,,,,,,,,,,,,0,1,552.59,,,,3688.4,0,
"166","KLUSKUS","2023081803",0,9.3,60,6.8,268,18.5,89.835,5.898,14.834,,,,,,,,,,,,,,0,1,552.55,,,,3688.4,0,
"166","KLUSKUS","2023081804",0.2,7.2,80,5.9,253,22,84.446,2.63,7.618,,,,,,,,,,,,,,0.19,1,552.75,,,,3688.6,0,
"166","KLUSKUS","2023081805",0,5.8,80,4.7,223,15.6,84.197,2.394,6.996,,,,,,,,,,,,,,0,1,552.73,,,,3688.6,0,
"166","KLUSKUS","2023081806",0,6.8,73,8.3,264,16.3,84.107,2.836,8.145,,,,,,,,,,,,,,0,1,552.69,,,,3688.6,0,
"166","KLUSKUS","2023081807",0,8.5,67,6.6,270,16.5,84.154,2.62,7.59,,,,,,,,,,,,,,0,1,552.69,,,,3688.6,0,
"166","KLUSKUS","2023081808",0,10.1,62,7.9,286,23.5,84.201,2.815,8.091,,,,,,,,,,,,,,0,1,552.7,,,,3688.6,0,
"166","KLUSKUS","2023081809",0,9.7,65,9.3,303,24.6,84.248,3.04,8.653,,,,,,,,,,,,,,0,1,552.76,,,,3688.6,0,
"166","KLUSKUS","2023081810",0,10.9,57,9.7,285,22.1,84.335,3.138,8.895,,,,,,,,,,,,,,0,1,552.75,,,,3688.6,0,
"166","KLUSKUS","2023081811",0,14.4,47,9.2,317,20.6,84.666,3.2,9.045,,,,,,,,,,,,,,0,1,552.75,,,,3688.6,0,
"166","KLUSKUS","2023081812",0,15.2,45,8.2,300,20.5,85.019,3.194,9.03,0.2,90.023,6.502,16.458,30.41,409.955,51.305,3,,,,,,0,1,552.81,,,,3688.6,0,
"166","KLUSKUS","2023081813",0,14,47,11.8,253,25.5,85.277,3.968,11.187,,,,,,,,,,,,,,0,1,552.82,,,,3688.6,0,
"166","KLUSKUS","2023081814",0,14.1,44,7.6,290,22.7,85.553,3.337,9.691,,,,,,,,,,,,,,0,1,552.82,,,,3688.6,0,
"166","KLUSKUS","2023081815",0,14.4,42,8.1,292,25.6,85.852,3.568,10.25,,,,,,,,,,,,,,0,1,552.84,,,,3688.6,0,
"166","KLUSKUS","2023081816",0,15.7,36,9,300,21,86.302,3.977,11.208,,,,,,,,,,,,,,0,1,552.84,,,,3688.6,0,
"166","KLUSKUS","2023081817",0,15.8,38,6.5,290,19.7,86.636,3.676,10.507,,,,,,,,,,,,,,0,1,552.85,,,,3688.6,0,
"166","KLUSKUS","2023081818",0,14.6,41,4.3,276,19.8,86.828,3.381,9.799,,,,,,,,,,,,,,0,1,552.85,,,,3688.6,0,
"166","KLUSKUS","2023081819",0,12.9,50,3.1,68,11.5,86.876,3.204,9.365,,,,,,,,,,,,,,0,1,552.85,,,,3688.6,0,
"166","KLUSKUS","2023081820",0,9,66,0.1,205,6.3,86.753,2.707,8.093,,,,,,,,,,,,,,0,1,552.83,,,,3688.6,0,
"166","KLUSKUS","2023081821",0,6,76,2.2,242,4.8,86.421,2.871,8.52,,,,,,,,,,,,,,0,1,552.79,,,,3688.6,0,
"166","KLUSKUS","2023081822",0,3.8,85,1.4,171,3.9,85.939,2.577,7.747,,,,,,,,,,,,,,0,1,552.75,,,,3688.6,0,
"166","KLUSKUS","2023081823",0,2.3,93,1.7,154,3.9,85.233,2.371,7.187,,,,,,,,,,,,,,0,1,552.78,,,,3688.6,0,
"167","AUGIER LAKE","2023081800",0,10.5,56,6.7,247,20,89.234,5.384,16.41,,,,,,,,,0,0,,0,0,0,0,0,,0,0,,0,
"167","AUGIER LAKE","2023081801",0,8,63,6.2,249,21.2,88.874,4.986,15.483,,,,,,,,,0,0,,0,0,0,0,0,,0,0,,0,
"167","AUGIER LAKE","2023081802",0,8,64,6.3,238,16,88.528,4.768,14.965,,,,,,,,,0,0,,0,0,0,0,0,,0,0,,0,
"167","AUGIER LAKE","2023081803",0,7.8,67,6.6,244,13.1,88.155,4.588,14.529,,,,,,,,,0,0,,0,0,0,0,0,,0,0,,0,
"167","AUGIER LAKE","2023081804",0,8.5,67,8.1,233,18.9,87.806,4.707,14.818,,,,,,,,,0,0,,0,0,0,0,0,,0,0,,0,
"167","AUGIER LAKE","2023081805",0,7.7,74,6.3,241,14.9,87.362,4.034,13.144,,,,,,,,,0,0,,0,0,0,0,0,,0,0,,0,
"167","AUGIER LAKE","2023081806",0,6.6,77,7.1,243,12.5,86.885,3.925,12.862,,,,,,,,,0,0,,0,0,0,0,0,,0,0,,0,
"167","AUGIER LAKE","2023081807",0,8.6,69,2.5,178,9.7,86.67,3.019,10.403,,,,,,,,,0,0,,0,0,0,0,0,,0,0,,0,
"167","AUGIER LAKE","2023081808",0,12.5,53,6.2,257,16,86.718,3.663,12.175,,,,,,,,,0,0,,0,0,0,0,0,,0,0,,0,
"167","AUGIER LAKE","2023081809",0,11.3,60,8.5,310,22.3,86.668,4.084,13.271,,,,,,,,,0,0,,0,0,0,0,0,,0,0,,0,
"167","AUGIER LAKE","2023081810",0,14.2,51,7.9,359,21.8,86.716,3.989,13.029,,,,,,,,,0,0,,0,0,0,0,0,,0,0,,0,
"167","AUGIER LAKE","2023081811",0,16.3,38,6.2,291,18.9,87.016,3.821,12.592,,,,,,,,,0,0,,0,0,0,0,0,,0,0,,0,
"167","AUGIER LAKE","2023081812",0,17.4,33,5.3,299,14.9,87.429,3.873,12.728,0,91.763,7.2,20.918,42.203,509.682,69.93,4,0,0,,0,0,0,0,0,,0,0,,0,
"167","AUGIER LAKE","2023081813",0,15.5,37,5.5,321,16.6,87.647,4.036,13.564,,,,,,,,,0,0,,0,0,0,0,0,,0,0,,0,
"167","AUGIER LAKE","2023081814",0,17.1,34,6.2,345,15.4,87.957,4.371,14.43,,,,,,,,,0,0,,0,0,0,0,0,,0,0,,0,
"167","AUGIER LAKE","2023081815",0,19.2,28,6.8,8,17.7,88.472,4.85,15.626,,,,,,,,,0,0,,0,0,0,0,0,,0,0,,0,
"167","AUGIER LAKE","2023081816",0,18.6,30,6.4,288,14.9,88.835,5.008,16.009,,,,,,,,,0,0,,0,0,0,0,0,,0,0,,0,
"167","AUGIER LAKE","2023081817",0,19.6,33,7.3,275,14.9,89.101,5.444,17.045,,,,,,,,,0,0,,0,0,0,0,0,,0,0,,0,
"167","AUGIER LAKE","2023081818",0,17.5,34,5.7,275,17.7,89.244,5.126,16.294,,,,,,,,,0,0,,0,0,0,0,0,,0,0,,0,
"167","AUGIER LAKE","2023081819",0,14.3,46,4.6,248,14.3,89.236,4.845,15.612,,,,,,,,,0,0,,0,0,0,0,0,,0,0,,0,
"167","AUGIER LAKE","2023081820",0,9.9,63,1.7,279,5.6,88.94,4.012,13.5,,,,,,,,,0,0,,0,0,0,0,0,,0,0,,0,
"167","AUGIER LAKE","2023081821",0,7.1,73,3.7,244,5.6,88.449,4.135,13.823,,,,,,,,,0,0,,0,0,0,0,0,,0,0,,0,
"167","AUGIER LAKE","2023081822",0,5.5,80,6,248,10.2,87.812,4.238,14.09,,,,,,,,,0,0,,0,0,0,0,0,,0,0,,0,
"167","AUGIER LAKE","2023081823",0,3.8,82,5.5,240,9.7,87.206,3.79,12.909,,,,,,,,,0,0,,0,0,0,0,0,,0,0,,0,
"169","UPPER FULTON","2023081800",0,8.7,65,4.7,26,14.9,87.77,3.945,10.03,,,,,,,,,,,,,,,,,,,,,,
"169","UPPER FULTON","2023081801",0,7.5,70,3,56,8.5,87.452,3.461,8.976,,,,,,,,,,,,,,,,,,,,,,
"169","UPPER FULTON","2023081802",0,6,80,3.2,316,9.7,86.954,3.256,8.515,,,,,,,,,,,,,,,,,,,,,,
"169","UPPER FULTON","2023081803",0,4.8,84,2,266,8.5,86.431,2.846,7.561,,,,,,,,,,,,,,,,,,,,,,
"169","UPPER FULTON","2023081804",0,3.5,87,2,175,4.5,85.877,2.632,7.044,,,,,,,,,,,,,,,,,,,,,,
"169","UPPER FULTON","2023081805",0,2.4,91,2.7,235,4.5,85.225,2.49,6.693,,,,,,,,,,,,,,,,,,,,,,
"169","UPPER FULTON","2023081806",0,2.5,95,3.3,302,7.4,84.43,2.302,6.218,,,,,,,,,,,,,,,,,,,,,,
"169","UPPER FULTON","2023081807",0,5.5,82,3.9,113,7.9,84.141,2.282,6.167,,,,,,,,,,,,,,,,,,,,,,
"169","UPPER FULTON","2023081808",0,13.1,55,8.8,39,15.4,84.308,2.988,7.896,,,,,,,,,,,,,,,,,,,,,,
"169","UPPER FULTON","2023081809",0,15.1,48,7.4,17,14.9,84.628,2.908,7.707,,,,,,,,,,,,,,,,,,,,,,
"169","UPPER FULTON","2023081810",0,16.8,38,8.2,5,20.6,85.204,3.276,8.561,,,,,,,,,,,,,,,,,,,,,,
"169","UPPER FULTON","2023081811",0,16.9,38,7.3,305,19.5,85.706,3.357,8.744,,,,,,,,,,,,,,,,,,,,,,
"169","UPPER FULTON","2023081812",0,17.7,36,6.8,6,21.2,86.223,3.52,9.107,0,90.678,6.654,15.92,27.27,404.747,46.678,3,,,,,,,,,,,,,,
"169","UPPER FULTON","2023081813",0,17.6,37,5.1,139,17.7,86.632,3.423,9.356,,,,,,,,,,,,,,,,,,,,,,
"169","UPPER FULTON","2023081814",0,16.8,37,5.4,106,14.9,86.973,3.648,9.872,,,,,,,,,,,,,,,,,,,,,,
"169","UPPER FULTON","2023081815",0,18.7,31,5.2,323,13.1,87.489,3.887,10.408,,,,,,,,,,,,,,,,,,,,,,
"169","UPPER FULTON","2023081816",0,16.3,40,3.3,285,11.4,87.645,3.612,9.79,,,,,,,,,,,,,,,,,,,,,,
"169","UPPER FULTON","2023081817",0,17,46,2.6,332,12.5,87.694,3.511,9.559,,,,,,,,,,,,,,,,,,,,,,
"169","UPPER FULTON","2023081818",0,15.9,39,5.5,268,13.7,87.848,4.154,10.994,,,,,,,,,,,,,,,,,,,,,,
"169","UPPER FULTON","2023081819",0,12.8,57,1.9,264,13.1,87.782,3.432,9.377,,,,,,,,,,,,,,,,,,,,,,
"169","UPPER FULTON","2023081820",0,10.1,65,0,250,0,87.626,3.05,8.471,,,,,,,,,,,,,,,,,,,,,,
"169","UPPER FULTON","2023081821",0,8.6,71,2.4,235,4.5,87.312,3.291,9.047,,,,,,,,,,,,,,,,,,,,,,
"169","UPPER FULTON","2023081822",0,6.3,79,2,181,5.1,86.873,3.03,8.423,,,,,,,,,,,,,,,,,,,,,,
"169","UPPER FULTON","2023081823",0,5.3,84,2.1,222,3.9,86.351,2.828,7.928,,,,,,,,,,,,,,,,,,,,,,
"170","EAST OOTSA","2023081800",0,10.1,53,13,309,33.6,91.064,9.61,26.09,,,,,,,,,,,,,,0,1,584,,,,4684.8,,
"170","EAST OOTSA","2023081801",0,9.7,58,15.4,328,28.5,90.534,10.055,26.918,,,,,,,,,,,,,,0,1,584,,,,4684.8,,
"170","EAST OOTSA","2023081802",0,8.5,62,9,335,26.1,90.037,6.783,20.398,,,,,,,,,,,,,,0,1,584.01,,,,4684.8,,
"170","EAST OOTSA","2023081803",0,7.7,66,10,311,19.1,89.499,6.604,20.007,,,,,,,,,,,,,,0,1,584.03,,,,4684.8,,
"170","EAST OOTSA","2023081804",0,7.2,67,12.8,299,31.4,88.971,7.05,20.972,,,,,,,,,,,,,,0,1,584,,,,4684.8,,
"170","EAST OOTSA","2023081805",0,6.9,70,14.6,310,30.2,88.419,7.131,21.146,,,,,,,,,,,,,,0,1,583.99,,,,4684.8,,
"170","EAST OOTSA","2023081806",0,6.2,72,13.2,302,24.3,87.894,6.164,19.027,,,,,,,,,,,,,,0,1,583.99,,,,4684.8,,
"170","EAST OOTSA","2023081807",0,7.2,68,11.9,299,25.4,87.521,5.472,17.43,,,,,,,,,,,,,,0,1,583.95,,,,4684.8,,
"170","EAST OOTSA","2023081808",0,8.9,59,13.4,310,29,87.366,5.773,18.134,,,,,,,,,,,,,,0,1,583.92,,,,4684.8,,
"170","EAST OOTSA","2023081809",0,12.2,47,13.2,322,29.4,87.414,5.755,18.092,,,,,,,,,,,,,,0,1,583.86,,,,4684.8,,
"170","EAST OOTSA","2023081810",0,12.5,43,13,339,29.9,87.463,5.737,18.049,,,,,,,,,,,,,,0,1,583.9,,,,4684.8,,
"170","EAST OOTSA","2023081811",0,13.8,41,10.6,358,24.1,87.564,5.158,16.676,,,,,,,,,,,,,,0,1,583.91,,,,4684.8,,
"170","EAST OOTSA","2023081812",0,14.1,39,9.9,347,23.3,87.703,5.079,16.483,0,91.272,8.466,24.313,48.333,414.607,74.852,4,,,,,,0,1,583.86,,,,4684.8,,
"170","EAST OOTSA","2023081813",0,16.9,30,12.4,318,30,88.149,6.14,19.329,,,,,,,,,,,,,,0,1,583.85,,,,4684.8,,
"170","EAST OOTSA","2023081814",0,17.2,30,11.5,321,29.3,88.54,6.207,19.48,,,,,,,,,,,,,,0,1,583.86,,,,4684.8,,
"170","EAST OOTSA","2023081815",0,16.2,34,9.3,328,27.7,88.729,5.709,18.323,,,,,,,,,,,,,,0,1,583.89,,,,4684.8,,
"170","EAST OOTSA","2023081816",0,15.4,34,6.9,12,16.9,88.87,5.162,17.005,,,,,,,,,,,,,,0,1,583.92,,,,4684.8,,
"170","EAST OOTSA","2023081817",0,15.9,32,8.3,13,17.3,89.06,5.692,18.283,,,,,,,,,,,,,,0,1,583.91,,,,4684.8,,
"170","EAST OOTSA","2023081818",0,16.3,31,8.1,333,15.9,89.262,5.8,18.54,,,,,,,,,,,,,,0,1,583.92,,,,4684.8,,
"170","EAST OOTSA","2023081819",0,14.5,35,5,24,15.5,89.311,4.997,16.596,,,,,,,,,,,,,,0,1,583.91,,,,4684.8,,
"170","EAST OOTSA","2023081820",0,10.9,46,1.2,27,6.6,89.275,4.105,14.288,,,,,,,,,,,,,,0,1,584,,,,4684.8,,
"170","EAST OOTSA","2023081821",0,8,57,5.5,297,7.5,89.024,4.917,16.397,,,,,,,,,,,,,,0,1,584.04,,,,4684.8,,
"170","EAST OOTSA","2023081822",0,6.9,62,7.7,309,11.5,88.687,5.234,17.182,,,,,,,,,,,,,,0,1,584.03,,,,4684.8,,
"170","EAST OOTSA","2023081823",0,6.4,65,8.2,306,10.9,88.321,5.094,16.836,,,,,,,,,,,,,,0,1,584.02,,,,4684.8,,
"171","LEO CREEK","2023081800",0,10.2,60,6.4,301,19.3,88.988,5.119,13.734,,,,,,,,,,,,,,,,,,,,5680.2,,
"171","LEO CREEK","2023081801",0,10.1,62,9.4,302,22.6,88.648,5.671,14.865,,,,,,,,,,,,,,,,,,,,5680.2,,
"171","LEO CREEK","2023081802",0,9.8,62,7,293,23.1,88.36,4.822,13.104,,,,,,,,,,,,,,,,,,,,5680.2,,
"171","LEO CREEK","2023081803",0,9.4,60,9.2,298,26.4,88.122,5.206,13.914,,,,,,,,,,,,,,,,,,,,5680.2,,
"171","LEO CREEK","2023081804",0,8.4,62,10.5,304,29,87.857,5.351,14.215,,,,,,,,,,,,,,,,,,,,5680.2,,
"171","LEO CREEK","2023081805",0,7.2,71,9.1,289,23.7,87.445,4.702,12.847,,,,,,,,,,,,,,,,,,,,5680.2,,
"171","LEO CREEK","2023081806",0,7.5,71,9.5,282,27.6,87.072,4.549,12.514,,,,,,,,,,,,,,,,,,,,5680.2,,
"171","LEO CREEK","2023081807",0,10.1,60,9,295,19.7,86.97,4.372,12.124,,,,,,,,,,,,,,,,,,,,5680.2,,
"171","LEO CREEK","2023081808",0,11.7,58,8.4,293,20,86.936,4.221,11.787,,,,,,,,,,,,,,,,,,,,5680.2,,
"171","LEO CREEK","2023081809",0,13.6,52,9.6,293,21.3,86.984,4.515,12.44,,,,,,,,,,,,,,,,,,,,5680.2,,
"171","LEO CREEK","2023081810",0,13.4,51,6.3,295,19.3,87.032,3.849,10.937,,,,,,,,,,,,,,,,,,,,5680.2,,
"171","LEO CREEK","2023081811",0,15.9,42,9.7,300,22.5,87.207,4.684,12.809,,,,,,,,,,,,,,,,,,,,5680.2,,
"171","LEO CREEK","2023081812",0,17.6,36,6.5,258,20.2,87.537,4.178,11.691,0,90.508,6.397,16.934,31.826,529.75,55.34,3,,,,,,,,,,,,5680.2,,
"171","LEO CREEK","2023081813",0,17.5,33,7.3,279,15.4,87.907,4.587,13.123,,,,,,,,,,,,,,,,,,,,5680.2,,
"171","LEO CREEK","2023081814",0,16.8,34,5.6,204,18.7,88.175,4.375,12.642,,,,,,,,,,,,,,,,,,,,5680.2,,
"171","LEO CREEK","2023081815",0,18.3,30,9.4,294,19.2,88.588,5.622,15.362,,,,,,,,,,,,,,,,,,,,5680.2,,
"171","LEO CREEK","2023081816",0,19,31,9.5,292,24.9,88.938,5.942,16.021,,,,,,,,,,,,,,,,,,,,5680.2,,
"171","LEO CREEK","2023081817",0,18.3,30,8.5,292,19.8,89.242,5.902,15.94,,,,,,,,,,,,,,,,,,,,5680.2,,
"171","LEO CREEK","2023081818",0,17.2,36,5.7,298,13.9,89.313,5.178,14.422,,,,,,,,,,,,,,,,,,,,5680.2,,
"171","LEO CREEK","2023081819",0,16.1,38,4.9,298,13.3,89.362,5.008,14.056,,,,,,,,,,,,,,,,,,,,5680.2,,
"171","LEO CREEK","2023081820",0,12,53,1.3,10,5.7,89.232,4.1,12.003,,,,,,,,,,,,,,,,,,,,5680.2,,
"171","LEO CREEK","2023081821",0,10.8,54,0,34,3.9,89.127,3.783,11.247,,,,,,,,,,,,,,,,,,,,5680.2,,
"171","LEO CREEK","2023081822",0,9.7,57,0.4,33,7.6,88.962,3.769,11.215,,,,,,,,,,,,,,,,,,,,5680.2,,
"171","LEO CREEK","2023081823",0,8.9,61,0,36,3.8,88.779,3.598,10.796,,,,,,,,,,,,,,,,,,,,5680.2,,
"172","NILKITKWA","2023081800",0,5.1,89,2.7,64,9.1,86.508,2.981,6.711,,,,,,,,,,,,,,,,,,,,,,
"172","NILKITKWA","2023081801",0,4.1,92,5.1,25,10.8,85.673,2.991,6.733,,,,,,,,,,,,,,,,,,,,,,
"172","NILKITKWA","2023081802",0,4.2,91,6.4,345,16.6,84.938,2.885,6.51,,,,,,,,,,,,,,,,,,,,,,
"172","NILKITKWA","2023081803",0,4.2,89,7.7,342,14.3,84.341,2.839,6.414,,,,,,,,,,,,,,,,,,,,,,
"172","NILKITKWA","2023081804",0,2.4,96,4.8,350,9.1,83.534,2.204,5.008,,,,,,,,,,,,,,,,,,,,,,
"172","NILKITKWA","2023081805",0,1.2,100,2.4,348,7.9,82.634,1.74,3.895,,,,,,,,,,,,,,,,,,,,,,
"172","NILKITKWA","2023081806",0,2.3,99,6.6,314,16,81.752,1.929,4.361,,,,,,,,,,,,,,,,,,,,,,
"172","NILKITKWA","2023081807",0,6.1,81,8,336,17.2,81.715,2.062,4.676,,,,,,,,,,,,,,,,,,,,,,
"172","NILKITKWA","2023081808",0,10.4,66,8.1,310,20.6,81.865,2.109,4.788,,,,,,,,,,,,,,,,,,,,,,
"172","NILKITKWA","2023081809",0,13,61,10.9,329,22.3,82.144,2.513,5.706,,,,,,,,,,,,,,,,,,,,,,
"172","NILKITKWA","2023081810",0,15.5,47,10.3,277,22.3,82.756,2.63,5.964,,,,,,,,,,,,,,,,,,,,,,
"172","NILKITKWA","2023081811",0,13.9,46,9.5,317,24.6,83.261,2.695,6.105,,,,,,,,,,,,,,,,,,,,,,
"172","NILKITKWA","2023081812",0,18.1,37,11.4,294,22.9,84.129,3.325,7.418,0,90.196,7.832,15.996,20.894,435.068,37.309,3,,,,,,,,,,,,,,
"172","NILKITKWA","2023081813",0,16.1,39,11,316,22.9,84.74,3.54,8.414,,,,,,,,,,,,,,,,,,,,,,
"172","NILKITKWA","2023081814",0,18.9,34,11.4,302,22.3,85.542,4.034,9.416,,,,,,,,,,,,,,,,,,,,,,
"172","NILKITKWA","2023081815",0,19.5,29,11.7,329,25.2,86.429,4.638,10.582,,,,,,,,,,,,,,,,,,,,,,
"172","NILKITKWA","2023081816",0,18.6,32,12.1,291,23.5,87.054,5.172,11.567,,,,,,,,,,,,,,,,,,,,,,
"172","NILKITKWA","2023081817",0,18.7,31,9.3,288,22.9,87.603,4.857,10.991,,,,,,,,,,,,,,,,,,,,,,
"172","NILKITKWA","2023081818",0,17.7,33,9.2,260,20,87.983,5.103,11.442,,,,,,,,,,,,,,,,,,,,,,
"172","NILKITKWA","2023081819",0,15.8,40,7.2,317,19.5,88.084,4.681,10.663,,,,,,,,,,,,,,,,,,,,,,
"172","NILKITKWA","2023081820",0,12.7,54,5.4,309,14.3,88.029,4.242,9.823,,,,,,,,,,,,,,,,,,,,,,
"172","NILKITKWA","2023081821",0,9.9,73,3.4,355,11.4,87.621,3.618,8.575,,,,,,,,,,,,,,,,,,,,,,
"172","NILKITKWA","2023081822",0,8.1,81,4.8,65,15.4,87.039,3.572,8.481,,,,,,,,,,,,,,,,,,,,,,
"172","NILKITKWA","2023081823",0,6.2,90,7.5,60,10.8,86.162,3.615,8.569,,,,,,,,,,,,,,,,,,,,,,
"173","NORTH BABINE","2023081800",0,8.7,62,6.1,229,21.8,88.266,4.546,,,,,,,,,,,,,,,,,,,,,,,
"173","NORTH BABINE","2023081801",0,7.2,69,6.1,204,17.2,87.884,4.304,,,,,,,,,,,,,,,,,,,,,,,
"173","NORTH BABINE","2023081802",0,7.1,70,6.6,259,17.2,87.513,4.186,,,,,,,,,,,,,,,,,,,,,,,
"173","NORTH BABINE","2023081803",0,4.6,85,2.5,134,17.7,86.903,3.121,,,,,,,,,,,,,,,,,,,,,,,
"173","NORTH BABINE","2023081804",0,2.6,94,3.1,144,7.9,86.016,2.838,,,,,,,,,,,,,,,,,,,,,,,
"173","NORTH BABINE","2023081805",0,2.5,94,2.8,178,9.1,85.218,2.501,,,,,,,,,,,,,,,,,,,,,,,
"173","NORTH BABINE","2023081806",0,2.1,96,2.9,158,7.9,84.389,2.244,,,,,,,,,,,,,,,,,,,,,,,
"173","NORTH BABINE","2023081807",0,4,91,4.4,222,10.8,83.812,2.24,,,,,,,,,,,,,,,,,,,,,,,
"173","NORTH BABINE","2023081808",0,9.4,64,6.9,216,12.5,83.859,2.557,,,,,,,,,,,,,,,,,,,,,,,
"173","NORTH BABINE","2023081809",0,12.4,51,8.7,241,18.9,84.108,2.894,,,,,,,,,,,,,,,,,,,,,,,
"173","NORTH BABINE","2023081810",0,14.8,42,7,336,18.9,84.565,2.825,,,,,,,,,,,,,,,,,,,,,,,
"173","NORTH BABINE","2023081811",0,15,36,7.3,332,20.6,85.122,3.096,,,,,,,,,,,,,,,,,,,,,,,
"173","NORTH BABINE","2023081812",0,15.4,34,7,312,17.2,85.677,3.294,,0,91.264,7.307,18.983,33.425,483.894,57.006,4,,,,,,,,,,,,,,
"173","NORTH BABINE","2023081813",0,18.4,31,7.1,269,20,86.368,3.647,,,,,,,,,,,,,,,,,,,,,,,
"173","NORTH BABINE","2023081814",0,16.7,33,6.8,258,23.5,86.849,3.846,,,,,,,,,,,,,,,,,,,,,,,
"173","NORTH BABINE","2023081815",0,18.1,31,9.1,263,24.6,87.4,4.671,,,,,,,,,,,,,,,,,,,,,,,
"173","NORTH BABINE","2023081816",0,19.8,29,8.8,272,18.3,88.004,5.016,,,,,,,,,,,,,,,,,,,,,,,
"173","NORTH BABINE","2023081817",0,18.4,29,6.8,231,18.9,88.453,4.837,,,,,,,,,,,,,,,,,,,,,,,
"173","NORTH BABINE","2023081818",0,15.6,36,5.2,244,14.9,88.581,4.545,,,,,,,,,,,,,,,,,,,,,,,
"173","NORTH BABINE","2023081819",0,14.7,44,2.6,253,14.3,88.63,4.015,,,,,,,,,,,,,,,,,,,,,,,
"173","NORTH BABINE","2023081820",0,13,49,3.8,247,9.1,88.614,4.256,,,,,,,,,,,,,,,,,,,,,,,
"173","NORTH BABINE","2023081821",0,9.5,63,1.8,357,7.4,88.367,3.714,,,,,,,,,,,,,,,,,,,,,,,
"173","NORTH BABINE","2023081822",0,7.6,68,0,2,3.3,88.125,3.276,,,,,,,,,,,,,,,,,,,,,,,
"173","NORTH BABINE","2023081823",0,6.5,76,3.3,3,6.8,87.654,3.616,,,,,,,,,,,,,,,,,,,,,,,
"175","BEDNESTI","2023081800",0,12.3,48,5.2,231,10.2,91.352,6.758,21.79,,,,,,,,,,,,,,,,,,,,,,
"175","BEDNESTI","2023081801",0,12,53,5.5,223,14.3,90.994,6.52,21.239,,,,,,,,,,,,,,,,,,,,,,
"175","BEDNESTI","2023081802",0,11.6,49,7.2,264,18.3,90.73,6.841,21.98,,,,,,,,,,,,,,,,,,,,,,
"175","BEDNESTI","2023081803",0,11.6,50,8.5,253,20,90.463,7.03,22.411,,,,,,,,,,,,,,,,,,,,,,
"175","BEDNESTI","2023081804",0,10.9,55,8.9,258,22.3,90.117,6.827,21.949,,,,,,,,,,,,,,,,,,,,,,
"175","BEDNESTI","2023081805",0,9.9,61,10.2,237,24.6,89.67,6.837,21.973,,,,,,,,,,,,,,,,,,,,,,
"175","BEDNESTI","2023081806",0,10.2,60,8.9,237,28.7,89.303,6.075,20.185,,,,,,,,,,,,,,,,,,,,,,
"175","BEDNESTI","2023081807",0,10.9,59,7.5,270,24.6,89.008,5.426,18.59,,,,,,,,,,,,,,,,,,,,,,
"175","BEDNESTI","2023081808",0,11.2,67,8.9,2,25.2,88.565,5.464,18.685,,,,,,,,,,,,,,,,,,,,,,
"175","BEDNESTI","2023081809",0,8.2,88,9.3,359,23.5,87.541,4.814,17.014,,,,,,,,,,,,,,,,,,,,,,
"175","BEDNESTI","2023081810",0.2,9.2,78,7.3,6,17.2,82.598,2.217,9.179,,,,,,,,,,,,,,,,,,,,,,
"175","BEDNESTI","2023081811",0,12.4,64,5.5,294,16.6,82.733,2.059,8.614,,,,,,,,,,,,,,,,,,,,,,
"175","BEDNESTI","2023081812",0,14.6,53,9.4,304,19.5,83.114,2.631,10.598,0.2,88.793,5.79,19.771,51.986,566.281,84.565,4,,,,,,,,,,,,,,
"175","BEDNESTI","2023081813",0,14.7,49,8.8,351,17.2,83.537,2.697,10.989,,,,,,,,,,,,,,,,,,,,,,
"175","BEDNESTI","2023081814",0,13.8,49,5.9,357,17.7,83.869,2.435,10.099,,,,,,,,,,,,,,,,,,,,,,
"175","BEDNESTI","2023081815",0,16.8,43,7,2,16.6,84.395,2.761,11.202,,,,,,,,,,,,,,,,,,,,,,
"175","BEDNESTI","2023081816",0,16.4,40,11.1,14,19.5,84.961,3.667,14.036,,,,,,,,,,,,,,,,,,,,,,
"175","BEDNESTI","2023081817",0,15.1,47,5.7,10,16,85.224,2.896,11.646,,,,,,,,,,,,,,,,,,,,,,
"175","BEDNESTI","2023081818",0,15.5,44,3.9,28,12,85.515,2.754,11.181,,,,,,,,,,,,,,,,,,,,,,
"175","BEDNESTI","2023081819",0,14,55,6.5,55,10.8,85.563,3.161,12.491,,,,,,,,,,,,,,,,,,,,,,
"175","BEDNESTI","2023081820",0,11.4,67,2.8,109,10.8,85.521,2.608,10.69,,,,,,,,,,,,,,,,,,,,,,
"175","BEDNESTI","2023081821",0,10.6,71,3.2,277,7.9,85.4,2.617,10.721,,,,,,,,,,,,,,,,,,,,,,
"175","BEDNESTI","2023081822",0,9.2,76,0,290,4.5,85.243,2.179,9.196,,,,,,,,,,,,,,,,,,,,,,
"175","BEDNESTI","2023081823",0,8.9,75,3.9,232,6.2,85.052,2.583,10.607,,,,,,,,,,,,,,,,,,,,,,
"178","PEDEN","2023081800",0,11.1,55,5.3,66,13.1,90.161,5.73,19.028,,,,,,,,,,,,,,0,1,110.63,,,,,,
"178","PEDEN","2023081801",0,9.9,62,3.3,48,8.5,89.773,4.901,16.951,,,,,,,,,,,,,,0,1,110.61,,,,,,
"178","PEDEN","2023081802",0,10.4,56,4.2,2,10.8,89.516,4.943,17.061,,,,,,,,,,,,,,0,1,110.58,,,,,,
"178","PEDEN","2023081803",0,10.1,61,5.5,9,12,89.177,5.027,17.276,,,,,,,,,,,,,,0,1,110.58,,,,,,
"178","PEDEN","2023081804",0,9.4,65,5.8,45,13.7,88.789,4.827,16.76,,,,,,,,,,,,,,0,1,110.57,,,,,,
"178","PEDEN","2023081805",0,7.9,81,4.4,27,13.1,88.098,4.073,14.735,,,,,,,,,,,,,,0,1,110.61,,,,,,
"178","PEDEN","2023081806",0,5.8,86,4.4,55,9.1,87.342,3.656,13.551,,,,,,,,,,,,,,0,1,110.6,,,,,,
"178","PEDEN","2023081807",0,10.6,67,4.5,330,10.2,87.112,3.556,13.26,,,,,,,,,,,,,,0,1,110.55,,,,,,
"178","PEDEN","2023081808",0,12.5,55,8.3,349,16.6,87.128,4.316,15.402,,,,,,,,,,,,,,0,1,110.5,,,,,,
"178","PEDEN","2023081809",0,15.3,44,9.9,321,17.2,87.235,4.75,16.56,,,,,,,,,,,,,,0,1,110.45,,,,,,
"178","PEDEN","2023081810",0,15,44,9.1,331,20.6,87.323,4.62,16.217,,,,,,,,,,,,,,0,1,110.39,,,,,,
"178","PEDEN","2023081811",0,15,41,3.8,30,20,87.452,3.603,13.398,,,,,,,,,,,,,,0,1,110.31,,,,,,
"178","PEDEN","2023081812",0,17,39,8.4,289,18.9,87.67,4.687,16.394,0,91.486,8.092,24.872,49.536,649.085,83.199,4,,,,,,0,1,110.21,,,,,,
"178","PEDEN","2023081813",0,18.2,34,8.2,277,14.9,88.024,4.881,17.283,,,,,,,,,,,,,,0,1,110.14,,,,,,
"178","PEDEN","2023081814",0,18.8,33,10.8,307,22.9,88.394,5.867,19.787,,,,,,,,,,,,,,0,1,110,,,,,,
"178","PEDEN","2023081815",0,21.1,28,12.4,314,21.8,88.973,6.911,22.257,,,,,,,,,,,,,,0,1,109.82,,,,,,
"178","PEDEN","2023081816",0,19.4,30,8.9,323,21.8,89.31,6.081,20.307,,,,,,,,,,,,,,0,1,109.68,,,,,,
"178","PEDEN","2023081817",0,18.3,34,7.3,336,16.6,89.449,5.723,19.433,,,,,,,,,,,,,,0,1,109.56,,,,,,
"178","PEDEN","2023081818",0,19.3,30,5.3,359,10.2,89.699,5.363,18.531,,,,,,,,,,,,,,0,1,109.46,,,,,,
"178","PEDEN","2023081819",0,15.8,41,1.7,343,18.3,89.748,4.505,16.277,,,,,,,,,,,,,,0,1,109.38,,,,,,
"178","PEDEN","2023081820",0,11.4,60,5.7,56,6.8,89.407,5.248,18.236,,,,,,,,,,,,,,0,1,109.34,,,,,,
"178","PEDEN","2023081821",0,8.4,66,2.8,32,7.9,89.022,4.291,15.688,,,,,,,,,,,,,,0,1,109.29,,,,,,
"178","PEDEN","2023081822",0,6.7,73,6.7,47,7.9,88.479,4.831,17.15,,,,,,,,,,,,,,0,1,109.25,,,,,,
"178","PEDEN","2023081823",0,5.3,80,4.7,6,9.1,87.864,3.999,14.867,,,,,,,,,,,,,,0,1,109.23,,,,,,
"179","NADINA","2023081800",0,10.1,58,4.6,319,20.6,88.809,4.557,,,,,,,,,,,,,,,0,1,140.48,,,,,,
"179","NADINA","2023081801",0,9.6,65,6.8,281,15.4,88.448,4.833,,,,,,,,,,,,,,,0,1,140.44,,,,,,
"179","NADINA","2023081802",0,9.1,66,10.9,294,18.9,88.069,5.628,,,,,,,,,,,,,,,0,1,140.4,,,,,,
"179","NADINA","2023081803",0,8.1,71,2,298,19.5,87.724,3.421,,,,,,,,,,,,,,,0,1,140.35,,,,,,
"179","NADINA","2023081804",0,7.4,75,1.8,259,7.9,87.336,3.204,,,,,,,,,,,,,,,0,1,140.33,,,,,,
"179","NADINA","2023081805",0,6.1,81,1.9,190,6.2,86.852,3.006,,,,,,,,,,,,,,,0,1,140.31,,,,,,
"179","NADINA","2023081806",0,5.2,84,2.4,229,12.5,86.325,2.861,,,,,,,,,,,,,,,0,1,140.29,,,,,,
"179","NADINA","2023081807",0,8.4,69,2.7,174,6.8,86.155,2.836,,,,,,,,,,,,,,,0,1,140.28,,,,,,
"179","NADINA","2023081808",0,12,56,6.4,283,12.5,86.203,3.44,,,,,,,,,,,,,,,0,1,140.24,,,,,,
"179","NADINA","2023081809",0,12,57,4.9,316,12.5,86.251,3.211,,,,,,,,,,,,,,,0,1,140.2,,,,,,
"179","NADINA","2023081810",0,13.5,52,9.4,13,18.3,86.299,4.056,,,,,,,,,,,,,,,0,1,140.12,,,,,,
"179","NADINA","2023081811",0,13.4,44,7.8,302,18.9,86.454,3.824,,,,,,,,,,,,,,,0,1,140.01,,,,,,
"179","NADINA","2023081812",0,14.7,43,10.7,341,21.2,86.649,4.55,,0,,,,,,,,,,,,,0,1,139.89,,,,,,
"179","NADINA","2023081813",0,15.7,41,9.4,340,20,86.887,4.408,,,,,,,,,,,,,,,0,1,139.69,,,,,,
"179","NADINA","2023081814",0,17.4,33,7.3,348,16,87.334,4.226,,,,,,,,,,,,,,,0,1,139.5,,,,,,
"179","NADINA","2023081815",0,17.9,35,4.9,324,20,87.67,3.929,,,,,,,,,,,,,,,0,1,139.32,,,,,,
"179","NADINA","2023081816",0,16.8,36,5.6,34,12,87.917,4.216,,,,,,,,,,,,,,,0,1,139.14,,,,,,
"179","NADINA","2023081817",0,17.4,38,7.2,339,16,88.109,4.698,,,,,,,,,,,,,,,0,1,138.92,,,,,,
"179","NADINA","2023081818",0,17.7,34,8.1,310,15.4,88.39,5.118,,,,,,,,,,,,,,,0,1,138.71,,,,,,
"179","NADINA","2023081819",0,15.8,39,4.2,326,12.5,88.464,4.25,,,,,,,,,,,,,,,0,1,138.58,,,,,,
"179","NADINA","2023081820",0,14.8,42,7.4,314,13.7,88.513,5.029,,,,,,,,,,,,,,,0,1,138.44,,,,,,
"179","NADINA","2023081821",0,12.1,50,5.5,315,10.2,88.477,4.546,,,,,,,,,,,,,,,0,1,138.33,,,,,,
"179","NADINA","2023081822",0,9.5,60,4.9,181,8.5,88.257,4.274,,,,,,,,,,,,,,,0,1,138.27,,,,,,
"179","NADINA","2023081823",0,8.2,66,4.9,274,7.4,87.946,4.087,,,,,,,,,,,,,,,0,1,138.2,,,,,,
"180","MCBRIDE LAKE","2023081800",0,10.8,60,4.8,280,16.6,89.228,4.888,17.129,,,,,,,,,0,0,,0,0,0,0,0,,0,0,,0,
"180","MCBRIDE LAKE","2023081801",0,9.4,71,4.3,230,14.3,88.732,4.439,15.933,,,,,,,,,0,0,,0,0,0,0,0,,0,0,,0,
"180","MCBRIDE LAKE","2023081802",0,9.2,66,4.2,312,16,88.387,4.203,15.286,,,,,,,,,0,0,,0,0,0,0,0,,0,0,,0,
"180","MCBRIDE LAKE","2023081803",0,8.8,67,5.9,243,15.4,88.036,4.354,15.702,,,,,,,,,0,0,,0,0,0,0,0,,0,0,,0,
"180","MCBRIDE LAKE","2023081804",0,8.2,70,4.3,243,9.1,87.677,3.816,14.191,,,,,,,,,0,0,,0,0,0,0,0,,0,0,,0,
"180","MCBRIDE LAKE","2023081805",0,5.9,82,1.8,55,6.8,87.143,3.117,12.102,,,,,,,,,0,0,,0,0,0,0,0,,0,0,,0,
"180","MCBRIDE LAKE","2023081806",0,5.1,85,3.7,78,7.4,86.533,3.146,12.191,,,,,,,,,0,0,,0,0,0,0,0,,0,0,,0,
"180","MCBRIDE LAKE","2023081807",0,8.1,72,3.4,90,6.2,86.283,2.991,11.707,,,,,,,,,0,0,,0,0,0,0,0,,0,0,,0,
"180","MCBRIDE LAKE","2023081808",0,14.5,47,5,278,14.3,86.399,3.295,12.651,,,,,,,,,0,0,,0,0,0,0,0,,0,0,,0,
"180","MCBRIDE LAKE","2023081809",0,15.6,43,6.6,333,16,86.608,3.679,13.796,,,,,,,,,0,0,,0,0,0,0,0,,0,0,,0,
"180","MCBRIDE LAKE","2023081810",0,15.4,45,7,263,15.4,86.75,3.831,14.234,,,,,,,,,0,0,,0,0,0,0,0,,0,0,,0,
"180","MCBRIDE LAKE","2023081811",0,16.4,39,5,144,16,87.018,3.598,13.557,,,,,,,,,0,0,,0,0,0,0,0,,0,0,,0,
"180","MCBRIDE LAKE","2023081812",0,17.2,37,4.8,325,18.3,87.322,3.719,13.912,0,91.506,6.769,22.175,53.324,521.966,84.952,4,0,0,,0,0,0,0,0,,0,0,,0,
"180","MCBRIDE LAKE","2023081813",0,17.7,36,7,313,14.3,87.644,4.351,16.043,,,,,,,,,0,0,,0,0,0,0,0,,0,0,,0,
"180","MCBRIDE LAKE","2023081814",0,19.5,30,8.1,339,17.7,88.163,4.955,17.68,,,,,,,,,0,0,,0,0,0,0,0,,0,0,,0,
"180","MCBRIDE LAKE","2023081815",0,19.1,32,5.7,261,21.8,88.52,4.621,16.784,,,,,,,,,0,0,,0,0,0,0,0,,0,0,,0,
"180","MCBRIDE LAKE","2023081816",0,18.7,34,7.9,294,17.7,88.776,5.355,18.724,,,,,,,,,0,0,,0,0,0,0,0,,0,0,,0,
"180","MCBRIDE LAKE","2023081817",0,18.2,35,4.7,271,15.4,88.947,4.671,16.922,,,,,,,,,0,0,,0,0,0,0,0,,0,0,,0,
"180","MCBRIDE LAKE","2023081818",0,18.6,35,8.6,276,18.3,89.118,5.827,19.913,,,,,,,,,0,0,,0,0,0,0,0,,0,0,,0,
"180","MCBRIDE LAKE","2023081819",0,16.3,40,5.2,281,18.3,89.167,4.944,17.652,,,,,,,,,0,0,,0,0,0,0,0,,0,0,,0,
"180","MCBRIDE LAKE","2023081820",0,13.1,52,3.7,276,15.4,89.056,4.512,16.487,,,,,,,,,0,0,,0,0,0,0,0,,0,0,,0,
"180","MCBRIDE LAKE","2023081821",0,10.3,61,1.7,25,4.5,88.809,3.937,14.867,,,,,,,,,0,0,,0,0,0,0,0,,0,0,,0,
"180","MCBRIDE LAKE","2023081822",0,9.2,66,2.9,53,3.9,88.475,3.987,15.01,,,,,,,,,0,0,,0,0,0,0,0,,0,0,,0,
"180","MCBRIDE LAKE","2023081823",0,8.2,71,0,71,4.5,88.181,3.302,12.967,,,,,,,,,0,0,,0,0,0,0,0,,0,0,,0,
"181","BURNS LAKE 850M","2023081800",0,10.8,53,1.4,12,9.8,89.556,4.317,12.638,,,,,,,,,,,,,,,,,,,,596.4,,
"181","BURNS LAKE 850M","2023081801",0,10.3,55,1.2,6,7,89.373,4.163,12.277,,,,,,,,,,,,,,,,,,,,596.4,,
"181","BURNS LAKE 850M","2023081802",0,9.7,57,1.7,54,12.8,89.163,4.142,12.228,,,,,,,,,,,,,,,,,,,,596.4,,
"181","BURNS LAKE 850M","2023081803",0,9.7,58,1.7,1,11.4,88.954,4.02,11.938,,,,,,,,,,,,,,,,,,,,596.4,,
"181","BURNS LAKE 850M","2023081804",0,8.8,72,2.1,15,18.2,88.508,3.848,11.524,,,,,,,,,,,,,,,,,,,,596.4,,
"181","BURNS LAKE 850M","2023081805",0,8.3,70,1.7,28,10.4,88.15,3.582,10.871,,,,,,,,,,,,,,,,,,,,596.4,,
"181","BURNS LAKE 850M","2023081806",0,7.7,71,2.9,30,14,87.782,3.61,10.94,,,,,,,,,,,,,,,,,,,,596.4,,
"181","BURNS LAKE 850M","2023081807",0,10.1,61,5.2,33,13.6,87.611,3.955,11.783,,,,,,,,,,,,,,,,,,,,596.4,,
"181","BURNS LAKE 850M","2023081808",0,12.2,53,5.4,7,21.7,87.611,3.995,11.879,,,,,,,,,,,,,,,,,,,,596.4,,
"181","BURNS LAKE 850M","2023081809",0,14.1,48,4.8,271,19.3,87.66,3.903,11.659,,,,,,,,,,,,,,,,,,,,596.4,,
"181","BURNS LAKE 850M","2023081810",0,15.5,44,7.8,282,18.5,87.709,4.572,13.224,,,,,,,,,,,,,,,,,,,,596.4,,
"181","BURNS LAKE 850M","2023081811",0,15.5,41,4.3,280,17.8,87.809,3.889,11.623,,,,,,,,,,,,,,,,,,,,596.4,,
"181","BURNS LAKE 850M","2023081812",0,16.6,38,2.2,263,17.2,87.974,3.582,10.87,0,91.033,5.552,15.856,35.754,449.678,59.65,3,,,,,,,,,,,,596.4,,
"181","BURNS LAKE 850M","2023081813",0,17.7,36,6.4,276,14.5,88.212,4.58,13.675,,,,,,,,,,,,,,,,,,,,596.4,,
"181","BURNS LAKE 850M","2023081814",0,19.6,32,7.5,268,20,88.592,5.112,14.889,,,,,,,,,,,,,,,,,,,,596.4,,
"181","BURNS LAKE 850M","2023081815",0,18.2,33,3.1,262,20.4,88.825,4.235,12.859,,,,,,,,,,,,,,,,,,,,596.4,,
"181","BURNS LAKE 850M","2023081816",0,19.8,31,4.3,295,13.1,89.136,4.704,13.962,,,,,,,,,,,,,,,,,,,,596.4,,
"181","BURNS LAKE 850M","2023081817",0,18.4,32,2,324,17.3,89.329,4.307,13.031,,,,,,,,,,,,,,,,,,,,596.4,,
"181","BURNS LAKE 850M","2023081818",0,18.7,32,2.8,263,10.3,89.512,4.603,13.73,,,,,,,,,,,,,,,,,,,,596.4,,
"181","BURNS LAKE 850M","2023081819",0,15.8,42,0.4,24,10.7,89.561,4.108,12.553,,,,,,,,,,,,,,,,,,,,596.4,,
"181","BURNS LAKE 850M","2023081820",0,11.2,64,3.7,74,4.5,89.184,4.596,13.712,,,,,,,,,,,,,,,,,,,,596.4,,
"181","BURNS LAKE 850M","2023081821",0,8.4,72,4.8,68,5.6,88.667,4.51,13.511,,,,,,,,,,,,,,,,,,,,596.4,,
"181","BURNS LAKE 850M","2023081822",0,6.7,77,4.2,76,6.4,88.106,4.037,12.381,,,,,,,,,,,,,,,,,,,,596.4,,
"181","BURNS LAKE 850M","2023081823",0,5.4,80,4.3,70,6,87.532,3.737,11.637,,,,,,,,,,,,,,,,,,,,596.4,,
"182","GANOKWA","2023081800",0,9.9,58,5.3,274,15.4,88.46,4.489,11.788,,,,,,,,,0,0,,0,0,0,0,0,,0,0,,0,
"182","GANOKWA","2023081801",0,8.9,66,4.9,284,12.5,88.132,4.197,11.162,,,,,,,,,0,0,,0,0,0,0,0,,0,0,,0,
"182","GANOKWA","2023081802",0,8.2,69,5.1,239,9.7,87.774,4.028,10.793,,,,,,,,,0,0,,0,0,0,0,0,,0,0,,0,
"182","GANOKWA","2023081803",0,6.8,75,2.6,301,7.9,87.367,3.351,9.251,,,,,,,,,0,0,,0,0,0,0,0,,0,0,,0,
"182","GANOKWA","2023081804",0,5.7,80,4.3,245,13.1,86.858,3.395,9.356,,,,,,,,,0,0,,0,0,0,0,0,,0,0,,0,
"182","GANOKWA","2023081805",0,6.8,72,6.9,318,14.3,86.542,3.701,10.06,,,,,,,,,0,0,,0,0,0,0,0,,0,0,,0,
"182","GANOKWA","2023081806",0,5.8,80,5.2,292,18.3,86.096,3.19,8.87,,,,,,,,,0,0,,0,0,0,0,0,,0,0,,0,
"182","GANOKWA","2023081807",0,8.1,71,8.6,305,16,85.869,3.667,9.984,,,,,,,,,0,0,,0,0,0,0,0,,0,0,,0,
"182","GANOKWA","2023081808",0,11.5,56,9.6,341,21.8,85.917,3.883,10.47,,,,,,,,,0,0,,0,0,0,0,0,,0,0,,0,
"182","GANOKWA","2023081809",0,13.1,51,10.1,322,22.3,85.979,4.017,10.767,,,,,,,,,0,0,,0,0,0,0,0,,0,0,,0,
"182","GANOKWA","2023081810",0,14.1,48,11.7,278,25.2,86.112,4.436,11.674,,,,,,,,,0,0,,0,0,0,0,0,,0,0,,0,
"182","GANOKWA","2023081811",0,15.6,43,10.4,267,26.4,86.369,4.308,11.4,,,,,,,,,0,0,,0,0,0,0,0,,0,0,,0,
"182","GANOKWA","2023081812",0,16.1,41,12,265,25.2,86.662,4.867,12.574,0,90.205,8.082,19.176,28.977,491.098,50.504,4,0,0,,0,0,0,0,0,,0,0,,0,
"182","GANOKWA","2023081813",0,17.4,35,12.8,266,28.1,87.123,5.41,14.183,,,,,,,,,0,0,,0,0,0,0,0,,0,0,,0,
"182","GANOKWA","2023081814",0,18.2,32,13.3,241,26.4,87.643,5.976,15.31,,,,,,,,,0,0,,0,0,0,0,0,,0,0,,0,
"182","GANOKWA","2023081815",0,18.4,31,9.8,270,22.3,88.105,5.352,14.065,,,,,,,,,0,0,,0,0,0,0,0,,0,0,,0,
"182","GANOKWA","2023081816",0,17.7,31,7.2,290,21.2,88.463,4.943,13.219,,,,,,,,,0,0,,0,0,0,0,0,,0,0,,0,
"182","GANOKWA","2023081817",0,18.1,29,6.7,276,16.6,88.842,5.089,13.524,,,,,,,,,0,0,,0,0,0,0,0,,0,0,,0,
"182","GANOKWA","2023081818",0,18.4,30,8,280,18.3,89.16,5.687,14.741,,,,,,,,,0,0,,0,0,0,0,0,,0,0,,0,
"182","GANOKWA","2023081819",0,15.8,38,4.6,265,16,89.209,4.826,12.971,,,,,,,,,0,0,,0,0,0,0,0,,0,0,,0,
"182","GANOKWA","2023081820",0,11.4,58,1.7,0,9.1,89.003,4.048,11.268,,,,,,,,,0,0,,0,0,0,0,0,,0,0,,0,
"182","GANOKWA","2023081821",0,7.2,73,2.2,69,3.9,88.537,3.883,10.891,,,,,,,,,0,0,,0,0,0,0,0,,0,0,,0,
"182","GANOKWA","2023081822",0,5,77,3.2,52,5.1,88.019,3.791,10.678,,,,,,,,,0,0,,0,0,0,0,0,,0,0,,0,
"182","GANOKWA","2023081823",0,3.4,83,2.2,106,4.5,87.441,3.319,9.557,,,,,,,,,0,0,,0,0,0,0,0,,0,0,,0,
"183","PARROTT","2023081800",0,7.5,65,11.6,287,46.1,,,,,,,,,,,,,,,,,,,,,,,,,
"183","PARROTT","2023081801",0,7.2,68,3.4,259,28.6,,,,,,,,,,,,,,,,,,,,,,,,,
"183","PARROTT","2023081802",0,7,67,5.2,264,31.7,,,,,,,,,,,,,,,,,,,,,,,,,
"183","PARROTT","2023081803",0,6.6,69,4.9,271,26.2,,,,,,,,,,,,,,,,,,,,,,,,,
"183","PARROTT","2023081804",0,6,75,3.8,264,20.2,,,,,,,,,,,,,,,,,,,,,,,,,
"183","PARROTT","2023081805",0,5.1,82,4.3,272,25.5,,,,,,,,,,,,,,,,,,,,,,,,,
"183","PARROTT","2023081806",0,5.2,79,7.9,286,24.3,,,,,,,,,,,,,,,,,,,,,,,,,
"183","PARROTT","2023081807",0,6.4,75,3.9,223,29,,,,,,,,,,,,,,,,,,,,,,,,,
"183","PARROTT","2023081808",0,9.4,65,4.1,283,18.2,,,,,,,,,,,,,,,,,,,,,,,,,
"183","PARROTT","2023081809",0,11.5,55,4.7,259,20.7,,,,,,,,,,,,,,,,,,,,,,,,,
"183","PARROTT","2023081810",0,12.9,50,5.2,279,28.4,,,,,,,,,,,,,,,,,,,,,,,,,
"183","PARROTT","2023081811",0,14.2,45,3.4,278,28,,,,,,,,,,,,,,,,,,,,,,,,,
"183","PARROTT","2023081812",0,14.4,42,5.4,279,31.4,,,,0,,,,,,,,,,,,,,,,,,,,,
"183","PARROTT","2023081813",0,17.4,34,7.6,277,22.4,,,,,,,,,,,,,,,,,,,,,,,,,
"183","PARROTT","2023081814",0,18.4,31,8.5,302,24.7,,,,,,,,,,,,,,,,,,,,,,,,,
"183","PARROTT","2023081815",0,17,33,3.8,281,31.8,,,,,,,,,,,,,,,,,,,,,,,,,
"183","PARROTT","2023081816",0,17.1,33,3.1,260,25.1,,,,,,,,,,,,,,,,,,,,,,,,,
"183","PARROTT","2023081817",0,16.5,35,2,241,20.7,,,,,,,,,,,,,,,,,,,,,,,,,
"183","PARROTT","2023081818",0,14.9,39,5.7,270,14,,,,,,,,,,,,,,,,,,,,,,,,,
"183","PARROTT","2023081819",0,14.3,42,1.7,234,12,,,,,,,,,,,,,,,,,,,,,,,,,
"183","PARROTT","2023081820",0,11.8,49,2.4,268,13.5,,,,,,,,,,,,,,,,,,,,,,,,,
"183","PARROTT","2023081821",0,10.2,55,9.3,298,16.2,,,,,,,,,,,,,,,,,,,,,,,,,
"183","PARROTT","2023081822",0,9.8,58,8.1,298,21.1,,,,,,,,,,,,,,,,,,,,,,,,,
"183","PARROTT","2023081823",0,9.2,59,8.7,289,14.3,,,,,,,,,,,,,,,,,,,,,,,,,
"187","HIXON","2023081800",0,11.6,80,2,133,5.1,88.95,4.079,11.862,,,,,,,,,,,,,,,,,,,,,,
"187","HIXON","2023081801",0,10.6,81,0,274,3.9,88.415,3.415,10.259,,,,,,,,,,,,,,,,,,,,,,
"187","HIXON","2023081802",0,9.7,83,2.6,134,5.1,87.727,3.528,10.538,,,,,,,,,,,,,,,,,,,,,,
"187","HIXON","2023081803",0,8.2,84,3.9,113,8.5,87.059,3.424,10.28,,,,,,,,,,,,,,,,,,,,,,
"187","HIXON","2023081804",0,7.5,87,3,141,13.7,86.382,2.973,9.126,,,,,,,,,,,,,,,,,,,,,,
"187","HIXON","2023081805",0,6.5,89,2.1,140,5.1,85.731,2.592,8.104,,,,,,,,,,,,,,,,,,,,,,
"187","HIXON","2023081806",0,9.3,79,2.2,334,13.1,85.425,2.497,7.839,,,,,,,,,,,,,,,,,,,,,,
"187","HIXON","2023081807",0,9.4,86,1.8,43,4.5,84.959,2.294,7.265,,,,,,,,,,,,,,,,,,,,,,
"187","HIXON","2023081808",0,13.4,56,7.9,203,18.9,85.035,3.153,9.594,,,,,,,,,,,,,,,,,,,,,,
"187","HIXON","2023081809",0,12.8,63,8.8,245,23.5,85.083,3.321,10.022,,,,,,,,,,,,,,,,,,,,,,
"187","HIXON","2023081810",0,13,64,10.7,243,25.2,85.131,3.679,10.908,,,,,,,,,,,,,,,,,,,,,,
"187","HIXON","2023081811",0,12.9,64,7.9,198,22.9,85.179,3.216,9.756,,,,,,,,,,,,,,,,,,,,,,
"187","HIXON","2023081812",0,12.6,59,10,230,19.5,85.227,3.599,10.712,0,87.652,5.067,14.305,37.002,291.805,56.19,3,,,,,,,,,,,,,,
"187","HIXON","2023081813",0,14.5,54,6.3,229,17.2,85.327,3.028,9.435,,,,,,,,,,,,,,,,,,,,,,
"187","HIXON","2023081814",0,16.3,51,10.4,277,19.5,85.518,3.823,11.447,,,,,,,,,,,,,,,,,,,,,,
"187","HIXON","2023081815",0,16.9,42,12.9,287,22.3,85.923,4.589,13.241,,,,,,,,,,,,,,,,,,,,,,
"187","HIXON","2023081816",0,16.1,47,6.5,239,21.8,86.113,3.414,10.432,,,,,,,,,,,,,,,,,,,,,,
"187","HIXON","2023081817",0,18.4,41,4.8,188,16,86.461,3.291,10.119,,,,,,,,,,,,,,,,,,,,,,
"187","HIXON","2023081818",0,14.6,62,2.5,172,9.7,86.46,2.931,9.176,,,,,,,,,,,,,,,,,,,,,,
"187","HIXON","2023081819",0,11.9,78,2.3,141,10.2,86.112,2.762,8.72,,,,,,,,,,,,,,,,,,,,,,
"187","HIXON","2023081820",0,8.7,87,2.7,127,5.1,85.525,2.596,8.263,,,,,,,,,,,,,,,,,,,,,,
"187","HIXON","2023081821",0,6.3,92,0,133,3.3,84.968,2.098,6.822,,,,,,,,,,,,,,,,,,,,,,
"187","HIXON","2023081822",0,4.9,96,0,135,0,84.3,1.916,6.266,,,,,,,,,,,,,,,,,,,,,,
"187","HIXON","2023081823",0,4,96,1.7,132,2.2,83.559,1.891,6.19,,,,,,,,,,,,,,,,,,,,,,
"189","CHILAKO","2023081800",0,11.1,46,4.9,269,6.8,92.369,7.686,22.306,,,,,,,,,,,,,,,,,,,,,,
"189","CHILAKO","2023081801",0,11.3,49,5.5,283,12,91.994,7.514,21.949,,,,,,,,,,,,,,,,,,,,,,
"189","CHILAKO","2023081802",0,10.7,52,3.2,234,13.1,91.63,6.356,19.455,,,,,,,,,,,,,,,,,,,,,,
"189","CHILAKO","2023081803",0,9.3,59,1.9,149,6.8,91.201,5.6,17.729,,,,,,,,,,,,,,,,,,,,,,
"189","CHILAKO","2023081804",0,10.8,55,6.9,300,13.7,90.8,6.805,20.444,,,,,,,,,,,,,,,,,,,,,,
"189","CHILAKO","2023081805",0,11.5,51,9.7,299,21.2,90.496,7.504,21.929,,,,,,,,,,,,,,,,,,,,,,
"189","CHILAKO","2023081806",0,11.2,52,13,288,25.8,90.181,8.471,23.891,,,,,,,,,,,,,,,,,,,,,,
"189","CHILAKO","2023081807",0,12.4,51,9.8,281,22.9,89.947,6.972,20.803,,,,,,,,,,,,,,,,,,,,,,
"189","CHILAKO","2023081808",0,12,53,10,295,27.5,89.693,6.791,20.412,,,,,,,,,,,,,,,,,,,,,,
"189","CHILAKO","2023081809",0,12.8,52,11.8,317,31.6,89.484,7.216,21.324,,,,,,,,,,,,,,,,,,,,,,
"189","CHILAKO","2023081810",0,12.4,57,12.2,320,29.8,89.188,7.056,20.984,,,,,,,,,,,,,,,,,,,,,,
"189","CHILAKO","2023081811",0,11.8,62,7.6,27,21.2,88.847,5.329,17.087,,,,,,,,,,,,,,,,,,,,,,
"189","CHILAKO","2023081812",0,14.9,52,7,102,17.2,88.774,5.116,16.573,0,89.278,5.501,17.808,43.982,619.475,74.704,4,,,,,,,,,,,,,,
"189","CHILAKO","2023081813",0,15.1,50,9.1,137,17.2,88.745,5.664,18.198,,,,,,,,,,,,,,,,,,,,,,
"189","CHILAKO","2023081814",0,15.4,44,6.5,347,17.2,88.794,5.004,16.595,,,,,,,,,,,,,,,,,,,,,,
"189","CHILAKO","2023081815",0,14.9,50,10,272,30.4,88.758,5.938,18.841,,,,,,,,,,,,,,,,,,,,,,
"189","CHILAKO","2023081816",0,16.5,41,6.4,307,21.8,88.807,4.988,16.555,,,,,,,,,,,,,,,,,,,,,,
"189","CHILAKO","2023081817",0,18.4,36,4.4,311,13.7,88.954,4.606,15.589,,,,,,,,,,,,,,,,,,,,,,
"189","CHILAKO","2023081818",0,16.5,43,4.7,289,13.7,89.003,4.709,15.853,,,,,,,,,,,,,,,,,,,,,,
"189","CHILAKO","2023081819",0,14.4,52,0,298,9.7,88.96,3.693,13.142,,,,,,,,,,,,,,,,,,,,,,
"189","CHILAKO","2023081820",0,10.9,72,3.7,213,8.5,88.475,4.151,14.395,,,,,,,,,,,,,,,,,,,,,,
"189","CHILAKO","2023081821",0,8.4,83,0,68,5.1,87.947,3.193,11.705,,,,,,,,,,,,,,,,,,,,,,
"189","CHILAKO","2023081822",0,6.2,91,1.6,263,2.8,87.094,3.065,11.321,,,,,,,,,,,,,,,,,,,,,,
"189","CHILAKO","2023081823",0,4.7,94,0,247,3.3,86.362,2.548,9.719,,,,,,,,,,,,,,,,,,,,,,
"190","JERRY","2023081800",0,13.2,42,4.5,4,10.2,89.688,5.143,12.564,,,,,,,,,,,,,,,,,,,,,,
"190","JERRY","2023081801",0,11.9,46,4.5,11,10.8,89.614,5.089,12.458,,,,,,,,,,,,,,,,,,,,,,
"190","JERRY","2023081802",0,11.2,53,3.7,60,16,89.432,4.762,11.813,,,,,,,,,,,,,,,,,,,,,,
"190","JERRY","2023081803",0,9,61,3.3,55,9.1,89.126,4.466,11.216,,,,,,,,,,,,,,,,,,,,,,
"190","JERRY","2023081804",0,9.7,55,4.9,356,14.3,88.934,4.71,11.709,,,,,,,,,,,,,,,,,,,,,,
"190","JERRY","2023081805",0,9.9,53,10.1,17,20,88.767,5.975,14.133,,,,,,,,,,,,,,,,,,,,,,
"190","JERRY","2023081806",0,8.8,64,3.3,282,17.2,88.466,4.063,10.376,,,,,,,,,,,,,,,,,,,,,,
"190","JERRY","2023081807",0,9.4,69,2.7,305,7.9,88.11,3.746,9.695,,,,,,,,,,,,,,,,,,,,,,
"190","JERRY","2023081808",0,12.1,54,9.4,312,18.9,88.033,5.192,12.659,,,,,,,,,,,,,,,,,,,,,,
"190","JERRY","2023081809",0,10,63,8.9,279,20.6,87.776,4.88,12.048,,,,,,,,,,,,,,,,,,,,,,
"190","JERRY","2023081810",0.2,9.1,84,6,297,17.7,82.631,2.085,5.715,,,,,,,,,,,,,,,,,,,,,,
"190","JERRY","2023081811",0,9.3,78,5.4,291,12.5,82.624,2.021,5.543,,,,,,,,,,,,,,,,,,,,,,
"190","JERRY","2023081812",0.2,9.3,73,9.9,301,24.1,78.336,1.597,4.356,0.4,85.758,3.855,10.051,27.507,291.191,44.504,3,,,,,,,,,,,,,,
"190","JERRY","2023081813",0,8.4,75,10,345,25.2,78.552,1.636,4.537,,,,,,,,,,,,,,,,,,,,,,
"190","JERRY","2023081814",0,9.4,74,9.8,355,18.3,78.787,1.654,4.591,,,,,,,,,,,,,,,,,,,,,,
"190","JERRY","2023081815",0,9.5,72,8.1,336,21.2,79.032,1.554,4.295,,,,,,,,,,,,,,,,,,,,,,
"190","JERRY","2023081816",0,10.6,67,6.6,17,14.3,79.352,1.485,4.091,,,,,,,,,,,,,,,,,,,,,,
"190","JERRY","2023081817",0,13.2,54,7.2,319,14.3,79.962,1.628,4.515,,,,,,,,,,,,,,,,,,,,,,
"190","JERRY","2023081818",0,13.9,54,5.1,9,13.1,80.509,1.552,4.291,,,,,,,,,,,,,,,,,,,,,,
"190","JERRY","2023081819",1,8.2,85,7,294,19.5,61.595,0.64,0.991,,,,,,,,,,,,,,,,,,,,,,
"190","JERRY","2023081820",0.4,7,94,2,58,9.1,55.735,0.33,0.511,,,,,,,,,,,,,,,,,,,,,,
"190","JERRY","2023081821",0,4.8,96,1.6,104,3.3,55.898,0.328,0.507,,,,,,,,,,,,,,,,,,,,,,
"190","JERRY","2023081822",0,3.7,97,0,129,4.5,55.982,0.304,0.471,,,,,,,,,,,,,,,,,,,,,,
"190","JERRY","2023081823",0,2.4,97,0,113,2.2,56.064,0.306,0.475,,,,,,,,,,,,,,,,,,,,,,
"192","MCGREGOR 2","2023081800",0,12.8,57,3,319,9.7,87.416,3.443,6.476,,,,,,,,,0,193.3,,0,0,0,0,0,,0,0,,0,
"192","MCGREGOR 2","2023081801",0,11.9,60,2.3,154,7.9,87.329,3.283,6.191,,,,,,,,,0,193.3,,0,0,0,0,0,,0,0,,0,
"192","MCGREGOR 2","2023081802",0,12,54,3.4,206,7.4,87.339,3.475,6.532,,,,,,,,,0,193.3,,0,0,0,0,0,,0,0,,0,
"192","MCGREGOR 2","2023081803",0,9.8,68,3.3,74,7.4,87.098,3.34,6.295,,,,,,,,,0,193.3,,0,0,0,0,0,,0,0,,0,
"192","MCGREGOR 2","2023081804",0,8.2,77,5.9,107,9.1,86.658,3.577,6.712,,,,,,,,,0,193.3,,0,0,0,0,0,,0,0,,0,
"192","MCGREGOR 2","2023081805",0,8.8,78,2.2,325,5.6,86.29,2.818,5.338,,,,,,,,,0,193.3,,0,0,0,0,0,,0,0,,0,
"192","MCGREGOR 2","2023081806",0,8.8,84,3.4,124,7.9,85.773,2.784,5.273,,,,,,,,,0,193.3,,0,0,0,0,0,,0,0,,0,
"192","MCGREGOR 2","2023081807",0,10.3,76,3.5,123,7.4,85.52,2.701,5.116,,,,,,,,,0,193.3,,0,0,0,0,0,,0,0,,0,
"192","MCGREGOR 2","2023081808",0,12.1,69,7.9,274,15.4,85.437,3.333,6.281,,,,,,,,,0,193.3,,0,0,0,0,0,,0,0,,0,
"192","MCGREGOR 2","2023081809",0,10.4,73,9.5,265,20.6,85.25,3.52,6.612,,,,,,,,,0,193.3,,0,0,0,0,0,,0,0,,0,
"192","MCGREGOR 2","2023081810",0,8.9,84,10.9,262,25.2,84.754,3.529,6.627,,,,,,,,,0,193.3,,0,0,0,0,0,,0,0,,0,
"192","MCGREGOR 2","2023081811",5.2,7.1,100,4.5,203,21.8,28.037,0.002,0.003,,,,,,,,,0,193.3,,0,0,0,0,0,,0,0,,0,
"192","MCGREGOR 2","2023081812",4.8,6.9,100,3.2,275,10.8,9.729,0,0,10,20.445,0,0,7.299,187.236,13.301,1,0,193.3,,0,0,0,0,0,,0,0,,0,
"192","MCGREGOR 2","2023081813",0.4,8.7,97,2.5,336,10.8,9.434,0,0,,,,,,,,,0,193.3,,0,0,0,0,0,,0,0,,0,
"192","MCGREGOR 2","2023081814",0,9.6,94,8.7,93,15.4,10.233,0,0,,,,,,,,,0,193.3,,0,0,0,0,0,,0,0,,0,
"192","MCGREGOR 2","2023081815",0,8.9,97,10.3,110,17.2,10.679,0,0,,,,,,,,,0,193.3,,0,0,0,0,0,,0,0,,0,
"192","MCGREGOR 2","2023081816",0,10.6,87,7.3,100,16.6,12.156,0,0,,,,,,,,,0,193.3,,0,0,0,0,0,,0,0,,0,
"192","MCGREGOR 2","2023081817",0.2,9.6,97,4,221,8.5,12.073,0,0,,,,,,,,,0,193.3,,0,0,0,0,0,,0,0,,0,
"192","MCGREGOR 2","2023081818",0.2,10.5,91,3.2,238,9.7,12.528,0,0,,,,,,,,,0,193.3,,0,0,0,0,0,,0,0,,0,
"192","MCGREGOR 2","2023081819",0,7.3,100,3,245,6.2,12.552,0,0,,,,,,,,,0,193.3,,0,0,0,0,0,,0,0,,0,
"192","MCGREGOR 2","2023081820",0,5.9,100,2.6,202,5.6,12.576,0,0,,,,,,,,,0,193.3,,0,0,0,0,0,,0,0,,0,
"192","MCGREGOR 2","2023081821",0,5,100,1.6,191,6.8,12.6,0,0,,,,,,,,,0,193.3,,0,0,0,0,0,,0,0,,0,
"192","MCGREGOR 2","2023081822",0,4.6,100,2.6,246,6.2,12.624,0,0,,,,,,,,,0,193.3,,0,0,0,0,0,,0,0,,0,
"192","MCGREGOR 2","2023081823",0,3.6,100,3.3,96,5.1,12.648,0,0,,,,,,,,,0,193.3,,0,0,0,0,0,,0,0,,0,
"193","BOWRON HAGGEN","2023081800",0,12.5,61,7.2,358,11.4,86.708,3.847,9.084,,,,,,,,,,,,,,,,,,,,,,
"193","BOWRON HAGGEN","2023081801",0,12.3,63,5.4,8,13.1,86.626,3.472,8.314,,,,,,,,,,,,,,,,,,,,,,
"193","BOWRON HAGGEN","2023081802",0,8.6,81,1.6,5,5.1,86.201,2.7,6.626,,,,,,,,,,,,,,,,,,,,,,
"193","BOWRON HAGGEN","2023081803",0,6.8,86,2.6,101,5.6,85.656,2.631,6.467,,,,,,,,,,,,,,,,,,,,,,
"193","BOWRON HAGGEN","2023081804",0,5.1,89,0,91,6.8,85.201,2.166,5.361,,,,,,,,,,,,,,,,,,,,,,
"193","BOWRON HAGGEN","2023081805",0,3.8,92,3.3,20,4.5,84.533,2.335,5.77,,,,,,,,,,,,,,,,,,,,,,
"193","BOWRON HAGGEN","2023081806",0,3.9,97,1.9,290,5.6,83.708,1.948,4.816,,,,,,,,,,,,,,,,,,,,,,
"193","BOWRON HAGGEN","2023081807",0,5.5,91,4.8,10,9.7,83.177,2.104,5.207,,,,,,,,,,,,,,,,,,,,,,
"193","BOWRON HAGGEN","2023081808",0,12.2,58,6.9,318,12,83.358,2.394,5.912,,,,,,,,,,,,,,,,,,,,,,
"193","BOWRON HAGGEN","2023081809",0,11.7,60,8,347,15.4,83.487,2.573,6.334,,,,,,,,,,,,,,,,,,,,,,
"193","BOWRON HAGGEN","2023081810",0,11.6,63,9.1,335,19.5,83.56,2.746,6.731,,,,,,,,,,,,,,,,,,,,,,
"193","BOWRON HAGGEN","2023081811",0,10.3,78,6.2,359,20,83.469,2.345,5.794,,,,,,,,,,,,,,,,,,,,,,
"193","BOWRON HAGGEN","2023081812",0,10.5,73,8.3,333,16.6,83.501,2.617,6.436,0,85.805,3.58,8.674,23.35,278.699,38.612,3,,,,,,,,,,,,,,
"193","BOWRON HAGGEN","2023081813",0.6,8.9,89,8.2,339,16,70.714,0.968,2.089,,,,,,,,,,,,,,,,,,,,,,
"193","BOWRON HAGGEN","2023081814",1,8.4,90,6.2,346,18.3,54.58,0.367,0.515,,,,,,,,,,,,,,,,,,,,,,
"193","BOWRON HAGGEN","2023081815",0,9.1,88,7.7,319,13.7,55.342,0.424,0.595,,,,,,,,,,,,,,,,,,,,,,
"193","BOWRON HAGGEN","2023081816",0,10.1,82,5.3,330,18.3,56.327,0.409,0.574,,,,,,,,,,,,,,,,,,,,,,
"193","BOWRON HAGGEN","2023081817",0,11,73,5.9,33,11.4,57.716,0.471,0.66,,,,,,,,,,,,,,,,,,,,,,
"193","BOWRON HAGGEN","2023081818",0,12.1,76,1.7,132,8.5,58.714,0.41,0.575,,,,,,,,,,,,,,,,,,,,,,
"193","BOWRON HAGGEN","2023081819",0,8.2,92,3.2,80,5.6,59.062,0.452,0.635,,,,,,,,,,,,,,,,,,,,,,
"193","BOWRON HAGGEN","2023081820",0,5.6,94,2.4,71,6.2,59.286,0.441,0.619,,,,,,,,,,,,,,,,,,,,,,
"193","BOWRON HAGGEN","2023081821",0,3.8,97,2.6,89,5.6,59.406,0.449,0.63,,,,,,,,,,,,,,,,,,,,,,
"193","BOWRON HAGGEN","2023081822",0,2.5,97,2.4,80,5.1,59.519,0.448,0.628,,,,,,,,,,,,,,,,,,,,,,
"193","BOWRON HAGGEN","2023081823",0,1.8,100,2,103,3.9,59.558,0.44,0.617,,,,,,,,,,,,,,,,,,,,,,
"195","MCBRIDE","2023081800",0,14.6,63,7.8,281,16,85.248,3.23,8.705,,,,,,,,,,,,,,,,,,,,,,
"195","MCBRIDE","2023081801",0,15.7,54,10,291,16.6,85.374,3.673,9.713,,,,,,,,,,,,,,,,,,,,,,
"195","MCBRIDE","2023081802",0,14.7,56,9.9,272,18.3,85.431,3.683,9.737,,,,,,,,,,,,,,,,,,,,,,
"195","MCBRIDE","2023081803",0,14.3,54,9.5,277,17.2,85.511,3.65,9.662,,,,,,,,,,,,,,,,,,,,,,
"195","MCBRIDE","2023081804",0,13.6,51,6.5,273,16,85.619,3.186,8.601,,,,,,,,,,,,,,,,,,,,,,
"195","MCBRIDE","2023081805",0,12.8,56,9.7,258,14.3,85.667,3.768,9.925,,,,,,,,,,,,,,,,,,,,,,
"195","MCBRIDE","2023081806",0,12.3,64,9.5,267,16,85.669,3.731,9.843,,,,,,,,,,,,,,,,,,,,,,
"195","MCBRIDE","2023081807",0,11.9,70,9.1,266,20.6,85.541,3.592,9.533,,,,,,,,,,,,,,,,,,,,,,
"195","MCBRIDE","2023081808",0,13.8,50,13.2,302,25.2,85.679,4.502,11.492,,,,,,,,,,,,,,,,,,,,,,
"195","MCBRIDE","2023081809",0,14.7,47,18.6,314,35,85.896,6.093,14.591,,,,,,,,,,,,,,,,,,,,,,
"195","MCBRIDE","2023081810",0,15.2,50,19.7,281,35,86.03,6.563,15.445,,,,,,,,,,,,,,,,,,,,,,
"195","MCBRIDE","2023081811",0.2,15,51,16,293,39.6,81.865,3.141,8.495,,,,,,,,,,,,,,,,,,,,,,
"195","MCBRIDE","2023081812",0,14.4,53,18.7,299,41.3,82.396,3.839,10.081,0.2,88.273,8.586,19.398,26.689,531.797,47.427,4,,,,,,,,,,,,,,
"195","MCBRIDE","2023081813",0,12.7,59,16.7,280,41.3,82.678,3.596,9.847,,,,,,,,,,,,,,,,,,,,,,
"195","MCBRIDE","2023081814",0.2,10.3,90,7.3,245,26.4,78.149,1.378,3.959,,,,,,,,,,,,,,,,,,,,,,
"195","MCBRIDE","2023081815",0,13.4,73,7.2,254,12.5,78.484,1.412,4.066,,,,,,,,,,,,,,,,,,,,,,
"195","MCBRIDE","2023081816",0,13.6,60,14.1,303,25.8,79.144,2.125,6.161,,,,,,,,,,,,,,,,,,,,,,
"195","MCBRIDE","2023081817",0.4,10.8,89,7.6,283,30.4,71.045,0.949,2.508,,,,,,,,,,,,,,,,,,,,,,
"195","MCBRIDE","2023081818",0,11.3,74,11.3,292,20,71.824,1.176,3.297,,,,,,,,,,,,,,,,,,,,,,
"195","MCBRIDE","2023081819",0,10.7,80,9.3,275,18.9,72.34,1.084,2.983,,,,,,,,,,,,,,,,,,,,,,
"195","MCBRIDE","2023081820",0,10.1,80,6.7,281,14.3,72.779,0.967,2.571,,,,,,,,,,,,,,,,,,,,,,
"195","MCBRIDE","2023081821",0,10,81,5.3,288,12.5,73.151,0.915,2.381,,,,,,,,,,,,,,,,,,,,,,
"195","MCBRIDE","2023081822",0,8.4,86,1.9,308,12,73.336,0.777,1.847,,,,,,,,,,,,,,,,,,,,,,
"195","MCBRIDE","2023081823",0,6.3,96,3.6,27,8.5,73.38,0.848,2.129,,,,,,,,,,,,,,,,,,,,,,
"199","CATFISH","2023081800",0,12.4,78,3.9,215,5.6,85.459,2.733,5.937,,,,,,,,,0,0,,0,0,0,0,0,,0,0,,0,
"199","CATFISH","2023081801",0,11.8,72,3.3,200,5.1,85.336,2.606,5.671,,,,,,,,,0,0,,0,0,0,0,0,,0,0,,0,
"199","CATFISH","2023081802",0,11.2,78,3.9,230,5.6,85.08,2.593,5.643,,,,,,,,,0,0,,0,0,0,0,0,,0,0,,0,
"199","CATFISH","2023081803",0,11,76,4,225,7.9,84.897,2.542,5.532,,,,,,,,,0,0,,0,0,0,0,0,,0,0,,0,
"199","CATFISH","2023081804",0,10.2,79,3.5,210,5.6,84.659,2.399,5.224,,,,,,,,,0,0,,0,0,0,0,0,,0,0,,0,
"199","CATFISH","2023081805",0,9.7,69,3.3,210,7.4,84.644,2.37,5.161,,,,,,,,,0,0,,0,0,0,0,0,,0,0,,0,
"199","CATFISH","2023081806",0,9.6,71,4.5,227,12.5,84.591,2.5,5.442,,,,,,,,,0,0,,0,0,0,0,0,,0,0,,0,
"199","CATFISH","2023081807",0,10.5,66,5.1,243,10.8,84.639,2.593,5.643,,,,,,,,,0,0,,0,0,0,0,0,,0,0,,0,
"199","CATFISH","2023081808",0,11.9,58,6.4,290,20,84.69,2.788,6.053,,,,,,,,,0,0,,0,0,0,0,0,,0,0,,0,
"199","CATFISH","2023081809",0,13.5,57,8.6,318,20,84.777,3.153,6.793,,,,,,,,,0,0,,0,0,0,0,0,,0,0,,0,
"199","CATFISH","2023081810",0,13.6,54,8.1,274,27.5,84.907,3.129,6.747,,,,,,,,,0,0,,0,0,0,0,0,,0,0,,0,
"199","CATFISH","2023081811",0,12.5,60,11.1,330,23.5,84.955,3.664,7.786,,,,,,,,,0,0,,0,0,0,0,0,,0,0,,0,
"199","CATFISH","2023081812",0,10.8,66,10.7,310,29.8,84.971,3.599,7.662,0,86.408,4.398,9.335,20.499,193.328,32.408,3,0,0,,0,0,0,0,0,,0,0,,0,
"199","CATFISH","2023081813",0,10.5,63,7.2,291,18.9,85.019,3.037,6.721,,,,,,,,,0,0,,0,0,0,0,0,,0,0,,0,
"199","CATFISH","2023081814",0,11.3,63,5.1,287,14.9,85.067,2.75,6.123,,,,,,,,,0,0,,0,0,0,0,0,,0,0,,0,
"199","CATFISH","2023081815",0,11,71,8.2,318,21.2,84.976,3.175,7.003,,,,,,,,,0,0,,0,0,0,0,0,,0,0,,0,
"199","CATFISH","2023081816",0,10.9,74,5.9,289,16.6,84.837,2.774,6.174,,,,,,,,,0,0,,0,0,0,0,0,,0,0,,0,
"199","CATFISH","2023081817",0,12.4,67,5.1,276,10.8,84.875,2.678,5.97,,,,,,,,,0,0,,0,0,0,0,0,,0,0,,0,
"199","CATFISH","2023081818",0,11.2,77,3.4,236,9.1,84.695,2.399,5.361,,,,,,,,,0,0,,0,0,0,0,0,,0,0,,0,
"199","CATFISH","2023081819",0,10.4,82,2.4,58,5.1,84.411,2.195,4.901,,,,,,,,,0,0,,0,0,0,0,0,,0,0,,0,
"199","CATFISH","2023081820",0.6,9.1,88,3.7,54,5.6,71.403,0.79,0.982,,,,,,,,,0,0,,0,0,0,0,0,,0,0,,0,
"199","CATFISH","2023081821",1.8,8.1,93,3.2,53,8.5,44.697,0.092,0.115,,,,,,,,,0,0,,0,0,0,0,0,,0,0,,0,
"199","CATFISH","2023081822",0,6.8,93,5.9,185,12.5,45.224,0.115,0.143,,,,,,,,,0,0,,0,0,0,0,0,,0,0,,0,
"199","CATFISH","2023081823",0,5.5,94,3,132,9.1,45.588,0.105,0.13,,,,,,,,,0,0,,0,0,0,0,0,,0,0,,0,
"200","VALEMOUNT 2","2023081800",0,11.4,96,3,239,6.8,14.365,0,0,,,,,,,,,,,,,,,,,,,,,,
"200","VALEMOUNT 2","2023081801",0,11.1,97,4.5,260,12.5,14.738,0,0,,,,,,,,,,,,,,,,,,,,,,
"200","VALEMOUNT 2","2023081802",0,10.3,96,4.2,242,9.1,15.196,0,0,,,,,,,,,,,,,,,,,,,,,,
"200","VALEMOUNT 2","2023081803",0,9.9,96,3,239,8.5,15.609,0,0,,,,,,,,,,,,,,,,,,,,,,
"200","VALEMOUNT 2","2023081804",0,9.3,97,3.8,235,5.6,15.942,0,0,,,,,,,,,,,,,,,,,,,,,,
"200","VALEMOUNT 2","2023081805",0,8.4,96,3.6,213,7.4,16.352,0,0,,,,,,,,,,,,,,,,,,,,,,
"200","VALEMOUNT 2","2023081806",0,8.1,97,2.7,248,6.2,16.644,0,0,,,,,,,,,,,,,,,,,,,,,,
"200","VALEMOUNT 2","2023081807",0,9.2,97,3.5,234,6.2,16.967,0,0,,,,,,,,,,,,,,,,,,,,,,
"200","VALEMOUNT 2","2023081808",0,12.9,83,2.7,131,7.4,18.488,0,0,,,,,,,,,,,,,,,,,,,,,,
"200","VALEMOUNT 2","2023081809",0.6,9.3,87,7.5,327,15.4,17.661,0,0,,,,,,,,,,,,,,,,,,,,,,
"200","VALEMOUNT 2","2023081810",0.2,8.4,86,4.4,17,25.8,18.188,0,0,,,,,,,,,,,,,,,,,,,,,,
"200","VALEMOUNT 2","2023081811",0,11,74,4.6,354,17.7,20.332,0,0,,,,,,,,,,,,,,,,,,,,,,
"200","VALEMOUNT 2","2023081812",0,11,77,3.7,69,14.9,22.201,0,0.001,9,39.372,0.037,0.055,23.312,464.714,41.428,2,,,,,,,,,,,,,,
"200","VALEMOUNT 2","2023081813",0,12.4,63,3,20,8.5,24.779,0.001,0.001,,,,,,,,,,,,,,,,,,,,,,
"200","VALEMOUNT 2","2023081814",0,13.2,62,5.5,74,14.3,27.757,0.002,0.004,,,,,,,,,,,,,,,,,,,,,,
"200","VALEMOUNT 2","2023081815",0.2,9.9,82,7,309,16.6,28.224,0.003,0.004,,,,,,,,,,,,,,,,,,,,,,
"200","VALEMOUNT 2","2023081816",3.4,7.8,92,5.2,318,20,13.53,0,0,,,,,,,,,,,,,,,,,,,,,,
"200","VALEMOUNT 2","2023081817",0,7.6,92,2.3,225,11.4,14.187,0,0,,,,,,,,,,,,,,,,,,,,,,
"200","VALEMOUNT 2","2023081818",0.2,7.7,94,1.7,215,6.8,14.132,0,0,,,,,,,,,,,,,,,,,,,,,,
"200","VALEMOUNT 2","2023081819",0,7.2,93,2.2,130,7.4,14.703,0,0,,,,,,,,,,,,,,,,,,,,,,
"200","VALEMOUNT 2","2023081820",0,6,95,3.3,239,5.6,15.152,0,0,,,,,,,,,,,,,,,,,,,,,,
"200","VALEMOUNT 2","2023081821",0,5.3,96,1.9,267,6.2,15.467,0,0,,,,,,,,,,,,,,,,,,,,,,
"200","VALEMOUNT 2","2023081822",0,5.1,97,3.5,233,6.2,15.749,0,0,,,,,,,,,,,,,,,,,,,,,,
"200","VALEMOUNT 2","2023081823",0,4.7,96,3,222,6.2,16.092,0,0,,,,,,,,,,,,,,,,,,,,,,
"206","TAUTRI","2023081800",0,13.2,33,9.1,303,19.9,93.185,10.651,29.62,,,,,,,,,,,,,,,,,,,,1790,,
"206","TAUTRI","2023081801",0,11.4,40,8.2,299,17.7,92.886,9.762,27.913,,,,,,,,,,,,,,,,,,,,1790,,
"206","TAUTRI","2023081802",0,7.7,52,5.6,305,15.2,92.413,8.012,24.349,,,,,,,,,,,,,,,,,,,,1790,,
"206","TAUTRI","2023081803",0,6,62,6.1,290,11.1,91.792,7.527,23.302,,,,,,,,,,,,,,,,,,,,1790,,
"206","TAUTRI","2023081804",0,8,59,6.2,313,17.5,91.271,7.025,22.192,,,,,,,,,,,,,,,,,,,,1790,,
"206","TAUTRI","2023081805",0,8.3,59,8.2,319,16.7,90.771,7.236,22.663,,,,,,,,,,,,,,,,,,,,1790,,
"206","TAUTRI","2023081806",0,8.4,59,11.6,312,28.3,90.286,8.013,24.351,,,,,,,,,,,,,,,,,,,,1790,,
"206","TAUTRI","2023081807",0,9.1,58,12.2,313,27.8,89.867,7.779,23.848,,,,,,,,,,,,,,,,,,,,1790,,
"206","TAUTRI","2023081808",0,9.1,60,9.8,316,30.2,89.47,6.511,21.019,,,,,,,,,,,,,,,,,,,,1790,,
"206","TAUTRI","2023081809",0,9.7,62,9.6,299,26.4,89.076,6.092,20.033,,,,,,,,,,,,,,,,,,,,1790,,
"206","TAUTRI","2023081810",0,11,54,11.5,323,31.2,88.879,6.516,21.031,,,,,,,,,,,,,,,,,,,,1790,,
"206","TAUTRI","2023081811",0,13.3,45,10.8,339,28.1,88.902,6.311,20.553,,,,,,,,,,,,,,,,,,,,1790,,
"206","TAUTRI","2023081812",0,13.2,48,15.1,2,33.2,88.859,7.791,23.874,0,89.48,8.517,25.773,49.962,621.671,83.207,3,,,,,,,,,,,,1790,,
"206","TAUTRI","2023081813",0,14.6,40,15.6,304,29.9,88.908,8.045,24.772,,,,,,,,,,,,,,,,,,,,1790,,
"206","TAUTRI","2023081814",0,14.7,40,13.5,329,26.2,88.957,7.288,23.112,,,,,,,,,,,,,,,,,,,,1790,,
"206","TAUTRI","2023081815",0,15.6,35,10.3,347,24.1,89.056,6.292,20.813,,,,,,,,,,,,,,,,,,,,1790,,
"206","TAUTRI","2023081816",0,15.6,39,14,355,24,89.105,7.635,23.881,,,,,,,,,,,,,,,,,,,,1790,,
"206","TAUTRI","2023081817",0,14,38,8,333,20.8,89.154,5.683,19.334,,,,,,,,,,,,,,,,,,,,1790,,
"206","TAUTRI","2023081818",0,12.6,51,5.2,44,17.7,89.048,4.861,17.231,,,,,,,,,,,,,,,,,,,,1790,,
"206","TAUTRI","2023081819",0,9.1,64,0,342,8.5,88.819,3.619,13.763,,,,,,,,,,,,,,,,,,,,1790,,
"206","TAUTRI","2023081820",0,6.9,71,0,4,0,88.504,3.459,13.286,,,,,,,,,,,,,,,,,,,,1790,,
"206","TAUTRI","2023081821",0,4.5,77,2.2,349,5.5,88.014,3.602,13.714,,,,,,,,,,,,,,,,,,,,1790,,
"206","TAUTRI","2023081822",0,2.4,89,0,332,5.4,87.425,2.964,11.749,,,,,,,,,,,,,,,,,,,,1790,,
"206","TAUTRI","2023081823",0,1.8,91,0,350,5.5,86.823,2.72,10.958,,,,,,,,,,,,,,,,,,,,1790,,
"208","TATLA LAKE","2023081800",0,13.2,27,5.6,72,11.4,95.644,12.534,43.029,,,,,,,,,,,,,,,,,,,,,,
"208","TATLA LAKE","2023081801",0,13,20,9.6,61,18.9,95.555,15.148,48.522,,,,,,,,,,,,,,,,,,,,,,
"208","TATLA LAKE","2023081802",0,11.1,20,4.8,62,17.2,95.485,11.781,41.351,,,,,,,,,,,,,,,,,,,,,,
"208","TATLA LAKE","2023081803",0,7.8,28,1.8,298,12,95.316,9.898,36.932,,,,,,,,,,,,,,,,,,,,,,
"208","TATLA LAKE","2023081804",0,6.9,31,2.8,207,10.2,95.091,10.094,37.407,,,,,,,,,,,,,,,,,,,,,,
"208","TATLA LAKE","2023081805",0,6.4,33,3.6,116,13.1,94.833,10.144,37.529,,,,,,,,,,,,,,,,,,,,,,
"208","TATLA LAKE","2023081806",0,6.7,35,7.4,280,11.4,94.506,11.745,41.269,,,,,,,,,,,,,,,,,,,,,,
"208","TATLA LAKE","2023081807",0,9.3,35,6.4,205,14.9,94.212,10.724,38.913,,,,,,,,,,,,,,,,,,,,,,
"208","TATLA LAKE","2023081808",0,11.5,45,14,290,29.2,93.643,14.535,47.275,,,,,,,,,,,,,,,,,,,,,,
"208","TATLA LAKE","2023081809",0,11.7,43,15.4,306,31.6,93.171,14.604,47.417,,,,,,,,,,,,,,,,,,,,,,
"208","TATLA LAKE","2023081810",0,15.4,31,13.3,316,34.4,93.062,12.937,43.907,,,,,,,,,,,,,,,,,,,,,,
"208","TATLA LAKE","2023081811",0,15.3,31,12.3,312,28.1,92.965,12.136,42.149,,,,,,,,,,,,,,,,,,,,,,
"208","TATLA LAKE","2023081812",0,17.5,26,17.4,302,30.4,93.01,15.792,49.808,0,93.635,17.231,52.848,112.849,690.052,160.201,5,,,,,,,,,,,,,,
"208","TATLA LAKE","2023081813",0,17.6,25,17.1,302,32.1,93.06,15.664,49.795,,,,,,,,,,,,,,,,,,,,,,
"208","TATLA LAKE","2023081814",0,19.3,23,12.1,295,31.6,93.11,12.261,42.636,,,,,,,,,,,,,,,,,,,,,,
"208","TATLA LAKE","2023081815",0,19.4,21,12.1,313,26.4,93.16,12.347,42.827,,,,,,,,,,,,,,,,,,,,,,
"208","TATLA LAKE","2023081816",0,19.6,20,9.9,334,29.8,93.227,11.155,40.12,,,,,,,,,,,,,,,,,,,,,,
"208","TATLA LAKE","2023081817",0,19.2,21,6.8,336,21.2,93.277,9.609,36.405,,,,,,,,,,,,,,,,,,,,,,
"208","TATLA LAKE","2023081818",0,17.5,23,10.6,346,19.5,93.327,11.719,41.415,,,,,,,,,,,,,,,,,,,,,,
"208","TATLA LAKE","2023081819",0,16.6,26,7.4,54,18.9,93.332,9.98,37.319,,,,,,,,,,,,,,,,,,,,,,
"208","TATLA LAKE","2023081820",0,14.1,32,5.5,33,13.7,93.211,8.917,34.655,,,,,,,,,,,,,,,,,,,,,,
"208","TATLA LAKE","2023081821",0,10.8,42,6,359,9.1,92.891,8.744,34.21,,,,,,,,,,,,,,,,,,,,,,
"208","TATLA LAKE","2023081822",0,9.6,49,2.2,120,12.5,92.53,6.863,29.08,,,,,,,,,,,,,,,,,,,,,,
"208","TATLA LAKE","2023081823",0,8,52,5.8,5,11.4,92.083,7.726,31.5,,,,,,,,,,,,,,,,,,,,,,
"209","ALEXIS CREEK","2023081800",0,17.9,17,14.3,316,22,95.44,18.899,54.649,,,,,,,,,,,,,,,,,,,,599.6,,
"209","ALEXIS CREEK","2023081801",0,16.9,23,11.6,313,22.6,95.321,16.228,49.703,,,,,,,,,,,,,,,,,,,,599.6,,
"209","ALEXIS CREEK","2023081802",0,15,31,13,320,26.3,94.997,16.66,50.526,,,,,,,,,,,,,,,,,,,,599.6,,
"209","ALEXIS CREEK","2023081803",0,14.4,37,14.1,263,25.2,94.541,16.541,50.3,,,,,,,,,,,,,,,,,,,,599.6,,
"209","ALEXIS CREEK","2023081804",0,12.7,45,9.5,318,19.2,93.985,12.149,41.355,,,,,,,,,,,,,,,,,,,,599.6,,
"209","ALEXIS CREEK","2023081805",0,11.4,48,9,307,25.3,93.428,10.963,38.697,,,,,,,,,,,,,,,,,,,,599.6,,
"209","ALEXIS CREEK","2023081806",0,9.6,54,2.4,33,15,92.928,7.331,29.63,,,,,,,,,,,,,,,,,,,,599.6,,
"209","ALEXIS CREEK","2023081807",0,11.4,47,7.8,309,13.9,92.512,9.078,34.191,,,,,,,,,,,,,,,,,,,,599.6,,
"209","ALEXIS CREEK","2023081808",0,13.5,46,15.2,272,26,92.1,12.437,41.981,,,,,,,,,,,,,,,,,,,,599.6,,
"209","ALEXIS CREEK","2023081809",0,13.8,45,16.7,275,32,91.753,12.77,42.7,,,,,,,,,,,,,,,,,,,,599.6,,
"209","ALEXIS CREEK","2023081810",0,14.4,44,15.7,247,36,91.481,11.682,40.323,,,,,,,,,,,,,,,,,,,,599.6,,
"209","ALEXIS CREEK","2023081811",0,16.2,38,14.8,288,24.2,91.403,11.042,38.877,,,,,,,,,,,,,,,,,,,,599.6,,
"209","ALEXIS CREEK","2023081812",0,16.4,36,10.3,263,19,91.387,8.782,33.447,0,92.086,9.696,35.911,99.22,738.729,148.558,4,,,,,,,,,,,,599.6,,
"209","ALEXIS CREEK","2023081813",0,17.3,30,16.9,295,25.7,91.437,12.333,41.987,,,,,,,,,,,,,,,,,,,,599.6,,
"209","ALEXIS CREEK","2023081814",0,18.2,32,11.6,346,28.8,91.487,9.51,35.457,,,,,,,,,,,,,,,,,,,,599.6,,
"209","ALEXIS CREEK","2023081815",0,17.8,31,12.4,306,24,91.537,9.972,36.579,,,,,,,,,,,,,,,,,,,,599.6,,
"209","ALEXIS CREEK","2023081816",0,18.4,28,9.6,314,24.4,91.587,8.721,33.483,,,,,,,,,,,,,,,,,,,,599.6,,
"209","ALEXIS CREEK","2023081817",0,18.3,27,12.1,329,25.7,91.637,9.962,36.556,,,,,,,,,,,,,,,,,,,,599.6,,
"209","ALEXIS CREEK","2023081818",0,17.6,31,12,325,23.7,91.687,9.983,36.606,,,,,,,,,,,,,,,,,,,,599.6,,
"209","ALEXIS CREEK","2023081819",0,16.4,36,11.2,23,19.6,91.64,9.525,35.495,,,,,,,,,,,,,,,,,,,,599.6,,
"209","ALEXIS CREEK","2023081820",0,14.1,47,7.4,28,27.3,91.364,7.563,30.436,,,,,,,,,,,,,,,,,,,,599.6,,
"209","ALEXIS CREEK","2023081821",0,11,58,2.3,94,12.8,90.961,5.523,24.529,,,,,,,,,,,,,,,,,,,,599.6,,
"209","ALEXIS CREEK","2023081822",0,10.4,57,2,78,11.9,90.618,5.18,23.45,,,,,,,,,,,,,,,,,,,,599.6,,
"209","ALEXIS CREEK","2023081823",0,9.1,60,7.1,21,9.9,90.173,6.285,26.831,,,,,,,,,,,,,,,,,,,,599.6,,
"210","RISKE CREEK","2023081800",0,17.4,26,12.2,307,21.2,93.258,12.579,38.041,,,,,,,,,,,,,,,,,,,,,,
"210","RISKE CREEK","2023081801",0,17,24,12.9,311,29.8,93.308,13.124,39.104,,,,,,,,,,,,,,,,,,,,,,
"210","RISKE CREEK","2023081802",0,16,29,14.7,305,26.4,93.233,14.219,41.183,,,,,,,,,,,,,,,,,,,,,,
"210","RISKE CREEK","2023081803",0,14.8,34,15.5,295,27.5,93.035,14.399,41.519,,,,,,,,,,,,,,,,,,,,,,
"210","RISKE CREEK","2023081804",0,13.5,41,17.7,297,33.3,92.669,15.282,43.135,,,,,,,,,,,,,,,,,,,,,,
"210","RISKE CREEK","2023081805",0,12.2,46,12.3,279,28.7,92.258,10.988,34.812,,,,,,,,,,,,,,,,,,,,,,
"210","RISKE CREEK","2023081806",0,12.4,46,15.7,291,28.7,91.868,12.342,37.572,,,,,,,,,,,,,,,,,,,,,,
"210","RISKE CREEK","2023081807",0,12.9,47,11.7,298,23.5,91.528,9.614,31.853,,,,,,,,,,,,,,,,,,,,,,
"210","RISKE CREEK","2023081808",0,13.1,47,17.1,279,27.5,91.195,12.037,36.962,,,,,,,,,,,,,,,,,,,,,,
"210","RISKE CREEK","2023081809",0,12.5,49,17.9,320,35.6,90.847,11.925,36.737,,,,,,,,,,,,,,,,,,,,,,
"210","RISKE CREEK","2023081810",0,14.3,43,20,312,37.9,90.69,12.964,38.794,,,,,,,,,,,,,,,,,,,,,,
"210","RISKE CREEK","2023081811",0,13.9,46,15.4,323,26.4,90.493,9.996,32.693,,,,,,,,,,,,,,,,,,,,,,
"210","RISKE CREEK","2023081812",0,15.8,37,18.4,289,35.6,90.54,11.706,36.294,0,91.446,13.318,39.943,68.996,731.436,111.66,4,,,,,,,,,,,,,,
"210","RISKE CREEK","2023081813",0,16,37,18.3,309,32.1,90.586,11.723,36.761,,,,,,,,,,,,,,,,,,,,,,
"210","RISKE CREEK","2023081814",0,18.9,30,15.4,309,31,90.686,10.275,33.7,,,,,,,,,,,,,,,,,,,,,,
"210","RISKE CREEK","2023081815",0,16.4,38,16.4,327,29.2,90.701,10.83,34.894,,,,,,,,,,,,,,,,,,,,,,
"210","RISKE CREEK","2023081816",0,16.5,42,15.1,345,31,90.629,10.039,33.183,,,,,,,,,,,,,,,,,,,,,,
"210","RISKE CREEK","2023081817",0,16,42,12.1,5,22.9,90.563,8.55,29.795,,,,,,,,,,,,,,,,,,,,,,
"210","RISKE CREEK","2023081818",0,15.1,43,13.9,9,38.5,90.466,9.233,31.378,,,,,,,,,,,,,,,,,,,,,,
"210","RISKE CREEK","2023081819",0,12.3,51,11.9,356,22.9,90.188,8.022,28.532,,,,,,,,,,,,,,,,,,,,,,
"210","RISKE CREEK","2023081820",0,10.8,59,9,329,21.2,89.788,6.545,24.797,,,,,,,,,,,,,,,,,,,,,,
"210","RISKE CREEK","2023081821",0,8,72,5.4,276,12,89.203,5.02,20.546,,,,,,,,,,,,,,,,,,,,,,
"210","RISKE CREEK","2023081822",0,6.5,74,9.7,321,13.1,88.582,5.703,22.506,,,,,,,,,,,,,,,,,,,,,,
"210","RISKE CREEK","2023081823",0,4.9,81,8.9,328,12,87.867,4.944,20.32,,,,,,,,,,,,,,,,,,,,,,
"211","NAZKO","2023081800",0,15.4,36,11.5,295,19.5,92.811,11.408,30.36,,,,,,,,,,-107,,,,,,,,1,441.98,4718.4,,
"211","NAZKO","2023081801",0,14.5,39,14.8,301,24.9,92.541,12.97,33.087,,,,,,,,,,-160.4,,,,,,,,1,441.99,4718.4,,
"211","NAZKO","2023081802",0,13.7,42,13.9,296,29.2,92.231,11.864,31.172,,,,,,,,,,-151.2,,,,,,,,1,442.33,4718.4,,
"211","NAZKO","2023081803",0,12.5,47,9.7,291,26.9,91.867,9.12,26.056,,,,,,,,,,-140.9,,,,,,,,1,442.33,4718.4,,
"211","NAZKO","2023081804",0,11.7,50,6.6,320,20.6,91.506,7.412,22.532,,,,,,,,,,-139.3,,,,,,,,1,442.33,4718.4,,
"211","NAZKO","2023081805",0,10.9,52,7.8,321,20.3,91.126,7.46,22.635,,,,,,,,,,-116.3,,,,,,,,1,442.33,4718.4,,
"211","NAZKO","2023081806",0,11,54,13.4,311,27.5,90.695,9.302,26.413,,,,,,,,,,-141.7,,,,,,,,1,442.35,4718.4,,
"211","NAZKO","2023081807",0,9.9,64,10.6,309,27.1,90.115,7.436,22.583,,,,,,,,,,-119.8,,,,,,,,1,442.03,4718.4,,
"211","NAZKO","2023081808",0,12.1,55,11,314,27.3,89.796,7.247,22.176,,,,,,,,,,-103.4,,,,,,,,1,442.34,4718.4,,
"211","NAZKO","2023081809",0,12.2,54,13.1,295,26.4,89.522,7.747,23.247,,,,,,,,,,-127.5,,,,,,,,1,442.32,4718.4,,
"211","NAZKO","2023081810",0,13.2,50,13.4,326,29.4,89.372,7.697,23.142,,,,,,,,,,-159.9,,,,,,,,1,442.32,4718.4,,
"211","NAZKO","2023081811",0,12.4,54,12.3,330,26.5,89.152,7.055,21.755,,,,,,,,,,-146.9,,,,,,,,1,443,4718.4,,
"211","NAZKO","2023081812",0,13.6,47,13.7,319,29.9,89.11,7.525,22.776,0,90.118,8.697,25.607,47.535,622.242,79.825,3,,-141.5,,,,,,,,1,441.99,4718.4,,
"211","NAZKO","2023081813",0,14.7,44,7.6,2,26,89.151,5.567,18.628,,,,,,,,,,-146.7,,,,,,,,1,442.64,4718.4,,
"211","NAZKO","2023081814",0,13.7,72,9,290,22.3,88.563,5.49,18.439,,,,,,,,,,-161,,,,,,,,1,442.95,4718.4,,
"211","NAZKO","2023081815",0.2,17.4,37,13.7,17,26.9,84.376,3.86,14.134,,,,,,,,,,-167.8,,,,,,,,1,442.96,4718.6,,
"211","NAZKO","2023081816",0,15.1,45,18.6,356,37.8,84.819,5.248,17.834,,,,,,,,,,-192.1,,,,,,,,1,443.3,4718.6,,
"211","NAZKO","2023081817",0,14.9,45,10.3,312,29.6,85.16,3.62,13.444,,,,,,,,,,-127.4,,,,,,,,1,442.96,4718.6,,
"211","NAZKO","2023081818",0,14.6,53,4,250,13.5,85.279,2.679,10.556,,,,,,,,,,-108.1,,,,,,,,1,442.96,4718.6,,
"211","NAZKO","2023081819",0,11.7,67,3.2,224,5.2,85.266,2.568,10.193,,,,,,,,,,-54,,,,,,,,1,443.29,4718.6,,
"211","NAZKO","2023081820",0,8.3,80,3.7,213,5.8,84.958,2.524,10.047,,,,,,,,,,-29.9,,,,,,,,1,443.32,4718.6,,
"211","NAZKO","2023081821",0,5.5,88,0.9,156,5.8,84.512,2.063,8.458,,,,,,,,,,-76.4,,,,,,,,1,443,4718.6,,
"211","NAZKO","2023081822",0,3.6,92,1.8,172,6,83.945,2,8.232,,,,,,,,,,-65.1,,,,,,,,1,442.7,4718.6,,
"211","NAZKO","2023081823",0,1.9,93,1.4,205,5.1,83.411,1.827,7.598,,,,,,,,,,-5.7,,,,,,,,1,442.72,4718.6,,
"212","PLACE LAKE","2023081800",0,15,36,5.5,276,13.7,92.154,7.687,28.094,,,,,,,,,,,,,,,,,,,,,,
"212","PLACE LAKE","2023081801",0,15.5,31,5.7,285,17.7,92.157,7.767,28.294,,,,,,,,,,,,,,,,,,,,,,
"212","PLACE LAKE","2023081802",0,14.9,29,7.6,305,17.7,92.183,8.58,30.271,,,,,,,,,,,,,,,,,,,,,,
"212","PLACE LAKE","2023081803",0,13.3,36,7.5,285,21.8,92.066,8.396,29.831,,,,,,,,,,,,,,,,,,,,,,
"212","PLACE LAKE","2023081804",0,11.8,42,5.1,274,22.3,91.855,7.221,26.916,,,,,,,,,,,,,,,,,,,,,,
"212","PLACE LAKE","2023081805",0,10.5,49,3.4,254,16.6,91.553,6.35,24.622,,,,,,,,,,,,,,,,,,,,,,
"212","PLACE LAKE","2023081806",0,9.4,55,4.4,267,12,91.153,6.309,24.51,,,,,,,,,,,,,,,,,,,,,,
"212","PLACE LAKE","2023081807",0,11.7,47,5.1,258,13.1,90.93,6.332,24.571,,,,,,,,,,,,,,,,,,,,,,
"212","PLACE LAKE","2023081808",0,13.4,45,11.3,284,24.1,90.74,8.422,29.894,,,,,,,,,,,,,,,,,,,,,,
"212","PLACE LAKE","2023081809",0,13.7,44,13.6,308,29.8,90.585,9.25,31.843,,,,,,,,,,,,,,,,,,,,,,
"212","PLACE LAKE","2023081810",0,13.3,46,10.8,301,26.4,90.412,7.837,28.467,,,,,,,,,,,,,,,,,,,,,,
"212","PLACE LAKE","2023081811",0,14.8,42,11.2,312,28.1,90.355,7.931,28.7,,,,,,,,,,,,,,,,,,,,,,
"212","PLACE LAKE","2023081812",0,15.1,39,12.2,302,24.6,90.366,8.355,29.732,0,91.203,9.414,32.518,77.586,613.261,117.886,4,,,,,,,,,,,,,,
"212","PLACE LAKE","2023081813",0,13.9,43,13.1,302,25.2,90.277,8.631,30.678,,,,,,,,,,,,,,,,,,,,,,
"212","PLACE LAKE","2023081814",0,15.9,34,11.3,312,25.8,90.326,7.939,28.992,,,,,,,,,,,,,,,,,,,,,,
"212","PLACE LAKE","2023081815",0,14.6,45,10.4,350,25.2,90.217,7.469,27.809,,,,,,,,,,,,,,,,,,,,,,
"212","PLACE LAKE","2023081816",0,16.6,37,8.9,343,19.5,90.266,6.975,26.531,,,,,,,,,,,,,,,,,,,,,,
"212","PLACE LAKE","2023081817",0,15.6,42,9.5,354,22.9,90.239,7.16,27.016,,,,,,,,,,,,,,,,,,,,,,
"212","PLACE LAKE","2023081818",0,14.4,42,6.4,346,15.4,90.204,6.095,24.157,,,,,,,,,,,,,,,,,,,,,,
"212","PLACE LAKE","2023081819",0,12.5,45,6,341,19.5,90.101,5.885,23.57,,,,,,,,,,,,,,,,,,,,,,
"212","PLACE LAKE","2023081820",0,7.8,64,0,119,13.7,89.804,4.169,18.392,,,,,,,,,,,,,,,,,,,,,,
"212","PLACE LAKE","2023081821",0,4,76,1.6,202,3.9,89.252,4.175,18.411,,,,,,,,,,,,,,,,,,,,,,
"212","PLACE LAKE","2023081822",0,2.1,85,0,154,2.2,88.687,3.551,16.324,,,,,,,,,,,,,,,,,,,,,,
"212","PLACE LAKE","2023081823",0,0.7,89,0,100,2.2,88.077,3.254,15.277,,,,,,,,,,,,,,,,,,,,,,
"213","ANAHIM LAKE","2023081800",0,8.6,25,11.8,268,22.3,93.714,13.137,37.599,,,,,,,,,,-0.2,,,,0,2,866.6,,,,,,
"213","ANAHIM LAKE","2023081801",0,6.4,31,6.9,29,14.9,93.537,10.014,31.415,,,,,,,,,,-0.3,,,,0,2,866.58,,,,,,
"213","ANAHIM LAKE","2023081802",0,8.7,29,12.9,263,24.1,93.383,13.262,37.831,,,,,,,,,,-0.1,,,,0,2,866.46,,,,,,
"213","ANAHIM LAKE","2023081803",0,5.9,41,6.6,222,21.8,93.061,9.23,29.736,,,,,,,,,,-0.4,,,,0,2,866.52,,,,,,
"213","ANAHIM LAKE","2023081804",0,4.8,43,6.7,275,10.2,92.729,8.854,28.908,,,,,,,,,,-0.2,,,,0,2,866.56,,,,,,
"213","ANAHIM LAKE","2023081805",0,7.1,59,10.1,262,19.5,92.069,9.576,30.484,,,,,,,,,,0,,,,0,2,866.46,,,,,,
"213","ANAHIM LAKE","2023081806",0.8,5.4,87,13.4,227,19.5,73.172,1.377,6.787,,,,,,,,,,-0.1,,,,0.99,2,867.46,,,,,,
"213","ANAHIM LAKE","2023081807",0,5.9,89,9.9,261,18.9,73.333,1.163,5.781,,,,,,,,,,0,,,,0,2,867.41,,,,,,
"213","ANAHIM LAKE","2023081808",0,8.4,74,7.7,261,12.5,73.833,1.064,5.299,,,,,,,,,,0,,,,0,2,867.29,,,,,,
"213","ANAHIM LAKE","2023081809",0,10.3,65,10.4,240,20,74.596,1.266,6.272,,,,,,,,,,-0.2,,,,0,2,867.12,,,,,,
"213","ANAHIM LAKE","2023081810",0,9.9,63,9.1,246,17.7,75.312,1.233,6.117,,,,,,,,,,-0.2,,,,0,2,867.22,,,,,,
"213","ANAHIM LAKE","2023081811",0,13.1,50,7.8,298,17.2,76.367,1.234,6.12,,,,,,,,,,0,,,,0,2,867.11,,,,,,
"213","ANAHIM LAKE","2023081812",0,13,51,7.4,273,18.3,77.295,1.293,6.396,0.8,85.687,3.365,14.527,62.92,647.839,101.255,3,,-0.2,,,,0,2,867.17,,,,,,
"213","ANAHIM LAKE","2023081813",0,15,41,6.5,256,12.5,78.457,1.36,6.794,,,,,,,,,,-0.2,,,,0,2,867.12,,,,,,
"213","ANAHIM LAKE","2023081814",0,14.4,37,10.3,319,21.8,79.667,1.847,8.924,,,,,,,,,,-0.3,,,,0,2,867.18,,,,,,
"213","ANAHIM LAKE","2023081815",0,16,36,11.4,341,22.9,80.888,2.223,10.436,,,,,,,,,,-0.3,,,,0,2,867.15,,,,,,
"213","ANAHIM LAKE","2023081816",0,15.2,36,8.5,335,23.5,81.873,2.154,10.166,,,,,,,,,,-0.4,,,,0,2,867.24,,,,,,
"213","ANAHIM LAKE","2023081817",0,14.5,40,6,11,14.3,82.579,2.071,9.837,,,,,,,,,,-0.3,,,,0,2,867.24,,,,,,
"213","ANAHIM LAKE","2023081818",0,14.5,41,7.4,328,17.7,83.212,2.409,11.147,,,,,,,,,,-0.2,,,,0,2,867.21,,,,,,
"213","ANAHIM LAKE","2023081819",0,13.8,43,4.1,0,10.2,83.671,2.166,10.212,,,,,,,,,,-0.2,,,,0,2,867.22,,,,,,
"213","ANAHIM LAKE","2023081820",0,11.3,54,0,15,6.2,83.803,1.793,8.698,,,,,,,,,,-0.3,,,,0,2,867.26,,,,,,
"213","ANAHIM LAKE","2023081821",0,8.3,67,2.7,182,6.2,83.85,2.067,9.82,,,,,,,,,,-0.3,,,,0,2,867.35,,,,,,
"213","ANAHIM LAKE","2023081822",0,5.6,73,3,176,6.8,83.796,2.083,9.885,,,,,,,,,,-0.2,,,,0,2,867.39,,,,,,
"213","ANAHIM LAKE","2023081823",0,3.7,77,4.3,166,7.9,83.658,2.184,10.283,,,,,,,,,,-0.2,,,,0,2,867.41,,,,,,
"216","NEMIAH","2023081800",0,13.6,37,4.3,115,11.4,93.8,9.111,32.999,,,,,,,,,,,,,,,,,,,,11268.2,,
"216","NEMIAH","2023081801",0,11.5,41,4.7,107,12.4,93.468,8.877,32.432,,,,,,,,,,,,,,,,,,,,11268.2,,
"216","NEMIAH","2023081802",0,7.9,38,7.2,127,10.4,93.187,9.682,34.357,,,,,,,,,,,,,,,,,,,,11268.2,,
"216","NEMIAH","2023081803",0,6.2,36,6.9,123,12.5,92.961,9.24,33.309,,,,,,,,,,,,,,,,,,,,11268.2,,
"216","NEMIAH","2023081804",0,5.1,36,7.3,130,12.5,92.745,9.147,33.085,,,,,,,,,,,,,,,,,,,,11268.2,,
"216","NEMIAH","2023081805",0,3.4,38,7.2,163,11.5,92.511,8.806,32.257,,,,,,,,,,,,,,,,,,,,11268.2,,
"216","NEMIAH","2023081806",0,2.7,37,6.9,140,10.2,92.308,8.43,31.328,,,,,,,,,,,,,,,,,,,,11268.2,,
"216","NEMIAH","2023081807",0,2.8,42,4,138,10.9,92.074,7.046,27.742,,,,,,,,,,,,,,,,,,,,11268.2,,
"216","NEMIAH","2023081808",0,6.7,36,6,156,15.6,91.931,7.638,29.311,,,,,,,,,,,,,,,,,,,,11268.2,,
"216","NEMIAH","2023081809",0,10.2,30,13.3,355,27.7,91.896,10.979,37.319,,,,,,,,,,,,,,,,,,,,11268.2,,
"216","NEMIAH","2023081810",0,11.8,34,21.1,336,47.6,91.789,16.02,47.564,,,,,,,,,,,,,,,,,,,,11268.2,,
"216","NEMIAH","2023081811",0,13.4,33,19.1,348,42.9,91.739,14.382,44.42,,,,,,,,,,,,,,,,,,,,11268.2,,
"216","NEMIAH","2023081812",0,14.9,32,15.3,326,36.5,91.741,11.88,39.286,0,92.424,13.083,42.102,91.933,590.933,132.38,5,,,,,,,,,,,,11268.2,,
"216","NEMIAH","2023081813",0,13.8,35,14.9,308,35.5,91.666,11.52,38.782,,,,,,,,,,,,,,,,,,,,11268.2,,
"216","NEMIAH","2023081814",0,15.5,30,7.5,271,26.4,91.716,7.99,30.441,,,,,,,,,,,,,,,,,,,,11268.2,,
"216","NEMIAH","2023081815",0,18.2,24,6.5,52,21.4,91.817,7.708,29.71,,,,,,,,,,,,,,,,,,,,11268.2,,
"216","NEMIAH","2023081816",0,16.3,26,15.4,330,25.5,91.867,12.155,40.153,,,,,,,,,,,,,,,,,,,,11268.2,,
"216","NEMIAH","2023081817",0,17.9,23,11.4,328,30,91.978,10.092,35.567,,,,,,,,,,,,,,,,,,,,11268.2,,
"216","NEMIAH","2023081818",0,18,23,11.7,6,28.7,92.075,10.388,36.249,,,,,,,,,,,,,,,,,,,,11268.2,,
"216","NEMIAH","2023081819",0,16.2,28,7.9,348,20.3,92.125,8.639,32.08,,,,,,,,,,,,,,,,,,,,11268.2,,
"216","NEMIAH","2023081820",0,13.7,33,6.7,14,19.3,92.073,8.073,30.653,,,,,,,,,,,,,,,,,,,,11268.2,,
"216","NEMIAH","2023081821",0,12,37,1.8,69,11.8,91.977,6.221,25.653,,,,,,,,,,,,,,,,,,,,11268.2,,
"216","NEMIAH","2023081822",0,10.2,44,0,158,0,91.837,5.571,23.749,,,,,,,,,,,,,,,,,,,,11268.2,,
"216","NEMIAH","2023081823",0,8.4,48,0,118,0,91.652,5.427,23.314,,,,,,,,,,,,,,,,,,,,11268.2,,
"218","LONE BUTTE","2023081800",0,15.9,35,10.4,315,23.5,91.113,8.488,22.329,,,,,,,,,,,,,,,,,,,,,,
"218","LONE BUTTE","2023081801",0,14.9,38,10.8,313,21.8,91.065,8.602,22.54,,,,,,,,,,,,,,,,,,,,,,
"218","LONE BUTTE","2023081802",0,14.2,38,9,316,22.9,91.016,7.802,21.024,,,,,,,,,,,,,,,,,,,,,,
"218","LONE BUTTE","2023081803",0,13.6,39,9.6,304,20.6,90.944,7.959,21.327,,,,,,,,,,,,,,,,,,,,,,
"218","LONE BUTTE","2023081804",0,12.9,39,13.2,302,22.3,90.862,9.431,24.051,,,,,,,,,,,,,,,,,,,,,,
"218","LONE BUTTE","2023081805",0,11.6,45,11.5,301,25.2,90.662,8.414,22.189,,,,,,,,,,,,,,,,,,,,,,
"218","LONE BUTTE","2023081806",0,10.8,50,10.4,290,25.2,90.384,7.65,20.729,,,,,,,,,,,,,,,,,,,,,,
"218","LONE BUTTE","2023081807",0,10.9,51,12.9,302,28.7,90.101,8.332,22.035,,,,,,,,,,,,,,,,,,,,,,
"218","LONE BUTTE","2023081808",0,10.3,55,13.6,294,32.7,89.758,8.217,21.819,,,,,,,,,,,,,,,,,,,,,,
"218","LONE BUTTE","2023081809",0,11.1,54,15.5,305,33.9,89.469,8.675,22.677,,,,,,,,,,,,,,,,,,,,,,
"218","LONE BUTTE","2023081810",0,12,53,17.4,302,36.7,89.234,9.231,23.693,,,,,,,,,,,,,,,,,,,,,,
"218","LONE BUTTE","2023081811",0,13.6,45,17.6,317,34.4,89.218,9.304,23.824,,,,,,,,,,,,,,,,,,,,,,
"218","LONE BUTTE","2023081812",0,13.2,50,18.7,321,34.4,89.09,9.654,24.449,0,88.866,9.349,24.282,42.59,348.149,65.231,3,,,,,,,,,,,,,,
"218","LONE BUTTE","2023081813",0,14.5,40,17.9,316,33.3,89.139,9.338,24.264,,,,,,,,,,,,,,,,,,,,,,
"218","LONE BUTTE","2023081814",0,14.7,40,15.5,299,32.7,89.188,8.333,22.391,,,,,,,,,,,,,,,,,,,,,,
"218","LONE BUTTE","2023081815",0,15.9,36,15.3,294,32.1,89.24,8.311,22.349,,,,,,,,,,,,,,,,,,,,,,
"218","LONE BUTTE","2023081816",0,13.2,48,13.1,332,32.7,89.163,7.358,20.482,,,,,,,,,,,,,,,,,,,,,,
"218","LONE BUTTE","2023081817",0,14.5,42,15.5,318,32.1,89.212,8.362,22.446,,,,,,,,,,,,,,,,,,,,,,
"218","LONE BUTTE","2023081818",0,13.6,46,12.6,325,25.2,89.184,7.196,20.157,,,,,,,,,,,,,,,,,,,,,,
"218","LONE BUTTE","2023081819",0,11.2,53,7.7,326,18.3,89.015,5.486,16.504,,,,,,,,,,,,,,,,,,,,,,
"218","LONE BUTTE","2023081820",0,7.7,72,4.3,350,13.1,88.525,4.309,13.718,,,,,,,,,,,,,,,,,,,,,,
"218","LONE BUTTE","2023081821",0,4.2,85,4.7,340,7.4,87.777,3.95,12.812,,,,,,,,,,,,,,,,,,,,,,
"218","LONE BUTTE","2023081822",0,2.4,92,3.5,333,6.2,86.898,3.28,11.033,,,,,,,,,,,,,,,,,,,,,,
"218","LONE BUTTE","2023081823",0,2,92,2.9,332,14.3,86.12,2.85,9.822,,,,,,,,,,,,,,,,,,,,,,
"221","BALDFACE","2023081800",0,6.5,49,9.9,317,27.5,93.136,11.014,26.538,,,,,,,,,,,,,,,,,,,,,,
"221","BALDFACE","2023081801",0,5.6,56,10.5,316,21.8,92.507,10.393,25.494,,,,,,,,,,,,,,,,,,,,,,
"221","BALDFACE","2023081802",0,4.7,61,9.8,305,16.6,91.853,9.149,23.317,,,,,,,,,,,,,,,,,,,,,,
"221","BALDFACE","2023081803",0,3.3,71,10,305,17.7,91.068,8.266,21.697,,,,,,,,,,,,,,,,,,,,,,
"221","BALDFACE","2023081804",0,3.7,69,13,317,23.5,90.358,8.689,22.482,,,,,,,,,,,,,,,,,,,,,,
"221","BALDFACE","2023081805",0,3.7,88,17.5,304,34.4,89.095,9.095,23.221,,,,,,,,,,,,,,,,,,,,,,
"221","BALDFACE","2023081806",1.6,2.3,97,13.6,305,38.5,56.971,0.655,1.919,,,,,,,,,,,,,,,,,,,,,,
"221","BALDFACE","2023081807",0,3.4,94,15.8,318,27.5,57.343,0.754,2.378,,,,,,,,,,,,,,,,,,,,,,
"221","BALDFACE","2023081808",0,8,80,17.5,319,31.6,58.62,0.902,3.021,,,,,,,,,,,,,,,,,,,,,,
"221","BALDFACE","2023081809",0,9.4,70,18.1,321,33.9,60.349,1.041,3.588,,,,,,,,,,,,,,,,,,,,,,
"221","BALDFACE","2023081810",0,11,62,22.4,308,37.9,62.491,1.457,5.145,,,,,,,,,,,,,,,,,,,,,,
"221","BALDFACE","2023081811",0,11.1,58,13.6,314,35.6,64.366,1.02,3.501,,,,,,,,,,,,,,,,,,,,,,
"221","BALDFACE","2023081812",0,12.7,52,16.3,306,31,66.5,1.269,4.461,1.6,80.689,2.784,9.335,38.712,390.262,62.039,2,,,,,,,,,,,,,,
"221","BALDFACE","2023081813",0,12.3,50,15.3,302,31,68.455,1.288,4.53,,,,,,,,,,,,,,,,,,,,,,
"221","BALDFACE","2023081814",0,12.7,43,18.4,289,28.1,70.562,1.61,5.68,,,,,,,,,,,,,,,,,,,,,,
"221","BALDFACE","2023081815",0,12.8,39,15.2,311,26.9,72.513,1.468,5.185,,,,,,,,,,,,,,,,,,,,,,
"221","BALDFACE","2023081816",0,12.7,41,10.4,309,23.5,74.089,1.234,4.331,,,,,,,,,,,,,,,,,,,,,,
"221","BALDFACE","2023081817",0,9.9,53,8,329,18.9,75.031,1.148,4.004,,,,,,,,,,,,,,,,,,,,,,
"221","BALDFACE","2023081818",0,10.2,52,8.7,300,14.3,75.95,1.256,4.413,,,,,,,,,,,,,,,,,,,,,,
"221","BALDFACE","2023081819",0,8.6,59,7.7,342,13.7,76.585,1.246,4.374,,,,,,,,,,,,,,,,,,,,,,
"221","BALDFACE","2023081820",0,4.1,82,2.3,141,12.5,76.698,0.957,3.245,,,,,,,,,,,,,,,,,,,,,,
"221","BALDFACE","2023081821",0,-0.2,93,2.5,240,7.4,76.674,0.965,3.278,,,,,,,,,,,,,,,,,,,,,,
"221","BALDFACE","2023081822",0,-1.6,95,4.3,254,9.1,76.562,1.048,3.613,,,,,,,,,,,,,,,,,,,,,,
"221","BALDFACE","2023081823",0,-3.1,95,4.3,285,6.2,76.452,1.04,3.582,,,,,,,,,,,,,,,,,,,,,,
"222","GASPARD","2023081800",0,10.3,36,13.9,322,17.7,92.441,12.22,31.168,,,,,,,,,,,,,,,,,,,,,,
"222","GASPARD","2023081801",0,11.2,30,16.3,316,24.6,92.367,13.65,33.56,,,,,,,,,,,,,,,,,,,,,,
"222","GASPARD","2023081802",0,10,26,17.6,318,30.4,92.361,14.56,35.025,,,,,,,,,,,,,,,,,,,,,,
"222","GASPARD","2023081803",0,7.7,24,17.7,304,27.5,92.366,14.644,35.158,,,,,,,,,,,,,,,,,,,,,,
"222","GASPARD","2023081804",0,6.3,24,18.4,293,29.2,92.356,15.15,35.952,,,,,,,,,,,,,,,,,,,,,,
"222","GASPARD","2023081805",0,5,44,16.1,293,26.9,91.984,12.802,32.155,,,,,,,,,,,,,,,,,,,,,,
"222","GASPARD","2023081806",0,4.4,50,14,294,27.5,91.548,10.826,28.716,,,,,,,,,,,,,,,,,,,,,,
"222","GASPARD","2023081807",0,6.2,50,23.4,290,35,91.091,16.29,37.703,,,,,,,,,,,,,,,,,,,,,,
"222","GASPARD","2023081808",0,4.7,55,18,286,31,90.613,11.592,30.08,,,,,,,,,,,,,,,,,,,,,,
"222","GASPARD","2023081809",0,6.3,60,25.3,296,41.3,90.03,15.406,36.351,,,,,,,,,,,,,,,,,,,,,,
"222","GASPARD","2023081810",0,9.2,49,22.1,298,36.7,89.775,12.642,31.886,,,,,,,,,,,,,,,,,,,,,,
"222","GASPARD","2023081811",0,11.4,38,21.9,289,37.9,89.801,12.561,31.749,,,,,,,,,,,,,,,,,,,,,,
"222","GASPARD","2023081812",0,11.5,40,19.7,297,32.1,89.787,11.222,29.425,0,90.146,11.813,30.902,47.919,475.048,76.537,3,,,,,,,,,,,,,,
"222","GASPARD","2023081813",0,10.6,45,18.5,309,36.7,89.665,10.38,28.309,,,,,,,,,,,,,,,,,,,,,,
"222","GASPARD","2023081814",0,10.9,44,17.1,300,29.2,89.582,9.559,26.754,,,,,,,,,,,,,,,,,,,,,,
"222","GASPARD","2023081815",0,11.4,41,14,311,28.1,89.575,8.168,23.984,,,,,,,,,,,,,,,,,,,,,,
"222","GASPARD","2023081816",0,13.8,33,21,287,32.7,89.624,11.704,30.71,,,,,,,,,,,,,,,,,,,,,,
"222","GASPARD","2023081817",0,11.5,37,15.9,318,25.2,89.673,9.116,25.891,,,,,,,,,,,,,,,,,,,,,,
"222","GASPARD","2023081818",0,11.3,37,12.8,303,22.9,89.722,7.852,23.328,,,,,,,,,,,,,,,,,,,,,,
"222","GASPARD","2023081819",0,9.8,45,11.9,330,24.6,89.615,7.39,22.346,,,,,,,,,,,,,,,,,,,,,,
"222","GASPARD","2023081820",0,7.1,55,13,351,18.3,89.313,7.48,22.54,,,,,,,,,,,,,,,,,,,,,,
"222","GASPARD","2023081821",0,6.1,66,8.2,39,20.6,88.87,5.511,18.071,,,,,,,,,,,,,,,,,,,,,,
"222","GASPARD","2023081822",0,5,72,8.6,83,10.8,88.349,5.218,17.353,,,,,,,,,,,,,,,,,,,,,,
"222","GASPARD","2023081823",0,4.8,73,4.4,278,9.7,87.908,3.964,14.085,,,,,,,,,,,,,,,,,,,,,,
"225","KNIFE","2023081800",0,17.5,31,6.1,10,11.4,92.647,8.492,25.149,,,,,,,,,,,,,,,,,,,,,,
"225","KNIFE","2023081801",0,17.9,32,8.1,346,18.9,92.614,9.348,26.879,,,,,,,,,,,,,,,,,,,,,,
"225","KNIFE","2023081802",0,17.1,32,7.5,325,17.2,92.575,9.02,26.225,,,,,,,,,,,,,,,,,,,,,,
"225","KNIFE","2023081803",0,15.8,35,6.7,336,14.9,92.469,8.536,25.241,,,,,,,,,,,,,,,,,,,,,,
"225","KNIFE","2023081804",0,14.4,40,7,314,16.6,92.26,8.415,24.99,,,,,,,,,,,,,,,,,,,,,,
"225","KNIFE","2023081805",0,13.1,45,5.1,289,22.3,91.982,7.352,22.728,,,,,,,,,,,,,,,,,,,,,,
"225","KNIFE","2023081806",0,12.8,47,2.8,290,12,91.719,6.308,20.372,,,,,,,,,,,,,,,,,,,,,,
"225","KNIFE","2023081807",0,13.9,44,7,308,17.2,91.498,7.554,23.17,,,,,,,,,,,,,,,,,,,,,,
"225","KNIFE","2023081808",0,14.3,44,11.2,316,22.9,91.277,9.046,26.276,,,,,,,,,,,,,,,,,,,,,,
"225","KNIFE","2023081809",0,14.4,42,11.9,331,23.5,91.12,9.164,26.513,,,,,,,,,,,,,,,,,,,,,,
"225","KNIFE","2023081810",0,15.5,43,14.6,305,35,90.962,10.266,28.658,,,,,,,,,,,,,,,,,,,,,,
"225","KNIFE","2023081811",0,15.7,43,11.3,279,24.1,90.836,8.538,25.245,,,,,,,,,,,,,,,,,,,,,,
"225","KNIFE","2023081812",0,16.2,40,11,309,26.4,90.795,8.361,24.878,0,91.008,8.619,25.888,51.055,540.13,82.593,3,,,,,,,,,,,,,,
"225","KNIFE","2023081813",0,16.8,37,11.1,319,24.1,90.828,8.444,25.521,,,,,,,,,,,,,,,,,,,,,,
"225","KNIFE","2023081814",0,14,48,13.8,353,33.3,90.578,9.335,27.351,,,,,,,,,,,,,,,,,,,,,,
"225","KNIFE","2023081815",0,16.7,40,11.5,338,26.4,90.572,8.306,25.231,,,,,,,,,,,,,,,,,,,,,,
"225","KNIFE","2023081816",0,16.2,40,8.7,303,25.2,90.562,7.203,22.831,,,,,,,,,,,,,,,,,,,,,,
"225","KNIFE","2023081817",0,16.4,39,7.4,308,18.3,90.577,6.76,21.825,,,,,,,,,,,,,,,,,,,,,,
"225","KNIFE","2023081818",0,16.8,33,8.9,332,22.9,90.627,7.343,23.144,,,,,,,,,,,,,,,,,,,,,,
"225","KNIFE","2023081819",0,14.9,40,5.1,346,16.6,90.601,6.042,20.132,,,,,,,,,,,,,,,,,,,,,,
"225","KNIFE","2023081820",0,12.1,51,4.6,38,9.7,90.362,5.693,19.282,,,,,,,,,,,,,,,,,,,,,,
"225","KNIFE","2023081821",0,9.6,59,3.4,52,6.8,90.009,5.095,17.771,,,,,,,,,,,,,,,,,,,,,,
"225","KNIFE","2023081822",0,7.6,66,2.4,61,6.8,89.583,4.557,16.351,,,,,,,,,,,,,,,,,,,,,,
"225","KNIFE","2023081823",0,6.5,71,2.8,54,5.6,89.096,4.337,15.749,,,,,,,,,,,,,,,,,,,,,,
"226","MIDDLE LAKE","2023081800",0,18.1,23,10.1,249,23.5,96.062,16.641,,,,,,,,,,,,,,,,,,,,,29371.4,,
"226","MIDDLE LAKE","2023081801",0,16.2,22,4.4,18,24.6,95.953,12.303,,,,,,,,,,,,,,,,,,,,,29371.4,,
"226","MIDDLE LAKE","2023081802",0,14,26,2.9,342,15.3,95.783,11.148,,,,,,,,,,,,,,,,,,,,,29371.4,,
"226","MIDDLE LAKE","2023081803",0,12.6,25,4,16,12.5,95.624,11.532,,,,,,,,,,,,,,,,,,,,,29371.4,,
"226","MIDDLE LAKE","2023081805",0,9.7,29,5.3,8,8.3,95.38,11.91,,,,,,,,,,,,,,,,,,,,,29371.4,,
"226","MIDDLE LAKE","2023081806",0,10.3,27,5.4,21,14,95.189,11.662,,,,,,,,,,,,,,,,,,,,,29371.4,,
"226","MIDDLE LAKE","2023081807",0,12,26,4.1,70,13,95.046,10.711,,,,,,,,,,,,,,,,,,,,,29371.4,,
"226","MIDDLE LAKE","2023081808",0,13.6,30,4,141,14.2,94.845,10.368,,,,,,,,,,,,,,,,,,,,,29371.4,,
"226","MIDDLE LAKE","2023081809",0,16.4,30,6.3,167,21.6,94.649,11.332,,,,,,,,,,,,,,,,,,,,,29371.4,,
"226","MIDDLE LAKE","2023081810",0,16.2,30,6,109,19.4,94.471,10.891,,,,,,,,,,,,,,,,,,,,,29371.4,,
"226","MIDDLE LAKE","2023081811",0,17.4,28,7.6,78,19.2,94.348,11.609,,,,,,,,,,,,,,,,,,,,,29371.4,,
"226","MIDDLE LAKE","2023081812",0,19.6,25,9.4,98,19.8,94.318,12.658,,0,,,,,,,,,,,,,,,,,,,29371.4,,
"226","MIDDLE LAKE","2023081813",0,20.1,22,7.7,103,24.1,94.36,11.685,,,,,,,,,,,,,,,,,,,,,29371.4,,
"226","MIDDLE LAKE","2023081814",0,22.8,18,8.8,127,23,94.411,12.439,,,,,,,,,,,,,,,,,,,,,29371.4,,
"226","MIDDLE LAKE","2023081815",0,21,21,8.5,138,24.2,94.462,12.339,,,,,,,,,,,,,,,,,,,,,29371.4,,
"226","MIDDLE LAKE","2023081816",0,20.1,22,7.3,137,19.7,94.492,11.663,,,,,,,,,,,,,,,,,,,,,29371.4,,
"226","MIDDLE LAKE","2023081817",0,21,23,5.8,170,15.2,94.514,10.847,,,,,,,,,,,,,,,,,,,,,29371.4,,
"226","MIDDLE LAKE","2023081818",0,18,26,4.4,24,14.5,94.451,10.02,,,,,,,,,,,,,,,,,,,,,29371.4,,
"226","MIDDLE LAKE","2023081819",0,16.8,27,3.2,47,8.7,94.372,9.331,,,,,,,,,,,,,,,,,,,,,29371.4,,
"226","MIDDLE LAKE","2023081820",0,15.8,28,3.9,35,13.1,94.269,9.528,,,,,,,,,,,,,,,,,,,,,29371.4,,
"226","MIDDLE LAKE","2023081821",0,14.5,31,3.7,32,9.4,94.112,9.231,,,,,,,,,,,,,,,,,,,,,29371.4,,
"226","MIDDLE LAKE","2023081822",0,13.8,33,4.1,24,7.9,93.922,9.175,,,,,,,,,,,,,,,,,,,,,29371.4,,
"226","MIDDLE LAKE","2023081823",0,13.2,36,3.5,39,8.6,93.696,8.626,,,,,,,,,,,,,,,,,,,,,29371.4,,
"227","GAVIN","2023081800",0,15,36,6.8,226,17.2,90.59,6.571,17.249,,,,,,,,,,,,,,,,,,,,,,
"227","GAVIN","2023081801",,,,,,,,,,,,,,,,,,,,,,,,,,,,,,,
"227","GAVIN","2023081802",0,13,44,6.5,201,17.2,91.587,7.46,18.942,,,,,,,,,,,,,,,,,,,,,,
"227","GAVIN","2023081803",0,11.9,49,5.9,190,17.7,91.28,6.929,17.941,,,,,,,,,,,,,,,,,,,,,,
"227","GAVIN","2023081804",0,11.2,48,8.8,239,20,90.994,7.699,19.383,,,,,,,,,,,,,,,,,,,,,,
"227","GAVIN","2023081805",0,10.5,52,10.6,243,21.8,90.64,8.015,19.958,,,,,,,,,,,,,,,,,,,,,,
"227","GAVIN","2023081806",0,10.4,52,9.8,261,22.3,90.327,7.362,18.759,,,,,,,,,,,,,,,,,,,,,,
"227","GAVIN","2023081807",0,9.9,57,11.1,252,22.9,89.934,7.43,18.887,,,,,,,,,,,,,,,,,,,,,,
"227","GAVIN","2023081808",0,11.1,56,12.5,261,31,89.599,7.599,19.199,,,,,,,,,,,,,,,,,,,,,,
"227","GAVIN","2023081809",0,12.5,52,11.9,269,32.7,89.397,7.163,18.385,,,,,,,,,,,,,,,,,,,,,,
"227","GAVIN","2023081810",0,10.4,66,10.8,246,29.8,88.915,6.323,16.759,,,,,,,,,,,,,,,,,,,,,,
"227","GAVIN","2023081811",0,13,53,12,280,29.2,88.774,6.583,17.271,,,,,,,,,,,,,,,,,,,,,,
"227","GAVIN","2023081812",0,13.5,52,11.6,288,29.8,88.677,6.362,16.837,0,88.828,6.501,17.453,35.232,381.138,57.236,3,,,,,,,,,,,,,,
"227","GAVIN","2023081813",0,13.9,46,12.3,257,33.3,88.712,6.624,17.697,,,,,,,,,,,,,,,,,,,,,,
"227","GAVIN","2023081814",0,13.4,53,11.5,307,28.1,88.601,6.261,16.97,,,,,,,,,,,,,,,,,,,,,,
"227","GAVIN","2023081815",0,14.5,43,13.1,270,31,88.65,6.835,18.112,,,,,,,,,,,,,,,,,,,,,,
"227","GAVIN","2023081816",0,14.6,42,9.2,277,30.4,88.699,5.655,15.718,,,,,,,,,,,,,,,,,,,,,,
"227","GAVIN","2023081817",0,14.8,44,10.2,284,22.9,88.748,5.989,16.415,,,,,,,,,,,,,,,,,,,,,,
"227","GAVIN","2023081818",0,12.2,50,8.8,256,22.9,88.682,5.529,15.45,,,,,,,,,,,,,,,,,,,,,,
"227","GAVIN","2023081819",0,10.9,61,5.3,229,19.5,88.429,4.47,13.106,,,,,,,,,,,,,,,,,,,,,,
"227","GAVIN","2023081820",0,8.4,67,4.9,174,12.5,88.084,4.169,12.403,,,,,,,,,,,,,,,,,,,,,,
"227","GAVIN","2023081821",0,5.4,84,2.5,21,9.7,87.445,3.371,10.438,,,,,,,,,,,,,,,,,,,,,,
"227","GAVIN","2023081822",0,4.7,86,3.2,15,6.8,86.792,3.182,9.948,,,,,,,,,,,,,,,,,,,,,,
"227","GAVIN","2023081823",0,4,90,2.4,13,5.6,86.088,2.767,8.834,,,,,,,,,,,,,,,,,,,,,,
"228","BENSON","2023081800",0,14.7,38,9.5,,20,91.533,8.611,30.288,,,,,,,,,,,,,,,,,,,,,,
"228","BENSON","2023081801",0,14,40,12,,20,91.386,9.566,32.503,,,,,,,,,,,,,,,,,,,,,,
"228","BENSON","2023081802",0,12.5,43,11.2,,22.9,91.182,8.925,31.027,,,,,,,,,,,,,,,,,,,,,,
"228","BENSON","2023081803",0,11.7,44,13,,22.3,90.963,9.473,32.29,,,,,,,,,,,,,,,,,,,,,,
"228","BENSON","2023081804",0,10.4,49,11.5,275,23.5,90.666,8.418,29.826,,,,,,,,,,,,,,,,,,,,,,
"228","BENSON","2023081805",0,9.5,52,9.3,,21.8,90.351,7.203,26.817,,,,,,,,,,,,,,,,,,,,,,
"228","BENSON","2023081806",0,9.4,53,13.2,,23.5,90.021,8.363,29.695,,,,,,,,,,,,,,,,,,,,,,
"228","BENSON","2023081807",0,9,62,10,288,25.8,89.566,6.668,25.421,,,,,,,,,,,,,,,,,,,,,,
"228","BENSON","2023081808",0,9.8,59,10.9,,24.6,89.214,6.634,25.331,,,,,,,,,,,,,,,,,,,,,,
"228","BENSON","2023081809",0,11.4,52,21.1,,34.4,89.013,10.776,35.176,,,,,,,,,,,,,,,,,,,,,,
"228","BENSON","2023081810",0,12.1,51,16.6,295,33.3,88.878,8.424,29.842,,,,,,,,,,,,,,,,,,,,,,
"228","BENSON","2023081811",0,13,50,17.5,300,32.7,88.79,8.705,30.509,,,,,,,,,,,,,,,,,,,,,,
"228","BENSON","2023081812",0,12.1,55,17.9,301,35,88.592,8.633,30.34,0,88.303,8.282,29.688,72.396,744.514,116.477,4,,,,,,,,,,,,,,
"228","BENSON","2023081813",0,12.3,53,16.3,311,38.5,88.467,7.823,28.56,,,,,,,,,,,,,,,,,,,,,,
"228","BENSON","2023081814",0,12.2,51,16.7,325,32.1,88.396,7.901,28.753,,,,,,,,,,,,,,,,,,,,,,
"228","BENSON","2023081815",0,12.9,48,13.1,325,29.2,88.407,6.6,25.408,,,,,,,,,,,,,,,,,,,,,,
"228","BENSON","2023081816",0,16.5,41,10.7,344,28.1,88.456,5.89,23.462,,,,,,,,,,,,,,,,,,,,,,
"228","BENSON","2023081817",0,13.6,50,11.5,333,23.5,88.435,6.114,24.086,,,,,,,,,,,,,,,,,,,,,,
"228","BENSON","2023081818",0,12.9,46,11.4,,26.4,88.479,6.122,24.107,,,,,,,,,,,,,,,,,,,,,,
"228","BENSON","2023081819",0,10.7,58,5.5,66,17.7,88.297,4.43,19.128,,,,,,,,,,,,,,,,,,,,,,
"228","BENSON","2023081820",0,7.8,67,6.7,69,10.8,87.945,4.475,19.268,,,,,,,,,,,,,,,,,,,,,,
"228","BENSON","2023081821",0,8.3,64,4.7,44,11.4,87.7,3.906,17.434,,,,,,,,,,,,,,,,,,,,,,
"228","BENSON","2023081822",0,7.9,67,4.7,48,7.4,87.423,3.755,16.927,,,,,,,,,,,,,,,,,,,,,,
"228","BENSON","2023081823",0,7.4,70,5.8,,6.8,87.104,3.792,17.052,,,,,,,,,,,,,,,,,,,,,,
"232","COLDSCAUR LAKE","2023081800",0,13.7,53,6,317,13.7,89.057,5.067,16.389,,,,,,,,,,,,,,,,,,,,,,
"232","COLDSCAUR LAKE","2023081801",0,11.9,65,4.9,339,10.2,88.696,4.551,15.107,,,,,,,,,,,,,,,,,,,,,,
"232","COLDSCAUR LAKE","2023081802",0,10.7,63,3.5,348,9.1,88.422,4.078,13.881,,,,,,,,,,,,,,,,,,,,,,
"232","COLDSCAUR LAKE","2023081803",0,12.5,52,7.6,316,16,88.36,4.969,16.149,,,,,,,,,,,,,,,,,,,,,,
"232","COLDSCAUR LAKE","2023081804",0,13.3,46,7.6,339,14.9,88.409,5.004,16.236,,,,,,,,,,,,,,,,,,,,,,
"232","COLDSCAUR LAKE","2023081805",0,12.5,47,8.9,342,17.2,88.432,5.361,17.097,,,,,,,,,,,,,,,,,,,,,,
"232","COLDSCAUR LAKE","2023081806",0,11.7,51,11.6,326,24.1,88.367,6.085,18.776,,,,,,,,,,,,,,,,,,,,,,
"232","COLDSCAUR LAKE","2023081807",0,12.5,50,10.7,341,23.5,88.34,5.793,18.108,,,,,,,,,,,,,,,,,,,,,,
"232","COLDSCAUR LAKE","2023081808",0,13.4,45,13.7,330,31.6,88.389,6.786,20.325,,,,,,,,,,,,,,,,,,,,,,
"232","COLDSCAUR LAKE","2023081809",0,11.1,55,9.1,348,22.9,88.255,5.279,16.901,,,,,,,,,,,,,,,,,,,,,,
"232","COLDSCAUR LAKE","2023081810",0,12.9,49,11.5,333,25.8,88.263,5.965,18.503,,,,,,,,,,,,,,,,,,,,,,
"232","COLDSCAUR LAKE","2023081811",0,15.1,44,11.7,306,36.7,88.312,6.068,18.736,,,,,,,,,,,,,,,,,,,,,,
"232","COLDSCAUR LAKE","2023081812",0,15.8,43,12.7,309,40.8,88.361,6.426,19.538,0,90.116,8.266,23.837,48.167,408.966,74.421,3,,,,,,,,,,,,,,
"232","COLDSCAUR LAKE","2023081813",0,16.3,39,13.9,305,33.9,88.456,6.921,21.011,,,,,,,,,,,,,,,,,,,,,,
"232","COLDSCAUR LAKE","2023081814",0,16,39,11.9,311,29.2,88.53,6.324,19.688,,,,,,,,,,,,,,,,,,,,,,
"232","COLDSCAUR LAKE","2023081815",0,15.4,44,13.7,305,31.6,88.579,6.973,21.126,,,,,,,,,,,,,,,,,,,,,,
"232","COLDSCAUR LAKE","2023081816",0,13.1,48,11.9,317,34.4,88.574,6.364,19.778,,,,,,,,,,,,,,,,,,,,,,
"232","COLDSCAUR LAKE","2023081817",0,14.9,46,8.1,300,24.6,88.623,5.292,17.269,,,,,,,,,,,,,,,,,,,,,,
"232","COLDSCAUR LAKE","2023081818",0,13.2,50,8.1,306,21.8,88.584,5.263,17.197,,,,,,,,,,,,,,,,,,,,,,
"232","COLDSCAUR LAKE","2023081819",0,11.1,55,5.2,325,21.2,88.449,4.46,15.179,,,,,,,,,,,,,,,,,,,,,,
"232","COLDSCAUR LAKE","2023081820",0,7.5,71,4.1,6,14.9,88.035,3.976,13.894,,,,,,,,,,,,,,,,,,,,,,
"232","COLDSCAUR LAKE","2023081821",0,4.6,82,0,166,7.9,87.591,3.035,11.206,,,,,,,,,,,,,,,,,,,,,,
"232","COLDSCAUR LAKE","2023081822",0,2.5,89,1.9,338,4.5,86.893,3.024,11.172,,,,,,,,,,,,,,,,,,,,,,
"232","COLDSCAUR LAKE","2023081823",0,1.1,92,2.1,51,5.1,86.156,2.752,10.339,,,,,,,,,,,,,,,,,,,,,,
"233","TALCHAKO","2023081800",0,13,46,4.4,256,6.8,92.126,7.243,20.172,,,,,,,,,0,193.3,,0,0,0,0,0,,0,0,,0,
"233","TALCHAKO","2023081801",0,12.1,50,4,259,6.8,91.775,6.755,19.174,,,,,,,,,0,193.3,,0,0,0,0,0,,0,0,,0,
"233","TALCHAKO","2023081802",0,14.1,45,5.1,276,13.7,91.546,6.912,19.499,,,,,,,,,0,193.3,,0,0,0,0,0,,0,0,,0,
"233","TALCHAKO","2023081803",0,14,46,7.1,275,18.9,91.302,7.384,20.455,,,,,,,,,0,193.3,,0,0,0,0,0,,0,0,,0,
"233","TALCHAKO","2023081804",0,13.4,50,3.9,265,14.3,91.031,6.047,17.674,,,,,,,,,0,193.3,,0,0,0,0,0,,0,0,,0,
"233","TALCHAKO","2023081805",0,10.9,61,3.1,255,5.1,90.584,5.449,16.352,,,,,,,,,0,193.3,,0,0,0,0,0,,0,0,,0,
"233","TALCHAKO","2023081806",0,9.6,68,2.8,271,5.1,90.05,4.973,15.257,,,,,,,,,0,193.3,,0,0,0,0,0,,0,0,,0,
"233","TALCHAKO","2023081807",0,10.2,73,2.9,350,5.6,89.453,4.587,14.341,,,,,,,,,0,193.3,,0,0,0,0,0,,0,0,,0,
"233","TALCHAKO","2023081808",0,10.8,75,2,82,4.5,88.888,4.043,12.994,,,,,,,,,0,193.3,,0,0,0,0,0,,0,0,,0,
"233","TALCHAKO","2023081809",0,17.3,44,3.4,128,9.1,88.937,4.369,13.808,,,,,,,,,0,193.3,,0,0,0,0,0,,0,0,,0,
"233","TALCHAKO","2023081810",0,17.8,39,5.9,122,15.4,88.988,4.992,15.301,,,,,,,,,0,193.3,,0,0,0,0,0,,0,0,,0,
"233","TALCHAKO","2023081811",0,20.4,31,5.1,97,13.1,89.302,5.016,15.357,,,,,,,,,0,193.3,,0,0,0,0,0,,0,0,,0,
"233","TALCHAKO","2023081812",0,22,26,6.2,87,20,89.796,5.691,16.893,0,92.949,8.815,24.058,42.584,469.168,69.417,3,0,193.3,,0,0,0,0,0,,0,0,,0,
"233","TALCHAKO","2023081813",0,23.1,23,7,94,15.4,90.378,6.439,19.256,,,,,,,,,0,193.3,,0,0,0,0,0,,0,0,,0,
"233","TALCHAKO","2023081814",0,22.7,24,6.6,99,14.9,90.812,6.715,19.851,,,,,,,,,0,193.3,,0,0,0,0,0,,0,0,,0,
"233","TALCHAKO","2023081815",0,20,37,2.8,237,16.6,90.862,5.584,17.336,,,,,,,,,0,193.3,,0,0,0,0,0,,0,0,,0,
"233","TALCHAKO","2023081816",0,18.5,43,3.9,250,7.4,90.811,5.86,17.967,,,,,,,,,0,193.3,,0,0,0,0,0,,0,0,,0,
"233","TALCHAKO","2023081817",0,18.9,41,3,264,9.1,90.81,5.599,17.371,,,,,,,,,0,193.3,,0,0,0,0,0,,0,0,,0,
"233","TALCHAKO","2023081818",0,19.5,33,4.2,265,9.7,90.86,5.991,18.262,,,,,,,,,0,193.3,,0,0,0,0,0,,0,0,,0,
"233","TALCHAKO","2023081819",0,17.8,41,2.6,116,12.5,90.841,5.512,17.169,,,,,,,,,0,193.3,,0,0,0,0,0,,0,0,,0,
"233","TALCHAKO","2023081820",0,17.8,42,5.4,277,13.1,90.796,6.306,18.964,,,,,,,,,0,193.3,,0,0,0,0,0,,0,0,,0,
"233","TALCHAKO","2023081821",0,15.5,49,3.1,240,12.5,90.613,5.471,17.075,,,,,,,,,0,193.3,,0,0,0,0,0,,0,0,,0,
"233","TALCHAKO","2023081822",0,13.6,59,3,214,7.9,90.247,5.166,16.356,,,,,,,,,0,193.3,,0,0,0,0,0,,0,0,,0,
"233","TALCHAKO","2023081823",0,11.7,69,2.5,248,5.1,89.722,4.673,15.157,,,,,,,,,0,193.3,,0,0,0,0,0,,0,0,,0,
"234","TIMOTHY","2023081800",0,13.3,40,7.1,41,16,91.404,7.492,23.896,,,,,,,,,,,,,,,,,,,,,,
"234","TIMOTHY","2023081801",0,12.3,42,5.8,33,13.7,91.247,6.862,22.46,,,,,,,,,,,,,,,,,,,,,,
"234","TIMOTHY","2023081802",0,13.2,39,6.6,331,15.4,91.16,7.056,22.909,,,,,,,,,,,,,,,,,,,,,,
"234","TIMOTHY","2023081803",0,12.9,41,6.6,334,18.3,91.042,6.939,22.639,,,,,,,,,,,,,,,,,,,,,,
"234","TIMOTHY","2023081804",0,11.1,46,5.5,338,17.7,90.84,6.378,21.32,,,,,,,,,,,,,,,,,,,,,,
"234","TIMOTHY","2023081805",0,10.3,50,5.8,338,19.5,90.578,6.238,20.982,,,,,,,,,,,,,,,,,,,,,,
"234","TIMOTHY","2023081806",0,10,53,6.1,325,13.7,90.282,6.07,20.574,,,,,,,,,,,,,,,,,,,,,,
"234","TIMOTHY","2023081807",0,9.3,59,5.1,306,17.2,89.912,5.474,19.088,,,,,,,,,,,,,,,,,,,,,,
"234","TIMOTHY","2023081808",0,13.3,46,11.3,310,22.9,89.808,7.371,23.625,,,,,,,,,,,,,,,,,,,,,,
"234","TIMOTHY","2023081809",0,13.1,46,13.1,316,27.5,89.708,7.956,24.922,,,,,,,,,,,,,,,,,,,,,,
"234","TIMOTHY","2023081810",0,13.3,46,8.4,311,31,89.633,6.211,20.918,,,,,,,,,,,,,,,,,,,,,,
"234","TIMOTHY","2023081811",0,12.5,47,11.6,324,29.2,89.528,7.189,23.213,,,,,,,,,,,,,,,,,,,,,,
"234","TIMOTHY","2023081812",0,14.6,44,9.6,297,26.9,89.524,6.496,21.601,0,90.149,7.104,23.361,56.079,508.019,87.9,3,,,,,,,,,,,,,,
"234","TIMOTHY","2023081813",0,14.9,41,9.1,292,25.8,89.573,6.379,21.643,,,,,,,,,,,,,,,,,,,,,,
"234","TIMOTHY","2023081814",0,14.8,43,13.9,312,29.8,89.583,8.136,25.685,,,,,,,,,,,,,,,,,,,,,,
"234","TIMOTHY","2023081815",0,11.8,52,8,329,31.6,89.396,5.884,20.422,,,,,,,,,,,,,,,,,,,,,,
"234","TIMOTHY","2023081816",0,13.2,48,12.5,327,24.1,89.303,7.284,23.775,,,,,,,,,,,,,,,,,,,,,,
"234","TIMOTHY","2023081817",0,15.2,41,9.6,329,20.6,89.352,6.338,21.542,,,,,,,,,,,,,,,,,,,,,,
"234","TIMOTHY","2023081818",0,13.5,43,11,359,24.1,89.366,6.815,22.684,,,,,,,,,,,,,,,,,,,,,,
"234","TIMOTHY","2023081819",0,10.7,51,5.8,8,20.6,89.221,5.135,18.496,,,,,,,,,,,,,,,,,,,,,,
"234","TIMOTHY","2023081820",0,8.2,61,4.6,27,11.4,88.916,4.627,17.122,,,,,,,,,,,,,,,,,,,,,,
"234","TIMOTHY","2023081821",0,6.6,73,5.3,41,10.8,88.403,4.453,16.639,,,,,,,,,,,,,,,,,,,,,,
"234","TIMOTHY","2023081822",0,5.7,79,4.5,59,9.7,87.82,3.934,15.149,,,,,,,,,,,,,,,,,,,,,,
"234","TIMOTHY","2023081823",0,4.9,83,6,47,11.4,87.166,3.865,14.943,,,,,,,,,,,,,,,,,,,,,,
"235","YOUNG LAKE","2023081800",0,17.5,37,9.2,318,21.8,92.952,10.362,34.738,,,,,,,,,,,,,,,,,,,,,,
"235","YOUNG LAKE","2023081801",0,15.7,37,11.4,305,16,92.742,11.24,36.648,,,,,,,,,,,,,,,,,,,,,,
"235","YOUNG LAKE","2023081802",0,15,39,7.8,296,17.2,92.526,9.095,31.851,,,,,,,,,,,,,,,,,,,,,,
"235","YOUNG LAKE","2023081803",0,13.8,42,6.7,288,13.1,92.27,8.3,29.949,,,,,,,,,,,,,,,,,,,,,,
"235","YOUNG LAKE","2023081804",0,13.4,39,8.9,311,17.7,92.08,9.028,31.694,,,,,,,,,,,,,,,,,,,,,,
"235","YOUNG LAKE","2023081805",0,11.6,43,6.4,302,21.2,91.837,7.69,28.437,,,,,,,,,,,,,,,,,,,,,,
"235","YOUNG LAKE","2023081806",0,11.6,42,12.2,308,21.8,91.597,9.956,33.83,,,,,,,,,,,,,,,,,,,,,,
"235","YOUNG LAKE","2023081807",0,12.4,43,13.8,310,24.1,91.358,10.432,34.892,,,,,,,,,,,,,,,,,,,,,,
"235","YOUNG LAKE","2023081808",0,11.5,45,16.9,322,33.9,91.08,11.722,37.669,,,,,,,,,,,,,,,,,,,,,,
"235","YOUNG LAKE","2023081809",0,13.4,43,17.9,306,31,90.891,12,38.249,,,,,,,,,,,,,,,,,,,,,,
"235","YOUNG LAKE","2023081810",0,13.7,43,17.1,309,41.9,90.729,11.264,36.699,,,,,,,,,,,,,,,,,,,,,,
"235","YOUNG LAKE","2023081811",0,15.3,38,16.6,309,32.1,90.719,10.968,36.064,,,,,,,,,,,,,,,,,,,,,,
"235","YOUNG LAKE","2023081812",0,16.3,36,18.3,313,35.6,90.769,12.033,38.317,0,91.527,13.406,41.448,86.422,507.857,121.258,5,,,,,,,,,,,,,,
"235","YOUNG LAKE","2023081813",0,14.2,38,18.4,321,33.9,90.735,12.036,38.658,,,,,,,,,,,,,,,,,,,,,,
"235","YOUNG LAKE","2023081814",0,17.3,32,17.6,326,36.7,90.785,11.643,37.83,,,,,,,,,,,,,,,,,,,,,,
"235","YOUNG LAKE","2023081815",0,17.9,28,18.9,308,39.6,90.895,12.628,39.879,,,,,,,,,,,,,,,,,,,,,,
"235","YOUNG LAKE","2023081816",0,17,29,16,331,34.4,90.945,10.989,36.427,,,,,,,,,,,,,,,,,,,,,,
"235","YOUNG LAKE","2023081817",0,15.8,37,17.1,349,32.7,90.941,11.609,37.758,,,,,,,,,,,,,,,,,,,,,,
"235","YOUNG LAKE","2023081818",0,14.5,40,13.5,353,25.8,90.859,9.57,33.248,,,,,,,,,,,,,,,,,,,,,,
"235","YOUNG LAKE","2023081819",0,12.4,44,9.9,343,20.6,90.693,7.796,28.967,,,,,,,,,,,,,,,,,,,,,,
"235","YOUNG LAKE","2023081820",0,8.6,58,4.1,357,14.9,90.319,5.517,22.79,,,,,,,,,,,,,,,,,,,,,,
"235","YOUNG LAKE","2023081821",0,7.5,60,7.1,356,16.6,89.905,6.048,24.313,,,,,,,,,,,,,,,,,,,,,,
"235","YOUNG LAKE","2023081822",0,6.9,66,5.3,356,15.4,89.44,5.168,21.754,,,,,,,,,,,,,,,,,,,,,,
"235","YOUNG LAKE","2023081823",0,3.9,76,5.7,282,9.1,88.828,4.829,20.723,,,,,,,,,,,,,,,,,,,,,,
"236","MEADOW LAKE","2023081800",0,16.8,34,9.8,315,17.7,92.201,9.61,30.957,,,,,,,,,,,,,,,,,,,,,,
"236","MEADOW LAKE","2023081801",0,14.8,39,7.5,316,14.3,92.037,8.362,28.173,,,,,,,,,,,,,,,,,,,,,,
"236","MEADOW LAKE","2023081802",0,14,38,7.8,326,14.9,91.9,8.326,28.089,,,,,,,,,,,,,,,,,,,,,,
"236","MEADOW LAKE","2023081803",0,14.7,32,10.3,320,18.9,91.889,9.43,30.567,,,,,,,,,,,,,,,,,,,,,,
"236","MEADOW LAKE","2023081804",0,13.4,35,10.9,316,19.5,91.805,9.604,30.946,,,,,,,,,,,,,,,,,,,,,,
"236","MEADOW LAKE","2023081805",0,11.4,38,11.6,293,17.7,91.649,9.731,31.22,,,,,,,,,,,,,,,,,,,,,,
"236","MEADOW LAKE","2023081806",0,11.4,39,12.2,297,21.2,91.486,9.8,31.368,,,,,,,,,,,,,,,,,,,,,,
"236","MEADOW LAKE","2023081807",0,11.2,47,11.6,309,27.5,91.179,9.103,29.847,,,,,,,,,,,,,,,,,,,,,,
"236","MEADOW LAKE","2023081808",0,12.4,46,18,295,35.6,90.9,12.078,36.038,,,,,,,,,,,,,,,,,,,,,,
"236","MEADOW LAKE","2023081809",0,13.1,45,20.1,285,31,90.676,13.002,37.82,,,,,,,,,,,,,,,,,,,,,,
"236","MEADOW LAKE","2023081810",0,12.5,47,20.3,309,40.8,90.426,12.673,37.192,,,,,,,,,,,,,,,,,,,,,,
"236","MEADOW LAKE","2023081811",0,13.8,44,18.5,332,28.7,90.294,11.358,34.608,,,,,,,,,,,,,,,,,,,,,,
"236","MEADOW LAKE","2023081812",0,15.9,39,18,310,45.4,90.323,11.122,34.131,0,91.032,12.306,36.937,66.942,605.606,104.896,4,,,,,,,,,,,,,,
"236","MEADOW LAKE","2023081813",0,16.2,35,16.8,315,38.5,90.372,10.544,33.356,,,,,,,,,,,,,,,,,,,,,,
"236","MEADOW LAKE","2023081814",0,15.9,37,16.8,350,33.9,90.421,10.618,33.512,,,,,,,,,,,,,,,,,,,,,,
"236","MEADOW LAKE","2023081815",0,15.9,33,18.3,339,34.4,90.47,11.532,35.394,,,,,,,,,,,,,,,,,,,,,,
"236","MEADOW LAKE","2023081816",0,15.6,34,15.6,333,35,90.52,10.136,32.491,,,,,,,,,,,,,,,,,,,,,,
"236","MEADOW LAKE","2023081817",0,17.1,33,12.8,352,32.1,90.57,8.865,29.693,,,,,,,,,,,,,,,,,,,,,,
"236","MEADOW LAKE","2023081818",0,14.7,41,11.2,8,24.1,90.514,8.114,27.957,,,,,,,,,,,,,,,,,,,,,,
"236","MEADOW LAKE","2023081819",0,13.4,48,11.4,24,24.1,90.306,7.955,27.581,,,,,,,,,,,,,,,,,,,,,,
"236","MEADOW LAKE","2023081820",0,11.3,53,9.8,9,16,90.011,7.036,25.341,,,,,,,,,,,,,,,,,,,,,,
"236","MEADOW LAKE","2023081821",0,9.1,63,5.5,314,14.3,89.586,5.33,20.824,,,,,,,,,,,,,,,,,,,,,,
"236","MEADOW LAKE","2023081822",0,9,63,5.3,305,10.8,89.204,4.995,19.87,,,,,,,,,,,,,,,,,,,,,,
"236","MEADOW LAKE","2023081823",0,5.9,76,6.8,349,9.7,88.578,4.925,19.666,,,,,,,,,,,,,,,,,,,,,,
"239","CLEARWATER HUB","2023081800",0,22.7,32,7,223,14.9,89.18,5.424,19.722,,,,,,,,,,0.7,,,,0,2,966.99,,,,,,
"239","CLEARWATER HUB","2023081801",0,23.4,28,8.8,214,18.3,89.704,6.403,22.219,,,,,,,,,,0.6,,,,0,2,966.9,,,,,,
"239","CLEARWATER HUB","2023081802",0,18.1,53,5.9,258,19.5,89.561,5.42,19.711,,,,,,,,,,-3.4,,,,0,2,967.03,,,,,,
"239","CLEARWATER HUB","2023081803",0,21.9,28,9.3,222,18.3,89.968,6.819,23.233,,,,,,,,,,-2.9,,,,0,2,966.94,,,,,,
"239","CLEARWATER HUB","2023081804",0,22.1,25,14,202,29.2,90.457,9.267,28.735,,,,,,,,,,-6.6,,,,0,2,966.89,,,,,,
"239","CLEARWATER HUB","2023081805",0,20.7,29,9.8,230,29.8,90.654,7.713,25.328,,,,,,,,,,-3.1,,,,0,2,966.94,,,,,,
"239","CLEARWATER HUB","2023081806",0,19.9,30,10.7,201,28.1,90.767,8.203,26.431,,,,,,,,,,0.6,,,,0,2,966.96,,,,,,
"239","CLEARWATER HUB","2023081807",0,19.3,33,6.1,226,22.3,90.817,6.552,22.586,,,,,,,,,,-3,,,,0,2,966.94,,,,,,
"239","CLEARWATER HUB","2023081808",0,19.3,34,8.5,233,17.2,90.867,7.447,24.716,,,,,,,,,,0.5,,,,0,2,966.91,,,,,,
"239","CLEARWATER HUB","2023081809",0,18.7,35,14.3,265,36.2,90.917,10.047,30.352,,,,,,,,,,-3.1,,,,0,2,966.93,,,,,,
"239","CLEARWATER HUB","2023081810",0,18.5,36,11.6,228,34.4,90.967,8.831,27.806,,,,,,,,,,0.5,,,,0,2,966.91,,,,,,
"239","CLEARWATER HUB","2023081811",0,19.3,34,14.2,259,29.2,91.017,10.14,30.542,,,,,,,,,,-6.7,,,,0,2,966.87,,,,,,
"239","CLEARWATER HUB","2023081812",0,20.2,32,18.5,277,42.5,91.067,12.683,35.453,0,92.361,15.236,40.725,62.62,508.965,95.78,5,,0.7,,,,0,2,966.84,,,,,,
"239","CLEARWATER HUB","2023081813",0,21.8,27,16.4,308,40.2,91.286,11.771,34.408,,,,,,,,,,-2.8,,,,0,2,966.79,,,,,,
"239","CLEARWATER HUB","2023081814",0,21,29,11.2,259,39.6,91.365,9.16,29.082,,,,,,,,,,-6.4,,,,0,2,966.88,,,,,,
"239","CLEARWATER HUB","2023081815",0,21.6,27,18.4,284,35,91.528,13.474,37.603,,,,,,,,,,-10,,,,0,2,966.81,,,,,,
"239","CLEARWATER HUB","2023081816",0,20.3,29,11.2,270,39.6,91.578,9.441,29.686,,,,,,,,,,-2.8,,,,0,2,966.92,,,,,,
"239","CLEARWATER HUB","2023081817",0,20,29,16.1,256,39.6,91.628,12.171,35.177,,,,,,,,,,0.8,,,,0,2,966.92,,,,,,
"239","CLEARWATER HUB","2023081818",0,20.9,31,7.9,238,25.8,91.678,8.109,26.757,,,,,,,,,,-13.8,,,,0,2,966.83,,,,,,
"239","CLEARWATER HUB","2023081819",0,18.6,34,6.4,239,18.9,91.712,7.555,25.479,,,,,,,,,,-6.6,,,,0,2,966.95,,,,,,
"239","CLEARWATER HUB","2023081820",0,15.4,46,3.7,100,13.7,91.492,6.392,22.659,,,,,,,,,,-9.7,,,,0,2,967.02,,,,,,
"239","CLEARWATER HUB","2023081821",0,12.4,55,4.6,213,9.7,91.093,6.319,22.476,,,,,,,,,,-6.1,,,,0,2,967.07,,,,,,
"239","CLEARWATER HUB","2023081822",0,11.6,60,4,220,7.4,90.642,5.749,21.009,,,,,,,,,,-13.8,,,,0,2,967,,,,,,
"239","CLEARWATER HUB","2023081823",0,9.2,71,3.4,246,8.5,90.027,5.108,19.287,,,,,,,,,,0.4,,,,0,2,967.01,,,,,,
"243","EAST BARRIERE","2023081800",0,15.7,76,1.9,138,5.6,87.399,3.249,14.141,,,,,,,,,,,,,,,,,,,,,,
"243","EAST BARRIERE","2023081801",0,16.6,69,1.6,105,5.6,87.197,3.11,13.667,,,,,,,,,,,,,,,,,,,,,,
"243","EAST BARRIERE","2023081802",0,16.7,60,0,100,5.6,87.202,2.871,12.835,,,,,,,,,,,,,,,,,,,,,,
"243","EAST BARRIERE","2023081803",0,16.1,68,1.6,40,3.9,87.037,3.04,13.426,,,,,,,,,,,,,,,,,,,,,,
"243","EAST BARRIERE","2023081804",0,16.3,60,1.7,124,8.5,87.04,3.056,13.484,,,,,,,,,,,,,,,,,,,,,,
"243","EAST BARRIERE","2023081805",0,14.4,85,4,113,9.1,86.36,3.116,13.69,,,,,,,,,,,,,,,,,,,,,,
"243","EAST BARRIERE","2023081806",0,13.5,78,2.2,101,7.4,86.028,2.716,12.283,,,,,,,,,,,,,,,,,,,,,,
"243","EAST BARRIERE","2023081807",0,16.9,44,5,291,13.1,86.28,3.24,14.112,,,,,,,,,,,,,,,,,,,,,,
"243","EAST BARRIERE","2023081808",0,17.8,40,6.7,296,18.3,86.63,3.709,15.653,,,,,,,,,,,,,,,,,,,,,,
"243","EAST BARRIERE","2023081809",0,16.8,46,12.9,290,33.3,86.792,5.188,20.071,,,,,,,,,,,,,,,,,,,,,,
"243","EAST BARRIERE","2023081810",0,16.9,42,5.4,297,25.8,87.005,3.664,15.508,,,,,,,,,,,,,,,,,,,,,,
"243","EAST BARRIERE","2023081811",0,19.1,39,14.4,291,32.1,87.371,6.076,22.479,,,,,,,,,,,,,,,,,,,,,,
"243","EAST BARRIERE","2023081812",0,19.2,35,10.6,273,29.2,87.786,5.324,20.449,0,92.144,9.924,32.057,65.092,680.191,105.051,5,,,,,,,,,,,,,,
"243","EAST BARRIERE","2023081813",0,21.8,31,9,292,25.2,88.355,5.329,20.835,,,,,,,,,,,,,,,,,,,,,,
"243","EAST BARRIERE","2023081814",0,21.7,27,12.1,290,33.9,89.001,6.835,24.851,,,,,,,,,,,,,,,,,,,,,,
"243","EAST BARRIERE","2023081815",0,22.2,25,13.5,292,27.5,89.654,8.055,27.836,,,,,,,,,,,,,,,,,,,,,,
"243","EAST BARRIERE","2023081816",0,21.7,28,11.9,286,32.7,90.054,7.869,27.395,,,,,,,,,,,,,,,,,,,,,,
"243","EAST BARRIERE","2023081817",0,20.5,30,12.2,284,28.1,90.28,8.252,28.3,,,,,,,,,,,,,,,,,,,,,,
"243","EAST BARRIERE","2023081818",0,18.4,38,6.6,284,28.7,90.329,6.268,23.386,,,,,,,,,,,,,,,,,,,,,,
"243","EAST BARRIERE","2023081819",0,14.6,52,5,269,12.5,90.109,5.603,21.597,,,,,,,,,,,,,,,,,,,,,,
"243","EAST BARRIERE","2023081820",0,11.3,64,3,109,5.6,89.691,4.771,19.231,,,,,,,,,,,,,,,,,,,,,,
"243","EAST BARRIERE","2023081821",0,8.6,76,1.7,256,3.3,89.105,4.108,17.223,,,,,,,,,,,,,,,,,,,,,,
"243","EAST BARRIERE","2023081822",0,6.9,86,1.6,257,5.1,88.324,3.654,15.771,,,,,,,,,,,,,,,,,,,,,,
"243","EAST BARRIERE","2023081823",0,6.1,89,3,87,5.6,87.468,3.469,15.158,,,,,,,,,,,,,,,,,,,,,,
"244","WINDY MOUNTAIN","2023081800",0,13.7,44,5.2,310,12.5,90.395,5.896,17.022,,,,,,,,,,,,,,,,,,,,,,
"244","WINDY MOUNTAIN","2023081801",0,12.8,45,4.6,297,13.1,90.285,5.631,16.446,,,,,,,,,,,,,,,,,,,,,,
"244","WINDY MOUNTAIN","2023081802",0,12,47,9.3,293,18.3,90.118,6.967,19.254,,,,,,,,,,,,,,,,,,,,,,
"244","WINDY MOUNTAIN","2023081803",0,11.5,48,7.4,258,17.2,89.954,6.184,17.637,,,,,,,,,,,,,,,,,,,,,,
"244","WINDY MOUNTAIN","2023081804",0,10.5,54,9.4,265,21.8,89.674,6.571,18.447,,,,,,,,,,,,,,,,,,,,,,
"244","WINDY MOUNTAIN","2023081805",0,8.7,57,11.3,265,22.9,89.344,6.896,19.113,,,,,,,,,,,,,,,,,,,,,,
"244","WINDY MOUNTAIN","2023081806",0,9.2,58,9.6,268,21.2,89.041,6.061,17.377,,,,,,,,,,,,,,,,,,,,,,
"244","WINDY MOUNTAIN","2023081807",0,9.6,57,9.2,258,21.2,88.792,5.731,16.666,,,,,,,,,,,,,,,,,,,,,,
"244","WINDY MOUNTAIN","2023081808",0,8.3,61,8.4,273,19.5,88.492,5.273,15.651,,,,,,,,,,,,,,,,,,,,,,
"244","WINDY MOUNTAIN","2023081809",0,9,62,8.5,268,15.4,88.205,5.086,15.226,,,,,,,,,,,,,,,,,,,,,,
"244","WINDY MOUNTAIN","2023081810",0,12.8,51,13.7,264,25.2,88.177,6.583,18.471,,,,,,,,,,,,,,,,,,,,,,
"244","WINDY MOUNTAIN","2023081811",0,13.8,48,16,261,36.7,88.226,7.443,20.203,,,,,,,,,,,,,,,,,,,,,,
"244","WINDY MOUNTAIN","2023081812",0,12.8,51,15.1,284,32.7,88.194,7.081,19.484,0,88.651,7.561,20.756,41.905,348.543,64.441,4,,,,,,,,,,,,,,
"244","WINDY MOUNTAIN","2023081813",0,12.7,46,17.4,279,32.7,88.243,8.007,21.626,,,,,,,,,,,,,,,,,,,,,,
"244","WINDY MOUNTAIN","2023081814",0,13.6,46,10.7,281,33.9,88.292,5.753,16.987,,,,,,,,,,,,,,,,,,,,,,
"244","WINDY MOUNTAIN","2023081815",0,10.3,54,14.4,314,37.9,88.161,6.804,19.227,,,,,,,,,,,,,,,,,,,,,,
"244","WINDY MOUNTAIN","2023081816",0,13.7,43,15.9,285,36.7,88.21,7.389,20.414,,,,,,,,,,,,,,,,,,,,,,
"244","WINDY MOUNTAIN","2023081817",0,13.6,45,15.5,285,31,88.259,7.293,20.221,,,,,,,,,,,,,,,,,,,,,,
"244","WINDY MOUNTAIN","2023081818",0,11.3,49,12.2,290,29.2,88.242,6.16,17.874,,,,,,,,,,,,,,,,,,,,,,
"244","WINDY MOUNTAIN","2023081819",0,8.3,60,6.6,306,20.6,88.025,4.503,14.1,,,,,,,,,,,,,,,,,,,,,,
"244","WINDY MOUNTAIN","2023081820",0,6.2,67,8.3,311,16.6,87.683,4.672,14.506,,,,,,,,,,,,,,,,,,,,,,
"244","WINDY MOUNTAIN","2023081821",0,5.5,72,7.1,331,14.3,87.287,4.156,13.243,,,,,,,,,,,,,,,,,,,,,,
"244","WINDY MOUNTAIN","2023081822",0,4.6,80,6.7,336,12,86.758,3.777,12.278,,,,,,,,,,,,,,,,,,,,,,
"244","WINDY MOUNTAIN","2023081823",0,4,83,5,323,10.2,86.226,3.216,10.779,,,,,,,,,,,,,,,,,,,,,,
"250","HARBOUR LAKE","2023081800",0,16.8,62,3.3,199,13.7,86.979,3.284,8.681,,,,,,,,,0,0,,0,0,0,0,0,,0,0,,0,
"250","HARBOUR LAKE","2023081801",0,16.6,59,3.8,203,12,87.008,3.382,8.903,,,,,,,,,0,0,,0,0,0,0,0,,0,0,,0,
"250","HARBOUR LAKE","2023081802",0,15.1,76,2.3,196,8.5,86.662,2.985,7.986,,,,,,,,,0,0,,0,0,0,0,0,,0,0,,0,
"250","HARBOUR LAKE","2023081803",0,13.9,68,2,201,7.9,86.528,2.885,7.747,,,,,,,,,0,0,,0,0,0,0,0,,0,0,,0,
"250","HARBOUR LAKE","2023081804",0,13,67,2.3,235,6.8,86.414,2.883,7.741,,,,,,,,,0,0,,0,0,0,0,0,,0,0,,0,
"250","HARBOUR LAKE","2023081805",0,13.3,54,7.6,3,17.7,86.462,3.791,9.81,,,,,,,,,0,0,,0,0,0,0,0,,0,0,,0,
"250","HARBOUR LAKE","2023081806",0.4,8.7,98,4.8,234,12,76.786,1.092,2.801,,,,,,,,,0,0,,0,0,0,0,0,,0,0,,0,
"250","HARBOUR LAKE","2023081807",0,9.3,93,3.3,255,6.8,76.831,1.016,2.544,,,,,,,,,0,0,,0,0,0,0,0,,0,0,,0,
"250","HARBOUR LAKE","2023081808",0,14.8,55,8.5,340,15.4,77.728,1.414,3.821,,,,,,,,,0,0,,0,0,0,0,0,,0,0,,0,
"250","HARBOUR LAKE","2023081809",0,13.9,53,7.3,340,15.4,78.529,1.425,3.855,,,,,,,,,0,0,,0,0,0,0,0,,0,0,,0,
"250","HARBOUR LAKE","2023081810",0,9.6,60,8.1,337,22.3,78.996,1.548,4.224,,,,,,,,,0,0,,0,0,0,0,0,,0,0,,0,
"250","HARBOUR LAKE","2023081811",0,9.8,63,3.8,37,16,79.335,1.288,3.433,,,,,,,,,0,0,,0,0,0,0,0,,0,0,,0,
"250","HARBOUR LAKE","2023081812",0,12.6,48,8.6,4,24.1,80.073,1.767,4.855,0.4,89.194,5.891,14.34,29.882,242.842,45.704,3,0,0,,0,0,0,0,0,,0,0,,0,
"250","HARBOUR LAKE","2023081813",0,12.9,46,7.4,83,24.6,80.779,1.796,5.092,,,,,,,,,0,0,,0,0,0,0,0,,0,0,,0,
"250","HARBOUR LAKE","2023081814",0,12.6,48,10.7,331,22.3,81.407,2.278,6.419,,,,,,,,,0,0,,0,0,0,0,0,,0,0,,0,
"250","HARBOUR LAKE","2023081815",0,14.2,44,8.5,292,24.1,82.094,2.213,6.247,,,,,,,,,0,0,,0,0,0,0,0,,0,0,,0,
"250","HARBOUR LAKE","2023081816",0,12.8,46,9.3,325,25.2,82.628,2.461,6.898,,,,,,,,,0,0,,0,0,0,0,0,,0,0,,0,
"250","HARBOUR LAKE","2023081817",0,11.7,46,6.9,318,19.5,83.054,2.302,6.483,,,,,,,,,0,0,,0,0,0,0,0,,0,0,,0,
"250","HARBOUR LAKE","2023081818",0,9.6,53,5.2,340,14.9,83.266,2.171,6.135,,,,,,,,,0,0,,0,0,0,0,0,,0,0,,0,
"250","HARBOUR LAKE","2023081819",0,8.6,56,4.5,299,14.3,83.401,2.133,6.033,,,,,,,,,0,0,,0,0,0,0,0,,0,0,,0,
"250","HARBOUR LAKE","2023081820",0,6.9,73,3,327,14.9,83.396,1.977,5.603,,,,,,,,,0,0,,0,0,0,0,0,,0,0,,0,
"250","HARBOUR LAKE","2023081821",0,4.4,84,3.5,237,5.1,83.147,1.963,5.565,,,,,,,,,0,0,,0,0,0,0,0,,0,0,,0,
"250","HARBOUR LAKE","2023081822",0,3.8,87,5.2,194,9.1,82.817,2.05,5.805,,,,,,,,,0,0,,0,0,0,0,0,,0,0,,0,
"250","HARBOUR LAKE","2023081823",0,2.7,90,3.3,255,7.9,82.439,1.777,5.038,,,,,,,,,0,0,,0,0,0,0,0,,0,0,,0,
"253","CAHILTY","2023081800",0,15.7,64,5.2,275,15.6,89.79,5.406,23.215,,,,,,,,,,,,,,0,,,,,,6949.6,,
"253","CAHILTY","2023081801",0,15.1,65,5.6,293,18.8,89.346,5.176,22.511,,,,,,,,,,,,,,0,,,,,,6949.6,,
"253","CAHILTY","2023081802",0,13.8,72,4.7,314,8.7,88.795,4.57,20.594,,,,,,,,,,,,,,0,,,,,,6949.6,,
"253","CAHILTY","2023081803",0,13.7,62,5.5,302,11.3,88.525,4.578,20.619,,,,,,,,,,,,,,0,,,,,,6949.6,,
"253","CAHILTY","2023081804",0,12.5,48,10.1,336,18.8,88.519,5.766,24.291,,,,,,,,,,,,,,0,,,,,,6949.6,,
"253","CAHILTY","2023081805",0,11.8,49,12.1,316,27,88.482,6.345,25.963,,,,,,,,,,,,,,0,,,,,,6949.6,,
"253","CAHILTY","2023081806",0,10.5,50,12.4,322,30.1,88.413,6.378,26.056,,,,,,,,,,,,,,0,,,,,,6949.6,,
"253","CAHILTY","2023081807",0,10.7,51,11.3,317,30,88.338,5.969,24.885,,,,,,,,,,,,,,0,,,,,,6949.6,,
"253","CAHILTY","2023081808",0,13.2,46,5.3,296,22,88.387,4.443,20.177,,,,,,,,,,,,,,0,,,,,,6949.6,,
"253","CAHILTY","2023081809",0,11.5,52,10.1,296,22.9,88.309,5.596,23.785,,,,,,,,,,,,,,0,,,,,,6949.6,,
"253","CAHILTY","2023081810",0,13.1,42,18,323,37.2,88.358,8.39,31.409,,,,,,,,,,,,,,0,,,,,,6949.6,,
"253","CAHILTY","2023081811",0,13.7,45,16.8,297,41.3,88.407,7.953,30.3,,,,,,,,,,,,,,0,,,,,,6949.6,,
"253","CAHILTY","2023081812",0,14.4,44,17.3,295,41.4,88.456,8.214,30.965,0,89.998,10.248,36.073,95.188,565.218,133.971,5,,,,,,0,,,,,,6949.6,,
"253","CAHILTY","2023081813",0,14.3,38,13.9,289,48.4,88.518,6.983,27.895,,,,,,,,,,,,,,0,,,,,,6949.6,,
"253","CAHILTY","2023081814",0,13.8,39,19,299,49.9,88.567,9.092,33.33,,,,,,,,,,,,,,0,,,,,,6949.6,,
"253","CAHILTY","2023081815",0,14.6,37,18.1,309,43.8,88.647,8.79,32.588,,,,,,,,,,,,,,0,,,,,,6949.6,,
"253","CAHILTY","2023081816",0,14.6,35,14.7,301,36.2,88.766,7.534,29.376,,,,,,,,,,,,,,0,,,,,,6949.6,,
"253","CAHILTY","2023081817",0,13.7,39,12.4,299,35.3,88.815,6.756,27.272,,,,,,,,,,,,,,0,,,,,,6949.6,,
"253","CAHILTY","2023081818",0,11.2,48,11.4,316,33.5,88.759,6.373,26.197,,,,,,,,,,,,,,0,,,,,,6949.6,,
"253","CAHILTY","2023081819",0,8.6,59,4.7,343,19.5,88.529,4.399,20.157,,,,,,,,,,,,,,0,,,,,,6949.6,,
"253","CAHILTY","2023081820",0,6.5,68,3.5,337,10,88.175,3.936,18.587,,,,,,,,,,,,,,0,,,,,,6949.6,,
"253","CAHILTY","2023081821",0,5.1,71,4,330,8.7,87.792,3.821,18.185,,,,,,,,,,,,,,0,,,,,,6949.6,,
"253","CAHILTY","2023081822",0,4.2,78,3.7,341,6.8,87.311,3.513,17.089,,,,,,,,,,,,,,0,,,,,,6949.6,,
"253","CAHILTY","2023081823",0,4.1,72,5.4,318,12.4,86.967,3.644,17.561,,,,,,,,,,,,,,0,,,,,,6949.6,,
"255","LIKELY RS","2023081800",0,12.1,73,2.1,82,5.6,88.265,3.716,12.333,,,,,,,,,,,,,,,,,,,,,,
"255","LIKELY RS","2023081801",0,10.8,73,2,176,5.1,87.86,3.488,11.724,,,,,,,,,,,,,,,,,,,,,,
"255","LIKELY RS","2023081802",0,11.4,59,4.4,345,12,87.731,3.865,12.725,,,,,,,,,,,,,,,,,,,,,,
"255","LIKELY RS","2023081803",0,10.9,56,4.8,341,10.2,87.657,3.902,12.822,,,,,,,,,,,,,,,,,,,,,,
"255","LIKELY RS","2023081804",0,8.8,65,3.1,301,11.4,87.438,3.471,11.678,,,,,,,,,,,,,,,,,,,,,,
"255","LIKELY RS","2023081805",0,8.5,65,3.9,263,14.9,87.229,3.508,11.777,,,,,,,,,,,,,,,,,,,,,,
"255","LIKELY RS","2023081806",0,10.1,57,6.6,308,16,87.171,3.986,13.038,,,,,,,,,,,,,,,,,,,,,,
"255","LIKELY RS","2023081807",0,10.6,56,6,323,16,87.141,3.851,12.689,,,,,,,,,,,,,,,,,,,,,,
"255","LIKELY RS","2023081808",0,12,56,6.9,310,17.2,87.131,4.024,13.136,,,,,,,,,,,,,,,,,,,,,,
"255","LIKELY RS","2023081809",0,13.7,52,9.4,334,25.8,87.179,4.595,14.567,,,,,,,,,,,,,,,,,,,,,,
"255","LIKELY RS","2023081810",0,11.7,58,6.4,328,29.8,87.128,3.922,12.873,,,,,,,,,,,,,,,,,,,,,,
"255","LIKELY RS","2023081811",0,14.3,53,8.6,348,20.6,87.176,4.412,14.116,,,,,,,,,,,,,,,,,,,,,,
"255","LIKELY RS","2023081812",0,15.6,47,10.8,311,23.5,87.224,4.963,15.451,0,89.682,7.059,20.473,42.727,447.136,68.976,4,,,,,,,,,,,,,,
"255","LIKELY RS","2023081813",0,17.6,42,11.6,303,29.8,87.423,5.316,16.619,,,,,,,,,,,,,,,,,,,,,,
"255","LIKELY RS","2023081814",0,15.8,43,9.3,330,28.7,87.527,4.805,15.396,,,,,,,,,,,,,,,,,,,,,,
"255","LIKELY RS","2023081815",0,15.3,43,9.4,330,30.4,87.608,4.886,15.593,,,,,,,,,,,,,,,,,,,,,,
"255","LIKELY RS","2023081816",0,13.7,46,8.2,306,22.3,87.657,4.631,14.969,,,,,,,,,,,,,,,,,,,,,,
"255","LIKELY RS","2023081817",0,15.1,44,11.5,0,24.1,87.706,5.507,17.064,,,,,,,,,,,,,,,,,,,,,,
"255","LIKELY RS","2023081818",0,13.3,50,8.2,331,24.6,87.755,4.696,15.13,,,,,,,,,,,,,,,,,,,,,,
"255","LIKELY RS","2023081819",0,10.9,64,6.6,13,15.4,87.528,4.194,13.867,,,,,,,,,,,,,,,,,,,,,,
"255","LIKELY RS","2023081820",0,8.1,82,4.4,24,11.4,86.933,3.449,11.879,,,,,,,,,,,,,,,,,,,,,,
"255","LIKELY RS","2023081821",0,6.3,90,3.3,38,10.2,86.157,2.924,10.38,,,,,,,,,,,,,,,,,,,,,,
"255","LIKELY RS","2023081822",0,5,96,4.1,16,5.6,85.144,2.643,9.538,,,,,,,,,,,,,,,,,,,,,,
"255","LIKELY RS","2023081823",0,5.2,95,5.2,19,13.1,84.261,2.477,9.025,,,,,,,,,,,,,,,,,,,,,,
"262","BIG VALLEY","2023081800",0,11.5,42,9.9,4,21.8,87.589,4.996,14.851,,,,,,,,,0,0,,0,0,0,0,0,,0,0,,0,
"262","BIG VALLEY","2023081801",0,10.8,40,9.9,13,22.9,87.64,5.033,14.936,,,,,,,,,0,0,,0,0,0,0,0,,0,0,,0,
"262","BIG VALLEY","2023081802",0,9.5,43,8.9,23,20,87.689,4.819,14.445,,,,,,,,,0,0,,0,0,0,0,0,,0,0,,0,
"262","BIG VALLEY","2023081803",0,7.3,60,5.4,8,18.3,87.522,3.945,12.347,,,,,,,,,0,0,,0,0,0,0,0,,0,0,,0,
"262","BIG VALLEY","2023081804",0,4.8,68,7.1,16,10.2,87.215,4.114,12.764,,,,,,,,,0,0,,0,0,0,0,0,,0,0,,0,
"262","BIG VALLEY","2023081805",0,5.5,72,5.5,331,13.7,86.877,3.617,11.514,,,,,,,,,0,0,,0,0,0,0,0,,0,0,,0,
"262","BIG VALLEY","2023081806",0,3.5,89,2.2,343,8.5,86.215,2.789,9.279,,,,,,,,,0,0,,0,0,0,0,0,,0,0,,0,
"262","BIG VALLEY","2023081807",0,6.7,68,8.5,201,15.4,86.026,3.73,11.804,,,,,,,,,0,0,,0,0,0,0,0,,0,0,,0,
"262","BIG VALLEY","2023081808",0,7.3,72,10.5,228,18.9,85.771,3.98,12.435,,,,,,,,,0,0,,0,0,0,0,0,,0,0,,0,
"262","BIG VALLEY","2023081809",0,9.4,65,15.7,228,25.8,85.69,5.115,15.12,,,,,,,,,0,0,,0,0,0,0,0,,0,0,,0,
"262","BIG VALLEY","2023081810",0,7.3,76,12.7,229,25.8,85.367,4.204,12.986,,,,,,,,,0,0,,0,0,0,0,0,,0,0,,0,
"262","BIG VALLEY","2023081811",0.2,6.6,86,9.3,236,21.2,80.531,1.923,6.669,,,,,,,,,0,0,,0,0,0,0,0,,0,0,,0,
"262","BIG VALLEY","2023081812",0,7.5,80,13.8,236,26.4,80.577,2.424,8.221,0.2,83.643,3.519,11.324,37.893,421.487,61.878,3,0,0,,0,0,0,0,0,,0,0,,0,
"262","BIG VALLEY","2023081813",0,6.4,79,9,287,27.5,80.623,1.913,6.681,,,,,,,,,0,0,,0,0,0,0,0,,0,0,,0,
"262","BIG VALLEY","2023081814",0,6.5,83,5.9,258,22.3,80.649,1.641,5.775,,,,,,,,,0,0,,0,0,0,0,0,,0,0,,0,
"262","BIG VALLEY","2023081815",0,6.6,85,7.6,26,24.1,80.615,1.781,6.248,,,,,,,,,0,0,,0,0,0,0,0,,0,0,,0,
"262","BIG VALLEY","2023081816",0,6.3,81,4.3,323,16.6,80.661,1.516,5.343,,,,,,,,,0,0,,0,0,0,0,0,,0,0,,0,
"262","BIG VALLEY","2023081817",0,8.3,76,6.7,231,14.3,80.718,1.722,6.049,,,,,,,,,0,0,,0,0,0,0,0,,0,0,,0,
"262","BIG VALLEY","2023081818",0,9.2,69,4.5,4,10.8,80.864,1.566,5.518,,,,,,,,,0,0,,0,0,0,0,0,,0,0,,0,
"262","BIG VALLEY","2023081819",0,5.1,90,6.2,0,9.1,80.629,1.662,5.848,,,,,,,,,0,0,,0,0,0,0,0,,0,0,,0,
"262","BIG VALLEY","2023081820",0,4.5,92,10.3,8,17.2,80.303,1.973,6.874,,,,,,,,,0,0,,0,0,0,0,0,,0,0,,0,
"262","BIG VALLEY","2023081821",0,1.9,95,3.6,7,12.5,79.923,1.353,4.759,,,,,,,,,0,0,,0,0,0,0,0,,0,0,,0,
"262","BIG VALLEY","2023081822",0,2,99,3.8,323,6.2,79.344,1.289,4.526,,,,,,,,,0,0,,0,0,0,0,0,,0,0,,0,
"262","BIG VALLEY","2023081823",0,0.9,99,3.2,355,6.8,78.835,1.191,4.161,,,,,,,,,0,0,,0,0,0,0,0,,0,0,,0,
"263","MATHEW","2023081800",0,14.6,51,8.3,32,19.5,89.076,5.705,12.031,,,,,,,,,0,0,,0,0,0,0,0,,0,0,,0,
"263","MATHEW","2023081801",0,13.9,48,6.9,43,18.3,89.04,5.289,11.318,,,,,,,,,0,0,,0,0,0,0,0,,0,0,,0,
"263","MATHEW","2023081802",0,13.7,43,6.5,24,20.6,89.089,5.22,11.198,,,,,,,,,0,0,,0,0,0,0,0,,0,0,,0,
"263","MATHEW","2023081803",0,12.8,47,6.9,43,20,89.054,5.3,11.337,,,,,,,,,0,0,,0,0,0,0,0,,0,0,,0,
"263","MATHEW","2023081804",0,11.6,49,3,47,15.4,88.991,4.315,9.561,,,,,,,,,0,0,,0,0,0,0,0,,0,0,,0,
"263","MATHEW","2023081805",0,10.4,57,7.4,58,14.3,88.763,5.213,11.185,,,,,,,,,0,0,,0,0,0,0,0,,0,0,,0,
"263","MATHEW","2023081806",0,10.7,55,6.8,48,20.6,88.599,4.94,10.703,,,,,,,,,0,0,,0,0,0,0,0,,0,0,,0,
"263","MATHEW","2023081807",0,10.6,60,7.7,15,19.5,88.353,4.99,10.792,,,,,,,,,0,0,,0,0,0,0,0,,0,0,,0,
"263","MATHEW","2023081808",0,11.3,54,7.8,322,26.9,88.247,4.939,10.702,,,,,,,,,0,0,,0,0,0,0,0,,0,0,,0,
"263","MATHEW","2023081809",0,10.3,59,10.6,332,25.2,88.039,5.52,11.717,,,,,,,,,0,0,,0,0,0,0,0,,0,0,,0,
"263","MATHEW","2023081810",0,14.3,51,9.7,315,22.3,88.058,5.29,11.32,,,,,,,,,0,0,,0,0,0,0,0,,0,0,,0,
"263","MATHEW","2023081811",0,15,50,7.7,9,28.1,88.106,4.816,10.481,,,,,,,,,0,0,,0,0,0,0,0,,0,0,,0,
"263","MATHEW","2023081812",0.8,8.7,86,6.2,273,35,70.373,0.865,1.498,0.8,81.014,1.735,4.06,20.99,273.89,35.231,2,0,0,,0,0,0,0,0,,0,0,,0,
"263","MATHEW","2023081813",0,11.3,79,6.7,312,20,70.961,0.905,1.672,,,,,,,,,0,0,,0,0,0,0,0,,0,0,,0,
"263","MATHEW","2023081814",0.8,9.7,86,11.2,334,30.4,58.053,0.631,0.83,,,,,,,,,0,0,,0,0,0,0,0,,0,0,,0,
"263","MATHEW","2023081815",0.2,9,86,8.4,320,27.5,56.004,0.466,0.613,,,,,,,,,0,0,,0,0,0,0,0,,0,0,,0,
"263","MATHEW","2023081816",0,10.4,80,9.2,333,19.5,57.225,0.535,0.705,,,,,,,,,0,0,,0,0,0,0,0,,0,0,,0,
"263","MATHEW","2023081817",0,10,76,8.4,308,20.6,58.519,0.566,0.746,,,,,,,,,0,0,,0,0,0,0,0,,0,0,,0,
"263","MATHEW","2023081818",0,9,79,8.6,351,20,59.601,0.616,0.811,,,,,,,,,0,0,,0,0,0,0,0,,0,0,,0,
"263","MATHEW","2023081819",0,8.3,82,6.9,349,17.7,60.443,0.596,0.784,,,,,,,,,0,0,,0,0,0,0,0,,0,0,,0,
"263","MATHEW","2023081820",0,7.8,88,5.7,56,16.6,60.974,0.578,0.762,,,,,,,,,0,0,,0,0,0,0,0,,0,0,,0,
"263","MATHEW","2023081821",0,6.4,93,2.5,220,12,61.218,0.499,0.658,,,,,,,,,0,0,,0,0,0,0,0,,0,0,,0,
"263","MATHEW","2023081822",0,5.4,98,2.3,231,3.9,61.304,0.497,0.654,,,,,,,,,0,0,,0,0,0,0,0,,0,0,,0,
"263","MATHEW","2023081823",0,4.7,99,2.1,129,5.6,61.365,0.493,0.65,,,,,,,,,0,0,,0,0,0,0,0,,0,0,,0,
"264","PRAIRIE CREEK","2023081800",0,15.6,41,4.9,208,17.2,90.425,5.832,16.119,,,,,,,,,0,193.3,,0,0,0,0,0,,0,0,,0,
"264","PRAIRIE CREEK","2023081801",0,15.2,44,4.8,324,14.3,90.353,5.743,15.933,,,,,,,,,0,193.3,,0,0,0,0,0,,0,0,,0,
"264","PRAIRIE CREEK","2023081802",0,15.1,40,8.7,270,20.6,90.349,6.986,18.44,,,,,,,,,0,193.3,,0,0,0,0,0,,0,0,,0,
"264","PRAIRIE CREEK","2023081803",0,14,44,5.7,286,18.3,90.267,5.936,16.335,,,,,,,,,0,193.3,,0,0,0,0,0,,0,0,,0,
"264","PRAIRIE CREEK","2023081804",0,12.9,49,5.2,267,19.5,90.095,5.648,15.733,,,,,,,,,0,193.3,,0,0,0,0,0,,0,0,,0,
"264","PRAIRIE CREEK","2023081805",0,11.9,49,8.6,283,23.5,89.911,6.529,17.54,,,,,,,,,0,193.3,,0,0,0,0,0,,0,0,,0,
"264","PRAIRIE CREEK","2023081806",0,11.3,51,8,241,17.7,89.707,6.152,16.778,,,,,,,,,0,193.3,,0,0,0,0,0,,0,0,,0,
"264","PRAIRIE CREEK","2023081807",0,11.5,52,10.6,268,29.8,89.491,6.799,18.075,,,,,,,,,0,193.3,,0,0,0,0,0,,0,0,,0,
"264","PRAIRIE CREEK","2023081808",0,13.3,48,12.5,274,27.5,89.389,7.374,19.184,,,,,,,,,0,193.3,,0,0,0,0,0,,0,0,,0,
"264","PRAIRIE CREEK","2023081809",0,12.7,51,9.9,254,26.4,89.24,6.332,17.144,,,,,,,,,0,193.3,,0,0,0,0,0,,0,0,,0,
"264","PRAIRIE CREEK","2023081810",0,14.7,48,15.5,263,30.4,89.181,8.325,20.946,,,,,,,,,0,193.3,,0,0,0,0,0,,0,0,,0,
"264","PRAIRIE CREEK","2023081811",0,12.3,54,11.1,272,34.4,88.986,6.485,17.453,,,,,,,,,0,193.3,,0,0,0,0,0,,0,0,,0,
"264","PRAIRIE CREEK","2023081812",0,15.1,49,10.7,270,26.9,88.95,6.323,17.127,0,89.064,6.427,17.719,37.287,377.771,59.814,4,0,193.3,,0,0,0,0,0,,0,0,,0,
"264","PRAIRIE CREEK","2023081813",0,16.6,43,12.8,306,30.4,88.999,7.078,19.024,,,,,,,,,0,193.3,,0,0,0,0,0,,0,0,,0,
"264","PRAIRIE CREEK","2023081814",0,16.4,41,14.1,312,37.3,89.048,7.611,20.055,,,,,,,,,0,193.3,,0,0,0,0,0,,0,0,,0,
"264","PRAIRIE CREEK","2023081815",0,16.3,43,12,301,33.9,89.097,6.895,18.661,,,,,,,,,0,193.3,,0,0,0,0,0,,0,0,,0,
"264","PRAIRIE CREEK","2023081816",0,15.1,42,9.7,324,28.1,89.146,6.184,17.218,,,,,,,,,0,193.3,,0,0,0,0,0,,0,0,,0,
"264","PRAIRIE CREEK","2023081817",0,14.5,43,11.5,328,28.1,89.195,6.819,18.51,,,,,,,,,0,193.3,,0,0,0,0,0,,0,0,,0,
"264","PRAIRIE CREEK","2023081818",0,13,49,10.6,337,21.8,89.107,6.434,17.734,,,,,,,,,0,193.3,,0,0,0,0,0,,0,0,,0,
"264","PRAIRIE CREEK","2023081819",0,11.5,55,8.8,334,25.2,88.905,5.708,16.216,,,,,,,,,0,193.3,,0,0,0,0,0,,0,0,,0,
"264","PRAIRIE CREEK","2023081820",0,8.7,70,2.1,59,16,88.503,3.845,11.925,,,,,,,,,0,193.3,,0,0,0,0,0,,0,0,,0,
"264","PRAIRIE CREEK","2023081821",0,7.5,76,2.5,39,7.4,88.01,3.655,11.448,,,,,,,,,0,193.3,,0,0,0,0,0,,0,0,,0,
"264","PRAIRIE CREEK","2023081822",0,6,84,3.2,135,6.2,87.353,3.447,10.913,,,,,,,,,0,193.3,,0,0,0,0,0,,0,0,,0,
"264","PRAIRIE CREEK","2023081823",0,5.9,84,2.7,41,5.1,86.769,3.093,9.977,,,,,,,,,0,193.3,,0,0,0,0,0,,0,0,,0,
"266","WELLS GRAY","2023081800",0,19.1,49,2.3,44,20.6,90.233,4.977,16.425,,,,,,,,,,,,,,,,,,,,,,
"266","WELLS GRAY","2023081801",0,18.9,45,2.8,216,9.7,90.217,5.093,16.71,,,,,,,,,,,,,,,,,,,,,,
"266","WELLS GRAY","2023081802",0,18,46,3.1,72,10.2,90.171,5.136,16.817,,,,,,,,,,,,,,,,,,,,,,
"266","WELLS GRAY","2023081803",0,17,64,5.2,168,16.6,89.715,5.349,17.334,,,,,,,,,,,,,,,,,,,,,,
"266","WELLS GRAY","2023081804",0,16.9,56,6.2,157,12,89.49,5.446,17.568,,,,,,,,,,,,,,,,,,,,,,
"266","WELLS GRAY","2023081805",0,16.2,56,3.9,295,19.5,89.301,4.721,15.782,,,,,,,,,,,,,,,,,,,,,,
"266","WELLS GRAY","2023081806",0,15.6,54,4.9,194,12.5,89.159,4.864,16.143,,,,,,,,,,,,,,,,,,,,,,
"266","WELLS GRAY","2023081807",0,15.2,52,9.4,180,18.3,89.047,6.005,18.881,,,,,,,,,,,,,,,,,,,,,,
"266","WELLS GRAY","2023081808",0,14.8,51,7.2,175,18.9,88.969,5.315,17.253,,,,,,,,,,,,,,,,,,,,,,
"266","WELLS GRAY","2023081809",0,16.3,48,4.1,165,12.5,88.983,4.555,15.36,,,,,,,,,,,,,,,,,,,,,,
"266","WELLS GRAY","2023081810",0,18,40,8.4,147,20.6,89.032,5.698,18.165,,,,,,,,,,,,,,,,,,,,,,
"266","WELLS GRAY","2023081811",0,18.4,34,6.7,62,16.6,89.208,5.364,17.371,,,,,,,,,,,,,,,,,,,,,,
"266","WELLS GRAY","2023081812",0,17.2,39,5.5,115,28.1,89.257,5.085,16.691,0,90.944,6.473,20.389,48.406,470.126,76.993,4,,,,,,,,,,,,,,
"266","WELLS GRAY","2023081813",0,20.3,31,8.9,164,20,89.552,6.296,19.984,,,,,,,,,,,,,,,,,,,,,,
"266","WELLS GRAY","2023081814",0,21.6,29,8.8,157,25.2,89.912,6.596,20.668,,,,,,,,,,,,,,,,,,,,,,
"266","WELLS GRAY","2023081815",0,14.6,43,8.9,358,27.5,89.889,6.607,20.692,,,,,,,,,,,,,,,,,,,,,,
"266","WELLS GRAY","2023081816",0,15,52,5.8,13,16,89.712,5.511,18.128,,,,,,,,,,,,,,,,,,,,,,
"266","WELLS GRAY","2023081817",0,16.9,41,4.8,182,10.8,89.761,5.277,17.556,,,,,,,,,,,,,,,,,,,,,,
"266","WELLS GRAY","2023081818",0,15.1,48,4,287,10.8,89.683,5.012,16.895,,,,,,,,,,,,,,,,,,,,,,
"266","WELLS GRAY","2023081819",0,12.7,53,3.4,45,10.2,89.507,4.741,16.206,,,,,,,,,,,,,,,,,,,,,,
"266","WELLS GRAY","2023081820",0,11.5,60,5.6,25,10.8,89.191,5.062,17.022,,,,,,,,,,,,,,,,,,,,,,
"266","WELLS GRAY","2023081821",0,10.6,69,4.3,324,9.1,88.739,4.444,15.428,,,,,,,,,,,,,,,,,,,,,,
"266","WELLS GRAY","2023081822",0,9.5,73,5.3,25,9.1,88.232,4.345,15.166,,,,,,,,,,,,,,,,,,,,,,
"266","WELLS GRAY","2023081823",0,9.6,77,6.8,12,16,87.657,4.316,15.089,,,,,,,,,,,,,,,,,,,,,,
"267","BERRY","2023081800",0,16.2,61,7.1,259,17.2,88.287,4.795,9.082,,,,,,,,,,,,,,,,,,,,,,
"267","BERRY","2023081801",0,14.9,63,3.3,216,12,88.081,3.844,7.48,,,,,,,,,,,,,,,,,,,,,,
"267","BERRY","2023081802",0,14.4,51,7.3,265,14.9,88.099,4.715,8.951,,,,,,,,,,,,,,,,,,,,,,
"267","BERRY","2023081803",0,13,58,8.6,211,14.9,87.961,4.936,9.308,,,,,,,,,,,,,,,,,,,,,,
"267","BERRY","2023081804",0,13.9,57,4.1,18,13.1,87.885,3.892,7.564,,,,,,,,,,,,,,,,,,,,,,
"267","BERRY","2023081805",0,11.8,75,3.5,142,13.7,87.443,3.544,6.948,,,,,,,,,,,,,,,,,,,,,,
"267","BERRY","2023081806",0,11.8,61,4.4,67,18.9,87.323,3.646,7.13,,,,,,,,,,,,,,,,,,,,,,
"267","BERRY","2023081807",0,11.3,57,9.1,249,17.7,87.264,4.581,8.732,,,,,,,,,,,,,,,,,,,,,,
"267","BERRY","2023081808",0,12.1,54,12.2,267,22.3,87.273,5.363,9.984,,,,,,,,,,,,,,,,,,,,,,
"267","BERRY","2023081809",0,14.1,49,15.4,254,29.2,87.321,6.345,11.467,,,,,,,,,,,,,,,,,,,,,,
"267","BERRY","2023081810",0,9,59,12.2,248,36.7,87.191,5.301,9.887,,,,,,,,,,,,,,,,,,,,,,
"267","BERRY","2023081811",0,12.3,51,13.5,274,26.9,87.239,5.699,10.501,,,,,,,,,,,,,,,,,,,,,,
"267","BERRY","2023081812",0,14.8,44,21,271,37.9,87.329,8.423,14.346,0,89.506,11.507,18.84,22.192,107.614,29.286,3,,,,,,,,,,,,,,
"267","BERRY","2023081813",0,10.5,59,20.6,249,43.1,87.195,8.099,14.47,,,,,,,,,,,,,,,,,,,,,,
"267","BERRY","2023081814",0,13.9,40,26.5,256,45.4,87.374,11.185,18.451,,,,,,,,,,,,,,,,,,,,,,
"267","BERRY","2023081815",0,14.3,42,20.7,254,48.2,87.483,8.48,14.991,,,,,,,,,,,,,,,,,,,,,,
"267","BERRY","2023081816",0,11.8,49,15.9,286,39.6,87.532,6.705,12.481,,,,,,,,,,,,,,,,,,,,,,
"267","BERRY","2023081817",0,11.2,52,7.4,278,22.3,87.539,4.374,8.762,,,,,,,,,,,,,,,,,,,,,,
"267","BERRY","2023081818",0,10,58,6.6,280,20.6,87.434,4.138,8.351,,,,,,,,,,,,,,,,,,,,,,
"267","BERRY","2023081819",0,8.7,60,6.8,215,17.2,87.292,4.097,8.277,,,,,,,,,,,,,,,,,,,,,,
"267","BERRY","2023081820",0,5.3,75,9,158,11.4,86.853,4.299,8.633,,,,,,,,,,,,,,,,,,,,,,
"267","BERRY","2023081821",0,4.4,75,6.7,165,13.1,86.477,3.63,7.434,,,,,,,,,,,,,,,,,,,,,,
"267","BERRY","2023081822",0,5,72,5.7,158,13.1,86.202,3.32,6.853,,,,,,,,,,,,,,,,,,,,,,
"267","BERRY","2023081823",0,4.1,77,6.7,141,16.6,85.843,3.32,6.853,,,,,,,,,,,,,,,,,,,,,,
"270","GOSNEL","2023081800",0,13,71,5.6,75,17.2,87.049,3.725,9.311,,,,,,,,,,,,,,,,,,,,,,
"270","GOSNEL","2023081801",0,12.6,73,1.7,124,7.9,86.77,2.941,7.576,,,,,,,,,,,,,,,,,,,,,,
"270","GOSNEL","2023081802",0,11.5,69,9.4,129,12.5,86.534,4.193,10.285,,,,,,,,,,,,,,,,,,,,,,
"270","GOSNEL","2023081803",0,10.7,70,5.6,142,16,86.318,3.358,8.517,,,,,,,,,,,,,,,,,,,,,,
"270","GOSNEL","2023081804",0,9.8,72,8.8,70,24.1,86.056,3.803,9.476,,,,,,,,,,,,,,,,,,,,,,
"270","GOSNEL","2023081805",0,9.4,69,9.3,138,12,85.88,3.805,9.48,,,,,,,,,,,,,,,,,,,,,,
"270","GOSNEL","2023081806",0,8.8,73,6.8,124,14.3,85.648,3.247,8.27,,,,,,,,,,,,,,,,,,,,,,
"270","GOSNEL","2023081807",0,8.9,73,4.9,132,12.5,85.452,2.871,7.413,,,,,,,,,,,,,,,,,,,,,,
"270","GOSNEL","2023081808",0,8.8,68,7.1,64,17.7,85.359,3.167,8.09,,,,,,,,,,,,,,,,,,,,,,
"270","GOSNEL","2023081809",0,9.8,62,6.1,132,12.5,85.391,3.025,7.767,,,,,,,,,,,,,,,,,,,,,,
"270","GOSNEL","2023081810",0,6.1,75,8.1,20,24.6,85.143,3.232,8.237,,,,,,,,,,,,,,,,,,,,,,
"270","GOSNEL","2023081811",0,5.9,69,12.7,60,27.5,85.017,4.006,9.9,,,,,,,,,,,,,,,,,,,,,,
"270","GOSNEL","2023081812",0,6.3,67,14.6,50,20,84.941,4.362,10.628,0,85.646,4.81,11.633,26.142,261.848,41.841,3,,,,,,,,,,,,,,
"270","GOSNEL","2023081813",0,4.9,75,12.9,52,26.9,84.707,3.878,9.741,,,,,,,,,,,,,,,,,,,,,,
"270","GOSNEL","2023081814",0.2,5.2,76,11.1,72,28.7,80.053,2,5.332,,,,,,,,,,,,,,,,,,,,,,
"270","GOSNEL","2023081815",0,6.7,66,14.1,45,22.3,80.284,2.385,6.321,,,,,,,,,,,,,,,,,,,,,,
"270","GOSNEL","2023081816",0.8,5.4,90,3.5,121,16.6,64.495,0.616,0.914,,,,,,,,,,,,,,,,,,,,,,
"270","GOSNEL","2023081817",0,7.5,76,6.2,116,13.1,65.304,0.73,1.359,,,,,,,,,,,,,,,,,,,,,,
"270","GOSNEL","2023081818",0,4.3,81,10.9,50,16.6,65.942,0.947,2.201,,,,,,,,,,,,,,,,,,,,,,
"270","GOSNEL","2023081819",0.8,2.1,96,8.6,338,26.9,53.538,0.374,0.556,,,,,,,,,,,,,,,,,,,,,,
"270","GOSNEL","2023081820",0.2,1.9,98,13.9,42,26.4,51.057,0.375,0.556,,,,,,,,,,,,,,,,,,,,,,
"270","GOSNEL","2023081821",0,2.4,97,6.1,339,14.9,51.243,0.258,0.383,,,,,,,,,,,,,,,,,,,,,,
"270","GOSNEL","2023081822",0,2.4,93,13.4,32,19.5,51.725,0.394,0.585,,,,,,,,,,,,,,,,,,,,,,
"270","GOSNEL","2023081823",0,2,94,9.9,340,16.6,52.097,0.344,0.51,,,,,,,,,,,,,,,,,,,,,,
"279","THYNNE","2023081800",0,16.1,44,20.9,220,41.9,90.082,12.436,37.467,,,,,,,,,,,,,,,,,,,,,,
"279","THYNNE","2023081801",0,15.6,48,16.3,217,36.7,89.932,9.652,31.685,,,,,,,,,,,,,,,,,,,,,,
"279","THYNNE","2023081802",0,14.8,42,16.3,229,36.2,89.92,9.637,31.65,,,,,,,,,,,,,,,,,,,,,,
"279","THYNNE","2023081803",0,13.7,54,17,229,32.7,89.625,9.569,31.5,,,,,,,,,,,,,,,,,,,,,,
"279","THYNNE","2023081804",0,12.5,50,19.1,229,41.9,89.437,10.354,33.205,,,,,,,,,,,,,,,,,,,,,,
"279","THYNNE","2023081805",0,11,56,17.1,226,33.9,89.133,8.962,30.141,,,,,,,,,,,,,,,,,,,,,,
"279","THYNNE","2023081806",0,13.1,44,26,227,44.2,89.136,14.04,40.538,,,,,,,,,,,,,,,,,,,,,,
"279","THYNNE","2023081807",0,15.7,35,23.8,237,49.4,89.22,12.718,38.02,,,,,,,,,,,,,,,,,,,,,,
"279","THYNNE","2023081808",0,17.5,30,24.1,224,43.6,89.506,13.453,39.433,,,,,,,,,,,,,,,,,,,,,,
"279","THYNNE","2023081809",0,19,25,21,230,39,89.976,12.309,37.217,,,,,,,,,,,,,,,,,,,,,,
"279","THYNNE","2023081810",0,18.5,25,18.7,227,33.3,90.341,11.55,35.696,,,,,,,,,,,,,,,,,,,,,,
"279","THYNNE","2023081811",0,17.4,27,17.7,229,35.6,90.538,11.297,35.177,,,,,,,,,,,,,,,,,,,,,,
"279","THYNNE","2023081812",0,18.5,28,9.7,278,37.9,90.691,7.716,27.219,0,93.276,11.118,35.317,73.566,550.432,110.284,4,,,,,,,,,,,,,,
"279","THYNNE","2023081813",0,16.9,32,12.1,236,28.7,90.741,8.769,30.145,,,,,,,,,,,,,,,,,,,,,,
"279","THYNNE","2023081814",0,17.4,31,7.5,216,21.2,90.791,7.005,25.851,,,,,,,,,,,,,,,,,,,,,,
"279","THYNNE","2023081815",0,16.3,34,10,332,20,90.841,8.002,28.328,,,,,,,,,,,,,,,,,,,,,,
"279","THYNNE","2023081816",0,16.1,34,5.4,241,20.6,90.891,6.392,24.254,,,,,,,,,,,,,,,,,,,,,,
"279","THYNNE","2023081817",0,15.2,37,3.9,207,13.1,90.898,5.933,23.016,,,,,,,,,,,,,,,,,,,,,,
"279","THYNNE","2023081818",0,13.5,39,7.6,247,18.9,90.842,7.092,26.073,,,,,,,,,,,,,,,,,,,,,,
"279","THYNNE","2023081819",0,10.2,49,3.3,278,11.4,90.623,5.535,21.907,,,,,,,,,,,,,,,,,,,,,,
"279","THYNNE","2023081820",0,6.2,63,4.5,288,9.1,90.165,5.507,21.829,,,,,,,,,,,,,,,,,,,,,,
"279","THYNNE","2023081821",0,5.6,67,4.1,292,5.6,89.683,5.037,20.476,,,,,,,,,,,,,,,,,,,,,,
"279","THYNNE","2023081822",0,4.3,74,4,298,11.4,89.119,4.622,19.237,,,,,,,,,,,,,,,,,,,,,,
"279","THYNNE","2023081823",0,4.7,74,0,287,6.2,88.747,3.582,15.917,,,,,,,,,,,,,,,,,,,,,,
"280","LILLOOET","2023081800",0,28.5,31,10,289,23.5,95.711,15.789,50.754,,,,,,,,,,0.6,,,,0,1,726.43,,,,,,
"280","LILLOOET","2023081801",0,27.8,33,12.5,112,29.8,95.391,17.145,53.427,,,,,,,,,,0.5,,,,0,1,726.42,,,,,,
"280","LILLOOET","2023081802",0,26.3,21,17.1,51,37.3,95.442,21.768,61.869,,,,,,,,,,-16,,,,0,1,726.43,,,,,,
"280","LILLOOET","2023081803",0,24.8,18,21.6,53,36.2,95.493,27.5,71.231,,,,,,,,,,-18.8,,,,0,1,726.43,,,,,,
"280","LILLOOET","2023081804",0,23.9,14,24.9,40,45.9,95.544,32.701,78.946,,,,,,,,,,-52,,,,0,1,726.39,,,,,,
"280","LILLOOET","2023081805",0,22.5,17,15.6,33,51.7,95.595,20.609,59.837,,,,,,,,,,-29.1,,,,0,1,726.42,,,,,,
"280","LILLOOET","2023081806",0,21.3,17,10,18,31.6,95.641,15.64,50.452,,,,,,,,,,-22.7,,,,0,1,726.42,,,,,,
"280","LILLOOET","2023081807",0,21.1,15,16.1,347,29.2,95.692,21.415,61.256,,,,,,,,,,-58.8,,,,0,1,726.35,,,,,,
"280","LILLOOET","2023081808",0,20.3,23,12.6,20,28.7,95.578,17.677,54.447,,,,,,,,,,-32.6,,,,0,1,726.37,,,,,,
"280","LILLOOET","2023081809",0,21.8,19,20.7,355,31,95.583,26.605,69.836,,,,,,,,,,-55.6,,,,0,1,726.27,,,,,,
"280","LILLOOET","2023081810",0,22.5,17,20,349,35.6,95.634,25.861,68.658,,,,,,,,,,-108.5,,,,0,1,726.27,,,,,,
"280","LILLOOET","2023081811",0,23.2,19,14.8,11,28.1,95.659,19.968,58.691,,,,,,,,,,-165.1,,,,0,1,726.22,,,,,,
"280","LILLOOET","2023081812",0,23.6,20,12.9,40,33.9,95.666,18.16,55.363,0,95.313,17.308,54.018,119.031,848.524,176.251,5,,-132.1,,,,0,1,726.25,,,,,,
"280","LILLOOET","2023081813",0,24.5,18,10.5,8,27.5,95.717,16.205,51.852,,,,,,,,,,-118.8,,,,0,1,726.2,,,,,,
"280","LILLOOET","2023081814",0,24.3,19,12.2,96,37.9,95.752,17.739,54.846,,,,,,,,,,-59,,,,0,1,726.26,,,,,,
"280","LILLOOET","2023081815",0,23.8,19,9.8,354,24.1,95.778,15.772,50.984,,,,,,,,,,-118.8,,,,0,1,726.25,,,,,,
"280","LILLOOET","2023081816",0,22.8,20,5.6,29,14.9,95.774,12.758,44.601,,,,,,,,,,-128.2,,,,0,1,726.32,,,,,,
"280","LILLOOET","2023081817",0,23.1,19,6.2,16,13.7,95.792,13.182,45.537,,,,,,,,,,-175,,,,0,1,726.27,,,,,,
"280","LILLOOET","2023081818",0,22.6,21,7.4,232,14.3,95.76,13.941,47.181,,,,,,,,,,-135.2,,,,0,1,726.27,,,,,,
"280","LILLOOET","2023081819",0,22.5,21,3.5,297,23.5,95.742,11.427,41.566,,,,,,,,,,-125.5,,,,0,1,726.26,,,,,,
"280","LILLOOET","2023081820",0,20.1,24,6.7,27,12.5,95.625,13.214,45.609,,,,,,,,,,-128.7,,,,0,1,726.32,,,,,,
"280","LILLOOET","2023081821",0,21.2,23,11.8,28,23.5,95.531,16.869,53.165,,,,,,,,,,-118.5,,,,0,1,726.21,,,,,,
"280","LILLOOET","2023081822",0,20.5,25,11.4,23,25.8,95.389,16.217,51.876,,,,,,,,,,-62.2,,,,0,1,726.24,,,,,,
"280","LILLOOET","2023081823",0,19.8,31,15.9,46,32.1,95.066,19.464,58.074,,,,,,,,,,-22.5,,,,0,1,726.23,,,,,,
"283","BRENDA MINES","2023081800",0,17,54,10.7,294,26.4,91.345,8.907,35.857,,,,,,,,,,,,,,,,,,,,,,
"283","BRENDA MINES","2023081801",0,17.1,43,14.5,285,32.7,91.181,10.538,40.011,,,,,,,,,,,,,,,,,,,,,,
"283","BRENDA MINES","2023081802",0,16.6,38,11.2,326,33.9,91.149,8.884,35.793,,,,,,,,,,,,,,,,,,,,,,
"283","BRENDA MINES","2023081803",0,16.1,38,13.8,303,33.9,91.109,10.069,38.847,,,,,,,,,,,,,,,,,,,,,,
"283","BRENDA MINES","2023081804",0,15.1,41,12.7,318,28.1,90.997,9.376,37.082,,,,,,,,,,,,,,,,,,,,,,
"283","BRENDA MINES","2023081805",0,13.5,49,16.3,296,40.8,90.688,10.755,40.54,,,,,,,,,,,,,,,,,,,,,,
"283","BRENDA MINES","2023081806",0,12.2,53,15.5,293,38.5,90.319,9.8,38.169,,,,,,,,,,,,,,,,,,,,,,
"283","BRENDA MINES","2023081807",0,13.1,45,10.5,243,25.8,90.193,7.481,31.936,,,,,,,,,,,,,,,,,,,,,,
"283","BRENDA MINES","2023081808",0,14.2,32,14.8,254,32.1,90.242,9.357,37.034,,,,,,,,,,,,,,,,,,,,,,
"283","BRENDA MINES","2023081809",0,15.9,18,19.7,255,43.1,90.743,12.866,45.468,,,,,,,,,,,,,,,,,,,,,,
"283","BRENDA MINES","2023081810",0,15.9,21,17.3,325,35.6,91.044,11.9,43.264,,,,,,,,,,,,,,,,,,,,,,
"283","BRENDA MINES","2023081811",0,15.5,34,16.5,318,33.3,91.087,11.501,42.329,,,,,,,,,,,,,,,,,,,,,,
"283","BRENDA MINES","2023081812",0,15,33,22.5,10,31.6,91.137,15.671,51.477,0,92.235,18.311,56.788,147.017,721.268,194.779,5,,,,,,,,,,,,,,
"283","BRENDA MINES","2023081813",0,13.7,37,18.2,14,32.7,91.076,12.51,44.743,,,,,,,,,,,,,,,,,,,,,,
"283","BRENDA MINES","2023081814",0,14.8,34,17.2,18,30.4,91.103,11.941,43.435,,,,,,,,,,,,,,,,,,,,,,
"283","BRENDA MINES","2023081815",0,15.4,28,16.4,8,29.8,91.153,11.55,42.519,,,,,,,,,,,,,,,,,,,,,,
"283","BRENDA MINES","2023081816",0,16.1,26,10,352,26.9,91.223,8.45,34.694,,,,,,,,,,,,,,,,,,,,,,
"283","BRENDA MINES","2023081817",0,15.3,28,16,355,30.4,91.273,11.515,42.436,,,,,,,,,,,,,,,,,,,,,,
"283","BRENDA MINES","2023081818",0,14.2,30,11.6,10,23.5,91.323,9.291,36.928,,,,,,,,,,,,,,,,,,,,,,
"283","BRENDA MINES","2023081819",0,12.4,35,11.2,19,18.3,91.279,9.049,36.294,,,,,,,,,,,,,,,,,,,,,,
"283","BRENDA MINES","2023081820",0,11.6,37,9.8,3,14.9,91.197,8.335,34.382,,,,,,,,,,,,,,,,,,,,,,
"283","BRENDA MINES","2023081821",0,11.2,38,12.7,6,17.2,91.092,9.502,37.476,,,,,,,,,,,,,,,,,,,,,,
"283","BRENDA MINES","2023081822",0,10.6,41,14.1,4,18.9,90.929,9.963,38.65,,,,,,,,,,,,,,,,,,,,,,
"283","BRENDA MINES","2023081823",0,10,43,18.9,7,23.5,90.72,12.317,44.302,,,,,,,,,,,,,,,,,,,,,,
"286","TURTLE","2023081800",0,24.5,36,6.7,266,17.2,94.393,11.162,40.905,,,,,,,,,,0.2,,,,0,1,816.01,,,,,,
"286","TURTLE","2023081801",0,24.1,37,9.2,254,19.5,94.112,12.178,43.26,,,,,,,,,,0.3,,,,0,1,815.98,,,,,,
"286","TURTLE","2023081802",0,23.6,40,7.9,258,25.8,93.787,10.905,40.295,,,,,,,,,,0.2,,,,0,1,815.97,,,,,,
"286","TURTLE","2023081803",0,23.1,40,11,257,24.6,93.475,12.207,43.324,,,,,,,,,,0.3,,,,0,1,815.96,,,,,,
"286","TURTLE","2023081804",0,22.3,38,8.5,255,25.2,93.268,10.455,39.21,,,,,,,,,,0.2,,,,0,1,815.96,,,,,,
"286","TURTLE","2023081805",0,21.3,34,6.2,247,21.8,93.182,9.199,36.068,,,,,,,,,,0.2,,,,0,1,815.94,,,,,,
"286","TURTLE","2023081806",0,19.9,32,5.2,227,18.3,93.133,8.687,34.733,,,,,,,,,,0.1,,,,0,1,815.92,,,,,,
"286","TURTLE","2023081807",0,21.4,27,6.7,209,20,93.183,9.436,36.675,,,,,,,,,,0.4,,,,0,1,815.88,,,,,,
"286","TURTLE","2023081808",0,21.1,28,10,250,24.1,93.226,11.21,41.019,,,,,,,,,,0.2,,,,0,1,815.87,,,,,,
"286","TURTLE","2023081809",0,21.4,27,10.8,214,21.8,93.276,11.753,42.287,,,,,,,,,,0.2,,,,0,1,815.86,,,,,,
"286","TURTLE","2023081810",0,21.1,26,8.7,270,28.1,93.326,10.647,39.677,,,,,,,,,,0.2,,,,0,1,815.85,,,,,,
"286","TURTLE","2023081811",0,20.2,27,5.2,276,24.1,93.363,8.971,35.478,,,,,,,,,,0.3,,,,0,1,815.85,,,,,,
"286","TURTLE","2023081812",0,19.6,29,6.1,198,14.9,93.349,9.37,36.507,0,93.955,10.193,38.712,123.635,810.348,178.996,4,,0.4,,,,0,1,815.86,,,,,,
"286","TURTLE","2023081813",0,21.5,19,9,263,20.6,93.476,11.037,40.758,,,,,,,,,,0.7,,,,0,1,815.84,,,,,,
"286","TURTLE","2023081814",0,22.1,23,9.6,279,30.4,93.527,11.457,41.749,,,,,,,,,,0.3,,,,0,1,815.81,,,,,,
"286","TURTLE","2023081815",0,22.9,21,7.4,259,26.4,93.583,10.336,39.063,,,,,,,,,,0.3,,,,0,1,815.81,,,,,,
"286","TURTLE","2023081816",0,22.7,21,11.3,249,31,93.634,12.669,44.524,,,,,,,,,,0.1,,,,0,1,815.84,,,,,,
"286","TURTLE","2023081817",0,21.4,21,9.1,265,26.4,93.685,11.42,41.664,,,,,,,,,,0,,,,0,1,815.84,,,,,,
"286","TURTLE","2023081818",0,20,25,9.4,269,21.8,93.723,11.655,42.213,,,,,,,,,,-0.1,,,,0,1,815.84,,,,,,
"286","TURTLE","2023081819",0,18.3,32,5,266,18.3,93.607,9.189,36.177,,,,,,,,,,0.1,,,,0,1,815.81,,,,,,
"286","TURTLE","2023081820",0,17.8,31,6.7,276,20,93.508,9.873,37.917,,,,,,,,,,0.2,,,,0,1,815.8,,,,,,
"286","TURTLE","2023081821",0,16.8,34,4,304,18.3,93.366,8.449,34.229,,,,,,,,,,0.1,,,,0,1,815.8,,,,,,
"286","TURTLE","2023081822",0,15.9,35,5.1,302,13.1,93.201,8.727,34.968,,,,,,,,,,0.1,,,,0,1,815.8,,,,,,
"286","TURTLE","2023081823",0,14.2,40,5.8,319,10.8,92.934,8.708,34.918,,,,,,,,,,-0.1,,,,0,1,815.8,,,,,,
"291","GLIMPSE","2023081800",0,16.8,57,7.6,249,30.4,91.613,7.914,32.946,,,,,,,,,,,,,,,,,,,,,,
"291","GLIMPSE","2023081801",0,15.9,58,7.4,239,20.6,91.096,7.28,31.155,,,,,,,,,,,,,,,,,,,,,,
"291","GLIMPSE","2023081802",0,15.5,51,8.8,208,23.5,90.79,7.479,31.722,,,,,,,,,,,,,,,,,,,,,,
"291","GLIMPSE","2023081803",0,15,49,8.8,217,22.9,90.559,7.236,31.027,,,,,,,,,,,,,,,,,,,,,,
"291","GLIMPSE","2023081804",0,14.5,46,9.2,196,21.2,90.408,7.226,30.998,,,,,,,,,,,,,,,,,,,,,,
"291","GLIMPSE","2023081805",0,13.4,57,10.6,209,24.6,90.02,7.335,31.314,,,,,,,,,,,,,,,,,,,,,,
"291","GLIMPSE","2023081806",0,12.7,52,10.3,227,28.7,89.782,6.983,30.292,,,,,,,,,,,,,,,,,,,,,,
"291","GLIMPSE","2023081807",0,12.5,50,8.1,231,22.3,89.618,6.105,27.647,,,,,,,,,,,,,,,,,,,,,,
"291","GLIMPSE","2023081808",0,14.3,44,6.1,230,17.7,89.606,5.51,25.761,,,,,,,,,,,,,,,,,,,,,,
"291","GLIMPSE","2023081809",0,14.4,33,5.7,277,15.4,89.655,5.438,25.528,,,,,,,,,,,,,,,,,,,,,,
"291","GLIMPSE","2023081810",0,14.5,34,6,345,16,89.704,5.56,25.923,,,,,,,,,,,,,,,,,,,,,,
"291","GLIMPSE","2023081811",0,13.4,35,6.9,317,20,89.753,5.859,26.877,,,,,,,,,,,,,,,,,,,,,,
"291","GLIMPSE","2023081812",0,13.9,35,6.9,318,25.2,89.802,5.9,27.008,0,92.595,8.776,35.352,139.659,704.537,186.763,4,,,,,,,,,,,,,,
"291","GLIMPSE","2023081813",0,14.8,26,5.2,341,19.5,89.999,5.571,26.013,,,,,,,,,,,,,,,,,,,,,,
"291","GLIMPSE","2023081814",0,17.3,22,9.5,314,25.8,90.384,7.311,31.307,,,,,,,,,,,,,,,,,,,,,,
"291","GLIMPSE","2023081815",0,17.2,23,8.9,300,24.6,90.677,7.396,31.552,,,,,,,,,,,,,,,,,,,,,,
"291","GLIMPSE","2023081816",0,16.3,25,6.1,355,21.2,90.837,6.571,29.129,,,,,,,,,,,,,,,,,,,,,,
"291","GLIMPSE","2023081817",0,14.4,29,6.9,18,16.6,90.887,6.89,30.081,,,,,,,,,,,,,,,,,,,,,,
"291","GLIMPSE","2023081818",0,13.2,32,5.2,2,18.3,90.937,6.37,28.52,,,,,,,,,,,,,,,,,,,,,,
"291","GLIMPSE","2023081819",0,11.9,34,6.2,55,15.4,90.944,6.706,29.536,,,,,,,,,,,,,,,,,,,,,,
"291","GLIMPSE","2023081820",0,11.1,38,6.8,50,17.2,90.878,6.847,29.955,,,,,,,,,,,,,,,,,,,,,,
"291","GLIMPSE","2023081821",0,10.1,45,7.9,56,17.2,90.685,7.041,30.524,,,,,,,,,,,,,,,,,,,,,,
"291","GLIMPSE","2023081822",0,9.5,47,7.1,49,17.2,90.476,6.563,29.107,,,,,,,,,,,,,,,,,,,,,,
"291","GLIMPSE","2023081823",0,8.8,50,4.3,55,18.3,90.254,5.522,25.853,,,,,,,,,,,,,,,,,,,,,,
"292","DARCY","2023081800",0,26.8,41,5.9,223,21.9,92.986,8.816,34.838,,,,,,,,,0,-155.1,,0,3155.1,,,,,,,1709.8,,
"292","DARCY","2023081801",0,25.8,42,5.5,251,29.4,92.806,8.425,33.808,,,,,,,,,0,-185,,0,3155.1,,,,,,,1709.8,,
"292","DARCY","2023081802",0,24.5,39,5,212,21.4,92.709,8.104,32.946,,,,,,,,,0,-182.7,,0,3155.1,,,,,,,1709.8,,
"292","DARCY","2023081803",0,23.9,35,5.4,160,23.1,92.705,8.265,33.379,,,,,,,,,0,-171.5,,0,3155.1,,,,,,,1709.8,,
"292","DARCY","2023081804",0,20.7,47,2.5,350,14,92.415,6.856,29.444,,,,,,,,,0,-161.1,,0,3155.1,,,,,,,1709.8,,
"292","DARCY","2023081805",0,20.5,44,3.8,259,24,92.205,7.106,30.166,,,,,,,,,0,-177.4,,0,3155.1,,,,,,,1709.8,,
"292","DARCY","2023081806",0,19.9,43,5.4,227,14.2,92.02,7.504,31.294,,,,,,,,,0,-185.6,,0,3155.1,,,,,,,1709.8,,
"292","DARCY","2023081807",0,20.2,45,2.6,30,16.3,91.841,6.354,27.957,,,,,,,,,0,-182.7,,0,3155.1,,,,,,,1709.8,,
"292","DARCY","2023081808",0,22.9,20,5.2,171,13.3,92.195,7.615,31.603,,,,,,,,,0,-186.1,,0,3155.1,,,,,,,1709.8,,
"292","DARCY","2023081809",0,22.8,22,5.1,68,15.2,92.417,7.817,32.163,,,,,,,,,0,-173.5,,0,3155.1,,,,,,,1709.8,,
"292","DARCY","2023081810",0,22.6,23,4.7,115,14.4,92.562,7.82,32.171,,,,,,,,,0,-171.5,,0,3155.1,,,,,,,1709.8,,
"292","DARCY","2023081811",0,24.3,15,4.3,72,14.7,93.048,8.204,33.216,,,,,,,,,0,-189.6,,0,3155.1,,,,,,,1709.8,,
"292","DARCY","2023081812",0,25.4,16,4.5,93,16.2,93.456,8.774,34.728,0,96.346,13.041,45.167,120.081,805.61,174.964,4,0,-176.8,,0,3155.1,,,,,,,1709.8,,
"292","DARCY","2023081813",0,25.6,21,6.2,94,16.1,93.602,9.754,37.462,,,,,,,,,0,-164.1,,0,3155.1,,,,,,,1709.8,,
"292","DARCY","2023081814",0,26.4,19,4.1,53,11.7,93.823,9.049,35.664,,,,,,,,,0,-163.4,,0,3155.1,,,,,,,1709.8,,
"292","DARCY","2023081815",0,26.2,20,5.2,109,17.5,93.963,9.752,37.456,,,,,,,,,0,-181.4,,0,3155.1,,,,,,,1709.8,,
"292","DARCY","2023081816",0,25.1,25,4.3,81,16.9,94.014,9.386,36.529,,,,,,,,,0,-194.5,,0,3155.1,,,,,,,1709.8,,
"292","DARCY","2023081817",0,23.7,24,5.2,90,16.5,94.065,9.891,37.803,,,,,,,,,0,-166.9,,0,3155.1,,,,,,,1709.8,,
"292","DARCY","2023081818",0,22.6,31,3.4,161,13.1,93.995,8.946,35.396,,,,,,,,,0,-180.3,,0,3155.1,,,,,,,1709.8,,
"292","DARCY","2023081819",0,19.8,35,3.5,196,12,93.819,8.774,34.945,,,,,,,,,0,-177.5,,0,3155.1,,,,,,,1709.8,,
"292","DARCY","2023081820",0,16.9,46,0,210,6.8,93.547,7.082,30.29,,,,,,,,,0,-197.2,,0,3155.1,,,,,,,1709.8,,
"292","DARCY","2023081821",0,15.6,53,0,67,0,93.171,6.72,29.233,,,,,,,,,0,-199,,0,3155.1,,,,,,,1709.8,,
"292","DARCY","2023081822",0,13.8,57,0,246,0,92.756,6.341,28.099,,,,,,,,,0,-197.9,,0,3155.1,,,,,,,1709.8,,
"292","DARCY","2023081823",0,12.3,59,0,177,0,92.343,5.983,27,,,,,,,,,0,-189,,0,3155.1,,,,,,,1709.8,,
"298","FINTRY","2023081800",0,26.3,35,6.9,147,26.9,94.84,11.991,44.45,,,,,,,,,,,,,,,,,,,,,,
"298","FINTRY","2023081801",0,25.9,36,12.8,153,31,94.523,15.453,52.149,,,,,,,,,,,,,,,,,,,,,,
"298","FINTRY","2023081802",0,25.1,32,8.5,183,30.4,94.385,12.208,44.961,,,,,,,,,,,,,,,,,,,,,,
"298","FINTRY","2023081803",0,24.7,28,9.9,184,20,94.358,13.052,46.908,,,,,,,,,,,,,,,,,,,,,,
"298","FINTRY","2023081804",0,24.4,27,10.4,148,29.8,94.353,13.376,47.639,,,,,,,,,,,,,,,,,,,,,,
"298","FINTRY","2023081805",0,23.9,30,9.4,164,22.3,94.266,12.567,45.797,,,,,,,,,,,,,,,,,,,,,,
"298","FINTRY","2023081806",0,22.9,34,7.2,183,26.4,94.083,10.968,41.986,,,,,,,,,,,,,,,,,,,,,,
"298","FINTRY","2023081807",0,23.6,33,10.9,145,26.9,93.939,12.954,46.683,,,,,,,,,,,,,,,,,,,,,,
"298","FINTRY","2023081808",0,24.2,29,9.1,121,32.7,93.932,11.819,44.043,,,,,,,,,,,,,,,,,,,,,,
"298","FINTRY","2023081809",0,22.8,29,10.9,211,25.2,93.898,12.881,46.516,,,,,,,,,,,,,,,,,,,,,,
"298","FINTRY","2023081810",0,25.3,24,15,268,33.9,93.949,15.948,53.182,,,,,,,,,,,,,,,,,,,,,,
"298","FINTRY","2023081811",0,25.1,20,12.8,276,38.5,94.039,14.455,50.019,,,,,,,,,,,,,,,,,,,,,,
"298","FINTRY","2023081812",0,25,21,12.8,298,31,94.09,14.556,50.238,0,95.348,17.304,55.996,170.437,1141.064,248.194,5,,,,,,,,,,,,,,
"298","FINTRY","2023081813",0,24.4,22,15.5,289,33.9,94.141,16.796,54.975,,,,,,,,,,,,,,,,,,,,,,
"298","FINTRY","2023081814",0,24.6,19,11,286,27.5,94.224,13.543,48.064,,,,,,,,,,,,,,,,,,,,,,
"298","FINTRY","2023081815",0,25,16,8.7,292,37.3,94.438,12.422,45.51,,,,,,,,,,,,,,,,,,,,,,
"298","FINTRY","2023081816",0,24,19,11,293,33.3,94.489,14.047,49.183,,,,,,,,,,,,,,,,,,,,,,
"298","FINTRY","2023081817",0,23.1,20,9.3,346,22.3,94.54,12.985,46.806,,,,,,,,,,,,,,,,,,,,,,
"298","FINTRY","2023081818",0,21.6,21,8.7,334,26.9,94.591,12.687,46.123,,,,,,,,,,,,,,,,,,,,,,
"298","FINTRY","2023081819",0,20.3,24,6.7,339,17.2,94.575,11.446,43.197,,,,,,,,,,,,,,,,,,,,,,
"298","FINTRY","2023081820",0,19.6,25,10.6,305,16.6,94.521,13.828,48.698,,,,,,,,,,,,,,,,,,,,,,
"298","FINTRY","2023081821",0,19,27,12.8,311,21.2,94.411,15.217,51.707,,,,,,,,,,,,,,,,,,,,,,
"298","FINTRY","2023081822",0,18.1,31,8.8,298,18.9,94.226,12.126,44.816,,,,,,,,,,,,,,,,,,,,,,
"298","FINTRY","2023081823",0,18.1,31,11.4,296,25.8,94.045,13.482,47.927,,,,,,,,,,,,,,,,,,,,,,
"301","PEMBERTON BASE","2023081800",0,22.2,65,4.8,148,7.4,91.066,6.359,24.904,,,,,,,,,,,,,,,,,,,,,,
"301","PEMBERTON BASE","2023081801",0,20.4,71,3.4,150,8.5,90.331,5.335,22.007,,,,,,,,,,,,,,,,,,,,,,
"301","PEMBERTON BASE","2023081802",0,18.6,80,2.7,38,8.5,89.423,4.522,19.538,,,,,,,,,,,,,,,,,,,,,,
"301","PEMBERTON BASE","2023081803",0,17.5,78,2.6,51,7.9,88.719,4.067,18.077,,,,,,,,,,,,,,,,,,,,,,
"301","PEMBERTON BASE","2023081804",0,15.2,91,3.8,294,7.9,87.504,3.63,16.61,,,,,,,,,,,,,,,,,,,,,,
"301","PEMBERTON BASE","2023081805",0,14.3,93,3.3,171,8.5,86.355,3.006,14.39,,,,,,,,,,,,,,,,,,,,,,
"301","PEMBERTON BASE","2023081806",0,14.4,84,3.1,143,7.4,85.817,2.759,13.463,,,,,,,,,,,,,,,,,,,,,,
"301","PEMBERTON BASE","2023081807",0,18.5,69,4.8,112,10.2,85.806,3.001,14.372,,,,,,,,,,,,,,,,,,,,,,
"301","PEMBERTON BASE","2023081808",0,22.9,47,6.3,66,14.3,86.198,3.42,15.882,,,,,,,,,,,,,,,,,,,,,,
"301","PEMBERTON BASE","2023081809",0,22.4,47,8,97,14.3,86.534,3.907,17.548,,,,,,,,,,,,,,,,,,,,,,
"301","PEMBERTON BASE","2023081810",0,22.3,44,9.1,87,20.6,86.909,4.355,19.01,,,,,,,,,,,,,,,,,,,,,,
"301","PEMBERTON BASE","2023081811",0,24.8,34,9.2,87,18.9,87.653,4.868,20.609,,,,,,,,,,,,,,,,,,,,,,
"301","PEMBERTON BASE","2023081812",0,26.4,31,5.7,88,17.2,88.416,4.552,19.631,0,91.973,7.568,28.541,82.258,607.731,122.922,4,,,,,,,,,,,,,,
"301","PEMBERTON BASE","2023081813",0,26.7,31,8.1,82,18.9,89.102,5.669,23.362,,,,,,,,,,,,,,,,,,,,,,
"301","PEMBERTON BASE","2023081814",0,26.3,29,8.9,97,16.6,89.736,6.464,25.608,,,,,,,,,,,,,,,,,,,,,,
"301","PEMBERTON BASE","2023081815",0,27.3,28,7,94,14.9,90.326,6.392,25.408,,,,,,,,,,,,,,,,,,,,,,
"301","PEMBERTON BASE","2023081816",0,24.9,36,5.8,80,15.4,90.436,6.113,24.63,,,,,,,,,,,,,,,,,,,,,,
"301","PEMBERTON BASE","2023081817",0,25.7,34,4.9,59,13.1,90.613,5.991,24.287,,,,,,,,,,,,,,,,,,,,,,
"301","PEMBERTON BASE","2023081818",0,21.9,55,3.6,100,9.1,90.378,5.425,22.648,,,,,,,,,,,,,,,,,,,,,,
"301","PEMBERTON BASE","2023081819",0,18.6,71,4.8,259,7.9,89.711,5.239,22.092,,,,,,,,,,,,,,,,,,,,,,
"301","PEMBERTON BASE","2023081820",0,15.5,81,0,74,6.2,89.066,3.75,17.321,,,,,,,,,,,,,,,,,,,,,,
"301","PEMBERTON BASE","2023081821",0,14.1,84,2.1,164,5.1,88.24,3.702,17.156,,,,,,,,,,,,,,,,,,,,,,
"301","PEMBERTON BASE","2023081822",0,14.4,82,2.5,27,5.6,87.567,3.431,16.204,,,,,,,,,,,,,,,,,,,,,,
"301","PEMBERTON BASE","2023081823",0,13.5,84,0,64,6.2,87.05,2.81,13.907,,,,,,,,,,,,,,,,,,,,,,
"302","ASPEN GROVE","2023081800",0,19.8,43,25.5,189,35,91.661,19.638,56.175,,,,,,,,,,,,,,,,,,,,,,
"302","ASPEN GROVE","2023081801",0,16.6,50,3.2,312,27.5,91.38,6.134,26.342,,,,,,,,,,,,,,,,,,,,,,
"302","ASPEN GROVE","2023081802",0,18.5,37,19.8,226,28.1,91.371,14.142,45.751,,,,,,,,,,,,,,,,,,,,,,
"302","ASPEN GROVE","2023081803",0,17.7,39,25.2,198,37.3,91.29,18.351,53.871,,,,,,,,,,,,,,,,,,,,,,
"302","ASPEN GROVE","2023081804",0,16.2,48,18.9,219,36.2,90.979,12.781,42.895,,,,,,,,,,,,,,,,,,,,,,
"302","ASPEN GROVE","2023081805",0,15.9,48,19.2,215,47.7,90.706,12.479,42.243,,,,,,,,,,,,,,,,,,,,,,
"302","ASPEN GROVE","2023081806",0,15.2,46,15.7,227,31,90.521,10.189,37.043,,,,,,,,,,,,,,,,,,,,,,
"302","ASPEN GROVE","2023081807",0,16.5,37,12.3,191,31.6,90.571,8.646,33.239,,,,,,,,,,,,,,,,,,,,,,
"302","ASPEN GROVE","2023081808",0,17.8,26,17.3,236,36.2,90.778,11.458,39.982,,,,,,,,,,,,,,,,,,,,,,
"302","ASPEN GROVE","2023081809",0,16.8,27,24.6,220,40.2,90.896,16.832,51.05,,,,,,,,,,,,,,,,,,,,,,
"302","ASPEN GROVE","2023081810",0,17.5,30,19.3,236,36.2,90.946,12.979,43.318,,,,,,,,,,,,,,,,,,,,,,
"302","ASPEN GROVE","2023081811",0,18.9,31,12.3,257,32.1,90.996,9.186,34.603,,,,,,,,,,,,,,,,,,,,,,
"302","ASPEN GROVE","2023081812",0,18.6,29,9.1,295,32.1,91.056,7.885,31.255,0,93.625,11.326,39.942,100.898,756.466,151.333,4,,,,,,,,,,,,,,
"302","ASPEN GROVE","2023081813",0,19.4,27,9.6,319,41.9,91.19,8.243,32.416,,,,,,,,,,,,,,,,,,,,,,
"302","ASPEN GROVE","2023081814",0,19.9,28,8.8,323,19.5,91.285,8.025,31.839,,,,,,,,,,,,,,,,,,,,,,
"302","ASPEN GROVE","2023081815",0,19.7,28,6,335,18.9,91.359,7.043,29.156,,,,,,,,,,,,,,,,,,,,,,
"302","ASPEN GROVE","2023081816",0,18.7,31,14.3,216,22.9,91.409,10.776,38.673,,,,,,,,,,,,,,,,,,,,,,
"302","ASPEN GROVE","2023081817",0,18.2,31,7.9,260,20.6,91.459,7.861,31.402,,,,,,,,,,,,,,,,,,,,,,
"302","ASPEN GROVE","2023081818",0,17.1,35,4.8,269,16,91.475,6.739,28.294,,,,,,,,,,,,,,,,,,,,,,
"302","ASPEN GROVE","2023081819",0,14,47,3.9,24,11.4,91.248,6.236,26.828,,,,,,,,,,,,,,,,,,,,,,
"302","ASPEN GROVE","2023081820",0,10,60,3,352,7.9,90.805,5.595,24.886,,,,,,,,,,,,,,,,,,,,,,
"302","ASPEN GROVE","2023081821",0,7.5,69,2,354,4.5,90.266,4.926,22.757,,,,,,,,,,,,,,,,,,,,,,
"302","ASPEN GROVE","2023081822",0,6.2,72,3.1,358,5.6,89.696,4.798,22.335,,,,,,,,,,,,,,,,,,,,,,
"302","ASPEN GROVE","2023081823",0,6,70,2.4,338,5.6,89.23,4.333,20.764,,,,,,,,,,,,,,,,,,,,,,
"305","SPARKS LAKE","2023081800",0,20.6,32,4.9,354,14.9,91.06,6.385,26.67,,,,,,,,,,,,,,,,,,,,128.8,,
"305","SPARKS LAKE","2023081801",0,20.2,29,10.1,336,19.3,91.151,8.407,32.144,,,,,,,,,,,,,,,,,,,,128.8,,
"305","SPARKS LAKE","2023081802",0,17.6,43,10.4,334,27.6,91.032,8.391,32.103,,,,,,,,,,,,,,,,,,,,128.8,,
"305","SPARKS LAKE","2023081803",0,16.6,38,7.5,320,15.7,91.022,7.24,29.064,,,,,,,,,,,,,,,,,,,,128.8,,
"305","SPARKS LAKE","2023081804",0,16.3,33,9,331,22.6,91.072,7.864,30.736,,,,,,,,,,,,,,,,,,,,128.8,,
"305","SPARKS LAKE","2023081805",0,15.6,32,10.5,326,23.7,91.122,8.542,32.489,,,,,,,,,,,,,,,,,,,,128.8,,
"305","SPARKS LAKE","2023081806",0,15.1,34,8.1,345,26.2,91.153,7.603,30.045,,,,,,,,,,,,,,,,,,,,128.8,,
"305","SPARKS LAKE","2023081807",0,14.7,35,10.1,315,30.8,91.156,8.413,32.16,,,,,,,,,,,,,,,,,,,,128.8,,
"305","SPARKS LAKE","2023081808",0,14.6,37,12.3,319,34.8,91.116,9.345,34.488,,,,,,,,,,,,,,,,,,,,128.8,,
"305","SPARKS LAKE","2023081809",0,14.3,39,14.4,329,28.9,91.031,10.263,36.682,,,,,,,,,,,,,,,,,,,,128.8,,
"305","SPARKS LAKE","2023081810",0,15.1,40,14.2,327,30.8,90.945,10.037,36.151,,,,,,,,,,,,,,,,,,,,128.8,,
"305","SPARKS LAKE","2023081811",0,14.8,40,14.9,327,33.3,90.863,10.276,36.713,,,,,,,,,,,,,,,,,,,,128.8,,
"305","SPARKS LAKE","2023081812",0,15.4,35,9,305,23.5,90.905,7.679,30.247,0,92.159,9.175,34.284,93.154,782.031,143.557,4,,,,,,,,,,,,128.8,,
"305","SPARKS LAKE","2023081813",0,18.8,28,15.5,308,36.6,91.019,10.829,38.226,,,,,,,,,,,,,,,,,,,,128.8,,
"305","SPARKS LAKE","2023081814",0,19.2,27,16.2,329,36.5,91.162,11.449,39.632,,,,,,,,,,,,,,,,,,,,128.8,,
"305","SPARKS LAKE","2023081815",0,19.7,26,15,321,36.6,91.331,11.039,38.707,,,,,,,,,,,,,,,,,,,,128.8,,
"305","SPARKS LAKE","2023081816",0,19,26,17.6,311,37.4,91.454,12.808,42.602,,,,,,,,,,,,,,,,,,,,128.8,,
"305","SPARKS LAKE","2023081817",0,18.6,28,12.3,344,35.8,91.504,9.875,35.987,,,,,,,,,,,,,,,,,,,,128.8,,
"305","SPARKS LAKE","2023081818",0,17.2,35,9,334,28.9,91.512,8.372,32.257,,,,,,,,,,,,,,,,,,,,128.8,,
"305","SPARKS LAKE","2023081819",0,15,41,2.4,69,22.6,91.41,5.917,25.466,,,,,,,,,,,,,,,,,,,,128.8,,
"305","SPARKS LAKE","2023081820",0,13.2,45,2,119,11.1,91.242,5.662,24.697,,,,,,,,,,,,,,,,,,,,128.8,,
"305","SPARKS LAKE","2023081821",0,11.4,50,2.5,106,4.3,90.989,5.601,24.51,,,,,,,,,,,,,,,,,,,,128.8,,
"305","SPARKS LAKE","2023081822",0,10.7,53,2.8,56,5.4,90.699,5.456,24.064,,,,,,,,,,,,,,,,,,,,128.8,,
"305","SPARKS LAKE","2023081823",0,9.6,57,3.1,69,6.3,90.357,5.275,23.501,,,,,,,,,,,,,,,,,,,,128.8,,
"306","FRENCH BAR","2023081800",0,14.3,36,0.6,55,10.8,93.294,7.047,26.95,,,,,,,,,,,,,,,,,,,,12.6,,
"306","FRENCH BAR","2023081801",0,12.4,36,2.5,332,8.4,93.124,7.573,28.313,,,,,,,,,,,,,,,,,,,,12.6,,
"306","FRENCH BAR","2023081802",0,12.1,45,2,291,8.8,92.819,7.076,27.025,,,,,,,,,,,,,,,,,,,,12.6,,
"306","FRENCH BAR","2023081803",0,13.1,26,5.4,297,23.8,92.827,8.408,30.393,,,,,,,,,,,,,,,,,,,,12.6,,
"306","FRENCH BAR","2023081804",0,11.8,20,11.2,271,22.8,92.877,11.341,37.078,,,,,,,,,,,,,,,,,,,,12.6,,
"306","FRENCH BAR","2023081805",0,11,26,9.6,279,19.8,92.853,10.428,35.088,,,,,,,,,,,,,,,,,,,,12.6,,
"306","FRENCH BAR","2023081806",0,10.2,40,11.3,273,21.1,92.556,10.895,36.115,,,,,,,,,,,,,,,,,,,,12.6,,
"306","FRENCH BAR","2023081807",0,10.4,44,14,272,27.9,92.185,11.847,38.15,,,,,,,,,,,,,,,,,,,,12.6,,
"306","FRENCH BAR","2023081808",0,11.4,42,15.1,264,31,91.892,12.015,38.501,,,,,,,,,,,,,,,,,,,,12.6,,
"306","FRENCH BAR","2023081809",0,11.5,43,8.5,285,27.6,91.649,8.324,30.188,,,,,,,,,,,,,,,,,,,,12.6,,
"306","FRENCH BAR","2023081810",0,10.6,46,12.6,309,31.8,91.337,9.791,33.656,,,,,,,,,,,,,,,,,,,,12.6,,
"306","FRENCH BAR","2023081811",0,14.8,32,14,289,29.6,91.378,10.568,35.399,,,,,,,,,,,,,,,,,,,,12.6,,
"306","FRENCH BAR","2023081812",0,14,31,13.8,304,25.7,91.422,10.527,35.308,0,92.299,11.92,38.619,83.79,577.518,122.975,4,,,,,,,,,,,,12.6,,
"306","FRENCH BAR","2023081813",0,15.8,29,16.9,284,34.6,91.472,12.395,39.611,,,,,,,,,,,,,,,,,,,,12.6,,
"306","FRENCH BAR","2023081814",0,15.7,30,15.5,295,31.2,91.522,11.633,38.011,,,,,,,,,,,,,,,,,,,,12.6,,
"306","FRENCH BAR","2023081815",0,17.2,27,7.1,303,27.5,91.572,7.672,28.813,,,,,,,,,,,,,,,,,,,,12.6,,
"306","FRENCH BAR","2023081816",0,15.3,29,12.7,304,30,91.622,10.246,34.976,,,,,,,,,,,,,,,,,,,,12.6,,
"306","FRENCH BAR","2023081817",0,17.3,26,6.2,315,22.8,91.672,7.437,28.207,,,,,,,,,,,,,,,,,,,,12.6,,
"306","FRENCH BAR","2023081818",0,15.9,29,7,291,29.7,91.722,7.798,29.133,,,,,,,,,,,,,,,,,,,,12.6,,
"306","FRENCH BAR","2023081819",0,12.8,38,2.1,46,14.3,91.637,6.019,24.371,,,,,,,,,,,,,,,,,,,,12.6,,
"306","FRENCH BAR","2023081820",0,8.5,54,7.1,290,10.7,91.213,7.291,27.828,,,,,,,,,,,,,,,,,,,,12.6,,
"306","FRENCH BAR","2023081821",0,5.1,65,2.5,269,11.9,90.717,5.388,22.542,,,,,,,,,,,,,,,,,,,,12.6,,
"306","FRENCH BAR","2023081822",0,4.3,71,8.4,290,12.9,90.05,6.593,25.966,,,,,,,,,,,,,,,,,,,,12.6,,
"306","FRENCH BAR","2023081823",0,3.6,75,5.8,273,15.5,89.406,5.274,22.201,,,,,,,,,,,,,,,,,,,,12.6,,
"307","LEIGHTON LAKE","2023081800",0,19.9,50,17.5,198,23.5,91.315,12.493,40.94,,,,,,,,,,,,,,,,,,,,,,
"307","LEIGHTON LAKE","2023081801",0,19.4,52,8.4,230,24.1,90.993,7.544,29.333,,,,,,,,,,,,,,,,,,,,,,
"307","LEIGHTON LAKE","2023081802",0,18.6,36,6.9,41,21.2,91.043,7.045,27.997,,,,,,,,,,,,,,,,,,,,,,
"307","LEIGHTON LAKE","2023081803",0,16.9,35,14.9,3,29.2,91.092,10.617,36.833,,,,,,,,,,,,,,,,,,,,,,
"307","LEIGHTON LAKE","2023081804",0,15.8,36,14.8,344,25.2,91.095,10.568,36.722,,,,,,,,,,,,,,,,,,,,,,
"307","LEIGHTON LAKE","2023081805",0,14.9,37,9.1,2,24.6,91.071,7.903,30.269,,,,,,,,,,,,,,,,,,,,,,
"307","LEIGHTON LAKE","2023081806",0,13.8,36,10.9,359,18.9,91.05,8.627,32.107,,,,,,,,,,,,,,,,,,,,,,
"307","LEIGHTON LAKE","2023081807",0,13.8,38,8.8,4,20,90.998,7.704,29.752,,,,,,,,,,,,,,,,,,,,,,
"307","LEIGHTON LAKE","2023081808",0,14.1,37,8.6,2,21.8,90.973,7.6,29.479,,,,,,,,,,,,,,,,,,,,,,
"307","LEIGHTON LAKE","2023081809",0,13.8,38,16.8,345,22.9,90.913,11.389,38.56,,,,,,,,,,,,,,,,,,,,,,
"307","LEIGHTON LAKE","2023081810",0,15.5,37,17.4,3,35.6,90.907,11.729,39.304,,,,,,,,,,,,,,,,,,,,,,
"307","LEIGHTON LAKE","2023081811",0,14.1,38,23.2,343,38.5,90.849,15.582,47.139,,,,,,,,,,,,,,,,,,,,,,
"307","LEIGHTON LAKE","2023081812",0,15.8,32,26,342,41.3,90.899,18.07,51.73,0,92.124,21.501,57.996,92.513,640.665,135.949,5,,,,,,,,,,,,,,
"307","LEIGHTON LAKE","2023081813",0,16.2,27,26.5,345,37.9,90.981,18.749,53.294,,,,,,,,,,,,,,,,,,,,,,
"307","LEIGHTON LAKE","2023081814",0,17.2,27,22.5,352,41.3,91.076,15.536,47.378,,,,,,,,,,,,,,,,,,,,,,
"307","LEIGHTON LAKE","2023081815",0,17.2,27,21.4,358,37.9,91.156,14.866,46.074,,,,,,,,,,,,,,,,,,,,,,
"307","LEIGHTON LAKE","2023081816",0,16.3,29,14.8,333,28.7,91.206,10.736,37.371,,,,,,,,,,,,,,,,,,,,,,
"307","LEIGHTON LAKE","2023081817",0,16.3,30,13.8,6,32.7,91.256,10.281,36.327,,,,,,,,,,,,,,,,,,,,,,
"307","LEIGHTON LAKE","2023081818",0,15.5,31,13.1,357,25.8,91.306,9.996,35.661,,,,,,,,,,,,,,,,,,,,,,
"307","LEIGHTON LAKE","2023081819",0,14.2,37,14.3,354,21.8,91.241,10.522,36.882,,,,,,,,,,,,,,,,,,,,,,
"307","LEIGHTON LAKE","2023081820",0,11.2,49,6.5,39,20.6,90.958,6.822,27.593,,,,,,,,,,,,,,,,,,,,,,
"307","LEIGHTON LAKE","2023081821",0,6.7,63,3.4,42,5.6,90.489,5.457,23.633,,,,,,,,,,,,,,,,,,,,,,
"307","LEIGHTON LAKE","2023081822",0,6.7,64,7.7,37,11.4,89.977,6.299,26.12,,,,,,,,,,,,,,,,,,,,,,
"307","LEIGHTON LAKE","2023081823",0,3.8,78,1.7,326,8.5,89.369,4.267,19.822,,,,,,,,,,,,,,,,,,,,,,
"309","GWYNETH LAKE","2023081800",0,13.8,65,1.5,261,4.8,90.898,5.257,23.154,,,,,,,,,,,,,,,,,,,,65.6,,
"309","GWYNETH LAKE","2023081801",0,12.6,70,2,241,8.7,90.294,4.946,22.174,,,,,,,,,,,,,,,,,,,,65.6,,
"309","GWYNETH LAKE","2023081802",0,13.4,60,2.5,233,10.6,89.948,4.827,21.791,,,,,,,,,,,,,,,,,,,,65.6,,
"309","GWYNETH LAKE","2023081803",0,12.6,34,6.2,331,13,89.997,5.857,24.978,,,,,,,,,,,,,,,,,,,,65.6,,
"309","GWYNETH LAKE","2023081804",0,12,31,5.7,335,15,90.046,5.752,24.663,,,,,,,,,,,,,,,,,,,,65.6,,
"309","GWYNETH LAKE","2023081805",0,11.9,20,5.3,37,15.6,90.309,5.853,24.966,,,,,,,,,,,,,,,,,,,,65.6,,
"309","GWYNETH LAKE","2023081806",0,10.9,26,3.3,324,15.6,90.372,5.34,23.41,,,,,,,,,,,,,,,,,,,,65.6,,
"309","GWYNETH LAKE","2023081807",0,8.8,51,2.3,318,10.4,90.165,4.93,22.122,,,,,,,,,,,,,,,,,,,,65.6,,
"309","GWYNETH LAKE","2023081808",0,11.6,36,4.8,356,13,90.199,5.618,24.261,,,,,,,,,,,,,,,,,,,,65.6,,
"309","GWYNETH LAKE","2023081809",0,14.6,24,4.9,40,13.2,90.399,5.81,24.837,,,,,,,,,,,,,,,,,,,,65.6,,
"309","GWYNETH LAKE","2023081810",0,16.5,23,4.3,57,17.9,90.648,5.841,24.93,,,,,,,,,,,,,,,,,,,,65.6,,
"309","GWYNETH LAKE","2023081811",0,18.1,30,6.3,7,15.7,90.714,6.522,26.908,,,,,,,,,,,,,,,,,,,,65.6,,
"309","GWYNETH LAKE","2023081812",0,18.7,24,5.6,45,18.8,90.96,6.521,26.905,0,94.072,10.103,36.413,95.735,687.695,142.037,4,,,,,,,,,,,,65.6,,
"309","GWYNETH LAKE","2023081813",0,20.2,22,6.3,0,13.6,91.288,7.078,28.708,,,,,,,,,,,,,,,,,,,,65.6,,
"309","GWYNETH LAKE","2023081814",0,20.5,22,7.1,17,19.5,91.583,7.684,30.353,,,,,,,,,,,,,,,,,,,,65.6,,
"309","GWYNETH LAKE","2023081815",0,20,23,9.1,19,21.4,91.79,8.753,33.121,,,,,,,,,,,,,,,,,,,,65.6,,
"309","GWYNETH LAKE","2023081816",0,19.5,27,7.6,343,23,91.84,8.173,31.638,,,,,,,,,,,,,,,,,,,,65.6,,
"309","GWYNETH LAKE","2023081817",0,17.2,28,4.9,346,16.9,91.89,7.184,29,,,,,,,,,,,,,,,,,,,,65.6,,
"309","GWYNETH LAKE","2023081818",0,15.6,34,4.9,345,18.8,91.867,7.161,28.936,,,,,,,,,,,,,,,,,,,,65.6,,
"309","GWYNETH LAKE","2023081819",0,13.5,38,3.1,322,15,91.769,6.449,26.937,,,,,,,,,,,,,,,,,,,,65.6,,
"309","GWYNETH LAKE","2023081820",0,12.7,40,3.2,344,14.2,91.639,6.364,26.691,,,,,,,,,,,,,,,,,,,,65.6,,
"309","GWYNETH LAKE","2023081821",0,12.2,38,5.6,349,12.2,91.532,7.074,28.697,,,,,,,,,,,,,,,,,,,,65.6,,
"309","GWYNETH LAKE","2023081822",0,10.1,49,1.9,300,11.9,91.28,5.664,24.619,,,,,,,,,,,,,,,,,,,,65.6,,
"309","GWYNETH LAKE","2023081823",0,8.4,55,2.3,317,11.3,90.94,5.507,24.138,,,,,,,,,,,,,,,,,,,,65.6,,
"311","MCLEAN LAKE","2023081800",0,20,29,18.5,263,33.3,94.153,19.571,55.332,,,,,,,,,,,,,,,,,,,,,,
"311","MCLEAN LAKE","2023081801",0,18.5,28,17,254,32.7,94.039,17.861,52.282,,,,,,,,,,,,,,,,,,,,,,
"311","MCLEAN LAKE","2023081802",0,17.5,29,12.3,242,28.1,93.915,13.855,44.557,,,,,,,,,,,,,,,,,,,,,,
"311","MCLEAN LAKE","2023081803",0,16.9,28,11.9,243,22.9,93.821,13.402,43.622,,,,,,,,,,,,,,,,,,,,,,
"311","MCLEAN LAKE","2023081804",0,15.8,27,13.2,242,24.6,93.742,14.152,45.164,,,,,,,,,,,,,,,,,,,,,,
"311","MCLEAN LAKE","2023081805",0,14.7,27,12.5,257,21.2,93.66,13.508,43.842,,,,,,,,,,,,,,,,,,,,,,
"311","MCLEAN LAKE","2023081806",0,13.7,31,11.2,255,18.3,93.497,12.367,41.432,,,,,,,,,,,,,,,,,,,,,,
"311","MCLEAN LAKE","2023081807",0,13.9,32,15.1,263,28.7,93.311,14.668,46.201,,,,,,,,,,,,,,,,,,,,,,
"311","MCLEAN LAKE","2023081808",0,14,35,13,268,22.3,93.087,12.787,42.332,,,,,,,,,,,,,,,,,,,,,,
"311","MCLEAN LAKE","2023081809",0,14.6,35,9.1,272,26.4,92.91,10.25,36.676,,,,,,,,,,,,,,,,,,,,,,
"311","MCLEAN LAKE","2023081810",0,15.9,31,15.2,259,38.5,92.828,13.778,44.4,,,,,,,,,,,,,,,,,,,,,,
"311","MCLEAN LAKE","2023081811",0,15.4,32,15.7,254,37.9,92.725,13.926,44.702,,,,,,,,,,,,,,,,,,,,,,
"311","MCLEAN LAKE","2023081812",0,15.9,28,16.5,261,27.5,92.726,14.502,45.868,0,93.094,15.27,47.705,94.166,769.817,144.226,5,,,,,,,,,,,,,,
"311","MCLEAN LAKE","2023081813",0,18.3,24,12.9,265,32.7,92.776,12.182,41.308,,,,,,,,,,,,,,,,,,,,,,
"311","MCLEAN LAKE","2023081814",0,19.1,22,9,60,23.5,92.826,10.079,36.523,,,,,,,,,,,,,,,,,,,,,,
"311","MCLEAN LAKE","2023081815",0,19.2,23,8.7,41,20.6,92.876,9.997,36.33,,,,,,,,,,,,,,,,,,,,,,
"311","MCLEAN LAKE","2023081816",0,17.9,24,12.7,247,25.2,92.926,12.316,41.601,,,,,,,,,,,,,,,,,,,,,,
"311","MCLEAN LAKE","2023081817",0,17.4,25,7.2,188,21.8,92.976,9.4,34.887,,,,,,,,,,,,,,,,,,,,,,
"311","MCLEAN LAKE","2023081818",0,15.6,30,8.2,238,18.3,92.923,9.813,35.888,,,,,,,,,,,,,,,,,,,,,,
"311","MCLEAN LAKE","2023081819",0,14.5,33,7.1,244,17.7,92.811,9.139,34.242,,,,,,,,,,,,,,,,,,,,,,
"311","MCLEAN LAKE","2023081820",0,12.8,39,4.5,237,9.7,92.604,7.787,30.77,,,,,,,,,,,,,,,,,,,,,,
"311","MCLEAN LAKE","2023081821",0,12.3,44,6.9,222,13.1,92.292,8.41,32.401,,,,,,,,,,,,,,,,,,,,,,
"311","MCLEAN LAKE","2023081822",0,11.2,48,8.8,227,11.4,91.907,8.765,33.305,,,,,,,,,,,,,,,,,,,,,,
"311","MCLEAN LAKE","2023081823",0,10.6,51,8.4,267,12.5,91.501,8.11,31.623,,,,,,,,,,,,,,,,,,,,,,
"316","NAHATLATCH","2023081812",0,24.4,28,7.8,199,19.5,91.083,7.415,31.929,0,93.895,11.013,41.485,162.748,686.284,204.347,4,0,0,,0,0,0,0,0,,0,0,,0,
"316","NAHATLATCH","2023081813",0,24.5,27,9.2,206,18.9,91.375,8.294,34.481,,,,,,,,,0,0,,0,0,0,0,0,,0,0,,0,
"316","NAHATLATCH","2023081814",0,24.8,27,10,182,22.9,91.63,8.953,36.264,,,,,,,,,0,0,,0,0,0,0,0,,0,0,,0,
"316","NAHATLATCH","2023081815",0,25.2,27,8,218,20.6,91.848,8.349,34.633,,,,,,,,,0,0,,0,0,0,0,0,,0,0,,0,
"316","NAHATLATCH","2023081816",0,24,30,9.9,186,18.9,91.898,9.253,37.055,,,,,,,,,0,0,,0,0,0,0,0,,0,0,,0,
"316","NAHATLATCH","2023081817",0,23,33,7.6,188,20.6,91.948,8.299,34.495,,,,,,,,,0,0,,0,0,0,0,0,,0,0,,0,
"316","NAHATLATCH","2023081818",0,20.2,41,3.7,286,14.9,91.849,6.724,29.966,,,,,,,,,0,0,,0,0,0,0,0,,0,0,,0,
"316","NAHATLATCH","2023081819",0,18.4,43,3.7,353,7.4,91.7,6.583,29.539,,,,,,,,,0,0,,0,0,0,0,0,,0,0,,0,
"316","NAHATLATCH","2023081820",0,17.1,45,3.3,304,8.5,91.518,6.287,28.63,,,,,,,,,0,0,,0,0,0,0,0,,0,0,,0,
"316","NAHATLATCH","2023081821",0,16.3,49,2.9,264,5.6,91.274,5.952,27.578,,,,,,,,,0,0,,0,0,0,0,0,,0,0,,0,
"316","NAHATLATCH","2023081822",0,15.5,55,1.9,314,5.1,90.949,5.403,25.8,,,,,,,,,0,0,,0,0,0,0,0,,0,0,,0,
"316","NAHATLATCH","2023081823",0,14.1,59,2,319,5.1,90.571,5.145,24.938,,,,,,,,,0,0,,0,0,0,0,0,,0,0,,0,
"317","ALLISON PASS","2023081800",0,12.6,76,4.8,94,8.5,89.569,5.133,19.099,,,,,,,,,0,0,,0,0,0,0,0,,0,0,,0,
"317","ALLISON PASS","2023081801",0,11.9,79,4.7,76,9.7,88.806,4.578,17.554,,,,,,,,,0,0,,0,0,0,0,0,,0,0,,0,
"317","ALLISON PASS","2023081802",0,10.6,84,3.9,79,7.4,87.996,3.915,15.608,,,,,,,,,0,0,,0,0,0,0,0,,0,0,,0,
"317","ALLISON PASS","2023081803",0,9.7,89,3.3,91,9.7,87.103,3.343,13.823,,,,,,,,,0,0,,0,0,0,0,0,,0,0,,0,
"317","ALLISON PASS","2023081804",0,8.7,94,2.1,91,9.1,86.109,2.733,11.787,,,,,,,,,0,0,,0,0,0,0,0,,0,0,,0,
"317","ALLISON PASS","2023081805",0,8.1,97,2.9,78,7.4,85,2.439,10.743,,,,,,,,,0,0,,0,0,0,0,0,,0,0,,0,
"317","ALLISON PASS","2023081806",0,8.7,75,6.3,98,12.5,84.815,2.822,12.094,,,,,,,,,0,0,,0,0,0,0,0,,0,0,,0,
"317","ALLISON PASS","2023081807",0,16.3,39,7.2,91,24.6,85.315,3.164,13.241,,,,,,,,,0,0,,0,0,0,0,0,,0,0,,0,
"317","ALLISON PASS","2023081808",0,17.7,28,10.9,93,22.3,86.164,4.292,16.731,,,,,,,,,0,0,,0,0,0,0,0,,0,0,,0,
"317","ALLISON PASS","2023081809",0,18.1,28,13.2,101,24.6,86.943,5.381,19.767,,,,,,,,,0,0,,0,0,0,0,0,,0,0,,0,
"317","ALLISON PASS","2023081810",0,18.9,23,13.9,132,28.1,87.835,6.331,22.216,,,,,,,,,0,0,,0,0,0,0,0,,0,0,,0,
"317","ALLISON PASS","2023081811",0,19.6,18,14.5,116,32.1,88.837,7.534,25.108,,,,,,,,,0,0,,0,0,0,0,0,,0,0,,0,
"317","ALLISON PASS","2023081812",0,20.4,15,15.7,103,33.3,89.873,9.287,28.994,0,95.801,21.301,50.961,63,558.072,98.267,5,0,0,,0,0,0,0,0,,0,0,,0,
"317","ALLISON PASS","2023081813",0,20.6,14,15.5,114,32.1,90.796,10.491,32.259,,,,,,,,,0,0,,0,0,0,0,0,,0,0,,0,
"317","ALLISON PASS","2023081814",0,21.4,14,15,115,32.7,91.6,11.47,34.233,,,,,,,,,0,0,,0,0,0,0,0,,0,0,,0,
"317","ALLISON PASS","2023081815",0,21.4,16,15.9,119,28.7,92.176,13.021,37.212,,,,,,,,,0,0,,0,0,0,0,0,,0,0,,0,
"317","ALLISON PASS","2023081816",0,21.9,18,12.1,98,28.1,92.562,11.353,34.001,,,,,,,,,0,0,,0,0,0,0,0,,0,0,,0,
"317","ALLISON PASS","2023081817",0,21.4,18,10.4,113,25.8,92.858,10.864,33.021,,,,,,,,,0,0,,0,0,0,0,0,,0,0,,0,
"317","ALLISON PASS","2023081818",0,17.9,24,10.8,123,20.6,92.908,11.163,33.623,,,,,,,,,0,0,,0,0,0,0,0,,0,0,,0,
"317","ALLISON PASS","2023081819",0,14.6,33,5,116,21.2,92.809,8.219,27.346,,,,,,,,,0,0,,0,0,0,0,0,,0,0,,0,
"317","ALLISON PASS","2023081820",0,10.3,50,3.9,47,9.1,92.401,7.342,25.294,,,,,,,,,0,0,,0,0,0,0,0,,0,0,,0,
"317","ALLISON PASS","2023081821",0,8.6,56,2.4,312,10.8,91.952,6.39,22.948,,,,,,,,,0,0,,0,0,0,0,0,,0,0,,0,
"317","ALLISON PASS","2023081822",0,6.3,64,3.2,72,5.6,91.389,6.142,22.313,,,,,,,,,0,0,,0,0,0,0,0,,0,0,,0,
"317","ALLISON PASS","2023081823",0,4.1,75,3.3,75,5.1,90.677,5.578,20.828,,,,,,,,,0,0,,0,0,0,0,0,,0,0,,0,
"321","GREENSTONE HUB","2023081800",0,,0,9.5,298,33.3,,,,,,,,,,,,,,,,,,,,,,,,,
"321","GREENSTONE HUB","2023081801",0,,0,4,323,23.5,,,,,,,,,,,,,,,,,,,,,,,,,
"321","GREENSTONE HUB","2023081802",0,,0,6.2,15,20.6,,,,,,,,,,,,,,,,,,,,,,,,,
"321","GREENSTONE HUB","2023081803",0,,0,11.9,310,20,,,,,,,,,,,,,,,,,,,,,,,,,
"321","GREENSTONE HUB","2023081804",0,,0,14.6,311,30.4,,,,,,,,,,,,,,,,,,,,,,,,,
"321","GREENSTONE HUB","2023081805",0,,0,17.6,313,32.1,,,,,,,,,,,,,,,,,,,,,,,,,
"321","GREENSTONE HUB","2023081806",0,,0,13.8,310,28.1,,,,,,,,,,,,,,,,,,,,,,,,,
"321","GREENSTONE HUB","2023081807",0,,0,14.2,314,26.9,,,,,,,,,,,,,,,,,,,,,,,,,
"321","GREENSTONE HUB","2023081808",0,,0,15.8,311,36.2,,,,,,,,,,,,,,,,,,,,,,,,,
"321","GREENSTONE HUB","2023081809",0,,0,19.8,318,35.6,,,,,,,,,,,,,,,,,,,,,,,,,
"321","GREENSTONE HUB","2023081810",0,,0,22.3,313,46.5,,,,,,,,,,,,,,,,,,,,,,,,,
"321","GREENSTONE HUB","2023081811",0,,0,21.2,316,40.2,,,,,,,,,,,,,,,,,,,,,,,,,
"321","GREENSTONE HUB","2023081812",0,,0,19.9,314,43.1,,,,0,,,,,,,,,,,,,,,,,,,,,
"321","GREENSTONE HUB","2023081813",0,,0,14.7,306,41.3,,,,,,,,,,,,,,,,,,,,,,,,,
"321","GREENSTONE HUB","2023081814",0,,0,19.4,311,36.7,,,,,,,,,,,,,,,,,,,,,,,,,
"321","GREENSTONE HUB","2023081815",0,,0,17.8,312,36.7,,,,,,,,,,,,,,,,,,,,,,,,,
"321","GREENSTONE HUB","2023081816",0,,0,11.7,330,31,,,,,,,,,,,,,,,,,,,,,,,,,
"321","GREENSTONE HUB","2023081817",0,,0,13.2,314,26.9,,,,,,,,,,,,,,,,,,,,,,,,,
"321","GREENSTONE HUB","2023081818",0,,0,13.8,317,33.3,,,,,,,,,,,,,,,,,,,,,,,,,
"321","GREENSTONE HUB","2023081819",0,,0,12.1,329,23.5,,,,,,,,,,,,,,,,,,,,,,,,,
"321","GREENSTONE HUB","2023081820",0,,0,11.7,316,22.9,,,,,,,,,,,,,,,,,,,,,,,,,
"321","GREENSTONE HUB","2023081821",0,,0,13.3,327,22.9,,,,,,,,,,,,,,,,,,,,,,,,,
"321","GREENSTONE HUB","2023081822",0,,0,11.3,321,20,,,,,,,,,,,,,,,,,,,,,,,,,
"321","GREENSTONE HUB","2023081823",0,,0,11.8,313,20,,,,,,,,,,,,,,,,,,,,,,,,,
"322","AFTON","2023081800",0,24.9,38,16.5,226,36.7,93.685,16.582,54.961,,,,,,,,,,-0.7,,,,0,1,660.82,,,,,,
"322","AFTON","2023081801",0,23.1,30,10.8,233,31.6,93.661,12.4,45.818,,,,,,,,,,-0.8,,,,0,1,660.82,,,,,,
"322","AFTON","2023081802",0,22.9,28,12.4,231,20.6,93.683,13.484,48.307,,,,,,,,,,-0.7,,,,0,1,660.78,,,,,,
"322","AFTON","2023081803",0,22,27,17.5,249,27.5,93.707,17.493,56.804,,,,,,,,,,-0.8,,,,0,1,660.77,,,,,,
"322","AFTON","2023081804",0,20.6,29,25.2,262,36.7,93.638,25.539,71.45,,,,,,,,,,-0.8,,,,0,1,660.75,,,,,,
"322","AFTON","2023081805",0,19.8,28,26,254,37.3,93.591,26.415,72.901,,,,,,,,,,-0.8,,,,0,1,660.74,,,,,,
"322","AFTON","2023081806",0,18.7,26,22.2,258,35,93.587,21.798,64.964,,,,,,,,,,-0.8,,,,0,1,660.75,,,,,,
"322","AFTON","2023081807",0,18.4,28,21.7,256,35.6,93.527,21.08,63.66,,,,,,,,,,-0.8,,,,0,1,660.72,,,,,,
"322","AFTON","2023081808",0,18.3,29,27.6,262,44.2,93.437,28.024,75.51,,,,,,,,,,-0.8,,,,0,1,660.72,,,,,,
"322","AFTON","2023081809",0,19.1,28,24.3,261,43.1,93.404,23.624,68.191,,,,,,,,,,-0.8,,,,0,1,660.69,,,,,,
"322","AFTON","2023081810",0,18.7,30,20.4,261,52.3,93.321,19.184,60.111,,,,,,,,,,-0.8,,,,0,1,660.73,,,,,,
"322","AFTON","2023081811",0,19.4,30,22.7,287,45.9,93.256,21.349,64.15,,,,,,,,,,-0.7,,,,0,1,660.73,,,,,,
"322","AFTON","2023081812",0,19.7,28,28.8,255,51.7,93.255,29.027,77.099,0,93.37,29.494,77.836,266.067,1165.673,338.803,5,,-0.7,,,,0,1,660.73,,,,,,
"322","AFTON","2023081813",0,20.8,24,26.2,260,49.4,93.305,25.641,71.627,,,,,,,,,,-0.7,,,,0,1,660.7,,,,,,
"322","AFTON","2023081814",0,21.7,22,27.7,316,48.8,93.355,27.848,75.234,,,,,,,,,,-0.6,,,,0,1,660.72,,,,,,
"322","AFTON","2023081815",0,22.2,20,25.5,313,44.8,93.472,25.334,71.113,,,,,,,,,,-0.7,,,,0,1,660.68,,,,,,
"322","AFTON","2023081816",0,21.4,20,17.3,277,41.3,93.538,16.915,55.643,,,,,,,,,,-0.8,,,,0,1,660.73,,,,,,
"322","AFTON","2023081817",0,21.2,22,19.4,316,35,93.589,18.935,59.638,,,,,,,,,,-0.8,,,,0,1,660.73,,,,,,
"322","AFTON","2023081818",0,21.1,24,14.2,330,31,93.64,14.674,50.944,,,,,,,,,,-0.7,,,,0,1,660.73,,,,,,
"322","AFTON","2023081819",0,19,27,13.4,303,24.6,93.62,14.056,49.591,,,,,,,,,,-0.8,,,,0,1,660.76,,,,,,
"322","AFTON","2023081820",0,17.3,33,7.1,329,19.5,93.47,10.022,39.98,,,,,,,,,,-0.9,,,,0,1,660.75,,,,,,
"322","AFTON","2023081821",0,16.3,35,7.2,333,15.4,93.283,9.812,39.436,,,,,,,,,,-1,,,,0,1,660.73,,,,,,
"322","AFTON","2023081822",0,15.3,38,5.2,238,22.9,93.061,8.6,36.186,,,,,,,,,,-0.9,,,,0,1,660.71,,,,,,
"322","AFTON","2023081823",0,13.1,45,11.2,205,17.2,92.642,10.973,42.385,,,,,,,,,,-1,,,,0,1,660.75,,,,,,
"326","PASKA LAKE","2023081800",0,16.8,55,18.6,220,34.4,90.624,11.967,38.852,,,,,,,,,,,,,,,,,,,,,,
"326","PASKA LAKE","2023081801",0,15.5,61,6.9,244,34.4,90.16,6.211,25.001,,,,,,,,,,,,,,,,,,,,,,
"326","PASKA LAKE","2023081802",0,15.1,63,10.6,245,20,89.664,6.97,27.079,,,,,,,,,,,,,,,,,,,,,,
"326","PASKA LAKE","2023081803",0,14.4,66,6.6,241,22.9,89.197,5.328,22.447,,,,,,,,,,,,,,,,,,,,,,
"326","PASKA LAKE","2023081804",0,13.6,42,5.1,318,12.5,89.246,4.975,21.377,,,,,,,,,,,,,,,,,,,,,,
"326","PASKA LAKE","2023081805",0,12.5,40,13.4,347,26.4,89.295,7.612,28.762,,,,,,,,,,,,,,,,,,,,,,
"326","PASKA LAKE","2023081806",0,11.1,41,9.3,13,26.4,89.315,6.209,24.996,,,,,,,,,,,,,,,,,,,,,,
"326","PASKA LAKE","2023081807",0,11.8,39,11.7,348,20,89.364,7.057,27.31,,,,,,,,,,,,,,,,,,,,,,
"326","PASKA LAKE","2023081808",0,12.2,37,18.9,341,29.8,89.413,10.215,35.026,,,,,,,,,,,,,,,,,,,,,,
"326","PASKA LAKE","2023081809",0,13.1,36,16.1,346,28.1,89.462,8.934,32.041,,,,,,,,,,,,,,,,,,,,,,
"326","PASKA LAKE","2023081810",0,12.9,39,17.6,341,32.1,89.511,9.703,33.854,,,,,,,,,,,,,,,,,,,,,,
"326","PASKA LAKE","2023081811",0,13.7,38,20.3,340,39.6,89.56,11.196,37.199,,,,,,,,,,,,,,,,,,,,,,
"326","PASKA LAKE","2023081812",0,14,33,20.4,336,41.9,89.609,11.331,37.494,0,91.924,15.764,46.711,83.857,648.778,126.755,4,,,,,,,,,,,,,,
"326","PASKA LAKE","2023081813",0,14.2,28,21.5,343,39,89.794,12.298,39.852,,,,,,,,,,,,,,,,,,,,,,
"326","PASKA LAKE","2023081814",0,15.4,27,18.6,335,40.8,90.014,10.967,36.988,,,,,,,,,,,,,,,,,,,,,,
"326","PASKA LAKE","2023081815",0,15.4,27,16.9,321,35.6,90.199,10.338,35.581,,,,,,,,,,,,,,,,,,,,,,
"326","PASKA LAKE","2023081816",0,14.8,29,12.4,338,28.7,90.28,8.335,30.831,,,,,,,,,,,,,,,,,,,,,,
"326","PASKA LAKE","2023081817",0,13.1,32,12.5,348,26.9,90.329,8.437,31.085,,,,,,,,,,,,,,,,,,,,,,
"326","PASKA LAKE","2023081818",0,12.6,35,8.9,348,22.3,90.377,7.085,27.61,,,,,,,,,,,,,,,,,,,,,,
"326","PASKA LAKE","2023081819",0,10.8,40,10,353,18.3,90.313,7.421,28.499,,,,,,,,,,,,,,,,,,,,,,
"326","PASKA LAKE","2023081820",0,8.9,51,11.5,7,17.7,90.034,7.691,29.199,,,,,,,,,,,,,,,,,,,,,,
"326","PASKA LAKE","2023081821",0,7.2,58,10.7,8,16,89.651,6.992,27.361,,,,,,,,,,,,,,,,,,,,,,
"326","PASKA LAKE","2023081822",0,6.7,62,10.8,17,14.9,89.228,6.614,26.332,,,,,,,,,,,,,,,,,,,,,,
"326","PASKA LAKE","2023081823",0,6,69,8.6,29,14.3,88.73,5.511,23.184,,,,,,,,,,,,,,,,,,,,,,
"328","PENTICTON RS","2023081800",0,24.5,35,4.5,76,10.8,94.775,10.531,40.335,,,,,,,,,,,,,,,,,,,,,,
"328","PENTICTON RS","2023081801",0,23.2,37,4.8,80,8.5,94.482,10.268,39.681,,,,,,,,,,,,,,,,,,,,,,
"328","PENTICTON RS","2023081802",0,23.6,36,6.4,75,12,94.236,10.759,40.895,,,,,,,,,,,,,,,,,,,,,,
"328","PENTICTON RS","2023081803",0,23.1,35,8.5,84,16.6,94.024,11.615,42.956,,,,,,,,,,,,,,,,,,,,,,
"328","PENTICTON RS","2023081804",0,22.2,35,7,86,13.7,93.837,10.493,40.241,,,,,,,,,,,,,,,,,,,,,,
"328","PENTICTON RS","2023081805",0,25.3,31,7.4,336,24.1,93.816,10.676,40.692,,,,,,,,,,,,,,,,,,,,,,
"328","PENTICTON RS","2023081806",0,23.7,43,9.7,253,26.9,93.428,11.357,42.344,,,,,,,,,,,,,,,,,,,,,,
"328","PENTICTON RS","2023081807",0,23.2,37,3.3,7,20.6,93.3,8.081,33.918,,,,,,,,,,,,,,,,,,,,,,
"328","PENTICTON RS","2023081808",0,23.8,24,10.3,314,22.9,93.35,11.58,42.874,,,,,,,,,,,,,,,,,,,,,,
"328","PENTICTON RS","2023081809",0,26.1,18,9,343,22.3,93.673,11.344,42.311,,,,,,,,,,,,,,,,,,,,,,
"328","PENTICTON RS","2023081810",0,27.1,16,15.9,247,30.4,94.103,17.049,54.69,,,,,,,,,,,,,,,,,,,,,,
"328","PENTICTON RS","2023081811",0,26.9,12,16.3,267,37.9,94.657,18.778,58.043,,,,,,,,,,,,,,,,,,,,,,
"328","PENTICTON RS","2023081812",0,27.4,11,13.2,296,32.7,95.156,17.2,54.988,0,96.646,21.047,62.414,145.41,971.769,211.646,5,,,,,,,,,,,,,,
"328","PENTICTON RS","2023081813",0,28.6,13,11.7,247,30.4,95.479,16.667,54.088,,,,,,,,,,,,,,,,,,,,,,
"328","PENTICTON RS","2023081814",0,26.1,24,16.1,322,32.1,95.439,20.691,61.77,,,,,,,,,,,,,,,,,,,,,,
"328","PENTICTON RS","2023081815",0,25.6,24,11.9,335,31,95.403,16.661,54.076,,,,,,,,,,,,,,,,,,,,,,
"328","PENTICTON RS","2023081816",0,24.8,26,10.7,320,27.5,95.307,15.48,51.661,,,,,,,,,,,,,,,,,,,,,,
"328","PENTICTON RS","2023081817",0,24.7,19,9.9,355,24.6,95.358,14.972,50.596,,,,,,,,,,,,,,,,,,,,,,
"328","PENTICTON RS","2023081818",0,23.6,20,9.4,13,22.3,95.397,14.676,49.968,,,,,,,,,,,,,,,,,,,,,,
"328","PENTICTON RS","2023081819",0,22.1,22,5.7,39,17.7,95.377,12.147,44.34,,,,,,,,,,,,,,,,,,,,,,
"328","PENTICTON RS","2023081820",0,20.8,24,6.6,22,20,95.299,12.577,45.331,,,,,,,,,,,,,,,,,,,,,,
"328","PENTICTON RS","2023081821",0,18.4,28,5.3,86,15.4,95.129,11.508,42.836,,,,,,,,,,,,,,,,,,,,,,
"328","PENTICTON RS","2023081822",0,17.9,29,5.9,77,16.6,94.943,11.563,42.967,,,,,,,,,,,,,,,,,,,,,,
"328","PENTICTON RS","2023081823",0,17.3,30,6.8,94,15.4,94.739,11.767,43.449,,,,,,,,,,,,,,,,,,,,,,
"331","ASHNOLA","2023081800",0,17.1,46,17.4,276,31.4,91.641,13.02,45.276,,,,,,,,,,,,,,,,,,,,1171.8,,
"331","ASHNOLA","2023081801",0,16.4,40,20,265,38,91.487,14.521,48.511,,,,,,,,,,,,,,,,,,,,1171.8,,
"331","ASHNOLA","2023081802",0,15.9,46,14.7,263,47.4,91.218,10.701,39.928,,,,,,,,,,,,,,,,,,,,1171.8,,
"331","ASHNOLA","2023081803",0,15.1,52,18.7,270,38.4,90.805,12.342,43.762,,,,,,,,,,,,,,,,,,,,1171.8,,
"331","ASHNOLA","2023081804",0,14.5,54,15.4,245,36.6,90.412,9.88,37.911,,,,,,,,,,,,,,,,,,,,1171.8,,
"331","ASHNOLA","2023081805",0,14.2,46,23,263,40.7,90.229,14.118,47.658,,,,,,,,,,,,,,,,,,,,1171.8,,
"331","ASHNOLA","2023081806",0,13.5,39,18.3,262,43.2,90.223,11.13,40.954,,,,,,,,,,,,,,,,,,,,1171.8,,
"331","ASHNOLA","2023081807",0,13.7,34,15,286,41.4,90.272,9.492,36.932,,,,,,,,,,,,,,,,,,,,1171.8,,
"331","ASHNOLA","2023081808",0,14.3,23,21.9,268,42.5,90.53,13.945,47.288,,,,,,,,,,,,,,,,,,,,1171.8,,
"331","ASHNOLA","2023081809",0,15.4,23,21.8,286,40.8,90.784,14.386,48.227,,,,,,,,,,,,,,,,,,,,1171.8,,
"331","ASHNOLA","2023081810",0,15.8,21,23.5,279,57.3,91.091,16.374,52.297,,,,,,,,,,,,,,,,,,,,1171.8,,
"331","ASHNOLA","2023081811",0,15.4,17,31.6,260,66.1,91.524,26.192,69.669,,,,,,,,,,,,,,,,,,,,1171.8,,
"331","ASHNOLA","2023081812",0,16.8,17,25.8,284,58.5,91.922,20.688,60.406,0,94.974,31.655,78.204,135.938,684.123,181.643,5,,,,,,,,,,,,1171.8,,
"331","ASHNOLA","2023081813",0,16.9,15,33.2,274,56.8,92.373,32.011,78.723,,,,,,,,,,,,,,,,,,,,1171.8,,
"331","ASHNOLA","2023081814",0,19,13,20.3,282,48.1,92.886,17.961,55.551,,,,,,,,,,,,,,,,,,,,1171.8,,
"331","ASHNOLA","2023081815",0,18.9,13,21.1,293,42.6,93.31,19.844,59.063,,,,,,,,,,,,,,,,,,,,1171.8,,
"331","ASHNOLA","2023081816",0,19,15,18.9,286,43.7,93.56,18.391,56.368,,,,,,,,,,,,,,,,,,,,1171.8,,
"331","ASHNOLA","2023081817",0,17.8,18,18,283,40.5,93.611,17.699,55.05,,,,,,,,,,,,,,,,,,,,1171.8,,
"331","ASHNOLA","2023081818",0,16.1,23,12.8,292,34.8,93.637,13.67,46.842,,,,,,,,,,,,,,,,,,,,1171.8,,
"331","ASHNOLA","2023081819",0,12.8,29,11.6,278,27.9,93.508,12.639,44.569,,,,,,,,,,,,,,,,,,,,1171.8,,
"331","ASHNOLA","2023081820",0,10.6,33,14.8,276,33.7,93.278,14.38,48.363,,,,,,,,,,,,,,,,,,,,1171.8,,
"331","ASHNOLA","2023081821",0,9.9,35,9.9,245,26.1,93.051,10.884,40.496,,,,,,,,,,,,,,,,,,,,1171.8,,
"331","ASHNOLA","2023081822",0,9.1,39,9.9,278,19.6,92.763,10.453,39.451,,,,,,,,,,,,,,,,,,,,1171.8,,
"331","ASHNOLA","2023081823",0,8.4,45,4.5,234,16.1,92.442,7.612,32.015,,,,,,,,,,,,,,,,,,,,1171.8,,
"334","MCCUDDY","2023081800",0,22.3,37,8.4,18,12.5,93.444,10.66,41.148,,,,,,,,,,,,,,,,,,,,,,
"334","MCCUDDY","2023081801",0,23.6,33,3.9,285,19.5,93.404,8.451,35.369,,,,,,,,,,,,,,,,,,,,,,
"334","MCCUDDY","2023081802",0,18.8,47,6.6,64,11.4,92.963,9.103,37.139,,,,,,,,,,,,,,,,,,,,,,
"334","MCCUDDY","2023081803",0,18,46,6.6,57,12,92.595,8.645,35.903,,,,,,,,,,,,,,,,,,,,,,
"334","MCCUDDY","2023081804",0,19,41,5.7,43,13.1,92.4,8.039,34.221,,,,,,,,,,,,,,,,,,,,,,
"334","MCCUDDY","2023081805",0,17.8,44,6.4,56,10.2,92.142,8.03,34.196,,,,,,,,,,,,,,,,,,,,,,
"334","MCCUDDY","2023081806",0,17.2,43,6,46,10.2,91.933,7.639,33.083,,,,,,,,,,,,,,,,,,,,,,
"334","MCCUDDY","2023081807",0,20.8,36,5.6,328,14.3,91.939,7.494,32.661,,,,,,,,,,,,,,,,,,,,,,
"334","MCCUDDY","2023081808",0,22,25,13.6,300,29.8,92.086,11.449,43.077,,,,,,,,,,,,,,,,,,,,,,
"334","MCCUDDY","2023081809",0,22.7,17,12.3,302,26.9,92.564,11.472,43.133,,,,,,,,,,,,,,,,,,,,,,
"334","MCCUDDY","2023081810",0,23.1,14,17.3,293,28.1,93.149,16.02,53.234,,,,,,,,,,,,,,,,,,,,,,
"334","MCCUDDY","2023081811",0,23.2,15,15.8,309,37.3,93.569,15.752,52.678,,,,,,,,,,,,,,,,,,,,,,
"334","MCCUDDY","2023081812",0,23.4,11,10.1,301,41.9,94.094,12.712,46.044,0,96.124,16.782,54.847,202.336,737.307,240.01,5,,,,,,,,,,,,,,
"334","MCCUDDY","2023081813",0,22,11,13.6,276,35,94.495,16.027,53.305,,,,,,,,,,,,,,,,,,,,,,
"334","MCCUDDY","2023081814",0,23.8,10,14.5,283,36.2,94.947,17.846,56.967,,,,,,,,,,,,,,,,,,,,,,
"334","MCCUDDY","2023081815",0,22.7,15,17,301,32.1,95.013,20.427,61.875,,,,,,,,,,,,,,,,,,,,,,
"334","MCCUDDY","2023081816",0,22.5,20,13,321,31.6,95.064,16.814,54.912,,,,,,,,,,,,,,,,,,,,,,
"334","MCCUDDY","2023081817",0,21.6,23,10.6,330,28.1,95.034,14.838,50.806,,,,,,,,,,,,,,,,,,,,,,
"334","MCCUDDY","2023081818",0,20.3,25,12,321,24.6,94.939,15.716,52.659,,,,,,,,,,,,,,,,,,,,,,
"334","MCCUDDY","2023081819",0,18.8,27,7.6,354,29.2,94.809,12.369,45.3,,,,,,,,,,,,,,,,,,,,,,
"334","MCCUDDY","2023081820",0,17,28,6.5,41,15.4,94.661,11.466,43.164,,,,,,,,,,,,,,,,,,,,,,
"334","MCCUDDY","2023081821",0,16.5,27,9.9,20,22.3,94.524,13.354,47.553,,,,,,,,,,,,,,,,,,,,,,
"334","MCCUDDY","2023081822",0,14.9,31,7.8,272,18.3,94.313,11.669,43.651,,,,,,,,,,,,,,,,,,,,,,
"334","MCCUDDY","2023081823",0,13.8,33,7.8,149,17.2,94.072,11.286,42.73,,,,,,,,,,,,,,,,,,,,,,
"344","SEYMOUR ARM","2023081800",0,25.9,41,3.5,112,13.5,92.305,7.099,24.833,,,,,,,,,,,,,,,,,,,,162,,
"344","SEYMOUR ARM","2023081801",0,25.7,41,2.2,80,13.3,92.256,6.603,23.604,,,,,,,,,,,,,,,,,,,,162,,
"344","SEYMOUR ARM","2023081802",0,25.4,39,4.6,148,13.6,92.243,7.439,25.653,,,,,,,,,,,,,,,,,,,,162,,
"344","SEYMOUR ARM","2023081803",0,25.3,41,6.3,188,15.9,92.176,8.027,27.039,,,,,,,,,,,,,,,,,,,,162,,
"344","SEYMOUR ARM","2023081804",0,24.6,43,5.5,197,20.9,92.058,7.583,25.997,,,,,,,,,,,,,,,,,,,,162,,
"344","SEYMOUR ARM","2023081805",0,23.6,38,4.7,177,22.6,92.058,7.283,25.279,,,,,,,,,,,,,,,,,,,,162,,
"344","SEYMOUR ARM","2023081806",0,22.9,31,3.7,29,19,92.108,6.974,24.528,,,,,,,,,,,,,,,,,,,,162,,
"344","SEYMOUR ARM","2023081807",0,22.2,37,4,53,14.2,92.101,7.074,24.771,,,,,,,,,,,,,,,,,,,,162,,
"344","SEYMOUR ARM","2023081808",0,22,35,5.6,28,13.2,92.13,7.699,26.271,,,,,,,,,,,,,,,,,,,,162,,
"344","SEYMOUR ARM","2023081809",0,21.3,38,2.6,190,12.6,92.093,6.584,23.558,,,,,,,,,,,,,,,,,,,,162,,
"344","SEYMOUR ARM","2023081810",0,21,34,7.6,352,19.8,92.124,8.509,28.14,,,,,,,,,,,,,,,,,,,,162,,
"344","SEYMOUR ARM","2023081811",0,19.4,36,4.2,155,31.5,92.094,7.138,24.927,,,,,,,,,,,,,,,,,,,,162,,
"344","SEYMOUR ARM","2023081812",0,18.9,40,1.4,316,19.8,92.006,6.122,22.376,0,91.902,6.033,22.5,65.9,577.4,102.542,4,,,,,,,,,,,,162,,
"344","SEYMOUR ARM","2023081813",0,19.8,41,2.7,143,7.7,91.904,6.443,23.57,,,,,,,,,,,,,,,,,,,,162,,
"344","SEYMOUR ARM","2023081814",0,23.1,30,5.3,210,15.4,91.954,7.397,25.955,,,,,,,,,,,,,,,,,,,,162,,
"344","SEYMOUR ARM","2023081815",0,21.8,28,3,293,18.4,92.004,6.634,24.059,,,,,,,,,,,,,,,,,,,,162,,
"344","SEYMOUR ARM","2023081816",0,21.5,29,4.6,356,14.1,92.054,7.242,25.577,,,,,,,,,,,,,,,,,,,,162,,
"344","SEYMOUR ARM","2023081817",0,23.4,25,4.2,283,15.3,92.207,7.252,25.602,,,,,,,,,,,,,,,,,,,,162,,
"344","SEYMOUR ARM","2023081818",0,20.2,26,5.4,14,18.8,92.257,7.76,26.827,,,,,,,,,,,,,,,,,,,,162,,
"344","SEYMOUR ARM","2023081819",0,19.3,31,2.9,72,17.4,92.303,6.886,24.695,,,,,,,,,,,,,,,,,,,,162,,
"344","SEYMOUR ARM","2023081820",0,18.8,32,4.1,16,18,92.321,7.334,25.8,,,,,,,,,,,,,,,,,,,,162,,
"344","SEYMOUR ARM","2023081821",0,17.5,34,4.2,14,11.1,92.286,7.334,25.801,,,,,,,,,,,,,,,,,,,,162,,
"344","SEYMOUR ARM","2023081822",0,15.9,41,3.6,87,13,92.114,6.945,24.842,,,,,,,,,,,,,,,,,,,,162,,
"344","SEYMOUR ARM","2023081823",0,14.9,44,3.1,88,6.9,91.9,6.57,23.897,,,,,,,,,,,,,,,,,,,,162,,
"352","CURWEN CREEK","2023081800",0,18.4,48,7.6,247,16.6,91.723,8.039,30.849,,,,,,,,,,,,,,,,,,,,10095.6,,
"352","CURWEN CREEK","2023081801",0,16.7,54,6.4,245,17.7,91.304,7.13,28.441,,,,,,,,,,,,,,,,,,,,10095.6,,
"352","CURWEN CREEK","2023081802",0,16.2,52,7.5,260,15.1,90.967,7.183,28.585,,,,,,,,,,,,,,,,,,,,10095.6,,
"352","CURWEN CREEK","2023081803",0,15.1,61,5.1,257,13.5,90.487,5.944,25.089,,,,,,,,,,,,,,,,,,,,10095.6,,
"352","CURWEN CREEK","2023081804",0,15.2,58,3.3,224,10.8,90.153,5.175,22.765,,,,,,,,,,,,,,,,,,,,10095.6,,
"352","CURWEN CREEK","2023081805",0,16.6,43,5.9,242,16.2,90.14,5.888,24.926,,,,,,,,,,,,,,,,,,,,10095.6,,
"352","CURWEN CREEK","2023081806",0,16.6,40,5.1,236,17.2,90.182,5.69,24.336,,,,,,,,,,,,,,,,,,,,10095.6,,
"352","CURWEN CREEK","2023081807",0,17,42,10.5,223,23.6,90.185,7.473,29.364,,,,,,,,,,,,,,,,,,,,10095.6,,
"352","CURWEN CREEK","2023081808",0,17.7,47,7.1,229,22.4,90.103,6.222,25.9,,,,,,,,,,,,,,,,,,,,10095.6,,
"352","CURWEN CREEK","2023081809",0,17.6,47,11.4,229,31.6,90.017,7.633,29.788,,,,,,,,,,,,,,,,,,,,10095.6,,
"352","CURWEN CREEK","2023081810",0,18.4,46,9.7,221,31,89.98,6.97,28.003,,,,,,,,,,,,,,,,,,,,10095.6,,
"352","CURWEN CREEK","2023081811",0,16.1,39,11.7,242,28.2,90.029,7.763,30.132,,,,,,,,,,,,,,,,,,,,10095.6,,
"352","CURWEN CREEK","2023081812",0,18.1,33,11.9,224,40.2,90.097,7.919,30.537,0,92.329,10.876,37.959,99.594,575.232,139.016,5,,,,,,,,,,,,10095.6,,
"352","CURWEN CREEK","2023081813",0,16.3,34,6.9,280,27.9,90.146,6.198,26.027,,,,,,,,,,,,,,,,,,,,10095.6,,
"352","CURWEN CREEK","2023081814",0,15.4,33,5.5,290,26.7,90.195,5.817,24.903,,,,,,,,,,,,,,,,,,,,10095.6,,
"352","CURWEN CREEK","2023081815",0,15.8,40,3.3,36,23.2,90.222,5.226,23.101,,,,,,,,,,,,,,,,,,,,10095.6,,
"352","CURWEN CREEK","2023081816",0,13.8,43,3.3,6,13.8,90.176,5.192,22.993,,,,,,,,,,,,,,,,,,,,10095.6,,
"352","CURWEN CREEK","2023081817",0,12.5,42,4.4,241,13.1,90.131,5.453,23.802,,,,,,,,,,,,,,,,,,,,10095.6,,
"352","CURWEN CREEK","2023081818",0,11.3,50,4.8,267,8.5,89.946,5.418,23.695,,,,,,,,,,,,,,,,,,,,10095.6,,
"352","CURWEN CREEK","2023081819",0,9.4,54,2.2,282,5.6,89.729,4.607,21.119,,,,,,,,,,,,,,,,,,,,10095.6,,
"352","CURWEN CREEK","2023081820",0,8.3,56,3.3,269,6.7,89.48,4.699,21.419,,,,,,,,,,,,,,,,,,,,10095.6,,
"352","CURWEN CREEK","2023081821",0,7.3,62,4,266,5.9,89.142,4.637,21.216,,,,,,,,,,,,,,,,,,,,10095.6,,
"352","CURWEN CREEK","2023081822",0,6.6,65,3.9,268,8.3,88.782,4.382,20.369,,,,,,,,,,,,,,,,,,,,10095.6,,
"352","CURWEN CREEK","2023081823",0,5.7,70,4.4,260,6.9,88.358,4.228,19.849,,,,,,,,,,,,,,,,,,,,10095.6,,
"361","TSAR CREEK","2023081800",0,18.2,65,10.7,279,22.3,89.825,7.169,28.232,,,,,,,,,,,,,,,,,,,,,,
"361","TSAR CREEK","2023081801",0,18.3,59,9.9,295,28.7,89.502,6.574,26.604,,,,,,,,,,,,,,,,,,,,,,
"361","TSAR CREEK","2023081802",0,17.7,63,14,271,30.4,89.084,7.612,29.409,,,,,,,,,,,,,,,,,,,,,,
"361","TSAR CREEK","2023081803",0,15.8,72,13.9,324,36.2,88.453,6.918,27.553,,,,,,,,,,,,,,,,,,,,,,
"361","TSAR CREEK","2023081804",1.2,14.6,74,16.3,331,34.4,64.441,1.172,6.88,,,,,,,,,,,,,,,,,,,,,,
"361","TSAR CREEK","2023081805",0,14.7,66,9.9,322,29.2,66.046,0.904,5.369,,,,,,,,,,,,,,,,,,,,,,
"361","TSAR CREEK","2023081806",0,15.2,64,11.1,307,30.4,67.681,1.016,6.018,,,,,,,,,,,,,,,,,,,,,,
"361","TSAR CREEK","2023081807",0.2,15,58,10,328,25.8,66.073,0.909,5.401,,,,,,,,,,,,,,,,,,,,,,
"361","TSAR CREEK","2023081808",0.4,13.5,72,12.4,311,29.2,61.108,0.817,4.848,,,,,,,,,,,,,,,,,,,,,,
"361","TSAR CREEK","2023081809",0,14.9,66,6,288,31.6,62.76,0.646,3.765,,,,,,,,,,,,,,,,,,,,,,
"361","TSAR CREEK","2023081810",0,15.1,55,11,283,28.7,64.943,0.916,5.439,,,,,,,,,,,,,,,,,,,,,,
"361","TSAR CREEK","2023081811",0,14.3,51,10.2,280,27.5,66.985,0.949,5.631,,,,,,,,,,,,,,,,,,,,,,
"361","TSAR CREEK","2023081812",3.2,9.2,89,9.4,18,45.4,31.935,0.009,0.031,5,43.778,0.109,0.287,57.884,583.4,92.76,2,,,,,,,,,,,,,,
"361","TSAR CREEK","2023081813",0,9.9,89,11.4,10,19.5,33.223,0.014,0.037,,,,,,,,,,,,,,,,,,,,,,
"361","TSAR CREEK","2023081814",0,11.2,92,3.5,281,10.8,33.952,0.011,0.03,,,,,,,,,,,,,,,,,,,,,,
"361","TSAR CREEK","2023081815",3,8.7,88,10.7,343,22.9,18.016,0,0,,,,,,,,,,,,,,,,,,,,,,
"361","TSAR CREEK","2023081816",4.4,7.9,96,7.2,9,25.8,7.431,0,0,,,,,,,,,,,,,,,,,,,,,,
"361","TSAR CREEK","2023081817",0,8.2,97,4.6,37,9.1,7.772,0,0,,,,,,,,,,,,,,,,,,,,,,
"361","TSAR CREEK","2023081818",2.8,7.5,97,6.5,7,10.2,5.74,0,0,,,,,,,,,,,,,,,,,,,,,,
"361","TSAR CREEK","2023081819",1.2,7.5,98,5.9,14,10.8,5.421,0,0,,,,,,,,,,,,,,,,,,,,,,
"361","TSAR CREEK","2023081820",0,6.7,98,5.2,9,9.1,5.654,0,0,,,,,,,,,,,,,,,,,,,,,,
"361","TSAR CREEK","2023081821",0,6,99,6,16,9.1,5.785,0,0,,,,,,,,,,,,,,,,,,,,,,
"361","TSAR CREEK","2023081822",0,6.2,99,5.8,325,9.7,5.916,0,0,,,,,,,,,,,,,,,,,,,,,,
"361","TSAR CREEK","2023081823",0.2,7.1,95,6.7,332,14.3,6.387,0,0,,,,,,,,,,,,,,,,,,,,,,
"362","MABEL LAKE 2","2023081800",0,23,36,7.4,136,17.7,94.697,12.058,43.903,,,,,,,,,,,,,,,,,,,,,,
"362","MABEL LAKE 2","2023081801",0,23.1,37,7.6,85,14.9,94.38,11.66,42.972,,,,,,,,,,,,,,,,,,,,,,
"362","MABEL LAKE 2","2023081802",0,23.7,36,12.5,173,24.1,94.102,14.363,49.044,,,,,,,,,,,,,,,,,,,,,,
"362","MABEL LAKE 2","2023081803",0,25.7,32,20.6,201,34.4,93.996,21.286,62.536,,,,,,,,,,,,,,,,,,,,,,
"362","MABEL LAKE 2","2023081804",0,25.1,32,12.6,193,36.2,93.912,14.059,48.391,,,,,,,,,,,,,,,,,,,,,,
"362","MABEL LAKE 2","2023081805",0,24,30,9.3,200,25.2,93.88,11.853,43.425,,,,,,,,,,,,,,,,,,,,,,
"362","MABEL LAKE 2","2023081806",0,24,26,15.5,218,26.4,93.931,16.314,53.107,,,,,,,,,,,,,,,,,,,,,,
"362","MABEL LAKE 2","2023081807",0,23.6,32,17.8,225,32.1,93.814,18.024,56.484,,,,,,,,,,,,,,,,,,,,,,
"362","MABEL LAKE 2","2023081808",0,22.2,35,22.5,228,44.2,93.582,22.115,64.002,,,,,,,,,,,,,,,,,,,,,,
"362","MABEL LAKE 2","2023081809",0,23.1,34,14,207,29.2,93.457,14.162,48.612,,,,,,,,,,,,,,,,,,,,,,
"362","MABEL LAKE 2","2023081810",0,23.5,33,22.2,216,33.9,93.368,21.144,62.282,,,,,,,,,,,,,,,,,,,,,,
"362","MABEL LAKE 2","2023081811",0,24,28,27.4,218,52.3,93.418,27.673,73.226,,,,,,,,,,,,,,,,,,,,,,
"362","MABEL LAKE 2","2023081812",0,24.8,23,15.4,295,47.1,93.468,15.222,50.863,0,93.905,16.174,52.944,159.337,728.952,206.067,5,,,,,,,,,,,,,,
"362","MABEL LAKE 2","2023081813",0,23.8,24,23.4,296,45.4,93.519,22.939,65.58,,,,,,,,,,,,,,,,,,,,,,
"362","MABEL LAKE 2","2023081814",0,23.6,24,24.1,264,38.5,93.57,23.932,67.277,,,,,,,,,,,,,,,,,,,,,,
"362","MABEL LAKE 2","2023081815",0,22.9,24,13.8,350,27.5,93.621,14.343,49.117,,,,,,,,,,,,,,,,,,,,,,
"362","MABEL LAKE 2","2023081816",0,24,18,12.4,304,31.6,93.828,13.757,47.844,,,,,,,,,,,,,,,,,,,,,,
"362","MABEL LAKE 2","2023081817",0,23.9,20,8.3,331,33.9,93.902,11.304,42.228,,,,,,,,,,,,,,,,,,,,,,
"362","MABEL LAKE 2","2023081818",0,21.1,28,6,322,26.4,93.879,10.036,39.106,,,,,,,,,,,,,,,,,,,,,,
"362","MABEL LAKE 2","2023081819",0,18,36,4.4,124,11.4,93.669,8.992,36.402,,,,,,,,,,,,,,,,,,,,,,
"362","MABEL LAKE 2","2023081820",0,17.5,33,11,109,17.7,93.495,12.24,44.431,,,,,,,,,,,,,,,,,,,,,,
"362","MABEL LAKE 2","2023081821",0,16.8,34,9.7,101,21.2,93.316,11.181,41.932,,,,,,,,,,,,,,,,,,,,,,
"362","MABEL LAKE 2","2023081822",0,14.6,42,3.9,162,14.3,93.022,8.012,33.733,,,,,,,,,,,,,,,,,,,,,,
"362","MABEL LAKE 2","2023081823",0,15.9,36,11.6,105,21.2,92.828,11.492,42.677,,,,,,,,,,,,,,,,,,,,,,
"363","REVELSTOKE","2023081800",0,19.1,55,4.4,292,13.7,89.233,4.794,22.336,,,,,,,,,,,,,,,,,,,,,,
"363","REVELSTOKE","2023081801",0,19.5,54,5.5,327,11.4,89.147,5.005,23.026,,,,,,,,,,,,,,,,,,,,,,
"363","REVELSTOKE","2023081802",0,19.2,50,5.4,278,10.8,89.15,4.982,22.953,,,,,,,,,,,,,,,,,,,,,,
"363","REVELSTOKE","2023081803",0,19,54,8.1,285,20.6,89.057,5.632,25.016,,,,,,,,,,,,,,,,,,,,,,
"363","REVELSTOKE","2023081804",0,22.4,42,4.4,212,21.8,89.12,4.717,22.079,,,,,,,,,,,,,,,,,,,,,,
"363","REVELSTOKE","2023081805",0,23.6,40,9.7,240,24.1,89.267,6.292,27.009,,,,,,,,,,,,,,,,,,,,,,
"363","REVELSTOKE","2023081806",0,23.3,39,14,258,37.9,89.419,7.986,31.755,,,,,,,,,,,,,,,,,,,,,,
"363","REVELSTOKE","2023081807",0,23.1,35,12.8,234,32.1,89.668,7.792,31.234,,,,,,,,,,,,,,,,,,,,,,
"363","REVELSTOKE","2023081808",0,22.4,40,12.5,251,33.3,89.717,7.729,31.065,,,,,,,,,,,,,,,,,,,,,,
"363","REVELSTOKE","2023081809",0,21.9,42,7.1,216,25.2,89.766,5.929,25.925,,,,,,,,,,,,,,,,,,,,,,
"363","REVELSTOKE","2023081810",0,22.6,33,11.8,282,26.9,90.005,7.776,31.191,,,,,,,,,,,,,,,,,,,,,,
"363","REVELSTOKE","2023081811",0,22,30,9.9,214,25.8,90.281,7.35,30.029,,,,,,,,,,,,,,,,,,,,,,
"363","REVELSTOKE","2023081812",0,20.9,31,11,308,31.6,90.448,7.957,31.677,0,92.715,10.974,39.391,111.144,642.822,155.202,5,,,,,,,,,,,,,,
"363","REVELSTOKE","2023081813",0,18.9,34,14.9,13,42.5,90.498,9.754,36.477,,,,,,,,,,,,,,,,,,,,,,
"363","REVELSTOKE","2023081814",0,16.4,44,4.7,230,33.9,90.434,5.781,25.637,,,,,,,,,,,,,,,,,,,,,,
"363","REVELSTOKE","2023081815",0,18.9,34,5.1,199,15.4,90.484,5.941,26.127,,,,,,,,,,,,,,,,,,,,,,
"363","REVELSTOKE","2023081816",0,17.1,41,16.8,292,32.1,90.469,10.69,38.727,,,,,,,,,,,,,,,,,,,,,,
"363","REVELSTOKE","2023081817",0.2,17.6,47,3,324,35,85.579,2.656,14.535,,,,,,,,,,,,,,,,,,,,,,
"363","REVELSTOKE","2023081818",0,17.2,49,2.3,283,9.1,85.767,2.632,14.435,,,,,,,,,,,,,,,,,,,,,,
"363","REVELSTOKE","2023081819",0,13.5,74,4.6,339,7.4,85.574,2.877,15.453,,,,,,,,,,,,,,,,,,,,,,
"363","REVELSTOKE","2023081820",0,11.6,73,4.1,343,7.9,85.411,2.742,14.898,,,,,,,,,,,,,,,,,,,,,,
"363","REVELSTOKE","2023081821",0,10.1,78,4,315,7.4,85.141,2.628,14.42,,,,,,,,,,,,,,,,,,,,,,
"363","REVELSTOKE","2023081822",0,8.8,83,4.2,316,10.2,84.757,2.519,13.952,,,,,,,,,,,,,,,,,,,,,,
"363","REVELSTOKE","2023081823",0,7.7,81,6.6,331,10.8,84.443,2.724,14.821,,,,,,,,,,,,,,,,,,,,,,
"366","WHISKEY","2023081800",0,19.3,41,6.8,321,13.7,92.423,8.523,29.93,,,,,,,,,,,,,,,,,,,,,,
"366","WHISKEY","2023081801",0,18.3,45,6.6,317,13.7,92.142,8.11,28.939,,,,,,,,,,,,,,,,,,,,,,
"366","WHISKEY","2023081802",0,17.5,47,3.7,342,11.4,91.873,6.746,25.499,,,,,,,,,,,,,,,,,,,,,,
"366","WHISKEY","2023081803",0,17.9,42,7.3,290,14.3,91.712,7.906,28.439,,,,,,,,,,,,,,,,,,,,,,
"366","WHISKEY","2023081804",0,19.3,40,6.7,275,14.9,91.632,7.584,27.643,,,,,,,,,,,,,,,,,,,,,,
"366","WHISKEY","2023081805",0,19.5,39,7.3,262,18.9,91.583,7.763,28.087,,,,,,,,,,,,,,,,,,,,,,
"366","WHISKEY","2023081806",0,19.9,38,8.8,273,20,91.565,8.35,29.517,,,,,,,,,,,,,,,,,,,,,,
"366","WHISKEY","2023081807",0,20.1,40,6.9,227,17.7,91.513,7.532,27.513,,,,,,,,,,,,,,,,,,,,,,
"366","WHISKEY","2023081808",0.2,15.4,81,7.5,271,21.2,85.798,3.435,15.631,,,,,,,,,,,,,,,,,,,,,,
"366","WHISKEY","2023081809",0,19.7,53,4,288,18.9,85.951,2.942,13.878,,,,,,,,,,,,,,,,,,,,,,
"366","WHISKEY","2023081810",0,21.4,32,6.1,175,22.9,86.694,3.632,16.305,,,,,,,,,,,,,,,,,,,,,,
"366","WHISKEY","2023081811",0,21.8,25,10.8,200,34.4,87.667,5.287,21.474,,,,,,,,,,,,,,,,,,,,,,
"366","WHISKEY","2023081812",0,19.7,32,15.3,274,37.9,88.18,7.139,26.516,0.2,92.846,13.882,41.801,79.365,555.352,116.948,4,,,,,,,,,,,,,,
"366","WHISKEY","2023081813",1,10.4,84,16.3,278,52.3,66.998,1.291,7.063,,,,,,,,,,,,,,,,,,,,,,
"366","WHISKEY","2023081814",0.2,10.1,74,28.9,325,56.3,65.039,2.266,11.452,,,,,,,,,,,,,,,,,,,,,,
"366","WHISKEY","2023081815",3,8.1,77,16.8,294,48.2,33.4,0.019,0.06,,,,,,,,,,,,,,,,,,,,,,
"366","WHISKEY","2023081816",0,10.9,66,11.9,301,28.1,36.258,0.029,0.091,,,,,,,,,,,,,,,,,,,,,,
"366","WHISKEY","2023081817",0,10.6,65,17.2,321,37.3,39.326,0.073,0.224,,,,,,,,,,,,,,,,,,,,,,
"366","WHISKEY","2023081818",0.2,8.8,63,23.4,323,67.3,40.654,0.128,0.394,,,,,,,,,,,,,,,,,,,,,,
"366","WHISKEY","2023081819",0,6.1,89,6.6,30,33.9,41.496,0.064,0.197,,,,,,,,,,,,,,,,,,,,,,
"366","WHISKEY","2023081820",0,4.9,93,4.4,18,9.1,41.979,0.062,0.192,,,,,,,,,,,,,,,,,,,,,,
"366","WHISKEY","2023081821",0,4.2,94,3.7,358,7.9,42.369,0.064,0.199,,,,,,,,,,,,,,,,,,,,,,
"366","WHISKEY","2023081822",0,3.8,94,5.1,337,7.9,42.784,0.074,0.229,,,,,,,,,,,,,,,,,,,,,,
"366","WHISKEY","2023081823",0,3.4,95,3.7,27,6.8,43.103,0.073,0.225,,,,,,,,,,,,,,,,,,,,,,
"367","MARION","2023081800",0,15.1,68,6.7,277,16,89.585,5.662,17.464,,,,,,,,,,,,,,,,,,,,,,
"367","MARION","2023081801",0,14.8,66,6.3,298,18.3,89.132,5.199,16.386,,,,,,,,,,,,,,,,,,,,,,
"367","MARION","2023081802",0,19.2,45,6.8,196,21.2,89.181,5.37,16.788,,,,,,,,,,,,,,,,,,,,,,
"367","MARION","2023081803",0,14.7,68,4.1,309,11.4,88.757,4.41,14.454,,,,,,,,,,,,,,,,,,,,,,
"367","MARION","2023081804",0,14.1,69,3.4,106,14.9,88.366,4.025,13.465,,,,,,,,,,,,,,,,,,,,,,
"367","MARION","2023081805",0,12.7,81,3.5,210,7.9,87.698,3.676,12.535,,,,,,,,,,,,,,,,,,,,,,
"367","MARION","2023081806",0,13.4,79,3,250,13.1,87.176,3.327,11.571,,,,,,,,,,,,,,,,,,,,,,
"367","MARION","2023081807",0,16.7,59,6.6,200,15.4,87.182,3.992,13.377,,,,,,,,,,,,,,,,,,,,,,
"367","MARION","2023081808",0,20.6,48,6.3,253,24.1,87.307,4.003,13.406,,,,,,,,,,,,,,,,,,,,,,
"367","MARION","2023081809",0.2,15.3,84,7,227,31.6,82.313,2.108,7.863,,,,,,,,,,,,,,,,,,,,,,
"367","MARION","2023081810",0,18.9,50,6.5,36,21.2,82.913,2.216,8.218,,,,,,,,,,,,,,,,,,,,,,
"367","MARION","2023081811",0,20.1,35,6,2,20.6,83.891,2.454,8.981,,,,,,,,,,,,,,,,,,,,,,
"367","MARION","2023081812",0,21.1,23,15.9,315,36.2,85.418,4.975,15.849,0.2,94.252,17.403,39.152,49.783,352.05,73.561,3,,,,,,,,,,,,,,
"367","MARION","2023081813",0,16.3,44,21.1,289,51.1,85.8,6.818,20.66,,,,,,,,,,,,,,,,,,,,,,
"367","MARION","2023081814",0,13.6,50,16.8,328,44.8,85.908,5.573,17.832,,,,,,,,,,,,,,,,,,,,,,
"367","MARION","2023081815",0.2,9.7,84,23.7,293,44.8,81.075,4.221,14.455,,,,,,,,,,,,,,,,,,,,,,
"367","MARION","2023081816",2.8,6.9,94,3.7,286,47.7,39.951,0.041,0.092,,,,,,,,,,,,,,,,,,,,,,
"367","MARION","2023081817",0,8.8,89,4.8,184,11.4,40.816,0.052,0.115,,,,,,,,,,,,,,,,,,,,,,
"367","MARION","2023081818",0,8.5,94,1.8,327,9.1,41.21,0.048,0.106,,,,,,,,,,,,,,,,,,,,,,
"367","MARION","2023081819",0,7.5,82,13.4,275,28.1,42.791,0.113,0.251,,,,,,,,,,,,,,,,,,,,,,
"367","MARION","2023081820",0,4.9,96,4.8,214,21.8,43.087,0.077,0.171,,,,,,,,,,,,,,,,,,,,,,
"367","MARION","2023081821",0,2.7,99,4.4,246,7.9,43.179,0.077,0.17,,,,,,,,,,,,,,,,,,,,,,
"367","MARION","2023081822",0,1.4,99,2.5,198,6.2,43.26,0.071,0.157,,,,,,,,,,,,,,,,,,,,,,
"367","MARION","2023081823",0,1,100,1.6,173,6.8,43.294,0.068,0.151,,,,,,,,,,,,,,,,,,,,,,
"374","SUCCOUR CREEK","2023081800",0,21.4,55,5.5,212,11.4,90.465,6.046,25.683,,,,,,,,,,,,,,,,,,,,,,
"374","SUCCOUR CREEK","2023081801",0,19.8,67,3.8,208,11.4,89.922,5.134,22.905,,,,,,,,,,,,,,,,,,,,,,
"374","SUCCOUR CREEK","2023081802",0,18.5,72,4.1,153,6.8,89.301,4.768,21.734,,,,,,,,,,,,,,,,,,,,,,
"374","SUCCOUR CREEK","2023081803",0,17.8,73,3,225,7.9,88.756,4.172,19.739,,,,,,,,,,,,,,,,,,,,,,
"374","SUCCOUR CREEK","2023081804",0,17.5,67,5.9,355,9.7,88.397,4.586,21.136,,,,,,,,,,,,,,,,,,,,,,
"374","SUCCOUR CREEK","2023081805",0.4,15.7,90,6.6,310,17.2,78.771,1.406,8.344,,,,,,,,,,,,,,,,,,,,,,
"374","SUCCOUR CREEK","2023081806",1.2,14.4,91,9.5,26,21.2,57.254,0.545,3.205,,,,,,,,,,,,,,,,,,,,,,
"374","SUCCOUR CREEK","2023081807",0.6,14.2,86,8.5,31,18.3,50.313,0.262,0.893,,,,,,,,,,,,,,,,,,,,,,
"374","SUCCOUR CREEK","2023081808",1.4,13.1,95,4.8,195,22.3,35.794,0.019,0.063,,,,,,,,,,,,,,,,,,,,,,
"374","SUCCOUR CREEK","2023081809",3.8,13,99,5.3,342,10.8,15.061,0,0,,,,,,,,,,,,,,,,,,,,,,
"374","SUCCOUR CREEK","2023081810",0,13.2,99,2.6,106,13.7,15.196,0,0,,,,,,,,,,,,,,,,,,,,,,
"374","SUCCOUR CREEK","2023081811",0,14.4,94,3.4,301,13.1,15.915,0,0,,,,,,,,,,,,,,,,,,,,,,
"374","SUCCOUR CREEK","2023081812",0,13.3,76,19.8,293,43.6,19.218,0,0.001,7.4,53.002,0.624,2.645,54.123,633.61,89.197,2,,,,,,,,,,,,,,
"374","SUCCOUR CREEK","2023081813",0.6,10.7,94,5.3,164,47.1,17.583,0,0,,,,,,,,,,,,,,,,,,,,,,
"374","SUCCOUR CREEK","2023081814",0,12,77,8.3,323,16,19.958,0,0.001,,,,,,,,,,,,,,,,,,,,,,
"374","SUCCOUR CREEK","2023081815",0,12.7,79,5.9,353,17.7,22.044,0,0.001,,,,,,,,,,,,,,,,,,,,,,
"374","SUCCOUR CREEK","2023081816",2.2,9.1,89,16.1,332,40.2,14.694,0,0,,,,,,,,,,,,,,,,,,,,,,
"374","SUCCOUR CREEK","2023081817",1.8,11.6,88,3.5,173,32.1,11.211,0,0,,,,,,,,,,,,,,,,,,,,,,
"374","SUCCOUR CREEK","2023081818",0,10.5,94,2.9,102,9.7,11.814,0,0,,,,,,,,,,,,,,,,,,,,,,
"374","SUCCOUR CREEK","2023081819",0,9.2,98,4,276,6.2,12.051,0,0,,,,,,,,,,,,,,,,,,,,,,
"374","SUCCOUR CREEK","2023081820",0,8.6,97,4.7,278,9.7,12.398,0,0,,,,,,,,,,,,,,,,,,,,,,
"374","SUCCOUR CREEK","2023081821",0.2,7.9,100,0,279,6.8,11.982,0,0,,,,,,,,,,,,,,,,,,,,,,
"374","SUCCOUR CREEK","2023081822",0.2,8.2,100,4.8,280,8.5,11.588,0,0,,,,,,,,,,,,,,,,,,,,,,
"374","SUCCOUR CREEK","2023081823",0,7.7,100,5,260,8.5,11.611,0,0,,,,,,,,,,,,,,,,,,,,,,
"376","TABERNACLE WIND","2023081800",0,13.8,52,26.6,231,59.8,,,,,,,,,,,,,,,,,,,,,,,,,
"376","TABERNACLE WIND","2023081801",0,13,55,11.9,220,55.2,,,,,,,,,,,,,,,,,,,,,,,,,
"376","TABERNACLE WIND","2023081802",0,12.2,59,42.4,228,77,,,,,,,,,,,,,,,,,,,,,,,,,
"376","TABERNACLE WIND","2023081803",0,11.5,64,22.7,218,69,,,,,,,,,,,,,,,,,,,,,,,,,
"376","TABERNACLE WIND","2023081804",0,9.3,78,41.3,217,64.9,,,,,,,,,,,,,,,,,,,,,,,,,
"376","TABERNACLE WIND","2023081805",0,8.1,78,40.1,242,69.6,,,,,,,,,,,,,,,,,,,,,,,,,
"376","TABERNACLE WIND","2023081806",0,8,80,31.9,254,59.2,,,,,,,,,,,,,,,,,,,,,,,,,
"376","TABERNACLE WIND","2023081807",0,6.2,96,19.4,261,57.5,,,,,,,,,,,,,,,,,,,,,,,,,
"376","TABERNACLE WIND","2023081808",0,6.1,75,34.3,251,56.9,,,,,,,,,,,,,,,,,,,,,,,,,
"376","TABERNACLE WIND","2023081809",0,6.4,72,32.4,258,43.6,,,,,,,,,,,,,,,,,,,,,,,,,
"376","TABERNACLE WIND","2023081810",0,5.7,62,33.2,264,59.2,,,,,,,,,,,,,,,,,,,,,,,,,
"376","TABERNACLE WIND","2023081811",0,5,76,26.8,249,50.6,,,,,,,,,,,,,,,,,,,,,,,,,
"376","TABERNACLE WIND","2023081812",0,2.1,90,30.1,251,56.3,,,,0,,,,,,,,,,,,,,,,,,,,,
"376","TABERNACLE WIND","2023081813",0,1.3,74,32.8,264,87.4,,,,,,,,,,,,,,,,,,,,,,,,,
"376","TABERNACLE WIND","2023081814",0,2.6,82,28.7,274,51.1,,,,,,,,,,,,,,,,,,,,,,,,,
"376","TABERNACLE WIND","2023081815",0,0.5,87,18.4,267,38.5,,,,,,,,,,,,,,,,,,,,,,,,,
"376","TABERNACLE WIND","2023081816",0,-1.1,96,43.6,268,77,,,,,,,,,,,,,,,,,,,,,,,,,
"376","TABERNACLE WIND","2023081817",0,-0.4,96,9.8,258,50.6,,,,,,,,,,,,,,,,,,,,,,,,,
"376","TABERNACLE WIND","2023081818",0,-0.5,97,5,190,25.2,,,,,,,,,,,,,,,,,,,,,,,,,
"376","TABERNACLE WIND","2023081819",0,-0.9,97,14.3,277,23.5,,,,,,,,,,,,,,,,,,,,,,,,,
"376","TABERNACLE WIND","2023081820",0,-0.8,97,17.5,262,27.5,,,,,,,,,,,,,,,,,,,,,,,,,
"376","TABERNACLE WIND","2023081821",0,-0.7,97,9.2,255,32.1,,,,,,,,,,,,,,,,,,,,,,,,,
"376","TABERNACLE WIND","2023081822",0,-1,97,11.5,272,26.4,,,,,,,,,,,,,,,,,,,,,,,,,
"376","TABERNACLE WIND","2023081823",0,-0.9,97,14.2,275,15.4,,,,,,,,,,,,,,,,,,,,,,,,,
"379","GOLD HILL","2023081800",0,18.4,62,4.3,237,9.1,87.521,3.732,13.59,,,,,,,,,,,,,,,,,,,,,,
"379","GOLD HILL","2023081801",0,18.4,65,4.7,222,7.4,87.388,3.736,13.601,,,,,,,,,,,,,,,,,,,,,,
"379","GOLD HILL","2023081802",0,17.7,65,4.6,258,6.2,87.262,3.651,13.358,,,,,,,,,,,,,,,,,,,,,,
"379","GOLD HILL","2023081803",0,17,65,4.5,235,7.4,87.142,3.571,13.128,,,,,,,,,,,,,,,,,,,,,,
"379","GOLD HILL","2023081804",0,17,67,5.1,247,6.8,86.988,3.601,13.214,,,,,,,,,,,,,,,,,,,,,,
"379","GOLD HILL","2023081805",0,16.9,65,3.9,253,6.2,86.902,3.348,12.476,,,,,,,,,,,,,,,,,,,,,,
"379","GOLD HILL","2023081806",0,17.1,68,3.7,268,5.6,86.764,3.25,12.184,,,,,,,,,,,,,,,,,,,,,,
"379","GOLD HILL","2023081807",0,17.5,74,3.7,248,7.9,86.497,3.13,11.821,,,,,,,,,,,,,,,,,,,,,,
"379","GOLD HILL","2023081808",0,17.7,73,4.7,114,8.5,86.285,3.194,12.016,,,,,,,,,,,,,,,,,,,,,,
"379","GOLD HILL","2023081809",0,20.4,57,3.8,297,10.8,86.333,3.073,11.649,,,,,,,,,,,,,,,,,,,,,,
"379","GOLD HILL","2023081810",0,24.3,25,7.4,54,14.9,87.45,4.318,15.211,,,,,,,,,,,,,,,,,,,,,,
"379","GOLD HILL","2023081811",0,29.1,14,12.5,349,30.4,89.372,7.356,22.502,,,,,,,,,,,,,,,,,,,,,,
"379","GOLD HILL","2023081812",0,27.4,20,13.8,325,33.3,90.481,9.206,26.33,0,94.28,15.717,39.036,54.984,443.717,83.958,5,,,,,,,,,,,,,,
"379","GOLD HILL","2023081813",0,25,22,11.9,334,31,91.124,9.169,27.245,,,,,,,,,,,,,,,,,,,,,,
"379","GOLD HILL","2023081814",0,24,23,7.3,304,28.1,91.533,7.707,24.153,,,,,,,,,,,,,,,,,,,,,,
"379","GOLD HILL","2023081815",0,21.5,29,18.8,337,42.5,91.586,13.863,35.963,,,,,,,,,,,,,,,,,,,,,,
"379","GOLD HILL","2023081816",0,19.3,32,16.2,336,43.1,91.636,12.247,33.133,,,,,,,,,,,,,,,,,,,,,,
"379","GOLD HILL","2023081817",0,17.8,35,14.4,328,32.1,91.634,11.183,31.178,,,,,,,,,,,,,,,,,,,,,,
"379","GOLD HILL","2023081818",0,16.9,36,9.5,311,23.5,91.603,8.698,26.273,,,,,,,,,,,,,,,,,,,,,,
"379","GOLD HILL","2023081819",0,16.2,36,9,286,19.5,91.567,8.437,25.725,,,,,,,,,,,,,,,,,,,,,,
"379","GOLD HILL","2023081820",0,15.3,39,8.1,291,19.5,91.467,7.949,24.681,,,,,,,,,,,,,,,,,,,,,,
"379","GOLD HILL","2023081821",0,14.1,47,4.4,343,14.3,91.236,6.384,21.133,,,,,,,,,,,,,,,,,,,,,,
"379","GOLD HILL","2023081822",0,12.1,52,3.3,276,5.1,90.937,5.789,19.691,,,,,,,,,,,,,,,,,,,,,,
"379","GOLD HILL","2023081823",0,12,50,3.8,291,7.9,90.694,5.734,19.556,,,,,,,,,,,,,,,,,,,,,,
"380","POWDER CREEK","2023081800",0,23.1,39,8.8,164,18.3,92.575,9.631,33.441,,,,,,,,,,,,,,,,,,,,,,
"380","POWDER CREEK","2023081801",0,22.7,40,7.4,173,14.9,92.441,8.808,31.504,,,,,,,,,,,,,,,,,,,,,,
"380","POWDER CREEK","2023081802",0,22.1,42,9.9,169,17.7,92.251,9.727,33.661,,,,,,,,,,,,,,,,,,,,,,
"380","POWDER CREEK","2023081803",0,21.4,45,8.8,146,18.9,92.004,8.887,31.693,,,,,,,,,,,,,,,,,,,,,,
"380","POWDER CREEK","2023081804",0,21,46,8.1,142,13.7,91.764,8.292,30.249,,,,,,,,,,,,,,,,,,,,,,
"380","POWDER CREEK","2023081805",0,19.6,50,7.4,139,13.7,91.445,7.65,28.641,,,,,,,,,,,,,,,,,,,,,,
"380","POWDER CREEK","2023081806",0,19.8,49,8.3,147,12,91.186,7.716,28.809,,,,,,,,,,,,,,,,,,,,,,
"380","POWDER CREEK","2023081807",0,21.2,46,7.1,164,16,91.059,7.133,27.302,,,,,,,,,,,,,,,,,,,,,,
"380","POWDER CREEK","2023081808",0,22.2,44,9.3,192,18.3,91.007,7.91,29.3,,,,,,,,,,,,,,,,,,,,,,
"380","POWDER CREEK","2023081809",0,21.4,48,7.5,164,14.3,90.856,7.07,27.138,,,,,,,,,,,,,,,,,,,,,,
"380","POWDER CREEK","2023081810",0,23.6,39,5,254,16.6,90.906,6.278,24.995,,,,,,,,,,,,,,,,,,,,,,
"380","POWDER CREEK","2023081811",0,25.8,29,9,203,17.2,91.2,8.009,29.548,,,,,,,,,,,,,,,,,,,,,,
"380","POWDER CREEK","2023081812",0,28.6,20,10.9,203,22.3,91.98,9.845,33.931,0,94.692,14.373,44.097,91.235,524.187,127.146,5,,,,,,,,,,,,,,
"380","POWDER CREEK","2023081813",0,30.2,12,10,279,28.1,93.104,11.02,37.147,,,,,,,,,,,,,,,,,,,,,,
"380","POWDER CREEK","2023081814",0,29,7,10,310,37.3,94.207,12.848,41.038,,,,,,,,,,,,,,,,,,,,,,
"380","POWDER CREEK","2023081815",0,27.2,6,11.6,283,31.6,95.077,15.698,46.637,,,,,,,,,,,,,,,,,,,,,,
"380","POWDER CREEK","2023081816",0,24.6,17,9.9,318,25.8,95.128,14.509,44.363,,,,,,,,,,,,,,,,,,,,,,
"380","POWDER CREEK","2023081817",0,22.5,18,16.3,13,37.9,95.179,20.171,54.558,,,,,,,,,,,,,,,,,,,,,,
"380","POWDER CREEK","2023081818",0,20,24,11.1,37,39.6,95.093,15.34,45.96,,,,,,,,,,,,,,,,,,,,,,
"380","POWDER CREEK","2023081819",0,16.6,32,12.7,43,33.9,94.776,15.92,47.054,,,,,,,,,,,,,,,,,,,,,,
"380","POWDER CREEK","2023081820",0,16,30,14.8,60,32.1,94.527,17.101,49.222,,,,,,,,,,,,,,,,,,,,,,
"380","POWDER CREEK","2023081821",0,15.6,30,11.8,68,26.4,94.316,14.281,43.918,,,,,,,,,,,,,,,,,,,,,,
"380","POWDER CREEK","2023081822",0,15.3,29,10.5,67,23.5,94.153,13.077,41.507,,,,,,,,,,,,,,,,,,,,,,
"380","POWDER CREEK","2023081823",0,14.5,33,10,18,18.9,93.913,12.335,39.973,,,,,,,,,,,,,,,,,,,,,,
"383","FALLS CREEK","2023081800",0,24.1,31,4.1,33,14.5,94.183,9.512,32.976,,,,,,,,,,,,,,,,,,,,18,,
"383","FALLS CREEK","2023081801",0,23.7,34,5,347,11.6,94.036,9.752,33.528,,,,,,,,,,,,,,,,,,,,18,,
"383","FALLS CREEK","2023081802",0,23.5,32,4.2,262,14.6,93.954,9.261,32.394,,,,,,,,,,,,,,,,,,,,18,,
"383","FALLS CREEK","2023081803",0,23.2,32,7.6,310,20.1,93.86,10.849,35.975,,,,,,,,,,,,,,,,,,,,18,,
"383","FALLS CREEK","2023081804",0,22.9,32,6.7,18,17.6,93.776,10.248,34.648,,,,,,,,,,,,,,,,,,,,18,,
"383","FALLS CREEK","2023081805",0,23.5,34,6.3,63,19,93.664,9.888,33.838,,,,,,,,,,,,,,,,,,,,18,,
"383","FALLS CREEK","2023081806",0,21.5,40,2.8,33,15.2,93.433,8.027,29.422,,,,,,,,,,,,,,,,,,,,18,,
"383","FALLS CREEK","2023081807",0,21.6,34,4,72,20,93.345,8.424,30.398,,,,,,,,,,,,,,,,,,,,18,,
"383","FALLS CREEK","2023081808",0,21.7,32,6.4,211,21.7,93.3,9.447,32.825,,,,,,,,,,,,,,,,,,,,18,,
"383","FALLS CREEK","2023081809",0,21.3,30,6.8,231,27.6,93.295,9.633,33.255,,,,,,,,,,,,,,,,,,,,18,,
"383","FALLS CREEK","2023081810",0,22,29,5.5,103,20.8,93.324,9.058,31.917,,,,,,,,,,,,,,,,,,,,18,,
"383","FALLS CREEK","2023081811",0,22.9,28,13,211,30,93.374,13.312,41.096,,,,,,,,,,,,,,,,,,,,18,,
"383","FALLS CREEK","2023081812",0,24.6,22,17.9,226,32.5,93.471,17.272,48.505,0,93.429,17.171,49.024,86.508,559.529,124.785,5,,,,,,,,,,,,18,,
"383","FALLS CREEK","2023081813",0,25.8,20,17.3,240,41.2,93.687,17.27,49.201,,,,,,,,,,,,,,,,,,,,18,,
"383","FALLS CREEK","2023081814",0,26.3,17,18.1,239,38.9,94.034,18.866,51.998,,,,,,,,,,,,,,,,,,,,18,,
"383","FALLS CREEK","2023081815",0,20.8,24,11.7,306,34.4,94.071,13.735,42.549,,,,,,,,,,,,,,,,,,,,18,,
"383","FALLS CREEK","2023081816",0,19,31,12.1,300,23.4,93.913,13.712,42.504,,,,,,,,,,,,,,,,,,,,18,,
"383","FALLS CREEK","2023081817",0,17.8,33,5,277,19.9,93.756,9.381,33.172,,,,,,,,,,,,,,,,,,,,18,,
"383","FALLS CREEK","2023081818",0,16.5,31,8.2,314,19,93.623,10.82,36.452,,,,,,,,,,,,,,,,,,,,18,,
"383","FALLS CREEK","2023081819",0,16.3,30,6.7,13,17.7,93.527,9.9,34.38,,,,,,,,,,,,,,,,,,,,18,,
"383","FALLS CREEK","2023081820",0,14.7,38,4.9,22,13.8,93.283,8.739,31.638,,,,,,,,,,,,,,,,,,,,18,,
"383","FALLS CREEK","2023081821",0,13.5,38,2.6,82,8.6,93.083,7.568,28.707,,,,,,,,,,,,,,,,,,,,18,,
"383","FALLS CREEK","2023081822",0,12.8,42,4.3,57,7.2,92.799,7.923,29.616,,,,,,,,,,,,,,,,,,,,18,,
"383","FALLS CREEK","2023081823",0,11.8,45,1.2,35,6,92.538,6.533,25.951,,,,,,,,,,,,,,,,,,,,18,,
"385","DUNCAN","2023081800",0,19.5,48,12.1,153,28.7,89.616,7.466,22.015,,,,,,,,,,,,,,,,,,,,,,
"385","DUNCAN","2023081801",0,18.2,57,7.6,148,18.3,89.384,5.757,18.237,,,,,,,,,,,,,,,,,,,,,,
"385","DUNCAN","2023081802",0,19.4,46,7.2,165,18.3,89.433,5.681,18.06,,,,,,,,,,,,,,,,,,,,,,
"385","DUNCAN","2023081803",0,19.8,46,8.9,147,24.6,89.482,6.233,19.331,,,,,,,,,,,,,,,,,,,,,,
"385","DUNCAN","2023081804",0,18.7,46,9.1,164,19.5,89.516,6.327,19.542,,,,,,,,,,,,,,,,,,,,,,
"385","DUNCAN","2023081805",0,19.6,41,13.9,143,23.5,89.565,8.115,23.356,,,,,,,,,,,,,,,,,,,,,,
"385","DUNCAN","2023081806",0,20.4,48,15.6,146,31,89.575,8.853,24.825,,,,,,,,,,,,,,,,,,,,,,
"385","DUNCAN","2023081807",0,20.4,37,29.1,141,47.7,89.659,17.692,39.521,,,,,,,,,,,,,,,,,,,,,,
"385","DUNCAN","2023081808",0,18.9,48,8.9,147,42.5,89.632,6.369,19.637,,,,,,,,,,,,,,,,,,,,,,
"385","DUNCAN","2023081809",0,18,50,6.6,151,24.6,89.557,5.611,17.894,,,,,,,,,,,,,,,,,,,,,,
"385","DUNCAN","2023081810",0,21.4,30,12.3,162,24.1,89.892,7.846,22.806,,,,,,,,,,,,,,,,,,,,,,
"385","DUNCAN","2023081811",0,22,28,10,175,26.9,90.255,7.36,21.793,,,,,,,,,,,,,,,,,,,,,,
"385","DUNCAN","2023081812",0,21.8,25,15.6,165,29.8,90.69,10.386,27.723,0,92.453,13.337,33.75,52.617,370.165,77.642,5,,,,,,,,,,,,,,
"385","DUNCAN","2023081813",0.4,13.5,71,14.9,0,68.4,80.91,2.659,10.313,,,,,,,,,,,,,,,,,,,,,,
"385","DUNCAN","2023081814",0,17,45,5.6,40,26.9,81.688,1.821,7.435,,,,,,,,,,,,,,,,,,,,,,
"385","DUNCAN","2023081815",0,10.9,72,15.5,352,48.8,81.766,3.026,11.468,,,,,,,,,,,,,,,,,,,,,,
"385","DUNCAN","2023081816",0,10.8,72,10.8,1,21.8,81.834,2.408,9.49,,,,,,,,,,,,,,,,,,,,,,
"385","DUNCAN","2023081817",0,12.5,39,13.4,29,21.8,82.585,3.01,11.417,,,,,,,,,,,,,,,,,,,,,,
"385","DUNCAN","2023081818",0,11.8,53,8.7,44,21.8,82.903,2.472,9.704,,,,,,,,,,,,,,,,,,,,,,
"385","DUNCAN","2023081819",0,10.3,67,15.5,16,24.6,82.95,3.504,12.894,,,,,,,,,,,,,,,,,,,,,,
"385","DUNCAN","2023081820",0,8.9,71,13.8,11,24.1,82.997,3.235,12.103,,,,,,,,,,,,,,,,,,,,,,
"385","DUNCAN","2023081821",0,8.1,73,11.5,14,21.8,83.04,2.897,11.068,,,,,,,,,,,,,,,,,,,,,,
"385","DUNCAN","2023081822",0,7.7,73,13.1,17,20.6,83.072,3.153,11.855,,,,,,,,,,,,,,,,,,,,,,
"385","DUNCAN","2023081823",0,7.3,78,18.6,12,29.2,82.971,4.107,14.595,,,,,,,,,,,,,,,,,,,,,,
"387","TROUT LAKE","2023081800",0,22.5,33,8.6,81,25.1,91.747,8.483,24.351,,,,,,,,,,,,,,,,,,,,123.4,,
"387","TROUT LAKE","2023081801",0,21.5,38,7.1,59,16.4,91.741,7.858,23.076,,,,,,,,,,,,,,,,,,,,123.4,,
"387","TROUT LAKE","2023081802",0,19.2,46,7.3,88,13.6,91.519,7.692,22.729,,,,,,,,,,,,,,,,,,,,123.4,,
"387","TROUT LAKE","2023081803",0,19.5,43,7.2,61,14.9,91.396,7.521,22.37,,,,,,,,,,,,,,,,,,,,123.4,,
"387","TROUT LAKE","2023081804",0,17.5,52,7.5,92,11.9,91.056,7.275,21.847,,,,,,,,,,,,,,,,,,,,123.4,,
"387","TROUT LAKE","2023081805",0,20.2,36,11.1,209,27.6,91.106,8.784,24.952,,,,,,,,,,,,,,,,,,,,123.4,,
"387","TROUT LAKE","2023081806",0,20.3,38,4.9,258,18.6,91.15,6.468,20.077,,,,,,,,,,,,,,,,,,,,123.4,,
"387","TROUT LAKE","2023081807",0,20.3,35,10.6,11,23.7,91.2,8.681,24.747,,,,,,,,,,,,,,,,,,,,123.4,,
"387","TROUT LAKE","2023081808",0,19.6,35,7.7,7,26.3,91.25,7.554,22.44,,,,,,,,,,,,,,,,,,,,123.4,,
"387","TROUT LAKE","2023081809",0,19.5,35,5.7,299,25.5,91.3,6.879,20.989,,,,,,,,,,,,,,,,,,,,123.4,,
"387","TROUT LAKE","2023081810",0,22.3,29,9,285,39.4,91.411,8.253,23.887,,,,,,,,,,,,,,,,,,,,123.4,,
"387","TROUT LAKE","2023081811",0,22.8,28,13.9,304,41.8,91.561,10.792,28.752,,,,,,,,,,,,,,,,,,,,123.4,,
"387","TROUT LAKE","2023081812",0,23.8,22,13,249,35.1,91.961,10.914,28.973,0,93.432,13.419,34.374,52.367,421.933,79.932,5,,,,,,,,,,,,123.4,,
"387","TROUT LAKE","2023081813",0,18.5,34,13.3,22,49.6,91.958,11.076,30.236,,,,,,,,,,,,,,,,,,,,123.4,,
"387","TROUT LAKE","2023081814",0,18.1,30,18.6,13,44.7,92.008,14.569,36.288,,,,,,,,,,,,,,,,,,,,123.4,,
"387","TROUT LAKE","2023081815",0,15.9,33,20.8,11,40.1,91.97,16.189,38.875,,,,,,,,,,,,,,,,,,,,123.4,,
"387","TROUT LAKE","2023081816",0,15.7,33,10.9,12,35.4,91.946,9.798,27.818,,,,,,,,,,,,,,,,,,,,123.4,,
"387","TROUT LAKE","2023081817",0,14.8,31,8.2,38,22.4,91.954,8.56,25.344,,,,,,,,,,,,,,,,,,,,123.4,,
"387","TROUT LAKE","2023081818",0,13.7,33,10.9,50,20.4,91.906,9.742,27.71,,,,,,,,,,,,,,,,,,,,123.4,,
"387","TROUT LAKE","2023081819",0,13,35,11.3,57,18.7,91.815,9.814,27.848,,,,,,,,,,,,,,,,,,,,123.4,,
"387","TROUT LAKE","2023081820",0,11.5,40,8.9,72,18.3,91.634,8.475,25.168,,,,,,,,,,,,,,,,,,,,123.4,,
"387","TROUT LAKE","2023081821",0,10.9,45,7,78,14.4,91.385,7.434,22.958,,,,,,,,,,,,,,,,,,,,123.4,,
"387","TROUT LAKE","2023081822",0,9.9,49,7.9,60,11.3,91.072,7.44,22.971,,,,,,,,,,,,,,,,,,,,123.4,,
"387","TROUT LAKE","2023081823",0,9,52,5.8,62,11.7,90.751,6.393,20.615,,,,,,,,,,,,,,,,,,,,123.4,,
"388","KETTLE 2","2023081800",0,19.6,40,4.3,279,21.8,93.135,8.305,30.75,,,,,,,,,,,,,,,,,,,,,,
"388","KETTLE 2","2023081801",0,18.9,42,4.2,209,22.9,92.875,7.968,29.903,,,,,,,,,,,,,,,,,,,,,,
"388","KETTLE 2","2023081802",0,18.3,43,4.7,199,12,92.61,7.872,29.659,,,,,,,,,,,,,,,,,,,,,,
"388","KETTLE 2","2023081803",0,17,46,5.2,282,12,92.292,7.72,29.269,,,,,,,,,,,,,,,,,,,,,,
"388","KETTLE 2","2023081804",0,16.6,45,4.3,160,18.3,92.037,7.117,27.689,,,,,,,,,,,,,,,,,,,,,,
"388","KETTLE 2","2023081805",0,16.2,42,3.7,153,11.4,91.87,6.743,26.682,,,,,,,,,,,,,,,,,,,,,,
"388","KETTLE 2","2023081806",0,16.8,44,5.2,151,16,91.671,7.07,27.565,,,,,,,,,,,,,,,,,,,,,,
"388","KETTLE 2","2023081807",0,17.9,43,6.6,240,20.6,91.514,7.421,28.492,,,,,,,,,,,,,,,,,,,,,,
"388","KETTLE 2","2023081808",0,15.7,38,8.7,237,26.9,91.441,8.164,30.398,,,,,,,,,,,,,,,,,,,,,,
"388","KETTLE 2","2023081809",0,18.2,35,9.4,255,28.1,91.471,8.493,31.217,,,,,,,,,,,,,,,,,,,,,,
"388","KETTLE 2","2023081810",0,20.2,23,8.4,239,21.2,91.699,8.341,30.841,,,,,,,,,,,,,,,,,,,,,,
"388","KETTLE 2","2023081811",0,21.7,16,7.7,230,24.6,92.212,8.658,31.622,,,,,,,,,,,,,,,,,,,,,,
"388","KETTLE 2","2023081812",0,22.6,16,6.6,273,28.1,92.669,8.736,31.813,0,94.989,12.055,39.79,99.729,476.364,130.931,4,,,,,,,,,,,,,,
"388","KETTLE 2","2023081813",0,19.7,28,11.5,257,24.6,92.719,11.261,38.069,,,,,,,,,,,,,,,,,,,,,,
"388","KETTLE 2","2023081814",0,19.4,27,13.3,283,24.6,92.769,12.417,40.56,,,,,,,,,,,,,,,,,,,,,,
"388","KETTLE 2","2023081815",0,19.4,28,10.1,283,35.6,92.819,10.643,36.689,,,,,,,,,,,,,,,,,,,,,,
"388","KETTLE 2","2023081816",0,17.9,28,11.2,288,24.6,92.845,11.29,38.133,,,,,,,,,,,,,,,,,,,,,,
"388","KETTLE 2","2023081817",0,15.7,27,8.9,292,20.6,92.859,10.074,35.389,,,,,,,,,,,,,,,,,,,,,,
"388","KETTLE 2","2023081818",0,14,30,6.5,275,20,92.805,8.859,32.498,,,,,,,,,,,,,,,,,,,,,,
"388","KETTLE 2","2023081819",0,11.5,35,3.4,283,11.4,92.671,7.437,28.884,,,,,,,,,,,,,,,,,,,,,,
"388","KETTLE 2","2023081820",0,11.1,39,5.3,299,12.5,92.46,7.944,30.205,,,,,,,,,,,,,,,,,,,,,,
"388","KETTLE 2","2023081821",0,10.8,39,4.3,283,16.6,92.273,7.358,28.674,,,,,,,,,,,,,,,,,,,,,,
"388","KETTLE 2","2023081822",0,9.1,44,2.6,73,7.9,92.034,6.529,26.419,,,,,,,,,,,,,,,,,,,,,,
"388","KETTLE 2","2023081823",0,7.8,47,2.3,94,4.5,91.768,6.194,25.472,,,,,,,,,,,,,,,,,,,,,,
"390","BEAVERDELL","2023081800",0,17.3,57,3.8,224,12.5,91.938,6.843,30.666,,,,,,,,,,0.2,,,,0,2,889.94,,,,,,
"390","BEAVERDELL","2023081801",0,15.1,64,4.1,233,9.1,91.294,6.341,29.124,,,,,,,,,,0.3,,,,0,2,889.97,,,,,,
"390","BEAVERDELL","2023081802",0,13.5,70,3.3,283,9.1,90.604,5.52,26.487,,,,,,,,,,0.4,,,,0,2,889.95,,,,,,
"390","BEAVERDELL","2023081803",0,13.2,69,4.8,284,8.5,89.984,5.448,26.249,,,,,,,,,,0.4,,,,0,2,889.91,,,,,,
"390","BEAVERDELL","2023081804",0,11.1,77,3,358,7.4,89.283,4.5,22.965,,,,,,,,,,0.3,,,,0,2,889.88,,,,,,
"390","BEAVERDELL","2023081805",0,9.9,81,3.8,357,8.5,88.533,4.206,21.892,,,,,,,,,,0.4,,,,0,2,889.88,,,,,,
"390","BEAVERDELL","2023081806",0,9.7,82,4.1,197,6.2,87.826,3.859,20.581,,,,,,,,,,0.5,,,,0,2,889.84,,,,,,
"390","BEAVERDELL","2023081807",0,12.8,71,4.1,153,7.9,87.478,3.671,19.852,,,,,,,,,,0.7,,,,0,2,889.73,,,,,,
"390","BEAVERDELL","2023081808",0,16.9,60,3,294,9.7,87.441,3.455,18.993,,,,,,,,,,0.7,,,,0,2,889.54,,,,,,
"390","BEAVERDELL","2023081809",0,24.8,19,11.1,13,24.1,88.737,6.258,28.865,,,,,,,,,,0.6,,,,0,2,889.25,,,,,,
"390","BEAVERDELL","2023081810",0,26.1,15,13.8,8,27.5,90.134,8.76,36.141,,,,,,,,,,0.1,,,,0,2,889.34,,,,,,
"390","BEAVERDELL","2023081811",0,26.6,12,13.6,344,37.3,91.454,10.469,40.587,,,,,,,,,,0.2,,,,0,2,889.42,,,,,,
"390","BEAVERDELL","2023081812",0,26.1,10,13.9,328,33.9,92.6,12.498,45.459,0,96.64,21.785,64.233,206.198,672.856,233.503,5,,0.1,,,,0,2,889.45,,,,,,
"390","BEAVERDELL","2023081813",0,25.9,10,10.7,271,36.7,93.473,12.019,44.404,,,,,,,,,,0.2,,,,0,2,889.49,,,,,,
"390","BEAVERDELL","2023081814",0,26.7,14,10.7,331,23.5,94.003,12.937,46.529,,,,,,,,,,0,,,,0,2,889.46,,,,,,
"390","BEAVERDELL","2023081815",0,24.5,21,11.6,339,37.3,94.054,13.634,48.095,,,,,,,,,,0.1,,,,0,2,889.62,,,,,,
"390","BEAVERDELL","2023081816",0,23.3,23,11.9,351,32.1,94.105,13.94,48.771,,,,,,,,,,0.2,,,,0,2,889.67,,,,,,
"390","BEAVERDELL","2023081817",0,21.5,24,11.6,18,25.8,94.146,13.809,48.483,,,,,,,,,,0.2,,,,0,2,889.77,,,,,,
"390","BEAVERDELL","2023081818",0,20.4,22,5.7,349,25.2,94.197,10.33,40.293,,,,,,,,,,0.3,,,,0,2,889.74,,,,,,
"390","BEAVERDELL","2023081819",0,18.3,27,3.5,11,20.6,94.147,9.183,37.325,,,,,,,,,,0.3,,,,0,2,889.75,,,,,,
"390","BEAVERDELL","2023081820",0,13.5,37,2,304,9.7,93.911,8.241,34.764,,,,,,,,,,0.1,,,,0,2,889.83,,,,,,
"390","BEAVERDELL","2023081821",0,10.1,47,2.2,12,4.5,93.507,7.869,33.718,,,,,,,,,,0.2,,,,0,2,889.86,,,,,,
"390","BEAVERDELL","2023081822",0,9.4,49,3.7,162,9.7,93.066,7.98,34.031,,,,,,,,,,0.4,,,,0,2,889.83,,,,,,
"390","BEAVERDELL","2023081823",0,10.9,45,6.8,8,16,92.69,8.851,36.436,,,,,,,,,,0.5,,,,0,2,889.7,,,,,,
"391","EIGHT MILE","2023081800",0,17.7,49,4.3,91,14.9,90.551,5.762,25.424,,,,,,,,,0,0,,0,0,0,0,0,,0,0,,0,
"391","EIGHT MILE","2023081801",0,15,59,3.9,208,10.2,90.18,5.354,24.156,,,,,,,,,0,0,,0,0,0,0,0,,0,0,,0,
"391","EIGHT MILE","2023081802",0,17.1,48,7.5,184,20.6,90.068,6.317,27.094,,,,,,,,,0,0,,0,0,0,0,0,,0,0,,0,
"391","EIGHT MILE","2023081803",0,14.2,63,3.4,195,13.1,89.669,4.852,22.537,,,,,,,,,0,0,,0,0,0,0,0,,0,0,,0,
"391","EIGHT MILE","2023081804",0,14,61,4.3,207,14.3,89.34,4.844,22.509,,,,,,,,,0,0,,0,0,0,0,0,,0,0,,0,
"391","EIGHT MILE","2023081805",0,11.1,71,3.4,204,6.2,88.844,4.311,20.709,,,,,,,,,0,0,,0,0,0,0,0,,0,0,,0,
"391","EIGHT MILE","2023081806",0,12.1,70,4.1,185,20,88.408,4.195,20.306,,,,,,,,,0,0,,0,0,0,0,0,,0,0,,0,
"391","EIGHT MILE","2023081807",0,16.3,66,4.9,85,13.7,88.119,4.19,20.287,,,,,,,,,0,0,,0,0,0,0,0,,0,0,,0,
"391","EIGHT MILE","2023081808",0,18.1,44,7,128,14.3,88.168,4.69,21.999,,,,,,,,,0,0,,0,0,0,0,0,,0,0,,0,
"391","EIGHT MILE","2023081809",0,19,28,7.9,89,27.5,88.657,5.265,23.872,,,,,,,,,0,0,,0,0,0,0,0,,0,0,,0,
"391","EIGHT MILE","2023081810",0,22.5,19,10.3,56,27.5,89.594,6.796,28.484,,,,,,,,,0,0,,0,0,0,0,0,,0,0,,0,
"391","EIGHT MILE","2023081811",0,23.3,12,9.6,25,24.1,90.733,7.724,31.06,,,,,,,,,0,0,,0,0,0,0,0,,0,0,,0,
"391","EIGHT MILE","2023081812",0,23,10,10.1,138,29.8,91.776,9.187,34.867,0,96.314,17.216,52.496,129.023,493.281,156.022,5,0,0,,0,0,0,0,0,,0,0,,0,
"391","EIGHT MILE","2023081813",0,22.3,11,11,40,33.9,92.569,10.752,38.923,,,,,,,,,0,0,,0,0,0,0,0,,0,0,,0,
"391","EIGHT MILE","2023081814",0,22.5,16,12.8,12,31,93.004,12.514,42.924,,,,,,,,,0,0,,0,0,0,0,0,,0,0,,0,
"391","EIGHT MILE","2023081815",0,19.5,28,12.6,12,32.1,93.037,12.446,42.775,,,,,,,,,0,0,,0,0,0,0,0,,0,0,,0,
"391","EIGHT MILE","2023081816",0,18.1,30,11.3,10,26.9,93.003,11.601,40.885,,,,,,,,,0,0,,0,0,0,0,0,,0,0,,0,
"391","EIGHT MILE","2023081817",0,16.1,32,5.6,346,28.1,92.925,8.61,33.641,,,,,,,,,0,0,,0,0,0,0,0,,0,0,,0,
"391","EIGHT MILE","2023081818",0,13.7,39,4.7,327,10.8,92.711,7.984,31.991,,,,,,,,,0,0,,0,0,0,0,0,,0,0,,0,
"391","EIGHT MILE","2023081819",0,11.3,45,4.2,332,13.1,92.4,7.453,30.544,,,,,,,,,0,0,,0,0,0,0,0,,0,0,,0,
"391","EIGHT MILE","2023081820",0,8.4,56,2.4,348,13.7,91.952,6.39,27.51,,,,,,,,,0,0,,0,0,0,0,0,,0,0,,0,
"391","EIGHT MILE","2023081821",0,8.3,54,4.2,328,15.4,91.541,6.601,28.128,,,,,,,,,0,0,,0,0,0,0,0,,0,0,,0,
"391","EIGHT MILE","2023081822",0,7.9,55,4.1,325,13.1,91.149,6.211,26.98,,,,,,,,,0,0,,0,0,0,0,0,,0,0,,0,
"391","EIGHT MILE","2023081823",0,5.8,61,1.9,300,6.8,90.737,5.242,23.981,,,,,,,,,0,0,,0,0,0,0,0,,0,0,,0,
"392","GRAND FORKS","2023081800",0,27.5,28,12.7,302,21.2,95.953,18.694,59.133,,,,,,,,,,,,,,,,,,,,,,
"392","GRAND FORKS","2023081801",0,25.5,32,15.8,302,23.5,95.578,20.768,63.049,,,,,,,,,,,,,,,,,,,,,,
"392","GRAND FORKS","2023081802",0,24.6,36,15.6,303,26.4,95.111,19.293,60.284,,,,,,,,,,,,,,,,,,,,,,
"392","GRAND FORKS","2023081803",0,22.5,39,11.1,296,21.2,94.64,14.415,50.345,,,,,,,,,,,,,,,,,,,,,,
"392","GRAND FORKS","2023081804",0,21.5,42,16.5,295,25.8,94.083,17.523,56.831,,,,,,,,,,,,,,,,,,,,,,
"392","GRAND FORKS","2023081805",0,19,53,3.3,289,19.5,93.47,8.275,35.256,,,,,,,,,,,,,,,,,,,,,,
"392","GRAND FORKS","2023081806",0,20.5,43,15,295,25.8,93.059,14.088,49.627,,,,,,,,,,,,,,,,,,,,,,
"392","GRAND FORKS","2023081807",0,20.6,46,14.4,277,25.2,92.623,12.858,46.854,,,,,,,,,,,,,,,,,,,,,,
"392","GRAND FORKS","2023081808",0,23,41,12.5,269,22.3,92.437,11.383,43.361,,,,,,,,,,,,,,,,,,,,,,
"392","GRAND FORKS","2023081809",0,25.8,33,8.7,285,19.5,92.487,9.465,38.499,,,,,,,,,,,,,,,,,,,,,,
"392","GRAND FORKS","2023081810",0,28.7,12,20.3,286,32.1,93.528,19.646,60.955,,,,,,,,,,,,,,,,,,,,,,
"392","GRAND FORKS","2023081811",0,28.6,10,26.1,302,40.2,94.489,30.067,78.675,,,,,,,,,,,,,,,,,,,,,,
"392","GRAND FORKS","2023081812",0,29.2,8,28.2,287,41.9,95.397,37.851,90.02,0,97.79,52.2,108.277,284.769,934.08,323.204,5,,,,,,,,,,,,,,
"392","GRAND FORKS","2023081813",0,27.2,7,38.7,289,52.9,96.094,70.623,128.334,,,,,,,,,,,,,,,,,,,,,,
"392","GRAND FORKS","2023081814",0,26.8,7,33,306,47.1,96.579,56.575,113.325,,,,,,,,,,,,,,,,,,,,,,
"392","GRAND FORKS","2023081815",0,27,8,19,281,38.5,96.851,28.979,76.994,,,,,,,,,,,,,,,,,,,,,,
"392","GRAND FORKS","2023081816",0,26.2,11,18.3,252,37.9,96.903,28.167,75.71,,,,,,,,,,,,,,,,,,,,,,
"392","GRAND FORKS","2023081817",0,25.2,20,24.1,312,45.9,96.768,37.057,88.935,,,,,,,,,,,,,,,,,,,,,,
"392","GRAND FORKS","2023081818",0,23.5,22,21.5,320,42.5,96.568,31.642,81.092,,,,,,,,,,,,,,,,,,,,,,
"392","GRAND FORKS","2023081819",0,21.7,23,14.1,301,29.8,96.371,21.225,63.899,,,,,,,,,,,,,,,,,,,,,,
"392","GRAND FORKS","2023081820",0,20.7,24,5.9,354,29.2,96.21,13.74,48.863,,,,,,,,,,,,,,,,,,,,,,
"392","GRAND FORKS","2023081821",0,18.9,26,4.3,252,9.1,96.022,12.357,45.697,,,,,,,,,,,,,,,,,,,,,,
"392","GRAND FORKS","2023081822",0,17,29,5.1,346,8.5,95.764,12.423,45.853,,,,,,,,,,,,,,,,,,,,,,
"392","GRAND FORKS","2023081823",0,15.8,34,5,304,10.2,95.412,11.783,44.336,,,,,,,,,,,,,,,,,,,,,,
"393","NICOLL","2023081800",0,19.1,50,6.7,15,11.8,92.259,8.287,32.453,,,,,,,,,,,,,,,,,,,,61.2,,
"393","NICOLL","2023081801",0,17.9,54,8.2,22,10.9,91.756,8.324,32.551,,,,,,,,,,,,,,,,,,,,61.2,,
"393","NICOLL","2023081802",0,16.7,56,7.5,9,12.3,91.271,7.501,30.355,,,,,,,,,,,,,,,,,,,,61.2,,
"393","NICOLL","2023081803",0,15.5,61,7.2,15,11.6,90.724,6.835,28.499,,,,,,,,,,,,,,,,,,,,61.2,,
"393","NICOLL","2023081804",0,14.3,66,7.9,30,12.4,90.111,6.486,27.495,,,,,,,,,,,,,,,,,,,,61.2,,
"393","NICOLL","2023081805",0,13.2,69,7.5,16,10.7,89.505,5.827,25.537,,,,,,,,,,,,,,,,,,,,61.2,,
"393","NICOLL","2023081806",0,13.1,69,5,16,12.7,89.006,4.783,22.228,,,,,,,,,,,,,,,,,,,,61.2,,
"393","NICOLL","2023081807",0,16,62,3.2,90,7.8,88.753,4.212,20.293,,,,,,,,,,,,,,,,,,,,61.2,,
"393","NICOLL","2023081808",0,23.3,33,9.4,164,19.8,89.171,6.113,26.397,,,,,,,,,,,,,,,,,,,,61.2,,
"393","NICOLL","2023081809",0,25.3,19,15.3,212,34.1,90.25,9.606,35.792,,,,,,,,,,,,,,,,,,,,61.2,,
"393","NICOLL","2023081810",0,25.1,14,15.9,180,38.4,91.372,11.619,40.515,,,,,,,,,,,,,,,,,,,,61.2,,
"393","NICOLL","2023081811",0,25.3,11,24.6,193,45.5,92.543,21.256,59.213,,,,,,,,,,,,,,,,,,,,61.2,,
"393","NICOLL","2023081812",0,26.1,11,20.3,191,49.2,93.475,19.503,56.164,0,96.571,29.799,73.21,115.87,587.742,155.232,5,,,,,,,,,,,,61.2,,
"393","NICOLL","2023081813",0,25,7,27,192,53.2,94.458,31.324,75.414,,,,,,,,,,,,,,,,,,,,61.2,,
"393","NICOLL","2023081814",0,25.8,12,9.1,259,40.3,94.855,13.424,44.834,,,,,,,,,,,,,,,,,,,,61.2,,
"393","NICOLL","2023081815",0,23.3,20,15.7,297,40.9,94.906,18.852,55.467,,,,,,,,,,,,,,,,,,,,61.2,,
"393","NICOLL","2023081816",0,22.2,22,9.9,316,29.9,94.923,14.108,46.272,,,,,,,,,,,,,,,,,,,,61.2,,
"393","NICOLL","2023081817",0,21.2,22,12.6,329,22.9,94.921,16.159,50.4,,,,,,,,,,,,,,,,,,,,61.2,,
"393","NICOLL","2023081818",0,19.8,25,7.4,322,26.1,94.847,12.309,42.42,,,,,,,,,,,,,,,,,,,,61.2,,
"393","NICOLL","2023081819",0,18.1,25,8.5,352,20.9,94.758,12.852,43.608,,,,,,,,,,,,,,,,,,,,61.2,,
"393","NICOLL","2023081820",0,16.4,26,5.1,341,14.6,94.659,10.682,38.71,,,,,,,,,,,,,,,,,,,,61.2,,
"393","NICOLL","2023081821",0,13.6,34,9.3,2,15.8,94.351,12.652,43.172,,,,,,,,,,,,,,,,,,,,61.2,,
"393","NICOLL","2023081822",0,11.6,40,7.8,7,15.7,93.952,11.1,39.685,,,,,,,,,,,,,,,,,,,,61.2,,
"393","NICOLL","2023081823",0,10.1,47,7.8,20,15,93.442,10.341,37.899,,,,,,,,,,,,,,,,,,,,61.2,,
"394","ROCK CREEK","2023081800",0,18.4,61,3,266,6.8,91.658,6.317,27.07,,,,,,,,,,,,,,,,,,,,,,
"394","ROCK CREEK","2023081801",0,16.9,67,5.4,194,10.2,90.931,6.429,27.399,,,,,,,,,,,,,,,,,,,,,,
"394","ROCK CREEK","2023081802",0,15.1,75,3,83,10.2,90.141,5.089,23.287,,,,,,,,,,,,,,,,,,,,,,
"394","ROCK CREEK","2023081803",0,13.9,79,2.7,339,5.1,89.344,4.471,21.241,,,,,,,,,,,,,,,,,,,,,,
"394","ROCK CREEK","2023081804",0,13.1,80,2.4,57,6.8,88.625,3.972,19.5,,,,,,,,,,,,,,,,,,,,,,
"394","ROCK CREEK","2023081805",0,12.2,82,3.3,317,6.2,87.904,3.748,18.69,,,,,,,,,,,,,,,,,,,,,,
"394","ROCK CREEK","2023081806",0,13.5,78,2.8,180,8.5,87.392,3.397,17.38,,,,,,,,,,,,,,,,,,,,,,
"394","ROCK CREEK","2023081807",0,17.1,64,3.3,160,6.2,87.286,3.431,17.511,,,,,,,,,,,,,,,,,,,,,,
"394","ROCK CREEK","2023081808",0,21,52,6.3,316,9.7,87.334,4.019,19.667,,,,,,,,,,,,,,,,,,,,,,
"394","ROCK CREEK","2023081809",0,23.6,46,7.7,293,10.8,87.573,4.462,21.209,,,,,,,,,,,,,,,,,,,,,,
"394","ROCK CREEK","2023081810",0,27.9,14,8.7,272,17.7,89.267,5.983,26.074,,,,,,,,,,,,,,,,,,,,,,
"394","ROCK CREEK","2023081811",0,28.1,12,16.4,287,28.1,90.922,11.177,39.606,,,,,,,,,,,,,,,,,,,,,,
"394","ROCK CREEK","2023081812",0,28.4,10,10.1,274,31,92.258,9.835,36.437,0,97.062,19.035,56.005,108.732,717.07,157.687,5,,,,,,,,,,,,,,
"394","ROCK CREEK","2023081813",0,26.5,10,12.4,288,35,93.25,12.693,43.428,,,,,,,,,,,,,,,,,,,,,,
"394","ROCK CREEK","2023081814",0,27.2,9,10.1,296,24.6,94.112,12.744,43.54,,,,,,,,,,,,,,,,,,,,,,
"394","ROCK CREEK","2023081815",0,26.7,12,12.9,277,26.4,94.635,15.774,49.831,,,,,,,,,,,,,,,,,,,,,,
"394","ROCK CREEK","2023081816",0,26.3,15,13.8,250,24.1,94.878,17.065,52.339,,,,,,,,,,,,,,,,,,,,,,
"394","ROCK CREEK","2023081817",0,26.1,20,9.7,329,31,94.929,13.977,46.175,,,,,,,,,,,,,,,,,,,,,,
"394","ROCK CREEK","2023081818",0,23.2,24,9.3,317,32.1,94.915,13.672,45.534,,,,,,,,,,,,,,,,,,,,,,
"394","ROCK CREEK","2023081819",0,21.1,23,6.4,117,22.9,94.902,11.792,41.425,,,,,,,,,,,,,,,,,,,,,,
"394","ROCK CREEK","2023081820",0,20.4,23,8.4,259,22.9,94.877,12.997,44.09,,,,,,,,,,,,,,,,,,,,,,
"394","ROCK CREEK","2023081821",0,17.8,29,5.4,274,18.9,94.716,10.93,39.444,,,,,,,,,,,,,,,,,,,,,,
"394","ROCK CREEK","2023081822",0,12.8,44,2.7,156,9.7,94.285,8.99,34.709,,,,,,,,,,,,,,,,,,,,,,
"394","ROCK CREEK","2023081823",0,10.9,50,3.8,262,7.4,93.748,8.821,34.277,,,,,,,,,,,,,,,,,,,,,,
"396","OCTOPUS CREEK","2023081800",0,20.4,35,7.1,181,16.3,93.278,9.756,34.031,,,,,,,,,,,,,,,,,,,,8579.8,,
"396","OCTOPUS CREEK","2023081801",0,18.2,41,4.3,131,17,93.02,8.172,30.229,,,,,,,,,,,,,,,,,,,,8579.8,,
"396","OCTOPUS CREEK","2023081802",0,16.7,44,6.4,69,9.2,92.689,8.672,31.46,,,,,,,,,,,,,,,,,,,,8579.8,,
"396","OCTOPUS CREEK","2023081803",0,17.6,43,9.8,74,15.5,92.393,9.873,34.301,,,,,,,,,,,,,,,,,,,,8579.8,,
"396","OCTOPUS CREEK","2023081804",0,16.2,48,9,60,14.1,92.009,8.982,32.21,,,,,,,,,,,,,,,,,,,,8579.8,,
"396","OCTOPUS CREEK","2023081805",0,15.6,49,3.4,125,13.2,91.706,6.49,25.82,,,,,,,,,,,,,,,,,,,,8579.8,,
"396","OCTOPUS CREEK","2023081806",0,16.4,45,8.9,82,17.1,91.472,8.283,30.503,,,,,,,,,,,,,,,,,,,,8579.8,,
"396","OCTOPUS CREEK","2023081807",0,19.1,42,4.9,218,15.4,91.381,6.684,26.352,,,,,,,,,,,,,,,,,,,,8579.8,,
"396","OCTOPUS CREEK","2023081808",0,22.4,36,8.4,256,16.6,91.431,8.029,29.87,,,,,,,,,,,,,,,,,,,,8579.8,,
"396","OCTOPUS CREEK","2023081809",0,24.3,25,9.9,290,21,91.736,9.043,32.355,,,,,,,,,,,,,,,,,,,,8579.8,,
"396","OCTOPUS CREEK","2023081810",0,24,15,10.7,269,26.7,92.415,10.363,35.416,,,,,,,,,,,,,,,,,,,,8579.8,,
"396","OCTOPUS CREEK","2023081811",0,24.5,11,14.8,278,33.8,93.239,14.303,43.647,,,,,,,,,,,,,,,,,,,,8579.8,,
"396","OCTOPUS CREEK","2023081812",0,25.1,10,14.7,280,34.8,93.99,15.798,46.494,0,96.576,22.487,58.654,105.164,418.867,129.22,5,,,,,,,,,,,,8579.8,,
"396","OCTOPUS CREEK","2023081813",0,24.9,10,15.6,268,35.4,94.59,17.961,51.04,,,,,,,,,,,,,,,,,,,,8579.8,,
"396","OCTOPUS CREEK","2023081814",0,20.4,20,19.7,320,44.4,94.641,22.237,58.254,,,,,,,,,,,,,,,,,,,,8579.8,,
"396","OCTOPUS CREEK","2023081815",0,18.9,30,17.7,330,38.7,94.419,19.5,53.721,,,,,,,,,,,,,,,,,,,,8579.8,,
"396","OCTOPUS CREEK","2023081816",0,18.5,27,19.4,331,40.1,94.294,20.882,56.044,,,,,,,,,,,,,,,,,,,,8579.8,,
"396","OCTOPUS CREEK","2023081817",0,17.4,26,19,335,37.7,94.196,20.188,54.887,,,,,,,,,,,,,,,,,,,,8579.8,,
"396","OCTOPUS CREEK","2023081818",0,15.8,31,11.1,347,35.2,93.999,13.195,41.987,,,,,,,,,,,,,,,,,,,,8579.8,,
"396","OCTOPUS CREEK","2023081819",0,12.3,33,12.9,357,25.2,93.743,13.943,43.495,,,,,,,,,,,,,,,,,,,,8579.8,,
"396","OCTOPUS CREEK","2023081820",0,11.6,34,12.8,19,21.6,93.486,13.385,42.373,,,,,,,,,,,,,,,,,,,,8579.8,,
"396","OCTOPUS CREEK","2023081821",0,11,37,10.7,31,24.7,93.2,11.57,38.568,,,,,,,,,,,,,,,,,,,,8579.8,,
"396","OCTOPUS CREEK","2023081822",0,10.3,39,9.9,45,19.7,92.902,10.659,36.558,,,,,,,,,,,,,,,,,,,,8579.8,,
"396","OCTOPUS CREEK","2023081823",0,9.7,42,9.8,24,16.1,92.57,10.122,35.337,,,,,,,,,,,,,,,,,,,,8579.8,,
"401","GOATFELL","2023081800",0,24,33,4.4,114,18.3,94.449,10.018,30.377,,,,,,,,,,,,,,,,,,,,,,
"401","GOATFELL","2023081801",0,21.6,41,3.5,27,13.7,94.1,9.123,28.509,,,,,,,,,,,,,,,,,,,,,,
"401","GOATFELL","2023081802",0,19.5,44,3.7,12,7.9,93.703,8.721,27.646,,,,,,,,,,,,,,,,,,,,,,
"401","GOATFELL","2023081803",0,19.1,48,2.7,9,8.5,93.273,7.81,25.621,,,,,,,,,,,,,,,,,,,,,,
"401","GOATFELL","2023081804",0,18,52,3.9,64,7.9,92.766,7.729,25.435,,,,,,,,,,,,,,,,,,,,,,
"401","GOATFELL","2023081805",0,19.5,46,3.4,13,9.1,92.47,7.23,24.277,,,,,,,,,,,,,,,,,,,,,,
"401","GOATFELL","2023081806",0,17.5,56,3.3,37,8.5,91.97,6.703,23.02,,,,,,,,,,,,,,,,,,,,,,
"401","GOATFELL","2023081807",0,19.8,50,2.8,334,8.5,91.682,6.275,21.967,,,,,,,,,,,,,,,,,,,,,,
"401","GOATFELL","2023081808",0,23.3,45,5.3,214,10.8,91.558,6.993,23.719,,,,,,,,,,,,,,,,,,,,,,
"401","GOATFELL","2023081809",0,25.7,39,7.5,225,17.7,91.608,7.869,25.754,,,,,,,,,,,,,,,,,,,,,,
"401","GOATFELL","2023081810",0,28.5,31,7.2,206,23.5,91.792,7.955,25.949,,,,,,,,,,,,,,,,,,,,,,
"401","GOATFELL","2023081811",0,29.5,30,8.2,241,22.9,92.021,8.643,27.475,,,,,,,,,,,,,,,,,,,,,,
"401","GOATFELL","2023081812",0,30.1,27,10.2,241,26.4,92.369,10.04,30.422,0,94.975,14.424,39.684,69.458,412.812,97.784,4,,,,,,,,,,,,,,
"401","GOATFELL","2023081813",3.6,17.2,94,6.4,71,30.4,38.866,0.038,0.105,,,,,,,,,,,,,,,,,,,,,,
"401","GOATFELL","2023081814",0,23.3,28,12,281,31.6,45.332,0.158,0.435,,,,,,,,,,,,,,,,,,,,,,
"401","GOATFELL","2023081815",0.4,26.1,15,10.4,270,35.6,48.549,0.231,0.633,,,,,,,,,,,,,,,,,,,,,,
"401","GOATFELL","2023081816",0,24.4,13,10.6,251,29.2,55.102,0.481,1.992,,,,,,,,,,,,,,,,,,,,,,
"401","GOATFELL","2023081817",0,22.5,14,6.6,280,22.9,60.206,0.578,2.613,,,,,,,,,,,,,,,,,,,,,,
"401","GOATFELL","2023081818",0,19.2,15,2.9,39,22.9,63.863,0.582,2.635,,,,,,,,,,,,,,,,,,,,,,
"401","GOATFELL","2023081819",0,16.2,30,3.8,38,10.2,66.46,0.675,3.183,,,,,,,,,,,,,,,,,,,,,,
"401","GOATFELL","2023081820",0,15.4,31,4.6,12,9.7,68.804,0.759,3.659,,,,,,,,,,,,,,,,,,,,,,
"401","GOATFELL","2023081821",0,14.1,37,3.2,15,11.4,70.586,0.749,3.602,,,,,,,,,,,,,,,,,,,,,,
"401","GOATFELL","2023081822",0,11.8,44,4.3,70,10.8,71.967,0.831,4.045,,,,,,,,,,,,,,,,,,,,,,
"401","GOATFELL","2023081823",0,11.4,47,3.3,57,9.7,73.113,0.826,4.021,,,,,,,,,,,,,,,,,,,,,,
"402","PENDOREILLE","2023081800",0,23,39,2.6,142,8,94.127,8.752,33.578,,,,,,,,,,,,,,,,,,,,25.8,,
"402","PENDOREILLE","2023081801",0,21.7,42,3.1,250,6.9,93.796,8.572,33.118,,,,,,,,,,,,,,,,,,,,25.8,,
"402","PENDOREILLE","2023081802",0,21.1,42,1.5,299,7,93.53,7.62,30.608,,,,,,,,,,,,,,,,,,,,25.8,,
"402","PENDOREILLE","2023081803",0,20.7,44,2.3,161,9.2,93.225,7.604,30.564,,,,,,,,,,,,,,,,,,,,25.8,,
"402","PENDOREILLE","2023081804",0,20.6,45,2.7,333,8,92.921,7.436,30.105,,,,,,,,,,,,,,,,,,,,25.8,,
"402","PENDOREILLE","2023081805",0,19,50,1.3,277,6.5,92.563,6.589,27.73,,,,,,,,,,,,,,,,,,,,25.8,,
"402","PENDOREILLE","2023081806",0,18,56,2.2,222,5.5,92.08,6.441,27.3,,,,,,,,,,,,,,,,,,,,25.8,,
"402","PENDOREILLE","2023081807",0,20.1,53,3.2,88,8.1,91.705,6.423,27.249,,,,,,,,,,,,,,,,,,,,25.8,,
"402","PENDOREILLE","2023081808",0,25,41,5,127,10.4,91.705,7.034,28.993,,,,,,,,,,,,,,,,,,,,25.8,,
"402","PENDOREILLE","2023081809",0,27.5,35,3.3,158,9.2,91.755,6.502,27.477,,,,,,,,,,,,,,,,,,,,25.8,,
"402","PENDOREILLE","2023081810",0,28.9,29,10,281,21.9,92.016,9.456,35.343,,,,,,,,,,,,,,,,,,,,25.8,,
"402","PENDOREILLE","2023081811",0,30.4,23,11.6,271,26.8,92.58,11.099,39.245,,,,,,,,,,,,,,,,,,,,25.8,,
"402","PENDOREILLE","2023081812",0,30.2,12,15.5,263,30.3,93.646,15.682,48.932,0,96.917,24.508,65.079,112.359,623.493,154.922,5,,,,,,,,,,,,25.8,,
"402","PENDOREILLE","2023081813",0,30,10,12.9,302,37.5,94.548,15.586,49.247,,,,,,,,,,,,,,,,,,,,25.8,,
"402","PENDOREILLE","2023081814",0,28.9,8,11.9,252,31,95.305,16.44,50.921,,,,,,,,,,,,,,,,,,,,25.8,,
"402","PENDOREILLE","2023081815",0,27.7,7,11.2,309,29.6,95.906,17.221,52.416,,,,,,,,,,,,,,,,,,,,25.8,,
"402","PENDOREILLE","2023081816",0,27.2,6,10.5,313,30.3,96.423,17.828,53.556,,,,,,,,,,,,,,,,,,,,25.8,,
"402","PENDOREILLE","2023081817",0,25.2,15,10.1,316,22.8,96.474,17.593,53.117,,,,,,,,,,,,,,,,,,,,25.8,,
"402","PENDOREILLE","2023081818",0,22.7,19,8.3,318,32.7,96.425,15.961,49.987,,,,,,,,,,,,,,,,,,,,25.8,,
"402","PENDOREILLE","2023081819",0,20.4,24,4,348,20.4,96.276,12.596,43.029,,,,,,,,,,,,,,,,,,,,25.8,,
"402","PENDOREILLE","2023081820",0,18.9,26,3.3,0,9.2,96.095,11.867,41.413,,,,,,,,,,,,,,,,,,,,25.8,,
"402","PENDOREILLE","2023081821",0,18.2,25,4,354,10.8,95.937,12.032,41.784,,,,,,,,,,,,,,,,,,,,25.8,,
"402","PENDOREILLE","2023081822",0,15.7,29,4.1,321,12.3,95.695,11.703,41.044,,,,,,,,,,,,,,,,,,,,25.8,,
"402","PENDOREILLE","2023081823",0,14.6,31,6,326,9.3,95.401,12.374,42.541,,,,,,,,,,,,,,,,,,,,25.8,,
"404","SMALLWOOD","2023081800",0,24.6,34,3.5,305,9.7,93.993,8.989,35.517,,,,,,,,,,,,,,,,,,,,,,
"404","SMALLWOOD","2023081801",0,23.7,35,3.9,287,7.9,93.852,8.994,35.529,,,,,,,,,,,,,,,,,,,,,,
"404","SMALLWOOD","2023081802",0,23.3,36,3.5,310,8.5,93.701,8.632,34.581,,,,,,,,,,,,,,,,,,,,,,
"404","SMALLWOOD","2023081803",0,22.7,37,3.3,289,10.2,93.539,8.355,33.84,,,,,,,,,,,,,,,,,,,,,,
"404","SMALLWOOD","2023081804",0,21.7,39,2.8,326,10.2,93.345,7.929,32.684,,,,,,,,,,,,,,,,,,,,,,
"404","SMALLWOOD","2023081805",0,20.8,42,3.5,244,6.8,93.086,7.922,32.665,,,,,,,,,,,,,,,,,,,,,,
"404","SMALLWOOD","2023081806",0,20.5,46,4.7,162,9.7,92.742,8.019,32.931,,,,,,,,,,,,,,,,,,,,,,
"404","SMALLWOOD","2023081807",0,22.3,44,4.7,172,13.1,92.503,7.755,32.202,,,,,,,,,,,,,,,,,,,,,,
"404","SMALLWOOD","2023081808",0,24.4,37,8.9,198,24.1,92.479,9.551,36.958,,,,,,,,,,,,,,,,,,,,,,
"404","SMALLWOOD","2023081809",0,24.9,35,8.2,199,17.7,92.519,9.272,36.248,,,,,,,,,,,,,,,,,,,,,,
"404","SMALLWOOD","2023081810",0,24.4,38,8,198,18.9,92.47,9.115,35.843,,,,,,,,,,,,,,,,,,,,,,
"404","SMALLWOOD","2023081811",0,28,18,13.4,168,26.9,93.079,13.033,45.162,,,,,,,,,,,,,,,,,,,,,,
"404","SMALLWOOD","2023081812",0,28.6,7,15.7,197,40.8,94.244,17.211,53.774,0,97.834,27.969,72.6,145.464,595.046,180.572,5,,,,,,,,,,,,,,
"404","SMALLWOOD","2023081813",0,29.4,9,14.3,173,38.5,95.054,17.927,55.434,,,,,,,,,,,,,,,,,,,,,,
"404","SMALLWOOD","2023081814",0,27,8,15.4,184,34.4,95.645,20.542,60.267,,,,,,,,,,,,,,,,,,,,,,
"404","SMALLWOOD","2023081815",0,27.2,8,11.4,196,37.3,96.097,17.852,55.29,,,,,,,,,,,,,,,,,,,,,,
"404","SMALLWOOD","2023081816",0,24.3,17,8.5,100,21.8,96.141,15.516,50.676,,,,,,,,,,,,,,,,,,,,,,
"404","SMALLWOOD","2023081817",0,22.2,23,6.7,108,22.9,96.031,13.962,47.425,,,,,,,,,,,,,,,,,,,,,,
"404","SMALLWOOD","2023081818",0,19.9,29,3.8,29,13.1,95.802,11.695,42.369,,,,,,,,,,,,,,,,,,,,,,
"404","SMALLWOOD","2023081819",0,17.3,27,3.5,291,9.7,95.626,11.248,41.321,,,,,,,,,,,,,,,,,,,,,,
"404","SMALLWOOD","2023081820",0,16.3,30,4.1,312,8.5,95.389,11.225,41.267,,,,,,,,,,,,,,,,,,,,,,
"404","SMALLWOOD","2023081821",0,15.6,30,4.8,302,10.8,95.159,11.269,41.371,,,,,,,,,,,,,,,,,,,,,,
"404","SMALLWOOD","2023081822",0,14.9,31,4.6,304,10.8,94.926,10.806,40.267,,,,,,,,,,,,,,,,,,,,,,
"404","SMALLWOOD","2023081823",0,14.3,32,3.7,327,10.2,94.701,10.012,38.323,,,,,,,,,,,,,,,,,,,,,,
"406","SLOCAN","2023081800",0,22.3,34,3.5,57,10.2,93.559,8.463,30.943,,,,,,,,,,,,,,,,,,,,,,
"406","SLOCAN","2023081801",0,22.3,34,6.6,174,11.4,93.453,9.749,34.007,,,,,,,,,,,,,,,,,,,,,,
"406","SLOCAN","2023081802",0,21.7,35,4.5,131,10.8,93.34,8.632,31.358,,,,,,,,,,,,,,,,,,,,,,
"406","SLOCAN","2023081803",0,21,38,4.6,174,9.7,93.163,8.464,30.946,,,,,,,,,,,,,,,,,,,,,,
"406","SLOCAN","2023081804",0,19.5,41,8.5,21,11.4,92.887,9.911,34.383,,,,,,,,,,,,,,,,,,,,,,
"406","SLOCAN","2023081805",0,19.2,39,4.1,48,10.2,92.721,7.758,29.177,,,,,,,,,,,,,,,,,,,,,,
"406","SLOCAN","2023081806",0,19.9,38,4,157,8.5,92.6,7.589,28.744,,,,,,,,,,,,,,,,,,,,,,
"406","SLOCAN","2023081807",0,22.5,35,5.3,211,10.2,92.584,8.085,30.004,,,,,,,,,,,,,,,,,,,,,,
"406","SLOCAN","2023081808",0,20.3,41,8,183,14.9,92.388,9.011,32.273,,,,,,,,,,,,,,,,,,,,,,
"406","SLOCAN","2023081809",0,21.3,38,6.7,207,12.5,92.306,8.343,30.646,,,,,,,,,,,,,,,,,,,,,,
"406","SLOCAN","2023081810",0,23.1,33,7.9,221,16,92.356,8.925,32.067,,,,,,,,,,,,,,,,,,,,,,
"406","SLOCAN","2023081811",0,27.7,16,16.6,204,32.7,93.103,15.365,45.674,,,,,,,,,,,,,,,,,,,,,,
"406","SLOCAN","2023081812",0,28.8,6,14.7,229,46.5,94.327,16.554,47.877,0,98.128,27.647,66.745,95.659,515.529,130.692,5,,,,,,,,,,,,,,
"406","SLOCAN","2023081813",0,26.9,5,19.9,248,40.8,95.309,24.615,62.213,,,,,,,,,,,,,,,,,,,,,,
"406","SLOCAN","2023081814",0,26.6,6,10.6,275,36.7,95.925,16.752,49.046,,,,,,,,,,,,,,,,,,,,,,
"406","SLOCAN","2023081815",0,22.6,19,15,350,36.2,95.912,20.873,56.239,,,,,,,,,,,,,,,,,,,,,,
"406","SLOCAN","2023081816",0,21.3,18,11.8,333,37.9,95.91,17.761,50.878,,,,,,,,,,,,,,,,,,,,,,
"406","SLOCAN","2023081817",0,19.3,20,12.4,343,26.9,95.839,18.131,51.537,,,,,,,,,,,,,,,,,,,,,,
"406","SLOCAN","2023081818",0,17,25,14.2,1,26.4,95.622,19.276,53.537,,,,,,,,,,,,,,,,,,,,,,
"406","SLOCAN","2023081819",0,14.6,30,16.2,34,28.1,95.269,20.318,55.311,,,,,,,,,,,,,,,,,,,,,,
"406","SLOCAN","2023081820",0,13,32,11.4,34,22.9,94.932,15.234,46.194,,,,,,,,,,,,,,,,,,,,,,
"406","SLOCAN","2023081821",0,13.3,30,8.2,349,20,94.697,12.554,40.821,,,,,,,,,,,,,,,,,,,,,,
"406","SLOCAN","2023081822",0,11.7,36,9.5,19,15.4,94.336,12.752,41.236,,,,,,,,,,,,,,,,,,,,,,
"406","SLOCAN","2023081823",0,11.2,36,9.8,31,14.3,94.003,12.365,40.424,,,,,,,,,,,,,,,,,,,,,,
"407","NANCY GREENE","2023081800",0,18.1,42,3.2,242,6.2,92.923,7.628,31.507,,,,,,,,,,,,,,,,,,,,,,
"407","NANCY GREENE","2023081801",0,17.4,45,4.5,268,7.9,92.606,7.789,31.952,,,,,,,,,,,,,,,,,,,,,,
"407","NANCY GREENE","2023081802",0,16.5,49,5.9,265,7.9,92.21,7.905,32.268,,,,,,,,,,,,,,,,,,,,,,
"407","NANCY GREENE","2023081803",0,17.3,46,5.1,232,10.8,91.938,7.306,30.607,,,,,,,,,,,,,,,,,,,,,,
"407","NANCY GREENE","2023081804",0,16.3,50,4.9,193,9.7,91.604,6.898,29.442,,,,,,,,,,,,,,,,,,,,,,
"407","NANCY GREENE","2023081805",0,15.1,53,4.3,201,7.4,91.244,6.359,27.855,,,,,,,,,,,,,,,,,,,,,,
"407","NANCY GREENE","2023081806",0,16.2,50,5.5,246,8.5,90.977,6.504,28.286,,,,,,,,,,,,,,,,,,,,,,
"407","NANCY GREENE","2023081807",0,19.8,42,5.9,189,10.2,90.946,6.607,28.592,,,,,,,,,,,,,,,,,,,,,,
"407","NANCY GREENE","2023081808",0,21.3,37,10.1,176,17.7,90.996,8.222,33.128,,,,,,,,,,,,,,,,,,,,,,
"407","NANCY GREENE","2023081809",0,19.8,34,13.9,261,27.5,91.046,10.029,37.76,,,,,,,,,,,,,,,,,,,,,,
"407","NANCY GREENE","2023081810",0,23.3,17,12.3,212,33.9,91.733,10.202,38.183,,,,,,,,,,,,,,,,,,,,,,
"407","NANCY GREENE","2023081811",0,23,10,16.8,216,35.6,92.683,14.634,48.105,,,,,,,,,,,,,,,,,,,,,,
"407","NANCY GREENE","2023081812",0,23.7,12,21.4,257,45.4,93.407,20.421,59.161,0,96.007,29.19,73.736,147.151,506.178,170.435,5,,,,,,,,,,,,,,
"407","NANCY GREENE","2023081813",0,23.5,9,20.7,248,38.5,94.153,21.864,61.971,,,,,,,,,,,,,,,,,,,,,,
"407","NANCY GREENE","2023081814",0,21,8,18.4,243,38.5,94.703,21.007,60.478,,,,,,,,,,,,,,,,,,,,,,
"407","NANCY GREENE","2023081815",0,22.1,10,17.4,255,36.2,95.067,20.997,60.46,,,,,,,,,,,,,,,,,,,,,,
"407","NANCY GREENE","2023081816",0,19.3,23,17.7,315,34.4,94.991,21.095,60.634,,,,,,,,,,,,,,,,,,,,,,
"407","NANCY GREENE","2023081817",0,17.4,25,16.5,312,35,94.852,19.483,57.754,,,,,,,,,,,,,,,,,,,,,,
"407","NANCY GREENE","2023081818",0,15.7,28,3.7,327,26.9,94.715,10.032,37.958,,,,,,,,,,,,,,,,,,,,,,
"407","NANCY GREENE","2023081819",0,14.2,28,13.3,323,29.2,94.516,15.832,50.786,,,,,,,,,,,,,,,,,,,,,,
"407","NANCY GREENE","2023081820",0,12.9,28,8.7,330,23.5,94.351,12.274,43.239,,,,,,,,,,,,,,,,,,,,,,
"407","NANCY GREENE","2023081821",0,11.6,32,11,303,18.9,94.094,13.303,45.513,,,,,,,,,,,,,,,,,,,,,,
"407","NANCY GREENE","2023081822",0,10.9,36,10,283,18.3,93.78,12.11,42.866,,,,,,,,,,,,,,,,,,,,,,
"407","NANCY GREENE","2023081823",0,10.1,38,8.4,317,16.6,93.465,10.692,39.564,,,,,,,,,,,,,,,,,,,,,,
"408","NORNS","2023081800",0,14.5,46,0,,0,,,,,,,,,,,,,,,,,,,,,,,,,
"408","NORNS","2023081801",0,14.1,45,0,,0,,,,,,,,,,,,,,,,,,,,,,,,,
"408","NORNS","2023081802",0,13.6,45,0,,0,,,,,,,,,,,,,,,,,,,,,,,,,
"408","NORNS","2023081803",0,13.2,46,0,,0,,,,,,,,,,,,,,,,,,,,,,,,,
"408","NORNS","2023081804",0,12.6,48,0,,0,,,,,,,,,,,,,,,,,,,,,,,,,
"408","NORNS","2023081805",0,11.8,52,0,,0,,,,,,,,,,,,,,,,,,,,,,,,,
"408","NORNS","2023081806",0,11.9,50,0,,0,,,,,,,,,,,,,,,,,,,,,,,,,
"408","NORNS","2023081807",0,11.2,51,0,,0,,,,,,,,,,,,,,,,,,,,,,,,,
"408","NORNS","2023081808",0,11.2,53,0,,0,,,,,,,,,,,,,,,,,,,,,,,,,
"408","NORNS","2023081809",0,11.5,50,0,,0,,,,,,,,,,,,,,,,,,,,,,,,,
"408","NORNS","2023081810",0,11.8,28,0,,0,,,,,,,,,,,,,,,,,,,,,,,,,
"408","NORNS","2023081811",0,12.7,14,0,,0,,,,,,,,,,,,,,,,,,,,,,,,,
"408","NORNS","2023081812",0,13.2,15,0,,0,,,,0,,,,,,,,,,,,,,,,,,,,,
"408","NORNS","2023081813",0,14.4,14,0,,0,,,,,,,,,,,,,,,,,,,,,,,,,
"408","NORNS","2023081814",0,11.8,14,0,,0,,,,,,,,,,,,,,,,,,,,,,,,,
"408","NORNS","2023081815",0,12.1,15,0,,0,,,,,,,,,,,,,,,,,,,,,,,,,
"408","NORNS","2023081816",0,9.1,36,0,,0,,,,,,,,,,,,,,,,,,,,,,,,,
"408","NORNS","2023081817",0,8,40,0,,0,,,,,,,,,,,,,,,,,,,,,,,,,
"408","NORNS","2023081818",0,8.3,35,0,,0,,,,,,,,,,,,,,,,,,,,,,,,,
"408","NORNS","2023081819",0,6.2,40,0,,0,,,,,,,,,,,,,,,,,,,,,,,,,
"408","NORNS","2023081820",0,5.1,41,0,,0,,,,,,,,,,,,,,,,,,,,,,,,,
"408","NORNS","2023081821",0,4.7,39,0,,0,,,,,,,,,,,,,,,,,,,,,,,,,
"408","NORNS","2023081822",0,4.2,42,0,,0,,,,,,,,,,,,,,,,,,,,,,,,,
"408","NORNS","2023081823",0,3.9,42,0,,0,,,,,,,,,,,,,,,,,,,,,,,,,
"411","PALLISER","2023081800",0,14,69,2,336,4.5,90.677,5.224,20.294,,,,,,,,,,,,,,,,,,,,,,
"411","PALLISER","2023081801",0,14.9,67,3.3,320,9.7,90.122,5.152,20.091,,,,,,,,,,,,,,,,,,,,,,
"411","PALLISER","2023081802",0,13.9,72,2.6,336,6.2,89.527,4.567,18.399,,,,,,,,,,,,,,,,,,,,,,
"411","PALLISER","2023081803",0,17.9,51,4.6,266,9.7,89.449,4.995,19.645,,,,,,,,,,,,,,,,,,,,,,
"411","PALLISER","2023081804",0,23.4,35,6.5,126,14.3,89.681,5.683,21.561,,,,,,,,,,,,,,,,,,,,,,
"411","PALLISER","2023081805",0,23.2,35,6.9,129,15.4,89.874,5.961,22.306,,,,,,,,,,,,,,,,,,,,,,
"411","PALLISER","2023081806",0,22.9,35,7.3,148,20.6,90.03,6.22,22.989,,,,,,,,,,,,,,,,,,,,,,
"411","PALLISER","2023081807",0,23,36,7.2,122,20.6,90.135,6.282,23.151,,,,,,,,,,,,,,,,,,,,,,
"411","PALLISER","2023081808",0,25,34,8.8,147,18.9,90.352,7.025,25.037,,,,,,,,,,,,,,,,,,,,,,
"411","PALLISER","2023081809",0,25.2,33,10.1,170,21.8,90.578,7.746,26.792,,,,,,,,,,,,,,,,,,,,,,
"411","PALLISER","2023081810",0,24,37,9.3,182,28.1,90.628,7.494,26.186,,,,,,,,,,,,,,,,,,,,,,
"411","PALLISER","2023081811",1.4,20,74,7.2,55,20,62.557,0.679,3.34,,,,,,,,,,,,,,,,,,,,,,
"411","PALLISER","2023081812",0,23.7,59,7.9,98,13.7,65.268,0.794,3.99,1.4,82.986,2.4,11.359,68.422,571.472,105.32,3,,,,,,,,,,,,,,
"411","PALLISER","2023081813",0,25.8,14,10.6,273,26.9,70.282,1.077,5.583,,,,,,,,,,,,,,,,,,,,,,
"411","PALLISER","2023081814",0,27.4,10,11.5,290,39.6,75.163,1.38,7.058,,,,,,,,,,,,,,,,,,,,,,
"411","PALLISER","2023081815",0,22.3,29,13.2,319,48.8,77.778,1.799,8.928,,,,,,,,,,,,,,,,,,,,,,
"411","PALLISER","2023081816",0,15.8,43,28.2,314,55.7,79.264,4.373,18.064,,,,,,,,,,,,,,,,,,,,,,
"411","PALLISER","2023081817",0,13.5,47,18.4,312,50,80.198,2.935,13.336,,,,,,,,,,,,,,,,,,,,,,
"411","PALLISER","2023081818",0,13.4,46,15.3,330,32.7,81.015,2.745,12.654,,,,,,,,,,,,,,,,,,,,,,
"411","PALLISER","2023081819",0,12.5,47,13.1,338,33.3,81.663,2.649,12.299,,,,,,,,,,,,,,,,,,,,,,
"411","PALLISER","2023081820",0,11.5,59,9.8,332,32.7,81.956,2.323,11.063,,,,,,,,,,,,,,,,,,,,,,
"411","PALLISER","2023081821",0,10.3,65,7.7,305,24.6,82.1,2.127,10.286,,,,,,,,,,,,,,,,,,,,,,
"411","PALLISER","2023081822",0,9.2,68,6.1,321,21.2,82.176,1.981,9.69,,,,,,,,,,,,,,,,,,,,,,
"411","PALLISER","2023081823",0,7.8,73,5.2,214,17.7,82.223,1.904,9.37,,,,,,,,,,,,,,,,,,,,,,
"412","ELKO","2023081800",0,25,28,4.9,157,13.7,95.645,12.101,42.647,,,,,,,,,,,,,,,,,,,,,,
"412","ELKO","2023081801",0,27.9,24,9.9,184,18.3,95.629,15.534,49.958,,,,,,,,,,,,,,,,,,,,,,
"412","ELKO","2023081802",0,25.8,29,6.3,268,18.9,95.462,12.667,43.912,,,,,,,,,,,,,,,,,,,,,,
"412","ELKO","2023081803",0,26.4,29,8.4,265,22.9,95.31,13.791,46.35,,,,,,,,,,,,,,,,,,,,,,
"412","ELKO","2023081804",0,20.2,42,3,227,13.1,94.85,9.866,37.368,,,,,,,,,,,,,,,,,,,,,,
"412","ELKO","2023081805",0,20.4,42,4.9,84,13.7,94.401,10.205,38.202,,,,,,,,,,,,,,,,,,,,,,
"412","ELKO","2023081806",0,27.1,27,10.3,209,17.7,94.445,13.478,45.681,,,,,,,,,,,,,,,,,,,,,,
"412","ELKO","2023081807",0,28.6,25,24.1,206,35.6,94.496,27.208,70.4,,,,,,,,,,,,,,,,,,,,,,
"412","ELKO","2023081808",0,28.9,26,25.1,209,41.9,94.547,28.816,72.856,,,,,,,,,,,,,,,,,,,,,,
"412","ELKO","2023081809",0,28.6,26,25.4,222,41.9,94.598,29.461,73.822,,,,,,,,,,,,,,,,,,,,,,
"412","ELKO","2023081810",0,29.6,25,24.7,210,39.6,94.649,28.641,72.591,,,,,,,,,,,,,,,,,,,,,,
"412","ELKO","2023081811",0,30.2,24,22.6,192,45.4,94.7,25.946,68.424,,,,,,,,,,,,,,,,,,,,,,
"412","ELKO","2023081812",0,29.5,25,27.5,218,49.4,94.751,33.446,79.58,0,95.333,36.219,83.924,114.229,878.876,172.43,5,,,,,,,,,,,,,,
"412","ELKO","2023081813",0,29.7,23,22.1,232,48.2,94.802,25.658,68.411,,,,,,,,,,,,,,,,,,,,,,
"412","ELKO","2023081814",0.4,19.5,50,11.7,188,28.7,84.645,3.62,18.847,,,,,,,,,,,,,,,,,,,,,,
"412","ELKO","2023081815",0,20.9,52,12.6,59,26.9,85.039,3.998,20.26,,,,,,,,,,,,,,,,,,,,,,
"412","ELKO","2023081816",0,26.5,24,9.5,190,20.6,86.616,4.263,21.221,,,,,,,,,,,,,,,,,,,,,,
"412","ELKO","2023081817",0,27.2,8,15.2,258,33.9,88.938,7.919,32.553,,,,,,,,,,,,,,,,,,,,,,
"412","ELKO","2023081818",0.2,25.3,7,15.5,256,36.2,86.602,5.757,26.216,,,,,,,,,,,,,,,,,,,,,,
"412","ELKO","2023081819",0,22.8,11,7.8,271,27.5,88.191,4.9,23.425,,,,,,,,,,,,,,,,,,,,,,
"412","ELKO","2023081820",0,18.5,26,6.1,284,17.2,88.703,4.84,23.224,,,,,,,,,,,,,,,,,,,,,,
"412","ELKO","2023081821",0,16.7,36,8.8,280,23.5,88.833,5.65,25.877,,,,,,,,,,,,,,,,,,,,,,
"412","ELKO","2023081822",0,14.2,43,4.7,186,16,88.882,4.628,22.499,,,,,,,,,,,,,,,,,,,,,,
"412","ELKO","2023081823",0,12.3,49,4.3,46,14.9,88.835,4.505,22.072,,,,,,,,,,,,,,,,,,,,,,
"417","TOBY HUB","2023081800",0,22.9,36,6.7,194,16,93.828,10.323,39.561,,,,,,,,,,0,,,,0,1,834.62,,,,,,
"417","TOBY HUB","2023081801",0,22.2,37,7,225,17.7,93.613,10.172,39.184,,,,,,,,,,0,,,,0,1,834.64,,,,,,
"417","TOBY HUB","2023081802",0,20.4,42,6.1,245,14.3,93.289,9.291,36.937,,,,,,,,,,0,,,,0,1,834.67,,,,,,
"417","TOBY HUB","2023081803",0,19.7,44,5.4,196,10.2,92.956,8.561,35.004,,,,,,,,,,0.1,,,,0,1,834.66,,,,,,
"417","TOBY HUB","2023081804",0,17.7,50,5.5,264,10.8,92.505,8.076,33.679,,,,,,,,,,0,,,,0,1,834.69,,,,,,
"417","TOBY HUB","2023081805",0,16.9,53,5.5,255,10.2,92.032,7.555,32.215,,,,,,,,,,0,,,,0,1,834.66,,,,,,
"417","TOBY HUB","2023081806",0,19.3,47,4,254,9.1,91.784,6.763,29.904,,,,,,,,,,0.3,,,,0,1,834.52,,,,,,
"417","TOBY HUB","2023081807",0,21.4,42,9.5,163,22.3,91.671,8.782,35.597,,,,,,,,,,0.1,,,,0,1,834.46,,,,,,
"417","TOBY HUB","2023081808",0,23.9,37,19.7,124,31,91.721,14.786,49.738,,,,,,,,,,0.2,,,,0,1,834.42,,,,,,
"417","TOBY HUB","2023081809",0,24.9,36,13,125,36.7,91.771,10.625,40.304,,,,,,,,,,0.1,,,,0,1,834.43,,,,,,
"417","TOBY HUB","2023081810",0,22.5,41,15.2,323,32.1,91.691,11.737,42.969,,,,,,,,,,0,,,,0,1,834.61,,,,,,
"417","TOBY HUB","2023081811",0,29.3,24,7.1,6,25.8,92.183,8.366,34.476,,,,,,,,,,-0.1,,,,0,1,834.3,,,,,,
"417","TOBY HUB","2023081812",0,29.9,8,23.3,240,54,93.668,23.302,65.791,0,97.818,40.931,92.085,158.291,686.4,200.81,5,,0,,,,0.2,1,834.48,,,,,,
"417","TOBY HUB","2023081813",0,30.7,8,22,257,48.2,94.825,25.611,69.876,,,,,,,,,,0.2,,,,0,1,834.47,,,,,,
"417","TOBY HUB","2023081814",0,23.2,28,29.2,358,62.1,94.669,36.031,85.506,,,,,,,,,,-0.2,,,,0,1,834.68,,,,,,
"417","TOBY HUB","2023081815",0,18.7,42,27.4,338,60.9,94.011,30.049,76.852,,,,,,,,,,-0.3,,,,0,1,834.81,,,,,,
"417","TOBY HUB","2023081816",0,14.4,45,31.1,332,67.8,93.326,32.917,81.096,,,,,,,,,,-0.2,,,,0,1,834.75,,,,,,
"417","TOBY HUB","2023081817",0,15.1,46,13.5,269,41.9,92.835,12.66,45.26,,,,,,,,,,0,,,,0,1,834.56,,,,,,
"417","TOBY HUB","2023081818",0,14.3,46,12.4,285,31,92.41,11.282,42.049,,,,,,,,,,-0.1,,,,0,1,834.56,,,,,,
"417","TOBY HUB","2023081819",0,12.1,61,18.1,318,37.3,91.604,13.417,46.956,,,,,,,,,,-0.1,,,,0,1,834.62,,,,,,
"417","TOBY HUB","2023081820",0,10.1,68,2.8,221,34.4,90.97,5.671,26.619,,,,,,,,,,0,,,,0,1,834.62,,,,,,
"417","TOBY HUB","2023081821",0,9.9,67,8.6,287,19.5,90.315,6.918,30.481,,,,,,,,,,0,,,,0,1,834.58,,,,,,
"417","TOBY HUB","2023081822",0,8.4,73,7.2,270,9.7,89.621,5.836,27.15,,,,,,,,,,-0.1,,,,0,1,834.56,,,,,,
"417","TOBY HUB","2023081823",0,8.6,75,11.3,330,18.3,88.893,6.464,29.112,,,,,,,,,,0.1,,,,0,1,834.51,,,,,,
"418","FLATHEAD 2","2023081800",0,21.9,34,5.8,170,12.5,92.947,8.724,33.673,,,,,,,,,,,,,,,,,,,,,,
"418","FLATHEAD 2","2023081801",0,22,37,5.1,184,18.9,92.843,8.3,32.575,,,,,,,,,,,,,,,,,,,,,,
"418","FLATHEAD 2","2023081802",0,20,40,6.5,163,13.1,92.648,8.666,33.524,,,,,,,,,,,,,,,,,,,,,,
"418","FLATHEAD 2","2023081803",0,18.2,53,2.5,255,9.7,92.217,6.667,28.096,,,,,,,,,,,,,,,,,,,,,,
"418","FLATHEAD 2","2023081804",0,18.7,43,4.7,194,11.4,92.024,7.248,29.739,,,,,,,,,,,,,,,,,,,,,,
"418","FLATHEAD 2","2023081805",0,18.6,42,9.3,191,21.8,91.843,8.908,34.142,,,,,,,,,,,,,,,,,,,,,,
"418","FLATHEAD 2","2023081806",0,22.5,36,7.8,186,17.7,91.888,8.312,32.606,,,,,,,,,,,,,,,,,,,,,,
"418","FLATHEAD 2","2023081807",0,22.6,37,5.8,162,15.4,91.909,7.538,30.536,,,,,,,,,,,,,,,,,,,,,,
"418","FLATHEAD 2","2023081808",0,22.9,35,12,167,24.1,91.959,10.375,37.741,,,,,,,,,,,,,,,,,,,,,,
"418","FLATHEAD 2","2023081809",0,26,29,14.8,182,33.3,92.078,12.15,41.805,,,,,,,,,,,,,,,,,,,,,,
"418","FLATHEAD 2","2023081810",0,27.6,28,13,211,37.3,92.273,11.406,40.136,,,,,,,,,,,,,,,,,,,,,,
"418","FLATHEAD 2","2023081811",0,28.4,25,13.3,222,37.3,92.597,12.121,41.741,,,,,,,,,,,,,,,,,,,,,,
"418","FLATHEAD 2","2023081812",0,28.7,25,14.3,201,42.5,92.869,13.243,44.174,0,95.309,18.563,55.025,119.623,562.919,156.241,5,,,,,,,,,,,,,,
"418","FLATHEAD 2","2023081813",0,26.9,25,14.7,227,33.3,93.012,13.785,45.671,,,,,,,,,,,,,,,,,,,,,,
"418","FLATHEAD 2","2023081814",0,28.6,21,11.1,233,32.7,93.373,12.094,42.009,,,,,,,,,,,,,,,,,,,,,,
"418","FLATHEAD 2","2023081815",0,20.5,44,11.4,317,39.6,92.974,11.613,40.926,,,,,,,,,,,,,,,,,,,,,,
"418","FLATHEAD 2","2023081816",1.8,12.7,79,12.7,290,35,57.5,0.652,4.149,,,,,,,,,,,,,,,,,,,,,,
"418","FLATHEAD 2","2023081817",1.4,12.9,86,4.9,37,35,41.244,0.056,0.2,,,,,,,,,,,,,,,,,,,,,,
"418","FLATHEAD 2","2023081818",0,11.7,94,3.2,239,9.1,41.746,0.056,0.201,,,,,,,,,,,,,,,,,,,,,,
"418","FLATHEAD 2","2023081819",0,9.6,96,4,313,6.8,42.086,0.062,0.222,,,,,,,,,,,,,,,,,,,,,,
"418","FLATHEAD 2","2023081820",0,7.4,97,5.4,298,10.8,42.35,0.07,0.25,,,,,,,,,,,,,,,,,,,,,,
"418","FLATHEAD 2","2023081821",0,7.2,94,3.3,250,12,42.77,0.068,0.242,,,,,,,,,,,,,,,,,,,,,,
"418","FLATHEAD 2","2023081822",0,6.2,96,3.2,272,7.4,43.05,0.071,0.252,,,,,,,,,,,,,,,,,,,,,,
"418","FLATHEAD 2","2023081823",0,4.9,97,3.1,294,6.8,43.257,0.073,0.26,,,,,,,,,,,,,,,,,,,,,,
"419","JOHNSON LAKE","2023081800",0,23.7,32,6.5,187,19.5,95.139,12.244,45.411,,,,,,,,,,,,,,,,,,,,,,
"419","JOHNSON LAKE","2023081801",0,23.5,32,8.3,172,13.7,94.905,12.983,47.13,,,,,,,,,,,,,,,,,,,,,,
"419","JOHNSON LAKE","2023081802",0,22.7,34,3.1,162,14.9,94.692,9.702,39.11,,,,,,,,,,,,,,,,,,,,,,
"419","JOHNSON LAKE","2023081803",0,22.7,34,8.4,178,14.3,94.448,12.253,45.433,,,,,,,,,,,,,,,,,,,,,,
"419","JOHNSON LAKE","2023081804",0,21.9,36,10.3,176,18.9,94.156,12.951,47.055,,,,,,,,,,,,,,,,,,,,,,
"419","JOHNSON LAKE","2023081805",0,21.5,38,10.5,175,14.9,93.839,12.521,46.06,,,,,,,,,,,,,,,,,,,,,,
"419","JOHNSON LAKE","2023081806",0,21.3,39,10.4,175,16.6,93.534,11.94,44.692,,,,,,,,,,,,,,,,,,,,,,
"419","JOHNSON LAKE","2023081807",0,22.9,37,10.2,186,16,93.344,11.512,43.663,,,,,,,,,,,,,,,,,,,,,,
"419","JOHNSON LAKE","2023081808",0,26.6,29,21.9,190,32.7,93.394,20.904,63.285,,,,,,,,,,,,,,,,,,,,,,
"419","JOHNSON LAKE","2023081809",0,26.9,29,24.6,171,40.8,93.444,24.118,68.988,,,,,,,,,,,,,,,,,,,,,,
"419","JOHNSON LAKE","2023081810",0,28,27,27.5,167,45.9,93.494,28.109,75.585,,,,,,,,,,,,,,,,,,,,,,
"419","JOHNSON LAKE","2023081811",0,27.5,29,16.9,210,43.6,93.545,16.592,54.935,,,,,,,,,,,,,,,,,,,,,,
"419","JOHNSON LAKE","2023081812",0.2,24.7,24,25.4,201,59.8,89.25,13.845,49.076,0.2,94.898,30.7,79.641,299.163,838.168,316.188,5,,,,,,,,,,,,,,
"419","JOHNSON LAKE","2023081813",0,30,11,28.2,199,45.9,91.329,21.464,64.317,,,,,,,,,,,,,,,,,,,,,,
"419","JOHNSON LAKE","2023081814",0,30.9,7,25.6,206,50,93.203,24.525,69.694,,,,,,,,,,,,,,,,,,,,,,
"419","JOHNSON LAKE","2023081815",0,30.1,5,16.3,230,47.7,94.573,18.561,58.87,,,,,,,,,,,,,,,,,,,,,,
"419","JOHNSON LAKE","2023081816",0,29.4,4,18.4,262,39.6,95.683,24.017,68.824,,,,,,,,,,,,,,,,,,,,,,
"419","JOHNSON LAKE","2023081817",0,17,36,43.1,17,72.4,94.978,75.731,133.377,,,,,,,,,,,,,,,,,,,,,,
"419","JOHNSON LAKE","2023081818",0,16.2,39,34.2,13,60.3,94.325,44.206,98.45,,,,,,,,,,,,,,,,,,,,,,
"419","JOHNSON LAKE","2023081819",0,15.6,40,21.6,30,59.2,93.811,21.818,64.957,,,,,,,,,,,,,,,,,,,,,,
"419","JOHNSON LAKE","2023081820",0,15.1,41,26.2,18,47.1,93.305,25.641,71.574,,,,,,,,,,,,,,,,,,,,,,
"419","JOHNSON LAKE","2023081821",0,14,48,27.7,15,47.7,92.654,25.242,70.906,,,,,,,,,,,,,,,,,,,,,,
"419","JOHNSON LAKE","2023081822",0,13.4,49,23.6,12,44.8,92.091,18.964,59.649,,,,,,,,,,,,,,,,,,,,,,
"419","JOHNSON LAKE","2023081823",0,12.6,51,16.8,9,40.2,91.594,12.548,46.131,,,,,,,,,,,,,,,,,,,,,,
"421","DEWAR CREEK","2023081800",0,19.4,46,4.9,100,7.4,91.63,6.924,20.853,,,,,,,,,,,,,,,,,,,,,,
"421","DEWAR CREEK","2023081801",0,18.4,49,5.2,84,6.8,91.362,6.767,20.511,,,,,,,,,,,,,,,,,,,,,,
"421","DEWAR CREEK","2023081802",0,17.8,51,5.6,87,9.1,91.07,6.624,20.197,,,,,,,,,,,,,,,,,,,,,,
"421","DEWAR CREEK","2023081803",0,17.2,52,5.3,77,7.4,90.788,6.267,19.401,,,,,,,,,,,,,,,,,,,,,,
"421","DEWAR CREEK","2023081804",0,17.1,52,4.2,56,8.5,90.547,5.729,18.166,,,,,,,,,,,,,,,,,,,,,,
"421","DEWAR CREEK","2023081805",0,17,49,4.4,60,9.7,90.39,5.659,18.001,,,,,,,,,,,,,,,,,,,,,,
"421","DEWAR CREEK","2023081806",0,18,46,5.3,208,11.4,90.317,5.859,18.469,,,,,,,,,,,,,,,,,,,,,,
"421","DEWAR CREEK","2023081807",0,17.8,54,5.7,23,16.6,90.078,5.778,18.28,,,,,,,,,,,,,,,,,,,,,,
"421","DEWAR CREEK","2023081808",0,18.1,53,4.7,82,13.1,89.9,5.355,17.28,,,,,,,,,,,,,,,,,,,,,,
"421","DEWAR CREEK","2023081809",0,21,50,7.5,356,22.3,89.839,6.113,19.052,,,,,,,,,,,,,,,,,,,,,,
"421","DEWAR CREEK","2023081810",0,20,44,9.8,331,28.1,89.888,6.913,20.83,,,,,,,,,,,,,,,,,,,,,,
"421","DEWAR CREEK","2023081811",0,20.6,36,8.4,329,33.9,89.952,6.502,19.926,,,,,,,,,,,,,,,,,,,,,,
"421","DEWAR CREEK","2023081812",0,23.8,19,14,337,36.7,90.783,9.709,26.459,0,95.007,17.546,40.63,51.033,427.904,78.624,3,,,,,,,,,,,,,,
"421","DEWAR CREEK","2023081813",0,25.1,15,12.8,287,42.5,91.715,10.435,28.798,,,,,,,,,,,,,,,,,,,,,,
"421","DEWAR CREEK","2023081814",0,25.4,11,11.2,301,34.4,92.679,11.029,29.902,,,,,,,,,,,,,,,,,,,,,,
"421","DEWAR CREEK","2023081815",0,23.2,16,9.8,232,32.1,93.105,10.912,29.686,,,,,,,,,,,,,,,,,,,,,,
"421","DEWAR CREEK","2023081816",0,22.1,11,11.8,321,30.4,93.671,13.06,33.489,,,,,,,,,,,,,,,,,,,,,,
"421","DEWAR CREEK","2023081817",0,19.4,21,10.1,313,31.6,93.722,12.072,31.777,,,,,,,,,,,,,,,,,,,,,,
"421","DEWAR CREEK","2023081818",0,16.5,27,10.1,321,24.6,93.668,11.982,31.618,,,,,,,,,,,,,,,,,,,,,,
"421","DEWAR CREEK","2023081819",0,13.7,28,4.3,148,21.2,93.597,8.857,25.732,,,,,,,,,,,,,,,,,,,,,,
"421","DEWAR CREEK","2023081820",0,12.1,31,4.6,103,11.4,93.468,8.832,25.682,,,,,,,,,,,,,,,,,,,,,,
"421","DEWAR CREEK","2023081821",0,11.4,38,5.1,39,12,93.215,8.744,25.503,,,,,,,,,,,,,,,,,,,,,,
"421","DEWAR CREEK","2023081822",0,10.8,36,5.4,75,9.7,93.013,8.629,25.271,,,,,,,,,,,,,,,,,,,,,,
"421","DEWAR CREEK","2023081823",0,9.7,40,4.8,73,7.4,92.758,8.079,24.134,,,,,,,,,,,,,,,,,,,,,,
"425","EMILY CREEK","2023081800",0,18.2,49,4.5,317,9.1,93.011,8.244,33.92,,,,,,,,,,,,,,,,,,,,,,
"425","EMILY CREEK","2023081801",0,17.3,52,3.3,24,9.7,92.546,7.27,31.189,,,,,,,,,,,,,,,,,,,,,,
"425","EMILY CREEK","2023081802",0,15.9,54,4,354,8.5,92.071,7.043,30.53,,,,,,,,,,,,,,,,,,,,,,
"425","EMILY CREEK","2023081803",0,15.4,57,3.9,352,11.4,91.581,6.538,29.031,,,,,,,,,,,,,,,,,,,,,,
"425","EMILY CREEK","2023081804",0,14.9,58,3,32,12,91.139,5.868,26.961,,,,,,,,,,,,,,,,,,,,,,
"425","EMILY CREEK","2023081805",0,14.3,61,3.1,2,9.7,90.676,5.521,25.85,,,,,,,,,,,,,,,,,,,,,,
"425","EMILY CREEK","2023081806",0,15.1,60,3.4,336,9.7,90.278,5.295,25.111,,,,,,,,,,,,,,,,,,,,,,
"425","EMILY CREEK","2023081807",0,21.9,38,3.7,292,9.7,90.327,5.414,25.502,,,,,,,,,,,,,,,,,,,,,,
"425","EMILY CREEK","2023081808",0,25,33,7.3,238,11.4,90.541,6.692,29.492,,,,,,,,,,,,,,,,,,,,,,
"425","EMILY CREEK","2023081809",0,27,25,13,173,31,91.148,9.726,37.814,,,,,,,,,,,,,,,,,,,,,,
"425","EMILY CREEK","2023081810",0,23.7,34,7.9,240,27.5,91.198,7.574,32.059,,,,,,,,,,,,,,,,,,,,,,
"425","EMILY CREEK","2023081811",0,24.3,33,8.3,215,25.2,91.249,7.785,32.651,,,,,,,,,,,,,,,,,,,,,,
"425","EMILY CREEK","2023081812",0,25.7,20,14.3,235,31,91.893,11.542,42.243,0,95.325,18.605,57.19,163.209,574.366,190.845,5,,,,,,,,,,,,,,
"425","EMILY CREEK","2023081813",0,28.5,14,23.1,242,43.6,92.961,20.902,61.415,,,,,,,,,,,,,,,,,,,,,,
"425","EMILY CREEK","2023081814",0,28.3,11,17.5,261,36.2,93.905,17.979,55.999,,,,,,,,,,,,,,,,,,,,,,
"425","EMILY CREEK","2023081815",0,24.7,6,23.8,246,54.6,94.829,28.057,73.325,,,,,,,,,,,,,,,,,,,,,,
"425","EMILY CREEK","2023081816",0,19.9,35,15.1,109,52.3,94.464,17.212,54.51,,,,,,,,,,,,,,,,,,,,,,
"425","EMILY CREEK","2023081817",0,14.4,44,7.2,74,29.2,93.968,10.794,40.59,,,,,,,,,,,,,,,,,,,,,,
"425","EMILY CREEK","2023081818",0,13.3,47,7.7,105,17.7,93.447,10.296,39.37,,,,,,,,,,,,,,,,,,,,,,
"425","EMILY CREEK","2023081819",0,10.5,54,7.4,67,16.6,92.837,9.313,36.878,,,,,,,,,,,,,,,,,,,,,,
"425","EMILY CREEK","2023081820",0,8.5,66,3.7,3,14.9,92.121,6.987,30.468,,,,,,,,,,,,,,,,,,,,,,
"425","EMILY CREEK","2023081821",0,7.9,68,7.8,27,14.3,91.351,7.703,32.529,,,,,,,,,,,,,,,,,,,,,,
"425","EMILY CREEK","2023081822",0,7.3,71,5.3,36,16.6,90.644,6.14,27.908,,,,,,,,,,,,,,,,,,,,,,
"425","EMILY CREEK","2023081823",0,4.8,76,4.9,349,7.4,89.928,5.432,25.649,,,,,,,,,,,,,,,,,,,,,,
"426","CRANBROOK","2023081800",0,20.9,39,5.7,195,12,93.855,9.852,38.137,,,,,,,,,,,,,,,1,,,1,,,,
"426","CRANBROOK","2023081801",0,21.3,38,8.6,201,12,93.589,10.988,40.932,,,,,,,,,,,,,,,1,,,1,,,,
"426","CRANBROOK","2023081802",0,20.5,39,8.2,189,11.4,93.324,10.379,39.45,,,,,,,,,,,,,,,1,,,1,,,,
"426","CRANBROOK","2023081803",0,20.5,40,6,173,10.8,93.084,8.983,35.901,,,,,,,,,,,,,,,1,,,1,,,,
"426","CRANBROOK","2023081804",0,18.9,44,4.5,223,10.2,92.78,7.982,33.203,,,,,,,,,,,,,,,1,,,1,,,,
"426","CRANBROOK","2023081805",0,17.7,48,3.2,302,8.5,92.432,7.119,30.755,,,,,,,,,,,,,,,1,,,1,,,,
"426","CRANBROOK","2023081806",0,19.7,43,6.5,22,10.8,92.21,8.148,33.659,,,,,,,,,,,,,,,1,,,1,,,,
"426","CRANBROOK","2023081807",0,23.5,37,6.2,164,10.2,92.21,8.025,33.322,,,,,,,,,,,,,,,1,,,1,,,,
"426","CRANBROOK","2023081808",0,26.6,31,17.6,190,29.8,92.26,14.355,48.525,,,,,,,,,,,,,,,1,,,1,,,,
"426","CRANBROOK","2023081809",0,27.7,29,18.6,184,32.7,92.384,15.362,50.633,,,,,,,,,,,,,,,1,,,1,,,,
"426","CRANBROOK","2023081810",0,29.4,25,23.3,184,40.2,92.763,20.534,60.572,,,,,,,,,,,,,,,1,,,1,,,,
"426","CRANBROOK","2023081811",0,27.2,26,17.8,217,40.8,92.896,15.858,51.647,,,,,,,,,,,,,,,1,,,1,,,,
"426","CRANBROOK","2023081812",0,29.2,22,21.7,222,45.9,93.299,20.422,60.369,0,95.801,28.819,74.575,137.254,801.993,192.252,5,,,,,,,1,,,1,,,,
"426","CRANBROOK","2023081813",0,29.8,13,17,241,36.2,94.129,18.086,56.26,,,,,,,,,,,,,,,1,,,1,,,,
"426","CRANBROOK","2023081814",0,30.5,9,17.8,235,36.2,95.057,21.393,62.351,,,,,,,,,,,,,,,1,,,1,,,,
"426","CRANBROOK","2023081815",0,28,5,22.4,239,42.5,95.945,30.442,77.038,,,,,,,,,,,,,,,1,,,1,,,,
"426","CRANBROOK","2023081816",0,27.6,6,16.2,243,42.5,96.503,24.016,66.871,,,,,,,,,,,,,,,1,,,1,,,,
"426","CRANBROOK","2023081817",0,26,15,12.6,288,37.3,96.555,20.171,60.155,,,,,,,,,,,,,,,1,,,1,,,,
"426","CRANBROOK","2023081818",0,16.1,38,17.9,20,44.8,95.846,23.944,66.75,,,,,,,,,,,,,,,1,,,1,,,,
"426","CRANBROOK","2023081819",0,15.4,39,17.2,20,41.9,95.205,21.183,61.977,,,,,,,,,,,,,,,1,,,1,,,,
"426","CRANBROOK","2023081820",0,14.5,37,17.5,15,37.3,94.696,20.057,59.946,,,,,,,,,,,,,,,1,,,1,,,,
"426","CRANBROOK","2023081821",0,13.2,43,13.6,35,28.1,94.123,15.225,50.557,,,,,,,,,,,,,,,1,,,1,,,,
"426","CRANBROOK","2023081822",0,12.2,51,13.7,4,21.2,93.414,13.866,47.674,,,,,,,,,,,,,,,1,,,1,,,,
"426","CRANBROOK","2023081823",0,10.6,56,5.3,349,21.2,92.8,8.334,34.315,,,,,,,,,,,,,,,1,,,1,,,,
"427","NASS CAMP","2023081800",0,11.1,84,5.5,196,15.5,83.864,2.385,2.249,,,,,,,,,,,,,,,,,,,,3132.4,,
"427","NASS CAMP","2023081801",0,10.2,86,5.9,193,12.7,83.497,2.318,2.155,,,,,,,,,,,,,,,,,,,,3132.4,,
"427","NASS CAMP","2023081802",0,9.7,90,6.4,193,11.1,82.993,2.227,2.025,,,,,,,,,,,,,,,,,,,,3132.4,,
"427","NASS CAMP","2023081803",0,10.1,88,5.7,194,12,82.643,2.057,1.771,,,,,,,,,,,,,,,,,,,,3132.4,,
"427","NASS CAMP","2023081804",0,10,87,7.1,194,16.8,82.362,2.131,1.884,,,,,,,,,,,,,,,,,,,,3132.4,,
"427","NASS CAMP","2023081805",0,9.5,91,5.8,262,15.5,81.942,1.896,1.512,,,,,,,,,,,,,,,,,,,,3132.4,,
"427","NASS CAMP","2023081806",0,9.5,93,5.2,231,11,81.468,1.739,1.213,,,,,,,,,,,,,,,,,,,,3132.4,,
"427","NASS CAMP","2023081807",0,9.9,90,7.6,220,22,81.183,1.898,1.516,,,,,,,,,,,,,,,,,,,,3132.4,,
"427","NASS CAMP","2023081808",0,10.1,90,5.5,217,17.7,80.945,1.662,0.994,,,,,,,,,,,,,,,,,,,,3132.4,,
"427","NASS CAMP","2023081809",0,12,79,8.6,247,17.6,80.991,1.954,1.608,,,,,,,,,,,,,,,,,,,,3132.4,,
"427","NASS CAMP","2023081810",0,14.7,69,8.4,232,16.6,81.224,1.986,1.66,,,,,,,,,,,,,,,,,,,,3132.4,,
"427","NASS CAMP","2023081811",0,16.3,58,12.5,243,18.4,81.73,2.591,2.531,,,,,,,,,,,,,,,,,,,,3132.4,,
"427","NASS CAMP","2023081812",0,18.1,52,7.6,231,16.6,82.332,2.177,1.952,0,85.85,3.478,4.401,7.026,312.994,13.305,2,,,,,,,,,,,,3132.4,,
"427","NASS CAMP","2023081813",0,21.7,47,6.4,245,15.8,83.122,2.264,2.652,,,,,,,,,,,,,,,,,,,,3132.4,,
"427","NASS CAMP","2023081814",0,22.5,42,6.3,228,15.1,83.993,2.525,3.051,,,,,,,,,,,,,,,,,,,,3132.4,,
"427","NASS CAMP","2023081815",0,23.9,40,5.1,201,18,84.853,2.67,3.267,,,,,,,,,,,,,,,,,,,,3132.4,,
"427","NASS CAMP","2023081816",0,23.4,44,6.9,232,19.4,85.484,3.19,4.008,,,,,,,,,,,,,,,,,,,,3132.4,,
"427","NASS CAMP","2023081817",0,22.3,44,7,216,21.1,85.986,3.439,4.348,,,,,,,,,,,,,,,,,,,,3132.4,,
"427","NASS CAMP","2023081818",0,20.6,50,7.4,211,19,86.218,3.625,4.598,,,,,,,,,,,,,,,,,,,,3132.4,,
"427","NASS CAMP","2023081819",0,18.2,55,6.3,205,20.5,86.266,3.453,4.368,,,,,,,,,,,,,,,,,,,,3132.4,,
"427","NASS CAMP","2023081820",0,16.1,63,6.4,205,26.6,86.287,3.481,4.405,,,,,,,,,,,,,,,,,,,,3132.4,,
"427","NASS CAMP","2023081821",0,14,73,6,191,19,86.054,3.301,4.161,,,,,,,,,,,,,,,,,,,,3132.4,,
"427","NASS CAMP","2023081822",0,14.3,71,6.7,202,17.1,85.896,3.345,4.221,,,,,,,,,,,,,,,,,,,,3132.4,,
"427","NASS CAMP","2023081823",0,13.4,75,6.6,206,21,85.649,3.215,4.043,,,,,,,,,,,,,,,,,,,,3132.4,,
"428","KISPIOX HUB","2023081800",0,12.5,60,9.4,13,18.9,88.408,5.479,23.581,,,,,,,,,,,,,,,,,,,,,,
"428","KISPIOX HUB","2023081801",0,12,63,6.3,344,22.3,88.142,4.511,20.533,,,,,,,,,,,,,,,,,,,,,,
"428","KISPIOX HUB","2023081802",0,11.8,63,8.1,309,19.5,87.89,4.764,21.355,,,,,,,,,,,,,,,,,,,,,,
"428","KISPIOX HUB","2023081803",0,11.2,68,5.3,332,18.3,87.581,3.958,18.67,,,,,,,,,,,,,,,,,,,,,,
"428","KISPIOX HUB","2023081804",0,9,80,3.3,85,9.7,87.053,3.319,16.38,,,,,,,,,,,,,,,,,,,,,,
"428","KISPIOX HUB","2023081805",0,8.5,83,3.2,26,5.6,86.496,3.051,15.37,,,,,,,,,,,,,,,,,,,,,,
"428","KISPIOX HUB","2023081806",0,9.3,85,2.9,73,6.2,85.933,2.776,14.295,,,,,,,,,,,,,,,,,,,,,,
"428","KISPIOX HUB","2023081807",0,10.7,80,2.8,50,6.8,85.576,2.628,13.698,,,,,,,,,,,,,,,,,,,,,,
"428","KISPIOX HUB","2023081808",0,12.6,66,2.7,295,8.5,85.565,2.611,13.628,,,,,,,,,,,,,,,,,,,,,,
"428","KISPIOX HUB","2023081809",0,15.5,54,14.5,243,23.5,85.656,4.792,21.443,,,,,,,,,,,,,,,,,,,,,,
"428","KISPIOX HUB","2023081810",0,17.4,51,8.6,231,24.1,85.83,3.647,17.576,,,,,,,,,,,,,,,,,,,,,,
"428","KISPIOX HUB","2023081811",0,19.2,44,8.1,219,17.2,86.189,3.741,17.908,,,,,,,,,,,,,,,,,,,,,,
"428","KISPIOX HUB","2023081812",0,20.6,44,7,134,20,86.539,3.718,17.828,0,90.265,6.336,26.305,93.751,638.524,137.157,5,,,,,,,,,,,,,,
"428","KISPIOX HUB","2023081813",0,21.8,34,13.8,235,21.8,87.243,5.789,24.705,,,,,,,,,,,,,,,,,,,,,,
"428","KISPIOX HUB","2023081814",0,22.9,32,13.9,250,22.3,87.96,6.446,26.618,,,,,,,,,,,,,,,,,,,,,,
"428","KISPIOX HUB","2023081815",0,23.7,28,10.9,273,24.6,88.719,6.179,25.852,,,,,,,,,,,,,,,,,,,,,,
"428","KISPIOX HUB","2023081816",0,24.1,28,11.1,244,25.8,89.373,6.855,27.769,,,,,,,,,,,,,,,,,,,,,,
"428","KISPIOX HUB","2023081817",0,24,28,10.9,232,20,89.909,7.329,29.064,,,,,,,,,,,,,,,,,,,,,,
"428","KISPIOX HUB","2023081818",0,23.2,32,12.5,263,20.6,90.182,8.262,31.513,,,,,,,,,,,,,,,,,,,,,,
"428","KISPIOX HUB","2023081819",0,21.1,44,7.1,289,22.3,90.223,6.33,26.287,,,,,,,,,,,,,,,,,,,,,,
"428","KISPIOX HUB","2023081820",0,17.8,45,7.8,352,14.9,90.178,6.515,26.816,,,,,,,,,,,,,,,,,,,,,,
"428","KISPIOX HUB","2023081821",0,17.9,45,9.9,331,21.8,90.135,7.198,28.71,,,,,,,,,,,,,,,,,,,,,,
"428","KISPIOX HUB","2023081822",0,17.1,49,8,331,19.5,90.005,6.42,26.546,,,,,,,,,,,,,,,,,,,,,,
"428","KISPIOX HUB","2023081823",0,11.7,78,2.5,37,18.3,89.283,4.388,20.293,,,,,,,,,,,,,,,,,,,,,,
"429","CEDARVALE","2023081800",0,14.8,50,6.6,267,15,90.236,6.185,15.721,,,,,,,,,,-245.9,,,,,,,,,,1635.4,,
"429","CEDARVALE","2023081801",0,13.7,57,4.1,266,13.3,89.931,5.219,13.8,,,,,,,,,,-312.9,,,,,,,,,,1635.4,,
"429","CEDARVALE","2023081802",0,12.8,61,5.9,281,15,89.552,5.412,14.194,,,,,,,,,,-313.5,,,,,,,,,,1635.4,,
"429","CEDARVALE","2023081803",0,10.7,69,5.5,296,10.9,89.045,4.932,13.201,,,,,,,,,,-308.3,,,,,,,,,,1635.4,,
"429","CEDARVALE","2023081804",0,10.3,72,5.7,291,11.9,88.521,4.621,12.539,,,,,,,,,,-242.8,,,,,,,,,,1635.4,,
"429","CEDARVALE","2023081805",0,7.8,81,2.7,289,6.1,87.897,3.633,10.313,,,,,,,,,,-180.6,,,,,,,,,,1635.4,,
"429","CEDARVALE","2023081806",0,7,85,0,70,4.3,87.374,2.942,8.624,,,,,,,,,,-190.1,,,,,,,,,,1635.4,,
"429","CEDARVALE","2023081807",0,10.4,80,4.7,103,7,86.836,3.454,9.887,,,,,,,,,,-167.6,,,,,,,,,,1635.4,,
"429","CEDARVALE","2023081808",0,14.9,61,3.1,299,8.2,86.818,3.178,9.215,,,,,,,,,,-173.7,,,,,,,,,,1635.4,,
"429","CEDARVALE","2023081809",0,17.1,52,3.5,254,9.6,86.866,3.265,9.429,,,,,,,,,,-226.7,,,,,,,,,,1635.4,,
"429","CEDARVALE","2023081810",0,18.7,47,5.6,162,11.1,87.006,3.702,10.476,,,,,,,,,,-287.2,,,,,,,,,,1635.4,,
"429","CEDARVALE","2023081811",0,21.1,39,4.2,85,10.9,87.372,3.635,10.318,,,,,,,,,,-277.1,,,,,,,,,,1635.4,,
"429","CEDARVALE","2023081812",0,24.1,30,6.6,121,12.4,88.114,4.562,12.411,0,92.203,8.181,20.419,32.894,471.684,56.021,4,,-329.6,,,,,,,,,,1635.4,,
"429","CEDARVALE","2023081813",0,22.7,32,4.4,80,10.9,88.59,4.371,12.721,,,,,,,,,,-291.7,,,,,,,,,,1635.4,,
"429","CEDARVALE","2023081814",0,25.1,28,5.8,134,14.2,89.251,5.158,14.477,,,,,,,,,,-301,,,,,,,,,,1635.4,,
"429","CEDARVALE","2023081815",0,25.5,27,6.5,200,18.7,89.871,5.84,15.918,,,,,,,,,,-329.8,,,,,,,,,,1635.4,,
"429","CEDARVALE","2023081816",0,24.3,28,6.3,247,12.1,90.3,6.148,16.546,,,,,,,,,,-239.1,,,,,,,,,,1635.4,,
"429","CEDARVALE","2023081817",0,23.6,33,5.2,251,15.6,90.467,5.957,16.158,,,,,,,,,,-220.8,,,,,,,,,,1635.4,,
"429","CEDARVALE","2023081818",0,24.4,30,4.3,267,13.2,90.724,5.906,16.053,,,,,,,,,,-279.3,,,,,,,,,,1635.4,,
"429","CEDARVALE","2023081819",0,21.7,35,7.2,241,16.8,90.774,6.883,17.999,,,,,,,,,,-304.4,,,,,,,,,,1635.4,,
"429","CEDARVALE","2023081820",0,17.3,54,0.4,314,16.3,90.562,4.741,13.56,,,,,,,,,,-177.9,,,,,,,,,,1635.4,,
"429","CEDARVALE","2023081821",0,14.7,58,2.7,311,6.8,90.229,5.076,14.299,,,,,,,,,,-181.5,,,,,,,,,,1635.4,,
"429","CEDARVALE","2023081822",0,14.3,60,5.7,303,14.2,89.845,5.588,15.395,,,,,,,,,,-177,,,,,,,,,,1635.4,,
"429","CEDARVALE","2023081823",0,11.5,74,0.4,83,8.3,89.329,3.973,11.788,,,,,,,,,,-173.4,,,,,,,,,,1635.4,,
"431","UPPER KISPIOX","2023081800",0,10.7,71,11.8,310,25.5,86.901,4.985,7.385,,,,,,,,,,,,,,,,,,,,2849.6,,
"431","UPPER KISPIOX","2023081801",0,10.4,72,11.3,306,26,86.562,4.632,6.907,,,,,,,,,,,,,,,,,,,,2849.6,,
"431","UPPER KISPIOX","2023081802",0,10.2,73,12.7,303,28.8,86.228,4.742,7.058,,,,,,,,,,,,,,,,,,,,2849.6,,
"431","UPPER KISPIOX","2023081803",0,9.9,75,10.2,318,27.2,85.896,3.99,6.004,,,,,,,,,,,,,,,,,,,,2849.6,,
"431","UPPER KISPIOX","2023081804",0,10.3,73,9.7,315,25.7,85.656,3.762,5.672,,,,,,,,,,,,,,,,,,,,2849.6,,
"431","UPPER KISPIOX","2023081805",0,9.6,77,11.5,309,27.9,85.328,3.936,5.926,,,,,,,,,,,,,,,,,,,,2849.6,,
"431","UPPER KISPIOX","2023081806",0,9.2,79,7.2,332,25.7,85.01,3.033,4.561,,,,,,,,,,,,,,,,,,,,2849.6,,
"431","UPPER KISPIOX","2023081807",0,11.5,69,11.6,325,28.4,84.969,3.765,5.675,,,,,,,,,,,,,,,,,,,,2849.6,,
"431","UPPER KISPIOX","2023081808",0,13.6,61,11.9,315,28,85.017,3.847,5.796,,,,,,,,,,,,,,,,,,,,2849.6,,
"431","UPPER KISPIOX","2023081809",0,15.3,57,11,327,34.1,85.105,3.722,5.612,,,,,,,,,,,,,,,,,,,,2849.6,,
"431","UPPER KISPIOX","2023081810",0,17,53,9.6,317,29.3,85.294,3.56,5.372,,,,,,,,,,,,,,,,,,,,2849.6,,
"431","UPPER KISPIOX","2023081811",0,19.1,48,9.2,309,24,85.626,3.654,5.512,,,,,,,,,,,,,,,,,,,,2849.6,,
"431","UPPER KISPIOX","2023081812",0,20.3,45,9.5,315,22.9,86.032,3.926,5.911,0,89.347,6.301,10.178,11.83,383.835,21.967,3,,,,,,,,,,,,2849.6,,
"431","UPPER KISPIOX","2023081813",0,21.6,38,9.1,298,20.8,86.627,4.185,7.128,,,,,,,,,,,,,,,,,,,,2849.6,,
"431","UPPER KISPIOX","2023081814",0,22.4,37,8.9,310,22,87.199,4.494,7.602,,,,,,,,,,,,,,,,,,,,2849.6,,
"431","UPPER KISPIOX","2023081815",0,22.3,37,9.2,283,25,87.685,4.89,8.194,,,,,,,,,,,,,,,,,,,,2849.6,,
"431","UPPER KISPIOX","2023081816",0,22.2,37,8.2,285,25.7,88.087,4.926,8.246,,,,,,,,,,,,,,,,,,,,2849.6,,
"431","UPPER KISPIOX","2023081817",0,22.2,38,7.7,289,21.9,88.398,5.022,8.387,,,,,,,,,,,,,,,,,,,,2849.6,,
"431","UPPER KISPIOX","2023081818",0,21.7,37,7.2,291,18.9,88.674,5.095,8.494,,,,,,,,,,,,,,,,,,,,2849.6,,
"431","UPPER KISPIOX","2023081819",0,18.3,53,4.2,304,11.8,88.658,4.37,7.413,,,,,,,,,,,,,,,,,,,,2849.6,,
"431","UPPER KISPIOX","2023081820",0,16.8,53,7.6,290,22.7,88.612,5.152,8.577,,,,,,,,,,,,,,,,,,,,2849.6,,
"431","UPPER KISPIOX","2023081821",0,15.8,57,6.3,328,19.2,88.48,4.735,7.965,,,,,,,,,,,,,,,,,,,,2849.6,,
"431","UPPER KISPIOX","2023081822",0,14.8,59,6.2,328,17.9,88.311,4.598,7.76,,,,,,,,,,,,,,,,,,,,2849.6,,
"431","UPPER KISPIOX","2023081823",0,12.8,73,2.7,56,13.6,87.886,3.627,6.241,,,,,,,,,,,,,,,,,,,,2849.6,,
"432","BELL-IRVING","2023081800",0,5.3,100,0.3,135,3.5,73.484,0.722,0.472,,,,,,,,,,,,,,,,,,,,717.2,,
"432","BELL-IRVING","2023081801",0,5.4,100,0,115,3.8,73.419,0.709,0.464,,,,,,,,,,,,,,,,,,,,717.2,,
"432","BELL-IRVING","2023081802",0,5.6,100,0.6,128,4.6,73.347,0.728,0.476,,,,,,,,,,,,,,,,,,,,717.2,,
"432","BELL-IRVING","2023081803",0,5.5,100,0,108,4.4,73.292,0.705,0.461,,,,,,,,,,,,,,,,,,,,717.2,,
"432","BELL-IRVING","2023081804",0,5,100,2.1,113,5,73.216,0.781,0.511,,,,,,,,,,,,,,,,,,,,717.2,,
"432","BELL-IRVING","2023081805",0,4.1,100,0.5,137,5.3,73.151,0.718,0.47,,,,,,,,,,,,,,,,,,,,717.2,,
"432","BELL-IRVING","2023081806",0,3.5,100,0,115,4,73.098,0.699,0.457,,,,,,,,,,,,,,,,,,,,717.2,,
"432","BELL-IRVING","2023081807",0,4,100,0,103,0,73.051,0.698,0.456,,,,,,,,,,,,,,,,,,,,717.2,,
"432","BELL-IRVING","2023081808",0,8.2,100,0,104,0,73.035,0.697,0.456,,,,,,,,,,,,,,,,,,,,717.2,,
"432","BELL-IRVING","2023081809",0,14.3,69,5.3,297,12.3,73.794,0.941,0.616,,,,,,,,,,,,,,,,,,,,717.2,,
"432","BELL-IRVING","2023081810",0,17,60,7.3,292,16.5,74.907,1.101,0.72,,,,,,,,,,,,,,,,,,,,717.2,,
"432","BELL-IRVING","2023081811",0,19.4,48,6.3,306,16.5,76.368,1.144,0.748,,,,,,,,,,,,,,,,,,,,717.2,,
"432","BELL-IRVING","2023081812",0,21.4,41,7.4,310,15.5,78.077,1.377,0.901,0,86.889,3.987,5.706,8.95,221.929,16.26,2,,,,,,,,,,,,717.2,,
"432","BELL-IRVING","2023081813",0,21.7,43,7.4,291,20.3,79.536,1.575,1.838,,,,,,,,,,,,,,,,,,,,717.2,,
"432","BELL-IRVING","2023081814",0,20.5,40,5.9,287,15.9,80.789,1.667,2.02,,,,,,,,,,,,,,,,,,,,717.2,,
"432","BELL-IRVING","2023081815",0,23.4,35,7.2,324,16.5,82.283,2.121,2.845,,,,,,,,,,,,,,,,,,,,717.2,,
"432","BELL-IRVING","2023081816",0,19.7,45,4.9,335,30.7,83.014,2.071,2.757,,,,,,,,,,,,,,,,,,,,717.2,,
"432","BELL-IRVING","2023081817",0,20.5,44,6.6,320,19.8,83.753,2.484,3.452,,,,,,,,,,,,,,,,,,,,717.2,,
"432","BELL-IRVING","2023081818",0,20.9,44,5.3,357,17.8,84.397,2.535,3.536,,,,,,,,,,,,,,,,,,,,717.2,,
"432","BELL-IRVING","2023081819",0,17.5,61,3.7,308,12.7,84.504,2.373,3.271,,,,,,,,,,,,,,,,,,,,717.2,,
"432","BELL-IRVING","2023081820",0,13,83,0.1,98,7.6,84.274,1.919,2.488,,,,,,,,,,,,,,,,,,,,717.2,,
"432","BELL-IRVING","2023081821",0,10.3,93,0,247,2.9,83.739,1.778,2.23,,,,,,,,,,,,,,,,,,,,717.2,,
"432","BELL-IRVING","2023081822",0,8.5,98,0,74,0,83.003,1.615,1.919,,,,,,,,,,,,,,,,,,,,717.2,,
"432","BELL-IRVING","2023081823",0,7.5,100,0,39,0,82.213,1.463,1.605,,,,,,,,,,,,,,,,,,,,717.2,,
"433","CRANBERRY","2023081800",0,9.8,73,11.1,244,31,85.168,3.773,4.375,,,,,,,,,,,,,,,,,,,,2832.4,,
"433","CRANBERRY","2023081801",0,9.2,79,7.7,275,21.2,84.863,3.048,3.448,,,,,,,,,,,,,,,,,,,,2832.4,,
"433","CRANBERRY","2023081802",0,9,80,8.3,275,23.6,84.558,3.014,3.402,,,,,,,,,,,,,,,,,,,,2832.4,,
"433","CRANBERRY","2023081803",0,8.6,82,6.2,343,21.9,84.242,2.598,2.833,,,,,,,,,,,,,,,,,,,,2832.4,,
"433","CRANBERRY","2023081804",0,8.1,84,5.7,343,16.8,83.901,2.421,2.58,,,,,,,,,,,,,,,,,,,,2832.4,,
"433","CRANBERRY","2023081805",0,8.6,83,5.3,318,17.7,83.631,2.289,2.387,,,,,,,,,,,,,,,,,,,,2832.4,,
"433","CRANBERRY","2023081806",0,7.7,87,3.9,302,20.2,83.27,2.035,1.999,,,,,,,,,,,,,,,,,,,,2832.4,,
"433","CRANBERRY","2023081807",0,8.7,83,6.5,255,19.2,83.057,2.257,2.34,,,,,,,,,,,,,,,,,,,,2832.4,,
"433","CRANBERRY","2023081808",0,10.3,77,8.3,299,17.9,83.04,2.466,2.645,,,,,,,,,,,,,,,,,,,,2832.4,,
"433","CRANBERRY","2023081809",0,11.8,70,9.4,232,21.5,83.087,2.622,2.867,,,,,,,,,,,,,,,,,,,,2832.4,,
"433","CRANBERRY","2023081810",0,14.4,58,8.2,237,16.7,83.325,2.545,2.759,,,,,,,,,,,,,,,,,,,,2832.4,,
"433","CRANBERRY","2023081811",0,16.1,52,8.2,218,15.8,83.698,2.673,2.938,,,,,,,,,,,,,,,,,,,,2832.4,,
"433","CRANBERRY","2023081812",0,17.9,51,4.6,226,18.5,84.071,2.342,2.466,0,85.987,3.048,4.092,7.938,288.054,14.853,2,,,,,,,,,,,,2832.4,,
"433","CRANBERRY","2023081813",0,19.8,45,7,234,17.9,84.632,2.852,3.801,,,,,,,,,,,,,,,,,,,,2832.4,,
"433","CRANBERRY","2023081814",0,19.3,44,5.5,269,16.4,85.115,2.825,3.761,,,,,,,,,,,,,,,,,,,,2832.4,,
"433","CRANBERRY","2023081815",0,20.7,41,8.8,243,18.4,85.708,3.622,4.911,,,,,,,,,,,,,,,,,,,,2832.4,,
"433","CRANBERRY","2023081816",0,20.9,40,11.2,235,21.5,86.28,4.429,5.994,,,,,,,,,,,,,,,,,,,,2832.4,,
"433","CRANBERRY","2023081817",0,20.2,41,13.3,218,25.9,86.727,5.245,7.023,,,,,,,,,,,,,,,,,,,,2832.4,,
"433","CRANBERRY","2023081818",0,19.3,45,14,218,27.3,86.972,5.625,7.484,,,,,,,,,,,,,,,,,,,,2832.4,,
"433","CRANBERRY","2023081819",0,17.6,48,13.6,213,26.9,87.063,5.586,7.436,,,,,,,,,,,,,,,,,,,,2832.4,,
"433","CRANBERRY","2023081820",0,15.8,53,12.3,209,26.9,87.111,5.267,7.05,,,,,,,,,,,,,,,,,,,,2832.4,,
"433","CRANBERRY","2023081821",0,14.9,58,9.4,252,26.8,87.11,4.55,6.15,,,,,,,,,,,,,,,,,,,,2832.4,,
"433","CRANBERRY","2023081822",0,13,66,5.4,315,20.6,86.936,3.628,4.92,,,,,,,,,,,,,,,,,,,,2832.4,,
"433","CRANBERRY","2023081823",0,12.9,68,6.5,259,21,86.731,3.725,5.054,,,,,,,,,,,,,,,,,,,,2832.4,,
"437","NOEL","2023081800",0,9.8,64,6.2,330,21.2,90.176,6.009,17.411,,,,,,,,,,-48.9,,,,,,,,2,772.758,,,
"437","NOEL","2023081801",0,9.7,64,4.1,342,13.1,89.735,5.075,15.331,,,,,,,,,,-39.4,,,,,,,,2,772.298,,,
"437","NOEL","2023081802",0,9.6,65,8.6,345,18.9,89.26,5.947,17.276,,,,,,,,,,-100.9,,,,,,,,2,772.786,,,
"437","NOEL","2023081803",0,8.2,78,7.7,292,17.7,88.542,5.127,15.451,,,,,,,,,,-46,,,,,,,,2,773.252,,,
"437","NOEL","2023081804",1,6.9,94,5.5,336,12,66.673,0.741,2.376,,,,,,,,,,-19,,,,,,,,2,774.273,,,
"437","NOEL","2023081805",1.8,6.5,95,3.7,287,11.4,41.891,0.059,0.118,,,,,,,,,,-11.2,,,,,,,,2,777.313,,,
"437","NOEL","2023081806",2.6,6.1,98,2.1,324,11.4,22.388,0,0.001,,,,,,,,,,-40.7,,,,,,,,2,780.287,,,
"437","NOEL","2023081807",0.4,6.2,97,2.5,291,10.2,20.758,0,0,,,,,,,,,,-9.4,,,,,,,,2,780.831,,,
"437","NOEL","2023081808",0,6.7,95,3.5,309,10.2,21.214,0,0,,,,,,,,,,-1.5,,,,,,,,2,780.812,,,
"437","NOEL","2023081809",0,7.3,92,6.8,300,15.4,22.054,0,0.001,,,,,,,,,,-28.9,,,,,,,,2,780.819,,,
"437","NOEL","2023081810",0,7.4,91,6.3,331,14.3,22.959,0.001,0.001,,,,,,,,,,-67.7,,,,,,,,2,781.322,,,
"437","NOEL","2023081811",0,9.3,79,10.4,305,20.6,25.064,0.001,0.003,,,,,,,,,,-45.1,,,,,,,,2,780.828,,,
"437","NOEL","2023081812",0,9.1,73,9.4,312,25.2,27.414,0.003,0.005,5.8,49.713,0.254,0.382,24.329,426.159,42.581,2,,-62.1,,,,,,,,2,780.805,,,
"437","NOEL","2023081813",0.4,9.5,77,9,286,21.8,27.153,0.002,0.004,,,,,,,,,,-23.4,,,,,,,,2,783.817,,,
"437","NOEL","2023081814",0.4,9.3,79,5.2,284,23.5,26.521,0.002,0.002,,,,,,,,,,-36.5,,,,,,,,2,779.838,,,
"437","NOEL","2023081815",0.2,9.8,85,12.1,8,24.6,27.106,0.003,0.004,,,,,,,,,,-71.9,,,,,,,,2,784.256,,,
"437","NOEL","2023081816",0,12.7,57,10.5,272,21.8,30.651,0.007,0.01,,,,,,,,,,-19.6,,,,,,,,2,781.277,,,
"437","NOEL","2023081817",0,12.2,50,8.5,261,24.1,34.173,0.015,0.023,,,,,,,,,,-42.9,,,,,,,,2,782.642,,,
"437","NOEL","2023081818",0,10.5,60,9.7,236,17.7,37.086,0.031,0.047,,,,,,,,,,1.7,,,,,,,,2,782.313,,,
"437","NOEL","2023081819",0,8.7,70,8.1,225,12.5,39.223,0.045,0.067,,,,,,,,,,-31.4,,,,,,,,2,783.306,,,
"437","NOEL","2023081820",0,7.7,74,9.3,231,12,41.117,0.068,0.103,,,,,,,,,,12.4,,,,,,,,2,782.3,,,
"437","NOEL","2023081821",0,8,75,10.8,234,15.4,43.008,0.103,0.154,,,,,,,,,,-50.2,,,,,,,,2,782.313,,,
"437","NOEL","2023081822",0,7.3,77,11.1,227,14.9,44.712,0.138,0.207,,,,,,,,,,-18.1,,,,,,,,2,782.832,,,
"437","NOEL","2023081823",0,7.1,77,11,225,16,46.35,0.175,0.263,,,,,,,,,,-49.7,,,,,,,,2,782.316,,,
"438","ELK MOUNTAIN","2023081800",1.2,9,100,4,106,6.2,55.424,0.355,0.285,,,,,,,,,0,0,,0,0,0,0,0,,0,0,,0,
"438","ELK MOUNTAIN","2023081801",0.4,8.6,99,3.6,124,9.7,50.127,0.2,0.16,,,,,,,,,0,0,,0,0,0,0,0,,0,0,,0,
"438","ELK MOUNTAIN","2023081802",0,7.6,99,3.3,24,9.7,50.216,0.199,0.16,,,,,,,,,0,0,,0,0,0,0,0,,0,0,,0,
"438","ELK MOUNTAIN","2023081803",0,7.6,100,2.6,306,5.1,50.252,0.193,0.155,,,,,,,,,0,0,,0,0,0,0,0,,0,0,,0,
"438","ELK MOUNTAIN","2023081804",0,7.6,100,2,317,5.6,50.288,0.188,0.151,,,,,,,,,0,0,,0,0,0,0,0,,0,0,,0,
"438","ELK MOUNTAIN","2023081805",0,7.9,100,3.4,348,5.6,50.324,0.203,0.163,,,,,,,,,0,0,,0,0,0,0,0,,0,0,,0,
"438","ELK MOUNTAIN","2023081806",0.2,8.2,100,2.6,4,5.1,47.903,0.143,0.115,,,,,,,,,0,0,,0,0,0,0,0,,0,0,,0,
"438","ELK MOUNTAIN","2023081807",0,8.7,100,2.3,343,4.5,47.938,0.141,0.114,,,,,,,,,0,0,,0,0,0,0,0,,0,0,,0,
"438","ELK MOUNTAIN","2023081808",0.4,10.2,94,4.8,359,7.4,43.904,0.088,0.071,,,,,,,,,0,0,,0,0,0,0,0,,0,0,,0,
"438","ELK MOUNTAIN","2023081809",0,11.7,86,4.9,295,10.2,45.01,0.105,0.085,,,,,,,,,0,0,,0,0,0,0,0,,0,0,,0,
"438","ELK MOUNTAIN","2023081810",0,12.4,80,5.8,315,12,46.541,0.139,0.111,,,,,,,,,0,0,,0,0,0,0,0,,0,0,,0,
"438","ELK MOUNTAIN","2023081811",0,15.4,68,5.4,289,14.3,48.824,0.186,0.149,,,,,,,,,0,0,,0,0,0,0,0,,0,0,,0,
"438","ELK MOUNTAIN","2023081812",0,18.2,55,9.4,340,18.9,52.221,0.34,0.273,2.4,73.875,1.162,0.918,10.829,77.006,16.024,1,0,0,,0,0,0,0,0,,0,0,,0,
"438","ELK MOUNTAIN","2023081813",0,20,49,10.3,303,17.7,55.972,0.511,0.404,,,,,,,,,0,0,,0,0,0,0,0,,0,0,,0,
"438","ELK MOUNTAIN","2023081814",0,19.6,51,7.1,325,25.8,59.058,0.551,0.435,,,,,,,,,0,0,,0,0,0,0,0,,0,0,,0,
"438","ELK MOUNTAIN","2023081815",0,20.2,49,5.9,4,14.3,61.963,0.617,0.488,,,,,,,,,0,0,,0,0,0,0,0,,0,0,,0,
"438","ELK MOUNTAIN","2023081816",0,21.5,48,6.3,339,17.7,64.848,0.72,0.569,,,,,,,,,0,0,,0,0,0,0,0,,0,0,,0,
"438","ELK MOUNTAIN","2023081817",0,20.1,49,5.2,276,19.5,67.213,0.743,0.587,,,,,,,,,0,0,,0,0,0,0,0,,0,0,,0,
"438","ELK MOUNTAIN","2023081818",0,18.7,72,1.7,90,9.7,68.226,0.644,0.509,,,,,,,,,0,0,,0,0,0,0,0,,0,0,,0,
"438","ELK MOUNTAIN","2023081819",0,16.4,89,3.1,97,5.6,68.601,0.7,0.553,,,,,,,,,0,0,,0,0,0,0,0,,0,0,,0,
"438","ELK MOUNTAIN","2023081820",0,13,96,2.6,21,5.6,68.71,0.685,0.541,,,,,,,,,0,0,,0,0,0,0,0,,0,0,,0,
"438","ELK MOUNTAIN","2023081821",0,10,98,2.8,42,5.6,68.773,0.693,0.548,,,,,,,,,0,0,,0,0,0,0,0,,0,0,,0,
"438","ELK MOUNTAIN","2023081822",0,8.5,99,2.4,80,5.6,68.822,0.68,0.538,,,,,,,,,0,0,,0,0,0,0,0,,0,0,,0,
"438","ELK MOUNTAIN","2023081823",0,7.2,99,2.4,53,3.9,68.87,0.681,0.538,,,,,,,,,0,0,,0,0,0,0,0,,0,0,,0,
"440","FIRESIDE","2023081800",0,5.6,97,1.2,223,3.9,65.908,0.58,0.487,,,,,,,,,,,,,,,,,,,,452.4,,
"440","FIRESIDE","2023081801",0,5.5,98,2.9,228,4,65.978,0.634,0.532,,,,,,,,,,,,,,,,,,,,452.4,,
"440","FIRESIDE","2023081802",0,4.7,98,0.7,195,4.4,66.039,0.568,0.477,,,,,,,,,,,,,,,,,,,,452.4,,
"440","FIRESIDE","2023081803",0,4.9,98,0,203,4.2,66.092,0.55,0.462,,,,,,,,,,,,,,,,,,,,452.4,,
"440","FIRESIDE","2023081804",0,5.8,98,5.4,210,8,66.167,0.724,0.608,,,,,,,,,,,,,,,,,,,,452.4,,
"440","FIRESIDE","2023081805",0,5.3,98,2.7,194,7.7,66.235,0.633,0.532,,,,,,,,,,,,,,,,,,,,452.4,,
"440","FIRESIDE","2023081806",0,5.9,98,1.5,100,5.7,66.3,0.597,0.502,,,,,,,,,,,,,,,,,,,,452.4,,
"440","FIRESIDE","2023081807",0,7.5,98,1.7,155,6,66.367,0.605,0.508,,,,,,,,,,,,,,,,,,,,452.4,,
"440","FIRESIDE","2023081808",0,9.9,91,2,123,6.1,66.611,0.62,0.52,,,,,,,,,,,,,,,,,,,,452.4,,
"440","FIRESIDE","2023081809",0,11.6,82,1,288,7.4,67.078,0.599,0.503,,,,,,,,,,,,,,,,,,,,452.4,,
"440","FIRESIDE","2023081810",0,14.1,67,5.3,218,11.8,68.259,0.773,0.649,,,,,,,,,,,,,,,,,,,,452.4,,
"440","FIRESIDE","2023081811",0,16.3,55,7.5,277,18.1,69.95,0.911,0.765,,,,,,,,,,,,,,,,,,,,452.4,,
"440","FIRESIDE","2023081812",0,18.5,52,7.6,292,23.5,71.757,0.973,0.817,1.2,79.634,1.607,2.428,11.431,328.83,21.034,2,,,,,,,,,,,,452.4,,
"440","FIRESIDE","2023081813",0,17.6,52,10.5,301,20.3,73.434,1.204,1.492,,,,,,,,,,,,,,,,,,,,452.4,,
"440","FIRESIDE","2023081814",0,18.7,50,6.9,292,21.3,74.958,1.082,1.098,,,,,,,,,,,,,,,,,,,,452.4,,
"440","FIRESIDE","2023081815",0,19.7,45,7,294,16.7,76.554,1.2,1.483,,,,,,,,,,,,,,,,,,,,452.4,,
"440","FIRESIDE","2023081816",0,20.4,43,8.8,277,27.9,78.149,1.486,2.168,,,,,,,,,,,,,,,,,,,,452.4,,
"440","FIRESIDE","2023081817",0,19.7,45,7.9,279,19.9,79.422,1.597,2.408,,,,,,,,,,,,,,,,,,,,452.4,,
"440","FIRESIDE","2023081818",0,16.7,55,4.9,315,25.4,80.086,1.469,2.129,,,,,,,,,,,,,,,,,,,,452.4,,
"440","FIRESIDE","2023081819",0,15.5,76,0.4,172,7.8,80.215,1.187,1.446,,,,,,,,,,,,,,,,,,,,452.4,,
"440","FIRESIDE","2023081820",0,10.5,93,3.8,225,4.5,79.944,1.369,1.902,,,,,,,,,,,,,,,,,,,,452.4,,
"440","FIRESIDE","2023081821",0,8.6,97,5.3,239,7.7,79.428,1.402,1.977,,,,,,,,,,,,,,,,,,,,452.4,,
"440","FIRESIDE","2023081822",0,9.6,93,5.6,244,11.3,79.223,1.395,1.962,,,,,,,,,,,,,,,,,,,,452.4,,
"440","FIRESIDE","2023081823",0,10.4,77,6.7,242,12.2,79.369,1.495,2.188,,,,,,,,,,,,,,,,,,,,452.4,,
"444","KETCHIKA","2023081800",0.2,7.5,100,1.9,10,3.9,69.47,0.677,3.093,,,,,,,,,0,0,,0,0,0,0,0,,0,0,,0,
"444","KETCHIKA","2023081801",0,7.7,100,0,118,3.9,69.513,0.616,2.743,,,,,,,,,0,0,,0,0,0,0,0,,0,0,,0,
"444","KETCHIKA","2023081802",0,7.5,100,1.8,320,3.3,69.556,0.675,3.084,,,,,,,,,0,0,,0,0,0,0,0,,0,0,,0,
"444","KETCHIKA","2023081803",0,7.3,100,2.2,332,4.5,69.599,0.69,3.167,,,,,,,,,0,0,,0,0,0,0,0,,0,0,,0,
"444","KETCHIKA","2023081804",0,7,100,2.1,337,5.1,69.642,0.687,3.153,,,,,,,,,0,0,,0,0,0,0,0,,0,0,,0,
"444","KETCHIKA","2023081805",0,6.5,100,2.2,66,5.1,69.685,0.692,3.177,,,,,,,,,0,0,,0,0,0,0,0,,0,0,,0,
"444","KETCHIKA","2023081806",0,5.8,100,2.4,125,5.6,69.728,0.7,3.222,,,,,,,,,0,0,,0,0,0,0,0,,0,0,,0,
"444","KETCHIKA","2023081807",0,7.3,100,2.5,65,9.1,69.771,0.704,3.247,,,,,,,,,0,0,,0,0,0,0,0,,0,0,,0,
"444","KETCHIKA","2023081808",0,8.6,100,2.6,300,4.5,69.814,0.709,3.272,,,,,,,,,0,0,,0,0,0,0,0,,0,0,,0,
"444","KETCHIKA","2023081809",0.2,10.1,98,2.1,116,6.2,66.213,0.614,2.731,,,,,,,,,0,0,,0,0,0,0,0,,0,0,,0,
"444","KETCHIKA","2023081810",0,12,87,2.6,131,6.8,66.626,0.639,2.876,,,,,,,,,0,0,,0,0,0,0,0,,0,0,,0,
"444","KETCHIKA","2023081811",0,13.4,75,2.7,208,7.4,67.437,0.66,2.998,,,,,,,,,0,0,,0,0,0,0,0,,0,0,,0,
"444","KETCHIKA","2023081812",0,17.2,55,3.5,8,7.9,69.038,0.724,3.354,1,83.07,1.943,9.075,56.283,865.216,96.821,4,0,0,,0,0,0,0,0,,0,0,,0,
"444","KETCHIKA","2023081813",0,19.9,45,6.5,281,17.7,71.23,0.904,4.4,,,,,,,,,0,0,,0,0,0,0,0,,0,0,,0,
"444","KETCHIKA","2023081814",0,22,40,5.3,225,11.4,73.501,0.929,4.529,,,,,,,,,0,0,,0,0,0,0,0,,0,0,,0,
"444","KETCHIKA","2023081815",0,22.7,33,6.8,326,13.7,75.933,1.14,5.576,,,,,,,,,0,0,,0,0,0,0,0,,0,0,,0,
"444","KETCHIKA","2023081816",0,18.9,45,4.9,160,19.5,77.292,1.139,5.571,,,,,,,,,0,0,,0,0,0,0,0,,0,0,,0,
"444","KETCHIKA","2023081817",0,17.7,51,7.5,144,17.2,78.363,1.418,6.861,,,,,,,,,0,0,,0,0,0,0,0,,0,0,,0,
"444","KETCHIKA","2023081818",0,16.9,51,5.2,149,17.7,79.232,1.368,6.637,,,,,,,,,0,0,,0,0,0,0,0,,0,0,,0,
"444","KETCHIKA","2023081819",0,15.1,65,4,149,10.8,79.641,1.341,6.513,,,,,,,,,0,0,,0,0,0,0,0,,0,0,,0,
"444","KETCHIKA","2023081820",0,11.8,82,2.8,81,7.4,79.699,1.27,6.186,,,,,,,,,0,0,,0,0,0,0,0,,0,0,,0,
"444","KETCHIKA","2023081821",0,9.2,88,3.6,105,7.4,79.695,1.321,6.424,,,,,,,,,0,0,,0,0,0,0,0,,0,0,,0,
"444","KETCHIKA","2023081822",0,8.4,89,4,134,8.5,79.644,1.341,6.515,,,,,,,,,0,0,,0,0,0,0,0,,0,0,,0,
"444","KETCHIKA","2023081823",0,8.3,88,4.5,143,13.1,79.633,1.374,6.663,,,,,,,,,0,0,,0,0,0,0,0,,0,0,,0,
"445","BOYA LAKE","2023081800",0,6.9,98,0.3,248,5.1,67.476,0.586,0.946,,,,,,,,,,,,,,,,,,,,3881,,
"445","BOYA LAKE","2023081801",0.2,7,99,1.6,198,5.4,64.013,0.549,0.886,,,,,,,,,,,,,,,,,,,,3881.2,,
"445","BOYA LAKE","2023081802",0.6,7.2,99,2.5,194,6.2,54.706,0.308,0.498,,,,,,,,,,,,,,,,,,,,3881.8,,
"445","BOYA LAKE","2023081803",0.2,7.5,99,2.4,191,7.3,52.071,0.235,0.38,,,,,,,,,,,,,,,,,,,,3882,,
"445","BOYA LAKE","2023081804",0.2,7.6,100,2,160,7.2,49.548,0.172,0.277,,,,,,,,,,,,,,,,,,,,3882.2,,
"445","BOYA LAKE","2023081805",0,7.5,100,1.6,174,7.6,49.584,0.169,0.273,,,,,,,,,,,,,,,,,,,,3882.2,,
"445","BOYA LAKE","2023081806",0,7.5,100,1.1,184,5,49.62,0.166,0.267,,,,,,,,,,,,,,,,,,,,3882.2,,
"445","BOYA LAKE","2023081807",0,8.1,100,1.7,159,5.1,49.656,0.171,0.277,,,,,,,,,,,,,,,,,,,,3882.2,,
"445","BOYA LAKE","2023081808",0,9.4,97,2.9,155,10.5,49.86,0.187,0.302,,,,,,,,,,,,,,,,,,,,3882.2,,
"445","BOYA LAKE","2023081809",0,13.1,82,4.8,161,11,51.113,0.238,0.385,,,,,,,,,,,,,,,,,,,,3882.2,,
"445","BOYA LAKE","2023081810",0,14.1,75,5.4,136,12.8,52.78,0.295,0.476,,,,,,,,,,,,,,,,,,,,3882.2,,
"445","BOYA LAKE","2023081811",0,16.8,55,7,132,13.3,55.586,0.418,0.676,,,,,,,,,,,,,,,,,,,,3882.2,,
"445","BOYA LAKE","2023081812",0,19.1,47,6.1,118,15.1,58.721,0.511,0.826,2.2,76.686,1.158,3.094,24.854,597.03,45.023,3,,,,,,,,,,,,3882.2,,
"445","BOYA LAKE","2023081813",0,19.9,50,7.6,116,17.7,61.71,0.663,1.201,,,,,,,,,,,,,,,,,,,,3882.2,,
"445","BOYA LAKE","2023081814",0.8,17.5,74,10.7,280,27.5,52.396,0.37,0.578,,,,,,,,,,,,,,,,,,,,3883,,
"445","BOYA LAKE","2023081815",1.2,12.9,95,2.5,154,19.8,39,0.032,0.051,,,,,,,,,,,,,,,,,,,,3884.2,,
"445","BOYA LAKE","2023081816",0,16.4,66,6.3,135,14,41.852,0.067,0.105,,,,,,,,,,,,,,,,,,,,3884.2,,
"445","BOYA LAKE","2023081817",0,13.7,86,6.6,250,14.2,43.19,0.086,0.134,,,,,,,,,,,,,,,,,,,,3884.2,,
"445","BOYA LAKE","2023081818",0,14.6,80,4,134,11,44.765,0.097,0.152,,,,,,,,,,,,,,,,,,,,3884.2,,
"445","BOYA LAKE","2023081819",0,13.8,77,4.5,150,14.7,46.459,0.128,0.201,,,,,,,,,,,,,,,,,,,,3884.2,,
"445","BOYA LAKE","2023081820",0,11.8,89,0,313,9.8,46.868,0.109,0.17,,,,,,,,,,,,,,,,,,,,3884.2,,
"445","BOYA LAKE","2023081821",0,10.2,91,0.7,246,6.4,47.32,0.12,0.187,,,,,,,,,,,,,,,,,,,,3884.2,,
"445","BOYA LAKE","2023081822",0,9.3,91,2.6,244,5.3,47.873,0.142,0.222,,,,,,,,,,,,,,,,,,,,3884.2,,
"445","BOYA LAKE","2023081823",0,8.3,94,0.3,311,5.5,48.129,0.131,0.205,,,,,,,,,,,,,,,,,,,,3884.2,,
"474","FROTH-WIND","2023081800",0,,0,8.3,210,20,,,,,,,,,,,,,,,,,,,,,,,,,
"474","FROTH-WIND","2023081801",0,,0,15.5,213,22.9,,,,,,,,,,,,,,,,,,,,,,,,,
"474","FROTH-WIND","2023081802",0,,0,10.6,210,19.5,,,,,,,,,,,,,,,,,,,,,,,,,
"474","FROTH-WIND","2023081803",0,,0,4.9,174,18.3,,,,,,,,,,,,,,,,,,,,,,,,,
"474","FROTH-WIND","2023081804",0,,0,23.1,176,35.6,,,,,,,,,,,,,,,,,,,,,,,,,
"474","FROTH-WIND","2023081805",0,,0,14.1,210,30.4,,,,,,,,,,,,,,,,,,,,,,,,,
"474","FROTH-WIND","2023081806",0,,0,11.9,161,22.3,,,,,,,,,,,,,,,,,,,,,,,,,
"474","FROTH-WIND","2023081807",0,,0,12.9,194,22.9,,,,,,,,,,,,,,,,,,,,,,,,,
"474","FROTH-WIND","2023081808",0,,0,8.7,238,19.5,,,,,,,,,,,,,,,,,,,,,,,,,
"474","FROTH-WIND","2023081809",0,,0,12.9,277,24.6,,,,,,,,,,,,,,,,,,,,,,,,,
"474","FROTH-WIND","2023081810",0,,0,33.5,294,58,,,,,,,,,,,,,,,,,,,,,,,,,
"474","FROTH-WIND","2023081811",0,,0,7.7,207,49.4,,,,,,,,,,,,,,,,,,,,,,,,,
"474","FROTH-WIND","2023081812",0,,0,19.3,223,35.6,,,,0,,,,,,,,,,,,,,,,,,,,,
"474","FROTH-WIND","2023081813",0,,0,18.8,314,35,,,,,,,,,,,,,,,,,,,,,,,,,
"474","FROTH-WIND","2023081814",0,,0,16.1,221,37.3,,,,,,,,,,,,,,,,,,,,,,,,,
"474","FROTH-WIND","2023081815",0,,0,28.7,293,43.1,,,,,,,,,,,,,,,,,,,,,,,,,
"474","FROTH-WIND","2023081816",0,,0,14.2,287,39,,,,,,,,,,,,,,,,,,,,,,,,,
"474","FROTH-WIND","2023081817",0,,0,26.6,296,36.7,,,,,,,,,,,,,,,,,,,,,,,,,
"474","FROTH-WIND","2023081818",0,,0,14,288,31,,,,,,,,,,,,,,,,,,,,,,,,,
"474","FROTH-WIND","2023081819",0,,0,19.1,292,33.9,,,,,,,,,,,,,,,,,,,,,,,,,
"474","FROTH-WIND","2023081820",0,,0,6.3,277,34.4,,,,,,,,,,,,,,,,,,,,,,,,,
"474","FROTH-WIND","2023081821",0,,0,10.9,290,19.5,,,,,,,,,,,,,,,,,,,,,,,,,
"474","FROTH-WIND","2023081822",0,,0,10.9,311,15.4,,,,,,,,,,,,,,,,,,,,,,,,,
"474","FROTH-WIND","2023081823",0,,0,6.9,4,20,,,,,,,,,,,,,,,,,,,,,,,,,
"480","SILVERSTAR SF","2023081800",0,15.1,50,0,276,2.2,,,,,,,,,,,,,,,,,,,,,,,,,
"480","SILVERSTAR SF","2023081801",0,14.3,61,1.6,273,2.2,,,,,,,,,,,,,,,,,,,,,,,,,
"480","SILVERSTAR SF","2023081802",0,13.4,66,1.6,265,2.8,,,,,,,,,,,,,,,,,,,,,,,,,
"480","SILVERSTAR SF","2023081803",0,12.7,63,0,261,3.3,,,,,,,,,,,,,,,,,,,,,,,,,
"480","SILVERSTAR SF","2023081804",0,12.5,48,0,255,2.2,,,,,,,,,,,,,,,,,,,,,,,,,
"480","SILVERSTAR SF","2023081805",0,12.1,49,0,245,2.2,,,,,,,,,,,,,,,,,,,,,,,,,
"480","SILVERSTAR SF","2023081806",0,11.4,61,0,272,0,,,,,,,,,,,,,,,,,,,,,,,,,
"480","SILVERSTAR SF","2023081807",0,9.6,70,11.8,263,36.2,,,,,,,,,,,,,,,,,,,,,,,,,
"480","SILVERSTAR SF","2023081808",0,11.8,61,6,257,25.8,,,,,,,,,,,,,,,,,,,,,,,,,
"480","SILVERSTAR SF","2023081809",0,13.1,55,0,243,26.4,,,,,,,,,,,,,,,,,,,,,,,,,
"480","SILVERSTAR SF","2023081810",0,11.4,55,0,286,0,,,,,,,,,,,,,,,,,,,,,,,,,
"480","SILVERSTAR SF","2023081811",0,14,44,0,285,0,,,,,,,,,,,,,,,,,,,,,,,,,
"480","SILVERSTAR SF","2023081812",0,13.7,42,1.6,297,2.2,,,,0,,,,,,,,,,,,,,,,,,,,,
"480","SILVERSTAR SF","2023081813",0,13.6,40,0,292,2.2,,,,,,,,,,,,,,,,,,,,,,,,,
"480","SILVERSTAR SF","2023081814",0,13.9,39,3,288,25.2,,,,,,,,,,,,,,,,,,,,,,,,,
"480","SILVERSTAR SF","2023081815",0,14.6,33,2.5,289,21.2,,,,,,,,,,,,,,,,,,,,,,,,,
"480","SILVERSTAR SF","2023081816",0,13.6,32,2.2,308,21.2,,,,,,,,,,,,,,,,,,,,,,,,,
"480","SILVERSTAR SF","2023081817",0,11.6,37,2.7,309,24.6,,,,,,,,,,,,,,,,,,,,,,,,,
"480","SILVERSTAR SF","2023081818",0,9,45,2.1,307,16.6,,,,,,,,,,,,,,,,,,,,,,,,,
"480","SILVERSTAR SF","2023081819",0,7.8,48,2.1,300,22.3,,,,,,,,,,,,,,,,,,,,,,,,,
"480","SILVERSTAR SF","2023081820",0,6.7,51,2.3,321,18.9,,,,,,,,,,,,,,,,,,,,,,,,,
"480","SILVERSTAR SF","2023081821",0,6.1,57,3.7,332,17.2,,,,,,,,,,,,,,,,,,,,,,,,,
"480","SILVERSTAR SF","2023081822",0,5.5,61,3.9,313,20.6,,,,,,,,,,,,,,,,,,,,,,,,,
"480","SILVERSTAR SF","2023081823",0,4.8,63,3,10,24.1,,,,,,,,,,,,,,,,,,,,,,,,,
"503","BAKER","2023081800",0,,0,21.4,223,38.5,,,,,,,,,,,,,,,,,,,,,,,,,
"503","BAKER","2023081801",0,,0,24,229,40.8,,,,,,,,,,,,,,,,,,,,,,,,,
"503","BAKER","2023081802",0,,0,24.6,223,41.9,,,,,,,,,,,,,,,,,,,,,,,,,
"503","BAKER","2023081803",0,,0,35.2,228,52.9,,,,,,,,,,,,,,,,,,,,,,,,,
"503","BAKER","2023081804",0,,0,33.2,231,55.7,,,,,,,,,,,,,,,,,,,,,,,,,
"503","BAKER","2023081805",0,,0,33.2,227,53.4,,,,,,,,,,,,,,,,,,,,,,,,,
"503","BAKER","2023081806",0,,0,33.1,227,47.7,,,,,,,,,,,,,,,,,,,,,,,,,
"503","BAKER","2023081807",0,,0,30,220,55.2,,,,,,,,,,,,,,,,,,,,,,,,,
"503","BAKER","2023081808",0,,0,28.9,219,40.8,,,,,,,,,,,,,,,,,,,,,,,,,
"503","BAKER","2023081809",0,,0,12.9,185,39.6,,,,,,,,,,,,,,,,,,,,,,,,,
"503","BAKER","2023081810",0,,0,13.9,201,29.8,,,,,,,,,,,,,,,,,,,,,,,,,
"503","BAKER","2023081811",0,,0,15.2,195,30.4,,,,,,,,,,,,,,,,,,,,,,,,,
"503","BAKER","2023081812",0,,0,13,186,36.7,,,,0,,,,,,,,,,,,,,,,,,,,,
"503","BAKER","2023081813",0,,0,16.3,239,37.3,,,,,,,,,,,,,,,,,,,,,,,,,
"503","BAKER","2023081814",0,,0,35.5,261,57.5,,,,,,,,,,,,,,,,,,,,,,,,,
"503","BAKER","2023081815",0,,0,31.6,243,59.2,,,,,,,,,,,,,,,,,,,,,,,,,
"503","BAKER","2023081816",0,,0,27.8,245,71.3,,,,,,,,,,,,,,,,,,,,,,,,,
"503","BAKER","2023081817",0,,0,19.8,249,50,,,,,,,,,,,,,,,,,,,,,,,,,
"503","BAKER","2023081818",0,,0,26.9,271,46.5,,,,,,,,,,,,,,,,,,,,,,,,,
"503","BAKER","2023081819",0,,0,20.3,320,38.5,,,,,,,,,,,,,,,,,,,,,,,,,
"503","BAKER","2023081820",0,,0,22.2,336,37.3,,,,,,,,,,,,,,,,,,,,,,,,,
"503","BAKER","2023081821",0,,0,22.3,359,35.6,,,,,,,,,,,,,,,,,,,,,,,,,
"503","BAKER","2023081822",0,,0,20.7,8,36.7,,,,,,,,,,,,,,,,,,,,,,,,,
"503","BAKER","2023081823",0,,0,22.9,1,36.2,,,,,,,,,,,,,,,,,,,,,,,,,
"554","CAPILANO GVRD","2023081800",0,15.9,92,1.7,256,5.2,85.828,2.575,9.432,,,,,,,,,,,,,,,,,,,,,,
"554","CAPILANO GVRD","2023081801",0,15.3,86,1.3,100,3.9,85.317,2.351,8.723,,,,,,,,,,,,,,,,,,,,,,
"554","CAPILANO GVRD","2023081802",0,14,89,0,251,3.9,84.835,2.06,7.768,,,,,,,,,,,,,,,,,,,,,,
"554","CAPILANO GVRD","2023081803",0,13.4,90,1.2,79,7.6,84.27,2.027,7.657,,,,,,,,,,,,,,,,,,,,,,
"554","CAPILANO GVRD","2023081804",0,13.4,78,4.9,146,13.1,84.142,2.401,8.882,,,,,,,,,,,,,,,,,,,,,,
"554","CAPILANO GVRD","2023081805",0,12.7,81,2,60,12.2,83.959,2.024,7.648,,,,,,,,,,,,,,,,,,,,,,
"554","CAPILANO GVRD","2023081806",0,11.8,85,3.3,199,7.6,83.65,2.075,7.818,,,,,,,,,,,,,,,,,,,,,,
"554","CAPILANO GVRD","2023081807",0,11.4,88,0.8,85,8,83.308,1.749,6.695,,,,,,,,,,,,,,,,,,,,,,
"554","CAPILANO GVRD","2023081808",0,11.7,88,3,79,4.7,82.959,1.868,7.113,,,,,,,,,,,,,,,,,,,,,,
"554","CAPILANO GVRD","2023081809",0,14.5,64,5.3,150,11.3,83.098,2.136,8.021,,,,,,,,,,,,,,,,,,,,,,
"554","CAPILANO GVRD","2023081810",0,17.8,51,6.2,208,17.1,83.548,2.369,8.782,,,,,,,,,,,,,,,,,,,,,,
"554","CAPILANO GVRD","2023081811",0,19.6,43,7.7,272,19.9,84.228,2.796,10.109,,,,,,,,,,,,,,,,,,,,,,
"554","CAPILANO GVRD","2023081812",0,20.4,43,8.5,283,20.4,84.866,3.175,11.223,0,90.364,6.931,20.92,45.911,465.345,73.655,4,,,,,,,,,,,,,,
"554","CAPILANO GVRD","2023081813",0,20.8,41,8.1,262,17.2,85.488,3.391,12.18,,,,,,,,,,,,,,,,,,,,,,
"554","CAPILANO GVRD","2023081814",0,21.8,38,6.5,234,18.9,86.135,3.424,12.277,,,,,,,,,,,,,,,,,,,,,,
"554","CAPILANO GVRD","2023081815",0,22.8,31,7,264,18.1,86.969,3.952,13.745,,,,,,,,,,,,,,,,,,,,,,
"554","CAPILANO GVRD","2023081816",0,23.4,29,6,251,19.5,87.762,4.208,14.432,,,,,,,,,,,,,,,,,,,,,,
"554","CAPILANO GVRD","2023081817",0,21.9,33,6.6,274,17.4,88.251,4.652,15.583,,,,,,,,,,,,,,,,,,,,,,
"554","CAPILANO GVRD","2023081818",0,18.2,48,3.7,131,11.3,88.3,4.048,14.004,,,,,,,,,,,,,,,,,,,,,,
"554","CAPILANO GVRD","2023081819",0,15.9,54,1.4,32,6.5,88.279,3.594,12.758,,,,,,,,,,,,,,,,,,,,,,
"554","CAPILANO GVRD","2023081820",0,13.5,65,0.9,30,3.9,88.06,3.396,12.196,,,,,,,,,,,,,,,,,,,,,,
"554","CAPILANO GVRD","2023081821",0,12.3,71,0.3,355,3.8,87.766,3.159,11.506,,,,,,,,,,,,,,,,,,,,,,
"554","CAPILANO GVRD","2023081822",0,11.4,75,2.2,32,3.9,87.36,3.281,11.862,,,,,,,,,,,,,,,,,,,,,,
"554","CAPILANO GVRD","2023081823",0,10.7,77,1.5,18,3.9,86.964,2.993,11.011,,,,,,,,,,,,,,,,,,,,,,
"555","SEYMOUR GVRD","2023081800",0,18.1,74,1.9,106,3.9,88.668,3.897,12.476,,,,,,,,,,,,,,,,,,,,,,
"555","SEYMOUR GVRD","2023081801",0,17.3,67,6.4,57,12.9,88.314,4.647,14.322,,,,,,,,,,,,,,,,,,,,,,
"555","SEYMOUR GVRD","2023081802",0,15.1,78,2.6,95,9.8,87.756,3.542,11.555,,,,,,,,,,,,,,,,,,,,,,
"555","SEYMOUR GVRD","2023081803",0,13.8,81,3.7,62,6.9,87.148,3.433,11.265,,,,,,,,,,,,,,,,,,,,,,
"555","SEYMOUR GVRD","2023081804",0,12.9,85,5,62,7.9,86.445,3.317,10.953,,,,,,,,,,,,,,,,,,,,,,
"555","SEYMOUR GVRD","2023081805",0,12.3,87,3.9,50,8.5,85.768,2.853,9.665,,,,,,,,,,,,,,,,,,,,,,
"555","SEYMOUR GVRD","2023081806",0,12.1,82,4.9,64,11.3,85.342,2.828,9.592,,,,,,,,,,,,,,,,,,,,,,
"555","SEYMOUR GVRD","2023081807",0,11.5,84,5.3,72,11.8,84.89,2.711,9.256,,,,,,,,,,,,,,,,,,,,,,
"555","SEYMOUR GVRD","2023081808",0,11.3,85,3,61,7.9,84.485,2.285,7.978,,,,,,,,,,,,,,,,,,,,,,
"555","SEYMOUR GVRD","2023081809",0,12,79,4.3,80,9.1,84.295,2.378,8.263,,,,,,,,,,,,,,,,,,,,,,
"555","SEYMOUR GVRD","2023081810",0,15,62,7.7,80,13.3,84.361,2.847,9.648,,,,,,,,,,,,,,,,,,,,,,
"555","SEYMOUR GVRD","2023081811",0,18.1,50,5.4,38,13.1,84.7,2.655,9.091,,,,,,,,,,,,,,,,,,,,,,
"555","SEYMOUR GVRD","2023081812",0,18.2,47,8.5,76,16.1,85.096,3.277,10.845,0,89.654,6.261,18.401,40.101,487.284,66.517,4,,,,,,,,,,,,,,
"555","SEYMOUR GVRD","2023081813",0,19,44,8,43,17.2,85.539,3.398,11.488,,,,,,,,,,,,,,,,,,,,,,
"555","SEYMOUR GVRD","2023081814",0,20.1,40,6.5,27,17.6,86.055,3.386,11.456,,,,,,,,,,,,,,,,,,,,,,
"555","SEYMOUR GVRD","2023081815",0,21.3,39,6.7,333,13.9,86.579,3.683,12.257,,,,,,,,,,,,,,,,,,,,,,
"555","SEYMOUR GVRD","2023081816",0,21.6,35,6.4,28,13.8,87.157,3.938,12.928,,,,,,,,,,,,,,,,,,,,,,
"555","SEYMOUR GVRD","2023081817",0,21.3,35,6,38,17.1,87.64,4.135,13.433,,,,,,,,,,,,,,,,,,,,,,
"555","SEYMOUR GVRD","2023081818",0,20.7,36,5.6,42,14.6,88.005,4.27,13.774,,,,,,,,,,,,,,,,,,,,,,
"555","SEYMOUR GVRD","2023081819",0,18.9,42,6.9,47,14.9,88.126,4.639,14.687,,,,,,,,,,,,,,,,,,,,,,
"555","SEYMOUR GVRD","2023081820",0,16.2,51,5.1,90,12.6,88.17,4.263,13.757,,,,,,,,,,,,,,,,,,,,,,
"555","SEYMOUR GVRD","2023081821",0,14.2,57,3,29,5.6,88.083,3.788,12.534,,,,,,,,,,,,,,,,,,,,,,
"555","SEYMOUR GVRD","2023081822",0,13.5,61,3.4,45,5.1,87.923,3.777,12.507,,,,,,,,,,,,,,,,,,,,,,
"555","SEYMOUR GVRD","2023081823",0,13.2,62,2.9,50,4.8,87.762,3.599,12.034,,,,,,,,,,,,,,,,,,,,,,
"556","COQUITLAM GVRD","2023081800",0,16.6,73,1.3,80,5.9,87.683,3.283,13.261,,,,,,,,,,,,,,,,,,,,,,
"556","COQUITLAM GVRD","2023081801",0,15.2,73,3.4,204,10.5,87.321,3.466,13.834,,,,,,,,,,,,,,,,,,,,,,
"556","COQUITLAM GVRD","2023081802",0,13.4,77,2.3,258,11.5,86.91,3.093,12.65,,,,,,,,,,,,,,,,,,,,,,
"556","COQUITLAM GVRD","2023081803",0,12.4,84,2.3,251,7.5,86.335,2.85,11.852,,,,,,,,,,,,,,,,,,,,,,
"556","COQUITLAM GVRD","2023081804",0,11.4,89,1.4,353,6.1,85.663,2.479,10.577,,,,,,,,,,,,,,,,,,,,,,
"556","COQUITLAM GVRD","2023081805",0,10.5,93,2.5,337,4.1,84.832,2.336,10.067,,,,,,,,,,,,,,,,,,,,,,
"556","COQUITLAM GVRD","2023081806",0,10.7,94,1.1,189,3.8,84.085,1.967,8.701,,,,,,,,,,,,,,,,,,,,,,
"556","COQUITLAM GVRD","2023081807",0,12.3,84,2.2,201,5.2,83.813,2.006,8.847,,,,,,,,,,,,,,,,,,,,,,
"556","COQUITLAM GVRD","2023081808",0,13.9,69,4.6,132,12,83.86,2.278,9.857,,,,,,,,,,,,,,,,,,,,,,
"556","COQUITLAM GVRD","2023081809",0,16.2,57,5.4,176,17,84.067,2.437,10.431,,,,,,,,,,,,,,,,,,,,,,
"556","COQUITLAM GVRD","2023081810",0,18.3,48,5.1,142,17.2,84.483,2.539,10.789,,,,,,,,,,,,,,,,,,,,,,
"556","COQUITLAM GVRD","2023081811",0,19.6,39,6,156,17.6,85.131,2.903,12.028,,,,,,,,,,,,,,,,,,,,,,
"556","COQUITLAM GVRD","2023081812",0,19.5,39,7.9,161,21.6,85.719,3.467,13.838,0,91.013,7.377,24.606,60.003,501.032,92.355,4,,,,,,,,,,,,,,
"556","COQUITLAM GVRD","2023081813",0,20.9,35,6,150,26.4,86.378,3.456,14.097,,,,,,,,,,,,,,,,,,,,,,
"556","COQUITLAM GVRD","2023081814",0,21.4,36,6.9,179,18.5,86.952,3.922,15.538,,,,,,,,,,,,,,,,,,,,,,
"556","COQUITLAM GVRD","2023081815",0,22.2,34,6.7,159,20.4,87.538,4.221,16.425,,,,,,,,,,,,,,,,,,,,,,
"556","COQUITLAM GVRD","2023081816",0,22.2,30,4.9,145,21.9,88.143,4.204,16.375,,,,,,,,,,,,,,,,,,,,,,
"556","COQUITLAM GVRD","2023081817",0,22.3,32,3.3,172,14.3,88.585,4.133,16.164,,,,,,,,,,,,,,,,,,,,,,
"556","COQUITLAM GVRD","2023081818",0,18.7,42,2.9,177,10.9,88.634,4.079,16.004,,,,,,,,,,,,,,,,,,,,,,
"556","COQUITLAM GVRD","2023081819",0,15.8,52,2.7,2,7.8,88.608,4.023,15.839,,,,,,,,,,,,,,,,,,,,,,
"556","COQUITLAM GVRD","2023081820",0,13.9,63,3.3,338,8.1,88.361,4.002,15.776,,,,,,,,,,,,,,,,,,,,,,
"556","COQUITLAM GVRD","2023081821",0,13,64,3.2,346,7.9,88.115,3.844,15.3,,,,,,,,,,,,,,,,,,,,,,
"556","COQUITLAM GVRD","2023081822",0,12.6,65,3.3,339,9.7,87.871,3.73,14.953,,,,,,,,,,,,,,,,,,,,,,
"556","COQUITLAM GVRD","2023081823",0,12.3,63,3.2,348,5.1,87.687,3.615,14.598,,,,,,,,,,,,,,,,,,,,,,
"599","FORT NELSON FS","2023081800",0,9.7,91,7.4,336,16.6,86.484,3.764,12.225,,,,,,,,,,,,,,,,,,,,,,
"599","FORT NELSON FS","2023081801",0.2,9.1,95,6.8,334,18.3,81.045,1.795,6.459,,,,,,,,,,,,,,,,,,,,,,
"599","FORT NELSON FS","2023081802",0.2,8.9,95,4.6,307,12,76.562,1.064,3.784,,,,,,,,,,,,,,,,,,,,,,
"599","FORT NELSON FS","2023081803",0,8.8,93,5.4,288,9.7,76.607,1.111,3.973,,,,,,,,,,,,,,,,,,,,,,
"599","FORT NELSON FS","2023081804",0,8.5,97,2.1,162,6.2,76.463,0.932,3.242,,,,,,,,,,,,,,,,,,,,,,
"599","FORT NELSON FS","2023081805",0,7.2,98,2.8,16,5.6,76.254,0.952,3.325,,,,,,,,,,,,,,,,,,,,,,
"599","FORT NELSON FS","2023081806",0,7.8,99,1.9,65,3.9,76.006,0.895,3.086,,,,,,,,,,,,,,,,,,,,,,
"599","FORT NELSON FS","2023081807",0,8.6,97,4,113,6.8,75.909,0.989,3.478,,,,,,,,,,,,,,,,,,,,,,
"599","FORT NELSON FS","2023081808",0,9.5,93,4.1,100,6.8,75.954,0.996,3.511,,,,,,,,,,,,,,,,,,,,,,
"599","FORT NELSON FS","2023081809",0,10.8,85,4.4,121,6.8,76.114,1.022,3.615,,,,,,,,,,,,,,,,,,,,,,
"599","FORT NELSON FS","2023081810",0,12.5,80,3.2,46,6.8,76.368,0.978,3.436,,,,,,,,,,,,,,,,,,,,,,
"599","FORT NELSON FS","2023081811",0,15.9,60,8,330,14.9,77.222,1.325,4.793,,,,,,,,,,,,,,,,,,,,,,
"599","FORT NELSON FS","2023081812",0,16.6,54,7.8,338,22.9,78.175,1.416,5.131,0.4,88.89,5.417,16.568,38.808,602.799,66.855,3,,,,,,,,,,,,,,
"599","FORT NELSON FS","2023081813",0,18,51,6.4,343,18.3,79.144,1.441,5.374,,,,,,,,,,,,,,,,,,,,,,
"599","FORT NELSON FS","2023081814",0,19.1,48,6.3,331,14.9,80.144,1.586,5.901,,,,,,,,,,,,,,,,,,,,,,
"599","FORT NELSON FS","2023081815",0,19.5,44,5.4,14,10.8,81.141,1.691,6.274,,,,,,,,,,,,,,,,,,,,,,
"599","FORT NELSON FS","2023081816",0.2,17.9,55,3.7,62,8.5,77.598,1.098,4.049,,,,,,,,,,,,,,,,,,,,,,
"599","FORT NELSON FS","2023081817",0,17.4,56,5.4,105,7.9,78.443,1.285,4.784,,,,,,,,,,,,,,,,,,,,,,
"599","FORT NELSON FS","2023081818",0,17.6,55,4.6,153,8.5,79.222,1.326,4.942,,,,,,,,,,,,,,,,,,,,,,
"599","FORT NELSON FS","2023081819",0,16.8,60,6.3,168,8.5,79.823,1.534,5.713,,,,,,,,,,,,,,,,,,,,,,
"599","FORT NELSON FS","2023081820",0,14.2,74,3.7,130,7.4,80.015,1.372,5.117,,,,,,,,,,,,,,,,,,,,,,
"599","FORT NELSON FS","2023081821",0,12.6,83,2.6,257,5.1,80.061,1.305,4.86,,,,,,,,,,,,,,,,,,,,,,
"599","FORT NELSON FS","2023081822",0,11.4,86,3.3,227,4.5,80.107,1.358,5.063,,,,,,,,,,,,,,,,,,,,,,
"599","FORT NELSON FS","2023081823",0,11.3,87,6.6,193,9.7,80.125,1.607,5.976,,,,,,,,,,,,,,,,,,,,,,
"654","HOLY CROSS 2","2023081800",0,10.4,54,7.9,300,17.2,89.944,6.333,18.975,,,,,,,,,,,,,,0,1,430.3,,,,,,
"654","HOLY CROSS 2","2023081801",0,10.7,54,10.6,296,22.9,89.659,6.965,20.333,,,,,,,,,,,,,,0,1,430.28,,,,,,
"654","HOLY CROSS 2","2023081802",0,10.5,54,13.8,307,25.2,89.385,7.868,22.191,,,,,,,,,,,,,,0,1,430.27,,,,,,
"654","HOLY CROSS 2","2023081803",0,10,56,15.1,314,29.2,89.09,8.053,22.56,,,,,,,,,,,,,,0,1,430.26,,,,,,
"654","HOLY CROSS 2","2023081804",0,9.5,59,14.8,315,33.9,88.764,7.569,21.587,,,,,,,,,,,,,,0,1,430.27,,,,,,
"654","HOLY CROSS 2","2023081805",0,8.9,64,14.5,309,30.4,88.368,7.044,20.5,,,,,,,,,,,,,,0,1,430.26,,,,,,
"654","HOLY CROSS 2","2023081806",0,9.2,64,14.1,313,33.3,88.02,6.567,19.485,,,,,,,,,,,,,,0,1,430.25,,,,,,
"654","HOLY CROSS 2","2023081807",0,9.7,63,10.9,316,24.6,87.751,5.378,16.814,,,,,,,,,,,,,,0,1,430.23,,,,,,
"654","HOLY CROSS 2","2023081808",0,9.5,64,11.9,316,24.6,87.484,5.444,16.969,,,,,,,,,,,,,,0,1,430.23,,,,,,
"654","HOLY CROSS 2","2023081809",0,13.1,53,11.1,305,23.5,87.505,5.245,16.5,,,,,,,,,,,,,,0,1,430.16,,,,,,
"654","HOLY CROSS 2","2023081810",0,13.5,50,10.1,319,28.1,87.554,5.022,15.968,,,,,,,,,,,,,,0,1,430.18,,,,,,
"654","HOLY CROSS 2","2023081811",0,16,43,7.1,330,19.5,87.644,4.374,14.369,,,,,,,,,,,,,,0,1,430.16,,,,,,
"654","HOLY CROSS 2","2023081812",0,15.9,40,6.3,279,19.5,87.784,4.286,14.145,0,90.907,6.705,20.236,43.771,522.6,72.385,4,,,,,,0,1,430.18,,,,,,
"654","HOLY CROSS 2","2023081813",0,17.4,38,10.9,294,21.8,88.004,5.576,17.683,,,,,,,,,,,,,,0,1,430.18,,,,,,
"654","HOLY CROSS 2","2023081814",0,15.4,41,9.5,305,25.8,88.074,5.249,16.905,,,,,,,,,,,,,,0,1,430.22,,,,,,
"654","HOLY CROSS 2","2023081815",0,17.8,36,6.2,321,20.6,88.302,4.593,15.282,,,,,,,,,,,,,,0,1,430.16,,,,,,
"654","HOLY CROSS 2","2023081816",0,16.5,41,6.5,87,19.5,88.358,4.7,15.554,,,,,,,,,,,,,,0,1,430.17,,,,,,
"654","HOLY CROSS 2","2023081817",0,18.1,34,6.2,290,13.1,88.61,4.8,15.804,,,,,,,,,,,,,,0,1,430.16,,,,,,
"654","HOLY CROSS 2","2023081818",0,17.6,33,8.2,307,19.5,88.851,5.496,17.494,,,,,,,,,,,,,,0,1,430.2,,,,,,
"654","HOLY CROSS 2","2023081819",0,15.6,42,2.1,293,10.2,88.9,4.07,13.925,,,,,,,,,,,,,,0,1,430.25,,,,,,
"654","HOLY CROSS 2","2023081820",0,12.8,62,2.3,236,4.5,88.65,3.966,13.648,,,,,,,,,,,,,,0,1,430.27,,,,,,
"654","HOLY CROSS 2","2023081821",0,9.4,70,4.6,233,6.2,88.228,4.192,14.248,,,,,,,,,,,,,,0,1,430.29,,,,,,
"654","HOLY CROSS 2","2023081822",0,7,78,3,230,7.9,87.706,3.589,12.614,,,,,,,,,,,,,,0,1,430.3,,,,,,
"654","HOLY CROSS 2","2023081823",0,6.1,80,3.5,250,6.2,87.178,3.413,12.12,,,,,,,,,,,,,,0,1,430.29,,,,,,
"788","ROUND PRAIRIE","2023081800",0,21.7,31,14.2,176,30.4,93.943,15.306,46.666,,,,,,,,,,,,,,,,,,,,,,
"788","ROUND PRAIRIE","2023081801",0,20.9,34,12.9,175,31.6,93.742,13.941,43.976,,,,,,,,,,,,,,,,,,,,,,
"788","ROUND PRAIRIE","2023081802",0,20.2,36,18.1,172,28.7,93.478,17.463,50.698,,,,,,,,,,,,,,,,,,,,,,
"788","ROUND PRAIRIE","2023081803",0,19.5,38,16.2,177,29.2,93.193,15.25,46.556,,,,,,,,,,,,,,,,,,,,,,
"788","ROUND PRAIRIE","2023081804",0,18.7,39,16,182,39.6,92.91,14.51,45.112,,,,,,,,,,,,,,,,,,,,,,
"788","ROUND PRAIRIE","2023081805",0,18.6,41,19.2,172,33.9,92.592,16.305,48.564,,,,,,,,,,,,,,,,,,,,,,
"788","ROUND PRAIRIE","2023081806",0,18.9,41,18.4,173,34.4,92.325,15.084,46.235,,,,,,,,,,,,,,,,,,,,,,
"788","ROUND PRAIRIE","2023081807",0,19.4,42,20.3,173,33.3,92.067,16.004,47.998,,,,,,,,,,,,,,,,,,,,,,
"788","ROUND PRAIRIE","2023081808",0,21,38,20,175,34.4,91.988,15.59,47.211,,,,,,,,,,,,,,,,,,,,,,
"788","ROUND PRAIRIE","2023081809",0,22.1,36,26.8,174,44.8,91.998,21.991,58.477,,,,,,,,,,,,,,,,,,,,,,
"788","ROUND PRAIRIE","2023081810",0,22.2,35,17.2,182,45.4,92.04,13.638,43.363,,,,,,,,,,,,,,,,,,,,,,
"788","ROUND PRAIRIE","2023081811",0,21.3,36,12.1,169,42.5,92.034,10.539,36.702,,,,,,,,,,,,,,,,,,,,,,
"788","ROUND PRAIRIE","2023081812",0,23.3,32,13.9,215,36.2,92.084,11.621,39.117,0,93.459,14.095,44.679,101.813,526.662,137.28,4,,,,,,,,,,,,,,
"788","ROUND PRAIRIE","2023081813",0,20.1,40,22.4,259,63.2,91.923,17.434,51.088,,,,,,,,,,,,,,,,,,,,,,
"788","ROUND PRAIRIE","2023081814",0,25,23,14,243,38.5,92.266,11.983,40.263,,,,,,,,,,,,,,,,,,,,,,
"788","ROUND PRAIRIE","2023081815",0,23.6,12,17.3,205,45.9,93.039,15.775,47.982,,,,,,,,,,,,,,,,,,,,,,
"788","ROUND PRAIRIE","2023081816",0,21.7,12,12.5,254,41.3,93.554,13.31,43.076,,,,,,,,,,,,,,,,,,,,,,
"788","ROUND PRAIRIE","2023081817",0,20.2,14,24.9,303,44.2,93.864,25.958,65.238,,,,,,,,,,,,,,,,,,,,,,
"788","ROUND PRAIRIE","2023081818",0,15.7,25,21.7,334,44.2,93.808,21.921,58.862,,,,,,,,,,,,,,,,,,,,,,
"788","ROUND PRAIRIE","2023081819",0,12.4,39,19,328,41.3,93.391,18.055,52.215,,,,,,,,,,,,,,,,,,,,,,
"788","ROUND PRAIRIE","2023081820",0,11.2,38,16.9,328,29.2,93.052,15.49,47.433,,,,,,,,,,,,,,,,,,,,,,
"788","ROUND PRAIRIE","2023081821",0,10,39,14.7,14,22.9,92.734,13.259,42.969,,,,,,,,,,,,,,,,,,,,,,
"788","ROUND PRAIRIE","2023081822",0,10.3,35,15.8,10,33.9,92.526,13.611,43.696,,,,,,,,,,,,,,,,,,,,,,
"788","ROUND PRAIRIE","2023081823",0,9.7,35,11.8,337,18.3,92.35,10.855,37.759,,,,,,,,,,,,,,,,,,,,,,
"790","WHITE RIVER","2023081800",0,24.5,29,17.5,236,36.9,94.323,19.05,56.795,,,,,,,,,,,,,,,,,,,,5547.8,,
"790","WHITE RIVER","2023081801",0,23.2,30,7.4,220,33.7,94.237,11.317,40.916,,,,,,,,,,,,,,,,,,,,5547.8,,
"790","WHITE RIVER","2023081802",0,21.9,32,8.1,149,19.3,94.09,11.488,41.314,,,,,,,,,,,,,,,,,,,,5547.8,,
"790","WHITE RIVER","2023081803",0,21.1,36,17.3,107,26,93.793,17.524,53.94,,,,,,,,,,,,,,,,,,,,5547.8,,
"790","WHITE RIVER","2023081804",0,20,38,16.6,105,24.7,93.469,16.171,51.31,,,,,,,,,,,,,,,,,,,,5547.8,,
"790","WHITE RIVER","2023081805",0,20.1,41,11.1,103,23.7,93.14,11.707,41.819,,,,,,,,,,,,,,,,,,,,5547.8,,
"790","WHITE RIVER","2023081806",0,19.5,40,15,107,24.9,92.85,13.683,46.193,,,,,,,,,,,,,,,,,,,,5547.8,,
"790","WHITE RIVER","2023081807",0,20,43,6.2,97,20.9,92.585,8.461,33.832,,,,,,,,,,,,,,,,,,,,5547.8,,
"790","WHITE RIVER","2023081808",0,21.2,42,6.5,83,16.6,92.386,8.352,33.541,,,,,,,,,,,,,,,,,,,,5547.8,,
"790","WHITE RIVER","2023081809",0,24.8,29,22.9,227,48.3,92.436,19.221,57.108,,,,,,,,,,,,,,,,,,,,5547.8,,
"790","WHITE RIVER","2023081810",0,24.9,29,19.3,243,49.9,92.486,16.145,51.26,,,,,,,,,,,,,,,,,,,,5547.8,,
"790","WHITE RIVER","2023081811",0,21.5,41,23.1,247,47,92.257,18.931,56.576,,,,,,,,,,,,,,,,,,,,5547.8,,
"790","WHITE RIVER","2023081812",0.6,19.2,47,29.4,179,50.1,79.082,4.566,22.154,0.6,89.922,18.652,56.225,130.993,609.439,170.414,5,,,,,,,,,,,,5548.4,,
"790","WHITE RIVER","2023081813",0,22,39,11.3,219,43.5,80.682,2.162,12.699,,,,,,,,,,,,,,,,,,,,5548.4,,
"790","WHITE RIVER","2023081814",0,25.7,20,21.1,209,45.9,83.457,4.96,23.57,,,,,,,,,,,,,,,,,,,,5548.4,,
"790","WHITE RIVER","2023081815",0,23.6,14,25.6,260,48.2,85.9,8.674,34.502,,,,,,,,,,,,,,,,,,,,5548.4,,
"790","WHITE RIVER","2023081816",0,22.7,13,27.2,281,52.3,87.88,12.455,43.642,,,,,,,,,,,,,,,,,,,,5548.4,,
"790","WHITE RIVER","2023081817",0,16.9,31,18.6,295,47,88.301,8.577,34.244,,,,,,,,,,,,,,,,,,,,5548.4,,
"790","WHITE RIVER","2023081818",0,12.8,44,18.9,227,41.9,88.35,8.769,34.75,,,,,,,,,,,,,,,,,,,,5548.4,,
"790","WHITE RIVER","2023081819",0,11.9,46,15.3,222,28.3,88.385,7.351,30.895,,,,,,,,,,,,,,,,,,,,5548.4,,
"790","WHITE RIVER","2023081820",0,11.1,44,13.7,218,25.2,88.434,6.83,29.396,,,,,,,,,,,,,,,,,,,,5548.4,,
"790","WHITE RIVER","2023081821",0,9.9,49,11.9,208,34.7,88.381,6.19,27.49,,,,,,,,,,,,,,,,,,,,5548.4,,
"790","WHITE RIVER","2023081822",0,8.8,56,7.6,178,22.8,88.217,4.868,23.26,,,,,,,,,,,,,,,,,,,,5548.4,,
"790","WHITE RIVER","2023081823",0,7.6,62,5.1,188,18.1,87.976,4.147,20.748,,,,,,,,,,,,,,,,,,,,5548.4,,
"791","CHERRY LAKE","2023081800",0,20.4,37,5.5,221,12.5,94.077,10.058,37.988,,,,,,,,,,,,,,,,,,,,,,
"791","CHERRY LAKE","2023081801",0,20.3,39,4.6,295,18.3,93.792,9.24,35.936,,,,,,,,,,,,,,,,,,,,,,
"791","CHERRY LAKE","2023081802",0,17.5,49,5.3,313,11.4,93.274,8.905,35.071,,,,,,,,,,,,,,,,,,,,,,
"791","CHERRY LAKE","2023081803",0,16.1,53,5.1,331,9.1,92.721,8.159,33.097,,,,,,,,,,,,,,,,,,,,,,
"791","CHERRY LAKE","2023081804",0,15,58,4.1,270,8.5,92.134,7.142,30.271,,,,,,,,,,,,,,,,,,,,,,
"791","CHERRY LAKE","2023081805",0,15.7,55,4.4,242,10.8,91.673,6.793,29.262,,,,,,,,,,,,,,,,,,,,,,
"791","CHERRY LAKE","2023081806",0,19.4,43,8.5,197,20,91.524,8.178,33.147,,,,,,,,,,,,,,,,,,,,,,
"791","CHERRY LAKE","2023081807",0,21.7,42,8.9,154,16,91.452,8.259,33.365,,,,,,,,,,,,,,,,,,,,,,
"791","CHERRY LAKE","2023081808",0,23.3,37,13.6,185,33.9,91.502,10.541,39.162,,,,,,,,,,,,,,,,,,,,,,
"791","CHERRY LAKE","2023081809",0,25.9,33,12.9,173,29.2,91.552,10.248,38.452,,,,,,,,,,,,,,,,,,,,,,
"791","CHERRY LAKE","2023081810",0,26.4,29,14.5,185,29.8,91.766,11.45,41.314,,,,,,,,,,,,,,,,,,,,,,
"791","CHERRY LAKE","2023081811",0,26.5,30,14.4,195,37.9,91.899,11.61,41.685,,,,,,,,,,,,,,,,,,,,,,
"791","CHERRY LAKE","2023081812",0,26.8,28,19.7,198,47.1,92.111,15.625,50.325,0,94.654,22.277,62.901,141.036,565.346,173.725,5,,,,,,,,,,,,,,
"791","CHERRY LAKE","2023081813",0,22.8,43,15.4,243,45.9,91.929,12.261,43.369,,,,,,,,,,,,,,,,,,,,,,
"791","CHERRY LAKE","2023081814",1.4,16.4,70,8.4,261,26.9,63.281,0.748,4.972,,,,,,,,,,,,,,,,,,,,,,
"791","CHERRY LAKE","2023081815",0,22.2,29,6.7,105,17.7,66.943,0.794,5.285,,,,,,,,,,,,,,,,,,,,,,
"791","CHERRY LAKE","2023081816",0,24,10,9.8,172,32.7,71.552,1.08,7.082,,,,,,,,,,,,,,,,,,,,,,
"791","CHERRY LAKE","2023081817",0,22.3,11,7.2,325,32.7,75.104,1.107,7.248,,,,,,,,,,,,,,,,,,,,,,
"791","CHERRY LAKE","2023081818",0,19,14,5,328,20.6,77.589,1.172,7.629,,,,,,,,,,,,,,,,,,,,,,
"791","CHERRY LAKE","2023081819",0,13.2,31,3.6,316,10.2,78.783,1.21,7.849,,,,,,,,,,,,,,,,,,,,,,
"791","CHERRY LAKE","2023081820",0,12.7,21,6,251,11.4,80.195,1.57,9.831,,,,,,,,,,,,,,,,,,,,,,
"791","CHERRY LAKE","2023081821",0,15.7,25,12.6,283,21.2,81.7,2.595,14.707,,,,,,,,,,,,,,,,,,,,,,
"791","CHERRY LAKE","2023081822",0,13.1,37,4.5,119,19.5,82.407,1.88,11.404,,,,,,,,,,,,,,,,,,,,,,
"791","CHERRY LAKE","2023081823",0,8.2,52,4.1,342,9.1,82.648,1.899,11.497,,,,,,,,,,,,,,,,,,,,,,
"832","CHURN CREEK","2023081800",0,17.4,20,12,302,21.2,94.194,14.184,39.564,,,,,,,,,,,,,,,,,,,,,,
"832","CHURN CREEK","2023081801",0,16.9,22,10.2,278,20.6,94.203,12.971,37.329,,,,,,,,,,,,,,,,,,,,,,
"832","CHURN CREEK","2023081802",0,16.2,19,18.1,287,25.8,94.254,19.449,48.397,,,,,,,,,,,,,,,,,,,,,,
"832","CHURN CREEK","2023081803",0,14.8,22,21,274,34.4,94.22,22.403,52.873,,,,,,,,,,,,,,,,,,,,,,
"832","CHURN CREEK","2023081804",0,13.5,21,21.1,275,33.3,94.196,22.442,52.929,,,,,,,,,,,,,,,,,,,,,,
"832","CHURN CREEK","2023081805",0,12.3,33,19.4,285,35.6,93.884,19.73,48.836,,,,,,,,,,,,,,,,,,,,,,
"832","CHURN CREEK","2023081806",0,11.7,38,17.8,286,41.9,93.49,17.23,44.826,,,,,,,,,,,,,,,,,,,,,,
"832","CHURN CREEK","2023081807",0,11.6,39,25.4,274,41.9,93.071,23.834,54.941,,,,,,,,,,,,,,,,,,,,,,
"832","CHURN CREEK","2023081808",0,12.1,38,27.9,265,41.3,92.719,25.731,57.596,,,,,,,,,,,,,,,,,,,,,,
"832","CHURN CREEK","2023081809",0,11.4,41,25.6,279,41.3,92.338,21.72,51.864,,,,,,,,,,,,,,,,,,,,,,
"832","CHURN CREEK","2023081810",0,13.4,37,15.6,312,40.2,92.152,12.783,36.973,,,,,,,,,,,,,,,,,,,,,,
"832","CHURN CREEK","2023081811",0,14.3,33,22.5,298,43.1,92.07,17.889,45.908,,,,,,,,,,,,,,,,,,,,,,
"832","CHURN CREEK","2023081812",0,15.5,31,22.9,308,41.3,92.063,18.234,46.467,0,92.157,18.48,47.515,64.625,624.171,102.673,4,,,,,,,,,,,,,,
"832","CHURN CREEK","2023081813",0,15.7,31,21.8,304,37.9,92.061,17.246,45.482,,,,,,,,,,,,,,,,,,,,,,
"832","CHURN CREEK","2023081814",0,15.8,28,18.9,291,34.4,92.111,15.008,41.617,,,,,,,,,,,,,,,,,,,,,,
"832","CHURN CREEK","2023081815",0,16.6,28,16.7,275,32.1,92.161,13.528,38.917,,,,,,,,,,,,,,,,,,,,,,
"832","CHURN CREEK","2023081816",0,16.5,27,12.1,324,27.5,92.211,10.805,33.577,,,,,,,,,,,,,,,,,,,,,,
"832","CHURN CREEK","2023081817",0,17,26,10.4,287,28.7,92.261,9.989,31.862,,,,,,,,,,,,,,,,,,,,,,
"832","CHURN CREEK","2023081818",0,15.5,30,13.5,329,24.6,92.263,11.68,35.352,,,,,,,,,,,,,,,,,,,,,,
"832","CHURN CREEK","2023081819",0,13.2,40,15.1,340,24.1,92.018,12.232,36.44,,,,,,,,,,,,,,,,,,,,,,
"832","CHURN CREEK","2023081820",0,11.5,48,18,329,25.8,91.591,13.325,38.536,,,,,,,,,,,,,,,,,,,,,,
"832","CHURN CREEK","2023081821",0,10.1,49,12,321,25.8,91.226,9.35,30.479,,,,,,,,,,,,,,,,,,,,,,
"832","CHURN CREEK","2023081822",0,9.5,52,8.3,276,14.3,90.866,7.372,25.91,,,,,,,,,,,,,,,,,,,,,,
"832","CHURN CREEK","2023081823",0,9.8,51,8.9,274,12.5,90.555,7.269,25.657,,,,,,,,,,,,,,,,,,,,,,
"836","AUGUST LAKE","2023081800",0,18.7,52,3.1,291,5.6,92.693,7.348,32.094,,,,,,,,,,,,,,,,,,,,,,
"836","AUGUST LAKE","2023081801",0,17.5,56,4.1,359,6.8,92.15,7.159,31.539,,,,,,,,,,,,,,,,,,,,,,
"836","AUGUST LAKE","2023081802",0,16.7,59,2.5,2,7.9,91.635,6.14,28.428,,,,,,,,,,,,,,,,,,,,,,
"836","AUGUST LAKE","2023081803",0,15.8,62,3.5,263,8.5,91.085,5.971,27.892,,,,,,,,,,,,,,,,,,,,,,
"836","AUGUST LAKE","2023081804",0,15,65,2.9,318,6.2,90.541,5.361,25.898,,,,,,,,,,,,,,,,,,,,,,
"836","AUGUST LAKE","2023081805",0,14.6,58,2.8,108,7.9,90.208,5.086,24.967,,,,,,,,,,,,,,,,,,,,,,
"836","AUGUST LAKE","2023081806",0,15.1,49,4.1,157,11.4,90.069,5.323,25.771,,,,,,,,,,,,,,,,,,,,,,
"836","AUGUST LAKE","2023081807",0,18.1,43,4,156,12.5,90.09,5.313,25.735,,,,,,,,,,,,,,,,,,,,,,
"836","AUGUST LAKE","2023081808",0,22.5,23,9.5,207,25.8,90.623,7.565,32.723,,,,,,,,,,,,,,,,,,,,,,
"836","AUGUST LAKE","2023081809",0,22.8,15,12.6,243,33.9,91.456,9.958,39.206,,,,,,,,,,,,,,,,,,,,,,
"836","AUGUST LAKE","2023081810",0,22.7,16,15,248,35,92.111,12.33,44.973,,,,,,,,,,,,,,,,,,,,,,
"836","AUGUST LAKE","2023081811",0,23.2,14,15.2,224,36.7,92.771,13.669,48.005,,,,,,,,,,,,,,,,,,,,,,
"836","AUGUST LAKE","2023081812",0,24.1,14,14.3,218,35,93.344,14.153,49.067,0,96.457,21.69,63.944,178.364,782.317,227.217,5,,,,,,,,,,,,,,
"836","AUGUST LAKE","2023081813",0,24.4,14,9.8,257,29.2,93.795,12.013,44.303,,,,,,,,,,,,,,,,,,,,,,
"836","AUGUST LAKE","2023081814",0,24.4,14,9.8,244,25.2,94.165,12.645,45.77,,,,,,,,,,,,,,,,,,,,,,
"836","AUGUST LAKE","2023081815",0,24.1,15,8,311,22.3,94.404,11.936,44.121,,,,,,,,,,,,,,,,,,,,,,
"836","AUGUST LAKE","2023081816",0,24.2,15,6.6,306,17.7,94.6,11.428,42.912,,,,,,,,,,,,,,,,,,,,,,
"836","AUGUST LAKE","2023081817",0,22.8,15,7.3,262,19.5,94.724,12.042,44.371,,,,,,,,,,,,,,,,,,,,,,
"836","AUGUST LAKE","2023081818",0,19.9,20,4.3,68,14.9,94.768,10.415,40.425,,,,,,,,,,,,,,,,,,,,,,
"836","AUGUST LAKE","2023081819",0,17.2,24,2.7,341,10.8,94.725,9.552,38.221,,,,,,,,,,,,,,,,,,,,,,
"836","AUGUST LAKE","2023081820",0,14.1,29,1.9,323,5.6,94.593,9.009,36.789,,,,,,,,,,,,,,,,,,,,,,
"836","AUGUST LAKE","2023081821",0,13.4,32,3.5,278,4.5,94.392,9.499,38.083,,,,,,,,,,,,,,,,,,,,,,
"836","AUGUST LAKE","2023081822",0,12.5,34,3.5,271,7.4,94.166,9.207,37.315,,,,,,,,,,,,,,,,,,,,,,
"836","AUGUST LAKE","2023081823",0,11.3,38,3.6,276,6.8,93.879,8.893,36.476,,,,,,,,,,,,,,,,,,,,,,
"838","AKOKLI CREEK","2023081800",0,28.4,25,7,157,20,93.602,10.155,36.197,,,,,,,,,,,,,,,,,,,,,,
"838","AKOKLI CREEK","2023081801",0,27.3,27,6.6,152,13.7,93.653,10.024,35.887,,,,,,,,,,,,,,,,,,,,,,
"838","AKOKLI CREEK","2023081802",0,26.1,29,7.8,146,13.7,93.704,10.724,37.512,,,,,,,,,,,,,,,,,,,,,,
"838","AKOKLI CREEK","2023081803",0,25.1,29,6.1,166,15.4,93.743,9.898,35.591,,,,,,,,,,,,,,,,,,,,,,
"838","AKOKLI CREEK","2023081804",0,25.6,30,5,163,14.3,93.766,9.394,34.384,,,,,,,,,,,,,,,,,,,,,,
"838","AKOKLI CREEK","2023081805",0,24.8,32,5.2,176,14.3,93.727,9.438,34.491,,,,,,,,,,,,,,,,,,,,,,
"838","AKOKLI CREEK","2023081806",0,23.1,37,4.2,244,14.3,93.558,8.765,32.838,,,,,,,,,,,,,,,,,,,,,,
"838","AKOKLI CREEK","2023081807",0,22.8,38,5,54,12.5,93.373,8.894,33.158,,,,,,,,,,,,,,,,,,,,,,
"838","AKOKLI CREEK","2023081808",0,23.6,39,3.7,187,12,93.206,8.138,31.247,,,,,,,,,,,,,,,,,,,,,,
"838","AKOKLI CREEK","2023081809",0,23.8,41,8,137,14.9,92.976,9.787,35.327,,,,,,,,,,,,,,,,,,,,,,
"838","AKOKLI CREEK","2023081810",0,27.1,33,7.2,150,16.6,93.026,9.467,34.56,,,,,,,,,,,,,,,,,,,,,,
"838","AKOKLI CREEK","2023081811",0,28.1,29,10.8,224,18.9,93.076,11.429,39.099,,,,,,,,,,,,,,,,,,,,,,
"838","AKOKLI CREEK","2023081812",0,29.3,26,15.9,209,40.2,93.223,15.084,46.705,0,93.406,15.474,47.986,102.617,589.43,142.997,5,,,,,,,,,,,,,,
"838","AKOKLI CREEK","2023081813",0,29.6,21,15.9,220,40.2,93.604,15.907,48.827,,,,,,,,,,,,,,,,,,,,,,
"838","AKOKLI CREEK","2023081814",0,30.8,10,19.9,215,45.4,94.633,22.437,60.419,,,,,,,,,,,,,,,,,,,,,,
"838","AKOKLI CREEK","2023081815",0,31.3,9,11.4,295,58,95.425,16.295,49.571,,,,,,,,,,,,,,,,,,,,,,
"838","AKOKLI CREEK","2023081816",0,28.2,7,20.6,347,48.2,96.081,28.318,69.553,,,,,,,,,,,,,,,,,,,,,,
"838","AKOKLI CREEK","2023081817",0,27.9,7,18.7,346,39,96.564,27.464,68.286,,,,,,,,,,,,,,,,,,,,,,
"838","AKOKLI CREEK","2023081818",0,25.9,12,16.1,337,36.7,96.616,24.26,63.36,,,,,,,,,,,,,,,,,,,,,,
"838","AKOKLI CREEK","2023081819",0,23.6,17,18.5,15,36.2,96.593,27.295,68.033,,,,,,,,,,,,,,,,,,,,,,
"838","AKOKLI CREEK","2023081820",0,21.2,24,17.2,22,35,96.343,24.719,64.084,,,,,,,,,,,,,,,,,,,,,,
"838","AKOKLI CREEK","2023081821",0,19.4,30,20,16,38.5,95.901,26.815,67.312,,,,,,,,,,,,,,,,,,,,,,
"838","AKOKLI CREEK","2023081822",0,18.1,32,14.8,9,33.3,95.485,19.499,55.429,,,,,,,,,,,,,,,,,,,,,,
"838","AKOKLI CREEK","2023081823",0,17.3,31,9.3,16,28.1,95.184,14.186,45.42,,,,,,,,,,,,,,,,,,,,,,
"865","BRISCO","2023081800",0,23.4,34,6.5,136,12.5,94.383,11.035,36.891,,,,,,,,,,,,,,,1,,,1,,,,
"865","BRISCO","2023081801",0,23,34,10.7,128,22.9,94.165,13.232,41.505,,,,,,,,,,,,,,,1,,,1,,,,
"865","BRISCO","2023081802",0,21.6,44,8.9,210,27.5,93.692,11.316,37.504,,,,,,,,,,,,,,,1,,,1,,,,
"865","BRISCO","2023081803",0,20.6,45,8.5,120,21.2,93.252,10.432,35.555,,,,,,,,,,,,,,,1,,,1,,,,
"865","BRISCO","2023081804",0,20.1,46,9.2,161,17.7,92.832,10.188,35.006,,,,,,,,,,,,,,,1,,,1,,,,
"865","BRISCO","2023081805",0,19.5,53,10.9,131,18.3,92.251,10.229,35.097,,,,,,,,,,,,,,,1,,,1,,,,
"865","BRISCO","2023081806",0,20.2,42,9,71,26.9,92.064,9.053,32.365,,,,,,,,,,,,,,,1,,,1,,,,
"865","BRISCO","2023081807",0,23.2,41,9.8,184,18.9,91.97,9.301,32.954,,,,,,,,,,,,,,,1,,,1,,,,
"865","BRISCO","2023081808",0,21.2,43,4.2,17,13.7,91.835,6.882,26.874,,,,,,,,,,,,,,,1,,,1,,,,
"865","BRISCO","2023081809",0,19.1,55,23.3,305,34.4,91.24,16.556,47.87,,,,,,,,,,,,,,,1,,,1,,,,
"865","BRISCO","2023081810",0,22.7,44,12.5,316,25.2,91.165,9.507,33.437,,,,,,,,,,,,,,,1,,,1,,,,
"865","BRISCO","2023081811",0,25.4,18,15.1,250,30.4,91.914,12.051,39.073,,,,,,,,,,,,,,,1,,,1,,,,
"865","BRISCO","2023081812",0,26.5,21,12.5,295,34.4,92.408,11.336,37.547,0,94.119,14.396,44.487,86.075,664.311,130.03,4,,,,,,,1,,,1,,,,
"865","BRISCO","2023081813",0,22.9,37,23.5,293,47.1,92.343,19.553,53.923,,,,,,,,,,,,,,,1,,,1,,,,
"865","BRISCO","2023081814",0,21,29,31.1,327,69.6,92.393,28.88,68.407,,,,,,,,,,,,,,,1,,,1,,,,
"865","BRISCO","2023081815",0,15,51,47.6,307,67.8,91.686,60.014,104.915,,,,,,,,,,,,,,,1,,,1,,,,
"865","BRISCO","2023081816",0,12.9,64,27.9,304,81.1,90.804,19.617,54.033,,,,,,,,,,,,,,,1,,,1,,,,
"865","BRISCO","2023081817",0,13.1,54,29.3,305,56.9,90.329,19.672,54.127,,,,,,,,,,,,,,,1,,,1,,,,
"865","BRISCO","2023081818",0,13.8,53,32.1,313,43.6,89.945,21.44,57.079,,,,,,,,,,,,,,,1,,,1,,,,
"865","BRISCO","2023081819",0,10.6,68,23.1,303,61.5,89.245,12.323,40.264,,,,,,,,,,,,,,,1,,,1,,,,
"865","BRISCO","2023081820",0,9.5,70,6.4,350,28.7,88.738,4.939,21.661,,,,,,,,,,,,,,,1,,,1,,,,
"865","BRISCO","2023081821",0,9.3,72,11.1,344,20.6,88.187,5.783,24.218,,,,,,,,,,,,,,,1,,,1,,,,
"865","BRISCO","2023081822",0,8.6,78,10.8,357,21.8,87.546,5.196,22.458,,,,,,,,,,,,,,,1,,,1,,,,
"865","BRISCO","2023081823",0,7.9,83,9.3,350,19.5,86.844,4.359,19.799,,,,,,,,,,,,,,,1,,,1,,,,
"866","BLAEBERRY","2023081800",0,16.6,75,3.6,279,6.8,90.745,5.718,20.684,,,,,,,,,,,,,,,,,,,,,,
"866","BLAEBERRY","2023081801",0,15.3,79,4.5,358,7.4,89.803,5.228,19.385,,,,,,,,,,,,,,,,,,,,,,
"866","BLAEBERRY","2023081802",0,15,82,3.4,56,7.9,88.907,4.35,16.925,,,,,,,,,,,,,,,,,,,,,,
"866","BLAEBERRY","2023081803",0,15,84,3.6,17,5.6,88.039,3.88,15.525,,,,,,,,,,,,,,,,,,,,,,
"866","BLAEBERRY","2023081804",0,14.8,85,5.6,63,7.9,87.193,3.802,15.288,,,,,,,,,,,,,,,,,,,,,,
"866","BLAEBERRY","2023081805",0,14.7,87,2.6,260,6.2,86.441,2.937,12.506,,,,,,,,,,,,,,,,,,,,,,
"866","BLAEBERRY","2023081806",0,16.3,78,8.7,313,18.3,86.04,3.775,15.206,,,,,,,,,,,,,,,,,,,,,,
"866","BLAEBERRY","2023081807",0,17,80,9.5,282,24.6,85.622,3.707,14.996,,,,,,,,,,,,,,,,,,,,,,
"866","BLAEBERRY","2023081808",0,16.6,83,7.2,244,19.5,85.162,3.097,13.042,,,,,,,,,,,,,,,,,,,,,,
"866","BLAEBERRY","2023081809",0,17,67,6.1,254,25.2,85.21,2.95,12.548,,,,,,,,,,,,,,,,,,,,,,
"866","BLAEBERRY","2023081810",0,21.3,54,5.8,213,12,85.455,3.006,12.737,,,,,,,,,,,,,,,,,,,,,,
"866","BLAEBERRY","2023081811",0,17.8,63,9.1,245,23.5,85.503,3.573,14.578,,,,,,,,,,,,,,,,,,,,,,
"866","BLAEBERRY","2023081812",0.6,14.9,70,8.3,40,17.7,72.946,1.055,5.04,0.6,86.75,4.09,16.288,65.462,433.104,95.019,3,,,,,,,,,,,,,,
"866","BLAEBERRY","2023081813",1.6,11.7,86,20.6,308,40.8,48.996,0.409,1.408,,,,,,,,,,,,,,,,,,,,,,
"866","BLAEBERRY","2023081814",0.2,11.5,88,3.9,77,28.7,47.48,0.144,0.387,,,,,,,,,,,,,,,,,,,,,,
"866","BLAEBERRY","2023081815",0,13.2,81,3.1,203,10.2,48.734,0.164,0.44,,,,,,,,,,,,,,,,,,,,,,
"866","BLAEBERRY","2023081816",0,14.1,73,4.1,277,12.5,50.484,0.214,0.575,,,,,,,,,,,,,,,,,,,,,,
"866","BLAEBERRY","2023081817",5.8,8.8,93,10.4,312,44.8,16.563,0,0,,,,,,,,,,,,,,,,,,,,,,
"866","BLAEBERRY","2023081818",1.4,9.1,96,2.6,245,13.1,12.598,0,0,,,,,,,,,,,,,,,,,,,,,,
"866","BLAEBERRY","2023081819",0,7.7,97,1.9,312,5.6,12.865,0,0,,,,,,,,,,,,,,,,,,,,,,
"866","BLAEBERRY","2023081820",0,7.1,98,5.3,8,7.9,13.103,0,0,,,,,,,,,,,,,,,,,,,,,,
"866","BLAEBERRY","2023081821",0,7,99,3.8,15,6.8,13.225,0,0,,,,,,,,,,,,,,,,,,,,,,
"866","BLAEBERRY","2023081822",0,7.5,99,3.4,330,7.4,13.345,0,0,,,,,,,,,,,,,,,,,,,,,,
"866","BLAEBERRY","2023081823",0.6,7.4,99,3.8,354,9.1,12.018,0,0,,,,,,,,,,,,,,,,,,,,,,
"868","BIG MOUTH 2","2023081800",0,19.8,60,6.3,16,15.4,89.504,5.485,16.024,,,,,,,,,,,,,,,,,,,,9078.8,,
"868","BIG MOUTH 2","2023081801",0,19.7,54,5.9,267,27.4,89.385,5.285,15.579,,,,,,,,,,,,,,,,,,,,9078.8,,
"868","BIG MOUTH 2","2023081802",0,19.6,58,4.5,315,19.9,89.197,4.794,14.458,,,,,,,,,,,,,,,,,,,,9078.8,,
"868","BIG MOUTH 2","2023081803",0,19.1,56,3.5,315,12.6,89.076,4.48,13.718,,,,,,,,,,,,,,,,,,,,9078.8,,
"868","BIG MOUTH 2","2023081804",0,18.2,55,3.1,299,11.8,88.98,4.33,13.358,,,,,,,,,,,,,,,,,,,,9078.8,,
"868","BIG MOUTH 2","2023081805",0,17.3,52,19.8,34,38.2,88.902,9.933,24.655,,,,,,,,,,,,,,,,,,,,9078.8,,
"868","BIG MOUTH 2","2023081806",1.2,12.6,81,16.2,1,37.2,64.269,1.158,4.029,,,,,,,,,,,,,,,,,,,,9080,,
"868","BIG MOUTH 2","2023081807",1.2,12.9,82,6,42,28.1,48.197,0.176,0.346,,,,,,,,,,,,,,,,,,,,9081.2,,
"868","BIG MOUTH 2","2023081808",0,12.3,85,8.9,22,13.5,49.483,0.241,0.473,,,,,,,,,,,,,,,,,,,,9081.2,,
"868","BIG MOUTH 2","2023081809",0,12.7,81,8,20,17.7,50.96,0.275,0.54,,,,,,,,,,,,,,,,,,,,9081.2,,
"868","BIG MOUTH 2","2023081810",0,13.9,75,3.9,101,21,52.508,0.266,0.521,,,,,,,,,,,,,,,,,,,,9081.2,,
"868","BIG MOUTH 2","2023081811",3.2,9.1,84,13.9,280,50.1,26.303,0.002,0.005,,,,,,,,,,,,,,,,,,,,9084.4,,
"868","BIG MOUTH 2","2023081812",0.4,10.2,79,19.7,144,39.1,26.641,0.003,0.007,6,50.871,0.491,0.717,23.4,402.883,40.866,2,,,,,,,,,,,,9084.8,,
"868","BIG MOUTH 2","2023081813",0,13.4,73,3.5,261,15.3,28.823,0.003,0.004,,,,,,,,,,,,,,,,,,,,9084.8,,
"868","BIG MOUTH 2","2023081814",0.4,10.2,85,15.3,6,22.1,28.191,0.004,0.007,,,,,,,,,,,,,,,,,,,,9085.2,,
"868","BIG MOUTH 2","2023081815",0.4,9.3,80,26,22,41.9,28.383,0.008,0.012,,,,,,,,,,,,,,,,,,,,9085.6,,
"868","BIG MOUTH 2","2023081816",0,10.2,63,13.8,33,32.8,31.54,0.01,0.015,,,,,,,,,,,,,,,,,,,,9085.6,,
"868","BIG MOUTH 2","2023081817",0,10,68,21,25,38.4,34.717,0.033,0.048,,,,,,,,,,,,,,,,,,,,9085.6,,
"868","BIG MOUTH 2","2023081818",0,9.7,71,10.7,67,47.2,37.11,0.033,0.049,,,,,,,,,,,,,,,,,,,,9085.6,,
"868","BIG MOUTH 2","2023081819",0,9.1,73,10.4,43,20.7,39.273,0.051,0.074,,,,,,,,,,,,,,,,,,,,9085.6,,
"868","BIG MOUTH 2","2023081820",0,8,84,10.9,33,21.3,40.707,0.069,0.1,,,,,,,,,,,,,,,,,,,,9085.6,,
"868","BIG MOUTH 2","2023081821",0,7.2,89,13.6,18,22.7,41.797,0.096,0.14,,,,,,,,,,,,,,,,,,,,9085.6,,
"868","BIG MOUTH 2","2023081822",0,7.2,87,7.3,62,24.4,42.811,0.083,0.122,,,,,,,,,,,,,,,,,,,,9085.6,,
"868","BIG MOUTH 2","2023081823",0,6.2,93,7.9,22,15,43.394,0.095,0.138,,,,,,,,,,,,,,,,,,,,9085.6,,
"873","CRAWFORD","2023081800",0,22.7,36,8.1,59,21.9,92.225,8.85,30.495,,,,,,,,,,,,,,,,,,,,5334.2,,
"873","CRAWFORD","2023081801",0,22,38,7.4,55,20.3,92.171,8.479,29.623,,,,,,,,,,,,,,,,,,,,5334.2,,
"873","CRAWFORD","2023081802",0,19.2,49,4.6,50,13.8,91.853,7.04,26.083,,,,,,,,,,,,,,,,,,,,5334.2,,
"873","CRAWFORD","2023081803",0,18.4,52,5.7,45,9.1,91.483,7.06,26.135,,,,,,,,,,,,,,,,,,,,5334.2,,
"873","CRAWFORD","2023081804",0,19.2,45,8.9,46,17.2,91.306,8.089,28.693,,,,,,,,,,,,,,,,,,,,5334.2,,
"873","CRAWFORD","2023081805",0,19.9,44,7.2,35,17.8,91.191,7.305,26.757,,,,,,,,,,,,,,,,,,,,5334.2,,
"873","CRAWFORD","2023081806",0,20.2,44,5.3,297,10.4,91.102,6.555,24.82,,,,,,,,,,,,,,,,,,,,5334.2,,
"873","CRAWFORD","2023081807",0,21.4,35,7.2,205,23.4,91.152,7.264,26.654,,,,,,,,,,,,,,,,,,,,5334.2,,
"873","CRAWFORD","2023081808",0,21.5,35,4.5,220,40.3,91.202,6.386,24.371,,,,,,,,,,,,,,,,,,,,5334.2,,
"873","CRAWFORD","2023081809",0,22.4,32,7.7,181,16.6,91.252,7.556,27.387,,,,,,,,,,,,,,,,,,,,5334.2,,
"873","CRAWFORD","2023081810",0,22.9,32,13.9,162,27.2,91.302,10.401,33.972,,,,,,,,,,,,,,,,,,,,5334.2,,
"873","CRAWFORD","2023081811",0,23.2,32,8.9,228,23.7,91.352,8.142,28.821,,,,,,,,,,,,,,,,,,,,5334.2,,
"873","CRAWFORD","2023081812",0,22.9,28,10.6,283,34.7,91.51,9.073,31.009,0,93.264,11.616,37.076,82.729,480.471,115.668,5,,,,,,,,,,,,5334.2,,
"873","CRAWFORD","2023081813",0,22.8,25,8.7,279,36.4,91.744,8.522,30.178,,,,,,,,,,,,,,,,,,,,5334.2,,
"873","CRAWFORD","2023081814",0,16.9,34,13.9,355,37.5,91.737,11.065,35.912,,,,,,,,,,,,,,,,,,,,5334.2,,
"873","CRAWFORD","2023081815",0,18.1,29,8,10,27.2,91.787,8.277,29.589,,,,,,,,,,,,,,,,,,,,5334.2,,
"873","CRAWFORD","2023081816",0,18.4,26,2.8,312,15.5,91.837,6.414,24.832,,,,,,,,,,,,,,,,,,,,5334.2,,
"873","CRAWFORD","2023081817",0,15.9,40,4,359,18.1,91.72,6.702,25.603,,,,,,,,,,,,,,,,,,,,5334.2,,
"873","CRAWFORD","2023081818",0,14.6,40,8.7,43,14.9,91.575,8.32,29.693,,,,,,,,,,,,,,,,,,,,5334.2,,
"873","CRAWFORD","2023081819",0,13,44,10.1,52,17.1,91.341,8.637,30.453,,,,,,,,,,,,,,,,,,,,5334.2,,
"873","CRAWFORD","2023081820",0,13.3,43,9.5,43,20.3,91.157,8.163,29.312,,,,,,,,,,,,,,,,,,,,5334.2,,
"873","CRAWFORD","2023081821",0,10.3,55,5.9,40,19,90.772,6.445,24.915,,,,,,,,,,,,,,,,,,,,5334.2,,
"873","CRAWFORD","2023081822",0,9.7,57,4.8,2,10.8,90.399,5.781,23.085,,,,,,,,,,,,,,,,,,,,5334.2,,
"873","CRAWFORD","2023081823",0,8,67,2.8,15,8.3,89.91,4.874,20.436,,,,,,,,,,,,,,,,,,,,5334.2,,
"876","IDABEL LAKE 3","2023081800",0,17.7,46,5,4,10.2,93.051,8.503,34.356,,,,,,,,,,,,,,,,,,,,,,
"876","IDABEL LAKE 3","2023081801",0,17.5,48,4.6,26,9.1,92.651,7.878,32.656,,,,,,,,,,,,,,,,,,,,,,
"876","IDABEL LAKE 3","2023081802",0,15.9,53,3.7,356,9.1,92.193,7.058,30.336,,,,,,,,,,,,,,,,,,,,,,
"876","IDABEL LAKE 3","2023081803",0,15.8,42,6.2,320,15.4,91.986,7.776,32.373,,,,,,,,,,,,,,,,,,,,,,
"876","IDABEL LAKE 3","2023081804",0,16.4,44,7.8,334,21.8,91.751,8.152,33.409,,,,,,,,,,,,,,,,,,,,,,
"876","IDABEL LAKE 3","2023081805",0,16.1,47,6.5,327,20.6,91.484,7.352,31.179,,,,,,,,,,,,,,,,,,,,,,
"876","IDABEL LAKE 3","2023081806",0,17.2,49,4.1,309,11.4,91.234,6.287,28.043,,,,,,,,,,,,,,,,,,,,,,
"876","IDABEL LAKE 3","2023081807",0,16.9,45,7.3,339,20.6,91.067,7.213,30.783,,,,,,,,,,,,,,,,,,,,,,
"876","IDABEL LAKE 3","2023081808",0,19,28,11.9,261,26.4,91.159,9.215,36.225,,,,,,,,,,,,,,,,,,,,,,
"876","IDABEL LAKE 3","2023081809",0,20.4,23,13.1,322,26.4,91.458,10.215,38.747,,,,,,,,,,,,,,,,,,,,,,
"876","IDABEL LAKE 3","2023081810",0,21.7,17,12.7,302,28.7,92.005,10.817,40.213,,,,,,,,,,,,,,,,,,,,,,
"876","IDABEL LAKE 3","2023081811",0,22,12,12.7,295,34.4,92.711,11.949,42.871,,,,,,,,,,,,,,,,,,,,,,
"876","IDABEL LAKE 3","2023081812",0,21.3,18,10.9,325,28.1,92.981,11.335,41.443,0,95.591,16.254,52.228,163.806,511.348,181.92,5,,,,,,,,,,,,,,
"876","IDABEL LAKE 3","2023081813",0,19.4,28,12.2,357,29.2,93.015,12.16,43.494,,,,,,,,,,,,,,,,,,,,,,
"876","IDABEL LAKE 3","2023081814",0,18.8,28,12.2,340,31,93.036,12.195,43.574,,,,,,,,,,,,,,,,,,,,,,
"876","IDABEL LAKE 3","2023081815",0,17.4,30,7.7,348,25.8,93,9.673,37.519,,,,,,,,,,,,,,,,,,,,,,
"876","IDABEL LAKE 3","2023081816",0,17.3,27,8.4,350,19.5,93.022,10.051,38.468,,,,,,,,,,,,,,,,,,,,,,
"876","IDABEL LAKE 3","2023081817",0,16.7,26,7.2,343,21.8,93.053,9.502,37.085,,,,,,,,,,,,,,,,,,,,,,
"876","IDABEL LAKE 3","2023081818",0,15.3,31,4.2,8,16,92.989,8.095,33.367,,,,,,,,,,,,,,,,,,,,,,
"876","IDABEL LAKE 3","2023081819",0,12.3,38,4,350,9.7,92.789,7.793,32.53,,,,,,,,,,,,,,,,,,,,,,
"876","IDABEL LAKE 3","2023081820",0,10.7,41,3.7,10,11.4,92.549,7.422,31.487,,,,,,,,,,,,,,,,,,,,,,
"876","IDABEL LAKE 3","2023081821",0,8.3,51,3.3,5,6.2,92.159,6.885,29.932,,,,,,,,,,,,,,,,,,,,,,
"876","IDABEL LAKE 3","2023081822",0,6.4,60,2.4,30,5.1,91.671,6.14,27.688,,,,,,,,,,,,,,,,,,,,,,
"876","IDABEL LAKE 3","2023081823",0,5.2,65,1.9,21,5.1,91.156,5.565,25.875,,,,,,,,,,,,,,,,,,,,,,
"882","SICAMOUS","2023081800",0,21.4,42,6.4,146,18.3,92.924,8.963,32.848,,,,,,,,,,,,,,,,,,,,,,
"882","SICAMOUS","2023081801",0,20.9,43,6,157,14.9,92.661,8.466,31.619,,,,,,,,,,,,,,,,,,,,,,
"882","SICAMOUS","2023081802",0,20,48,3.6,263,10.2,92.33,7.16,28.232,,,,,,,,,,,,,,,,,,,,,,
"882","SICAMOUS","2023081803",0,20.1,48,6,152,17.2,92.008,7.721,29.718,,,,,,,,,,,,,,,,,,,,,,
"882","SICAMOUS","2023081804",0,19.7,49,6.5,284,13.1,91.692,7.572,29.328,,,,,,,,,,,,,,,,,,,,,,
"882","SICAMOUS","2023081805",0,19.1,50,8.8,148,20,91.365,8.117,30.738,,,,,,,,,,,,,,,,,,,,,,
"882","SICAMOUS","2023081806",0,18.4,52,8.6,135,22.9,91.026,7.657,29.549,,,,,,,,,,,,,,,,,,,,,,
"882","SICAMOUS","2023081807",0,17.8,43,6.9,206,20.6,90.936,6.939,27.633,,,,,,,,,,,,,,,,,,,,,,
"882","SICAMOUS","2023081808",0,17.4,42,4,115,17.7,90.882,5.949,24.843,,,,,,,,,,,,,,,,,,,,,,
"882","SICAMOUS","2023081809",0,18.9,37,5.4,163,17.7,90.932,6.43,26.22,,,,,,,,,,,,,,,,,,,,,,
"882","SICAMOUS","2023081810",0,17.9,33,6.3,234,14.9,90.982,6.776,27.186,,,,,,,,,,,,,,,,,,,,,,
"882","SICAMOUS","2023081811",0,16.3,35,6.4,297,21.2,91.027,6.855,27.401,,,,,,,,,,,,,,,,,,,,,,
"882","SICAMOUS","2023081812",0,15.6,35,8.4,263,26.4,91.057,7.613,29.436,0,91.897,8.578,32.138,88.268,715.477,134.923,5,,,,,,,,,,,,,,
"882","SICAMOUS","2023081813",0,15.1,39,4.7,52,18.9,91.014,6.28,25.997,,,,,,,,,,,,,,,,,,,,,,
"882","SICAMOUS","2023081814",0,15.1,34,4.9,220,21.2,91.056,6.382,26.286,,,,,,,,,,,,,,,,,,,,,,
"882","SICAMOUS","2023081815",0,15.3,33,5.5,327,19.5,91.106,6.624,26.971,,,,,,,,,,,,,,,,,,,,,,
"882","SICAMOUS","2023081816",0,15.4,34,3.9,48,19.5,91.145,6.146,25.609,,,,,,,,,,,,,,,,,,,,,,
"882","SICAMOUS","2023081817",0,13.8,42,2.9,280,8.5,91.042,5.758,24.474,,,,,,,,,,,,,,,,,,,,,,
"882","SICAMOUS","2023081818",0,13.1,43,3.1,307,6.2,90.924,5.72,24.359,,,,,,,,,,,,,,,,,,,,,,
"882","SICAMOUS","2023081819",0,13.2,39,3.7,337,15.4,90.876,5.855,24.761,,,,,,,,,,,,,,,,,,,,,,
"882","SICAMOUS","2023081820",0,11.6,49,7,354,12,90.625,6.671,27.102,,,,,,,,,,,,,,,,,,,,,,
"882","SICAMOUS","2023081821",0,9.4,55,7.2,359,12,90.275,6.41,26.366,,,,,,,,,,,,,,,,,,,,,,
"882","SICAMOUS","2023081822",0,8.4,58,9.1,3,13.1,89.883,6.668,27.094,,,,,,,,,,,,,,,,,,,,,,
"882","SICAMOUS","2023081823",0,7.4,60,5.8,344,15.4,89.523,5.363,23.281,,,,,,,,,,,,,,,,,,,,,,
"886","GOATHAVEN","2023081800",0,17.7,53,8,33,12,91.686,8.16,29.471,,,,,,,,,,,,,,,,,,,,,,
"886","GOATHAVEN","2023081801",0,16.3,58,8.6,40,12.5,91.145,7.788,28.551,,,,,,,,,,,,,,,,,,,,,,
"886","GOATHAVEN","2023081802",0,14.2,68,5.2,31,12,90.474,5.963,23.733,,,,,,,,,,,,,,,,,,,,,,
"886","GOATHAVEN","2023081803",0,13.3,69,5.6,37,9.7,89.854,5.567,22.61,,,,,,,,,,,,,,,,,,,,,,
"886","GOATHAVEN","2023081804",0,11.8,79,3.5,62,10.2,89.089,4.488,19.366,,,,,,,,,,,,,,,,,,,,,,
"886","GOATHAVEN","2023081805",0,12.2,77,4.2,53,9.7,88.448,4.24,18.579,,,,,,,,,,,,,,,,,,,,,,
"886","GOATHAVEN","2023081806",0,14.5,70,5.4,46,12,88.043,4.25,18.61,,,,,,,,,,,,,,,,,,,,,,
"886","GOATHAVEN","2023081807",0,20.6,44,8.1,217,18.9,88.154,4.948,20.783,,,,,,,,,,,,,,,,,,,,,,
"886","GOATHAVEN","2023081808",0,26.7,30,15.2,209,28.1,89.008,7.999,29.074,,,,,,,,,,,,,,,,,,,,,,
"886","GOATHAVEN","2023081809",0,28.2,28,13.1,206,28.7,89.851,8.12,29.373,,,,,,,,,,,,,,,,,,,,,,
"886","GOATHAVEN","2023081810",0,26.1,30,17.9,205,32.1,90.359,11.123,36.235,,,,,,,,,,,,,,,,,,,,,,
"886","GOATHAVEN","2023081811",0,27.1,28,20.5,216,38.5,90.916,13.731,41.548,,,,,,,,,,,,,,,,,,,,,,
"886","GOATHAVEN","2023081812",0,28.5,25,18.1,230,41.3,91.561,13.335,40.774,0,95.335,22.563,57.727,84.118,565.501,122.632,5,,,,,,,,,,,,,,
"886","GOATHAVEN","2023081813",0,28.7,25,16.9,198,37.3,92.068,13.488,41.787,,,,,,,,,,,,,,,,,,,,,,
"886","GOATHAVEN","2023081814",0,28.1,21,17.9,216,33.9,92.641,15.377,45.436,,,,,,,,,,,,,,,,,,,,,,
"886","GOATHAVEN","2023081815",0,29,10,19,217,41.3,93.777,19.049,51.987,,,,,,,,,,,,,,,,,,,,,,
"886","GOATHAVEN","2023081816",0,26.4,5,21.2,201,42.5,94.866,24.736,61.067,,,,,,,,,,,,,,,,,,,,,,
"886","GOATHAVEN","2023081817",0,25.2,6,13,233,52.3,95.535,17.931,50.06,,,,,,,,,,,,,,,,,,,,,,
"886","GOATHAVEN","2023081818",0,22.9,9,4.4,325,32.1,95.782,12.022,38.793,,,,,,,,,,,,,,,,,,,,,,
"886","GOATHAVEN","2023081819",0,21.3,15,9.6,29,25.2,95.833,15.732,46.1,,,,,,,,,,,,,,,,,,,,,,
"886","GOATHAVEN","2023081820",0,17.2,28,7.1,66,19.5,95.593,13.425,41.662,,,,,,,,,,,,,,,,,,,,,,
"886","GOATHAVEN","2023081821",0,14.8,35,5.1,83,16.6,95.231,11.553,37.803,,,,,,,,,,,,,,,,,,,,,,
"886","GOATHAVEN","2023081822",0,13.1,39,4.4,43,15.4,94.825,10.55,35.617,,,,,,,,,,,,,,,,,,,,,,
"886","GOATHAVEN","2023081823",0,10.9,43,4.9,18,10.8,94.365,10.155,34.733,,,,,,,,,,,,,,,,,,,,,,
"904","HAGENSBORG 2","2023081800",0,16.4,51,18,238,33.3,91.078,12.388,26.199,,,,,,,,,,30.9,,,,,,,,3,1226.154,,,
"904","HAGENSBORG 2","2023081801",0,15.7,56,18.1,230,34.4,90.585,11.605,25.037,,,,,,,,,,31.3,,,,,,,,3,1226.171,,,
"904","HAGENSBORG 2","2023081802",0,15.3,54,10,218,38.5,90.26,7.366,18.076,,,,,,,,,,34.2,,,,,,,,3,1226.186,,,
"904","HAGENSBORG 2","2023081803",0,15.3,53,11.1,231,28.7,89.99,7.49,18.301,,,,,,,,,,34,,,,,,,,3,1226.211,,,
"904","HAGENSBORG 2","2023081804",0,15.1,60,8.6,235,20.6,89.608,6.251,15.991,,,,,,,,,,33.8,,,,,,,,3,1227.204,,,
"904","HAGENSBORG 2","2023081805",0,12.9,79,9.8,259,22.3,88.736,5.86,15.225,,,,,,,,,,32.7,,,,,,,,3,1227.23,,,
"904","HAGENSBORG 2","2023081806",0.2,13.2,71,10.4,255,16,83.758,3.01,8.885,,,,,,,,,,32.8,,,,,,,,3,1227.251,,,
"904","HAGENSBORG 2","2023081807",0,14,67,8.9,261,18.9,83.805,2.808,8.366,,,,,,,,,,33.2,,,,,,,,3,1227.222,,,
"904","HAGENSBORG 2","2023081808",0,16.3,62,9.1,264,15.4,83.943,2.889,8.575,,,,,,,,,,33,,,,,,,,3,1226.203,,,
"904","HAGENSBORG 2","2023081809",0,16.6,57,13.1,258,21.2,84.182,3.649,10.453,,,,,,,,,,32,,,,,,,,3,1226.173,,,
"904","HAGENSBORG 2","2023081810",0,18.7,52,10.4,237,22.9,84.551,3.347,9.726,,,,,,,,,,31.9,,,,,,,,3,1226.61,,,
"904","HAGENSBORG 2","2023081811",0,19.2,46,13.9,244,22.9,85.066,4.284,11.914,,,,,,,,,,31.4,,,,,,,,3,1226.593,,,
"904","HAGENSBORG 2","2023081812",0,20.2,44,17.1,241,27.5,85.627,5.441,14.382,0.2,88.918,8.689,21.151,32.144,484.587,55.144,4,,31.2,,,,,,,,3,1226.563,,,
"904","HAGENSBORG 2","2023081813",0,21.5,40,16.3,242,29.8,86.28,5.727,15.549,,,,,,,,,,30.1,,,,,,,,3,1226.034,,,
"904","HAGENSBORG 2","2023081814",0,22.6,34,17.2,246,27.5,87.099,6.73,17.554,,,,,,,,,,29.7,,,,,,,,3,1226.031,,,
"904","HAGENSBORG 2","2023081815",0,22.8,33,20.2,244,31.6,87.849,8.714,21.194,,,,,,,,,,30.9,,,,,,,,3,1225.025,,,
"904","HAGENSBORG 2","2023081816",0,23.5,33,16.4,235,30.4,88.475,7.871,19.693,,,,,,,,,,30.7,,,,,,,,3,1225.507,,,
"904","HAGENSBORG 2","2023081817",0,23.1,36,17.6,235,27.5,88.869,8.848,21.427,,,,,,,,,,31.6,,,,,,,,3,1225.532,,,
"904","HAGENSBORG 2","2023081818",0,22.4,38,12.6,232,27.5,89.086,7.096,18.254,,,,,,,,,,32.1,,,,,,,,3,1225.031,,,
"904","HAGENSBORG 2","2023081819",0,20.1,48,13.2,258,29.2,89.135,7.365,18.761,,,,,,,,,,32.2,,,,,,,,3,1226.064,,,
"904","HAGENSBORG 2","2023081820",0,19,52,11.9,260,21.2,89.081,6.845,17.775,,,,,,,,,,33,,,,,,,,3,1226.616,,,
"904","HAGENSBORG 2","2023081821",0,17,65,3.7,15,17.7,88.753,4.32,12.489,,,,,,,,,,33.2,,,,,,,,3,1226.631,,,
"904","HAGENSBORG 2","2023081822",0,14.7,75,6.8,60,9.7,88.156,4.635,13.205,,,,,,,,,,34.1,,,,,,,,3,1226.698,,,
"904","HAGENSBORG 2","2023081823",0,12.7,86,3,99,9.7,87.342,3.407,10.297,,,,,,,,,,34.7,,,,,,,,3,1227.211,,,
"905","DOWNIE","2023081800",0,17.5,73,4.8,67,9.4,87.67,3.909,12.535,,,,,,,,,,,,,,,,,,,,12228.2,,
"905","DOWNIE","2023081801",0,17.3,75,4.1,21,11.7,87.254,3.556,11.619,,,,,,,,,,,,,,,,,,,,12228.2,,
"905","DOWNIE","2023081802",0,17.4,75,2,7,7.8,86.923,3.052,10.25,,,,,,,,,,,,,,,,,,,,12228.2,,
"905","DOWNIE","2023081803",0,17.7,81,4.5,11,7.9,86.401,3.214,10.701,,,,,,,,,,,,,,,,,,,,12228.2,,
"905","DOWNIE","2023081804",0.4,17.2,81,7.2,344,18.6,77.321,1.282,4.602,,,,,,,,,,,,,,,,,,,,12228.6,,
"905","DOWNIE","2023081805",0,16.2,96,4.2,19,9.5,77.233,1.095,3.88,,,,,,,,,,,,,,,,,,,,12228.6,,
"905","DOWNIE","2023081806",0,16,96,7.4,334,19.3,77.144,1.278,4.586,,,,,,,,,,,,,,,,,,,,12228.6,,
"905","DOWNIE","2023081807",0,15.8,93,3.7,315,18.8,77.189,1.064,3.758,,,,,,,,,,,,,,,,,,,,12228.6,,
"905","DOWNIE","2023081808",0,16.2,90,5.1,246,13.2,77.255,1.148,4.088,,,,,,,,,,,,,,,,,,,,12228.6,,
"905","DOWNIE","2023081809",0,15.7,90,2.9,92,12.6,77.314,1.032,3.628,,,,,,,,,,,,,,,,,,,,12228.6,,
"905","DOWNIE","2023081810",0,15.9,91,1.6,157,7.9,77.359,0.97,3.375,,,,,,,,,,,,,,,,,,,,12228.6,,
"905","DOWNIE","2023081811",0.2,16.3,66,10.7,231,38.8,74.215,1.261,4.522,,,,,,,,,,,,,,,,,,,,12228.8,,
"905","DOWNIE","2023081812",0,15.6,64,4.4,316,45.4,75.037,0.958,3.327,0.6,87.315,3.642,12.036,41.333,393.445,65.471,3,,,,,,,,,,,,12228.8,,
"905","DOWNIE","2023081813",0,16.9,60,4.3,125,13.7,75.945,1.006,3.606,,,,,,,,,,,,,,,,,,,,12228.8,,
"905","DOWNIE","2023081814",0,16,63,3.7,142,8.7,76.657,1.024,3.678,,,,,,,,,,,,,,,,,,,,12228.8,,
"905","DOWNIE","2023081815",0,18.4,54,6.1,148,10.8,77.707,1.251,4.578,,,,,,,,,,,,,,,,,,,,12228.8,,
"905","DOWNIE","2023081816",0,18.3,46,5.6,265,24.4,78.849,1.346,4.942,,,,,,,,,,,,,,,,,,,,12228.8,,
"905","DOWNIE","2023081817",0,15.9,48,7.9,105,29.3,79.762,1.652,6.048,,,,,,,,,,,,,,,,,,,,12228.8,,
"905","DOWNIE","2023081818",0,13.9,57,4.4,31,21.1,80.256,1.458,5.355,,,,,,,,,,,,,,,,,,,,12228.8,,
"905","DOWNIE","2023081819",0,12,72,3.1,329,16.2,80.417,1.39,5.102,,,,,,,,,,,,,,,,,,,,12228.8,,
"905","DOWNIE","2023081820",0,10.4,80,3.1,325,5.2,80.463,1.397,5.128,,,,,,,,,,,,,,,,,,,,12228.8,,
"905","DOWNIE","2023081821",0,9.6,85,3,359,6.1,80.491,1.394,5.117,,,,,,,,,,,,,,,,,,,,12228.8,,
"905","DOWNIE","2023081822",0,8.2,88,3.7,55,7.3,80.4,1.43,5.25,,,,,,,,,,,,,,,,,,,,12228.8,,
"905","DOWNIE","2023081823",0,7,93,3.7,344,7.6,80.102,1.385,5.085,,,,,,,,,,,,,,,,,,,,12228.8,,
"919","GOLDSTREAM 2","2023081800",0,21.4,43,13.2,191,26.1,90.747,9.277,21.176,,,,,,,,,,,,,,,,,,,,9193.8,,
"919","GOLDSTREAM 2","2023081801",0,21.3,44,15.2,191,39.3,90.71,10.207,22.667,,,,,,,,,,,,,,,,,,,,9193.8,,
"919","GOLDSTREAM 2","2023081802",0,20.6,45,16.9,199,31.1,90.634,11.001,23.896,,,,,,,,,,,,,,,,,,,,9193.8,,
"919","GOLDSTREAM 2","2023081803",0,19.2,50,8.8,220,22.3,90.444,7.118,17.453,,,,,,,,,,,,,,,,,,,,9193.8,,
"919","GOLDSTREAM 2","2023081804",0,18.5,53,6.8,195,16.3,90.211,6.225,15.782,,,,,,,,,,,,,,,,,,,,9193.8,,
"919","GOLDSTREAM 2","2023081805",0,18.1,49,13.7,221,29.9,90.065,8.631,20.101,,,,,,,,,,,,,,,,,,,,9193.8,,
"919","GOLDSTREAM 2","2023081806",0,16.1,46,12.4,335,31.2,89.979,7.985,18.995,,,,,,,,,,,,,,,,,,,,9193.8,,
"919","GOLDSTREAM 2","2023081807",0,15.1,51,4.5,306,26.5,89.822,5.243,13.833,,,,,,,,,,,,,,,,,,,,9193.8,,
"919","GOLDSTREAM 2","2023081808",0,16,49,5.2,210,17.4,89.725,5.356,14.063,,,,,,,,,,,,,,,,,,,,9193.8,,
"919","GOLDSTREAM 2","2023081809",0,16.3,44,12.1,212,23.5,89.725,7.584,18.29,,,,,,,,,,,,,,,,,,,,9193.8,,
"919","GOLDSTREAM 2","2023081810",0,14.5,44,11.2,190,27.8,89.697,7.218,17.634,,,,,,,,,,,,,,,,,,,,9193.8,,
"919","GOLDSTREAM 2","2023081811",0,10.5,63,16,360,49.9,89.208,8.57,19.999,,,,,,,,,,,,,,,,,,,,9193.8,,
"919","GOLDSTREAM 2","2023081812",0.8,7.7,93,8.8,30,46.3,70.987,1.007,2.873,0.8,79.442,1.674,5.116,32.39,293.262,50.764,3,,,,,,,,,,,,9194.6,,
"919","GOLDSTREAM 2","2023081813",0,13.8,56,7.1,33,14.7,72.26,0.967,2.743,,,,,,,,,,,,,,,,,,,,9194.6,,
"919","GOLDSTREAM 2","2023081814",0,13.8,57,2.1,70,11.2,73.208,0.781,2.016,,,,,,,,,,,,,,,,,,,,9194.6,,
"919","GOLDSTREAM 2","2023081815",0.8,7.8,83,14.2,22,40,59.849,0.829,2.214,,,,,,,,,,,,,,,,,,,,9195.4,,
"919","GOLDSTREAM 2","2023081816",0.4,8.2,77,5.6,15,33,55.106,0.374,0.636,,,,,,,,,,,,,,,,,,,,9195.8,,
"919","GOLDSTREAM 2","2023081817",0,9,88,4.2,15,15,55.742,0.368,0.627,,,,,,,,,,,,,,,,,,,,9195.8,,
"919","GOLDSTREAM 2","2023081818",0,7.3,92,5.8,45,12.4,56.181,0.415,0.705,,,,,,,,,,,,,,,,,,,,9195.8,,
"919","GOLDSTREAM 2","2023081819",0.8,7.1,93,4.7,198,17.3,46.212,0.125,0.213,,,,,,,,,,,,,,,,,,,,9196.6,,
"919","GOLDSTREAM 2","2023081820",2,6.3,92,15.7,9,34.3,29.024,0.006,0.01,,,,,,,,,,,,,,,,,,,,9198.6,,
"919","GOLDSTREAM 2","2023081821",0.2,4.7,97,5,41,13.8,28.012,0.003,0.004,,,,,,,,,,,,,,,,,,,,9198.8,,
"919","GOLDSTREAM 2","2023081822",0,4,98,9,28,15.2,28.244,0.003,0.006,,,,,,,,,,,,,,,,,,,,9198.8,,
"919","GOLDSTREAM 2","2023081823",0,3.8,98,8.9,30,12.8,28.473,0.004,0.006,,,,,,,,,,,,,,,,,,,,9198.8,,
"934","MESACHIE 2","2023081800",0,14.3,82,8.9,241,24.1,86.905,4.309,16.136,,,,,,,,,,,,,,,,,,,,,,
"934","MESACHIE 2","2023081801",0,14.1,80,8,208,18.3,86.372,3.819,14.718,,,,,,,,,,,,,,,,,,,,,,
"934","MESACHIE 2","2023081802",0,13.7,80,6.7,219,17.7,85.921,3.357,13.315,,,,,,,,,,,,,,,,,,,,,,
"934","MESACHIE 2","2023081803",0,13.4,80,7.9,249,18.9,85.514,3.369,13.353,,,,,,,,,,,,,,,,,,,,,,
"934","MESACHIE 2","2023081804",0,13,81,5.8,176,17.2,85.142,2.878,11.783,,,,,,,,,,,,,,,,,,,,,,
"934","MESACHIE 2","2023081805",0,12.9,81,6.5,197,17.2,84.807,2.848,11.683,,,,,,,,,,,,,,,,,,,,,,
"934","MESACHIE 2","2023081806",0,13,81,4.7,209,12,84.528,2.504,10.516,,,,,,,,,,,,,,,,,,,,,,
"934","MESACHIE 2","2023081807",0,15.3,72,5.7,217,11.4,84.545,2.639,10.983,,,,,,,,,,,,,,,,,,,,,,
"934","MESACHIE 2","2023081808",0,18.6,64,3.7,113,11.4,84.608,2.407,10.177,,,,,,,,,,,,,,,,,,,,,,
"934","MESACHIE 2","2023081809",0,19.9,61,5.5,271,10.2,84.743,2.684,11.134,,,,,,,,,,,,,,,,,,,,,,
"934","MESACHIE 2","2023081810",0,22.3,44,8.1,74,17.2,85.359,3.33,13.233,,,,,,,,,,,,,,,,,,,,,,
"934","MESACHIE 2","2023081811",0,23.9,34,8.8,100,20.6,86.294,3.932,15.053,,,,,,,,,,,,,,,,,,,,,,
"934","MESACHIE 2","2023081812",0,25.1,33,11.9,105,23.5,87.23,5.25,18.691,0,93.17,12.24,34.551,60.261,475.642,91.531,5,,,,,,,,,,,,,,
"934","MESACHIE 2","2023081813",0,25.5,34,13.8,103,27.5,88.008,6.458,22.301,,,,,,,,,,,,,,,,,,,,,,
"934","MESACHIE 2","2023081814",0,25.4,35,12.9,113,28.1,88.596,6.714,22.925,,,,,,,,,,,,,,,,,,,,,,
"934","MESACHIE 2","2023081815",0,24.7,37,16.4,113,29.2,88.993,8.479,26.976,,,,,,,,,,,,,,,,,,,,,,
"934","MESACHIE 2","2023081816",0,23.9,39,15.7,107,33.3,89.215,8.45,26.913,,,,,,,,,,,,,,,,,,,,,,
"934","MESACHIE 2","2023081817",0,23.3,43,16,122,28.1,89.264,8.64,27.326,,,,,,,,,,,,,,,,,,,,,,
"934","MESACHIE 2","2023081818",0,21.1,47,11.3,112,26.4,89.313,6.866,23.289,,,,,,,,,,,,,,,,,,,,,,
"934","MESACHIE 2","2023081819",0,19.6,49,9.9,108,18.3,89.32,6.404,22.169,,,,,,,,,,,,,,,,,,,,,,
"934","MESACHIE 2","2023081820",0,17.2,56,6.7,119,14.9,89.142,5.313,19.379,,,,,,,,,,,,,,,,,,,,,,
"934","MESACHIE 2","2023081821",0,13.1,74,3.7,169,9.1,88.582,4.215,16.326,,,,,,,,,,,,,,,,,,,,,,
"934","MESACHIE 2","2023081822",0,11.2,82,3.2,108,10.2,87.877,3.715,14.832,,,,,,,,,,,,,,,,,,,,,,
"934","MESACHIE 2","2023081823",0,10.3,87,2.6,174,8.5,87.096,3.224,13.285,,,,,,,,,,,,,,,,,,,,,,
"938","PINE CREEK","2023081800",0,6.6,62,10.3,266,29.3,87.066,4.731,8.38,,,,,,,,,,,,,,,,,,,,6365.6,,
"938","PINE CREEK","2023081801",0,6.4,64,7.2,296,21.6,86.873,3.938,7.113,,,,,,,,,,,,,,,,,,,,6365.6,,
"938","PINE CREEK","2023081802",0,5.9,67,8,289,26,86.639,3.966,7.159,,,,,,,,,,,,,,,,,,,,6365.6,,
"938","PINE CREEK","2023081803",0,5.9,67,10.2,290,23.6,86.415,4.292,7.689,,,,,,,,,,,,,,,,,,,,6365.6,,
"938","PINE CREEK","2023081804",0,5.1,71,8.5,275,22.4,86.144,3.792,6.871,,,,,,,,,,,,,,,,,,,,6365.6,,
"938","PINE CREEK","2023081805",0,5.2,70,8.9,304,27.6,85.914,3.747,6.795,,,,,,,,,,,,,,,,,,,,6365.6,,
"938","PINE CREEK","2023081806",0,5,70,9.1,306,18.8,85.703,3.675,6.674,,,,,,,,,,,,,,,,,,,,6365.6,,
"938","PINE CREEK","2023081807",0,5.9,67,10.5,282,20.8,85.566,3.868,6.998,,,,,,,,,,,,,,,,,,,,6365.6,,
"938","PINE CREEK","2023081808",0,7.4,62,8.5,284,25.6,85.545,3.487,6.355,,,,,,,,,,,,,,,,,,,,6365.6,,
"938","PINE CREEK","2023081809",0,8.8,58,10.9,289,27.4,85.593,3.962,7.153,,,,,,,,,,,,,,,,,,,,6365.6,,
"938","PINE CREEK","2023081810",0,9.9,56,8.9,305,27.5,85.641,3.606,6.558,,,,,,,,,,,,,,,,,,,,6365.6,,
"938","PINE CREEK","2023081811",0,11.1,51,10.9,328,24.3,85.698,4.02,7.249,,,,,,,,,,,,,,,,,,,,6365.6,,
"938","PINE CREEK","2023081812",0,12.2,48,11.8,356,25,85.823,4.281,7.67,0,88.153,5.961,10.747,14.556,363.493,26.462,3,,,,,,,,,,,,6365.6,,
"938","PINE CREEK","2023081813",0,13.1,44,9.9,331,24.7,86.027,4.003,7.64,,,,,,,,,,,,,,,,,,,,6365.6,,
"938","PINE CREEK","2023081814",0,14,41,7,316,26.1,86.281,3.585,6.912,,,,,,,,,,,,,,,,,,,,6365.6,,
"938","PINE CREEK","2023081815",0,13.5,39,9.3,332,21.7,86.548,4.18,7.94,,,,,,,,,,,,,,,,,,,,6365.6,,
"938","PINE CREEK","2023081816",0,13.6,35,9,357,23.1,86.878,4.315,8.165,,,,,,,,,,,,,,,,,,,,6365.6,,
"938","PINE CREEK","2023081817",0,14.9,33,7.5,289,22.2,87.247,4.217,8.001,,,,,,,,,,,,,,,,,,,,6365.6,,
"938","PINE CREEK","2023081818",0,14.6,35,10,233,20,87.529,4.979,9.243,,,,,,,,,,,,,,,,,,,,6365.6,,
"938","PINE CREEK","2023081819",0,13.4,40,6.7,318,16.5,87.631,4.278,8.104,,,,,,,,,,,,,,,,,,,,6365.6,,
"938","PINE CREEK","2023081820",0,12.1,46,6.5,310,12.2,87.68,4.265,8.082,,,,,,,,,,,,,,,,,,,,6365.6,,
"938","PINE CREEK","2023081821",0,9.7,56,5.7,278,13.2,87.595,4.047,7.715,,,,,,,,,,,,,,,,,,,,6365.6,,
"938","PINE CREEK","2023081822",0,9.5,56,6.1,298,10.8,87.514,4.082,7.774,,,,,,,,,,,,,,,,,,,,6365.6,,
"938","PINE CREEK","2023081823",0,9.6,57,6.7,301,11.3,87.423,4.153,7.894,,,,,,,,,,,,,,,,,,,,6365.6,,
"944","TS SAN JUAN","2023081800",0,11.7,92,2.1,20,7,80.636,1.353,5.544,,,,,,,,,,,,,,,,,,,,7052.6,,
"944","TS SAN JUAN","2023081801",0,11.6,91,2.2,340,6.5,80.445,1.332,5.458,,,,,,,,,,,,,,,,,,,,7052.6,,
"944","TS SAN JUAN","2023081802",0,11.4,91,2.7,26,7.2,80.268,1.34,5.491,,,,,,,,,,,,,,,,,,,,7052.6,,
"944","TS SAN JUAN","2023081803",0,11.3,90,0.8,342,7,80.169,1.205,4.936,,,,,,,,,,,,,,,,,,,,7052.6,,
"944","TS SAN JUAN","2023081804",0,11.2,89,1.2,86,5.3,80.114,1.223,5.009,,,,,,,,,,,,,,,,,,,,7052.6,,
"944","TS SAN JUAN","2023081805",0,11.1,90,0.9,310,5.4,80.027,1.193,4.886,,,,,,,,,,,,,,,,,,,,7052.6,,
"944","TS SAN JUAN","2023081806",0,11.3,89,2.1,350,5.8,79.983,1.262,5.171,,,,,,,,,,,,,,,,,,,,7052.6,,
"944","TS SAN JUAN","2023081807",0,11.8,87,1.8,75,6.3,80.024,1.248,5.116,,,,,,,,,,,,,,,,,,,,7052.6,,
"944","TS SAN JUAN","2023081808",0,12.9,83,3.4,336,8.5,80.07,1.36,5.569,,,,,,,,,,,,,,,,,,,,7052.6,,
"944","TS SAN JUAN","2023081809",0,17,66,3.3,133,7.4,80.432,1.406,5.754,,,,,,,,,,,,,,,,,,,,7052.6,,
"944","TS SAN JUAN","2023081810",0,18.6,62,6.9,336,12.9,80.943,1.783,7.195,,,,,,,,,,,,,,,,,,,,7052.6,,
"944","TS SAN JUAN","2023081811",0,19,59,7.8,350,16.7,81.497,1.989,7.936,,,,,,,,,,,,,,,,,,,,7052.6,,
"944","TS SAN JUAN","2023081812",0,19.5,56,10.6,356,18.7,82.117,2.467,9.56,0,88.392,5.807,19.056,49.52,476.797,78.625,4,,,,,,,,,,,,7052.6,,
"944","TS SAN JUAN","2023081813",0,21.4,47,9.6,6,19.2,82.977,2.611,10.239,,,,,,,,,,,,,,,,,,,,7052.6,,
"944","TS SAN JUAN","2023081814",0,21.6,49,10,333,19.1,83.681,2.92,11.223,,,,,,,,,,,,,,,,,,,,7052.6,,
"944","TS SAN JUAN","2023081815",0,21.7,48,7.5,344,24.1,84.292,2.793,10.822,,,,,,,,,,,,,,,,,,,,7052.6,,
"944","TS SAN JUAN","2023081816",0,19.9,53,6.7,14,15.8,84.634,2.809,10.876,,,,,,,,,,,,,,,,,,,,7052.6,,
"944","TS SAN JUAN","2023081817",0,18.1,59,6.3,354,14.2,84.771,2.805,10.862,,,,,,,,,,,,,,,,,,,,7052.6,,
"944","TS SAN JUAN","2023081818",0,16.7,67,4.8,358,10.2,84.819,2.618,10.26,,,,,,,,,,,,,,,,,,,,7052.6,,
"944","TS SAN JUAN","2023081819",0,12.6,86,0.1,53,8.3,84.47,1.97,8.044,,,,,,,,,,,,,,,,,,,,7052.6,,
"944","TS SAN JUAN","2023081820",0,9.7,94,1.5,126,3.3,83.754,1.921,7.865,,,,,,,,,,,,,,,,,,,,7052.6,,
"944","TS SAN JUAN","2023081821",0,8.6,96,0,182,3.5,83.131,1.642,6.824,,,,,,,,,,,,,,,,,,,,7052.6,,
"944","TS SAN JUAN","2023081822",0,8.1,97,1.1,186,3.9,82.401,1.583,6.594,,,,,,,,,,,,,,,,,,,,7052.6,,
"944","TS SAN JUAN","2023081823",0,7.7,97,3.2,200,5.2,81.675,1.611,6.704,,,,,,,,,,,,,,,,,,,,7052.6,,
"945","TS NAKA CREEK","2023081800",0,9.5,65,13.3,341,21.8,82.526,2.973,6.556,,,,,,,,,0,0,,0,0,0,0,0,,0,0,,0,
"945","TS NAKA CREEK","2023081801",0,9.5,62,10.7,5,18.3,82.664,2.653,5.885,,,,,,,,,0,0,,0,0,0,0,0,,0,0,,0,
"945","TS NAKA CREEK","2023081802",0,5.8,80,5.6,267,13.7,82.57,2.028,4.488,,,,,,,,,0,0,,0,0,0,0,0,,0,0,,0,
"945","TS NAKA CREEK","2023081803",0,9.2,64,11.2,11,20,82.671,2.723,6.035,,,,,,,,,0,0,,0,0,0,0,0,,0,0,,0,
"945","TS NAKA CREEK","2023081804",0,9.4,67,5.9,260,31.6,82.724,2.099,4.654,,,,,,,,,0,0,,0,0,0,0,0,,0,0,,0,
"945","TS NAKA CREEK","2023081805",0,9.5,67,6.7,213,29.2,82.774,2.199,4.884,,,,,,,,,0,0,,0,0,0,0,0,,0,0,,0,
"945","TS NAKA CREEK","2023081806",0,8.1,73,6.4,156,17.2,82.821,2.179,4.838,,,,,,,,,0,0,,0,0,0,0,0,,0,0,,0,
"945","TS NAKA CREEK","2023081807",0,11.6,58,8.4,45,21.2,83.027,2.474,5.498,,,,,,,,,0,0,,0,0,0,0,0,,0,0,,0,
"945","TS NAKA CREEK","2023081808",0,11.6,64,15.9,355,33.3,83.131,3.659,7.919,,,,,,,,,0,0,,0,0,0,0,0,,0,0,,0,
"945","TS NAKA CREEK","2023081809",0,14.8,55,13,16,31,83.456,3.297,7.213,,,,,,,,,0,0,,0,0,0,0,0,,0,0,,0,
"945","TS NAKA CREEK","2023081810",0,15.6,49,10.6,18,29.8,83.883,3.091,6.798,,,,,,,,,0,0,,0,0,0,0,0,,0,0,,0,
"945","TS NAKA CREEK","2023081811",0,15.8,56,16.1,333,28.1,84.14,4.22,8.97,,,,,,,,,0,0,,0,0,0,0,0,,0,0,,0,
"945","TS NAKA CREEK","2023081812",0,16.4,55,14.2,355,32.7,84.398,3.97,8.509,0,85.528,4.637,10.159,19.758,360.26,34.751,3,0,0,,0,0,0,0,0,,0,0,,0,
"945","TS NAKA CREEK","2023081813",0,16.8,54,16.1,343,28.7,84.664,4.53,9.963,,,,,,,,,0,0,,0,0,0,0,0,,0,0,,0,
"945","TS NAKA CREEK","2023081814",0,17.8,50,14.2,339,28.7,85.014,4.318,9.569,,,,,,,,,0,0,,0,0,0,0,0,,0,0,,0,
"945","TS NAKA CREEK","2023081815",0,17.7,51,17.9,333,34.4,85.304,5.416,11.541,,,,,,,,,0,0,,0,0,0,0,0,,0,0,,0,
"945","TS NAKA CREEK","2023081816",0,16.7,56,17.6,336,33.9,85.413,5.416,11.54,,,,,,,,,0,0,,0,0,0,0,0,,0,0,,0,
"945","TS NAKA CREEK","2023081817",0,15.2,57,16.9,324,31,85.461,5.263,11.275,,,,,,,,,0,0,,0,0,0,0,0,,0,0,,0,
"945","TS NAKA CREEK","2023081818",0,11.9,73,15.5,321,28.7,85.266,4.773,10.407,,,,,,,,,0,0,,0,0,0,0,0,,0,0,,0,
"945","TS NAKA CREEK","2023081819",0,10.4,81,15.1,327,28.1,84.846,4.416,9.751,,,,,,,,,0,0,,0,0,0,0,0,,0,0,,0,
"945","TS NAKA CREEK","2023081820",0,9.4,87,13.8,320,27.5,84.251,3.815,8.606,,,,,,,,,0,0,,0,0,0,0,0,,0,0,,0,
"945","TS NAKA CREEK","2023081821",0,9,86,11.8,313,18.9,83.788,3.243,7.454,,,,,,,,,0,0,,0,0,0,0,0,,0,0,,0,
"945","TS NAKA CREEK","2023081822",0,9.2,81,9.6,328,22.9,83.567,2.819,6.555,,,,,,,,,0,0,,0,0,0,0,0,,0,0,,0,
"945","TS NAKA CREEK","2023081823",0,8.7,83,10,323,21.8,83.303,2.779,6.469,,,,,,,,,0,0,,0,0,0,0,0,,0,0,,0,
"956","TS EFFINGHAM","2023081800",0,12.2,100,2.8,15,9.7,80.747,1.419,4.219,,,,,,,,,0,0,,0,0,0,0,0,,0,0,,0,
"956","TS EFFINGHAM","2023081801",0,12.7,100,7.5,340,12.5,79.777,1.622,4.856,,,,,,,,,0,0,,0,0,0,0,0,,0,0,,0,
"956","TS EFFINGHAM","2023081802",0,11.6,100,4.8,323,14.3,79.001,1.312,3.87,,,,,,,,,0,0,,0,0,0,0,0,,0,0,,0,
"956","TS EFFINGHAM","2023081803",0,11.6,100,3.5,149,13.1,78.345,1.157,3.351,,,,,,,,,0,0,,0,0,0,0,0,,0,0,,0,
"956","TS EFFINGHAM","2023081804",0,11.5,100,0,139,6.8,77.905,0.935,2.554,,,,,,,,,0,0,,0,0,0,0,0,,0,0,,0,
"956","TS EFFINGHAM","2023081805",0,11.1,100,3.2,156,5.1,77.382,1.053,2.985,,,,,,,,,0,0,,0,0,0,0,0,,0,0,,0,
"956","TS EFFINGHAM","2023081806",0.2,11,100,10.4,302,15.4,73.161,1.184,3.44,,,,,,,,,0,0,,0,0,0,0,0,,0,0,,0,
"956","TS EFFINGHAM","2023081807",0,10.9,100,4,328,13.1,73.145,0.857,2.258,,,,,,,,,0,0,,0,0,0,0,0,,0,0,,0,
"956","TS EFFINGHAM","2023081808",0,12.4,98,3.1,144,13.1,73.189,0.82,2.115,,,,,,,,,0,0,,0,0,0,0,0,,0,0,,0,
"956","TS EFFINGHAM","2023081809",0,13.1,98,3.7,234,9.7,73.233,0.847,2.22,,,,,,,,,0,0,,0,0,0,0,0,,0,0,,0,
"956","TS EFFINGHAM","2023081810",0,15.3,87,6.2,133,9.7,73.529,0.973,2.697,,,,,,,,,0,0,,0,0,0,0,0,,0,0,,0,
"956","TS EFFINGHAM","2023081811",0,19,65,8.9,197,16.6,74.668,1.178,3.422,,,,,,,,,0,0,,0,0,0,0,0,,0,0,,0,
"956","TS EFFINGHAM","2023081812",0,20.6,60,9.9,195,17.7,75.973,1.336,3.951,0.2,88.01,5.307,14.177,33.443,288.103,51.842,3,0,0,,0,0,0,0,0,,0,0,,0,
"956","TS EFFINGHAM","2023081813",0,20.7,52,10.2,159,21.2,77.407,1.501,4.646,,,,,,,,,0,0,,0,0,0,0,0,,0,0,,0,
"956","TS EFFINGHAM","2023081814",0,21,48,9,63,21.8,78.787,1.589,4.926,,,,,,,,,0,0,,0,0,0,0,0,,0,0,,0,
"956","TS EFFINGHAM","2023081815",0,20.8,50,5.5,101,20,79.835,1.475,4.561,,,,,,,,,0,0,,0,0,0,0,0,,0,0,,0,
"956","TS EFFINGHAM","2023081816",0,21.1,44,8.8,140,20,81.045,1.985,6.135,,,,,,,,,0,0,,0,0,0,0,0,,0,0,,0,
"956","TS EFFINGHAM","2023081817",0,19.6,54,6.2,184,12.5,81.706,1.881,5.825,,,,,,,,,0,0,,0,0,0,0,0,,0,0,,0,
"956","TS EFFINGHAM","2023081818",0,18,53,3.4,154,8.5,82.216,1.737,5.388,,,,,,,,,0,0,,0,0,0,0,0,,0,0,,0,
"956","TS EFFINGHAM","2023081819",0,14.9,67,2.7,149,5.1,82.36,1.707,5.295,,,,,,,,,0,0,,0,0,0,0,0,,0,0,,0,
"956","TS EFFINGHAM","2023081820",0,13.8,67,4.6,96,6.2,82.487,1.908,5.907,,,,,,,,,0,0,,0,0,0,0,0,,0,0,,0,
"956","TS EFFINGHAM","2023081821",0,13.5,71,2.8,120,5.1,82.544,1.755,5.444,,,,,,,,,0,0,,0,0,0,0,0,,0,0,,0,
"956","TS EFFINGHAM","2023081822",0,13.4,70,1.7,102,4.5,82.608,1.674,5.192,,,,,,,,,0,0,,0,0,0,0,0,,0,0,,0,
"956","TS EFFINGHAM","2023081823",0,13.2,68,4.4,81,6.8,82.695,1.939,5.998,,,,,,,,,0,0,,0,0,0,0,0,,0,0,,0,
"965","IRON CREEK YFS","2023081800",0,4.3,99,2.4,257,4.8,,,,,,,,,,,,,,,,,,,,,,,1704.09,,
"965","IRON CREEK YFS","2023081801",0,4,100,0.1,96,5.7,,,,,,,,,,,,,,,,,,,,,,,1704.09,,
"965","IRON CREEK YFS","2023081802",0,5.6,100,0,181,5.2,,,,,,,,,,,,,,,,,,,,,,,1704.09,,
"965","IRON CREEK YFS","2023081803",0,6,100,0,299,4,,,,,,,,,,,,,,,,,,,,,,,1704.09,,
"965","IRON CREEK YFS","2023081804",0,4.8,100,0.2,304,3.9,,,,,,,,,,,,,,,,,,,,,,,1704.09,,
"965","IRON CREEK YFS","2023081805",0,4.4,100,1.3,337,4.8,,,,,,,,,,,,,,,,,,,,,,,1704.09,,
"965","IRON CREEK YFS","2023081806",0,4.9,100,0,17,5.8,,,,,,,,,,,,,,,,,,,,,,,1704.09,,
"965","IRON CREEK YFS","2023081807",0,6.3,100,3.4,335,7.8,,,,,,,,,,,,,,,,,,,,,,,1704.09,,
"965","IRON CREEK YFS","2023081808",0,7.4,100,3.4,344,7.8,,,,,,,,,,,,,,,,,,,,,,,1704.09,,
"965","IRON CREEK YFS","2023081809",0,10.5,88,0.4,346,5.6,,,,,,,,,,,,,,,,,,,,,,,1704.09,,
"965","IRON CREEK YFS","2023081810",0,14.7,72,3.7,52,8.3,,,,,,,,,,,,,,,,,,,,,,,1704.09,,
"965","IRON CREEK YFS","2023081811",0,17.2,55,6.9,291,19.4,,,,,,,,,,,,,,,,,,,,,,,1704.09,,
"965","IRON CREEK YFS","2023081812",0,19,52,6.4,266,21,,,,1.1,,,,,,,,,,,,,,,,,,,1704.09,,
"965","IRON CREEK YFS","2023081813",0,20.7,46,7.2,273,19,,,,,,,,,,,,,,,,,,,,,,,1704.09,,
"965","IRON CREEK YFS","2023081814",0,21.5,44,12.6,270,27.4,,,,,,,,,,,,,,,,,,,,,,,1704.09,,
"965","IRON CREEK YFS","2023081815",0,21,44,9.5,283,31.6,,,,,,,,,,,,,,,,,,,,,,,1704.09,,
"965","IRON CREEK YFS","2023081816",0,17.2,69,13.8,308,32.6,,,,,,,,,,,,,,,,,,,,,,,1704.09,,
"965","IRON CREEK YFS","2023081817",1,14.9,76,6.3,286,33.6,,,,,,,,,,,,,,,,,,,,,,,1705.1,,
"965","IRON CREEK YFS","2023081818",0,17.3,68,3.3,291,13.1,,,,,,,,,,,,,,,,,,,,,,,1705.1,,
"965","IRON CREEK YFS","2023081819",0,14.7,80,4,258,13.3,,,,,,,,,,,,,,,,,,,,,,,1705.1,,
"965","IRON CREEK YFS","2023081820",0,12.7,84,5.8,238,18.9,,,,,,,,,,,,,,,,,,,,,,,1705.1,,
"965","IRON CREEK YFS","2023081821",0,11.5,75,9.9,242,15.5,,,,,,,,,,,,,,,,,,,,,,,1705.1,,
"965","IRON CREEK YFS","2023081822",0,12.6,71,7.7,249,18.7,,,,,,,,,,,,,,,,,,,,,,,1705.1,,
"965","IRON CREEK YFS","2023081823",0,11.6,71,6.8,256,14.1,,,,,,,,,,,,,,,,,,,,,,,1705.1,,
"977","ANDERSON CREEK","2023081800",0,18.1,65,3.8,294,10.2,91.355,6.3,28.089,,,,,,,,,0,0,,0,0,0,0,0,,0,0,,0,
"977","ANDERSON CREEK","2023081801",0,17.9,68,5.4,332,13.7,90.634,6.163,27.669,,,,,,,,,0,0,,0,0,0,0,0,,0,0,,0,
"977","ANDERSON CREEK","2023081802",0,17.4,62,6,327,17.2,90.16,5.935,26.964,,,,,,,,,0,0,,0,0,0,0,0,,0,0,,0,
"977","ANDERSON CREEK","2023081803",0,17.5,47,14.1,232,26.4,90.058,8.797,35.145,,,,,,,,,0,0,,0,0,0,0,0,,0,0,,0,
"977","ANDERSON CREEK","2023081804",0,16.1,44,11.8,240,31.6,90.017,7.789,32.417,,,,,,,,,0,0,,0,0,0,0,0,,0,0,,0,
"977","ANDERSON CREEK","2023081805",0,14.8,48,8.1,259,27.5,89.892,6.349,28.238,,,,,,,,,0,0,,0,0,0,0,0,,0,0,,0,
"977","ANDERSON CREEK","2023081806",0,13.7,53,8.1,258,25.8,89.669,6.149,27.626,,,,,,,,,0,0,,0,0,0,0,0,,0,0,,0,
"977","ANDERSON CREEK","2023081807",0,13.7,46,12.6,156,28.1,89.593,7.631,31.976,,,,,,,,,0,0,,0,0,0,0,0,,0,0,,0,
"977","ANDERSON CREEK","2023081808",0,17,37,8.5,194,25.8,89.642,6.251,27.938,,,,,,,,,0,0,,0,0,0,0,0,,0,0,,0,
"977","ANDERSON CREEK","2023081809",0,18.2,32,10.6,206,25.2,89.795,7.102,30.47,,,,,,,,,0,0,,0,0,0,0,0,,0,0,,0,
"977","ANDERSON CREEK","2023081810",0,19.9,31,9.4,200,24.6,90.002,6.886,29.841,,,,,,,,,0,0,,0,0,0,0,0,,0,0,,0,
"977","ANDERSON CREEK","2023081811",0,22.1,27,7.3,197,23.5,90.37,6.531,28.786,,,,,,,,,0,0,,0,0,0,0,0,,0,0,,0,
"977","ANDERSON CREEK","2023081812",0,22.7,28,8.2,196,22.9,90.673,7.136,30.568,0,94.235,11.779,42.631,145.375,610.878,182.295,4,0,0,,0,0,0,0,0,,0,0,,0,
"977","ANDERSON CREEK","2023081813",0,23.1,27,9.5,220,22.3,90.984,7.964,33.017,,,,,,,,,0,0,,0,0,0,0,0,,0,0,,0,
"977","ANDERSON CREEK","2023081814",0,23.9,26,8.8,218,25.2,91.306,8.049,33.252,,,,,,,,,0,0,,0,0,0,0,0,,0,0,,0,
"977","ANDERSON CREEK","2023081815",0,24,26,10.4,205,20,91.584,9.076,35.999,,,,,,,,,0,0,,0,0,0,0,0,,0,0,,0,
"977","ANDERSON CREEK","2023081816",0,23.1,27,9.6,222,21.2,91.744,8.918,35.585,,,,,,,,,0,0,,0,0,0,0,0,,0,0,,0,
"977","ANDERSON CREEK","2023081817",0,23.4,26,6,202,18.9,91.915,7.621,32.06,,,,,,,,,0,0,,0,0,0,0,0,,0,0,,0,
"977","ANDERSON CREEK","2023081818",0,21.1,26,6.1,159,17.2,91.996,7.748,32.415,,,,,,,,,0,0,,0,0,0,0,0,,0,0,,0,
"977","ANDERSON CREEK","2023081819",0,16.9,34,3.9,6,12,91.982,6.921,30.049,,,,,,,,,0,0,,0,0,0,0,0,,0,0,,0,
"977","ANDERSON CREEK","2023081820",0,13.7,43,3.6,32,6.8,91.785,6.629,29.186,,,,,,,,,0,0,,0,0,0,0,0,,0,0,,0,
"977","ANDERSON CREEK","2023081821",0,13.1,44,2.6,70,8.5,91.596,6.136,27.688,,,,,,,,,0,0,,0,0,0,0,0,,0,0,,0,
"977","ANDERSON CREEK","2023081822",0,11.3,50,2.7,23,6.2,91.31,5.922,27.021,,,,,,,,,0,0,,0,0,0,0,0,,0,0,,0,
"977","ANDERSON CREEK","2023081823",0,10.3,52,3.2,178,6.8,91.003,5.814,26.68,,,,,,,,,0,0,,0,0,0,0,0,,0,0,,0,
"995","TS ARTLISH","2023081800",0,13.2,59,2,117,14.9,88.05,3.585,8.696,,,,,,,,,0,1,,0,0,0,0,0,,1,0,,0,
"995","TS ARTLISH","2023081801",0,12.8,66,0,78,10.8,87.87,3.159,7.782,,,,,,,,,0,0.4,,0,0,0,0,0,,1,0,,0,
"995","TS ARTLISH","2023081802",0,12,71,0,99,9.1,87.621,3.048,7.538,,,,,,,,,0,1.4,,0,0,0,0,0,,1,0,,0,
"995","TS ARTLISH","2023081803",0,11.5,75,1.9,99,6.8,87.236,3.175,7.818,,,,,,,,,0,1.2,,0,0,0,0,0,,1,0,,0,
"995","TS ARTLISH","2023081804",0,12.1,68,3.6,86,13.7,87.015,3.351,8.201,,,,,,,,,0,1.6,,0,0,0,0,0,,1,0,,0,
"995","TS ARTLISH","2023081805",0,12.8,68,0,45,10.8,86.883,2.744,6.849,,,,,,,,,0,3,,0,0,0,0,0,,1,0,,0,
"995","TS ARTLISH","2023081806",0,12.6,78,2,42,10.2,86.498,2.873,7.145,,,,,,,,,0,6,,0,0,0,0,0,,1,0,,0,
"995","TS ARTLISH","2023081807",0,12.8,77,0,111,5.1,86.249,2.508,6.299,,,,,,,,,0,35.5,,0,0,0,0,0,,1,0,,0,
"995","TS ARTLISH","2023081808",0,13.3,77,0,70,0,86.022,2.429,6.111,,,,,,,,,0,2.2,,0,0,0,0,0,,1,0,,0,
"995","TS ARTLISH","2023081809",0,16,59,2.3,44,8.5,86.07,2.746,6.855,,,,,,,,,0,8.8,,0,0,0,0,0,,1,0,,0,
"995","TS ARTLISH","2023081810",0,18.5,52,6.8,354,13.1,86.196,3.507,8.532,,,,,,,,,0,16.4,,0,0,0,0,0,,1,0,,0,
"995","TS ARTLISH","2023081811",0,18.6,52,3.7,75,15.4,86.304,3.045,7.532,,,,,,,,,0,4.3,,0,0,0,0,0,,1,0,,0,
"995","TS ARTLISH","2023081812",0,20.4,45,3.4,26,16,86.581,3.12,7.697,0,90.135,5.188,12.417,25.818,287.793,42.177,3,0,11.1,,0,0,0,0,0,,1,0,,0,
"995","TS ARTLISH","2023081813",0,22,39,3.6,106,16,87.023,3.355,8.65,,,,,,,,,0,4.4,,0,0,0,0,0,,1,0,,0,
"995","TS ARTLISH","2023081814",0,22.4,40,0,104,16,87.309,2.915,7.642,,,,,,,,,0,3.7,,0,0,0,0,0,,1,0,,0,
"995","TS ARTLISH","2023081815",0,23,36,1.9,261,13.1,87.746,3.415,8.782,,,,,,,,,0,0,,0,0,0,0,0,,1,0,,0,
"995","TS ARTLISH","2023081816",0,22.7,39,2.7,260,16,88.053,3.715,9.438,,,,,,,,,0,1.3,,0,0,0,0,0,,1,0,,0,
"995","TS ARTLISH","2023081817",0,22.4,43,0,297,16,88.188,3.306,8.538,,,,,,,,,0,3.9,,0,0,0,0,0,,1,0,,0,
"995","TS ARTLISH","2023081818",0,17.8,54,2.2,82,12.5,88.201,3.7,9.407,,,,,,,,,0,19.6,,0,0,0,0,0,,1,0,,0,
"995","TS ARTLISH","2023081819",0,16.5,59,1.9,82,12.5,88.108,3.597,9.182,,,,,,,,,0,0.6,,0,0,0,0,0,,1,0,,0,
"995","TS ARTLISH","2023081820",0,14.7,70,0,70,11.4,87.864,3.156,8.199,,,,,,,,,0,-0.9,,0,0,0,0,0,,1,0,,0,
"995","TS ARTLISH","2023081821",0,13.9,71,0,99,12,87.62,3.047,7.95,,,,,,,,,0,-0.5,,0,0,0,0,0,,1,0,,0,
"995","TS ARTLISH","2023081822",0,13,74,0,72,10.2,87.338,2.927,7.671,,,,,,,,,0,0,,0,0,0,0,0,,1,-335.742,,0,
"995","TS ARTLISH","2023081823",0,11.4,83,0,76,8.5,86.881,2.743,7.233,,,,,,,,,0,0.6,,0,0,0,0,0,,1,0,,0,
"1002","TS ELPHINSTONE","2023081800",0,14.6,55,10,326,21.2,89.173,6.302,16.994,,,,,,,,,0,193.3,,0,0,0,0,0,,0,0,,0,
"1002","TS ELPHINSTONE","2023081801",0,14.1,57,11.7,314,18.9,88.93,6.631,17.649,,,,,,,,,0,193.3,,0,0,0,0,0,,0,0,,0,
"1002","TS ELPHINSTONE","2023081802",0,13.6,62,17.2,311,31.6,88.568,8.305,20.804,,,,,,,,,0,193.3,,0,0,0,0,0,,0,0,,0,
"1002","TS ELPHINSTONE","2023081803",0,12.6,69,12.7,307,28.7,88.099,6.19,16.767,,,,,,,,,0,193.3,,0,0,0,0,0,,0,0,,0,
"1002","TS ELPHINSTONE","2023081804",0,11.7,73,12.2,305,21.2,87.586,5.608,15.564,,,,,,,,,0,193.3,,0,0,0,0,0,,0,0,,0,
"1002","TS ELPHINSTONE","2023081805",0,11.9,65,19.7,301,35.6,87.302,7.859,19.99,,,,,,,,,0,193.3,,0,0,0,0,0,,0,0,,0,
"1002","TS ELPHINSTONE","2023081806",0,11.1,67,12.6,310,33.3,87.03,5.286,14.876,,,,,,,,,0,193.3,,0,0,0,0,0,,0,0,,0,
"1002","TS ELPHINSTONE","2023081807",0,10.6,73,12.6,308,25.8,86.643,5.003,14.26,,,,,,,,,0,193.3,,0,0,0,0,0,,0,0,,0,
"1002","TS ELPHINSTONE","2023081808",0,12.9,66,12.4,289,24.6,86.491,4.848,13.915,,,,,,,,,0,193.3,,0,0,0,0,0,,0,0,,0,
"1002","TS ELPHINSTONE","2023081809",0,15,53,18.1,293,35,86.539,6.505,17.399,,,,,,,,,0,193.3,,0,0,0,0,0,,0,0,,0,
"1002","TS ELPHINSTONE","2023081810",0,17,47,13.6,300,37.9,86.696,5.301,14.909,,,,,,,,,0,193.3,,0,0,0,0,0,,0,0,,0,
"1002","TS ELPHINSTONE","2023081811",0,18.1,49,12.9,284,26.9,86.811,5.202,14.695,,,,,,,,,0,193.3,,0,0,0,0,0,,0,0,,0,
"1002","TS ELPHINSTONE","2023081812",0,18.3,43,15.3,285,27.5,87.071,6.091,16.567,0,89.962,9.218,23.021,38.307,343.712,59.919,4,0,193.3,,0,0,0,0,0,,0,0,,0,
"1002","TS ELPHINSTONE","2023081813",0,20,46,13,275,29.8,87.259,5.572,15.938,,,,,,,,,0,193.3,,0,0,0,0,0,,0,0,,0,
"1002","TS ELPHINSTONE","2023081814",0,19.6,43,10.8,262,26.4,87.481,5.149,15.008,,,,,,,,,0,193.3,,0,0,0,0,0,,0,0,,0,
"1002","TS ELPHINSTONE","2023081815",0,19.2,41,11,281,26.4,87.715,5.377,15.513,,,,,,,,,0,193.3,,0,0,0,0,0,,0,0,,0,
"1002","TS ELPHINSTONE","2023081816",0,20.1,41,8.7,237,17.7,87.935,4.942,14.543,,,,,,,,,0,193.3,,0,0,0,0,0,,0,0,,0,
"1002","TS ELPHINSTONE","2023081817",0,17.8,45,4.9,164,16,87.984,4.109,12.589,,,,,,,,,0,193.3,,0,0,0,0,0,,0,0,,0,
"1002","TS ELPHINSTONE","2023081818",0,16.8,45,3.8,207,9.7,88.033,3.915,12.113,,,,,,,,,0,193.3,,0,0,0,0,0,,0,0,,0,
"1002","TS ELPHINSTONE","2023081819",0,14.5,53,3.1,304,7.9,88.029,3.777,11.769,,,,,,,,,0,193.3,,0,0,0,0,0,,0,0,,0,
"1002","TS ELPHINSTONE","2023081820",0,11.9,58,6,8,7.9,87.898,4.291,13.026,,,,,,,,,0,193.3,,0,0,0,0,0,,0,0,,0,
"1002","TS ELPHINSTONE","2023081821",0,11.4,58,6.3,65,7.9,87.773,4.279,12.999,,,,,,,,,0,193.3,,0,0,0,0,0,,0,0,,0,
"1002","TS ELPHINSTONE","2023081822",0,11.3,59,0,79,7.4,87.702,3.083,9.962,,,,,,,,,0,193.3,,0,0,0,0,0,,0,0,,0,
"1002","TS ELPHINSTONE","2023081823",0,11.2,58,0,76,0,87.647,3.059,9.896,,,,,,,,,0,193.3,,0,0,0,0,0,,0,0,,0,
"1024","SKOONKA","2023081800",0,16,62,11,153,20,90.175,7.652,28.164,,,,,,,,,,,,,,,,,,,,,,
"1024","SKOONKA","2023081801",0,15.3,66,12.5,162,23.5,89.579,7.578,27.976,,,,,,,,,,,,,,,,,,,,,,
"1024","SKOONKA","2023081802",0,14.9,68,9.6,144,28.1,89.038,6.058,23.958,,,,,,,,,,,,,,,,,,,,,,
"1024","SKOONKA","2023081803",0,13.9,71,8.5,122,20,88.498,5.304,21.807,,,,,,,,,,,,,,,,,,,,,,
"1024","SKOONKA","2023081804",0,13.4,72,5.1,127,17.7,88.039,4.184,18.365,,,,,,,,,,,,,,,,,,,,,,
"1024","SKOONKA","2023081805",0,11.1,62,4.5,85,8.5,87.838,3.944,17.58,,,,,,,,,,,,,,,,,,,,,,
"1024","SKOONKA","2023081806",0,10.1,47,5.1,98,7.4,87.88,4.09,18.059,,,,,,,,,,,,,,,,,,,,,,
"1024","SKOONKA","2023081807",0,10.8,35,5.7,293,12,87.995,4.285,18.69,,,,,,,,,,,,,,,,,,,,,,
"1024","SKOONKA","2023081808",0,13.6,34,5.3,264,9.1,88.173,4.309,18.765,,,,,,,,,,,,,,,,,,,,,,
"1024","SKOONKA","2023081809",0,14.8,35,6.4,245,14.3,88.34,4.664,19.883,,,,,,,,,,,,,,,,,,,,,,
"1024","SKOONKA","2023081810",0,13.4,34,8.8,307,17.7,88.485,5.375,22.016,,,,,,,,,,,,,,,,,,,,,,
"1024","SKOONKA","2023081811",0,14.6,28,8.7,309,22.9,88.794,5.59,22.638,,,,,,,,,,,,,,,,,,,,,,
"1024","SKOONKA","2023081812",0,14.1,29,6.3,271,28.7,89.017,5.114,21.247,0,92.489,8.389,30.265,81.204,565.705,119.518,4,,,,,,,,,,,,,,
"1024","SKOONKA","2023081813",0,13.9,31,5.2,183,13.7,89.159,4.939,20.93,,,,,,,,,,,,,,,,,,,,,,
"1024","SKOONKA","2023081814",0,15.4,27,6.3,291,13.1,89.425,5.423,22.377,,,,,,,,,,,,,,,,,,,,,,
"1024","SKOONKA","2023081815",0,16.3,28,6.5,302,16,89.657,5.663,23.074,,,,,,,,,,,,,,,,,,,,,,
"1024","SKOONKA","2023081816",0,15.1,36,7.1,197,16.6,89.706,5.879,23.69,,,,,,,,,,,,,,,,,,,,,,
"1024","SKOONKA","2023081817",0,13.1,33,5.6,21,13.1,89.755,5.489,22.57,,,,,,,,,,,,,,,,,,,,,,
"1024","SKOONKA","2023081818",0,12.6,33,4.1,13,11.4,89.804,5.125,21.495,,,,,,,,,,,,,,,,,,,,,,
"1024","SKOONKA","2023081819",0,11.4,38,8.5,49,14.9,89.832,6.423,25.204,,,,,,,,,,,,,,,,,,,,,,
"1024","SKOONKA","2023081820",0,9.4,44,6.4,34,8.5,89.747,5.708,23.203,,,,,,,,,,,,,,,,,,,,,,
"1024","SKOONKA","2023081821",0,10.3,42,9.4,40,17.2,89.701,6.596,25.673,,,,,,,,,,,,,,,,,,,,,,
"1024","SKOONKA","2023081822",0,9.6,48,10.5,40,20.6,89.546,6.818,26.269,,,,,,,,,,,,,,,,,,,,,,
"1024","SKOONKA","2023081823",0,9.5,51,9.3,35,18.9,89.356,6.246,24.718,,,,,,,,,,,,,,,,,,,,,,
"1025","TS THEODOSIA","2023081800",0,13.6,75,4.6,163,10.8,86.517,3.284,12.403,,,,,,,,,0,193.3,,0,0,0,0,0,,0,0,,0,
"1025","TS THEODOSIA","2023081801",0,12.9,78,3.3,56,10.2,86.149,2.92,11.285,,,,,,,,,0,193.3,,0,0,0,0,0,,0,0,,0,
"1025","TS THEODOSIA","2023081802",0,13.7,73,3.3,40,14.9,85.95,2.84,11.03,,,,,,,,,0,193.3,,0,0,0,0,0,,0,0,,0,
"1025","TS THEODOSIA","2023081803",0,12.7,75,3.2,143,9.1,85.719,2.736,10.697,,,,,,,,,0,193.3,,0,0,0,0,0,,0,0,,0,
"1025","TS THEODOSIA","2023081804",0,13.6,68,4.5,98,12,85.664,2.898,11.216,,,,,,,,,0,193.3,,0,0,0,0,0,,0,0,,0,
"1025","TS THEODOSIA","2023081805",0,12.9,69,2.7,64,9.7,85.594,2.621,10.326,,,,,,,,,0,193.3,,0,0,0,0,0,,0,0,,0,
"1025","TS THEODOSIA","2023081806",0,12.2,75,2.5,63,10.2,85.403,2.527,10.016,,,,,,,,,0,193.3,,0,0,0,0,0,,0,0,,0,
"1025","TS THEODOSIA","2023081807",0,14.6,64,3.5,1,9.1,85.451,2.675,10.503,,,,,,,,,0,193.3,,0,0,0,0,0,,0,0,,0,
"1025","TS THEODOSIA","2023081808",0,17.1,51,4.5,10,10.8,85.626,2.883,11.168,,,,,,,,,0,193.3,,0,0,0,0,0,,0,0,,0,
"1025","TS THEODOSIA","2023081809",0,19.4,46,5.7,271,17.2,85.951,3.205,12.164,,,,,,,,,0,193.3,,0,0,0,0,0,,0,0,,0,
"1025","TS THEODOSIA","2023081810",0,19.2,49,7.6,148,18.9,86.174,3.64,13.452,,,,,,,,,0,193.3,,0,0,0,0,0,,0,0,,0,
"1025","TS THEODOSIA","2023081811",0,20.7,44,6.5,252,20,86.526,3.618,13.391,,,,,,,,,0,193.3,,0,0,0,0,0,,0,0,,0,
"1025","TS THEODOSIA","2023081812",0,21.5,45,7.6,159,22.9,86.839,3.998,14.471,0,90.097,6.376,20.967,51.515,529.361,82.869,4,0,193.3,,0,0,0,0,0,,0,0,,0,
"1025","TS THEODOSIA","2023081813",0,22.6,38,6.8,197,20,87.336,4.122,15.182,,,,,,,,,0,193.3,,0,0,0,0,0,,0,0,,0,
"1025","TS THEODOSIA","2023081814",0,23.3,39,8.5,149,17.2,87.773,4.78,16.979,,,,,,,,,0,193.3,,0,0,0,0,0,,0,0,,0,
"1025","TS THEODOSIA","2023081815",0,24.2,38,6.2,145,20,88.19,4.519,16.278,,,,,,,,,0,193.3,,0,0,0,0,0,,0,0,,0,
"1025","TS THEODOSIA","2023081816",0,24.3,40,4.1,91,16.6,88.473,4.234,15.496,,,,,,,,,0,193.3,,0,0,0,0,0,,0,0,,0,
"1025","TS THEODOSIA","2023081817",0,22,42,3.7,122,12,88.601,4.227,15.474,,,,,,,,,0,193.3,,0,0,0,0,0,,0,0,,0,
"1025","TS THEODOSIA","2023081818",0,19.2,51,2.7,158,10.2,88.647,4.046,14.966,,,,,,,,,0,193.3,,0,0,0,0,0,,0,0,,0,
"1025","TS THEODOSIA","2023081819",0,17.3,63,2.1,314,6.8,88.436,3.808,14.284,,,,,,,,,0,193.3,,0,0,0,0,0,,0,0,,0,
"1025","TS THEODOSIA","2023081820",0,15.3,72,1.6,341,3.9,88.048,3.512,13.413,,,,,,,,,0,193.3,,0,0,0,0,0,,0,0,,0,
"1025","TS THEODOSIA","2023081821",0,13.3,84,0,7,2.8,87.489,2.991,11.806,,,,,,,,,0,193.3,,0,0,0,0,0,,0,0,,0,
"1025","TS THEODOSIA","2023081822",0,11.8,90,0,346,2.8,86.785,2.705,10.882,,,,,,,,,0,193.3,,0,0,0,0,0,,0,0,,0,
"1025","TS THEODOSIA","2023081823",0,11,92,1.7,3,2.2,85.912,2.606,10.551,,,,,,,,,0,193.3,,0,0,0,0,0,,0,0,,0,
"1029","FIVE MILE","2023081800",0,21.8,35,7.7,308,16.7,93.744,10.731,37.809,,,,,,,,,,,,,,,,,,,,54.8,,
"1029","FIVE MILE","2023081801",0,22,28,12.1,1,26.8,93.74,13.387,43.609,,,,,,,,,,,,,,,,,,,,54.8,,
"1029","FIVE MILE","2023081802",0,20,20,24.7,355,44.2,93.791,25.436,64.97,,,,,,,,,,,,,,,,,,,,54.8,,
"1029","FIVE MILE","2023081803",0,17.9,13,18.2,5,46.2,94.023,18.932,54.229,,,,,,,,,,,,,,,,,,,,54.8,,
"1029","FIVE MILE","2023081804",0,16.5,14,21.4,354,41.5,94.134,22.591,60.452,,,,,,,,,,,,,,,,,,,,54.8,,
"1029","FIVE MILE","2023081805",0,15.6,15,15.2,355,39.1,94.185,16.645,50.05,,,,,,,,,,,,,,,,,,,,54.8,,
"1029","FIVE MILE","2023081806",0,14.9,26,15.4,5,32.8,94.078,16.567,49.904,,,,,,,,,,,,,,,,,,,,54.8,,
"1029","FIVE MILE","2023081807",0,14.5,25,6.4,345,30.3,94.026,10.451,37.161,,,,,,,,,,,,,,,,,,,,54.8,,
"1029","FIVE MILE","2023081808",0,16.1,22,11.9,348,33.7,94.038,13.811,44.485,,,,,,,,,,,,,,,,,,,,54.8,,
"1029","FIVE MILE","2023081809",0,17,20,14.2,342,35.9,94.089,15.618,48.088,,,,,,,,,,,,,,,,,,,,54.8,,
"1029","FIVE MILE","2023081810",0,18.1,24,10.7,304,26.9,94.082,13.08,42.968,,,,,,,,,,,,,,,,,,,,54.8,,
"1029","FIVE MILE","2023081811",0,21.1,21,11.3,193,27.3,94.133,13.577,44.003,,,,,,,,,,,,,,,,,,,,54.8,,
"1029","FIVE MILE","2023081812",0,20.1,21,9.7,177,21.7,94.184,12.614,41.98,0,94.427,13.045,43.277,94.884,781.071,145.561,4,,,,,,,,,,,,54.8,,
"1029","FIVE MILE","2023081813",0,20.7,19,10.3,180,22.4,94.235,13.093,43.38,,,,,,,,,,,,,,,,,,,,54.8,,
"1029","FIVE MILE","2023081814",0,19.7,21,5.8,240,19.2,94.286,10.511,37.642,,,,,,,,,,,,,,,,,,,,54.8,,
"1029","FIVE MILE","2023081815",0,18.1,25,0.5,336,9.4,94.281,8.042,31.532,,,,,,,,,,,,,,,,,,,,54.8,,
"1029","FIVE MILE","2023081816",0,19,25,5.3,214,11.5,94.26,10.213,36.941,,,,,,,,,,,,,,,,,,,,54.8,,
"1029","FIVE MILE","2023081817",0,19,25,6.9,185,11.3,94.236,11.034,38.852,,,,,,,,,,,,,,,,,,,,54.8,,
"1029","FIVE MILE","2023081818",0,18.3,28,3.4,227,10,94.166,9.16,34.389,,,,,,,,,,,,,,,,,,,,54.8,,
"1029","FIVE MILE","2023081819",0,18.3,25,11.7,312,23.8,94.132,13.851,44.965,,,,,,,,,,,,,,,,,,,,54.8,,
"1029","FIVE MILE","2023081820",0,16.7,28,6.3,13,17.2,94.039,10.417,37.422,,,,,,,,,,,,,,,,,,,,54.8,,
"1029","FIVE MILE","2023081821",0,15.5,31,5.7,6,13,93.889,9.898,36.191,,,,,,,,,,,,,,,,,,,,54.8,,
"1029","FIVE MILE","2023081822",0,15.4,33,9.5,2,18.8,93.683,11.65,40.244,,,,,,,,,,,,,,,,,,,,54.8,,
"1029","FIVE MILE","2023081823",0,15.1,35,4.9,111,21.1,93.487,8.992,33.968,,,,,,,,,,,,,,,,,,,,54.8,,
"1040","BIG SILVER 2","2023081800",0,20.2,59,6.6,197,15.4,90.468,6.393,20.106,,,,,,,,,0,0,,0,0,0,0,0,,0,0,,0,
"1040","BIG SILVER 2","2023081801",0,19,63,8.1,205,18.9,89.97,6.42,20.169,,,,,,,,,0,0,,0,0,0,0,0,,0,0,,0,
"1040","BIG SILVER 2","2023081802",0,17.8,55,8.6,204,20.6,89.73,6.362,20.036,,,,,,,,,0,0,,0,0,0,0,0,,0,0,,0,
"1040","BIG SILVER 2","2023081803",0,16.8,49,9.8,224,24.6,89.637,6.668,20.728,,,,,,,,,0,0,,0,0,0,0,0,,0,0,,0,
"1040","BIG SILVER 2","2023081804",0,15.2,53,6.4,195,24.6,89.465,5.482,17.969,,,,,,,,,0,0,,0,0,0,0,0,,0,0,,0,
"1040","BIG SILVER 2","2023081805",0,13.6,61,5.9,193,17.7,89.139,5.101,17.032,,,,,,,,,0,0,,0,0,0,0,0,,0,0,,0,
"1040","BIG SILVER 2","2023081806",0,12.6,65,9.9,194,22.9,88.721,5.876,18.911,,,,,,,,,0,0,,0,0,0,0,0,,0,0,,0,
"1040","BIG SILVER 2","2023081807",0,12.4,62,7.2,176,32.1,88.437,4.924,16.589,,,,,,,,,0,0,,0,0,0,0,0,,0,0,,0,
"1040","BIG SILVER 2","2023081808",0,13.2,59,9.3,172,24.6,88.24,5.322,17.578,,,,,,,,,0,0,,0,0,0,0,0,,0,0,,0,
"1040","BIG SILVER 2","2023081809",0,13.6,58,8.8,172,25.2,88.092,5.08,16.981,,,,,,,,,0,0,,0,0,0,0,0,,0,0,,0,
"1040","BIG SILVER 2","2023081810",0,16.4,50,7.8,201,17.7,88.141,4.864,16.437,,,,,,,,,0,0,,0,0,0,0,0,,0,0,,0,
"1040","BIG SILVER 2","2023081811",0,20.8,37,9.5,219,21.2,88.436,5.529,18.082,,,,,,,,,0,0,,0,0,0,0,0,,0,0,,0,
"1040","BIG SILVER 2","2023081812",0,21.6,36,9.4,190,22.3,88.744,5.75,18.611,0,92.308,9.561,27.4,51.03,470.134,80.277,4,0,0,,0,0,0,0,0,,0,0,,0,
"1040","BIG SILVER 2","2023081813",0,21.4,34,11,202,25.8,89.068,6.529,20.966,,,,,,,,,0,0,,0,0,0,0,0,,0,0,,0,
"1040","BIG SILVER 2","2023081814",0,22.3,32,10.7,213,22.9,89.439,6.782,21.545,,,,,,,,,0,0,,0,0,0,0,0,,0,0,,0,
"1040","BIG SILVER 2","2023081815",0,23.2,29,11.5,220,25.8,89.896,7.54,23.227,,,,,,,,,0,0,,0,0,0,0,0,,0,0,,0,
"1040","BIG SILVER 2","2023081816",0,23,31,8.9,211,28.1,90.185,6.894,21.798,,,,,,,,,0,0,,0,0,0,0,0,,0,0,,0,
"1040","BIG SILVER 2","2023081817",0,21.6,33,10.1,224,24.6,90.322,7.469,23.073,,,,,,,,,0,0,,0,0,0,0,0,,0,0,,0,
"1040","BIG SILVER 2","2023081818",0,18.3,41,3.8,202,22.9,90.357,5.464,18.42,,,,,,,,,0,0,,0,0,0,0,0,,0,0,,0,
"1040","BIG SILVER 2","2023081819",0,16.2,43,6.4,236,14.9,90.317,6.193,20.183,,,,,,,,,0,0,,0,0,0,0,0,,0,0,,0,
"1040","BIG SILVER 2","2023081820",0,13.7,53,3.6,75,10.8,90.087,5.205,17.77,,,,,,,,,0,0,,0,0,0,0,0,,0,0,,0,
"1040","BIG SILVER 2","2023081821",0,12.6,57,3.2,77,7.4,89.804,4.898,16.985,,,,,,,,,0,0,,0,0,0,0,0,,0,0,,0,
"1040","BIG SILVER 2","2023081822",0,12.6,58,3.1,24,5.1,89.531,4.686,16.431,,,,,,,,,0,0,,0,0,0,0,0,,0,0,,0,
"1040","BIG SILVER 2","2023081823",0,11.6,61,3.6,57,5.1,89.217,4.594,16.188,,,,,,,,,0,0,,0,0,0,0,0,,0,0,,0,
"1045","OSBORN","2023081800",0,8.4,75,7.5,4,20.2,87.415,4.319,10.801,,,,,,,,,,,,,,0,,,,,,4290.6,,
"1045","OSBORN","2023081801",0,8.5,77,1.7,47,10.2,87.012,3.044,8.02,,,,,,,,,,,,,,0,,,,,,4290.6,,
"1045","OSBORN","2023081802",0,7.1,83,8.8,346,15.6,86.381,3.981,10.097,,,,,,,,,,,,,,0,,,,,,4290.6,,
"1045","OSBORN","2023081803",0,7.5,84,10,344,16.3,85.769,3.881,9.883,,,,,,,,,,,,,,0,,,,,,4290.6,,
"1045","OSBORN","2023081804",0,6.4,88,13.1,338,18.6,85.044,4.102,10.352,,,,,,,,,,,,,,0,,,,,,4290.6,,
"1045","OSBORN","2023081805",0,6.3,91,13.9,329,19.4,84.249,3.833,9.782,,,,,,,,,,,,,,0,,,,,,4290.6,,
"1045","OSBORN","2023081806",0,7.5,87,17.5,344,26.1,83.706,4.275,10.71,,,,,,,,,,,,,,0,,,,,,4290.6,,
"1045","OSBORN","2023081807",0,8.3,85,15.4,349,27.8,83.324,3.658,9.403,,,,,,,,,,,,,,0,,,,,,4290.6,,
"1045","OSBORN","2023081808",0,8.2,94,15.5,355,26.8,82.515,3.316,8.644,,,,,,,,,,,,,,0,,,,,,4290.6,,
"1045","OSBORN","2023081809",0,9.3,78,23.9,333,32.8,82.507,5.059,12.277,,,,,,,,,,,,,,0,,,,,,4290.6,,
"1045","OSBORN","2023081810",0,10.4,69,15.7,1,29.2,82.558,3.368,8.761,,,,,,,,,,,,,,0,,,,,,4290.6,,
"1045","OSBORN","2023081811",0.4,10.4,81,19.7,328,36.1,74.182,1.981,5.368,,,,,,,,,,,,,,0,,,,,,4291,,
"1045","OSBORN","2023081812",0.2,11.1,74,23.5,331,36,71.218,2.128,5.76,0.6,84.248,6.217,14.62,25.84,363.265,43.877,3,,,,,,0,,,,,,4291.2,,
"1045","OSBORN","2023081813",0,11.7,72,26.9,343,44.1,72.281,2.624,7.126,,,,,,,,,,,,,,0,,,,,,4291.2,,
"1045","OSBORN","2023081814",0,11.6,67,16.3,300,30.8,73.259,1.6,4.386,,,,,,,,,,,,,,0,,,,,,4291.2,,
"1045","OSBORN","2023081815",0,13.6,54,18.9,309,36.5,74.655,1.949,5.371,,,,,,,,,,,,,,0,,,,,,4291.2,,
"1045","OSBORN","2023081816",0,13.2,58,17.9,277,32,75.765,1.974,5.439,,,,,,,,,,,,,,0,,,,,,4291.2,,
"1045","OSBORN","2023081817",0,13.9,56,13.6,284,27.4,76.788,1.701,4.679,,,,,,,,,,,,,,0,,,,,,4291.2,,
"1045","OSBORN","2023081818",0,12.6,62,7.5,305,22.4,77.429,1.313,3.519,,,,,,,,,,,,,,0,,,,,,4291.2,,
"1045","OSBORN","2023081819",0,11.2,81,4.9,242,9.8,77.604,1.167,3.057,,,,,,,,,,,,,,0,,,,,,4291.2,,
"1045","OSBORN","2023081820",0,9.7,88,1,173,4.8,77.65,0.963,2.367,,,,,,,,,,,,,,0,,,,,,4291.2,,
"1045","OSBORN","2023081821",0,9,89,3.3,176,6.2,77.695,1.085,2.786,,,,,,,,,,,,,,0,,,,,,4291.2,,
"1045","OSBORN","2023081822",0,7.4,96,0,157,7.1,77.549,0.908,2.172,,,,,,,,,,,,,,0,,,,,,4291.2,,
"1045","OSBORN","2023081823",0,6.5,99,3.8,114,4.6,77.154,1.067,2.724,,,,,,,,,,,,,,0,,,,,,4291.2,,
"1055","SPLINTLUM","2023081800",0,26.8,36,16.5,148,31.1,94.542,18.669,56.219,,,,,,,,,,,,,,,,,,,,48.8,,
"1055","SPLINTLUM","2023081801",0,25.8,39,16.7,146,37.4,94.142,17.846,54.676,,,,,,,,,,,,,,,,,,,,48.8,,
"1055","SPLINTLUM","2023081802",0,25.5,39,19.3,145,33.6,93.79,19.375,57.519,,,,,,,,,,,,,,,,,,,,48.8,,
"1055","SPLINTLUM","2023081803",0,24.6,40,10.6,147,38.6,93.5,12.004,42.596,,,,,,,,,,,,,,,,,,,,48.8,,
"1055","SPLINTLUM","2023081804",0,23.7,43,7.4,143,30.3,93.178,9.768,37.277,,,,,,,,,,,,,,,,,,,,48.8,,
"1055","SPLINTLUM","2023081805",0,22.7,28,4,177,19.9,93.228,8.288,33.451,,,,,,,,,,,,,,,,,,,,48.8,,
"1055","SPLINTLUM","2023081806",0,21.7,39,4.7,152,26.5,93.046,8.37,33.67,,,,,,,,,,,,,,,,,,,,48.8,,
"1055","SPLINTLUM","2023081807",0,20.7,20,8.3,315,23.5,93.159,10.193,38.327,,,,,,,,,,,,,,,,,,,,48.8,,
"1055","SPLINTLUM","2023081808",0,21.6,19,11,330,30.2,93.323,11.95,42.473,,,,,,,,,,,,,,,,,,,,48.8,,
"1055","SPLINTLUM","2023081809",0,22.8,22,14.2,313,29,93.373,14.14,47.273,,,,,,,,,,,,,,,,,,,,48.8,,
"1055","SPLINTLUM","2023081810",0,22.8,20,17.7,313,32.4,93.501,17.171,53.384,,,,,,,,,,,,,,,,,,,,48.8,,
"1055","SPLINTLUM","2023081811",0,23.3,18,13.1,319,38.1,93.707,14.015,47.008,,,,,,,,,,,,,,,,,,,,48.8,,
"1055","SPLINTLUM","2023081812",0,23.2,18,11.6,320,35.4,93.87,13.291,45.457,0,95.948,17.673,54.647,115.449,902.142,174.932,5,,,,,,,,,,,,48.8,,
"1055","SPLINTLUM","2023081813",0,24.4,18,11.2,317,24.1,94.042,13.34,45.821,,,,,,,,,,,,,,,,,,,,48.8,,
"1055","SPLINTLUM","2023081814",0,25,18,6.6,296,22,94.193,10.804,40.034,,,,,,,,,,,,,,,,,,,,48.8,,
"1055","SPLINTLUM","2023081815",0,24.2,25,11.3,163,20.3,94.244,13.787,46.787,,,,,,,,,,,,,,,,,,,,48.8,,
"1055","SPLINTLUM","2023081816",0,23.4,28,5.1,226,17.8,94.223,10.059,38.218,,,,,,,,,,,,,,,,,,,,48.8,,
"1055","SPLINTLUM","2023081817",0,23.6,28,3.7,267,10.2,94.211,9.358,36.457,,,,,,,,,,,,,,,,,,,,48.8,,
"1055","SPLINTLUM","2023081818",0,22.9,20,9.8,327,30.5,94.262,12.815,44.667,,,,,,,,,,,,,,,,,,,,48.8,,
"1055","SPLINTLUM","2023081819",0,22.2,21,9.8,334,19.7,94.313,12.906,44.868,,,,,,,,,,,,,,,,,,,,48.8,,
"1055","SPLINTLUM","2023081820",0,21.5,22,5.1,345,17,94.364,10.256,38.706,,,,,,,,,,,,,,,,,,,,48.8,,
"1055","SPLINTLUM","2023081821",0,20.7,24,6,327,14.7,94.374,10.747,39.896,,,,,,,,,,,,,,,,,,,,48.8,,
"1055","SPLINTLUM","2023081822",0,19.2,28,1.6,294,8,94.316,8.541,34.328,,,,,,,,,,,,,,,,,,,,48.8,,
"1055","SPLINTLUM","2023081823",0,18.5,29,0,335,5,94.277,7.838,32.422,,,,,,,,,,,,,,,,,,,,48.8,,
"1056","TS MAURELLE","2023081800",0,13.2,74,15.2,305,37.9,85.495,4.854,13.135,,,,,,,,,0,0,,0,0,0,0,0,,0,0,,0,
"1056","TS MAURELLE","2023081801",0,12.8,72,13.4,301,35,85.339,4.338,12.014,,,,,,,,,0,0,,0,0,0,0,0,,0,0,,0,
"1056","TS MAURELLE","2023081802",0,12.7,70,12.1,300,34.4,85.253,4.015,11.286,,,,,,,,,0,0,,0,0,0,0,0,,0,0,,0,
"1056","TS MAURELLE","2023081803",0,12.4,71,8.5,253,27.5,85.159,3.305,9.607,,,,,,,,,0,0,,0,0,0,0,0,,0,0,,0,
"1056","TS MAURELLE","2023081804",0,12,73,5.9,169,23.5,85.034,2.85,8.46,,,,,,,,,0,0,,0,0,0,0,0,,0,0,,0,
"1056","TS MAURELLE","2023081805",0,12.1,71,9.7,5,29.2,84.958,3.416,9.876,,,,,,,,,0,0,,0,0,0,0,0,,0,0,,0,
"1056","TS MAURELLE","2023081806",0,12.4,66,11.5,4,25.8,85.001,3.762,10.702,,,,,,,,,0,0,,0,0,0,0,0,,0,0,,0,
"1056","TS MAURELLE","2023081807",0,13.2,63,14,298,33.3,85.049,4.295,11.92,,,,,,,,,0,0,,0,0,0,0,0,,0,0,,0,
"1056","TS MAURELLE","2023081808",0,15.2,60,9.7,121,26.4,85.097,3.482,10.035,,,,,,,,,0,0,,0,0,0,0,0,,0,0,,0,
"1056","TS MAURELLE","2023081809",0,16.8,55,9.6,276,24.1,85.242,3.534,10.162,,,,,,,,,0,0,,0,0,0,0,0,,0,0,,0,
"1056","TS MAURELLE","2023081810",0,18.4,48,6.3,4,22.3,85.542,3.12,9.147,,,,,,,,,0,0,,0,0,0,0,0,,0,0,,0,
"1056","TS MAURELLE","2023081811",0,18.8,50,7.9,291,37.3,85.783,3.498,10.073,,,,,,,,,0,0,,0,0,0,0,0,,0,0,,0,
"1056","TS MAURELLE","2023081812",0,19.3,49,9.1,325,25.8,86.036,3.85,10.906,0,88.863,5.761,15.476,33.753,344.517,54.225,3,0,0,,0,0,0,0,0,,0,0,,0,
"1056","TS MAURELLE","2023081813",0,20.4,44,7.8,271,29.8,86.405,3.798,11.151,,,,,,,,,0,0,,0,0,0,0,0,,0,0,,0,
"1056","TS MAURELLE","2023081814",0,21.3,44,9,308,28.1,86.763,4.245,12.197,,,,,,,,,0,0,,0,0,0,0,0,,0,0,,0,
"1056","TS MAURELLE","2023081815",0,22.3,43,9.7,331,29.8,87.137,4.637,13.084,,,,,,,,,0,0,,0,0,0,0,0,,0,0,,0,
"1056","TS MAURELLE","2023081816",0,20.9,46,10,268,25.8,87.333,4.841,13.535,,,,,,,,,0,0,,0,0,0,0,0,,0,0,,0,
"1056","TS MAURELLE","2023081817",0,20.9,46,8.1,305,24.6,87.497,4.504,12.786,,,,,,,,,0,0,,0,0,0,0,0,,0,0,,0,
"1056","TS MAURELLE","2023081818",0,18.5,52,10.7,295,24.6,87.546,5.17,14.243,,,,,,,,,0,0,,0,0,0,0,0,,0,0,,0,
"1056","TS MAURELLE","2023081819",0,16.2,58,8.4,316,24.6,87.517,4.585,12.969,,,,,,,,,0,0,,0,0,0,0,0,,0,0,,0,
"1056","TS MAURELLE","2023081820",0,14.8,65,8.8,312,21.2,87.318,4.547,12.884,,,,,,,,,0,0,,0,0,0,0,0,,0,0,,0,
"1056","TS MAURELLE","2023081821",0,14.2,66,6.8,316,16,87.124,3.999,11.628,,,,,,,,,0,0,,0,0,0,0,0,,0,0,,0,
"1056","TS MAURELLE","2023081822",0,12.1,80,3.6,143,16,86.627,3.172,9.602,,,,,,,,,0,0,,0,0,0,0,0,,0,0,,0,
"1056","TS MAURELLE","2023081823",0,12,80,4.3,112,16.6,86.174,3.082,9.371,,,,,,,,,0,0,,0,0,0,0,0,,0,0,,0,
"1066","TS MCNABB","2023081800",0,15.8,84,0,52,0,85.062,2.125,7.244,,,,,,,,,0,0,,0,0,0,0,0,,0,0,,0,
"1066","TS MCNABB","2023081801",0,14.8,83,0,67,0,84.802,2.051,7.013,,,,,,,,,0,0,,0,0,0,0,0,,0,0,,0,
"1066","TS MCNABB","2023081802",0,14,82,0,71,0,84.589,1.992,6.828,,,,,,,,,0,0,,0,0,0,0,0,,0,0,,0,
"1066","TS MCNABB","2023081803",0,12.9,86,0,60,0,84.28,1.911,6.568,,,,,,,,,0,0,,0,0,0,0,0,,0,0,,0,
"1066","TS MCNABB","2023081804",0,12.3,87,0,12,5.6,83.966,1.832,6.314,,,,,,,,,0,0,,0,0,0,0,0,,0,0,,0,
"1066","TS MCNABB","2023081805",0,12.3,84,1.7,72,5.1,83.714,1.93,6.63,,,,,,,,,0,0,,0,0,0,0,0,,0,0,,0,
"1066","TS MCNABB","2023081806",0,11.9,88,0,76,0,83.416,1.704,5.891,,,,,,,,,0,0,,0,0,0,0,0,,0,0,,0,
"1066","TS MCNABB","2023081807",0,11.9,89,0,49,0,83.109,1.637,5.669,,,,,,,,,0,0,,0,0,0,0,0,,0,0,,0,
"1066","TS MCNABB","2023081808",0,12.3,86,0,61,0,82.926,1.599,5.54,,,,,,,,,0,0,,0,0,0,0,0,,0,0,,0,
"1066","TS MCNABB","2023081809",0,16.2,57,1.6,97,7.4,83.179,1.791,6.18,,,,,,,,,0,0,,0,0,0,0,0,,0,0,,0,
"1066","TS MCNABB","2023081810",0,21.6,38,4,239,9.7,84.061,2.269,7.686,,,,,,,,,0,0,,0,0,0,0,0,,0,0,,0,
"1066","TS MCNABB","2023081811",0,22.6,35,3.5,260,14.9,84.958,2.499,8.369,,,,,,,,,0,0,,0,0,0,0,0,,0,0,,0,
"1066","TS MCNABB","2023081812",0,22.7,40,4.1,278,13.7,85.614,2.821,9.29,0,89.791,5.649,16.76,40.439,396.898,64.459,3,0,0,,0,0,0,0,0,,0,0,,0,
"1066","TS MCNABB","2023081813",0,22.9,40,5.9,276,14.3,86.223,3.364,11.184,,,,,,,,,0,0,,0,0,0,0,0,,0,0,,0,
"1066","TS MCNABB","2023081814",0,23.4,39,5,274,16.6,86.785,3.481,11.499,,,,,,,,,0,0,,0,0,0,0,0,,0,0,,0,
"1066","TS MCNABB","2023081815",0,23.4,34,4.2,286,17.2,87.408,3.653,11.956,,,,,,,,,0,0,,0,0,0,0,0,,0,0,,0,
"1066","TS MCNABB","2023081816",0,23.1,36,4.8,288,14.9,87.881,4.029,12.926,,,,,,,,,0,0,,0,0,0,0,0,,0,0,,0,
"1066","TS MCNABB","2023081817",0,22.5,37,2.7,265,14.9,88.217,3.803,12.347,,,,,,,,,0,0,,0,0,0,0,0,,0,0,,0,
"1066","TS MCNABB","2023081818",0,19.5,50,0,301,9.7,88.266,3.343,11.127,,,,,,,,,0,0,,0,0,0,0,0,,0,0,,0,
"1066","TS MCNABB","2023081819",0,14.6,71,0,6,0,87.99,3.213,10.772,,,,,,,,,0,0,,0,0,0,0,0,,0,0,,0,
"1066","TS MCNABB","2023081820",0,13.1,76,0,324,0,87.637,3.055,10.332,,,,,,,,,0,0,,0,0,0,0,0,,0,0,,0,
"1066","TS MCNABB","2023081821",0,12.5,77,0,7,0,87.293,2.909,9.918,,,,,,,,,0,0,,0,0,0,0,0,,0,0,,0,
"1066","TS MCNABB","2023081822",0,11.7,80,0,357,0,86.913,2.755,9.475,,,,,,,,,0,0,,0,0,0,0,0,,0,0,,0,
"1066","TS MCNABB","2023081823",0,11.4,81,0,7,0,86.542,2.614,9.059,,,,,,,,,0,0,,0,0,0,0,0,,0,0,,0,
"1075","KOOCANUSA","2023081800",0,25.8,28,6.1,177,10.8,96.347,14.137,44.105,,,,,,,,,,,,,,,,,,,,,,
"1075","KOOCANUSA","2023081801",0,24.6,32,3.2,134,10.2,96.049,11.733,39.122,,,,,,,,,,,,,,,,,,,,,,
"1075","KOOCANUSA","2023081802",0,25.9,30,8.4,160,16.6,95.787,14.717,45.249,,,,,,,,,,,,,,,,,,,,,,
"1075","KOOCANUSA","2023081803",0,24.8,32,5.1,135,13.7,95.522,12.021,39.742,,,,,,,,,,,,,,,,,,,,,,
"1075","KOOCANUSA","2023081804",0,22.4,39,2.9,225,9.1,95.123,10.19,35.678,,,,,,,,,,,,,,,,,,,,,,
"1075","KOOCANUSA","2023081805",0,21.6,39,3.4,358,6.8,94.753,9.933,35.083,,,,,,,,,,,,,,,,,,,,,,
"1075","KOOCANUSA","2023081806",0,26.3,29,10.1,179,21.2,94.682,13.787,43.404,,,,,,,,,,,,,,,,,,,,,,
"1075","KOOCANUSA","2023081807",0,28.6,27,9.4,175,18.3,94.723,13.383,42.587,,,,,,,,,,,,,,,,,,,,,,
"1075","KOOCANUSA","2023081808",0,30.1,25,14.9,166,27.5,94.774,17.782,50.976,,,,,,,,,,,,,,,,,,,,,,
"1075","KOOCANUSA","2023081809",0,29.9,24,11.6,186,33.9,94.825,15.164,46.115,,,,,,,,,,,,,,,,,,,,,,
"1075","KOOCANUSA","2023081810",0,31.4,22,14.2,191,35.6,94.876,17.408,50.302,,,,,,,,,,,,,,,,,,,,,,
"1075","KOOCANUSA","2023081811",0,32.2,21,13.7,192,43.1,94.979,17.216,49.955,,,,,,,,,,,,,,,,,,,,,,
"1075","KOOCANUSA","2023081812",0,31.9,21,17.5,190,51.1,95.045,21.039,56.581,0,95.954,23.812,62.025,88.453,787.529,138.122,5,,,,,,,,,,,,,,
"1075","KOOCANUSA","2023081813",0,31.2,21,27.3,170,48.8,95.096,34.715,77.752,,,,,,,,,,,,,,,,,,,,,,
"1075","KOOCANUSA","2023081814",0,23.8,39,16.2,319,45.4,94.588,18.507,53.123,,,,,,,,,,,,,,,,,,,,,,
"1075","KOOCANUSA","2023081815",0.6,18.3,61,7.6,292,31,79.899,1.65,9.505,,,,,,,,,,,,,,,,,,,,,,
"1075","KOOCANUSA","2023081816",0.2,21.9,48,4.7,219,19.5,77.02,1.105,6.662,,,,,,,,,,,,,,,,,,,,,,
"1075","KOOCANUSA","2023081817",0,24.1,53,4.4,340,13.1,78.318,1.208,7.233,,,,,,,,,,,,,,,,,,,,,,
"1075","KOOCANUSA","2023081818",0,22,33,3.2,212,17.7,79.918,1.325,7.856,,,,,,,,,,,,,,,,,,,,,,
"1075","KOOCANUSA","2023081819",0,19,31,3.7,232,14.9,81.226,1.568,9.097,,,,,,,,,,,,,,,,,,,,,,
"1075","KOOCANUSA","2023081820",0,17.8,26,7.4,346,14.9,82.591,2.226,12.157,,,,,,,,,,,,,,,,,,,,,,
"1075","KOOCANUSA","2023081821",0,15.6,37,3.9,278,14.9,83.297,2.042,11.34,,,,,,,,,,,,,,,,,,,,,,
"1075","KOOCANUSA","2023081822",0,14.2,42,5,312,14.3,83.793,2.303,12.492,,,,,,,,,,,,,,,,,,,,,,
"1075","KOOCANUSA","2023081823",0,13.9,44,7.3,342,15.4,84.214,2.736,14.297,,,,,,,,,,,,,,,,,,,,,,
"1082","MAYSON","2023081800",0,12.5,50,8.2,280,14.3,91.456,7.978,28.314,,,,,,,,,,,,,,,,,,,,,,
"1082","MAYSON","2023081801",0,14.9,45,8.4,274,15.4,91.239,7.814,27.915,,,,,,,,,,,,,,,,,,,,,,
"1082","MAYSON","2023081802",0,14.5,43,10.9,287,21.8,91.07,8.652,29.919,,,,,,,,,,,,,,,,,,,,,,
"1082","MAYSON","2023081803",0,13.9,43,12.1,293,22.9,90.908,8.981,30.683,,,,,,,,,,,,,,,,,,,,,,
"1082","MAYSON","2023081804",0,12.9,41,12.1,292,26.4,90.793,8.835,30.344,,,,,,,,,,,,,,,,,,,,,,
"1082","MAYSON","2023081805",0,12.2,43,13.7,300,31.6,90.637,9.366,31.559,,,,,,,,,,,,,,,,,,,,,,
"1082","MAYSON","2023081806",0,11.3,45,11.2,293,27.5,90.458,8.05,28.487,,,,,,,,,,,,,,,,,,,,,,
"1082","MAYSON","2023081807",0,12.2,45,14.3,295,31.6,90.294,9.192,31.164,,,,,,,,,,,,,,,,,,,,,,
"1082","MAYSON","2023081808",0,11.6,51,15.6,299,35,90.011,9.425,31.692,,,,,,,,,,,,,,,,,,,,,,
"1082","MAYSON","2023081809",0,10,55,12.1,299,32.7,89.686,7.541,27.242,,,,,,,,,,,,,,,,,,,,,,
"1082","MAYSON","2023081810",0,13.8,45,17.4,315,37.3,89.621,9.759,32.439,,,,,,,,,,,,,,,,,,,,,,
"1082","MAYSON","2023081811",0,14.1,43,19.9,311,45.9,89.609,11.049,35.225,,,,,,,,,,,,,,,,,,,,,,
"1082","MAYSON","2023081812",0,14.5,43,14.3,331,38.5,89.61,8.334,29.167,0,90.494,9.458,32.037,80.667,469.868,112.884,4,,,,,,,,,,,,,,
"1082","MAYSON","2023081813",0,13.5,44,16.7,307,32.1,89.571,9.353,31.799,,,,,,,,,,,,,,,,,,,,,,
"1082","MAYSON","2023081814",0,15.2,37,13.1,301,35.6,89.62,7.856,28.262,,,,,,,,,,,,,,,,,,,,,,
"1082","MAYSON","2023081815",0,15.5,36,16.8,301,35.6,89.669,9.533,32.208,,,,,,,,,,,,,,,,,,,,,,
"1082","MAYSON","2023081816",0,15.5,34,14.3,300,31,89.718,8.464,29.731,,,,,,,,,,,,,,,,,,,,,,
"1082","MAYSON","2023081817",0,14,42,13,334,29.8,89.719,7.929,28.44,,,,,,,,,,,,,,,,,,,,,,
"1082","MAYSON","2023081818",0,12.8,43,13.1,319,28.1,89.683,7.927,28.435,,,,,,,,,,,,,,,,,,,,,,
"1082","MAYSON","2023081819",0,10.6,50,9.9,308,24.1,89.504,6.576,24.998,,,,,,,,,,,,,,,,,,,,,,
"1082","MAYSON","2023081820",0,8.6,61,7.5,288,17.7,89.144,5.533,22.138,,,,,,,,,,,,,,,,,,,,,,
"1082","MAYSON","2023081821",0,4.4,79,6.3,262,10.8,88.473,4.731,19.779,,,,,,,,,,,,,,,,,,,,,,
"1082","MAYSON","2023081822",0,5.1,73,9.2,285,15.4,87.962,5.088,20.847,,,,,,,,,,,,,,,,,,,,,,
"1082","MAYSON","2023081823",0,2.3,86,5.6,252,13.1,87.242,3.829,16.925,,,,,,,,,,,,,,,,,,,,,,
"1083","MEAGER CREEK","2023081800",0,21.7,39,5.6,327,12.7,93.264,9.028,32.057,,,,,,,,,,,,,,,,,,,,9799.4,,
"1083","MEAGER CREEK","2023081801",0,19.9,39,6.1,320,10.5,93.048,8.983,31.95,,,,,,,,,,,,,,,,,,,,9799.4,,
"1083","MEAGER CREEK","2023081802",0,18.9,40,5.1,334,13.4,92.832,8.287,30.264,,,,,,,,,,,,,,,,,,,,9799.4,,
"1083","MEAGER CREEK","2023081803",0,17.5,39,5.1,333,11.6,92.648,8.075,29.738,,,,,,,,,,,,,,,,,,,,9799.4,,
"1083","MEAGER CREEK","2023081804",0,16.7,29,5.5,326,13.4,92.66,8.254,30.181,,,,,,,,,,,,,,,,,,,,9799.4,,
"1083","MEAGER CREEK","2023081805",0,16.7,32,6.1,319,15,92.616,8.455,30.676,,,,,,,,,,,,,,,,,,,,9799.4,,
"1083","MEAGER CREEK","2023081806",0,17.2,30,5.9,330,19.8,92.619,8.373,30.475,,,,,,,,,,,,,,,,,,,,9799.4,,
"1083","MEAGER CREEK","2023081807",0,16.1,35,6.2,327,18.2,92.515,8.378,30.486,,,,,,,,,,,,,,,,,,,,9799.4,,
"1083","MEAGER CREEK","2023081808",0,21.2,29,4.8,333,14.2,92.565,7.862,29.205,,,,,,,,,,,,,,,,,,,,9799.4,,
"1083","MEAGER CREEK","2023081809",0,23.6,17,6.3,40,23.8,92.958,8.961,31.897,,,,,,,,,,,,,,,,,,,,9799.4,,
"1083","MEAGER CREEK","2023081810",0,23.9,18,7.6,354,22.8,93.262,9.984,34.276,,,,,,,,,,,,,,,,,,,,9799.4,,
"1083","MEAGER CREEK","2023081811",0,22.6,19,5,85,16.5,93.425,8.959,31.893,,,,,,,,,,,,,,,,,,,,9799.4,,
"1083","MEAGER CREEK","2023081812",0,24.1,18,4,91,12.3,93.642,8.78,31.463,0,94.45,9.82,34.433,85.649,616.354,127.132,4,,,,,,,,,,,,9799.4,,
"1083","MEAGER CREEK","2023081813",0,26.1,14,5.5,85,14.6,94.074,10.055,34.974,,,,,,,,,,,,,,,,,,,,9799.4,,
"1083","MEAGER CREEK","2023081814",0,26.7,12,4.5,152,16.1,94.538,10.193,35.29,,,,,,,,,,,,,,,,,,,,9799.4,,
"1083","MEAGER CREEK","2023081815",0,27.7,14,4,97,12.7,94.858,10.386,35.73,,,,,,,,,,,,,,,,,,,,9799.4,,
"1083","MEAGER CREEK","2023081816",0,26.9,15,4,351,13.1,95.05,10.663,36.352,,,,,,,,,,,,,,,,,,,,9799.4,,
"1083","MEAGER CREEK","2023081817",0,25.6,19,4.9,296,13.2,95.101,11.236,37.62,,,,,,,,,,,,,,,,,,,,9799.4,,
"1083","MEAGER CREEK","2023081818",0,22.2,26,5,304,11.2,95.027,11.179,37.495,,,,,,,,,,,,,,,,,,,,9799.4,,
"1083","MEAGER CREEK","2023081819",0,21.1,27,6.3,307,16.2,94.919,11.76,38.753,,,,,,,,,,,,,,,,,,,,9799.4,,
"1083","MEAGER CREEK","2023081820",0,18.5,30,6.6,324,12.1,94.727,11.63,38.473,,,,,,,,,,,,,,,,,,,,9799.4,,
"1083","MEAGER CREEK","2023081821",0,17.6,43,2.9,337,11.3,94.304,9.105,32.746,,,,,,,,,,,,,,,,,,,,9799.4,,
"1083","MEAGER CREEK","2023081822",0,17.3,40,5,323,10.4,93.953,9.641,34.015,,,,,,,,,,,,,,,,,,,,9799.4,,
"1083","MEAGER CREEK","2023081823",0,16.4,40,4.2,306,7.6,93.644,8.872,32.184,,,,,,,,,,,,,,,,,,,,9799.4,,
"1092","RORY CREEK","2023081800",0,19.9,38,6.1,187,17.2,,,,,,,,,,,,0,193.3,,0,0,0,0,0,,0,0,,0,
"1092","RORY CREEK","2023081801",0,18.9,44,5.3,140,16,,,,,,,,,,,,0,193.3,,0,0,0,0,0,,0,0,,0,
"1092","RORY CREEK","2023081802",0,17.1,51,4.1,142,11.4,,,,,,,,,,,,0,193.3,,0,0,0,0,0,,0,0,,0,
"1092","RORY CREEK","2023081803",0,16.7,49,6.9,124,16.6,,,,,,,,,,,,0,193.3,,0,0,0,0,0,,0,0,,0,
"1092","RORY CREEK","2023081804",0,17.9,41,9.5,192,36.2,,,,,,,,,,,,0,193.3,,0,0,0,0,0,,0,0,,0,
"1092","RORY CREEK","2023081805",0,17.8,45,7.4,132,24.1,,,,,,,,,,,,0,193.3,,0,0,0,0,0,,0,0,,0,
"1092","RORY CREEK","2023081806",0,17.8,42,8.7,198,25.8,,,,,,,,,,,,0,193.3,,0,0,0,0,0,,0,0,,0,
"1092","RORY CREEK","2023081807",0,16.9,49,6.5,142,14.3,,,,,,,,,,,,0,193.3,,0,0,0,0,0,,0,0,,0,
"1092","RORY CREEK","2023081808",0,16.6,52,4,140,21.8,,,,,,,,,,,,0,193.3,,0,0,0,0,0,,0,0,,0,
"1092","RORY CREEK","2023081809",0,18.1,34,8.7,230,21.8,,,,,,,,,,,,0,193.3,,0,0,0,0,0,,0,0,,0,
"1092","RORY CREEK","2023081810",0,17,38,8.3,172,33.3,,,,,,,,,,,,0,193.3,,0,0,0,0,0,,0,0,,0,
"1092","RORY CREEK","2023081811",0,20.4,23,13.8,170,33.9,,,,,,,,,,,,0,193.3,,0,0,0,0,0,,0,0,,0,
"1092","RORY CREEK","2023081812",0,21,32,10.5,202,28.7,,,,0,,,,,,,,0,193.3,,0,0,0,0,0,,0,0,,0,
"1092","RORY CREEK","2023081813",0,19.6,22,13.7,190,35.6,,,,,,,,,,,,0,193.3,,0,0,0,0,0,,0,0,,0,
"1092","RORY CREEK","2023081814",0,17.1,24,14.1,165,35.6,,,,,,,,,,,,0,193.3,,0,0,0,0,0,,0,0,,0,
"1092","RORY CREEK","2023081815",0,12.3,42,10.2,157,40.8,,,,,,,,,,,,0,193.3,,0,0,0,0,0,,0,0,,0,
"1092","RORY CREEK","2023081816",0,13,35,11.8,311,43.1,,,,,,,,,,,,0,193.3,,0,0,0,0,0,,0,0,,0,
"1092","RORY CREEK","2023081817",0,12.3,34,13,332,27.5,,,,,,,,,,,,0,193.3,,0,0,0,0,0,,0,0,,0,
"1092","RORY CREEK","2023081818",0,10.8,42,3.8,101,24.1,,,,,,,,,,,,0,193.3,,0,0,0,0,0,,0,0,,0,
"1092","RORY CREEK","2023081819",0,10.5,33,9.1,71,16,,,,,,,,,,,,0,193.3,,0,0,0,0,0,,0,0,,0,
"1092","RORY CREEK","2023081820",0,8.9,44,5.7,23,14.3,,,,,,,,,,,,0,193.3,,0,0,0,0,0,,0,0,,0,
"1092","RORY CREEK","2023081821",0,6.9,50,6.6,59,9.7,,,,,,,,,,,,0,193.3,,0,0,0,0,0,,0,0,,0,
"1092","RORY CREEK","2023081822",0,6.4,52,4.8,59,9.1,,,,,,,,,,,,0,193.3,,0,0,0,0,0,,0,0,,0,
"1092","RORY CREEK","2023081823",0,5.5,54,5.7,85,9.1,,,,,,,,,,,,0,193.3,,0,0,0,0,0,,0,0,,0,
"1093","QUINSAM BASE FWX","2023081800",0,14.1,50,7.7,331,31,88.763,5.292,16.248,,,,,,,,,,,,,,,,,,,,,,
"1093","QUINSAM BASE FWX","2023081801",0,13.3,55,5.3,6,22.9,88.631,4.601,14.605,,,,,,,,,,,,,,,,,,,,,,
"1093","QUINSAM BASE FWX","2023081802",0,14.1,49,7.6,315,26.4,88.623,5.16,15.942,,,,,,,,,,,,,,,,,,,,,,
"1093","QUINSAM BASE FWX","2023081803",0,14,48,11.9,303,27.5,88.628,6.414,18.744,,,,,,,,,,,,,,,,,,,,,,
"1093","QUINSAM BASE FWX","2023081804",0,13.4,51,6.9,322,28.1,88.576,4.948,15.442,,,,,,,,,,,,,,,,,,,,,,
"1093","QUINSAM BASE FWX","2023081805",0,13.9,53,7.5,353,26.9,88.498,5.043,15.666,,,,,,,,,,,,,,,,,,,,,,
"1093","QUINSAM BASE FWX","2023081806",0,12.5,61,4.1,37,13.7,88.283,4.12,13.406,,,,,,,,,,,,,,,,,,,,,,
"1093","QUINSAM BASE FWX","2023081807",0,14.6,48,7.9,324,27.5,88.332,5.025,15.623,,,,,,,,,,,,,,,,,,,,,,
"1093","QUINSAM BASE FWX","2023081808",0,17.5,45,8.7,312,22.3,88.381,5.268,16.193,,,,,,,,,,,,,,,,,,,,,,
"1093","QUINSAM BASE FWX","2023081809",0,19.3,42,6.8,326,32.1,88.464,4.845,15.195,,,,,,,,,,,,,,,,,,,,,,
"1093","QUINSAM BASE FWX","2023081810",0,20.7,39,9.7,304,29.8,88.654,5.762,17.317,,,,,,,,,,,,,,,,,,,,,,
"1093","QUINSAM BASE FWX","2023081811",0,21.8,34,10.2,285,27.5,89.002,6.212,18.309,,,,,,,,,,,,,,,,,,,,,,
"1093","QUINSAM BASE FWX","2023081812",0,23.1,31,9.3,338,24.1,89.44,6.321,18.545,0,91.339,8.293,23.407,43.322,512.664,71.532,4,,,,,,,,,,,,,,
"1093","QUINSAM BASE FWX","2023081813",0,23.9,34,8.3,323,29.8,89.731,6.267,19.146,,,,,,,,,,,,,,,,,,,,,,
"1093","QUINSAM BASE FWX","2023081814",0,23.8,32,7.9,309,20,90.036,6.417,19.479,,,,,,,,,,,,,,,,,,,,,,
"1093","QUINSAM BASE FWX","2023081815",0,23.3,36,8.3,306,20,90.149,6.654,20.001,,,,,,,,,,,,,,,,,,,,,,
"1093","QUINSAM BASE FWX","2023081816",0,24.1,31,8.1,314,19.5,90.433,6.86,20.446,,,,,,,,,,,,,,,,,,,,,,
"1093","QUINSAM BASE FWX","2023081817",0,22.5,34,7.3,306,17.7,90.523,6.675,20.045,,,,,,,,,,,,,,,,,,,,,,
"1093","QUINSAM BASE FWX","2023081818",0,19.7,42,6.8,312,21.8,90.539,6.524,19.715,,,,,,,,,,,,,,,,,,,,,,
"1093","QUINSAM BASE FWX","2023081819",0,17.5,47,2.2,48,17.2,90.444,5.104,16.445,,,,,,,,,,,,,,,,,,,,,,
"1093","QUINSAM BASE FWX","2023081820",0,15.7,56,3.3,313,8.5,90.158,5.179,16.626,,,,,,,,,,,,,,,,,,,,,,
"1093","QUINSAM BASE FWX","2023081821",0,13.7,65,1.9,259,8.5,89.737,4.544,15.057,,,,,,,,,,,,,,,,,,,,,,
"1093","QUINSAM BASE FWX","2023081822",0,13.6,64,2.7,15,11.4,89.362,4.483,14.902,,,,,,,,,,,,,,,,,,,,,,
"1093","QUINSAM BASE FWX","2023081823",0,12.8,69,3.5,23,11.4,88.904,4.37,14.613,,,,,,,,,,,,,,,,,,,,,,
"1108","BLUE RIVER 2","2023081800",0,16.6,100,6.1,231,9.7,18.35,0,0,,,,,,,,,,,,,,,,,,,,,,
"1108","BLUE RIVER 2","2023081801",0,16.5,100,2,3,9.7,18.376,0,0,,,,,,,,,,,,,,,,,,,,,,
"1108","BLUE RIVER 2","2023081802",0,16.3,100,4.1,354,6.8,18.402,0,0,,,,,,,,,,,,,,,,,,,,,,
"1108","BLUE RIVER 2","2023081803",0,16.2,100,4.6,82,6.2,18.428,0,0,,,,,,,,,,,,,,,,,,,,,,
"1108","BLUE RIVER 2","2023081804",0,16,99,6.7,221,10.8,18.614,0,0,,,,,,,,,,,,,,,,,,,,,,
"1108","BLUE RIVER 2","2023081805",0,15.7,99,5.9,39,11.4,18.792,0,0,,,,,,,,,,,,,,,,,,,,,,
"1108","BLUE RIVER 2","2023081806",0,15.2,98,3.3,199,9.1,19.064,0,0,,,,,,,,,,,,,,,,,,,,,,
"1108","BLUE RIVER 2","2023081807",0,15.3,96,4.7,122,7.4,19.621,0,0,,,,,,,,,,,,,,,,,,,,,,
"1108","BLUE RIVER 2","2023081808",0,15.7,96,2,9,7.4,20.074,0,0,,,,,,,,,,,,,,,,,,,,,,
"1108","BLUE RIVER 2","2023081809",0,16.5,86,7.3,354,9.1,21.973,0,0.001,,,,,,,,,,,,,,,,,,,,,,
"1108","BLUE RIVER 2","2023081810",0,15.2,62,16.8,196,28.7,26.188,0.003,0.005,,,,,,,,,,,,,,,,,,,,,,
"1108","BLUE RIVER 2","2023081811",0,16.7,55,10.8,192,26.9,30.456,0.007,0.012,,,,,,,,,,,,,,,,,,,,,,
"1108","BLUE RIVER 2","2023081812",0,20.2,48,8.4,210,18.9,35.309,0.02,0.035,15.4,59.953,0.623,0.707,16.158,281.44,28.259,2,,,,,,,,,,,,,,
"1108","BLUE RIVER 2","2023081813",0,19,43,31.4,218,44.8,41.616,0.228,0.258,,,,,,,,,,,,,,,,,,,,,,
"1108","BLUE RIVER 2","2023081814",0,15.5,61,14.4,19,46.5,45.11,0.173,0.196,,,,,,,,,,,,,,,,,,,,,,
"1108","BLUE RIVER 2","2023081815",0,13,69,14.2,359,28.1,47.744,0.251,0.285,,,,,,,,,,,,,,,,,,,,,,
"1108","BLUE RIVER 2","2023081816",0.2,12.5,78,13.3,343,23.5,47.471,0.231,0.262,,,,,,,,,,,,,,,,,,,,,,
"1108","BLUE RIVER 2","2023081817",0,13.7,73,9.5,340,19.5,49.613,0.252,0.286,,,,,,,,,,,,,,,,,,,,,,
"1108","BLUE RIVER 2","2023081818",0,13.8,74,5.4,50,14.3,51.366,0.253,0.287,,,,,,,,,,,,,,,,,,,,,,
"1108","BLUE RIVER 2","2023081819",0,12.6,73,8.7,20,16,53.213,0.364,0.413,,,,,,,,,,,,,,,,,,,,,,
"1108","BLUE RIVER 2","2023081820",0,11.8,70,13.4,1,29.8,55.263,0.561,0.637,,,,,,,,,,,,,,,,,,,,,,
"1108","BLUE RIVER 2","2023081821",0,11.3,71,13.3,25,30.4,57.121,0.653,0.741,,,,,,,,,,,,,,,,,,,,,,
"1108","BLUE RIVER 2","2023081822",0,10.6,76,7.8,4,18.9,58.427,0.546,0.619,,,,,,,,,,,,,,,,,,,,,,
"1108","BLUE RIVER 2","2023081823",0,9.8,86,4.4,92,18.3,59.102,0.482,0.547,,,,,,,,,,,,,,,,,,,,,,
"1144","FORD MOUNTAIN","2023081800",0,14.7,84,0,329,0,89.005,3.717,18.009,,,,,,,,,,-2.1,,,,,,,,,,6179.4,,
"1144","FORD MOUNTAIN","2023081801",0,14.9,80,6.6,329,11.9,88.212,4.626,21.119,,,,,,,,,,-1.9,,,,,,,,,,6179.4,,
"1144","FORD MOUNTAIN","2023081802",0,16.5,65,5.7,311,23.8,87.964,4.267,19.922,,,,,,,,,,-1.8,,,,,,,,,,6179.4,,
"1144","FORD MOUNTAIN","2023081803",0,16.5,53,3.6,287,20.8,87.995,3.855,18.501,,,,,,,,,,-1.9,,,,,,,,,,6179.4,,
"1144","FORD MOUNTAIN","2023081804",0,14.8,51,6.4,283,24.3,88.029,4.461,20.573,,,,,,,,,,-1.8,,,,,,,,,,6179.4,,
"1144","FORD MOUNTAIN","2023081805",0,11.2,66,2.6,305,13.5,87.776,3.552,17.415,,,,,,,,,,-2.4,,,,,,,,,,6179.4,,
"1144","FORD MOUNTAIN","2023081806",0,10.5,70,3.3,290,11.5,87.458,3.516,17.283,,,,,,,,,,-2.1,,,,,,,,,,6179.4,,
"1144","FORD MOUNTAIN","2023081807",0,14.5,52,6.2,261,17.1,87.507,4.098,19.347,,,,,,,,,,-1.6,,,,,,,,,,6179.4,,
"1144","FORD MOUNTAIN","2023081808",0,17.8,33,8.2,241,20.7,87.896,4.793,21.661,,,,,,,,,,-1.6,,,,,,,,,,6179.4,,
"1144","FORD MOUNTAIN","2023081809",0,19.2,29,10.2,230,22.2,88.418,5.713,24.522,,,,,,,,,,-1.8,,,,,,,,,,6179.4,,
"1144","FORD MOUNTAIN","2023081810",0,20.2,29,13,200,37,88.924,7.073,28.419,,,,,,,,,,-1.7,,,,,,,,,,6179.4,,
"1144","FORD MOUNTAIN","2023081811",0,20.3,28,17.3,197,37.3,89.414,9.425,34.46,,,,,,,,,,-1.6,,,,,,,,,,6179.4,,
"1144","FORD MOUNTAIN","2023081812",0,21.8,26,14.8,201,37.9,89.949,8.972,33.354,0,93.807,15.48,47.883,101.06,594.289,141.826,5,,-1.6,,,,,,,,,,6179.4,,
"1144","FORD MOUNTAIN","2023081813",0,23.3,25,13.5,217,35.2,90.491,9.081,33.924,,,,,,,,,,-1.6,,,,,,,,,,6179.4,,
"1144","FORD MOUNTAIN","2023081814",0,23.6,24,15.8,203,33.1,91.005,10.973,38.416,,,,,,,,,,-1.6,,,,,,,,,,6179.4,,
"1144","FORD MOUNTAIN","2023081815",0,23.6,23,12.4,203,37.8,91.45,9.85,35.795,,,,,,,,,,-1.6,,,,,,,,,,6179.4,,
"1144","FORD MOUNTAIN","2023081816",0,23,23,14.7,214,34.1,91.802,11.626,39.883,,,,,,,,,,-1.8,,,,,,,,,,6179.4,,
"1144","FORD MOUNTAIN","2023081817",0,22.4,23,10.7,220,29.1,92.057,9.852,35.801,,,,,,,,,,-1.9,,,,,,,,,,6179.4,,
"1144","FORD MOUNTAIN","2023081818",0,20.8,27,7.5,240,26.7,92.107,8.445,32.324,,,,,,,,,,-2,,,,,,,,,,6179.4,,
"1144","FORD MOUNTAIN","2023081819",0,15.9,44,0,313,16,91.977,5.682,24.662,,,,,,,,,,-2.4,,,,,,,,,,6179.4,,
"1144","FORD MOUNTAIN","2023081820",0,13.9,51,7,315,12,91.583,7.646,30.238,,,,,,,,,,-2.3,,,,,,,,,,6179.4,,
"1144","FORD MOUNTAIN","2023081821",0,12,59,0,0,10.5,91.254,5.128,22.946,,,,,,,,,,-2.5,,,,,,,,,,6179.4,,
"1144","FORD MOUNTAIN","2023081822",0,9.1,70,0.3,30,8.2,90.725,4.828,21.984,,,,,,,,,,-2.5,,,,,,,,,,6179.4,,
"1144","FORD MOUNTAIN","2023081823",0,8,77,0,7,0,90.163,4.389,20.533,,,,,,,,,,-2.3,,,,,,,,,,6179.4,,
"1165","SEVEREID","2023081800",0,8.8,90,4.9,142,7.4,84.089,2.384,5.345,,,,,,,,,,,,,,,,,,,,,,
"1165","SEVEREID","2023081801",0,7,94,5.6,142,9.7,83.338,2.237,5.013,,,,,,,,,,,,,,,,,,,,,,
"1165","SEVEREID","2023081802",0,5.7,95,3.7,136,8.5,82.659,1.863,4.138,,,,,,,,,,,,,,,,,,,,,,
"1165","SEVEREID","2023081803",0,4.5,98,5.6,132,9.1,81.828,1.851,4.11,,,,,,,,,,,,,,,,,,,,,,
"1165","SEVEREID","2023081804",0,3.5,100,4.7,123,8.5,80.963,1.6,3.485,,,,,,,,,,,,,,,,,,,,,,
"1165","SEVEREID","2023081805",0,3.2,100,2.8,95,7.9,80.232,1.342,2.808,,,,,,,,,,,,,,,,,,,,,,
"1165","SEVEREID","2023081806",0,3.7,100,5.1,144,9.7,79.506,1.398,2.961,,,,,,,,,,,,,,,,,,,,,,
"1165","SEVEREID","2023081807",0,7.6,100,2.1,13,7.4,78.871,1.131,2.216,,,,,,,,,,,,,,,,,,,,,,
"1165","SEVEREID","2023081808",0,10.1,74,3.6,132,7.4,79.059,1.242,2.532,,,,,,,,,,,,,,,,,,,,,,
"1165","SEVEREID","2023081809",0,9.9,78,2.5,341,7.4,79.175,1.188,2.38,,,,,,,,,,,,,,,,,,,,,,
"1165","SEVEREID","2023081810",0,9.4,80,4,210,7.4,79.262,1.292,2.671,,,,,,,,,,,,,,,,,,,,,,
"1165","SEVEREID","2023081811",0,9.8,81,2.5,104,10.2,79.333,1.206,2.432,,,,,,,,,,,,,,,,,,,,,,
"1165","SEVEREID","2023081812",0,10.7,82,6,253,12,79.399,1.448,3.092,0,83.782,2.419,5.503,19.627,273.796,33.289,2,,,,,,,,,,,,,,
"1165","SEVEREID","2023081813",0,11.4,78,5.8,245,15.4,79.528,1.452,3.159,,,,,,,,,,,,,,,,,,,,,,
"1165","SEVEREID","2023081814",0,11.7,78,4.6,281,12,79.649,1.383,2.975,,,,,,,,,,,,,,,,,,,,,,
"1165","SEVEREID","2023081815",0,12.3,82,3.6,216,10.8,79.711,1.323,2.812,,,,,,,,,,,,,,,,,,,,,,
"1165","SEVEREID","2023081816",0,13.1,73,3.6,225,11.4,79.909,1.351,2.887,,,,,,,,,,,,,,,,,,,,,,
"1165","SEVEREID","2023081817",0.2,11.7,83,4.9,248,14.3,75.765,1.025,1.945,,,,,,,,,,,,,,,,,,,,,,
"1165","SEVEREID","2023081818",0,11,90,4,116,8.5,75.846,0.985,1.817,,,,,,,,,,,,,,,,,,,,,,
"1165","SEVEREID","2023081819",0,8.7,99,2.1,134,5.6,75.636,0.883,1.471,,,,,,,,,,,,,,,,,,,,,,
"1165","SEVEREID","2023081820",0,6.7,100,4.2,121,6.8,75.342,0.965,1.753,,,,,,,,,,,,,,,,,,,,,,
"1165","SEVEREID","2023081821",0,5.8,100,5.7,118,9.7,75.062,1.024,1.943,,,,,,,,,,,,,,,,,,,,,,
"1165","SEVEREID","2023081822",0.2,5,100,5.4,136,9.7,71.072,0.851,1.345,,,,,,,,,,,,,,,,,,,,,,
"1165","SEVEREID","2023081823",0,4.3,100,5.2,124,9.1,71.115,0.843,1.315,,,,,,,,,,,,,,,,,,,,,,
"1176","MUDPIT","2023081800",0,23.7,39,7.8,213,20.4,92.283,8.789,27.267,,,,,,,,,,,,,,,,,,,,112.6,,
"1176","MUDPIT","2023081801",0,20.9,38,6,212,15,92.21,7.945,25.429,,,,,,,,,,,,,,,,,,,,112.6,,
"1176","MUDPIT","2023081802",0,21.3,33,8.9,210,16.6,92.255,9.253,28.244,,,,,,,,,,,,,,,,,,,,112.6,,
"1176","MUDPIT","2023081803",0,20.6,33,6.9,218,18.4,92.283,8.4,26.429,,,,,,,,,,,,,,,,,,,,112.6,,
"1176","MUDPIT","2023081804",0,19.9,33,9,218,23.5,92.295,9.353,28.451,,,,,,,,,,,,,,,,,,,,112.6,,
"1176","MUDPIT","2023081805",0,18,40,9.7,200,25.9,92.12,9.453,28.658,,,,,,,,,,,,,,,,,,,,112.6,,
"1176","MUDPIT","2023081806",0,17.1,43,6.9,251,30.8,91.905,7.963,25.469,,,,,,,,,,,,,,,,,,,,112.6,,
"1176","MUDPIT","2023081807",0,16.8,42,8.5,233,19.6,91.722,8.41,26.451,,,,,,,,,,,,,,,,,,,,112.6,,
"1176","MUDPIT","2023081808",0,18,37,12,229,26.3,91.673,9.963,29.699,,,,,,,,,,,,,,,,,,,,112.6,,
"1176","MUDPIT","2023081809",0,18,37,12.1,257,24.3,91.629,9.951,29.676,,,,,,,,,,,,,,,,,,,,112.6,,
"1176","MUDPIT","2023081810",0,16.9,40,9.6,219,30,91.515,8.633,26.932,,,,,,,,,,,,,,,,,,,,112.6,,
"1176","MUDPIT","2023081811",0,18.7,35,7.1,249,15.5,91.547,7.646,24.759,,,,,,,,,,,,,,,,,,,,112.6,,
"1176","MUDPIT","2023081812",0,17.4,36,11.2,223,26.8,91.53,9.378,28.503,0,91.374,9.171,28.568,59.797,503.146,92.2,4,,,,,,,,,,,,112.6,,
"1176","MUDPIT","2023081813",0,17.6,36,11.9,233,28.7,91.518,9.697,29.671,,,,,,,,,,,,,,,,,,,,112.6,,
"1176","MUDPIT","2023081814",0,16.9,39,9.7,253,24.5,91.437,8.581,27.297,,,,,,,,,,,,,,,,,,,,112.6,,
"1176","MUDPIT","2023081815",0,19.3,30,12.2,237,28.1,91.487,9.802,29.888,,,,,,,,,,,,,,,,,,,,112.6,,
"1176","MUDPIT","2023081816",0,20.7,26,9.5,302,31.6,91.626,8.725,27.612,,,,,,,,,,,,,,,,,,,,112.6,,
"1176","MUDPIT","2023081817",0,18.8,31,10.7,326,26.6,91.676,9.335,28.915,,,,,,,,,,,,,,,,,,,,112.6,,
"1176","MUDPIT","2023081818",0,18.5,30,9.5,272,28.7,91.726,8.85,27.881,,,,,,,,,,,,,,,,,,,,112.6,,
"1176","MUDPIT","2023081819",0,16.2,32,6.1,310,18.4,91.756,7.488,24.842,,,,,,,,,,,,,,,,,,,,112.6,,
"1176","MUDPIT","2023081820",0,13.5,40,3,216,15.3,91.634,6.296,21.984,,,,,,,,,,,,,,,,,,,,112.6,,
"1176","MUDPIT","2023081821",0,11.6,48,5.5,141,8.9,91.345,6.854,23.348,,,,,,,,,,,,,,,,,,,,112.6,,
"1176","MUDPIT","2023081822",0,11,50,7,144,11.9,91.028,7.066,23.853,,,,,,,,,,,,,,,,,,,,112.6,,
"1176","MUDPIT","2023081823",0,10.1,55,7.8,107,11.9,90.634,6.954,23.588,,,,,,,,,,,,,,,,,,,,112.6,,
"1199","CLAYTON FALLS","2023081800",0,5,80,7.2,324,19.3,,,,,,,,,,,,,2.5,,,,,,,,,,805.4,0,
"1199","CLAYTON FALLS","2023081801",0,4.1,90,3.2,293,17.7,,,,,,,,,,,,,12.4,,,,,,,,,,805.4,0,
"1199","CLAYTON FALLS","2023081802",0,4.5,89,7.3,270,16.6,,,,,,,,,,,,,5.8,,,,,,,,,,805.4,0,
"1199","CLAYTON FALLS","2023081803",0,4.6,81,0.9,266,10.5,,,,,,,,,,,,,6.1,,,,,,,,,,805.4,0,
"1199","CLAYTON FALLS","2023081804",0,4.4,86,6.4,271,14,,,,,,,,,,,,,6.3,,,,,,,,,,805.4,0,
"1199","CLAYTON FALLS","2023081805",0,3.9,92,4.4,300,16.4,,,,,,,,,,,,,6.3,,,,,,,,,,805.4,0,
"1199","CLAYTON FALLS","2023081806",0,3.9,93,3.8,307,17.3,,,,,,,,,,,,,6.1,,,,,,,,,,805.4,7,
"1199","CLAYTON FALLS","2023081807",0,5.2,80,4.3,253,12.8,,,,,,,,,,,,,5.6,,,,,,,,,,805.4,70,
"1199","CLAYTON FALLS","2023081808",0,6.3,72,7,287,12.9,,,,,,,,,,,,,4.5,,,,,,,,,,805.4,337,
"1199","CLAYTON FALLS","2023081809",0,7.3,67,4.2,285,11,,,,,,,,,,,,,13.1,,,,,,,,,,805.4,328,
"1199","CLAYTON FALLS","2023081810",0,7.5,68,6.8,271,12.7,,,,,,,,,,,,,3.4,,,,,,,,,,805.4,595,
"1199","CLAYTON FALLS","2023081811",0,9.2,64,6,247,15.8,,,,,,,,,,,,,11.7,,,,,,,,,,805.4,586,
"1199","CLAYTON FALLS","2023081812",0,9.6,62,8.2,280,17.3,,,,0,,,,,,,,,3.2,,,,,,,,,,805.4,668,
"1199","CLAYTON FALLS","2023081813",0,11.1,56,8.5,261,17.5,,,,,,,,,,,,,11.5,,,,,,,,,,805.4,789,
"1199","CLAYTON FALLS","2023081814",0,12,54,9.8,269,23.4,,,,,,,,,,,,,2.7,,,,,,,,,,805.4,766,
"1199","CLAYTON FALLS","2023081815",0,13.8,48,3.8,306,20.5,,,,,,,,,,,,,2.6,,,,,,,,,,805.4,705,
"1199","CLAYTON FALLS","2023081816",0,13.4,54,4.2,326,19.4,,,,,,,,,,,,,2.3,,,,,,,,,,805.4,592,
"1199","CLAYTON FALLS","2023081817",0,12.4,58,6,320,17.4,,,,,,,,,,,,,1.8,,,,,,,,,,805.4,451,
"1199","CLAYTON FALLS","2023081818",0,11.8,62,5,317,18.4,,,,,,,,,,,,,19.5,,,,,,,,,,805.4,296,
"1199","CLAYTON FALLS","2023081819",0,10.3,68,6.8,306,15.9,,,,,,,,,,,,,2,,,,,,,,,,805.4,145,
"1199","CLAYTON FALLS","2023081820",0,9.3,71,4.9,338,13.3,,,,,,,,,,,,,3.5,,,,,,,,,,805.4,15,
"1199","CLAYTON FALLS","2023081821",0,9.4,67,0.4,63,11.2,,,,,,,,,,,,,3.2,,,,,,,,,,805.4,0,
"1199","CLAYTON FALLS","2023081822",0,9,70,6.3,76,8.6,,,,,,,,,,,,,3.4,,,,,,,,,,805.4,0,
"1199","CLAYTON FALLS","2023081823",0,9,69,5.7,82,9.6,,,,,,,,,,,,,3.4,,,,,,,,,,805.4,0,
"1203","DARKWOODS","2023081800",0,19.6,36,3.9,89,10.8,93.013,8.001,26.351,,,,,,,,,0,193.3,,0,0,0,0,0,,0,0,,0,
"1203","DARKWOODS","2023081801",0,19.6,36,4.7,174,10.8,92.897,8.196,26.791,,,,,,,,,0,193.3,,0,0,0,0,0,,0,0,,0,
"1203","DARKWOODS","2023081802",0,19,38,4.3,110,15.4,92.747,7.866,26.041,,,,,,,,,0,193.3,,0,0,0,0,0,,0,0,,0,
"1203","DARKWOODS","2023081803",0,18.4,42,4.5,55,14.9,92.52,7.696,25.65,,,,,,,,,0,193.3,,0,0,0,0,0,,0,0,,0,
"1203","DARKWOODS","2023081804",0,17.9,42,4.9,59,16,92.308,7.622,25.478,,,,,,,,,0,193.3,,0,0,0,0,0,,0,0,,0,
"1203","DARKWOODS","2023081805",0,17.2,45,4.8,21,15.4,92.05,7.311,24.751,,,,,,,,,0,193.3,,0,0,0,0,0,,0,0,,0,
"1203","DARKWOODS","2023081806",0,17.1,46,4.9,132,15.4,91.795,7.088,24.221,,,,,,,,,0,193.3,,0,0,0,0,0,,0,0,,0,
"1203","DARKWOODS","2023081807",0,17.2,51,4.1,98,13.7,91.469,6.5,22.788,,,,,,,,,0,193.3,,0,0,0,0,0,,0,0,,0,
"1203","DARKWOODS","2023081808",0,18.7,45,7.6,218,18.3,91.294,7.564,25.344,,,,,,,,,0,193.3,,0,0,0,0,0,,0,0,,0,
"1203","DARKWOODS","2023081809",0,20,43,10.3,208,27.5,91.194,8.543,27.566,,,,,,,,,0,193.3,,0,0,0,0,0,,0,0,,0,
"1203","DARKWOODS","2023081810",0,19.9,42,11.9,207,29.2,91.125,9.17,28.931,,,,,,,,,0,193.3,,0,0,0,0,0,,0,0,,0,
"1203","DARKWOODS","2023081811",0,21.2,36,16.4,205,36.7,91.175,11.586,33.852,,,,,,,,,0,193.3,,0,0,0,0,0,,0,0,,0,
"1203","DARKWOODS","2023081812",0,21.2,20,15.7,249,36.7,91.634,11.94,34.532,0,94.334,17.425,44.994,70.775,407.849,98.722,4,0,193.3,,0,0,0,0,0,,0,0,,0,
"1203","DARKWOODS","2023081813",0,22.5,10,15.7,279,41.3,92.565,13.617,38.395,,,,,,,,,0,193.3,,0,0,0,0,0,,0,0,,0,
"1203","DARKWOODS","2023081814",0,20.9,11,19.1,286,46.5,93.224,17.726,45.487,,,,,,,,,0,193.3,,0,0,0,0,0,,0,0,,0,
"1203","DARKWOODS","2023081815",0,19.9,4,10.8,277,33.3,94.089,13.16,37.55,,,,,,,,,0,193.3,,0,0,0,0,0,,0,0,,0,
"1203","DARKWOODS","2023081816",0,19,9,13,263,29.8,94.497,15.555,41.846,,,,,,,,,0,193.3,,0,0,0,0,0,,0,0,,0,
"1203","DARKWOODS","2023081817",0,17.4,18,10.7,251,38.5,94.548,13.95,39.003,,,,,,,,,0,193.3,,0,0,0,0,0,,0,0,,0,
"1203","DARKWOODS","2023081818",0,15.2,26,5.7,317,24.6,94.452,10.701,32.761,,,,,,,,,0,193.3,,0,0,0,0,0,,0,0,,0,
"1203","DARKWOODS","2023081819",0,13.5,27,8.9,3,23.5,94.315,12.337,35.996,,,,,,,,,0,193.3,,0,0,0,0,0,,0,0,,0,
"1203","DARKWOODS","2023081820",0,12.6,29,10.3,350,17.7,94.134,12.913,37.088,,,,,,,,,0,193.3,,0,0,0,0,0,,0,0,,0,
"1203","DARKWOODS","2023081821",0,9.9,36,5.1,11,18.3,93.865,9.572,30.4,,,,,,,,,0,193.3,,0,0,0,0,0,,0,0,,0,
"1203","DARKWOODS","2023081822",0,9.4,36,7.2,12,13.7,93.593,10.245,31.822,,,,,,,,,0,193.3,,0,0,0,0,0,,0,0,,0,
"1203","DARKWOODS","2023081823",0,8.1,36,6.6,14,11.4,93.344,9.602,30.466,,,,,,,,,0,193.3,,0,0,0,0,0,,0,0,,0,
"1218","POWELL RIVER WEST LAKE","2023081800",0,13.8,64,11.2,17,24.6,87.694,5.415,21.048,,,,,,,,,0,0,,0,0,0,0,0,,0,0,,0,
"1218","POWELL RIVER WEST LAKE","2023081801",0,13.2,67,14.9,353,32.1,87.379,6.238,23.276,,,,,,,,,0,0,,0,0,0,0,0,,0,0,,0,
"1218","POWELL RIVER WEST LAKE","2023081802",0,12.7,67,13.5,359,25.2,87.106,5.591,21.537,,,,,,,,,0,0,,0,0,0,0,0,,0,0,,0,
"1218","POWELL RIVER WEST LAKE","2023081803",0,12.3,68,11.6,15,23.5,86.849,4.898,19.576,,,,,,,,,0,0,,0,0,0,0,0,,0,0,,0,
"1218","POWELL RIVER WEST LAKE","2023081804",0,12.3,65,11.1,22,24.1,86.692,4.671,18.909,,,,,,,,,0,0,,0,0,0,0,0,,0,0,,0,
"1218","POWELL RIVER WEST LAKE","2023081805",0,12.4,63,9.8,0,35,86.6,4.318,17.847,,,,,,,,,0,0,,0,0,0,0,0,,0,0,,0,
"1218","POWELL RIVER WEST LAKE","2023081806",0,12.7,59,13.9,357,27.5,86.597,5.307,20.745,,,,,,,,,0,0,,0,0,0,0,0,,0,0,,0,
"1218","POWELL RIVER WEST LAKE","2023081807",0,13.1,57,9.7,22,28.1,86.641,4.322,17.859,,,,,,,,,0,0,,0,0,0,0,0,,0,0,,0,
"1218","POWELL RIVER WEST LAKE","2023081808",0,15.2,50,11.9,1,24.1,86.689,4.862,19.469,,,,,,,,,0,0,,0,0,0,0,0,,0,0,,0,
"1218","POWELL RIVER WEST LAKE","2023081809",0,17.2,45,9.4,12,22.9,86.869,4.397,18.086,,,,,,,,,0,0,,0,0,0,0,0,,0,0,,0,
"1218","POWELL RIVER WEST LAKE","2023081810",0,18.6,42,7.5,103,20.6,87.127,4.145,17.312,,,,,,,,,0,0,,0,0,0,0,0,,0,0,,0,
"1218","POWELL RIVER WEST LAKE","2023081811",0,19.3,40,9,348,22.9,87.43,4.668,18.899,,,,,,,,,0,0,,0,0,0,0,0,,0,0,,0,
"1218","POWELL RIVER WEST LAKE","2023081812",0,20.2,39,9.4,359,24.6,87.749,4.985,19.828,0,90.657,7.563,27.024,70.384,585.181,108.226,4,0,0,,0,0,0,0,0,,0,0,,0,
"1218","POWELL RIVER WEST LAKE","2023081813",0,21.3,36,7.9,26,24.1,88.138,4.887,19.854,,,,,,,,,0,0,,0,0,0,0,0,,0,0,,0,
"1218","POWELL RIVER WEST LAKE","2023081814",0,21.8,35,10,345,18.9,88.532,5.748,22.31,,,,,,,,,0,0,,0,0,0,0,0,,0,0,,0,
"1218","POWELL RIVER WEST LAKE","2023081815",0,22.6,33,7.5,340,20,88.943,5.376,21.269,,,,,,,,,0,0,,0,0,0,0,0,,0,0,,0,
"1218","POWELL RIVER WEST LAKE","2023081816",0,22.7,34,7,13,16.6,89.262,5.487,21.583,,,,,,,,,0,0,,0,0,0,0,0,,0,0,,0,
"1218","POWELL RIVER WEST LAKE","2023081817",0,20.9,38,6.2,202,14.3,89.365,5.35,21.193,,,,,,,,,0,0,,0,0,0,0,0,,0,0,,0,
"1218","POWELL RIVER WEST LAKE","2023081818",0,18.6,45,4.2,343,13.1,89.414,4.871,19.808,,,,,,,,,0,0,,0,0,0,0,0,,0,0,,0,
"1218","POWELL RIVER WEST LAKE","2023081819",0,17.6,49,4.8,37,11.4,89.382,4.998,20.179,,,,,,,,,0,0,,0,0,0,0,0,,0,0,,0,
"1218","POWELL RIVER WEST LAKE","2023081820",0,14.4,61,3.8,110,8.5,89.092,4.558,18.871,,,,,,,,,0,0,,0,0,0,0,0,,0,0,,0,
"1218","POWELL RIVER WEST LAKE","2023081821",0,13.2,64,2.7,5,6.2,88.781,4.124,17.529,,,,,,,,,0,0,,0,0,0,0,0,,0,0,,0,
"1218","POWELL RIVER WEST LAKE","2023081822",0,11.8,71,2.1,98,5.6,88.366,3.77,16.392,,,,,,,,,0,0,,0,0,0,0,0,,0,0,,0,
"1218","POWELL RIVER WEST LAKE","2023081823",0,11,74,1.7,45,5.1,87.937,3.474,15.408,,,,,,,,,0,0,,0,0,0,0,0,,0,0,,0,
"1221","MOUNT CAYLEY","2023081800",0,14.2,51,4.5,184,17,,,,,,,,,,,,,626.4,,,,,,,,,,11444.2,0,
"1221","MOUNT CAYLEY","2023081801",0,13.5,45,4.3,201,16.9,,,,,,,,,,,,,626.4,,,,,,,,,,11444.2,0,
"1221","MOUNT CAYLEY","2023081802",0,12.9,41,4.8,175,22.8,,,,,,,,,,,,,626.4,,,,,,,,,,11444.2,0,
"1221","MOUNT CAYLEY","2023081803",0,12.2,33,4.9,176,18.5,,,,,,,,,,,,,626.4,,,,,,,,,,11444.2,0,
"1221","MOUNT CAYLEY","2023081804",0,11.6,23,2.7,202,14.9,,,,,,,,,,,,,521.1,,,,,,,,,,11444.2,0,
"1221","MOUNT CAYLEY","2023081805",0,9.7,33,2.8,184,15.3,,,,,,,,,,,,,626.4,,,,,,,,,,11444.2,0,
"1221","MOUNT CAYLEY","2023081806",0,8.4,46,1,182,8.7,,,,,,,,,,,,,626.4,,,,,,,,,,11444.2,10,
"1221","MOUNT CAYLEY","2023081807",0,8.8,46,0.3,81,6.9,,,,,,,,,,,,,626.4,,,,,,,,,,11444.2,37,
"1221","MOUNT CAYLEY","2023081808",0,11,47,2.2,183,5.7,,,,,,,,,,,,,626.4,,,,,,,,,,11444.2,361,
"1221","MOUNT CAYLEY","2023081809",0,10.7,47,3.2,270,7.3,,,,,,,,,,,,,626.4,,,,,,,,,,11444.2,535,
"1221","MOUNT CAYLEY","2023081810",0,11.3,42,4.3,265,10.6,,,,,,,,,,,,,626.4,,,,,,,,,,11444.2,682,
"1221","MOUNT CAYLEY","2023081811",0,11.8,42,6.6,248,12.1,,,,,,,,,,,,,626.4,,,,,,,,,,11444.2,796,
"1221","MOUNT CAYLEY","2023081812",0,12.8,50,5.2,247,14.1,,,,0,,,,,,,,,626.4,,,,,,,,,,11444.2,861,
"1221","MOUNT CAYLEY","2023081813",0,13.5,49,5.2,267,14.5,,,,,,,,,,,,,626.4,,,,,,,,,,11444.2,881,
"1221","MOUNT CAYLEY","2023081814",0,14.2,45,4,299,12.4,,,,,,,,,,,,,626.4,,,,,,,,,,11444.2,851,
"1221","MOUNT CAYLEY","2023081815",0,15.5,38,4.1,273,14.6,,,,,,,,,,,,,626.4,,,,,,,,,,11444.2,765,
"1221","MOUNT CAYLEY","2023081816",0,14,45,4.3,301,14.9,,,,,,,,,,,,,626.4,,,,,,,,,,11444.2,636,
"1221","MOUNT CAYLEY","2023081817",0,13.7,48,3.7,301,17.2,,,,,,,,,,,,,626.4,,,,,,,,,,11444.2,468,
"1221","MOUNT CAYLEY","2023081818",0,12.5,51,3.9,300,10.2,,,,,,,,,,,,,626.4,,,,,,,,,,11444.2,282,
"1221","MOUNT CAYLEY","2023081819",0,11.7,53,2.9,236,6.9,,,,,,,,,,,,,626.4,,,,,,,,,,11444.2,104,
"1221","MOUNT CAYLEY","2023081820",0,8.8,63,0.7,65,4.5,,,,,,,,,,,,,626.4,,,,,,,,,,11444.2,7,
"1221","MOUNT CAYLEY","2023081821",0,9.1,59,0.1,75,4.3,,,,,,,,,,,,,626.4,,,,,,,,,,11444.2,0,
"1221","MOUNT CAYLEY","2023081822",0,8.8,60,2,67,3.7,,,,,,,,,,,,,626.4,,,,,,,,,,11444.2,0,
"1221","MOUNT CAYLEY","2023081823",0,8.2,63,0.1,84,3.5,,,,,,,,,,,,,626.4,,,,,,,,,,11444.2,0,
"1239","SASKATCHEWAN CROSSING","2023081800",0,18.5,58,12.1,64,24.9,,,,,,,,,,,,,,,,,,,,,,,223.3,,
"1239","SASKATCHEWAN CROSSING","2023081801",0,15.4,67,16.7,60,32.1,,,,,,,,,,,,,,,,,,,,,,,223.3,,
"1239","SASKATCHEWAN CROSSING","2023081802",0,14.9,67,14.6,53,37.1,,,,,,,,,,,,,,,,,,,,,,,223.3,,
"1239","SASKATCHEWAN CROSSING","2023081803",0,15.2,64,16.6,38,39.9,,,,,,,,,,,,,,,,,,,,,,,223.3,,
"1239","SASKATCHEWAN CROSSING","2023081804",0,14.3,67,13.1,40,39.4,,,,,,,,,,,,,,,,,,,,,,,223.3,,
"1239","SASKATCHEWAN CROSSING","2023081805",0,13.6,66,12.7,29,32.3,,,,,,,,,,,,,,,,,,,,,,,223.3,,
"1239","SASKATCHEWAN CROSSING","2023081806",1,10.1,88,12.6,40,33.5,,,,,,,,,,,,,,,,,,,,,,,224.3,,
"1239","SASKATCHEWAN CROSSING","2023081807",0.3,8.8,87,17.2,58,43.7,,,,,,,,,,,,,,,,,,,,,,,224.5,,
"1239","SASKATCHEWAN CROSSING","2023081808",0,8.5,81,13.8,26,40.6,,,,,,,,,,,,,,,,,,,,,,,224.5,,
"1239","SASKATCHEWAN CROSSING","2023081809",1.8,7.4,90,10.8,56,34.6,,,,,,,,,,,,,,,,,,,,,,,226.3,,
"1239","SASKATCHEWAN CROSSING","2023081810",1.8,6,93,14.8,46,27.3,,,,,,,,,,,,,,,,,,,,,,,228.1,,
"1239","SASKATCHEWAN CROSSING","2023081811",4.1,4.9,96,17.3,66,32.5,,,,,,,,,,,,,,,,,,,,,,,232.2,,
"1239","SASKATCHEWAN CROSSING","2023081812",2.5,4.8,93,16,53,33,,,,11.5,,,,,,,,,,,,,,,,,,,234.7,,
"1239","SASKATCHEWAN CROSSING","2023081813",1,4.5,93,9.4,54,32.6,,,,,,,,,,,,,,,,,,,,,,,235.7,,
"1239","SASKATCHEWAN CROSSING","2023081814",5.6,4.5,97,3.3,51,20.8,,,,,,,,,,,,,,,,,,,,,,,241.3,,
"1239","SASKATCHEWAN CROSSING","2023081815",0.3,4.6,92,7.8,58,27.1,,,,,,,,,,,,,,,,,,,,,,,241.6,,
"1239","SASKATCHEWAN CROSSING","2023081816",0,4.1,92,10.2,82,20.8,,,,,,,,,,,,,,,,,,,,,,,241.6,,
"1239","SASKATCHEWAN CROSSING","2023081817",0,4.9,93,3.4,264,10.3,,,,,,,,,,,,,,,,,,,,,,,241.6,,
"1239","SASKATCHEWAN CROSSING","2023081818",0,5.6,92,3.6,69,8.7,,,,,,,,,,,,,,,,,,,,,,,241.6,,
"1239","SASKATCHEWAN CROSSING","2023081819",0,4.7,96,0,5,8.4,,,,,,,,,,,,,,,,,,,,,,,241.6,,
"1239","SASKATCHEWAN CROSSING","2023081820",0,4,98,0.9,291,3.7,,,,,,,,,,,,,,,,,,,,,,,241.6,,
"1239","SASKATCHEWAN CROSSING","2023081821",0,3.9,99,8.7,64,14.7,,,,,,,,,,,,,,,,,,,,,,,241.6,,
"1239","SASKATCHEWAN CROSSING","2023081822",0,3.5,99,3.5,80,12.4,,,,,,,,,,,,,,,,,,,,,,,241.6,,
"1239","SASKATCHEWAN CROSSING","2023081823",0,3.3,99,1,194,7.6,,,,,,,,,,,,,,,,,,,,,,,241.6,,
"1240","BOULDER CREEK","2023081800",0,16,67,1.6,81,8.5,,,,,,,,,,,,,,,,,,,,,,,804.7,,
"1240","BOULDER CREEK","2023081801",0,15,67,1.4,58,10.5,,,,,,,,,,,,,,,,,,,,,,,804.7,,
"1240","BOULDER CREEK","2023081802",0,14.2,68,2.4,75,6.9,,,,,,,,,,,,,,,,,,,,,,,804.7,,
"1240","BOULDER CREEK","2023081803",0,14.2,66,2.2,79,6.8,,,,,,,,,,,,,,,,,,,,,,,804.7,,
"1240","BOULDER CREEK","2023081804",0,15.4,58,1,270,9.4,,,,,,,,,,,,,,,,,,,,,,,804.7,,
"1240","BOULDER CREEK","2023081805",0,18.9,42,2.1,261,16.6,,,,,,,,,,,,,,,,,,,,,,,804.7,,
"1240","BOULDER CREEK","2023081806",0,21,37,3.6,262,20.4,,,,,,,,,,,,,,,,,,,,,,,804.7,,
"1240","BOULDER CREEK","2023081807",0,19.7,53,4.1,272,16,,,,,,,,,,,,,,,,,,,,,,,804.7,,
"1240","BOULDER CREEK","2023081808",0.5,16,82,2.2,120,13.6,,,,,,,,,,,,,,,,,,,,,,,805.2,,
"1240","BOULDER CREEK","2023081809",0,18.1,71,1.5,244,7.2,,,,,,,,,,,,,,,,,,,,,,,805.2,,
"1240","BOULDER CREEK","2023081810",0,21.5,34,4.7,227,23.7,,,,,,,,,,,,,,,,,,,,,,,805.2,,
"1240","BOULDER CREEK","2023081811",0,22.2,30,4.4,291,18.2,,,,,,,,,,,,,,,,,,,,,,,805.2,,
"1240","BOULDER CREEK","2023081812",0,16.3,42,6.2,56,25.1,,,,0.5,,,,,,,,,,,,,,,,,,,805.2,,
"1240","BOULDER CREEK","2023081813",0.5,11.3,75,7,115,28.1,,,,,,,,,,,,,,,,,,,,,,,805.7,,
"1240","BOULDER CREEK","2023081814",0.3,10.2,76,2.2,333,15.2,,,,,,,,,,,,,,,,,,,,,,,805.9,,
"1240","BOULDER CREEK","2023081815",0.3,8.7,87,1.4,306,12.7,,,,,,,,,,,,,,,,,,,,,,,806.2,,
"1240","BOULDER CREEK","2023081816",0,9.6,81,0.4,243,6.7,,,,,,,,,,,,,,,,,,,,,,,806.2,,
"1240","BOULDER CREEK","2023081817",0,10.1,78,0.7,220,7.4,,,,,,,,,,,,,,,,,,,,,,,806.2,,
"1240","BOULDER CREEK","2023081818",1.3,8,90,0.2,222,9.6,,,,,,,,,,,,,,,,,,,,,,,807.5,,
"1240","BOULDER CREEK","2023081819",0,7,93,0.8,76,3.3,,,,,,,,,,,,,,,,,,,,,,,807.5,,
"1240","BOULDER CREEK","2023081820",0,5.3,94,0,52,3.4,,,,,,,,,,,,,,,,,,,,,,,807.5,,
"1240","BOULDER CREEK","2023081821",0,4.3,95,0,101,2.9,,,,,,,,,,,,,,,,,,,,,,,807.5,,
"1240","BOULDER CREEK","2023081822",0,4.7,95,0.1,108,3.4,,,,,,,,,,,,,,,,,,,,,,,807.5,,
"1240","BOULDER CREEK","2023081823",0,5.4,96,0.7,254,4.1,,,,,,,,,,,,,,,,,,,,,,,807.5,,
"1241","VERMILLION CROSSING","2023081800",0,15.8,60,1.3,1,7.8,,,,,,,,,,,,,,,,,,,,,,,425.7,,
"1241","VERMILLION CROSSING","2023081801",0,15.8,58,0.4,307,7.6,,,,,,,,,,,,,,,,,,,,,,,425.7,,
"1241","VERMILLION CROSSING","2023081802",0,15.2,59,0.8,304,6.2,,,,,,,,,,,,,,,,,,,,,,,425.7,,
"1241","VERMILLION CROSSING","2023081803",0,14.5,63,1.5,360,5.6,,,,,,,,,,,,,,,,,,,,,,,425.7,,
"1241","VERMILLION CROSSING","2023081804",0,13.9,63,1.9,330,7.5,,,,,,,,,,,,,,,,,,,,,,,425.7,,
"1241","VERMILLION CROSSING","2023081805",0,14.6,59,1.3,275,8.1,,,,,,,,,,,,,,,,,,,,,,,425.7,,
"1241","VERMILLION CROSSING","2023081806",0,14.2,63,2.2,276,6.1,,,,,,,,,,,,,,,,,,,,,,,425.7,,
"1241","VERMILLION CROSSING","2023081807",0,23.9,28,9,122,31.4,,,,,,,,,,,,,,,,,,,,,,,425.7,,
"1241","VERMILLION CROSSING","2023081808",0,22.8,31,8.7,116,32.3,,,,,,,,,,,,,,,,,,,,,,,425.7,,
"1241","VERMILLION CROSSING","2023081809",0.5,16.4,74,1.1,259,28.5,,,,,,,,,,,,,,,,,,,,,,,426.2,,
"1241","VERMILLION CROSSING","2023081810",0,18.3,65,0,76,5,,,,,,,,,,,,,,,,,,,,,,,426.2,,
"1241","VERMILLION CROSSING","2023081811",0,21.5,43,0.2,34,3.4,,,,,,,,,,,,,,,,,,,,,,,426.2,,
"1241","VERMILLION CROSSING","2023081812",0,20.7,35,3.6,332,14.7,,,,0.5,,,,,,,,,,,,,,,,,,,426.2,,
"1241","VERMILLION CROSSING","2023081813",0,21.4,29,3.1,246,20.2,,,,,,,,,,,,,,,,,,,,,,,426.2,,
"1241","VERMILLION CROSSING","2023081814",0,19.2,31,2.8,257,15.9,,,,,,,,,,,,,,,,,,,,,,,426.2,,
"1241","VERMILLION CROSSING","2023081815",0,13.5,62,4.7,275,19.3,,,,,,,,,,,,,,,,,,,,,,,426.2,,
"1241","VERMILLION CROSSING","2023081816",1,7,86,0.4,234,44.2,,,,,,,,,,,,,,,,,,,,,,,427.2,,
"1241","VERMILLION CROSSING","2023081817",0,8,88,0.1,304,7.2,,,,,,,,,,,,,,,,,,,,,,,427.2,,
"1241","VERMILLION CROSSING","2023081818",0,7.6,88,0,266,3.3,,,,,,,,,,,,,,,,,,,,,,,427.2,,
"1241","VERMILLION CROSSING","2023081819",0,7.1,88,0.2,92,6.3,,,,,,,,,,,,,,,,,,,,,,,427.2,,
"1241","VERMILLION CROSSING","2023081820",0,6.1,89,0.1,174,4.3,,,,,,,,,,,,,,,,,,,,,,,427.2,,
"1241","VERMILLION CROSSING","2023081821",0,4,90,0.1,5,2.4,,,,,,,,,,,,,,,,,,,,,,,427.2,,
"1241","VERMILLION CROSSING","2023081822",0,2.4,91,0.4,267,4.9,,,,,,,,,,,,,,,,,,,,,,,427.2,,
"1241","VERMILLION CROSSING","2023081823",0,1.9,93,0,266,3.9,,,,,,,,,,,,,,,,,,,,,,,427.2,,
"1242","MCLEOD MEADOWS","2023081800",0,14.8,70,0,316,4.7,,,,,,,,,,,,,,,,,,,,,,,393.7,,
"1242","MCLEOD MEADOWS","2023081801",0,13.9,73,0.1,9,3.7,,,,,,,,,,,,,,,,,,,,,,,393.7,,
"1242","MCLEOD MEADOWS","2023081802",0,13.4,73,1.3,303,3.7,,,,,,,,,,,,,,,,,,,,,,,393.7,,
"1242","MCLEOD MEADOWS","2023081803",0,13.4,73,0,86,3.8,,,,,,,,,,,,,,,,,,,,,,,393.7,,
"1242","MCLEOD MEADOWS","2023081804",0,13,76,0,63,3.7,,,,,,,,,,,,,,,,,,,,,,,393.7,,
"1242","MCLEOD MEADOWS","2023081805",0,12.1,79,1.4,81,4.6,,,,,,,,,,,,,,,,,,,,,,,393.7,,
"1242","MCLEOD MEADOWS","2023081806",0,11.7,83,1,245,4.7,,,,,,,,,,,,,,,,,,,,,,,393.7,,
"1242","MCLEOD MEADOWS","2023081807",0,13.2,84,0.5,278,4.2,,,,,,,,,,,,,,,,,,,,,,,393.7,,
"1242","MCLEOD MEADOWS","2023081808",0,16.1,60,2.6,162,9.9,,,,,,,,,,,,,,,,,,,,,,,393.7,,
"1242","MCLEOD MEADOWS","2023081809",0,17.7,65,2.1,5,9.3,,,,,,,,,,,,,,,,,,,,,,,393.7,,
"1242","MCLEOD MEADOWS","2023081810",0,23.3,44,3.8,170,15.8,,,,,,,,,,,,,,,,,,,,,,,393.7,,
"1242","MCLEOD MEADOWS","2023081811",0,24.8,24,2.5,324,17.3,,,,,,,,,,,,,,,,,,,,,,,393.7,,
"1242","MCLEOD MEADOWS","2023081812",0,26.3,19,4.7,73,30.7,,,,0,,,,,,,,,,,,,,,,,,,393.7,,
"1242","MCLEOD MEADOWS","2023081813",0,25.8,17,6.8,167,22.5,,,,,,,,,,,,,,,,,,,,,,,393.7,,
"1242","MCLEOD MEADOWS","2023081814",0,19.7,33,7.3,21,35.2,,,,,,,,,,,,,,,,,,,,,,,393.7,,
"1242","MCLEOD MEADOWS","2023081815",0,16,44,13,3,40.4,,,,,,,,,,,,,,,,,,,,,,,393.7,,
"1242","MCLEOD MEADOWS","2023081816",0,10.5,65,7.3,357,37.2,,,,,,,,,,,,,,,,,,,,,,,393.7,,
"1242","MCLEOD MEADOWS","2023081817",0,11.7,57,1.8,33,26,,,,,,,,,,,,,,,,,,,,,,,393.7,,
"1242","MCLEOD MEADOWS","2023081818",0,10.4,64,1.9,326,8.4,,,,,,,,,,,,,,,,,,,,,,,393.7,,
"1242","MCLEOD MEADOWS","2023081819",0,9.6,70,2.7,27,14.3,,,,,,,,,,,,,,,,,,,,,,,393.7,,
"1242","MCLEOD MEADOWS","2023081820",0,8.5,74,1,54,15.1,,,,,,,,,,,,,,,,,,,,,,,393.7,,
"1242","MCLEOD MEADOWS","2023081821",0,6.6,81,0.6,225,4.7,,,,,,,,,,,,,,,,,,,,,,,393.7,,
"1242","MCLEOD MEADOWS","2023081822",0,4.6,87,0,261,2.7,,,,,,,,,,,,,,,,,,,,,,,393.7,,
"1242","MCLEOD MEADOWS","2023081823",0,3.2,90,0,213,2.3,,,,,,,,,,,,,,,,,,,,,,,393.7,,
"1260","REDSTREAK","2023081800",0,23.6,33,0.6,162,7,,,,,,,,,,,,,,,,,,,,,,,1624.33,,
"1260","REDSTREAK","2023081801",0,22.3,36,0.2,339,5.1,,,,,,,,,,,,,,,,,,,,,,,1624.33,,
"1260","REDSTREAK","2023081802",0,21.6,38,1.1,58,5.5,,,,,,,,,,,,,,,,,,,,,,,1624.33,,
"1260","REDSTREAK","2023081803",0,21.7,39,0.3,337,4.2,,,,,,,,,,,,,,,,,,,,,,,1624.33,,
"1260","REDSTREAK","2023081804",0,20,41,0.5,96,5.1,,,,,,,,,,,,,,,,,,,,,,,1624.33,,
"1260","REDSTREAK","2023081805",0,20,43,0.6,106,4.1,,,,,,,,,,,,,,,,,,,,,,,1624.33,,
"1260","REDSTREAK","2023081806",0,20.1,41,0.2,149,6.3,,,,,,,,,,,,,,,,,,,,,,,1624.33,,
"1260","REDSTREAK","2023081807",0,19.8,45,1.4,66,6.6,,,,,,,,,,,,,,,,,,,,,,,1624.33,,
"1260","REDSTREAK","2023081808",0,21.3,41,4.1,143,10.6,,,,,,,,,,,,,,,,,,,,,,,1624.33,,
"1260","REDSTREAK","2023081809",0,21.8,42,1.5,309,12.2,,,,,,,,,,,,,,,,,,,,,,,1624.33,,
"1260","REDSTREAK","2023081810",0,20.8,46,0.8,358,16.5,,,,,,,,,,,,,,,,,,,,,,,1624.33,,
"1260","REDSTREAK","2023081811",0,23.3,38,2.7,345,20.8,,,,,,,,,,,,,,,,,,,,,,,1624.33,,
"1260","REDSTREAK","2023081812",0,26.1,29,4.3,290,11.6,,,,0,,,,,,,,,,,,,,,,,,,1624.33,,
"1260","REDSTREAK","2023081813",0,30.1,13,8.5,176,25.2,,,,,,,,,,,,,,,,,,,,,,,1624.33,,
"1260","REDSTREAK","2023081814",0,28.8,10,8.7,282,28.9,,,,,,,,,,,,,,,,,,,,,,,1624.33,,
"1260","REDSTREAK","2023081815",0,21.5,31,12,332,52,,,,,,,,,,,,,,,,,,,,,,,1624.33,,
"1260","REDSTREAK","2023081816",0,16.9,46,18.6,340,47.6,,,,,,,,,,,,,,,,,,,,,,,1624.33,,
"1260","REDSTREAK","2023081817",0,13.9,47,14.5,330,54.5,,,,,,,,,,,,,,,,,,,,,,,1624.33,,
"1260","REDSTREAK","2023081818",0,14.3,47,9,342,38.4,,,,,,,,,,,,,,,,,,,,,,,1624.33,,
"1260","REDSTREAK","2023081819",0,13.7,45,11,343,26.3,,,,,,,,,,,,,,,,,,,,,,,1624.33,,
"1260","REDSTREAK","2023081820",0,11.4,63,13.4,345,36.1,,,,,,,,,,,,,,,,,,,,,,,1624.33,,
"1260","REDSTREAK","2023081821",0,11.1,59,9,343,26.6,,,,,,,,,,,,,,,,,,,,,,,1624.33,,
"1260","REDSTREAK","2023081822",0,10.5,60,7.1,307,28.6,,,,,,,,,,,,,,,,,,,,,,,1624.33,,
"1260","REDSTREAK","2023081823",0,9.3,68,5.6,342,17.6,,,,,,,,,,,,,,,,,,,,,,,1624.33,,
"1264","LOWER BEAVER","2023081800",0,16.6,74,0.8,169,7.2,88.157,3.427,15.601,,,,,,,,,,,,,,,,,,,,144.78,,
"1264","LOWER BEAVER","2023081801",0,15.6,75,4.5,221,11.7,87.669,3.85,17.031,,,,,,,,,,,,,,,,,,,,144.78,,
"1264","LOWER BEAVER","2023081802",0,16.2,73,4.3,128,11.6,87.301,3.616,16.25,,,,,,,,,,,,,,,,,,,,144.78,,
"1264","LOWER BEAVER","2023081803",0,15.7,73,2.8,271,11.8,86.994,3.209,14.84,,,,,,,,,,,,,,,,,,,,144.78,,
"1264","LOWER BEAVER","2023081804",0,15.5,75,2.5,351,7.3,86.674,3.021,14.164,,,,,,,,,,,,,,,,,,,,144.78,,
"1264","LOWER BEAVER","2023081805",0,17.9,63,1.5,278,11.8,86.686,2.877,13.636,,,,,,,,,,,,,,,,,,,,144.78,,
"1264","LOWER BEAVER","2023081806",0,17.6,80,2.6,24,9.5,86.263,2.865,13.591,,,,,,,,,,,,,,,,,,,,144.78,,
"1264","LOWER BEAVER","2023081807",0.76,16.5,93,2.2,137,24,69.633,0.691,3.679,,,,,,,,,,,,,,,,,,,,145.54,,
"1264","LOWER BEAVER","2023081808",0,16.3,86,0.6,284,6.8,69.963,0.644,3.392,,,,,,,,,,,,,,,,,,,,145.54,,
"1264","LOWER BEAVER","2023081809",0,18,70,2.8,265,15,70.932,0.743,3.991,,,,,,,,,,,,,,,,,,,,145.54,,
"1264","LOWER BEAVER","2023081810",0,19.9,59,3.5,255,11,72.312,0.808,4.374,,,,,,,,,,,,,,,,,,,,145.54,,
"1264","LOWER BEAVER","2023081811",0,19.8,45,4.6,188,15.6,74.072,0.921,5.01,,,,,,,,,,,,,,,,,,,,145.54,,
"1264","LOWER BEAVER","2023081812",0,18.3,44,4.1,290,18,75.563,0.973,5.295,0.76,88.099,4.013,17.76,80.172,526.382,116.126,4,,,,,,,,,,,,145.54,,
"1264","LOWER BEAVER","2023081813",0.51,15.1,68,6.4,108,17.2,66.992,0.784,4.3,,,,,,,,,,,,,,,,,,,,146.05,,
"1264","LOWER BEAVER","2023081814",0,16.8,49,3.1,313,22.6,68.753,0.703,3.817,,,,,,,,,,,,,,,,,,,,146.05,,
"1264","LOWER BEAVER","2023081815",0,15.9,53,1.9,116,8.2,70.119,0.691,3.744,,,,,,,,,,,,,,,,,,,,146.05,,
"1264","LOWER BEAVER","2023081816",0,14.8,50,2.5,310,12,71.456,0.745,4.07,,,,,,,,,,,,,,,,,,,,146.05,,
"1264","LOWER BEAVER","2023081817",2.03,10.1,91,0.7,44,16.8,42.34,0.055,0.169,,,,,,,,,,,,,,,,,,,,148.08,,
"1264","LOWER BEAVER","2023081818",0.76,10.2,94,0.4,125,4,35.475,0.014,0.042,,,,,,,,,,,,,,,,,,,,148.84,,
"1264","LOWER BEAVER","2023081819",0,9.4,96,0,285,4,35.651,0.014,0.043,,,,,,,,,,,,,,,,,,,,148.84,,
"1264","LOWER BEAVER","2023081820",0,9,97,0,25,3.9,35.788,0.015,0.045,,,,,,,,,,,,,,,,,,,,148.84,,
"1264","LOWER BEAVER","2023081821",0,8.9,97,0.1,22,2.6,35.948,0.015,0.047,,,,,,,,,,,,,,,,,,,,148.84,,
"1264","LOWER BEAVER","2023081822",0,8.7,98,1.3,240,5.6,36.105,0.017,0.051,,,,,,,,,,,,,,,,,,,,148.84,,
"1264","LOWER BEAVER","2023081823",0,8.1,98,0,313,3.8,36.203,0.016,0.049,,,,,,,,,,,,,,,,,,,,148.84,,
"1265","UPPER BEAVER","2023081800",0,20.3,39,5.5,45,18.9,92.19,7.725,24.212,,,,,,,,,,,,,,,,,,,,131.06,,
"1265","UPPER BEAVER","2023081801",0,19.5,41,7.5,144,16.4,92.034,8.358,25.577,,,,,,,,,,,,,,,,,,,,131.06,,
"1265","UPPER BEAVER","2023081802",0,19.1,42,4.1,146,26.2,91.89,6.901,22.358,,,,,,,,,,,,,,,,,,,,131.06,,
"1265","UPPER BEAVER","2023081803",0,18.3,43,4.3,318,16.2,91.731,6.814,22.159,,,,,,,,,,,,,,,,,,,,131.06,,
"1265","UPPER BEAVER","2023081804",0,18,43,5.2,178,13.8,91.578,6.978,22.536,,,,,,,,,,,,,,,,,,,,131.06,,
"1265","UPPER BEAVER","2023081805",0,17.8,45,5.8,285,40.6,91.393,7.005,22.599,,,,,,,,,,,,,,,,,,,,131.06,,
"1265","UPPER BEAVER","2023081806",0,16.4,54,3.5,12,26.8,91.05,5.942,20.084,,,,,,,,,,,,,,,,,,,,131.06,,
"1265","UPPER BEAVER","2023081807",4.06,13.3,64,8.9,77,15.8,37.877,0.036,0.088,,,,,,,,,,,,,,,,,,,,135.13,,
"1265","UPPER BEAVER","2023081808",0,13.7,74,7.6,101,13.5,40.176,0.053,0.129,,,,,,,,,,,,,,,,,,,,135.13,,
"1265","UPPER BEAVER","2023081809",0,14.1,64,8.9,121,14.2,43.053,0.094,0.231,,,,,,,,,,,,,,,,,,,,135.13,,
"1265","UPPER BEAVER","2023081810",0,14.3,48,13.1,268,35.1,46.797,0.208,0.511,,,,,,,,,,,,,,,,,,,,135.13,,
"1265","UPPER BEAVER","2023081811",0.25,11,55,28.7,162,64.7,47.668,0.515,1.864,,,,,,,,,,,,,,,,,,,,135.38,,
"1265","UPPER BEAVER","2023081812",0.25,13.9,41,12,172,39.9,48.596,0.252,0.618,4.56,68.234,1.083,3.86,39.911,412.723,64.282,3,,,,,,,,,,,,135.64,,
"1265","UPPER BEAVER","2023081813",0.25,8.3,71,24.6,320,49.7,48.12,0.446,0.899,,,,,,,,,,,,,,,,,,,,135.89,,
"1265","UPPER BEAVER","2023081814",0,8.8,51,6.9,26,42.1,50.499,0.247,0.497,,,,,,,,,,,,,,,,,,,,135.89,,
"1265","UPPER BEAVER","2023081815",0,9.4,67,11.4,155,26.8,52.526,0.389,0.784,,,,,,,,,,,,,,,,,,,,135.89,,
"1265","UPPER BEAVER","2023081816",0,9.7,51,10.9,134,26.1,55,0.483,0.975,,,,,,,,,,,,,,,,,,,,135.89,,
"1265","UPPER BEAVER","2023081817",0,5.2,95,15.7,312,43.6,55.366,0.636,1.906,,,,,,,,,,,,,,,,,,,,135.89,,
"1265","UPPER BEAVER","2023081818",1.27,5.9,89,5,38,20.3,40.698,0.051,0.103,,,,,,,,,,,,,,,,,,,,137.16,,
"1265","UPPER BEAVER","2023081819",0,5.6,87,2.4,285,13.6,41.438,0.051,0.103,,,,,,,,,,,,,,,,,,,,137.16,,
"1265","UPPER BEAVER","2023081820",0,4.2,98,1,96,8.9,41.56,0.049,0.098,,,,,,,,,,,,,,,,,,,,137.16,,
"1265","UPPER BEAVER","2023081821",0,3.9,100,6.8,340,14.7,41.593,0.066,0.132,,,,,,,,,,,,,,,,,,,,137.16,,
"1265","UPPER BEAVER","2023081822",0,4.1,92,3.8,327,8.6,42.1,0.062,0.125,,,,,,,,,,,,,,,,,,,,137.16,,
"1265","UPPER BEAVER","2023081823",0,4,90,5.8,15,10.8,42.776,0.077,0.155,,,,,,,,,,,,,,,,,,,,137.16,,
"1268","VALEMOUNT AIRPORT","2023081800",0,13.5,100,4.6,155,7.9,42.247,0.066,0.169,,,,,,,,,,,,,,,,,,,,,,
"1268","VALEMOUNT AIRPORT","2023081801",0,13.2,100,4.4,65,11.4,42.281,0.066,0.168,,,,,,,,,,,,,,,,,,,,,,
"1268","VALEMOUNT AIRPORT","2023081802",0,12.8,100,2.5,179,11.4,42.315,0.06,0.153,,,,,,,,,,,,,,,,,,,,,,
"1268","VALEMOUNT AIRPORT","2023081803",0,13.2,73,6.2,319,14.9,44.387,0.102,0.261,,,,,,,,,,,,,,,,,,,,,,
"1268","VALEMOUNT AIRPORT","2023081804",0,13.3,61,8.3,312,17.7,47.1,0.17,0.436,,,,,,,,,,,,,,,,,,,,,,
"1268","VALEMOUNT AIRPORT","2023081805",0,14.3,50,15,331,26.9,50.652,0.378,0.966,,,,,,,,,,,,,,,,,,,,,,
"1268","VALEMOUNT AIRPORT","2023081806",0,14.2,47,15.4,325,25.8,54.106,0.558,2.249,,,,,,,,,,,,,,,,,,,,,,
"1268","VALEMOUNT AIRPORT","2023081807",0,14.8,47,12.7,328,27.5,57.263,0.641,2.727,,,,,,,,,,,,,,,,,,,,,,
"1268","VALEMOUNT AIRPORT","2023081808",0,14.2,50,10.5,309,24.1,59.911,0.691,3.005,,,,,,,,,,,,,,,,,,,,,,
"1268","VALEMOUNT AIRPORT","2023081809",2,8.9,94,11.4,296,37.9,36.537,0.03,0.078,,,,,,,,,,,,,,,,,,,,,,
"1268","VALEMOUNT AIRPORT","2023081810",0,13.2,62,15,324,26.9,39.936,0.073,0.187,,,,,,,,,,,,,,,,,,,,,,
"1268","VALEMOUNT AIRPORT","2023081811",0,16.5,52,16,304,31.6,44.184,0.162,0.414,,,,,,,,,,,,,,,,,,,,,,
"1268","VALEMOUNT AIRPORT","2023081812",0,14.9,53,8.5,354,26.9,47.433,0.18,0.461,4.8,63.552,0.761,2.541,38.374,551.358,65.374,3,,,,,,,,,,,,,,
"1268","VALEMOUNT AIRPORT","2023081813",0,13.8,56,10.9,9,47.7,50.431,0.299,0.611,,,,,,,,,,,,,,,,,,,,,,
"1268","VALEMOUNT AIRPORT","2023081814",0.2,15,53,20.1,317,40.2,51.696,0.55,1.484,,,,,,,,,,,,,,,,,,,,,,
"1268","VALEMOUNT AIRPORT","2023081815",0,13,57,20.3,330,39,54.763,0.76,2.535,,,,,,,,,,,,,,,,,,,,,,
"1268","VALEMOUNT AIRPORT","2023081816",0.2,10.7,89,10.9,255,33.3,52.944,0.396,0.808,,,,,,,,,,,,,,,,,,,,,,
"1268","VALEMOUNT AIRPORT","2023081817",0,11.6,73,7.4,329,19.5,54.588,0.39,0.797,,,,,,,,,,,,,,,,,,,,,,
"1268","VALEMOUNT AIRPORT","2023081818",0,12,75,3.2,125,10.8,55.849,0.354,0.722,,,,,,,,,,,,,,,,,,,,,,
"1268","VALEMOUNT AIRPORT","2023081819",0,11.3,73,5.2,327,12,57.235,0.438,0.894,,,,,,,,,,,,,,,,,,,,,,
"1268","VALEMOUNT AIRPORT","2023081820",0,10.6,78,7.4,317,14.9,58.437,0.535,1.393,,,,,,,,,,,,,,,,,,,,,,
"1268","VALEMOUNT AIRPORT","2023081821",0,9.1,89,2.8,249,12,58.912,0.439,0.896,,,,,,,,,,,,,,,,,,,,,,
"1268","VALEMOUNT AIRPORT","2023081822",0,8.1,97,1.7,254,4.5,59.041,0.419,0.855,,,,,,,,,,,,,,,,,,,,,,
"1268","VALEMOUNT AIRPORT","2023081823",0,5.7,100,1.6,172,5.1,59.08,0.418,0.853,,,,,,,,,,,,,,,,,,,,,,
"1270","OLD FADDY","2023081800",0,7.3,96,0.8,160,9.8,75.271,0.81,0.639,,,,,,,,,,,,,,,,,,,,2162.8,,
"1270","OLD FADDY","2023081801",0,7.4,93,3.5,145,5.6,75.315,0.93,0.733,,,,,,,,,,,,,,,,,,,,2162.8,,
"1270","OLD FADDY","2023081802",0,5.3,98,4.1,176,8.3,75.192,0.952,0.751,,,,,,,,,,,,,,,,,,,,2162.8,,
"1270","OLD FADDY","2023081803",0,6.3,98,4.7,166,8.1,75.084,0.975,0.769,,,,,,,,,,,,,,,,,,,,2162.8,,
"1270","OLD FADDY","2023081804",0,6.5,96,5.4,159,9.7,75.114,1.012,0.798,,,,,,,,,,,,,,,,,,,,2162.8,,
"1270","OLD FADDY","2023081805",0,5.1,98,4.9,179,9,75.004,0.981,0.773,,,,,,,,,,,,,,,,,,,,2162.8,,
"1270","OLD FADDY","2023081806",0,5.8,99,4,165,8.4,74.844,0.929,0.733,,,,,,,,,,,,,,,,,,,,2162.8,,
"1270","OLD FADDY","2023081807",0,10.2,78,1.9,245,4.4,75.131,0.849,0.67,,,,,,,,,,,,,,,,,,,,2162.8,,
"1270","OLD FADDY","2023081808",0,11.4,74,2.8,177,7.5,75.518,0.909,0.717,,,,,,,,,,,,,,,,,,,,2162.8,,
"1270","OLD FADDY","2023081809",0,12.8,71,2.8,132,8.3,75.971,0.934,0.737,,,,,,,,,,,,,,,,,,,,2162.8,,
"1270","OLD FADDY","2023081810",0,14.8,58,9.9,283,17.2,76.901,1.424,1.481,,,,,,,,,,,,,,,,,,,,2162.8,,
"1270","OLD FADDY","2023081811",0,16.8,51,10.7,277,21.1,78.039,1.621,1.893,,,,,,,,,,,,,,,,,,,,2162.8,,
"1270","OLD FADDY","2023081812",0,18,48,11,261,23.5,79.21,1.829,2.287,0.6,84.315,3.474,5.593,10.419,435.041,19.662,2,,,,,,,,,,,,2162.8,,
"1270","OLD FADDY","2023081813",0,18.7,43,11.1,289,23.2,80.434,2.083,3.22,,,,,,,,,,,,,,,,,,,,2162.8,,
"1270","OLD FADDY","2023081814",0,18,46,17.6,276,40.6,81.479,3.252,5.24,,,,,,,,,,,,,,,,,,,,2162.8,,
"1270","OLD FADDY","2023081815",0,13.6,64,12.1,242,33.4,81.757,2.547,4.058,,,,,,,,,,,,,,,,,,,,2162.8,,
"1270","OLD FADDY","2023081816",0,16.1,51,4.6,223,17.5,82.266,1.857,2.787,,,,,,,,,,,,,,,,,,,,2162.8,,
"1270","OLD FADDY","2023081817",0,19.2,42,8.3,236,16.3,83.122,2.492,3.961,,,,,,,,,,,,,,,,,,,,2162.8,,
"1270","OLD FADDY","2023081818",0,18.6,43,7.8,262,24.8,83.813,2.659,4.252,,,,,,,,,,,,,,,,,,,,2162.8,,
"1270","OLD FADDY","2023081819",0,17.6,46,5.6,242,14.4,84.285,2.535,4.037,,,,,,,,,,,,,,,,,,,,2162.8,,
"1270","OLD FADDY","2023081820",0,13.9,56,4.8,288,15.9,84.425,2.481,3.942,,,,,,,,,,,,,,,,,,,,2162.8,,
"1270","OLD FADDY","2023081821",0,11.4,64,5.3,223,13.8,84.473,2.561,4.082,,,,,,,,,,,,,,,,,,,,2162.8,,
"1270","OLD FADDY","2023081822",0,10.3,64,5.4,240,11,84.521,2.591,4.134,,,,,,,,,,,,,,,,,,,,2162.8,,
"1270","OLD FADDY","2023081823",0,10.6,61,5.9,245,12.9,84.569,2.674,4.279,,,,,,,,,,,,,,,,,,,,2162.8,,
"1275","APE LAKE","2023081800",0,5.6,64,6.6,354,12.2,,,,,,,,,,,,,-1.4,,,,,,,,,,12506.8,0,
"1275","APE LAKE","2023081801",0,4.7,73,8.5,1,14,,,,,,,,,,,,,-1.3,,,,,,,,,,12506.8,0,
"1275","APE LAKE","2023081802",0,4.2,82,12.2,342,20.1,,,,,,,,,,,,,97.7,,,,,,,,,,12506.8,0,
"1275","APE LAKE","2023081803",0,3.8,90,14.9,350,26.1,,,,,,,,,,,,,292.2,,,,,,,,,,12506.8,0,
"1275","APE LAKE","2023081804",0,3.7,90,11.5,341,21.5,,,,,,,,,,,,,194.7,,,,,,,,,,12506.8,0,
"1275","APE LAKE","2023081805",0,3.6,88,8.9,333,17.4,,,,,,,,,,,,,291.2,,,,,,,,,,12506.8,0,
"1275","APE LAKE","2023081806",0,3.6,89,11.3,336,14,,,,,,,,,,,,,291.1,,,,,,,,,,12506.8,7,
"1275","APE LAKE","2023081807",0,3.8,87,11.5,322,16.6,,,,,,,,,,,,,292.7,,,,,,,,,,12506.8,57,
"1275","APE LAKE","2023081808",0,4.2,81,3.9,351,12.6,,,,,,,,,,,,,95.8,,,,,,,,,,12506.8,106,
"1275","APE LAKE","2023081809",0,6.6,61,12.1,356,18,,,,,,,,,,,,,0.1,,,,,,,,,,12506.8,466,
"1275","APE LAKE","2023081810",0,7.1,62,10.9,347,19.5,,,,,,,,,,,,,-0.9,,,,,,,,,,12506.8,527,
"1275","APE LAKE","2023081811",0,8.4,56,9.1,338,18.7,,,,,,,,,,,,,0.5,,,,,,,,,,12506.8,638,
"1275","APE LAKE","2023081812",0,9.9,50,6.8,328,18.1,,,,0,,,,,,,,,0.2,,,,,,,,,,12506.8,802,
"1275","APE LAKE","2023081813",0,11.4,44,4.4,325,18.4,,,,,,,,,,,,,0.1,,,,,,,,,,12506.8,763,
"1275","APE LAKE","2023081814",0,12.3,41,6.9,324,14.4,,,,,,,,,,,,,0.1,,,,,,,,,,12506.8,825,
"1275","APE LAKE","2023081815",0,12.8,38,11.5,326,22.1,,,,,,,,,,,,,-0.2,,,,,,,,,,12506.8,763,
"1275","APE LAKE","2023081816",0,12.7,38,13.8,339,22.2,,,,,,,,,,,,,-0.3,,,,,,,,,,12506.8,705,
"1275","APE LAKE","2023081817",0,11.7,43,14,334,22.9,,,,,,,,,,,,,0,,,,,,,,,,12506.8,476,
"1275","APE LAKE","2023081818",0,11.4,48,9.2,331,19.7,,,,,,,,,,,,,-1,,,,,,,,,,12506.8,288,
"1275","APE LAKE","2023081819",0,9.9,53,7.7,349,13.4,,,,,,,,,,,,,-1.1,,,,,,,,,,12506.8,41,
"1275","APE LAKE","2023081820",0,8.7,59,2.3,14,9.1,,,,,,,,,,,,,-1.9,,,,,,,,,,12506.8,11,
"1275","APE LAKE","2023081821",0,7.3,65,0,100,5.3,,,,,,,,,,,,,-1.7,,,,,,,,,,12506.8,0,
"1275","APE LAKE","2023081822",0,7.2,64,1.4,84,4.7,,,,,,,,,,,,,-2.2,,,,,,,,,,12506.8,0,
"1275","APE LAKE","2023081823",0,5.9,71,0,30,3.5,,,,,,,,,,,,,-2.4,,,,,,,,,,12506.8,0,
"1276","MACHMELL KLINIKLINI","2023081800",0,4.1,65,0.3,16,11.8,,,,,,,,,,,,,0,,,,,,,,,,608.2,0,
"1276","MACHMELL KLINIKLINI","2023081801",0,3.6,62,1.1,34,8.2,,,,,,,,,,,,,-0.3,,,,,,,,,,608.2,0,
"1276","MACHMELL KLINIKLINI","2023081802",0,2.8,72,0.8,57,6.4,,,,,,,,,,,,,-0.1,,,,,,,,,,608.2,0,
"1276","MACHMELL KLINIKLINI","2023081803",0,1.6,95,1.6,325,9.5,,,,,,,,,,,,,-0.2,,,,,,,,,,608.2,0,
"1276","MACHMELL KLINIKLINI","2023081804",0,1.6,100,0.5,313,9.7,,,,,,,,,,,,,0.1,,,,,,,,,,608.2,0,
"1276","MACHMELL KLINIKLINI","2023081805",0,1.8,92,0.1,136,6.2,,,,,,,,,,,,,0.1,,,,,,,,,,608.2,1,
"1276","MACHMELL KLINIKLINI","2023081806",0,2.7,79,0.2,295,6.4,,,,,,,,,,,,,0,,,,,,,,,,608.2,11,
"1276","MACHMELL KLINIKLINI","2023081807",0,2.6,90,0.1,213,8.5,,,,,,,,,,,,,-0.2,,,,,,,,,,608.2,47,
"1276","MACHMELL KLINIKLINI","2023081808",0,4.2,76,0.8,304,4.7,,,,,,,,,,,,,0.8,,,,,,,,,,608.2,120,
"1276","MACHMELL KLINIKLINI","2023081809",0,4.4,78,0.4,194,6.5,,,,,,,,,,,,,0,,,,,,,,,,608.2,268,
"1276","MACHMELL KLINIKLINI","2023081810",0,7.1,62,2.5,204,7.9,,,,,,,,,,,,,0.3,,,,,,,,,,608.2,399,
"1276","MACHMELL KLINIKLINI","2023081811",0,8.3,59,4.8,262,11,,,,,,,,,,,,,0.5,,,,,,,,,,608.2,782,
"1276","MACHMELL KLINIKLINI","2023081812",0,8.5,55,3.9,184,17.9,,,,0,,,,,,,,,0.9,,,,,,,,,,608.2,433,
"1276","MACHMELL KLINIKLINI","2023081813",0,11.3,47,5.1,196,20.3,,,,,,,,,,,,,1.5,,,,,,,,,,608.2,802,
"1276","MACHMELL KLINIKLINI","2023081814",0,12.4,42,4.7,253,16.8,,,,,,,,,,,,,0.7,,,,,,,,,,608.2,895,
"1276","MACHMELL KLINIKLINI","2023081815",0,12.9,40,4.4,272,15,,,,,,,,,,,,,0.5,,,,,,,,,,608.2,776,
"1276","MACHMELL KLINIKLINI","2023081816",0,12.7,41,4.2,293,13.4,,,,,,,,,,,,,1.4,,,,,,,,,,608.2,656,
"1276","MACHMELL KLINIKLINI","2023081817",0,11.6,47,4.5,304,13,,,,,,,,,,,,,0.7,,,,,,,,,,608.2,483,
"1276","MACHMELL KLINIKLINI","2023081818",0,11.4,49,4.2,264,12.3,,,,,,,,,,,,,0.4,,,,,,,,,,608.2,306,
"1276","MACHMELL KLINIKLINI","2023081819",0,9.1,64,0.2,249,9.3,,,,,,,,,,,,,-0.1,,,,,,,,,,608.2,123,
"1276","MACHMELL KLINIKLINI","2023081820",0,8,61,0.2,13,3.7,,,,,,,,,,,,,-0.9,,,,,,,,,,608.2,11,
"1276","MACHMELL KLINIKLINI","2023081821",0,7.4,67,2.4,7,4.4,,,,,,,,,,,,,-1.2,,,,,,,,,,608.2,1,
"1276","MACHMELL KLINIKLINI","2023081822",0,7.1,73,2.3,8,4.8,,,,,,,,,,,,,-1,,,,,,,,,,608.2,0,
"1276","MACHMELL KLINIKLINI","2023081823",0,7.9,63,1.9,23,7.1,,,,,,,,,,,,,-1.4,,,,,,,,,,608.2,0,
"1277","WEST KELOWNA","2023081800",0,25.9,32,19,78,50.5,95.076,22.789,66.565,,,,,,,,,,,,,,,,,,,,2197.6,,
"1277","WEST KELOWNA","2023081801",0,25.3,31,18.7,84,55.9,94.849,21.759,64.732,,,,,,,,,,,,,,,,,,,,2197.6,,
"1277","WEST KELOWNA","2023081802",0,24,32,12.7,97,46.8,94.63,15.605,52.796,,,,,,,,,,,,,,,,,,,,2197.6,,
"1277","WEST KELOWNA","2023081803",0,23.6,30,6.2,59,17.6,94.522,11.079,42.532,,,,,,,,,,,,,,,,,,,,2197.6,,
"1277","WEST KELOWNA","2023081804",0,23.1,30,6.9,45,21.3,94.415,11.31,43.096,,,,,,,,,,,,,,,,,,,,2197.6,,
"1277","WEST KELOWNA","2023081805",0,22,31,12.4,72,36.3,94.254,14.594,50.636,,,,,,,,,,,,,,,,,,,,2197.6,,
"1277","WEST KELOWNA","2023081806",0,21.1,31,12.3,79,38.7,94.101,14.216,49.81,,,,,,,,,,,,,,,,,,,,2197.6,,
"1277","WEST KELOWNA","2023081807",0,21.7,29,19.3,91,37.9,94.01,19.976,61.458,,,,,,,,,,,,,,,,,,,,2197.6,,
"1277","WEST KELOWNA","2023081808",0,24.1,22,15,81,37.7,94.061,16.198,54.031,,,,,,,,,,,,,,,,,,,,2197.6,,
"1277","WEST KELOWNA","2023081809",0,25,15,20.1,79,44.2,94.388,21.914,65.01,,,,,,,,,,,,,,,,,,,,2197.6,,
"1277","WEST KELOWNA","2023081810",0,26.6,10,18.5,94,43.4,94.998,21.985,65.139,,,,,,,,,,,,,,,,,,,,2197.6,,
"1277","WEST KELOWNA","2023081811",0,26.8,13,12.5,71,36.7,95.288,16.906,55.48,,,,,,,,,,,,,,,,,,,,2197.6,,
"1277","WEST KELOWNA","2023081812",0,22.9,23,15.9,140,32.8,95.244,19.944,61.399,0,94.714,18.548,58.756,205.91,1230.268,290.336,5,,,,,,,,,,,,2197.6,,
"1277","WEST KELOWNA","2023081813",0,24.4,20,8.4,134,33.1,95.295,13.763,48.827,,,,,,,,,,,,,,,,,,,,2197.6,,
"1277","WEST KELOWNA","2023081814",0,25,20,12.9,316,32.1,95.346,17.387,56.469,,,,,,,,,,,,,,,,,,,,2197.6,,
"1277","WEST KELOWNA","2023081815",0,24.3,17,14.5,284,32.5,95.397,18.979,59.588,,,,,,,,,,,,,,,,,,,,2197.6,,
"1277","WEST KELOWNA","2023081816",0,23.3,18,11.4,296,30,95.448,16.347,54.359,,,,,,,,,,,,,,,,,,,,2197.6,,
"1277","WEST KELOWNA","2023081817",0,22.5,20,14.3,285,28,95.458,18.945,59.523,,,,,,,,,,,,,,,,,,,,2197.6,,
"1277","WEST KELOWNA","2023081818",0,21.7,20,12,293,25.3,95.458,16.871,55.43,,,,,,,,,,,,,,,,,,,,2197.6,,
"1277","WEST KELOWNA","2023081819",0,21.2,22,3,277,23.8,95.434,10.685,41.569,,,,,,,,,,,,,,,,,,,,2197.6,,
"1277","WEST KELOWNA","2023081820",0,20.5,22,4.9,309,20.1,95.397,11.699,44.054,,,,,,,,,,,,,,,,,,,,2197.6,,
"1277","WEST KELOWNA","2023081821",0,20.1,24,6.4,259,18.8,95.311,12.471,45.882,,,,,,,,,,,,,,,,,,,,2197.6,,
"1277","WEST KELOWNA","2023081822",0,19.2,26,5.7,285,16.3,95.186,11.835,44.378,,,,,,,,,,,,,,,,,,,,2197.6,,
"1277","WEST KELOWNA","2023081823",0,18.3,30,2.5,81,8.6,95.015,9.839,39.412,,,,,,,,,,,,,,,,,,,,2197.6,,
"1283","CHEAKAMUS","2023081800",0,15.4,81,2,65,7.4,87.942,3.53,14.751,,,,,,,,,,,,,,,,,,,,4773,,
"1283","CHEAKAMUS","2023081801",0,13.5,84,0,42,4.3,87.391,2.949,12.824,,,,,,,,,,,,,,,,,,,,4773,,
"1283","CHEAKAMUS","2023081802",0,11.6,89,0,88,3.5,86.737,2.687,11.907,,,,,,,,,,,,,,,,,,,,4773,,
"1283","CHEAKAMUS","2023081803",0,10.5,92,0.6,133,4.3,85.939,2.475,11.139,,,,,,,,,,,,,,,,,,,,4773,,
"1283","CHEAKAMUS","2023081804",0,9.9,94,2.4,196,7.2,85.032,2.389,10.82,,,,,,,,,,,,,,,,,,,,4773,,
"1283","CHEAKAMUS","2023081805",0,13.5,72,6.5,222,19.3,84.961,2.908,12.682,,,,,,,,,,,,,,,,,,,,4773,,
"1283","CHEAKAMUS","2023081806",0,12.9,73,7.4,237,20.9,84.864,3.003,13.008,,,,,,,,,,,,,,,,,,,,4773,,
"1283","CHEAKAMUS","2023081807",0,15.8,65,5.4,227,20.8,84.912,2.733,12.069,,,,,,,,,,,,,,,,,,,,4773,,
"1283","CHEAKAMUS","2023081808",0,17.2,56,7.6,238,27.6,85.062,3.117,13.394,,,,,,,,,,,,,,,,,,,,4773,,
"1283","CHEAKAMUS","2023081809",0,18.2,48,10.8,222,27.5,85.405,3.84,15.732,,,,,,,,,,,,,,,,,,,,4773,,
"1283","CHEAKAMUS","2023081810",0,20.7,38,6.6,238,22.5,86.018,3.386,14.285,,,,,,,,,,,,,,,,,,,,4773,,
"1283","CHEAKAMUS","2023081811",0,22.1,36,7.2,238,23.3,86.676,3.829,15.696,,,,,,,,,,,,,,,,,,,,4773,,
"1283","CHEAKAMUS","2023081812",0,23.8,31,7.3,239,29.8,87.485,4.319,17.183,0,93.155,9.687,31.086,67,528.91,101.77,5,,,,,,,,,,,,4773,,
"1283","CHEAKAMUS","2023081813",0,23.2,30,13.5,201,25.8,88.248,6.583,23.843,,,,,,,,,,,,,,,,,,,,4773,,
"1283","CHEAKAMUS","2023081814",0,23.7,34,8.8,231,26.4,88.723,5.562,21.153,,,,,,,,,,,,,,,,,,,,4773,,
"1283","CHEAKAMUS","2023081815",0,23.7,32,8.3,243,23.6,89.187,5.797,21.789,,,,,,,,,,,,,,,,,,,,4773,,
"1283","CHEAKAMUS","2023081816",0,22.9,33,8.7,247,28.3,89.517,6.201,22.859,,,,,,,,,,,,,,,,,,,,4773,,
"1283","CHEAKAMUS","2023081817",0,21.9,38,7.4,239,26.2,89.611,5.887,22.03,,,,,,,,,,,,,,,,,,,,4773,,
"1283","CHEAKAMUS","2023081818",0,18.1,43,8.1,238,24.3,89.66,6.142,22.703,,,,,,,,,,,,,,,,,,,,4773,,
"1283","CHEAKAMUS","2023081819",0,15.7,49,7.7,236,20.9,89.566,5.938,22.166,,,,,,,,,,,,,,,,,,,,4773,,
"1283","CHEAKAMUS","2023081820",0,14.2,55,4.6,246,19.1,89.366,4.936,19.404,,,,,,,,,,,,,,,,,,,,4773,,
"1283","CHEAKAMUS","2023081821",0,11,68,2.1,188,8.1,88.958,4.104,16.934,,,,,,,,,,,,,,,,,,,,4773,,
"1283","CHEAKAMUS","2023081822",0,8.5,82,0,125,4.5,88.416,3.416,14.734,,,,,,,,,,,,,,,,,,,,4773,,
"1283","CHEAKAMUS","2023081823",0,8,86,1.7,52,5.4,87.679,3.348,14.51,,,,,,,,,,,,,,,,,,,,4773,,
"1313","TETRAHEDRON","2023081800",0,15.3,18,14.1,283,25.3,,,,,,,,,,,,,610.9,,,,,,,,,,4519.7,0,
"1313","TETRAHEDRON","2023081801",0,15,15,13.9,310,32.3,,,,,,,,,,,,,610.9,,,,,,,,,,4519.7,0,
"1313","TETRAHEDRON","2023081802",0,12.5,14,5.3,323,26.9,,,,,,,,,,,,,610.9,,,,,,,,,,4519.7,0,
"1313","TETRAHEDRON","2023081803",0,11.9,22,9.1,305,22.1,,,,,,,,,,,,,610.9,,,,,,,,,,4519.7,0,
"1313","TETRAHEDRON","2023081804",0,11,29,20.4,296,33.8,,,,,,,,,,,,,610.9,,,,,,,,,,4519.7,0,
"1313","TETRAHEDRON","2023081805",0,9.6,36,19.8,306,42.8,,,,,,,,,,,,,610.9,,,,,,,,,,4519.7,0,
"1313","TETRAHEDRON","2023081806",0,9.4,32,15,281,40.8,,,,,,,,,,,,,610.9,,,,,,,,,,4519.7,15,
"1313","TETRAHEDRON","2023081807",0,9.7,32,12.1,277,31.4,,,,,,,,,,,,,610.9,,,,,,,,,,4519.7,86,
"1313","TETRAHEDRON","2023081808",0,9.3,36,10.7,268,34.9,,,,,,,,,,,,,610.9,,,,,,,,,,4519.7,25,
"1313","TETRAHEDRON","2023081809",0,9.1,46,6.6,305,30.7,,,,,,,,,,,,,610.9,,,,,,,,,,4519.7,28,
"1313","TETRAHEDRON","2023081810",0,11.3,43,1.8,290,20.7,,,,,,,,,,,,,610.9,,,,,,,,,,4519.7,528,
"1313","TETRAHEDRON","2023081811",0,12.5,38,4.8,293,15.3,,,,,,,,,,,,,610.9,,,,,,,,,,4519.7,755,
"1313","TETRAHEDRON","2023081812",0,13.3,43,3.8,308,12.6,,,,0,,,,,,,,,610.9,,,,,,,,,,4519.7,811,
"1313","TETRAHEDRON","2023081813",0,13.9,45,2.8,336,13.4,,,,,,,,,,,,,610.9,,,,,,,,,,4519.7,821,
"1313","TETRAHEDRON","2023081814",0,13,44,6.1,321,15.8,,,,,,,,,,,,,610.9,,,,,,,,,,4519.7,785,
"1313","TETRAHEDRON","2023081815",0,14.3,35,5.7,327,15.6,,,,,,,,,,,,,610.9,,,,,,,,,,4519.7,707,
"1313","TETRAHEDRON","2023081816",0,13.8,39,4,310,15,,,,,,,,,,,,,610.9,,,,,,,,,,4519.7,587,
"1313","TETRAHEDRON","2023081817",0,13.2,42,4.8,337,12.7,,,,,,,,,,,,,610.9,,,,,,,,,,4519.7,438,
"1313","TETRAHEDRON","2023081818",0,12.2,49,2.7,317,10.9,,,,,,,,,,,,,610.9,,,,,,,,,,4519.7,270,
"1313","TETRAHEDRON","2023081819",0,10,56,2.6,332,11,,,,,,,,,,,,,610.9,,,,,,,,,,4519.7,93,
"1313","TETRAHEDRON","2023081820",0,10.1,30,7.1,329,14.3,,,,,,,,,,,,,610.9,,,,,,,,,,4519.7,13,
"1313","TETRAHEDRON","2023081821",0,9.8,35,3,0,12.8,,,,,,,,,,,,,610.9,,,,,,,,,,4519.7,0,
"1313","TETRAHEDRON","2023081822",0,9.6,43,0.8,32,10.8,,,,,,,,,,,,,610.9,,,,,,,,,,4519.7,0,
"1313","TETRAHEDRON","2023081823",0,9.1,49,0.3,99,5.4,,,,,,,,,,,,,610.9,,,,,,,,,,4519.7,0,
"1323","LARCH HILLS WEST","2023081800",0,23.2,37,12.1,145,24.6,93.245,12.494,43.399,,,,,,,,,,,,,,,,,,,,,,
"1323","LARCH HILLS WEST","2023081801",0,22.4,37,9.7,243,25.8,93.088,10.83,39.585,,,,,,,,,,,,,,,,,,,,,,
"1323","LARCH HILLS WEST","2023081802",0,21.9,41,6.4,208,17.2,92.862,8.885,34.778,,,,,,,,,,,,,,,,,,,,,,
"1323","LARCH HILLS WEST","2023081803",0,22.2,42,12.1,161,22.3,92.604,11.42,40.966,,,,,,,,,,,,,,,,,,,,,,
"1323","LARCH HILLS WEST","2023081804",0,21.5,41,11.2,154,26.9,92.404,10.611,39.064,,,,,,,,,,,,,,,,,,,,,,
"1323","LARCH HILLS WEST","2023081805",0,20.7,41,5.9,256,24.1,92.248,7.947,32.293,,,,,,,,,,,,,,,,,,,,,,
"1323","LARCH HILLS WEST","2023081806",0,20.2,42,7.8,276,18.3,92.068,8.527,33.843,,,,,,,,,,,,,,,,,,,,,,
"1323","LARCH HILLS WEST","2023081807",0,19,38,7.9,288,25.8,91.984,8.468,33.689,,,,,,,,,,,,,,,,,,,,,,
"1323","LARCH HILLS WEST","2023081808",0,19.5,34,5.3,246,21.2,92.004,7.449,30.922,,,,,,,,,,,,,,,,,,,,,,
"1323","LARCH HILLS WEST","2023081809",0,19.9,30,13.9,303,24.6,92.054,11.572,41.315,,,,,,,,,,,,,,,,,,,,,,
"1323","LARCH HILLS WEST","2023081810",0,19.4,29,8,301,21.8,92.104,8.657,34.184,,,,,,,,,,,,,,,,,,,,,,
"1323","LARCH HILLS WEST","2023081811",0,19.8,29,26.7,318,43.1,92.154,22.37,62.382,,,,,,,,,,,,,,,,,,,,,,
"1323","LARCH HILLS WEST","2023081812",0,21.1,25,21.7,300,47.7,92.24,17.6,53.842,0,93.655,21.458,61.115,118.055,731.71,168.247,5,,,,,,,,,,,,,,
"1323","LARCH HILLS WEST","2023081813",0,19.9,29,16.7,315,40.2,92.29,13.777,46.414,,,,,,,,,,,,,,,,,,,,,,
"1323","LARCH HILLS WEST","2023081814",0,19.8,20,19.8,279,38.5,92.517,16.63,52.235,,,,,,,,,,,,,,,,,,,,,,
"1323","LARCH HILLS WEST","2023081815",0,19.3,24,21.1,324,37.9,92.567,17.881,54.64,,,,,,,,,,,,,,,,,,,,,,
"1323","LARCH HILLS WEST","2023081816",0,19.3,25,19.7,318,36.7,92.617,16.781,52.529,,,,,,,,,,,,,,,,,,,,,,
"1323","LARCH HILLS WEST","2023081817",0,17.6,27,11.8,1,33.9,92.667,11.35,41.01,,,,,,,,,,,,,,,,,,,,,,
"1323","LARCH HILLS WEST","2023081818",0,17.9,26,12.9,323,31,92.717,12.081,42.689,,,,,,,,,,,,,,,,,,,,,,
"1323","LARCH HILLS WEST","2023081819",0,16.7,29,7.9,6,18.3,92.719,9.393,36.262,,,,,,,,,,,,,,,,,,,,,,
"1323","LARCH HILLS WEST","2023081820",0,16.6,32,10,349,19.5,92.657,10.35,38.635,,,,,,,,,,,,,,,,,,,,,,
"1323","LARCH HILLS WEST","2023081821",0,16,32,11.3,342,23.5,92.59,10.947,40.066,,,,,,,,,,,,,,,,,,,,,,
"1323","LARCH HILLS WEST","2023081822",0,15.2,34,8.3,357,24.6,92.489,9.279,35.973,,,,,,,,,,,,,,,,,,,,,,
"1323","LARCH HILLS WEST","2023081823",0,14.7,36,11.5,310,21.8,92.338,10.674,39.415,,,,,,,,,,,,,,,,,,,,,,
"1330","LODESTONE EXT","2023081800",0,15.8,52,18.5,224,34.4,89.77,10.537,35.385,,,,,,,,,,,,,,,,,,,,1751,,
"1330","LODESTONE EXT","2023081801",0,15.7,42,20.2,232,36.6,89.792,11.516,37.509,,,,,,,,,,,,,,,,,,,,1751,,
"1330","LODESTONE EXT","2023081802",0,14.1,51,7,246,29.6,89.629,5.785,23.529,,,,,,,,,,,,,,,,,,,,1751,,
"1330","LODESTONE EXT","2023081803",0,11.3,75,13,269,22.2,88.857,7.006,26.884,,,,,,,,,,,,,,,,,,,,1751,,
"1330","LODESTONE EXT","2023081804",0,10.1,66,12.3,261,23.8,88.424,6.355,25.131,,,,,,,,,,,,,,,,,,,,1751,,
"1330","LODESTONE EXT","2023081805",0,9.6,62,18.5,229,32.9,88.093,8.283,30.137,,,,,,,,,,,,,,,,,,,,1751,,
"1330","LODESTONE EXT","2023081806",0,11.7,50,17.3,230,35.1,88.076,7.778,28.879,,,,,,,,,,,,,,,,,,,,1751,,
"1330","LODESTONE EXT","2023081807",0,12.9,39,23.7,231,49.1,88.134,10.828,36.026,,,,,,,,,,,,,,,,,,,,1751,,
"1330","LODESTONE EXT","2023081808",0,14.5,25,28,231,56.4,88.663,14.51,43.546,,,,,,,,,,,,,,,,,,,,1751,,
"1330","LODESTONE EXT","2023081809",0,14.9,21,24.6,244,56.1,89.264,13.325,41.232,,,,,,,,,,,,,,,,,,,,1751,,
"1330","LODESTONE EXT","2023081810",0,15.3,22,22.5,253,55.2,89.744,12.842,40.261,,,,,,,,,,,,,,,,,,,,1751,,
"1330","LODESTONE EXT","2023081811",0,15.7,24,24.1,249,60.1,90.097,14.643,43.801,,,,,,,,,,,,,,,,,,,,1751,,
"1330","LODESTONE EXT","2023081812",0,16.8,24,23.5,240,48.5,90.432,14.905,44.299,0,93.598,23.31,59.145,86.085,556.13,124.133,5,,,,,,,,,,,,1751,,
"1330","LODESTONE EXT","2023081813",0,16.7,24,23,239,48.7,90.709,15.121,45.155,,,,,,,,,,,,,,,,,,,,1751,,
"1330","LODESTONE EXT","2023081814",0,17.5,23,15,239,40.4,90.987,10.512,35.698,,,,,,,,,,,,,,,,,,,,1751,,
"1330","LODESTONE EXT","2023081815",0,16.9,25,11.7,283,31.8,91.132,9.087,32.412,,,,,,,,,,,,,,,,,,,,1751,,
"1330","LODESTONE EXT","2023081816",0,16.4,24,11.8,295,27.5,91.276,9.322,32.969,,,,,,,,,,,,,,,,,,,,1751,,
"1330","LODESTONE EXT","2023081817",0,15.6,28,12.9,266,24.3,91.326,9.924,34.367,,,,,,,,,,,,,,,,,,,,1751,,
"1330","LODESTONE EXT","2023081818",0,14.1,31,9.7,285,22.8,91.376,8.506,31.009,,,,,,,,,,,,,,,,,,,,1751,,
"1330","LODESTONE EXT","2023081819",0,10.5,41,11.2,277,24.7,91.197,8.944,32.069,,,,,,,,,,,,,,,,,,,,1751,,
"1330","LODESTONE EXT","2023081820",0,9.2,46,10,266,20.6,90.94,8.116,30.042,,,,,,,,,,,,,,,,,,,,1751,,
"1330","LODESTONE EXT","2023081821",0,9.3,44,6.9,301,17.6,90.761,6.768,26.537,,,,,,,,,,,,,,,,,,,,1751,,
"1330","LODESTONE EXT","2023081822",0,7.6,50,0.4,41,11.2,90.579,4.752,20.686,,,,,,,,,,,,,,,,,,,,1751,,
"1330","LODESTONE EXT","2023081823",0,6.8,54,2.6,320,7.1,90.303,5.104,21.773,,,,,,,,,,,,,,,,,,,,1751,,
"1332","GRIZZLY EXT","2023081800",0,11.5,77,0.3,266,10.1,88.176,3.35,15.313,,,,,,,,,,,,,,,,,,,,766.6,,
"1332","GRIZZLY EXT","2023081801",0,9.1,86,0.5,323,6.1,87.51,3.076,14.343,,,,,,,,,,,,,,,,,,,,766.6,,
"1332","GRIZZLY EXT","2023081802",0,9.3,78,3.1,229,10.1,87.043,3.281,15.072,,,,,,,,,,,,,,,,,,,,766.6,,
"1332","GRIZZLY EXT","2023081803",0,10.7,74,2.3,280,12.5,86.728,3.013,14.115,,,,,,,,,,,,,,,,,,,,766.6,,
"1332","GRIZZLY EXT","2023081804",0,8.7,79,2,264,7.3,86.334,2.807,13.357,,,,,,,,,,,,,,,,,,,,766.6,,
"1332","GRIZZLY EXT","2023081805",0,8.3,82,3.4,237,9.3,85.874,2.824,13.418,,,,,,,,,,,,,,,,,,,,766.6,,
"1332","GRIZZLY EXT","2023081806",0,13,59,4.1,270,15.2,85.922,2.945,13.865,,,,,,,,,,,,,,,,,,,,766.6,,
"1332","GRIZZLY EXT","2023081807",0,16.2,46,7,277,19.4,86.137,3.513,15.873,,,,,,,,,,,,,,,,,,,,766.6,,
"1332","GRIZZLY EXT","2023081808",0,15.2,35,8.6,266,27.1,86.56,4.042,17.633,,,,,,,,,,,,,,,,,,,,766.6,,
"1332","GRIZZLY EXT","2023081809",0,18.9,25,9.7,255,30.1,87.384,4.803,20.012,,,,,,,,,,,,,,,,,,,,766.6,,
"1332","GRIZZLY EXT","2023081810",0,19.3,23,12.5,280,35.1,88.216,6.231,24.088,,,,,,,,,,,,,,,,,,,,766.6,,
"1332","GRIZZLY EXT","2023081811",0,19.6,17,14.2,302,32.8,89.198,7.816,28.179,,,,,,,,,,,,,,,,,,,,766.6,,
"1332","GRIZZLY EXT","2023081812",0,19.6,14,15.8,307,36.9,90.18,9.753,32.719,0,94.836,18.767,50.579,89.614,419.22,116.806,5,,,,,,,,,,,,766.6,,
"1332","GRIZZLY EXT","2023081813",0,19.5,14,14.8,273,41.1,90.99,10.412,34.638,,,,,,,,,,,,,,,,,,,,766.6,,
"1332","GRIZZLY EXT","2023081814",0,18.9,17,14.5,276,36.3,91.509,11.04,36.003,,,,,,,,,,,,,,,,,,,,766.6,,
"1332","GRIZZLY EXT","2023081815",0,18.8,25,12.1,320,31.9,91.629,9.951,33.616,,,,,,,,,,,,,,,,,,,,766.6,,
"1332","GRIZZLY EXT","2023081816",0,17.8,28,12.8,337,27.2,91.679,10.382,34.573,,,,,,,,,,,,,,,,,,,,766.6,,
"1332","GRIZZLY EXT","2023081817",0,16.7,34,9.4,348,25.5,91.681,8.749,30.844,,,,,,,,,,,,,,,,,,,,766.6,,
"1332","GRIZZLY EXT","2023081818",0,14.1,37,7.1,8,23.8,91.599,7.702,28.29,,,,,,,,,,,,,,,,,,,,766.6,,
"1332","GRIZZLY EXT","2023081819",0,10.6,43,6,25,18.4,91.396,7.08,26.702,,,,,,,,,,,,,,,,,,,,766.6,,
"1332","GRIZZLY EXT","2023081820",0,7.3,49,6.3,348,9.4,91.093,6.884,26.191,,,,,,,,,,,,,,,,,,,,766.6,,
"1332","GRIZZLY EXT","2023081821",0,7.9,48,5.9,1,12.3,90.836,6.504,25.181,,,,,,,,,,,,,,,,,,,,766.6,,
"1332","GRIZZLY EXT","2023081822",0,7.2,49,5.9,18,12.7,90.581,6.272,24.55,,,,,,,,,,,,,,,,,,,,766.6,,
"1332","GRIZZLY EXT","2023081823",0,6.4,52,7.7,344,11.4,90.28,6.578,25.378,,,,,,,,,,,,,,,,,,,,766.6,,
"1339","BOOTHROYD","2023081800",0,25.1,36,12.8,116,30.8,93.925,14.227,48.79,,,,,,,,,,,,,,,,,,,,3438.6,,
"1339","BOOTHROYD","2023081801",0,24.5,35,12.4,141,26.9,93.753,13.616,47.458,,,,,,,,,,,,,,,,,,,,3438.6,,
"1339","BOOTHROYD","2023081802",0,23.6,40,12.6,131,29.1,93.441,13.169,46.468,,,,,,,,,,,,,,,,,,,,3438.6,,
"1339","BOOTHROYD","2023081803",0,22.7,43,14.6,145,33.5,93.059,13.807,47.879,,,,,,,,,,,,,,,,,,,,3438.6,,
"1339","BOOTHROYD","2023081804",0,21.5,39,14.8,131,31.9,92.835,13.517,47.24,,,,,,,,,,,,,,,,,,,,3438.6,,
"1339","BOOTHROYD","2023081805",0,20.5,34,14.5,133,34.2,92.761,13.176,46.484,,,,,,,,,,,,,,,,,,,,3438.6,,
"1339","BOOTHROYD","2023081806",0,19.4,34,12.6,145,33.9,92.682,11.841,43.432,,,,,,,,,,,,,,,,,,,,3438.6,,
"1339","BOOTHROYD","2023081807",0,19.1,36,15.2,132,34.1,92.551,13.253,46.656,,,,,,,,,,,,,,,,,,,,3438.6,,
"1339","BOOTHROYD","2023081808",0,18.9,35,15.9,148,35.8,92.457,13.547,47.308,,,,,,,,,,,,,,,,,,,,3438.6,,
"1339","BOOTHROYD","2023081809",0,20.7,30,12.6,165,30.9,92.507,11.553,42.754,,,,,,,,,,,,,,,,,,,,3438.6,,
"1339","BOOTHROYD","2023081810",0,20.9,29,10.7,144,32.6,92.557,10.573,40.383,,,,,,,,,,,,,,,,,,,,3438.6,,
"1339","BOOTHROYD","2023081811",0,21.5,28,9.9,161,20.6,92.607,10.227,39.523,,,,,,,,,,,,,,,,,,,,3438.6,,
"1339","BOOTHROYD","2023081812",0,22.3,27,8.9,154,19.5,92.657,9.793,38.425,0,94.671,12.958,46.095,149.121,847.366,207.119,4,,,,,,,,,,,,3438.6,,
"1339","BOOTHROYD","2023081813",0,21.8,28,8.2,128,22.1,92.707,9.52,37.808,,,,,,,,,,,,,,,,,,,,3438.6,,
"1339","BOOTHROYD","2023081814",0,21.9,29,8.6,127,19.5,92.757,9.782,38.483,,,,,,,,,,,,,,,,,,,,3438.6,,
"1339","BOOTHROYD","2023081815",0,22.4,28,8.9,135,18.9,92.807,10.001,39.041,,,,,,,,,,,,,,,,,,,,3438.6,,
"1339","BOOTHROYD","2023081816",0,23,27,6.9,129,15.3,92.857,9.106,36.725,,,,,,,,,,,,,,,,,,,,3438.6,,
"1339","BOOTHROYD","2023081817",0,23.2,28,5.5,109,13.3,92.907,8.546,35.224,,,,,,,,,,,,,,,,,,,,3438.6,,
"1339","BOOTHROYD","2023081818",0,22.4,29,7.1,123,16.1,92.957,9.328,37.309,,,,,,,,,,,,,,,,,,,,3438.6,,
"1339","BOOTHROYD","2023081819",0,21.4,30,6.5,124,23.3,92.988,9.09,36.683,,,,,,,,,,,,,,,,,,,,3438.6,,
"1339","BOOTHROYD","2023081820",0,20,32,9,135,17.3,92.948,10.252,39.673,,,,,,,,,,,,,,,,,,,,3438.6,,
"1339","BOOTHROYD","2023081821",0,17.2,40,6.3,112,16.1,92.718,8.664,35.544,,,,,,,,,,,,,,,,,,,,3438.6,,
"1339","BOOTHROYD","2023081822",0,16.8,40,5.3,99,12.5,92.516,8.008,33.742,,,,,,,,,,,,,,,,,,,,3438.6,,
"1339","BOOTHROYD","2023081823",0,16.9,43,5.3,106,12.7,92.272,7.737,32.978,,,,,,,,,,,,,,,,,,,,3438.6,,
"1345","SAWTOOTH","2023081800",0,10.3,48,8.1,338,21.1,90.278,6.71,16.63,,,,,,,,,,-0.02,,,,,,,,,,2323.8,,
"1345","SAWTOOTH","2023081801",0,9.4,51,8.5,289,14.7,90.024,6.602,16.429,,,,,,,,,,-0.02,,,,,,,,,,2323.8,,
"1345","SAWTOOTH","2023081802",0,8.9,55,8,277,14.6,89.722,6.166,15.601,,,,,,,,,,-0.021,,,,,,,,,,2323.8,,
"1345","SAWTOOTH","2023081803",0,7.3,64,7.2,288,15.6,89.287,5.563,14.421,,,,,,,,,,-0.025,,,,,,,,,,2323.8,,
"1345","SAWTOOTH","2023081804",0,6,70,5.7,302,15.3,88.799,4.809,12.87,,,,,,,,,,-0.021,,,,,,,,,,2323.8,,
"1345","SAWTOOTH","2023081805",0,5.2,71,2.4,281,10.3,88.391,3.841,10.737,,,,,,,,,,-0.022,,,,,,,,,,2323.8,,
"1345","SAWTOOTH","2023081806",0,4.1,79,6.5,263,9.7,87.79,4.333,11.842,,,,,,,,,,-0.022,,,,,,,,,,2323.8,,
"1345","SAWTOOTH","2023081807",0,9.8,54,4.4,303,10.2,87.733,3.866,10.794,,,,,,,,,,-0.023,,,,,,,,,,2323.8,,
"1345","SAWTOOTH","2023081808",0,12.5,45,3.6,341,9.3,87.782,3.739,10.502,,,,,,,,,,-0.024,,,,,,,,,,2323.8,,
"1345","SAWTOOTH","2023081809",0,13.1,40,12.7,325,30.8,87.855,5.977,15.237,,,,,,,,,,-0.02,,,,,,,,,,2323.8,,
"1345","SAWTOOTH","2023081810",0,15.3,36,10.8,291,30.9,88.06,5.593,14.48,,,,,,,,,,-0.018,,,,,,,,,,2323.8,,
"1345","SAWTOOTH","2023081811",0,13.8,39,10.6,309,23.8,88.136,5.597,14.489,,,,,,,,,,-0.021,,,,,,,,,,2323.8,,
"1345","SAWTOOTH","2023081812",0,14.5,36,6.5,309,22.3,88.279,4.647,12.524,0,91.045,6.907,17.547,31.26,443.207,53.149,4,,-0.021,,,,,,,,,,2323.8,,
"1345","SAWTOOTH","2023081813",0,17.6,28,8.1,298,19.2,88.705,5.355,14.473,,,,,,,,,,-0.023,,,,,,,,,,2323.8,,
"1345","SAWTOOTH","2023081814",0,16,32,9.2,293,21.1,88.92,5.838,15.463,,,,,,,,,,-0.021,,,,,,,,,,2323.8,,
"1345","SAWTOOTH","2023081815",0,16.8,28,10,257,19.4,89.246,6.369,16.516,,,,,,,,,,-0.021,,,,,,,,,,2323.8,,
"1345","SAWTOOTH","2023081816",0,15.5,37,6.6,292,22.2,89.295,5.404,14.576,,,,,,,,,,-0.021,,,,,,,,,,2323.8,,
"1345","SAWTOOTH","2023081817",0,15.2,39,5.7,287,12.9,89.344,5.201,14.151,,,,,,,,,,-0.02,,,,,,,,,,2323.8,,
"1345","SAWTOOTH","2023081818",0,14.6,41,5.7,354,12.4,89.393,5.238,14.228,,,,,,,,,,-0.021,,,,,,,,,,2323.8,,
"1345","SAWTOOTH","2023081819",0,15.4,41,2.6,193,11.6,89.442,4.512,12.659,,,,,,,,,,-0.027,,,,,,,,,,2323.8,,
"1345","SAWTOOTH","2023081820",0,12.3,49,1,62,6.8,89.37,4.119,11.771,,,,,,,,,,-0.022,,,,,,,,,,2323.8,,
"1345","SAWTOOTH","2023081821",0,9.9,59,2.3,190,9.3,89.119,4.243,12.054,,,,,,,,,,-0.023,,,,,,,,,,2323.8,,
"1345","SAWTOOTH","2023081822",0,9.2,67,1.8,321,6.2,88.76,3.929,11.33,,,,,,,,,,-0.023,,,,,,,,,,2323.8,,
"1345","SAWTOOTH","2023081823",0,8.1,74,5.4,318,8.7,88.232,4.367,12.334,,,,,,,,,,-0.024,,,,,,,,,,2323.8,,
"1348","KLINAKLINI","2023081800",0,8.3,41,13.4,13,20.6,,,,,,,,,,,,,10.9,,,,,,,,,,4900.4,,
"1348","KLINAKLINI","2023081801",0,7.6,36,12.3,358,21.8,,,,,,,,,,,,,26.7,,,,,,,,,,4900.4,,
"1348","KLINAKLINI","2023081802",0,7.2,35,11.9,6,20.1,,,,,,,,,,,,,30.1,,,,,,,,,,4900.4,,
"1348","KLINAKLINI","2023081803",0,6.5,36,12.8,10,19.4,,,,,,,,,,,,,24,,,,,,,,,,4900.4,,
"1348","KLINAKLINI","2023081804",0,5.9,37,16.5,16,22.1,,,,,,,,,,,,,20.9,,,,,,,,,,4900.4,,
"1348","KLINAKLINI","2023081805",0,4.4,55,26.5,24,39.2,,,,,,,,,,,,,16.8,,,,,,,,,,4900.4,,
"1348","KLINAKLINI","2023081806",0,4.1,63,25.9,20,45.2,,,,,,,,,,,,,7.3,,,,,,,,,,4900.4,,
"1348","KLINAKLINI","2023081807",0,4.6,64,15.8,26,33.7,,,,,,,,,,,,,6.7,,,,,,,,,,4900.4,,
"1348","KLINAKLINI","2023081808",0,5,62,16.2,10,37.1,,,,,,,,,,,,,108.4,,,,,,,,,,4900.4,,
"1348","KLINAKLINI","2023081809",0,6.2,56,11.5,4,26,,,,,,,,,,,,,-1.3,,,,,,,,,,4900.4,,
"1348","KLINAKLINI","2023081810",0,6.7,56,12.8,23,24.4,,,,,,,,,,,,,13,,,,,,,,,,4900.4,,
"1348","KLINAKLINI","2023081811",0,8.2,52,10.5,11,19.8,,,,,,,,,,,,,8.9,,,,,,,,,,4900.4,,
"1348","KLINAKLINI","2023081812",0,8.2,51,11.1,15,20.1,,,,0,,,,,,,,,9.6,,,,,,,,,,4900.4,,
"1348","KLINAKLINI","2023081813",0,9.1,46,13.9,11,20.8,,,,,,,,,,,,,14.4,,,,,,,,,,4900.4,,
"1348","KLINAKLINI","2023081814",0,10.3,42,15.5,359,20.9,,,,,,,,,,,,,13.3,,,,,,,,,,4900.4,,
"1348","KLINAKLINI","2023081815",0,11.1,40,14.9,354,21.7,,,,,,,,,,,,,11.3,,,,,,,,,,4900.4,,
"1348","KLINAKLINI","2023081816",0,11.4,38,10,346,21,,,,,,,,,,,,,11.5,,,,,,,,,,4900.4,,
"1348","KLINAKLINI","2023081817",0,12.3,37,6,323,13.9,,,,,,,,,,,,,8.2,,,,,,,,,,4900.4,,
"1348","KLINAKLINI","2023081818",0,11.7,40,7.6,345,12.4,,,,,,,,,,,,,1.8,,,,,,,,,,4900.4,,
"1348","KLINAKLINI","2023081819",0,10.3,45,9.5,12,12.9,,,,,,,,,,,,,-5.3,,,,,,,,,,4900.4,,
"1348","KLINAKLINI","2023081820",0,10.2,45,8.4,28,10.8,,,,,,,,,,,,,-5.6,,,,,,,,,,4900.4,,
"1348","KLINAKLINI","2023081821",0,9.8,47,8.2,27,13.9,,,,,,,,,,,,,-8.8,,,,,,,,,,4900.4,,
"1348","KLINAKLINI","2023081822",0,9.4,49,13.9,20,21.3,,,,,,,,,,,,,0.1,,,,,,,,,,4900.4,,
"1348","KLINAKLINI","2023081823",0,10,45,9,9,15.5,,,,,,,,,,,,,-2.8,,,,,,,,,,4900.4,,
"1349","HOMATHKO","2023081800",0,10.5,70,14.3,305,21.5,,,,,,,,,,,,,-1.2,,,,,,,,,,597.4,,
"1349","HOMATHKO","2023081801",0,10.2,55,17.4,297,29.1,,,,,,,,,,,,,-0.6,,,,,,,,,,597.4,,
"1349","HOMATHKO","2023081802",0,9.7,40,18.6,298,30.8,,,,,,,,,,,,,0.3,,,,,,,,,,597.4,,
"1349","HOMATHKO","2023081803",0,9.1,35,14.9,299,32.5,,,,,,,,,,,,,-5.1,,,,,,,,,,597.4,,
"1349","HOMATHKO","2023081804",0,8.2,38,10.2,292,23.5,,,,,,,,,,,,,-14.5,,,,,,,,,,597.4,,
"1349","HOMATHKO","2023081805",0,8.3,33,15.2,305,22.6,,,,,,,,,,,,,-13,,,,,,,,,,597.4,,
"1349","HOMATHKO","2023081806",0,7.6,32,7.9,320,25.8,,,,,,,,,,,,,4.5,,,,,,,,,,597.4,,
"1349","HOMATHKO","2023081807",0,8.3,33,7.3,343,18.6,,,,,,,,,,,,,-6.8,,,,,,,,,,597.4,,
"1349","HOMATHKO","2023081808",0,8.7,34,3.4,317,25.3,,,,,,,,,,,,,4.8,,,,,,,,,,597.4,,
"1349","HOMATHKO","2023081809",0,10,63,1.2,185,5.6,,,,,,,,,,,,,3.7,,,,,,,,,,597.4,,
"1349","HOMATHKO","2023081810",0,11.7,58,3.3,167,7.6,,,,,,,,,,,,,0.7,,,,,,,,,,597.4,,
"1349","HOMATHKO","2023081811",0,11.3,48,4.1,243,10.4,,,,,,,,,,,,,2.9,,,,,,,,,,597.4,,
"1349","HOMATHKO","2023081812",0,14.2,41,3.4,163,11.5,,,,0,,,,,,,,,3.2,,,,,,,,,,597.4,,
"1349","HOMATHKO","2023081813",0,14.7,38,3.2,155,10.9,,,,,,,,,,,,,4.4,,,,,,,,,,597.4,,
"1349","HOMATHKO","2023081814",0,14.1,31,4.9,158,11.7,,,,,,,,,,,,,3.9,,,,,,,,,,597.4,,
"1349","HOMATHKO","2023081815",0,14.5,32,5.7,177,15.4,,,,,,,,,,,,,3.8,,,,,,,,,,597.4,,
"1349","HOMATHKO","2023081816",0,15.1,33,4.3,224,14.4,,,,,,,,,,,,,4.7,,,,,,,,,,597.4,,
"1349","HOMATHKO","2023081817",0,14.4,38,6.6,267,18.1,,,,,,,,,,,,,2.9,,,,,,,,,,597.4,,
"1349","HOMATHKO","2023081818",0,13,40,10.1,283,17.9,,,,,,,,,,,,,2.3,,,,,,,,,,597.4,,
"1349","HOMATHKO","2023081819",0,11.6,46,8.7,303,17.3,,,,,,,,,,,,,1.4,,,,,,,,,,597.4,,
"1349","HOMATHKO","2023081820",0,11.1,46,8.3,332,12.5,,,,,,,,,,,,,-0.1,,,,,,,,,,597.4,,
"1349","HOMATHKO","2023081821",0,10.6,49,4.4,338,10,,,,,,,,,,,,,-0.3,,,,,,,,,,597.4,,
"1349","HOMATHKO","2023081822",0,10.3,45,2.8,334,7.2,,,,,,,,,,,,,0.6,,,,,,,,,,597.4,,
"1349","HOMATHKO","2023081823",0,10.1,48,1.5,280,6,,,,,,,,,,,,,0.1,,,,,,,,,,597.4,,
"1350","LOWER CAIN","2023081800",0,5.2,68,,,,,,,,,,,,,,,,-0.6,,,,,,,,,,370.1,0,
"1350","LOWER CAIN","2023081801",0,4.1,77,,,,,,,,,,,,,,,,11.8,,,,,,,,,,370.1,0,
"1350","LOWER CAIN","2023081802",0,4,81,,,,,,,,,,,,,,,,13.6,,,,,,,,,,370.1,0,
"1350","LOWER CAIN","2023081803",0,4.5,81,,,,,,,,,,,,,,,,14.1,,,,,,,,,,370.1,0,
"1350","LOWER CAIN","2023081804",0,4.4,87,,,,,,,,,,,,,,,,14.9,,,,,,,,,,370.1,0,
"1350","LOWER CAIN","2023081805",0,4.3,88,,,,,,,,,,,,,,,,14.8,,,,,,,,,,370.1,0,
"1350","LOWER CAIN","2023081806",0,4.1,87,,,,,,,,,,,,,,,,14.7,,,,,,,,,,370.1,8,
"1350","LOWER CAIN","2023081807",0,4.9,85,,,,,,,,,,,,,,,,15.8,,,,,,,,,,370.1,23,
"1350","LOWER CAIN","2023081808",0,5.9,84,,,,,,,,,,,,,,,,12.3,,,,,,,,,,370.1,122,
"1350","LOWER CAIN","2023081809",0,6.9,84,,,,,,,,,,,,,,,,11.4,,,,,,,,,,370.1,174,
"1350","LOWER CAIN","2023081810",0,9.3,70,,,,,,,,,,,,,,,,11.3,,,,,,,,,,370.1,649,
"1350","LOWER CAIN","2023081811",0,10.6,64,,,,,,,,,,,,,,,,10.7,,,,,,,,,,370.1,766,
"1350","LOWER CAIN","2023081812",0,12.2,59,,,,,,,0,,,,,,,,,10.7,,,,,,,,,,370.1,839,
"1350","LOWER CAIN","2023081813",0,13.9,52,,,,,,,,,,,,,,,,10.9,,,,,,,,,,370.1,861,
"1350","LOWER CAIN","2023081814",0,13.5,56,,,,,,,,,,,,,,,,10.3,,,,,,,,,,370.1,832,
"1350","LOWER CAIN","2023081815",0,13.5,58,,,,,,,,,,,,,,,,8.9,,,,,,,,,,370.1,756,
"1350","LOWER CAIN","2023081816",0,13.3,57,,,,,,,,,,,,,,,,8.9,,,,,,,,,,370.1,637,
"1350","LOWER CAIN","2023081817",0,12.1,60,,,,,,,,,,,,,,,,9.5,,,,,,,,,,370.1,487,
"1350","LOWER CAIN","2023081818",0,10.5,69,,,,,,,,,,,,,,,,8.8,,,,,,,,,,370.1,155,
"1350","LOWER CAIN","2023081819",0,9.5,67,,,,,,,,,,,,,,,,8.3,,,,,,,,,,370.1,24,
"1350","LOWER CAIN","2023081820",0,7.7,79,,,,,,,,,,,,,,,,8.6,,,,,,,,,,370.1,7,
"1350","LOWER CAIN","2023081821",0,6.2,86,,,,,,,,,,,,,,,,11.9,,,,,,,,,,370.1,0,
"1350","LOWER CAIN","2023081822",0,6.1,88,,,,,,,,,,,,,,,,10.5,,,,,,,,,,370.1,0,
"1350","LOWER CAIN","2023081823",0,7.1,88,,,,,,,,,,,,,,,,12.5,,,,,,,,,,370.1,0,
"1359","STATION BAY 2","2023081800",0,20.7,43,13.2,228,30.4,93.148,13.028,46.286,,,,,,,,,,,,,,,,,,,,,,
"1359","STATION BAY 2","2023081801",0,19.8,50,7.4,71,20.6,92.652,9.073,36.666,,,,,,,,,,,,,,,,,,,,,,
"1359","STATION BAY 2","2023081802",0,19.2,50,6.1,24,28.7,92.234,8.012,33.778,,,,,,,,,,,,,,,,,,,,,,
"1359","STATION BAY 2","2023081803",0,19.4,42,9.6,207,24.1,92.036,9.294,37.247,,,,,,,,,,,,,,,,,,,,,,
"1359","STATION BAY 2","2023081804",0,18.2,41,8.1,157,19.5,91.878,8.427,34.927,,,,,,,,,,,,,,,,,,,,,,
"1359","STATION BAY 2","2023081805",0,17.8,41,8.5,176,25.2,91.731,8.421,34.911,,,,,,,,,,,,,,,,,,,,,,
"1359","STATION BAY 2","2023081806",0,17,47,5.5,97,18.9,91.482,6.988,30.829,,,,,,,,,,,,,,,,,,,,,,
"1359","STATION BAY 2","2023081807",0,17.1,33,6.8,199,19.5,91.529,7.511,32.358,,,,,,,,,,,,,,,,,,,,,,
"1359","STATION BAY 2","2023081808",0,17.9,30,10,187,17.7,91.579,8.889,36.175,,,,,,,,,,,,,,,,,,,,,,
"1359","STATION BAY 2","2023081809",0,17,31,9.7,286,29.2,91.629,8.818,35.985,,,,,,,,,,,,,,,,,,,,,,
"1359","STATION BAY 2","2023081810",0,15.7,33,10.5,312,23.5,91.639,9.193,36.983,,,,,,,,,,,,,,,,,,,,,,
"1359","STATION BAY 2","2023081811",0,18.3,31,15,308,29.8,91.689,11.615,43.025,,,,,,,,,,,,,,,,,,,,,,
"1359","STATION BAY 2","2023081812",0,19.3,28,14.3,329,29.2,91.739,11.292,42.255,0,93.482,14.429,49.439,167.525,718.541,211.673,5,,,,,,,,,,,,,,
"1359","STATION BAY 2","2023081813",0,18.8,30,15,319,29.2,91.789,11.781,43.483,,,,,,,,,,,,,,,,,,,,,,
"1359","STATION BAY 2","2023081814",0,20,23,13,325,34.4,91.973,10.933,41.45,,,,,,,,,,,,,,,,,,,,,,
"1359","STATION BAY 2","2023081815",0,20.3,23,8.8,336,29.2,92.13,9.045,36.65,,,,,,,,,,,,,,,,,,,,,,
"1359","STATION BAY 2","2023081816",0,21,22,10.6,339,29.2,92.324,10.179,39.581,,,,,,,,,,,,,,,,,,,,,,
"1359","STATION BAY 2","2023081817",0,17.5,24,12,304,31.6,92.374,11.001,41.616,,,,,,,,,,,,,,,,,,,,,,
"1359","STATION BAY 2","2023081818",0,17.1,27,9.4,318,28.7,92.424,9.719,38.409,,,,,,,,,,,,,,,,,,,,,,
"1359","STATION BAY 2","2023081819",0,15.1,33,4.5,329,26.9,92.371,7.536,32.48,,,,,,,,,,,,,,,,,,,,,,
"1359","STATION BAY 2","2023081820",0,13.3,39,8,336,11.4,92.177,8.746,35.849,,,,,,,,,,,,,,,,,,,,,,
"1359","STATION BAY 2","2023081821",0,11.8,45,6.6,341,10.8,91.886,7.822,33.298,,,,,,,,,,,,,,,,,,,,,,
"1359","STATION BAY 2","2023081822",0,10.5,48,6.2,318,10.8,91.564,7.324,31.869,,,,,,,,,,,,,,,,,,,,,,
"1359","STATION BAY 2","2023081823",0,10.1,48,5.1,320,12.5,91.282,6.657,29.883,,,,,,,,,,,,,,,,,,,,,,
"1362","TS BURMAN","2023081800",0,17.2,39,6,306,22.2,90.151,5.928,17.126,,,,,,,,,,,,,,,,,,,,13849.6,,
"1362","TS BURMAN","2023081801",0,16,44,7.5,310,20.8,90.107,6.353,18.03,,,,,,,,,,,,,,,,,,,,13849.6,,
"1362","TS BURMAN","2023081802",0,14.8,48,2.4,65,15.9,90.005,4.842,14.693,,,,,,,,,,,,,,,,,,,,13849.6,,
"1362","TS BURMAN","2023081803",0,13.8,52,1.8,85,9.3,89.843,4.59,14.099,,,,,,,,,,,,,,,,,,,,13849.6,,
"1362","TS BURMAN","2023081804",0,13.2,57,2.6,4,8,89.594,4.611,14.149,,,,,,,,,,,,,,,,,,,,13849.6,,
"1362","TS BURMAN","2023081805",0,13.2,55,7.2,277,17.7,89.364,5.625,16.467,,,,,,,,,,,,,,,,,,,,13849.6,,
"1362","TS BURMAN","2023081806",0,13.9,59,5.8,291,16.1,89.093,5.042,15.157,,,,,,,,,,,,,,,,,,,,13849.6,,
"1362","TS BURMAN","2023081807",0,13.8,61,4.5,300,17.5,88.822,4.542,13.985,,,,,,,,,,,,,,,,,,,,13849.6,,
"1362","TS BURMAN","2023081808",0,17.1,55,4.8,315,16.5,88.731,4.551,14.007,,,,,,,,,,,,,,,,,,,,13849.6,,
"1362","TS BURMAN","2023081809",0,20.7,45,1.9,288,15.6,88.78,3.96,12.558,,,,,,,,,,,,,,,,,,,,13849.6,,
"1362","TS BURMAN","2023081810",0,22.6,38,4.5,299,12.4,88.989,4.652,14.247,,,,,,,,,,,,,,,,,,,,13849.6,,
"1362","TS BURMAN","2023081811",0,24.3,36,5.1,311,15.7,89.281,5.001,15.061,,,,,,,,,,,,,,,,,,,,13849.6,,
"1362","TS BURMAN","2023081812",0,25.4,35,6.3,285,18.5,89.606,5.566,16.336,0,91.12,6.911,19.969,41.654,453.161,67.741,4,,,,,,,,,,,,13849.6,,
"1362","TS BURMAN","2023081813",0,26.1,35,5.9,285,18.4,89.902,5.691,17.315,,,,,,,,,,,,,,,,,,,,13849.6,,
"1362","TS BURMAN","2023081814",0,27.5,33,5,302,18.3,90.263,5.728,17.398,,,,,,,,,,,,,,,,,,,,13849.6,,
"1362","TS BURMAN","2023081815",0,26.8,32,6.3,287,18.8,90.582,6.4,18.883,,,,,,,,,,,,,,,,,,,,13849.6,,
"1362","TS BURMAN","2023081816",0,26.9,34,5.7,268,21.2,90.777,6.385,18.852,,,,,,,,,,,,,,,,,,,,13849.6,,
"1362","TS BURMAN","2023081817",0,25.8,36,5.5,266,25.2,90.841,6.379,18.838,,,,,,,,,,,,,,,,,,,,13849.6,,
"1362","TS BURMAN","2023081818",0,23.3,44,5.8,287,20.9,90.845,6.48,19.056,,,,,,,,,,,,,,,,,,,,13849.6,,
"1362","TS BURMAN","2023081819",0,20,51,3.2,334,16,90.656,5.533,16.956,,,,,,,,,,,,,,,,,,,,13849.6,,
"1362","TS BURMAN","2023081820",0,18.2,57,1.9,104,6,90.364,4.97,15.639,,,,,,,,,,,,,,,,,,,,13849.6,,
"1362","TS BURMAN","2023081821",0,17,60,0.5,69,4.3,90.072,4.442,14.351,,,,,,,,,,,,,,,,,,,,13849.6,,
"1362","TS BURMAN","2023081822",0,15.4,66,0.8,73,4.2,89.673,4.259,13.89,,,,,,,,,,,,,,,,,,,,13849.6,,
"1362","TS BURMAN","2023081823",0,14.6,66,0.4,36,3.8,89.329,3.973,13.155,,,,,,,,,,,,,,,,,,,,13849.6,,
"1375","FRANK CREEK","2023081800",0,22.7,51,4.4,182,15.3,91.598,6.721,28.236,,,,,,,,,,,,,,,,,,,,844,,
"1375","FRANK CREEK","2023081801",0,21.7,57,4.8,172,12.8,91.164,6.448,27.446,,,,,,,,,,,,,,,,,,,,844,,
"1375","FRANK CREEK","2023081802",0,20.5,62,10.8,196,19.5,90.568,8.013,31.801,,,,,,,,,,,,,,,,,,,,844,,
"1375","FRANK CREEK","2023081803",0,19.3,60,9.5,200,20.6,90.126,7.045,29.156,,,,,,,,,,,,,,,,,,,,844,,
"1375","FRANK CREEK","2023081804",0,18.3,58,7.7,189,14.5,89.805,6.145,26.552,,,,,,,,,,,,,,,,,,,,844,,
"1375","FRANK CREEK","2023081805",0,17,54,8.2,190,16.6,89.602,6.121,26.48,,,,,,,,,,,,,,,,,,,,844,,
"1375","FRANK CREEK","2023081806",0,15.7,59,11.2,195,21.5,89.276,6.795,28.448,,,,,,,,,,,,,,,,,,,,844,,
"1375","FRANK CREEK","2023081807",0,15.1,57,10,203,18.4,89.039,6.183,26.663,,,,,,,,,,,,,,,,,,,,844,,
"1375","FRANK CREEK","2023081808",0,15.7,53,9,195,17.7,88.929,5.786,25.468,,,,,,,,,,,,,,,,,,,,844,,
"1375","FRANK CREEK","2023081809",0,17.3,47,13.2,198,23,88.978,7.201,29.591,,,,,,,,,,,,,,,,,,,,844,,
"1375","FRANK CREEK","2023081810",0,18.9,43,18.7,197,34.2,89.027,9.567,35.771,,,,,,,,,,,,,,,,,,,,844,,
"1375","FRANK CREEK","2023081811",0,20.7,38,19.4,206,34.1,89.176,10.125,37.125,,,,,,,,,,,,,,,,,,,,844,,
"1375","FRANK CREEK","2023081812",0,21.5,35,17.9,208,33.4,89.423,9.728,36.163,0,92.284,14.624,47.3,107.999,682.383,154.763,5,,,,,,,,,,,,844,,
"1375","FRANK CREEK","2023081813",0,22.4,33,17.2,212,36,89.729,9.812,36.592,,,,,,,,,,,,,,,,,,,,844,,
"1375","FRANK CREEK","2023081814",0,23.2,30,18.9,207,35.7,90.132,11.324,40.172,,,,,,,,,,,,,,,,,,,,844,,
"1375","FRANK CREEK","2023081815",0,23.3,29,18.6,209,34.2,90.504,11.764,41.171,,,,,,,,,,,,,,,,,,,,844,,
"1375","FRANK CREEK","2023081816",0,23.5,29,18,207,38.4,90.813,11.929,41.541,,,,,,,,,,,,,,,,,,,,844,,
"1375","FRANK CREEK","2023081817",0,21.7,32,16.7,201,31,90.889,11.294,40.102,,,,,,,,,,,,,,,,,,,,844,,
"1375","FRANK CREEK","2023081818",0,20.5,34,10.6,202,29.6,90.939,8.364,32.929,,,,,,,,,,,,,,,,,,,,844,,
"1375","FRANK CREEK","2023081819",0,19.4,36,2.9,122,17.2,90.989,5.715,25.415,,,,,,,,,,,,,,,,,,,,844,,
"1375","FRANK CREEK","2023081820",0,18.4,40,4.9,78,9.2,90.977,6.31,27.216,,,,,,,,,,,,,,,,,,,,844,,
"1375","FRANK CREEK","2023081821",0,17.9,43,4.2,81,10.1,90.905,6.03,26.376,,,,,,,,,,,,,,,,,,,,844,,
"1375","FRANK CREEK","2023081822",0,17.4,44,4.1,91,8.4,90.816,5.923,26.054,,,,,,,,,,,,,,,,,,,,844,,
"1375","FRANK CREEK","2023081823",0,16.2,47,5.2,84,8.1,90.658,6.121,26.652,,,,,,,,,,,,,,,,,,,,844,,
"1377","FORRESTKERR","2023081800",0,10.4,77,8,273,16,83.041,2.429,2.942,,,,,,,,,,,,,,,,,,,,3947.6,,
"1377","FORRESTKERR","2023081801",0,9.8,82,4.8,306,15.9,82.898,2.03,2.309,,,,,,,,,,,,,,,,,,,,3947.6,,
"1377","FORRESTKERR","2023081802",0,8.2,90,3.4,95,10.1,82.499,1.799,1.914,,,,,,,,,,,,,,,,,,,,3947.6,,
"1377","FORRESTKERR","2023081803",0,7.3,93,2.3,87,8.2,82.024,1.605,1.552,,,,,,,,,,,,,,,,,,,,3947.6,,
"1377","FORRESTKERR","2023081804",0,7.1,94,0,251,4,81.645,1.366,0.977,,,,,,,,,,,,,,,,,,,,3947.6,,
"1377","FORRESTKERR","2023081805",0,7.6,91,0.5,287,8,81.376,1.357,0.971,,,,,,,,,,,,,,,,,,,,3947.6,,
"1377","FORRESTKERR","2023081806",0,7.6,93,1,96,5,81.032,1.338,0.957,,,,,,,,,,,,,,,,,,,,3947.6,,
"1377","FORRESTKERR","2023081807",0,8.5,88,2.5,239,4.4,80.9,1.422,1.117,,,,,,,,,,,,,,,,,,,,3947.6,,
"1377","FORRESTKERR","2023081808",0,11.9,74,2.2,161,8.8,80.995,1.416,1.095,,,,,,,,,,,,,,,,,,,,3947.6,,
"1377","FORRESTKERR","2023081809",0,13.6,69,4.5,119,9.8,81.186,1.624,1.59,,,,,,,,,,,,,,,,,,,,3947.6,,
"1377","FORRESTKERR","2023081810",0,15.3,59,7.2,229,14.3,81.596,1.952,2.179,,,,,,,,,,,,,,,,,,,,3947.6,,
"1377","FORRESTKERR","2023081811",0,16.6,58,12,250,24.1,82.068,2.631,3.247,,,,,,,,,,,,,,,,,,,,3947.6,,
"1377","FORRESTKERR","2023081812",0,17.6,54,10.9,232,19.8,82.605,2.66,3.29,0,84.571,3.442,5.009,8.925,321.079,16.69,2,,,,,,,,,,,,3947.6,,
"1377","FORRESTKERR","2023081813",0,18.8,51,13.4,248,24.8,83.221,3.264,4.743,,,,,,,,,,,,,,,,,,,,3947.6,,
"1377","FORRESTKERR","2023081814",0,20.2,44,11.1,232,29.1,83.987,3.214,4.668,,,,,,,,,,,,,,,,,,,,3947.6,,
"1377","FORRESTKERR","2023081815",1,18.5,72,6.8,283,23.8,64.9,0.74,0.6,,,,,,,,,,,,,,,,,,,,3948.6,,
"1377","FORRESTKERR","2023081816",0.6,18,69,7.1,84,11.9,57.521,0.493,0.399,,,,,,,,,,,,,,,,,,,,3949.2,,
"1377","FORRESTKERR","2023081817",0,20.9,41,9,231,27.7,61.223,0.693,0.562,,,,,,,,,,,,,,,,,,,,3949.2,,
"1377","FORRESTKERR","2023081818",0,20.4,45,9.8,219,24.9,64.41,0.843,0.683,,,,,,,,,,,,,,,,,,,,3949.2,,
"1377","FORRESTKERR","2023081819",0,18.2,52,8.9,254,28.3,66.748,0.881,0.714,,,,,,,,,,,,,,,,,,,,3949.2,,
"1377","FORRESTKERR","2023081820",0,16.9,58,7.1,287,18.1,68.488,0.853,0.691,,,,,,,,,,,,,,,,,,,,3949.2,,
"1377","FORRESTKERR","2023081821",0,15.1,67,7,288,13.2,69.697,0.882,0.714,,,,,,,,,,,,,,,,,,,,3949.2,,
"1377","FORRESTKERR","2023081822",0,14.2,69,7.5,282,20.1,70.737,0.935,0.758,,,,,,,,,,,,,,,,,,,,3949.2,,
"1377","FORRESTKERR","2023081823",0,13.1,74,6.9,285,15.6,71.507,0.931,0.755,,,,,,,,,,,,,,,,,,,,3949.2,,
"1378","TS ATLUCK","2023081800",0,10.6,63,11,332,29.8,85.595,3.983,9.239,,,,,,,,,,,,,,,,,,,,14736.8,,
"1378","TS ATLUCK","2023081801",0,10.2,69,4.5,330,18.7,85.494,2.831,6.825,,,,,,,,,,,,,,,,,,,,14736.8,,
"1378","TS ATLUCK","2023081802",0,10.6,68,4.2,306,11.4,85.426,2.762,6.672,,,,,,,,,,,,,,,,,,,,14736.8,,
"1378","TS ATLUCK","2023081803",0,10.8,71,8.6,319,20.3,85.293,3.384,8.02,,,,,,,,,,,,,,,,,,,,14736.8,,
"1378","TS ATLUCK","2023081804",0,10,85,11.4,329,26.4,84.747,3.615,8.499,,,,,,,,,,,,,,,,,,,,14736.8,,
"1378","TS ATLUCK","2023081805",0,10.4,71,12.2,349,28.8,84.675,3.727,8.727,,,,,,,,,,,,,,,,,,,,14736.8,,
"1378","TS ATLUCK","2023081806",0,10.2,80,10.9,330,19.3,84.382,3.355,7.959,,,,,,,,,,,,,,,,,,,,14736.8,,
"1378","TS ATLUCK","2023081807",0,10,87,7.9,344,27.6,83.896,2.702,6.538,,,,,,,,,,,,,,,,,,,,14736.8,,
"1378","TS ATLUCK","2023081808",0,13.1,69,10,292,19.6,83.943,3.023,7.249,,,,,,,,,,,,,,,,,,,,14736.8,,
"1378","TS ATLUCK","2023081809",0,11.8,74,17.7,323,30.1,83.911,4.437,10.118,,,,,,,,,,,,,,,,,,,,14736.8,,
"1378","TS ATLUCK","2023081810",0,13.7,58,16.1,326,34.9,84.074,4.183,9.631,,,,,,,,,,,,,,,,,,,,14736.8,,
"1378","TS ATLUCK","2023081811",0,14.7,57,14.3,323,34.6,84.257,3.915,9.104,,,,,,,,,,,,,,,,,,,,14736.8,,
"1378","TS ATLUCK","2023081812",0,15.8,53,19.4,323,34.4,84.546,5.265,11.643,0,87.138,7.562,15.991,23.462,298.962,39.227,3,,,,,,,,,,,,14736.8,,
"1378","TS ATLUCK","2023081813",0,17.2,47,19.1,324,32.3,84.991,5.51,12.513,,,,,,,,,,,,,,,,,,,,14736.8,,
"1378","TS ATLUCK","2023081814",0,18.2,46,15.8,319,35.5,85.421,4.952,11.485,,,,,,,,,,,,,,,,,,,,14736.8,,
"1378","TS ATLUCK","2023081815",0,18.5,42,20.2,326,37.4,85.937,6.642,14.484,,,,,,,,,,,,,,,,,,,,14736.8,,
"1378","TS ATLUCK","2023081816",0,18.8,42,18.5,318,35.7,86.38,6.489,14.226,,,,,,,,,,,,,,,,,,,,14736.8,,
"1378","TS ATLUCK","2023081817",0,18.9,44,10.5,287,35.9,86.673,4.52,10.66,,,,,,,,,,,,,,,,,,,,14736.8,,
"1378","TS ATLUCK","2023081818",0,17.2,50,15.6,305,33.1,86.75,5.908,13.222,,,,,,,,,,,,,,,,,,,,14736.8,,
"1378","TS ATLUCK","2023081819",0,14.3,62,18.1,322,35.5,86.686,6.641,14.483,,,,,,,,,,,,,,,,,,,,14736.8,,
"1378","TS ATLUCK","2023081820",0,11.7,73,8.7,339,27.6,86.371,3.955,9.536,,,,,,,,,,,,,,,,,,,,14736.8,,
"1378","TS ATLUCK","2023081821",0,10.8,76,11.9,338,23.4,85.989,4.404,10.433,,,,,,,,,,,,,,,,,,,,14736.8,,
"1378","TS ATLUCK","2023081822",0,10.2,80,12.6,338,23.6,85.528,4.277,10.183,,,,,,,,,,,,,,,,,,,,14736.8,,
"1378","TS ATLUCK","2023081823",0,9.6,81,6,354,23.6,85.144,2.908,7.286,,,,,,,,,,,,,,,,,,,,14736.8,,
"1383","CHEF CREEK TEST","2023081800",0,11.5,59,4.2,14,15.9,87.75,3.836,12.89,,,,,,,,,,,,,,,,,,,,9041.2,,
"1383","CHEF CREEK TEST","2023081801",0,9.9,65,2.4,309,11.2,87.536,3.398,11.7,,,,,,,,,,,,,,,,,,,,9041.2,,
"1383","CHEF CREEK TEST","2023081802",0,9.5,52,4.2,295,14.7,87.526,3.716,12.567,,,,,,,,,,,,,,,,,,,,9041.2,,
"1383","CHEF CREEK TEST","2023081803",0,12.7,31,2.5,71,18.7,87.778,3.536,12.079,,,,,,,,,,,,,,,,,,,,9041.2,,
"1383","CHEF CREEK TEST","2023081804",0,10.7,31,2.4,355,14.1,87.965,3.613,12.291,,,,,,,,,,,,,,,,,,,,9041.2,,
"1383","CHEF CREEK TEST","2023081805",0,10.6,33,5.1,349,13.9,88.105,4.224,13.9,,,,,,,,,,,,,,,,,,,,9041.2,,
"1383","CHEF CREEK TEST","2023081806",0,12.6,40,1.5,45,18.7,88.154,3.548,12.113,,,,,,,,,,,,,,,,,,,,9041.2,,
"1383","CHEF CREEK TEST","2023081807",0,15.1,34,5.8,43,15.8,88.351,4.533,14.679,,,,,,,,,,,,,,,,,,,,9041.2,,
"1383","CHEF CREEK TEST","2023081808",0,15.3,40,3.5,31,13.9,88.4,4.065,13.49,,,,,,,,,,,,,,,,,,,,9041.2,,
"1383","CHEF CREEK TEST","2023081809",0,16.1,37,5.6,37,14,88.523,4.599,14.845,,,,,,,,,,,,,,,,,,,,9041.2,,
"1383","CHEF CREEK TEST","2023081810",0,17.3,39,7.7,42,18.6,88.615,5.181,16.25,,,,,,,,,,,,,,,,,,,,9041.2,,
"1383","CHEF CREEK TEST","2023081811",0,17,47,8.2,40,15.4,88.664,5.35,16.649,,,,,,,,,,,,,,,,,,,,9041.2,,
"1383","CHEF CREEK TEST","2023081812",0,17.5,45,7.3,31,17.5,88.713,5.149,16.176,0,89.271,5.579,17.57,44.868,439.632,71.494,4,,,,,,,,,,,,9041.2,,
"1383","CHEF CREEK TEST","2023081813",0,17.8,48,7.1,34,16.6,88.762,5.134,16.512,,,,,,,,,,,,,,,,,,,,9041.2,,
"1383","CHEF CREEK TEST","2023081814",0,18.5,45,6.9,44,15.3,88.811,5.118,16.474,,,,,,,,,,,,,,,,,,,,9041.2,,
"1383","CHEF CREEK TEST","2023081815",0,18.5,44,3.1,12,16.4,88.86,4.256,14.314,,,,,,,,,,,,,,,,,,,,9041.2,,
"1383","CHEF CREEK TEST","2023081816",0,18.7,43,3,33,12.5,88.909,4.264,14.336,,,,,,,,,,,,,,,,,,,,9041.2,,
"1383","CHEF CREEK TEST","2023081817",0,17.9,46,2.8,38,12.4,88.958,4.251,14.302,,,,,,,,,,,,,,,,,,,,9041.2,,
"1383","CHEF CREEK TEST","2023081818",0,15,55,0.5,223,11.3,88.865,3.736,12.928,,,,,,,,,,,,,,,,,,,,9041.2,,
"1383","CHEF CREEK TEST","2023081819",0,13.3,64,3,315,6.2,88.573,4.063,13.809,,,,,,,,,,,,,,,,,,,,9041.2,,
"1383","CHEF CREEK TEST","2023081820",0,11.4,71,3.2,301,6.4,88.158,3.867,13.285,,,,,,,,,,,,,,,,,,,,9041.2,,
"1383","CHEF CREEK TEST","2023081821",0,11.6,68,3.3,311,9.2,87.846,3.717,12.877,,,,,,,,,,,,,,,,,,,,9041.2,,
"1383","CHEF CREEK TEST","2023081822",0,12.5,62,2.8,298,11.8,87.688,3.543,12.397,,,,,,,,,,,,,,,,,,,,9041.2,,
"1383","CHEF CREEK TEST","2023081823",0,11.3,68,3.7,306,8.5,87.416,3.567,12.462,,,,,,,,,,,,,,,,,,,,9041.2,,
"1387","PLUMMER HUT","2023081800",0,3.2,63,4.1,144,8.9,,,,,,,,,,,,,0,,,,,,,,,,10362.2,,
"1387","PLUMMER HUT","2023081801",0,2.6,62,5.2,173,14.6,,,,,,,,,,,,,0,,,,,,,,,,10362.2,,
"1387","PLUMMER HUT","2023081802",0,1.3,61,2.2,30,22.9,,,,,,,,,,,,,0,,,,,,,,,,10362.2,,
"1387","PLUMMER HUT","2023081803",0,0.4,78,1,260,13.6,,,,,,,,,,,,,0,,,,,,,,,,10362.2,,
"1387","PLUMMER HUT","2023081804",0,-0.9,58,2,224,12.6,,,,,,,,,,,,,0,,,,,,,,,,10362.2,,
"1387","PLUMMER HUT","2023081805",0,-1.1,66,0.6,98,10,,,,,,,,,,,,,0,,,,,,,,,,10362.2,,
"1387","PLUMMER HUT","2023081806",0,-1.4,52,11.6,357,21,,,,,,,,,,,,,0,,,,,,,,,,10362.2,,
"1387","PLUMMER HUT","2023081807",0,-0.4,52,1.1,37,24.8,,,,,,,,,,,,,0,,,,,,,,,,10362.2,,
"1387","PLUMMER HUT","2023081808",0,-0.1,69,2.6,345,22.4,,,,,,,,,,,,,0,,,,,,,,,,10362.2,,
"1387","PLUMMER HUT","2023081809",0,-0.9,75,4.6,131,30,,,,,,,,,,,,,0,,,,,,,,,,10362.2,,
"1387","PLUMMER HUT","2023081810",0,1.7,48,0.5,110,9,,,,,,,,,,,,,0,,,,,,,,,,10362.2,,
"1387","PLUMMER HUT","2023081811",0,1.1,51,2.7,170,17.1,,,,,,,,,,,,,0,,,,,,,,,,10362.2,,
"1387","PLUMMER HUT","2023081812",0,2.4,46,1.4,122,17.9,,,,0,,,,,,,,,0,,,,,,,,,,10362.2,,
"1387","PLUMMER HUT","2023081813",0,1.8,49,2.8,130,22.6,,,,,,,,,,,,,0,,,,,,,,,,10362.2,,
"1387","PLUMMER HUT","2023081814",0,3,43,5.8,1,21.5,,,,,,,,,,,,,0,,,,,,,,,,10362.2,,
"1387","PLUMMER HUT","2023081815",0,3.3,45,1.3,86,27.9,,,,,,,,,,,,,0,,,,,,,,,,10362.2,,
"1387","PLUMMER HUT","2023081816",0,4.2,41,1.6,66,16.2,,,,,,,,,,,,,0,,,,,,,,,,10362.2,,
"1387","PLUMMER HUT","2023081817",0,4.3,43,4.4,352,17.7,,,,,,,,,,,,,0,,,,,,,,,,10362.2,,
"1387","PLUMMER HUT","2023081818",0,4.2,45,0.9,279,11.6,,,,,,,,,,,,,0,,,,,,,,,,10362.2,,
"1387","PLUMMER HUT","2023081819",0,2.9,53,2.3,310,16.7,,,,,,,,,,,,,0,,,,,,,,,,10362.2,,
"1387","PLUMMER HUT","2023081820",0,1.8,59,1.7,343,9.1,,,,,,,,,,,,,0,,,,,,,,,,10362.2,,
"1387","PLUMMER HUT","2023081821",0,1.5,64,2.4,25,20.2,,,,,,,,,,,,,0,,,,,,,,,,10362.2,,
"1387","PLUMMER HUT","2023081822",0,1.4,64,2.1,324,16.7,,,,,,,,,,,,,0,,,,,,,,,,10362.2,,
"1387","PLUMMER HUT","2023081823",0,0.1,71,7.5,348,16.1,,,,,,,,,,,,,0,,,,,,,,,,10362.2,,
"1392","MCNULTY EXT","2023081800",0,11.3,76,5.6,243,8.4,88.642,4.678,18.175,,,,,,,,,,,,,,,,,,,,1290.6,,
"1392","MCNULTY EXT","2023081801",0,11.1,75,5.2,254,13.8,88.092,4.237,16.887,,,,,,,,,,,,,,,,,,,,1290.6,,
"1392","MCNULTY EXT","2023081802",0,9.2,80,0.2,302,9.5,87.621,3.079,13.221,,,,,,,,,,,,,,,,,,,,1290.6,,
"1392","MCNULTY EXT","2023081803",0,6,89,0,282,2.8,87.014,2.795,12.247,,,,,,,,,,,,,,,,,,,,1290.6,,
"1392","MCNULTY EXT","2023081804",0,10.1,76,8.4,255,17.4,86.582,4.014,16.214,,,,,,,,,,,,,,,,,,,,1290.6,,
"1392","MCNULTY EXT","2023081805",0,8.4,79,6.3,273,16.7,86.139,3.392,14.258,,,,,,,,,,,,,,,,,,,,1290.6,,
"1392","MCNULTY EXT","2023081806",0,9.8,63,7,253,15.8,86.079,3.484,14.557,,,,,,,,,,,,,,,,,,,,1290.6,,
"1392","MCNULTY EXT","2023081807",0,13,49,9.7,261,31.9,86.158,4.037,16.283,,,,,,,,,,,,,,,,,,,,1290.6,,
"1392","MCNULTY EXT","2023081808",0,14.6,36,10.5,254,30.7,86.547,4.44,17.485,,,,,,,,,,,,,,,,,,,,1290.6,,
"1392","MCNULTY EXT","2023081809",0,14.9,24,20.1,250,43,87.316,8.035,26.716,,,,,,,,,,,,,,,,,,,,1290.6,,
"1392","MCNULTY EXT","2023081810",0,15.9,18,18.1,257,54.9,88.234,8.284,27.282,,,,,,,,,,,,,,,,,,,,1290.6,,
"1392","MCNULTY EXT","2023081811",0,15.8,20,19.2,256,46,88.945,9.697,30.369,,,,,,,,,,,,,,,,,,,,1290.6,,
"1392","MCNULTY EXT","2023081812",0,15.6,23,18.5,249,45,89.429,10.035,31.079,0,93.665,18.29,46.708,64.047,575.501,100.212,4,,,,,,,,,,,,1290.6,,
"1392","MCNULTY EXT","2023081813",0,16.9,24,13.2,260,34.5,89.832,8.139,27.42,,,,,,,,,,,,,,,,,,,,1290.6,,
"1392","MCNULTY EXT","2023081814",0,16.7,28,13.8,245,33.5,90.043,8.647,28.578,,,,,,,,,,,,,,,,,,,,1290.6,,
"1392","MCNULTY EXT","2023081815",0,16.2,32,7.5,296,28.1,90.093,6.34,23.043,,,,,,,,,,,,,,,,,,,,1290.6,,
"1392","MCNULTY EXT","2023081816",0,16.2,32,9.1,313,24.3,90.142,6.921,24.509,,,,,,,,,,,,,,,,,,,,1290.6,,
"1392","MCNULTY EXT","2023081817",0,14.6,37,7.2,300,21.6,90.191,6.334,23.027,,,,,,,,,,,,,,,,,,,,1290.6,,
"1392","MCNULTY EXT","2023081818",0,12.9,43,5.3,284,16.1,90.13,5.705,21.377,,,,,,,,,,,,,,,,,,,,1290.6,,
"1392","MCNULTY EXT","2023081819",0,10.7,51,1.7,290,14,89.958,4.642,18.408,,,,,,,,,,,,,,,,,,,,1290.6,,
"1392","MCNULTY EXT","2023081820",0,4.7,72,1.1,138,5.1,89.481,4.207,17.111,,,,,,,,,,,,,,,,,,,,1290.6,,
"1392","MCNULTY EXT","2023081821",0,2.8,75,1.7,69,6,88.98,4.035,16.586,,,,,,,,,,,,,,,,,,,,1290.6,,
"1392","MCNULTY EXT","2023081822",0,0.5,79,0.4,88,4.5,88.513,3.534,15,,,,,,,,,,,,,,,,,,,,1290.6,,
"1392","MCNULTY EXT","2023081823",0,2.7,69,8,44,15.7,88.097,4.883,19.102,,,,,,,,,,,,,,,,,,,,1290.6,,
"1398","TS NAHMINT","2023081800",0,14.2,92,4.9,285,7.9,85.589,2.926,11.348,,,,,,,,,,,,,,,,,,,,13486.6,,
"1398","TS NAHMINT","2023081801",0,13.3,95,0.2,29,6.8,84.736,2.053,8.422,,,,,,,,,,,,,,,,,,,,13486.6,,
"1398","TS NAHMINT","2023081802",0,13,95,1.7,316,7.2,83.875,1.972,8.13,,,,,,,,,,,,,,,,,,,,13486.6,,
"1398","TS NAHMINT","2023081803",0,13.1,97,3.2,269,9.5,82.902,1.874,7.771,,,,,,,,,,,,,,,,,,,,13486.6,,
"1398","TS NAHMINT","2023081804",0,13.2,97,1.8,255,8.2,82.095,1.579,6.65,,,,,,,,,,,,,,,,,,,,13486.6,,
"1398","TS NAHMINT","2023081805",0,13.2,96,3.4,269,6.1,81.415,1.578,6.646,,,,,,,,,,,,,,,,,,,,13486.6,,
"1398","TS NAHMINT","2023081806",0,13,96,3.4,294,6.1,80.818,1.474,6.234,,,,,,,,,,,,,,,,,,,,13486.6,,
"1398","TS NAHMINT","2023081807",0,13.5,94,1.3,221,7.1,80.47,1.276,5.422,,,,,,,,,,,,,,,,,,,,13486.6,,
"1398","TS NAHMINT","2023081808",0,14.5,86,1.7,258,7.4,80.516,1.309,5.559,,,,,,,,,,,,,,,,,,,,13486.6,,
"1398","TS NAHMINT","2023081809",0,17.7,72,2.2,160,10.9,80.736,1.375,5.832,,,,,,,,,,,,,,,,,,,,13486.6,,
"1398","TS NAHMINT","2023081810",0,20.2,55,5.9,234,12.2,81.423,1.792,7.465,,,,,,,,,,,,,,,,,,,,13486.6,,
"1398","TS NAHMINT","2023081811",0,22,41,7.2,229,16.8,82.539,2.19,8.906,,,,,,,,,,,,,,,,,,,,13486.6,,
"1398","TS NAHMINT","2023081812",0,23.4,36,4,251,19.9,83.658,2.151,8.772,0,92.353,7.329,23.331,53.943,476.166,84.075,4,,,,,,,,,,,,13486.6,,
"1398","TS NAHMINT","2023081813",0,24.5,35,4.8,112,17.9,84.751,2.594,10.606,,,,,,,,,,,,,,,,,,,,13486.6,,
"1398","TS NAHMINT","2023081814",0,24.5,37,10.1,70,29.3,85.73,3.879,14.61,,,,,,,,,,,,,,,,,,,,13486.6,,
"1398","TS NAHMINT","2023081815",0,23.6,39,14.4,66,34.1,86.486,5.358,18.624,,,,,,,,,,,,,,,,,,,,13486.6,,
"1398","TS NAHMINT","2023081816",0,24.2,37,10,50,28.4,87.173,4.732,16.987,,,,,,,,,,,,,,,,,,,,13486.6,,
"1398","TS NAHMINT","2023081817",0,23.7,39,3.4,256,22.4,87.595,3.604,13.803,,,,,,,,,,,,,,,,,,,,13486.6,,
"1398","TS NAHMINT","2023081818",0,21.4,45,3.9,286,11.3,87.749,3.778,14.317,,,,,,,,,,,,,,,,,,,,13486.6,,
"1398","TS NAHMINT","2023081819",0,19.6,48,2.4,4,9.9,87.798,3.528,13.574,,,,,,,,,,,,,,,,,,,,13486.6,,
"1398","TS NAHMINT","2023081820",0,16,59,0.6,290,4.6,87.749,3.2,12.569,,,,,,,,,,,,,,,,,,,,13486.6,,
"1398","TS NAHMINT","2023081821",0,15.3,62,0.3,316,3.8,87.654,3.109,12.285,,,,,,,,,,,,,,,,,,,,13486.6,,
"1398","TS NAHMINT","2023081822",0,14.9,66,4.3,68,6,87.445,3.691,14.062,,,,,,,,,,,,,,,,,,,,13486.6,,
"1398","TS NAHMINT","2023081823",0,13.4,75,0,300,6.1,87.159,2.853,11.465,,,,,,,,,,,,,,,,,,,,13486.6,,
"1399","MERRITT 2 HUB","2023081800",0,23.7,42,26.6,216,44.8,92.924,24.804,63.109,,,,,,,,,,,,,,,,,,,,,,
"1399","MERRITT 2 HUB","2023081801",0,23.3,36,25.5,251,43.6,92.814,23.106,60.443,,,,,,,,,,,,,,,,,,,,,,
"1399","MERRITT 2 HUB","2023081802",0,22.5,37,15,246,48.8,92.697,13.391,42.986,,,,,,,,,,,,,,,,,,,,,,
"1399","MERRITT 2 HUB","2023081803",0,21.9,40,35.8,207,53.4,92.438,36.83,79.929,,,,,,,,,,,,,,,,,,,,,,
"1399","MERRITT 2 HUB","2023081804",0,21,44,33.4,208,63.8,92.076,31.011,72.185,,,,,,,,,,,,,,,,,,,,,,
"1399","MERRITT 2 HUB","2023081805",0,19.8,41,35.6,226,56.9,91.85,33.553,75.648,,,,,,,,,,,,,,,,,,,,,,
"1399","MERRITT 2 HUB","2023081806",0,18.7,39,37.3,237,57.5,91.699,35.784,78.583,,,,,,,,,,,,,,,,,,,,,,
"1399","MERRITT 2 HUB","2023081807",0,18.6,36,29.3,222,52.9,91.667,23.804,61.55,,,,,,,,,,,,,,,,,,,,,,
"1399","MERRITT 2 HUB","2023081808",0,19.3,32,35.5,208,49.4,91.717,32.763,74.585,,,,,,,,,,,,,,,,,,,,,,
"1399","MERRITT 2 HUB","2023081809",0,20,30,31.5,206,47.7,91.767,26.972,66.391,,,,,,,,,,,,,,,,,,,,,,
"1399","MERRITT 2 HUB","2023081810",0,21.5,28,27,206,47.7,91.817,21.653,58.087,,,,,,,,,,,,,,,,,,,,,,
"1399","MERRITT 2 HUB","2023081811",0,21.1,26,21.5,8,38.5,91.924,16.662,49.371,,,,,,,,,,,,,,,,,,,,,,
"1399","MERRITT 2 HUB","2023081812",0,20.9,26,20.9,12,38.5,92.005,16.352,48.792,0,94.103,21.933,59.128,87.935,834.921,139.214,5,,,,,,,,,,,,,,
"1399","MERRITT 2 HUB","2023081813",0,21.5,20,12.8,20,32.7,92.322,11.371,39.09,,,,,,,,,,,,,,,,,,,,,,
"1399","MERRITT 2 HUB","2023081814",0,23,18,11.3,339,27.5,92.721,11.151,38.598,,,,,,,,,,,,,,,,,,,,,,
"1399","MERRITT 2 HUB","2023081815",0,23.9,18,14.5,234,27.5,93.098,13.814,44.302,,,,,,,,,,,,,,,,,,,,,,
"1399","MERRITT 2 HUB","2023081816",0,23.3,20,13.5,244,20,93.289,13.49,43.636,,,,,,,,,,,,,,,,,,,,,,
"1399","MERRITT 2 HUB","2023081817",0,21.9,27,15.5,207,25.8,93.339,15.026,46.732,,,,,,,,,,,,,,,,,,,,,,
"1399","MERRITT 2 HUB","2023081818",0,20.7,32,12,213,24.1,93.263,12.463,41.477,,,,,,,,,,,,,,,,,,,,,,
"1399","MERRITT 2 HUB","2023081819",0,19.6,27,8.2,9,21.2,93.295,10.337,36.734,,,,,,,,,,,,,,,,,,,,,,
"1399","MERRITT 2 HUB","2023081820",0,16.9,34,6,151,10.8,93.158,9.077,33.717,,,,,,,,,,,,,,,,,,,,,,
"1399","MERRITT 2 HUB","2023081821",0,14.9,36,6,128,9.1,92.977,8.85,33.155,,,,,,,,,,,,,,,,,,,,,,
"1399","MERRITT 2 HUB","2023081822",0,13.3,45,6.5,198,10.8,92.616,8.627,32.595,,,,,,,,,,,,,,,,,,,,,,
"1399","MERRITT 2 HUB","2023081823",0,13.4,48,4.7,208,8.5,92.25,7.484,29.624,,,,,,,,,,,,,,,,,,,,,,
"1408","TS BLACKWATER","2023081800",0,11.4,61,11.7,356,27,,,,,,,,,,,,,,,,,,,,,,,3422.9,,
"1408","TS BLACKWATER","2023081801",0,11.2,61,13.1,2,23.5,,,,,,,,,,,,,,,,,,,,,,,3422.9,,
"1408","TS BLACKWATER","2023081802",0,11.2,58,8.5,343,26.7,,,,,,,,,,,,,,,,,,,,,,,3422.9,,
"1408","TS BLACKWATER","2023081803",0,9.9,71,4.5,341,21.5,,,,,,,,,,,,,,,,,,,,,,,3422.9,,
"1408","TS BLACKWATER","2023081804",0,10.9,61,7.9,345,31.8,,,,,,,,,,,,,,,,,,,,,,,3422.9,,
"1408","TS BLACKWATER","2023081805",0,12,56,8.2,347,31.8,,,,,,,,,,,,,,,,,,,,,,,3422.9,,
"1408","TS BLACKWATER","2023081806",0,12.1,60,12.9,4,29,,,,,,,,,,,,,,,,,,,,,,,3422.9,,
"1408","TS BLACKWATER","2023081807",0,13.8,51,12.1,10,26.6,,,,,,,,,,,,,,,,,,,,,,,3422.9,,
"1408","TS BLACKWATER","2023081808",0,15,50,13.9,8,38.1,,,,,,,,,,,,,,,,,,,,,,,3422.9,,
"1408","TS BLACKWATER","2023081809",0,17.2,45,10,357,34.5,,,,,,,,,,,,,,,,,,,,,,,3422.9,,
"1408","TS BLACKWATER","2023081810",0,18.3,46,10.4,6,24.6,,,,,,,,,,,,,,,,,,,,,,,3422.9,,
"1408","TS BLACKWATER","2023081811",0,19.7,36,12.5,5,27.2,,,,,,,,,,,,,,,,,,,,,,,3422.9,,
"1408","TS BLACKWATER","2023081812",0,20.9,31,5.2,49,23.8,,,,0,,,,,,,,,,,,,,,,,,,3422.9,,
"1408","TS BLACKWATER","2023081813",0,22,30,6.5,328,19.2,,,,,,,,,,,,,,,,,,,,,,,3422.9,,
"1408","TS BLACKWATER","2023081814",0,22.6,29,6.4,334,19.8,,,,,,,,,,,,,,,,,,,,,,,3422.9,,
"1408","TS BLACKWATER","2023081815",0,21.4,34,11.7,359,29.8,,,,,,,,,,,,,,,,,,,,,,,3422.9,,
"1408","TS BLACKWATER","2023081816",0,20.6,35,13.2,347,30.4,,,,,,,,,,,,,,,,,,,,,,,3422.9,,
"1408","TS BLACKWATER","2023081817",0,19.9,37,11,352,30.1,,,,,,,,,,,,,,,,,,,,,,,3422.9,,
"1408","TS BLACKWATER","2023081818",0,17.5,44,8.5,343,31.3,,,,,,,,,,,,,,,,,,,,,,,3422.9,,
"1408","TS BLACKWATER","2023081819",0,15.4,52,11.2,353,24.6,,,,,,,,,,,,,,,,,,,,,,,3422.9,,
"1408","TS BLACKWATER","2023081820",0,13.5,61,7.4,348,22.6,,,,,,,,,,,,,,,,,,,,,,,3422.9,,
"1408","TS BLACKWATER","2023081821",0,12.5,67,7,351,23.3,,,,,,,,,,,,,,,,,,,,,,,3422.9,,
"1408","TS BLACKWATER","2023081822",0,11.6,72,5.6,342,21.3,,,,,,,,,,,,,,,,,,,,,,,3422.9,,
"1408","TS BLACKWATER","2023081823",0,11.4,73,7.2,337,17.3,,,,,,,,,,,,,,,,,,,,,,,3422.9,,
"1790","CARIBOO CREEK","2023081800",0,19.1,42,5.1,340,14.9,90.547,5.995,23.213,,,,,,,,,,,,,,,,,,,,914.6,,
"1790","CARIBOO CREEK","2023081801",0,18.7,44,4.9,345,9.5,90.508,5.902,22.958,,,,,,,,,,,,,,,,,,,,914.6,,
"1790","CARIBOO CREEK","2023081802",0,18.8,37,7.2,324,14,90.558,6.674,25.027,,,,,,,,,,,,,,,,,,,,914.6,,
"1790","CARIBOO CREEK","2023081803",0,17.5,46,5.3,331,12.6,90.46,5.981,23.175,,,,,,,,,,,,,,,,,,,,914.6,,
"1790","CARIBOO CREEK","2023081804",0,17.6,53,4.3,337,12.6,90.237,5.508,21.86,,,,,,,,,,,,,,,,,,,,914.6,,
"1790","CARIBOO CREEK","2023081805",0,16,56,3.4,316,11,89.973,5.069,20.596,,,,,,,,,,,,,,,,,,,,914.6,,
"1790","CARIBOO CREEK","2023081806",0,17.8,46,5.5,301,21.1,89.941,5.609,22.143,,,,,,,,,,,,,,,,,,,,914.6,,
"1790","CARIBOO CREEK","2023081807",1,13.6,84,7.3,349,20.1,68.093,0.85,4.54,,,,,,,,,,,,,,,,,,,,915.6,,
"1790","CARIBOO CREEK","2023081808",0.6,14.2,87,5.1,355,13.7,58.77,0.488,2.317,,,,,,,,,,,,,,,,,,,,916.2,,
"1790","CARIBOO CREEK","2023081809",0,15,76,6.1,335,13.6,60.159,0.562,2.812,,,,,,,,,,,,,,,,,,,,916.2,,
"1790","CARIBOO CREEK","2023081810",0,20.2,36,7.3,221,28.4,63.606,0.718,3.775,,,,,,,,,,,,,,,,,,,,916.2,,
"1790","CARIBOO CREEK","2023081811",0,16.6,45,9,284,31.4,66.109,0.866,4.626,,,,,,,,,,,,,,,,,,,,916.2,,
"1790","CARIBOO CREEK","2023081812",1.2,10,77,10.9,326,36.6,49.758,0.276,0.823,2.8,64.339,1.077,5.156,65.063,421.403,93.887,3,,,,,,,,,,,,917.4,,
"1790","CARIBOO CREEK","2023081813",0.6,15.1,57,5,102,38.2,45.654,0.117,0.311,,,,,,,,,,,,,,,,,,,,918,,
"1790","CARIBOO CREEK","2023081814",0.6,7.6,76,15.9,291,40.4,41.426,0.101,0.268,,,,,,,,,,,,,,,,,,,,918.6,,
"1790","CARIBOO CREEK","2023081815",0.2,7.1,82,3.9,7,23.8,40.625,0.048,0.127,,,,,,,,,,,,,,,,,,,,918.8,,
"1790","CARIBOO CREEK","2023081816",0,11.1,55,2.9,300,10.4,43.009,0.069,0.184,,,,,,,,,,,,,,,,,,,,918.8,,
"1790","CARIBOO CREEK","2023081817",0,10.8,67,3.1,205,7,44.874,0.094,0.251,,,,,,,,,,,,,,,,,,,,918.8,,
"1790","CARIBOO CREEK","2023081818",0,8.4,75,4,292,17.9,46.298,0.122,0.326,,,,,,,,,,,,,,,,,,,,918.8,,
"1790","CARIBOO CREEK","2023081819",0,6.1,86,3.7,333,9.8,47.094,0.135,0.36,,,,,,,,,,,,,,,,,,,,918.8,,
"1790","CARIBOO CREEK","2023081820",0,4,91,3,329,5.6,47.566,0.139,0.371,,,,,,,,,,,,,,,,,,,,918.8,,
"1790","CARIBOO CREEK","2023081821",0,3.2,94,1.7,333,5.5,47.847,0.135,0.361,,,,,,,,,,,,,,,,,,,,918.8,,
"1790","CARIBOO CREEK","2023081822",0,2.8,95,2.4,288,7.4,48.099,0.145,0.387,,,,,,,,,,,,,,,,,,,,918.8,,
"1790","CARIBOO CREEK","2023081823",0,3.1,92,2.6,179,10.6,48.488,0.154,0.411,,,,,,,,,,,,,,,,,,,,918.8,,
"1994","TERRACE AIRPORT QD","2023081800",0,13.7,57,14.2,267,26.4,88.835,7.419,19.262,,,,,,,,,,,,,,,,,,,,595,,
"1994","TERRACE AIRPORT QD","2023081801",0,13.7,56,14.3,261,33.2,88.64,7.251,18.943,,,,,,,,,,,,,,,,,,,,595,,
"1994","TERRACE AIRPORT QD","2023081802",0,12.7,63,7.5,271,20.8,88.344,4.933,14.177,,,,,,,,,,,,,,,,,,,,595,,
"1994","TERRACE AIRPORT QD","2023081803",0,12,65,7.5,272,14.9,88.034,4.719,13.696,,,,,,,,,,,,,,,,,,,,595,,
"1994","TERRACE AIRPORT QD","2023081804",0,11.7,68,8.9,266,14,87.68,4.813,13.91,,,,,,,,,,,,,,,,,,,,595,,
"1994","TERRACE AIRPORT QD","2023081805",0,10.7,76,2.7,321,17.3,87.25,3.312,10.303,,,,,,,,,,,,,,,,,,,,595,,
"1994","TERRACE AIRPORT QD","2023081806",0,9.9,80,1.5,326,10.4,86.792,2.921,9.27,,,,,,,,,,,,,,,,,,,,595,,
"1994","TERRACE AIRPORT QD","2023081807",0,11.6,73,0.2,325,9.7,86.571,2.651,8.528,,,,,,,,,,,,,,,,,,,,595,,
"1994","TERRACE AIRPORT QD","2023081808",0,14,62,1.7,272,9.6,86.554,2.853,9.084,,,,,,,,,,,,,,,,,,,,595,,
"1994","TERRACE AIRPORT QD","2023081809",0,15.2,58,2.8,273,11.6,86.602,3.036,9.578,,,,,,,,,,,,,,,,,,,,595,,
"1994","TERRACE AIRPORT QD","2023081810",0,16.5,51,5.3,272,14.3,86.65,3.467,10.699,,,,,,,,,,,,,,,,,,,,595,,
"1994","TERRACE AIRPORT QD","2023081811",0,17.6,48,9,235,16.2,86.777,4.253,12.621,,,,,,,,,,,,,,,,,,,,595,,
"1994","TERRACE AIRPORT QD","2023081812",0,19.4,41,9.6,252,18.8,87.106,4.594,13.412,0,89.604,6.571,18.219,36.138,494.526,61.111,4,,,,,,,,,,,,595,,
"1994","TERRACE AIRPORT QD","2023081813",0,20.8,37,9.7,271,18.1,87.551,4.92,14.653,,,,,,,,,,,,,,,,,,,,595,,
"1994","TERRACE AIRPORT QD","2023081814",0,22.2,32,4.9,304,18.7,88.092,4.174,12.889,,,,,,,,,,,,,,,,,,,,595,,
"1994","TERRACE AIRPORT QD","2023081815",0,23.4,29,8.9,245,19,88.755,5.615,16.205,,,,,,,,,,,,,,,,,,,,595,,
"1994","TERRACE AIRPORT QD","2023081816",0,23.4,27,5.5,269,19.8,89.345,5.149,15.174,,,,,,,,,,,,,,,,,,,,595,,
"1994","TERRACE AIRPORT QD","2023081817",0,23.2,28,11.4,280,24.2,89.854,7.457,19.984,,,,,,,,,,,,,,,,,,,,595,,
"1994","TERRACE AIRPORT QD","2023081818",0,22,34,12.8,260,21,90.028,8.205,21.408,,,,,,,,,,,,,,,,,,,,595,,
"1994","TERRACE AIRPORT QD","2023081819",0,19.8,43,10.5,202,24.4,90.077,7.358,19.792,,,,,,,,,,,,,,,,,,,,595,,
"1994","TERRACE AIRPORT QD","2023081820",0,17.2,53,3.3,187,15.6,89.901,4.992,14.817,,,,,,,,,,,,,,,,,,,,595,,
"1994","TERRACE AIRPORT QD","2023081821",0,17,53,8.9,195,16.1,89.705,6.435,17.941,,,,,,,,,,,,,,,,,,,,595,,
"1994","TERRACE AIRPORT QD","2023081822",0,15.4,61,0,135,12.9,89.486,3.983,12.42,,,,,,,,,,,,,,,,,,,,595,,
"1994","TERRACE AIRPORT QD","2023081823",0,15.2,63,8.7,267,14.9,89.094,5.836,16.682,,,,,,,,,,,,,,,,,,,,595,,
"2130","QD WISEMAN","2023081800",0,,0,0,,0,,,,,,,,,,,,,,,,,,,,,,,,,
"2130","QD WISEMAN","2023081801",0,,0,0,,0,,,,,,,,,,,,,,,,,,,,,,,,,
"2130","QD WISEMAN","2023081802",0,,0,0,,0,,,,,,,,,,,,,,,,,,,,,,,,,
"2130","QD WISEMAN","2023081803",0,,0,0,,0,,,,,,,,,,,,,,,,,,,,,,,,,
"2130","QD WISEMAN","2023081804",0,,0,0,,0,,,,,,,,,,,,,,,,,,,,,,,,,
"2130","QD WISEMAN","2023081805",0,,0,0,,0,,,,,,,,,,,,,,,,,,,,,,,,,
"2130","QD WISEMAN","2023081806",0,,0,0,,0,,,,,,,,,,,,,,,,,,,,,,,,,
"2130","QD WISEMAN","2023081807",0,,0,0,,0,,,,,,,,,,,,,,,,,,,,,,,,,
"2130","QD WISEMAN","2023081808",0,,0,0,,0,,,,,,,,,,,,,,,,,,,,,,,,,
"2130","QD WISEMAN","2023081809",0,,0,0,,0,,,,,,,,,,,,,,,,,,,,,,,,,
"2130","QD WISEMAN","2023081810",0,,0,0,,0,,,,,,,,,,,,,,,,,,,,,,,,,
"2130","QD WISEMAN","2023081811",0,,0,0,,0,,,,,,,,,,,,,,,,,,,,,,,,,
"2130","QD WISEMAN","2023081812",0,,0,0,,0,,,,0,,,,,,,,,,,,,,,,,,,,,
"2130","QD WISEMAN","2023081813",0,,0,0,,0,,,,,,,,,,,,,,,,,,,,,,,,,
"2130","QD WISEMAN","2023081814",0,,0,0,,0,,,,,,,,,,,,,,,,,,,,,,,,,
"2130","QD WISEMAN","2023081815",0,,0,0,,0,,,,,,,,,,,,,,,,,,,,,,,,,
"2130","QD WISEMAN","2023081816",0,,0,0,,0,,,,,,,,,,,,,,,,,,,,,,,,,
"2130","QD WISEMAN","2023081817",0,,0,0,,0,,,,,,,,,,,,,,,,,,,,,,,,,
"2130","QD WISEMAN","2023081818",0,,0,0,,0,,,,,,,,,,,,,,,,,,,,,,,,,
"2130","QD WISEMAN","2023081819",0,,0,0,,0,,,,,,,,,,,,,,,,,,,,,,,,,
"2130","QD WISEMAN","2023081820",0,,0,0,,0,,,,,,,,,,,,,,,,,,,,,,,,,
"2130","QD WISEMAN","2023081821",0,,0,0,,0,,,,,,,,,,,,,,,,,,,,,,,,,
"2130","QD WISEMAN","2023081822",0,,0,0,,0,,,,,,,,,,,,,,,,,,,,,,,,,
"2130","QD WISEMAN","2023081823",0,,0,0,,0,,,,,,,,,,,,,,,,,,,,,,,,,
"2170","INKANEEP 2 EXT","2023081800",0,20,39,8.5,340,21.5,92.931,9.973,36.747,,,,,,,,,,,,,,,,,,,,400,,
"2170","INKANEEP 2 EXT","2023081801",0,18.5,42,9.7,9,17.3,92.639,10.17,37.22,,,,,,,,,,,,,,,,,,,,400,,
"2170","INKANEEP 2 EXT","2023081802",0,16.8,48,5,1,14.2,92.275,7.624,30.744,,,,,,,,,,,,,,,,,,,,400,,
"2170","INKANEEP 2 EXT","2023081803",0,17.5,44,6.2,14,17.4,92.03,7.824,31.285,,,,,,,,,,,,,,,,,,,,400,,
"2170","INKANEEP 2 EXT","2023081804",0,17.9,41,9.4,358,19.4,91.863,8.978,34.289,,,,,,,,,,,,,,,,,,,,400,,
"2170","INKANEEP 2 EXT","2023081805",0,15.7,47,10.5,15,14.7,91.549,9.076,34.538,,,,,,,,,,,,,,,,,,,,400,,
"2170","INKANEEP 2 EXT","2023081806",0,17.3,45,9.3,327,20.3,91.339,8.293,32.529,,,,,,,,,,,,,,,,,,,,400,,
"2170","INKANEEP 2 EXT","2023081807",0,19.3,31,17.3,307,30.4,91.389,12.499,42.535,,,,,,,,,,,,,,,,,,,,400,,
"2170","INKANEEP 2 EXT","2023081808",0,19.6,23,14.9,314,34.8,91.629,11.459,40.223,,,,,,,,,,,,,,,,,,,,400,,
"2170","INKANEEP 2 EXT","2023081809",0,20.2,15,24.1,316,41.8,92.239,19.86,56.887,,,,,,,,,,,,,,,,,,,,400,,
"2170","INKANEEP 2 EXT","2023081810",0,20.8,17,21.7,294,40,92.655,18.658,54.737,,,,,,,,,,,,,,,,,,,,400,,
"2170","INKANEEP 2 EXT","2023081811",0,20.7,17,24.5,305,43.9,92.998,22.545,61.479,,,,,,,,,,,,,,,,,,,,400,,
"2170","INKANEEP 2 EXT","2023081812",0,20.6,12,23.9,308,44.2,93.533,23.573,63.169,0,95.573,31.215,75.273,111.155,644.969,155.369,5,,,,,,,,,,,,400,,
"2170","INKANEEP 2 EXT","2023081813",0,17.9,14,19.4,316,35.1,93.761,19.394,56.457,,,,,,,,,,,,,,,,,,,,400,,
"2170","INKANEEP 2 EXT","2023081814",0,21,14,19.6,324,40.4,94.049,20.39,58.222,,,,,,,,,,,,,,,,,,,,400,,
"2170","INKANEEP 2 EXT","2023081815",0,19.8,19,21,332,39.6,94.1,22.034,61.05,,,,,,,,,,,,,,,,,,,,400,,
"2170","INKANEEP 2 EXT","2023081816",0,19.9,24,16.7,330,33.3,94.112,17.773,53.49,,,,,,,,,,,,,,,,,,,,400,,
"2170","INKANEEP 2 EXT","2023081817",0,18.7,27,14.5,332,34.1,94.036,15.741,49.589,,,,,,,,,,,,,,,,,,,,400,,
"2170","INKANEEP 2 EXT","2023081818",0,16.9,31,12.5,360,25.3,93.858,13.885,45.816,,,,,,,,,,,,,,,,,,,,400,,
"2170","INKANEEP 2 EXT","2023081819",0,14,36,4.1,335,22.9,93.632,8.812,34.125,,,,,,,,,,,,,,,,,,,,400,,
"2170","INKANEEP 2 EXT","2023081820",0,12.6,34,7.1,3,20.4,93.428,9.963,36.997,,,,,,,,,,,,,,,,,,,,400,,
"2170","INKANEEP 2 EXT","2023081821",0,12.7,34,7.7,38,36.2,93.237,9.998,37.084,,,,,,,,,,,,,,,,,,,,400,,
"2170","INKANEEP 2 EXT","2023081822",0,11,37,8.8,31,22.2,92.987,10.205,37.583,,,,,,,,,,,,,,,,,,,,400,,
"2170","INKANEEP 2 EXT","2023081823",0,11.7,36,10.3,33,22.1,92.772,10.679,38.711,,,,,,,,,,,,,,,,,,,,400,,
"2450","BIGATTINI","2023081800",0,20.1,37,10.6,219,20.6,93.261,11.61,40.627,,,,,,,,,,,,,,,,,,,,,,
"2450","BIGATTINI","2023081801",0,19.3,41,6,248,17.7,92.994,8.871,34.071,,,,,,,,,,,,,,,,,,,,,,
"2450","BIGATTINI","2023081802",0,18.4,43,8,209,14.9,92.683,9.393,35.384,,,,,,,,,,,,,,,,,,,,,,
"2450","BIGATTINI","2023081803",0,17.2,47,12.3,205,18.9,92.264,10.997,39.225,,,,,,,,,,,,,,,,,,,,,,
"2450","BIGATTINI","2023081804",0,16,51,9.6,208,20.6,91.815,9.008,34.42,,,,,,,,,,,,,,,,,,,,,,
"2450","BIGATTINI","2023081805",0,14.9,57,6.8,230,15.4,91.306,7.278,29.843,,,,,,,,,,,,,,,,,,,,,,
"2450","BIGATTINI","2023081806",0,17.1,52,9.2,208,17.7,90.959,7.817,31.317,,,,,,,,,,,,,,,,,,,,,,
"2450","BIGATTINI","2023081807",0,19.3,46,8.5,180,20,90.826,7.404,30.191,,,,,,,,,,,,,,,,,,,,,,
"2450","BIGATTINI","2023081808",0,21.6,42,11.5,192,24.1,90.839,8.628,33.451,,,,,,,,,,,,,,,,,,,,,,
"2450","BIGATTINI","2023081809",0,22,39,13.1,213,26.4,90.889,9.42,35.45,,,,,,,,,,,,,,,,,,,,,,
"2450","BIGATTINI","2023081810",0,23.8,36,16.8,180,33.3,90.939,11.431,40.222,,,,,,,,,,,,,,,,,,,,,,
"2450","BIGATTINI","2023081811",0,24.2,34,12.4,181,47.7,90.997,9.235,34.99,,,,,,,,,,,,,,,,,,,,,,
"2450","BIGATTINI","2023081812",0,24.8,29,9.9,183,55.7,91.242,8.43,32.938,0,94.108,12.609,43.122,119.18,562.958,155.867,4,,,,,,,,,,,,,,
"2450","BIGATTINI","2023081813",0,23.9,21,15.6,256,44.2,91.762,12.097,41.991,,,,,,,,,,,,,,,,,,,,,,
"2450","BIGATTINI","2023081814",0,24.5,15,8.2,335,35.6,92.434,9.161,35.041,,,,,,,,,,,,,,,,,,,,,,
"2450","BIGATTINI","2023081815",0,23.4,10,9.9,306,34.4,93.206,11.123,39.778,,,,,,,,,,,,,,,,,,,,,,
"2450","BIGATTINI","2023081816",0,21.1,11,10,305,26.9,93.704,11.983,41.737,,,,,,,,,,,,,,,,,,,,,,
"2450","BIGATTINI","2023081817",0,20.7,10,5.5,292,32.7,94.126,10.127,37.424,,,,,,,,,,,,,,,,,,,,,,
"2450","BIGATTINI","2023081818",0,18.1,12,5.9,287,18.9,94.329,10.626,38.618,,,,,,,,,,,,,,,,,,,,,,
"2450","BIGATTINI","2023081819",0,15.6,18,7.8,306,20,94.38,11.777,41.274,,,,,,,,,,,,,,,,,,,,,,
"2450","BIGATTINI","2023081820",0,11.1,41,5.3,212,17.2,93.991,9.84,36.728,,,,,,,,,,,,,,,,,,,,,,
"2450","BIGATTINI","2023081821",0,8,54,5.2,211,9.7,93.388,9.003,34.642,,,,,,,,,,,,,,,,,,,,,,
"2450","BIGATTINI","2023081822",0,6.5,56,4.2,271,7.9,92.831,7.918,31.805,,,,,,,,,,,,,,,,,,,,,,
"2450","BIGATTINI","2023081823",0,6.1,53,3.9,290,7.9,92.381,7.322,30.172,,,,,,,,,,,,,,,,,,,,,,
"2512","RAFT","2023081800",0,19.8,45,3.3,349,9,90.875,5.737,17.928,,,,,,,,,,,,,,,,,,,,485.8,,
"2512","RAFT","2023081801",0,18.9,50,0.8,237,7,90.726,4.952,16.06,,,,,,,,,,,,,,,,,,,,485.8,,
"2512","RAFT","2023081802",0,18.1,44,3.9,289,9.8,90.664,5.738,17.93,,,,,,,,,,,,,,,,,,,,485.8,,
"2512","RAFT","2023081803",0,17.7,44,3.3,352,8.2,90.606,5.521,17.425,,,,,,,,,,,,,,,,,,,,485.8,,
"2512","RAFT","2023081804",0,18.4,33,14,357,30.3,90.656,9.534,25.781,,,,,,,,,,,,,,,,,,,,485.8,,
"2512","RAFT","2023081805",0,16.8,37,5.6,14,27.1,90.704,6.288,19.176,,,,,,,,,,,,,,,,,,,,485.8,,
"2512","RAFT","2023081806",0,16.3,38,3.9,347,17.8,90.725,5.789,18.046,,,,,,,,,,,,,,,,,,,,485.8,,
"2512","RAFT","2023081807",0,16,40,9.6,26,25.1,90.695,7.681,22.152,,,,,,,,,,,,,,,,,,,,485.8,,
"2512","RAFT","2023081808",0,16.2,40,14.4,13,29.3,90.664,9.74,26.165,,,,,,,,,,,,,,,,,,,,485.8,,
"2512","RAFT","2023081809",0,16.5,42,6.5,22,30.1,90.616,6.496,19.638,,,,,,,,,,,,,,,,,,,,485.8,,
"2512","RAFT","2023081810",0,14,49,11.4,232,35.7,90.38,8.041,22.883,,,,,,,,,,,,,,,,,,,,485.8,,
"2512","RAFT","2023081811",0,18.2,36,13.8,21,26.3,90.429,9.138,25.033,,,,,,,,,,,,,,,,,,,,485.8,,
"2512","RAFT","2023081812",0,16,43,15.7,22,30.2,90.358,9.954,26.561,0,90.085,9.573,26.343,47.616,417.292,74.095,4,,,,,,,,,,,,485.8,,
"2512","RAFT","2023081813",0,17.7,34,16.9,166,33,90.407,10.65,28.343,,,,,,,,,,,,,,,,,,,,485.8,,
"2512","RAFT","2023081814",0,19.2,28,13.1,127,31.9,90.606,9.047,25.332,,,,,,,,,,,,,,,,,,,,485.8,,
"2512","RAFT","2023081815",0,17.6,33,13.1,176,32.9,90.656,9.111,25.457,,,,,,,,,,,,,,,,,,,,485.8,,
"2512","RAFT","2023081816",0,20.1,27,10.7,86,27.9,90.873,8.328,23.907,,,,,,,,,,,,,,,,,,,,485.8,,
"2512","RAFT","2023081817",0,18.1,33,6.6,164,37.9,90.923,6.822,20.747,,,,,,,,,,,,,,,,,,,,485.8,,
"2512","RAFT","2023081818",0,16.8,39,4.7,170,25.3,90.913,6.191,19.338,,,,,,,,,,,,,,,,,,,,485.8,,
"2512","RAFT","2023081819",0,13.8,46,3.1,185,20.5,90.76,5.588,17.937,,,,,,,,,,,,,,,,,,,,485.8,,
"2512","RAFT","2023081820",0,12.9,40,8.5,219,15.5,90.689,7.261,21.696,,,,,,,,,,,,,,,,,,,,485.8,,
"2512","RAFT","2023081821",0,11.2,53,5,266,13.2,90.397,5.839,18.527,,,,,,,,,,,,,,,,,,,,485.8,,
"2512","RAFT","2023081822",0,9.6,58,0.1,47,13.5,90.146,4.4,14.985,,,,,,,,,,,,,,,,,,,,485.8,,
"2512","RAFT","2023081823",0,8.6,61,4.6,256,7.1,89.759,5.222,17.056,,,,,,,,,,,,,,,,,,,,485.8,,
"2513","NORTH ADAMS","2023081800",0,25,36,6.8,244,22,91.337,7.309,26.524,,,,,,,,,,,,,,,,,,,,319.4,,
"2513","NORTH ADAMS","2023081801",0,24.4,38,2.8,329,23.7,91.387,6.018,23.159,,,,,,,,,,,,,,,,,,,,319.4,,
"2513","NORTH ADAMS","2023081802",0,23.1,34,3.5,106,17.3,91.437,6.278,23.86,,,,,,,,,,,,,,,,,,,,319.4,,
"2513","NORTH ADAMS","2023081803",0,21.3,39,3.6,242,9,91.446,6.318,23.967,,,,,,,,,,,,,,,,,,,,319.4,,
"2513","NORTH ADAMS","2023081804",0,21.3,36,2.9,277,10.4,91.496,6.142,23.496,,,,,,,,,,,,,,,,,,,,319.4,,
"2513","NORTH ADAMS","2023081805",3,14.4,82,19.9,197,41.2,44.449,0.206,0.609,,,,,,,,,,,,,,,,,,,,322.4,,
"2513","NORTH ADAMS","2023081806",0,14.1,82,17.6,202,28.8,46.541,0.251,0.744,,,,,,,,,,,,,,,,,,,,322.4,,
"2513","NORTH ADAMS","2023081807",0,16.1,79,9.5,207,25.9,48.558,0.221,0.653,,,,,,,,,,,,,,,,,,,,322.4,,
"2513","NORTH ADAMS","2023081808",0,18.8,44,2.3,227,11.8,51.767,0.226,0.67,,,,,,,,,,,,,,,,,,,,322.4,,
"2513","NORTH ADAMS","2023081809",0,17.3,47,7,230,17.1,55.015,0.398,1.633,,,,,,,,,,,,,,,,,,,,322.4,,
"2513","NORTH ADAMS","2023081810",0,17,37,10,266,38.9,58.603,0.617,3.136,,,,,,,,,,,,,,,,,,,,322.4,,
"2513","NORTH ADAMS","2023081811",0,19.4,35,2.9,356,27.6,61.687,0.523,2.528,,,,,,,,,,,,,,,,,,,,322.4,,
"2513","NORTH ADAMS","2023081812",0,19,37,5.5,141,18.2,64.67,0.687,3.558,3,75.951,1.069,5.072,56.599,642.79,92.775,3,,,,,,,,,,,,322.4,,
"2513","NORTH ADAMS","2023081813",0,20.5,31,4.2,172,22.4,67.677,0.718,3.277,,,,,,,,,,,,,,,,,,,,322.4,,
"2513","NORTH ADAMS","2023081814",0,20.9,36,7.5,358,20,70.497,0.928,4.377,,,,,,,,,,,,,,,,,,,,322.4,,
"2513","NORTH ADAMS","2023081815",0,19.1,40,1.6,289,19.3,72.295,0.734,3.365,,,,,,,,,,,,,,,,,,,,322.4,,
"2513","NORTH ADAMS","2023081816",0,19,27,7.2,269,26.4,74.732,1.085,5.149,,,,,,,,,,,,,,,,,,,,322.4,,
"2513","NORTH ADAMS","2023081817",0,18.1,30,6.8,295,27.9,76.702,1.2,5.691,,,,,,,,,,,,,,,,,,,,322.4,,
"2513","NORTH ADAMS","2023081818",0,17.7,30,8.3,328,22.4,78.481,1.492,6.989,,,,,,,,,,,,,,,,,,,,322.4,,
"2513","NORTH ADAMS","2023081819",0,15.7,43,3.9,223,13.1,79.439,1.308,6.179,,,,,,,,,,,,,,,,,,,,322.4,,
"2513","NORTH ADAMS","2023081820",0,14,45,11.4,202,15.3,80.338,2.093,9.419,,,,,,,,,,,,,,,,,,,,322.4,,
"2513","NORTH ADAMS","2023081821",0,13.7,46,12.8,201,17.5,81.124,2.451,10.744,,,,,,,,,,,,,,,,,,,,322.4,,
"2513","NORTH ADAMS","2023081822",0,12.3,50,3.8,236,14.2,81.583,1.642,7.624,,,,,,,,,,,,,,,,,,,,322.4,,
"2513","NORTH ADAMS","2023081823",0,12.1,52,5.1,216,11.9,81.982,1.839,8.426,,,,,,,,,,,,,,,,,,,,322.4,,
"2850","FALL RIVER QD8","2023081800",0,7.2,66,2.8,154,7,89.457,4.567,15.387,,,,,,,,,,,,,,,,,,,,175.8,,
"2850","FALL RIVER QD8","2023081801",0,4.3,77,4.7,172,7.2,88.835,4.596,15.463,,,,,,,,,,,,,,,,,,,,175.8,,
"2850","FALL RIVER QD8","2023081802",0,3.1,81,7,188,8.4,88.145,4.675,15.663,,,,,,,,,,,,,,,,,,,,175.8,,
"2850","FALL RIVER QD8","2023081803",0,3,80,5.1,187,7,87.573,3.914,13.662,,,,,,,,,,,,,,,,,,,,175.8,,
"2850","FALL RIVER QD8","2023081804",0,4.1,77,3.9,202,7.3,87.129,3.458,12.391,,,,,,,,,,,,,,,,,,,,175.8,,
"2850","FALL RIVER QD8","2023081805",0,3,80,4.5,194,7.4,86.653,3.331,12.026,,,,,,,,,,,,,,,,,,,,175.8,,
"2850","FALL RIVER QD8","2023081806",0,2.9,82,4,185,7,86.178,3.038,11.162,,,,,,,,,,,,,,,,,,,,175.8,,
"2850","FALL RIVER QD8","2023081807",0,4.8,83,2.2,148,6.5,85.741,2.609,9.842,,,,,,,,,,,,,,,,,,,,175.8,,
"2850","FALL RIVER QD8","2023081808",0,9.6,57,3.7,214,7.1,85.789,2.833,10.54,,,,,,,,,,,,,,,,,,,,175.8,,
"2850","FALL RIVER QD8","2023081809",0,11.8,51,4.4,333,7.2,85.842,2.956,10.917,,,,,,,,,,,,,,,,,,,,175.8,,
"2850","FALL RIVER QD8","2023081810",0,13.8,42,4.3,58,10.9,86.075,3.039,11.167,,,,,,,,,,,,,,,,,,,,175.8,,
"2850","FALL RIVER QD8","2023081811",0,17.2,34,5,236,10.9,86.562,3.372,12.145,,,,,,,,,,,,,,,,,,,,175.8,,
"2850","FALL RIVER QD8","2023081812",0,15.6,32,4.2,203,13.6,86.983,3.438,12.335,0,90.71,5.864,19.006,46.456,571.778,77.226,4,,,,,,,,,,,,175.8,,
"2850","FALL RIVER QD8","2023081813",0,16.7,31,6.5,211,11.5,87.441,4.122,14.591,,,,,,,,,,,,,,,,,,,,175.8,,
"2850","FALL RIVER QD8","2023081814",0,17.2,30,7.4,234,13.9,87.896,4.603,15.874,,,,,,,,,,,,,,,,,,,,175.8,,
"2850","FALL RIVER QD8","2023081815",0,16.7,34,5,292,14.1,88.159,4.235,14.898,,,,,,,,,,,,,,,,,,,,175.8,,
"2850","FALL RIVER QD8","2023081816",0,17.3,31,4.5,236,8.3,88.479,4.324,15.136,,,,,,,,,,,,,,,,,,,,175.8,,
"2850","FALL RIVER QD8","2023081817",0,17.3,34,4.4,23,7.7,88.686,4.432,15.424,,,,,,,,,,,,,,,,,,,,175.8,,
"2850","FALL RIVER QD8","2023081818",0.4,13.3,77,5.5,169,8.4,79.166,1.38,5.716,,,,,,,,,,,,,,,,,,,,176.2,,
"2850","FALL RIVER QD8","2023081819",0,14.3,68,3.8,175,9.3,79.504,1.31,5.428,,,,,,,,,,,,,,,,,,,,176.2,,
"2850","FALL RIVER QD8","2023081820",0,9.5,83,2.2,172,7.3,79.55,1.214,5.029,,,,,,,,,,,,,,,,,,,,176.2,,
"2850","FALL RIVER QD8","2023081821",0,7.4,83,4.3,159,7.5,79.596,1.355,5.615,,,,,,,,,,,,,,,,,,,,176.2,,
"2850","FALL RIVER QD8","2023081822",0,6.1,84,3.7,167,9.7,79.642,1.321,5.475,,,,,,,,,,,,,,,,,,,,176.2,,
"2850","FALL RIVER QD8","2023081823",0,5.1,87,4.2,163,6.6,79.629,1.353,5.605,,,,,,,,,,,,,,,,,,,,176.2,,
"2890","QD K71535","2023081800",0,26.7,35,12.6,196,23.2,94.387,15.014,47.643,,,,,,,,,,,,,,,,,,,,237.4,,
"2890","QD K71535","2023081801",0,26,38,18.1,203,30.1,94.043,18.89,54.988,,,,,,,,,,,,,,,,,,,,237.4,,
"2890","QD K71535","2023081802",0,24.7,40,19.8,196,38.7,93.657,19.507,56.089,,,,,,,,,,,,,,,,,,,,237.4,,
"2890","QD K71535","2023081803",0,24.1,36,17.2,197,31.1,93.469,16.667,50.871,,,,,,,,,,,,,,,,,,,,237.4,,
"2890","QD K71535","2023081804",0,23.3,34,15.1,188,33.3,93.36,14.768,47.147,,,,,,,,,,,,,,,,,,,,237.4,,
"2890","QD K71535","2023081805",0,22.3,34,9,184,29.7,93.267,10.719,38.395,,,,,,,,,,,,,,,,,,,,237.4,,
"2890","QD K71535","2023081806",0,20.2,22,4.2,1,21.2,93.317,8.476,32.896,,,,,,,,,,,,,,,,,,,,237.4,,
"2890","QD K71535","2023081807",0,20.6,19,4.9,291,18.1,93.419,8.906,33.996,,,,,,,,,,,,,,,,,,,,237.4,,
"2890","QD K71535","2023081808",0,20.9,20,5.6,214,16.4,93.478,9.302,34.988,,,,,,,,,,,,,,,,,,,,237.4,,
"2890","QD K71535","2023081809",0,20.4,17,5.8,217,17.4,93.628,9.595,35.708,,,,,,,,,,,,,,,,,,,,237.4,,
"2890","QD K71535","2023081810",0,20.9,18,4.6,204,14.9,93.729,9.159,34.631,,,,,,,,,,,,,,,,,,,,237.4,,
"2890","QD K71535","2023081811",0,23.5,15,5.1,258,16.8,94.008,9.764,36.122,,,,,,,,,,,,,,,,,,,,237.4,,
"2890","QD K71535","2023081812",0,23.4,16,7,21,20.5,94.204,11.04,39.136,0,95.445,13.091,44.044,106.799,691.723,154.112,4,,,,,,,,,,,,237.4,,
"2890","QD K71535","2023081813",0,25,15,5.6,71,17.2,94.455,10.652,38.567,,,,,,,,,,,,,,,,,,,,237.4,,
"2890","QD K71535","2023081814",0,24.5,15,5.6,23,16.2,94.648,10.939,39.238,,,,,,,,,,,,,,,,,,,,237.4,,
"2890","QD K71535","2023081815",0,23.4,20,5.8,18,12.2,94.699,11.127,39.674,,,,,,,,,,,,,,,,,,,,237.4,,
"2890","QD K71535","2023081816",0,23.2,18,6.3,24,15,94.75,11.491,40.509,,,,,,,,,,,,,,,,,,,,237.4,,
"2890","QD K71535","2023081817",0,22.2,22,5.9,329,16.2,94.785,11.315,40.108,,,,,,,,,,,,,,,,,,,,237.4,,
"2890","QD K71535","2023081818",0,21.5,24,2.5,237,9.8,94.78,9.527,35.854,,,,,,,,,,,,,,,,,,,,237.4,,
"2890","QD K71535","2023081819",0,20,25,4.7,336,10.1,94.732,10.575,38.385,,,,,,,,,,,,,,,,,,,,237.4,,
"2890","QD K71535","2023081820",0,19.4,30,4.1,331,9.2,94.586,10.055,37.144,,,,,,,,,,,,,,,,,,,,237.4,,
"2890","QD K71535","2023081821",0,19.1,26,2.8,5,7.3,94.536,9.354,35.423,,,,,,,,,,,,,,,,,,,,237.4,,
"2890","QD K71535","2023081822",0,18.7,27,4.7,342,17.7,94.456,10.181,37.447,,,,,,,,,,,,,,,,,,,,237.4,,
"2890","QD K71535","2023081823",0,17.6,30,4.1,326,8.5,94.319,9.693,36.261,,,,,,,,,,,,,,,,,,,,237.4,,
"2910","QD K21633","2023081800",0,17.5,49,5.4,259,23.5,91.817,7.292,29.733,,,,,,,,,,,,,,,,,,,,208,,
"2910","QD K21633","2023081801",0,17,30,12.8,298,19.3,91.867,10.662,38.261,,,,,,,,,,,,,,,,,,,,208,,
"2910","QD K21633","2023081802",0,16.3,34,10.8,299,17.1,91.842,9.606,35.737,,,,,,,,,,,,,,,,,,,,208,,
"2910","QD K21633","2023081803",0,14.8,39,14.8,298,23.4,91.683,11.489,40.16,,,,,,,,,,,,,,,,,,,,208,,
"2910","QD K21633","2023081804",0,13.3,40,12.7,287,19.9,91.511,10.087,36.9,,,,,,,,,,,,,,,,,,,,208,,
"2910","QD K21633","2023081805",0,11.8,45,12.2,277,28.9,91.243,9.468,35.397,,,,,,,,,,,,,,,,,,,,208,,
"2910","QD K21633","2023081806",0,11,44,16.4,296,27.1,90.997,11.297,39.727,,,,,,,,,,,,,,,,,,,,208,,
"2910","QD K21633","2023081807",0,11,43,21.9,300,34.2,90.779,14.449,46.503,,,,,,,,,,,,,,,,,,,,208,,
"2910","QD K21633","2023081808",0,10.9,45,15.7,287,31.3,90.564,10.251,37.293,,,,,,,,,,,,,,,,,,,,208,,
"2910","QD K21633","2023081809",0,11.4,44,24.4,300,42.2,90.371,15.46,48.529,,,,,,,,,,,,,,,,,,,,208,,
"2910","QD K21633","2023081810",0,12.2,43,23.8,310,40.8,90.234,14.709,47.031,,,,,,,,,,,,,,,,,,,,208,,
"2910","QD K21633","2023081811",0,10.6,47,25,309,43.4,90.002,15.116,47.846,,,,,,,,,,,,,,,,,,,,208,,
"2910","QD K21633","2023081812",0,10.8,46,28.7,300,46.5,89.814,17.728,52.866,0,89.511,16.976,51.61,103.768,691.538,150.92,5,,,,,,,,,,,,208,,
"2910","QD K21633","2023081813",0,13.4,36,25.1,312,53.5,89.863,14.892,47.541,,,,,,,,,,,,,,,,,,,,208,,
"2910","QD K21633","2023081814",0,12,40,24.1,297,45.7,89.847,14.128,45.983,,,,,,,,,,,,,,,,,,,,208,,
"2910","QD K21633","2023081815",0,13.1,36,28.3,313,45.4,89.896,17.581,52.748,,,,,,,,,,,,,,,,,,,,208,,
"2910","QD K21633","2023081816",0,13.6,33,22,313,47.6,89.945,12.889,43.374,,,,,,,,,,,,,,,,,,,,208,,
"2910","QD K21633","2023081817",0,12.4,34,25.9,321,43,89.994,15.799,49.341,,,,,,,,,,,,,,,,,,,,208,,
"2910","QD K21633","2023081818",0,11.5,43,23.4,333,40.8,89.893,13.727,45.151,,,,,,,,,,,,,,,,,,,,208,,
"2910","QD K21633","2023081819",0,9.9,46,20.2,327,42.6,89.728,11.41,40.105,,,,,,,,,,,,,,,,,,,,208,,
"2910","QD K21633","2023081820",0,8.9,48,21.3,332,33.8,89.527,11.718,40.801,,,,,,,,,,,,,,,,,,,,208,,
"2910","QD K21633","2023081821",0,8.4,50,16.7,342,30.4,89.318,9.02,34.39,,,,,,,,,,,,,,,,,,,,208,,
"2910","QD K21633","2023081822",0,7.9,51,18,337,28.2,89.103,9.338,35.185,,,,,,,,,,,,,,,,,,,,208,,
"2910","QD K21633","2023081823",0,7.3,54,13.2,310,23.7,88.869,7.089,29.263,,,,,,,,,,,,,,,,,,,,208,,
"2930","TS SOUTH FORK","2023081800",0,15.9,67,3.7,71,7.1,89.251,4.64,21.78,,,,,,,,,,,,,,,,,,,,418,,
"2930","TS SOUTH FORK","2023081801",0,14.7,71,2.3,42,6.2,88.781,4.042,19.721,,,,,,,,,,,,,,,,,,,,418,,
"2930","TS SOUTH FORK","2023081802",0,13.5,76,3,60,6,88.222,3.864,19.086,,,,,,,,,,,,,,,,,,,,418,,
"2930","TS SOUTH FORK","2023081803",0,12.4,81,2,64,5.1,87.612,3.367,17.241,,,,,,,,,,,,,,,,,,,,418,,
"2930","TS SOUTH FORK","2023081804",0,12,81,2.8,66,6.4,87.049,3.234,16.732,,,,,,,,,,,,,,,,,,,,418,,
"2930","TS SOUTH FORK","2023081805",0,11.5,83,1.6,92,6.7,86.517,2.823,15.096,,,,,,,,,,,,,,,,,,,,418,,
"2930","TS SOUTH FORK","2023081806",0,13.3,75,2.6,81,6.6,86.237,2.854,15.221,,,,,,,,,,,,,,,,,,,,418,,
"2930","TS SOUTH FORK","2023081807",0,14.7,70,2.6,213,7.2,86.109,2.803,15.014,,,,,,,,,,,,,,,,,,,,418,,
"2930","TS SOUTH FORK","2023081808",0,19.2,36,6.4,239,18.3,86.627,3.652,18.312,,,,,,,,,,,,,,,,,,,,418,,
"2930","TS SOUTH FORK","2023081809",0,19.2,42,3.4,224,20,86.903,3.265,16.852,,,,,,,,,,,,,,,,,,,,418,,
"2930","TS SOUTH FORK","2023081810",0,21.6,36,4.3,227,16.5,87.382,3.658,18.333,,,,,,,,,,,,,,,,,,,,418,,
"2930","TS SOUTH FORK","2023081811",0,22.6,37,6.2,232,18.6,87.826,4.29,20.588,,,,,,,,,,,,,,,,,,,,418,,
"2930","TS SOUTH FORK","2023081812",0,23.7,28,6.8,239,24.3,88.554,4.908,22.667,0,94.259,10.867,39.116,111.169,637.066,154.804,5,,,,,,,,,,,,418,,
"2930","TS SOUTH FORK","2023081813",0,22.6,27,6.8,245,22.5,89.156,5.351,24.276,,,,,,,,,,,,,,,,,,,,418,,
"2930","TS SOUTH FORK","2023081814",0,23,25,6.6,236,19.9,89.753,5.771,25.59,,,,,,,,,,,,,,,,,,,,418,,
"2930","TS SOUTH FORK","2023081815",0,21.4,25,6.1,240,21.5,90.192,5.992,26.265,,,,,,,,,,,,,,,,,,,,418,,
"2930","TS SOUTH FORK","2023081816",0,19.4,31,4.7,176,12.9,90.318,5.686,25.328,,,,,,,,,,,,,,,,,,,,418,,
"2930","TS SOUTH FORK","2023081817",0,20.2,23,4.9,253,16.5,90.691,6.058,26.464,,,,,,,,,,,,,,,,,,,,418,,
"2930","TS SOUTH FORK","2023081818",0,17.6,27,2.1,319,13.9,90.813,5.353,24.284,,,,,,,,,,,,,,,,,,,,418,,
"2930","TS SOUTH FORK","2023081819",0,13.2,44,0,300,5.8,90.748,4.771,22.391,,,,,,,,,,,,,,,,,,,,418,,
"2930","TS SOUTH FORK","2023081820",0,9.6,59,2.3,52,4,90.382,5.084,23.421,,,,,,,,,,,,,,,,,,,,418,,
"2930","TS SOUTH FORK","2023081821",0,7.5,68,2.6,41,4.2,89.883,4.806,22.507,,,,,,,,,,,,,,,,,,,,418,,
"2930","TS SOUTH FORK","2023081822",0,6.6,72,1.9,58,4.5,89.373,4.312,20.83,,,,,,,,,,,,,,,,,,,,418,,
"2930","TS SOUTH FORK","2023081823",0,5.8,78,2,52,4,88.785,3.983,19.667,,,,,,,,,,,,,,,,,,,,418,,
"2950","QD K22024","2023081800",0,19.7,50,10.4,160,20,91.732,9.269,32.853,,,,,,,,,0,0,,0,0,0,0,0,,0,0,,0,
"2950","QD K22024","2023081801",0,19.7,50,10.5,174,22.3,91.392,8.877,31.917,,,,,,,,,0,0,,0,0,0,0,0,,0,0,,0,
"2950","QD K22024","2023081802",0,18.1,51,8.9,176,25.2,91.069,7.822,29.307,,,,,,,,,0,0,,0,0,0,0,0,,0,0,,0,
"2950","QD K22024","2023081803",0,18.6,48,7,186,17.7,90.875,6.914,26.938,,,,,,,,,0,0,,0,0,0,0,0,,0,0,,0,
"2950","QD K22024","2023081804",0,18.4,49,7.1,233,17.7,90.679,6.757,26.514,,,,,,,,,0,0,,0,0,0,0,0,,0,0,,0,
"2950","QD K22024","2023081805",0,16.9,49,4.7,344,14.9,90.505,5.84,23.958,,,,,,,,,0,0,,0,0,0,0,0,,0,0,,0,
"2950","QD K22024","2023081806",0,16.3,35,5.2,308,11.4,90.555,6.032,24.505,,,,,,,,,0,0,,0,0,0,0,0,,0,0,,0,
"2950","QD K22024","2023081807",0,15.9,33,4,40,9.7,90.605,5.718,23.605,,,,,,,,,0,0,,0,0,0,0,0,,0,0,,0,
"2950","QD K22024","2023081808",0,16.1,33,7.7,331,20.6,90.655,6.94,27.008,,,,,,,,,0,0,,0,0,0,0,0,,0,0,,0,
"2950","QD K22024","2023081809",0,15.6,33,8.9,342,18.3,90.705,7.425,28.288,,,,,,,,,0,0,,0,0,0,0,0,,0,0,,0,
"2950","QD K22024","2023081810",0,16.7,31,10.5,358,28.7,90.755,8.106,30.026,,,,,,,,,0,0,,0,0,0,0,0,,0,0,,0,
"2950","QD K22024","2023081811",0,17.8,29,12.7,341,30.4,90.831,9.156,32.583,,,,,,,,,0,0,,0,0,0,0,0,,0,0,,0,
"2950","QD K22024","2023081812",0,18.1,24,11.7,343,29.8,91.065,9.002,32.216,0,94.016,13.632,42.72,85.78,628.378,127.909,4,0,0,,0,0,0,0,0,,0,0,,0,
"2950","QD K22024","2023081813",0,18.7,21,12.3,350,28.7,91.393,9.721,34.279,,,,,,,,,0,0,,0,0,0,0,0,,0,0,,0,
"2950","QD K22024","2023081814",0,19.4,21,9.3,341,28.7,91.683,8.708,31.857,,,,,,,,,0,0,,0,0,0,0,0,,0,0,,0,
"2950","QD K22024","2023081815",0,18.5,24,9,357,20.6,91.799,8.72,31.887,,,,,,,,,0,0,,0,0,0,0,0,,0,0,,0,
"2950","QD K22024","2023081816",0,17.8,26,10.8,328,26.4,91.849,9.615,34.031,,,,,,,,,0,0,,0,0,0,0,0,,0,0,,0,
"2950","QD K22024","2023081817",0,16.8,27,7.9,349,24.1,91.899,8.367,31.014,,,,,,,,,0,0,,0,0,0,0,0,,0,0,,0,
"2950","QD K22024","2023081818",0,16.3,29,6.2,333,22.3,91.949,7.735,29.411,,,,,,,,,0,0,,0,0,0,0,0,,0,0,,0,
"2950","QD K22024","2023081819",0,15.2,31,7.4,346,17.2,91.962,8.233,30.678,,,,,,,,,0,0,,0,0,0,0,0,,0,0,,0,
"2950","QD K22024","2023081820",0,14.4,35,7.2,329,14.9,91.894,8.072,30.273,,,,,,,,,0,0,,0,0,0,0,0,,0,0,,0,
"2950","QD K22024","2023081821",0,14.1,39,9.3,332,21.8,91.744,8.784,32.042,,,,,,,,,0,0,,0,0,0,0,0,,0,0,,0,
"2950","QD K22024","2023081822",0,13.2,42,7.6,321,19.5,91.551,7.845,29.695,,,,,,,,,0,0,,0,0,0,0,0,,0,0,,0,
"2950","QD K22024","2023081823",0,12.1,45,7.2,344,16,91.314,7.434,28.628,,,,,,,,,0,0,,0,0,0,0,0,,0,0,,0,
