"STATION_CODE","STATION_NAME","DATE_TIME",HOURLY_PRECIPITATION,HOURLY_TEMPERATURE,HOURLY_RELATIVE_HUMIDITY,HOURLY_WIND_SPEED,HOURLY_WIND_DIRECTION,HOURLY_WIND_GUST,HOURLY_FINE_FUEL_MOISTURE_CODE,HOURLY_INITIAL_SPREAD_INDEX,HOURLY_FIRE_WEATHER_INDEX,PRECIPITATION,FINE_FUEL_MOISTURE_CODE,INITIAL_SPREAD_INDEX,FIRE_WEATHER_INDEX,DUFF_MOISTURE_CODE,DROUGHT_CODE,BUILDUP_INDEX,DANGER_RATING,RN_1_PLUVIO1,SNOW_DEPTH,SNOW_DEPTH_QUALITY,PRECIP_PLUVIO1_STATUS,PRECIP_PLUVIO1_TOTAL,RN_1_PLUVIO2,PRECIP_PLUVIO2_STATUS,PRECIP_PLUVIO2_TOTAL,RN_1_RIT,PRECIP_RIT_STATUS,PRECIP_RIT_TOTAL,PRECIP_RGT,SOLAR_RADIATION_LICOR,SOLAR_RADIATION_CM3
"11","SUMMIT","2023081700",0,22.5,50,0,342,0,91.543,5.343,17.257,,,,,,,,,0,0,,0,0,0,0,0,,0,0,,0,
"11","SUMMIT","2023081701",0,21.9,49,0,59,0,91.412,5.245,17.02,,,,,,,,,0,0,,0,0,0,0,0,,0,0,,0,
"11","SUMMIT","2023081702",0,22.1,46,0,78,0,91.343,5.194,16.897,,,,,,,,,0,0,,0,0,0,0,0,,0,0,,0,
"11","SUMMIT","2023081703",0,21.2,53,0,29,0,91.153,5.055,16.558,,,,,,,,,0,0,,0,0,0,0,0,,0,0,,0,
"11","SUMMIT","2023081704",0,19.7,61,4.3,124,9.1,90.671,5.861,18.481,,,,,,,,,0,0,,0,0,0,0,0,,0,0,,0,
"11","SUMMIT","2023081705",0,19.7,61,0,104,7.4,90.385,4.53,15.239,,,,,,,,,0,0,,0,0,0,0,0,,0,0,,0,
"11","SUMMIT","2023081706",0,19.7,64,0,334,7.4,90.066,4.328,14.716,,,,,,,,,0,0,,0,0,0,0,0,,0,0,,0,
"11","SUMMIT","2023081707",0,20,67,4.8,128,7.4,89.56,5.126,16.733,,,,,,,,,0,0,,0,0,0,0,0,,0,0,,0,
"11","SUMMIT","2023081708",0,23.3,56,6.4,137,9.7,89.443,5.465,17.55,,,,,,,,,0,0,,0,0,0,0,0,,0,0,,0,
"11","SUMMIT","2023081709",0,24.8,52,5.4,161,9.7,89.478,5.222,16.966,,,,,,,,,0,0,,0,0,0,0,0,,0,0,,0,
"11","SUMMIT","2023081710",0,25.8,47,8.4,166,12.5,89.527,6.117,19.071,,,,,,,,,0,0,,0,0,0,0,0,,0,0,,0,
"11","SUMMIT","2023081711",0,27.8,40,6.4,191,12,89.732,5.696,18.097,,,,,,,,,0,0,,0,0,0,0,0,,0,0,,0,
"11","SUMMIT","2023081712",0,30,34,6.4,199,14.3,90.205,6.095,19.019,0,93.639,9.905,27.828,51.131,429.864,78.822,4,0,0,,0,0,0,0,0,,0,0,,0,
"11","SUMMIT","2023081713",0,28.2,37,7.6,146,14.3,90.413,6.67,21.096,,,,,,,,,0,0,,0,0,0,0,0,,0,0,,0,
"11","SUMMIT","2023081714",0,25.9,43,7,140,16.6,90.462,6.518,20.748,,,,,,,,,0,0,,0,0,0,0,0,,0,0,,0,
"11","SUMMIT","2023081715",0,26.3,41,6.2,163,13.7,90.512,6.304,20.256,,,,,,,,,0,0,,0,0,0,0,0,,0,0,,0,
"11","SUMMIT","2023081716",0,24.4,44,7.2,142,14.3,90.562,6.678,21.113,,,,,,,,,0,0,,0,0,0,0,0,,0,0,,0,
"11","SUMMIT","2023081717",0,23.7,49,5.4,166,11.4,90.493,6.04,19.635,,,,,,,,,0,0,,0,0,0,0,0,,0,0,,0,
"11","SUMMIT","2023081718",0,21.4,57,3.4,201,11.4,90.221,5.252,17.722,,,,,,,,,0,0,,0,0,0,0,0,,0,0,,0,
"11","SUMMIT","2023081719",0,18.7,65,1.7,193,7.9,89.804,4.542,15.894,,,,,,,,,0,0,,0,0,0,0,0,,0,0,,0,
"11","SUMMIT","2023081720",0,16.3,75,6,112,10.2,89.077,5.081,17.291,,,,,,,,,0,0,,0,0,0,0,0,,0,0,,0,
"11","SUMMIT","2023081721",0,14.3,84,0,113,10.2,88.413,3.414,12.745,,,,,,,,,0,0,,0,0,0,0,0,,0,0,,0,
"11","SUMMIT","2023081722",0,11.8,92,0,111,13.7,87.535,3.011,11.524,,,,,,,,,0,0,,0,0,0,0,0,,0,0,,0,
"11","SUMMIT","2023081723",0,10.6,100,9.1,124,13.7,85.658,3.652,13.438,,,,,,,,,0,0,,0,0,0,0,0,,0,0,,0,
"19","MENZIES CAMP","2023081714",0,24.8,46,10.8,61,26.9,88.814,6.232,20.354,,,,,,,,,0,,,0,0,0,0,0,,,,,0,
"21","WOSS CAMP","2023081700",0,15.5,71,2.9,71,8.5,90.092,5.028,14.728,,,,,,,,,,21,,,,,,,,2,957.551,,,
"21","WOSS CAMP","2023081701",0,15.1,78,2.2,145,7.4,89.338,4.356,13.174,,,,,,,,,,21.2,,,,,,,,2,957.558,,,
"21","WOSS CAMP","2023081702",0,16,87,3.7,29,16,88.257,4.023,12.37,,,,,,,,,,21.1,,,,,,,,2,957.566,,,
"21","WOSS CAMP","2023081703",0,16.2,93,10.7,338,20.6,86.735,4.606,13.762,,,,,,,,,,21,,,,,,,,2,957.554,,,
"21","WOSS CAMP","2023081704",0,16.1,94,8.7,323,17.7,85.416,3.46,10.952,,,,,,,,,,21,,,,,,,,2,957.569,,,
"21","WOSS CAMP","2023081705",0,16,94,8.7,336,20,84.302,2.97,9.648,,,,,,,,,,21,,,,,,,,2,957.566,,,
"21","WOSS CAMP","2023081706",0,16,91,8.2,13,20,83.593,2.636,8.711,,,,,,,,,,21,,,,,,,,2,957.556,,,
"21","WOSS CAMP","2023081707",0,17.1,86,5.2,329,22.3,83.302,2.182,7.371,,,,,,,,,,21.1,,,,,,,,2,957.054,,,
"21","WOSS CAMP","2023081708",0,19.4,77,4.4,353,16.6,83.349,2.108,7.145,,,,,,,,,,21,,,,,,,,2,956.045,,,
"21","WOSS CAMP","2023081709",0,21.7,68,9.2,339,20,83.524,2.747,9.028,,,,,,,,,,21.1,,,,,,,,2,956.017,,,
"21","WOSS CAMP","2023081710",0,22.9,62,9.3,298,22.9,83.852,2.883,9.407,,,,,,,,,,21.1,,,,,,,,2,954.983,,,
"21","WOSS CAMP","2023081711",0,22.7,61,13.1,315,26.9,84.179,3.647,11.432,,,,,,,,,,21.3,,,,,,,,2,954.969,,,
"21","WOSS CAMP","2023081712",0,23.5,55,11.3,314,26.9,84.64,3.545,11.171,0,89.318,6.87,19.16,38.227,454.318,63.167,4,,21.3,,,,,,,,2,953.966,,,
"21","WOSS CAMP","2023081713",0,24.2,51,10.2,301,31,85.167,3.605,11.69,,,,,,,,,,21.3,,,,,,,,2,953.457,,,
"21","WOSS CAMP","2023081714",0,24.1,43,9.9,303,26.9,85.854,3.907,12.468,,,,,,,,,,21,,,,,,,,2,952.44,,,
"21","WOSS CAMP","2023081715",0,24.6,35,9.2,312,25.2,86.721,4.262,13.356,,,,,,,,,,21,,,,,,,,2,952.449,,,
"21","WOSS CAMP","2023081716",0,24.8,27,7.2,307,25.2,87.724,4.446,13.803,,,,,,,,,,21.1,,,,,,,,2,951.932,,,
"21","WOSS CAMP","2023081717",0,22.7,23,9.7,290,25.8,88.648,5.757,16.812,,,,,,,,,,21.2,,,,,,,,2,951.974,,,
"21","WOSS CAMP","2023081718",0,19.9,40,6.3,267,22.3,88.758,4.928,14.945,,,,,,,,,,21.1,,,,,,,,2,952.462,,,
"21","WOSS CAMP","2023081719",0,17.6,36,6.7,320,22.9,88.898,5.131,15.412,,,,,,,,,,21.2,,,,,,,,2,952.524,,,
"21","WOSS CAMP","2023081720",0,15.3,45,5.1,295,20,88.947,4.766,14.567,,,,,,,,,,21.3,,,,,,,,2,952.534,,,
"21","WOSS CAMP","2023081721",0,14.1,48,4.2,292,17.2,88.932,4.545,14.041,,,,,,,,,,21.4,,,,,,,,2,953.069,,,
"21","WOSS CAMP","2023081722",0,13.6,51,6.8,330,18.3,88.852,5.123,15.394,,,,,,,,,,21.4,,,,,,,,2,953.077,,,
"21","WOSS CAMP","2023081723",0,13.3,53,3.6,307,18.3,88.756,4.3,13.447,,,,,,,,,,21.4,,,,,,,,2,953.095,,,
"37","BEAVER CREEK","2023081700",0,19,79,3.2,1,5.1,89.016,4.374,18.989,,,,,,,,,0,193.3,,0,0,0,0,0,,0,0,,0,
"37","BEAVER CREEK","2023081701",0,18.2,83,2.4,347,5.1,88.18,3.726,16.866,,,,,,,,,0,193.3,,0,0,0,0,0,,0,0,,0,
"37","BEAVER CREEK","2023081702",0,17.3,85,3.4,347,5.1,87.345,3.478,16.012,,,,,,,,,0,193.3,,0,0,0,0,0,,0,0,,0,
"37","BEAVER CREEK","2023081703",0,16.6,88,2.3,340,3.9,86.516,2.925,14.023,,,,,,,,,0,193.3,,0,0,0,0,0,,0,0,,0,
"37","BEAVER CREEK","2023081704",0,15.8,92,0,90,2.8,85.762,2.342,11.765,,,,,,,,,0,193.3,,0,0,0,0,0,,0,0,,0,
"37","BEAVER CREEK","2023081705",0,15.7,91,3.2,350,5.1,84.951,2.459,12.235,,,,,,,,,0,193.3,,0,0,0,0,0,,0,0,,0,
"37","BEAVER CREEK","2023081706",0,15.8,91,3.4,343,5.1,84.239,2.255,11.41,,,,,,,,,0,193.3,,0,0,0,0,0,,0,0,,0,
"37","BEAVER CREEK","2023081707",0,16.6,89,2,346,6.8,83.761,1.972,10.218,,,,,,,,,0,193.3,,0,0,0,0,0,,0,0,,0,
"37","BEAVER CREEK","2023081708",0,18.6,82,2.2,111,5.6,83.652,1.963,10.181,,,,,,,,,0,193.3,,0,0,0,0,0,,0,0,,0,
"37","BEAVER CREEK","2023081709",0,25.3,47,5.1,338,11.4,84.411,2.515,12.453,,,,,,,,,0,193.3,,0,0,0,0,0,,0,0,,0,
"37","BEAVER CREEK","2023081710",0,28.5,41,4.2,175,9.1,85.401,2.752,13.374,,,,,,,,,0,193.3,,0,0,0,0,0,,0,0,,0,
"37","BEAVER CREEK","2023081711",0,29.8,37,6.8,195,14.3,86.533,3.677,16.699,,,,,,,,,0,193.3,,0,0,0,0,0,,0,0,,0,
"37","BEAVER CREEK","2023081712",0,32.1,31,6,205,13.7,87.857,4.265,18.641,0,94.405,10.793,36.178,81.557,621.703,122.831,5,0,193.3,,0,0,0,0,0,,0,0,,0,
"37","BEAVER CREEK","2023081713",0,33.5,30,7.7,189,14.9,89.112,5.564,23.049,,,,,,,,,0,193.3,,0,0,0,0,0,,0,0,,0,
"37","BEAVER CREEK","2023081714",0,34.2,30,10.1,151,19.5,90.191,7.33,27.916,,,,,,,,,0,193.3,,0,0,0,0,0,,0,0,,0,
"37","BEAVER CREEK","2023081715",0,34,30,12.6,171,22.3,91.038,9.383,32.978,,,,,,,,,0,193.3,,0,0,0,0,0,,0,0,,0,
"37","BEAVER CREEK","2023081716",0,33.3,31,11.7,174,21.2,91.583,9.689,33.691,,,,,,,,,0,193.3,,0,0,0,0,0,,0,0,,0,
"37","BEAVER CREEK","2023081717",0,31.7,33,11.3,184,23.5,91.828,9.832,34.018,,,,,,,,,0,193.3,,0,0,0,0,0,,0,0,,0,
"37","BEAVER CREEK","2023081718",0,29,36,10.6,179,25.2,91.878,9.558,33.387,,,,,,,,,0,193.3,,0,0,0,0,0,,0,0,,0,
"37","BEAVER CREEK","2023081719",0,25.7,46,8.8,157,22.9,91.724,8.542,30.968,,,,,,,,,0,193.3,,0,0,0,0,0,,0,0,,0,
"37","BEAVER CREEK","2023081720",0,22.7,54,4.5,228,14.9,91.365,6.536,25.797,,,,,,,,,0,193.3,,0,0,0,0,0,,0,0,,0,
"37","BEAVER CREEK","2023081721",0,19.7,70,2.1,352,7.4,90.663,5.24,22.089,,,,,,,,,0,193.3,,0,0,0,0,0,,0,0,,0,
"37","BEAVER CREEK","2023081722",0,17.7,75,3.6,312,5.6,89.866,5.042,21.491,,,,,,,,,0,193.3,,0,0,0,0,0,,0,0,,0,
"37","BEAVER CREEK","2023081723",0,16.1,82,2.6,336,5.1,88.975,4.219,18.891,,,,,,,,,0,193.3,,0,0,0,0,0,,0,0,,0,
"45","SALTSPRING 2","2023081700",0,15.3,91,0,293,4.7,86.656,2.657,14.706,,,,,,,,,0,1.2,,0,0,,,,,,,4850,,
"45","SALTSPRING 2","2023081701",0,14.5,93,2.2,313,4.1,85.656,2.578,14.37,,,,,,,,,0,0.8,,0,0,,,,,,,4850,,
"45","SALTSPRING 2","2023081702",0,14,94,0.9,353,4.2,84.785,2.141,12.422,,,,,,,,,0,0.3,,0,0,,,,,,,4850,,
"45","SALTSPRING 2","2023081703",0,13.7,95,1,267,4.8,83.944,1.921,11.384,,,,,,,,,0,-0.1,,0,0,,,,,,,4850,,
"45","SALTSPRING 2","2023081704",0,13.3,96,1,272,4.6,83.132,1.727,10.434,,,,,,,,,0,-0.1,,0,0,,,,,,,4850,,
"45","SALTSPRING 2","2023081705",0,13.1,97,2.6,252,5.1,82.27,1.68,10.195,,,,,,,,,0,0.3,,0,0,,,,,,,4850,,
"45","SALTSPRING 2","2023081706",0,13.5,94,1,311,6.4,81.773,1.459,9.051,,,,,,,,,0,0.9,,0,0,,,,,,,4850,,
"45","SALTSPRING 2","2023081707",0,20,69,0.2,78,4,81.956,1.432,8.91,,,,,,,,,0,1.2,,0,0,,,,,,,4850,,
"45","SALTSPRING 2","2023081708",0,22.4,59,7.1,104,11,82.509,2.17,12.557,,,,,,,,,0,-143.5,,0,0,,,,,,,4850,,
"45","SALTSPRING 2","2023081709",0,23.8,53,7.8,112,14.5,83.225,2.462,13.867,,,,,,,,,0,-128.2,,0,0,,,,,,,4850,,
"45","SALTSPRING 2","2023081710",0,23.7,54,15.1,86,22.7,83.895,3.884,19.533,,,,,,,,,0,-163.8,,0,0,,,,,,,4850,,
"45","SALTSPRING 2","2023081711",0,25.3,50,15.1,85,21.9,84.668,4.31,21.058,,,,,,,,,0,-134.9,,0,0,,,,,,,4850,,
"45","SALTSPRING 2","2023081712",0,25.9,50,14.8,87,20.3,85.34,4.656,22.253,0,90.085,9.149,35.475,121.107,643.41,164.708,5,0,-137.3,,0,0,,,,,,,4850,,
"45","SALTSPRING 2","2023081713",0,27,47,14.2,78,18.8,86.051,4.989,23.481,,,,,,,,,0,-97.7,,0,0,,,,,,,4850,,
"45","SALTSPRING 2","2023081714",0,26.2,47,14.4,84,19.7,86.601,5.446,24.968,,,,,,,,,0,-94.4,,0,0,,,,,,,4850,,
"45","SALTSPRING 2","2023081715",0,27.8,42,10.4,85,18.6,87.273,4.898,23.18,,,,,,,,,0,-131.3,,0,0,,,,,,,4850,,
"45","SALTSPRING 2","2023081716",0,27.4,43,12.8,89,18.7,87.791,5.952,26.556,,,,,,,,,0,-131.7,,0,0,,,,,,,4850,,
"45","SALTSPRING 2","2023081717",0,26.9,45,8.6,125,15.9,88.104,5.038,23.642,,,,,,,,,0,-98.6,,0,0,,,,,,,4850,,
"45","SALTSPRING 2","2023081718",0,24.3,53,9.5,141,13.3,88.153,5.309,24.527,,,,,,,,,0,-41.2,,0,0,,,,,,,4850,,
"45","SALTSPRING 2","2023081719",0,21.1,67,4.7,138,13.8,87.923,4.033,20.174,,,,,,,,,0,-49.6,,0,0,,,,,,,4850,,
"45","SALTSPRING 2","2023081720",0,18.5,77,4.3,136,11.4,87.412,3.674,18.85,,,,,,,,,0,1.1,,0,0,,,,,,,4850,,
"45","SALTSPRING 2","2023081721",0,16.7,84,3.4,274,8.7,86.728,3.185,16.961,,,,,,,,,0,0.8,,0,0,,,,,,,4850,,
"45","SALTSPRING 2","2023081722",0,15.2,92,0,46,4.5,85.96,2.408,13.701,,,,,,,,,0,1.6,,0,0,,,,,,,4850,,
"45","SALTSPRING 2","2023081723",0,14.2,95,0.3,242,3.5,85.038,2.151,12.534,,,,,,,,,0,0.7,,0,0,,,,,,,4850,,
"56","BOWSER","2023081700",0,18,59,4.5,280,9.7,88.672,4.445,17.924,,,,,,,,,,,,,,,,,,,,,,
"56","BOWSER","2023081701",0,18.8,52,5.5,284,11.4,88.682,4.682,18.622,,,,,,,,,,,,,,,,,,,,,,
"56","BOWSER","2023081702",0,17.6,57,3.1,270,9.7,88.582,4.089,16.844,,,,,,,,,,,,,,,,,,,,,,
"56","BOWSER","2023081703",0,17.1,63,3.5,286,10.2,88.36,4.042,16.698,,,,,,,,,,,,,,,,,,,,,,
"56","BOWSER","2023081704",0,16.7,67,2.2,284,7.9,88.089,3.641,15.431,,,,,,,,,,,,,,,,,,,,,,
"56","BOWSER","2023081705",0,16.4,71,2.4,272,7.4,87.751,3.504,14.986,,,,,,,,,,,,,,,,,,,,,,
"56","BOWSER","2023081706",0,17.6,72,4.5,299,8.5,87.406,3.708,15.646,,,,,,,,,,,,,,,,,,,,,,
"56","BOWSER","2023081707",0,19.3,70,5.1,297,11.4,87.171,3.696,15.608,,,,,,,,,,,,,,,,,,,,,,
"56","BOWSER","2023081708",0,20.6,66,6.7,321,15.4,87.087,3.958,16.438,,,,,,,,,,,,,,,,,,,,,,
"56","BOWSER","2023081709",0,22.7,60,5.9,319,16,87.135,3.828,16.03,,,,,,,,,,,,,,,,,,,,,,
"56","BOWSER","2023081710",0,24.3,56,5.9,59,11.4,87.183,3.855,16.113,,,,,,,,,,,,,,,,,,,,,,
"56","BOWSER","2023081711",0,25,51,5.5,6,12,87.344,3.865,16.146,,,,,,,,,,,,,,,,,,,,,,
"56","BOWSER","2023081712",0,25.7,52,7.1,26,15.4,87.479,4.272,17.402,0,89.637,5.82,22.155,68.786,547.743,104.701,4,,,,,,,,,,,,,,
"56","BOWSER","2023081713",0,26.1,51,6.9,46,20.6,87.632,4.322,17.853,,,,,,,,,,,,,,,,,,,,,,
"56","BOWSER","2023081714",0,25.8,50,8.8,14,21.2,87.785,4.862,19.464,,,,,,,,,,,,,,,,,,,,,,
"56","BOWSER","2023081715",0,25,50,11.3,24,27.5,87.895,5.602,21.559,,,,,,,,,,,,,,,,,,,,,,
"56","BOWSER","2023081716",0,25.5,47,7,33,24.1,88.078,4.63,18.783,,,,,,,,,,,,,,,,,,,,,,
"56","BOWSER","2023081717",0,24.9,47,5.3,26,21.2,88.212,4.333,17.887,,,,,,,,,,,,,,,,,,,,,,
"56","BOWSER","2023081718",0,21.8,54,4.3,33,12.5,88.261,4.149,17.32,,,,,,,,,,,,,,,,,,,,,,
"56","BOWSER","2023081719",0,19,57,6.2,355,15.4,88.218,4.538,18.507,,,,,,,,,,,,,,,,,,,,,,
"56","BOWSER","2023081720",0,16.3,66,3.4,262,9.7,87.966,3.801,16.22,,,,,,,,,,,,,,,,,,,,,,
"56","BOWSER","2023081721",0,15.3,67,3.2,268,6.8,87.715,3.63,15.665,,,,,,,,,,,,,,,,,,,,,,
"56","BOWSER","2023081722",0,15.1,58,4.6,292,13.1,87.659,3.864,16.423,,,,,,,,,,,,,,,,,,,,,,
"56","BOWSER","2023081723",0,14.6,54,3.5,297,17.2,87.674,3.664,15.775,,,,,,,,,,,,,,,,,,,,,,
"59","CEDAR","2023081700",0,18.6,74,2.1,232,5.1,89.066,4.168,18.548,,,,,,,,,,,,,,,,,,,,,,
"59","CEDAR","2023081701",0,17.8,76,3.4,293,6.2,88.452,4.075,18.241,,,,,,,,,,,,,,,,,,,,,,
"59","CEDAR","2023081702",0,16.7,80,0,271,6.8,87.952,3.196,15.203,,,,,,,,,,,,,,,,,,,,,,
"59","CEDAR","2023081703",0,16.2,82,4.1,338,7.9,87.264,3.561,16.502,,,,,,,,,,,,,,,,,,,,,,
"59","CEDAR","2023081704",0,15.7,82,1.8,240,10.2,86.72,2.935,14.24,,,,,,,,,,,,,,,,,,,,,,
"59","CEDAR","2023081705",0,15.3,83,2.6,334,9.7,86.185,2.833,13.856,,,,,,,,,,,,,,,,,,,,,,
"59","CEDAR","2023081706",0,16.4,76,1.7,250,6.2,85.949,2.619,13.029,,,,,,,,,,,,,,,,,,,,,,
"59","CEDAR","2023081707",0,20.3,65,2.5,59,5.6,85.997,2.746,13.519,,,,,,,,,,,,,,,,,,,,,,
"59","CEDAR","2023081708",0,23.7,49,5.1,43,7.9,86.327,3.279,15.502,,,,,,,,,,,,,,,,,,,,,,
"59","CEDAR","2023081709",0,26.6,45,6.9,43,12,86.848,3.865,17.541,,,,,,,,,,,,,,,,,,,,,,
"59","CEDAR","2023081710",0,27.3,45,9,31,14.9,87.336,4.605,19.949,,,,,,,,,,,,,,,,,,,,,,
"59","CEDAR","2023081711",0,28.5,45,10.4,27,14.9,87.803,5.283,22.017,,,,,,,,,,,,,,,,,,,,,,
"59","CEDAR","2023081712",0,28.7,42,12.4,16,21.8,88.318,6.291,24.899,0,91.863,10.443,35.598,82.857,628.615,124.642,5,,,,,,,,,,,,,,
"59","CEDAR","2023081713",0,30.2,36,13.1,140,20.6,89.061,7.251,27.869,,,,,,,,,,,,,,,,,,,,,,
"59","CEDAR","2023081714",0,30.2,39,13.7,24,20,89.526,7.989,29.771,,,,,,,,,,,,,,,,,,,,,,
"59","CEDAR","2023081715",0,30.9,34,15.7,20,24.6,90.163,9.681,33.859,,,,,,,,,,,,,,,,,,,,,,
"59","CEDAR","2023081716",0,31.4,32,9,19,18.3,90.728,7.488,28.488,,,,,,,,,,,,,,,,,,,,,,
"59","CEDAR","2023081717",0,29.1,36,12,25,20.6,90.92,8.951,32.136,,,,,,,,,,,,,,,,,,,,,,
"59","CEDAR","2023081718",0,28.4,39,10.1,11,18.3,90.97,8.192,30.279,,,,,,,,,,,,,,,,,,,,,,
"59","CEDAR","2023081719",0,24.8,47,7.7,49,16,90.91,7.197,27.728,,,,,,,,,,,,,,,,,,,,,,
"59","CEDAR","2023081720",0,22.6,51,7.7,33,12,90.713,6.998,27.199,,,,,,,,,,,,,,,,,,,,,,
"59","CEDAR","2023081721",0,20.3,53,1.6,149,13.7,90.52,5.006,21.509,,,,,,,,,,,,,,,,,,,,,,
"59","CEDAR","2023081722",0,18.5,59,2.2,160,9.1,90.195,4.926,21.261,,,,,,,,,,,,,,,,,,,,,,
"59","CEDAR","2023081723",0,17.2,65,2.4,316,4.5,89.761,4.676,20.479,,,,,,,,,,,,,,,,,,,,,,
"67","HAIG CAMP","2023081700",0,22.5,70,4.7,327,10.8,90.158,5.557,25.305,,,,,,,,,,,,,,,,,,,,,,
"67","HAIG CAMP","2023081701",0,19.9,78,0,254,5.6,89.522,4.003,20.053,,,,,,,,,,,,,,,,,,,,,,
"67","HAIG CAMP","2023081702",0,18.3,87,0,208,0,88.65,3.532,18.3,,,,,,,,,,,,,,,,,,,,,,
"67","HAIG CAMP","2023081703",0,17.4,91,0,158,0,87.695,3.08,16.53,,,,,,,,,,,,,,,,,,,,,,
"67","HAIG CAMP","2023081704",0,16.6,95,0,212,0,86.618,2.642,14.711,,,,,,,,,,,,,,,,,,,,,,
"67","HAIG CAMP","2023081705",0,16,99,0,268,0,85.359,2.214,12.818,,,,,,,,,,,,,,,,,,,,,,
"67","HAIG CAMP","2023081706",0,15.9,100,0,176,0,84.15,1.877,11.228,,,,,,,,,,,,,,,,,,,,,,
"67","HAIG CAMP","2023081707",0,16.8,100,0,269,0,83.053,1.626,9.97,,,,,,,,,,,,,,,,,,,,,,
"67","HAIG CAMP","2023081708",0,21.6,73,0,358,3.3,83.123,1.64,10.045,,,,,,,,,,,,,,,,,,,,,,
"67","HAIG CAMP","2023081709",0,25,59,9.4,270,16,83.655,2.823,15.475,,,,,,,,,,,,,,,,,,,,,,
"67","HAIG CAMP","2023081710",0,27.9,47,11.6,310,19.5,84.675,3.616,18.619,,,,,,,,,,,,,,,,,,,,,,
"67","HAIG CAMP","2023081711",0,29.3,42,12.6,298,28.7,85.816,4.453,21.649,,,,,,,,,,,,,,,,,,,,,,
"67","HAIG CAMP","2023081712",0,31.4,34,12.1,300,28.1,87.236,5.308,24.509,0,92.703,11.581,41.578,129.212,609.142,168.871,5,,,,,,,,,,,,,,
"67","HAIG CAMP","2023081713",0,32.4,32,12.7,286,29.8,88.543,6.596,28.654,,,,,,,,,,,,,,,,,,,,,,
"67","HAIG CAMP","2023081714",0,32.8,34,10.3,296,27.5,89.457,6.665,28.855,,,,,,,,,,,,,,,,,,,,,,
"67","HAIG CAMP","2023081715",0,33.3,34,11.3,304,29.8,90.213,7.812,32.118,,,,,,,,,,,,,,,,,,,,,,
"67","HAIG CAMP","2023081716",0,32.6,35,13,304,35.6,90.725,9.156,35.685,,,,,,,,,,,,,,,,,,,,,,
"67","HAIG CAMP","2023081717",0,31.8,35,10.9,306,30.4,91.071,8.653,34.381,,,,,,,,,,,,,,,,,,,,,,
"67","HAIG CAMP","2023081718",0,30.9,39,6.5,280,24.1,91.138,6.998,29.829,,,,,,,,,,,,,,,,,,,,,,
"67","HAIG CAMP","2023081719",0,27.9,44,11,311,23.5,91.188,8.843,34.876,,,,,,,,,,,,,,,,,,,,,,
"67","HAIG CAMP","2023081720",0,26.6,46,7.7,319,21.8,91.162,7.461,31.144,,,,,,,,,,,,,,,,,,,,,,
"67","HAIG CAMP","2023081721",0,24.6,51,7.5,335,14.3,90.962,7.178,30.343,,,,,,,,,,,,,,,,,,,,,,
"67","HAIG CAMP","2023081722",0,24.2,54,8.3,321,13.1,90.695,7.194,30.39,,,,,,,,,,,,,,,,,,,,,,
"67","HAIG CAMP","2023081723",0,23,60,8.3,331,17.2,90.277,6.777,29.185,,,,,,,,,,,,,,,,,,,,,,
"72","UBC RESEARCH","2023081700",0,19.5,75,2.8,23,5.1,87.197,3.303,14.153,,,,,,,,,,,,,,,,,,,,,,
"72","UBC RESEARCH","2023081701",0,18.4,78,3.1,19,5.1,86.769,3.156,13.659,,,,,,,,,,,,,,,,,,,,,,
"72","UBC RESEARCH","2023081702",0,17.7,79,3.3,29,5.6,86.358,3.007,13.153,,,,,,,,,,,,,,,,,,,,,,
"72","UBC RESEARCH","2023081703",0,17.2,82,3,24,5.1,85.897,2.777,12.347,,,,,,,,,,,,,,,,,,,,,,
"72","UBC RESEARCH","2023081704",0,16.5,86,2.8,22,4.5,85.336,2.542,11.501,,,,,,,,,,,,,,,,,,,,,,
"72","UBC RESEARCH","2023081705",0,16.1,88,2.5,27,5.1,84.76,2.313,10.647,,,,,,,,,,,,,,,,,,,,,,
"72","UBC RESEARCH","2023081706",0,16.3,89,3.3,19,5.6,84.188,2.228,10.325,,,,,,,,,,,,,,,,,,,,,,
"72","UBC RESEARCH","2023081707",0,17.7,84,2.3,13,5.1,83.94,2.05,9.627,,,,,,,,,,,,,,,,,,,,,,
"72","UBC RESEARCH","2023081708",0,22.5,65,4.2,167,7.9,84.112,2.308,10.63,,,,,,,,,,,,,,,,,,,,,,
"72","UBC RESEARCH","2023081709",0,23.6,63,5.3,189,9.1,84.339,2.515,11.404,,,,,,,,,,,,,,,,,,,,,,
"72","UBC RESEARCH","2023081710",0,26,51,5,9,9.1,84.916,2.68,12.002,,,,,,,,,,,,,,,,,,,,,,
"72","UBC RESEARCH","2023081711",0,28.4,45,5.6,209,14.3,85.719,3.087,13.426,,,,,,,,,,,,,,,,,,,,,,
"72","UBC RESEARCH","2023081712",0,29.9,42,6.7,174,14.9,86.603,3.695,15.426,0,91.211,7.143,25.48,68.081,545.748,103.792,4,,,,,,,,,,,,,,
"72","UBC RESEARCH","2023081713",0,30.2,41,9.8,166,15.4,87.436,4.864,19.387,,,,,,,,,,,,,,,,,,,,,,
"72","UBC RESEARCH","2023081714",0,31.6,37,5.5,150,16.6,88.283,4.422,18.078,,,,,,,,,,,,,,,,,,,,,,
"72","UBC RESEARCH","2023081715",0,31,37,7.8,162,16,88.976,5.483,21.143,,,,,,,,,,,,,,,,,,,,,,
"72","UBC RESEARCH","2023081716",0,30.2,40,6.5,148,14.9,89.37,5.435,21.007,,,,,,,,,,,,,,,,,,,,,,
"72","UBC RESEARCH","2023081717",0,28.5,44,6.4,171,14.3,89.496,5.506,21.206,,,,,,,,,,,,,,,,,,,,,,
"72","UBC RESEARCH","2023081718",0,26.7,47,7.3,163,13.7,89.545,5.803,22.015,,,,,,,,,,,,,,,,,,,,,,
"72","UBC RESEARCH","2023081719",0,24.5,55,2.9,29,12.5,89.493,4.614,18.653,,,,,,,,,,,,,,,,,,,,,,
"72","UBC RESEARCH","2023081720",0,21.3,70,2.6,30,3.3,89.025,4.249,17.553,,,,,,,,,,,,,,,,,,,,,,
"72","UBC RESEARCH","2023081721",0,19.6,76,2.9,10,4.5,88.425,3.958,16.649,,,,,,,,,,,,,,,,,,,,,,
"72","UBC RESEARCH","2023081722",0,18.5,80,2.3,34,3.9,87.786,3.504,15.182,,,,,,,,,,,,,,,,,,,,,,
"72","UBC RESEARCH","2023081723",0,17.4,79,2.8,31,5.6,87.253,3.33,14.6,,,,,,,,,,,,,,,,,,,,,,
"75","TOBA CAMP","2023081700",0,16.3,100,0,135,2.8,82.113,1.445,5.227,,,,,,,,,0,0,,0,0,0,0,0,,0,0,,0,
"75","TOBA CAMP","2023081701",0,15.6,100,1.7,19,3.3,81.085,1.395,5.042,,,,,,,,,0,0,,0,0,0,0,0,,0,0,,0,
"75","TOBA CAMP","2023081702",0,15,100,0,305,5.6,80.352,1.18,4.235,,,,,,,,,0,0,,0,0,0,0,0,,0,0,,0,
"75","TOBA CAMP","2023081703",0,14.5,100,0,52,4.5,79.699,1.103,3.931,,,,,,,,,0,0,,0,0,0,0,0,,0,0,,0,
"75","TOBA CAMP","2023081704",0,14.1,100,1.8,55,3.9,78.985,1.126,4.023,,,,,,,,,0,0,,0,0,0,0,0,,0,0,,0,
"75","TOBA CAMP","2023081705",0,13.5,100,0,329,3.3,78.474,0.981,3.442,,,,,,,,,0,0,,0,0,0,0,0,,0,0,,0,
"75","TOBA CAMP","2023081706",0,13.4,100,2.1,306,5.6,77.899,1.038,3.675,,,,,,,,,0,0,,0,0,0,0,0,,0,0,,0,
"75","TOBA CAMP","2023081707",0,13.5,100,0,39,3.9,77.491,0.904,3.118,,,,,,,,,0,0,,0,0,0,0,0,,0,0,,0,
"75","TOBA CAMP","2023081708",0,18.4,96,1.7,52,3.9,77.423,0.979,3.434,,,,,,,,,0,0,,0,0,0,0,0,,0,0,,0,
"75","TOBA CAMP","2023081709",0,23.7,69,4.2,99,8.5,78.157,1.18,4.233,,,,,,,,,0,0,,0,0,0,0,0,,0,0,,0,
"75","TOBA CAMP","2023081710",0,24,62,8.2,161,18.3,79.156,1.58,5.708,,,,,,,,,0,0,,0,0,0,0,0,,0,0,,0,
"75","TOBA CAMP","2023081711",0,27.1,53,6.7,246,14.3,80.473,1.676,6.043,,,,,,,,,0,0,,0,0,0,0,0,,0,0,,0,
"75","TOBA CAMP","2023081712",0,28.4,48,7.2,262,12.5,81.893,2.023,7.2,0,90.775,6.885,20.046,42.029,465.731,68.585,4,0,0,,0,0,0,0,0,,0,0,,0,
"75","TOBA CAMP","2023081713",0,29.1,45,10.3,185,24.1,83.346,2.837,10.089,,,,,,,,,0,0,,0,0,0,0,0,,0,0,,0,
"75","TOBA CAMP","2023081714",0,30,45,9.3,208,21.2,84.588,3.183,11.093,,,,,,,,,0,0,,0,0,0,0,0,,0,0,,0,
"75","TOBA CAMP","2023081715",0,30.2,40,9.7,212,24.6,85.837,3.859,12.947,,,,,,,,,0,0,,0,0,0,0,0,,0,0,,0,
"75","TOBA CAMP","2023081716",0,30.4,35,10.4,205,27.5,87.096,4.776,15.276,,,,,,,,,0,0,,0,0,0,0,0,,0,0,,0,
"75","TOBA CAMP","2023081717",0,29.5,33,9.9,219,28.7,88.129,5.398,16.758,,,,,,,,,0,0,,0,0,0,0,0,,0,0,,0,
"75","TOBA CAMP","2023081718",0,27.9,34,8.7,186,22.3,88.818,5.609,17.246,,,,,,,,,0,0,,0,0,0,0,0,,0,0,,0,
"75","TOBA CAMP","2023081719",0,25.5,39,11.9,200,27.5,89.118,6.881,20.038,,,,,,,,,0,0,,0,0,0,0,0,,0,0,,0,
"75","TOBA CAMP","2023081720",0,23.5,47,8.8,186,32.1,89.167,5.928,17.967,,,,,,,,,0,0,,0,0,0,0,0,,0,0,,0,
"75","TOBA CAMP","2023081721",0,21.6,53,8.1,171,20,89.143,5.702,17.458,,,,,,,,,0,0,,0,0,0,0,0,,0,0,,0,
"75","TOBA CAMP","2023081722",0,18.7,65,3.6,160,12,88.821,4.34,14.193,,,,,,,,,0,0,,0,0,0,0,0,,0,0,,0,
"75","TOBA CAMP","2023081723",0,16.9,77,4.4,150,11.4,88.188,4.126,13.647,,,,,,,,,0,0,,0,0,0,0,0,,0,0,,0,
"82","SCAR CREEK","2023081700",0,15.9,91,2.1,288,6.8,87.446,3.305,12.679,,,,,,,,,0,0,,0,0,0,0,0,,0,0,,0,
"82","SCAR CREEK","2023081701",0,14.8,93,2.1,321,4.5,86.346,2.826,11.182,,,,,,,,,0,0,,0,0,0,0,0,,0,0,,0,
"82","SCAR CREEK","2023081702",0,14,95,0,303,0,85.465,2.247,9.237,,,,,,,,,0,0,,0,0,0,0,0,,0,0,,0,
"82","SCAR CREEK","2023081703",0,13.3,95,0,329,3.9,84.682,2.018,8.417,,,,,,,,,0,0,,0,0,0,0,0,,0,0,,0,
"82","SCAR CREEK","2023081704",0,13,95,2.8,273,4.5,83.785,2.059,8.569,,,,,,,,,0,0,,0,0,0,0,0,,0,0,,0,
"82","SCAR CREEK","2023081705",0,12.4,97,0,331,4.5,83.051,1.625,6.936,,,,,,,,,0,0,,0,0,0,0,0,,0,0,,0,
"82","SCAR CREEK","2023081706",0,12.2,97,0,306,0,82.388,1.495,6.418,,,,,,,,,0,0,,0,0,0,0,0,,0,0,,0,
"82","SCAR CREEK","2023081707",0,12.9,96,0,194,0,81.843,1.399,6.025,,,,,,,,,0,0,,0,0,0,0,0,,0,0,,0,
"82","SCAR CREEK","2023081708",0,18,72,3.6,18,5.6,81.987,1.706,7.252,,,,,,,,,0,0,,0,0,0,0,0,,0,0,,0,
"82","SCAR CREEK","2023081709",0,21.8,62,4.3,126,8.5,82.404,1.86,7.836,,,,,,,,,0,0,,0,0,0,0,0,,0,0,,0,
"82","SCAR CREEK","2023081710",0,23.9,59,5.6,83,12.5,82.936,2.124,8.801,,,,,,,,,0,0,,0,0,0,0,0,,0,0,,0,
"82","SCAR CREEK","2023081711",0,26.1,51,5.7,54,16,83.721,2.363,9.641,,,,,,,,,0,0,,0,0,0,0,0,,0,0,,0,
"82","SCAR CREEK","2023081712",0,27.4,46,7.5,111,18.9,84.661,2.936,11.533,0,91.578,7.835,24.766,52.956,578.141,86.178,4,0,0,,0,0,0,0,0,,0,0,,0,
"82","SCAR CREEK","2023081713",0,28.4,45,7,178,20.6,85.533,3.228,12.843,,,,,,,,,0,0,,0,0,0,0,0,,0,0,,0,
"82","SCAR CREEK","2023081714",0,28.7,43,7.9,157,20,86.366,3.796,14.576,,,,,,,,,0,0,,0,0,0,0,0,,0,0,,0,
"82","SCAR CREEK","2023081715",0,29.1,45,8,153,19.5,87.007,4.179,15.684,,,,,,,,,0,0,,0,0,0,0,0,,0,0,,0,
"82","SCAR CREEK","2023081716",0,29.3,44,6.7,123,17.7,87.567,4.239,15.855,,,,,,,,,0,0,,0,0,0,0,0,,0,0,,0,
"82","SCAR CREEK","2023081717",0,27.7,45,6.1,110,16.6,87.929,4.331,16.116,,,,,,,,,0,0,,0,0,0,0,0,,0,0,,0,
"82","SCAR CREEK","2023081718",0,25.3,50,6.3,74,15.4,88.02,4.433,16.399,,,,,,,,,0,0,,0,0,0,0,0,,0,0,,0,
"82","SCAR CREEK","2023081719",0,22.2,60,3.7,346,10.2,88.006,3.881,14.823,,,,,,,,,0,0,,0,0,0,0,0,,0,0,,0,
"82","SCAR CREEK","2023081720",0,19.2,72,2.5,235,10.2,87.667,3.48,13.624,,,,,,,,,0,0,,0,0,0,0,0,,0,0,,0,
"82","SCAR CREEK","2023081721",0,17.1,77,2.5,243,5.6,87.218,3.264,12.955,,,,,,,,,0,0,,0,0,0,0,0,,0,0,,0,
"82","SCAR CREEK","2023081722",0,16,81,2.7,197,5.6,86.691,3.059,12.305,,,,,,,,,0,0,,0,0,0,0,0,,0,0,,0,
"82","SCAR CREEK","2023081723",0,14.9,81,2.9,252,6.2,86.223,2.892,11.764,,,,,,,,,0,0,,0,0,0,0,0,,0,0,,0,
"93","HONNA","2023081700",0,13.7,83,6.5,299,13.1,82.632,2.138,3.605,,,,,,,,,,,,,,,,,,,,,,
"93","HONNA","2023081701",0,13.7,83,3.6,354,13.1,82.55,1.829,2.988,,,,,,,,,,,,,,,,,,,,,,
"93","HONNA","2023081702",0,14.5,82,4.7,225,16,82.518,1.925,3.184,,,,,,,,,,,,,,,,,,,,,,
"93","HONNA","2023081703",0,14.7,71,10.9,309,20,82.593,2.656,4.573,,,,,,,,,,,,,,,,,,,,,,
"93","HONNA","2023081704",0,14.2,72,5.5,279,17.2,82.64,2.035,3.403,,,,,,,,,,,,,,,,,,,,,,
"93","HONNA","2023081705",0,13.4,74,5.8,295,13.7,82.687,2.079,3.488,,,,,,,,,,,,,,,,,,,,,,
"93","HONNA","2023081706",0,13.1,73,3.9,293,12.5,82.734,1.9,3.133,,,,,,,,,,,,,,,,,,,,,,
"93","HONNA","2023081707",0,13.9,67,4.4,266,20.6,82.834,1.973,3.28,,,,,,,,,,,,,,,,,,,,,,
"93","HONNA","2023081708",0,14.5,64,6.6,285,16,82.987,2.248,3.816,,,,,,,,,,,,,,,,,,,,,,
"93","HONNA","2023081709",0,15.4,56,7,300,22.3,83.287,2.384,4.073,,,,,,,,,,,,,,,,,,,,,,
"93","HONNA","2023081710",0,15.8,55,6.6,265,26.9,83.584,2.429,4.157,,,,,,,,,,,,,,,,,,,,,,
"93","HONNA","2023081711",0,15.5,59,7.9,292,24.1,83.778,2.661,4.581,,,,,,,,,,,,,,,,,,,,,,
"93","HONNA","2023081712",0,16.2,55,9.5,272,22.3,84.052,2.991,5.166,0,85.617,3.704,6.826,13.546,343.554,24.661,2,,,,,,,,,,,,,,
"93","HONNA","2023081713",0,16.3,57,11.1,273,27.5,84.265,3.336,6.188,,,,,,,,,,,,,,,,,,,,,,
"93","HONNA","2023081714",0,17.1,54,14.1,295,27.5,84.549,4.032,7.376,,,,,,,,,,,,,,,,,,,,,,
"93","HONNA","2023081715",0,15.7,59,14.7,301,32.1,84.661,4.22,7.684,,,,,,,,,,,,,,,,,,,,,,
"93","HONNA","2023081716",0,15.6,57,11.7,304,29.2,84.794,3.694,6.809,,,,,,,,,,,,,,,,,,,,,,
"93","HONNA","2023081717",0,15.3,58,13.7,313,29.8,84.89,4.14,7.553,,,,,,,,,,,,,,,,,,,,,,
"93","HONNA","2023081718",0,14.5,63,10.1,316,24.1,84.938,3.476,6.433,,,,,,,,,,,,,,,,,,,,,,
"93","HONNA","2023081719",0,14.6,64,10,317,18.3,84.986,3.481,6.442,,,,,,,,,,,,,,,,,,,,,,
"93","HONNA","2023081720",0,13.8,69,8.6,314,17.2,84.988,3.245,6.028,,,,,,,,,,,,,,,,,,,,,,
"93","HONNA","2023081721",0,13.4,75,6.6,332,15.4,84.848,2.878,5.361,,,,,,,,,,,,,,,,,,,,,,
"93","HONNA","2023081722",0,13,79,5.6,246,9.7,84.617,2.652,4.937,,,,,,,,,,,,,,,,,,,,,,
"93","HONNA","2023081723",0,13.1,82,4.5,328,7.9,84.33,2.413,4.477,,,,,,,,,,,,,,,,,,,,,,
"101","MACHMELL","2023081700",0,14.5,91,3.7,203,5.1,85.456,2.704,6.892,,,,,,,,,0,193.3,,0,0,0,0,0,,0,0,,0,
"101","MACHMELL","2023081701",0,13.9,92,2.2,142,3.9,84.673,2.251,5.797,,,,,,,,,0,193.3,,0,0,0,0,0,,0,0,,0,
"101","MACHMELL","2023081702",0,13.3,94,1.9,182,5.1,83.875,1.992,5.136,,,,,,,,,0,193.3,,0,0,0,0,0,,0,0,,0,
"101","MACHMELL","2023081703",0,12.7,95,2.1,203,6.8,83.101,1.818,4.678,,,,,,,,,0,193.3,,0,0,0,0,0,,0,0,,0,
"101","MACHMELL","2023081704",0,12.2,95,3.8,111,7.9,82.375,1.807,4.649,,,,,,,,,0,193.3,,0,0,0,0,0,,0,0,,0,
"101","MACHMELL","2023081705",0,11.9,96,2.3,188,9.7,81.702,1.544,3.925,,,,,,,,,0,193.3,,0,0,0,0,0,,0,0,,0,
"101","MACHMELL","2023081706",0,11.9,96,2.4,257,5.1,81.101,1.447,3.648,,,,,,,,,0,193.3,,0,0,0,0,0,,0,0,,0,
"101","MACHMELL","2023081707",0,12.9,93,1.8,101,7.4,80.769,1.353,3.372,,,,,,,,,0,193.3,,0,0,0,0,0,,0,0,,0,
"101","MACHMELL","2023081708",0,18.2,69,5,49,10.2,81.067,1.643,4.202,,,,,,,,,0,193.3,,0,0,0,0,0,,0,0,,0,
"101","MACHMELL","2023081709",0,21.4,65,6,263,8.5,81.519,1.821,4.686,,,,,,,,,0,193.3,,0,0,0,0,0,,0,0,,0,
"101","MACHMELL","2023081710",0,20.7,71,9.8,265,22.9,81.799,2.28,5.867,,,,,,,,,0,193.3,,0,0,0,0,0,,0,0,,0,
"101","MACHMELL","2023081711",0,21.4,67,11.1,245,21.2,82.174,2.547,6.52,,,,,,,,,0,193.3,,0,0,0,0,0,,0,0,,0,
"101","MACHMELL","2023081712",0,22.8,61,11.2,259,25.8,82.71,2.737,6.968,0,87.883,5.564,13.246,24.91,384.896,42.882,3,0,193.3,,0,0,0,0,0,,0,0,,0,
"101","MACHMELL","2023081713",0,23.8,47,13.6,270,33.3,83.673,3.497,9.053,,,,,,,,,0,193.3,,0,0,0,0,0,,0,0,,0,
"101","MACHMELL","2023081714",0,24.3,40,16,268,31.6,84.793,4.587,11.353,,,,,,,,,0,193.3,,0,0,0,0,0,,0,0,,0,
"101","MACHMELL","2023081715",0,23.8,38,13.9,267,33.9,85.744,4.706,11.591,,,,,,,,,0,193.3,,0,0,0,0,0,,0,0,,0,
"101","MACHMELL","2023081716",0,23.7,32,14.5,264,29.2,86.763,5.6,13.313,,,,,,,,,0,193.3,,0,0,0,0,0,,0,0,,0,
"101","MACHMELL","2023081717",0,23.1,30,15.2,254,35,87.66,6.593,15.106,,,,,,,,,0,193.3,,0,0,0,0,0,,0,0,,0,
"101","MACHMELL","2023081718",0,19.6,41,13.4,254,30.4,87.887,6.22,14.446,,,,,,,,,0,193.3,,0,0,0,0,0,,0,0,,0,
"101","MACHMELL","2023081719",0,18,46,9.4,253,24.1,87.936,5.12,12.402,,,,,,,,,0,193.3,,0,0,0,0,0,,0,0,,0,
"101","MACHMELL","2023081720",0,16.3,55,9.9,247,21.2,87.922,5.24,12.633,,,,,,,,,0,193.3,,0,0,0,0,0,,0,0,,0,
"101","MACHMELL","2023081721",0,14.3,59,7.5,219,20.6,87.803,4.565,11.309,,,,,,,,,0,193.3,,0,0,0,0,0,,0,0,,0,
"101","MACHMELL","2023081722",0,13,63,5.6,243,15.4,87.613,4.037,10.221,,,,,,,,,0,193.3,,0,0,0,0,0,,0,0,,0,
"101","MACHMELL","2023081723",0,11.9,66,4.5,202,17.7,87.384,3.696,9.491,,,,,,,,,0,193.3,,0,0,0,0,0,,0,0,,0,
"105","ROSSWOOD","2023081700",0,14.2,95,2.2,345,12.3,82.575,1.71,3.523,,,,,,,,,,,,,,,,,,,,1703.2,,
"105","ROSSWOOD","2023081701",0,13.9,94,2.5,317,9.3,81.999,1.617,3.298,,,,,,,,,,,,,,,,,,,,1703.2,,
"105","ROSSWOOD","2023081702",0,14,93,2.9,359,12.9,81.547,1.563,3.166,,,,,,,,,,,,,,,,,,,,1703.2,,
"105","ROSSWOOD","2023081703",0,13.5,92,4.5,342,16.6,81.187,1.625,3.318,,,,,,,,,,,,,,,,,,,,1703.2,,
"105","ROSSWOOD","2023081704",0,12.9,94,3.7,335,11.2,80.754,1.486,2.974,,,,,,,,,,,,,,,,,,,,1703.2,,
"105","ROSSWOOD","2023081705",0,11.7,96,1.6,353,9.2,80.278,1.269,2.412,,,,,,,,,,,,,,,,,,,,1703.2,,
"105","ROSSWOOD","2023081706",0,10.3,98,0.4,300,6.8,79.765,1.133,2.034,,,,,,,,,,,,,,,,,,,,1703.2,,
"105","ROSSWOOD","2023081707",0,10.5,97,3.8,7,8.4,79.283,1.281,2.444,,,,,,,,,,,,,,,,,,,,1703.2,,
"105","ROSSWOOD","2023081708",0,16,74,4.6,353,11.2,79.547,1.369,2.675,,,,,,,,,,,,,,,,,,,,1703.2,,
"105","ROSSWOOD","2023081709",0,19.6,59,3.8,328,9.3,80.186,1.404,2.766,,,,,,,,,,,,,,,,,,,,1703.2,,
"105","ROSSWOOD","2023081710",0,19.2,48,7,330,17.3,81.094,1.823,3.793,,,,,,,,,,,,,,,,,,,,1703.2,,
"105","ROSSWOOD","2023081711",0,21.4,34,8.6,324,20.5,82.482,2.333,4.937,,,,,,,,,,,,,,,,,,,,1703.2,,
"105","ROSSWOOD","2023081712",0,21.2,33,8.5,308,23.6,83.701,2.714,5.742,0,89.661,6.267,13.005,19.663,391.042,34.934,3,,,,,,,,,,,,1703.2,,
"105","ROSSWOOD","2023081713",0,21.7,31,10.3,313,23.5,84.887,3.487,7.979,,,,,,,,,,,,,,,,,,,,1703.2,,
"105","ROSSWOOD","2023081714",0,21.9,30,10.6,303,26.6,85.952,4.103,9.192,,,,,,,,,,,,,,,,,,,,1703.2,,
"105","ROSSWOOD","2023081715",0,21.3,34,8,317,23.5,86.656,3.975,8.946,,,,,,,,,,,,,,,,,,,,1703.2,,
"105","ROSSWOOD","2023081716",0,20.8,32,9.2,304,24.5,87.316,4.639,10.194,,,,,,,,,,,,,,,,,,,,1703.2,,
"105","ROSSWOOD","2023081717",0,18.6,38,9.7,323,21.6,87.629,4.975,10.8,,,,,,,,,,,,,,,,,,,,1703.2,,
"105","ROSSWOOD","2023081718",0,16.2,42,8.5,331,21.8,87.738,4.756,10.407,,,,,,,,,,,,,,,,,,,,1703.2,,
"105","ROSSWOOD","2023081719",0,15.6,46,4.2,312,14.6,87.787,3.857,8.715,,,,,,,,,,,,,,,,,,,,1703.2,,
"105","ROSSWOOD","2023081720",0,13.9,58,1.4,315,10.1,87.725,3.32,7.638,,,,,,,,,,,,,,,,,,,,1703.2,,
"105","ROSSWOOD","2023081721",0,13.2,61,5.2,313,13,87.587,3.942,8.88,,,,,,,,,,,,,,,,,,,,1703.2,,
"105","ROSSWOOD","2023081722",0,12,70,0.9,302,8.9,87.332,3.06,7.096,,,,,,,,,,,,,,,,,,,,1703.2,,
"105","ROSSWOOD","2023081723",0,11.8,70,1,307,12.4,87.097,2.974,6.913,,,,,,,,,,,,,,,,,,,,1703.2,,
"106","KITPARK","2023081700",0,15.2,95,1.7,82,5.6,83.459,1.867,4.012,,,,,,,,,0,1.1,,0,0,0,0,0,,1,-334.799,,0,
"106","KITPARK","2023081701",0,14.4,97,1.9,86,4.5,82.565,1.682,3.566,,,,,,,,,0,1.1,,0,0,0,0,0,,1,-334.785,,0,
"106","KITPARK","2023081702",0,14,98,2,216,7.4,81.694,1.52,3.162,,,,,,,,,0,1.1,,0,0,0,0,0,,1,-334.807,,0,
"106","KITPARK","2023081703",0,14.3,98,1.6,120,7.4,80.939,1.365,2.76,,,,,,,,,0,1.2,,0,0,0,0,0,,1,-334.806,,0,
"106","KITPARK","2023081704",0,14.8,98,2.8,106,5.1,80.232,1.342,2.699,,,,,,,,,0,1.3,,0,0,0,0,0,,1,-334.817,,0,
"106","KITPARK","2023081705",0,14.9,98,2.4,76,4.5,79.622,1.235,2.409,,,,,,,,,0,1.2,,0,0,0,0,0,,1,-334.813,,0,
"106","KITPARK","2023081706",0,14.9,98,2.7,349,5.1,79.08,1.189,2.282,,,,,,,,,0,1.2,,0,0,0,0,0,,1,-334.799,,0,
"106","KITPARK","2023081707",0,15.5,88,7,234,11.4,79.126,1.483,3.068,,,,,,,,,0,1.2,,0,0,0,0,0,,1,-334.789,,0,
"106","KITPARK","2023081708",0,18.5,71,8,223,21.8,79.559,1.627,3.431,,,,,,,,,0,1,,0,0,0,0,0,,1,-334.805,,0,
"106","KITPARK","2023081709",0,21.1,59,6.8,186,14.9,80.323,1.658,3.506,,,,,,,,,0,0.8,,0,0,0,0,0,,1,-334.786,,0,
"106","KITPARK","2023081710",0,21.5,55,6.5,201,17.7,81.122,1.784,3.813,,,,,,,,,0,0.8,,0,0,0,0,0,,1,-334.763,,0,
"106","KITPARK","2023081711",0,22,52,11.9,221,22.3,82.03,2.606,5.665,,,,,,,,,0,0.7,,0,0,0,0,0,,1,-334.781,,0,
"106","KITPARK","2023081712",0,22.3,46,12.8,219,32.1,83.03,3.089,6.661,0,88.096,6.218,13.025,19.795,421.955,35.434,3,0,0.7,,0,0,0,0,0,,1,-334.793,,0,
"106","KITPARK","2023081713",0,23,43,14,216,28.1,84.039,3.745,8.569,,,,,,,,,0,0.7,,0,0,0,0,0,,1,-334.771,,0,
"106","KITPARK","2023081714",0,22.9,43,12.3,211,26.9,84.867,3.846,8.767,,,,,,,,,0,0.6,,0,0,0,0,0,,1,-334.78,,0,
"106","KITPARK","2023081715",0,23.1,42,12.6,215,31,85.615,4.33,9.7,,,,,,,,,0,0.6,,0,0,0,0,0,,1,-334.765,,0,
"106","KITPARK","2023081716",0,22.3,41,13.2,211,26.4,86.248,4.877,10.71,,,,,,,,,0,0.5,,0,0,0,0,0,,1,-334.773,,0,
"106","KITPARK","2023081717",0,22.3,38,12.1,213,31,86.871,5.039,11.002,,,,,,,,,0,0.4,,0,0,0,0,0,,1,-334.776,,0,
"106","KITPARK","2023081718",0,21.1,42,10.8,209,27.5,87.222,4.962,10.863,,,,,,,,,0,0.3,,0,0,0,0,0,,1,-334.769,,0,
"106","KITPARK","2023081719",0,18.6,48,9.1,218,21.8,87.301,4.605,10.215,,,,,,,,,0,0.4,,0,0,0,0,0,,1,-334.821,,0,
"106","KITPARK","2023081720",0,16.9,51,5,209,18.3,87.349,3.772,8.621,,,,,,,,,0,0.7,,0,0,0,0,0,,1,-334.777,,0,
"106","KITPARK","2023081721",0,16,51,5.9,226,14.3,87.397,3.974,9.018,,,,,,,,,0,0.7,,0,0,0,0,0,,1,-334.768,,0,
"106","KITPARK","2023081722",0,14.9,59,5.6,231,9.1,87.351,3.888,8.851,,,,,,,,,0,0.7,,0,0,0,0,0,,1,-334.805,,0,
"106","KITPARK","2023081723",0.4,12.8,89,2.5,185,9.7,77.875,1.057,2.184,,,,,,,,,0,0.7,,0,0,0,0,0,,1,-334.791,,0,
"108","DEASE LAKE FS","2023081700",0,9.3,77,5,303,20.1,81.126,1.655,2.635,,,,,,,,,,-226.5,,,,,,,,,,86.2,,
"108","DEASE LAKE FS","2023081701",0,6.4,92,1.3,155,9,80.84,1.33,1.904,,,,,,,,,,-208,,,,,,,,,,86.2,,
"108","DEASE LAKE FS","2023081702",0,5.5,95,7.4,223,11.7,80.352,1.714,2.761,,,,,,,,,,-208.3,,,,,,,,,,86.2,,
"108","DEASE LAKE FS","2023081703",0,4,95,3.6,227,12.1,79.961,1.358,1.972,,,,,,,,,,-208.5,,,,,,,,,,86.2,,
"108","DEASE LAKE FS","2023081704",0,3.2,96,1.6,96,6.6,79.588,1.182,1.53,,,,,,,,,,-208.6,,,,,,,,,,86.2,,
"108","DEASE LAKE FS","2023081705",0,4.3,98,1.6,18,9.2,79.129,1.13,1.383,,,,,,,,,,-205.6,,,,,,,,,,86.2,,
"108","DEASE LAKE FS","2023081706",0,5.6,95,5.5,199,9.3,78.827,1.337,1.922,,,,,,,,,,-209.2,,,,,,,,,,86.2,,
"108","DEASE LAKE FS","2023081707",0,6.3,92,1.7,359,9.2,78.729,1.094,1.27,,,,,,,,,,-205.2,,,,,,,,,,86.2,,
"108","DEASE LAKE FS","2023081708",0,10.8,66,7.6,177,13.3,79.101,1.525,2.353,,,,,,,,,,-210.4,,,,,,,,,,86.2,,
"108","DEASE LAKE FS","2023081709",0,12,55,19.5,236,27.7,79.804,2.977,5.159,,,,,,,,,,-209.9,,,,,,,,,,86.2,,
"108","DEASE LAKE FS","2023081710",0,11.8,51,19.4,234,29.5,80.517,3.194,5.532,,,,,,,,,,-203.1,,,,,,,,,,86.2,,
"108","DEASE LAKE FS","2023081711",0,11.4,54,17.9,227,32.3,81.063,3.147,5.452,,,,,,,,,,-222.7,,,,,,,,,,86.2,,
"108","DEASE LAKE FS","2023081712",0,11.4,64,7.2,174,21.7,81.306,1.887,3.119,0,79.584,1.567,2.605,12.742,417.845,23.679,2,,-224.1,,,,,,,,,,86.2,,
"108","DEASE LAKE FS","2023081713",2.8,9.4,90,7.3,196,18.8,40.523,0.055,0.056,,,,,,,,,,-227.5,,,,,,,,,,89,,
"108","DEASE LAKE FS","2023081714",0,11.9,78,5.3,122,14.2,42.218,0.068,0.069,,,,,,,,,,-279.3,,,,,,,,,,89,,
"108","DEASE LAKE FS","2023081715",0.2,12.2,68,13,213,21.9,42.961,0.114,0.115,,,,,,,,,,-226.8,,,,,,,,,,89.2,,
"108","DEASE LAKE FS","2023081716",0,11.5,73,6.9,216,22.4,44.932,0.115,0.116,,,,,,,,,,-224.6,,,,,,,,,,89.2,,
"108","DEASE LAKE FS","2023081717",0,11.3,83,2.1,148,17,45.968,0.106,0.107,,,,,,,,,,-204.5,,,,,,,,,,89.2,,
"108","DEASE LAKE FS","2023081718",1,10,93,4.2,148,8.2,36.425,0.021,0.021,,,,,,,,,,-205.2,,,,,,,,,,90.2,,
"108","DEASE LAKE FS","2023081719",0.6,9.5,96,2.4,49,7.4,31.891,0.006,0.006,,,,,,,,,,-224.3,,,,,,,,,,90.8,,
"108","DEASE LAKE FS","2023081720",0.6,8.6,97,1.4,65,15,27.928,0.002,0.002,,,,,,,,,,-225.8,,,,,,,,,,91.4,,
"108","DEASE LAKE FS","2023081721",0.2,8.4,97,1.4,174,6.5,26.928,0.002,0.002,,,,,,,,,,-235.1,,,,,,,,,,91.6,,
"108","DEASE LAKE FS","2023081722",0,8.3,97,4.7,213,7.2,27.248,0.002,0.002,,,,,,,,,,-251.3,,,,,,,,,,91.6,,
"108","DEASE LAKE FS","2023081723",0,8.1,98,0.3,346,5.1,27.382,0.002,0.002,,,,,,,,,,-200,,,,,,,,,,91.6,,
"110","TELEGRAPH CREEK","2023081700",0,12.6,74,9.2,271,18.9,84.861,3.287,6.168,,,,,,,,,0,-0.6,,0,0,0,2,1018.31,,0,0,,0,
"110","TELEGRAPH CREEK","2023081701",0,13.2,70,7.9,201,24.1,84.847,3.072,5.781,,,,,,,,,0,-0.5,,0,0,0,2,1018.26,,0,0,,0,
"110","TELEGRAPH CREEK","2023081702",0,10.9,79,8.2,245,13.1,84.584,3.009,5.665,,,,,,,,,0,-0.8,,0,0,0,2,1018.33,,0,0,,0,
"110","TELEGRAPH CREEK","2023081703",0,11.5,76,10,255,18.9,84.431,3.227,6.061,,,,,,,,,0,-0.5,,0,0,0,2,1018.28,,0,0,,0,
"110","TELEGRAPH CREEK","2023081704",0,11.7,74,4.8,218,11.4,84.362,2.461,4.624,,,,,,,,,0,-0.5,,0,0,0,2,1018.26,,0,0,,0,
"110","TELEGRAPH CREEK","2023081705",0,10.3,79,6.4,78,14.9,84.159,2.595,4.886,,,,,,,,,0,-0.6,,0,0,0,2,1018.3,,0,0,,0,
"110","TELEGRAPH CREEK","2023081706",0,12.4,62,13.8,246,22.9,84.206,3.792,7.048,,,,,,,,,0,-0.4,,0,0,0,2,1018.21,,0,0,,0,
"110","TELEGRAPH CREEK","2023081707",0,12,69,14.4,237,22.9,84.253,3.933,7.287,,,,,,,,,0,-0.5,,0,0,0,2,1018.23,,0,0,,0,
"110","TELEGRAPH CREEK","2023081708",0,13.7,62,19,259,28.7,84.305,4.994,8.993,,,,,,,,,0,-0.5,,0,0,0,2,1018.22,,0,0,,0,
"110","TELEGRAPH CREEK","2023081709",0,14.4,56,23.2,240,33.9,84.492,6.328,10.968,,,,,,,,,0,-0.6,,0,0,0,2,1018.25,,0,0,,0,
"110","TELEGRAPH CREEK","2023081710",0,14.8,53,18,239,40.8,84.722,5.024,9.041,,,,,,,,,0,-0.5,,0,0,0,2,1018.25,,0,0,,0,
"110","TELEGRAPH CREEK","2023081711",0,16.3,47,23.1,237,40.8,85.128,6.869,11.723,,,,,,,,,0,-0.5,,0,0,0,2,1018.21,,0,0,,0,
"110","TELEGRAPH CREEK","2023081712",0,15.6,50,24.8,238,44.2,85.383,7.752,12.912,0,84.483,6.851,12.414,15.237,444.525,28.068,3,0,-0.5,,0,0,0,2,1018.25,,0,0,,0,
"110","TELEGRAPH CREEK","2023081713",0,16.5,46,28.7,242,41.9,85.746,9.925,16.531,,,,,,,,,0,-0.5,,0,0,0,2,1018.23,,0,0,,0,
"110","TELEGRAPH CREEK","2023081714",0,16,45,30.1,242,43.1,86.069,11.144,18.021,,,,,,,,,0,-0.5,,0,0,0,2,1018.27,,0,0,,0,
"110","TELEGRAPH CREEK","2023081715",0,16.3,46,27.5,241,41.9,86.321,10.128,16.784,,,,,,,,,0,-0.5,,0,0,0,2,1018.24,,0,0,,0,
"110","TELEGRAPH CREEK","2023081716",0,16.2,48,22.8,243,42.5,86.475,8.168,14.25,,,,,,,,,0,-0.5,,0,0,0,2,1018.22,,0,0,,0,
"110","TELEGRAPH CREEK","2023081717",0,15.8,48,22.6,245,35,86.597,8.227,14.329,,,,,,,,,0,-0.6,,0,0,0,2,1018.23,,0,0,,0,
"110","TELEGRAPH CREEK","2023081718",0,15.5,51,17.4,245,32.1,86.645,6.374,11.716,,,,,,,,,0,-0.6,,0,0,0,2,1018.23,,0,0,,0,
"110","TELEGRAPH CREEK","2023081719",0,15.1,53,15.3,249,25.2,86.693,5.773,10.809,,,,,,,,,0,-0.6,,0,0,0,2,1018.24,,0,0,,0,
"110","TELEGRAPH CREEK","2023081720",0,14.3,57,13.4,255,25.8,86.741,5.282,10.041,,,,,,,,,0,-0.6,,0,0,0,2,1018.25,,0,0,,0,
"110","TELEGRAPH CREEK","2023081721",0,13.8,58,13.4,246,23.5,86.761,5.297,10.065,,,,,,,,,0,-0.6,,0,0,0,2,1018.26,,0,0,,0,
"110","TELEGRAPH CREEK","2023081722",0,13.1,60,11.7,263,24.6,86.728,4.839,9.326,,,,,,,,,0,-0.5,,0,0,0,2,1018.27,,0,0,,0,
"110","TELEGRAPH CREEK","2023081723",0,12.8,62,8.4,233,20.6,86.66,4.059,8.008,,,,,,,,,0,-0.5,,0,0,0,2,1018.26,,0,0,,0,
"111","ATLIN","2023081700",0,11.3,47,18.8,137,28.3,87.913,8.195,22.953,,,,,,,,,,0.6,,,,0,2,898.37,,,,1055,,
"111","ATLIN","2023081701",0,10.2,57,15.2,153,33.4,87.762,6.69,19.848,,,,,,,,,,0.6,,,,0,2,898.37,,,,1055,,
"111","ATLIN","2023081702",0,10,55,15.1,145,31.7,87.664,6.563,19.575,,,,,,,,,,0.6,,,,0,2,898.35,,,,1055,,
"111","ATLIN","2023081703",0,10,55,10,175,27.8,87.588,5.021,16.05,,,,,,,,,,0.6,,,,0,2,898.34,,,,1055,,
"111","ATLIN","2023081704",0,9.7,55,12.4,129,30.5,87.51,5.604,17.428,,,,,,,,,,0.6,,,,0,2,898.34,,,,1055,,
"111","ATLIN","2023081705",0,9.5,57,15,130,28.7,87.395,6.284,18.965,,,,,,,,,,0.6,,,,0,2,898.34,,,,1055,,
"111","ATLIN","2023081706",0,9.5,57,11.1,138,22.6,87.302,5.095,16.228,,,,,,,,,,0.6,,,,0,2,898.33,,,,1055,,
"111","ATLIN","2023081707",0,9.7,57,10.4,136,23.9,87.222,4.863,15.666,,,,,,,,,,0.6,,,,0,2,898.32,,,,1055,,
"111","ATLIN","2023081708",0,10.2,56,9.8,148,21.8,87.175,4.686,15.231,,,,,,,,,,0.6,,,,0,2,898.3,,,,1055,,
"111","ATLIN","2023081709",0,10.6,56,8.2,152,19.4,87.141,4.302,14.263,,,,,,,,,,0.6,,,,0,2,898.3,,,,1055,,
"111","ATLIN","2023081710",0,11.4,54,5.2,199,18.9,87.157,3.707,12.694,,,,,,,,,,0.6,,,,0,2,898.27,,,,1055,,
"111","ATLIN","2023081711",0,11.7,54,8.8,147,15.4,87.173,4.455,14.651,,,,,,,,,,0.5,,,,0,2,898.29,,,,1055,,
"111","ATLIN","2023081712",0,12.1,52,4.5,151,15.1,87.221,3.612,12.433,0,84.887,2.603,9.669,42.663,574.958,71.974,4,,0.6,,,,0,2,898.28,,,,1055,,
"111","ATLIN","2023081713",0,12.8,52,6.3,234,11.4,87.269,3.982,13.644,,,,,,,,,,0.5,,,,0,2,898.25,,,,1055,,
"111","ATLIN","2023081714",0,13.7,49,10.1,210,18.5,87.317,4.855,15.891,,,,,,,,,,0.5,,,,0,2,898.26,,,,1055,,
"111","ATLIN","2023081715",0,13.1,57,13.6,260,27.6,87.277,5.758,18.051,,,,,,,,,,0.5,,,,0,2,898.3,,,,1055,,
"111","ATLIN","2023081716",0,11.3,73,5.6,292,27.8,86.92,3.657,12.762,,,,,,,,,,0.6,,,,0,2,898.36,,,,1055,,
"111","ATLIN","2023081717",0,11.6,71,4.9,268,12.3,86.654,3.4,12.041,,,,,,,,,,0.7,,,,0.14,2,898.41,,,,1055,,
"111","ATLIN","2023081718",0,11.7,67,8.6,270,18.1,86.48,3.996,13.683,,,,,,,,,,0.6,,,,0,2,898.34,,,,1055,,
"111","ATLIN","2023081719",0,11.3,70,0.9,2,15.4,86.319,2.65,9.816,,,,,,,,,,0.7,,,,0,2,898.35,,,,1055,,
"111","ATLIN","2023081720",0,10.4,79,5.6,45,11.5,85.912,3.171,11.385,,,,,,,,,,0.6,,,,0,2,898.38,,,,1055,,
"111","ATLIN","2023081721",0,10.1,79,6.4,4,8.6,85.54,3.135,11.278,,,,,,,,,,0.7,,,,0,2,898.37,,,,1055,,
"111","ATLIN","2023081722",0,10.1,80,3.6,2,10.6,85.21,2.601,9.661,,,,,,,,,,0.7,,,,0,2,898.36,,,,1055,,
"111","ATLIN","2023081723",0,10.3,79,1.3,166,10.4,84.97,2.241,8.504,,,,,,,,,,0.7,,,,0,2,898.33,,,,1055,,
"112","ISKUT","2023081700",0,7.6,93,4.3,43,9.6,83.036,2.015,4.313,,,,,,,,,,50,,,,,,,,2,508.86,741.8,,
"112","ISKUT","2023081701",0,6.7,93,1.7,73,9.8,82.53,1.658,3.467,,,,,,,,,,45.3,,,,,,,,2,509.53,741.8,,
"112","ISKUT","2023081702",0,5.1,98,3.4,12,7.9,81.753,1.642,3.43,,,,,,,,,,41.6,,,,,,,,2,509.22,741.8,,
"112","ISKUT","2023081703",0,4.7,100,1.4,52,7.1,80.978,1.357,2.705,,,,,,,,,,39.8,,,,,,,,2,509.57,741.8,,
"112","ISKUT","2023081704",0,4.9,100,0.7,64,7.9,80.302,1.216,2.325,,,,,,,,,,43.4,,,,,,,,2,509.91,741.8,,
"112","ISKUT","2023081705",0,5.6,100,0.7,356,3.8,79.673,1.139,2.109,,,,,,,,,,39.1,,,,,,,,2,509.91,741.8,,
"112","ISKUT","2023081706",0,6.2,100,0.2,271,5.2,79.124,1.053,1.855,,,,,,,,,,53.3,,,,,,,,2,509.9,741.8,,
"112","ISKUT","2023081707",0,7.4,94,1.3,300,13.3,78.923,1.092,1.971,,,,,,,,,,30.4,,,,,,,,2,509.89,741.8,,
"112","ISKUT","2023081708",0,8.7,76,1.9,96,14.9,79.054,1.139,2.109,,,,,,,,,,28.3,,,,,,,,2,509.88,741.8,,
"112","ISKUT","2023081709",0,11.6,68,4.8,217,14.2,79.358,1.357,2.707,,,,,,,,,,38.1,,,,,,,,2,509.81,741.8,,
"112","ISKUT","2023081710",0,11,67,2.2,131,12.4,79.616,1.222,2.341,,,,,,,,,,44.6,,,,,,,,2,509.81,741.8,,
"112","ISKUT","2023081711",0,15.8,50,5.8,154,17.9,80.359,1.582,3.281,,,,,,,,,,43.8,,,,,,,,2,509.78,741.8,,
"112","ISKUT","2023081712",0,16.2,44,10.8,302,21.4,81.28,2.256,4.856,0,86.784,4.662,10.063,19.226,359.083,33.913,3,,43.6,,,,,,,,2,509.07,741.8,,
"112","ISKUT","2023081713",0,15.3,49,8.2,303,24.2,81.904,2.13,4.906,,,,,,,,,,47.4,,,,,,,,2,509.76,741.8,,
"112","ISKUT","2023081714",0,14.5,46,10.4,296,25.7,82.529,2.569,5.909,,,,,,,,,,43.4,,,,,,,,2,509.1,741.8,,
"112","ISKUT","2023081715",0,15.7,45,10.8,281,40.5,83.159,2.84,6.499,,,,,,,,,,44,,,,,,,,2,508.77,741.8,,
"112","ISKUT","2023081716",0,15.1,45,13.5,309,27.3,83.719,3.5,7.864,,,,,,,,,,44.6,,,,,,,,2,508.76,741.8,,
"112","ISKUT","2023081717",0,13.4,54,7.5,303,22.6,83.944,2.665,6.121,,,,,,,,,,48.2,,,,,,,,2,508.78,741.8,,
"112","ISKUT","2023081718",0,12.6,54,7.6,303,20.9,84.132,2.747,6.299,,,,,,,,,,45,,,,,,,,2,509.11,741.8,,
"112","ISKUT","2023081719",0,11.2,68,2.5,339,16.2,84.179,2.138,4.925,,,,,,,,,,55.7,,,,,,,,2,509.13,741.8,,
"112","ISKUT","2023081720",0,9,91,2.7,49,17.8,83.618,2.004,4.607,,,,,,,,,,51.8,,,,,,,,2,509.84,741.8,,
"112","ISKUT","2023081721",0.2,8.5,92,0.7,24,12.4,78.889,1.056,2.081,,,,,,,,,,45.4,,,,,,,,2,509.86,742,,
"112","ISKUT","2023081722",0,8.2,94,0.7,88,7.6,78.721,1.04,2.031,,,,,,,,,,34.7,,,,,,,,2,510.19,742,,
"112","ISKUT","2023081723",0.4,7.6,100,0,66,7.7,70.443,0.635,0.814,,,,,,,,,,52,,,,,,,,2,510.54,742.4,,
"113","BOB QUINN LAKE","2023081700",0,13.7,65,11.1,216,22.9,68.324,1.038,0.408,,,,,,,,,0,57.4,,0,0,0,0,0,,1,-116.782,,0,
"113","BOB QUINN LAKE","2023081701",0,12.7,76,5.1,272,33.9,69.101,0.786,0.309,,,,,,,,,0,56.2,,0,0,0,0,0,,1,-116.793,,0,
"113","BOB QUINN LAKE","2023081702",0,9.9,88,3.4,76,14.3,69.394,0.728,0.286,,,,,,,,,0,47.7,,0,0,0,0,0,,1,-116.818,,0,
"113","BOB QUINN LAKE","2023081703",0,8,91,3,51,7.9,69.58,0.718,0.282,,,,,,,,,0,61,,0,0,0,0,0,,1,-116.816,,0,
"113","BOB QUINN LAKE","2023081704",0,8.1,86,4.1,280,10.2,69.898,0.767,0.301,,,,,,,,,0,54.1,,0,0,0,0,0,,1,-116.82,,0,
"113","BOB QUINN LAKE","2023081705",0,7.9,89,4.6,87,12.5,70.137,0.792,0.311,,,,,,,,,0,58.3,,0,0,0,0,0,,1,-116.818,,0,
"113","BOB QUINN LAKE","2023081706",0,9.1,84,4.8,161,9.7,70.515,0.81,0.318,,,,,,,,,0,59.3,,0,0,0,0,0,,1,-116.811,,0,
"113","BOB QUINN LAKE","2023081707",0,10.1,79,4.2,179,11.4,71.011,0.799,0.314,,,,,,,,,0,55.7,,0,0,0,0,0,,1,-116.791,,0,
"113","BOB QUINN LAKE","2023081708",0,10.5,79,6.8,209,13.7,71.55,0.928,0.365,,,,,,,,,0,54.9,,0,0,0,0,0,,1,-116.815,,0,
"113","BOB QUINN LAKE","2023081709",0,10.8,75,2.7,144,8.5,72.068,0.769,0.302,,,,,,,,,0,57.1,,0,0,0,0,0,,1,-116.807,,0,
"113","BOB QUINN LAKE","2023081710",0,11.9,66,5.3,112,14.3,72.874,0.905,0.355,,,,,,,,,0,54.5,,0,0,0,0,0,,1,-116.791,,0,
"113","BOB QUINN LAKE","2023081711",0,14.8,53,3.3,231,10.8,73.983,0.859,0.337,,,,,,,,,0,53.4,,0,0,0,0,0,,1,-116.798,,0,
"113","BOB QUINN LAKE","2023081712",0,15.2,54,6.9,247,15.4,75.135,1.093,0.429,0,66.423,0.788,0.393,3.609,209.274,6.92,1,0,51.7,,0,0,0,0,0,,1,-116.786,,0,
"113","BOB QUINN LAKE","2023081713",0,13.7,55,7.8,214,20.6,76.115,1.213,0.606,,,,,,,,,0,56.8,,0,0,0,0,0,,1,-116.798,,0,
"113","BOB QUINN LAKE","2023081714",0,15.6,48,9.7,232,21.2,77.325,1.455,0.726,,,,,,,,,0,58.3,,0,0,0,0,0,,1,-116.791,,0,
"113","BOB QUINN LAKE","2023081715",0,15.3,54,6.5,252,27.5,78.18,1.327,0.663,,,,,,,,,0,55.1,,0,0,0,0,0,,1,-116.786,,0,
"113","BOB QUINN LAKE","2023081716",0,15.1,57,6.3,279,24.6,78.88,1.399,0.698,,,,,,,,,0,57.4,,0,0,0,0,0,,1,-116.806,,0,
"113","BOB QUINN LAKE","2023081717",0,14.5,55,6.2,227,14.3,79.539,1.483,0.741,,,,,,,,,0,56.5,,0,0,0,0,0,,1,-116.792,,0,
"113","BOB QUINN LAKE","2023081718",0,13,65,5.5,218,14.3,79.897,1.484,0.741,,,,,,,,,0,49.6,,0,0,0,0,0,,1,-116.783,,0,
"113","BOB QUINN LAKE","2023081719",0,11.8,65,3.6,211,13.1,80.184,1.39,0.694,,,,,,,,,0,54.7,,0,0,0,0,0,,1,-116.796,,0,
"113","BOB QUINN LAKE","2023081720",0,10.9,67,6.1,163,15.4,80.427,1.618,0.808,,,,,,,,,0,58.3,,0,0,0,0,0,,1,-116.812,,0,
"113","BOB QUINN LAKE","2023081721",0,8.8,82,2.9,37,6.2,80.473,1.384,0.691,,,,,,,,,0,61.3,,0,0,0,0,0,,1,-116.818,,0,
"113","BOB QUINN LAKE","2023081722",0,8,87,4.1,106,7.4,80.415,1.461,0.73,,,,,,,,,0,57.2,,0,0,0,0,0,,1,-116.816,,0,
"113","BOB QUINN LAKE","2023081723",0,7.7,87,4.3,129,7.9,80.359,1.467,0.733,,,,,,,,,0,56.9,,0,0,0,0,0,,1,-116.819,,0,
"117","SIERRA","2023081700",0,14.3,78,3,342,7.4,85.029,2.461,6.485,,,,,,,,,,,,,,,,,,,,,,
"117","SIERRA","2023081701",0,16.5,55,7.5,323,21.2,85.171,3.148,8.11,,,,,,,,,,,,,,,,,,,,,,
"117","SIERRA","2023081702",0,15.3,61,3.1,302,17.2,85.219,2.539,6.677,,,,,,,,,,,,,,,,,,,,,,
"117","SIERRA","2023081703",0,12.8,71,3.6,333,7.4,85.149,2.579,6.774,,,,,,,,,,,,,,,,,,,,,,
"117","SIERRA","2023081704",0,13.7,56,5.3,319,12,85.211,2.833,7.383,,,,,,,,,,,,,,,,,,,,,,
"117","SIERRA","2023081705",0,13.6,49,8.9,320,21.8,85.39,3.482,8.856,,,,,,,,,,,,,,,,,,,,,,
"117","SIERRA","2023081706",0,13.4,48,7.9,311,17.7,85.562,3.392,8.656,,,,,,,,,,,,,,,,,,,,,,
"117","SIERRA","2023081707",0,13.5,49,7.7,314,22.3,85.7,3.423,8.725,,,,,,,,,,,,,,,,,,,,,,
"117","SIERRA","2023081708",0,14.3,41,7,297,20.6,85.996,3.444,8.771,,,,,,,,,,,,,,,,,,,,,,
"117","SIERRA","2023081709",0,15.1,38,9.3,293,25.2,86.363,4.072,10.112,,,,,,,,,,,,,,,,,,,,,,
"117","SIERRA","2023081710",0,17,35,11.2,309,30.4,86.838,4.793,11.56,,,,,,,,,,,,,,,,,,,,,,
"117","SIERRA","2023081711",0,17,35,8.5,319,29.2,87.234,4.426,10.833,,,,,,,,,,,,,,,,,,,,,,
"117","SIERRA","2023081712",0,18.3,36,6.1,274,22.9,87.579,4.12,10.21,0,88.509,4.707,12.036,25.447,574.563,45.821,3,,,,,,,,,,,,,,
"117","SIERRA","2023081713",0,21.9,23,11.3,285,24.6,88.504,6.113,14.775,,,,,,,,,,,,,,,,,,,,,,
"117","SIERRA","2023081714",0,18.9,27,11.3,261,28.7,89.001,6.565,15.603,,,,,,,,,,,,,,,,,,,,,,
"117","SIERRA","2023081715",0,18.3,29,10.1,268,24.1,89.335,6.483,15.454,,,,,,,,,,,,,,,,,,,,,,
"117","SIERRA","2023081716",0,20.5,29,11.1,304,25.8,89.701,7.186,16.703,,,,,,,,,,,,,,,,,,,,,,
"117","SIERRA","2023081717",0,16.8,32,9.4,272,24.1,89.809,6.699,15.843,,,,,,,,,,,,,,,,,,,,,,
"117","SIERRA","2023081718",0,15.9,41,9.6,328,22.3,89.854,6.81,16.042,,,,,,,,,,,,,,,,,,,,,,
"117","SIERRA","2023081719",0,15.5,39,10.4,326,24.6,89.903,7.141,16.625,,,,,,,,,,,,,,,,,,,,,,
"117","SIERRA","2023081720",0,12.9,48,10,286,25.2,89.761,6.857,16.125,,,,,,,,,,,,,,,,,,,,,,
"117","SIERRA","2023081721",0,10.9,60,5.7,333,17.2,89.417,5.256,13.138,,,,,,,,,,,,,,,,,,,,,,
"117","SIERRA","2023081722",0,9.8,75,7.1,332,17.2,88.759,5.131,12.893,,,,,,,,,,,,,,,,,,,,,,
"117","SIERRA","2023081723",0,8.3,80,4.6,320,12.5,88.091,4.111,10.783,,,,,,,,,,,,,,,,,,,,,,
"118","HELMUT","2023081700",0,12.4,83,4,231,9.1,86.97,3.398,10.52,,,,,,,,,0,193.3,,0,0,0,0,0,,0,0,,0,
"118","HELMUT","2023081701",0,12.2,77,7.6,262,11.4,86.526,3.825,11.588,,,,,,,,,0,193.3,,0,0,0,0,0,,0,0,,0,
"118","HELMUT","2023081702",0,14.4,64,13,257,19.5,86.455,4.971,14.256,,,,,,,,,0,193.3,,0,0,0,0,0,,0,0,,0,
"118","HELMUT","2023081703",0,14,64,9,265,16.6,86.394,4.029,12.082,,,,,,,,,0,193.3,,0,0,0,0,0,,0,0,,0,
"118","HELMUT","2023081704",0,13.8,58,10.9,281,18.3,86.442,4.464,13.108,,,,,,,,,0,193.3,,0,0,0,0,0,,0,0,,0,
"118","HELMUT","2023081705",0,14.1,47,13.9,311,34.4,86.545,5.268,14.908,,,,,,,,,0,193.3,,0,0,0,0,0,,0,0,,0,
"118","HELMUT","2023081706",0,14.1,45,12.8,297,25.2,86.676,5.078,14.492,,,,,,,,,0,193.3,,0,0,0,0,0,,0,0,,0,
"118","HELMUT","2023081707",0,15.4,39,17.6,313,33.3,86.979,6.751,17.967,,,,,,,,,0,193.3,,0,0,0,0,0,,0,0,,0,
"118","HELMUT","2023081708",0,16.5,34,25.3,324,44.2,87.45,10.642,24.905,,,,,,,,,0,193.3,,0,0,0,0,0,,0,0,,0,
"118","HELMUT","2023081709",0,17.3,30,22.8,299,42.5,88.003,10.156,24.104,,,,,,,,,0,193.3,,0,0,0,0,0,,0,0,,0,
"118","HELMUT","2023081710",0,18.3,27,19.7,316,39,88.604,9.469,22.943,,,,,,,,,0,193.3,,0,0,0,0,0,,0,0,,0,
"118","HELMUT","2023081711",0,18.1,29,28,322,44.8,89.061,15.362,31.998,,,,,,,,,0,193.3,,0,0,0,0,0,,0,0,,0,
"118","HELMUT","2023081712",0,18.7,28,26.9,327,45.9,89.499,15.477,32.159,0,91.183,19.69,39.056,36.087,538.31,61.814,4,0,193.3,,0,0,0,0,0,,0,0,,0,
"118","HELMUT","2023081713",0,19,26,26.8,328,44.2,89.952,16.432,34.692,,,,,,,,,0,193.3,,0,0,0,0,0,,0,0,,0,
"118","HELMUT","2023081714",0,18.9,26,20.8,319,40.2,90.305,12.774,29.309,,,,,,,,,0,193.3,,0,0,0,0,0,,0,0,,0,
"118","HELMUT","2023081715",0,19.4,26,20.2,313,41.3,90.616,12.957,29.593,,,,,,,,,0,193.3,,0,0,0,0,0,,0,0,,0,
"118","HELMUT","2023081716",0,17.9,29,23.7,332,40.2,90.721,15.69,33.646,,,,,,,,,0,193.3,,0,0,0,0,0,,0,0,,0,
"118","HELMUT","2023081717",0,17.7,34,22.9,331,39.6,90.771,15.177,32.911,,,,,,,,,0,193.3,,0,0,0,0,0,,0,0,,0,
"118","HELMUT","2023081718",0,14.9,55,11.4,6,35,90.387,8.049,21.242,,,,,,,,,0,193.3,,0,0,0,0,0,,0,0,,0,
"118","HELMUT","2023081719",0,11.8,68,14.1,24,25.2,89.7,8.358,21.821,,,,,,,,,0,193.3,,0,0,0,0,0,,0,0,,0,
"118","HELMUT","2023081720",0,10.3,73,12.4,35,25.2,88.991,6.929,19.059,,,,,,,,,0,193.3,,0,0,0,0,0,,0,0,,0,
"118","HELMUT","2023081721",0,9.6,76,7.3,20,18.9,88.352,4.889,14.677,,,,,,,,,0,193.3,,0,0,0,0,0,,0,0,,0,
"118","HELMUT","2023081722",0,9,81,8.1,2,17.2,87.632,4.591,13.98,,,,,,,,,0,193.3,,0,0,0,0,0,,0,0,,0,
"118","HELMUT","2023081723",0.2,7.9,97,8.6,351,18.3,81.823,2.152,7.436,,,,,,,,,0,193.3,,0,0,0,0,0,,0,0,,0,
"119","NELSON FORKS","2023081700",0,16.5,40,20.9,162,38.5,87.69,8.824,16.587,,,,,,,,,,,,,,,,,,,,,,
"119","NELSON FORKS","2023081701",0,15.7,40,20.3,173,38.5,87.842,8.749,16.481,,,,,,,,,,,,,,,,,,,,,,
"119","NELSON FORKS","2023081702",0,15.2,40,19.5,174,37.9,87.959,8.546,16.192,,,,,,,,,,,,,,,,,,,,,,
"119","NELSON FORKS","2023081703",0,13.8,44,19.9,170,38.5,88.008,8.781,16.526,,,,,,,,,,,,,,,,,,,,,,
"119","NELSON FORKS","2023081704",0,13.5,41,19.2,152,35,88.057,8.536,16.178,,,,,,,,,,,,,,,,,,,,,,
"119","NELSON FORKS","2023081705",0,13.3,38,18.2,151,43.1,88.149,8.225,15.731,,,,,,,,,,,,,,,,,,,,,,
"119","NELSON FORKS","2023081706",0,12.7,40,17.3,156,30.4,88.198,7.915,15.278,,,,,,,,,,,,,,,,,,,,,,
"119","NELSON FORKS","2023081707",0,13.5,42,15.9,158,31,88.247,7.428,14.552,,,,,,,,,,,,,,,,,,,,,,
"119","NELSON FORKS","2023081708",0,15.1,39,15.7,140,35.6,88.33,7.442,14.573,,,,,,,,,,,,,,,,,,,,,,
"119","NELSON FORKS","2023081709",0,16.6,37,16.8,162,36.7,88.493,8.052,15.478,,,,,,,,,,,,,,,,,,,,,,
"119","NELSON FORKS","2023081710",0,17.3,34,18.2,146,37.9,88.742,8.955,16.772,,,,,,,,,,,,,,,,,,,,,,
"119","NELSON FORKS","2023081711",0,17.9,34,19.6,168,38.5,88.975,9.938,18.121,,,,,,,,,,,,,,,,,,,,,,
"119","NELSON FORKS","2023081712",0,17.7,34,18.1,163,39,89.164,9.467,17.481,0,89.056,9.321,18.09,24.915,176.1,36.81,3,,,,,,,,,,,,,,
"119","NELSON FORKS","2023081713",0,17.3,37,16.4,182,36.7,89.225,8.766,17.286,,,,,,,,,,,,,,,,,,,,,,
"119","NELSON FORKS","2023081714",0,15.7,41,18,169,45.9,89.274,9.569,18.444,,,,,,,,,,,,,,,,,,,,,,
"119","NELSON FORKS","2023081715",0,13.7,50,21,169,45.4,89.141,10.92,20.308,,,,,,,,,,,,,,,,,,,,,,
"119","NELSON FORKS","2023081716",0,12.8,54,14.3,161,37.9,88.943,7.573,15.483,,,,,,,,,,,,,,,,,,,,,,
"119","NELSON FORKS","2023081717",0,11.3,60,15.5,170,32.1,88.619,7.68,15.649,,,,,,,,,,,,,,,,,,,,,,
"119","NELSON FORKS","2023081718",0,9.9,84,15.6,274,28.1,87.644,6.711,14.112,,,,,,,,,,,,,,,,,,,,,,
"119","NELSON FORKS","2023081719",0.2,8.2,98,13.7,282,28.7,81.664,2.731,6.604,,,,,,,,,,,,,,,,,,,,,,
"119","NELSON FORKS","2023081720",0.2,7.8,99,12.4,284,26.4,76.73,1.595,3.823,,,,,,,,,,,,,,,,,,,,,,
"119","NELSON FORKS","2023081721",0.8,7.3,99,10.9,270,21.2,61.604,0.779,1.277,,,,,,,,,,,,,,,,,,,,,,
"119","NELSON FORKS","2023081722",1,6.7,99,6,232,20.6,47.488,0.16,0.217,,,,,,,,,,,,,,,,,,,,,,
"119","NELSON FORKS","2023081723",0.6,6.8,100,4.7,162,11.4,40.924,0.052,0.071,,,,,,,,,,,,,,,,,,,,,,
"120","SILVER","2023081700",0,14.4,66,1.6,220,10.5,83.033,1.758,2.453,,,,,,,,,,,,,,,,,,,,1953.3,,
"120","SILVER","2023081701",0,13.7,71,1,205,9.2,83.08,1.716,2.371,,,,,,,,,,,,,,,,,,,,1953.3,,
"120","SILVER","2023081702",0,13.1,74,2.6,213,8.4,83.127,1.871,2.671,,,,,,,,,,,,,,,,,,,,1953.3,,
"120","SILVER","2023081703",0,12.4,80,0.1,196,5,83.086,1.641,2.221,,,,,,,,,,,,,,,,,,,,1953.3,,
"120","SILVER","2023081704",0,12.4,77,0.1,279,5,83.108,1.646,2.231,,,,,,,,,,,,,,,,,,,,1953.3,,
"120","SILVER","2023081705",0,13.1,57,1,265,13.3,83.286,1.762,2.461,,,,,,,,,,,,,,,,,,,,1953.3,,
"120","SILVER","2023081706",0,14.2,61,4.3,319,7.2,83.435,2.121,3.135,,,,,,,,,,,,,,,,,,,,1953.3,,
"120","SILVER","2023081707",0,16.3,49,8.8,325,17.1,83.872,2.819,4.337,,,,,,,,,,,,,,,,,,,,1953.3,,
"120","SILVER","2023081708",0,17.7,38,12,352,24.7,84.621,3.663,5.665,,,,,,,,,,,,,,,,,,,,1953.3,,
"120","SILVER","2023081709",0,17,36,9,323,21.5,85.267,3.441,5.327,,,,,,,,,,,,,,,,,,,,1953.3,,
"120","SILVER","2023081710",0,16.9,36,9.6,326,20.3,85.836,3.839,5.929,,,,,,,,,,,,,,,,,,,,1953.3,,
"120","SILVER","2023081711",0,19.3,33,9.7,9,22,86.518,4.247,6.526,,,,,,,,,,,,,,,,,,,,1953.3,,
"120","SILVER","2023081712",0,18.9,36,4.7,45,19.8,86.955,3.513,5.437,0,85.621,2.91,5.07,13.571,153.97,22.24,2,,,,,,,,,,,,1953.3,,
"120","SILVER","2023081713",0,19.2,33,7.5,13,19.7,87.46,4.346,7.43,,,,,,,,,,,,,,,,,,,,1953.3,,
"120","SILVER","2023081714",0,15,57,10.7,331,21.2,87.438,5.091,8.547,,,,,,,,,,,,,,,,,,,,1953.3,,
"120","SILVER","2023081715",0.3,16.3,48,17.2,331,30.9,81.097,3.049,5.313,,,,,,,,,,,,,,,,,,,,1953.5,,
"120","SILVER","2023081716",0,16.1,52,13.2,328,35.1,81.759,2.693,4.682,,,,,,,,,,,,,,,,,,,,1953.5,,
"120","SILVER","2023081717",0,12.5,70,11.1,313,30.8,81.882,2.459,4.252,,,,,,,,,,,,,,,,,,,,1953.5,,
"120","SILVER","2023081718",0,12.2,61,17.9,316,45.7,82.17,3.586,6.221,,,,,,,,,,,,,,,,,,,,1953.5,,
"120","SILVER","2023081719",0,10.6,68,9.2,320,29,82.262,2.34,4.029,,,,,,,,,,,,,,,,,,,,1953.5,,
"120","SILVER","2023081720",0,9.6,74,2,269,16.4,82.309,1.637,2.618,,,,,,,,,,,,,,,,,,,,1953.5,,
"120","SILVER","2023081721",0,8.7,76,2.5,285,12.1,82.356,1.689,2.728,,,,,,,,,,,,,,,,,,,,1953.5,,
"120","SILVER","2023081722",0,8.7,74,10.2,308,20.9,82.403,2.504,4.336,,,,,,,,,,,,,,,,,,,,1953.5,,
"120","SILVER","2023081723",0,7.6,82,6.2,289,17.7,82.298,2.021,3.409,,,,,,,,,,,,,,,,,,,,1953.5,,
"121","PADDY","2023081700",0,17.1,50,7.4,214,10.8,88.352,4.914,10.577,,,,,,,,,0,193.3,,0,0,0,0,0,,0,0,,0,
"121","PADDY","2023081701",0,15.5,57,7.9,204,10.2,88.239,4.958,10.656,,,,,,,,,0,193.3,,0,0,0,0,0,,0,0,,0,
"121","PADDY","2023081702",0,14.5,61,8.1,199,11.4,88.042,4.869,10.497,,,,,,,,,0,193.3,,0,0,0,0,0,,0,0,,0,
"121","PADDY","2023081703",0,14,68,4,233,9.7,87.744,3.794,8.496,,,,,,,,,0,193.3,,0,0,0,0,0,,0,0,,0,
"121","PADDY","2023081704",0,13.6,73,4.9,32,7.9,87.349,3.753,8.415,,,,,,,,,0,193.3,,0,0,0,0,0,,0,0,,0,
"121","PADDY","2023081705",0,12.4,78,2.3,139,5.6,86.909,3.092,7.079,,,,,,,,,0,193.3,,0,0,0,0,0,,0,0,,0,
"121","PADDY","2023081706",0,13.5,67,5.6,25,9.1,86.739,3.564,8.043,,,,,,,,,0,193.3,,0,0,0,0,0,,0,0,,0,
"121","PADDY","2023081707",0,17,45,7.3,344,17.7,86.902,3.974,8.844,,,,,,,,,0,193.3,,0,0,0,0,0,,0,0,,0,
"121","PADDY","2023081708",0,18.3,31,9.9,346,24.1,87.461,4.906,10.563,,,,,,,,,0,193.3,,0,0,0,0,0,,0,0,,0,
"121","PADDY","2023081709",0,17.8,31,12.6,353,29.8,87.944,6.023,12.474,,,,,,,,,0,193.3,,0,0,0,0,0,,0,0,,0,
"121","PADDY","2023081710",0,17,34,11.1,349,28.1,88.239,5.826,12.146,,,,,,,,,0,193.3,,0,0,0,0,0,,0,0,,0,
"121","PADDY","2023081711",0,16.7,37,13,24,22.9,88.411,6.571,13.361,,,,,,,,,0,193.3,,0,0,0,0,0,,0,0,,0,
"121","PADDY","2023081712",0,17.5,40,8.6,24,18.3,88.499,5.331,11.307,0,90.435,7.037,14.874,21.595,390.016,37.938,3,0,193.3,,0,0,0,0,0,,0,0,,0,
"121","PADDY","2023081713",0,19.4,33,7.5,14,17.2,88.805,5.271,11.854,,,,,,,,,0,193.3,,0,0,0,0,0,,0,0,,0,
"121","PADDY","2023081714",0,17.9,39,7.7,338,20,88.875,5.378,12.047,,,,,,,,,0,193.3,,0,0,0,0,0,,0,0,,0,
"121","PADDY","2023081715",0,17,40,10.9,354,20.6,88.924,6.363,13.761,,,,,,,,,0,193.3,,0,0,0,0,0,,0,0,,0,
"121","PADDY","2023081716",0,14.8,53,7.6,332,28.1,88.82,5.308,11.922,,,,,,,,,0,193.3,,0,0,0,0,0,,0,0,,0,
"121","PADDY","2023081717",0,14.9,53,7.2,329,18.9,88.73,5.136,11.609,,,,,,,,,0,193.3,,0,0,0,0,0,,0,0,,0,
"121","PADDY","2023081718",0,14.3,56,8.6,306,13.1,88.577,5.391,12.072,,,,,,,,,0,193.3,,0,0,0,0,0,,0,0,,0,
"121","PADDY","2023081719",0,12.5,58,14.5,313,36.2,88.356,7.031,14.865,,,,,,,,,0,193.3,,0,0,0,0,0,,0,0,,0,
"121","PADDY","2023081720",0,11.4,59,4.9,2,25.8,88.177,4.225,9.886,,,,,,,,,0,193.3,,0,0,0,0,0,,0,0,,0,
"121","PADDY","2023081721",0,11.6,52,8.7,312,16,88.125,5.078,11.504,,,,,,,,,0,193.3,,0,0,0,0,0,,0,0,,0,
"121","PADDY","2023081722",0,10.6,62,7.7,333,28.1,87.889,4.669,10.741,,,,,,,,,0,193.3,,0,0,0,0,0,,0,0,,0,
"121","PADDY","2023081723",0,9.8,64,7.8,344,16.6,87.633,4.523,10.464,,,,,,,,,0,193.3,,0,0,0,0,0,,0,0,,0,
"124","GRAHAM","2023081700",0,8.2,97,2.8,276,7.4,85.926,2.76,9.631,,,,,,,,,0,193.3,,0,0,0,0,0,,0,0,,0,
"124","GRAHAM","2023081701",0,7.3,98,2.8,334,5.6,84.785,2.356,8.41,,,,,,,,,0,193.3,,0,0,0,0,0,,0,0,,0,
"124","GRAHAM","2023081702",0,7.6,98,2.5,1,5.6,83.768,2.024,7.347,,,,,,,,,0,193.3,,0,0,0,0,0,,0,0,,0,
"124","GRAHAM","2023081703",0,6.8,98,2,250,6.8,82.889,1.761,6.463,,,,,,,,,0,193.3,,0,0,0,0,0,,0,0,,0,
"124","GRAHAM","2023081704",0,7,99,2.2,280,6.2,82.01,1.594,5.881,,,,,,,,,0,193.3,,0,0,0,0,0,,0,0,,0,
"124","GRAHAM","2023081705",0,8,99,2.5,333,5.6,81.19,1.469,5.43,,,,,,,,,0,193.3,,0,0,0,0,0,,0,0,,0,
"124","GRAHAM","2023081706",0,9.1,99,3.5,297,6.8,80.41,1.417,5.236,,,,,,,,,0,193.3,,0,0,0,0,0,,0,0,,0,
"124","GRAHAM","2023081707",0,11.7,94,3.4,303,6.2,80.068,1.359,5.022,,,,,,,,,0,193.3,,0,0,0,0,0,,0,0,,0,
"124","GRAHAM","2023081708",0,17.3,49,6.4,253,12,80.864,1.724,6.335,,,,,,,,,0,193.3,,0,0,0,0,0,,0,0,,0,
"124","GRAHAM","2023081709",0,21.1,37,8.8,228,19.5,82.167,2.266,8.128,,,,,,,,,0,193.3,,0,0,0,0,0,,0,0,,0,
"124","GRAHAM","2023081710",0,23.2,24,9.6,255,20.6,83.94,2.962,10.218,,,,,,,,,0,193.3,,0,0,0,0,0,,0,0,,0,
"124","GRAHAM","2023081711",0,23.5,22,11.8,304,24.1,85.605,4.153,13.422,,,,,,,,,0,193.3,,0,0,0,0,0,,0,0,,0,
"124","GRAHAM","2023081712",0,23.9,23,12.6,292,30.4,87.001,5.264,16.106,0,93.209,12.749,31.292,48.282,331.374,70.782,5,0,193.3,,0,0,0,0,0,,0,0,,0,
"124","GRAHAM","2023081713",0,24.5,22,11.6,314,26.9,88.227,5.964,18.359,,,,,,,,,0,193.3,,0,0,0,0,0,,0,0,,0,
"124","GRAHAM","2023081714",0,23.8,19,16.2,320,28.1,89.395,8.893,24.449,,,,,,,,,0,193.3,,0,0,0,0,0,,0,0,,0,
"124","GRAHAM","2023081715",0,23.8,20,15.3,309,32.7,90.294,9.667,25.911,,,,,,,,,0,193.3,,0,0,0,0,0,,0,0,,0,
"124","GRAHAM","2023081716",0,23.9,19,12.3,322,28.7,91.052,9.261,25.151,,,,,,,,,0,193.3,,0,0,0,0,0,,0,0,,0,
"124","GRAHAM","2023081717",0,22,22,12.4,325,28.7,91.465,9.87,26.287,,,,,,,,,0,193.3,,0,0,0,0,0,,0,0,,0,
"124","GRAHAM","2023081718",0,19,29,6.4,2,20,91.515,7.347,21.359,,,,,,,,,0,193.3,,0,0,0,0,0,,0,0,,0,
"124","GRAHAM","2023081719",0,16.2,47,6.7,32,23.5,91.272,7.206,21.065,,,,,,,,,0,193.3,,0,0,0,0,0,,0,0,,0,
"124","GRAHAM","2023081720",0,14.3,57,4.5,15,21.8,90.857,6.079,18.618,,,,,,,,,0,193.3,,0,0,0,0,0,,0,0,,0,
"124","GRAHAM","2023081721",0,12.6,65,3.8,39,20.6,90.325,5.439,17.148,,,,,,,,,0,193.3,,0,0,0,0,0,,0,0,,0,
"124","GRAHAM","2023081722",0,9.7,96,2.6,315,7.9,88.788,4.107,13.846,,,,,,,,,0,193.3,,0,0,0,0,0,,0,0,,0,
"124","GRAHAM","2023081723",0,8.3,98,2.6,238,5.1,87.319,3.328,11.719,,,,,,,,,0,193.3,,0,0,0,0,0,,0,0,,0,
"126","TOAD RIVER","2023081700",0,12.3,67,5.7,79,12,83.477,2.289,4.533,,,,,,,,,0,0,,0,0,0,0,0,,0,0,,0,
"126","TOAD RIVER","2023081701",0,11.9,74,4.4,143,14.9,83.511,2.153,4.247,,,,,,,,,0,0,,0,0,0,0,0,,0,0,,0,
"126","TOAD RIVER","2023081702",0,14.4,57,4,148,18.9,83.706,2.165,4.272,,,,,,,,,0,0,,0,0,0,0,0,,0,0,,0,
"126","TOAD RIVER","2023081703",0,15.5,50,5.7,291,26.4,84.045,2.467,4.899,,,,,,,,,0,0,,0,0,0,0,0,,0,0,,0,
"126","TOAD RIVER","2023081704",0,10.9,70,3.4,10,22.3,84.085,2.209,4.365,,,,,,,,,0,0,,0,0,0,0,0,,0,0,,0,
"126","TOAD RIVER","2023081705",0,10.6,52,7.5,357,13.1,84.255,2.779,5.521,,,,,,,,,0,0,,0,0,0,0,0,,0,0,,0,
"126","TOAD RIVER","2023081706",0,11.7,71,2.8,87,26.9,84.269,2.197,4.339,,,,,,,,,0,0,,0,0,0,0,0,,0,0,,0,
"126","TOAD RIVER","2023081707",0,10.1,87,2.9,310,6.8,83.858,2.09,4.112,,,,,,,,,0,0,,0,0,0,0,0,,0,0,,0,
"126","TOAD RIVER","2023081708",0,14.3,44,9.6,242,23.5,84.304,3.109,6.155,,,,,,,,,0,0,,0,0,0,0,0,,0,0,,0,
"126","TOAD RIVER","2023081709",0,16.7,39,18.1,279,29.8,84.978,5.23,9.787,,,,,,,,,0,0,,0,0,0,0,0,,0,0,,0,
"126","TOAD RIVER","2023081710",0,12.5,58,5.7,53,38.5,85.026,2.818,5.598,,,,,,,,,0,0,,0,0,0,0,0,,0,0,,0,
"126","TOAD RIVER","2023081711",0,13.8,44,6.8,285,28.1,85.316,3.101,6.139,,,,,,,,,0,0,,0,0,0,0,0,,0,0,,0,
"126","TOAD RIVER","2023081712",0,15,43,9.7,265,20.6,85.645,3.757,7.335,0,86.189,4.054,8.326,17.819,239.114,30.041,3,0,0,,0,0,0,0,0,,0,0,,0,
"126","TOAD RIVER","2023081713",0,16.1,33,16.4,278,32.7,86.275,5.752,11.184,,,,,,,,,0,0,,0,0,0,0,0,,0,0,,0,
"126","TOAD RIVER","2023081714",0,15.9,36,10.5,279,29.8,86.692,4.532,9.167,,,,,,,,,0,0,,0,0,0,0,0,,0,0,,0,
"126","TOAD RIVER","2023081715",0,17.3,35,10.2,249,24.1,87.128,4.75,9.541,,,,,,,,,0,0,,0,0,0,0,0,,0,0,,0,
"126","TOAD RIVER","2023081716",0,14.8,37,9.1,337,24.1,87.378,4.656,9.382,,,,,,,,,0,0,,0,0,0,0,0,,0,0,,0,
"126","TOAD RIVER","2023081717",0,13.9,43,9.9,342,25.8,87.449,4.897,9.79,,,,,,,,,0,0,,0,0,0,0,0,,0,0,,0,
"126","TOAD RIVER","2023081718",0,12.6,48,13.1,10,25.8,87.498,5.795,11.251,,,,,,,,,0,0,,0,0,0,0,0,,0,0,,0,
"126","TOAD RIVER","2023081719",0,11.8,57,5.6,328,17.2,87.437,3.937,8.113,,,,,,,,,0,0,,0,0,0,0,0,,0,0,,0,
"126","TOAD RIVER","2023081720",0,10.9,68,3.3,1,15.4,87.192,3.386,7.087,,,,,,,,,0,0,,0,0,0,0,0,,0,0,,0,
"126","TOAD RIVER","2023081721",0,9.5,83,2.5,77,6.2,86.631,3.003,6.34,,,,,,,,,0,0,,0,0,0,0,0,,0,0,,0,
"126","TOAD RIVER","2023081722",0,8.7,92,2.5,182,7.4,85.78,2.663,5.65,,,,,,,,,0,0,,0,0,0,0,0,,0,0,,0,
"126","TOAD RIVER","2023081723",0.2,8.3,100,2,12,4.5,80.191,1.283,2.458,,,,,,,,,0,0,,0,0,0,0,0,,0,0,,0,
"127","TUMBLER HUB","2023081700",0,19.8,47,10.5,248,23.5,88.731,6.066,16.039,,,,,,,,,,209.5,,,,0,2,940.57,,,,,,
"127","TUMBLER HUB","2023081701",0,18.1,55,7.5,238,24.1,88.655,5.158,14.169,,,,,,,,,,198.4,,,,0,2,940.64,,,,,,
"127","TUMBLER HUB","2023081702",0,18.1,57,6.7,230,20,88.547,4.878,13.567,,,,,,,,,,198.4,,,,0,2,940.65,,,,,,
"127","TUMBLER HUB","2023081703",0,16.8,62,9.2,225,22.3,88.308,5.347,14.567,,,,,,,,,,187.3,,,,0,2,940.69,,,,,,
"127","TUMBLER HUB","2023081704",0,17.3,58,9.7,231,25.2,88.199,5.398,14.675,,,,,,,,,,205.9,,,,0,2,940.64,,,,,,
"127","TUMBLER HUB","2023081705",0,16.9,56,12.6,240,25.8,88.137,6.192,16.289,,,,,,,,,,194.7,,,,0,2,940.63,,,,,,
"127","TUMBLER HUB","2023081706",0,16,58,10.8,247,23.5,88.027,5.566,15.024,,,,,,,,,,187.2,,,,0,2,940.67,,,,,,
"127","TUMBLER HUB","2023081707",0,16.8,56,13.9,248,28.7,87.983,6.467,16.831,,,,,,,,,,205.8,,,,0,2,940.63,,,,,,
"127","TUMBLER HUB","2023081708",0,17.2,52,14.1,235,30.4,88.032,6.578,17.046,,,,,,,,,,213.3,,,,0,2,940.6,,,,,,
"127","TUMBLER HUB","2023081709",0,17.7,50,10.6,259,28.7,88.081,5.553,14.998,,,,,,,,,,220.7,,,,0,2,940.6,,,,,,
"127","TUMBLER HUB","2023081710",0,18.5,43,13.2,254,26.9,88.165,6.408,16.714,,,,,,,,,,217,,,,0,2,940.58,,,,,,
"127","TUMBLER HUB","2023081711",0,18.7,40,8.8,230,25.8,88.313,5.244,14.35,,,,,,,,,,217,,,,0,2,940.57,,,,,,
"127","TUMBLER HUB","2023081712",0,21.2,34,14.1,245,29.2,88.712,7.252,18.325,0,90.438,9.289,22.849,34.447,480.358,58.421,4,,205.9,,,,0,2,940.51,,,,,,
"127","TUMBLER HUB","2023081713",0,22.3,28,18,255,37.3,89.332,9.65,23.471,,,,,,,,,,172.4,,,,0,2,940.4,,,,,,
"127","TUMBLER HUB","2023081714",0,22.4,26,18.2,248,40.8,89.929,10.619,25.098,,,,,,,,,,183.5,,,,0,2,940.45,,,,,,
"127","TUMBLER HUB","2023081715",0,22.1,27,20.6,238,37.9,90.376,12.774,28.506,,,,,,,,,,168.7,,,,0,2,940.46,,,,,,
"127","TUMBLER HUB","2023081716",0,22.2,28,18.4,246,40.2,90.698,11.973,27.27,,,,,,,,,,205.8,,,,0,2,940.48,,,,,,
"127","TUMBLER HUB","2023081717",0,20,27,16.6,247,31.6,90.919,11.284,26.179,,,,,,,,,,213.3,,,,0,2,940.67,,,,,,
"127","TUMBLER HUB","2023081718",0,19.3,29,12,251,35,91.009,9.066,22.457,,,,,,,,,,220.7,,,,0,2,940.64,,,,,,
"127","TUMBLER HUB","2023081719",0,17.5,40,4.2,275,21.2,90.984,6.098,16.824,,,,,,,,,,217,,,,0,2,940.7,,,,,,
"127","TUMBLER HUB","2023081720",0,14.1,41,3.9,303,10.2,90.907,5.94,16.497,,,,,,,,,,205.8,,,,0,2,940.8,,,,,,
"127","TUMBLER HUB","2023081721",0,12.4,46,4.3,329,14.3,90.734,5.914,16.442,,,,,,,,,,161.3,,,,0,2,940.82,,,,,,
"127","TUMBLER HUB","2023081722",0,10.1,62,3.4,111,7.9,90.291,5.305,15.141,,,,,,,,,,154,,,,0,2,940.84,,,,,,
"127","TUMBLER HUB","2023081723",0,9.5,58,7.3,351,15.4,89.915,6.118,16.866,,,,,,,,,,142.9,,,,0,2,940.85,,,,,,
"129","PINK MOUNTAIN","2023081700",0,11.8,61,5.5,230,15.4,87.483,3.943,10.142,,,,,,,,,0,0,,0,0,0,0,0,,0,0,,0,
"129","PINK MOUNTAIN","2023081701",0,12.1,61,7.9,281,13.7,87.346,4.363,11.027,,,,,,,,,0,0,,0,0,0,0,0,,0,0,,0,
"129","PINK MOUNTAIN","2023081702",0,13.4,55,13.2,268,18.3,87.348,5.701,13.652,,,,,,,,,0,0,,0,0,0,0,0,,0,0,,0,
"129","PINK MOUNTAIN","2023081703",0,12.9,58,8.1,353,22.3,87.291,4.373,11.048,,,,,,,,,0,0,,0,0,0,0,0,,0,0,,0,
"129","PINK MOUNTAIN","2023081704",0,12.2,60,6.2,0,12,87.2,3.923,10.099,,,,,,,,,0,0,,0,0,0,0,0,,0,0,,0,
"129","PINK MOUNTAIN","2023081705",0,10.5,68,6.2,244,11.4,86.951,3.786,9.803,,,,,,,,,0,0,,0,0,0,0,0,,0,0,,0,
"129","PINK MOUNTAIN","2023081706",0,8.8,82,0,352,9.1,86.561,2.621,7.107,,,,,,,,,0,0,,0,0,0,0,0,,0,0,,0,
"129","PINK MOUNTAIN","2023081707",0,12.5,62,0,299,5.6,86.544,2.615,7.091,,,,,,,,,0,0,,0,0,0,0,0,,0,0,,0,
"129","PINK MOUNTAIN","2023081708",0,19.3,36,0,57,0,86.877,2.741,7.402,,,,,,,,,0,0,,0,0,0,0,0,,0,0,,0,
"129","PINK MOUNTAIN","2023081709",0,18.6,39,9.4,206,16,87.219,4.622,11.556,,,,,,,,,0,0,,0,0,0,0,0,,0,0,,0,
"129","PINK MOUNTAIN","2023081710",0,18.2,35,11.3,249,24.1,87.623,5.388,13.061,,,,,,,,,0,0,,0,0,0,0,0,,0,0,,0,
"129","PINK MOUNTAIN","2023081711",0,17.7,31,12.2,297,23.5,88.078,6.017,14.237,,,,,,,,,0,0,,0,0,0,0,0,,0,0,,0,
"129","PINK MOUNTAIN","2023081712",0,19.5,29,20.5,274,29.8,88.652,9.926,20.68,0,91.53,14.983,28.987,28.087,437.24,48.402,4,0,0,,0,0,0,0,0,,0,0,,0,
"129","PINK MOUNTAIN","2023081713",0,18.5,28,14.3,288,32.1,89.097,7.742,18.173,,,,,,,,,0,0,,0,0,0,0,0,,0,0,,0,
"129","PINK MOUNTAIN","2023081714",0,17.7,27,16.4,301,29.2,89.489,9.104,20.454,,,,,,,,,0,0,,0,0,0,0,0,,0,0,,0,
"129","PINK MOUNTAIN","2023081715",0,18.6,26,19,286,33.3,89.9,11.009,23.419,,,,,,,,,0,0,,0,0,0,0,0,,0,0,,0,
"129","PINK MOUNTAIN","2023081716",0,16.4,41,12.5,336,33.9,89.943,7.984,18.589,,,,,,,,,0,0,,0,0,0,0,0,,0,0,,0,
"129","PINK MOUNTAIN","2023081717",0,14,60,7.4,27,28.1,89.572,5.855,14.726,,,,,,,,,0,0,,0,0,0,0,0,,0,0,,0,
"129","PINK MOUNTAIN","2023081718",0,12.7,61,8.4,23,24.1,89.207,5.843,14.703,,,,,,,,,0,0,,0,0,0,0,0,,0,0,,0,
"129","PINK MOUNTAIN","2023081719",0,10.2,68,6.7,347,24.1,88.743,5.018,13.06,,,,,,,,,0,0,,0,0,0,0,0,,0,0,,0,
"129","PINK MOUNTAIN","2023081720",0,8.8,76,2.8,321,16,88.214,3.821,10.483,,,,,,,,,0,0,,0,0,0,0,0,,0,0,,0,
"129","PINK MOUNTAIN","2023081721",0,4.5,89,0,262,9.1,87.584,3.032,8.617,,,,,,,,,0,0,,0,0,0,0,0,,0,0,,0,
"129","PINK MOUNTAIN","2023081722",0,1.6,96,1.6,335,7.4,86.62,2.865,8.202,,,,,,,,,0,0,,0,0,0,0,0,,0,0,,0,
"129","PINK MOUNTAIN","2023081723",0,3,97,1.8,231,5.6,85.637,2.52,7.316,,,,,,,,,0,0,,0,0,0,0,0,,0,0,,0,
"131","MUSKWA","2023081700",0,18.3,32,12.3,246,28.3,90.707,8.815,18.637,,,,,,,,,,,,,,,,,,,,5512.2,,
"131","MUSKWA","2023081701",0,17.8,34,14.1,240,27.5,90.757,9.721,20.016,,,,,,,,,,,,,,,,,,,,5512.2,,
"131","MUSKWA","2023081702",0,16.1,40,15.1,243,26,90.716,10.165,20.671,,,,,,,,,,,,,,,,,,,,5512.2,,
"131","MUSKWA","2023081703",0,15.1,39,14.5,235,24.9,90.686,9.82,20.162,,,,,,,,,,,,,,,,,,,,5512.2,,
"131","MUSKWA","2023081704",0,15.8,37,25.5,251,39.1,90.709,17.149,29.774,,,,,,,,,,,,,,,,,,,,5512.2,,
"131","MUSKWA","2023081705",0,15.5,39,20.4,244,41.4,90.68,13.208,24.885,,,,,,,,,,,,,,,,,,,,5512.2,,
"131","MUSKWA","2023081706",0,13.8,48,20.5,236,34.9,90.418,12.787,24.329,,,,,,,,,,,,,,,,,,,,5512.2,,
"131","MUSKWA","2023081707",0,16.4,37,18.1,238,33.2,90.467,11.411,22.453,,,,,,,,,,,,,,,,,,,,5512.2,,
"131","MUSKWA","2023081708",0,18.1,30,15.4,241,30.3,90.563,10.097,20.571,,,,,,,,,,,,,,,,,,,,5512.2,,
"131","MUSKWA","2023081709",0,18.6,28,18.1,230,33.4,90.728,11.844,23.052,,,,,,,,,,,,,,,,,,,,5512.2,,
"131","MUSKWA","2023081710",0,19,25,21,231,35.7,90.994,14.237,26.216,,,,,,,,,,,,,,,,,,,,5512.2,,
"131","MUSKWA","2023081711",0,19.6,27,19.7,235,35.3,91.157,13.648,25.46,,,,,,,,,,,,,,,,,,,,5512.2,,
"131","MUSKWA","2023081712",0,20.2,22,16.6,234,38.2,91.5,12.258,23.618,0,92.464,14.048,27.168,31.774,214.48,46.373,4,,,,,,,,,,,,5512.2,,
"131","MUSKWA","2023081713",0,18.2,37,15.3,332,37.1,91.475,11.44,23.552,,,,,,,,,,,,,,,,,,,,5512.2,,
"131","MUSKWA","2023081714",0,16.1,45,9.9,71,26.4,91.258,8.45,18.952,,,,,,,,,,,,,,,,,,,,5512.2,,
"131","MUSKWA","2023081715",0,15,51,9.3,70,23.1,90.926,7.82,17.901,,,,,,,,,,,,,,,,,,,,5512.2,,
"131","MUSKWA","2023081716",0,13.5,59,2.7,134,16.8,90.534,5.302,13.318,,,,,,,,,,,,,,,,,,,,5512.2,,
"131","MUSKWA","2023081717",0,12.2,66,9.9,25,14.2,89.925,6.985,16.456,,,,,,,,,,,,,,,,,,,,5512.2,,
"131","MUSKWA","2023081718",0,14.3,58,5.1,33,11.8,89.624,5.252,13.219,,,,,,,,,,,,,,,,,,,,5512.2,,
"131","MUSKWA","2023081719",0.4,9.8,89,6.2,32,15.4,79.728,1.511,4.302,,,,,,,,,,,,,,,,,,,,5512.6,,
"131","MUSKWA","2023081720",0,8.8,96,6.3,46,9.5,79.295,1.455,4.129,,,,,,,,,,,,,,,,,,,,5512.6,,
"131","MUSKWA","2023081721",1.4,8.7,93,4.8,254,15.7,54.327,0.334,0.533,,,,,,,,,,,,,,,,,,,,5514,,
"131","MUSKWA","2023081722",0,8.1,97,0,175,12.5,54.425,0.265,0.422,,,,,,,,,,,,,,,,,,,,5514,,
"131","MUSKWA","2023081723",0.2,8.2,78,8.2,10,27.1,53.043,0.349,0.557,,,,,,,,,,,,,,,,,,,,5514.2,,
"132","HUDSON HOPE","2023081700",0,14.3,73,2.3,70,7.4,89.903,4.748,15.262,,,,,,,,,,,,,,,,,,,,,,
"132","HUDSON HOPE","2023081701",0,12.9,76,2.1,218,9.1,89.249,4.279,14.091,,,,,,,,,,,,,,,,,,,,,,
"132","HUDSON HOPE","2023081702",0,13.1,73,3.6,287,10.8,88.705,4.269,14.063,,,,,,,,,,,,,,,,,,,,,,
"132","HUDSON HOPE","2023081703",0,14.2,65,2.4,222,14.3,88.422,3.858,12.993,,,,,,,,,,,,,,,,,,,,,,
"132","HUDSON HOPE","2023081704",0,12.5,74,3.3,277,6.8,87.95,3.773,12.767,,,,,,,,,,,,,,,,,,,,,,
"132","HUDSON HOPE","2023081705",0,12.8,65,4.5,236,12,87.712,3.874,13.035,,,,,,,,,,,,,,,,,,,,,,
"132","HUDSON HOPE","2023081706",0,12.4,76,2.7,337,7.4,87.278,3.325,11.538,,,,,,,,,,,,,,,,,,,,,,
"132","HUDSON HOPE","2023081707",0,14.6,70,7.6,247,10.8,86.994,4.088,13.597,,,,,,,,,,,,,,,,,,,,,,
"132","HUDSON HOPE","2023081708",0,17.3,52,6.9,244,17.7,87.042,3.973,13.298,,,,,,,,,,,,,,,,,,,,,,
"132","HUDSON HOPE","2023081709",0,19.5,43,6,220,13.1,87.271,3.923,13.166,,,,,,,,,,,,,,,,,,,,,,
"132","HUDSON HOPE","2023081710",0,21.9,33,10.4,247,22.9,87.869,5.333,16.666,,,,,,,,,,,,,,,,,,,,,,
"132","HUDSON HOPE","2023081711",0,23.7,26,12.9,257,30.4,88.746,6.86,20.061,,,,,,,,,,,,,,,,,,,,,,
"132","HUDSON HOPE","2023081712",0,25,23,12.9,296,33.9,89.67,7.834,22.067,0,93.405,13.301,33.13,44.938,568.054,75.036,5,,,,,,,,,,,,,,
"132","HUDSON HOPE","2023081713",0,25.6,19,13.6,292,28.7,90.653,9.34,26.065,,,,,,,,,,,,,,,,,,,,,,
"132","HUDSON HOPE","2023081714",0,25.6,17,16,276,33.3,91.572,12.014,30.949,,,,,,,,,,,,,,,,,,,,,,
"132","HUDSON HOPE","2023081715",0,25.9,18,11.8,301,32.7,92.24,10.687,28.591,,,,,,,,,,,,,,,,,,,,,,
"132","HUDSON HOPE","2023081716",0,24.8,19,9.6,305,24.1,92.672,10.165,27.629,,,,,,,,,,,,,,,,,,,,,,
"132","HUDSON HOPE","2023081717",0,22.3,22,13.1,303,26.9,92.82,12.381,31.58,,,,,,,,,,,,,,,,,,,,,,
"132","HUDSON HOPE","2023081718",0,21.3,25,10,305,22.3,92.87,10.665,28.551,,,,,,,,,,,,,,,,,,,,,,
"132","HUDSON HOPE","2023081719",0,19.7,27,12.5,291,25.8,92.92,12.182,31.24,,,,,,,,,,,,,,,,,,,,,,
"132","HUDSON HOPE","2023081720",0,17.6,42,6.1,29,20,92.653,8.499,24.409,,,,,,,,,,,,,,,,,,,,,,
"132","HUDSON HOPE","2023081721",0,16,46,9.5,36,20.6,92.281,9.573,26.512,,,,,,,,,,,,,,,,,,,,,,
"132","HUDSON HOPE","2023081722",0,14.4,52,8.9,41,25.2,91.811,8.69,24.791,,,,,,,,,,,,,,,,,,,,,,
"132","HUDSON HOPE","2023081723",0,13.3,55,4.1,18,19.5,91.389,6.427,20.006,,,,,,,,,,,,,,,,,,,,,,
"136","WONOWON","2023081700",0,17.1,50,19.3,241,30.4,89.532,10.602,25.832,,,,,,,,,,,,,,,,,,,,,,
"136","WONOWON","2023081701",0,16.9,50,20,243,29.8,89.419,10.806,26.175,,,,,,,,,,,,,,,,,,,,,,
"136","WONOWON","2023081702",0,16.6,51,22.8,239,31,89.285,12.208,28.461,,,,,,,,,,,,,,,,,,,,,,
"136","WONOWON","2023081703",0,16.2,51,17.8,260,30.4,89.173,9.337,23.64,,,,,,,,,,,,,,,,,,,,,,
"136","WONOWON","2023081704",0,15.8,49,14.5,252,25.8,89.121,7.847,20.892,,,,,,,,,,,,,,,,,,,,,,
"136","WONOWON","2023081705",0,15.4,45,15.1,262,25.8,89.153,8.126,21.42,,,,,,,,,,,,,,,,,,,,,,
"136","WONOWON","2023081706",0,15.1,47,11.6,252,20,89.137,6.797,18.822,,,,,,,,,,,,,,,,,,,,,,
"136","WONOWON","2023081707",0,15.4,48,10.7,251,15.4,89.109,6.469,18.151,,,,,,,,,,,,,,,,,,,,,,
"136","WONOWON","2023081708",0,15.7,49,13.1,275,20.6,89.065,7.255,19.739,,,,,,,,,,,,,,,,,,,,,,
"136","WONOWON","2023081709",0,18.4,39,16.1,279,26.4,89.114,8.498,22.116,,,,,,,,,,,,,,,,,,,,,,
"136","WONOWON","2023081710",0,19.3,36,14.9,296,32.1,89.264,8.173,21.51,,,,,,,,,,,,,,,,,,,,,,
"136","WONOWON","2023081711",0,19.7,31,19.4,288,31.6,89.575,10.721,26.033,,,,,,,,,,,,,,,,,,,,,,
"136","WONOWON","2023081712",0,20.4,23,18.3,260,35,90.16,11.031,26.551,0,92.453,15.281,34.405,39.429,563.582,67.118,4,,,,,,,,,,,,,,
"136","WONOWON","2023081713",0,21.9,19,21.6,256,37.3,90.912,14.505,33.235,,,,,,,,,,,,,,,,,,,,,,
"136","WONOWON","2023081714",0,21.7,22,21.4,318,36.2,91.377,15.341,34.494,,,,,,,,,,,,,,,,,,,,,,
"136","WONOWON","2023081715",0,22.6,20,16.1,283,35,91.862,12.582,30.214,,,,,,,,,,,,,,,,,,,,,,
"136","WONOWON","2023081716",0,21,21,19.6,302,33.9,92.164,15.663,34.97,,,,,,,,,,,,,,,,,,,,,,
"136","WONOWON","2023081717",0,15.8,46,20.3,29,32.7,91.778,15.364,34.527,,,,,,,,,,,,,,,,,,,,,,
"136","WONOWON","2023081718",0,14.4,50,18.7,35,35.6,91.338,13.316,31.389,,,,,,,,,,,,,,,,,,,,,,
"136","WONOWON","2023081719",0,12.7,55,22.8,23,36.2,90.796,15.155,34.216,,,,,,,,,,,,,,,,,,,,,,
"136","WONOWON","2023081720",0,10.4,61,22.9,27,39,90.17,13.929,32.349,,,,,,,,,,,,,,,,,,,,,,
"136","WONOWON","2023081721",0,9.5,66,12.6,27,28.7,89.584,7.621,21.324,,,,,,,,,,,,,,,,,,,,,,
"136","WONOWON","2023081722",0,9.1,67,11.2,348,18.9,89.056,6.584,19.183,,,,,,,,,,,,,,,,,,,,,,
"136","WONOWON","2023081723",0,9,65,15.3,1,21.2,88.6,7.582,21.245,,,,,,,,,,,,,,,,,,,,,,
"138","RED DEER","2023081700",0,20.4,42,13.9,0,42.5,90.027,8.671,17.547,,,,,,,,,,,,,,,,,,,,,,
"138","RED DEER","2023081701",0,20,43,17.5,0,45.9,90.076,10.469,20.146,,,,,,,,,,,,,,,,,,,,,,
"138","RED DEER","2023081702",0,19.5,46,18.7,0,40.2,90.04,11.064,20.965,,,,,,,,,,,,,,,,,,,,,,
"138","RED DEER","2023081703",0,17.8,52,9.9,0,31.6,89.855,6.915,14.792,,,,,,,,,,,,,,,,,,,,,,
"138","RED DEER","2023081704",0,16.4,55,7.8,0,15.4,89.619,6.014,13.273,,,,,,,,,,,,,,,,,,,,,,
"138","RED DEER","2023081705",0,15.8,50,9.7,0,17.7,89.503,6.509,14.118,,,,,,,,,,,,,,,,,,,,,,
"138","RED DEER","2023081706",0,15.3,55,5.5,0,14.9,89.312,5.125,11.686,,,,,,,,,,,,,,,,,,,,,,
"138","RED DEER","2023081707",0,15.2,53,6,0,18.9,89.177,5.155,11.742,,,,,,,,,,,,,,,,,,,,,,
"138","RED DEER","2023081708",0,18.3,40,7.9,0,19.5,89.226,5.713,12.746,,,,,,,,,,,,,,,,,,,,,,
"138","RED DEER","2023081709",0,19.1,28,21.8,0,39.6,89.636,12.206,22.488,,,,,,,,,,,,,,,,,,,,,,
"138","RED DEER","2023081710",0,19.6,27,18,0,34.4,90.021,10.651,20.398,,,,,,,,,,,,,,,,,,,,,,
"138","RED DEER","2023081711",0,20.5,27,15.5,0,39.6,90.368,9.868,19.299,,,,,,,,,,,,,,,,,,,,,,
"138","RED DEER","2023081712",0,21.3,25,20.7,0,40.2,90.784,13.609,24.281,0,91.991,16.156,28.931,26.746,285.138,43.331,4,,,,,,,,,,,,,,
"138","RED DEER","2023081713",0,21,26,20.3,0,40.2,91.072,13.897,26.092,,,,,,,,,,,,,,,,,,,,,,
"138","RED DEER","2023081714",0,20.8,25,21,0,39,91.343,14.962,27.453,,,,,,,,,,,,,,,,,,,,,,
"138","RED DEER","2023081715",0,20.5,23,22.4,0,46.5,91.64,16.748,29.647,,,,,,,,,,,,,,,,,,,,,,
"138","RED DEER","2023081716",0,20.8,29,17.7,0,39,91.69,13.31,25.322,,,,,,,,,,,,,,,,,,,,,,
"138","RED DEER","2023081717",0,19,32,20,0,35.6,91.74,15.052,27.566,,,,,,,,,,,,,,,,,,,,,,
"138","RED DEER","2023081718",0,16.9,35,8.5,0,26.9,91.721,8.409,18.232,,,,,,,,,,,,,,,,,,,,,,
"138","RED DEER","2023081719",0,15.9,38,8.7,0,23.5,91.63,8.386,18.195,,,,,,,,,,,,,,,,,,,,,,
"138","RED DEER","2023081720",0,14.5,44,4.7,0,19.5,91.44,6.673,15.331,,,,,,,,,,,,,,,,,,,,,,
"138","RED DEER","2023081721",0,13.3,45,3,0,11.4,91.258,5.968,14.07,,,,,,,,,,,,,,,,,,,,,,
"138","RED DEER","2023081722",0,12.5,41,1.9,0,9.7,91.161,5.569,13.331,,,,,,,,,,,,,,,,,,,,,,
"138","RED DEER","2023081723",0,12.2,41,2.5,0,9.1,91.064,5.661,13.503,,,,,,,,,,,,,,,,,,,,,,
"140","LEMORAY","2023081700",0,19.4,48,8.9,311,21.8,90.27,6.978,23.329,,,,,,,,,0,193.3,,0,0,0,0,0,,0,0,,0,
"140","LEMORAY","2023081701",0,18.4,50,7.5,319,24.6,90.121,6.366,21.859,,,,,,,,,0,193.3,,0,0,0,0,0,,0,0,,0,
"140","LEMORAY","2023081702",0,18.1,48,7.9,305,18.3,90.028,6.409,21.966,,,,,,,,,0,193.3,,0,0,0,0,0,,0,0,,0,
"140","LEMORAY","2023081703",0,16.6,53,6.7,322,17.2,89.825,5.86,20.6,,,,,,,,,0,193.3,,0,0,0,0,0,,0,0,,0,
"140","LEMORAY","2023081704",0,16.7,54,8.2,323,25.8,89.616,6.134,21.286,,,,,,,,,0,193.3,,0,0,0,0,0,,0,0,,0,
"140","LEMORAY","2023081705",0,16.8,54,9,334,21.8,89.429,6.217,21.493,,,,,,,,,0,193.3,,0,0,0,0,0,,0,0,,0,
"140","LEMORAY","2023081706",0,16.6,58,6.7,259,21.8,89.187,5.348,19.277,,,,,,,,,0,193.3,,0,0,0,0,0,,0,0,,0,
"140","LEMORAY","2023081707",0,17.7,51,7.3,299,19.5,89.136,5.471,19.601,,,,,,,,,0,193.3,,0,0,0,0,0,,0,0,,0,
"140","LEMORAY","2023081708",0,19.1,47,10.9,258,21.8,89.185,6.606,22.443,,,,,,,,,0,193.3,,0,0,0,0,0,,0,0,,0,
"140","LEMORAY","2023081709",0,18.6,46,11.2,271,25.8,89.234,6.754,22.798,,,,,,,,,0,193.3,,0,0,0,0,0,,0,0,,0,
"140","LEMORAY","2023081710",0,21.5,35,14.1,261,28.1,89.463,8.078,25.842,,,,,,,,,0,193.3,,0,0,0,0,0,,0,0,,0,
"140","LEMORAY","2023081711",0,22.5,28,16.3,253,33.3,89.951,9.679,29.254,,,,,,,,,0,193.3,,0,0,0,0,0,,0,0,,0,
"140","LEMORAY","2023081712",0,23.5,27,16.1,242,32.7,90.435,10.27,30.45,0,92.192,13.183,36.859,60.988,527.33,94.619,5,0,193.3,,0,0,0,0,0,,0,0,,0,
"140","LEMORAY","2023081713",0,23.9,20,17.5,264,36.2,91.166,12.231,35.087,,,,,,,,,0,193.3,,0,0,0,0,0,,0,0,,0,
"140","LEMORAY","2023081714",0,24,23,17.9,248,37.9,91.626,13.324,37.116,,,,,,,,,0,193.3,,0,0,0,0,0,,0,0,,0,
"140","LEMORAY","2023081715",0,23.7,22,13.9,275,37.9,92.014,11.506,33.698,,,,,,,,,0,193.3,,0,0,0,0,0,,0,0,,0,
"140","LEMORAY","2023081716",0,22.5,18,17.6,280,38.5,92.478,14.802,39.747,,,,,,,,,0,193.3,,0,0,0,0,0,,0,0,,0,
"140","LEMORAY","2023081717",0,21.5,19,13.1,258,37.3,92.759,12.274,35.169,,,,,,,,,0,193.3,,0,0,0,0,0,,0,0,,0,
"140","LEMORAY","2023081718",0,20,25,8.1,291,28.1,92.809,9.609,29.864,,,,,,,,,0,193.3,,0,0,0,0,0,,0,0,,0,
"140","LEMORAY","2023081719",0,18.2,32,5.3,312,29.8,92.772,8.301,27.028,,,,,,,,,0,193.3,,0,0,0,0,0,,0,0,,0,
"140","LEMORAY","2023081720",0,15.5,39,4.9,329,11.4,92.58,7.918,26.163,,,,,,,,,0,193.3,,0,0,0,0,0,,0,0,,0,
"140","LEMORAY","2023081721",0,14.5,38,6.3,18,13.1,92.406,8.292,27.008,,,,,,,,,0,193.3,,0,0,0,0,0,,0,0,,0,
"140","LEMORAY","2023081722",0,15.9,45,11.1,112,24.1,92.073,10.076,30.836,,,,,,,,,0,193.3,,0,0,0,0,0,,0,0,,0,
"140","LEMORAY","2023081723",0,14.5,48,8.1,93,25.2,91.726,8.247,26.907,,,,,,,,,0,193.3,,0,0,0,0,0,,0,0,,0,
"141","MANSON","2023081700",0,15.5,57,9.4,267,23.9,88.304,5.398,14.398,,,,,,,,,,,,,,,,,,,,6140.6,,
"141","MANSON","2023081701",0,15.9,55,8.1,280,24.2,88.243,5.011,13.59,,,,,,,,,,,,,,,,,,,,6140.6,,
"141","MANSON","2023081702",0,15,60,5.3,286,16.1,88.087,4.256,11.94,,,,,,,,,,,,,,,,,,,,6140.6,,
"141","MANSON","2023081703",0,13.8,61,5.9,285,17.6,87.912,4.278,11.99,,,,,,,,,,,,,,,,,,,,6140.6,,
"141","MANSON","2023081704",0,14.5,58,6.4,296,21.5,87.821,4.33,12.107,,,,,,,,,,,,,,,,,,,,6140.6,,
"141","MANSON","2023081705",0,13.5,64,4.5,284,14.4,87.622,3.824,10.948,,,,,,,,,,,,,,,,,,,,6140.6,,
"141","MANSON","2023081706",0,13,62,6.2,294,14,87.468,4.075,11.53,,,,,,,,,,,,,,,,,,,,6140.6,,
"141","MANSON","2023081707",0,13.2,57,5.9,296,14.8,87.426,3.991,11.335,,,,,,,,,,,,,,,,,,,,6140.6,,
"141","MANSON","2023081708",0,14.4,54,5.1,296,13.8,87.46,3.851,11.011,,,,,,,,,,,,,,,,,,,,6140.6,,
"141","MANSON","2023081709",0,17.6,42,6.3,345,15.3,87.616,4.184,11.777,,,,,,,,,,,,,,,,,,,,6140.6,,
"141","MANSON","2023081710",0,19.8,28,4.7,245,15.6,88.173,4.18,11.768,,,,,,,,,,,,,,,,,,,,6140.6,,
"141","MANSON","2023081711",0,20.2,25,10.5,261,22.1,88.836,6.158,15.923,,,,,,,,,,,,,,,,,,,,6140.6,,
"141","MANSON","2023081712",0,21.7,24,8.3,257,28.7,89.481,6.046,15.703,0,92.217,8.93,22.033,33.583,497.817,57.474,4,,,,,,,,,,,,6140.6,,
"141","MANSON","2023081713",0,21.8,22,11.3,256,26.2,90.136,7.726,19.854,,,,,,,,,,,,,,,,,,,,6140.6,,
"141","MANSON","2023081714",0,21,24,5.2,196,23.1,90.531,6.011,16.497,,,,,,,,,,,,,,,,,,,,6140.6,,
"141","MANSON","2023081715",0,18.2,28,7,268,18.6,90.672,6.716,17.918,,,,,,,,,,,,,,,,,,,,6140.6,,
"141","MANSON","2023081716",0,17.4,29,6,280,17.1,90.746,6.454,17.397,,,,,,,,,,,,,,,,,,,,6140.6,,
"141","MANSON","2023081717",0,17.2,26,6.2,308,18.2,90.89,6.655,17.797,,,,,,,,,,,,,,,,,,,,6140.6,,
"141","MANSON","2023081718",0,16.3,33,4.6,304,16.7,90.94,6.183,16.848,,,,,,,,,,,,,,,,,,,,6140.6,,
"141","MANSON","2023081719",0,13.7,44,1.8,328,9.1,90.831,5.286,14.964,,,,,,,,,,,,,,,,,,,,6140.6,,
"141","MANSON","2023081720",0,11.8,47,0.6,356,12.7,90.692,4.879,14.067,,,,,,,,,,,,,,,,,,,,6140.6,,
"141","MANSON","2023081721",0,12.4,45,1.9,22,12.2,90.576,5.123,14.609,,,,,,,,,,,,,,,,,,,,6140.6,,
"141","MANSON","2023081722",0,10.8,58,0,311,15.2,90.332,4.496,13.198,,,,,,,,,,,,,,,,,,,,6140.6,,
"141","MANSON","2023081723",0,9.9,61,0,335,0,90.061,4.325,12.8,,,,,,,,,,,,,,,,,,,,6140.6,,
"144","TABLE RIVER","2023081700",0,13.2,87,0,52,0,86.487,2.594,6.262,,,,,,,,,,,,,,,,,,,,,,
"144","TABLE RIVER","2023081701",0,12.8,91,0,258,0,85.82,2.361,5.722,,,,,,,,,,,,,,,,,,,,,,
"144","TABLE RIVER","2023081702",0,12.2,92,0,338,2.8,85.176,2.159,5.238,,,,,,,,,,,,,,,,,,,,,,
"144","TABLE RIVER","2023081703",0,11.4,95,1.9,146,3.3,84.282,2.103,5.102,,,,,,,,,,,,,,,,,,,,,,
"144","TABLE RIVER","2023081704",0,11.7,92,2.4,163,9.1,83.648,1.982,4.803,,,,,,,,,,,,,,,,,,,,,,
"144","TABLE RIVER","2023081705",0,10.6,95,4,29,6.8,82.871,1.943,4.705,,,,,,,,,,,,,,,,,,,,,,
"144","TABLE RIVER","2023081706",0,10.2,95,5.2,18,6.8,82.162,1.889,4.569,,,,,,,,,,,,,,,,,,,,,,
"144","TABLE RIVER","2023081707",0,11.6,89,4.3,11,7.9,81.88,1.745,4.197,,,,,,,,,,,,,,,,,,,,,,
"144","TABLE RIVER","2023081708",0,15.6,81,2.2,359,5.1,81.927,1.579,3.757,,,,,,,,,,,,,,,,,,,,,,
"144","TABLE RIVER","2023081709",0,19.1,58,9.2,231,17.2,82.419,2.386,5.78,,,,,,,,,,,,,,,,,,,,,,
"144","TABLE RIVER","2023081710",0,19.2,58,9.6,236,21.2,82.863,2.574,6.217,,,,,,,,,,,,,,,,,,,,,,
"144","TABLE RIVER","2023081711",0,17.8,63,9.3,235,21.2,83.109,2.616,6.313,,,,,,,,,,,,,,,,,,,,,,
"144","TABLE RIVER","2023081712",0,21.5,44,9.2,226,21.2,83.925,2.896,6.941,0,88.627,5.597,12.889,23.858,333.145,40.47,3,,,,,,,,,,,,,,
"144","TABLE RIVER","2023081713",0,22.1,40,9.2,236,20.6,84.781,3.251,8.205,,,,,,,,,,,,,,,,,,,,,,
"144","TABLE RIVER","2023081714",0,23.5,27,9.8,220,24.6,86.061,4.002,9.809,,,,,,,,,,,,,,,,,,,,,,
"144","TABLE RIVER","2023081715",0,23.6,22,12.8,234,29.8,87.406,5.633,12.955,,,,,,,,,,,,,,,,,,,,,,
"144","TABLE RIVER","2023081716",0,22.3,25,8.6,249,31,88.264,5.155,12.072,,,,,,,,,,,,,,,,,,,,,,
"144","TABLE RIVER","2023081717",0,20.7,33,5.5,232,21.2,88.63,4.647,11.101,,,,,,,,,,,,,,,,,,,,,,
"144","TABLE RIVER","2023081718",0,19.4,36,3.3,301,13.1,88.818,4.273,10.36,,,,,,,,,,,,,,,,,,,,,,
"144","TABLE RIVER","2023081719",0,18.1,36,3.8,328,12,88.955,4.469,10.752,,,,,,,,,,,,,,,,,,,,,,
"144","TABLE RIVER","2023081720",0,15,54,0,301,9.7,88.894,3.658,9.089,,,,,,,,,,,,,,,,,,,,,,
"144","TABLE RIVER","2023081721",0,13.3,57,0,123,5.1,88.785,3.602,8.968,,,,,,,,,,,,,,,,,,,,,,
"144","TABLE RIVER","2023081722",0,11.5,64,0,235,5.1,88.577,3.496,8.741,,,,,,,,,,,,,,,,,,,,,,
"144","TABLE RIVER","2023081723",0,10.3,70,0,310,5.6,88.29,3.354,8.433,,,,,,,,,,,,,,,,,,,,,,
"145","INGENIKA POINT","2023081700",0,13.7,62,6.6,275,18.9,84.337,2.685,5.001,,,,,,,,,0,193.3,,0,0,0,0,0,,0,0,,0,
"145","INGENIKA POINT","2023081701",0,13.4,71,3.5,287,14.9,84.367,2.306,4.265,,,,,,,,,0,193.3,,0,0,0,0,0,,0,0,,0,
"145","INGENIKA POINT","2023081702",0,12.4,72,2.5,342,15.4,84.361,2.191,4.035,,,,,,,,,0,193.3,,0,0,0,0,0,,0,0,,0,
"145","INGENIKA POINT","2023081703",0,11.5,79,4.9,331,11.4,84.177,2.412,4.475,,,,,,,,,0,193.3,,0,0,0,0,0,,0,0,,0,
"145","INGENIKA POINT","2023081704",0,9.2,84,5.3,333,9.1,83.849,2.356,4.364,,,,,,,,,0,193.3,,0,0,0,0,0,,0,0,,0,
"145","INGENIKA POINT","2023081705",0,7,88,3.3,351,8.5,83.441,2.019,3.681,,,,,,,,,0,193.3,,0,0,0,0,0,,0,0,,0,
"145","INGENIKA POINT","2023081706",0,6.5,90,2.8,325,7.9,83.004,1.86,3.347,,,,,,,,,0,193.3,,0,0,0,0,0,,0,0,,0,
"145","INGENIKA POINT","2023081707",0,9.1,85,4.3,142,12.5,82.772,1.948,3.533,,,,,,,,,0,193.3,,0,0,0,0,0,,0,0,,0,
"145","INGENIKA POINT","2023081708",0,13.9,60,6.9,107,12,82.987,2.282,4.218,,,,,,,,,0,193.3,,0,0,0,0,0,,0,0,,0,
"145","INGENIKA POINT","2023081709",0,17,39,9.1,334,24.1,83.75,2.816,5.247,,,,,,,,,0,193.3,,0,0,0,0,0,,0,0,,0,
"145","INGENIKA POINT","2023081710",0,20.1,29,8.7,15,18.3,84.87,3.209,5.964,,,,,,,,,0,193.3,,0,0,0,0,0,,0,0,,0,
"145","INGENIKA POINT","2023081711",0,19.4,32,9.1,342,18.3,85.71,3.678,6.783,,,,,,,,,0,193.3,,0,0,0,0,0,,0,0,,0,
"145","INGENIKA POINT","2023081712",0,17.9,40,2.8,145,17.7,86.087,2.823,5.26,0,86.293,2.906,5.919,16.375,262.264,28.329,2,0,193.3,,0,0,0,0,0,,0,0,,0,
"145","INGENIKA POINT","2023081713",0,17.7,40,6.3,338,13.1,86.453,3.546,7.132,,,,,,,,,0,193.3,,0,0,0,0,0,,0,0,,0,
"145","INGENIKA POINT","2023081714",0,17.9,35,10.8,342,25.2,86.946,4.77,9.262,,,,,,,,,0,193.3,,0,0,0,0,0,,0,0,,0,
"145","INGENIKA POINT","2023081715",0,17,41,8.9,342,24.6,87.18,4.482,8.779,,,,,,,,,0,193.3,,0,0,0,0,0,,0,0,,0,
"145","INGENIKA POINT","2023081716",0,16.6,48,5.1,336,16,87.228,3.726,7.46,,,,,,,,,0,193.3,,0,0,0,0,0,,0,0,,0,
"145","INGENIKA POINT","2023081717",0,16.3,40,7.7,335,17.2,87.43,4.372,8.592,,,,,,,,,0,193.3,,0,0,0,0,0,,0,0,,0,
"145","INGENIKA POINT","2023081718",0,14.7,46,6.8,324,23.5,87.479,4.207,8.309,,,,,,,,,0,193.3,,0,0,0,0,0,,0,0,,0,
"145","INGENIKA POINT","2023081719",0,11.2,63,3.2,285,16,87.324,3.432,6.923,,,,,,,,,0,193.3,,0,0,0,0,0,,0,0,,0,
"145","INGENIKA POINT","2023081720",0,8.1,81,3.6,304,8.5,86.793,3.247,6.576,,,,,,,,,0,193.3,,0,0,0,0,0,,0,0,,0,
"145","INGENIKA POINT","2023081721",0,5.9,85,3.4,282,7.9,86.214,2.962,6.029,,,,,,,,,0,193.3,,0,0,0,0,0,,0,0,,0,
"145","INGENIKA POINT","2023081722",0,6.6,82,5.2,321,13.7,85.744,3.036,6.173,,,,,,,,,0,193.3,,0,0,0,0,0,,0,0,,0,
"145","INGENIKA POINT","2023081723",0,7.9,76,6,306,21.8,85.461,3.039,6.178,,,,,,,,,0,193.3,,0,0,0,0,0,,0,0,,0,
"146","FORT ST JAMES","2023081700",0,14.5,82,4.6,326,6.8,88.122,4.129,14.579,,,,,,,,,,,,,,,,,,,,,,
"146","FORT ST JAMES","2023081701",0,14.3,81,5.3,262,11.4,87.436,3.877,13.886,,,,,,,,,,,,,,,,,,,,,,
"146","FORT ST JAMES","2023081702",0,17.2,61,6.9,284,17.2,87.376,4.167,14.682,,,,,,,,,,,,,,,,,,,,,,
"146","FORT ST JAMES","2023081703",0,14.4,75,4.2,314,13.7,86.984,3.439,12.637,,,,,,,,,,,,,,,,,,,,,,
"146","FORT ST JAMES","2023081704",0,13.5,75,5,258,8.5,86.624,3.402,12.53,,,,,,,,,,,,,,,,,,,,,,
"146","FORT ST JAMES","2023081705",0,11.1,88,4.5,158,10.8,85.88,2.987,11.285,,,,,,,,,,,,,,,,,,,,,,
"146","FORT ST JAMES","2023081706",0,11.8,90,3.7,228,6.8,85.137,2.587,10.025,,,,,,,,,,,,,,,,,,,,,,
"146","FORT ST JAMES","2023081707",0,13.3,89,2.9,228,6.2,84.538,2.29,9.039,,,,,,,,,,,,,,,,,,,,,,
"146","FORT ST JAMES","2023081708",0,16.6,64,3.2,271,6.2,84.586,2.34,9.208,,,,,,,,,,,,,,,,,,,,,,
"146","FORT ST JAMES","2023081709",0,17.8,64,4.4,314,7.9,84.634,2.502,9.747,,,,,,,,,,,,,,,,,,,,,,
"146","FORT ST JAMES","2023081710",0,20.6,52,12.2,338,22.3,85.017,3.906,13.966,,,,,,,,,,,,,,,,,,,,,,
"146","FORT ST JAMES","2023081711",0,21.7,39,14.5,348,22.9,85.791,4.883,16.562,,,,,,,,,,,,,,,,,,,,,,
"146","FORT ST JAMES","2023081712",0,22.6,34,18,352,28.1,86.7,6.621,20.716,0,91.398,12.964,33.97,47.809,708.607,81.818,5,,,,,,,,,,,,,,
"146","FORT ST JAMES","2023081713",0,23.8,29,16.8,354,30.4,87.707,7.195,22.699,,,,,,,,,,,,,,,,,,,,,,
"146","FORT ST JAMES","2023081714",0,23.9,30,22.1,356,37.9,88.542,10.592,29.669,,,,,,,,,,,,,,,,,,,,,,
"146","FORT ST JAMES","2023081715",0,22.4,27,17,337,33.9,89.23,9.042,26.629,,,,,,,,,,,,,,,,,,,,,,
"146","FORT ST JAMES","2023081716",0,22.8,27,18.9,348,30.4,89.828,10.841,30.139,,,,,,,,,,,,,,,,,,,,,,
"146","FORT ST JAMES","2023081717",0,20.4,33,14,350,31,89.992,8.67,25.867,,,,,,,,,,,,,,,,,,,,,,
"146","FORT ST JAMES","2023081718",0,19.6,35,14.1,334,27.5,90.045,8.781,26.096,,,,,,,,,,,,,,,,,,,,,,
"146","FORT ST JAMES","2023081719",0,18.7,35,10,337,22.9,90.094,7.193,22.694,,,,,,,,,,,,,,,,,,,,,,
"146","FORT ST JAMES","2023081720",0,17.7,36,9.4,331,21.8,90.143,7.028,22.323,,,,,,,,,,,,,,,,,,,,,,
"146","FORT ST JAMES","2023081721",0,15.8,41,7.4,295,14.3,90.153,6.363,20.793,,,,,,,,,,,,,,,,,,,,,,
"146","FORT ST JAMES","2023081722",0,15.8,40,14.4,330,26.9,90.177,9.085,26.715,,,,,,,,,,,,,,,,,,,,,,
"146","FORT ST JAMES","2023081723",0,14.7,45,15.2,336,26.9,90.073,9.318,27.186,,,,,,,,,,,,,,,,,,,,,,
"148","BLACKPINE","2023081700",0,13.8,55,3.9,281,13.1,87.279,3.533,14.02,,,,,,,,,0,193.3,,0,0,0,0,0,,0,0,,0,
"148","BLACKPINE","2023081701",0,13.6,55,9.2,0,16.6,87.295,4.625,17.206,,,,,,,,,0,193.3,,0,0,0,0,0,,0,0,,0,
"148","BLACKPINE","2023081702",0,13.3,54,8.4,0,18.3,87.323,4.46,16.745,,,,,,,,,0,193.3,,0,0,0,0,0,,0,0,,0,
"148","BLACKPINE","2023081703",0,12.9,53,10.1,0,17.2,87.358,4.883,17.915,,,,,,,,,0,193.3,,0,0,0,0,0,,0,0,,0,
"148","BLACKPINE","2023081704",0,11.9,55,9.5,335,18.3,87.338,4.725,17.482,,,,,,,,,0,193.3,,0,0,0,0,0,,0,0,,0,
"148","BLACKPINE","2023081705",0,10.9,58,8,313,16.6,87.257,4.33,16.379,,,,,,,,,0,193.3,,0,0,0,0,0,,0,0,,0,
"148","BLACKPINE","2023081706",0,10.3,60,9.3,315,20,87.138,4.545,16.985,,,,,,,,,0,193.3,,0,0,0,0,0,,0,0,,0,
"148","BLACKPINE","2023081707",0,10.7,57,11.7,316,20,87.085,5.091,18.474,,,,,,,,,0,193.3,,0,0,0,0,0,,0,0,,0,
"148","BLACKPINE","2023081708",0,12.7,48,11.8,315,23.5,87.133,5.152,18.637,,,,,,,,,0,193.3,,0,0,0,0,0,,0,0,,0,
"148","BLACKPINE","2023081709",0,14.8,37,13.2,311,28.7,87.397,5.741,20.164,,,,,,,,,0,193.3,,0,0,0,0,0,,0,0,,0,
"148","BLACKPINE","2023081710",0,15.7,33,12.3,287,26.4,87.756,5.775,20.251,,,,,,,,,0,193.3,,0,0,0,0,0,,0,0,,0,
"148","BLACKPINE","2023081711",0,17.4,29,12.2,276,24.6,88.243,6.161,21.218,,,,,,,,,0,193.3,,0,0,0,0,0,,0,0,,0,
"148","BLACKPINE","2023081712",0,16.3,31,11.2,304,24.6,88.561,6.132,21.147,0,89.61,7.129,24.001,56.793,611.845,92.192,4,0,193.3,,0,0,0,0,0,,0,0,,0,
"148","BLACKPINE","2023081713",0,19.4,25,13.1,301,25.8,89.153,7.347,24.513,,,,,,,,,0,193.3,,0,0,0,0,0,,0,0,,0,
"148","BLACKPINE","2023081714",0,20.8,21,12.8,234,29.2,89.868,8.018,26.049,,,,,,,,,0,193.3,,0,0,0,0,0,,0,0,,0,
"148","BLACKPINE","2023081715",0,16.9,25,12.3,282,29.8,90.171,8.166,26.381,,,,,,,,,0,193.3,,0,0,0,0,0,,0,0,,0,
"148","BLACKPINE","2023081716",0,16.2,28,11.6,0,23.5,90.317,8.049,26.119,,,,,,,,,0,193.3,,0,0,0,0,0,,0,0,,0,
"148","BLACKPINE","2023081717",0,15.1,32,13.3,0,27.5,90.366,8.831,27.839,,,,,,,,,0,193.3,,0,0,0,0,0,,0,0,,0,
"148","BLACKPINE","2023081718",0,14.4,33,13,0,25.2,90.415,8.76,27.685,,,,,,,,,0,193.3,,0,0,0,0,0,,0,0,,0,
"148","BLACKPINE","2023081719",0,11.6,44,15.5,311,31.6,90.266,9.725,29.728,,,,,,,,,0,193.3,,0,0,0,0,0,,0,0,,0,
"148","BLACKPINE","2023081720",0,10.2,52,11.2,319,23.5,89.981,7.518,24.909,,,,,,,,,0,193.3,,0,0,0,0,0,,0,0,,0,
"148","BLACKPINE","2023081721",0,9,57,10.4,322,22.3,89.627,6.864,23.37,,,,,,,,,0,193.3,,0,0,0,0,0,,0,0,,0,
"148","BLACKPINE","2023081722",0,8,61,9.2,305,22.3,89.239,6.111,21.52,,,,,,,,,0,193.3,,0,0,0,0,0,,0,0,,0,
"148","BLACKPINE","2023081723",0,7.1,63,7.2,336,19.5,88.868,5.239,19.255,,,,,,,,,0,193.3,,0,0,0,0,0,,0,0,,0,
"149","BEAR LAKE","2023081700",0,14,87,2.4,103,5.1,85.577,2.576,9.522,,,,,,,,,,,,,,,,,,,,,,
"149","BEAR LAKE","2023081701",0,13.7,88,2.4,126,5.1,84.984,2.373,8.877,,,,,,,,,,,,,,,,,,,,,,
"149","BEAR LAKE","2023081702",0,12.6,90,3.2,93,5.6,84.35,2.266,8.531,,,,,,,,,,,,,,,,,,,,,,
"149","BEAR LAKE","2023081703",0,10,99,3.9,85,7.4,83.184,2.012,7.683,,,,,,,,,,,,,,,,,,,,,,
"149","BEAR LAKE","2023081704",0,8.7,99,1.7,110,5.1,82.264,1.604,6.235,,,,,,,,,,,,,,,,,,,,,,
"149","BEAR LAKE","2023081705",0,7.9,100,3.6,110,5.1,81.298,1.573,6.12,,,,,,,,,,,,,,,,,,,,,,
"149","BEAR LAKE","2023081706",0,8.6,100,3.5,95,5.1,80.425,1.419,5.541,,,,,,,,,,,,,,,,,,,,,,
"149","BEAR LAKE","2023081707",0,16.7,75,6.3,95,9.1,80.614,1.668,6.471,,,,,,,,,,,,,,,,,,,,,,
"149","BEAR LAKE","2023081708",0,18.6,63,4.5,125,8.5,81.051,1.6,6.22,,,,,,,,,,,,,,,,,,,,,,
"149","BEAR LAKE","2023081709",0,20.1,53,8.2,262,18.9,81.792,2.102,7.985,,,,,,,,,,,,,,,,,,,,,,
"149","BEAR LAKE","2023081710",0,19,58,6.1,282,19.5,82.26,2.001,7.643,,,,,,,,,,,,,,,,,,,,,,
"149","BEAR LAKE","2023081711",0,20,46,5.8,267,19.5,82.998,2.162,8.188,,,,,,,,,,,,,,,,,,,,,,
"149","BEAR LAKE","2023081712",0,22.4,34,10.9,266,23.5,84.237,3.29,11.655,0,90.636,8.132,23.774,46.518,507.742,75.698,4,,,,,,,,,,,,,,
"149","BEAR LAKE","2023081713",0,23.7,32,10.3,258,21.8,85.434,3.76,13.431,,,,,,,,,,,,,,,,,,,,,,
"149","BEAR LAKE","2023081714",0,24,28,10.7,277,20.6,86.622,4.533,15.515,,,,,,,,,,,,,,,,,,,,,,
"149","BEAR LAKE","2023081715",0,24.6,26,12.8,271,22.9,87.767,5.932,18.962,,,,,,,,,,,,,,,,,,,,,,
"149","BEAR LAKE","2023081716",0,22.9,33,8.9,280,21.8,88.318,5.274,17.387,,,,,,,,,,,,,,,,,,,,,,
"149","BEAR LAKE","2023081717",0,21.8,28,6.8,284,17.7,88.886,5.148,17.075,,,,,,,,,,,,,,,,,,,,,,
"149","BEAR LAKE","2023081718",0,20.5,32,3.9,270,14.9,89.179,4.639,15.79,,,,,,,,,,,,,,,,,,,,,,
"149","BEAR LAKE","2023081719",0,17.4,47,3.1,262,13.7,89.207,4.473,15.36,,,,,,,,,,,,,,,,,,,,,,
"149","BEAR LAKE","2023081720",0,14.3,57,2.5,22,11.4,89.026,4.229,14.712,,,,,,,,,,,,,,,,,,,,,,
"149","BEAR LAKE","2023081721",0,12,62,1.7,76,8.5,88.771,3.915,13.863,,,,,,,,,,,,,,,,,,,,,,
"149","BEAR LAKE","2023081722",0,9.8,70,1.9,90,3.3,88.384,3.742,13.38,,,,,,,,,,,,,,,,,,,,,,
"149","BEAR LAKE","2023081723",0,7.5,76,1.8,36,3.9,87.918,3.482,12.643,,,,,,,,,,,,,,,,,,,,,,
"151","NABESHE","2023081700",0,14.8,56,16.2,180,29.8,87.651,6.924,15.36,,,,,,,,,0,0,,0,0,0,0,0,,0,0,,1,
"151","NABESHE","2023081701",0,15.1,56,16.1,184,32.7,87.622,6.862,15.253,,,,,,,,,0,0,,0,0,0,0,0,,0,0,,1,
"151","NABESHE","2023081702",0,14.5,58,11.8,199,33.9,87.55,5.468,12.786,,,,,,,,,0,0,,0,0,0,0,0,,0,0,,1,
"151","NABESHE","2023081703",0,13,61,2.7,143,23.5,87.442,3.404,8.64,,,,,,,,,0,0,,0,0,0,0,0,,0,0,,1,
"151","NABESHE","2023081704",0,12.8,64,7.5,180,16,87.259,4.223,10.374,,,,,,,,,0,0,,0,0,0,0,0,,0,0,,2,
"151","NABESHE","2023081705",0,12.1,65,5.3,153,16.6,87.081,3.686,9.252,,,,,,,,,0,0,,0,0,0,0,0,,0,0,,2,
"151","NABESHE","2023081706",0,12.9,54,5.3,310,13.7,87.125,3.709,9.301,,,,,,,,,0,0,,0,0,0,0,0,,0,0,,16,
"151","NABESHE","2023081707",0,12.8,54,9.8,191,22.3,87.162,4.677,11.281,,,,,,,,,0,0,,0,0,0,0,0,,0,0,,35,
"151","NABESHE","2023081708",0,15.1,41,18.5,187,35,87.342,7.439,16.218,,,,,,,,,0,0,,0,0,0,0,0,,0,0,,33,
"151","NABESHE","2023081709",0,16.9,36,23.1,188,45.9,87.702,9.876,19.994,,,,,,,,,0,0,,0,0,0,0,0,,0,0,,271,
"151","NABESHE","2023081710",0,18.3,31,22.8,191,37.9,88.224,10.482,20.873,,,,,,,,,0,0,,0,0,0,0,0,,0,0,,351,
"151","NABESHE","2023081711",0,20.1,27,26.3,178,41.9,88.91,13.798,25.348,,,,,,,,,0,0,,0,0,0,0,0,,0,0,,405,
"151","NABESHE","2023081712",0,21.4,22,25.6,181,43.6,89.753,15.033,26.896,0,92.705,22.87,37.762,27.476,387.655,46.681,4,0,0,,0,0,0,0,0,,0,0,,441,
"151","NABESHE","2023081713",0,21.4,21,30.1,186,51.1,90.509,21.015,35.726,,,,,,,,,0,0,,0,0,0,0,0,,0,0,,450,
"151","NABESHE","2023081714",0,20.7,23,13.7,225,43.1,90.927,9.762,21.113,,,,,,,,,0,0,,0,0,0,0,0,,0,0,,374,
"151","NABESHE","2023081715",0,21,22,22.2,190,44.2,91.362,15.938,29.706,,,,,,,,,0,0,,0,0,0,0,0,,0,0,,202,
"151","NABESHE","2023081716",0,16.9,27,19.1,195,41.9,91.412,13.73,26.83,,,,,,,,,0,0,,0,0,0,0,0,,0,0,,145,
"151","NABESHE","2023081717",0,18.7,26,19.4,186,39,91.514,14.144,27.383,,,,,,,,,0,0,,0,0,0,0,0,,0,0,,104,
"151","NABESHE","2023081718",0,15.6,32,10.3,224,35,91.552,8.99,19.894,,,,,,,,,0,0,,0,0,0,0,0,,0,0,,56,
"151","NABESHE","2023081719",0,14.3,32,7.5,259,17.2,91.57,7.827,17.975,,,,,,,,,0,0,,0,0,0,0,0,,0,0,,17,
"151","NABESHE","2023081720",0,13.1,37,5.3,280,17.2,91.495,6.931,16.418,,,,,,,,,0,0,,0,0,0,0,0,,0,0,,2,
"151","NABESHE","2023081721",0,12.7,39,9.7,300,16.6,91.368,8.497,19.094,,,,,,,,,0,0,,0,0,0,0,0,,0,0,,0,
"151","NABESHE","2023081722",0,11.5,56,8.2,322,16.6,90.915,7.386,17.219,,,,,,,,,0,0,,0,0,0,0,0,,0,0,,0,
"151","NABESHE","2023081723",0,10.2,65,8,335,16,90.319,6.715,16.031,,,,,,,,,0,0,,0,0,0,0,0,,0,0,,0,
"152","SIFTON","2023081700",0,8.2,79,3,314,13.4,86.108,2.86,5.635,,,,,,,,,,,,,,,,,,,,5778.8,,
"152","SIFTON","2023081701",0,7.4,84,0.3,356,8.8,85.702,2.358,4.638,,,,,,,,,,,,,,,,,,,,5778.8,,
"152","SIFTON","2023081702",0,7.2,85,0,304,0,85.34,2.208,4.327,,,,,,,,,,,,,,,,,,,,5778.8,,
"152","SIFTON","2023081703",0,5.9,88,0,280,8.7,84.931,2.087,4.071,,,,,,,,,,,,,,,,,,,,5778.8,,
"152","SIFTON","2023081704",0,4.4,92,2.4,280,8.9,84.303,2.163,4.231,,,,,,,,,,,,,,,,,,,,5778.8,,
"152","SIFTON","2023081705",0,3.4,92,7.3,291,13.2,83.65,2.538,5.003,,,,,,,,,,,,,,,,,,,,5778.8,,
"152","SIFTON","2023081706",0,3.4,90,0,327,12.5,83.312,1.681,3.171,,,,,,,,,,,,,,,,,,,,5778.8,,
"152","SIFTON","2023081707",0,7.7,72,1.4,322,8.8,83.342,1.811,3.466,,,,,,,,,,,,,,,,,,,,5778.8,,
"152","SIFTON","2023081708",0,9.6,71,0,325,7.4,83.389,1.698,3.21,,,,,,,,,,,,,,,,,,,,5778.8,,
"152","SIFTON","2023081709",0,15.3,39,11.6,249,26.2,84.062,3.329,6.516,,,,,,,,,,,,,,,,,,,,5778.8,,
"152","SIFTON","2023081710",0,14.2,34,9.9,321,27.5,84.724,3.342,6.539,,,,,,,,,,,,,,,,,,,,5778.8,,
"152","SIFTON","2023081711",0,11.7,52,12,312,45.2,84.866,3.787,7.337,,,,,,,,,,,,,,,,,,,,5778.8,,
"152","SIFTON","2023081712",0,12.9,49,7.2,237,24.3,85.059,3.054,6.004,0,85.989,3.475,7.139,16.647,300.148,29.24,2,,,,,,,,,,,,5778.8,,
"152","SIFTON","2023081713",0,16.4,26,11.6,191,26.4,85.951,4.315,8.652,,,,,,,,,,,,,,,,,,,,5778.8,,
"152","SIFTON","2023081714",0,14.1,32,1.1,274,28.4,86.338,2.684,5.594,,,,,,,,,,,,,,,,,,,,5778.8,,
"152","SIFTON","2023081715",0,12.9,38,7.5,234,27.9,86.598,3.845,7.819,,,,,,,,,,,,,,,,,,,,5778.8,,
"152","SIFTON","2023081716",0,15.4,33,8.5,191,25,87.023,4.295,8.618,,,,,,,,,,,,,,,,,,,,5778.8,,
"152","SIFTON","2023081717",0,13.3,41,11.2,241,31.7,87.165,5.021,9.847,,,,,,,,,,,,,,,,,,,,5778.8,,
"152","SIFTON","2023081718",0,11.7,52,4,243,28.5,87.213,3.518,7.218,,,,,,,,,,,,,,,,,,,,5778.8,,
"152","SIFTON","2023081719",0,9,65,9.2,245,29.2,86.994,4.431,8.853,,,,,,,,,,,,,,,,,,,,5778.8,,
"152","SIFTON","2023081720",0,7.6,75,0,263,16.2,86.738,2.688,5.601,,,,,,,,,,,,,,,,,,,,5778.8,,
"152","SIFTON","2023081721",0,6.9,82,0,293,0,86.371,2.551,5.32,,,,,,,,,,,,,,,,,,,,5778.8,,
"152","SIFTON","2023081722",1,6.1,92,0,311,23.8,65.128,0.53,0.615,,,,,,,,,,,,,,,,,,,,5779.8,,
"152","SIFTON","2023081723",0,5.7,95,0,314,0,65.216,0.532,0.617,,,,,,,,,,,,,,,,,,,,5779.8,,
"153","MCLEOD LAKE","2023081700",0,16.6,64,5.1,210,12,89.461,5.131,17.869,,,,,,,,,,,,,,,,,,,,,,
"153","MCLEOD LAKE","2023081701",0,15.8,69,6.4,195,10.2,88.947,5.089,17.761,,,,,,,,,,,,,,,,,,,,,,
"153","MCLEOD LAKE","2023081702",0,14.9,73,7.3,196,11.4,88.377,4.907,17.285,,,,,,,,,,,,,,,,,,,,,,
"153","MCLEOD LAKE","2023081703",0,14.3,74,8.8,211,13.1,87.834,4.896,17.257,,,,,,,,,,,,,,,,,,,,,,
"153","MCLEOD LAKE","2023081704",0,13.5,76,8.7,206,14.3,87.302,4.515,16.24,,,,,,,,,,,,,,,,,,,,,,
"153","MCLEOD LAKE","2023081705",0,12.6,79,7.1,201,14.3,86.763,3.857,14.404,,,,,,,,,,,,,,,,,,,,,,
"153","MCLEOD LAKE","2023081706",0,13.6,74,9.9,211,17.2,86.416,4.228,15.455,,,,,,,,,,,,,,,,,,,,,,
"153","MCLEOD LAKE","2023081707",0,13.8,75,11.9,205,21.8,86.074,4.457,16.084,,,,,,,,,,,,,,,,,,,,,,
"153","MCLEOD LAKE","2023081708",0,14.1,76,11,210,18.3,85.755,4.073,15.019,,,,,,,,,,,,,,,,,,,,,,
"153","MCLEOD LAKE","2023081709",0,14.8,74,9,193,17.2,85.553,3.58,13.594,,,,,,,,,,,,,,,,,,,,,,
"153","MCLEOD LAKE","2023081710",0,16.2,67,8.9,214,15.4,85.575,3.573,13.572,,,,,,,,,,,,,,,,,,,,,,
"153","MCLEOD LAKE","2023081711",0,19.9,47,10.9,217,20.6,85.931,4.154,15.246,,,,,,,,,,,,,,,,,,,,,,
"153","MCLEOD LAKE","2023081712",0,21.5,34,12.9,227,25.8,86.706,5.125,17.854,0,90.288,8.558,26.416,55.183,505.913,86.719,4,,,,,,,,,,,,,,
"153","MCLEOD LAKE","2023081713",0,22.6,24,13.2,229,30.4,87.799,6.08,20.761,,,,,,,,,,,,,,,,,,,,,,
"153","MCLEOD LAKE","2023081714",0,23.2,24,12.5,259,30.4,88.736,6.714,22.288,,,,,,,,,,,,,,,,,,,,,,
"153","MCLEOD LAKE","2023081715",0,22,25,12.4,260,34.4,89.414,7.362,23.788,,,,,,,,,,,,,,,,,,,,,,
"153","MCLEOD LAKE","2023081716",0,21.5,25,12.2,266,30.4,89.957,7.879,24.945,,,,,,,,,,,,,,,,,,,,,,
"153","MCLEOD LAKE","2023081717",0,20.5,27,10.5,281,26.4,90.293,7.589,24.299,,,,,,,,,,,,,,,,,,,,,,
"153","MCLEOD LAKE","2023081718",0,19,28,9,284,20,90.493,7.241,23.511,,,,,,,,,,,,,,,,,,,,,,
"153","MCLEOD LAKE","2023081719",0,17.8,30,9.8,292,20,90.575,7.627,24.383,,,,,,,,,,,,,,,,,,,,,,
"153","MCLEOD LAKE","2023081720",0,16,32,6.3,295,14.9,90.625,6.439,21.634,,,,,,,,,,,,,,,,,,,,,,
"153","MCLEOD LAKE","2023081721",0,14.9,33,7.2,294,13.1,90.675,6.787,22.458,,,,,,,,,,,,,,,,,,,,,,
"153","MCLEOD LAKE","2023081722",0,12.8,42,3.9,9,12,90.595,5.682,19.769,,,,,,,,,,,,,,,,,,,,,,
"153","MCLEOD LAKE","2023081723",0,11.6,44,4.6,291,10.8,90.475,5.786,20.03,,,,,,,,,,,,,,,,,,,,,,
"154","WITCH","2023081700",0,11.9,81,5,171,10.2,86.983,3.58,9.628,,,,,,,,,0,193.3,,0,0,0,0,0,,0,0,,35,
"154","WITCH","2023081701",0,12,82,2.5,220,12,86.463,2.932,8.104,,,,,,,,,0,193.3,,0,0,0,0,0,,0,0,,34,
"154","WITCH","2023081702",0,10.5,88,4.6,122,7.4,85.741,2.944,8.135,,,,,,,,,0,193.3,,0,0,0,0,0,,0,0,,34,
"154","WITCH","2023081703",0,9.1,94,7.4,153,12,84.736,2.951,8.15,,,,,,,,,0,193.3,,0,0,0,0,0,,0,0,,33,
"154","WITCH","2023081704",0,9.5,92,7.4,134,13.1,83.97,2.661,7.433,,,,,,,,,0,193.3,,0,0,0,0,0,,0,0,,33,
"154","WITCH","2023081705",0,11.1,83,7.5,205,15.4,83.689,2.577,7.22,,,,,,,,,0,193.3,,0,0,0,0,0,,0,0,,33,
"154","WITCH","2023081706",0,11.9,80,5.9,175,13.1,83.549,2.334,6.591,,,,,,,,,0,193.3,,0,0,0,0,0,,0,0,,33,
"154","WITCH","2023081707",0,12.1,82,6.4,153,9.1,83.364,2.336,6.598,,,,,,,,,0,193.3,,0,0,0,0,0,,0,0,,34,
"154","WITCH","2023081708",0,13.3,71,4.3,203,10.2,83.411,2.115,6.004,,,,,,,,,0,193.3,,0,0,0,0,0,,0,0,,33,
"154","WITCH","2023081709",0,17,49,10.2,211,18.3,83.885,3.03,8.342,,,,,,,,,0,193.3,,0,0,0,0,0,,0,0,,33,
"154","WITCH","2023081710",0,18.6,33,13.3,208,29.8,84.844,4.032,10.631,,,,,,,,,0,193.3,,0,0,0,0,0,,0,0,,34,
"154","WITCH","2023081711",0,19.3,30,14.1,179,31,85.816,4.803,12.252,,,,,,,,,0,193.3,,0,0,0,0,0,,0,0,,34,
"154","WITCH","2023081712",0,20.4,26,10.9,226,28.7,86.806,4.7,12.041,0,91.555,9.27,21.211,30.645,365.253,50.663,4,0,193.3,,0,0,0,0,0,,0,0,,36,
"154","WITCH","2023081713",0,20.4,22,14.2,227,32.7,87.845,6.437,16.224,,,,,,,,,0,193.3,,0,0,0,0,0,,0,0,,34,
"154","WITCH","2023081714",0,19.5,21,15.8,232,31.6,88.729,7.921,18.927,,,,,,,,,0,193.3,,0,0,0,0,0,,0,0,,34,
"154","WITCH","2023081715",0,20,24,15.7,188,35,89.378,8.651,20.181,,,,,,,,,0,193.3,,0,0,0,0,0,,0,0,,35,
"154","WITCH","2023081716",0,18.3,26,11.6,220,31,89.762,7.434,18.064,,,,,,,,,0,193.3,,0,0,0,0,0,,0,0,,36,
"154","WITCH","2023081717",0,18,26,10.2,211,27.5,90.075,7.245,17.723,,,,,,,,,0,193.3,,0,0,0,0,0,,0,0,,35,
"154","WITCH","2023081718",0,16.8,31,7.9,230,20.6,90.16,6.531,16.403,,,,,,,,,0,193.3,,0,0,0,0,0,,0,0,,35,
"154","WITCH","2023081719",0,15,36,8,221,21.8,90.209,6.611,16.554,,,,,,,,,0,193.3,,0,0,0,0,0,,0,0,,34,
"154","WITCH","2023081720",0,12.3,43,7.7,223,18.9,90.131,6.439,16.229,,,,,,,,,0,193.3,,0,0,0,0,0,,0,0,,35,
"154","WITCH","2023081721",0,10.8,45,7.4,258,15.4,90.012,6.236,15.84,,,,,,,,,0,193.3,,0,0,0,0,0,,0,0,,34,
"154","WITCH","2023081722",0,11.2,47,11,259,22.3,89.857,7.311,17.844,,,,,,,,,0,193.3,,0,0,0,0,0,,0,0,,32,
"154","WITCH","2023081723",0,11,49,10.2,270,19.5,89.681,6.848,16.996,,,,,,,,,0,193.3,,0,0,0,0,0,,0,0,,31,
"155","MACKENZIE FS","2023081700",0,15,74,5.2,355,10.2,88.14,4.267,13.427,,,,,,,,,,,,,,,,,,,,,,
"155","MACKENZIE FS","2023081701",0,16.5,58,4.4,30,15.4,88.058,4.05,12.888,,,,,,,,,,,,,,,,,,,,,,
"155","MACKENZIE FS","2023081702",0,17.3,60,4.2,290,20.6,87.957,3.952,12.64,,,,,,,,,,,,,,,,,,,,,,
"155","MACKENZIE FS","2023081703",0,13.8,75,4.8,120,9.1,87.487,3.808,12.273,,,,,,,,,,,,,,,,,,,,,,
"155","MACKENZIE FS","2023081704",0,14.1,71,8.8,217,14.3,87.139,4.433,13.835,,,,,,,,,,,,,,,,,,,,,,
"155","MACKENZIE FS","2023081705",0,12.6,80,4.1,105,16,86.631,3.255,10.807,,,,,,,,,,,,,,,,,,,,,,
"155","MACKENZIE FS","2023081706",0,15.3,71,6.4,121,11.4,86.416,3.545,11.587,,,,,,,,,,,,,,,,,,,,,,
"155","MACKENZIE FS","2023081707",0,16.3,67,6.5,130,12,86.335,3.522,11.527,,,,,,,,,,,,,,,,,,,,,,
"155","MACKENZIE FS","2023081708",0,16.4,67,7.4,113,17.7,86.263,3.649,11.859,,,,,,,,,,,,,,,,,,,,,,
"155","MACKENZIE FS","2023081709",0,18.4,49,4.3,215,17.2,86.419,3.19,10.631,,,,,,,,,,,,,,,,,,,,,,
"155","MACKENZIE FS","2023081710",0,21.2,40,5.5,133,15.4,86.851,3.603,11.74,,,,,,,,,,,,,,,,,,,,,,
"155","MACKENZIE FS","2023081711",0,23,28,8.3,192,15.4,87.716,4.694,14.46,,,,,,,,,,,,,,,,,,,,,,
"155","MACKENZIE FS","2023081712",0,23.7,23,16.4,221,29.8,88.788,8.233,21.924,0,92.948,14.885,34.271,43.157,430.424,69.015,4,,,,,,,,,,,,,,
"155","MACKENZIE FS","2023081713",0,24.3,21,19.5,236,33.9,89.826,11.17,28.257,,,,,,,,,,,,,,,,,,,,,,
"155","MACKENZIE FS","2023081714",0,24,20,15,211,28.7,90.654,10.025,26.234,,,,,,,,,,,,,,,,,,,,,,
"155","MACKENZIE FS","2023081715",0,23.9,19,18.9,237,32.1,91.401,13.572,32.229,,,,,,,,,,,,,,,,,,,,,,
"155","MACKENZIE FS","2023081716",0,23,22,15.2,250,33.9,91.806,11.93,29.55,,,,,,,,,,,,,,,,,,,,,,
"155","MACKENZIE FS","2023081717",0,22.3,23,15.3,244,26.4,92.07,12.445,30.407,,,,,,,,,,,,,,,,,,,,,,
"155","MACKENZIE FS","2023081718",0,20.2,26,10.8,239,24.6,92.12,9.991,26.172,,,,,,,,,,,,,,,,,,,,,,
"155","MACKENZIE FS","2023081719",0,19.1,30,8.8,244,17.7,92.17,9.097,24.521,,,,,,,,,,,,,,,,,,,,,,
"155","MACKENZIE FS","2023081720",0,17.7,34,7.5,308,16.6,92.142,8.486,23.353,,,,,,,,,,,,,,,,,,,,,,
"155","MACKENZIE FS","2023081721",0,16.1,39,8.7,293,14.3,91.99,8.824,24.003,,,,,,,,,,,,,,,,,,,,,,
"155","MACKENZIE FS","2023081722",0,14.8,40,9.6,323,16.6,91.815,9.008,24.352,,,,,,,,,,,,,,,,,,,,,,
"155","MACKENZIE FS","2023081723",0,14.7,43,12.8,334,21.2,91.576,10.231,26.605,,,,,,,,,,,,,,,,,,,,,,
"156","SUSTUT","2023081700",0,13.1,74,8,289,14.3,78.668,1.494,1.363,,,,,,,,,0,193.3,,0,0,0,0,0,,0,0,,0,
"156","SUSTUT","2023081701",0,12.8,72,8.4,294,18.3,78.985,1.57,1.526,,,,,,,,,0,193.3,,0,0,0,0,0,,0,0,,0,
"156","SUSTUT","2023081702",0,13,70,9.3,279,16.6,79.328,1.698,1.775,,,,,,,,,0,193.3,,0,0,0,0,0,,0,0,,0,
"156","SUSTUT","2023081703",0,12.1,73,8.9,289,19.5,79.569,1.704,1.786,,,,,,,,,0,193.3,,0,0,0,0,0,,0,0,,0,
"156","SUSTUT","2023081704",0,10.4,79,6.9,283,14.9,79.666,1.556,1.496,,,,,,,,,0,193.3,,0,0,0,0,0,,0,0,,0,
"156","SUSTUT","2023081705",0,8.5,87,7.1,309,16,79.689,1.575,1.536,,,,,,,,,0,193.3,,0,0,0,0,0,,0,0,,0,
"156","SUSTUT","2023081706",0,9.6,81,8.6,281,14.3,79.744,1.708,1.794,,,,,,,,,0,193.3,,0,0,0,0,0,,0,0,,0,
"156","SUSTUT","2023081707",0,12.2,72,10.1,266,16.6,79.981,1.888,2.115,,,,,,,,,0,193.3,,0,0,0,0,0,,0,0,,0,
"156","SUSTUT","2023081708",0,14.1,64,8,272,22.3,80.375,1.771,1.908,,,,,,,,,0,193.3,,0,0,0,0,0,,0,0,,0,
"156","SUSTUT","2023081709",0,14.4,60,11.7,262,21.8,80.857,2.249,2.713,,,,,,,,,0,193.3,,0,0,0,0,0,,0,0,,0,
"156","SUSTUT","2023081710",0,16.4,51,12,249,29.8,81.569,2.479,3.07,,,,,,,,,0,193.3,,0,0,0,0,0,,0,0,,0,
"156","SUSTUT","2023081711",0,16.9,43,13.5,237,29.2,82.447,2.973,3.805,,,,,,,,,0,193.3,,0,0,0,0,0,,0,0,,0,
"156","SUSTUT","2023081712",0,15.1,66,8.4,297,27.5,82.617,2.349,2.869,0,80.366,1.805,2.236,8.458,328.741,15.894,2,0,193.3,,0,0,0,0,0,,0,0,,0,
"156","SUSTUT","2023081713",0,16.9,46,12.5,268,28.7,83.277,3.141,4.417,,,,,,,,,0,193.3,,0,0,0,0,0,,0,0,,0,
"156","SUSTUT","2023081714",0,15.8,48,7.1,228,22.9,83.722,2.536,3.482,,,,,,,,,0,193.3,,0,0,0,0,0,,0,0,,0,
"156","SUSTUT","2023081715",0,15.7,45,14,243,27.5,84.24,3.848,5.437,,,,,,,,,0,193.3,,0,0,0,0,0,,0,0,,0,
"156","SUSTUT","2023081716",0,16.4,42,14.3,241,24.6,84.799,4.214,5.941,,,,,,,,,0,193.3,,0,0,0,0,0,,0,0,,0,
"156","SUSTUT","2023081717",0,16,45,11.6,239,24.1,85.182,3.877,5.478,,,,,,,,,0,193.3,,0,0,0,0,0,,0,0,,0,
"156","SUSTUT","2023081718",0,16.9,43,9.5,251,25.2,85.582,3.687,5.21,,,,,,,,,0,193.3,,0,0,0,0,0,,0,0,,0,
"156","SUSTUT","2023081719",0,13.6,53,13.1,257,22.9,85.653,4.464,6.277,,,,,,,,,0,193.3,,0,0,0,0,0,,0,0,,0,
"156","SUSTUT","2023081720",0,11.3,63,10.3,253,20,85.659,3.879,5.481,,,,,,,,,0,193.3,,0,0,0,0,0,,0,0,,0,
"156","SUSTUT","2023081721",0,9.6,70,10.9,278,22.3,85.501,3.912,5.526,,,,,,,,,0,193.3,,0,0,0,0,0,,0,0,,0,
"156","SUSTUT","2023081722",0,7.9,80,8.5,273,20,85.123,3.289,4.637,,,,,,,,,0,193.3,,0,0,0,0,0,,0,0,,0,
"156","SUSTUT","2023081723",0,6.8,82,4.7,318,18.9,84.763,2.585,3.56,,,,,,,,,0,193.3,,0,0,0,0,0,,0,0,,0,
"158","VANDERHOOF HUB","2023081700",0,14.2,75,2.6,357,9.1,89.819,4.762,19.65,,,,,,,,,,,,,,0,1,106.79,,,,,,
"158","VANDERHOOF HUB","2023081701",0,14.7,73,5.9,246,7.9,89.159,5.116,20.696,,,,,,,,,,,,,,0,1,106.77,,,,,,
"158","VANDERHOOF HUB","2023081702",0,14,74,4.1,309,9.7,88.587,4.304,18.247,,,,,,,,,,,,,,0,1,106.76,,,,,,
"158","VANDERHOOF HUB","2023081703",0,11.8,84,5.1,9,12.5,87.759,4.019,17.346,,,,,,,,,,,,,,0,1,106.76,,,,,,
"158","VANDERHOOF HUB","2023081704",0,9.4,93,4.9,329,10.2,86.636,3.391,15.261,,,,,,,,,,,,,,0,1,106.75,,,,,,
"158","VANDERHOOF HUB","2023081705",0,8.9,94,7.2,290,9.7,85.532,3.26,14.809,,,,,,,,,,,,,,0,1,106.75,,,,,,
"158","VANDERHOOF HUB","2023081706",0,11,87,4.4,334,12,84.958,2.615,12.465,,,,,,,,,,,,,,0,1,106.73,,,,,,
"158","VANDERHOOF HUB","2023081707",0,15.3,77,5.2,302,7.9,84.797,2.663,12.647,,,,,,,,,,,,,,0,1,106.71,,,,,,
"158","VANDERHOOF HUB","2023081708",0,17,67,5.1,326,10.2,84.845,2.667,12.662,,,,,,,,,,,,,,0,1,106.73,,,,,,
"158","VANDERHOOF HUB","2023081709",0,18.4,55,16.7,299,23.5,85.077,4.94,20.181,,,,,,,,,,,,,,0,1,106.72,,,,,,
"158","VANDERHOOF HUB","2023081710",0,20.2,45,23,291,34.4,85.64,7.338,26.68,,,,,,,,,,,,,,0,1,106.7,,,,,,
"158","VANDERHOOF HUB","2023081711",0,22.3,35,23.5,278,39,86.569,8.575,29.676,,,,,,,,,,,,,,0,1,106.64,,,,,,
"158","VANDERHOOF HUB","2023081712",0,23.5,30,20.3,298,36.7,87.576,8.423,29.32,0,92.363,16.688,46.738,69.355,852.411,115.264,5,,,,,,0,1,106.55,,,,,,
"158","VANDERHOOF HUB","2023081713",0,24.9,20,21.8,290,35.6,88.967,11.088,35.912,,,,,,,,,,,,,,0,1,106.47,,,,,,
"158","VANDERHOOF HUB","2023081714",0,25.4,19,23.1,307,43.1,90.18,14.09,41.959,,,,,,,,,,,,,,0,1,106.37,,,,,,
"158","VANDERHOOF HUB","2023081715",0,25.5,18,24.4,312,39.6,91.212,17.43,48.039,,,,,,,,,,,,,,0,1,106.27,,,,,,
"158","VANDERHOOF HUB","2023081716",0,24.8,18,25.3,306,41.9,91.989,20.365,52.951,,,,,,,,,,,,,,0,1,106.19,,,,,,
"158","VANDERHOOF HUB","2023081717",0,23.8,19,22,310,37.9,92.486,18.497,49.866,,,,,,,,,,,,,,0,1,106.1,,,,,,
"158","VANDERHOOF HUB","2023081718",0,21.4,20,18.3,305,35,92.731,15.89,45.309,,,,,,,,,,,,,,0,1,106.01,,,,,,
"158","VANDERHOOF HUB","2023081719",0,19,31,7.2,352,19.5,92.727,9.077,31.442,,,,,,,,,,,,,,0,1,105.97,,,,,,
"158","VANDERHOOF HUB","2023081720",0,16.2,42,8.4,285,15.4,92.451,9.276,31.901,,,,,,,,,,,,,,0,1,105.94,,,,,,
"158","VANDERHOOF HUB","2023081721",0,14.5,42,9.6,308,12,92.183,9.489,32.391,,,,,,,,,,,,,,0,1,105.92,,,,,,
"158","VANDERHOOF HUB","2023081722",0,12.6,49,4.8,302,10.8,91.835,7.093,26.586,,,,,,,,,,,,,,0,1,105.89,,,,,,
"158","VANDERHOOF HUB","2023081723",0,9.3,59,12.2,313,17.7,91.228,9.447,32.295,,,,,,,,,,,,,,0,1,105.87,,,,,,
"159","NORTH CHILCO","2023081700",0,18.1,56,3.4,260,7.9,91.267,6.097,21.366,,,,,,,,,,,,,,,,,,,,,,
"159","NORTH CHILCO","2023081701",0,17.6,59,4,267,10.8,90.82,5.897,20.861,,,,,,,,,,,,,,,,,,,,,,
"159","NORTH CHILCO","2023081702",0,16.9,60,4.3,242,9.7,90.396,5.635,20.187,,,,,,,,,,,,,,,,,,,,,,
"159","NORTH CHILCO","2023081703",0,15.3,65,3.4,211,9.1,89.917,5.028,18.579,,,,,,,,,,,,,,,,,,,,,,
"159","NORTH CHILCO","2023081704",0,14.5,67,4.8,230,10.8,89.421,5.025,18.571,,,,,,,,,,,,,,,,,,,,,,
"159","NORTH CHILCO","2023081705",0,13.5,71,4.5,231,10.8,88.89,4.587,17.359,,,,,,,,,,,,,,,,,,,,,,
"159","NORTH CHILCO","2023081706",0,13.1,73,5.2,214,11.4,88.359,4.403,16.836,,,,,,,,,,,,,,,,,,,,,,
"159","NORTH CHILCO","2023081707",0,15.6,64,5.5,221,11.4,88.11,4.313,16.578,,,,,,,,,,,,,,,,,,,,,,
"159","NORTH CHILCO","2023081708",0,16.3,61,7,233,17.2,87.955,4.549,17.253,,,,,,,,,,,,,,,,,,,,,,
"159","NORTH CHILCO","2023081709",0,17.2,58,4.9,244,16,87.902,4.062,15.845,,,,,,,,,,,,,,,,,,,,,,
"159","NORTH CHILCO","2023081710",0,17.5,55,9.3,271,20,87.915,5.079,18.717,,,,,,,,,,,,,,,,,,,,,,
"159","NORTH CHILCO","2023081711",0,20.6,44,8.5,241,21.8,88.044,4.969,18.419,,,,,,,,,,,,,,,,,,,,,,
"159","NORTH CHILCO","2023081712",0,22.4,34,9.6,265,25.8,88.505,5.612,20.127,0,91.348,8.43,27.492,57.347,730.022,95.867,4,,,,,,,,,,,,,,
"159","NORTH CHILCO","2023081713",0,24.4,26,11.6,252,27.5,89.296,6.953,24.055,,,,,,,,,,,,,,,,,,,,,,
"159","NORTH CHILCO","2023081714",0,25,23,11.7,223,26.9,90.107,7.851,26.177,,,,,,,,,,,,,,,,,,,,,,
"159","NORTH CHILCO","2023081715",0,26.1,21,10,241,26.9,90.901,8.071,26.682,,,,,,,,,,,,,,,,,,,,,,
"159","NORTH CHILCO","2023081716",0,23.4,26,8.6,321,24.1,91.218,7.869,26.219,,,,,,,,,,,,,,,,,,,,,,
"159","NORTH CHILCO","2023081717",0,22.5,26,8.2,336,24.1,91.451,7.972,26.455,,,,,,,,,,,,,,,,,,,,,,
"159","NORTH CHILCO","2023081718",0,20.7,28,9.1,312,22.9,91.528,8.433,27.5,,,,,,,,,,,,,,,,,,,,,,
"159","NORTH CHILCO","2023081719",0,18.7,29,8.2,320,21.2,91.578,8.117,26.786,,,,,,,,,,,,,,,,,,,,,,
"159","NORTH CHILCO","2023081720",0,16.9,33,5.4,313,15.4,91.614,7.085,24.373,,,,,,,,,,,,,,,,,,,,,,
"159","NORTH CHILCO","2023081721",0,14.7,37,4.6,309,10.8,91.554,6.747,23.553,,,,,,,,,,,,,,,,,,,,,,
"159","NORTH CHILCO","2023081722",0,13.9,40,3.9,315,12.5,91.444,6.413,22.722,,,,,,,,,,,,,,,,,,,,,,
"159","NORTH CHILCO","2023081723",0,12.5,45,6.5,301,16.6,91.225,7.086,24.375,,,,,,,,,,,,,,,,,,,,,,
"161","GRASSY PLAINS HUB","2023081700",0,15.8,67,11.1,323,20.6,88.818,6.33,14.841,,,,,,,,,,,,,,0,1,175.8,,,,,,
"161","GRASSY PLAINS HUB","2023081701",0,14.8,71,10.6,323,14.3,88.285,5.718,13.718,,,,,,,,,,,,,,0,1,175.76,,,,,,
"161","GRASSY PLAINS HUB","2023081702",0,13.3,76,7.8,322,14.9,87.707,4.571,11.482,,,,,,,,,,,,,,0,1,175.74,,,,,,
"161","GRASSY PLAINS HUB","2023081703",0,12.8,79,6.3,321,12.5,87.129,3.903,10.083,,,,,,,,,,,,,,0,1,175.71,,,,,,
"161","GRASSY PLAINS HUB","2023081704",0,12.2,82,0,321,11.4,86.713,2.678,7.268,,,,,,,,,,,,,,0,1,175.69,,,,,,
"161","GRASSY PLAINS HUB","2023081705",0,12.2,81,2.3,321,10.2,86.256,2.819,7.612,,,,,,,,,,,,,,0,1,175.66,,,,,,
"161","GRASSY PLAINS HUB","2023081706",0,13.1,77,4.7,321,9.7,85.928,3.038,8.135,,,,,,,,,,,,,,0,1,175.65,,,,,,
"161","GRASSY PLAINS HUB","2023081707",0,13.3,80,2.6,322,13.7,85.58,2.603,7.082,,,,,,,,,,,,,,0,1,175.64,,,,,,
"161","GRASSY PLAINS HUB","2023081708",0,14,75,7.1,322,12,85.373,3.173,8.451,,,,,,,,,,,,,,0,1,175.63,,,,,,
"161","GRASSY PLAINS HUB","2023081709",0,15.6,62,10.5,323,18.9,85.421,3.791,9.84,,,,,,,,,,,,,,0,1,175.61,,,,,,
"161","GRASSY PLAINS HUB","2023081710",0,19.3,43,10.9,320,26.4,85.883,4.126,10.558,,,,,,,,,,,,,,0,1,175.57,,,,,,
"161","GRASSY PLAINS HUB","2023081711",0,20.5,36,12.5,324,28.7,86.548,4.911,12.165,,,,,,,,,,,,,,0,1,175.57,,,,,,
"161","GRASSY PLAINS HUB","2023081712",0,21.6,31,12.5,323,27.5,87.333,5.491,13.291,0,91.272,9.651,21.519,27.543,580.882,49.247,4,,,,,,0,1,175.55,,,,,,
"161","GRASSY PLAINS HUB","2023081713",0,22.3,28,14.5,327,29.2,88.161,6.837,16.721,,,,,,,,,,,,,,0,1,175.51,,,,,,
"161","GRASSY PLAINS HUB","2023081714",0,21.8,26,14.9,324,29.8,88.907,7.765,18.378,,,,,,,,,,,,,,0,1,175.47,,,,,,
"161","GRASSY PLAINS HUB","2023081715",0,21.7,25,14.5,324,30.4,89.559,8.357,19.395,,,,,,,,,,,,,,0,1,175.41,,,,,,
"161","GRASSY PLAINS HUB","2023081716",0,20.4,30,12.4,323,32.7,89.859,7.848,18.523,,,,,,,,,,,,,,0,1,175.33,,,,,,
"161","GRASSY PLAINS HUB","2023081717",0,19.1,28,9.8,317,25.8,90.127,7.154,17.296,,,,,,,,,,,,,,0,1,175.27,,,,,,
"161","GRASSY PLAINS HUB","2023081718",0,17.3,36,7.5,315,22.9,90.176,6.416,15.94,,,,,,,,,,,,,,0,1,175.2,,,,,,
"161","GRASSY PLAINS HUB","2023081719",0,16.5,37,7.8,319,21.2,90.225,6.56,16.209,,,,,,,,,,,,,,0,1,175.13,,,,,,
"161","GRASSY PLAINS HUB","2023081720",0,14.9,41,5.7,316,14.3,90.217,5.894,14.943,,,,,,,,,,,,,,0,1,175.07,,,,,,
"161","GRASSY PLAINS HUB","2023081721",0,12.9,47,5.6,316,18.9,90.083,5.753,14.668,,,,,,,,,,,,,,0,1,175.03,,,,,,
"161","GRASSY PLAINS HUB","2023081722",0,11.6,54,4.9,323,17.2,89.832,5.357,13.881,,,,,,,,,,,,,,0,1,174.98,,,,,,
"161","GRASSY PLAINS HUB","2023081723",0,11,55,5.5,316,13.7,89.578,5.324,13.814,,,,,,,,,,,,,,0,1,174.95,,,,,,
"162","HOUSTON","2023081700",0,11.6,88,6,45,10.2,86.536,3.534,11.123,,,,,,,,,,,,,,,,,,,,,,
"162","HOUSTON","2023081701",0,10.6,88,5.3,131,9.1,85.79,3.071,9.905,,,,,,,,,,,,,,,,,,,,,,
"162","HOUSTON","2023081702",0,9.4,92,3.3,158,7.9,84.991,2.486,8.263,,,,,,,,,,,,,,,,,,,,,,
"162","HOUSTON","2023081703",0,7.9,95,2.5,200,5.6,84.152,2.13,7.199,,,,,,,,,,,,,,,,,,,,,,
"162","HOUSTON","2023081704",0,7.3,100,2.6,116,9.7,83.039,1.85,6.317,,,,,,,,,,,,,,,,,,,,,,
"162","HOUSTON","2023081705",0,8.7,100,3.7,281,6.8,81.968,1.711,5.863,,,,,,,,,,,,,,,,,,,,,,
"162","HOUSTON","2023081706",0,9.3,100,2.9,108,6.2,81.029,1.472,5.053,,,,,,,,,,,,,,,,,,,,,,
"162","HOUSTON","2023081707",0,9.8,100,1.6,9,5.6,80.231,1.263,4.307,,,,,,,,,,,,,,,,,,,,,,
"162","HOUSTON","2023081708",0,12.1,91,3.2,133,7.4,80.079,1.347,4.612,,,,,,,,,,,,,,,,,,,,,,
"162","HOUSTON","2023081709",0,19.4,56,7.1,189,11.4,80.802,1.773,6.067,,,,,,,,,,,,,,,,,,,,,,
"162","HOUSTON","2023081710",0,20.1,49,9.2,315,21.2,81.699,2.186,7.369,,,,,,,,,,,,,,,,,,,,,,
"162","HOUSTON","2023081711",0,21.6,42,8.1,222,16.6,82.746,2.352,7.868,,,,,,,,,,,,,,,,,,,,,,
"162","HOUSTON","2023081712",0,21.6,41,12.9,6,26.4,83.768,3.418,10.825,0,90.928,9.378,24.029,38.67,448.698,63.63,4,,,,,,,,,,,,,,
"162","HOUSTON","2023081713",0,22.7,31,8.3,331,25.2,84.966,3.187,10.616,,,,,,,,,,,,,,,,,,,,,,
"162","HOUSTON","2023081714",0,21.4,26,19.9,324,29.2,86.276,6.863,19.219,,,,,,,,,,,,,,,,,,,,,,
"162","HOUSTON","2023081715",0,21.8,28,20,328,28.7,87.309,7.986,21.444,,,,,,,,,,,,,,,,,,,,,,
"162","HOUSTON","2023081716",0,22.9,26,16.2,292,31.6,88.273,7.57,20.635,,,,,,,,,,,,,,,,,,,,,,
"162","HOUSTON","2023081717",0,20.4,29,15.9,310,27.5,88.828,8.075,21.614,,,,,,,,,,,,,,,,,,,,,,
"162","HOUSTON","2023081718",0,20.2,27,15.8,303,27.5,89.358,8.669,22.733,,,,,,,,,,,,,,,,,,,,,,
"162","HOUSTON","2023081719",0,20.2,27,13.8,306,26.9,89.792,8.342,22.121,,,,,,,,,,,,,,,,,,,,,,
"162","HOUSTON","2023081720",0,17.7,33,15.9,283,26.4,89.887,9.399,24.066,,,,,,,,,,,,,,,,,,,,,,
"162","HOUSTON","2023081721",0,15.5,39,14.7,288,26.9,89.936,8.911,23.18,,,,,,,,,,,,,,,,,,,,,,
"162","HOUSTON","2023081722",0,13.9,45,6.6,162,24.1,89.87,5.869,17.123,,,,,,,,,,,,,,,,,,,,,,
"162","HOUSTON","2023081723",0,12.9,49,3.7,288,27.5,89.745,4.981,15.128,,,,,,,,,,,,,,,,,,,,,,
"163","LOVELL COVE","2023081700",0,10.9,89,0,48,6.2,83.329,1.685,5.607,,,,,,,,,0,193.3,,0,0,0,0,0,,0,0,,0,
"163","LOVELL COVE","2023081701",0,10.9,90,4.9,52,6.8,82.861,2.031,6.699,,,,,,,,,0,193.3,,0,0,0,0,0,,0,0,,0,
"163","LOVELL COVE","2023081702",0,10.7,91,4.3,40,8.5,82.404,1.86,6.169,,,,,,,,,0,193.3,,0,0,0,0,0,,0,0,,0,
"163","LOVELL COVE","2023081703",0,10.4,88,4.3,35,7.9,82.132,1.799,5.975,,,,,,,,,0,193.3,,0,0,0,0,0,,0,0,,0,
"163","LOVELL COVE","2023081704",0,8.8,90,4.6,35,7.4,81.796,1.754,5.83,,,,,,,,,0,193.3,,0,0,0,0,0,,0,0,,0,
"163","LOVELL COVE","2023081705",0,8.7,81,5.4,347,12,81.791,1.825,6.057,,,,,,,,,0,193.3,,0,0,0,0,0,,0,0,,0,
"163","LOVELL COVE","2023081706",0,9.1,74,5.4,333,14.3,81.838,1.835,6.09,,,,,,,,,0,193.3,,0,0,0,0,0,,0,0,,0,
"163","LOVELL COVE","2023081707",0,8,84,2.1,320,11.4,81.754,1.538,5.122,,,,,,,,,0,193.3,,0,0,0,0,0,,0,0,,0,
"163","LOVELL COVE","2023081708",0,12.6,58,7.5,278,18.9,82.067,2.097,6.902,,,,,,,,,0,193.3,,0,0,0,0,0,,0,0,,0,
"163","LOVELL COVE","2023081709",0,15.2,51,7.4,284,20,82.555,2.216,7.259,,,,,,,,,0,193.3,,0,0,0,0,0,,0,0,,0,
"163","LOVELL COVE","2023081710",0,17.1,41,9.3,250,21.8,83.322,2.689,8.618,,,,,,,,,0,193.3,,0,0,0,0,0,,0,0,,0,
"163","LOVELL COVE","2023081711",0,17,35,7.9,230,21.2,84.136,2.79,8.896,,,,,,,,,0,193.3,,0,0,0,0,0,,0,0,,0,
"163","LOVELL COVE","2023081712",0,17.1,35,9.2,223,21.8,84.876,3.293,10.236,0,88.217,5.278,15.438,35.477,540.065,60.946,3,0,193.3,,0,0,0,0,0,,0,0,,0,
"163","LOVELL COVE","2023081713",0,19.5,30,10.6,259,21.2,85.807,4.021,12.496,,,,,,,,,0,193.3,,0,0,0,0,0,,0,0,,0,
"163","LOVELL COVE","2023081714",0,20.1,28,12.7,237,26.9,86.735,5.094,15.027,,,,,,,,,0,193.3,,0,0,0,0,0,,0,0,,0,
"163","LOVELL COVE","2023081715",0,20,29,11.6,238,26.9,87.473,5.354,15.608,,,,,,,,,0,193.3,,0,0,0,0,0,,0,0,,0,
"163","LOVELL COVE","2023081716",0,19.3,30,11.9,231,28.1,88.041,5.896,16.785,,,,,,,,,0,193.3,,0,0,0,0,0,,0,0,,0,
"163","LOVELL COVE","2023081717",0,19.1,31,12.6,242,26.4,88.491,6.514,18.078,,,,,,,,,0,193.3,,0,0,0,0,0,,0,0,,0,
"163","LOVELL COVE","2023081718",0,15.5,38,10.8,278,29.2,88.573,6.02,17.05,,,,,,,,,0,193.3,,0,0,0,0,0,,0,0,,0,
"163","LOVELL COVE","2023081719",0,13.3,47,8.1,289,25.2,88.593,5.27,15.42,,,,,,,,,0,193.3,,0,0,0,0,0,,0,0,,0,
"163","LOVELL COVE","2023081720",0,11.2,59,4.1,319,18.3,88.397,4.188,12.904,,,,,,,,,0,193.3,,0,0,0,0,0,,0,0,,0,
"163","LOVELL COVE","2023081721",0,9.2,65,4.3,337,13.7,88.1,4.054,12.577,,,,,,,,,0,193.3,,0,0,0,0,0,,0,0,,0,
"163","LOVELL COVE","2023081722",0,9.1,58,8.8,287,21.2,87.924,4.959,14.721,,,,,,,,,0,193.3,,0,0,0,0,0,,0,0,,0,
"163","LOVELL COVE","2023081723",0,8.7,61,6.3,311,14.9,87.723,4.248,13.051,,,,,,,,,0,193.3,,0,0,0,0,0,,0,0,,0,
"165","MOOSE LAKE","2023081700",0,16.5,60,3.6,250,10.8,89.562,4.827,13.996,,,,,,,,,,,,,,0,1,583.48,,,,,,
"165","MOOSE LAKE","2023081701",0,13.3,71,2.7,253,7.4,89.052,4.287,12.753,,,,,,,,,,,,,,0,1,583.55,,,,,,
"165","MOOSE LAKE","2023081702",0,10.6,83,1.8,206,7.4,88.316,3.687,11.298,,,,,,,,,,,,,,0,1,583.58,,,,,,
"165","MOOSE LAKE","2023081703",0,9.7,87,3.4,262,7.4,87.471,3.541,10.932,,,,,,,,,,,,,,0,1,583.57,,,,,,
"165","MOOSE LAKE","2023081704",0,8.5,90,3.2,73,5.1,86.61,3.101,9.793,,,,,,,,,,,,,,0,1,583.56,,,,,,
"165","MOOSE LAKE","2023081705",0,7.3,92,2.1,236,3.3,85.798,2.617,8.469,,,,,,,,,,,,,,0,1,583.56,,,,,,
"165","MOOSE LAKE","2023081706",0,6.2,96,1.6,22,3.3,84.888,2.249,7.406,,,,,,,,,,,,,,0,1,583.56,,,,,,
"165","MOOSE LAKE","2023081707",0,6.5,96,0,326,2.8,84.202,1.891,6.309,,,,,,,,,,,,,,0,1,583.54,,,,,,
"165","MOOSE LAKE","2023081708",0,12.1,87,3.2,278,8.5,83.794,2.104,6.968,,,,,,,,,,,,,,0,1,583.43,,,,,,
"165","MOOSE LAKE","2023081709",0,19.4,52,8.5,249,20.6,84.217,2.907,9.273,,,,,,,,,,,,,,0,1,583.24,,,,,,
"165","MOOSE LAKE","2023081710",0,22.8,38,7.4,250,21.2,85.101,3.102,9.797,,,,,,,,,,,,,,0,1,583.2,,,,,,
"165","MOOSE LAKE","2023081711",0,18.8,41,7.1,236,18.9,85.604,3.277,10.255,,,,,,,,,,,,,,0,1,583.39,,,,,,
"165","MOOSE LAKE","2023081712",0,23.1,25,14.5,264,31,86.89,5.703,15.903,0,92.677,13.022,30.104,36.771,585.703,63.565,4,,,,,,0,1,583.29,,,,,,
"165","MOOSE LAKE","2023081713",0,22.6,23,14.2,257,34.4,88.008,6.589,18.644,,,,,,,,,,,,,,0,1,583.32,,,,,,
"165","MOOSE LAKE","2023081714",0,22.4,25,10.5,262,28.7,88.803,6.129,17.675,,,,,,,,,,,,,,0,1,583.35,,,,,,
"165","MOOSE LAKE","2023081715",0,21,30,10.5,255,24.6,89.232,6.518,18.496,,,,,,,,,,,,,,0,1,583.39,,,,,,
"165","MOOSE LAKE","2023081716",0,20.5,27,9.6,250,24.6,89.672,6.635,18.741,,,,,,,,,,,,,,0,1,583.42,,,,,,
"165","MOOSE LAKE","2023081717",0,18.7,26,10.5,254,26.9,90.022,7.3,20.091,,,,,,,,,,,,,,0,1,583.45,,,,,,
"165","MOOSE LAKE","2023081718",0,17.4,25,12.4,247,31,90.32,8.384,22.188,,,,,,,,,,,,,,0,1,583.5,,,,,,
"165","MOOSE LAKE","2023081719",0,16.2,28,8,248,24.6,90.441,6.834,19.15,,,,,,,,,,,,,,0,1,583.5,,,,,,
"165","MOOSE LAKE","2023081720",0,14.9,34,9.8,253,22.3,90.491,7.536,20.557,,,,,,,,,,,,,,0,1,583.51,,,,,,
"165","MOOSE LAKE","2023081721",0,13.6,45,7.6,269,22.3,90.364,6.624,18.718,,,,,,,,,,,,,,0,1,583.52,,,,,,
"165","MOOSE LAKE","2023081722",0,12.6,50,8.3,255,20.6,90.141,6.647,18.764,,,,,,,,,,,,,,0,1,583.52,,,,,,
"165","MOOSE LAKE","2023081723",0,11.9,56,6.9,265,18.9,89.829,5.923,17.232,,,,,,,,,,,,,,0,1,583.52,,,,,,
"166","KLUSKUS","2023081700",0,18.7,52,3.2,252,20.3,90.605,5.493,13.19,,,,,,,,,,,,,,0,1,552.67,,,,3688.4,0,
"166","KLUSKUS","2023081701",0,17.1,59,3.9,261,10.4,90.235,5.397,13.008,,,,,,,,,,,,,,0,1,552.69,,,,3688.4,0,
"166","KLUSKUS","2023081702",0,16.1,64,4.9,290,10.4,89.774,5.313,12.847,,,,,,,,,,,,,,0,1,552.69,,,,3688.4,0,
"166","KLUSKUS","2023081703",0,14.1,74,5.1,284,12.8,89.109,4.879,12.004,,,,,,,,,,,,,,0,1,552.69,,,,3688.4,0,
"166","KLUSKUS","2023081704",0,14.4,73,5.1,269,11.7,88.551,4.503,11.251,,,,,,,,,,,,,,0,1,552.66,,,,3688.4,0,
"166","KLUSKUS","2023081705",0,12.9,76,5.7,271,11.2,87.971,4.271,10.774,,,,,,,,,,,,,,0,1,552.64,,,,3688.4,0,
"166","KLUSKUS","2023081706",0,10.8,89,2.9,236,10.1,87.076,3.263,8.585,,,,,,,,,,,,,,0,1,552.62,,,,3688.4,0,
"166","KLUSKUS","2023081707",0,14.9,65,3.7,266,10.4,86.955,3.34,8.759,,,,,,,,,,,,,,0,1,552.58,,,,3688.4,0,
"166","KLUSKUS","2023081708",0,19.2,46,7.7,280,17.5,87.124,4.185,10.596,,,,,,,,,,,,,,0,1,552.56,,,,3688.4,0,
"166","KLUSKUS","2023081709",0,20.2,39,11.1,265,23.3,87.495,5.237,12.703,,,,,,,,,,,,,,0,1,552.57,,,,3688.4,0,
"166","KLUSKUS","2023081710",0,21.6,35,10.1,254,25,87.979,5.337,12.893,,,,,,,,,,,,,,0,1,552.59,,,,3688.4,0,
"166","KLUSKUS","2023081711",0,19.5,36,8.8,272,27.5,88.281,5.22,12.668,,,,,,,,,,,,,,0,1,552.67,,,,3688.4,0,
"166","KLUSKUS","2023081712",0,21.9,27,9,287,28.1,88.918,5.777,13.721,0,92.051,9.036,20.374,28.559,404.215,48.544,4,,,,,,0,1,552.62,,,,3688.4,0,
"166","KLUSKUS","2023081713",0,24.4,18,12.7,265,32.2,90.001,8.131,18.868,,,,,,,,,,,,,,0,1,552.62,,,,3688.4,0,
"166","KLUSKUS","2023081714",0,24.6,17,11.8,260,35.5,90.937,8.883,20.124,,,,,,,,,,,,,,0,1,552.63,,,,3688.4,0,
"166","KLUSKUS","2023081715",0,23.2,15,12.8,269,31.8,91.738,10.469,22.636,,,,,,,,,,,,,,0,1,552.65,,,,3688.4,0,
"166","KLUSKUS","2023081716",0,22.9,18,10.8,263,40,92.231,10.148,22.141,,,,,,,,,,,,,,0,1,552.65,,,,3688.4,0,
"166","KLUSKUS","2023081717",0,20.3,24,10.5,276,25.2,92.314,10.115,22.088,,,,,,,,,,,,,,0,1,552.7,,,,3688.4,0,
"166","KLUSKUS","2023081718",0,18.2,25,8.1,275,25.4,92.364,9.026,20.356,,,,,,,,,,,,,,0,1,552.73,,,,3688.4,0,
"166","KLUSKUS","2023081719",0,16.5,32,5.5,274,20.7,92.345,7.896,18.466,,,,,,,,,,,,,,0,1,552.72,,,,3688.4,0,
"166","KLUSKUS","2023081720",0,14.9,35,6.4,292,20.3,92.252,8.155,18.909,,,,,,,,,,,,,,0,1,552.72,,,,3688.4,0,
"166","KLUSKUS","2023081721",0,13.6,42,5.7,273,14.6,92.029,7.628,18.003,,,,,,,,,,,,,,0,1,552.69,,,,3688.4,0,
"166","KLUSKUS","2023081722",0,12.9,43,6,273,18.9,91.8,7.498,17.775,,,,,,,,,,,,,,0,1,552.66,,,,3688.4,0,
"166","KLUSKUS","2023081723",0,12,46,6.7,274,20.8,91.524,7.469,17.723,,,,,,,,,,,,,,0,1,552.64,,,,3688.4,0,
"167","AUGIER LAKE","2023081700",0,11.5,84,2.4,258,9.1,88.173,3.723,11.821,,,,,,,,,0,0,,0,0,0,0,0,,0,0,,0,
"167","AUGIER LAKE","2023081701",0,10.4,91,0,313,6.2,87.386,2.947,9.755,,,,,,,,,0,0,,0,0,0,0,0,,0,0,,0,
"167","AUGIER LAKE","2023081702",0,11.8,86,0,314,8.5,86.835,2.725,9.127,,,,,,,,,0,0,,0,0,0,0,0,,0,0,,0,
"167","AUGIER LAKE","2023081703",0,7.7,90,0,221,3.3,86.235,2.503,8.482,,,,,,,,,0,0,,0,0,0,0,0,,0,0,,0,
"167","AUGIER LAKE","2023081704",0,7.2,94,0,299,2.2,85.529,2.267,7.774,,,,,,,,,0,0,,0,0,0,0,0,,0,0,,0,
"167","AUGIER LAKE","2023081705",0,7.9,91,0,222,5.6,84.994,2.105,7.273,,,,,,,,,0,0,,0,0,0,0,0,,0,0,,0,
"167","AUGIER LAKE","2023081706",0,8.7,93,0,216,4.5,84.413,1.945,6.765,,,,,,,,,0,0,,0,0,0,0,0,,0,0,,0,
"167","AUGIER LAKE","2023081707",0,10,93,0,242,0,83.868,1.808,6.318,,,,,,,,,0,0,,0,0,0,0,0,,0,0,,0,
"167","AUGIER LAKE","2023081708",0,11.9,92,0,38,0,83.403,1.701,5.96,,,,,,,,,0,0,,0,0,0,0,0,,0,0,,0,
"167","AUGIER LAKE","2023081709",0,16.8,57,10.2,244,21.8,83.695,2.955,9.776,,,,,,,,,0,0,,0,0,0,0,0,,0,0,,0,
"167","AUGIER LAKE","2023081710",0,18.6,46,12.4,248,21.2,84.288,3.573,11.435,,,,,,,,,0,0,,0,0,0,0,0,,0,0,,0,
"167","AUGIER LAKE","2023081711",0,20.1,36,12.3,256,24.6,85.161,4.004,12.531,,,,,,,,,0,0,,0,0,0,0,0,,0,0,,0,
"167","AUGIER LAKE","2023081712",0,21.3,31,9.2,278,27.5,86.094,3.901,12.272,0,92.035,9.107,24.031,39.644,503.546,66.248,4,0,0,,0,0,0,0,0,,0,0,,0,
"167","AUGIER LAKE","2023081713",0,22.2,28,9.3,295,24.6,87.046,4.486,14.279,,,,,,,,,0,0,,0,0,0,0,0,,0,0,,0,
"167","AUGIER LAKE","2023081714",0,22.3,28,10.6,279,23.5,87.876,5.393,16.43,,,,,,,,,0,0,,0,0,0,0,0,,0,0,,0,
"167","AUGIER LAKE","2023081715",0,21.4,29,8.5,269,27.5,88.477,5.288,16.189,,,,,,,,,0,0,,0,0,0,0,0,,0,0,,0,
"167","AUGIER LAKE","2023081716",0,20.4,29,9.2,267,26.9,88.955,5.867,17.498,,,,,,,,,0,0,,0,0,0,0,0,,0,0,,0,
"167","AUGIER LAKE","2023081717",0,19,29,8.7,260,22.9,89.311,6.021,17.838,,,,,,,,,0,0,,0,0,0,0,0,,0,0,,0,
"167","AUGIER LAKE","2023081718",0,17.7,29,8.1,266,22.3,89.575,6.067,17.939,,,,,,,,,0,0,,0,0,0,0,0,,0,0,,0,
"167","AUGIER LAKE","2023081719",0,16.4,30,7.7,259,18.3,89.74,6.089,17.986,,,,,,,,,0,0,,0,0,0,0,0,,0,0,,0,
"167","AUGIER LAKE","2023081720",0,13.4,43,4.7,250,16,89.725,5.223,16.039,,,,,,,,,0,0,,0,0,0,0,0,,0,0,,0,
"167","AUGIER LAKE","2023081721",0,12.5,41,5.2,256,16,89.731,5.36,16.356,,,,,,,,,0,0,,0,0,0,0,0,,0,0,,0,
"167","AUGIER LAKE","2023081722",0,12.8,45,10.7,294,23.5,89.66,7.002,19.923,,,,,,,,,0,0,,0,0,0,0,0,,0,0,,0,
"167","AUGIER LAKE","2023081723",0,11.9,51,7.7,264,20,89.486,5.871,17.507,,,,,,,,,0,0,,0,0,0,0,0,,0,0,,0,
"169","UPPER FULTON","2023081700",0,13.1,80,2.5,270,12,86.393,2.903,7.162,,,,,,,,,,,,,,,,,,,,,,
"169","UPPER FULTON","2023081701",0,11.3,87,2.3,245,5.6,85.769,2.632,6.544,,,,,,,,,,,,,,,,,,,,,,
"169","UPPER FULTON","2023081702",0,10.4,92,3.1,277,6.2,84.965,2.452,6.119,,,,,,,,,,,,,,,,,,,,,,
"169","UPPER FULTON","2023081703",0,10.7,91,2.6,284,6.8,84.312,2.187,5.478,,,,,,,,,,,,,,,,,,,,,,
"169","UPPER FULTON","2023081704",0,10.8,91,2.7,295,5.6,83.725,2.033,5.092,,,,,,,,,,,,,,,,,,,,,,
"169","UPPER FULTON","2023081705",0,10.1,92,1.9,109,5.1,83.175,1.817,4.536,,,,,,,,,,,,,,,,,,,,,,
"169","UPPER FULTON","2023081706",0,9.9,93,2.4,303,6.2,82.617,1.736,4.321,,,,,,,,,,,,,,,,,,,,,,
"169","UPPER FULTON","2023081707",0,10.1,88,2.4,321,6.2,82.343,1.678,4.164,,,,,,,,,,,,,,,,,,,,,,
"169","UPPER FULTON","2023081708",0,16.7,55,8.5,16,17.7,82.775,2.408,6.015,,,,,,,,,,,,,,,,,,,,,,
"169","UPPER FULTON","2023081709",0,17.4,43,6.1,332,17.2,83.431,2.321,5.806,,,,,,,,,,,,,,,,,,,,,,
"169","UPPER FULTON","2023081710",0,19,32,7.5,302,15.4,84.41,2.837,7.014,,,,,,,,,,,,,,,,,,,,,,
"169","UPPER FULTON","2023081711",0,19.1,31,10.3,313,24.1,85.347,3.715,8.908,,,,,,,,,,,,,,,,,,,,,,
"169","UPPER FULTON","2023081712",0,19.9,31,9.3,274,23.5,86.182,3.97,9.427,0,90.628,7.494,16.649,24.786,398.557,42.903,3,,,,,,,,,,,,,,
"169","UPPER FULTON","2023081713",0,17.2,34,10.4,325,21.2,86.71,4.521,11.222,,,,,,,,,,,,,,,,,,,,,,
"169","UPPER FULTON","2023081714",0,18.4,31,8,309,23.5,87.28,4.344,10.862,,,,,,,,,,,,,,,,,,,,,,
"169","UPPER FULTON","2023081715",0,19.3,28,9.8,295,21.2,87.922,5.214,12.587,,,,,,,,,,,,,,,,,,,,,,
"169","UPPER FULTON","2023081716",0,18.8,28,8,285,19.5,88.438,5.127,12.42,,,,,,,,,,,,,,,,,,,,,,
"169","UPPER FULTON","2023081717",0,18,30,8.2,306,22.3,88.798,5.454,13.042,,,,,,,,,,,,,,,,,,,,,,
"169","UPPER FULTON","2023081718",0,15.5,40,7.8,331,21.8,88.847,5.383,12.908,,,,,,,,,,,,,,,,,,,,,,
"169","UPPER FULTON","2023081719",0,12.8,49,6.8,318,22.9,88.801,5.085,12.338,,,,,,,,,,,,,,,,,,,,,,
"169","UPPER FULTON","2023081720",0,10.9,54,8.8,297,20,88.643,5.498,13.125,,,,,,,,,,,,,,,,,,,,,,
"169","UPPER FULTON","2023081721",0,10.4,58,3.8,294,15.4,88.457,4.161,10.483,,,,,,,,,,,,,,,,,,,,,,
"169","UPPER FULTON","2023081722",0,10.2,58,4,339,14.3,88.284,4.1,10.356,,,,,,,,,,,,,,,,,,,,,,
"169","UPPER FULTON","2023081723",0,9.1,64,2.3,280,9.1,88.039,3.634,9.358,,,,,,,,,,,,,,,,,,,,,,
"170","EAST OOTSA","2023081700",0,14.8,70,8.6,315,13.1,90.274,6.877,19.838,,,,,,,,,,,,,,0,1,584.1,,,,4684.8,,
"170","EAST OOTSA","2023081701",0,15,66,12.2,309,19.1,89.668,7.559,21.237,,,,,,,,,,,,,,0,1,584.07,,,,4684.8,,
"170","EAST OOTSA","2023081702",0,13.2,75,8.3,299,17.1,88.939,5.594,17.04,,,,,,,,,,,,,,0,1,584.06,,,,4684.8,,
"170","EAST OOTSA","2023081703",0,12.9,73,8.8,308,16.1,88.354,5.275,16.306,,,,,,,,,,,,,,0,1,584.06,,,,4684.8,,
"170","EAST OOTSA","2023081704",0,12.7,75,7.8,305,15.6,87.797,4.631,14.769,,,,,,,,,,,,,,0,1,584.04,,,,4684.8,,
"170","EAST OOTSA","2023081705",0,11.3,81,9,285,14.6,87.112,4.461,14.35,,,,,,,,,,,,,,0,1,584.05,,,,4684.8,,
"170","EAST OOTSA","2023081706",0,14.1,71,6.8,287,16.7,86.825,3.833,12.745,,,,,,,,,,,,,,0,1,583.99,,,,4684.8,,
"170","EAST OOTSA","2023081707",0,16.7,57,5.4,255,15.5,86.873,3.596,12.114,,,,,,,,,,,,,,0,1,583.91,,,,4684.8,,
"170","EAST OOTSA","2023081708",0,17.5,45,5.1,287,11.1,87.026,3.62,12.178,,,,,,,,,,,,,,0,1,583.91,,,,4684.8,,
"170","EAST OOTSA","2023081709",0,17.8,42,5.7,295,13.8,87.235,3.844,12.774,,,,,,,,,,,,,,0,1,583.96,,,,4684.8,,
"170","EAST OOTSA","2023081710",0,20.1,25,12,292,24.7,88.05,5.933,17.802,,,,,,,,,,,,,,0,1,583.9,,,,4684.8,,
"170","EAST OOTSA","2023081711",0,21.8,19,13.8,305,28.9,89.093,7.545,21.209,,,,,,,,,,,,,,0,1,583.85,,,,4684.8,,
"170","EAST OOTSA","2023081712",0,21.8,19,18.4,289,35,90.008,10.847,27.357,0,93.766,18.453,40.338,46.419,409.065,72.322,5,,,,,,0,1,583.86,,,,4684.8,,
"170","EAST OOTSA","2023081713",0,22.7,16,15.9,297,38.3,90.929,10.91,28.465,,,,,,,,,,,,,,0,1,583.83,,,,4684.8,,
"170","EAST OOTSA","2023081714",0,22.1,18,15.8,287,32.7,91.561,11.875,30.15,,,,,,,,,,,,,,0,1,583.87,,,,4684.8,,
"170","EAST OOTSA","2023081715",0,22.1,16,14.9,288,37.1,92.169,12.368,30.989,,,,,,,,,,,,,,0,1,583.9,,,,4684.8,,
"170","EAST OOTSA","2023081716",0,21.2,17,15.1,287,32.6,92.587,13.253,32.458,,,,,,,,,,,,,,0,1,583.92,,,,4684.8,,
"170","EAST OOTSA","2023081717",0,19.1,20,15.6,287,30.2,92.736,13.878,33.47,,,,,,,,,,,,,,0,1,584.01,,,,4684.8,,
"170","EAST OOTSA","2023081718",0,17.2,26,14.9,280,27.9,92.786,13.492,32.847,,,,,,,,,,,,,,0,1,584.04,,,,4684.8,,
"170","EAST OOTSA","2023081719",0,15.7,31,12.6,306,28.3,92.72,11.905,30.201,,,,,,,,,,,,,,0,1,584.04,,,,4684.8,,
"170","EAST OOTSA","2023081720",0,14,36,10.5,288,24.1,92.545,10.449,27.637,,,,,,,,,,,,,,0,1,584.05,,,,4684.8,,
"170","EAST OOTSA","2023081721",0,12.5,38,13,303,31.3,92.32,11.482,29.472,,,,,,,,,,,,,,0,1,584.05,,,,4684.8,,
"170","EAST OOTSA","2023081722",0,10.8,46,14.7,302,24.3,91.925,11.831,30.075,,,,,,,,,,,,,,0,1,584.05,,,,4684.8,,
"170","EAST OOTSA","2023081723",0,10.4,48,16.7,307,32.1,91.514,12.344,30.949,,,,,,,,,,,,,,0,1,584.02,,,,4684.8,,
"171","LEO CREEK","2023081700",0,12.5,80,0.8,146,8.3,87.346,3.051,8.494,,,,,,,,,,,,,,,,,,,,5680.2,,
"171","LEO CREEK","2023081701",0,11.9,82,1.4,80,8.5,86.819,2.917,8.167,,,,,,,,,,,,,,,,,,,,5680.2,,
"171","LEO CREEK","2023081702",0,11.4,85,3.1,288,7.6,86.204,2.913,8.157,,,,,,,,,,,,,,,,,,,,5680.2,,
"171","LEO CREEK","2023081703",0,11.4,86,2.4,5,6.6,85.635,2.597,7.362,,,,,,,,,,,,,,,,,,,,5680.2,,
"171","LEO CREEK","2023081704",0,12.2,81,3.5,314,7.2,85.273,2.61,7.396,,,,,,,,,,,,,,,,,,,,5680.2,,
"171","LEO CREEK","2023081705",0,12.6,76,2.2,292,10.6,85.098,2.386,6.815,,,,,,,,,,,,,,,,,,,,5680.2,,
"171","LEO CREEK","2023081706",0,12.4,73,4.1,283,9.7,84.992,2.588,7.34,,,,,,,,,,,,,,,,,,,,5680.2,,
"171","LEO CREEK","2023081707",0,12.6,70,5.8,299,16.3,84.958,2.806,7.892,,,,,,,,,,,,,,,,,,,,5680.2,,
"171","LEO CREEK","2023081708",0,13.2,63,8.2,296,17.6,85.006,3.188,8.823,,,,,,,,,,,,,,,,,,,,5680.2,,
"171","LEO CREEK","2023081709",0,16.7,47,11.4,280,27,85.338,3.922,10.508,,,,,,,,,,,,,,,,,,,,5680.2,,
"171","LEO CREEK","2023081710",0,17.4,42,11.4,285,28.3,85.773,4.167,11.045,,,,,,,,,,,,,,,,,,,,5680.2,,
"171","LEO CREEK","2023081711",0,18.4,36,14.4,305,29.9,86.377,5.276,13.343,,,,,,,,,,,,,,,,,,,,5680.2,,
"171","LEO CREEK","2023081712",0,19.8,32,10.7,292,24.9,87.049,4.816,12.414,0,90.458,7.848,18.96,29.355,523.578,51.493,4,,,,,,,,,,,,5680.2,,
"171","LEO CREEK","2023081713",0,20.1,29,12.5,307,28.5,87.754,5.832,15.187,,,,,,,,,,,,,,,,,,,,5680.2,,
"171","LEO CREEK","2023081714",0,19.5,30,13.9,309,31.4,88.304,6.771,17,,,,,,,,,,,,,,,,,,,,5680.2,,
"171","LEO CREEK","2023081715",0,19.2,29,11.5,304,28.2,88.777,6.422,16.338,,,,,,,,,,,,,,,,,,,,5680.2,,
"171","LEO CREEK","2023081716",0,19,27,12.9,298,27.8,89.248,7.373,18.11,,,,,,,,,,,,,,,,,,,,5680.2,,
"171","LEO CREEK","2023081717",0,18.8,28,11.4,301,28.6,89.601,7.192,17.779,,,,,,,,,,,,,,,,,,,,5680.2,,
"171","LEO CREEK","2023081718",0,17.9,29,10.6,307,28.6,89.841,7.149,17.7,,,,,,,,,,,,,,,,,,,,5680.2,,
"171","LEO CREEK","2023081719",0,15.4,35,11.2,303,26.3,89.89,7.421,18.196,,,,,,,,,,,,,,,,,,,,5680.2,,
"171","LEO CREEK","2023081720",0,13.1,43,4.6,336,21.9,89.859,5.298,14.105,,,,,,,,,,,,,,,,,,,,5680.2,,
"171","LEO CREEK","2023081721",0,12.2,45,7.7,306,19.1,89.777,6.121,15.757,,,,,,,,,,,,,,,,,,,,5680.2,,
"171","LEO CREEK","2023081722",0,11.4,50,8.4,304,20.4,89.603,6.184,15.879,,,,,,,,,,,,,,,,,,,,5680.2,,
"171","LEO CREEK","2023081723",0,10,58,7.3,297,27.3,89.295,5.598,14.718,,,,,,,,,,,,,,,,,,,,5680.2,,
"172","NILKITKWA","2023081700",0,12,86,6.4,354,12,84.764,2.817,5.785,,,,,,,,,,,,,,,,,,,,,,
"172","NILKITKWA","2023081701",0,12.4,80,7.6,341,16.6,84.495,2.885,5.92,,,,,,,,,,,,,,,,,,,,,,
"172","NILKITKWA","2023081702",0,12.3,75,8.8,334,20.6,84.391,3.022,6.189,,,,,,,,,,,,,,,,,,,,,,
"172","NILKITKWA","2023081703",0,11.8,72,10.8,326,18.3,84.361,3.328,6.776,,,,,,,,,,,,,,,,,,,,,,
"172","NILKITKWA","2023081704",0,10.7,71,9,341,18.3,84.342,3.032,6.209,,,,,,,,,,,,,,,,,,,,,,
"172","NILKITKWA","2023081705",0,10.6,69,10.4,338,21.2,84.363,3.263,6.652,,,,,,,,,,,,,,,,,,,,,,
"172","NILKITKWA","2023081706",0,9.6,70,9.5,326,24.1,84.347,3.112,6.363,,,,,,,,,,,,,,,,,,,,,,
"172","NILKITKWA","2023081707",0,11.1,63,10.7,314,20.6,84.394,3.327,6.773,,,,,,,,,,,,,,,,,,,,,,
"172","NILKITKWA","2023081708",0,13.6,54,12.3,311,24.6,84.572,3.694,7.453,,,,,,,,,,,,,,,,,,,,,,
"172","NILKITKWA","2023081709",0,14.4,48,15.7,316,35,84.885,4.576,8.995,,,,,,,,,,,,,,,,,,,,,,
"172","NILKITKWA","2023081710",0,15.7,46,11.7,316,29.8,85.226,3.92,7.86,,,,,,,,,,,,,,,,,,,,,,
"172","NILKITKWA","2023081711",0,15.9,39,16.3,293,28.7,85.732,5.303,10.19,,,,,,,,,,,,,,,,,,,,,,
"172","NILKITKWA","2023081712",0,17.9,30,14.8,281,31,86.512,5.487,10.483,0,90.147,9.231,17.048,18.397,428.806,33.229,3,,,,,,,,,,,,,,
"172","NILKITKWA","2023081713",0,18,31,14.2,299,31.6,87.149,5.827,11.944,,,,,,,,,,,,,,,,,,,,,,
"172","NILKITKWA","2023081714",0,18.8,33,14.8,293,31,87.668,6.468,12.978,,,,,,,,,,,,,,,,,,,,,,
"172","NILKITKWA","2023081715",0,19,28,13.7,275,32.7,88.276,6.676,13.306,,,,,,,,,,,,,,,,,,,,,,
"172","NILKITKWA","2023081716",0,17.9,29,13.3,297,28.1,88.715,6.969,13.76,,,,,,,,,,,,,,,,,,,,,,
"172","NILKITKWA","2023081717",0,16.9,32,15.1,302,31.6,88.972,7.917,15.183,,,,,,,,,,,,,,,,,,,,,,
"172","NILKITKWA","2023081718",0,15.8,39,14.1,318,29.2,89.021,7.582,14.687,,,,,,,,,,,,,,,,,,,,,,
"172","NILKITKWA","2023081719",0,13.2,50,12.2,306,28.7,88.931,6.8,13.499,,,,,,,,,,,,,,,,,,,,,,
"172","NILKITKWA","2023081720",0,10.8,61,8.2,309,25.2,88.629,5.324,11.101,,,,,,,,,,,,,,,,,,,,,,
"172","NILKITKWA","2023081721",0,9.2,68,7.8,340,20.6,88.214,4.916,10.397,,,,,,,,,,,,,,,,,,,,,,
"172","NILKITKWA","2023081722",0,8.1,72,7.4,334,17.7,87.76,4.514,9.682,,,,,,,,,,,,,,,,,,,,,,
"172","NILKITKWA","2023081723",0,7.2,78,5.5,329,10.8,87.238,3.807,8.365,,,,,,,,,,,,,,,,,,,,,,
"173","NORTH BABINE","2023081700",0,9.4,92,0,24,5.6,85.692,2.319,,,,,,,,,,,,,,,,,,,,,,,
"173","NORTH BABINE","2023081701",0,7.8,96,0,21,0,84.921,2.085,,,,,,,,,,,,,,,,,,,,,,,
"173","NORTH BABINE","2023081702",0,6.9,98,2.5,33,4.5,83.906,2.061,,,,,,,,,,,,,,,,,,,,,,,
"173","NORTH BABINE","2023081703",0,7,98,2.2,11,7.4,83.002,1.804,,,,,,,,,,,,,,,,,,,,,,,
"173","NORTH BABINE","2023081704",0,8,99,0,47,0,82.271,1.473,,,,,,,,,,,,,,,,,,,,,,,
"173","NORTH BABINE","2023081705",0,8,99,3.3,236,7.4,81.399,1.567,,,,,,,,,,,,,,,,,,,,,,,
"173","NORTH BABINE","2023081706",0,7.8,97,1.7,58,3.9,80.813,1.352,,,,,,,,,,,,,,,,,,,,,,,
"173","NORTH BABINE","2023081707",0,8.6,98,1.6,162,4.5,80.211,1.26,,,,,,,,,,,,,,,,,,,,,,,
"173","NORTH BABINE","2023081708",0,12.9,65,5.2,214,8.5,80.515,1.561,,,,,,,,,,,,,,,,,,,,,,,
"173","NORTH BABINE","2023081709",0,15.5,51,7.5,254,21.8,81.168,1.886,,,,,,,,,,,,,,,,,,,,,,,
"173","NORTH BABINE","2023081710",0,16.4,42,10,280,19.5,82.047,2.373,,,,,,,,,,,,,,,,,,,,,,,
"173","NORTH BABINE","2023081711",0,19,27,10.7,234,22.9,83.436,2.929,,,,,,,,,,,,,,,,,,,,,,,
"173","NORTH BABINE","2023081712",0,19.5,24,11.8,216,26.4,84.8,3.716,,0,,,,,,,,,,,,,,,,,,,,,
"173","NORTH BABINE","2023081713",0,19.6,23,12.7,256,26.4,86.03,4.612,,,,,,,,,,,,,,,,,,,,,,,
"173","NORTH BABINE","2023081714",0,19.2,27,11.3,238,29.8,86.895,4.857,,,,,,,,,,,,,,,,,,,,,,,
"173","NORTH BABINE","2023081715",0,20.2,25,10.3,239,26.4,87.744,5.213,,,,,,,,,,,,,,,,,,,,,,,
"173","NORTH BABINE","2023081716",0,20,24,9.8,217,28.7,88.489,5.656,,,,,,,,,,,,,,,,,,,,,,,
"173","NORTH BABINE","2023081717",0,16.9,28,10.4,263,28.1,88.878,6.164,,,,,,,,,,,,,,,,,,,,,,,
"173","NORTH BABINE","2023081718",0,17.5,27,9.3,295,24.6,89.259,6.16,,,,,,,,,,,,,,,,,,,,,,,
"173","NORTH BABINE","2023081719",0,13.7,35,10,292,22.3,89.308,6.426,,,,,,,,,,,,,,,,,,,,,,,
"173","NORTH BABINE","2023081720",0,11.9,43,6.8,294,28.1,89.308,5.469,,,,,,,,,,,,,,,,,,,,,,,
"173","NORTH BABINE","2023081721",0,10.1,52,7.6,292,25.8,89.136,5.555,,,,,,,,,,,,,,,,,,,,,,,
"173","NORTH BABINE","2023081722",0,8.8,62,4.8,220,23.5,88.819,4.61,,,,,,,,,,,,,,,,,,,,,,,
"173","NORTH BABINE","2023081723",0,9,61,5.7,267,14.9,88.541,4.635,,,,,,,,,,,,,,,,,,,,,,,
"175","BEDNESTI","2023081700",0,18.9,56,4.2,202,9.7,91.174,6.265,20.053,,,,,,,,,,,,,,,,,,,,,,
"175","BEDNESTI","2023081701",0,17.4,64,2.8,228,8.5,90.642,5.412,18.017,,,,,,,,,,,,,,,,,,,,,,
"175","BEDNESTI","2023081702",0,17,69,4.3,238,9.1,90.012,5.334,17.825,,,,,,,,,,,,,,,,,,,,,,
"175","BEDNESTI","2023081703",0,16,74,3.3,248,9.7,89.347,4.611,15.984,,,,,,,,,,,,,,,,,,,,,,
"175","BEDNESTI","2023081704",0,16.1,70,5.2,270,12.5,88.838,4.716,16.26,,,,,,,,,,,,,,,,,,,,,,
"175","BEDNESTI","2023081705",0,14.7,77,2.4,275,11.4,88.255,3.767,13.687,,,,,,,,,,,,,,,,,,,,,,
"175","BEDNESTI","2023081706",0,15.7,72,4,227,10.8,87.844,3.85,13.92,,,,,,,,,,,,,,,,,,,,,,
"175","BEDNESTI","2023081707",0,19.1,59,5.3,217,11.4,87.813,4.092,14.594,,,,,,,,,,,,,,,,,,,,,,
"175","BEDNESTI","2023081708",0,20.6,50,6.5,260,14.3,87.862,4.377,15.367,,,,,,,,,,,,,,,,,,,,,,
"175","BEDNESTI","2023081709",0,22.5,39,8.9,237,22.9,88.193,5.181,17.444,,,,,,,,,,,,,,,,,,,,,,
"175","BEDNESTI","2023081710",0,21.2,41,9.8,269,25.2,88.381,5.569,18.401,,,,,,,,,,,,,,,,,,,,,,
"175","BEDNESTI","2023081711",0,19.6,45,8.8,260,21.2,88.43,5.332,17.821,,,,,,,,,,,,,,,,,,,,,,
"175","BEDNESTI","2023081712",0,23.2,38,8.2,257,23.5,88.726,5.398,17.985,0,91.692,8.249,25.078,50.463,560.649,82.388,4,,,,,,,,,,,,,,
"175","BEDNESTI","2023081713",0,24.4,28,10.5,269,22.9,89.387,6.665,21.576,,,,,,,,,,,,,,,,,,,,,,
"175","BEDNESTI","2023081714",0,25.4,22,9.1,303,25.2,90.216,6.994,22.33,,,,,,,,,,,,,,,,,,,,,,
"175","BEDNESTI","2023081715",0,25.6,21,10.6,263,25.8,90.97,8.401,25.399,,,,,,,,,,,,,,,,,,,,,,
"175","BEDNESTI","2023081716",0,23.9,23,7.3,268,22.3,91.4,7.564,23.601,,,,,,,,,,,,,,,,,,,,,,
"175","BEDNESTI","2023081717",0,22.2,23,9.5,304,21.8,91.709,8.829,26.289,,,,,,,,,,,,,,,,,,,,,,
"175","BEDNESTI","2023081718",0,20.5,24,4.9,287,17.7,91.867,7.16,22.705,,,,,,,,,,,,,,,,,,,,,,
"175","BEDNESTI","2023081719",0,19.5,24,6.2,298,18.3,91.979,7.768,24.047,,,,,,,,,,,,,,,,,,,,,,
"175","BEDNESTI","2023081720",0,17.9,31,4.4,276,16.6,92.028,7.144,22.668,,,,,,,,,,,,,,,,,,,,,,
"175","BEDNESTI","2023081721",0,16.6,33,5.3,276,12,92.021,7.468,23.39,,,,,,,,,,,,,,,,,,,,,,
"175","BEDNESTI","2023081722",0,14.5,40,3.9,226,12,91.877,6.819,21.93,,,,,,,,,,,,,,,,,,,,,,
"175","BEDNESTI","2023081723",0,12.9,46,3.3,221,9.1,91.635,6.392,20.939,,,,,,,,,,,,,,,,,,,,,,
"178","PEDEN","2023081700",0,14.9,72,4.4,28,12,89.747,5.161,16.882,,,,,,,,,,,,,,0,1,113.03,,,,,,
"178","PEDEN","2023081701",0,12.4,79,5.1,10,9.1,88.949,4.768,15.905,,,,,,,,,,,,,,0,1,113.01,,,,,,
"178","PEDEN","2023081702",0,11.4,84,5.6,12,13.7,88.071,4.311,14.729,,,,,,,,,,,,,,0,1,112.99,,,,,,
"178","PEDEN","2023081703",0,10.2,87,5.1,23,10.2,87.202,3.712,13.112,,,,,,,,,,,,,,0,1,112.97,,,,,,
"178","PEDEN","2023081704",0,9.4,90,4.8,8,9.7,86.312,3.223,11.716,,,,,,,,,,,,,,0,1,112.96,,,,,,
"178","PEDEN","2023081705",0,10.8,88,5.4,1,10.2,85.588,3.001,11.057,,,,,,,,,,,,,,0,1,112.95,,,,,,
"178","PEDEN","2023081706",0,11.7,87,4.3,5,9.7,85.006,2.619,9.879,,,,,,,,,,,,,,0,1,112.94,,,,,,
"178","PEDEN","2023081707",0,13.2,79,5.4,348,10.8,84.76,2.677,10.06,,,,,,,,,,,,,,0,1,112.93,,,,,,
"178","PEDEN","2023081708",0,15.1,76,4.6,357,11.4,84.651,2.533,9.604,,,,,,,,,,,,,,0,1,112.92,,,,,,
"178","PEDEN","2023081709",0,20.1,42,10,329,17.7,85.266,3.618,12.85,,,,,,,,,,,,,,0,1,112.86,,,,,,
"178","PEDEN","2023081710",0,21.8,33,13.1,313,20,86.197,4.817,16.03,,,,,,,,,,,,,,0,1,112.74,,,,,,
"178","PEDEN","2023081711",0,23.2,25,13.5,301,27.5,87.375,5.81,18.434,,,,,,,,,,,,,,0,1,112.57,,,,,,
"178","PEDEN","2023081712",0,23.6,21,14.6,332,27.5,88.567,7.285,21.716,0,93.71,15.12,37.161,47.257,643.021,79.845,5,,,,,,0,1,112.34,,,,,,
"178","PEDEN","2023081713",0,23.4,19,13.8,343,33.3,89.618,8.136,24.448,,,,,,,,,,,,,,0,1,112.08,,,,,,
"178","PEDEN","2023081714",0,22.9,21,11.2,5,26.4,90.344,7.919,23.989,,,,,,,,,,,,,,0,1,111.86,,,,,,
"178","PEDEN","2023081715",0,23.1,21,13.6,329,28.7,90.976,9.781,27.77,,,,,,,,,,,,,,0,1,111.61,,,,,,
"178","PEDEN","2023081716",0,22.3,24,13.4,339,33.9,91.338,10.194,28.566,,,,,,,,,,,,,,0,1,111.38,,,,,,
"178","PEDEN","2023081717",0,20,26,11.1,335,25.8,91.482,9.267,26.759,,,,,,,,,,,,,,0,1,111.18,,,,,,
"178","PEDEN","2023081718",0,19.7,32,9.5,323,20.6,91.532,8.61,25.431,,,,,,,,,,,,,,0,1,111.04,,,,,,
"178","PEDEN","2023081719",0,18.1,35,8.7,336,19.5,91.552,8.293,24.776,,,,,,,,,,,,,,0,1,110.92,,,,,,
"178","PEDEN","2023081720",0,14.8,41,7.3,358,21.2,91.412,7.577,23.255,,,,,,,,,,,,,,0,1,110.82,,,,,,
"178","PEDEN","2023081721",0,12.8,48,6.9,350,18.3,91.136,7.139,22.295,,,,,,,,,,,,,,0,1,110.74,,,,,,
"178","PEDEN","2023081722",0,11.9,54,4.7,346,13.1,90.789,6.082,19.872,,,,,,,,,,,,,,0,1,110.69,,,,,,
"178","PEDEN","2023081723",0,12.1,53,6.8,350,12.5,90.473,6.462,20.762,,,,,,,,,,,,,,0,1,110.65,,,,,,
"179","NADINA","2023081700",0,13.2,80,6.5,283,10.8,88.2,4.594,,,,,,,,,,,,,,,0,1,144.15,,,,,,
"179","NADINA","2023081701",0,12.2,84,5.5,267,12,87.405,3.899,,,,,,,,,,,,,,,0,1,144.11,,,,,,
"179","NADINA","2023081702",0,11.6,85,5.4,260,8.5,86.674,3.496,,,,,,,,,,,,,,,0,1,144.09,,,,,,
"179","NADINA","2023081703",0,10.9,91,4.6,247,8.5,85.774,2.958,,,,,,,,,,,,,,,0,1,144.07,,,,,,
"179","NADINA","2023081704",0,10.2,92,3.9,242,10.2,84.95,2.547,,,,,,,,,,,,,,,0,1,144.06,,,,,,
"179","NADINA","2023081705",0,11.6,85,3.3,203,7.4,84.534,2.335,,,,,,,,,,,,,,,0,1,144.05,,,,,,
"179","NADINA","2023081706",0,11.6,85,3.6,200,9.1,84.159,2.254,,,,,,,,,,,,,,,0,1,144.05,,,,,,
"179","NADINA","2023081707",0,11.5,88,4.6,195,7.9,83.693,2.228,,,,,,,,,,,,,,,0,1,144.05,,,,,,
"179","NADINA","2023081708",0,13,81,3.7,164,9.1,83.547,2.088,,,,,,,,,,,,,,,0,1,144.04,,,,,,
"179","NADINA","2023081709",0,18,52,9.8,297,21.8,83.965,3.001,,,,,,,,,,,,,,,0,1,143.98,,,,,,
"179","NADINA","2023081710",0,19.8,38,9.6,296,20,84.769,3.312,,,,,,,,,,,,,,,0,1,143.85,,,,,,
"179","NADINA","2023081711",0,21.2,33,9.2,260,24.1,85.685,3.684,,,,,,,,,,,,,,,0,1,143.62,,,,,,
"179","NADINA","2023081712",0,21.6,28,10.9,284,24.6,86.69,4.623,,0,,,,,,,,,,,,,0,1,143.35,,,,,,
"179","NADINA","2023081713",0,21,26,10.8,315,26.9,87.582,5.223,,,,,,,,,,,,,,,0,1,142.99,,,,,,
"179","NADINA","2023081714",0,20.8,27,13.3,316,28.1,88.318,6.583,,,,,,,,,,,,,,,0,1,142.64,,,,,,
"179","NADINA","2023081715",0,20.5,25,15.2,323,31,89.015,8.006,,,,,,,,,,,,,,,0,1,142.28,,,,,,
"179","NADINA","2023081716",0,20.3,26,13,310,38.5,89.539,7.726,,,,,,,,,,,,,,,0,1,141.92,,,,,,
"179","NADINA","2023081717",0,18.7,29,11.8,298,26.4,89.816,7.568,,,,,,,,,,,,,,,0,1,141.62,,,,,,
"179","NADINA","2023081718",0,17.5,33,12.8,306,26.9,89.9,8.055,,,,,,,,,,,,,,,0,1,141.33,,,,,,
"179","NADINA","2023081719",0,16.3,35,12.4,290,26.4,89.949,7.95,,,,,,,,,,,,,,,0,1,141.06,,,,,,
"179","NADINA","2023081720",0,13.9,42,13,277,25.8,89.924,8.165,,,,,,,,,,,,,,,0,1,140.85,,,,,,
"179","NADINA","2023081721",0,11.8,50,9.5,280,22.9,89.733,6.66,,,,,,,,,,,,,,,0,1,140.7,,,,,,
"179","NADINA","2023081722",0,10.6,56,8.9,270,17.2,89.441,6.196,,,,,,,,,,,,,,,0,1,140.6,,,,,,
"179","NADINA","2023081723",0,9.7,63,8.4,310,20,89.04,5.705,,,,,,,,,,,,,,,0,1,140.53,,,,,,
"180","MCBRIDE LAKE","2023081700",0,16.6,63,6.7,274,19.5,88.815,5.07,17.023,,,,,,,,,0,0,,0,0,0,0,0,,0,0,,0,
"180","MCBRIDE LAKE","2023081701",0,16.7,60,7.4,256,16,88.599,5.091,17.077,,,,,,,,,0,0,,0,0,0,0,0,,0,0,,0,
"180","MCBRIDE LAKE","2023081702",0,15.2,65,5.6,264,13.7,88.295,4.452,15.434,,,,,,,,,0,0,,0,0,0,0,0,,0,0,,0,
"180","MCBRIDE LAKE","2023081703",0,14.7,64,5.1,223,16,88.049,4.19,14.736,,,,,,,,,0,0,,0,0,0,0,0,,0,0,,0,
"180","MCBRIDE LAKE","2023081704",0,13.7,68,1.9,238,9.7,87.777,3.43,12.602,,,,,,,,,0,0,,0,0,0,0,0,,0,0,,0,
"180","MCBRIDE LAKE","2023081705",0,13.7,67,3.3,218,10.2,87.534,3.555,12.965,,,,,,,,,0,0,,0,0,0,0,0,,0,0,,0,
"180","MCBRIDE LAKE","2023081706",0,13.6,65,2.1,204,7.4,87.367,3.267,12.124,,,,,,,,,0,0,,0,0,0,0,0,,0,0,,0,
"180","MCBRIDE LAKE","2023081707",0,14.1,64,1.9,2,6.2,87.241,3.177,11.854,,,,,,,,,0,0,,0,0,0,0,0,,0,0,,0,
"180","MCBRIDE LAKE","2023081708",0,18.9,43,9.4,278,17.7,87.442,4.771,16.265,,,,,,,,,0,0,,0,0,0,0,0,,0,0,,0,
"180","MCBRIDE LAKE","2023081709",0,19.6,39,11.6,281,22.3,87.75,5.571,18.256,,,,,,,,,0,0,,0,0,0,0,0,,0,0,,0,
"180","MCBRIDE LAKE","2023081710",0,20.4,33,11.3,268,27.5,88.221,5.869,18.97,,,,,,,,,0,0,,0,0,0,0,0,,0,0,,0,
"180","MCBRIDE LAKE","2023081711",0,20.7,26,13.2,281,30.4,88.888,7.109,21.785,,,,,,,,,0,0,,0,0,0,0,0,,0,0,,0,
"180","MCBRIDE LAKE","2023081712",0,21.7,24,10.1,269,25.2,89.544,6.68,20.837,0,92.652,10.396,29.276,50.944,515.866,81.714,4,0,0,,0,0,0,0,0,,0,0,,0,
"180","MCBRIDE LAKE","2023081713",0,20.9,28,12.7,268,26.4,89.935,8.055,24.559,,,,,,,,,0,0,,0,0,0,0,0,,0,0,,0,
"180","MCBRIDE LAKE","2023081714",0,21.2,29,13.1,283,29.2,90.24,8.586,25.676,,,,,,,,,0,0,,0,0,0,0,0,,0,0,,0,
"180","MCBRIDE LAKE","2023081715",0,20.7,29,11.8,269,26.4,90.476,8.317,25.114,,,,,,,,,0,0,,0,0,0,0,0,,0,0,,0,
"180","MCBRIDE LAKE","2023081716",0,20.2,31,13.4,264,26.9,90.595,9.171,26.872,,,,,,,,,0,0,,0,0,0,0,0,,0,0,,0,
"180","MCBRIDE LAKE","2023081717",0,19.1,32,13.7,268,28.7,90.645,9.376,27.284,,,,,,,,,0,0,,0,0,0,0,0,,0,0,,0,
"180","MCBRIDE LAKE","2023081718",0,18.4,35,12.1,269,28.7,90.695,8.712,25.936,,,,,,,,,0,0,,0,0,0,0,0,,0,0,,0,
"180","MCBRIDE LAKE","2023081719",0,15.1,41,11.9,277,25.2,90.63,8.546,25.592,,,,,,,,,0,0,,0,0,0,0,0,,0,0,,0,
"180","MCBRIDE LAKE","2023081720",0,13.5,48,11.9,268,22.9,90.407,8.278,25.032,,,,,,,,,0,0,,0,0,0,0,0,,0,0,,0,
"180","MCBRIDE LAKE","2023081721",0,12.4,53,8.2,284,24.6,90.119,6.592,21.314,,,,,,,,,0,0,,0,0,0,0,0,,0,0,,0,
"180","MCBRIDE LAKE","2023081722",0,12.1,55,8.4,290,22.3,89.818,6.378,20.813,,,,,,,,,0,0,,0,0,0,0,0,,0,0,,0,
"180","MCBRIDE LAKE","2023081723",0,11.6,57,4.5,212,16.6,89.541,5.036,17.513,,,,,,,,,0,0,,0,0,0,0,0,,0,0,,0,
"181","BURNS LAKE 850M","2023081700",0,16.2,64,0,338,9.3,90.006,4.291,11.981,,,,,,,,,,,,,,,,,,,,596.4,,
"181","BURNS LAKE 850M","2023081701",0,12.7,77,3.2,80,6.7,89.282,4.545,12.544,,,,,,,,,,,,,,,,,,,,596.4,,
"181","BURNS LAKE 850M","2023081702",0,10.6,82,4,62,6.1,88.486,4.221,11.823,,,,,,,,,,,,,,,,,,,,596.4,,
"181","BURNS LAKE 850M","2023081703",0,10.2,85,3.6,69,6.7,87.688,3.689,10.595,,,,,,,,,,,,,,,,,,,,596.4,,
"181","BURNS LAKE 850M","2023081704",0,9.2,88,3.4,73,6.9,86.876,3.253,9.538,,,,,,,,,,,,,,,,,,,,596.4,,
"181","BURNS LAKE 850M","2023081705",0,10.3,84,2.6,74,5.5,86.308,2.883,8.6,,,,,,,,,,,,,,,,,,,,596.4,,
"181","BURNS LAKE 850M","2023081706",0,11.1,83,0.6,79,4.9,85.885,2.456,7.464,,,,,,,,,,,,,,,,,,,,596.4,,
"181","BURNS LAKE 850M","2023081707",0,12.3,82,0.1,6,6.9,85.556,2.287,6.996,,,,,,,,,,,,,,,,,,,,596.4,,
"181","BURNS LAKE 850M","2023081708",0,13.7,78,0.8,297,5.8,85.334,2.297,7.025,,,,,,,,,,,,,,,,,,,,596.4,,
"181","BURNS LAKE 850M","2023081709",0,18.1,54,2.4,332,11,85.477,2.54,7.693,,,,,,,,,,,,,,,,,,,,596.4,,
"181","BURNS LAKE 850M","2023081710",0,19.8,45,4.8,8,15.7,85.846,3.018,8.948,,,,,,,,,,,,,,,,,,,,596.4,,
"181","BURNS LAKE 850M","2023081711",0,20.9,39,4.8,313,17,86.358,3.244,9.515,,,,,,,,,,,,,,,,,,,,596.4,,
"181","BURNS LAKE 850M","2023081712",0,22,35,6.4,19,20.9,86.984,3.842,10.955,0,91.706,7.549,19.32,33.488,443.686,56.344,4,,,,,,,,,,,,596.4,,
"181","BURNS LAKE 850M","2023081713",0,23,33,5.3,0,22.7,87.612,3.976,11.832,,,,,,,,,,,,,,,,,,,,596.4,,
"181","BURNS LAKE 850M","2023081714",0,22.2,31,5.8,360,16.7,88.188,4.428,12.893,,,,,,,,,,,,,,,,,,,,596.4,,
"181","BURNS LAKE 850M","2023081715",0,21.1,28,5,296,27.3,88.724,4.593,13.271,,,,,,,,,,,,,,,,,,,,596.4,,
"181","BURNS LAKE 850M","2023081716",0,21.2,27,4.2,334,18.5,89.212,4.732,13.584,,,,,,,,,,,,,,,,,,,,596.4,,
"181","BURNS LAKE 850M","2023081717",0,19.7,28,2.9,319,20.8,89.542,4.646,13.392,,,,,,,,,,,,,,,,,,,,596.4,,
"181","BURNS LAKE 850M","2023081718",0,18.6,29,1.4,331,11.8,89.761,4.446,12.935,,,,,,,,,,,,,,,,,,,,596.4,,
"181","BURNS LAKE 850M","2023081719",0,17.5,29,2.6,7,17.8,89.939,4.845,13.836,,,,,,,,,,,,,,,,,,,,596.4,,
"181","BURNS LAKE 850M","2023081720",0,14.7,40,0.1,26,12.5,89.977,4.295,12.585,,,,,,,,,,,,,,,,,,,,596.4,,
"181","BURNS LAKE 850M","2023081721",0,13,45,0.3,14,6.1,89.936,4.313,12.628,,,,,,,,,,,,,,,,,,,,596.4,,
"181","BURNS LAKE 850M","2023081722",0,12.4,45,3.4,39,8.6,89.867,4.993,14.163,,,,,,,,,,,,,,,,,,,,596.4,,
"181","BURNS LAKE 850M","2023081723",0,11.4,50,2.7,19,10.2,89.723,4.721,13.56,,,,,,,,,,,,,,,,,,,,596.4,,
"182","GANOKWA","2023081700",0,7.7,89,2.8,58,5.1,86.013,2.794,7.394,,,,,,,,,0,0,,0,0,0,0,0,,0,0,,0,
"182","GANOKWA","2023081701",0,6.7,91,2.3,101,4.5,85.306,2.468,6.6,,,,,,,,,0,0,,0,0,0,0,0,,0,0,,0,
"182","GANOKWA","2023081702",0,6.1,93,2.2,76,5.6,84.583,2.224,5.98,,,,,,,,,0,0,,0,0,0,0,0,,0,0,,0,
"182","GANOKWA","2023081703",0,5.6,94,2.5,64,5.1,83.874,2.053,5.532,,,,,,,,,0,0,,0,0,0,0,0,,0,0,,0,
"182","GANOKWA","2023081704",0,6.3,96,2.9,67,5.6,83.096,1.892,5.1,,,,,,,,,0,0,,0,0,0,0,0,,0,0,,0,
"182","GANOKWA","2023081705",0,6.5,96,3.1,40,5.1,82.385,1.747,4.701,,,,,,,,,0,0,,0,0,0,0,0,,0,0,,0,
"182","GANOKWA","2023081706",0,6.8,95,2.9,74,4.5,81.805,1.611,4.316,,,,,,,,,0,0,,0,0,0,0,0,,0,0,,0,
"182","GANOKWA","2023081707",0,7.6,93,2.7,70,4.5,81.387,1.518,4.047,,,,,,,,,0,0,,0,0,0,0,0,,0,0,,0,
"182","GANOKWA","2023081708",0,14.8,68,7.9,238,13.1,81.604,2.024,5.457,,,,,,,,,0,0,,0,0,0,0,0,,0,0,,0,
"182","GANOKWA","2023081709",0,16.7,52,9.9,286,26.9,82.197,2.405,6.44,,,,,,,,,0,0,,0,0,0,0,0,,0,0,,0,
"182","GANOKWA","2023081710",0,17.6,45,10.9,277,20,82.944,2.777,7.354,,,,,,,,,0,0,,0,0,0,0,0,,0,0,,0,
"182","GANOKWA","2023081711",0,18.1,40,10,275,24.6,83.747,2.945,7.753,,,,,,,,,0,0,,0,0,0,0,0,,0,0,,0,
"182","GANOKWA","2023081712",0,19.1,29,9.8,289,27.5,84.83,3.373,8.734,0,90.962,8.06,18.48,26.882,485.196,47.223,4,0,0,,0,0,0,0,0,,0,0,,0,
"182","GANOKWA","2023081713",0,19.2,26,13.2,324,25.8,85.928,4.662,12.15,,,,,,,,,0,0,,0,0,0,0,0,,0,0,,0,
"182","GANOKWA","2023081714",0,19.4,28,8.5,300,27.5,86.745,4.129,11.013,,,,,,,,,0,0,,0,0,0,0,0,,0,0,,0,
"182","GANOKWA","2023081715",0,20,25,11.1,302,26.4,87.616,5.329,13.505,,,,,,,,,0,0,,0,0,0,0,0,,0,0,,0,
"182","GANOKWA","2023081716",0,19.1,23,12.5,287,28.7,88.403,6.401,15.555,,,,,,,,,0,0,,0,0,0,0,0,,0,0,,0,
"182","GANOKWA","2023081717",0,17,30,9.6,322,25.2,88.743,5.807,14.438,,,,,,,,,0,0,,0,0,0,0,0,,0,0,,0,
"182","GANOKWA","2023081718",0,17.9,28,11.1,317,29.8,89.136,6.626,15.968,,,,,,,,,0,0,,0,0,0,0,0,,0,0,,0,
"182","GANOKWA","2023081719",0,15,38,8.4,338,23.5,89.185,5.824,14.471,,,,,,,,,0,0,,0,0,0,0,0,,0,0,,0,
"182","GANOKWA","2023081720",0,12.8,45,10.9,324,24.1,89.169,6.591,15.905,,,,,,,,,0,0,,0,0,0,0,0,,0,0,,0,
"182","GANOKWA","2023081721",0,11.3,52,8.7,338,24.1,89.015,5.771,14.368,,,,,,,,,0,0,,0,0,0,0,0,,0,0,,0,
"182","GANOKWA","2023081722",0,10.9,53,10.8,340,29.2,88.846,6.26,15.295,,,,,,,,,0,0,,0,0,0,0,0,,0,0,,0,
"182","GANOKWA","2023081723",0,10.4,55,8.4,317,20.6,88.663,5.404,13.654,,,,,,,,,0,0,,0,0,0,0,0,,0,0,,0,
"183","PARROTT","2023081700",0,14.8,67,38.5,255,57.3,,,,,,,,,,,,,,,,,,,,,,,,,
"183","PARROTT","2023081701",0,14.2,66,25,266,58.5,,,,,,,,,,,,,,,,,,,,,,,,,
"183","PARROTT","2023081702",0,13.5,69,27,269,48.3,,,,,,,,,,,,,,,,,,,,,,,,,
"183","PARROTT","2023081703",0,13,70,23.1,266,40.5,,,,,,,,,,,,,,,,,,,,,,,,,
"183","PARROTT","2023081704",0,12.8,70,29,264,48.1,,,,,,,,,,,,,,,,,,,,,,,,,
"183","PARROTT","2023081705",0,12.5,69,20.4,265,46.6,,,,,,,,,,,,,,,,,,,,,,,,,
"183","PARROTT","2023081706",0,12.6,67,13.9,271,40.7,,,,,,,,,,,,,,,,,,,,,,,,,
"183","PARROTT","2023081707",0,12.5,66,9.2,265,31.8,,,,,,,,,,,,,,,,,,,,,,,,,
"183","PARROTT","2023081708",0,13.4,60,11.8,273,27.5,,,,,,,,,,,,,,,,,,,,,,,,,
"183","PARROTT","2023081709",0,15.7,49,11.4,267,31.6,,,,,,,,,,,,,,,,,,,,,,,,,
"183","PARROTT","2023081710",0,17,39,16.6,262,41.2,,,,,,,,,,,,,,,,,,,,,,,,,
"183","PARROTT","2023081711",0,19.1,27,15.2,271,36,,,,,,,,,,,,,,,,,,,,,,,,,
"183","PARROTT","2023081712",0,20.1,23,17.8,266,52.9,,,,0,,,,,,,,,,,,,,,,,,,,,
"183","PARROTT","2023081713",0,20.4,20,16,274,39,,,,,,,,,,,,,,,,,,,,,,,,,
"183","PARROTT","2023081714",0,20.8,21,12.7,270,45.7,,,,,,,,,,,,,,,,,,,,,,,,,
"183","PARROTT","2023081715",0,19.8,25,15.6,272,47,,,,,,,,,,,,,,,,,,,,,,,,,
"183","PARROTT","2023081716",0,18.4,26,14.5,276,40.8,,,,,,,,,,,,,,,,,,,,,,,,,
"183","PARROTT","2023081717",0,16.5,35,10.3,277,42.2,,,,,,,,,,,,,,,,,,,,,,,,,
"183","PARROTT","2023081718",0,16.6,35,10.7,279,33,,,,,,,,,,,,,,,,,,,,,,,,,
"183","PARROTT","2023081719",0,14.8,40,12.5,268,36.4,,,,,,,,,,,,,,,,,,,,,,,,,
"183","PARROTT","2023081720",0,11.7,48,9,284,37.6,,,,,,,,,,,,,,,,,,,,,,,,,
"183","PARROTT","2023081721",0,10,55,6,266,25.4,,,,,,,,,,,,,,,,,,,,,,,,,
"183","PARROTT","2023081722",0,9.5,58,6.9,281,44.2,,,,,,,,,,,,,,,,,,,,,,,,,
"183","PARROTT","2023081723",0,7.9,64,9.4,283,46.9,,,,,,,,,,,,,,,,,,,,,,,,,
"187","HIXON","2023081700",0,14,95,1.8,141,4.5,86.712,2.932,8.563,,,,,,,,,,,,,,,,,,,,,,
"187","HIXON","2023081701",0,13.7,95,2.1,130,3.9,85.585,2.54,7.544,,,,,,,,,,,,,,,,,,,,,,
"187","HIXON","2023081702",0,12.4,97,1.8,142,2.8,84.481,2.15,6.473,,,,,,,,,,,,,,,,,,,,,,
"187","HIXON","2023081703",0,11.7,97,0,137,4.5,83.692,1.767,5.356,,,,,,,,,,,,,,,,,,,,,,
"187","HIXON","2023081704",0,11.1,98,2.2,110,4.5,82.731,1.743,5.286,,,,,,,,,,,,,,,,,,,,,,
"187","HIXON","2023081705",0,10.4,98,1.8,187,3.9,81.904,1.543,4.667,,,,,,,,,,,,,,,,,,,,,,
"187","HIXON","2023081706",0,10.8,98,2.1,106,3.9,81.149,1.433,4.318,,,,,,,,,,,,,,,,,,,,,,
"187","HIXON","2023081707",0,12.8,96,1.8,321,3.9,80.621,1.331,3.982,,,,,,,,,,,,,,,,,,,,,,
"187","HIXON","2023081708",0,16.8,80,2.8,345,4.5,80.699,1.411,4.247,,,,,,,,,,,,,,,,,,,,,,
"187","HIXON","2023081709",0,21.7,61,3.6,324,6.8,81.249,1.564,4.733,,,,,,,,,,,,,,,,,,,,,,
"187","HIXON","2023081710",0,24,42,4,241,8.5,82.375,1.826,5.534,,,,,,,,,,,,,,,,,,,,,,
"187","HIXON","2023081711",0,25.1,35,7.6,159,24.6,83.775,2.62,7.755,,,,,,,,,,,,,,,,,,,,,,
"187","HIXON","2023081712",0,25.4,37,3.9,93,16,84.808,2.498,7.432,0,90.928,5.958,15.938,35.842,286.533,54.607,3,,,,,,,,,,,,,,
"187","HIXON","2023081713",0,24.6,39,7.3,258,14.9,85.666,3.339,10.066,,,,,,,,,,,,,,,,,,,,,,
"187","HIXON","2023081714",0,24.7,42,3.7,214,11.4,86.247,3.021,9.252,,,,,,,,,,,,,,,,,,,,,,
"187","HIXON","2023081715",0,27,23,7.2,217,18.3,87.638,4.392,12.583,,,,,,,,,,,,,,,,,,,,,,
"187","HIXON","2023081716",0,27.5,0,4.2,210,20,90.004,5.301,14.577,,,,,,,,,,,,,,,,,,,,,,
"187","HIXON","2023081717",0,23.9,0,4.5,197,17.7,91.78,6.932,17.849,,,,,,,,,,,,,,,,,,,,,,
"187","HIXON","2023081718",0,19.4,52,3.6,153,10.8,91.453,6.324,16.669,,,,,,,,,,,,,,,,,,,,,,
"187","HIXON","2023081719",0,17.7,60,2.3,154,10.2,90.997,5.551,15.103,,,,,,,,,,,,,,,,,,,,,,
"187","HIXON","2023081720",0,16.2,55,2.1,150,10.2,90.697,5.265,14.502,,,,,,,,,,,,,,,,,,,,,,
"187","HIXON","2023081721",0,14.6,65,2.9,151,9.1,90.196,5.103,14.156,,,,,,,,,,,,,,,,,,,,,,
"187","HIXON","2023081722",0,16.8,41,5.7,235,16.6,90.218,5.895,15.81,,,,,,,,,,,,,,,,,,,,,,
"187","HIXON","2023081723",0,13.4,69,3,147,6.8,89.677,4.762,13.412,,,,,,,,,,,,,,,,,,,,,,
"189","CHILAKO","2023081700",0,16.2,70,0,235,4.5,90.231,4.432,14.246,,,,,,,,,,,,,,,,,,,,,,
"189","CHILAKO","2023081701",0,16.3,70,0,229,0,89.802,4.167,13.581,,,,,,,,,,,,,,,,,,,,,,
"189","CHILAKO","2023081702",0,15.5,70,2.3,251,6.2,89.295,4.351,14.045,,,,,,,,,,,,,,,,,,,,,,
"189","CHILAKO","2023081703",0,14.7,73,1.8,255,5.1,88.785,3.943,13.005,,,,,,,,,,,,,,,,,,,,,,
"189","CHILAKO","2023081704",0,13.6,79,0,273,3.9,88.294,3.356,11.432,,,,,,,,,,,,,,,,,,,,,,
"189","CHILAKO","2023081705",0,12.4,84,1.7,14,5.1,87.588,3.305,11.29,,,,,,,,,,,,,,,,,,,,,,
"189","CHILAKO","2023081706",0,12,85,1.6,315,5.6,86.929,2.993,10.409,,,,,,,,,,,,,,,,,,,,,,
"189","CHILAKO","2023081707",0,16.4,67,1.7,324,6.2,86.815,2.96,10.313,,,,,,,,,,,,,,,,,,,,,,
"189","CHILAKO","2023081708",0,19.5,54,3.2,183,9.7,86.863,3.214,11.037,,,,,,,,,,,,,,,,,,,,,,
"189","CHILAKO","2023081709",0,22.5,43,10.2,268,21.8,87.232,4.821,15.198,,,,,,,,,,,,,,,,,,,,,,
"189","CHILAKO","2023081710",0,23.9,34,11.4,307,23.5,87.904,5.637,17.103,,,,,,,,,,,,,,,,,,,,,,
"189","CHILAKO","2023081711",0,22.7,30,12.8,296,25.8,88.566,6.652,19.323,,,,,,,,,,,,,,,,,,,,,,
"189","CHILAKO","2023081712",0,22.9,30,10.5,280,23.5,89.11,6.405,18.796,0,92.492,10.371,27.494,42.396,613.789,72.307,4,,,,,,,,,,,,,,
"189","CHILAKO","2023081713",0,24.4,25,11.1,288,31,89.831,7.321,21.546,,,,,,,,,,,,,,,,,,,,,,
"189","CHILAKO","2023081714",0,26.1,12,15,278,28.1,91.198,10.832,28.324,,,,,,,,,,,,,,,,,,,,,,
"189","CHILAKO","2023081715",0,26.3,14,13.2,297,28.1,92.177,11.366,29.266,,,,,,,,,,,,,,,,,,,,,,
"189","CHILAKO","2023081716",0,24.8,15,10.2,293,26.4,92.81,10.682,28.056,,,,,,,,,,,,,,,,,,,,,,
"189","CHILAKO","2023081717",0,22.7,19,10.6,291,29.2,93.067,11.3,29.151,,,,,,,,,,,,,,,,,,,,,,
"189","CHILAKO","2023081718",0,21.3,21,7.3,287,20.6,93.154,9.686,26.229,,,,,,,,,,,,,,,,,,,,,,
"189","CHILAKO","2023081719",0,19.4,25,6.5,274,16,93.204,9.369,25.632,,,,,,,,,,,,,,,,,,,,,,
"189","CHILAKO","2023081720",0,18.4,26,7.9,287,16.6,93.243,10.108,27.012,,,,,,,,,,,,,,,,,,,,,,
"189","CHILAKO","2023081721",0,16.4,31,5.4,270,16,93.168,8.818,24.574,,,,,,,,,,,,,,,,,,,,,,
"189","CHILAKO","2023081722",0,14.7,36,2.3,335,10.8,93.021,7.39,21.69,,,,,,,,,,,,,,,,,,,,,,
"189","CHILAKO","2023081723",0,12.7,44,4,262,6.2,92.708,7.705,22.344,,,,,,,,,,,,,,,,,,,,,,
"190","JERRY","2023081700",0,15,74,4.8,143,8.5,87.518,3.825,9.189,,,,,,,,,,,,,,,,,,,,,,
"190","JERRY","2023081701",0,14.9,75,2,114,10.8,87.146,3.15,7.758,,,,,,,,,,,,,,,,,,,,,,
"190","JERRY","2023081702",0,13.2,85,0,50,3.3,86.639,2.65,6.627,,,,,,,,,,,,,,,,,,,,,,
"190","JERRY","2023081703",0,12.1,89,1.9,115,5.6,85.908,2.631,6.583,,,,,,,,,,,,,,,,,,,,,,
"190","JERRY","2023081704",0,11.8,89,2.6,114,5.1,85.239,2.483,6.233,,,,,,,,,,,,,,,,,,,,,,
"190","JERRY","2023081705",0,11.1,92,3.3,148,6.2,84.48,2.318,5.837,,,,,,,,,,,,,,,,,,,,,,
"190","JERRY","2023081706",0,10.8,94,1.9,94,3.9,83.734,1.955,4.928,,,,,,,,,,,,,,,,,,,,,,
"190","JERRY","2023081707",0,12.3,92,0,51,4.5,83.279,1.674,4.185,,,,,,,,,,,,,,,,,,,,,,
"190","JERRY","2023081708",0,16.3,78,1.6,207,5.1,83.313,1.822,4.583,,,,,,,,,,,,,,,,,,,,,,
"190","JERRY","2023081709",0,17.5,71,2.3,282,4.5,83.36,1.899,4.784,,,,,,,,,,,,,,,,,,,,,,
"190","JERRY","2023081710",0,23.9,43,4.5,179,9.1,84.197,2.37,5.964,,,,,,,,,,,,,,,,,,,,,,
"190","JERRY","2023081711",0,23,33,10.5,195,22.9,85.323,3.74,9.013,,,,,,,,,,,,,,,,,,,,,,
"190","JERRY","2023081712",0,24.2,32,10.3,181,19.5,86.38,4.293,10.128,0,91.324,8.703,18.76,26.927,286.513,43.608,4,,,,,,,,,,,,,,
"190","JERRY","2023081713",0,23.2,30,9.4,235,23.5,87.272,4.656,11.602,,,,,,,,,,,,,,,,,,,,,,
"190","JERRY","2023081714",0,22.6,30,4.9,246,22.9,87.931,4.079,10.41,,,,,,,,,,,,,,,,,,,,,,
"190","JERRY","2023081715",0,22.9,28,7.4,209,18.9,88.613,5.101,12.483,,,,,,,,,,,,,,,,,,,,,,
"190","JERRY","2023081716",0,24.3,22,7.6,276,22.3,89.49,5.844,13.891,,,,,,,,,,,,,,,,,,,,,,
"190","JERRY","2023081717",0,23.3,23,8.9,259,17.7,90.151,6.86,15.71,,,,,,,,,,,,,,,,,,,,,,
"190","JERRY","2023081718",0,20.2,38,5.5,343,19.5,90.2,5.821,13.848,,,,,,,,,,,,,,,,,,,,,,
"190","JERRY","2023081719",0,18.4,41,5.2,356,14.3,90.248,5.773,13.759,,,,,,,,,,,,,,,,,,,,,,
"190","JERRY","2023081720",0,15,58,2.6,24,9.7,89.949,4.852,11.992,,,,,,,,,,,,,,,,,,,,,,
"190","JERRY","2023081721",0,13.7,56,2.3,39,5.6,89.715,4.621,11.531,,,,,,,,,,,,,,,,,,,,,,
"190","JERRY","2023081722",0,14.6,42,6.3,353,12,89.732,5.667,13.562,,,,,,,,,,,,,,,,,,,,,,
"190","JERRY","2023081723",0,13.4,45,4.9,343,9.7,89.685,5.246,12.762,,,,,,,,,,,,,,,,,,,,,,
"192","MCGREGOR 2","2023081700",0,17.2,65,4.3,219,13.1,87.843,3.907,6.352,,,,,,,,,0,193.3,,0,0,0,0,0,,0,0,,0,
"192","MCGREGOR 2","2023081701",0,16.2,67,4.4,177,9.7,87.601,3.794,6.177,,,,,,,,,0,193.3,,0,0,0,0,0,,0,0,,0,
"192","MCGREGOR 2","2023081702",0,16.4,66,6.1,196,10.2,87.401,4.016,6.518,,,,,,,,,0,193.3,,0,0,0,0,0,,0,0,,0,
"192","MCGREGOR 2","2023081703",0,15.2,68,4.4,107,9.7,87.179,3.572,5.83,,,,,,,,,0,193.3,,0,0,0,0,0,,0,0,,0,
"192","MCGREGOR 2","2023081704",0,14,79,6.7,117,9.1,86.66,3.725,6.07,,,,,,,,,0,193.3,,0,0,0,0,0,,0,0,,0,
"192","MCGREGOR 2","2023081705",0,15.2,74,4.4,84,15.4,86.38,3.189,5.214,,,,,,,,,0,193.3,,0,0,0,0,0,,0,0,,0,
"192","MCGREGOR 2","2023081706",0,16.7,63,7.8,139,16.6,86.397,3.794,6.177,,,,,,,,,0,193.3,,0,0,0,0,0,,0,0,,0,
"192","MCGREGOR 2","2023081707",0,17.3,77,2.8,270,8.5,86.1,2.828,4.61,,,,,,,,,0,193.3,,0,0,0,0,0,,0,0,,0,
"192","MCGREGOR 2","2023081708",0,19.3,67,2.4,183,9.7,86.118,2.778,4.526,,,,,,,,,0,193.3,,0,0,0,0,0,,0,0,,0,
"192","MCGREGOR 2","2023081709",0,18.2,74,3.4,329,15.4,85.943,2.851,4.65,,,,,,,,,0,193.3,,0,0,0,0,0,,0,0,,0,
"192","MCGREGOR 2","2023081710",0,19.2,67,1.8,191,7.9,85.978,2.643,4.292,,,,,,,,,0,193.3,,0,0,0,0,0,,0,0,,0,
"192","MCGREGOR 2","2023081711",0,21.4,52,4.7,338,9.1,86.173,3.144,5.141,,,,,,,,,0,193.3,,0,0,0,0,0,,0,0,,0,
"192","MCGREGOR 2","2023081712",0,25.2,37,6.7,359,14.3,86.913,3.862,6.281,0,90.353,6.32,11.004,14.948,205.476,25.295,3,0,193.3,,0,0,0,0,0,,0,0,,0,
"192","MCGREGOR 2","2023081713",0,24.1,37,9.8,300,31,87.525,4.926,8.929,,,,,,,,,0,193.3,,0,0,0,0,0,,0,0,,0,
"192","MCGREGOR 2","2023081714",0,21.1,43,10.5,301,32.7,87.753,5.272,9.462,,,,,,,,,0,193.3,,0,0,0,0,0,,0,0,,0,
"192","MCGREGOR 2","2023081715",0,18.7,63,4.2,297,14.3,87.643,3.778,7.058,,,,,,,,,0,193.3,,0,0,0,0,0,,0,0,,0,
"192","MCGREGOR 2","2023081716",0,21.3,39,6.9,160,16.6,87.954,4.526,8.296,,,,,,,,,0,193.3,,0,0,0,0,0,,0,0,,0,
"192","MCGREGOR 2","2023081717",0,23.4,36,3.6,127,18.3,88.348,4.055,7.526,,,,,,,,,0,193.3,,0,0,0,0,0,,0,0,,0,
"192","MCGREGOR 2","2023081718",0,19,56,4,241,14.9,88.321,4.122,7.637,,,,,,,,,0,193.3,,0,0,0,0,0,,0,0,,0,
"192","MCGREGOR 2","2023081719",0,14.6,81,6.9,223,13.1,87.579,4.289,7.913,,,,,,,,,0,193.3,,0,0,0,0,0,,0,0,,0,
"192","MCGREGOR 2","2023081720",0,13.7,56,4.4,186,14.3,87.554,3.768,7.041,,,,,,,,,0,193.3,,0,0,0,0,0,,0,0,,0,
"192","MCGREGOR 2","2023081721",0,14.5,43,4.9,300,12,87.615,3.898,7.262,,,,,,,,,0,193.3,,0,0,0,0,0,,0,0,,0,
"192","MCGREGOR 2","2023081722",0,14.7,44,5.9,274,10.2,87.664,4.128,7.647,,,,,,,,,0,193.3,,0,0,0,0,0,,0,0,,0,
"192","MCGREGOR 2","2023081723",0,12.8,65,5,152,9.7,87.452,3.828,7.142,,,,,,,,,0,193.3,,0,0,0,0,0,,0,0,,0,
"193","BOWRON HAGGEN","2023081700",0,11.9,94,1.6,242,2.2,85.011,2.288,5.107,,,,,,,,,,,,,,,,,,,,,,
"193","BOWRON HAGGEN","2023081701",0,14.4,79,8.1,163,14.9,84.757,3.066,6.774,,,,,,,,,,,,,,,,,,,,,,
"193","BOWRON HAGGEN","2023081702",0,12.8,87,3.5,161,16.6,84.281,2.279,5.088,,,,,,,,,,,,,,,,,,,,,,
"193","BOWRON HAGGEN","2023081703",0,11.8,91,1.9,71,6.2,83.713,1.949,4.325,,,,,,,,,,,,,,,,,,,,,,
"193","BOWRON HAGGEN","2023081704",0,10.9,93,2.7,33,5.1,83.083,1.87,4.135,,,,,,,,,,,,,,,,,,,,,,
"193","BOWRON HAGGEN","2023081705",0,10.2,95,2.6,43,3.9,82.408,1.709,3.74,,,,,,,,,,,,,,,,,,,,,,
"193","BOWRON HAGGEN","2023081706",0,10.7,96,1.7,158,4.5,81.761,1.509,3.235,,,,,,,,,,,,,,,,,,,,,,
"193","BOWRON HAGGEN","2023081707",0,13.5,85,2,275,6.2,81.712,1.523,3.271,,,,,,,,,,,,,,,,,,,,,,
"193","BOWRON HAGGEN","2023081708",0,16.7,73,1.9,87,5.1,81.824,1.536,3.304,,,,,,,,,,,,,,,,,,,,,,
"193","BOWRON HAGGEN","2023081709",0,19.8,61,5.2,39,8.5,82.234,1.906,4.222,,,,,,,,,,,,,,,,,,,,,,
"193","BOWRON HAGGEN","2023081710",0,22.6,50,6.4,352,11.4,82.992,2.227,4.97,,,,,,,,,,,,,,,,,,,,,,
"193","BOWRON HAGGEN","2023081711",0,24.4,46,4.1,68,14.3,83.801,2.203,4.916,,,,,,,,,,,,,,,,,,,,,,
"193","BOWRON HAGGEN","2023081712",0,25.5,34,8.7,201,20.6,85.076,3.301,7.25,0,91.166,7.851,16.092,22.703,273.805,37.61,3,,,,,,,,,,,,,,
"193","BOWRON HAGGEN","2023081713",0,25.3,25,8.3,238,24.1,86.482,3.937,9.267,,,,,,,,,,,,,,,,,,,,,,
"193","BOWRON HAGGEN","2023081714",0,22.3,43,4.4,224,15.4,86.852,3.409,8.181,,,,,,,,,,,,,,,,,,,,,,
"193","BOWRON HAGGEN","2023081715",0,21.1,53,3,87,7.4,86.917,3.207,7.749,,,,,,,,,,,,,,,,,,,,,,
"193","BOWRON HAGGEN","2023081716",0,24.7,33,5.3,13,11.4,87.632,3.987,9.366,,,,,,,,,,,,,,,,,,,,,,
"193","BOWRON HAGGEN","2023081717",0,24.5,30,4.4,158,11.4,88.317,4.203,9.794,,,,,,,,,,,,,,,,,,,,,,
"193","BOWRON HAGGEN","2023081718",0,23.4,41,3.2,229,10.8,88.524,4.076,9.543,,,,,,,,,,,,,,,,,,,,,,
"193","BOWRON HAGGEN","2023081719",0,17.4,57,5.7,21,11.4,88.426,4.559,10.479,,,,,,,,,,,,,,,,,,,,,,
"193","BOWRON HAGGEN","2023081720",0,15.5,64,5.2,20,9.7,88.171,4.285,9.954,,,,,,,,,,,,,,,,,,,,,,
"193","BOWRON HAGGEN","2023081721",0,12.4,73,3.6,116,11.4,87.745,3.72,8.826,,,,,,,,,,,,,,,,,,,,,,
"193","BOWRON HAGGEN","2023081722",0,11.8,79,2.9,18,6.8,87.224,3.333,8.02,,,,,,,,,,,,,,,,,,,,,,
"193","BOWRON HAGGEN","2023081723",0,10.8,79,2.8,356,7.4,86.762,3.105,7.53,,,,,,,,,,,,,,,,,,,,,,
"195","MCBRIDE","2023081700",0,11.6,97,0,98,0,85.504,2.259,5.804,,,,,,,,,,,,,,,,,,,,,,
"195","MCBRIDE","2023081701",0,11.7,97,0,242,0,84.619,2,5.146,,,,,,,,,,,,,,,,,,,,,,
"195","MCBRIDE","2023081702",0,11.1,98,0,23,0,83.76,1.783,4.572,,,,,,,,,,,,,,,,,,,,,,
"195","MCBRIDE","2023081703",0,10.9,98,0,326,0,82.984,1.611,4.103,,,,,,,,,,,,,,,,,,,,,,
"195","MCBRIDE","2023081704",0,10.6,98,0,112,0,82.282,1.475,3.72,,,,,,,,,,,,,,,,,,,,,,
"195","MCBRIDE","2023081705",0,11.1,98,3.3,307,7.9,81.443,1.575,4.003,,,,,,,,,,,,,,,,,,,,,,
"195","MCBRIDE","2023081706",0,13.5,88,2.2,318,9.7,81.315,1.468,3.7,,,,,,,,,,,,,,,,,,,,,,
"195","MCBRIDE","2023081707",0,16.7,80,2.6,122,6.8,81.361,1.506,3.808,,,,,,,,,,,,,,,,,,,,,,
"195","MCBRIDE","2023081708",0,19.9,68,0,88,5.1,81.56,1.353,3.363,,,,,,,,,,,,,,,,,,,,,,
"195","MCBRIDE","2023081709",0,21.8,55,8.8,294,14.3,82.269,2.295,5.893,,,,,,,,,,,,,,,,,,,,,,
"195","MCBRIDE","2023081710",0,23.5,47,11.9,319,20.6,83.255,3.039,7.647,,,,,,,,,,,,,,,,,,,,,,
"195","MCBRIDE","2023081711",0,25.2,45,12.6,283,22.3,84.267,3.599,8.87,,,,,,,,,,,,,,,,,,,,,,
"195","MCBRIDE","2023081712",0,26,43,13.3,308,26.4,85.243,4.259,10.229,0,90.564,9.083,19.668,25.185,526.201,44.987,4,,,,,,,,,,,,,,
"195","MCBRIDE","2023081713",0,27.1,43,14.3,288,26.4,86.126,5.067,12.634,,,,,,,,,,,,,,,,,,,,,,
"195","MCBRIDE","2023081714",0,25.7,46,12.7,283,29.8,86.662,5.042,12.584,,,,,,,,,,,,,,,,,,,,,,
"195","MCBRIDE","2023081715",0,24.4,36,21.1,303,40.2,87.468,8.635,18.955,,,,,,,,,,,,,,,,,,,,,,
"195","MCBRIDE","2023081716",0,21.2,44,15,295,37.9,87.692,6.557,15.435,,,,,,,,,,,,,,,,,,,,,,
"195","MCBRIDE","2023081717",0,19.8,51,13.5,294,28.1,87.741,6.122,14.645,,,,,,,,,,,,,,,,,,,,,,
"195","MCBRIDE","2023081718",0,18.5,54,13,314,27.5,87.79,6.011,14.441,,,,,,,,,,,,,,,,,,,,,,
"195","MCBRIDE","2023081719",0,17.8,65,8.1,316,21.8,87.596,4.568,11.627,,,,,,,,,,,,,,,,,,,,,,
"195","MCBRIDE","2023081720",0,17.7,60,7.4,294,18.9,87.545,4.378,11.233,,,,,,,,,,,,,,,,,,,,,,
"195","MCBRIDE","2023081721",0,14.6,86,0,23,10.2,86.958,2.773,7.61,,,,,,,,,,,,,,,,,,,,,,
"195","MCBRIDE","2023081722",0,12.9,93,0,150,0,86.149,2.473,6.858,,,,,,,,,,,,,,,,,,,,,,
"195","MCBRIDE","2023081723",0,12.6,94,1.7,317,5.6,85.2,2.36,6.567,,,,,,,,,,,,,,,,,,,,,,
"199","CATFISH","2023081700",0,14.6,80,3.1,127,9.7,86.348,2.973,5.859,,,,,,,,,0,0,,0,0,0,0,0,,0,0,,0,
"199","CATFISH","2023081701",0,14.4,81,4.7,110,8.5,85.892,3.023,5.953,,,,,,,,,0,0,,0,0,0,0,0,,0,0,,0,
"199","CATFISH","2023081702",0,14,83,4.2,290,8.5,85.428,2.763,5.454,,,,,,,,,0,0,,0,0,0,0,0,,0,0,,0,
"199","CATFISH","2023081703",0,13.5,86,3,231,6.2,84.924,2.426,4.783,,,,,,,,,0,0,,0,0,0,0,0,,0,0,,0,
"199","CATFISH","2023081704",0,12.5,89,3.2,219,5.6,84.346,2.265,4.452,,,,,,,,,0,0,,0,0,0,0,0,,0,0,,0,
"199","CATFISH","2023081705",0,12.1,88,0,215,5.1,83.993,1.839,3.534,,,,,,,,,0,0,,0,0,0,0,0,,0,0,,0,
"199","CATFISH","2023081706",0,12,89,2.4,184,4.5,83.537,1.954,3.787,,,,,,,,,0,0,,0,0,0,0,0,,0,0,,0,
"199","CATFISH","2023081707",0,15.6,83,1.9,276,5.1,83.386,1.868,3.598,,,,,,,,,0,0,,0,0,0,0,0,,0,0,,0,
"199","CATFISH","2023081708",0,19.5,59,4.2,3,10.8,83.666,2.175,4.264,,,,,,,,,0,0,,0,0,0,0,0,,0,0,,0,
"199","CATFISH","2023081709",0,21.4,54,5.7,309,14.9,84.093,2.483,4.899,,,,,,,,,0,0,,0,0,0,0,0,,0,0,,0,
"199","CATFISH","2023081710",0,22.2,49,8.1,329,16.6,84.651,3.022,5.951,,,,,,,,,0,0,,0,0,0,0,0,,0,0,,0,
"199","CATFISH","2023081711",0,23.6,45,7,350,17.2,85.291,3.121,6.139,,,,,,,,,0,0,,0,0,0,0,0,,0,0,,0,
"199","CATFISH","2023081712",0,24.9,42,7.1,300,17.2,85.991,3.459,6.761,0,90.198,6.308,12.296,19.664,188.38,31.189,3,0,0,,0,0,0,0,0,,0,0,,0,
"199","CATFISH","2023081713",0,25.7,39,8.3,15,16.6,86.74,4.084,8.566,,,,,,,,,0,0,,0,0,0,0,0,,0,0,,0,
"199","CATFISH","2023081714",0,21.9,41,13,330,28.7,87.182,5.512,11.026,,,,,,,,,0,0,,0,0,0,0,0,,0,0,,0,
"199","CATFISH","2023081715",0,19.2,46,7,322,27.5,87.321,4.155,8.695,,,,,,,,,0,0,,0,0,0,0,0,,0,0,,0,
"199","CATFISH","2023081716",0,19.4,52,4.6,275,13.7,87.369,3.707,7.868,,,,,,,,,0,0,,0,0,0,0,0,,0,0,,0,
"199","CATFISH","2023081717",0,20.6,57,4.1,294,9.7,87.417,3.64,7.74,,,,,,,,,0,0,,0,0,0,0,0,,0,0,,0,
"199","CATFISH","2023081718",0,18.6,69,3.2,213,6.2,87.214,3.379,7.24,,,,,,,,,0,0,,0,0,0,0,0,,0,0,,0,
"199","CATFISH","2023081719",0,16.5,75,0,194,5.6,86.956,2.772,6.019,,,,,,,,,0,0,,0,0,0,0,0,,0,0,,0,
"199","CATFISH","2023081720",0,15.2,77,3.6,221,6.2,86.569,3.146,6.779,,,,,,,,,0,0,,0,0,0,0,0,,0,0,,0,
"199","CATFISH","2023081721",0,14,78,4.6,204,12.5,86.181,3.132,6.752,,,,,,,,,0,0,,0,0,0,0,0,,0,0,,0,
"199","CATFISH","2023081722",0,14.1,71,4.2,254,13.7,86.02,3.001,6.488,,,,,,,,,0,0,,0,0,0,0,0,,0,0,,0,
"199","CATFISH","2023081723",0,13,76,3.8,200,7.4,85.753,2.833,6.145,,,,,,,,,0,0,,0,0,0,0,0,,0,0,,0,
"200","VALEMOUNT 2","2023081700",0,15.1,64,6.3,183,18.9,87.351,4.028,13.137,,,,,,,,,,,,,,,,,,,,,,
"200","VALEMOUNT 2","2023081701",0,14.3,72,6.8,202,12.5,87.012,3.936,12.898,,,,,,,,,,,,,,,,,,,,,,
"200","VALEMOUNT 2","2023081702",0,15.4,64,5.1,184,14.9,86.918,3.565,11.92,,,,,,,,,,,,,,,,,,,,,,
"200","VALEMOUNT 2","2023081703",0,15.7,63,7.3,183,16,86.853,3.946,12.925,,,,,,,,,,,,,,,,,,,,,,
"200","VALEMOUNT 2","2023081704",0,15.2,65,8.2,180,18.3,86.742,4.065,13.23,,,,,,,,,,,,,,,,,,,,,,
"200","VALEMOUNT 2","2023081705",0,15.8,62,5.6,147,14.9,86.724,3.556,11.897,,,,,,,,,,,,,,,,,,,,,,
"200","VALEMOUNT 2","2023081706",0,19,55,6.3,144,18.3,86.772,3.71,12.306,,,,,,,,,,,,,,,,,,,,,,
"200","VALEMOUNT 2","2023081707",0,21.6,46,6.3,161,14.3,87.022,3.844,12.659,,,,,,,,,,,,,,,,,,,,,,
"200","VALEMOUNT 2","2023081708",0,18.6,57,8.1,179,17.7,87.07,4.238,13.668,,,,,,,,,,,,,,,,,,,,,,
"200","VALEMOUNT 2","2023081709",0,19.5,53,6.9,176,21.2,87.118,4.016,13.106,,,,,,,,,,,,,,,,,,,,,,
"200","VALEMOUNT 2","2023081710",0,20.7,55,4.1,142,19.5,87.166,3.512,11.777,,,,,,,,,,,,,,,,,,,,,,
"200","VALEMOUNT 2","2023081711",0,24.3,42,6.6,150,17.2,87.559,4.213,13.606,,,,,,,,,,,,,,,,,,,,,,
"200","VALEMOUNT 2","2023081712",0,26,40,6.2,112,17.7,88.015,4.408,14.093,0,91.592,7.353,21.42,43.221,500.232,71.087,4,,,,,,,,,,,,,,
"200","VALEMOUNT 2","2023081713",0,29.5,30,9,101,20,88.988,5.835,18.108,,,,,,,,,,,,,,,,,,,,,,
"200","VALEMOUNT 2","2023081714",0,30.2,25,7.2,176,25.8,90.011,6.172,18.871,,,,,,,,,,,,,,,,,,,,,,
"200","VALEMOUNT 2","2023081715",0,27.2,32,5.7,154,17.2,90.384,6.036,18.565,,,,,,,,,,,,,,,,,,,,,,
"200","VALEMOUNT 2","2023081716",0,26.3,32,4.7,246,20,90.654,5.966,18.406,,,,,,,,,,,,,,,,,,,,,,
"200","VALEMOUNT 2","2023081717",0,23,44,8,324,18.9,90.674,7.065,20.815,,,,,,,,,,,,,,,,,,,,,,
"200","VALEMOUNT 2","2023081718",0,19.6,47,5.3,359,18.3,90.571,6.076,18.655,,,,,,,,,,,,,,,,,,,,,,
"200","VALEMOUNT 2","2023081719",0,16.4,58,3,331,10.8,90.238,5.16,16.523,,,,,,,,,,,,,,,,,,,,,,
"200","VALEMOUNT 2","2023081720",0.2,13.4,86,2.3,286,7.4,84.647,2.255,8.482,,,,,,,,,,,,,,,,,,,,,,
"200","VALEMOUNT 2","2023081721",3,12.7,90,3.2,221,16,40.257,0.043,0.093,,,,,,,,,,,,,,,,,,,,,,
"200","VALEMOUNT 2","2023081722",0.4,12,95,2.9,260,8.5,37,0.022,0.048,,,,,,,,,,,,,,,,,,,,,,
"200","VALEMOUNT 2","2023081723",4.6,11.6,95,2.9,231,6.2,13.928,0,0,,,,,,,,,,,,,,,,,,,,,,
"206","TAUTRI","2023081700",0,12,73,1.3,36,5.4,90.511,4.925,16.478,,,,,,,,,,,,,,,,,,,,1790,,
"206","TAUTRI","2023081701",0,12.3,65,5.3,26,7.3,89.99,5.592,18.113,,,,,,,,,,,,,,,,,,,,1790,,
"206","TAUTRI","2023081702",0,9.4,83,0,84,7,89.331,3.895,13.771,,,,,,,,,,,,,,,,,,,,1790,,
"206","TAUTRI","2023081703",0,9.1,86,0,2,3.2,88.644,3.529,12.745,,,,,,,,,,,,,,,,,,,,1790,,
"206","TAUTRI","2023081704",0,9.5,84,0,356,3.8,88.066,3.248,11.929,,,,,,,,,,,,,,,,,,,,1790,,
"206","TAUTRI","2023081705",0,8.6,87,0,338,0,87.457,2.977,11.117,,,,,,,,,,,,,,,,,,,,1790,,
"206","TAUTRI","2023081706",0,9.3,87,0,246,0,86.89,2.746,10.402,,,,,,,,,,,,,,,,,,,,1790,,
"206","TAUTRI","2023081707",0,14.5,69,2.4,51,10.8,86.714,3.023,11.254,,,,,,,,,,,,,,,,,,,,1790,,
"206","TAUTRI","2023081708",0,18.6,55,7.2,354,14.9,86.762,3.876,13.719,,,,,,,,,,,,,,,,,,,,1790,,
"206","TAUTRI","2023081709",0,22,42,9.3,4,18,87.151,4.554,15.532,,,,,,,,,,,,,,,,,,,,1790,,
"206","TAUTRI","2023081710",0,23.9,36,6,304,14.9,87.708,4.175,14.533,,,,,,,,,,,,,,,,,,,,1790,,
"206","TAUTRI","2023081711",0,24.7,34,7.8,342,29.3,88.302,4.978,16.612,,,,,,,,,,,,,,,,,,,,1790,,
"206","TAUTRI","2023081712",0,25.9,31,6.8,149,19.6,88.951,5.196,17.152,0,92.619,8.762,25.914,48.427,616.291,80.952,3,,,,,,,,,,,,1790,,
"206","TAUTRI","2023081713",0,27.7,18,11.3,278,31,90.225,7.825,23.947,,,,,,,,,,,,,,,,,,,,1790,,
"206","TAUTRI","2023081714",0,24.6,23,13.3,359,35.6,90.862,9.479,27.357,,,,,,,,,,,,,,,,,,,,1790,,
"206","TAUTRI","2023081715",0,23.8,18,10.4,1,27.2,91.542,9.023,26.443,,,,,,,,,,,,,,,,,,,,1790,,
"206","TAUTRI","2023081716",0,23.4,20,6.4,335,19.7,91.971,7.837,23.974,,,,,,,,,,,,,,,,,,,,1790,,
"206","TAUTRI","2023081717",0,26.3,8,13.2,298,35.5,93.136,13.006,33.863,,,,,,,,,,,,,,,,,,,,1790,,
"206","TAUTRI","2023081718",0,20.5,22,8.8,4,32.5,93.186,10.494,29.323,,,,,,,,,,,,,,,,,,,,1790,,
"206","TAUTRI","2023081719",0,18.8,23,6.1,341,20.8,93.236,9.223,26.847,,,,,,,,,,,,,,,,,,,,1790,,
"206","TAUTRI","2023081720",0,17.4,24,7.7,314,20.1,93.286,10.068,28.508,,,,,,,,,,,,,,,,,,,,1790,,
"206","TAUTRI","2023081721",0,16.6,24,5.5,301,21.2,93.33,9.066,26.53,,,,,,,,,,,,,,,,,,,,1790,,
"206","TAUTRI","2023081722",0,16,19,8.3,318,22.8,93.38,10.514,29.361,,,,,,,,,,,,,,,,,,,,1790,,
"206","TAUTRI","2023081723",0,14.7,26,9.7,312,20.4,93.355,11.243,30.722,,,,,,,,,,,,,,,,,,,,1790,,
"208","TATLA LAKE","2023081700",0,15.5,46,2.6,239,9.1,94.345,9.019,34.412,,,,,,,,,,,,,,,,,,,,,,
"208","TATLA LAKE","2023081701",0,14.3,53,2.9,166,8.5,93.74,8.42,32.877,,,,,,,,,,,,,,,,,,,,,,
"208","TATLA LAKE","2023081702",0,13.4,54,5.6,104,7.9,93.114,8.841,33.962,,,,,,,,,,,,,,,,,,,,,,
"208","TATLA LAKE","2023081703",0,12.2,59,2.6,109,7.4,92.518,6.991,29.009,,,,,,,,,,,,,,,,,,,,,,
"208","TATLA LAKE","2023081704",0,11.4,63,2.9,240,8.5,91.891,6.496,27.591,,,,,,,,,,,,,,,,,,,,,,
"208","TATLA LAKE","2023081705",0,11.1,67,4,208,10.8,91.211,6.235,26.825,,,,,,,,,,,,,,,,,,,,,,
"208","TATLA LAKE","2023081706",0,11.1,67,4,294,8.5,90.601,5.716,25.258,,,,,,,,,,,,,,,,,,,,,,
"208","TATLA LAKE","2023081707",0,14.6,60,3,142,7.4,90.217,5.144,23.464,,,,,,,,,,,,,,,,,,,,,,
"208","TATLA LAKE","2023081708",0,18.1,49,7.2,287,12,90.094,6.246,26.857,,,,,,,,,,,,,,,,,,,,,,
"208","TATLA LAKE","2023081709",0,22.9,39,4.4,140,11.4,90.143,5.462,24.473,,,,,,,,,,,,,,,,,,,,,,
"208","TATLA LAKE","2023081710",0,25.5,30,3.4,228,11.4,90.479,5.45,24.433,,,,,,,,,,,,,,,,,,,,,,
"208","TATLA LAKE","2023081711",0,27.5,26,11.2,241,20.6,91.065,8.778,33.799,,,,,,,,,,,,,,,,,,,,,,
"208","TATLA LAKE","2023081712",0,28.4,19,13.5,291,30.4,91.939,11.158,39.559,0,94.938,16.948,52.056,110.007,683.898,156.914,5,,,,,,,,,,,,,,
"208","TATLA LAKE","2023081713",0,30.8,11,17.2,300,37.3,93.278,16.23,50.669,,,,,,,,,,,,,,,,,,,,,,
"208","TATLA LAKE","2023081714",0,30.1,10,25.6,299,44.2,94.392,28.929,72.106,,,,,,,,,,,,,,,,,,,,,,
"208","TATLA LAKE","2023081715",0,27.1,10,24.5,297,39.6,95.057,29.985,73.663,,,,,,,,,,,,,,,,,,,,,,
"208","TATLA LAKE","2023081716",0,28.8,9,25.9,302,42.5,95.719,35.22,81.017,,,,,,,,,,,,,,,,,,,,,,
"208","TATLA LAKE","2023081717",0,27.5,9,25.9,295,49.4,96.161,37.389,83.907,,,,,,,,,,,,,,,,,,,,,,
"208","TATLA LAKE","2023081718",0,26.1,11,25.2,288,48.2,96.313,36.841,83.185,,,,,,,,,,,,,,,,,,,,,,
"208","TATLA LAKE","2023081719",0,22.6,17,28.1,301,51.1,96.298,42.556,90.481,,,,,,,,,,,,,,,,,,,,,,
"208","TATLA LAKE","2023081720",0,20.9,21,22.3,302,43.6,96.151,31.147,75.346,,,,,,,,,,,,,,,,,,,,,,
"208","TATLA LAKE","2023081721",0,19.9,20,19.7,304,37.9,96.045,26.931,69.084,,,,,,,,,,,,,,,,,,,,,,
"208","TATLA LAKE","2023081722",0,18.1,19,8.4,16,34.4,95.987,15.122,48.47,,,,,,,,,,,,,,,,,,,,,,
"208","TATLA LAKE","2023081723",0,16.1,22,7.1,122,22.9,95.863,13.926,46.014,,,,,,,,,,,,,,,,,,,,,,
"209","ALEXIS CREEK","2023081700",0,20.5,44,3.4,353,7.2,93.758,8.657,32.692,,,,,,,,,,,,,,,,,,,,599.6,,
"209","ALEXIS CREEK","2023081701",0,18.8,50,1.9,116,16.1,93.296,7.527,29.76,,,,,,,,,,,,,,,,,,,,599.6,,
"209","ALEXIS CREEK","2023081702",0,16.9,55,0.9,347,5.2,92.809,6.685,27.449,,,,,,,,,,,,,,,,,,,,599.6,,
"209","ALEXIS CREEK","2023081703",0,16.3,55,0.6,345,8,92.384,6.203,26.07,,,,,,,,,,,,,,,,,,,,599.6,,
"209","ALEXIS CREEK","2023081704",0,14.7,60,2.6,43,4.6,91.825,6.339,26.464,,,,,,,,,,,,,,,,,,,,599.6,,
"209","ALEXIS CREEK","2023081705",0,13.8,62,3.5,341,6,91.26,6.122,25.835,,,,,,,,,,,,,,,,,,,,599.6,,
"209","ALEXIS CREEK","2023081706",0,14.2,62,0.1,69,7.8,90.876,4.883,22.042,,,,,,,,,,,,,,,,,,,,599.6,,
"209","ALEXIS CREEK","2023081707",0,15.6,60,1.3,265,4.4,90.504,4.92,22.159,,,,,,,,,,,,,,,,,,,,599.6,,
"209","ALEXIS CREEK","2023081708",0,19.2,46,3.2,303,6.9,90.445,5.368,23.569,,,,,,,,,,,,,,,,,,,,599.6,,
"209","ALEXIS CREEK","2023081709",0,22,42,5.3,181,12.6,90.495,6.01,25.506,,,,,,,,,,,,,,,,,,,,599.6,,
"209","ALEXIS CREEK","2023081710",0,24.9,34,4,181,9.6,90.637,5.745,24.716,,,,,,,,,,,,,,,,,,,,599.6,,
"209","ALEXIS CREEK","2023081711",0,27.9,27,5.7,222,11.1,91.121,6.706,27.507,,,,,,,,,,,,,,,,,,,,599.6,,
"209","ALEXIS CREEK","2023081712",0,30.2,22,13.8,260,26.3,91.941,11.331,39.026,0,94.561,16.337,49.912,96.908,732.773,145.659,5,,,,,,,,,,,,599.6,,
"209","ALEXIS CREEK","2023081713",0,31.1,21,12.8,254,27.5,92.675,11.949,40.914,,,,,,,,,,,,,,,,,,,,599.6,,
"209","ALEXIS CREEK","2023081714",0,31.7,19,15.6,211,28.5,93.407,15.244,47.787,,,,,,,,,,,,,,,,,,,,599.6,,
"209","ALEXIS CREEK","2023081715",0,31.7,16,19.5,289,38.3,94.163,20.61,57.649,,,,,,,,,,,,,,,,,,,,599.6,,
"209","ALEXIS CREEK","2023081716",0,28.2,16,14.9,349,41.3,94.533,17.201,51.546,,,,,,,,,,,,,,,,,,,,599.6,,
"209","ALEXIS CREEK","2023081717",0,29.4,10,16.5,300,26.5,95.233,20.526,57.504,,,,,,,,,,,,,,,,,,,,599.6,,
"209","ALEXIS CREEK","2023081718",0,27.6,11,14.6,297,21.5,95.625,19.674,56.024,,,,,,,,,,,,,,,,,,,,599.6,,
"209","ALEXIS CREEK","2023081719",0,24.9,14,18.5,319,35.7,95.676,24.116,63.45,,,,,,,,,,,,,,,,,,,,599.6,,
"209","ALEXIS CREEK","2023081720",0,22.3,21,10.7,1,29.7,95.642,16.203,49.655,,,,,,,,,,,,,,,,,,,,599.6,,
"209","ALEXIS CREEK","2023081721",0,20.5,21,10.6,3,21.4,95.59,16.007,49.277,,,,,,,,,,,,,,,,,,,,599.6,,
"209","ALEXIS CREEK","2023081722",0,18.7,22,6.9,336,18,95.516,13.151,43.511,,,,,,,,,,,,,,,,,,,,599.6,,
"209","ALEXIS CREEK","2023081723",0,17.8,23,6.4,331,10.3,95.422,12.661,42.466,,,,,,,,,,,,,,,,,,,,599.6,,
"210","RISKE CREEK","2023081700",0,15.1,63,10,334,12.5,91.335,8.586,28.742,,,,,,,,,,,,,,,,,,,,,,
"210","RISKE CREEK","2023081701",0,15.8,61,4.8,329,17.7,90.817,6.137,22.767,,,,,,,,,,,,,,,,,,,,,,
"210","RISKE CREEK","2023081702",0,14.5,66,6.9,322,10.8,90.206,6.252,23.066,,,,,,,,,,,,,,,,,,,,,,
"210","RISKE CREEK","2023081703",0,13.7,71,5.9,298,10.8,89.559,5.418,20.828,,,,,,,,,,,,,,,,,,,,,,
"210","RISKE CREEK","2023081704",0,12.6,74,7.2,319,12,88.893,5.257,20.381,,,,,,,,,,,,,,,,,,,,,,
"210","RISKE CREEK","2023081705",0,13,71,10.2,333,11.4,88.353,5.659,21.49,,,,,,,,,,,,,,,,,,,,,,
"210","RISKE CREEK","2023081706",0,11.8,76,8.3,339,12,87.764,4.726,18.864,,,,,,,,,,,,,,,,,,,,,,
"210","RISKE CREEK","2023081707",0,14.3,69,6.8,338,9.1,87.449,4.189,17.256,,,,,,,,,,,,,,,,,,,,,,
"210","RISKE CREEK","2023081708",0,19.7,49,3.2,342,8.5,87.5,3.52,15.131,,,,,,,,,,,,,,,,,,,,,,
"210","RISKE CREEK","2023081709",0,21.8,47,5.6,168,7.9,87.635,4.049,16.824,,,,,,,,,,,,,,,,,,,,,,
"210","RISKE CREEK","2023081710",0,24.3,39,10.9,186,13.7,88.082,5.639,21.435,,,,,,,,,,,,,,,,,,,,,,
"210","RISKE CREEK","2023081711",0,26.9,34,12.6,151,19.5,88.768,6.779,24.418,,,,,,,,,,,,,,,,,,,,,,
"210","RISKE CREEK","2023081712",0,28.7,28,7,66,16.6,89.605,5.764,21.775,0,93.71,10.309,33.371,66.798,725.588,108.601,4,,,,,,,,,,,,,,
"210","RISKE CREEK","2023081713",0,30.1,25,8.6,172,18.3,90.525,7.129,25.985,,,,,,,,,,,,,,,,,,,,,,
"210","RISKE CREEK","2023081714",0,31.9,20,16,239,26.9,91.733,12.292,37.473,,,,,,,,,,,,,,,,,,,,,,
"210","RISKE CREEK","2023081715",0,31.3,22,14.7,318,28.1,92.49,12.811,38.497,,,,,,,,,,,,,,,,,,,,,,
"210","RISKE CREEK","2023081716",0,32.1,21,16.5,266,30.4,93.184,15.463,43.46,,,,,,,,,,,,,,,,,,,,,,
"210","RISKE CREEK","2023081717",0,27.3,32,28.1,334,43.1,93.234,27.939,62.815,,,,,,,,,,,,,,,,,,,,,,
"210","RISKE CREEK","2023081718",0,25.8,20,18.4,316,38.5,93.502,17.788,47.503,,,,,,,,,,,,,,,,,,,,,,
"210","RISKE CREEK","2023081719",0,24.9,21,8.9,329,29.8,93.622,11.207,35.268,,,,,,,,,,,,,,,,,,,,,,
"210","RISKE CREEK","2023081720",0,20.5,31,10.2,319,17.7,93.54,11.831,36.546,,,,,,,,,,,,,,,,,,,,,,
"210","RISKE CREEK","2023081721",0,18.3,30,10.3,326,29.2,93.46,11.758,36.399,,,,,,,,,,,,,,,,,,,,,,
"210","RISKE CREEK","2023081722",0,17.3,29,11.3,302,18.3,93.394,12.253,37.395,,,,,,,,,,,,,,,,,,,,,,
"210","RISKE CREEK","2023081723",0,16,33,9.9,304,16,93.239,11.173,35.197,,,,,,,,,,,,,,,,,,,,,,
"211","NAZKO","2023081700",0,14,75,4.6,163,8.1,89.034,4.706,15.392,,,,,,,,,,-77.1,,,,,,,,1,442.11,4718.4,,
"211","NAZKO","2023081701",0,12.3,81,1.6,193,6.8,88.353,3.669,12.686,,,,,,,,,,-71.5,,,,,,,,1,442.3,4718.4,,
"211","NAZKO","2023081702",0,10.8,87,6.7,168,9,87.406,4.143,13.954,,,,,,,,,,6.1,,,,,,,,1,442.32,4718.4,,
"211","NAZKO","2023081703",0,10.6,87,4.4,173,8,86.624,3.301,11.656,,,,,,,,,,-33.9,,,,,,,,1,442.33,4718.4,,
"211","NAZKO","2023081704",0,9.3,90,1,233,6,85.921,2.519,9.317,,,,,,,,,,-82.7,,,,,,,,1,442.34,4718.4,,
"211","NAZKO","2023081705",0,8.9,92,3.1,209,5.6,85.121,2.505,9.274,,,,,,,,,,-3.5,,,,,,,,1,442.36,4718.4,,
"211","NAZKO","2023081706",0,10,92,1.2,215,3.9,84.455,2.078,7.884,,,,,,,,,,-32,,,,,,,,1,442.35,4718.4,,
"211","NAZKO","2023081707",0,13.1,75,3.5,196,5.6,84.383,2.311,8.654,,,,,,,,,,-36.2,,,,,,,,1,442.33,4718.4,,
"211","NAZKO","2023081708",0,16.8,62,2.7,6,6.4,84.463,2.244,8.434,,,,,,,,,,-25.4,,,,,,,,1,441.96,4718.4,,
"211","NAZKO","2023081709",0,20.1,56,4.7,351,8.8,84.712,2.567,9.469,,,,,,,,,,-55.8,,,,,,,,1,442.11,4718.4,,
"211","NAZKO","2023081710",0,23.5,30,10.8,315,23.8,85.907,4.119,13.892,,,,,,,,,,-104.1,,,,,,,,1,442.59,4718.4,,
"211","NAZKO","2023081711",0,24.9,22,10.5,264,25.6,87.326,4.96,16.018,,,,,,,,,,-129.6,,,,,,,,1,441.92,4718.4,,
"211","NAZKO","2023081712",0,25.7,20,15.9,328,33,88.743,7.977,22.671,0,94.121,17.09,39.656,45.927,616.79,77.439,4,,-155.6,,,,,,,,1,440.93,4718.4,,
"211","NAZKO","2023081713",0,24.9,21,15.1,321,36,89.779,8.89,25.597,,,,,,,,,,-169.9,,,,,,,,1,442.24,4718.4,,
"211","NAZKO","2023081714",0,25,16,11,284,24.6,90.815,8.386,24.578,,,,,,,,,,-162.4,,,,,,,,1,441.58,4718.4,,
"211","NAZKO","2023081715",0,26.6,14,14.6,305,33.7,91.905,11.737,30.948,,,,,,,,,,-157,,,,,,,,1,441.21,4718.4,,
"211","NAZKO","2023081716",0,25.4,16,17.5,306,37.8,92.628,15.042,36.49,,,,,,,,,,-195.5,,,,,,,,1,441.91,4718.4,,
"211","NAZKO","2023081717",0,23.3,21,16.1,306,33.6,92.866,14.495,35.614,,,,,,,,,,-162.5,,,,,,,,1,441.59,4718.4,,
"211","NAZKO","2023081718",0,21.7,23,9.4,296,33,92.922,10.423,28.557,,,,,,,,,,-132.7,,,,,,,,1,441.94,4718.4,,
"211","NAZKO","2023081719",0,20.7,24,12.4,296,27.8,92.972,12.21,31.779,,,,,,,,,,-166.2,,,,,,,,1,441.94,4718.4,,
"211","NAZKO","2023081720",0,19.5,24,8.7,309,21.9,93.022,10.204,28.147,,,,,,,,,,-111.3,,,,,,,,1,441.96,4718.4,,
"211","NAZKO","2023081721",0,18.4,22,9.3,317,16.6,93.072,10.591,28.87,,,,,,,,,,-109.8,,,,,,,,1,442.29,4718.4,,
"211","NAZKO","2023081722",0,17.7,26,12.1,306,22.6,93.111,12.262,31.87,,,,,,,,,,-146.2,,,,,,,,1,441.96,4718.4,,
"211","NAZKO","2023081723",0,16.4,32,10,295,18.5,93.008,10.874,29.391,,,,,,,,,,-147.2,,,,,,,,1,442.13,4718.4,,
"212","PLACE LAKE","2023081700",0,15.9,59,5.2,183,14.3,91.104,6.523,24.577,,,,,,,,,,,,,,,,,,,,,,
"212","PLACE LAKE","2023081701",0,14.2,65,4.7,174,7.9,90.522,5.854,22.776,,,,,,,,,,,,,,,,,,,,,,
"212","PLACE LAKE","2023081702",0,12.3,72,1.7,90,6.2,89.922,4.619,19.208,,,,,,,,,,,,,,,,,,,,,,
"212","PLACE LAKE","2023081703",0,10.8,78,0,119,2.8,89.376,3.92,17.018,,,,,,,,,,,,,,,,,,,,,,
"212","PLACE LAKE","2023081704",0,9.6,83,0,81,0,88.764,3.591,15.931,,,,,,,,,,,,,,,,,,,,,,
"212","PLACE LAKE","2023081705",0,8.7,87,0,135,2.8,88.098,3.263,14.812,,,,,,,,,,,,,,,,,,,,,,
"212","PLACE LAKE","2023081706",0,9.3,85,0,138,2.2,87.539,3.012,13.923,,,,,,,,,,,,,,,,,,,,,,
"212","PLACE LAKE","2023081707",0,17.1,56,4.2,214,7.9,87.571,3.739,16.426,,,,,,,,,,,,,,,,,,,,,,
"212","PLACE LAKE","2023081708",0,20.2,44,5.7,294,11.4,87.728,4.125,17.674,,,,,,,,,,,,,,,,,,,,,,
"212","PLACE LAKE","2023081709",0,21.8,40,4.6,289,9.1,88.001,4.058,17.461,,,,,,,,,,,,,,,,,,,,,,
"212","PLACE LAKE","2023081710",0,23.3,37,6.9,329,11.4,88.387,4.816,19.801,,,,,,,,,,,,,,,,,,,,,,
"212","PLACE LAKE","2023081711",0,24.1,36,6.4,337,14.3,88.772,4.963,20.237,,,,,,,,,,,,,,,,,,,,,,
"212","PLACE LAKE","2023081712",0,26.8,28,5.9,40,13.1,89.488,5.363,21.398,0,93.582,9.581,32.599,75.546,607.539,115.261,4,,,,,,,,,,,,,,
"212","PLACE LAKE","2023081713",0,28.6,25,6.5,40,16,90.308,6.216,24.257,,,,,,,,,,,,,,,,,,,,,,
"212","PLACE LAKE","2023081714",0,29.3,24,9.2,329,18.9,91.095,7.97,28.796,,,,,,,,,,,,,,,,,,,,,,
"212","PLACE LAKE","2023081715",0,30.6,22,8.3,3,24.1,91.882,8.517,30.122,,,,,,,,,,,,,,,,,,,,,,
"212","PLACE LAKE","2023081716",0,31,21,9.2,285,18.9,92.587,9.845,33.194,,,,,,,,,,,,,,,,,,,,,,
"212","PLACE LAKE","2023081717",0,29,23,7,305,20.6,92.936,9.253,31.85,,,,,,,,,,,,,,,,,,,,,,
"212","PLACE LAKE","2023081718",0,25.2,29,16.5,336,34.4,92.986,15.041,43.752,,,,,,,,,,,,,,,,,,,,,,
"212","PLACE LAKE","2023081719",0,22.1,29,8.2,316,29.8,93.036,9.97,33.474,,,,,,,,,,,,,,,,,,,,,,
"212","PLACE LAKE","2023081720",0,17.6,42,0,194,15.4,92.884,6.456,24.906,,,,,,,,,,,,,,,,,,,,,,
"212","PLACE LAKE","2023081721",0,16.3,41,5.2,334,14.3,92.643,8.111,29.141,,,,,,,,,,,,,,,,,,,,,,
"212","PLACE LAKE","2023081722",0,13.8,39,5.9,321,12,92.443,8.168,29.281,,,,,,,,,,,,,,,,,,,,,,
"212","PLACE LAKE","2023081723",0,14.4,40,5.1,287,16.6,92.252,7.637,27.971,,,,,,,,,,,,,,,,,,,,,,
"213","ANAHIM LAKE","2023081700",0,17.7,51,10.7,251,18.9,91.949,9.704,29.994,,,,,,,,,,0,,,,0,2,866.64,,,,,,
"213","ANAHIM LAKE","2023081701",0,17.9,53,8.8,252,20,91.505,8.279,26.916,,,,,,,,,,0,,,,0,2,866.59,,,,,,
"213","ANAHIM LAKE","2023081702",0,15.4,61,5,310,10.2,90.965,6.331,22.312,,,,,,,,,,-0.1,,,,0,2,866.65,,,,,,
"213","ANAHIM LAKE","2023081703",0,12.3,69,1.6,53,8.5,90.393,4.916,18.587,,,,,,,,,,-0.3,,,,0,2,866.69,,,,,,
"213","ANAHIM LAKE","2023081704",0,11,74,4.5,187,9.1,89.692,5.146,19.22,,,,,,,,,,-0.1,,,,0,2,866.72,,,,,,
"213","ANAHIM LAKE","2023081705",0,9.5,80,2.5,185,8.5,88.97,4.195,16.521,,,,,,,,,,-0.1,,,,0,2,866.72,,,,,,
"213","ANAHIM LAKE","2023081706",0,8.4,84,2.7,177,7.9,88.206,3.797,15.322,,,,,,,,,,-0.1,,,,0,2,866.71,,,,,,
"213","ANAHIM LAKE","2023081707",0,15,74,14.3,254,21.2,87.635,6.278,22.18,,,,,,,,,,0.2,,,,0,2,866.45,,,,,,
"213","ANAHIM LAKE","2023081708",0,18.1,63,13.9,261,21.2,87.497,6.033,21.558,,,,,,,,,,0,,,,0,2,866.28,,,,,,
"213","ANAHIM LAKE","2023081709",0,20.4,53,9.3,265,21.8,87.546,4.818,18.313,,,,,,,,,,0,,,,0,2,866.31,,,,,,
"213","ANAHIM LAKE","2023081710",0,21.8,38,17.7,233,26.4,87.976,7.824,25.885,,,,,,,,,,0,,,,0,2,866.31,,,,,,
"213","ANAHIM LAKE","2023081711",0,23,20,27.4,237,40.2,89.209,15.224,40.386,,,,,,,,,,0,,,,0,2,866.35,,,,,,
"213","ANAHIM LAKE","2023081712",0,22.5,24,20.4,242,33.9,89.933,11.869,34.32,0,92.8,17.835,45.772,61.494,642.495,99.241,4,,-0.1,,,,0.08,2,866.44,,,,,,
"213","ANAHIM LAKE","2023081713",0,24.8,17,22.7,246,37.3,91.009,15.545,41.928,,,,,,,,,,-0.1,,,,0,2,866.4,,,,,,
"213","ANAHIM LAKE","2023081714",0,24.8,15,23.8,257,40.2,91.983,18.866,47.427,,,,,,,,,,-0.2,,,,0,2,866.46,,,,,,
"213","ANAHIM LAKE","2023081715",0,24.5,17,24.7,250,39.6,92.632,21.633,51.679,,,,,,,,,,-0.2,,,,0,2,866.53,,,,,,
"213","ANAHIM LAKE","2023081716",0,24.2,19,22.4,280,42.5,93.018,20.338,49.722,,,,,,,,,,-0.3,,,,0,2,866.54,,,,,,
"213","ANAHIM LAKE","2023081717",0,23.5,19,20.5,262,37.9,93.292,19.203,47.961,,,,,,,,,,-0.4,,,,0,2,866.56,,,,,,
"213","ANAHIM LAKE","2023081718",0,19.3,18,13.5,302,29.2,93.412,13.724,38.684,,,,,,,,,,-0.4,,,,0,2,866.64,,,,,,
"213","ANAHIM LAKE","2023081719",0,17.4,16,16.3,286,30.4,93.549,16.108,42.895,,,,,,,,,,-0.3,,,,0,2,866.63,,,,,,
"213","ANAHIM LAKE","2023081720",0,16.1,12,17.3,267,35.6,93.815,17.578,45.352,,,,,,,,,,-0.3,,,,0,2,866.56,,,,,,
"213","ANAHIM LAKE","2023081721",0,14.9,12,15.2,255,25.8,94.006,16.238,43.116,,,,,,,,,,-0.3,,,,0,2,866.52,,,,,,
"213","ANAHIM LAKE","2023081722",0,11.8,24,11.5,241,25.8,93.939,13.351,37.996,,,,,,,,,,-0.4,,,,0,2,866.6,,,,,,
"213","ANAHIM LAKE","2023081723",0,7.9,27,8.7,318,13.7,93.809,11.387,34.226,,,,,,,,,,-0.4,,,,0,2,866.68,,,,,,
"216","NEMIAH","2023081700",0,15.4,53,5.2,82,9.7,92.952,8.47,30.945,,,,,,,,,,,,,,,,,,,,11268.2,,
"216","NEMIAH","2023081701",0,13.4,59,4.5,110,9.7,92.316,7.477,28.44,,,,,,,,,,,,,,,,,,,,11268.2,,
"216","NEMIAH","2023081702",0,11.7,63,0.3,155,5.3,91.815,5.638,23.384,,,,,,,,,,,,,,,,,,,,11268.2,,
"216","NEMIAH","2023081703",0,10.5,66,2.2,189,9.4,91.218,5.7,23.566,,,,,,,,,,,,,,,,,,,,11268.2,,
"216","NEMIAH","2023081704",0,9.4,70,0.6,137,9.3,90.668,4.862,21.046,,,,,,,,,,,,,,,,,,,,11268.2,,
"216","NEMIAH","2023081705",0,8.4,74,3.2,170,7.4,89.995,5.034,21.577,,,,,,,,,,,,,,,,,,,,11268.2,,
"216","NEMIAH","2023081706",0,8,74,5,145,8.3,89.351,5.026,21.552,,,,,,,,,,,,,,,,,,,,11268.2,,
"216","NEMIAH","2023081707",0,8.5,74,3.3,92,9.4,88.8,4.262,19.134,,,,,,,,,,,,,,,,,,,,11268.2,,
"216","NEMIAH","2023081708",0,13.5,63,1.2,15,8.3,88.563,3.706,17.258,,,,,,,,,,,,,,,,,,,,11268.2,,
"216","NEMIAH","2023081709",0,19.4,47,4.1,354,7.2,88.612,4.319,19.32,,,,,,,,,,,,,,,,,,,,11268.2,,
"216","NEMIAH","2023081710",0,23.1,36,4.2,32,9.5,88.912,4.532,20.008,,,,,,,,,,,,,,,,,,,,11268.2,,
"216","NEMIAH","2023081711",0,25.6,28,5.7,335,11.3,89.543,5.352,22.539,,,,,,,,,,,,,,,,,,,,11268.2,,
"216","NEMIAH","2023081712",0,27.9,24,6.6,288,14.2,90.358,6.293,25.256,0,94.525,11.31,38.05,89.687,585.247,129.688,5,,,,,,,,,,,,11268.2,,
"216","NEMIAH","2023081713",0,29,18,15.5,274,29,91.498,11.593,38.667,,,,,,,,,,,,,,,,,,,,11268.2,,
"216","NEMIAH","2023081714",0,29.4,18,18.4,260,34.7,92.442,15.334,46.265,,,,,,,,,,,,,,,,,,,,11268.2,,
"216","NEMIAH","2023081715",0,30,16,17.1,277,31.4,93.309,16.218,47.933,,,,,,,,,,,,,,,,,,,,11268.2,,
"216","NEMIAH","2023081716",0,30.8,15,12.8,237,37.8,94.043,14.462,44.577,,,,,,,,,,,,,,,,,,,,11268.2,,
"216","NEMIAH","2023081717",0,29.8,17,11.3,228,31.5,94.442,14.169,43.999,,,,,,,,,,,,,,,,,,,,11268.2,,
"216","NEMIAH","2023081718",0,28.1,19,11.9,236,27.5,94.584,14.893,45.418,,,,,,,,,,,,,,,,,,,,11268.2,,
"216","NEMIAH","2023081719",0,25.9,21,11.7,218,31.3,94.635,14.847,45.329,,,,,,,,,,,,,,,,,,,,11268.2,,
"216","NEMIAH","2023081720",0,23.4,24,12.7,218,29.7,94.652,15.651,46.868,,,,,,,,,,,,,,,,,,,,11268.2,,
"216","NEMIAH","2023081721",0,19.8,29,9.3,231,25.9,94.504,12.921,41.476,,,,,,,,,,,,,,,,,,,,11268.2,,
"216","NEMIAH","2023081722",0,16.7,33,5.6,73,16.3,94.281,10.398,36.013,,,,,,,,,,,,,,,,,,,,11268.2,,
"216","NEMIAH","2023081723",0,13.7,33,5.2,94,11.7,94.066,9.893,34.85,,,,,,,,,,,,,,,,,,,,11268.2,,
"218","LONE BUTTE","2023081700",0,17.6,53,9.6,167,17.2,88.262,5.419,15.425,,,,,,,,,,,,,,,,,,,,,,
"218","LONE BUTTE","2023081701",0,18.5,50,8.2,166,16.6,88.311,5.086,14.693,,,,,,,,,,,,,,,,,,,,,,
"218","LONE BUTTE","2023081702",0,18.3,50,8.8,171,13.7,88.36,5.279,15.119,,,,,,,,,,,,,,,,,,,,,,
"218","LONE BUTTE","2023081703",0,17.7,53,7.4,160,15.4,88.365,4.923,14.329,,,,,,,,,,,,,,,,,,,,,,
"218","LONE BUTTE","2023081704",0,14,68,5.9,182,12,88.01,4.338,12.982,,,,,,,,,,,,,,,,,,,,,,
"218","LONE BUTTE","2023081705",0,16.4,57,8.7,172,15.4,87.949,4.952,14.394,,,,,,,,,,,,,,,,,,,,,,
"218","LONE BUTTE","2023081706",0,17.9,53,7.8,182,14.3,87.998,4.766,13.973,,,,,,,,,,,,,,,,,,,,,,
"218","LONE BUTTE","2023081707",0,20.2,49,5.2,215,13.1,88.047,4.21,12.678,,,,,,,,,,,,,,,,,,,,,,
"218","LONE BUTTE","2023081708",0,21.9,45,7.7,193,10.8,88.164,4.856,14.178,,,,,,,,,,,,,,,,,,,,,,
"218","LONE BUTTE","2023081709",0,24.5,38,6,247,13.1,88.532,4.699,13.821,,,,,,,,,,,,,,,,,,,,,,
"218","LONE BUTTE","2023081710",0,26.5,34,7.2,334,12,89.066,5.39,15.361,,,,,,,,,,,,,,,,,,,,,,
"218","LONE BUTTE","2023081711",0,26.9,38,4.3,295,13.7,89.367,4.863,14.193,,,,,,,,,,,,,,,,,,,,,,
"218","LONE BUTTE","2023081712",0,26.3,37,5.5,351,14.3,89.64,5.372,15.322,0,91.665,7.172,19.784,41.114,342.769,63.258,3,,,,,,,,,,,,,,
"218","LONE BUTTE","2023081713",0,28.7,32,7.5,283,13.7,90.159,6.4,18.203,,,,,,,,,,,,,,,,,,,,,,
"218","LONE BUTTE","2023081714",0,30.3,25,9.1,188,22.9,90.987,7.808,21.036,,,,,,,,,,,,,,,,,,,,,,
"218","LONE BUTTE","2023081715",0,29.6,28,5.2,228,20.6,91.437,6.84,19.113,,,,,,,,,,,,,,,,,,,,,,
"218","LONE BUTTE","2023081716",0,28.4,30,4.6,89,18.9,91.676,6.865,19.163,,,,,,,,,,,,,,,,,,,,,,
"218","LONE BUTTE","2023081717",0,26,40,4,352,21.8,91.725,6.706,18.839,,,,,,,,,,,,,,,,,,,,,,
"218","LONE BUTTE","2023081718",0,23.9,54,3.4,138,11.4,91.393,6.208,17.797,,,,,,,,,,,,,,,,,,,,,,
"218","LONE BUTTE","2023081719",0,22.4,49,6.8,261,18.3,91.184,7.152,19.744,,,,,,,,,,,,,,,,,,,,,,
"218","LONE BUTTE","2023081720",0,19.9,43,8.6,324,29.8,91.101,7.739,20.902,,,,,,,,,,,,,,,,,,,,,,
"218","LONE BUTTE","2023081721",0,19.4,32,10.9,311,22.9,91.151,8.752,22.818,,,,,,,,,,,,,,,,,,,,,,
"218","LONE BUTTE","2023081722",0,18.3,38,9.6,328,21.2,91.153,8.199,21.785,,,,,,,,,,,,,,,,,,,,,,
"218","LONE BUTTE","2023081723",0,16.8,40,11.5,326,20,91.085,8.936,23.157,,,,,,,,,,,,,,,,,,,,,,
"221","BALDFACE","2023081700",0,9.5,80,2.3,258,5.1,88.455,3.857,11.474,,,,,,,,,,,,,,,,,,,,,,
"221","BALDFACE","2023081701",0,8.9,82,6.9,313,9.1,87.711,4.371,12.684,,,,,,,,,,,,,,,,,,,,,,
"221","BALDFACE","2023081702",0,9.6,78,7.9,269,12.5,87.152,4.244,12.392,,,,,,,,,,,,,,,,,,,,,,
"221","BALDFACE","2023081703",0,8.4,79,9.3,300,12.5,86.616,4.22,12.336,,,,,,,,,,,,,,,,,,,,,,
"221","BALDFACE","2023081704",0,12.9,61,10.6,311,16.6,86.578,4.482,12.939,,,,,,,,,,,,,,,,,,,,,,
"221","BALDFACE","2023081705",0,7.9,83,5.5,316,13.7,86.032,3.209,9.861,,,,,,,,,,,,,,,,,,,,,,
"221","BALDFACE","2023081706",0,13.1,73,8.7,313,24.6,85.805,3.653,10.977,,,,,,,,,,,,,,,,,,,,,,
"221","BALDFACE","2023081707",0,15.6,63,10.6,326,18.3,85.853,4.047,11.928,,,,,,,,,,,,,,,,,,,,,,
"221","BALDFACE","2023081708",0,22,41,9.1,294,21.8,86.4,4.052,11.941,,,,,,,,,,,,,,,,,,,,,,
"221","BALDFACE","2023081709",0,24.6,24,12.9,266,23.5,87.671,5.881,15.959,,,,,,,,,,,,,,,,,,,,,,
"221","BALDFACE","2023081710",0,27.8,21,8.9,303,22.9,89.001,5.817,15.828,,,,,,,,,,,,,,,,,,,,,,
"221","BALDFACE","2023081711",0,27.3,9,14.1,261,35.6,90.777,9.75,23.086,,,,,,,,,,,,,,,,,,,,,,
"221","BALDFACE","2023081712",0,23.9,9,20.5,283,36.7,92.06,16.151,32.637,0,96.599,30.216,51.388,38.874,384.972,62.076,4,,,,,,,,,,,,,,
"221","BALDFACE","2023081713",0,22.4,9,21.1,253,39,93.016,19.042,38.292,,,,,,,,,,,,,,,,,,,,,,
"221","BALDFACE","2023081714",0,22.8,10,16.3,267,32.7,93.715,16.484,34.836,,,,,,,,,,,,,,,,,,,,,,
"221","BALDFACE","2023081715",0,22.4,12,17.7,243,36.7,94.163,18.823,38.004,,,,,,,,,,,,,,,,,,,,,,
"221","BALDFACE","2023081716",0,21.7,12,20,240,35,94.509,22.17,42.246,,,,,,,,,,,,,,,,,,,,,,
"221","BALDFACE","2023081717",0,19,13,15.7,249,32.1,94.649,18.2,37.177,,,,,,,,,,,,,,,,,,,,,,
"221","BALDFACE","2023081718",0,16.8,20,11.8,292,27.5,94.658,14.97,32.677,,,,,,,,,,,,,,,,,,,,,,
"221","BALDFACE","2023081719",0,14.3,24,12.8,310,32.7,94.556,15.525,33.479,,,,,,,,,,,,,,,,,,,,,,
"221","BALDFACE","2023081720",0,12.7,24,13.3,310,25.2,94.448,15.685,33.708,,,,,,,,,,,,,,,,,,,,,,
"221","BALDFACE","2023081721",0,11.4,24,12.7,289,20,94.341,14.995,32.714,,,,,,,,,,,,,,,,,,,,,,
"221","BALDFACE","2023081722",0,9.9,28,14.1,321,24.1,94.145,15.661,33.674,,,,,,,,,,,,,,,,,,,,,,
"221","BALDFACE","2023081723",0,8,41,15.7,313,32.7,93.671,15.895,34.007,,,,,,,,,,,,,,,,,,,,,,
"222","GASPARD","2023081700",0,16.6,50,12.6,220,15.4,91.413,9.896,26.051,,,,,,,,,,,,,,,,,,,,,,
"222","GASPARD","2023081701",0,18,41,14.4,262,19.5,91.302,10.667,27.433,,,,,,,,,,,,,,,,,,,,,,
"222","GASPARD","2023081702",0,16.3,46,8.5,194,21.2,91.093,7.691,21.823,,,,,,,,,,,,,,,,,,,,,,
"222","GASPARD","2023081703",0,16.6,42,8.4,207,12,90.995,7.547,21.531,,,,,,,,,,,,,,,,,,,,,,
"222","GASPARD","2023081704",0,16,47,10.3,152,12.5,90.785,8.06,22.563,,,,,,,,,,,,,,,,,,,,,,
"222","GASPARD","2023081705",0,14.5,50,11.6,165,14.3,90.511,8.276,22.988,,,,,,,,,,,,,,,,,,,,,,
"222","GASPARD","2023081706",0,14.2,52,12.8,156,16.6,90.215,8.427,23.284,,,,,,,,,,,,,,,,,,,,,,
"222","GASPARD","2023081707",0,16.4,54,12.7,155,17.7,89.929,8.048,22.539,,,,,,,,,,,,,,,,,,,,,,
"222","GASPARD","2023081708",0,20.8,39,5.2,186,18.3,89.978,5.554,17.215,,,,,,,,,,,,,,,,,,,,,,
"222","GASPARD","2023081709",0,23.4,32,7.8,339,13.7,90.23,6.564,19.468,,,,,,,,,,,,,,,,,,,,,,
"222","GASPARD","2023081710",0,21.6,36,8,5,13.7,90.279,6.678,19.713,,,,,,,,,,,,,,,,,,,,,,
"222","GASPARD","2023081711",0,25.3,29,9.1,303,17.7,90.664,7.457,21.347,,,,,,,,,,,,,,,,,,,,,,
"222","GASPARD","2023081712",0,25.5,32,6.6,129,14.3,90.871,6.771,19.913,0,91.961,7.906,23.092,46.358,469.974,74.375,3,,,,,,,,,,,,,,
"222","GASPARD","2023081713",0,26.6,27,8.5,162,17.7,91.28,7.899,23.078,,,,,,,,,,,,,,,,,,,,,,
"222","GASPARD","2023081714",0,25.4,30,12.5,36,22.3,91.464,9.919,27.047,,,,,,,,,,,,,,,,,,,,,,
"222","GASPARD","2023081715",0,24.9,32,7.1,8,22.3,91.521,7.617,22.492,,,,,,,,,,,,,,,,,,,,,,
"222","GASPARD","2023081716",0,26.9,21,23.3,293,36.7,92.178,18.912,41.53,,,,,,,,,,,,,,,,,,,,,,
"222","GASPARD","2023081717",0,25.6,23,24.2,268,41.3,92.526,20.784,44.117,,,,,,,,,,,,,,,,,,,,,,
"222","GASPARD","2023081718",0,22.6,23,24.2,323,41.3,92.68,21.238,44.729,,,,,,,,,,,,,,,,,,,,,,
"222","GASPARD","2023081719",0,20,24,15.3,326,36.2,92.73,13.659,33.574,,,,,,,,,,,,,,,,,,,,,,
"222","GASPARD","2023081720",0,17.6,27,5,292,18.9,92.78,8.185,23.665,,,,,,,,,,,,,,,,,,,,,,
"222","GASPARD","2023081721",0,16,25,13.5,311,21.8,92.83,12.651,31.901,,,,,,,,,,,,,,,,,,,,,,
"222","GASPARD","2023081722",0,14.7,28,13.7,317,32.7,92.807,12.738,32.047,,,,,,,,,,,,,,,,,,,,,,
"222","GASPARD","2023081723",0,11.7,34,9.1,343,21.2,92.653,9.887,26.986,,,,,,,,,,,,,,,,,,,,,,
"225","KNIFE","2023081700",0,18.5,51,2.7,49,6.8,92.504,7.012,21.202,,,,,,,,,,,,,,,,,,,,,,
"225","KNIFE","2023081701",0,17.3,56,2.6,64,7.4,92.017,6.514,20.105,,,,,,,,,,,,,,,,,,,,,,
"225","KNIFE","2023081702",0,16.9,56,3.7,77,7.9,91.559,6.453,19.969,,,,,,,,,,,,,,,,,,,,,,
"225","KNIFE","2023081703",0,15.7,63,1.8,250,5.6,91.038,5.445,17.631,,,,,,,,,,,,,,,,,,,,,,
"225","KNIFE","2023081704",0,14.6,66,1.9,34,4.5,90.504,5.071,16.72,,,,,,,,,,,,,,,,,,,,,,
"225","KNIFE","2023081705",0,13.9,68,3,47,5.1,89.954,4.954,16.43,,,,,,,,,,,,,,,,,,,,,,
"225","KNIFE","2023081706",0,15.1,66,2.7,105,4.5,89.515,4.582,15.488,,,,,,,,,,,,,,,,,,,,,,
"225","KNIFE","2023081707",0,16.2,63,2,260,3.9,89.205,4.231,14.571,,,,,,,,,,,,,,,,,,,,,,
"225","KNIFE","2023081708",0,17.5,61,4.3,240,6.2,88.951,4.58,15.484,,,,,,,,,,,,,,,,,,,,,,
"225","KNIFE","2023081709",0,19,54,4.1,229,7.4,88.895,4.499,15.273,,,,,,,,,,,,,,,,,,,,,,
"225","KNIFE","2023081710",0,21.8,46,6,241,10.2,88.944,4.985,16.507,,,,,,,,,,,,,,,,,,,,,,
"225","KNIFE","2023081711",0,24.9,40,5.9,242,10.2,89.147,5.107,16.808,,,,,,,,,,,,,,,,,,,,,,
"225","KNIFE","2023081712",0,26.9,35,10.8,210,15.4,89.584,6.961,21.089,0,93.056,11.396,30.759,48.912,534.21,79.603,3,,,,,,,,,,,,,,
"225","KNIFE","2023081713",0,29,27,9.4,216,19.5,90.362,7.251,22.507,,,,,,,,,,,,,,,,,,,,,,
"225","KNIFE","2023081714",0,30.2,25,7.1,208,18.9,91.115,7.19,22.374,,,,,,,,,,,,,,,,,,,,,,
"225","KNIFE","2023081715",0,31.1,23,7.1,342,16.6,91.862,7.995,24.111,,,,,,,,,,,,,,,,,,,,,,
"225","KNIFE","2023081716",0,31,23,5.7,322,17.7,92.434,8.077,24.286,,,,,,,,,,,,,,,,,,,,,,
"225","KNIFE","2023081717",0,29.5,27,9.4,325,16.6,92.667,10.057,28.259,,,,,,,,,,,,,,,,,,,,,,
"225","KNIFE","2023081718",0,25.5,28,15.1,341,32.1,92.717,13.497,34.437,,,,,,,,,,,,,,,,,,,,,,
"225","KNIFE","2023081719",0,23.9,27,7.5,352,23.5,92.767,9.268,26.719,,,,,,,,,,,,,,,,,,,,,,
"225","KNIFE","2023081720",0,22.4,31,7.3,356,14.3,92.814,9.236,26.656,,,,,,,,,,,,,,,,,,,,,,
"225","KNIFE","2023081721",0,19.4,36,6.3,21,10.2,92.706,8.65,25.474,,,,,,,,,,,,,,,,,,,,,,
"225","KNIFE","2023081722",0,18.9,35,5.1,4,12,92.63,8.055,24.239,,,,,,,,,,,,,,,,,,,,,,
"225","KNIFE","2023081723",0,18.2,29,5.3,346,14.3,92.663,8.174,24.49,,,,,,,,,,,,,,,,,,,,,,
"226","MIDDLE LAKE","2023081700",0,21.6,38,4.4,241,16.6,94.992,10.794,,,,,,,,,,,,,,,,,,,,,29371.4,,
"226","MIDDLE LAKE","2023081701",0,21.3,37,5.7,288,16,94.649,10.995,,,,,,,,,,,,,,,,,,,,,29371.4,,
"226","MIDDLE LAKE","2023081702",0,20.3,40,5.3,280,17.1,94.267,10.223,,,,,,,,,,,,,,,,,,,,,29371.4,,
"226","MIDDLE LAKE","2023081703",0,20.4,40,6.8,283,16.4,93.91,10.493,,,,,,,,,,,,,,,,,,,,,29371.4,,
"226","MIDDLE LAKE","2023081704",0,17.8,46,0,44,9.2,93.632,7.167,,,,,,,,,,,,,,,,,,,,,29371.4,,
"226","MIDDLE LAKE","2023081705",0,17.1,48,0.5,90,4.1,93.281,6.999,,,,,,,,,,,,,,,,,,,,,29371.4,,
"226","MIDDLE LAKE","2023081706",0,16.5,50,0.2,29,3.7,92.941,6.574,,,,,,,,,,,,,,,,,,,,,29371.4,,
"226","MIDDLE LAKE","2023081707",0,17.2,52,0.9,157,4.4,92.551,6.447,,,,,,,,,,,,,,,,,,,,,29371.4,,
"226","MIDDLE LAKE","2023081708",0,18.5,51,0,239,4.4,92.286,5.935,,,,,,,,,,,,,,,,,,,,,29371.4,,
"226","MIDDLE LAKE","2023081709",0,22.5,37,4.4,209,8.9,92.264,7.386,,,,,,,,,,,,,,,,,,,,,29371.4,,
"226","MIDDLE LAKE","2023081710",0,26.1,33,6.2,173,14.3,92.314,8.144,,,,,,,,,,,,,,,,,,,,,29371.4,,
"226","MIDDLE LAKE","2023081711",0,29.9,22,11.9,231,30.6,92.84,11.687,,,,,,,,,,,,,,,,,,,,,29371.4,,
"226","MIDDLE LAKE","2023081712",0,31.6,15,13.7,231,36.3,93.739,14.509,,0,,,,,,,,,,,,,,,,,,,29371.4,,
"226","MIDDLE LAKE","2023081713",0,32.7,14,12,219,31.6,94.532,14.862,,,,,,,,,,,,,,,,,,,,,29371.4,,
"226","MIDDLE LAKE","2023081714",0,32.7,14,13.6,205,31.4,95.145,17.522,,,,,,,,,,,,,,,,,,,,,29371.4,,
"226","MIDDLE LAKE","2023081715",0,32,15,13.3,219,28.4,95.511,18.145,,,,,,,,,,,,,,,,,,,,,29371.4,,
"226","MIDDLE LAKE","2023081716",0,30.7,15,13.3,217,30.6,95.732,18.699,,,,,,,,,,,,,,,,,,,,,29371.4,,
"226","MIDDLE LAKE","2023081717",0,29.6,8,13,234,34.2,96.267,19.801,,,,,,,,,,,,,,,,,,,,,29371.4,,
"226","MIDDLE LAKE","2023081718",0,27.3,8,11.8,251,29.3,96.596,19.482,,,,,,,,,,,,,,,,,,,,,29371.4,,
"226","MIDDLE LAKE","2023081719",0,24.4,11,10.5,256,31.9,96.648,18.374,,,,,,,,,,,,,,,,,,,,,29371.4,,
"226","MIDDLE LAKE","2023081720",0,22.2,17,4.6,225,22.2,96.634,13.624,,,,,,,,,,,,,,,,,,,,,29371.4,,
"226","MIDDLE LAKE","2023081721",0,21.2,20,8.6,232,18.8,96.533,16.44,,,,,,,,,,,,,,,,,,,,,29371.4,,
"226","MIDDLE LAKE","2023081722",0,20.2,22,8.9,241,26.7,96.382,16.356,,,,,,,,,,,,,,,,,,,,,29371.4,,
"226","MIDDLE LAKE","2023081723",0,19,22,9.1,252,24.5,96.234,16.195,,,,,,,,,,,,,,,,,,,,,29371.4,,
"227","GAVIN","2023081700",0,17.8,57,8.1,57,11.4,89.891,6.349,16.037,,,,,,,,,,,,,,,,,,,,,,
"227","GAVIN","2023081701",0,16.4,63,6.6,59,10.8,89.475,5.545,14.463,,,,,,,,,,,,,,,,,,,,,,
"227","GAVIN","2023081702",0,16,65,5.8,56,12,89.069,5.025,13.396,,,,,,,,,,,,,,,,,,,,,,
"227","GAVIN","2023081703",0,14.9,75,5.3,43,10.2,88.455,4.486,12.248,,,,,,,,,,,,,,,,,,,,,,
"227","GAVIN","2023081704",0,14.5,74,4.9,51,10.2,87.952,4.091,11.37,,,,,,,,,,,,,,,,,,,,,,
"227","GAVIN","2023081705",0,15.2,70,5.6,56,12,87.607,4.033,11.24,,,,,,,,,,,,,,,,,,,,,,
"227","GAVIN","2023081706",0,14.9,73,4.5,43,8.5,87.238,3.62,10.284,,,,,,,,,,,,,,,,,,,,,,
"227","GAVIN","2023081707",0,16.9,63,5.4,49,7.9,87.159,3.746,10.579,,,,,,,,,,,,,,,,,,,,,,
"227","GAVIN","2023081708",0,21.4,54,4.2,162,9.1,87.207,3.55,10.119,,,,,,,,,,,,,,,,,,,,,,
"227","GAVIN","2023081709",0,20,60,3.9,203,9.1,87.252,3.519,10.045,,,,,,,,,,,,,,,,,,,,,,
"227","GAVIN","2023081710",0,21.9,52,6.2,265,10.8,87.308,3.983,11.127,,,,,,,,,,,,,,,,,,,,,,
"227","GAVIN","2023081711",0,24.2,43,6.5,261,13.7,87.647,4.245,11.716,,,,,,,,,,,,,,,,,,,,,,
"227","GAVIN","2023081712",0,24.9,39,7.2,314,16,88.087,4.684,12.674,0,91.819,7.986,19.906,33.785,375.704,55.168,3,,,,,,,,,,,,,,
"227","GAVIN","2023081713",0,26.3,37,8.7,306,21.2,88.595,5.433,14.94,,,,,,,,,,,,,,,,,,,,,,
"227","GAVIN","2023081714",0,26.8,34,6.9,229,16.6,89.129,5.357,14.78,,,,,,,,,,,,,,,,,,,,,,
"227","GAVIN","2023081715",0,27.9,32,6.3,228,18.3,89.689,5.633,15.358,,,,,,,,,,,,,,,,,,,,,,
"227","GAVIN","2023081716",0,27.9,32,9.2,264,21.8,90.177,6.99,18.058,,,,,,,,,,,,,,,,,,,,,,
"227","GAVIN","2023081717",0,23.4,34,9.6,283,25.2,90.337,7.298,18.64,,,,,,,,,,,,,,,,,,,,,,
"227","GAVIN","2023081718",0,21.2,37,5.9,248,19.5,90.386,6.1,16.313,,,,,,,,,,,,,,,,,,,,,,
"227","GAVIN","2023081719",0,20.3,39,5.7,228,15.4,90.435,6.081,16.276,,,,,,,,,,,,,,,,,,,,,,
"227","GAVIN","2023081720",0,18.1,39,6.8,231,16.6,90.485,6.473,17.056,,,,,,,,,,,,,,,,,,,,,,
"227","GAVIN","2023081721",0,17.5,36,7.7,226,17.2,90.535,6.822,17.735,,,,,,,,,,,,,,,,,,,,,,
"227","GAVIN","2023081722",0,16.3,35,6.3,240,18.3,90.585,6.403,16.918,,,,,,,,,,,,,,,,,,,,,,
"227","GAVIN","2023081723",0,14.7,41,5.5,212,12.5,90.542,6.113,16.34,,,,,,,,,,,,,,,,,,,,,,
"228","BENSON","2023081700",0,18.5,51,9.2,137,12,91.012,7.876,27.969,,,,,,,,,,,,,,,,,,,,,,
"228","BENSON","2023081701",0,18.3,50,10,142,12.5,90.756,7.907,28.043,,,,,,,,,,,,,,,,,,,,,,
"228","BENSON","2023081702",0,18.4,50,9.1,153,12.5,90.539,7.325,26.611,,,,,,,,,,,,,,,,,,,,,,
"228","BENSON","2023081703",0,17.6,52,8.6,151,10.8,90.296,6.899,25.53,,,,,,,,,,,,,,,,,,,,,,
"228","BENSON","2023081704",0,17.2,54,8.5,146,11.4,90.033,6.611,24.783,,,,,,,,,,,,,,,,,,,,,,
"228","BENSON","2023081705",0,16.8,55,7.2,142,11.4,89.784,5.975,23.084,,,,,,,,,,,,,,,,,,,,,,
"228","BENSON","2023081706",0,17.1,54,6.2,,8.5,89.596,5.53,21.851,,,,,,,,,,,,,,,,,,,,,,
"228","BENSON","2023081707",0,19.4,52,2,4,6.8,89.526,4.43,18.612,,,,,,,,,,,,,,,,,,,,,,
"228","BENSON","2023081708",0,20,51,5.7,316,11.4,89.477,5.301,21.199,,,,,,,,,,,,,,,,,,,,,,
"228","BENSON","2023081709",0,19.7,53,7.1,325,15.4,89.38,5.609,22.074,,,,,,,,,,,,,,,,,,,,,,
"228","BENSON","2023081710",0,21.5,48,8,319,14.3,89.429,5.912,22.911,,,,,,,,,,,,,,,,,,,,,,
"228","BENSON","2023081711",0,23.3,37,10.2,321,22.9,89.611,6.779,25.221,,,,,,,,,,,,,,,,,,,,,,
"228","BENSON","2023081712",0,24.1,31,8.8,305,20.6,89.986,6.667,24.929,0,92.267,9.223,31.718,71.17,739.332,114.729,4,,,,,,,,,,,,,,
"228","BENSON","2023081713",0,25.8,26,7.5,296,17.7,90.547,6.765,25.679,,,,,,,,,,,,,,,,,,,,,,
"228","BENSON","2023081714",0,25.4,24,5.4,301,20,91.052,6.54,25.083,,,,,,,,,,,,,,,,,,,,,,
"228","BENSON","2023081715",0,24,29,10.5,318,20.6,91.261,8.713,30.528,,,,,,,,,,,,,,,,,,,,,,
"228","BENSON","2023081716",0,22.4,32,11.4,335,20.6,91.311,9.182,31.623,,,,,,,,,,,,,,,,,,,,,,
"228","BENSON","2023081717",0,21.6,34,7.2,21,20.6,91.361,7.484,27.529,,,,,,,,,,,,,,,,,,,,,,
"228","BENSON","2023081718",0,21.7,32,5.9,357,12,91.411,7.059,26.445,,,,,,,,,,,,,,,,,,,,,,
"228","BENSON","2023081719",0,19.3,30,10.1,290,17.2,91.461,8.785,30.698,,,,,,,,,,,,,,,,,,,,,,
"228","BENSON","2023081720",0,18.5,27,14.6,308,25.8,91.513,11.104,35.876,,,,,,,,,,,,,,,,,,,,,,
"228","BENSON","2023081721",0,17,34,10.7,299,21.8,91.535,9.15,31.551,,,,,,,,,,,,,,,,,,,,,,
"228","BENSON","2023081722",0,16.3,32,11.9,,22.3,91.582,9.786,32.999,,,,,,,,,,,,,,,,,,,,,,
"228","BENSON","2023081723",0,15.9,31,12.5,,23.5,91.632,10.158,33.828,,,,,,,,,,,,,,,,,,,,,,
"232","COLDSCAUR LAKE","2023081700",0,9.9,90,0,67,4.5,87.129,2.841,10.003,,,,,,,,,,,,,,,,,,,,,,
"232","COLDSCAUR LAKE","2023081701",0,10.1,88,4,138,7.4,86.35,3.112,10.787,,,,,,,,,,,,,,,,,,,,,,
"232","COLDSCAUR LAKE","2023081702",0,9.1,92,2.7,161,6.8,85.515,2.593,9.258,,,,,,,,,,,,,,,,,,,,,,
"232","COLDSCAUR LAKE","2023081703",0,8.6,94,2.8,125,6.8,84.66,2.316,8.401,,,,,,,,,,,,,,,,,,,,,,
"232","COLDSCAUR LAKE","2023081704",0,7.9,96,0,338,4.5,83.972,1.833,6.811,,,,,,,,,,,,,,,,,,,,,,
"232","COLDSCAUR LAKE","2023081705",0,7.1,97,0,55,3.3,83.297,1.678,6.268,,,,,,,,,,,,,,,,,,,,,,
"232","COLDSCAUR LAKE","2023081706",0,8,97,5.5,133,9.1,82.417,1.979,7.306,,,,,,,,,,,,,,,,,,,,,,
"232","COLDSCAUR LAKE","2023081707",0,13.3,83,4.5,120,9.1,82.351,1.867,6.925,,,,,,,,,,,,,,,,,,,,,,
"232","COLDSCAUR LAKE","2023081708",0,18.8,66,5.8,169,10.2,82.59,2.053,7.551,,,,,,,,,,,,,,,,,,,,,,
"232","COLDSCAUR LAKE","2023081709",0,23,48,6.4,160,11.4,83.379,2.341,8.479,,,,,,,,,,,,,,,,,,,,,,
"232","COLDSCAUR LAKE","2023081710",0,24.6,45,7.6,176,13.1,84.255,2.793,9.859,,,,,,,,,,,,,,,,,,,,,,
"232","COLDSCAUR LAKE","2023081711",0,24.1,43,6.8,194,14.3,85.03,2.981,10.41,,,,,,,,,,,,,,,,,,,,,,
"232","COLDSCAUR LAKE","2023081712",0,25.8,41,6.6,199,13.7,85.837,3.301,11.319,0,91.663,7.579,22.002,46.178,403.118,71.795,3,,,,,,,,,,,,,,
"232","COLDSCAUR LAKE","2023081713",0,27.5,36,3.5,123,10.8,86.711,3.193,11.432,,,,,,,,,,,,,,,,,,,,,,
"232","COLDSCAUR LAKE","2023081714",0,29.8,30,7.4,56,12,87.917,4.617,15.274,,,,,,,,,,,,,,,,,,,,,,
"232","COLDSCAUR LAKE","2023081715",0,30.4,30,4.1,169,11.4,88.861,4.476,14.917,,,,,,,,,,,,,,,,,,,,,,
"232","COLDSCAUR LAKE","2023081716",0,29.9,29,4.9,179,14.3,89.668,5.233,16.79,,,,,,,,,,,,,,,,,,,,,,
"232","COLDSCAUR LAKE","2023081717",0,27.3,38,5.7,180,16.6,89.895,5.629,17.727,,,,,,,,,,,,,,,,,,,,,,
"232","COLDSCAUR LAKE","2023081718",0,24,53,2.6,16,13.1,89.836,4.774,15.668,,,,,,,,,,,,,,,,,,,,,,
"232","COLDSCAUR LAKE","2023081719",0,23.2,49,4.5,164,20,89.854,5.267,16.872,,,,,,,,,,,,,,,,,,,,,,
"232","COLDSCAUR LAKE","2023081720",0,19.9,75,5.1,304,14.9,89.122,4.888,15.949,,,,,,,,,,,,,,,,,,,,,,
"232","COLDSCAUR LAKE","2023081721",0,19.5,47,9,342,21.2,89.171,5.991,18.562,,,,,,,,,,,,,,,,,,,,,,
"232","COLDSCAUR LAKE","2023081722",0,17.5,45,6,341,18.9,89.22,5.187,16.679,,,,,,,,,,,,,,,,,,,,,,
"232","COLDSCAUR LAKE","2023081723",0,15.8,48,7,347,14.9,89.196,5.436,17.274,,,,,,,,,,,,,,,,,,,,,,
"233","TALCHAKO","2023081700",0,16.4,74,3,266,4.5,88.345,3.933,11.995,,,,,,,,,0,193.3,,0,0,0,0,0,,0,0,,0,
"233","TALCHAKO","2023081701",0,15.6,76,2.3,245,3.9,87.848,3.535,11.003,,,,,,,,,0,193.3,,0,0,0,0,0,,0,0,,0,
"233","TALCHAKO","2023081702",0,14.7,82,2.9,244,4.5,87.209,3.326,10.464,,,,,,,,,0,193.3,,0,0,0,0,0,,0,0,,0,
"233","TALCHAKO","2023081703",0,13.7,90,1.6,300,4.5,86.358,2.761,8.943,,,,,,,,,0,193.3,,0,0,0,0,0,,0,0,,0,
"233","TALCHAKO","2023081704",0,12.9,93,1.8,316,5.1,85.439,2.452,8.065,,,,,,,,,0,193.3,,0,0,0,0,0,,0,0,,0,
"233","TALCHAKO","2023081705",0,13.1,95,3.2,255,5.1,84.434,2.292,7.597,,,,,,,,,0,193.3,,0,0,0,0,0,,0,0,,0,
"233","TALCHAKO","2023081706",0,11.9,95,2.4,312,5.1,83.596,1.969,6.611,,,,,,,,,0,193.3,,0,0,0,0,0,,0,0,,0,
"233","TALCHAKO","2023081707",0,12,97,2.7,306,5.1,82.693,1.779,6.008,,,,,,,,,0,193.3,,0,0,0,0,0,,0,0,,0,
"233","TALCHAKO","2023081708",0,12.6,95,0,57,3.9,82.18,1.457,4.931,,,,,,,,,0,193.3,,0,0,0,0,0,,0,0,,0,
"233","TALCHAKO","2023081709",0,20,60,2.6,87,6.2,82.544,1.738,5.872,,,,,,,,,0,193.3,,0,0,0,0,0,,0,0,,0,
"233","TALCHAKO","2023081710",0,24.5,49,3.9,99,10.2,83.321,2.048,6.858,,,,,,,,,0,193.3,,0,0,0,0,0,,0,0,,0,
"233","TALCHAKO","2023081711",0,26.8,39,5.7,87,11.4,84.491,2.62,8.547,,,,,,,,,0,193.3,,0,0,0,0,0,,0,0,,0,
"233","TALCHAKO","2023081712",0,27.7,27,7.3,30,17.7,86.063,3.529,10.988,0,92.955,9.419,24.318,39.246,462.204,64.748,3,0,193.3,,0,0,0,0,0,,0,0,,0,
"233","TALCHAKO","2023081713",0,27.7,25,9.2,125,24.1,87.501,4.763,14.762,,,,,,,,,0,193.3,,0,0,0,0,0,,0,0,,0,
"233","TALCHAKO","2023081714",0,28.1,17,8.6,103,21.2,89.071,5.787,17.107,,,,,,,,,0,193.3,,0,0,0,0,0,,0,0,,0,
"233","TALCHAKO","2023081715",0,27.9,14,8.3,314,28.1,90.476,6.973,19.624,,,,,,,,,0,193.3,,0,0,0,0,0,,0,0,,0,
"233","TALCHAKO","2023081716",0,26.3,17,5.2,235,16,91.321,6.728,19.119,,,,,,,,,0,193.3,,0,0,0,0,0,,0,0,,0,
"233","TALCHAKO","2023081717",0,24,15,5.3,246,19.5,92.005,7.45,20.588,,,,,,,,,0,193.3,,0,0,0,0,0,,0,0,,0,
"233","TALCHAKO","2023081718",0,22.7,16,7.5,281,21.8,92.507,8.935,23.433,,,,,,,,,0,193.3,,0,0,0,0,0,,0,0,,0,
"233","TALCHAKO","2023081719",0,20.7,22,6.4,282,16.6,92.626,8.595,22.801,,,,,,,,,0,193.3,,0,0,0,0,0,,0,0,,0,
"233","TALCHAKO","2023081720",0,18.8,26,4.7,272,14.9,92.676,7.946,21.562,,,,,,,,,0,193.3,,0,0,0,0,0,,0,0,,0,
"233","TALCHAKO","2023081721",0,17.9,32,5.3,265,15.4,92.647,8.157,21.968,,,,,,,,,0,193.3,,0,0,0,0,0,,0,0,,0,
"233","TALCHAKO","2023081722",0,16.5,33,3.2,145,11.4,92.596,7.285,20.258,,,,,,,,,0,193.3,,0,0,0,0,0,,0,0,,0,
"233","TALCHAKO","2023081723",0,14.9,39,3.3,213,9.7,92.431,7.153,19.991,,,,,,,,,0,193.3,,0,0,0,0,0,,0,0,,0,
"234","TIMOTHY","2023081700",0,20.6,41,6.2,150,15.4,91.822,7.597,23.387,,,,,,,,,,,,,,,,,,,,,,
"234","TIMOTHY","2023081701",0,20.7,42,5.6,140,14.3,91.711,7.256,22.639,,,,,,,,,,,,,,,,,,,,,,
"234","TIMOTHY","2023081702",0,20.2,45,5.5,133,17.2,91.539,7.046,22.172,,,,,,,,,,,,,,,,,,,,,,
"234","TIMOTHY","2023081703",0,18.2,50,2.7,71,11.4,91.287,5.903,19.522,,,,,,,,,,,,,,,,,,,,,,
"234","TIMOTHY","2023081704",0,17.4,53,3.9,92,13.7,90.976,5.999,19.753,,,,,,,,,,,,,,,,,,,,,,
"234","TIMOTHY","2023081705",0,18.8,46,7.5,139,16,90.838,7.053,22.188,,,,,,,,,,,,,,,,,,,,,,
"234","TIMOTHY","2023081706",0,16.3,62,2.4,288,13.7,90.4,5.124,17.592,,,,,,,,,,,,,,,,,,,,,,
"234","TIMOTHY","2023081707",0,17.1,60,2,223,3.3,90.064,4.785,16.719,,,,,,,,,,,,,,,,,,,,,,
"234","TIMOTHY","2023081708",0,20.4,53,4.7,217,7.9,89.916,5.368,18.208,,,,,,,,,,,,,,,,,,,,,,
"234","TIMOTHY","2023081709",0,21.5,49,3.2,206,8.5,89.896,4.963,17.18,,,,,,,,,,,,,,,,,,,,,,
"234","TIMOTHY","2023081710",0,23.8,41,4.2,210,8.5,89.945,5.256,17.929,,,,,,,,,,,,,,,,,,,,,,
"234","TIMOTHY","2023081711",0,25.5,39,5.4,229,9.7,90.04,5.661,18.933,,,,,,,,,,,,,,,,,,,,,,
"234","TIMOTHY","2023081712",0,26.7,35,6.7,281,11.4,90.29,6.263,20.378,0,92.289,8.322,25.716,54.264,502.387,85.454,3,,,,,,,,,,,,,,
"234","TIMOTHY","2023081713",0,28.5,31,5.8,263,15.4,90.706,6.352,21.258,,,,,,,,,,,,,,,,,,,,,,
"234","TIMOTHY","2023081714",0,29.9,26,5.8,249,16.6,91.314,6.928,22.614,,,,,,,,,,,,,,,,,,,,,,
"234","TIMOTHY","2023081715",0,29.3,27,6.9,252,16,91.747,7.786,24.551,,,,,,,,,,,,,,,,,,,,,,
"234","TIMOTHY","2023081716",0,28.9,28,5.1,295,14.9,92.028,7.4,23.691,,,,,,,,,,,,,,,,,,,,,,
"234","TIMOTHY","2023081717",0,29.2,27,3.9,11,11.4,92.302,7.24,23.329,,,,,,,,,,,,,,,,,,,,,,
"234","TIMOTHY","2023081718",0,25.2,34,6.8,346,17.7,92.352,8.439,25.965,,,,,,,,,,,,,,,,,,,,,,
"234","TIMOTHY","2023081719",0,20.5,38,9.9,1,34.4,92.251,9.726,28.622,,,,,,,,,,,,,,,,,,,,,,
"234","TIMOTHY","2023081720",0,19.2,39,7.7,27,19.5,92.128,8.556,26.214,,,,,,,,,,,,,,,,,,,,,,
"234","TIMOTHY","2023081721",0,17.4,42,7,24,17.7,91.936,8.038,25.102,,,,,,,,,,,,,,,,,,,,,,
"234","TIMOTHY","2023081722",0,15.7,43,6.9,11,15.4,91.728,7.766,24.506,,,,,,,,,,,,,,,,,,,,,,
"234","TIMOTHY","2023081723",0,13.4,43,5.3,52,15.4,91.536,6.971,22.713,,,,,,,,,,,,,,,,,,,,,,
"235","YOUNG LAKE","2023081700",0,14.7,62,10.5,158,13.1,90.366,7.669,27.895,,,,,,,,,,,,,,,,,,,,,,
"235","YOUNG LAKE","2023081701",0,14.6,61,10.5,153,13.1,89.894,7.167,26.629,,,,,,,,,,,,,,,,,,,,,,
"235","YOUNG LAKE","2023081702",0,12.9,70,10.2,160,13.7,89.254,6.441,24.727,,,,,,,,,,,,,,,,,,,,,,
"235","YOUNG LAKE","2023081703",0,14.6,59,10.8,159,15.4,88.966,6.369,24.533,,,,,,,,,,,,,,,,,,,,,,
"235","YOUNG LAKE","2023081704",0,11.9,73,11.2,159,13.1,88.353,5.952,23.395,,,,,,,,,,,,,,,,,,,,,,
"235","YOUNG LAKE","2023081705",0,11.7,74,9.1,153,13.1,87.811,4.954,20.525,,,,,,,,,,,,,,,,,,,,,,
"235","YOUNG LAKE","2023081706",0,12.1,75,4.7,165,10.2,87.359,3.72,16.628,,,,,,,,,,,,,,,,,,,,,,
"235","YOUNG LAKE","2023081707",0,18.9,55,4.3,132,8.5,87.407,3.672,16.464,,,,,,,,,,,,,,,,,,,,,,
"235","YOUNG LAKE","2023081708",0,23.5,37,5.3,149,12,87.872,4.126,17.961,,,,,,,,,,,,,,,,,,,,,,
"235","YOUNG LAKE","2023081709",0,23.4,39,4.8,141,10.8,88.205,4.22,18.262,,,,,,,,,,,,,,,,,,,,,,
"235","YOUNG LAKE","2023081710",0,24,40,5.4,352,10.2,88.486,4.529,19.233,,,,,,,,,,,,,,,,,,,,,,
"235","YOUNG LAKE","2023081711",0,26.4,33,8.1,330,13.7,89.07,5.643,22.528,,,,,,,,,,,,,,,,,,,,,,
"235","YOUNG LAKE","2023081712",0,28.1,30,4.6,241,12.5,89.702,5.18,21.194,0,93.325,8.659,30.817,84.123,501.919,118.566,4,,,,,,,,,,,,,,
"235","YOUNG LAKE","2023081713",0,30.3,26,11.5,218,20.6,90.607,8.348,30.067,,,,,,,,,,,,,,,,,,,,,,
"235","YOUNG LAKE","2023081714",0,31.5,20,10,198,19.5,91.681,9.019,31.672,,,,,,,,,,,,,,,,,,,,,,
"235","YOUNG LAKE","2023081715",0,32.4,19,9.8,202,22.3,92.628,10.205,34.389,,,,,,,,,,,,,,,,,,,,,,
"235","YOUNG LAKE","2023081716",0,31.1,20,13.8,210,28.1,93.266,13.652,41.577,,,,,,,,,,,,,,,,,,,,,,
"235","YOUNG LAKE","2023081717",0,30.4,21,14.8,219,32.7,93.672,15.192,44.52,,,,,,,,,,,,,,,,,,,,,,
"235","YOUNG LAKE","2023081718",0,27.6,25,14.7,223,33.3,93.723,15.223,44.579,,,,,,,,,,,,,,,,,,,,,,
"235","YOUNG LAKE","2023081719",0,26.2,28,15.3,214,33.3,93.774,15.802,45.649,,,,,,,,,,,,,,,,,,,,,,
"235","YOUNG LAKE","2023081720",0,23.9,34,16.5,307,30.4,93.628,16.452,46.828,,,,,,,,,,,,,,,,,,,,,,
"235","YOUNG LAKE","2023081721",0,20.5,38,7.2,317,28.7,93.392,9.963,33.846,,,,,,,,,,,,,,,,,,,,,,
"235","YOUNG LAKE","2023081722",0,19.4,32,10.7,303,18.3,93.295,11.725,37.673,,,,,,,,,,,,,,,,,,,,,,
"235","YOUNG LAKE","2023081723",0,18.4,34,9.4,315,20.6,93.155,10.768,35.63,,,,,,,,,,,,,,,,,,,,,,
"236","MEADOW LAKE","2023081700",0,17.5,55,8.3,84,10.8,91.074,7.594,25.597,,,,,,,,,,,,,,,,,,,,,,
"236","MEADOW LAKE","2023081701",0,15.1,66,2.8,285,11.4,90.51,5.311,19.862,,,,,,,,,,,,,,,,,,,,,,
"236","MEADOW LAKE","2023081702",0,12.7,77,5.2,6,13.7,89.678,5.32,19.888,,,,,,,,,,,,,,,,,,,,,,
"236","MEADOW LAKE","2023081703",0,11,86,2.4,45,9.7,88.739,4.038,16.219,,,,,,,,,,,,,,,,,,,,,,
"236","MEADOW LAKE","2023081704",0,10,90,3.1,112,5.6,87.718,3.613,14.905,,,,,,,,,,,,,,,,,,,,,,
"236","MEADOW LAKE","2023081705",0,9.7,91,5,64,9.7,86.707,3.442,14.361,,,,,,,,,,,,,,,,,,,,,,
"236","MEADOW LAKE","2023081706",0,9.8,89,1.9,156,7.4,85.994,2.663,11.727,,,,,,,,,,,,,,,,,,,,,,
"236","MEADOW LAKE","2023081707",0,14.8,71,6.9,46,9.7,85.849,3.356,14.083,,,,,,,,,,,,,,,,,,,,,,
"236","MEADOW LAKE","2023081708",0,19.2,62,5,207,7.9,85.897,3.071,13.137,,,,,,,,,,,,,,,,,,,,,,
"236","MEADOW LAKE","2023081709",0,23.7,43,8.2,235,10.8,86.438,3.894,15.78,,,,,,,,,,,,,,,,,,,,,,
"236","MEADOW LAKE","2023081710",0,26.8,36,8.7,246,13.1,87.286,4.504,17.601,,,,,,,,,,,,,,,,,,,,,,
"236","MEADOW LAKE","2023081711",0,27.6,32,9.3,303,18.9,88.198,5.289,19.804,,,,,,,,,,,,,,,,,,,,,,
"236","MEADOW LAKE","2023081712",0,29.8,28,4.7,75,16,89.155,4.813,18.484,0,93.212,8.566,28.639,64.801,599.74,102.039,4,,,,,,,,,,,,,,
"236","MEADOW LAKE","2023081713",0,30.6,28,12,155,17.2,90.105,7.967,27.254,,,,,,,,,,,,,,,,,,,,,,
"236","MEADOW LAKE","2023081714",0,31.3,25,11,219,17.7,91.032,8.648,28.826,,,,,,,,,,,,,,,,,,,,,,
"236","MEADOW LAKE","2023081715",0,31,24,8,164,13.1,91.754,8.239,27.888,,,,,,,,,,,,,,,,,,,,,,
"236","MEADOW LAKE","2023081716",0,30.4,27,10.6,339,19.5,92.174,9.967,31.726,,,,,,,,,,,,,,,,,,,,,,
"236","MEADOW LAKE","2023081717",0,29.7,30,10.6,351,23.5,92.34,10.203,32.227,,,,,,,,,,,,,,,,,,,,,,
"236","MEADOW LAKE","2023081718",0,26.8,37,5.6,50,19.5,92.39,7.987,27.3,,,,,,,,,,,,,,,,,,,,,,
"236","MEADOW LAKE","2023081719",0,25.5,35,17,336,31,92.44,14.286,40.204,,,,,,,,,,,,,,,,,,,,,,
"236","MEADOW LAKE","2023081720",0,21.9,38,10.5,350,40.8,92.348,10.164,32.143,,,,,,,,,,,,,,,,,,,,,,
"236","MEADOW LAKE","2023081721",0,19.8,37,8.3,330,15.4,92.265,8.991,29.597,,,,,,,,,,,,,,,,,,,,,,
"236","MEADOW LAKE","2023081722",0,19.8,32,14.2,355,26.9,92.296,12.156,36.191,,,,,,,,,,,,,,,,,,,,,,
"236","MEADOW LAKE","2023081723",0,18.1,34,9.7,346,19.5,92.256,9.635,31.012,,,,,,,,,,,,,,,,,,,,,,
"239","CLEARWATER HUB","2023081700",0,15.5,83,1.9,35,6.2,93.191,7.417,23.997,,,,,,,,,,0.5,,,,0,2,967.29,,,,,,
"239","CLEARWATER HUB","2023081701",0,14.7,87,0,108,4.5,91.999,5.699,19.887,,,,,,,,,,0.5,,,,0,2,967.25,,,,,,
"239","CLEARWATER HUB","2023081702",0,14.7,86,2.8,137,7.4,90.684,5.444,19.235,,,,,,,,,,0.5,,,,0,2,967.21,,,,,,
"239","CLEARWATER HUB","2023081703",0,13.5,91,2.1,62,5.1,89.341,4.336,16.249,,,,,,,,,,0.4,,,,0,2,967.22,,,,,,
"239","CLEARWATER HUB","2023081704",0,12.8,92,1.6,55,3.9,88.15,3.564,13.984,,,,,,,,,,0.5,,,,0,2,967.17,,,,,,
"239","CLEARWATER HUB","2023081705",0,12,96,0,74,2.2,87.07,2.818,11.61,,,,,,,,,,0.5,,,,0,2,967.18,,,,,,
"239","CLEARWATER HUB","2023081706",0,12.4,96,1.7,48,3.9,85.878,2.593,10.852,,,,,,,,,,0.6,,,,0,2,967.13,,,,,,
"239","CLEARWATER HUB","2023081707",0,15.1,86,2.1,144,5.6,85.339,2.455,10.371,,,,,,,,,,0.9,,,,0,2,966.99,,,,,,
"239","CLEARWATER HUB","2023081708",0,18.9,69,3.7,152,6.2,85.387,2.679,11.143,,,,,,,,,,-6.4,,,,0,2,966.82,,,,,,
"239","CLEARWATER HUB","2023081709",0,21,59,4.5,125,7.9,85.497,2.832,11.657,,,,,,,,,,-6.6,,,,0,2,966.8,,,,,,
"239","CLEARWATER HUB","2023081710",0,22.2,56,5.2,213,9.1,85.684,3.011,12.245,,,,,,,,,,-6.5,,,,0,2,966.85,,,,,,
"239","CLEARWATER HUB","2023081711",0,24.4,47,4.1,315,7.9,86.119,3.027,12.3,,,,,,,,,,0.7,,,,0,2,966.79,,,,,,
"239","CLEARWATER HUB","2023081712",0,27.5,39,6.2,311,10.2,86.906,3.762,14.581,0,92.726,8.63,27.369,59.63,502.325,91.967,4,,0.8,,,,0,2,966.73,,,,,,
"239","CLEARWATER HUB","2023081713",0,28.7,36,6.1,114,9.1,87.735,4.213,16.362,,,,,,,,,,0.6,,,,0,2,966.81,,,,,,
"239","CLEARWATER HUB","2023081714",0,30.5,35,6.3,7,13.1,88.561,4.791,18.008,,,,,,,,,,-2.9,,,,0,2,966.77,,,,,,
"239","CLEARWATER HUB","2023081715",0,30.4,33,7.4,341,14.3,89.328,5.653,20.322,,,,,,,,,,0.7,,,,0,2,966.86,,,,,,
"239","CLEARWATER HUB","2023081716",0,32.4,33,6.2,353,13.1,90.039,5.893,20.939,,,,,,,,,,0.7,,,,0,2,966.81,,,,,,
"239","CLEARWATER HUB","2023081717",0,31.7,35,5.8,348,12.5,90.486,6.156,21.606,,,,,,,,,,0.4,,,,0,2,966.85,,,,,,
"239","CLEARWATER HUB","2023081718",0,28.6,43,1.9,46,12.5,90.536,5.094,18.839,,,,,,,,,,0.3,,,,0,2,967.03,,,,,,
"239","CLEARWATER HUB","2023081719",0,25.4,59,4,166,7.9,90.245,5.432,19.744,,,,,,,,,,0.5,,,,0,2,967.13,,,,,,
"239","CLEARWATER HUB","2023081720",0,22.6,67,5.9,319,10.8,89.707,5.534,20.013,,,,,,,,,,0.5,,,,0,2,967.17,,,,,,
"239","CLEARWATER HUB","2023081721",0,22.1,65,5.3,2,14.3,89.315,5.076,18.79,,,,,,,,,,0.7,,,,0,2,967.1,,,,,,
"239","CLEARWATER HUB","2023081722",0,22.1,61,5.6,345,11.4,89.087,4.987,18.55,,,,,,,,,,0.7,,,,0,2,967.04,,,,,,
"239","CLEARWATER HUB","2023081723",0,20.4,65,4.7,319,9.7,88.773,4.556,17.35,,,,,,,,,,0.4,,,,0,2,967.08,,,,,,
"243","EAST BARRIERE","2023081700",0,13.8,91,1.9,88,6.2,87.812,3.447,14.335,,,,,,,,,,,,,,,,,,,,,,
"243","EAST BARRIERE","2023081701",0,13.8,88,2.2,96,6.2,86.963,3.1,13.197,,,,,,,,,,,,,,,,,,,,,,
"243","EAST BARRIERE","2023081702",0,12.7,94,2.1,228,5.6,85.899,2.654,11.66,,,,,,,,,,,,,,,,,,,,,,
"243","EAST BARRIERE","2023081703",0,12.1,97,2.8,82,3.9,84.717,2.334,10.5,,,,,,,,,,,,,,,,,,,,,,
"243","EAST BARRIERE","2023081704",0,12.3,95,1.9,97,5.6,83.86,1.988,9.174,,,,,,,,,,,,,,,,,,,,,,
"243","EAST BARRIERE","2023081705",0,11.4,98,0,101,0,83.066,1.628,7.708,,,,,,,,,,,,,,,,,,,,,,
"243","EAST BARRIERE","2023081706",0,11.7,99,0,96,0,82.269,1.473,7.04,,,,,,,,,,,,,,,,,,,,,,
"243","EAST BARRIERE","2023081707",0,14.3,94,0,6,2.8,81.844,1.399,6.712,,,,,,,,,,,,,,,,,,,,,,
"243","EAST BARRIERE","2023081708",0,17.7,76,4.1,277,6.2,81.921,1.736,8.157,,,,,,,,,,,,,,,,,,,,,,
"243","EAST BARRIERE","2023081709",0,20.5,63,3.7,274,6.8,82.278,1.777,8.326,,,,,,,,,,,,,,,,,,,,,,
"243","EAST BARRIERE","2023081710",0,23.5,50,4.3,277,7.9,83.025,2.012,9.268,,,,,,,,,,,,,,,,,,,,,,
"243","EAST BARRIERE","2023081711",0,27.4,36,2.8,129,6.2,84.274,2.198,9.989,,,,,,,,,,,,,,,,,,,,,,
"243","EAST BARRIERE","2023081712",0,30.1,35,4.2,147,9.1,85.617,2.836,12.3,0,93.631,8.855,29.193,62.368,673.731,101.293,4,,,,,,,,,,,,,,
"243","EAST BARRIERE","2023081713",0,31.1,35,4.2,270,10.8,86.804,3.352,14.486,,,,,,,,,,,,,,,,,,,,,,
"243","EAST BARRIERE","2023081714",0,31.3,35,3.5,267,12,87.775,3.717,15.677,,,,,,,,,,,,,,,,,,,,,,
"243","EAST BARRIERE","2023081715",0,34.7,25,2.9,246,9.1,89.224,4.439,17.907,,,,,,,,,,,,,,,,,,,,,,
"243","EAST BARRIERE","2023081716",0,34.4,29,3.6,139,6.8,90.201,5.29,20.357,,,,,,,,,,,,,,,,,,,,,,
"243","EAST BARRIERE","2023081717",0,31.1,44,0,168,6.8,90.258,4.449,17.936,,,,,,,,,,,,,,,,,,,,,,
"243","EAST BARRIERE","2023081718",0,26.7,50,1.8,105,4.5,90.276,4.883,19.208,,,,,,,,,,,,,,,,,,,,,,
"243","EAST BARRIERE","2023081719",0,23.3,63,2.6,92,5.1,89.909,4.824,19.037,,,,,,,,,,,,,,,,,,,,,,
"243","EAST BARRIERE","2023081720",0,20.7,67,2.2,263,7.4,89.475,4.443,17.918,,,,,,,,,,,,,,,,,,,,,,
"243","EAST BARRIERE","2023081721",0,18.8,74,3,105,5.6,88.877,4.245,17.323,,,,,,,,,,,,,,,,,,,,,,
"243","EAST BARRIERE","2023081722",0,17.8,78,1.7,132,5.6,88.269,3.644,15.442,,,,,,,,,,,,,,,,,,,,,,
"243","EAST BARRIERE","2023081723",0,17.3,75,1.6,105,2.2,87.827,3.403,14.654,,,,,,,,,,,,,,,,,,,,,,
"244","WINDY MOUNTAIN","2023081700",0,16.4,55,6.3,85,11.4,89.984,5.875,16.272,,,,,,,,,,,,,,,,,,,,,,
"244","WINDY MOUNTAIN","2023081701",0,16.5,57,5.8,64,10.8,89.705,5.505,15.489,,,,,,,,,,,,,,,,,,,,,,
"244","WINDY MOUNTAIN","2023081702",0,16.7,50,4.6,17,11.4,89.612,5.113,14.638,,,,,,,,,,,,,,,,,,,,,,
"244","WINDY MOUNTAIN","2023081703",0,17.2,48,4.9,96,9.1,89.572,5.162,14.745,,,,,,,,,,,,,,,,,,,,,,
"244","WINDY MOUNTAIN","2023081704",0,16.1,52,3,110,11.4,89.458,4.614,13.517,,,,,,,,,,,,,,,,,,,,,,
"244","WINDY MOUNTAIN","2023081705",0,16.2,52,4.9,123,9.7,89.345,4.996,14.379,,,,,,,,,,,,,,,,,,,,,,
"244","WINDY MOUNTAIN","2023081706",0,15.8,59,3.3,111,11.4,89.114,4.459,13.159,,,,,,,,,,,,,,,,,,,,,,
"244","WINDY MOUNTAIN","2023081707",0,17.3,55,6.2,173,13.1,88.985,5.066,14.534,,,,,,,,,,,,,,,,,,,,,,
"244","WINDY MOUNTAIN","2023081708",0,21.6,41,8,193,15.4,89.067,5.612,15.717,,,,,,,,,,,,,,,,,,,,,,
"244","WINDY MOUNTAIN","2023081709",0,23.7,40,9.3,185,15.4,89.224,6.129,16.796,,,,,,,,,,,,,,,,,,,,,,
"244","WINDY MOUNTAIN","2023081710",0,26,36,7.4,194,16.6,89.554,5.839,16.196,,,,,,,,,,,,,,,,,,,,,,
"244","WINDY MOUNTAIN","2023081711",0,25.7,40,5.4,157,13.7,89.686,5.38,15.221,,,,,,,,,,,,,,,,,,,,,,
"244","WINDY MOUNTAIN","2023081712",0,26,35,8,194,17.2,89.976,6.394,17.336,0,91.217,7.633,20.574,40.499,343.235,62.547,4,,,,,,,,,,,,,,
"244","WINDY MOUNTAIN","2023081713",0,26.6,37,9.6,224,19.5,90.174,7.13,19.582,,,,,,,,,,,,,,,,,,,,,,
"244","WINDY MOUNTAIN","2023081714",0,27.2,32,9.9,201,22.9,90.546,7.634,20.575,,,,,,,,,,,,,,,,,,,,,,
"244","WINDY MOUNTAIN","2023081715",0,28.8,30,6.8,183,20,90.976,6.943,19.208,,,,,,,,,,,,,,,,,,,,,,
"244","WINDY MOUNTAIN","2023081716",0,28.7,29,8,211,20,91.371,7.802,20.901,,,,,,,,,,,,,,,,,,,,,,
"244","WINDY MOUNTAIN","2023081717",0,23.7,45,4.9,337,16.6,91.295,6.603,18.512,,,,,,,,,,,,,,,,,,,,,,
"244","WINDY MOUNTAIN","2023081718",0,21.8,45,9.8,347,22.9,91.177,8.311,21.868,,,,,,,,,,,,,,,,,,,,,,
"244","WINDY MOUNTAIN","2023081719",0,20.3,53,4.1,8,13.7,90.897,5.993,17.231,,,,,,,,,,,,,,,,,,,,,,
"244","WINDY MOUNTAIN","2023081720",0,18.6,52,12.1,336,23.5,90.597,8.591,22.39,,,,,,,,,,,,,,,,,,,,,,
"244","WINDY MOUNTAIN","2023081721",0,17.7,37,7.2,309,21.2,90.647,6.759,18.834,,,,,,,,,,,,,,,,,,,,,,
"244","WINDY MOUNTAIN","2023081722",0,15.5,40,8.1,4,18.3,90.621,7.047,19.416,,,,,,,,,,,,,,,,,,,,,,
"244","WINDY MOUNTAIN","2023081723",0,13.9,45,6.4,323,13.7,90.491,6.349,17.986,,,,,,,,,,,,,,,,,,,,,,
"250","HARBOUR LAKE","2023081700",0,12.1,80,4.4,207,7.4,85.769,2.926,7.3,,,,,,,,,0,0,,0,0,0,0,0,,0,0,,0,
"250","HARBOUR LAKE","2023081701",0,12.6,78,4.1,232,7.4,85.472,2.766,6.934,,,,,,,,,0,0,,0,0,0,0,0,,0,0,,0,
"250","HARBOUR LAKE","2023081702",0,12.3,79,3.7,232,5.6,85.183,2.604,6.558,,,,,,,,,0,0,,0,0,0,0,0,,0,0,,0,
"250","HARBOUR LAKE","2023081703",0,12,82,4.1,227,6.2,84.832,2.532,6.387,,,,,,,,,0,0,,0,0,0,0,0,,0,0,,0,
"250","HARBOUR LAKE","2023081704",0,12.7,78,4.6,226,9.7,84.635,2.528,6.377,,,,,,,,,0,0,,0,0,0,0,0,,0,0,,0,
"250","HARBOUR LAKE","2023081705",0,11.6,80,4.4,221,6.2,84.398,2.423,6.127,,,,,,,,,0,0,,0,0,0,0,0,,0,0,,0,
"250","HARBOUR LAKE","2023081706",0,13,82,5,202,9.7,84.132,2.41,6.094,,,,,,,,,0,0,,0,0,0,0,0,,0,0,,0,
"250","HARBOUR LAKE","2023081707",0,15.8,77,5.7,194,10.8,84.078,2.478,6.259,,,,,,,,,0,0,,0,0,0,0,0,,0,0,,0,
"250","HARBOUR LAKE","2023081708",0,20.9,54,5.7,139,12.5,84.442,2.603,6.554,,,,,,,,,0,0,,0,0,0,0,0,,0,0,,0,
"250","HARBOUR LAKE","2023081709",0,22.9,45,5.9,154,12.5,85.064,2.862,7.154,,,,,,,,,0,0,,0,0,0,0,0,,0,0,,0,
"250","HARBOUR LAKE","2023081710",0,24.2,38,10,150,17.7,85.94,3.975,9.543,,,,,,,,,0,0,,0,0,0,0,0,,0,0,,0,
"250","HARBOUR LAKE","2023081711",0,24.8,35,8.6,146,17.2,86.795,4.179,9.954,,,,,,,,,0,0,,0,0,0,0,0,,0,0,,0,
"250","HARBOUR LAKE","2023081712",0,25.4,33,5.5,146,17.2,87.566,3.99,9.574,0,91.27,6.781,15.6,28.411,237.57,43.744,3,0,0,,0,0,0,0,0,,0,0,,0,
"250","HARBOUR LAKE","2023081713",0,26.2,34,8.2,161,16,88.26,5.049,12.402,,,,,,,,,0,0,,0,0,0,0,0,,0,0,,0,
"250","HARBOUR LAKE","2023081714",0,24.7,38,6.8,143,21.8,88.627,4.959,12.226,,,,,,,,,0,0,,0,0,0,0,0,,0,0,,0,
"250","HARBOUR LAKE","2023081715",0,24.5,41,4.6,293,12.5,88.83,4.571,11.448,,,,,,,,,0,0,,0,0,0,0,0,,0,0,,0,
"250","HARBOUR LAKE","2023081716",0,25.3,38,4.9,259,14.3,89.117,4.835,11.98,,,,,,,,,0,0,,0,0,0,0,0,,0,0,,0,
"250","HARBOUR LAKE","2023081717",0,22.2,62,3.8,175,9.1,88.907,4.439,11.179,,,,,,,,,0,0,,0,0,0,0,0,,0,0,,0,
"250","HARBOUR LAKE","2023081718",0,19.9,73,6.1,161,11.4,88.365,4.611,11.53,,,,,,,,,0,0,,0,0,0,0,0,,0,0,,0,
"250","HARBOUR LAKE","2023081719",0,17,72,3.5,177,13.7,87.953,3.813,9.859,,,,,,,,,0,0,,0,0,0,0,0,,0,0,,0,
"250","HARBOUR LAKE","2023081720",0,16.5,72,5,156,9.1,87.57,3.893,10.031,,,,,,,,,0,0,,0,0,0,0,0,,0,0,,0,
"250","HARBOUR LAKE","2023081721",0,16,72,4.6,177,13.1,87.236,3.637,9.475,,,,,,,,,0,0,,0,0,0,0,0,,0,0,,0,
"250","HARBOUR LAKE","2023081722",0,15.6,69,4.1,185,13.1,87.016,3.438,9.03,,,,,,,,,0,0,,0,0,0,0,0,,0,0,,0,
"250","HARBOUR LAKE","2023081723",0,16.8,61,4,153,18.3,87.006,3.415,8.979,,,,,,,,,0,0,,0,0,0,0,0,,0,0,,0,
"253","CAHILTY","2023081700",0,14.7,62,4.9,6,6.9,89.754,5.297,22.589,,,,,,,,,,,,,,0,,,,,,6949.6,,
"253","CAHILTY","2023081701",0,14.2,64,2.7,18,6.3,89.379,4.493,20.076,,,,,,,,,,,,,,0,,,,,,6949.6,,
"253","CAHILTY","2023081702",0,13.7,66,4.1,359,4.9,88.976,4.551,20.263,,,,,,,,,,,,,,0,,,,,,6949.6,,
"253","CAHILTY","2023081703",0,13.9,65,3.2,356,5.8,88.651,4.151,18.952,,,,,,,,,,,,,,0,,,,,,6949.6,,
"253","CAHILTY","2023081704",0,13.5,66,4.2,341,6.9,88.325,4.166,19.001,,,,,,,,,,,,,,0,,,,,,6949.6,,
"253","CAHILTY","2023081705",0,13.9,61,1.7,325,5.9,88.162,3.588,17.015,,,,,,,,,,,,,,0,,,,,,6949.6,,
"253","CAHILTY","2023081706",0,15.3,59,2.8,268,4.5,88.053,3.734,17.527,,,,,,,,,,,,,,0,,,,,,6949.6,,
"253","CAHILTY","2023081707",0,17.4,51,2.9,257,8.5,88.102,3.779,17.684,,,,,,,,,,,,,,0,,,,,,6949.6,,
"253","CAHILTY","2023081708",0,22.8,39,6,232,12.3,88.392,4.605,20.436,,,,,,,,,,,,,,0,,,,,,6949.6,,
"253","CAHILTY","2023081709",0,22.6,40,7.5,200,18.7,88.613,5.127,22.071,,,,,,,,,,,,,,0,,,,,,6949.6,,
"253","CAHILTY","2023081710",0,24.3,38,7.7,209,18.6,88.916,5.41,22.927,,,,,,,,,,,,,,0,,,,,,6949.6,,
"253","CAHILTY","2023081711",0,24.6,37,6,237,16.7,89.204,5.175,22.218,,,,,,,,,,,,,,0,,,,,,6949.6,,
"253","CAHILTY","2023081712",0,26.8,33,7.2,261,19.8,89.674,5.881,24.315,0,92.404,8.674,32.119,93.396,559.622,131.801,5,,,,,,0,,,,,,6949.6,,
"253","CAHILTY","2023081713",0,28.1,27,8.4,260,22.8,90.373,6.905,27.523,,,,,,,,,,,,,,0,,,,,,6949.6,,
"253","CAHILTY","2023081714",0,28.9,28,9.1,244,27.8,90.944,7.762,29.804,,,,,,,,,,,,,,0,,,,,,6949.6,,
"253","CAHILTY","2023081715",0,29.4,27,10.3,274,22,91.482,8.9,32.675,,,,,,,,,,,,,,0,,,,,,6949.6,,
"253","CAHILTY","2023081716",0,27,30,7.6,208,26.8,91.674,7.984,30.377,,,,,,,,,,,,,,0,,,,,,6949.6,,
"253","CAHILTY","2023081717",0,27.1,30,9.6,202,21.4,91.84,9.039,33.014,,,,,,,,,,,,,,0,,,,,,6949.6,,
"253","CAHILTY","2023081718",0,24.6,36,9.8,194,24.9,91.89,9.196,33.394,,,,,,,,,,,,,,0,,,,,,6949.6,,
"253","CAHILTY","2023081719",0,21.4,44,5.5,282,24.6,91.736,7.244,28.44,,,,,,,,,,,,,,0,,,,,,6949.6,,
"253","CAHILTY","2023081720",0,18.9,52,5.4,268,16.3,91.387,6.86,27.398,,,,,,,,,,,,,,0,,,,,,6949.6,,
"253","CAHILTY","2023081721",0,18,55,4.1,264,15.3,91.02,6.098,25.259,,,,,,,,,,,,,,0,,,,,,6949.6,,
"253","CAHILTY","2023081722",0,18,53,9.9,281,22.5,90.687,7.789,29.875,,,,,,,,,,,,,,0,,,,,,6949.6,,
"253","CAHILTY","2023081723",0,16.9,60,5.7,258,24.8,90.259,5.929,24.769,,,,,,,,,,,,,,0,,,,,,6949.6,,
"255","LIKELY RS","2023081700",0,12.8,89,4.5,106,9.1,86.034,3.053,10.001,,,,,,,,,,,,,,,,,,,,,,
"255","LIKELY RS","2023081701",0,12,93,4.4,70,9.1,85.078,2.659,8.895,,,,,,,,,,,,,,,,,,,,,,
"255","LIKELY RS","2023081702",0,11.3,95,4.3,64,7.9,84.115,2.321,7.899,,,,,,,,,,,,,,,,,,,,,,
"255","LIKELY RS","2023081703",0,10.6,97,3.6,81,6.8,83.146,1.973,6.818,,,,,,,,,,,,,,,,,,,,,,
"255","LIKELY RS","2023081704",0,10,99,3.7,62,7.9,82.126,1.744,6.074,,,,,,,,,,,,,,,,,,,,,,
"255","LIKELY RS","2023081705",0,10.7,98,2.6,69,6.8,81.331,1.501,5.245,,,,,,,,,,,,,,,,,,,,,,
"255","LIKELY RS","2023081706",0,11.6,97,2.6,70,6.2,80.694,1.397,4.875,,,,,,,,,,,,,,,,,,,,,,
"255","LIKELY RS","2023081707",0,14,92,2.1,83,6.2,80.464,1.328,4.627,,,,,,,,,,,,,,,,,,,,,,
"255","LIKELY RS","2023081708",0,18.4,70,1.7,133,3.9,80.726,1.339,4.669,,,,,,,,,,,,,,,,,,,,,,
"255","LIKELY RS","2023081709",0,21,60,6.2,260,9.1,81.325,1.798,6.253,,,,,,,,,,,,,,,,,,,,,,
"255","LIKELY RS","2023081710",0,22.8,49,5.5,199,10.2,82.212,1.93,6.682,,,,,,,,,,,,,,,,,,,,,,
"255","LIKELY RS","2023081711",0,25.4,41,5.9,194,13.1,83.391,2.286,7.794,,,,,,,,,,,,,,,,,,,,,,
"255","LIKELY RS","2023081712",0,27.5,36,8.7,301,17.7,84.796,3.176,10.338,0,91.927,8.746,23.386,40.9,441.324,66.413,4,,,,,,,,,,,,,,
"255","LIKELY RS","2023081713",0,28.1,34,8.9,270,20.6,86.091,3.841,12.662,,,,,,,,,,,,,,,,,,,,,,
"255","LIKELY RS","2023081714",0,28.5,32,7,188,23.5,87.226,4.099,13.329,,,,,,,,,,,,,,,,,,,,,,
"255","LIKELY RS","2023081715",0,27.7,30,4,285,17.7,88.127,4.009,13.098,,,,,,,,,,,,,,,,,,,,,,
"255","LIKELY RS","2023081716",0,27.7,34,6.4,274,13.1,88.776,4.966,15.458,,,,,,,,,,,,,,,,,,,,,,
"255","LIKELY RS","2023081717",0,23.4,34,8.6,339,20,89.155,5.858,17.502,,,,,,,,,,,,,,,,,,,,,,
"255","LIKELY RS","2023081718",0,21.2,42,4.2,10,16,89.204,4.726,14.885,,,,,,,,,,,,,,,,,,,,,,
"255","LIKELY RS","2023081719",0,19.8,47,7,11,12.5,89.253,5.481,16.654,,,,,,,,,,,,,,,,,,,,,,
"255","LIKELY RS","2023081720",0,16.9,62,5.5,26,11.4,88.954,4.868,15.225,,,,,,,,,,,,,,,,,,,,,,
"255","LIKELY RS","2023081721",0,14.6,52,3.7,325,9.7,88.879,4.398,14.082,,,,,,,,,,,,,,,,,,,,,,
"255","LIKELY RS","2023081722",0,13.4,60,2.4,8,7.4,88.669,3.998,13.069,,,,,,,,,,,,,,,,,,,,,,
"255","LIKELY RS","2023081723",0,15.3,44,4.2,352,12.5,88.718,4.408,14.105,,,,,,,,,,,,,,,,,,,,,,
"262","BIG VALLEY","2023081700",0,15.5,61,9.9,224,15.4,86.305,4.163,12.474,,,,,,,,,0,0,,0,0,0,0,0,,0,0,,0,
"262","BIG VALLEY","2023081701",0,15.9,59,10.7,216,20.6,86.353,4.364,12.948,,,,,,,,,0,0,,0,0,0,0,0,,0,0,,0,
"262","BIG VALLEY","2023081702",0,13.2,80,3.7,232,15.4,85.941,2.894,9.248,,,,,,,,,0,0,,0,0,0,0,0,,0,0,,0,
"262","BIG VALLEY","2023081703",0,11.4,89,2.4,248,4.5,85.277,2.471,8.064,,,,,,,,,0,0,,0,0,0,0,0,,0,0,,0,
"262","BIG VALLEY","2023081704",0,11.1,93,2.2,253,5.6,84.49,2.196,7.256,,,,,,,,,0,0,,0,0,0,0,0,,0,0,,0,
"262","BIG VALLEY","2023081705",0,10.7,93,4.7,257,6.8,83.729,2.25,7.417,,,,,,,,,0,0,,0,0,0,0,0,,0,0,,0,
"262","BIG VALLEY","2023081706",0,10.9,95,5.7,246,7.9,82.901,2.125,7.042,,,,,,,,,0,0,,0,0,0,0,0,,0,0,,0,
"262","BIG VALLEY","2023081707",0,15.5,75,7.2,220,10.8,82.948,2.306,7.582,,,,,,,,,0,0,,0,0,0,0,0,,0,0,,0,
"262","BIG VALLEY","2023081708",0,17.6,67,7.3,230,13.1,83.096,2.362,7.747,,,,,,,,,0,0,,0,0,0,0,0,,0,0,,0,
"262","BIG VALLEY","2023081709",0,19.6,56,8.6,216,18.9,83.514,2.662,8.607,,,,,,,,,0,0,,0,0,0,0,0,,0,0,,0,
"262","BIG VALLEY","2023081710",0,19.1,56,11.8,244,22.3,83.89,3.287,10.294,,,,,,,,,0,0,,0,0,0,0,0,,0,0,,0,
"262","BIG VALLEY","2023081711",0,21.1,49,14.1,206,24.6,84.49,4,12.082,,,,,,,,,0,0,,0,0,0,0,0,,0,0,,0,
"262","BIG VALLEY","2023081712",0,21,48,11.9,221,26.9,85.012,3.845,11.704,0,88.735,6.513,18.129,37.538,417.133,61.288,4,0,0,,0,0,0,0,0,,0,0,,0,
"262","BIG VALLEY","2023081713",0,20.9,44,12.9,226,26.4,85.579,4.374,13.396,,,,,,,,,0,0,,0,0,0,0,0,,0,0,,0,
"262","BIG VALLEY","2023081714",0,18.3,42,9.4,243,20.6,86.001,3.889,12.207,,,,,,,,,0,0,,0,0,0,0,0,,0,0,,0,
"262","BIG VALLEY","2023081715",0,17.7,44,5.4,233,15.4,86.279,3.306,10.7,,,,,,,,,0,0,,0,0,0,0,0,,0,0,,0,
"262","BIG VALLEY","2023081716",0,18.3,43,10.4,242,16.6,86.592,4.446,13.568,,,,,,,,,0,0,,0,0,0,0,0,,0,0,,0,
"262","BIG VALLEY","2023081717",0,19.6,41,10.4,224,18.3,86.957,4.682,14.127,,,,,,,,,0,0,,0,0,0,0,0,,0,0,,0,
"262","BIG VALLEY","2023081718",0,17.9,43,6.4,240,17.7,87.157,3.938,12.33,,,,,,,,,0,0,,0,0,0,0,0,,0,0,,0,
"262","BIG VALLEY","2023081719",0,12.6,58,3.3,347,11.4,87.128,3.355,10.829,,,,,,,,,0,0,,0,0,0,0,0,,0,0,,0,
"262","BIG VALLEY","2023081720",0,14.1,40,10.1,8,24.6,87.295,4.84,14.493,,,,,,,,,0,0,,0,0,0,0,0,,0,0,,0,
"262","BIG VALLEY","2023081721",0,13.3,40,9.1,25,21.2,87.424,4.687,14.138,,,,,,,,,0,0,,0,0,0,0,0,,0,0,,0,
"262","BIG VALLEY","2023081722",0,12.4,46,6.5,22,14.3,87.473,4.14,12.83,,,,,,,,,0,0,,0,0,0,0,0,,0,0,,0,
"262","BIG VALLEY","2023081723",0,12.1,41,10.4,16,21.8,87.54,5.088,15.061,,,,,,,,,0,0,,0,0,0,0,0,,0,0,,0,
"263","MATHEW","2023081700",0,16.4,62,4.5,34,6.8,88.624,4.415,8.816,,,,,,,,,0,0,,0,0,0,0,0,,0,0,,0,
"263","MATHEW","2023081701",0,14.8,70,2.8,319,7.4,88.237,3.833,7.79,,,,,,,,,0,0,,0,0,0,0,0,,0,0,,0,
"263","MATHEW","2023081702",0,14.9,69,3.7,231,6.2,87.903,3.824,7.772,,,,,,,,,0,0,,0,0,0,0,0,,0,0,,0,
"263","MATHEW","2023081703",0,14.6,69,3,28,6.2,87.613,3.541,7.254,,,,,,,,,0,0,,0,0,0,0,0,,0,0,,0,
"263","MATHEW","2023081704",0,13.2,77,2.7,249,5.6,87.163,3.271,6.745,,,,,,,,,0,0,,0,0,0,0,0,,0,0,,0,
"263","MATHEW","2023081705",0,13.5,74,4,208,5.6,86.82,3.326,6.85,,,,,,,,,0,0,,0,0,0,0,0,,0,0,,0,
"263","MATHEW","2023081706",0,14.3,77,0,176,4.5,86.547,2.616,5.447,,,,,,,,,0,0,,0,0,0,0,0,,0,0,,0,
"263","MATHEW","2023081707",0,16.2,74,4.4,74,7.4,86.289,3.148,6.508,,,,,,,,,0,0,,0,0,0,0,0,,0,0,,0,
"263","MATHEW","2023081708",0,20.1,61,2.8,273,5.6,86.337,2.924,6.069,,,,,,,,,0,0,,0,0,0,0,0,,0,0,,0,
"263","MATHEW","2023081709",0,20.7,60,3.3,318,6.2,86.385,3.019,6.257,,,,,,,,,0,0,,0,0,0,0,0,,0,0,,0,
"263","MATHEW","2023081710",0,21.7,60,2.4,25,6.8,86.433,2.905,6.031,,,,,,,,,0,0,,0,0,0,0,0,,0,0,,0,
"263","MATHEW","2023081711",0,24.9,48,4.8,295,9.1,86.766,3.437,7.059,,,,,,,,,0,0,,0,0,0,0,0,,0,0,,0,
"263","MATHEW","2023081712",0,27.7,37,5.6,308,12,87.519,3.983,8.059,0,90.88,6.447,13.258,20.707,269.32,34.737,3,0,0,,0,0,0,0,0,,0,0,,0,
"263","MATHEW","2023081713",0,28.6,27,7.7,266,18.9,88.634,5.195,11.154,,,,,,,,,0,0,,0,0,0,0,0,,0,0,,0,
"263","MATHEW","2023081714",0,27.7,36,6.7,323,20,89.127,5.302,11.34,,,,,,,,,0,0,,0,0,0,0,0,,0,0,,0,
"263","MATHEW","2023081715",0,24.7,37,5.6,318,14.9,89.384,5.205,11.171,,,,,,,,,0,0,,0,0,0,0,0,,0,0,,0,
"263","MATHEW","2023081716",0,21.5,33,12.3,1,28.7,89.649,7.577,15.026,,,,,,,,,0,0,,0,0,0,0,0,,0,0,,0,
"263","MATHEW","2023081717",0,19.8,36,8.4,331,22.3,89.727,6.296,13.012,,,,,,,,,0,0,,0,0,0,0,0,,0,0,,0,
"263","MATHEW","2023081718",0,18.8,41,4.4,86,28.1,89.776,5.183,11.132,,,,,,,,,0,0,,0,0,0,0,0,,0,0,,0,
"263","MATHEW","2023081719",0,17.1,52,4.9,88,12,89.639,5.211,11.183,,,,,,,,,0,0,,0,0,0,0,0,,0,0,,0,
"263","MATHEW","2023081720",0,17,55,5.7,63,10.2,89.449,5.28,11.302,,,,,,,,,0,0,,0,0,0,0,0,,0,0,,0,
"263","MATHEW","2023081721",0,16.8,51,3.8,53,9.1,89.369,4.743,10.349,,,,,,,,,0,0,,0,0,0,0,0,,0,0,,0,
"263","MATHEW","2023081722",0,15.9,55,7.6,36,17.7,89.187,5.595,11.846,,,,,,,,,0,0,,0,0,0,0,0,,0,0,,0,
"263","MATHEW","2023081723",0,15,47,6.8,51,13.1,89.173,5.364,11.448,,,,,,,,,0,0,,0,0,0,0,0,,0,0,,0,
"264","PRAIRIE CREEK","2023081700",0,14.9,75,5.5,149,14.9,88.003,4.247,11.993,,,,,,,,,0,193.3,,0,0,0,0,0,,0,0,,0,
"264","PRAIRIE CREEK","2023081701",0,14.7,76,11.6,158,18.3,87.42,5.313,14.306,,,,,,,,,0,193.3,,0,0,0,0,0,,0,0,,0,
"264","PRAIRIE CREEK","2023081702",0,14.3,73,12.6,146,17.7,87,5.264,14.203,,,,,,,,,0,193.3,,0,0,0,0,0,,0,0,,0,
"264","PRAIRIE CREEK","2023081703",0,13.8,78,10.3,152,20,86.499,4.366,12.26,,,,,,,,,0,193.3,,0,0,0,0,0,,0,0,,0,
"264","PRAIRIE CREEK","2023081704",0,13.4,75,9.1,133,14.9,86.161,3.918,11.237,,,,,,,,,0,193.3,,0,0,0,0,0,,0,0,,0,
"264","PRAIRIE CREEK","2023081705",0,12.4,85,3.9,185,12,85.598,2.786,8.433,,,,,,,,,0,193.3,,0,0,0,0,0,,0,0,,0,
"264","PRAIRIE CREEK","2023081706",0,13.3,83,5,170,10.2,85.157,2.77,8.391,,,,,,,,,0,193.3,,0,0,0,0,0,,0,0,,0,
"264","PRAIRIE CREEK","2023081707",0,16.3,77,0,350,6.8,85.044,2.12,6.592,,,,,,,,,0,193.3,,0,0,0,0,0,,0,0,,0,
"264","PRAIRIE CREEK","2023081708",0,17.8,67,5.4,332,7.9,85.092,2.801,8.473,,,,,,,,,0,193.3,,0,0,0,0,0,,0,0,,0,
"264","PRAIRIE CREEK","2023081709",0,22.7,51,5.2,326,8.5,85.457,2.917,8.775,,,,,,,,,0,193.3,,0,0,0,0,0,,0,0,,0,
"264","PRAIRIE CREEK","2023081710",0,22.4,51,5,325,10.2,85.766,3.015,9.028,,,,,,,,,0,193.3,,0,0,0,0,0,,0,0,,0,
"264","PRAIRIE CREEK","2023081711",0,22.7,49,6.2,342,11.4,86.104,3.358,9.893,,,,,,,,,0,193.3,,0,0,0,0,0,,0,0,,0,
"264","PRAIRIE CREEK","2023081712",0,26.1,38,6.5,318,13.7,86.862,3.795,10.948,0,90.841,6.708,17.896,35.581,372.049,57.43,4,0,193.3,,0,0,0,0,0,,0,0,,0,
"264","PRAIRIE CREEK","2023081713",0,28,31,7.5,288,17.2,87.882,4.617,13.47,,,,,,,,,0,193.3,,0,0,0,0,0,,0,0,,0,
"264","PRAIRIE CREEK","2023081714",0,27.9,32,8.3,279,18.3,88.689,5.397,15.197,,,,,,,,,0,193.3,,0,0,0,0,0,,0,0,,0,
"264","PRAIRIE CREEK","2023081715",0,29.5,31,7.1,251,16,89.461,5.675,15.79,,,,,,,,,0,193.3,,0,0,0,0,0,,0,0,,0,
"264","PRAIRIE CREEK","2023081716",0,28.9,30,6.7,308,14.9,90.094,6.091,16.654,,,,,,,,,0,193.3,,0,0,0,0,0,,0,0,,0,
"264","PRAIRIE CREEK","2023081717",0,25.9,40,4.3,337,11.4,90.148,5.438,15.286,,,,,,,,,0,193.3,,0,0,0,0,0,,0,0,,0,
"264","PRAIRIE CREEK","2023081718",0,24.5,44,4.2,11,7.9,90.197,5.45,15.31,,,,,,,,,0,193.3,,0,0,0,0,0,,0,0,,0,
"264","PRAIRIE CREEK","2023081719",0,21.8,40,7.8,272,17.7,90.246,6.58,17.641,,,,,,,,,0,193.3,,0,0,0,0,0,,0,0,,0,
"264","PRAIRIE CREEK","2023081720",0,20.2,41,3.1,226,14.3,90.295,5.229,14.833,,,,,,,,,0,193.3,,0,0,0,0,0,,0,0,,0,
"264","PRAIRIE CREEK","2023081721",0,19.4,40,7.4,307,21.2,90.344,6.539,17.561,,,,,,,,,0,193.3,,0,0,0,0,0,,0,0,,0,
"264","PRAIRIE CREEK","2023081722",0,18.2,39,4.2,317,17.2,90.393,5.605,15.641,,,,,,,,,0,193.3,,0,0,0,0,0,,0,0,,0,
"264","PRAIRIE CREEK","2023081723",0,17.1,38,9.2,285,19.5,90.442,7.261,18.969,,,,,,,,,0,193.3,,0,0,0,0,0,,0,0,,0,
"266","WELLS GRAY","2023081700",0,17.2,63,5,15,12.5,90.594,6.005,18.248,,,,,,,,,,,,,,,,,,,,,,
"266","WELLS GRAY","2023081701",0,16.6,68,1.9,172,7.4,90.056,4.756,15.322,,,,,,,,,,,,,,,,,,,,,,
"266","WELLS GRAY","2023081702",0,16.5,69,3.9,64,14.9,89.508,4.863,15.583,,,,,,,,,,,,,,,,,,,,,,
"266","WELLS GRAY","2023081703",0,15.1,73,2.2,352,5.6,88.962,4.127,13.735,,,,,,,,,,,,,,,,,,,,,,
"266","WELLS GRAY","2023081704",0,15.4,70,8.4,37,15.4,88.461,5.249,16.51,,,,,,,,,,,,,,,,,,,,,,
"266","WELLS GRAY","2023081705",0,14.2,76,3.6,26,11.4,87.924,3.816,12.917,,,,,,,,,,,,,,,,,,,,,,
"266","WELLS GRAY","2023081706",0,14.1,80,1.8,20,4.5,87.375,3.222,11.278,,,,,,,,,,,,,,,,,,,,,,
"266","WELLS GRAY","2023081707",0,16.3,76,1.9,144,3.9,86.999,3.07,10.84,,,,,,,,,,,,,,,,,,,,,,
"266","WELLS GRAY","2023081708",0,20.2,60,3.9,198,7.9,87.047,3.418,11.831,,,,,,,,,,,,,,,,,,,,,,
"266","WELLS GRAY","2023081709",0,21.5,54,4.2,205,8.5,87.095,3.494,12.041,,,,,,,,,,,,,,,,,,,,,,
"266","WELLS GRAY","2023081710",0,21.9,54,3.3,197,8.5,87.143,3.362,11.674,,,,,,,,,,,,,,,,,,,,,,
"266","WELLS GRAY","2023081711",0,24.4,45,5.9,163,12,87.452,4.005,13.417,,,,,,,,,,,,,,,,,,,,,,
"266","WELLS GRAY","2023081712",0,26,41,5.9,190,11.4,87.89,4.264,14.089,0,91.855,7.518,22.202,46.101,464.026,73.857,4,,,,,,,,,,,,,,
"266","WELLS GRAY","2023081713",0,28.4,37,7.5,195,18.9,88.517,5.057,16.622,,,,,,,,,,,,,,,,,,,,,,
"266","WELLS GRAY","2023081714",0,30.5,33,9.1,183,21.8,89.323,6.154,19.221,,,,,,,,,,,,,,,,,,,,,,
"266","WELLS GRAY","2023081715",0,27.8,34,6.9,153,18.3,89.776,5.878,18.587,,,,,,,,,,,,,,,,,,,,,,
"266","WELLS GRAY","2023081716",0,28.9,33,4.5,147,10.8,90.21,5.543,17.799,,,,,,,,,,,,,,,,,,,,,,
"266","WELLS GRAY","2023081717",0,28,34,2.6,283,11.4,90.484,5.238,17.066,,,,,,,,,,,,,,,,,,,,,,
"266","WELLS GRAY","2023081718",0,26.5,33,2.4,40,9.7,90.698,5.346,17.327,,,,,,,,,,,,,,,,,,,,,,
"266","WELLS GRAY","2023081719",0,24.9,38,3.2,175,10.8,90.748,5.606,17.948,,,,,,,,,,,,,,,,,,,,,,
"266","WELLS GRAY","2023081720",0,22.5,46,3.8,156,7.9,90.709,5.746,18.279,,,,,,,,,,,,,,,,,,,,,,
"266","WELLS GRAY","2023081721",0,22.3,48,7.8,173,22.3,90.611,6.932,20.951,,,,,,,,,,,,,,,,,,,,,,
"266","WELLS GRAY","2023081722",0,21.2,51,4.4,182,13.1,90.454,5.711,18.195,,,,,,,,,,,,,,,,,,,,,,
"266","WELLS GRAY","2023081723",0,20,50,3.6,94,16,90.327,5.387,17.425,,,,,,,,,,,,,,,,,,,,,,
"267","BERRY","2023081700",0,13.8,63,11.9,174,16.6,88.753,6.53,10.852,,,,,,,,,,,,,,,,,,,,,,
"267","BERRY","2023081701",0,13.6,65,12.2,180,17.2,88.369,6.274,10.501,,,,,,,,,,,,,,,,,,,,,,
"267","BERRY","2023081702",0,13.7,65,12.1,176,16.6,88.035,5.95,10.049,,,,,,,,,,,,,,,,,,,,,,
"267","BERRY","2023081703",0,13.2,67,9.7,183,14.9,87.707,5.03,8.712,,,,,,,,,,,,,,,,,,,,,,
"267","BERRY","2023081704",0,13,67,8.7,193,16.6,87.423,4.593,8.046,,,,,,,,,,,,,,,,,,,,,,
"267","BERRY","2023081705",0,12.7,69,9.4,179,16,87.119,4.556,7.989,,,,,,,,,,,,,,,,,,,,,,
"267","BERRY","2023081706",0,14.9,64,8.8,177,14.9,86.992,4.341,7.653,,,,,,,,,,,,,,,,,,,,,,
"267","BERRY","2023081707",0,17.8,58,4.1,196,12,87.04,3.449,6.192,,,,,,,,,,,,,,,,,,,,,,
"267","BERRY","2023081708",0,21.4,48,2.2,9,7.4,87.186,3.2,5.762,,,,,,,,,,,,,,,,,,,,,,
"267","BERRY","2023081709",0,22.4,45,4,356,7.4,87.417,3.621,6.482,,,,,,,,,,,,,,,,,,,,,,
"267","BERRY","2023081710",0,23.6,43,5.1,5,7.9,87.711,3.992,7.094,,,,,,,,,,,,,,,,,,,,,,
"267","BERRY","2023081711",0,24.9,39,10.7,264,19.5,88.169,5.652,9.624,,,,,,,,,,,,,,,,,,,,,,
"267","BERRY","2023081712",0,25.1,38,6.7,248,18.3,88.564,4.89,8.501,0,90.607,6.554,11.77,20.354,101.946,27.154,3,,,,,,,,,,,,,,
"267","BERRY","2023081713",0,26.9,33,11.3,241,21.2,89.189,6.745,12.046,,,,,,,,,,,,,,,,,,,,,,
"267","BERRY","2023081714",0,26.2,35,10.2,212,24.1,89.585,6.754,12.059,,,,,,,,,,,,,,,,,,,,,,
"267","BERRY","2023081715",0,25.7,35,9.8,209,25.2,89.89,6.915,12.288,,,,,,,,,,,,,,,,,,,,,,
"267","BERRY","2023081716",0,26.1,33,11.1,217,23.5,90.236,7.758,13.458,,,,,,,,,,,,,,,,,,,,,,
"267","BERRY","2023081717",0,26.1,33,8.5,241,18.9,90.509,7.076,12.516,,,,,,,,,,,,,,,,,,,,,,
"267","BERRY","2023081718",0,21.1,51,8.3,157,12,90.341,6.839,12.181,,,,,,,,,,,,,,,,,,,,,,
"267","BERRY","2023081719",0,20,44,8.3,189,14.9,90.34,6.838,12.179,,,,,,,,,,,,,,,,,,,,,,
"267","BERRY","2023081720",0,16.7,70,7,58,40.8,89.674,5.822,10.688,,,,,,,,,,,,,,,,,,,,,,
"267","BERRY","2023081721",0,15.7,73,5.2,179,15.4,89.041,4.856,9.18,,,,,,,,,,,,,,,,,,,,,,
"267","BERRY","2023081722",0,16.7,63,9.1,235,13.1,88.713,5.638,10.409,,,,,,,,,,,,,,,,,,,,,,
"267","BERRY","2023081723",0,16.8,60,11.5,233,19.5,88.49,6.162,11.197,,,,,,,,,,,,,,,,,,,,,,
"270","GOSNEL","2023081700",0,15.5,55,18.5,181,24.6,88.581,8.885,17.7,,,,,,,,,,,,,,,,,,,,,,
"270","GOSNEL","2023081701",0,15.4,55,18.5,185,26.9,88.454,8.723,17.46,,,,,,,,,,,,,,,,,,,,,,
"270","GOSNEL","2023081702",0,14.7,58,18.1,184,32.1,88.262,8.318,16.851,,,,,,,,,,,,,,,,,,,,,,
"270","GOSNEL","2023081703",0,14.4,58,21.6,180,27.5,88.083,9.67,18.839,,,,,,,,,,,,,,,,,,,,,,
"270","GOSNEL","2023081704",0,14.8,58,21.7,178,29.8,87.935,9.515,18.617,,,,,,,,,,,,,,,,,,,,,,
"270","GOSNEL","2023081705",0,14.8,57,20.5,175,29.2,87.834,8.828,17.616,,,,,,,,,,,,,,,,,,,,,,
"270","GOSNEL","2023081706",0,16.3,53,22.1,177,30.4,87.872,9.621,18.77,,,,,,,,,,,,,,,,,,,,,,
"270","GOSNEL","2023081707",0,17.6,52,18.9,164,28.1,87.921,8.246,16.742,,,,,,,,,,,,,,,,,,,,,,
"270","GOSNEL","2023081708",0,18.4,51,14.5,159,25.2,87.97,6.653,14.218,,,,,,,,,,,,,,,,,,,,,,
"270","GOSNEL","2023081709",0,17.4,54,12.2,154,22.9,87.993,5.944,13.021,,,,,,,,,,,,,,,,,,,,,,
"270","GOSNEL","2023081710",0,21.8,44,11.7,136,20.6,88.148,5.927,12.991,,,,,,,,,,,,,,,,,,,,,,
"270","GOSNEL","2023081711",0,19,49,17.9,173,29.8,88.197,8.157,16.607,,,,,,,,,,,,,,,,,,,,,,
"270","GOSNEL","2023081712",0,20.4,47,20.5,176,31.6,88.246,9.365,18.401,0,89.107,10.597,20.99,25.638,257.71,41.064,3,,,,,,,,,,,,,,
"270","GOSNEL","2023081713",0,21.8,43,23.6,167,37.3,88.407,11.204,21.844,,,,,,,,,,,,,,,,,,,,,,
"270","GOSNEL","2023081714",0,21.3,45,24.3,160,42.5,88.461,11.697,22.523,,,,,,,,,,,,,,,,,,,,,,
"270","GOSNEL","2023081715",0,20.8,46,21.2,174,42.5,88.51,10.075,20.24,,,,,,,,,,,,,,,,,,,,,,
"270","GOSNEL","2023081716",0,22.2,39,13.4,188,33.3,88.749,7.039,15.516,,,,,,,,,,,,,,,,,,,,,,
"270","GOSNEL","2023081717",0,20.8,39,14.3,191,24.1,88.908,7.535,16.337,,,,,,,,,,,,,,,,,,,,,,
"270","GOSNEL","2023081718",0,19.1,44,18.6,178,26.9,88.957,9.424,19.282,,,,,,,,,,,,,,,,,,,,,,
"270","GOSNEL","2023081719",0,15.9,60,23.5,188,48.2,88.64,11.526,22.289,,,,,,,,,,,,,,,,,,,,,,
"270","GOSNEL","2023081720",0,14.6,69,27.7,173,59.2,88.077,13.138,24.443,,,,,,,,,,,,,,,,,,,,,,
"270","GOSNEL","2023081721",0,15.8,56,19.3,190,34.4,88,8.51,17.89,,,,,,,,,,,,,,,,,,,,,,
"270","GOSNEL","2023081722",0,14.6,64,7.5,187,26.9,87.77,4.544,10.989,,,,,,,,,,,,,,,,,,,,,,
"270","GOSNEL","2023081723",0,13.2,73,5.7,331,16,87.362,3.914,9.71,,,,,,,,,,,,,,,,,,,,,,
"279","THYNNE","2023081700",0,13.4,65,0,292,7.9,91.249,5.124,19.906,,,,,,,,,,,,,,,,,,,,,,
"279","THYNNE","2023081701",0,12.9,75,0,297,6.8,90.641,4.699,18.687,,,,,,,,,,,,,,,,,,,,,,
"279","THYNNE","2023081702",0,12.1,78,2.2,276,7.4,89.857,4.693,18.67,,,,,,,,,,,,,,,,,,,,,,
"279","THYNNE","2023081703",0,11.6,78,0,281,9.1,89.31,3.883,16.218,,,,,,,,,,,,,,,,,,,,,,
"279","THYNNE","2023081704",0,12,75,2.9,167,9.1,88.729,4.135,16.999,,,,,,,,,,,,,,,,,,,,,,
"279","THYNNE","2023081705",0,11.8,77,0,344,8.5,88.297,3.358,14.516,,,,,,,,,,,,,,,,,,,,,,
"279","THYNNE","2023081706",0,18.7,53,2.5,17,11.4,88.331,3.827,16.04,,,,,,,,,,,,,,,,,,,,,,
"279","THYNNE","2023081707",0,25.3,37,6.1,92,14.9,88.735,4.863,19.162,,,,,,,,,,,,,,,,,,,,,,
"279","THYNNE","2023081708",0,26.5,34,18.9,226,37.3,89.321,10.081,31.881,,,,,,,,,,,,,,,,,,,,,,
"279","THYNNE","2023081709",0,28.8,28,20.9,222,39.6,90.207,12.661,37.069,,,,,,,,,,,,,,,,,,,,,,
"279","THYNNE","2023081710",0,28.8,28,19.2,231,41.3,90.884,12.801,37.337,,,,,,,,,,,,,,,,,,,,,,
"279","THYNNE","2023081711",0,28.8,28,20.5,231,41.3,91.417,14.744,40.923,,,,,,,,,,,,,,,,,,,,,,
"279","THYNNE","2023081712",0,28.1,30,15.6,208,40.8,91.687,11.969,35.728,0,94.189,16.993,45.804,70.653,544.098,106.675,4,,,,,,,,,,,,,,
"279","THYNNE","2023081713",0,27.2,30,11.1,220,33.3,91.857,9.772,31.948,,,,,,,,,,,,,,,,,,,,,,
"279","THYNNE","2023081714",0,27,30,17.4,227,35.6,91.994,13.686,39.875,,,,,,,,,,,,,,,,,,,,,,
"279","THYNNE","2023081715",0,26,30,22.2,232,44.8,92.067,17.613,46.854,,,,,,,,,,,,,,,,,,,,,,
"279","THYNNE","2023081716",0,25.4,30,25.3,222,48.8,92.117,20.737,51.911,,,,,,,,,,,,,,,,,,,,,,
"279","THYNNE","2023081717",0,24.2,32,23.8,230,46.5,92.167,19.364,49.735,,,,,,,,,,,,,,,,,,,,,,
"279","THYNNE","2023081718",0,21.7,40,18.2,217,45.4,92.034,14.332,41.079,,,,,,,,,,,,,,,,,,,,,,
"279","THYNNE","2023081719",0,19.5,48,16.2,224,35.6,91.667,12.301,37.202,,,,,,,,,,,,,,,,,,,,,,
"279","THYNNE","2023081720",0,18.3,49,18.9,224,33.3,91.298,13.374,39.284,,,,,,,,,,,,,,,,,,,,,,
"279","THYNNE","2023081721",0,17.7,55,21.7,227,40.8,90.79,14.326,41.068,,,,,,,,,,,,,,,,,,,,,,
"279","THYNNE","2023081722",0,17,57,19.4,227,38.5,90.31,11.913,36.428,,,,,,,,,,,,,,,,,,,,,,
"279","THYNNE","2023081723",0,16.5,47,24.3,223,41.9,90.148,14.899,42.117,,,,,,,,,,,,,,,,,,,,,,
"280","LILLOOET","2023081700",0,21.7,43,4.2,113,5.6,95.071,10.803,39.579,,,,,,,,,,0.1,,,,0,1,726.65,,,,,,
"280","LILLOOET","2023081701",0,20.8,45,4.2,46,6.8,94.53,10.029,37.712,,,,,,,,,,0.7,,,,0,1,726.64,,,,,,
"280","LILLOOET","2023081702",0,21.3,44,4.2,96,6.2,94.08,9.424,36.208,,,,,,,,,,0.7,,,,0,1,726.59,,,,,,
"280","LILLOOET","2023081703",0,19.6,49,4.9,24,7.4,93.535,9.051,35.258,,,,,,,,,,1.1,,,,0,1,726.58,,,,,,
"280","LILLOOET","2023081704",0,19.1,51,4.1,60,7.4,93.018,8.089,32.726,,,,,,,,,,0.5,,,,0,1,726.55,,,,,,
"280","LILLOOET","2023081705",0,19.1,52,6.3,112,7.9,92.499,8.401,33.563,,,,,,,,,,0.6,,,,0,1,726.52,,,,,,
"280","LILLOOET","2023081706",0,18.3,57,3.5,193,7.9,91.967,6.768,29.024,,,,,,,,,,0.7,,,,0,1,726.52,,,,,,
"280","LILLOOET","2023081707",0,19.1,56,2.8,332,6.8,91.537,6.147,27.179,,,,,,,,,,1,,,,0,1,726.46,,,,,,
"280","LILLOOET","2023081708",0,22.4,48,3.6,67,6.8,91.359,6.241,27.461,,,,,,,,,,1.1,,,,0,1,726.3,,,,,,
"280","LILLOOET","2023081709",0,26.9,38,7.7,212,12,91.409,7.727,31.74,,,,,,,,,,1,,,,0,1,726.14,,,,,,
"280","LILLOOET","2023081710",0,29.7,32,6.5,172,13.7,91.633,7.509,31.137,,,,,,,,,,1.1,,,,0,1,726.12,,,,,,
"280","LILLOOET","2023081711",0,31.9,29,6.3,230,13.7,92.03,7.863,32.115,,,,,,,,,,0.9,,,,0,1,726.12,,,,,,
"280","LILLOOET","2023081712",0,32,28,7.3,188,16.6,92.401,8.715,34.388,0,95.336,13.095,45.108,114.952,841.272,171.365,4,,1,,,,0,1,726.17,,,,,,
"280","LILLOOET","2023081713",0,35.2,22,10.4,215,20.6,93.202,11.4,41.281,,,,,,,,,,1.1,,,,0,1,726.13,,,,,,
"280","LILLOOET","2023081714",0,37.4,17,8.6,323,23.5,94.219,11.993,42.646,,,,,,,,,,-12.2,,,,0,1,726.16,,,,,,
"280","LILLOOET","2023081715",0,38,16,9.1,284,26.4,95.074,13.834,46.705,,,,,,,,,,-18.9,,,,0,1,726.2,,,,,,
"280","LILLOOET","2023081716",0,38.4,15,8.6,304,22.3,95.776,14.844,48.827,,,,,,,,,,-22.5,,,,0,1,726.23,,,,,,
"280","LILLOOET","2023081717",0,37.5,16,12.8,280,24.6,96.196,19.416,57.69,,,,,,,,,,-19.4,,,,0,1,726.3,,,,,,
"280","LILLOOET","2023081718",0,36.6,17,11.1,307,25.8,96.384,18.279,55.587,,,,,,,,,,-2.7,,,,0,1,726.4,,,,,,
"280","LILLOOET","2023081719",0,33.5,21,13.9,327,27.5,96.435,21.195,60.87,,,,,,,,,,0.4,,,,0,1,726.47,,,,,,
"280","LILLOOET","2023081720",0,32,24,14.9,303,36.2,96.386,22.143,62.514,,,,,,,,,,0.6,,,,0,1,726.44,,,,,,
"280","LILLOOET","2023081721",0,30.8,25,9.6,329,29.2,96.3,16.758,52.673,,,,,,,,,,-2.7,,,,0,1,726.45,,,,,,
"280","LILLOOET","2023081722",0,29.6,28,5.1,314,19.5,96.142,13.075,45.064,,,,,,,,,,0.5,,,,0,1,726.47,,,,,,
"280","LILLOOET","2023081723",0,29,28,8,309,24.6,95.974,14.792,48.72,,,,,,,,,,0.5,,,,0,1,726.45,,,,,,
"283","BRENDA MINES","2023081700",0,17.2,45,8,13,10.8,92.209,8.786,35.398,,,,,,,,,,,,,,,,,,,,,,
"283","BRENDA MINES","2023081701",0,16.9,47,6.6,6,9.1,91.896,7.833,32.806,,,,,,,,,,,,,,,,,,,,,,
"283","BRENDA MINES","2023081702",0,16.2,48,5.3,6,8.5,91.604,7.04,30.538,,,,,,,,,,,,,,,,,,,,,,
"283","BRENDA MINES","2023081703",0,16.2,49,6.1,15,12,91.314,7.033,30.517,,,,,,,,,,,,,,,,,,,,,,
"283","BRENDA MINES","2023081704",0,15.3,54,2.4,34,8.5,90.994,5.577,26.047,,,,,,,,,,,,,,,,,,,,,,
"283","BRENDA MINES","2023081705",0,17.3,51,3.2,328,10.8,90.765,5.62,26.185,,,,,,,,,,,,,,,,,,,,,,
"283","BRENDA MINES","2023081706",0,19.3,46,3.6,219,12,90.678,5.663,26.325,,,,,,,,,,,,,,,,,,,,,,
"283","BRENDA MINES","2023081707",0,19.4,46,4.8,141,9.1,90.595,5.946,27.222,,,,,,,,,,,,,,,,,,,,,,
"283","BRENDA MINES","2023081708",0,21.9,38,13.3,262,29.2,90.645,9.189,36.457,,,,,,,,,,,,,,,,,,,,,,
"283","BRENDA MINES","2023081709",0,24.1,36,11.8,219,32.1,90.695,8.581,34.851,,,,,,,,,,,,,,,,,,,,,,
"283","BRENDA MINES","2023081710",0,25.5,31,14.1,258,30.4,90.956,10.003,38.534,,,,,,,,,,,,,,,,,,,,,,
"283","BRENDA MINES","2023081711",0,27.5,27,11.4,293,36.7,91.407,9.308,36.766,,,,,,,,,,,,,,,,,,,,,,
"283","BRENDA MINES","2023081712",0,28.6,24,14.6,246,41.3,91.979,11.86,43.009,0,94.838,17.67,55.46,144.79,715.564,192.302,5,,,,,,,,,,,,,,
"283","BRENDA MINES","2023081713",0,28.8,24,13,277,32.7,92.43,11.661,42.705,,,,,,,,,,,,,,,,,,,,,,
"283","BRENDA MINES","2023081714",0,28.4,24,16.2,237,38.5,92.779,14.391,48.802,,,,,,,,,,,,,,,,,,,,,,
"283","BRENDA MINES","2023081715",0,28.6,24,13.8,257,44.2,93.054,13.253,46.331,,,,,,,,,,,,,,,,,,,,,,
"283","BRENDA MINES","2023081716",0,27.9,24,16.4,289,31.6,93.246,15.519,51.166,,,,,,,,,,,,,,,,,,,,,,
"283","BRENDA MINES","2023081717",0,26,26,21.6,218,40.2,93.296,20.311,60.411,,,,,,,,,,,,,,,,,,,,,,
"283","BRENDA MINES","2023081718",0,24.3,28,16.2,228,37.3,93.346,15.581,51.292,,,,,,,,,,,,,,,,,,,,,,
"283","BRENDA MINES","2023081719",0,21.5,34,13.2,235,31,93.227,13.174,46.156,,,,,,,,,,,,,,,,,,,,,,
"283","BRENDA MINES","2023081720",0,20.3,38,17.3,222,32.1,92.98,15.647,51.428,,,,,,,,,,,,,,,,,,,,,,
"283","BRENDA MINES","2023081721",0,19.2,42,14,270,44.2,92.659,12.666,45.018,,,,,,,,,,,,,,,,,,,,,,
"283","BRENDA MINES","2023081722",0,18.3,46,14.7,257,38.5,92.259,12.402,44.419,,,,,,,,,,,,,,,,,,,,,,
"283","BRENDA MINES","2023081723",0,17.5,50,11.8,251,29.8,91.822,10.074,38.859,,,,,,,,,,,,,,,,,,,,,,
"286","TURTLE","2023081700",0,18.9,47,5.6,291,8.5,93.604,9.467,36.5,,,,,,,,,,0.1,,,,0,1,816.21,,,,,,
"286","TURTLE","2023081701",0,17.9,52,2.5,297,12.5,93.095,7.542,31.391,,,,,,,,,,0.1,,,,0,1,816.2,,,,,,
"286","TURTLE","2023081702",0,17.3,53,1.7,262,7.9,92.64,6.796,29.261,,,,,,,,,,0.1,,,,0,1,816.19,,,,,,
"286","TURTLE","2023081703",0,17.4,53,5.2,294,9.1,92.157,7.574,31.48,,,,,,,,,,0.1,,,,0,1,816.18,,,,,,
"286","TURTLE","2023081704",0,16.2,57,2.3,312,6.8,91.693,6.128,27.265,,,,,,,,,,0,,,,0,1,816.17,,,,,,
"286","TURTLE","2023081705",0,15.3,61,1.7,353,3.9,91.207,5.549,25.459,,,,,,,,,,0.1,,,,0,1,816.15,,,,,,
"286","TURTLE","2023081706",0,15.4,63,1.7,335,6.2,90.727,5.182,24.273,,,,,,,,,,0.6,,,,0,1,816.13,,,,,,
"286","TURTLE","2023081707",0,18.4,56,2.4,135,4.5,90.441,5.153,24.177,,,,,,,,,,0.8,,,,0,1,816.11,,,,,,
"286","TURTLE","2023081708",0,22,45,4.9,171,7.4,90.448,5.852,26.412,,,,,,,,,,0.5,,,,0,1,816.09,,,,,,
"286","TURTLE","2023081709",0,25.5,37,7.3,168,12,90.526,6.678,28.913,,,,,,,,,,0.5,,,,0,1,816.1,,,,,,
"286","TURTLE","2023081710",0,26.9,32,5.5,155,13.7,90.799,6.341,27.91,,,,,,,,,,0.5,,,,0,1,816.12,,,,,,
"286","TURTLE","2023081711",0,28.9,28,9.2,170,14.9,91.288,8.192,33.174,,,,,,,,,,0.6,,,,0,1,816.1,,,,,,
"286","TURTLE","2023081712",0,31.9,24,10.4,153,18.3,92.036,9.676,37.026,0,95.924,16.581,52.553,120.601,803.816,175.408,5,,0.7,,,,0,1,816.12,,,,,,
"286","TURTLE","2023081713",0,35.2,20,7.4,199,14.9,92.996,9.522,36.893,,,,,,,,,,0.5,,,,0,1,816.17,,,,,,
"286","TURTLE","2023081714",0,35.7,19,6.4,82,13.7,93.8,10.128,38.41,,,,,,,,,,0.3,,,,0,1,816.19,,,,,,
"286","TURTLE","2023081715",0,36.3,19,6.1,119,14.9,94.443,10.905,40.294,,,,,,,,,,0.3,,,,0,1,816.15,,,,,,
"286","TURTLE","2023081716",0,35.7,19,6.1,139,16.6,94.897,11.608,41.95,,,,,,,,,,0.3,,,,0,1,816.15,,,,,,
"286","TURTLE","2023081717",0,35,20,7.9,277,16,95.163,13.181,45.497,,,,,,,,,,0.2,,,,0,1,816.14,,,,,,
"286","TURTLE","2023081718",0,33,23,8.4,268,24.6,95.214,13.612,46.433,,,,,,,,,,0.1,,,,0,1,816.12,,,,,,
"286","TURTLE","2023081719",0,30,26,7.5,225,18.9,95.244,13.061,45.233,,,,,,,,,,0.1,,,,0,1,816.1,,,,,,
"286","TURTLE","2023081720",0,28.6,28,7.8,226,26.4,95.187,13.158,45.445,,,,,,,,,,0.2,,,,0,1,816.07,,,,,,
"286","TURTLE","2023081721",0,27.8,29,8.4,249,21.2,95.093,13.388,45.947,,,,,,,,,,0.2,,,,0,1,816.04,,,,,,
"286","TURTLE","2023081722",0,26.4,32,8.3,257,22.9,94.902,12.977,45.048,,,,,,,,,,0.2,,,,0,1,816.03,,,,,,
"286","TURTLE","2023081723",0,25.1,35,5.9,245,18.9,94.653,11.112,40.788,,,,,,,,,,0.2,,,,0,1,816.02,,,,,,
"291","GLIMPSE","2023081700",0,17.7,41,3.2,57,5.6,92.855,7.555,31.764,,,,,,,,,,,,,,,,,,,,,,
"291","GLIMPSE","2023081701",0,17.7,41,3.2,57,6.2,92.648,7.339,31.151,,,,,,,,,,,,,,,,,,,,,,
"291","GLIMPSE","2023081702",0,17.6,40,1.9,70,5.6,92.496,6.727,29.374,,,,,,,,,,,,,,,,,,,,,,
"291","GLIMPSE","2023081703",0,17.4,42,3.1,147,6.8,92.302,6.954,30.042,,,,,,,,,,,,,,,,,,,,,,
"291","GLIMPSE","2023081704",0,17.5,44,2.8,116,7.4,92.091,6.649,29.142,,,,,,,,,,,,,,,,,,,,,,
"291","GLIMPSE","2023081705",0,17.6,46,3.7,196,12.5,91.849,6.723,29.363,,,,,,,,,,,,,,,,,,,,,,
"291","GLIMPSE","2023081706",0,17.9,46,6.8,189,12.5,91.605,7.593,31.871,,,,,,,,,,,,,,,,,,,,,,
"291","GLIMPSE","2023081707",0,19.1,44,8.7,186,15.4,91.436,8.158,33.435,,,,,,,,,,,,,,,,,,,,,,
"291","GLIMPSE","2023081708",0,21.9,38,11,205,20.6,91.472,9.207,36.216,,,,,,,,,,,,,,,,,,,,,,
"291","GLIMPSE","2023081709",0,25.7,31,6.1,264,21.8,91.584,7.308,31.064,,,,,,,,,,,,,,,,,,,,,,
"291","GLIMPSE","2023081710",0,27.4,29,8.8,209,20,91.815,8.652,34.762,,,,,,,,,,,,,,,,,,,,,,
"291","GLIMPSE","2023081711",0,28,26,9.3,200,25.8,92.153,9.306,36.471,,,,,,,,,,,,,,,,,,,,,,
"291","GLIMPSE","2023081712",0,31.6,19,8.7,210,26.4,92.931,10.075,38.411,0,95.492,14.353,48.425,137.646,699.031,184.478,5,,,,,,,,,,,,,,
"291","GLIMPSE","2023081713",0,31.9,19,12,216,24.1,93.585,13.035,45.566,,,,,,,,,,,,,,,,,,,,,,
"291","GLIMPSE","2023081714",0,31.9,19,11.3,222,24.6,94.082,13.482,46.55,,,,,,,,,,,,,,,,,,,,,,
"291","GLIMPSE","2023081715",0,31.5,20,10.7,236,28.1,94.389,13.647,46.91,,,,,,,,,,,,,,,,,,,,,,
"291","GLIMPSE","2023081716",0,29.9,23,10.4,225,29.8,94.44,13.537,46.67,,,,,,,,,,,,,,,,,,,,,,
"291","GLIMPSE","2023081717",0,24.4,32,8.6,246,26.4,94.301,12.129,43.522,,,,,,,,,,,,,,,,,,,,,,
"291","GLIMPSE","2023081718",0,23.1,35,6.5,216,29.2,94.096,10.606,39.926,,,,,,,,,,,,,,,,,,,,,,
"291","GLIMPSE","2023081719",0,21.9,35,11.4,214,24.6,93.869,13.156,45.832,,,,,,,,,,,,,,,,,,,,,,
"291","GLIMPSE","2023081720",0,20.2,41,6.3,205,24.6,93.537,9.715,37.713,,,,,,,,,,,,,,,,,,,,,,
"291","GLIMPSE","2023081721",0,19.1,44,6.6,212,18.3,93.157,9.355,36.792,,,,,,,,,,,,,,,,,,,,,,
"291","GLIMPSE","2023081722",0,17.7,48,6.5,224,15.4,92.718,8.751,35.215,,,,,,,,,,,,,,,,,,,,,,
"291","GLIMPSE","2023081723",0,17.4,52,10.8,224,23.5,92.177,10.072,38.61,,,,,,,,,,,,,,,,,,,,,,
"292","DARCY","2023081700",0,18,76,2.2,179,5.7,89.463,4.435,21.543,,,,,,,,,0,-196.7,,0,3155.1,,,,,,,1709.8,,
"292","DARCY","2023081701",0,17.4,79,1.6,200,6,88.756,3.888,19.592,,,,,,,,,0,-198.6,,0,3155.1,,,,,,,1709.8,,
"292","DARCY","2023081702",0,16.8,83,0.8,205,4.6,88.037,3.368,17.633,,,,,,,,,0,-194.6,,0,3155.1,,,,,,,1709.8,,
"292","DARCY","2023081703",0,16.4,84,2.5,77,6.1,87.299,3.302,17.374,,,,,,,,,0,-188.2,,0,3155.1,,,,,,,1709.8,,
"292","DARCY","2023081704",0,16.6,85,2.1,197,5.8,86.623,2.939,15.923,,,,,,,,,0,-186.2,,0,3155.1,,,,,,,1709.8,,
"292","DARCY","2023081705",0,16.1,88,1.1,237,4.7,85.937,2.537,14.228,,,,,,,,,0,-186.4,,0,3155.1,,,,,,,1709.8,,
"292","DARCY","2023081706",0,16.1,88,2.5,226,5.5,85.286,2.486,14.006,,,,,,,,,0,-177.3,,0,3155.1,,,,,,,1709.8,,
"292","DARCY","2023081707",0,21.6,63,6.1,161,13.9,85.343,3.005,16.19,,,,,,,,,0,-186.3,,0,3155.1,,,,,,,1709.8,,
"292","DARCY","2023081708",0,27.8,44,6.4,207,18.7,86.098,3.39,17.717,,,,,,,,,0,-162.1,,0,3155.1,,,,,,,1709.8,,
"292","DARCY","2023081709",0,29.1,41,5.6,205,15.3,86.889,3.641,18.676,,,,,,,,,0,-161.7,,0,3155.1,,,,,,,1709.8,,
"292","DARCY","2023081710",0,29.4,39,6.2,251,20.4,87.647,4.181,20.652,,,,,,,,,0,-169.5,,0,3155.1,,,,,,,1709.8,,
"292","DARCY","2023081711",0,32.5,32,8.7,179,18.2,88.798,5.593,25.372,,,,,,,,,0,-155.3,,0,3155.1,,,,,,,1709.8,,
"292","DARCY","2023081712",0,34.8,24,8.2,178,25.3,90.276,6.742,28.85,0,96.295,15.606,50.284,115.486,798.034,169.61,5,0,-165.5,,0,3155.1,,,,,,,1709.8,,
"292","DARCY","2023081713",0,35.4,23,7.8,248,21.8,91.507,7.875,32.322,,,,,,,,,0,-163.8,,0,3155.1,,,,,,,1709.8,,
"292","DARCY","2023081714",0,37.3,21,6.8,203,25.6,92.679,8.836,34.891,,,,,,,,,0,-158,,0,3155.1,,,,,,,1709.8,,
"292","DARCY","2023081715",0,36.7,21,7.3,251,25.3,93.527,10.203,38.341,,,,,,,,,0,-154.3,,0,3155.1,,,,,,,1709.8,,
"292","DARCY","2023081716",0,36,22,6.6,213,25.8,94.06,10.607,39.319,,,,,,,,,0,-159.1,,0,3155.1,,,,,,,1709.8,,
"292","DARCY","2023081717",0,33.9,27,7.1,261,21.1,94.114,10.96,40.162,,,,,,,,,0,-168.5,,0,3155.1,,,,,,,1709.8,,
"292","DARCY","2023081718",0,31.1,31,6.8,273,18.4,94.165,10.871,39.95,,,,,,,,,0,-169.1,,0,3155.1,,,,,,,1709.8,,
"292","DARCY","2023081719",0,28.4,35,3.9,190,20.3,94.071,9.272,36.015,,,,,,,,,0,-165.3,,0,3155.1,,,,,,,1709.8,,
"292","DARCY","2023081720",0,28.1,37,6.4,242,20.6,93.913,10.289,38.55,,,,,,,,,0,-154.2,,0,3155.1,,,,,,,1709.8,,
"292","DARCY","2023081721",0,27.1,39,4.4,250,20.3,93.72,9.056,35.461,,,,,,,,,0,-150.2,,0,3155.1,,,,,,,1709.8,,
"292","DARCY","2023081722",0,25,47,1.8,46,13.2,93.358,7.553,31.432,,,,,,,,,0,-150.8,,0,3155.1,,,,,,,1709.8,,
"292","DARCY","2023081723",0,25.6,42,3.4,144,13.3,93.147,7.949,32.526,,,,,,,,,0,-151.3,,0,3155.1,,,,,,,1709.8,,
"298","FINTRY","2023081700",0,23.3,35,3.8,240,6.2,95.005,10.491,40.743,,,,,,,,,,,,,,,,,,,,,,
"298","FINTRY","2023081701",0,22.3,37,5,275,7.9,94.676,10.654,41.15,,,,,,,,,,,,,,,,,,,,,,
"298","FINTRY","2023081702",0,21.4,41,2.1,282,7.9,94.332,8.778,36.282,,,,,,,,,,,,,,,,,,,,,,
"298","FINTRY","2023081703",0,20.6,42,4,343,5.6,93.957,9.172,37.341,,,,,,,,,,,,,,,,,,,,,,
"298","FINTRY","2023081704",0,19.8,44,2.7,328,4.5,93.596,8.17,34.607,,,,,,,,,,,,,,,,,,,,,,
"298","FINTRY","2023081705",0,19.2,46,2.6,230,5.1,93.226,7.721,33.332,,,,,,,,,,,,,,,,,,,,,,
"298","FINTRY","2023081706",0,19.5,46,2.9,207,3.9,92.89,7.478,32.629,,,,,,,,,,,,,,,,,,,,,,
"298","FINTRY","2023081707",0,21.9,47,4.2,119,5.6,92.561,7.624,33.052,,,,,,,,,,,,,,,,,,,,,,
"298","FINTRY","2023081708",0,23.6,40,5,136,7.4,92.455,7.82,33.617,,,,,,,,,,,,,,,,,,,,,,
"298","FINTRY","2023081709",0,24.8,38,5.8,131,8.5,92.427,8.11,34.436,,,,,,,,,,,,,,,,,,,,,,
"298","FINTRY","2023081710",0,27.5,32,5.4,139,10.2,92.477,8.004,34.139,,,,,,,,,,,,,,,,,,,,,,
"298","FINTRY","2023081711",0,29.1,29,6.3,127,10.2,92.595,8.516,35.565,,,,,,,,,,,,,,,,,,,,,,
"298","FINTRY","2023081712",0,30.8,26,6.4,139,10.8,92.882,8.91,36.638,0,95.43,12.674,46.043,166.18,1133.56,243.22,4,,,,,,,,,,,,,,
"298","FINTRY","2023081713",0,32,26,5.6,120,10.2,93.157,8.894,36.648,,,,,,,,,,,,,,,,,,,,,,
"298","FINTRY","2023081714",0,34.6,23,8.2,188,13.7,93.662,10.879,41.767,,,,,,,,,,,,,,,,,,,,,,
"298","FINTRY","2023081715",0,35.1,21,8.6,191,17.2,94.184,11.935,44.318,,,,,,,,,,,,,,,,,,,,,,
"298","FINTRY","2023081716",0,37.2,16,15,225,29.2,95.057,18.58,58.438,,,,,,,,,,,,,,,,,,,,,,
"298","FINTRY","2023081717",0,35,21,17.2,175,31.6,95.246,21.301,63.517,,,,,,,,,,,,,,,,,,,,,,
"298","FINTRY","2023081718",0,33.1,21,10.1,190,28.1,95.297,14.999,51.187,,,,,,,,,,,,,,,,,,,,,,
"298","FINTRY","2023081719",0,31.5,25,12.6,154,29.2,95.348,17.131,55.591,,,,,,,,,,,,,,,,,,,,,,
"298","FINTRY","2023081720",0,30,25,9.4,182,33.9,95.386,14.655,50.452,,,,,,,,,,,,,,,,,,,,,,
"298","FINTRY","2023081721",0,29,29,9.9,191,38.5,95.281,14.815,50.796,,,,,,,,,,,,,,,,,,,,,,
"298","FINTRY","2023081722",0,27.8,28,9.3,209,21.2,95.199,14.215,49.497,,,,,,,,,,,,,,,,,,,,,,
"298","FINTRY","2023081723",0,27.4,28,12,158,28.7,95.112,16.094,53.484,,,,,,,,,,,,,,,,,,,,,,
"301","PEMBERTON BASE","2023081700",0,17.7,98,0,149,5.6,84.997,2.106,10.655,,,,,,,,,,,,,,,,,,,,,,
"301","PEMBERTON BASE","2023081701",0,17.2,100,0,36,2.2,83.793,1.79,9.298,,,,,,,,,,,,,,,,,,,,,,
"301","PEMBERTON BASE","2023081702",0,16.3,100,0,191,0,82.747,1.564,8.273,,,,,,,,,,,,,,,,,,,,,,
"301","PEMBERTON BASE","2023081703",0,15.8,100,0,177,0,81.826,1.396,7.479,,,,,,,,,,,,,,,,,,,,,,
"301","PEMBERTON BASE","2023081704",0,15.3,100,1.7,322,2.8,80.84,1.356,7.288,,,,,,,,,,,,,,,,,,,,,,
"301","PEMBERTON BASE","2023081705",0,14.5,100,2,158,4.5,79.976,1.255,6.785,,,,,,,,,,,,,,,,,,,,,,
"301","PEMBERTON BASE","2023081706",0,15.1,100,1.6,242,3.9,79.226,1.141,6.206,,,,,,,,,,,,,,,,,,,,,,
"301","PEMBERTON BASE","2023081707",0,19.4,87,1.8,147,6.2,79.28,1.158,6.296,,,,,,,,,,,,,,,,,,,,,,
"301","PEMBERTON BASE","2023081708",0,25.8,55,0,24,6.2,80.01,1.138,6.194,,,,,,,,,,,,,,,,,,,,,,
"301","PEMBERTON BASE","2023081709",0,26.1,54,3.4,282,10.2,81.004,1.505,8,,,,,,,,,,,,,,,,,,,,,,
"301","PEMBERTON BASE","2023081710",0,27.6,46,2.6,4,10.8,82.181,1.661,8.72,,,,,,,,,,,,,,,,,,,,,,
"301","PEMBERTON BASE","2023081711",0,30.3,41,5.4,146,10.8,83.685,2.317,11.517,,,,,,,,,,,,,,,,,,,,,,
"301","PEMBERTON BASE","2023081712",0,29.6,50,0,286,7.9,84.286,1.912,9.83,0,91.704,5.466,22.392,78.341,599.975,118.123,3,,,,,,,,,,,,,,
"301","PEMBERTON BASE","2023081713",0,33.8,34,3.2,127,7.9,85.908,2.809,13.651,,,,,,,,,,,,,,,,,,,,,,
"301","PEMBERTON BASE","2023081714",0,35.4,27,2.2,309,8.5,87.635,3.412,15.852,,,,,,,,,,,,,,,,,,,,,,
"301","PEMBERTON BASE","2023081715",0,36,24,10.9,209,25.2,89.572,6.983,26.576,,,,,,,,,,,,,,,,,,,,,,
"301","PEMBERTON BASE","2023081716",0,35.5,24,9.6,199,24.1,90.961,7.979,29.114,,,,,,,,,,,,,,,,,,,,,,
"301","PEMBERTON BASE","2023081717",0,34.5,28,10,312,26.4,91.733,9.085,31.781,,,,,,,,,,,,,,,,,,,,,,
"301","PEMBERTON BASE","2023081718",0,31.9,31,10,299,31,92.04,9.489,32.717,,,,,,,,,,,,,,,,,,,,,,
"301","PEMBERTON BASE","2023081719",0,30.6,33,9.7,304,30.4,92.139,9.478,32.693,,,,,,,,,,,,,,,,,,,,,,
"301","PEMBERTON BASE","2023081720",0,28,39,6.7,242,26.9,92.189,8.206,29.674,,,,,,,,,,,,,,,,,,,,,,
"301","PEMBERTON BASE","2023081721",0,26.6,42,6.1,202,17.2,92.13,7.895,28.906,,,,,,,,,,,,,,,,,,,,,,
"301","PEMBERTON BASE","2023081722",0,26.2,43,7.3,313,17.2,92.04,8.281,29.858,,,,,,,,,,,,,,,,,,,,,,
"301","PEMBERTON BASE","2023081723",0,24.8,51,3.7,38,12,91.751,6.63,25.64,,,,,,,,,,,,,,,,,,,,,,
"302","ASPEN GROVE","2023081700",0,12.2,73,1.9,10,3.3,90.936,5.393,23.768,,,,,,,,,,,,,,,,,,,,,,
"302","ASPEN GROVE","2023081701",0,11.3,77,1.8,120,4.5,90.175,4.813,21.929,,,,,,,,,,,,,,,,,,,,,,
"302","ASPEN GROVE","2023081702",0,10.6,81,1.8,108,4.5,89.387,4.299,20.221,,,,,,,,,,,,,,,,,,,,,,
"302","ASPEN GROVE","2023081703",0,9.9,84,4.2,216,6.8,88.515,4.281,20.159,,,,,,,,,,,,,,,,,,,,,,
"302","ASPEN GROVE","2023081704",0,10.3,81,4.3,196,9.1,87.832,3.901,18.841,,,,,,,,,,,,,,,,,,,,,,
"302","ASPEN GROVE","2023081705",0,9.7,84,1.6,232,10.2,87.202,3.112,15.924,,,,,,,,,,,,,,,,,,,,,,
"302","ASPEN GROVE","2023081706",0,11.9,74,2.2,178,7.4,86.876,3.062,15.729,,,,,,,,,,,,,,,,,,,,,,
"302","ASPEN GROVE","2023081707",0,17.7,55,11.8,211,18.9,86.924,5.001,22.535,,,,,,,,,,,,,,,,,,,,,,
"302","ASPEN GROVE","2023081708",0,22.2,43,21.9,193,27.5,87.325,8.809,33.235,,,,,,,,,,,,,,,,,,,,,,
"302","ASPEN GROVE","2023081709",0,26.1,34,17.6,159,28.1,88.156,7.988,31.129,,,,,,,,,,,,,,,,,,,,,,
"302","ASPEN GROVE","2023081710",0,29.4,26,13.5,222,31.6,89.351,7.713,30.404,,,,,,,,,,,,,,,,,,,,,,
"302","ASPEN GROVE","2023081711",0,30.3,22,17.3,242,37.3,90.615,11.194,38.902,,,,,,,,,,,,,,,,,,,,,,
"302","ASPEN GROVE","2023081712",0,30.1,23,22.6,239,48.2,91.568,16.745,50.289,0,95.509,28.984,71.144,98.01,750.114,147.755,5,,,,,,,,,,,,,,
"302","ASPEN GROVE","2023081713",0,30.2,24,23.8,264,45.4,92.247,19.584,56.081,,,,,,,,,,,,,,,,,,,,,,
"302","ASPEN GROVE","2023081714",0,30.9,23,18.3,236,41.3,92.828,16.108,49.666,,,,,,,,,,,,,,,,,,,,,,
"302","ASPEN GROVE","2023081715",0,30.2,24,22.6,241,37.9,93.192,21.051,58.627,,,,,,,,,,,,,,,,,,,,,,
"302","ASPEN GROVE","2023081716",0,27.8,28,19.6,198,41.3,93.242,18.226,53.642,,,,,,,,,,,,,,,,,,,,,,
"302","ASPEN GROVE","2023081717",0,27.3,27,21.1,222,50.6,93.292,19.794,56.451,,,,,,,,,,,,,,,,,,,,,,
"302","ASPEN GROVE","2023081718",0,25.9,30,18.4,210,40.8,93.342,17.397,52.114,,,,,,,,,,,,,,,,,,,,,,
"302","ASPEN GROVE","2023081719",0,24.4,34,16,160,32.7,93.271,15.262,48.009,,,,,,,,,,,,,,,,,,,,,,
"302","ASPEN GROVE","2023081720",0,23.2,37,21.8,196,32.1,93.079,19.903,56.641,,,,,,,,,,,,,,,,,,,,,,
"302","ASPEN GROVE","2023081721",0,21.6,40,9.4,153,28.7,92.855,10.325,37.365,,,,,,,,,,,,,,,,,,,,,,
"302","ASPEN GROVE","2023081722",0,20.8,47,18.6,167,29.8,92.392,15.38,48.243,,,,,,,,,,,,,,,,,,,,,,
"302","ASPEN GROVE","2023081723",0,20.6,49,26,169,35.6,91.895,20.818,58.228,,,,,,,,,,,,,,,,,,,,,,
"305","SPARKS LAKE","2023081700",0,19.2,48,1.8,38,5.2,91.629,5.922,24.942,,,,,,,,,,,,,,,,,,,,128.8,,
"305","SPARKS LAKE","2023081701",0,18.7,48,1,49,4.1,91.442,5.539,23.802,,,,,,,,,,,,,,,,,,,,128.8,,
"305","SPARKS LAKE","2023081702",0,18.6,50,1.8,62,4.2,91.217,5.586,23.943,,,,,,,,,,,,,,,,,,,,128.8,,
"305","SPARKS LAKE","2023081703",0,17.6,52,2.3,87,8.5,90.959,5.522,23.75,,,,,,,,,,,,,,,,,,,,128.8,,
"305","SPARKS LAKE","2023081704",0,17.7,54,4.3,86,7.7,90.659,5.851,24.734,,,,,,,,,,,,,,,,,,,,128.8,,
"305","SPARKS LAKE","2023081705",0,16.9,56,1.4,357,8.5,90.39,4.865,21.712,,,,,,,,,,,,,,,,,,,,128.8,,
"305","SPARKS LAKE","2023081706",0,17,56,4.4,131,8.7,90.104,5.432,23.479,,,,,,,,,,,,,,,,,,,,128.8,,
"305","SPARKS LAKE","2023081707",0,18.8,51,1.6,86,8.3,89.997,4.645,21.006,,,,,,,,,,,,,,,,,,,,128.8,,
"305","SPARKS LAKE","2023081708",0,22,46,4,229,6.7,90.036,5.272,22.988,,,,,,,,,,,,,,,,,,,,128.8,,
"305","SPARKS LAKE","2023081709",0,24.6,37,4.5,232,9.2,90.15,5.495,23.67,,,,,,,,,,,,,,,,,,,,128.8,,
"305","SPARKS LAKE","2023081710",0,27.4,31,5.9,248,9.6,90.545,6.24,25.866,,,,,,,,,,,,,,,,,,,,128.8,,
"305","SPARKS LAKE","2023081720",0,26.9,33,9.8,191,19.2,90.797,7.873,30.761,,,,,,,,,,,,,,,,,,,,128.8,,
"305","SPARKS LAKE","2023081721",0,25,35,14.3,333,23.8,90.87,9.981,36.017,,,,,,,,,,,,,,,,,,,,128.8,,
"305","SPARKS LAKE","2023081722",0,22.7,32,6.8,14,22.5,90.96,6.928,28.204,,,,,,,,,,,,,,,,,,,,128.8,,
"305","SPARKS LAKE","2023081723",0,20.5,32,2.4,57,17.4,91.01,5.589,24.315,,,,,,,,,,,,,,,,,,,,128.8,,
"306","FRENCH BAR","2023081700",0,12.5,67,0.9,274,4.5,90.672,4.939,20.597,,,,,,,,,,,,,,,,,,,,12.6,,
"306","FRENCH BAR","2023081701",0,11.3,71,0.7,349,4.8,90.129,4.524,19.328,,,,,,,,,,,,,,,,,,,,12.6,,
"306","FRENCH BAR","2023081702",0,10.6,74,1.7,308,4.2,89.533,4.368,18.839,,,,,,,,,,,,,,,,,,,,12.6,,
"306","FRENCH BAR","2023081703",0,9.3,82,1.2,160,6.1,88.821,3.846,17.147,,,,,,,,,,,,,,,,,,,,12.6,,
"306","FRENCH BAR","2023081704",0,9.2,81,1.2,289,3.6,88.205,3.52,16.046,,,,,,,,,,,,,,,,,,,,12.6,,
"306","FRENCH BAR","2023081705",0,8.8,83,2.1,307,4.8,87.562,3.36,15.487,,,,,,,,,,,,,,,,,,,,12.6,,
"306","FRENCH BAR","2023081706",0,9.3,82,2.7,299,4.9,86.991,3.192,14.893,,,,,,,,,,,,,,,,,,,,12.6,,
"306","FRENCH BAR","2023081707",0,11.7,79,0.4,300,2.9,86.618,2.696,13.062,,,,,,,,,,,,,,,,,,,,12.6,,
"306","FRENCH BAR","2023081708",0,20.1,52,2,245,4,86.706,2.959,14.048,,,,,,,,,,,,,,,,,,,,12.6,,
"306","FRENCH BAR","2023081709",0,23.7,38,10.2,115,16,87.303,4.87,20.389,,,,,,,,,,,,,,,,,,,,12.6,,
"306","FRENCH BAR","2023081710",0,25.7,36,8,89,16.7,87.941,4.775,20.102,,,,,,,,,,,,,,,,,,,,12.6,,
"306","FRENCH BAR","2023081711",0,27.2,32,9.7,72,18.6,88.718,5.815,23.143,,,,,,,,,,,,,,,,,,,,12.6,,
"306","FRENCH BAR","2023081712",0,28.4,30,10.8,82,19.5,89.514,6.891,26.058,0,93.854,12.737,39.986,81.639,571.994,120.339,4,,,,,,,,,,,,12.6,,
"306","FRENCH BAR","2023081713",0,31.9,19,17.6,216,28.6,91.045,12.083,38.643,,,,,,,,,,,,,,,,,,,,12.6,,
"306","FRENCH BAR","2023081714",0,32.7,18,20.9,236,44.8,92.366,17.208,48.445,,,,,,,,,,,,,,,,,,,,12.6,,
"306","FRENCH BAR","2023081715",0,31.5,20,21.5,217,43,93.145,19.786,52.865,,,,,,,,,,,,,,,,,,,,12.6,,
"306","FRENCH BAR","2023081716",0,30.9,20,18.3,224,44.1,93.676,18.134,50.066,,,,,,,,,,,,,,,,,,,,12.6,,
"306","FRENCH BAR","2023081717",0,30.7,20,17.4,247,45.4,94.064,18.289,50.334,,,,,,,,,,,,,,,,,,,,12.6,,
"306","FRENCH BAR","2023081718",0,28.8,21,16.6,258,31.7,94.22,17.948,49.744,,,,,,,,,,,,,,,,,,,,12.6,,
"306","FRENCH BAR","2023081719",0,25.2,28,10.7,229,23.2,94.221,13.335,41.187,,,,,,,,,,,,,,,,,,,,12.6,,
"306","FRENCH BAR","2023081720",0,21.1,34,5.9,114,25.4,94.033,10.202,34.584,,,,,,,,,,,,,,,,,,,,12.6,,
"306","FRENCH BAR","2023081721",0,18.3,38,1.7,34,10.2,93.81,8.003,29.397,,,,,,,,,,,,,,,,,,,,12.6,,
"306","FRENCH BAR","2023081722",0,16.5,39,3.7,70,12.1,93.543,8.53,30.691,,,,,,,,,,,,,,,,,,,,12.6,,
"306","FRENCH BAR","2023081723",0,17.3,33,3,76,13.3,93.43,8.106,29.651,,,,,,,,,,,,,,,,,,,,12.6,,
"307","LEIGHTON LAKE","2023081700",0,10.9,75,5.5,199,7.4,89.89,5.568,23.388,,,,,,,,,,,,,,,,,,,,,,
"307","LEIGHTON LAKE","2023081701",0,10.3,80,4.9,211,6.8,89.073,4.805,21.06,,,,,,,,,,,,,,,,,,,,,,
"307","LEIGHTON LAKE","2023081702",0,9.9,80,4.2,232,6.2,88.366,4.19,19.073,,,,,,,,,,,,,,,,,,,,,,
"307","LEIGHTON LAKE","2023081703",0,9.4,87,2.7,190,7.4,87.542,3.453,16.525,,,,,,,,,,,,,,,,,,,,,,
"307","LEIGHTON LAKE","2023081704",0,9.1,87,3.2,179,5.1,86.793,3.183,15.538,,,,,,,,,,,,,,,,,,,,,,
"307","LEIGHTON LAKE","2023081705",0,8.6,89,4.2,221,9.7,86.021,3.001,14.856,,,,,,,,,,,,,,,,,,,,,,
"307","LEIGHTON LAKE","2023081706",0,9.1,84,6.1,199,8.5,85.488,3.066,15.1,,,,,,,,,,,,,,,,,,,,,,
"307","LEIGHTON LAKE","2023081707",0,15.8,62,5.5,228,10.2,85.536,2.994,14.83,,,,,,,,,,,,,,,,,,,,,,
"307","LEIGHTON LAKE","2023081708",0,21.1,43,5.5,321,12,85.997,3.194,15.579,,,,,,,,,,,,,,,,,,,,,,
"307","LEIGHTON LAKE","2023081709",0,25.3,34,14.8,183,22.3,86.995,5.876,24.291,,,,,,,,,,,,,,,,,,,,,,
"307","LEIGHTON LAKE","2023081710",0,27.1,33,11.6,186,20,87.922,5.709,23.804,,,,,,,,,,,,,,,,,,,,,,
"307","LEIGHTON LAKE","2023081711",0,27.8,32,17.8,169,26.4,88.826,8.883,32.222,,,,,,,,,,,,,,,,,,,,,,
"307","LEIGHTON LAKE","2023081712",0,30.7,26,14.6,217,31.6,89.989,8.933,32.342,0,93.818,15.348,46.69,90.141,634.817,133.051,4,,,,,,,,,,,,,,
"307","LEIGHTON LAKE","2023081713",0,30.7,24,14.2,298,21.8,90.992,10.105,35.658,,,,,,,,,,,,,,,,,,,,,,
"307","LEIGHTON LAKE","2023081714",0,32.3,22,11,261,23.5,91.944,9.844,35.048,,,,,,,,,,,,,,,,,,,,,,
"307","LEIGHTON LAKE","2023081715",0,32,23,13.3,248,25.8,92.628,12.173,40.262,,,,,,,,,,,,,,,,,,,,,,
"307","LEIGHTON LAKE","2023081716",0,31.3,23,13.8,231,29.8,93.117,13.369,42.763,,,,,,,,,,,,,,,,,,,,,,
"307","LEIGHTON LAKE","2023081717",0,30.2,25,16.8,220,33.3,93.345,16.055,48.035,,,,,,,,,,,,,,,,,,,,,,
"307","LEIGHTON LAKE","2023081718",0,28.4,30,14.4,210,33.3,93.395,14.327,44.695,,,,,,,,,,,,,,,,,,,,,,
"307","LEIGHTON LAKE","2023081719",0,25.8,36,14.7,205,29.8,93.288,14.329,44.699,,,,,,,,,,,,,,,,,,,,,,
"307","LEIGHTON LAKE","2023081720",0,22.9,43,17.2,186,24.1,92.916,15.427,46.842,,,,,,,,,,,,,,,,,,,,,,
"307","LEIGHTON LAKE","2023081721",0,22.1,45,15.7,196,28.7,92.538,13.565,43.164,,,,,,,,,,,,,,,,,,,,,,
"307","LEIGHTON LAKE","2023081722",0,21.2,48,13.7,214,31.6,92.13,11.58,38.979,,,,,,,,,,,,,,,,,,,,,,
"307","LEIGHTON LAKE","2023081723",0,20.3,50,17.3,211,33.9,91.691,13.047,42.099,,,,,,,,,,,,,,,,,,,,,,
"309","GWYNETH LAKE","2023081700",0,14.4,73,1.6,315,6.3,89.999,4.646,20.91,,,,,,,,,,,,,,,,,,,,65.6,,
"309","GWYNETH LAKE","2023081701",0,14.2,73,1.1,223,3.4,89.44,4.182,19.376,,,,,,,,,,,,,,,,,,,,65.6,,
"309","GWYNETH LAKE","2023081702",0,13.1,77,1.2,247,3.3,88.84,3.856,18.257,,,,,,,,,,,,,,,,,,,,65.6,,
"309","GWYNETH LAKE","2023081703",0,12.1,81,0.9,300,3.3,88.211,3.471,16.884,,,,,,,,,,,,,,,,,,,,65.6,,
"309","GWYNETH LAKE","2023081704",0,12.5,83,3.8,193,8.4,87.487,3.621,17.427,,,,,,,,,,,,,,,,,,,,65.6,,
"309","GWYNETH LAKE","2023081705",0,12.7,80,5.9,188,13,86.91,3.708,17.734,,,,,,,,,,,,,,,,,,,,65.6,,
"309","GWYNETH LAKE","2023081706",0,12.5,84,2.4,235,14.6,86.332,2.864,14.592,,,,,,,,,,,,,,,,,,,,65.6,,
"309","GWYNETH LAKE","2023081707",0,17.7,63,5.7,201,15.2,86.375,3.402,16.635,,,,,,,,,,,,,,,,,,,,65.6,,
"309","GWYNETH LAKE","2023081708",0,21.9,51,6.7,177,15.1,86.566,3.676,17.623,,,,,,,,,,,,,,,,,,,,65.6,,
"309","GWYNETH LAKE","2023081709",0,24.5,44,8.1,165,20.2,87.009,4.201,19.439,,,,,,,,,,,,,,,,,,,,65.6,,
"309","GWYNETH LAKE","2023081710",0,29.5,29,7.1,199,18.2,88.177,4.72,21.147,,,,,,,,,,,,,,,,,,,,65.6,,
"309","GWYNETH LAKE","2023081711",0,26.8,29,7,199,22.4,88.972,5.264,22.856,,,,,,,,,,,,,,,,,,,,65.6,,
"309","GWYNETH LAKE","2023081712",0,27.8,27,10.3,186,22.4,89.81,7.011,27.897,0,94.621,13.81,44.2,92.628,681.325,138.263,4,,,,,,,,,,,,65.6,,
"309","GWYNETH LAKE","2023081713",0,30.4,25,13,195,34.8,90.767,9.211,33.972,,,,,,,,,,,,,,,,,,,,65.6,,
"309","GWYNETH LAKE","2023081714",0,30,26,13.3,194,32.7,91.445,10.3,36.568,,,,,,,,,,,,,,,,,,,,65.6,,
"309","GWYNETH LAKE","2023081715",0,30,26,11.5,183,37.9,91.964,10.124,36.159,,,,,,,,,,,,,,,,,,,,65.6,,
"309","GWYNETH LAKE","2023081716",0,29.9,26,7.6,180,31,92.345,8.778,32.901,,,,,,,,,,,,,,,,,,,,65.6,,
"309","GWYNETH LAKE","2023081717",0,27,30,9.9,208,26.2,92.395,9.926,35.691,,,,,,,,,,,,,,,,,,,,65.6,,
"309","GWYNETH LAKE","2023081718",0,24.5,35,9.3,207,22.3,92.437,9.688,35.124,,,,,,,,,,,,,,,,,,,,65.6,,
"309","GWYNETH LAKE","2023081719",0,22.6,40,8.7,204,22.2,92.313,9.236,34.034,,,,,,,,,,,,,,,,,,,,65.6,,
"309","GWYNETH LAKE","2023081720",0,21.5,40,9.3,201,30.7,92.185,9.349,34.309,,,,,,,,,,,,,,,,,,,,65.6,,
"309","GWYNETH LAKE","2023081721",0,20,38,9,192,23.3,92.099,9.097,33.693,,,,,,,,,,,,,,,,,,,,65.6,,
"309","GWYNETH LAKE","2023081722",0,17.8,49,2.4,215,17.3,91.814,6.266,26.174,,,,,,,,,,,,,,,,,,,,65.6,,
"309","GWYNETH LAKE","2023081723",0,15.4,56,1.3,238,6.1,91.433,5.616,24.255,,,,,,,,,,,,,,,,,,,,65.6,,
"311","MCLEAN LAKE","2023081700",0,21.6,37,4.6,100,7.4,93.885,9.36,34.028,,,,,,,,,,,,,,,,,,,,,,
"311","MCLEAN LAKE","2023081701",0,19.9,42,4.6,64,7.4,93.546,8.929,32.979,,,,,,,,,,,,,,,,,,,,,,
"311","MCLEAN LAKE","2023081702",0,19.3,43,1.7,12,6.2,93.268,7.422,29.122,,,,,,,,,,,,,,,,,,,,,,
"311","MCLEAN LAKE","2023081703",0,18.1,48,5.6,47,7.9,92.83,8.496,31.901,,,,,,,,,,,,,,,,,,,,,,
"311","MCLEAN LAKE","2023081704",0,18.1,48,2.6,65,7.4,92.49,6.963,27.883,,,,,,,,,,,,,,,,,,,,,,
"311","MCLEAN LAKE","2023081705",0,17.7,48,3.6,41,6.8,92.166,6.996,27.973,,,,,,,,,,,,,,,,,,,,,,
"311","MCLEAN LAKE","2023081706",0,18.7,47,2.6,63,7.4,91.918,6.423,26.378,,,,,,,,,,,,,,,,,,,,,,
"311","MCLEAN LAKE","2023081707",0,19.5,46,6,58,7.9,91.688,7.379,29.008,,,,,,,,,,,,,,,,,,,,,,
"311","MCLEAN LAKE","2023081708",0,20.6,43,4.9,136,15.4,91.573,6.868,27.622,,,,,,,,,,,,,,,,,,,,,,
"311","MCLEAN LAKE","2023081709",0,23.5,36,9.2,150,15.4,91.623,8.591,32.139,,,,,,,,,,,,,,,,,,,,,,
"311","MCLEAN LAKE","2023081710",0,24.4,35,5.4,73,12,91.673,7.144,28.376,,,,,,,,,,,,,,,,,,,,,,
"311","MCLEAN LAKE","2023081711",0,27,31,9,76,14.9,91.796,8.715,32.45,,,,,,,,,,,,,,,,,,,,,,
"311","MCLEAN LAKE","2023081712",0,31.4,24,11.3,87,24.1,92.411,10.675,37.103,0,94.593,14.467,45.799,91.639,763.951,140.996,4,,,,,,,,,,,,,,
"311","MCLEAN LAKE","2023081713",0,32.4,21,9.7,91,22.9,93.085,10.826,38.011,,,,,,,,,,,,,,,,,,,,,,
"311","MCLEAN LAKE","2023081714",0,33.1,21,10.4,62,22.3,93.649,12.133,40.925,,,,,,,,,,,,,,,,,,,,,,
"311","MCLEAN LAKE","2023081715",0,31.1,17,13.7,263,24.1,94.215,15.497,47.834,,,,,,,,,,,,,,,,,,,,,,
"311","MCLEAN LAKE","2023081716",0,31.2,16,24,270,42.5,94.757,28.062,68.904,,,,,,,,,,,,,,,,,,,,,,
"311","MCLEAN LAKE","2023081717",0,29.4,20,23.1,261,44.2,94.832,27.095,67.467,,,,,,,,,,,,,,,,,,,,,,
"311","MCLEAN LAKE","2023081718",0,28.5,21,23.6,262,33.3,94.883,27.982,68.786,,,,,,,,,,,,,,,,,,,,,,
"311","MCLEAN LAKE","2023081719",0,27.5,23,13.4,251,33.3,94.934,16.854,50.422,,,,,,,,,,,,,,,,,,,,,,
"311","MCLEAN LAKE","2023081720",0,25.9,26,12,249,18.3,94.911,15.656,48.142,,,,,,,,,,,,,,,,,,,,,,
"311","MCLEAN LAKE","2023081721",0,23.2,32,6.7,280,17.7,94.713,11.666,39.901,,,,,,,,,,,,,,,,,,,,,,
"311","MCLEAN LAKE","2023081722",0,21.7,36,7.4,256,13.1,94.412,11.593,39.74,,,,,,,,,,,,,,,,,,,,,,
"311","MCLEAN LAKE","2023081723",0,21.8,29,14.9,295,29.2,94.294,16.645,50.03,,,,,,,,,,,,,,,,,,,,,,
"317","ALLISON PASS","2023081700",0,13,82,3.2,70,5.1,89.881,4.953,17.896,,,,,,,,,0,0,,0,0,0,0,0,,0,0,,0,
"317","ALLISON PASS","2023081701",0,11.6,88,3.2,125,5.6,88.789,4.234,15.916,,,,,,,,,0,0,,0,0,0,0,0,,0,0,,0,
"317","ALLISON PASS","2023081702",0,10.8,91,2.6,92,6.2,87.713,3.521,13.816,,,,,,,,,0,0,,0,0,0,0,0,,0,0,,0,
"317","ALLISON PASS","2023081703",0,9.8,97,3.3,82,6.2,86.359,3.008,12.203,,,,,,,,,0,0,,0,0,0,0,0,,0,0,,0,
"317","ALLISON PASS","2023081704",0,9,100,3.5,132,4.5,84.911,2.483,10.44,,,,,,,,,0,0,,0,0,0,0,0,,0,0,,0,
"317","ALLISON PASS","2023081705",0,8.3,100,2.6,138,5.1,83.69,2.013,8.743,,,,,,,,,0,0,,0,0,0,0,0,,0,0,,0,
"317","ALLISON PASS","2023081706",0,8.5,100,2.6,96,4.5,82.595,1.749,7.725,,,,,,,,,0,0,,0,0,0,0,0,,0,0,,0,
"317","ALLISON PASS","2023081707",0,14.3,78,3.3,56,5.1,82.642,1.822,8.013,,,,,,,,,0,0,,0,0,0,0,0,,0,0,,0,
"317","ALLISON PASS","2023081708",0,18.1,61,2.9,115,6.2,82.907,1.847,8.108,,,,,,,,,0,0,,0,0,0,0,0,,0,0,,0,
"317","ALLISON PASS","2023081709",0,23,46,4.4,102,8.5,83.67,2.199,9.428,,,,,,,,,0,0,,0,0,0,0,0,,0,0,,0,
"317","ALLISON PASS","2023081710",0,28,24,14.8,80,24.1,85.767,4.941,17.864,,,,,,,,,0,0,,0,0,0,0,0,,0,0,,0,
"317","ALLISON PASS","2023081711",0,29.8,22,8.7,112,22.9,87.562,4.685,17.173,,,,,,,,,0,0,,0,0,0,0,0,,0,0,,0,
"317","ALLISON PASS","2023081712",0,29.8,23,13.1,86,24.1,89.056,7.245,23.545,0,95.75,18.556,45.662,59.227,551.396,93.379,4,0,0,,0,0,0,0,0,,0,0,,0,
"317","ALLISON PASS","2023081713",0,30.1,23,11.9,87,28.1,90.239,8.081,26.358,,,,,,,,,0,0,,0,0,0,0,0,,0,0,,0,
"317","ALLISON PASS","2023081714",0,30.8,22,13,74,26.4,91.284,9.915,30.308,,,,,,,,,0,0,,0,0,0,0,0,,0,0,,0,
"317","ALLISON PASS","2023081715",0,30.7,22,13.4,90,27.5,92.094,11.348,33.179,,,,,,,,,0,0,,0,0,0,0,0,,0,0,,0,
"317","ALLISON PASS","2023081716",0,30.5,23,8.9,154,22.3,92.626,9.75,29.966,,,,,,,,,0,0,,0,0,0,0,0,,0,0,,0,
"317","ALLISON PASS","2023081717",0,29.9,25,12.4,93,27.5,92.939,12.152,34.719,,,,,,,,,0,0,,0,0,0,0,0,,0,0,,0,
"317","ALLISON PASS","2023081718",0,27.8,27,10.4,96,25.2,93.009,11.095,32.684,,,,,,,,,0,0,,0,0,0,0,0,,0,0,,0,
"317","ALLISON PASS","2023081719",0,24.6,35,6,107,24.6,92.981,8.855,28.068,,,,,,,,,0,0,,0,0,0,0,0,,0,0,,0,
"317","ALLISON PASS","2023081720",0,20.2,51,3.7,74,16,92.539,7.412,24.824,,,,,,,,,0,0,,0,0,0,0,0,,0,0,,0,
"317","ALLISON PASS","2023081721",0,16.4,66,2.2,61,7.9,91.821,6.21,21.912,,,,,,,,,0,0,,0,0,0,0,0,,0,0,,0,
"317","ALLISON PASS","2023081722",0,14.9,69,4.1,109,6.8,91.064,6.136,21.727,,,,,,,,,0,0,,0,0,0,0,0,,0,0,,0,
"317","ALLISON PASS","2023081723",0,14,72,3.4,65,10.8,90.341,5.343,19.665,,,,,,,,,0,0,,0,0,0,0,0,,0,0,,0,
"321","GREENSTONE HUB","2023081700",0,,0,13.1,172,16.6,,,,,,,,,,,,,,,,,,,,,,,,,
"321","GREENSTONE HUB","2023081701",0,,0,11.7,179,17.2,,,,,,,,,,,,,,,,,,,,,,,,,
"321","GREENSTONE HUB","2023081702",0,,0,16.1,188,24.6,,,,,,,,,,,,,,,,,,,,,,,,,
"321","GREENSTONE HUB","2023081703",0,,0,14.9,190,24.6,,,,,,,,,,,,,,,,,,,,,,,,,
"321","GREENSTONE HUB","2023081704",0,,0,13.6,187,23.5,,,,,,,,,,,,,,,,,,,,,,,,,
"321","GREENSTONE HUB","2023081705",0,,0,8,169,23.5,,,,,,,,,,,,,,,,,,,,,,,,,
"321","GREENSTONE HUB","2023081706",0,,0,10,194,21.8,,,,,,,,,,,,,,,,,,,,,,,,,
"321","GREENSTONE HUB","2023081707",0,,0,10.1,197,20.6,,,,,,,,,,,,,,,,,,,,,,,,,
"321","GREENSTONE HUB","2023081708",0,,0,10.6,212,23.5,,,,,,,,,,,,,,,,,,,,,,,,,
"321","GREENSTONE HUB","2023081709",0,,0,10.8,206,22.3,,,,,,,,,,,,,,,,,,,,,,,,,
"321","GREENSTONE HUB","2023081710",0,,0,7.4,212,20,,,,,,,,,,,,,,,,,,,,,,,,,
"321","GREENSTONE HUB","2023081711",0,,0,10.8,234,20.6,,,,,,,,,,,,,,,,,,,,,,,,,
"321","GREENSTONE HUB","2023081712",0,,0,12.2,224,22.9,,,,0,,,,,,,,,,,,,,,,,,,,,
"321","GREENSTONE HUB","2023081713",0,,0,11.1,234,23.5,,,,,,,,,,,,,,,,,,,,,,,,,
"321","GREENSTONE HUB","2023081714",0,,0,10.4,197,24.6,,,,,,,,,,,,,,,,,,,,,,,,,
"321","GREENSTONE HUB","2023081715",0,,0,10.8,237,25.8,,,,,,,,,,,,,,,,,,,,,,,,,
"321","GREENSTONE HUB","2023081716",0,,0,10.5,169,23.5,,,,,,,,,,,,,,,,,,,,,,,,,
"321","GREENSTONE HUB","2023081717",0,,0,18.2,188,30.4,,,,,,,,,,,,,,,,,,,,,,,,,
"321","GREENSTONE HUB","2023081718",0,,0,25.3,192,41.9,,,,,,,,,,,,,,,,,,,,,,,,,
"321","GREENSTONE HUB","2023081719",0,,0,22.3,203,43.1,,,,,,,,,,,,,,,,,,,,,,,,,
"321","GREENSTONE HUB","2023081720",0,,0,20.1,203,35,,,,,,,,,,,,,,,,,,,,,,,,,
"321","GREENSTONE HUB","2023081721",0,,0,20.2,211,39,,,,,,,,,,,,,,,,,,,,,,,,,
"321","GREENSTONE HUB","2023081722",0,,0,17.7,205,38.5,,,,,,,,,,,,,,,,,,,,,,,,,
"321","GREENSTONE HUB","2023081723",0,,0,20.7,202,34.4,,,,,,,,,,,,,,,,,,,,,,,,,
"322","AFTON","2023081700",0,22.6,38,4.4,206,10.2,94.245,9.74,39.238,,,,,,,,,,-0.9,,,,0,1,661,,,,,,
"322","AFTON","2023081701",0,20.8,41,7.4,58,10.8,93.859,10.739,41.793,,,,,,,,,,-1,,,,0,1,660.97,,,,,,
"322","AFTON","2023081702",0,20.2,43,5.1,122,15.4,93.493,9.089,37.512,,,,,,,,,,-0.9,,,,0,1,660.94,,,,,,
"322","AFTON","2023081703",0,19.3,46,5.5,88,8.5,93.084,8.759,36.616,,,,,,,,,,-0.9,,,,0,1,660.96,,,,,,
"322","AFTON","2023081704",0,18.6,48,3.8,108,7.4,92.697,7.616,33.386,,,,,,,,,,-1,,,,0,1,660.94,,,,,,
"322","AFTON","2023081705",0,17.5,51,5.1,166,10.2,92.257,7.644,33.467,,,,,,,,,,-1,,,,0,1,660.93,,,,,,
"322","AFTON","2023081706",0,16.9,54,6.1,212,10.2,91.78,7.514,33.088,,,,,,,,,,-0.9,,,,0,1,660.92,,,,,,
"322","AFTON","2023081707",0,19.6,47,3.3,187,9.7,91.57,6.334,29.5,,,,,,,,,,-0.7,,,,0,1,660.83,,,,,,
"322","AFTON","2023081708",0,21.7,46,7.6,26,10.8,91.399,7.677,33.565,,,,,,,,,,-0.8,,,,0,1,660.77,,,,,,
"322","AFTON","2023081709",0,23.3,43,7.2,28,11.4,91.353,7.475,32.974,,,,,,,,,,,,,,0,1,660.8,,,,,,
"322","AFTON","2023081710",0,25.7,36,8.1,23,13.7,91.403,7.878,34.144,,,,,,,,,,,,,,0,1,660.79,,,,,,
"322","AFTON","2023081711",0,26.7,32,6.9,13,12.5,91.524,7.544,33.178,,,,,,,,,,,,,,0,1,660.83,,,,,,
"322","AFTON","2023081712",0,29.6,29,8.8,18,16.6,91.856,8.702,36.458,0,94.776,13.08,47.39,262.975,1159.123,335.602,5,,-0.8,,,,0,1,660.81,,,,,,
"322","AFTON","2023081713",0,31.9,25,8,24,16,92.406,9.034,37.367,,,,,,,,,,-0.7,,,,0,1,660.79,,,,,,
"322","AFTON","2023081714",0,33.9,22,7.9,13,12.5,93.096,9.903,39.668,,,,,,,,,,-0.7,,,,0,1,660.75,,,,,,
"322","AFTON","2023081715",0,35.3,19,9.3,5,23.5,93.89,11.869,44.56,,,,,,,,,,-0.6,,,,0,1,660.79,,,,,,
"322","AFTON","2023081716",0,36.1,19,10.3,343,14.9,94.542,13.661,48.707,,,,,,,,,,-0.7,,,,0,1,660.78,,,,,,
"322","AFTON","2023081717",0,36.1,17,21.3,223,33.9,95.214,26.076,72.343,,,,,,,,,,-0.8,,,,0,1,660.81,,,,,,
"322","AFTON","2023081718",0,32.8,24,36.3,200,51.7,95.265,55.913,112.616,,,,,,,,,,-0.9,,,,0,1,660.96,,,,,,
"322","AFTON","2023081719",0,30.2,28,46.4,200,63.2,95.187,92.026,148.588,,,,,,,,,,-0.9,,,,0,1,660.98,,,,,,
"322","AFTON","2023081720",0,28.4,32,41.5,190,59.8,94.897,69.09,126.818,,,,,,,,,,-0.9,,,,0,1,660.94,,,,,,
"322","AFTON","2023081721",0,27.7,34,39.7,203,58.6,94.566,60.294,117.508,,,,,,,,,,-0.8,,,,0,1,660.87,,,,,,
"322","AFTON","2023081722",0,27,35,36.4,220,53.4,94.253,48.901,104.367,,,,,,,,,,-0.7,,,,0,1,660.85,,,,,,
"322","AFTON","2023081723",0,25.7,37,16.5,269,46.5,93.97,17.25,56.317,,,,,,,,,,-0.7,,,,0,1,660.85,,,,,,
"326","PASKA LAKE","2023081700",0,16,49,5.4,87,10.2,91.506,6.977,26.599,,,,,,,,,,,,,,,,,,,,,,
"326","PASKA LAKE","2023081701",0,18.3,42,7.4,125,9.1,91.39,7.59,28.181,,,,,,,,,,,,,,,,,,,,,,
"326","PASKA LAKE","2023081702",0,17.4,44,4.3,148,10.2,91.252,6.366,24.962,,,,,,,,,,,,,,,,,,,,,,
"326","PASKA LAKE","2023081703",0,18.4,40,8.9,167,12,91.203,7.972,29.139,,,,,,,,,,,,,,,,,,,,,,
"326","PASKA LAKE","2023081704",0,17.9,41,8,184,12,91.133,7.543,28.061,,,,,,,,,,,,,,,,,,,,,,
"326","PASKA LAKE","2023081705",0,16.6,44,7.5,168,9.1,90.993,7.211,27.207,,,,,,,,,,,,,,,,,,,,,,
"326","PASKA LAKE","2023081706",0,17.3,43,5.1,170,8.5,90.908,6.312,24.812,,,,,,,,,,,,,,,,,,,,,,
"326","PASKA LAKE","2023081707",0,20.7,37,6.5,235,12.5,90.958,6.821,26.186,,,,,,,,,,,,,,,,,,,,,,
"326","PASKA LAKE","2023081708",0,23,34,6.5,224,12.5,91.008,6.87,26.316,,,,,,,,,,,,,,,,,,,,,,
"326","PASKA LAKE","2023081709",0,23.9,34,12.5,218,21.8,91.058,9.362,32.469,,,,,,,,,,,,,,,,,,,,,,
"326","PASKA LAKE","2023081710",0,24.8,34,10.5,243,21.2,91.113,8.531,30.507,,,,,,,,,,,,,,,,,,,,,,
"326","PASKA LAKE","2023081711",0,26.1,31,12.9,201,23.5,91.315,9.909,33.72,,,,,,,,,,,,,,,,,,,,,,
"326","PASKA LAKE","2023081712",0,28.2,26,13.6,236,24.6,91.784,10.972,36.066,0,93.928,14.818,44.574,81.768,643.254,124.099,4,,,,,,,,,,,,,,
"326","PASKA LAKE","2023081713",0,29.3,23,14.3,271,33.3,92.359,12.327,39.605,,,,,,,,,,,,,,,,,,,,,,
"326","PASKA LAKE","2023081714",0,29.8,20,13.5,252,28.1,92.984,12.926,40.838,,,,,,,,,,,,,,,,,,,,,,
"326","PASKA LAKE","2023081715",0,29.8,22,16,230,29.8,93.377,15.49,45.847,,,,,,,,,,,,,,,,,,,,,,
"326","PASKA LAKE","2023081716",0,28.8,22,19.7,243,32.7,93.643,19.369,52.754,,,,,,,,,,,,,,,,,,,,,,
"326","PASKA LAKE","2023081717",0,26.3,31,20.4,210,36.2,93.657,20.104,53.988,,,,,,,,,,,,,,,,,,,,,,
"326","PASKA LAKE","2023081718",0,23.5,37,17.3,204,31,93.426,16.653,47.994,,,,,,,,,,,,,,,,,,,,,,
"326","PASKA LAKE","2023081719",0,21.8,42,8.5,177,27.5,93.112,10.23,35.059,,,,,,,,,,,,,,,,,,,,,,
"326","PASKA LAKE","2023081720",0,20.1,47,8.8,130,22.9,92.687,9.784,34.042,,,,,,,,,,,,,,,,,,,,,,
"326","PASKA LAKE","2023081721",0,18.7,52,8.6,144,21.8,92.178,9.017,32.241,,,,,,,,,,,,,,,,,,,,,,
"326","PASKA LAKE","2023081722",0,17.2,57,7.6,194,17.2,91.614,7.915,29.534,,,,,,,,,,,,,,,,,,,,,,
"326","PASKA LAKE","2023081723",0,16.9,56,13.3,212,24.1,91.088,9.789,34.053,,,,,,,,,,,,,,,,,,,,,,
"328","PENTICTON RS","2023081700",0,23.6,35,3.2,51,9.7,94.915,10.055,39.009,,,,,,,,,,,,,,,,,,,,,,
"328","PENTICTON RS","2023081701",0,22.1,38,5.4,98,7.4,94.563,10.703,40.619,,,,,,,,,,,,,,,,,,,,,,
"328","PENTICTON RS","2023081702",0,22,38,2.9,130,7.4,94.288,9.084,36.51,,,,,,,,,,,,,,,,,,,,,,
"328","PENTICTON RS","2023081703",0,20.7,41,4.8,99,6.8,93.931,9.515,37.633,,,,,,,,,,,,,,,,,,,,,,
"328","PENTICTON RS","2023081704",0,19.9,44,4.1,113,7.9,93.546,8.707,35.507,,,,,,,,,,,,,,,,,,,,,,
"328","PENTICTON RS","2023081705",0,19.4,45,4.2,98,6.2,93.176,8.31,34.43,,,,,,,,,,,,,,,,,,,,,,
"328","PENTICTON RS","2023081706",0,19.3,46,3.3,96,5.6,92.837,7.574,32.37,,,,,,,,,,,,,,,,,,,,,,
"328","PENTICTON RS","2023081707",0,20.7,48,2.3,41,5.1,92.514,6.882,30.354,,,,,,,,,,,,,,,,,,,,,,
"328","PENTICTON RS","2023081708",0,22.2,44,3.1,308,4.5,92.318,6.97,30.615,,,,,,,,,,,,,,,,,,,,,,
"328","PENTICTON RS","2023081709",0,24.7,40,4.1,243,6.2,92.264,7.274,31.507,,,,,,,,,,,,,,,,,,,,,,
"328","PENTICTON RS","2023081710",0,25.5,41,4.6,223,7.4,92.204,7.398,31.865,,,,,,,,,,,,,,,,,,,,,,
"328","PENTICTON RS","2023081711",0,28.1,34,7.4,241,12.5,92.254,8.579,35.161,,,,,,,,,,,,,,,,,,,,,,
"328","PENTICTON RS","2023081712",0,31.3,26,6.3,245,12,92.631,8.558,35.106,0,94.832,11.621,42.971,140.173,963.833,205.595,4,,,,,,,,,,,,,,
"328","PENTICTON RS","2023081713",0,33.7,21,11.7,211,21.8,93.35,12.426,44.847,,,,,,,,,,,,,,,,,,,,,,
"328","PENTICTON RS","2023081714",0,34.1,21,11.8,209,24.1,93.917,13.513,47.296,,,,,,,,,,,,,,,,,,,,,,
"328","PENTICTON RS","2023081715",0,35,20,12.5,206,24.1,94.454,15.079,50.668,,,,,,,,,,,,,,,,,,,,,,
"328","PENTICTON RS","2023081716",0,35.9,19,10.3,198,28.1,94.948,14.444,49.321,,,,,,,,,,,,,,,,,,,,,,
"328","PENTICTON RS","2023081717",0,35.1,22,8.3,226,20.6,95.099,13.332,46.894,,,,,,,,,,,,,,,,,,,,,,
"328","PENTICTON RS","2023081718",0,34.5,21,3.5,329,15.4,95.231,10.658,40.649,,,,,,,,,,,,,,,,,,,,,,
"328","PENTICTON RS","2023081719",0,33.1,23,12.1,251,22.3,95.282,16.555,53.702,,,,,,,,,,,,,,,,,,,,,,
"328","PENTICTON RS","2023081720",0,31.4,25,9.4,11,24.1,95.333,14.55,49.548,,,,,,,,,,,,,,,,,,,,,,
"328","PENTICTON RS","2023081721",0,30,27,6.2,25,21.2,95.323,12.366,44.711,,,,,,,,,,,,,,,,,,,,,,
"328","PENTICTON RS","2023081722",0,28.9,28,6.2,42,14.9,95.267,12.272,44.494,,,,,,,,,,,,,,,,,,,,,,
"328","PENTICTON RS","2023081723",0,25.1,33,5.8,92,10.2,95.03,11.644,43.025,,,,,,,,,,,,,,,,,,,,,,
"331","ASHNOLA","2023081700",0,18.4,41,9.4,254,13.1,93.206,10.846,40.069,,,,,,,,,,,,,,,,,,,,1171.8,,
"331","ASHNOLA","2023081701",0,17.2,45,8.1,275,16.1,92.814,9.615,37.049,,,,,,,,,,,,,,,,,,,,1171.8,,
"331","ASHNOLA","2023081702",0,16.9,47,8.6,282,16.1,92.412,9.318,36.296,,,,,,,,,,,,,,,,,,,,1171.8,,
"331","ASHNOLA","2023081703",0,17,47,10,270,13.9,92.045,9.495,36.746,,,,,,,,,,,,,,,,,,,,1171.8,,
"331","ASHNOLA","2023081704",0,16.1,50,7.6,267,11.3,91.667,7.975,32.745,,,,,,,,,,,,,,,,,,,,1171.8,,
"331","ASHNOLA","2023081705",0,15.2,52,4.2,255,14.8,91.323,6.399,28.225,,,,,,,,,,,,,,,,,,,,1171.8,,
"331","ASHNOLA","2023081706",0,17.7,36,9.9,252,14.8,91.337,8.545,34.281,,,,,,,,,,,,,,,,,,,,1171.8,,
"331","ASHNOLA","2023081707",0,18.8,32,11.9,259,18.1,91.387,9.518,36.805,,,,,,,,,,,,,,,,,,,,1171.8,,
"331","ASHNOLA","2023081708",0,22.5,26,17.4,275,29.4,91.615,12.972,44.942,,,,,,,,,,,,,,,,,,,,1171.8,,
"331","ASHNOLA","2023081709",0,25.1,24,12.5,290,25.9,91.97,10.657,39.615,,,,,,,,,,,,,,,,,,,,1171.8,,
"331","ASHNOLA","2023081710",0,25.3,21,16.5,244,27.2,92.419,13.888,46.929,,,,,,,,,,,,,,,,,,,,1171.8,,
"331","ASHNOLA","2023081711",0,26.8,21,13.4,254,28.9,92.831,12.589,44.093,,,,,,,,,,,,,,,,,,,,1171.8,,
"331","ASHNOLA","2023081712",0,27.6,21,23.6,281,41.7,93.23,22.257,62.847,0,95.073,28.72,73.609,132.871,678.095,178.366,5,,,,,,,,,,,,1171.8,,
"331","ASHNOLA","2023081713",0,28.3,21,19.3,273,38,93.559,18.762,56.893,,,,,,,,,,,,,,,,,,,,1171.8,,
"331","ASHNOLA","2023081714",0,28.7,21,19.7,279,37.3,93.831,19.884,58.959,,,,,,,,,,,,,,,,,,,,1171.8,,
"331","ASHNOLA","2023081715",0,27.9,22,27.6,280,42,93.959,30.137,75.745,,,,,,,,,,,,,,,,,,,,1171.8,,
"331","ASHNOLA","2023081716",0,27,24,22.6,242,38.4,94.01,23.588,65.416,,,,,,,,,,,,,,,,,,,,1171.8,,
"331","ASHNOLA","2023081717",0,25.9,27,22.2,243,42,94.061,23.282,64.9,,,,,,,,,,,,,,,,,,,,1171.8,,
"331","ASHNOLA","2023081718",0,23.6,33,23.1,242,38.6,93.879,23.755,65.694,,,,,,,,,,,,,,,,,,,,1171.8,,
"331","ASHNOLA","2023081719",0,22.3,37,23.1,239,38.8,93.571,22.76,64.016,,,,,,,,,,,,,,,,,,,,1171.8,,
"331","ASHNOLA","2023081720",0,20.8,41,26.1,246,43.5,93.145,24.948,67.663,,,,,,,,,,,,,,,,,,,,1171.8,,
"331","ASHNOLA","2023081721",0,19.6,43,26.6,253,42.8,92.706,24.057,66.198,,,,,,,,,,,,,,,,,,,,1171.8,,
"331","ASHNOLA","2023081722",0,18.5,46,19.8,267,36.8,92.268,16.056,51.662,,,,,,,,,,,,,,,,,,,,1171.8,,
"331","ASHNOLA","2023081723",0,17.7,44,13.5,255,25.8,91.975,11.215,41.155,,,,,,,,,,,,,,,,,,,,1171.8,,
"334","MCCUDDY","2023081700",0,19.7,45,7.5,50,13.1,93.464,10.217,39.982,,,,,,,,,,,,,,,,,,,,,,
"334","MCCUDDY","2023081701",0,19.5,42,8.4,67,14.3,93.127,10.199,39.939,,,,,,,,,,,,,,,,,,,,,,
"334","MCCUDDY","2023081702",0,18.5,44,8,64,13.1,92.777,9.517,38.183,,,,,,,,,,,,,,,,,,,,,,
"334","MCCUDDY","2023081703",0,18.3,43,7.9,69,12.5,92.491,9.097,37.074,,,,,,,,,,,,,,,,,,,,,,
"334","MCCUDDY","2023081704",0,18,48,5.5,59,12.5,92.142,7.673,33.137,,,,,,,,,,,,,,,,,,,,,,
"334","MCCUDDY","2023081705",0,16.8,51,8,65,10.8,91.728,8.208,34.65,,,,,,,,,,,,,,,,,,,,,,
"334","MCCUDDY","2023081706",0,16.6,50,6.2,61,10.2,91.403,7.159,31.635,,,,,,,,,,,,,,,,,,,,,,
"334","MCCUDDY","2023081707",0,18.4,46,5.1,47,11.4,91.227,6.605,29.966,,,,,,,,,,,,,,,,,,,,,,
"334","MCCUDDY","2023081708",0,23.6,40,1.9,101,7.4,91.277,5.662,26.976,,,,,,,,,,,,,,,,,,,,,,
"334","MCCUDDY","2023081709",0,25.6,31,3.7,196,5.6,91.412,6.32,29.083,,,,,,,,,,,,,,,,,,,,,,
"334","MCCUDDY","2023081710",0,25.8,31,5.6,245,8.5,91.536,7.078,31.396,,,,,,,,,,,,,,,,,,,,,,
"334","MCCUDDY","2023081711",0,29.1,26,7.3,240,9.7,91.963,8.192,34.606,,,,,,,,,,,,,,,,,,,,,,
"334","MCCUDDY","2023081712",0,29.1,26,7.2,249,13.1,92.307,8.556,35.614,0,95.049,12.527,45.62,197.834,730.091,235.877,4,,,,,,,,,,,,,,
"334","MCCUDDY","2023081713",0,29.6,26,9.7,245,16,92.617,10.137,39.833,,,,,,,,,,,,,,,,,,,,,,
"334","MCCUDDY","2023081714",0,31,23,9.3,242,13.7,93.066,10.581,40.95,,,,,,,,,,,,,,,,,,,,,,
"334","MCCUDDY","2023081715",0,31.7,21,3.4,62,14.3,93.498,8.349,35.089,,,,,,,,,,,,,,,,,,,,,,
"334","MCCUDDY","2023081716",0,30.9,22,7.6,149,18.3,93.793,10.749,41.368,,,,,,,,,,,,,,,,,,,,,,
"334","MCCUDDY","2023081717",0,29.2,29,3.4,18,20,93.844,8.76,36.217,,,,,,,,,,,,,,,,,,,,,,
"334","MCCUDDY","2023081718",0,27.8,28,8.9,38,13.1,93.895,11.64,43.535,,,,,,,,,,,,,,,,,,,,,,
"334","MCCUDDY","2023081719",0,26.3,34,5.3,41,13.7,93.817,9.605,38.462,,,,,,,,,,,,,,,,,,,,,,
"334","MCCUDDY","2023081720",0,25.2,31,4.2,57,7.9,93.805,9.072,37.055,,,,,,,,,,,,,,,,,,,,,,
"334","MCCUDDY","2023081721",0,27.6,29,9.1,312,18.9,93.856,11.695,43.665,,,,,,,,,,,,,,,,,,,,,,
"334","MCCUDDY","2023081722",0,25.7,32,5.2,353,11.4,93.822,9.563,38.353,,,,,,,,,,,,,,,,,,,,,,
"334","MCCUDDY","2023081723",0,23.7,36,8.1,32,20,93.645,10.8,41.493,,,,,,,,,,,,,,,,,,,,,,
"344","SEYMOUR ARM","2023081700",0,20.5,50,1.5,31,5.9,92.734,6.818,23.438,,,,,,,,,,,,,,,,,,,,162,,
"344","SEYMOUR ARM","2023081701",0,19.8,51,2.6,72,4.4,92.342,6.82,23.442,,,,,,,,,,,,,,,,,,,,162,,
"344","SEYMOUR ARM","2023081702",0,19.5,54,1.9,82,4.9,91.939,6.219,21.96,,,,,,,,,,,,,,,,,,,,162,,
"344","SEYMOUR ARM","2023081703",0,18,58,0.8,79,4.6,91.524,5.548,20.231,,,,,,,,,,,,,,,,,,,,162,,
"344","SEYMOUR ARM","2023081704",0,17.4,62,2.1,73,4.1,91.018,5.512,20.137,,,,,,,,,,,,,,,,,,,,162,,
"344","SEYMOUR ARM","2023081705",0,17.5,62,2.6,85,4.5,90.557,5.293,19.552,,,,,,,,,,,,,,,,,,,,162,,
"344","SEYMOUR ARM","2023081706",0,17.6,62,1.9,86,3.9,90.164,4.83,18.286,,,,,,,,,,,,,,,,,,,,162,,
"344","SEYMOUR ARM","2023081707",0,17.7,68,0.9,77,2.8,89.707,4.302,16.779,,,,,,,,,,,,,,,,,,,,162,,
"344","SEYMOUR ARM","2023081708",0,18.8,63,0.5,131,4.9,89.428,4.051,16.036,,,,,,,,,,,,,,,,,,,,162,,
"344","SEYMOUR ARM","2023081709",0,21.8,51,0.8,140,4,89.435,4.116,16.232,,,,,,,,,,,,,,,,,,,,162,,
"344","SEYMOUR ARM","2023081710",0,25.5,37,3.2,255,5.9,89.658,4.796,18.191,,,,,,,,,,,,,,,,,,,,162,,
"344","SEYMOUR ARM","2023081711",0,27.9,33,4,182,10.9,90.065,5.294,19.556,,,,,,,,,,,,,,,,,,,,162,,
"344","SEYMOUR ARM","2023081712",0,29.9,32,3.5,238,7.9,90.517,5.507,20.123,0,93.846,8.807,28.809,63.423,570.994,99.278,4,,,,,,,,,,,,162,,
"344","SEYMOUR ARM","2023081713",0,31.7,29,3.4,198,10.6,91.087,5.943,21.909,,,,,,,,,,,,,,,,,,,,162,,
"344","SEYMOUR ARM","2023081714",0,30.4,31,2.2,213,9.6,91.404,5.853,21.67,,,,,,,,,,,,,,,,,,,,162,,
"344","SEYMOUR ARM","2023081715",0,31.8,27,1.2,195,6.4,91.855,5.933,21.882,,,,,,,,,,,,,,,,,,,,162,,
"344","SEYMOUR ARM","2023081716",0,33.5,29,3.7,315,7.1,92.257,7.123,24.89,,,,,,,,,,,,,,,,,,,,162,,
"344","SEYMOUR ARM","2023081717",0,32.9,27,1.9,95,11,92.617,6.843,24.203,,,,,,,,,,,,,,,,,,,,162,,
"344","SEYMOUR ARM","2023081718",0,30.1,33,2.1,67,4.1,92.667,6.962,24.496,,,,,,,,,,,,,,,,,,,,162,,
"344","SEYMOUR ARM","2023081719",0,28,38,2.9,96,3.8,92.682,7.263,25.231,,,,,,,,,,,,,,,,,,,,162,,
"344","SEYMOUR ARM","2023081720",0,26.5,44,3.1,105,4.7,92.521,7.172,25.01,,,,,,,,,,,,,,,,,,,,162,,
"344","SEYMOUR ARM","2023081721",0,26.1,42,3.5,79,7.1,92.421,7.216,25.117,,,,,,,,,,,,,,,,,,,,162,,
"344","SEYMOUR ARM","2023081722",0,26.5,38,2.8,113,7.2,92.436,6.981,24.544,,,,,,,,,,,,,,,,,,,,162,,
"344","SEYMOUR ARM","2023081723",0,25.8,41,3.6,189,12,92.365,7.195,25.067,,,,,,,,,,,,,,,,,,,,162,,
"352","CURWEN CREEK","2023081700",0,13.2,65,3.3,268,5.6,89.466,4.689,20.912,,,,,,,,,,,,,,,,,,,,10095.6,,
"352","CURWEN CREEK","2023081701",0,12.8,66,2.9,274,5.4,89.073,4.344,19.787,,,,,,,,,,,,,,,,,,,,10095.6,,
"352","CURWEN CREEK","2023081702",0,12.4,73,2.7,291,4.9,88.569,4,18.633,,,,,,,,,,,,,,,,,,,,10095.6,,
"352","CURWEN CREEK","2023081703",0,12.3,71,3.5,276,4.4,88.149,3.921,18.362,,,,,,,,,,,,,,,,,,,,10095.6,,
"352","CURWEN CREEK","2023081704",0,11.9,73,3.5,284,5,87.727,3.691,17.559,,,,,,,,,,,,,,,,,,,,10095.6,,
"352","CURWEN CREEK","2023081705",0,12,68,3.9,261,5.2,87.452,3.622,17.311,,,,,,,,,,,,,,,,,,,,10095.6,,
"352","CURWEN CREEK","2023081706",0,12.4,77,2.8,261,6.6,87.018,3.22,15.85,,,,,,,,,,,,,,,,,,,,10095.6,,
"352","CURWEN CREEK","2023081707",0,16.1,74,0.7,265,4.4,86.759,2.792,14.211,,,,,,,,,,,,,,,,,,,,10095.6,,
"352","CURWEN CREEK","2023081708",0,21,43,2.3,66,5.4,87.035,3.148,15.579,,,,,,,,,,,,,,,,,,,,10095.6,,
"352","CURWEN CREEK","2023081709",0,24.4,37,3.3,72,5.9,87.558,3.567,17.116,,,,,,,,,,,,,,,,,,,,10095.6,,
"352","CURWEN CREEK","2023081710",0,26.3,34,4.9,69,8.4,88.21,4.245,19.458,,,,,,,,,,,,,,,,,,,,10095.6,,
"352","CURWEN CREEK","2023081711",0,28.7,30,4.8,96,12.8,89.023,4.746,21.093,,,,,,,,,,,,,,,,,,,,10095.6,,
"352","CURWEN CREEK","2023081712",0,29.4,25,11.4,198,25.6,90.058,7.678,29.496,0,93.697,12.845,41.975,96.938,568.97,135.964,5,,,,,,,,,,,,10095.6,,
"352","CURWEN CREEK","2023081713",0,30.1,23,11,203,29,91.017,8.63,32.352,,,,,,,,,,,,,,,,,,,,10095.6,,
"352","CURWEN CREEK","2023081714",0,31.2,23,9.6,198,28.2,91.823,9.018,33.315,,,,,,,,,,,,,,,,,,,,10095.6,,
"352","CURWEN CREEK","2023081715",0,31.2,24,7.5,218,20.7,92.387,8.785,32.738,,,,,,,,,,,,,,,,,,,,10095.6,,
"352","CURWEN CREEK","2023081716",0,30.9,25,7.4,207,22.8,92.771,9.227,33.824,,,,,,,,,,,,,,,,,,,,10095.6,,
"352","CURWEN CREEK","2023081717",0,28.1,28,7.8,216,20.5,92.841,9.507,34.502,,,,,,,,,,,,,,,,,,,,10095.6,,
"352","CURWEN CREEK","2023081718",0,26.1,35,6.7,212,18.3,92.862,9.021,33.321,,,,,,,,,,,,,,,,,,,,10095.6,,
"352","CURWEN CREEK","2023081719",0,25,33,9.6,229,21.6,92.904,10.503,36.838,,,,,,,,,,,,,,,,,,,,10095.6,,
"352","CURWEN CREEK","2023081720",0,23.3,39,4.9,197,25.7,92.778,8.142,31.114,,,,,,,,,,,,,,,,,,,,10095.6,,
"352","CURWEN CREEK","2023081721",0,19.1,45,4.9,262,10.5,92.481,7.809,30.251,,,,,,,,,,,,,,,,,,,,10095.6,,
"352","CURWEN CREEK","2023081722",0,18.7,41,7.3,243,15,92.284,8.572,32.206,,,,,,,,,,,,,,,,,,,,10095.6,,
"352","CURWEN CREEK","2023081723",0,19.1,44,7.9,243,21,92.039,8.535,32.112,,,,,,,,,,,,,,,,,,,,10095.6,,
"361","TSAR CREEK","2023081700",0,18.1,55,7.6,23,10.8,90.911,7.162,27.855,,,,,,,,,,,,,,,,,,,,,,
"361","TSAR CREEK","2023081701",0,17.8,58,5,26,10.2,90.516,5.939,24.469,,,,,,,,,,,,,,,,,,,,,,
"361","TSAR CREEK","2023081702",0,16.8,63,5.9,18,8.5,90.032,5.798,24.062,,,,,,,,,,,,,,,,,,,,,,
"361","TSAR CREEK","2023081703",0,16.4,60,6.7,24,9.1,89.67,5.731,23.866,,,,,,,,,,,,,,,,,,,,,,
"361","TSAR CREEK","2023081704",0,15.9,62,6.2,28,9.1,89.307,5.305,22.6,,,,,,,,,,,,,,,,,,,,,,
"361","TSAR CREEK","2023081705",0,15.5,65,4.5,33,8.5,88.935,4.616,20.461,,,,,,,,,,,,,,,,,,,,,,
"361","TSAR CREEK","2023081706",0,14.9,70,4,45,9.1,88.493,4.225,19.186,,,,,,,,,,,,,,,,,,,,,,
"361","TSAR CREEK","2023081707",0,16,71,3.1,102,7.9,88.095,3.813,17.793,,,,,,,,,,,,,,,,,,,,,,
"361","TSAR CREEK","2023081708",0,19.7,60,4.5,167,7.4,88.024,4.051,18.604,,,,,,,,,,,,,,,,,,,,,,
"361","TSAR CREEK","2023081709",0,21.2,55,3.9,164,7.4,88.073,3.958,18.289,,,,,,,,,,,,,,,,,,,,,,
"361","TSAR CREEK","2023081710",0,23.6,45,5.7,162,10.8,88.226,4.43,19.86,,,,,,,,,,,,,,,,,,,,,,
"361","TSAR CREEK","2023081711",0,23.1,43,2.9,202,10.2,88.386,3.936,18.215,,,,,,,,,,,,,,,,,,,,,,
"361","TSAR CREEK","2023081712",0,27.3,35,5.7,218,11.4,88.927,4.899,21.353,0,92.387,8.024,30.476,90.595,603.589,131.752,5,,,,,,,,,,,,,,
"361","TSAR CREEK","2023081713",0,26.6,35,4.8,226,16,89.341,4.968,21.861,,,,,,,,,,,,,,,,,,,,,,
"361","TSAR CREEK","2023081714",0,30,31,9.6,219,16.6,90.048,7.003,27.784,,,,,,,,,,,,,,,,,,,,,,
"361","TSAR CREEK","2023081715",0,32.3,25,8.3,214,19.5,91.012,7.528,29.188,,,,,,,,,,,,,,,,,,,,,,
"361","TSAR CREEK","2023081716",0,30.2,27,6.2,298,18.9,91.538,7.297,28.578,,,,,,,,,,,,,,,,,,,,,,
"361","TSAR CREEK","2023081717",0,29.4,30,5.2,222,10.8,91.799,7.2,28.317,,,,,,,,,,,,,,,,,,,,,,
"361","TSAR CREEK","2023081718",0,27.9,43,2.9,357,6.8,91.803,6.416,26.161,,,,,,,,,,,,,,,,,,,,,,
"361","TSAR CREEK","2023081719",0,23.2,48,7.2,6,10.2,91.573,7.712,29.671,,,,,,,,,,,,,,,,,,,,,,
"361","TSAR CREEK","2023081720",0,22.1,49,5,77,13.1,91.35,6.688,26.922,,,,,,,,,,,,,,,,,,,,,,
"361","TSAR CREEK","2023081721",0,23.1,46,13.3,329,22.9,91.21,9.96,35.202,,,,,,,,,,,,,,,,,,,,,,
"361","TSAR CREEK","2023081722",0,21.5,53,5.7,27,24.6,90.921,6.517,26.446,,,,,,,,,,,,,,,,,,,,,,
"361","TSAR CREEK","2023081723",0,19.4,62,7,316,14.9,90.402,6.462,26.29,,,,,,,,,,,,,,,,,,,,,,
"362","MABEL LAKE 2","2023081700",0,19.3,48,3.4,101,13.7,92.187,6.947,30.499,,,,,,,,,,,,,,,,,,,,,,
"362","MABEL LAKE 2","2023081701",0,17.3,55,4.6,45,8.5,91.718,6.906,30.378,,,,,,,,,,,,,,,,,,,,,,
"362","MABEL LAKE 2","2023081702",0,16.5,57,4.4,56,9.1,91.258,6.404,28.865,,,,,,,,,,,,,,,,,,,,,,
"362","MABEL LAKE 2","2023081703",0,16,60,2.8,34,7.4,90.81,5.543,26.144,,,,,,,,,,,,,,,,,,,,,,
"362","MABEL LAKE 2","2023081704",0,15.6,60,4.2,174,7.9,90.385,5.598,26.322,,,,,,,,,,,,,,,,,,,,,,
"362","MABEL LAKE 2","2023081705",0,14.9,65,2.7,90,6.2,89.922,4.857,23.844,,,,,,,,,,,,,,,,,,,,,,
"362","MABEL LAKE 2","2023081706",0,14.9,66,2.1,126,8.5,89.499,4.436,22.363,,,,,,,,,,,,,,,,,,,,,,
"362","MABEL LAKE 2","2023081707",0,16.3,67,3.4,113,6.2,89.077,4.457,22.44,,,,,,,,,,,,,,,,,,,,,,
"362","MABEL LAKE 2","2023081708",0,18.5,58,2.8,287,4.5,88.926,4.232,21.627,,,,,,,,,,,,,,,,,,,,,,
"362","MABEL LAKE 2","2023081709",0,21,52,4.3,271,6.8,88.949,4.579,22.873,,,,,,,,,,,,,,,,,,,,,,
"362","MABEL LAKE 2","2023081710",0,24.2,41,4.3,292,6.2,89.097,4.678,23.22,,,,,,,,,,,,,,,,,,,,,,
"362","MABEL LAKE 2","2023081711",0,26.5,37,7.6,313,11.4,89.434,5.798,26.966,,,,,,,,,,,,,,,,,,,,,,
"362","MABEL LAKE 2","2023081712",0,29.4,32,4.9,286,11.4,89.993,5.483,25.945,0,93.854,9.462,37.546,155.22,721.484,201.866,4,,,,,,,,,,,,,,
"362","MABEL LAKE 2","2023081713",0,32,31,7.4,291,10.2,90.653,6.834,30.252,,,,,,,,,,,,,,,,,,,,,,
"362","MABEL LAKE 2","2023081714",0,36.4,20,6.9,243,16.6,92.021,8.094,33.88,,,,,,,,,,,,,,,,,,,,,,
"362","MABEL LAKE 2","2023081715",0,36.3,19,15.4,219,27.5,93.245,14.755,49.88,,,,,,,,,,,,,,,,,,,,,,
"362","MABEL LAKE 2","2023081716",0,36.5,18,19.9,230,30.4,94.251,21.288,62.54,,,,,,,,,,,,,,,,,,,,,,
"362","MABEL LAKE 2","2023081717",0,35.9,18,23.9,224,35.6,94.943,28.643,74.741,,,,,,,,,,,,,,,,,,,,,,
"362","MABEL LAKE 2","2023081718",0,35.1,21,23.1,216,36.7,95.179,28.413,74.385,,,,,,,,,,,,,,,,,,,,,,
"362","MABEL LAKE 2","2023081719",0,32.5,21,13.7,193,36.7,95.23,17.818,56.085,,,,,,,,,,,,,,,,,,,,,,
"362","MABEL LAKE 2","2023081720",0,31.6,21,18,178,29.2,95.281,22.284,64.297,,,,,,,,,,,,,,,,,,,,,,
"362","MABEL LAKE 2","2023081721",0,30,23,13.9,147,22.3,95.332,18.251,56.921,,,,,,,,,,,,,,,,,,,,,,
"362","MABEL LAKE 2","2023081722",0,29.3,25,10.5,168,29.2,95.356,15.428,51.291,,,,,,,,,,,,,,,,,,,,,,
"362","MABEL LAKE 2","2023081723",0,24.6,35,7.8,175,17.7,95.025,12.869,45.762,,,,,,,,,,,,,,,,,,,,,,
"363","REVELSTOKE","2023081700",0,16.8,66,6.8,324,9.1,90.245,6.255,26.686,,,,,,,,,,,,,,,,,,,,,,
"363","REVELSTOKE","2023081701",0,15.9,67,6.4,330,9.1,89.685,5.657,24.891,,,,,,,,,,,,,,,,,,,,,,
"363","REVELSTOKE","2023081702",0,15.2,71,6.9,323,8.5,89.081,5.321,23.845,,,,,,,,,,,,,,,,,,,,,,
"363","REVELSTOKE","2023081703",0,14.5,72,6.8,323,8.5,88.529,4.89,22.466,,,,,,,,,,,,,,,,,,,,,,
"363","REVELSTOKE","2023081704",0,13.8,76,6.2,322,8.5,87.941,4.361,20.701,,,,,,,,,,,,,,,,,,,,,,
"363","REVELSTOKE","2023081705",0,13.6,76,6.9,322,8.5,87.417,4.191,20.115,,,,,,,,,,,,,,,,,,,,,,
"363","REVELSTOKE","2023081706",0,13.6,77,5.8,317,7.9,86.941,3.705,18.385,,,,,,,,,,,,,,,,,,,,,,
"363","REVELSTOKE","2023081707",0,16.1,73,1.8,208,7.4,86.691,2.923,15.396,,,,,,,,,,,,,,,,,,,,,,
"363","REVELSTOKE","2023081708",0,19.5,62,2.8,221,4.5,86.739,3.095,16.078,,,,,,,,,,,,,,,,,,,,,,
"363","REVELSTOKE","2023081709",0,20.8,55,4,235,7.9,86.787,3.311,16.912,,,,,,,,,,,,,,,,,,,,,,
"363","REVELSTOKE","2023081710",0,23.5,45,3.4,174,7.4,87.094,3.355,17.083,,,,,,,,,,,,,,,,,,,,,,
"363","REVELSTOKE","2023081711",0,25.2,40,5.5,155,10.2,87.581,3.998,19.439,,,,,,,,,,,,,,,,,,,,,,
"363","REVELSTOKE","2023081712",0,27.1,38,5,181,10.2,88.131,4.218,20.208,0,93.083,8.541,33.21,108.01,636.056,151.642,5,,,,,,,,,,,,,,
"363","REVELSTOKE","2023081713",0,28.4,34,6.4,190,13.1,88.814,4.993,22.988,,,,,,,,,,,,,,,,,,,,,,
"363","REVELSTOKE","2023081714",0,30.2,30,6.6,221,15.4,89.636,5.675,25.149,,,,,,,,,,,,,,,,,,,,,,
"363","REVELSTOKE","2023081715",0,30.3,29,5.3,175,13.7,90.331,5.871,25.749,,,,,,,,,,,,,,,,,,,,,,
"363","REVELSTOKE","2023081716",0,31.9,27,3.9,186,10.8,91.041,6.055,26.305,,,,,,,,,,,,,,,,,,,,,,
"363","REVELSTOKE","2023081717",0,30.9,35,3.4,194,6.2,91.25,6.083,26.387,,,,,,,,,,,,,,,,,,,,,,
"363","REVELSTOKE","2023081718",0,26.4,46,2.9,348,6.2,91.224,5.909,25.865,,,,,,,,,,,,,,,,,,,,,,
"363","REVELSTOKE","2023081719",0,23.7,54,4.1,326,7.4,90.949,6.037,26.249,,,,,,,,,,,,,,,,,,,,,,
"363","REVELSTOKE","2023081720",0,21.1,57,6.3,321,8.5,90.581,6.399,27.325,,,,,,,,,,,,,,,,,,,,,,
"363","REVELSTOKE","2023081721",0,19.9,58,6.7,320,9.1,90.222,6.203,26.747,,,,,,,,,,,,,,,,,,,,,,
"363","REVELSTOKE","2023081722",0,18.8,64,5.4,324,9.7,89.763,5.44,24.417,,,,,,,,,,,,,,,,,,,,,,
"363","REVELSTOKE","2023081723",0,18.4,64,5.8,333,9.7,89.357,5.237,23.774,,,,,,,,,,,,,,,,,,,,,,
"366","WHISKEY","2023081700",0,15.9,54,3.1,339,11.4,92.295,6.948,25.427,,,,,,,,,,,,,,,,,,,,,,
"366","WHISKEY","2023081701",0,16.7,50,4.4,317,14.3,91.931,7.046,25.677,,,,,,,,,,,,,,,,,,,,,,
"366","WHISKEY","2023081702",0,14.7,57,4,315,13.1,91.454,6.454,24.154,,,,,,,,,,,,,,,,,,,,,,
"366","WHISKEY","2023081703",0,13.8,61,2.4,349,7.4,90.976,5.562,21.742,,,,,,,,,,,,,,,,,,,,,,
"366","WHISKEY","2023081704",0,13.3,63,4.7,31,6.8,90.457,5.8,22.401,,,,,,,,,,,,,,,,,,,,,,
"366","WHISKEY","2023081705",0,12.6,67,2.6,33,6.8,89.949,4.852,19.704,,,,,,,,,,,,,,,,,,,,,,
"366","WHISKEY","2023081706",0,14.2,67,2.8,312,7.9,89.486,4.586,18.911,,,,,,,,,,,,,,,,,,,,,,
"366","WHISKEY","2023081707",0,18.7,56,1.6,188,4.5,89.346,4.231,17.822,,,,,,,,,,,,,,,,,,,,,,
"366","WHISKEY","2023081708",0,21.7,45,3.8,164,7.4,89.395,4.761,19.435,,,,,,,,,,,,,,,,,,,,,,
"366","WHISKEY","2023081709",0,24.1,36,6.7,132,10.2,89.628,5.697,22.116,,,,,,,,,,,,,,,,,,,,,,
"366","WHISKEY","2023081710",0,26.3,33,6.4,172,12.5,89.999,5.918,22.723,,,,,,,,,,,,,,,,,,,,,,
"366","WHISKEY","2023081711",0,28.2,28,7.9,125,17.2,90.595,6.95,25.435,,,,,,,,,,,,,,,,,,,,,,
"366","WHISKEY","2023081712",0,29.5,25,10.6,136,19.5,91.305,8.811,29.926,0,94.652,14.08,41.665,76.445,548.802,113.4,4,,,,,,,,,,,,,,
"366","WHISKEY","2023081713",0,30,24,9.5,167,16.6,91.932,9.113,31.309,,,,,,,,,,,,,,,,,,,,,,
"366","WHISKEY","2023081714",0,31.2,23,5.7,300,22.3,92.5,8.153,29.041,,,,,,,,,,,,,,,,,,,,,,
"366","WHISKEY","2023081715",0,30.7,21,10.4,229,28.1,93.067,11.186,35.877,,,,,,,,,,,,,,,,,,,,,,
"366","WHISKEY","2023081716",0,29.8,23,7.5,215,25.2,93.357,10.065,33.459,,,,,,,,,,,,,,,,,,,,,,
"366","WHISKEY","2023081717",0,28.3,24,9.5,264,26.9,93.491,11.342,36.206,,,,,,,,,,,,,,,,,,,,,,
"366","WHISKEY","2023081718",0,26,30,5.2,284,24.1,93.542,9.198,31.504,,,,,,,,,,,,,,,,,,,,,,
"366","WHISKEY","2023081719",0,24,32,5.8,315,11.4,93.513,9.442,32.063,,,,,,,,,,,,,,,,,,,,,,
"366","WHISKEY","2023081720",0,23.5,36,3.9,305,10.8,93.398,8.443,29.739,,,,,,,,,,,,,,,,,,,,,,
"366","WHISKEY","2023081721",0,21.4,41,4.9,26,10.2,93.145,8.571,30.044,,,,,,,,,,,,,,,,,,,,,,
"366","WHISKEY","2023081722",0,21.5,39,6.5,309,11.4,92.956,9.049,31.162,,,,,,,,,,,,,,,,,,,,,,
"366","WHISKEY","2023081723",0,19.3,45,6.1,350,13.1,92.626,8.467,29.796,,,,,,,,,,,,,,,,,,,,,,
"367","MARION","2023081700",0,10.4,90,3.2,213,6.2,87.711,3.628,11.834,,,,,,,,,,,,,,,,,,,,,,
"367","MARION","2023081701",0,9.5,94,3.4,226,5.1,86.579,3.119,10.46,,,,,,,,,,,,,,,,,,,,,,
"367","MARION","2023081702",0,8.9,96,0,209,5.1,85.713,2.326,8.147,,,,,,,,,,,,,,,,,,,,,,
"367","MARION","2023081703",0,8.2,97,2.3,239,4.5,84.669,2.261,7.946,,,,,,,,,,,,,,,,,,,,,,
"367","MARION","2023081704",0,7.7,99,3.4,186,7.4,83.545,2.057,7.298,,,,,,,,,,,,,,,,,,,,,,
"367","MARION","2023081705",0,7.3,99,4.1,225,7.4,82.527,1.87,6.688,,,,,,,,,,,,,,,,,,,,,,
"367","MARION","2023081706",0,7.7,99,1.7,34,4.5,81.691,1.496,5.401,,,,,,,,,,,,,,,,,,,,,,
"367","MARION","2023081707",0,12.7,83,3.1,46,5.1,81.699,1.607,5.794,,,,,,,,,,,,,,,,,,,,,,
"367","MARION","2023081708",0,18.7,54,2,102,3.9,82.177,1.611,5.806,,,,,,,,,,,,,,,,,,,,,,
"367","MARION","2023081709",0,22.3,43,5.4,66,7.9,83.108,2.149,7.593,,,,,,,,,,,,,,,,,,,,,,
"367","MARION","2023081710",0,24.6,40,6.9,98,11.4,84.172,2.666,9.168,,,,,,,,,,,,,,,,,,,,,,
"367","MARION","2023081711",0,27.2,29,7.1,153,12.5,85.667,3.305,10.973,,,,,,,,,,,,,,,,,,,,,,
"367","MARION","2023081712",0,28.5,29,6.1,141,16.6,86.976,3.78,12.232,0,94.297,10.688,27.472,46.254,345.248,69.297,3,,,,,,,,,,,,,,
"367","MARION","2023081713",0,29.3,25,10,196,20,88.385,5.628,17.386,,,,,,,,,,,,,,,,,,,,,,
"367","MARION","2023081714",0,29.5,26,8.4,356,16.6,89.456,6.055,18.353,,,,,,,,,,,,,,,,,,,,,,
"367","MARION","2023081715",0,30.4,24,5.7,339,17.7,90.417,6.065,18.376,,,,,,,,,,,,,,,,,,,,,,
"367","MARION","2023081716",0,29.6,25,5.7,76,19.5,91.106,6.692,19.746,,,,,,,,,,,,,,,,,,,,,,
"367","MARION","2023081717",0,25.8,31,5.8,323,17.2,91.281,6.895,20.179,,,,,,,,,,,,,,,,,,,,,,
"367","MARION","2023081718",0,26.6,26,10.2,337,25.2,91.666,9.09,24.558,,,,,,,,,,,,,,,,,,,,,,
"367","MARION","2023081719",0,26.3,26,9.8,339,26.4,91.965,9.294,24.942,,,,,,,,,,,,,,,,,,,,,,
"367","MARION","2023081720",0,22.3,44,4.3,107,26.9,91.822,6.903,20.196,,,,,,,,,,,,,,,,,,,,,,
"367","MARION","2023081721",0,21.1,50,5.5,154,13.1,91.527,7.034,20.47,,,,,,,,,,,,,,,,,,,,,,
"367","MARION","2023081722",0,17,69,2.8,150,9.1,90.825,5.555,17.218,,,,,,,,,,,,,,,,,,,,,,
"367","MARION","2023081723",0,15.7,69,4.9,204,12.5,90.165,5.619,17.366,,,,,,,,,,,,,,,,,,,,,,
"374","SUCCOUR CREEK","2023081700",0,15.9,68,4.4,116,8.5,90.94,6.121,25.54,,,,,,,,,,,,,,,,,,,,,,
"374","SUCCOUR CREEK","2023081701",0,14.6,73,2.3,191,5.6,90.233,4.977,22.084,,,,,,,,,,,,,,,,,,,,,,
"374","SUCCOUR CREEK","2023081702",0,13.7,78,2.4,330,8.5,89.469,4.484,20.492,,,,,,,,,,,,,,,,,,,,,,
"374","SUCCOUR CREEK","2023081703",0,13.1,82,2.6,280,7.4,88.663,4.034,18.978,,,,,,,,,,,,,,,,,,,,,,
"374","SUCCOUR CREEK","2023081704",0,12.2,86,2.8,319,6.2,87.803,3.603,17.459,,,,,,,,,,,,,,,,,,,,,,
"374","SUCCOUR CREEK","2023081705",0,12,86,3.4,141,7.4,87.026,3.323,16.436,,,,,,,,,,,,,,,,,,,,,,
"374","SUCCOUR CREEK","2023081706",0,12.5,84,3.5,99,6.8,86.409,3.06,15.442,,,,,,,,,,,,,,,,,,,,,,
"374","SUCCOUR CREEK","2023081707",0,15.6,72,3.5,93,6.8,86.22,2.979,15.131,,,,,,,,,,,,,,,,,,,,,,
"374","SUCCOUR CREEK","2023081708",0,20.9,57,4.3,153,7.4,86.276,3.127,15.697,,,,,,,,,,,,,,,,,,,,,,
"374","SUCCOUR CREEK","2023081709",0,23.2,49,4.5,178,7.9,86.55,3.283,16.287,,,,,,,,,,,,,,,,,,,,,,
"374","SUCCOUR CREEK","2023081710",0,24.4,44,5.8,164,12,86.97,3.72,17.881,,,,,,,,,,,,,,,,,,,,,,
"374","SUCCOUR CREEK","2023081711",0,28,35,5.8,154,10.2,87.782,4.178,19.468,,,,,,,,,,,,,,,,,,,,,,
"374","SUCCOUR CREEK","2023081712",0,30.3,26,6.5,162,11.4,88.981,5.14,22.593,0,94.897,11.844,40.268,95.039,677.218,140.711,4,,,,,,,,,,,,,,
"374","SUCCOUR CREEK","2023081713",0,30.8,25,5.9,175,12.5,90.017,5.785,24.909,,,,,,,,,,,,,,,,,,,,,,
"374","SUCCOUR CREEK","2023081714",0,32.8,26,9.1,354,14.9,90.984,7.806,30.585,,,,,,,,,,,,,,,,,,,,,,
"374","SUCCOUR CREEK","2023081715",0,33.9,22,7.9,21,18.3,91.998,8.486,32.348,,,,,,,,,,,,,,,,,,,,,,
"374","SUCCOUR CREEK","2023081716",0,31.4,27,7.9,355,17.7,92.398,8.978,33.586,,,,,,,,,,,,,,,,,,,,,,
"374","SUCCOUR CREEK","2023081717",0,30.5,28,4.8,356,13.7,92.618,7.921,30.889,,,,,,,,,,,,,,,,,,,,,,
"374","SUCCOUR CREEK","2023081718",0,30,38,4,306,7.9,92.668,7.662,30.204,,,,,,,,,,,,,,,,,,,,,,
"374","SUCCOUR CREEK","2023081719",0,25.2,54,2.8,220,6.2,92.229,6.78,27.794,,,,,,,,,,,,,,,,,,,,,,
"374","SUCCOUR CREEK","2023081720",0,22.9,55,3.2,236,16.6,91.799,6.51,27.03,,,,,,,,,,,,,,,,,,,,,,
"374","SUCCOUR CREEK","2023081721",0,21.3,58,3.9,67,15.4,91.325,6.305,26.439,,,,,,,,,,,,,,,,,,,,,,
"374","SUCCOUR CREEK","2023081722",0,22.2,55,7.5,256,16,90.956,7.172,28.882,,,,,,,,,,,,,,,,,,,,,,
"374","SUCCOUR CREEK","2023081723",0,22.5,52,5.2,130,18.3,90.742,6.196,26.123,,,,,,,,,,,,,,,,,,,,,,
"376","TABERNACLE WIND","2023081700",0,13.1,46,11.5,291,16,,,,,,,,,,,,,,,,,,,,,,,,,
"376","TABERNACLE WIND","2023081701",0,12.9,46,10.3,274,21.8,,,,,,,,,,,,,,,,,,,,,,,,,
"376","TABERNACLE WIND","2023081702",0,12.9,51,10.3,276,17.2,,,,,,,,,,,,,,,,,,,,,,,,,
"376","TABERNACLE WIND","2023081703",0,13.4,50,11,278,21.2,,,,,,,,,,,,,,,,,,,,,,,,,
"376","TABERNACLE WIND","2023081704",0,13,51,9.8,275,18.9,,,,,,,,,,,,,,,,,,,,,,,,,
"376","TABERNACLE WIND","2023081705",0,12.5,52,7.5,171,17.2,,,,,,,,,,,,,,,,,,,,,,,,,
"376","TABERNACLE WIND","2023081706",0,13.3,50,6.8,168,14.3,,,,,,,,,,,,,,,,,,,,,,,,,
"376","TABERNACLE WIND","2023081707",0,13.9,46,9.5,214,16.6,,,,,,,,,,,,,,,,,,,,,,,,,
"376","TABERNACLE WIND","2023081708",0,14.4,43,13,193,19.5,,,,,,,,,,,,,,,,,,,,,,,,,
"376","TABERNACLE WIND","2023081709",0,14.8,45,23.6,221,31.6,,,,,,,,,,,,,,,,,,,,,,,,,
"376","TABERNACLE WIND","2023081710",0,15.3,44,21.4,212,34.4,,,,,,,,,,,,,,,,,,,,,,,,,
"376","TABERNACLE WIND","2023081711",0,16.2,43,21.9,210,39.6,,,,,,,,,,,,,,,,,,,,,,,,,
"376","TABERNACLE WIND","2023081712",0,17.3,40,29.6,213,47.1,,,,0,,,,,,,,,,,,,,,,,,,,,
"376","TABERNACLE WIND","2023081713",0,17.2,40,30.6,219,50,,,,,,,,,,,,,,,,,,,,,,,,,
"376","TABERNACLE WIND","2023081714",0,18.3,38,26.1,204,45.4,,,,,,,,,,,,,,,,,,,,,,,,,
"376","TABERNACLE WIND","2023081715",0,17.8,39,29.1,209,45.9,,,,,,,,,,,,,,,,,,,,,,,,,
"376","TABERNACLE WIND","2023081716",0,17.7,40,23,220,43.6,,,,,,,,,,,,,,,,,,,,,,,,,
"376","TABERNACLE WIND","2023081717",0,16.8,43,20.5,232,46.5,,,,,,,,,,,,,,,,,,,,,,,,,
"376","TABERNACLE WIND","2023081718",0,16,46,9.6,213,29.8,,,,,,,,,,,,,,,,,,,,,,,,,
"376","TABERNACLE WIND","2023081719",0,15.1,48,31.8,219,47.7,,,,,,,,,,,,,,,,,,,,,,,,,
"376","TABERNACLE WIND","2023081720",0,15.1,48,11.6,171,43.1,,,,,,,,,,,,,,,,,,,,,,,,,
"376","TABERNACLE WIND","2023081721",0,15.2,46,22.1,202,51.7,,,,,,,,,,,,,,,,,,,,,,,,,
"376","TABERNACLE WIND","2023081722",0,15,48,31.2,224,66.1,,,,,,,,,,,,,,,,,,,,,,,,,
"376","TABERNACLE WIND","2023081723",0,14.4,49,33.1,227,76.5,,,,,,,,,,,,,,,,,,,,,,,,,
"379","GOLD HILL","2023081700",0,18,61,3.9,231,6.2,89.791,5.064,16.691,,,,,,,,,,,,,,,,,,,,,,
"379","GOLD HILL","2023081701",0,17.4,63,4.3,253,6.8,89.42,4.9,16.282,,,,,,,,,,,,,,,,,,,,,,
"379","GOLD HILL","2023081702",0,16.4,64,4.1,224,7.4,89.067,4.611,15.55,,,,,,,,,,,,,,,,,,,,,,
"379","GOLD HILL","2023081703",0,15.7,69,3.9,244,5.6,88.637,4.291,14.72,,,,,,,,,,,,,,,,,,,,,,
"379","GOLD HILL","2023081704",0,14.8,72,3.2,236,7.9,88.193,3.887,13.633,,,,,,,,,,,,,,,,,,,,,,
"379","GOLD HILL","2023081705",0,14.6,71,3.9,242,5.6,87.812,3.813,13.43,,,,,,,,,,,,,,,,,,,,,,
"379","GOLD HILL","2023081706",0,15.1,78,1.9,313,5.1,87.329,3.217,11.734,,,,,,,,,,,,,,,,,,,,,,
"379","GOLD HILL","2023081707",0,17.7,69,1.9,153,4.5,87.141,3.132,11.482,,,,,,,,,,,,,,,,,,,,,,
"379","GOLD HILL","2023081708",0,20.2,62,2.6,73,5.6,87.157,3.252,11.836,,,,,,,,,,,,,,,,,,,,,,
"379","GOLD HILL","2023081709",0,22.7,54,2.2,1,5.6,87.205,3.209,11.71,,,,,,,,,,,,,,,,,,,,,,
"379","GOLD HILL","2023081710",0,24.6,49,3,100,6.2,87.39,3.43,12.352,,,,,,,,,,,,,,,,,,,,,,
"379","GOLD HILL","2023081711",0,25.6,48,2.8,86,7.4,87.6,3.499,12.551,,,,,,,,,,,,,,,,,,,,,,
"379","GOLD HILL","2023081712",0,25.6,48,1.9,192,5.6,87.777,3.43,12.351,0,91.364,5.732,18.799,50.277,435.781,78.044,4,,,,,,,,,,,,,,
"379","GOLD HILL","2023081713",0,28.8,42,5.7,97,9.7,88.242,4.44,15.537,,,,,,,,,,,,,,,,,,,,,,
"379","GOLD HILL","2023081714",0,28.9,40,4.9,151,11.4,88.693,4.549,15.826,,,,,,,,,,,,,,,,,,,,,,
"379","GOLD HILL","2023081715",0,26.7,55,5,191,10.2,88.742,4.605,15.972,,,,,,,,,,,,,,,,,,,,,,
"379","GOLD HILL","2023081716",0,24.7,64,5.3,219,9.1,88.56,4.555,15.84,,,,,,,,,,,,,,,,,,,,,,
"379","GOLD HILL","2023081717",0,22.8,62,4.7,231,7.4,88.43,4.337,15.262,,,,,,,,,,,,,,,,,,,,,,
"379","GOLD HILL","2023081718",0,21.8,68,5.7,242,7.9,88.132,4.37,15.351,,,,,,,,,,,,,,,,,,,,,,
"379","GOLD HILL","2023081719",0,20.7,65,5.6,241,7.9,87.946,4.234,14.983,,,,,,,,,,,,,,,,,,,,,,
"379","GOLD HILL","2023081720",0,19.8,64,5.1,247,6.8,87.8,4.043,14.462,,,,,,,,,,,,,,,,,,,,,,
"379","GOLD HILL","2023081721",0,19.3,59,5.6,240,7.4,87.778,4.133,14.71,,,,,,,,,,,,,,,,,,,,,,
"379","GOLD HILL","2023081722",0,19.2,63,4.3,255,7.9,87.672,3.813,13.82,,,,,,,,,,,,,,,,,,,,,,
"379","GOLD HILL","2023081723",0,18.8,62,4.5,248,6.8,87.595,3.809,13.809,,,,,,,,,,,,,,,,,,,,,,
"380","POWDER CREEK","2023081700",0,20.9,42,9.1,43,13.7,93.064,10.472,34.82,,,,,,,,,,,,,,,,,,,,,,
"380","POWDER CREEK","2023081701",0,20.4,44,6.7,43,17.2,92.748,8.877,31.191,,,,,,,,,,,,,,,,,,,,,,
"380","POWDER CREEK","2023081702",0,18.9,48,6.1,64,13.1,92.367,8.163,29.474,,,,,,,,,,,,,,,,,,,,,,
"380","POWDER CREEK","2023081703",0,18.2,50,7.4,33,12.5,91.963,8.233,29.645,,,,,,,,,,,,,,,,,,,,,,
"380","POWDER CREEK","2023081704",0,17.8,51,6.9,49,16.6,91.587,7.612,28.103,,,,,,,,,,,,,,,,,,,,,,
"380","POWDER CREEK","2023081705",0,17,54,6,45,13.1,91.19,6.876,26.207,,,,,,,,,,,,,,,,,,,,,,
"380","POWDER CREEK","2023081706",0,16.9,53,4,72,10.2,90.885,5.952,23.7,,,,,,,,,,,,,,,,,,,,,,
"380","POWDER CREEK","2023081707",0,18.3,54,3.3,124,9.1,90.61,5.525,22.485,,,,,,,,,,,,,,,,,,,,,,
"380","POWDER CREEK","2023081708",0,22,41,5.4,42,7.9,90.66,6.185,24.346,,,,,,,,,,,,,,,,,,,,,,
"380","POWDER CREEK","2023081709",0,24,38,4.7,229,9.7,90.71,6.013,23.87,,,,,,,,,,,,,,,,,,,,,,
"380","POWDER CREEK","2023081710",0,25,36,8,199,12,90.763,7.155,26.938,,,,,,,,,,,,,,,,,,,,,,
"380","POWDER CREEK","2023081711",0,25.8,32,7.6,212,14.3,90.966,7.219,27.102,,,,,,,,,,,,,,,,,,,,,,
"380","POWDER CREEK","2023081712",0,27.3,32,9.5,218,16,91.193,8.205,29.576,0,93.841,11.909,38.45,86.33,516.035,121.743,5,,,,,,,,,,,,,,
"380","POWDER CREEK","2023081713",0,28,30,10.7,193,17.2,91.489,9.09,32.177,,,,,,,,,,,,,,,,,,,,,,
"380","POWDER CREEK","2023081714",0,29.2,28,12.6,199,25.2,91.873,10.564,35.549,,,,,,,,,,,,,,,,,,,,,,
"380","POWDER CREEK","2023081715",0,30.1,27,9.4,199,18.3,92.248,9.48,33.09,,,,,,,,,,,,,,,,,,,,,,
"380","POWDER CREEK","2023081716",0,29,29,7.4,192,18.3,92.408,8.768,31.407,,,,,,,,,,,,,,,,,,,,,,
"380","POWDER CREEK","2023081717",0,27.4,33,6.4,167,14.3,92.458,8.395,30.503,,,,,,,,,,,,,,,,,,,,,,
"380","POWDER CREEK","2023081718",0,28,27,8.9,162,17.7,92.627,9.751,33.718,,,,,,,,,,,,,,,,,,,,,,
"380","POWDER CREEK","2023081719",0,26.7,30,6.3,182,18.3,92.677,8.614,31.038,,,,,,,,,,,,,,,,,,,,,,
"380","POWDER CREEK","2023081720",0,24.2,33,6,152,11.4,92.726,8.543,30.864,,,,,,,,,,,,,,,,,,,,,,
"380","POWDER CREEK","2023081721",0,24.9,32,9.3,152,14.9,92.776,10.161,34.648,,,,,,,,,,,,,,,,,,,,,,
"380","POWDER CREEK","2023081722",0,24.9,34,10.9,161,19.5,92.802,11.053,36.622,,,,,,,,,,,,,,,,,,,,,,
"380","POWDER CREEK","2023081723",0,23.7,38,9.1,169,21.2,92.699,9.951,34.173,,,,,,,,,,,,,,,,,,,,,,
"383","FALLS CREEK","2023081700",0,19.8,41,4.6,90,6.8,92.955,8.221,29.529,,,,,,,,,,,,,,,,,,,,18,,
"383","FALLS CREEK","2023081701",0,19.2,43,3.4,101,7.2,92.704,7.472,27.667,,,,,,,,,,,,,,,,,,,,18,,
"383","FALLS CREEK","2023081702",0,18.4,46,1.7,37,5.7,92.439,6.607,25.416,,,,,,,,,,,,,,,,,,,,18,,
"383","FALLS CREEK","2023081703",0,17.9,48,2.3,102,6.1,92.143,6.532,25.215,,,,,,,,,,,,,,,,,,,,18,,
"383","FALLS CREEK","2023081704",0,17.3,51,0.9,32,5.9,91.847,5.837,23.304,,,,,,,,,,,,,,,,,,,,18,,
"383","FALLS CREEK","2023081705",0,16.5,53,0.5,68,5.7,91.552,5.486,22.305,,,,,,,,,,,,,,,,,,,,18,,
"383","FALLS CREEK","2023081706",0,16.5,58,0.7,20,4.7,91.178,5.255,21.63,,,,,,,,,,,,,,,,,,,,18,,
"383","FALLS CREEK","2023081707",0,17.3,63,1.9,340,5.3,90.693,5.21,21.497,,,,,,,,,,,,,,,,,,,,18,,
"383","FALLS CREEK","2023081708",0,19.5,59,0,87,3.2,90.442,4.567,19.55,,,,,,,,,,,,,,,,,,,,18,,
"383","FALLS CREEK","2023081709",0,21.2,49,2.6,230,4,90.361,5.146,21.31,,,,,,,,,,,,,,,,,,,,18,,
"383","FALLS CREEK","2023081710",0,21.8,55,3.5,210,6,90.157,5.231,21.559,,,,,,,,,,,,,,,,,,,,18,,
"383","FALLS CREEK","2023081711",0,23.6,45,4.9,236,8.1,90.206,5.653,22.782,,,,,,,,,,,,,,,,,,,,18,,
"383","FALLS CREEK","2023081712",0,25.5,46,4.6,227,9.3,90.255,5.607,22.652,0,91.469,6.666,25.905,82.37,552.097,119.987,5,,,,,,,,,,,,18,,
"383","FALLS CREEK","2023081713",0,28.2,31,6.8,205,11.8,90.673,6.649,25.859,,,,,,,,,,,,,,,,,,,,18,,
"383","FALLS CREEK","2023081714",0,29.9,29,5.7,214,11.7,91.16,6.743,26.11,,,,,,,,,,,,,,,,,,,,18,,
"383","FALLS CREEK","2023081715",0,32.8,27,5.6,196,10.9,91.783,7.33,27.654,,,,,,,,,,,,,,,,,,,,18,,
"383","FALLS CREEK","2023081716",0,34.4,18,6.4,183,15.5,92.837,8.855,31.434,,,,,,,,,,,,,,,,,,,,18,,
"383","FALLS CREEK","2023081717",0,33.4,17,10.1,139,21.4,93.696,12.029,38.486,,,,,,,,,,,,,,,,,,,,18,,
"383","FALLS CREEK","2023081718",0,31.6,20,10.6,116,19.8,94.095,13.038,40.549,,,,,,,,,,,,,,,,,,,,18,,
"383","FALLS CREEK","2023081719",0,27.8,28,7.4,77,16.2,94.146,11.175,36.679,,,,,,,,,,,,,,,,,,,,18,,
"383","FALLS CREEK","2023081720",0,26.8,29,4.9,91,13.1,94.169,9.883,33.827,,,,,,,,,,,,,,,,,,,,18,,
"383","FALLS CREEK","2023081721",0,27.2,22,7.7,110,19.3,94.22,11.462,37.293,,,,,,,,,,,,,,,,,,,,18,,
"383","FALLS CREEK","2023081722",0,27.2,21,10.6,98,18.6,94.279,13.375,41.221,,,,,,,,,,,,,,,,,,,,18,,
"383","FALLS CREEK","2023081723",0,24.9,29,4.3,27,15.2,94.257,9.707,33.425,,,,,,,,,,,,,,,,,,,,18,,
"385","DUNCAN","2023081700",0,16.8,55,11.2,23,14.9,90.986,8.68,23.792,,,,,,,,,,,,,,,,,,,,,,
"385","DUNCAN","2023081701",0,16.4,56,12.5,11,19.5,90.55,8.707,23.845,,,,,,,,,,,,,,,,,,,,,,
"385","DUNCAN","2023081702",0,15.7,60,10,19,17.7,90.087,7.185,20.801,,,,,,,,,,,,,,,,,,,,,,
"385","DUNCAN","2023081703",0,15.3,61,8.8,10,12,89.668,6.369,19.06,,,,,,,,,,,,,,,,,,,,,,
"385","DUNCAN","2023081704",0,14.5,63,8.3,5,10.8,89.254,5.853,17.911,,,,,,,,,,,,,,,,,,,,,,
"385","DUNCAN","2023081705",0,14.2,65,6.9,9,9.7,88.855,5.151,16.282,,,,,,,,,,,,,,,,,,,,,,
"385","DUNCAN","2023081706",0,14,71,7.4,21,11.4,88.35,4.913,15.71,,,,,,,,,,,,,,,,,,,,,,
"385","DUNCAN","2023081707",0,13.7,83,6.1,121,9.1,87.549,4.102,13.675,,,,,,,,,,,,,,,,,,,,,,
"385","DUNCAN","2023081708",0,17.6,61,5.3,126,9.7,87.486,3.905,13.158,,,,,,,,,,,,,,,,,,,,,,
"385","DUNCAN","2023081709",0,21.6,43,7.4,143,11.4,87.723,4.49,14.667,,,,,,,,,,,,,,,,,,,,,,
"385","DUNCAN","2023081710",0,23.1,42,7.1,180,13.1,87.998,4.601,14.943,,,,,,,,,,,,,,,,,,,,,,
"385","DUNCAN","2023081711",0,24.4,43,9.8,172,16.6,88.257,5.471,17.035,,,,,,,,,,,,,,,,,,,,,,
"385","DUNCAN","2023081712",0,24.7,40,10.7,149,15.4,88.583,5.999,18.24,0,92.029,9.814,26.664,49.071,363.237,73.364,4,,,,,,,,,,,,,,
"385","DUNCAN","2023081713",0,25.6,38,11.2,160,16.6,88.959,6.493,19.914,,,,,,,,,,,,,,,,,,,,,,
"385","DUNCAN","2023081714",0,26.4,37,12.4,152,18.9,89.343,7.289,21.642,,,,,,,,,,,,,,,,,,,,,,
"385","DUNCAN","2023081715",0,26.9,36,11.9,155,20,89.713,7.494,22.075,,,,,,,,,,,,,,,,,,,,,,
"385","DUNCAN","2023081716",0,25.9,42,10.6,142,16.6,89.769,7.075,21.187,,,,,,,,,,,,,,,,,,,,,,
"385","DUNCAN","2023081717",0,24.7,40,9.9,159,17.7,89.843,6.904,20.816,,,,,,,,,,,,,,,,,,,,,,
"385","DUNCAN","2023081718",0,23.1,46,8.3,149,17.2,89.892,6.414,19.738,,,,,,,,,,,,,,,,,,,,,,
"385","DUNCAN","2023081719",0,21,51,7.6,136,16,89.808,6.117,19.068,,,,,,,,,,,,,,,,,,,,,,
"385","DUNCAN","2023081720",0,20.8,50,8.8,149,16,89.752,6.446,19.81,,,,,,,,,,,,,,,,,,,,,,
"385","DUNCAN","2023081721",0,20.1,49,8.1,149,14.9,89.715,6.19,19.234,,,,,,,,,,,,,,,,,,,,,,
"385","DUNCAN","2023081722",0,19.4,53,7.1,163,18.3,89.583,5.775,18.281,,,,,,,,,,,,,,,,,,,,,,
"385","DUNCAN","2023081723",0,20.6,44,13,150,21.8,89.632,7.83,22.774,,,,,,,,,,,,,,,,,,,,,,
"387","TROUT LAKE","2023081700",0,16.5,54,6.7,79,9.8,91.877,7.851,22.316,,,,,,,,,,,,,,,,,,,,123.4,,
"387","TROUT LAKE","2023081701",0,16.5,54,8.8,54,12.6,91.411,8.17,22.955,,,,,,,,,,,,,,,,,,,,123.4,,
"387","TROUT LAKE","2023081702",0,15.4,55,5.1,100,11.8,91.018,6.411,19.288,,,,,,,,,,,,,,,,,,,,123.4,,
"387","TROUT LAKE","2023081703",0,15.6,57,7.4,70,12.8,90.596,6.779,20.086,,,,,,,,,,,,,,,,,,,,123.4,,
"387","TROUT LAKE","2023081704",0,14.6,58,7,80,13.3,90.202,6.279,18.997,,,,,,,,,,,,,,,,,,,,123.4,,
"387","TROUT LAKE","2023081705",0,14.3,61,3.3,134,11.8,89.833,4.943,15.899,,,,,,,,,,,,,,,,,,,,123.4,,
"387","TROUT LAKE","2023081706",0,14.3,66,2.2,90,6,89.417,4.406,14.563,,,,,,,,,,,,,,,,,,,,123.4,,
"387","TROUT LAKE","2023081707",0,15.8,68,0.8,75,6,89.041,3.89,13.218,,,,,,,,,,,,,,,,,,,,123.4,,
"387","TROUT LAKE","2023081708",0,20.8,51,0.8,157,3.2,89.071,3.907,13.262,,,,,,,,,,,,,,,,,,,,123.4,,
"387","TROUT LAKE","2023081709",0,22.6,46,2.4,283,5.5,89.12,4.265,14.201,,,,,,,,,,,,,,,,,,,,123.4,,
"387","TROUT LAKE","2023081710",0,23.9,46,2.3,286,7.5,89.169,4.273,14.223,,,,,,,,,,,,,,,,,,,,123.4,,
"387","TROUT LAKE","2023081711",0,25.4,44,4.4,230,8.7,89.237,4.797,15.542,,,,,,,,,,,,,,,,,,,,123.4,,
"387","TROUT LAKE","2023081712",0,26.4,38,3.3,316,10.4,89.488,4.704,15.313,0,92.75,7.482,22.287,48.357,414.645,74.882,4,,,,,,,,,,,,123.4,,
"387","TROUT LAKE","2023081713",0,28.4,33,4.9,255,11.6,89.955,5.453,17.717,,,,,,,,,,,,,,,,,,,,123.4,,
"387","TROUT LAKE","2023081714",0,29.3,31,4.8,211,13.2,90.455,5.827,18.607,,,,,,,,,,,,,,,,,,,,123.4,,
"387","TROUT LAKE","2023081715",0,29.3,30,6,212,12,90.917,6.613,20.402,,,,,,,,,,,,,,,,,,,,123.4,,
"387","TROUT LAKE","2023081716",0,29.6,32,5.4,237,13.1,91.223,6.702,20.6,,,,,,,,,,,,,,,,,,,,123.4,,
"387","TROUT LAKE","2023081717",0,29.2,31,6,229,19.9,91.5,7.185,21.653,,,,,,,,,,,,,,,,,,,,123.4,,
"387","TROUT LAKE","2023081718",0,26.5,37,6.4,103,14.7,91.55,7.383,22.078,,,,,,,,,,,,,,,,,,,,123.4,,
"387","TROUT LAKE","2023081719",0,24.2,36,7.9,118,15.3,91.6,8.02,23.41,,,,,,,,,,,,,,,,,,,,123.4,,
"387","TROUT LAKE","2023081720",0,22.8,36,8.3,82,13.7,91.65,8.241,23.863,,,,,,,,,,,,,,,,,,,,123.4,,
"387","TROUT LAKE","2023081721",0,22,39,7.5,74,13,91.641,7.906,23.175,,,,,,,,,,,,,,,,,,,,123.4,,
"387","TROUT LAKE","2023081722",0,21.6,38,8.6,61,14.2,91.647,8.364,24.111,,,,,,,,,,,,,,,,,,,,123.4,,
"387","TROUT LAKE","2023081723",0,23.1,34,5.3,67,17.7,91.697,7.133,21.541,,,,,,,,,,,,,,,,,,,,123.4,,
"388","KETTLE 2","2023081700",0,14.7,49,1.6,268,3.9,92.379,6.518,25.624,,,,,,,,,,,,,,,,,,,,,,
"388","KETTLE 2","2023081701",0,14.4,50,1.8,238,3.9,92.049,6.285,24.983,,,,,,,,,,,,,,,,,,,,,,
"388","KETTLE 2","2023081702",0,14.9,48,4.6,4,9.7,91.744,6.931,26.734,,,,,,,,,,,,,,,,,,,,,,
"388","KETTLE 2","2023081703",0,14.3,52,0,79,6.8,91.514,5.321,22.22,,,,,,,,,,,,,,,,,,,,,,
"388","KETTLE 2","2023081704",0,13.6,53,2.1,85,3.3,91.196,5.654,23.195,,,,,,,,,,,,,,,,,,,,,,
"388","KETTLE 2","2023081705",0,13.8,54,1.8,95,3.3,90.895,5.335,22.26,,,,,,,,,,,,,,,,,,,,,,
"388","KETTLE 2","2023081706",0,14,54,1.7,98,3.3,90.623,5.106,21.576,,,,,,,,,,,,,,,,,,,,,,
"388","KETTLE 2","2023081707",0,15.6,52,1.7,12,4.5,90.42,4.96,21.132,,,,,,,,,,,,,,,,,,,,,,
"388","KETTLE 2","2023081708",0,17.9,48,2.9,241,3.9,90.317,5.192,21.834,,,,,,,,,,,,,,,,,,,,,,
"388","KETTLE 2","2023081709",0,21.9,37,4.4,217,7.9,90.366,5.64,23.154,,,,,,,,,,,,,,,,,,,,,,
"388","KETTLE 2","2023081710",0,25.6,34,4.3,274,8.5,90.549,5.76,23.5,,,,,,,,,,,,,,,,,,,,,,
"388","KETTLE 2","2023081711",0,26.2,34,5.2,246,10.8,90.725,6.18,24.691,,,,,,,,,,,,,,,,,,,,,,
"388","KETTLE 2","2023081712",0,31.3,23,6.4,243,14.9,91.552,7.386,27.926,0,94.938,11.851,38.899,95.619,469.292,126.7,4,,,,,,,,,,,,,,
"388","KETTLE 2","2023081713",0,32.5,20,6.2,249,18.3,92.425,8.272,30.668,,,,,,,,,,,,,,,,,,,,,,
"388","KETTLE 2","2023081714",0,33.5,19,6.8,245,18.3,93.231,9.547,33.752,,,,,,,,,,,,,,,,,,,,,,
"388","KETTLE 2","2023081715",0,32,21,7.4,229,17.2,93.681,10.478,35.892,,,,,,,,,,,,,,,,,,,,,,
"388","KETTLE 2","2023081716",0,31.8,22,5.7,242,18.9,93.966,10.006,34.819,,,,,,,,,,,,,,,,,,,,,,
"388","KETTLE 2","2023081717",0,29.2,25,5.7,241,17.7,94.017,10.076,34.979,,,,,,,,,,,,,,,,,,,,,,
"388","KETTLE 2","2023081718",0,26.5,28,7,272,18.3,94.068,10.834,36.689,,,,,,,,,,,,,,,,,,,,,,
"388","KETTLE 2","2023081719",0,23.9,30,3,326,14.9,94.037,8.819,32.015,,,,,,,,,,,,,,,,,,,,,,
"388","KETTLE 2","2023081720",0,22.4,34,5.2,229,22.9,93.888,9.652,33.999,,,,,,,,,,,,,,,,,,,,,,
"388","KETTLE 2","2023081721",0,21.6,34,2.4,70,16,93.771,8.246,30.603,,,,,,,,,,,,,,,,,,,,,,
"388","KETTLE 2","2023081722",0,21.2,37,5.3,242,14.9,93.566,9.276,33.114,,,,,,,,,,,,,,,,,,,,,,
"388","KETTLE 2","2023081723",0,21,37,6.8,246,24.1,93.37,9.734,34.19,,,,,,,,,,,,,,,,,,,,,,
"390","BEAVERDELL","2023081700",0,14.6,62,3.7,289,6.2,92.531,7.403,32.288,,,,,,,,,,0.5,,,,0,2,890.07,,,,,,
"390","BEAVERDELL","2023081701",0,13,69,2.4,145,6.8,91.765,6.222,28.717,,,,,,,,,,0.4,,,,0,2,890.06,,,,,,
"390","BEAVERDELL","2023081702",0,11.7,74,0,230,3.9,91.147,5.05,24.872,,,,,,,,,,0.5,,,,0,2,890.04,,,,,,
"390","BEAVERDELL","2023081703",0,10.5,78,0,184,0,90.504,4.608,23.323,,,,,,,,,,0.5,,,,0,2,890.03,,,,,,
"390","BEAVERDELL","2023081704",0,9.4,82,1.9,171,3.9,89.665,4.497,22.926,,,,,,,,,,0.5,,,,0,2,890.01,,,,,,
"390","BEAVERDELL","2023081705",0,8.6,86,0,89,0,88.958,3.692,19.906,,,,,,,,,,0.5,,,,0,2,889.98,,,,,,
"390","BEAVERDELL","2023081706",0,8.6,85,0,148,0,88.337,3.377,18.652,,,,,,,,,,0.5,,,,0,2,889.95,,,,,,
"390","BEAVERDELL","2023081707",0,10.3,81,0,141,0,87.854,3.151,17.724,,,,,,,,,,0.7,,,,0,2,889.85,,,,,,
"390","BEAVERDELL","2023081708",0,16,58,3.1,83,5.6,87.801,3.656,19.766,,,,,,,,,,0.6,,,,0,2,889.68,,,,,,
"390","BEAVERDELL","2023081709",0,19.3,47,4.3,91,7.9,87.85,3.911,20.753,,,,,,,,,,0.3,,,,0,2,889.56,,,,,,
"390","BEAVERDELL","2023081710",0,22.4,39,5.4,190,10.2,88.158,4.321,22.285,,,,,,,,,,0.2,,,,0,2,889.51,,,,,,
"390","BEAVERDELL","2023081711",0,24,37,5.4,158,10.8,88.534,4.56,23.153,,,,,,,,,,0.1,,,,0,2,889.51,,,,,,
"390","BEAVERDELL","2023081712",0,26,34,5.6,177,10.8,89.029,4.946,24.511,0,93.969,9.959,39.296,201.144,665.154,229.093,4,,0.3,,,,0,2,889.55,,,,,,
"390","BEAVERDELL","2023081713",0,27.2,33,6.1,141,11.4,89.535,5.454,26.27,,,,,,,,,,0.3,,,,0,2,889.54,,,,,,
"390","BEAVERDELL","2023081714",0,28.7,32,3.7,136,10.8,90.028,5.187,25.37,,,,,,,,,,0.3,,,,0,2,889.55,,,,,,
"390","BEAVERDELL","2023081715",0,30.2,29,5.3,129,9.1,90.645,6.141,28.496,,,,,,,,,,0.5,,,,0,2,889.56,,,,,,
"390","BEAVERDELL","2023081716",0,31.9,24,4.9,136,9.1,91.449,6.749,30.381,,,,,,,,,,0.4,,,,0,2,889.54,,,,,,
"390","BEAVERDELL","2023081717",0,32.4,22,4.1,162,13.7,92.2,7.209,31.759,,,,,,,,,,0.3,,,,0,2,889.53,,,,,,
"390","BEAVERDELL","2023081718",0,31.9,23,4.3,135,10.2,92.732,7.849,33.612,,,,,,,,,,0.3,,,,0,2,889.6,,,,,,
"390","BEAVERDELL","2023081719",0,28.7,28,4.8,316,9.7,92.827,8.157,34.481,,,,,,,,,,0.1,,,,0,2,889.7,,,,,,
"390","BEAVERDELL","2023081720",0,28.8,27,9.6,352,17.7,92.954,10.576,40.853,,,,,,,,,,0.5,,,,0,2,889.76,,,,,,
"390","BEAVERDELL","2023081721",0,27.8,30,6.3,321,26.4,93.004,9.019,36.838,,,,,,,,,,0.5,,,,0,2,889.74,,,,,,
"390","BEAVERDELL","2023081722",0,23,41,6,173,15.4,92.805,8.638,35.81,,,,,,,,,,0.1,,,,0,2,889.85,,,,,,
"390","BEAVERDELL","2023081723",0,20.2,47,4.3,66,11.4,92.473,7.568,32.806,,,,,,,,,,0.2,,,,0,2,889.93,,,,,,
"391","EIGHT MILE","2023081700",0,13.1,68,0,251,0,90.698,4.737,21.963,,,,,,,,,0,0,,0,0,0,0,0,,0,0,,0,
"391","EIGHT MILE","2023081701",0,12.5,71,0,244,0,90.223,4.426,20.922,,,,,,,,,0,0,,0,0,0,0,0,,0,0,,0,
"391","EIGHT MILE","2023081702",0,11.8,70,1.6,231,3.3,89.704,4.454,21.016,,,,,,,,,0,0,,0,0,0,0,0,,0,0,,0,
"391","EIGHT MILE","2023081703",0,11.4,75,1.7,229,3.3,89.12,4.117,19.855,,,,,,,,,0,0,,0,0,0,0,0,,0,0,,0,
"391","EIGHT MILE","2023081704",0,10.8,77,0,245,0,88.661,3.538,17.767,,,,,,,,,0,0,,0,0,0,0,0,,0,0,,0,
"391","EIGHT MILE","2023081705",0,10.5,77,0,240,0,88.24,3.33,16.986,,,,,,,,,0,0,,0,0,0,0,0,,0,0,,0,
"391","EIGHT MILE","2023081706",0,11.3,78,0,239,2.2,87.828,3.14,16.251,,,,,,,,,0,0,,0,0,0,0,0,,0,0,,0,
"391","EIGHT MILE","2023081707",0,16.4,71,0,160,2.2,87.596,3.037,15.848,,,,,,,,,0,0,,0,0,0,0,0,,0,0,,0,
"391","EIGHT MILE","2023081708",0,21.6,61,0,58,0,87.614,3.045,15.879,,,,,,,,,0,0,,0,0,0,0,0,,0,0,,0,
"391","EIGHT MILE","2023081709",0,25.4,36,5.6,166,9.7,88.16,4.366,20.716,,,,,,,,,0,0,,0,0,0,0,0,,0,0,,0,
"391","EIGHT MILE","2023081710",0,25.7,33,6.3,195,10.8,88.744,4.918,22.557,,,,,,,,,0,0,,0,0,0,0,0,,0,0,,0,
"391","EIGHT MILE","2023081711",0,26.6,33,5.3,175,12.5,89.262,5.037,22.942,,,,,,,,,0,0,,0,0,0,0,0,,0,0,,0,
"391","EIGHT MILE","2023081712",0,28.7,27,7.1,160,14.3,90.052,6.177,26.456,0,94.933,12.267,42.088,124.545,486.137,151.839,4,0,0,,0,0,0,0,0,,0,0,,0,
"391","EIGHT MILE","2023081713",0,29,23,6.6,81,14.9,90.88,6.78,28.437,,,,,,,,,0,0,,0,0,0,0,0,,0,0,,0,
"391","EIGHT MILE","2023081714",0,30.1,20,6,218,13.7,91.741,7.435,30.275,,,,,,,,,0,0,,0,0,0,0,0,,0,0,,0,
"391","EIGHT MILE","2023081715",0,27.5,24,5.4,165,14.9,92.13,7.622,30.785,,,,,,,,,0,0,,0,0,0,0,0,,0,0,,0,
"391","EIGHT MILE","2023081716",0,25.8,40,3.4,115,13.7,92.12,6.881,28.727,,,,,,,,,0,0,,0,0,0,0,0,,0,0,,0,
"391","EIGHT MILE","2023081717",0,24.7,36,4.9,151,13.1,92.17,7.474,30.381,,,,,,,,,0,0,,0,0,0,0,0,,0,0,,0,
"391","EIGHT MILE","2023081718",0,21.1,47,3.1,277,10.8,91.933,6.601,27.924,,,,,,,,,0,0,,0,0,0,0,0,,0,0,,0,
"391","EIGHT MILE","2023081719",0,18.8,52,3.3,222,6.8,91.59,6.351,27.194,,,,,,,,,0,0,,0,0,0,0,0,,0,0,,0,
"391","EIGHT MILE","2023081720",0,17.7,57,2.2,249,6.8,91.189,5.677,25.162,,,,,,,,,0,0,,0,0,0,0,0,,0,0,,0,
"391","EIGHT MILE","2023081721",0,17.8,55,3.7,132,14.9,90.85,5.833,25.643,,,,,,,,,0,0,,0,0,0,0,0,,0,0,,0,
"391","EIGHT MILE","2023081722",0,22,36,8.7,81,18.3,90.9,7.558,30.611,,,,,,,,,0,0,,0,0,0,0,0,,0,0,,0,
"391","EIGHT MILE","2023081723",0,18.5,49,4.8,114,18.3,90.718,6.051,26.302,,,,,,,,,0,0,,0,0,0,0,0,,0,0,,0,
"392","GRAND FORKS","2023081700",0,23.2,37,9.4,298,13.1,95.138,14.168,49.792,,,,,,,,,,,,,,,,,,,,,,
"392","GRAND FORKS","2023081701",0,21.2,43,2.7,296,12.5,94.68,9.492,38.561,,,,,,,,,,,,,,,,,,,,,,
"392","GRAND FORKS","2023081702",0,21.3,42,8.8,308,10.2,94.196,12.076,45.016,,,,,,,,,,,,,,,,,,,,,,
"392","GRAND FORKS","2023081703",0,20.3,45,10.5,307,13.1,93.665,12.221,45.36,,,,,,,,,,,,,,,,,,,,,,
"392","GRAND FORKS","2023081704",0,17.6,56,5.1,87,13.7,92.985,8.467,35.784,,,,,,,,,,,,,,,,,,,,,,
"392","GRAND FORKS","2023081705",0,17.6,54,8.6,293,10.8,92.383,9.28,37.998,,,,,,,,,,,,,,,,,,,,,,
"392","GRAND FORKS","2023081706",0,18,52,8.6,306,11.4,91.912,8.683,36.381,,,,,,,,,,,,,,,,,,,,,,
"392","GRAND FORKS","2023081707",0,18.9,49,10.6,290,13.1,91.566,9.145,37.636,,,,,,,,,,,,,,,,,,,,,,
"392","GRAND FORKS","2023081708",0,20.6,46,9.6,280,14.9,91.369,8.455,35.751,,,,,,,,,,,,,,,,,,,,,,
"392","GRAND FORKS","2023081709",0,23,41,6.8,238,13.1,91.369,7.343,32.561,,,,,,,,,,,,,,,,,,,,,,
"392","GRAND FORKS","2023081710",0,26.6,33,7,211,10.2,91.458,7.511,33.057,,,,,,,,,,,,,,,,,,,,,,
"392","GRAND FORKS","2023081711",0,29.6,29,7.4,157,12.5,91.795,8.04,34.583,,,,,,,,,,,,,,,,,,,,,,
"392","GRAND FORKS","2023081712",0,32.8,23,9.2,160,14.3,92.522,9.754,39.249,0,96.395,16.634,55.035,279.014,925.82,318.25,5,,,,,,,,,,,,,,
"392","GRAND FORKS","2023081713",0,34.7,21,13.1,98,20,93.346,13.326,47.923,,,,,,,,,,,,,,,,,,,,,,
"392","GRAND FORKS","2023081714",0,36.1,19,17.3,109,26.4,94.206,18.558,58.868,,,,,,,,,,,,,,,,,,,,,,
"392","GRAND FORKS","2023081715",0,37.5,17,18,106,29.8,95.054,21.602,64.571,,,,,,,,,,,,,,,,,,,,,,
"392","GRAND FORKS","2023081716",0,37.7,17,8.3,134,23.5,95.596,14.268,50.024,,,,,,,,,,,,,,,,,,,,,,
"392","GRAND FORKS","2023081717",0,36.5,15,19.9,234,30.4,96.107,27.433,74.519,,,,,,,,,,,,,,,,,,,,,,
"392","GRAND FORKS","2023081718",0,35.5,16,22.4,221,32.1,96.349,32.149,81.838,,,,,,,,,,,,,,,,,,,,,,
"392","GRAND FORKS","2023081719",0,33.9,18,17.4,241,32.1,96.4,25.164,70.781,,,,,,,,,,,,,,,,,,,,,,
"392","GRAND FORKS","2023081720",0,32.3,20,15.9,308,26.4,96.451,23.493,67.924,,,,,,,,,,,,,,,,,,,,,,
"392","GRAND FORKS","2023081721",0,31.1,22,19.5,304,26.4,96.44,28.12,75.621,,,,,,,,,,,,,,,,,,,,,,
"392","GRAND FORKS","2023081722",0,30.2,24,16.4,307,31.6,96.347,23.755,68.378,,,,,,,,,,,,,,,,,,,,,,
"392","GRAND FORKS","2023081723",0,29.2,26,16.4,308,21.8,96.178,23.22,67.449,,,,,,,,,,,,,,,,,,,,,,
"393","NICOLL","2023081700",0,17.6,51,3.7,32,13.2,92.67,7.549,30.173,,,,,,,,,,,,,,,,,,,,61.2,,
"393","NICOLL","2023081701",0,16,56,7.8,7,12.5,92.069,8.527,32.745,,,,,,,,,,,,,,,,,,,,61.2,,
"393","NICOLL","2023081702",0,14.9,61,4.2,357,13.8,91.481,6.545,27.379,,,,,,,,,,,,,,,,,,,,61.2,,
"393","NICOLL","2023081703",0,13.7,66,6.4,20,11.7,90.802,6.638,27.647,,,,,,,,,,,,,,,,,,,,61.2,,
"393","NICOLL","2023081704",0,12.9,68,5.1,20,12.4,90.18,5.688,24.848,,,,,,,,,,,,,,,,,,,,61.2,,
"393","NICOLL","2023081705",0,12.3,71,7.1,10,10.8,89.524,5.727,24.964,,,,,,,,,,,,,,,,,,,,61.2,,
"393","NICOLL","2023081706",0,12.5,70,5.3,2,11.9,88.995,4.848,22.203,,,,,,,,,,,,,,,,,,,,61.2,,
"393","NICOLL","2023081707",0,15.1,61,5.9,13,9.8,88.731,4.811,22.081,,,,,,,,,,,,,,,,,,,,61.2,,
"393","NICOLL","2023081708",0,18.4,53,2.3,317,9.7,88.716,4.004,19.347,,,,,,,,,,,,,,,,,,,,61.2,,
"393","NICOLL","2023081709",0,22.9,38,2.7,236,5.1,88.931,4.214,20.077,,,,,,,,,,,,,,,,,,,,61.2,,
"393","NICOLL","2023081710",0,24.2,36,7.3,180,11.4,89.242,5.556,24.442,,,,,,,,,,,,,,,,,,,,61.2,,
"393","NICOLL","2023081711",0,27,30,9,190,14.2,89.847,6.601,27.54,,,,,,,,,,,,,,,,,,,,61.2,,
"393","NICOLL","2023081712",0,30.2,25,8.9,221,13.9,90.729,7.451,29.91,0,95.669,14.852,47.386,110.872,580.04,150.044,5,,,,,,,,,,,,61.2,,
"393","NICOLL","2023081713",0,31.2,24,8.3,197,18.2,91.53,8.102,31.969,,,,,,,,,,,,,,,,,,,,61.2,,
"393","NICOLL","2023081714",0,32.7,20,5.2,193,14.4,92.4,7.839,31.268,,,,,,,,,,,,,,,,,,,,61.2,,
"393","NICOLL","2023081715",0,32.2,18,6.4,160,12.8,93.18,9.29,35.011,,,,,,,,,,,,,,,,,,,,61.2,,
"393","NICOLL","2023081716",0,31.6,20,9.7,131,20.4,93.69,11.779,40.873,,,,,,,,,,,,,,,,,,,,61.2,,
"393","NICOLL","2023081717",0,31,22,2.3,195,16.5,93.921,8.377,32.69,,,,,,,,,,,,,,,,,,,,61.2,,
"393","NICOLL","2023081718",0,28.1,31,6.9,30,8.8,93.946,10.6,38.174,,,,,,,,,,,,,,,,,,,,61.2,,
"393","NICOLL","2023081719",0,26.3,30,1.9,101,10,93.965,8.26,32.385,,,,,,,,,,,,,,,,,,,,61.2,,
"393","NICOLL","2023081720",0,23.8,39,7.2,7,10.2,93.697,10.395,37.69,,,,,,,,,,,,,,,,,,,,61.2,,
"393","NICOLL","2023081721",0,22.2,40,6.7,7,11.5,93.423,9.757,36.16,,,,,,,,,,,,,,,,,,,,61.2,,
"393","NICOLL","2023081722",0,20.9,47,4,6,9.6,93.027,8.058,31.851,,,,,,,,,,,,,,,,,,,,61.2,,
"393","NICOLL","2023081723",0,20.3,46,4.6,16,10.1,92.69,7.921,31.488,,,,,,,,,,,,,,,,,,,,61.2,,
"394","ROCK CREEK","2023081700",0,17.7,60,1.9,118,6.8,92.503,6.734,27.955,,,,,,,,,,,,,,,,,,,,,,
"394","ROCK CREEK","2023081701",0,16.4,67,3.8,283,5.6,91.712,6.627,27.652,,,,,,,,,,,,,,,,,,,,,,
"394","ROCK CREEK","2023081702",0,14.8,76,4.6,322,7.9,90.751,6.019,25.876,,,,,,,,,,,,,,,,,,,,,,
"394","ROCK CREEK","2023081703",0,14.2,74,1.9,261,6.2,90.055,4.756,21.93,,,,,,,,,,,,,,,,,,,,,,
"394","ROCK CREEK","2023081704",0,12.8,80,1.9,37,3.9,89.278,4.254,20.244,,,,,,,,,,,,,,,,,,,,,,
"394","ROCK CREEK","2023081705",0,12,81,2.2,28,5.6,88.552,3.891,18.973,,,,,,,,,,,,,,,,,,,,,,
"394","ROCK CREEK","2023081706",0,12.8,82,1.9,226,4.5,87.875,3.478,17.468,,,,,,,,,,,,,,,,,,,,,,
"394","ROCK CREEK","2023081707",0,17.4,59,5.3,313,7.9,87.813,4.092,19.681,,,,,,,,,,,,,,,,,,,,,,
"394","ROCK CREEK","2023081708",0,20.1,49,7.5,299,11.4,87.862,4.604,21.427,,,,,,,,,,,,,,,,,,,,,,
"394","ROCK CREEK","2023081709",0,23,44,6.9,311,10.8,88.059,4.594,21.396,,,,,,,,,,,,,,,,,,,,,,
"394","ROCK CREEK","2023081710",0,24.9,40,8.6,305,13.7,88.413,5.266,23.573,,,,,,,,,,,,,,,,,,,,,,
"394","ROCK CREEK","2023081711",0,28.8,33,7.2,312,13.7,89.118,5.43,24.084,,,,,,,,,,,,,,,,,,,,,,
"394","ROCK CREEK","2023081712",0,32,27,8.5,270,14.9,90.164,6.736,27.961,0,95.461,14.15,46.066,103.251,708.954,151.384,4,,,,,,,,,,,,,,
"394","ROCK CREEK","2023081713",0,35,26,6.5,322,13.7,91.202,7.063,29.216,,,,,,,,,,,,,,,,,,,,,,
"394","ROCK CREEK","2023081714",0,38.8,18,7.7,283,16.6,92.778,9.376,35.311,,,,,,,,,,,,,,,,,,,,,,
"394","ROCK CREEK","2023081715",0,37.8,19,7.6,265,26.4,93.799,10.758,38.635,,,,,,,,,,,,,,,,,,,,,,
"394","ROCK CREEK","2023081716",0,35.8,23,6.9,276,16.6,94.204,10.985,39.163,,,,,,,,,,,,,,,,,,,,,,
"394","ROCK CREEK","2023081717",0,35.7,23,10.7,292,17.7,94.523,13.902,45.552,,,,,,,,,,,,,,,,,,,,,,
"394","ROCK CREEK","2023081718",0,32.8,31,5,279,13.1,94.574,10.505,38.041,,,,,,,,,,,,,,,,,,,,,,
"394","ROCK CREEK","2023081719",0,28,38,4.6,307,9.7,94.332,9.957,36.733,,,,,,,,,,,,,,,,,,,,,,
"394","ROCK CREEK","2023081720",0,26,43,5.1,285,12,93.946,9.681,36.062,,,,,,,,,,,,,,,,,,,,,,
"394","ROCK CREEK","2023081721",0,23,50,4.4,320,11.4,93.404,8.666,33.517,,,,,,,,,,,,,,,,,,,,,,
"394","ROCK CREEK","2023081722",0,22.5,51,3.4,132,8.5,92.924,7.706,30.986,,,,,,,,,,,,,,,,,,,,,,
"394","ROCK CREEK","2023081723",0,20.3,61,2.8,328,6.8,92.249,6.799,28.468,,,,,,,,,,,,,,,,,,,,,,
"396","OCTOPUS CREEK","2023081700",0,17.9,40,6.7,53,12,92.79,8.93,31.618,,,,,,,,,,,,,,,,,,,,8579.8,,
"396","OCTOPUS CREEK","2023081701",0,17.1,42,6.5,81,8.9,92.529,8.523,30.642,,,,,,,,,,,,,,,,,,,,8579.8,,
"396","OCTOPUS CREEK","2023081702",0,16.3,44,5.7,75,9.5,92.254,7.875,29.045,,,,,,,,,,,,,,,,,,,,8579.8,,
"396","OCTOPUS CREEK","2023081703",0,15.8,48,4.2,149,9.6,91.937,6.981,26.748,,,,,,,,,,,,,,,,,,,,8579.8,,
"396","OCTOPUS CREEK","2023081704",0,15.7,47,3.5,110,6.9,91.681,6.499,25.456,,,,,,,,,,,,,,,,,,,,8579.8,,
"396","OCTOPUS CREEK","2023081705",0,15.5,48,4.5,142,10.4,91.416,6.583,25.684,,,,,,,,,,,,,,,,,,,,8579.8,,
"396","OCTOPUS CREEK","2023081706",0,16,52,4.2,159,8.2,91.101,6.201,24.635,,,,,,,,,,,,,,,,,,,,8579.8,,
"396","OCTOPUS CREEK","2023081707",0,17.1,53,2.2,359,8.6,90.833,5.396,22.338,,,,,,,,,,,,,,,,,,,,8579.8,,
"396","OCTOPUS CREEK","2023081708",0,22.2,37,3.7,194,6.8,90.883,5.861,23.681,,,,,,,,,,,,,,,,,,,,8579.8,,
"396","OCTOPUS CREEK","2023081709",0,23.2,38,4.6,283,7.1,90.933,6.176,24.569,,,,,,,,,,,,,,,,,,,,8579.8,,
"396","OCTOPUS CREEK","2023081710",0,26.7,31,4.9,245,14.3,91.163,6.48,25.403,,,,,,,,,,,,,,,,,,,,8579.8,,
"396","OCTOPUS CREEK","2023081711",0,27.6,29,5.9,229,19.7,91.465,7.113,27.095,,,,,,,,,,,,,,,,,,,,8579.8,,
"396","OCTOPUS CREEK","2023081712",0,28.9,24,7.1,189,18.5,91.982,8.131,29.684,0,94.606,11.729,38.406,100.296,411.345,124.625,4,,,,,,,,,,,,8579.8,,
"396","OCTOPUS CREEK","2023081713",0,28.8,22,9.7,205,22.2,92.506,9.981,34.55,,,,,,,,,,,,,,,,,,,,8579.8,,
"396","OCTOPUS CREEK","2023081714",0,28.6,22,9.5,218,22.6,92.914,10.464,35.642,,,,,,,,,,,,,,,,,,,,8579.8,,
"396","OCTOPUS CREEK","2023081715",0,27.9,21,11.8,198,22,93.267,12.345,39.704,,,,,,,,,,,,,,,,,,,,8579.8,,
"396","OCTOPUS CREEK","2023081716",0,28.9,21,7.8,199,21.7,93.573,10.531,35.793,,,,,,,,,,,,,,,,,,,,8579.8,,
"396","OCTOPUS CREEK","2023081717",0,26.9,22,10,201,19.2,93.704,11.982,38.944,,,,,,,,,,,,,,,,,,,,8579.8,,
"396","OCTOPUS CREEK","2023081718",0,25.7,25,9.6,188,15.6,93.755,11.826,38.613,,,,,,,,,,,,,,,,,,,,8579.8,,
"396","OCTOPUS CREEK","2023081719",0,24.2,27,8.3,186,17.5,93.806,11.155,37.169,,,,,,,,,,,,,,,,,,,,8579.8,,
"396","OCTOPUS CREEK","2023081720",0,24.2,27,8.7,191,17,93.857,11.463,37.837,,,,,,,,,,,,,,,,,,,,8579.8,,
"396","OCTOPUS CREEK","2023081721",0,22.7,32,7.6,203,15.3,93.766,10.71,36.191,,,,,,,,,,,,,,,,,,,,8579.8,,
"396","OCTOPUS CREEK","2023081722",0,20.5,37,3.6,170,14.9,93.573,8.522,31.095,,,,,,,,,,,,,,,,,,,,8579.8,,
"396","OCTOPUS CREEK","2023081723",0,20.5,35,6.7,169,15.8,93.419,9.751,34.02,,,,,,,,,,,,,,,,,,,,8579.8,,
"401","GOATFELL","2023081700",0,18.3,51,3.2,57,5.6,92.567,7.255,23.468,,,,,,,,,,,,,,,,,,,,,,
"401","GOATFELL","2023081701",0,18.1,52,2.2,35,5.1,92.175,6.528,21.775,,,,,,,,,,,,,,,,,,,,,,
"401","GOATFELL","2023081702",0,17,58,2.3,57,5.6,91.686,6.122,20.797,,,,,,,,,,,,,,,,,,,,,,
"401","GOATFELL","2023081703",0,16.5,58,2.1,46,5.1,91.254,5.7,19.75,,,,,,,,,,,,,,,,,,,,,,
"401","GOATFELL","2023081704",0,15.8,60,2.5,60,3.9,90.813,5.463,19.147,,,,,,,,,,,,,,,,,,,,,,
"401","GOATFELL","2023081705",0,15.6,61,2,51,4.5,90.408,5.027,18.014,,,,,,,,,,,,,,,,,,,,,,
"401","GOATFELL","2023081706",0,15.4,67,2.6,60,3.9,89.898,4.817,17.452,,,,,,,,,,,,,,,,,,,,,,
"401","GOATFELL","2023081707",0,17,71,1.6,357,3.3,89.373,4.247,15.881,,,,,,,,,,,,,,,,,,,,,,
"401","GOATFELL","2023081708",0,20.6,55,3.5,155,6.2,89.274,4.609,16.887,,,,,,,,,,,,,,,,,,,,,,
"401","GOATFELL","2023081709",0,23.7,38,3.5,242,6.2,89.441,4.72,17.192,,,,,,,,,,,,,,,,,,,,,,
"401","GOATFELL","2023081710",0,27,36,3.7,185,7.9,89.746,4.981,17.892,,,,,,,,,,,,,,,,,,,,,,
"401","GOATFELL","2023081711",0,30.3,29,5.5,160,10.8,90.423,6.01,20.521,,,,,,,,,,,,,,,,,,,,,,
"401","GOATFELL","2023081712",0,33.6,23,6.9,174,17.2,91.47,7.486,23.992,0,95.141,12.496,35.202,64.756,404.39,92.487,4,,,,,,,,,,,,,,
"401","GOATFELL","2023081713",0,33.5,22,6,210,16.6,92.317,8.066,26.198,,,,,,,,,,,,,,,,,,,,,,
"401","GOATFELL","2023081714",0,34.9,21,8.8,233,21.8,93.156,10.449,31.252,,,,,,,,,,,,,,,,,,,,,,
"401","GOATFELL","2023081715",0,34.1,19,9.8,251,24.1,93.866,12.132,34.521,,,,,,,,,,,,,,,,,,,,,,
"401","GOATFELL","2023081716",0,35.1,15,9.5,253,25.8,94.689,13.388,36.835,,,,,,,,,,,,,,,,,,,,,,
"401","GOATFELL","2023081717",0,33.4,17,8.4,241,25.2,95.095,13.392,36.841,,,,,,,,,,,,,,,,,,,,,,
"401","GOATFELL","2023081718",0,29.9,19,6.7,258,20,95.16,12.403,35.03,,,,,,,,,,,,,,,,,,,,,,
"401","GOATFELL","2023081719",0,26.8,27,3.4,317,13.7,95.125,10.452,31.258,,,,,,,,,,,,,,,,,,,,,,
"401","GOATFELL","2023081720",0,23.8,34,2.8,32,8.5,94.903,9.837,30.007,,,,,,,,,,,,,,,,,,,,,,
"401","GOATFELL","2023081721",0,23.1,33,3.2,118,10.8,94.715,9.782,29.893,,,,,,,,,,,,,,,,,,,,,,
"401","GOATFELL","2023081722",0,25.2,28,6.1,163,18.3,94.669,11.249,32.833,,,,,,,,,,,,,,,,,,,,,,
"401","GOATFELL","2023081723",0,25.4,29,5.3,176,21.8,94.61,10.718,31.789,,,,,,,,,,,,,,,,,,,,,,
"402","PENDOREILLE","2023081700",0,20.7,50,2.4,113,4.8,94.086,8.614,32.819,,,,,,,,,,,,,,,,,,,,25.8,,
"402","PENDOREILLE","2023081701",0,19.6,54,0.5,252,7,93.56,7.277,29.298,,,,,,,,,,,,,,,,,,,,25.8,,
"402","PENDOREILLE","2023081702",0,18.7,57,1.8,97,6.2,92.955,7.139,28.92,,,,,,,,,,,,,,,,,,,,25.8,,
"402","PENDOREILLE","2023081703",0,17.7,61,0.8,239,7.2,92.369,6.252,26.407,,,,,,,,,,,,,,,,,,,,25.8,,
"402","PENDOREILLE","2023081704",0,16.8,64,3.4,104,6.3,91.682,6.468,27.032,,,,,,,,,,,,,,,,,,,,25.8,,
"402","PENDOREILLE","2023081705",0,16.5,66,2.5,142,7.7,91.052,5.652,24.619,,,,,,,,,,,,,,,,,,,,25.8,,
"402","PENDOREILLE","2023081706",0,16.1,67,1.6,59,4.9,90.499,4.991,22.556,,,,,,,,,,,,,,,,,,,,25.8,,
"402","PENDOREILLE","2023081707",0,18.1,60,0.3,119,6.3,90.208,4.484,20.896,,,,,,,,,,,,,,,,,,,,25.8,,
"402","PENDOREILLE","2023081708",0,21.7,49,3.5,165,5.6,90.156,5.23,23.314,,,,,,,,,,,,,,,,,,,,25.8,,
"402","PENDOREILLE","2023081709",0,24.4,43,3.8,211,6.9,90.205,5.347,23.681,,,,,,,,,,,,,,,,,,,,25.8,,
"402","PENDOREILLE","2023081710",0,28,35,4.5,205,8,90.461,5.745,24.903,,,,,,,,,,,,,,,,,,,,25.8,,
"402","PENDOREILLE","2023081711",0,30.8,29,5.2,158,8.9,91.025,6.45,26.981,,,,,,,,,,,,,,,,,,,,25.8,,
"402","PENDOREILLE","2023081712",0,34.2,24,6.7,150,12.4,91.924,7.904,30.982,0,96.479,14.832,47.243,106.673,615.053,148.819,5,,,,,,,,,,,,25.8,,
"402","PENDOREILLE","2023081713",0,33.8,23,4.9,272,12.2,92.622,7.966,31.535,,,,,,,,,,,,,,,,,,,,25.8,,
"402","PENDOREILLE","2023081714",0,34.8,21,6.1,258,10.6,93.345,9.365,35.116,,,,,,,,,,,,,,,,,,,,25.8,,
"402","PENDOREILLE","2023081715",0,36.2,19,7.2,264,13.8,94.107,11.004,39.026,,,,,,,,,,,,,,,,,,,,25.8,,
"402","PENDOREILLE","2023081716",0,36.8,17,7.2,256,17.4,94.831,12.158,41.622,,,,,,,,,,,,,,,,,,,,25.8,,
"402","PENDOREILLE","2023081717",0,34.7,19,8.5,265,17.7,95.157,13.574,44.661,,,,,,,,,,,,,,,,,,,,25.8,,
"402","PENDOREILLE","2023081718",0,31.4,24,2.3,348,21.4,95.208,10.002,36.669,,,,,,,,,,,,,,,,,,,,25.8,,
"402","PENDOREILLE","2023081719",0,28.8,27,3.3,313,8.3,95.199,10.505,37.866,,,,,,,,,,,,,,,,,,,,25.8,,
"402","PENDOREILLE","2023081720",0,27.9,30,5.2,137,12.4,95.093,11.395,39.919,,,,,,,,,,,,,,,,,,,,25.8,,
"402","PENDOREILLE","2023081721",0,26.4,34,6,48,10,94.863,11.495,40.144,,,,,,,,,,,,,,,,,,,,25.8,,
"402","PENDOREILLE","2023081722",0,25.5,34,5.3,64,12.6,94.657,10.787,38.523,,,,,,,,,,,,,,,,,,,,25.8,,
"402","PENDOREILLE","2023081723",0,23.4,37,3.5,319,11,94.397,9.505,35.462,,,,,,,,,,,,,,,,,,,,25.8,,
"404","SMALLWOOD","2023081700",0,21.8,40,3.5,279,7.9,93.175,8.021,32.75,,,,,,,,,,,,,,,,,,,,,,
"404","SMALLWOOD","2023081701",0,21.2,41,3.1,325,7.4,92.965,7.634,31.685,,,,,,,,,,,,,,,,,,,,,,
"404","SMALLWOOD","2023081702",0,20.9,43,2.9,281,5.6,92.733,7.315,30.79,,,,,,,,,,,,,,,,,,,,,,
"404","SMALLWOOD","2023081703",0,19.8,46,3.1,337,5.6,92.447,7.098,30.17,,,,,,,,,,,,,,,,,,,,,,
"404","SMALLWOOD","2023081704",0,19.3,47,3,282,7.9,92.168,6.789,29.276,,,,,,,,,,,,,,,,,,,,,,
"404","SMALLWOOD","2023081705",0,18.5,50,3,269,5.1,91.847,6.489,28.387,,,,,,,,,,,,,,,,,,,,,,
"404","SMALLWOOD","2023081706",0,18.9,52,2,321,8.5,91.537,5.905,26.609,,,,,,,,,,,,,,,,,,,,,,
"404","SMALLWOOD","2023081707",0,20.3,48,2.1,172,4.5,91.353,5.781,26.224,,,,,,,,,,,,,,,,,,,,,,
"404","SMALLWOOD","2023081708",0,22.4,46,2.7,117,4.5,91.249,5.871,26.505,,,,,,,,,,,,,,,,,,,,,,
"404","SMALLWOOD","2023081709",0,24.6,44,3.9,144,7.4,91.232,6.222,27.583,,,,,,,,,,,,,,,,,,,,,,
"404","SMALLWOOD","2023081710",0,26.1,38,4.5,160,7.4,91.282,6.459,28.297,,,,,,,,,,,,,,,,,,,,,,
"404","SMALLWOOD","2023081711",0,28.1,31,5.7,192,8.5,91.505,7.082,30.125,,,,,,,,,,,,,,,,,,,,,,
"404","SMALLWOOD","2023081712",0,31,25,6.4,154,10.8,92.065,7.942,32.535,0,94.766,11.574,41.863,139.762,586.894,175.212,4,,,,,,,,,,,,,,
"404","SMALLWOOD","2023081713",0,33.6,23,9.2,144,16,92.778,10.112,38.362,,,,,,,,,,,,,,,,,,,,,,
"404","SMALLWOOD","2023081714",0,31.7,25,6.1,149,17.2,93.109,9.061,35.703,,,,,,,,,,,,,,,,,,,,,,
"404","SMALLWOOD","2023081715",0,33.5,21,9.4,176,20.6,93.681,11.589,41.897,,,,,,,,,,,,,,,,,,,,,,
"404","SMALLWOOD","2023081716",0,32.7,22,7.7,209,19.5,94.017,11.145,40.858,,,,,,,,,,,,,,,,,,,,,,
"404","SMALLWOOD","2023081717",0,29.9,27,3.6,322,10.8,94.068,9.128,35.878,,,,,,,,,,,,,,,,,,,,,,
"404","SMALLWOOD","2023081718",0,28.8,27,3.2,300,6.8,94.119,9.01,35.57,,,,,,,,,,,,,,,,,,,,,,
"404","SMALLWOOD","2023081719",0,27.6,29,4.2,305,10.2,94.16,9.53,36.905,,,,,,,,,,,,,,,,,,,,,,
"404","SMALLWOOD","2023081720",0,26.6,31,3.7,327,5.6,94.135,9.261,36.219,,,,,,,,,,,,,,,,,,,,,,
"404","SMALLWOOD","2023081721",0,26.9,29,4.8,301,9.1,94.161,9.823,37.644,,,,,,,,,,,,,,,,,,,,,,
"404","SMALLWOOD","2023081722",0,26.6,29,4.2,290,14.3,94.179,9.555,36.97,,,,,,,,,,,,,,,,,,,,,,
"404","SMALLWOOD","2023081723",0,25.4,32,4,300,7.9,94.109,9.368,36.494,,,,,,,,,,,,,,,,,,,,,,
"406","SLOCAN","2023081700",0,20.2,40,9.7,8,15.4,92.844,10.467,35.059,,,,,,,,,,,,,,,,,,,,,,
"406","SLOCAN","2023081701",0,20.5,39,4.5,267,15.4,92.692,7.884,29,,,,,,,,,,,,,,,,,,,,,,
"406","SLOCAN","2023081702",0,18.3,45,7,30,12,92.376,8.554,30.645,,,,,,,,,,,,,,,,,,,,,,
"406","SLOCAN","2023081703",0,18.7,43,6.1,358,14.3,92.154,7.922,29.095,,,,,,,,,,,,,,,,,,,,,,
"406","SLOCAN","2023081704",0,17.2,46,9.8,11,12,91.845,9.138,32.035,,,,,,,,,,,,,,,,,,,,,,
"406","SLOCAN","2023081705",0,17.8,45,3.1,337,11.4,91.656,6.348,24.981,,,,,,,,,,,,,,,,,,,,,,
"406","SLOCAN","2023081706",0,17.9,46,3.2,158,9.7,91.466,6.209,24.6,,,,,,,,,,,,,,,,,,,,,,
"406","SLOCAN","2023081707",0,20,43,3.2,57,7.9,91.377,6.132,24.384,,,,,,,,,,,,,,,,,,,,,,
"406","SLOCAN","2023081708",0,21.8,42,2.9,196,7.4,91.344,6.011,24.047,,,,,,,,,,,,,,,,,,,,,,
"406","SLOCAN","2023081709",0,23.4,35,5.9,226,8.5,91.394,7.042,26.843,,,,,,,,,,,,,,,,,,,,,,
"406","SLOCAN","2023081710",0,26.2,29,6.3,191,9.7,91.607,7.406,27.788,,,,,,,,,,,,,,,,,,,,,,
"406","SLOCAN","2023081711",0,26.7,29,6.2,217,10.2,91.8,7.573,28.216,,,,,,,,,,,,,,,,,,,,,,
"406","SLOCAN","2023081712",0,29.6,25,6.3,171,12.5,92.234,8.093,29.52,0,94.885,11.706,38.35,89.857,507.341,124.561,4,,,,,,,,,,,,,,
"406","SLOCAN","2023081713",0,29.4,26,9.1,195,17.7,92.547,9.74,33.988,,,,,,,,,,,,,,,,,,,,,,
"406","SLOCAN","2023081714",0,30.5,24,9.3,203,16.6,92.938,10.394,35.479,,,,,,,,,,,,,,,,,,,,,,
"406","SLOCAN","2023081715",0,31.1,24,9.8,201,18.3,93.275,11.174,37.205,,,,,,,,,,,,,,,,,,,,,,
"406","SLOCAN","2023081716",0,27.7,27,6.7,219,16.6,93.325,9.625,33.722,,,,,,,,,,,,,,,,,,,,,,
"406","SLOCAN","2023081717",0,28.6,23,6.6,193,12,93.514,9.832,34.2,,,,,,,,,,,,,,,,,,,,,,
"406","SLOCAN","2023081718",0,27.1,24,6.5,173,12.5,93.575,9.866,34.278,,,,,,,,,,,,,,,,,,,,,,
"406","SLOCAN","2023081719",0,26.2,25,7.5,189,17.2,93.626,10.449,35.603,,,,,,,,,,,,,,,,,,,,,,
"406","SLOCAN","2023081720",0,25.5,25,7.3,151,13.7,93.677,10.418,35.533,,,,,,,,,,,,,,,,,,,,,,
"406","SLOCAN","2023081721",0,24.4,30,5.2,200,13.1,93.686,9.384,33.158,,,,,,,,,,,,,,,,,,,,,,
"406","SLOCAN","2023081722",0,23.9,31,7.1,189,13.1,93.659,10.288,35.241,,,,,,,,,,,,,,,,,,,,,,
"406","SLOCAN","2023081723",0,23.7,30,5.8,159,11.4,93.657,9.634,33.741,,,,,,,,,,,,,,,,,,,,,,
"407","NANCY GREENE","2023081700",0,16.7,44,2.7,338,7.9,92.824,7.335,30.49,,,,,,,,,,,,,,,,,,,,,,
"407","NANCY GREENE","2023081701",0,15.7,46,6.3,278,7.9,92.465,8.361,33.284,,,,,,,,,,,,,,,,,,,,,,
"407","NANCY GREENE","2023081702",0,15.7,46,5.5,307,7.9,92.153,7.685,31.46,,,,,,,,,,,,,,,,,,,,,,
"407","NANCY GREENE","2023081703",0,14.6,49,4.8,316,7.4,91.813,7.07,29.742,,,,,,,,,,,,,,,,,,,,,,
"407","NANCY GREENE","2023081704",0,14.3,51,6.5,289,9.1,91.444,7.31,30.418,,,,,,,,,,,,,,,,,,,,,,
"407","NANCY GREENE","2023081705",0,13.8,53,8.1,303,9.1,91.052,7.494,30.934,,,,,,,,,,,,,,,,,,,,,,
"407","NANCY GREENE","2023081706",0,16.8,45,2.2,353,9.7,90.938,5.477,24.959,,,,,,,,,,,,,,,,,,,,,,
"407","NANCY GREENE","2023081707",0,22,35,2.7,49,4.5,90.988,5.657,25.525,,,,,,,,,,,,,,,,,,,,,,
"407","NANCY GREENE","2023081708",0,25.3,29,2.3,298,5.6,91.215,5.726,25.741,,,,,,,,,,,,,,,,,,,,,,
"407","NANCY GREENE","2023081709",0,27.4,26,5.4,176,9.7,91.612,7.083,29.779,,,,,,,,,,,,,,,,,,,,,,
"407","NANCY GREENE","2023081710",0,28,24,11.4,194,18.9,92.091,10.255,38.072,,,,,,,,,,,,,,,,,,,,,,
"407","NANCY GREENE","2023081711",0,28.9,23,11.4,198,21.8,92.562,10.96,39.751,,,,,,,,,,,,,,,,,,,,,,
"407","NANCY GREENE","2023081712",0,30,21,11.8,211,23.5,93.089,12.041,42.236,0,95.633,17.106,53.038,142.646,498.908,166.371,5,,,,,,,,,,,,,,
"407","NANCY GREENE","2023081713",0,29.9,22,12.4,181,25.8,93.448,13.05,44.74,,,,,,,,,,,,,,,,,,,,,,
"407","NANCY GREENE","2023081714",0,30.4,21,12.1,204,28.7,93.801,13.5,45.714,,,,,,,,,,,,,,,,,,,,,,
"407","NANCY GREENE","2023081715",0,31,21,11,205,27.5,94.098,13.309,45.303,,,,,,,,,,,,,,,,,,,,,,
"407","NANCY GREENE","2023081716",0,29.8,23,10.3,167,24.1,94.18,12.995,44.619,,,,,,,,,,,,,,,,,,,,,,
"407","NANCY GREENE","2023081717",0,28.6,25,8.7,133,18.9,94.231,12.072,42.57,,,,,,,,,,,,,,,,,,,,,,
"407","NANCY GREENE","2023081718",0,26.5,28,6.7,284,17.2,94.26,10.959,39.999,,,,,,,,,,,,,,,,,,,,,,
"407","NANCY GREENE","2023081719",0,22.7,35,6.1,295,8.5,94.059,10.341,38.521,,,,,,,,,,,,,,,,,,,,,,
"407","NANCY GREENE","2023081720",0,21,39,5.1,272,7.4,93.775,9.453,36.327,,,,,,,,,,,,,,,,,,,,,,
"407","NANCY GREENE","2023081721",0,20.9,36,2.8,175,6.8,93.615,8.234,33.16,,,,,,,,,,,,,,,,,,,,,,
"407","NANCY GREENE","2023081722",0,20.2,37,6.3,210,10.8,93.409,9.544,36.555,,,,,,,,,,,,,,,,,,,,,,
"407","NANCY GREENE","2023081723",0,19.7,40,3.6,136,10.2,93.179,8.067,32.708,,,,,,,,,,,,,,,,,,,,,,
"408","NORNS","2023081700",0,16.7,37,0,,0,,,,,,,,,,,,,,,,,,,,,,,,,
"408","NORNS","2023081701",0,16.1,37,0,,0,,,,,,,,,,,,,,,,,,,,,,,,,
"408","NORNS","2023081702",0,16.4,33,0,,0,,,,,,,,,,,,,,,,,,,,,,,,,
"408","NORNS","2023081703",0,16.2,34,0,,0,,,,,,,,,,,,,,,,,,,,,,,,,
"408","NORNS","2023081704",0,15.8,35,0,,0,,,,,,,,,,,,,,,,,,,,,,,,,
"408","NORNS","2023081705",0,16,36,0,,0,,,,,,,,,,,,,,,,,,,,,,,,,
"408","NORNS","2023081706",0,15.8,40,0,,0,,,,,,,,,,,,,,,,,,,,,,,,,
"408","NORNS","2023081707",0,16.2,41,0,,0,,,,,,,,,,,,,,,,,,,,,,,,,
"408","NORNS","2023081708",0,17.4,38,0,,0,,,,,,,,,,,,,,,,,,,,,,,,,
"408","NORNS","2023081709",0,17.8,37,0,,0,,,,,,,,,,,,,,,,,,,,,,,,,
"408","NORNS","2023081710",0,18.1,35,0,,0,,,,,,,,,,,,,,,,,,,,,,,,,
"408","NORNS","2023081711",0,19.3,34,0,,0,,,,,,,,,,,,,,,,,,,,,,,,,
"408","NORNS","2023081712",0,20.3,29,0,,0,,,,0,,,,,,,,,,,,,,,,,,,,,
"408","NORNS","2023081713",0,20.4,29,0,,0,,,,,,,,,,,,,,,,,,,,,,,,,
"408","NORNS","2023081714",0,20.2,26,0,,0,,,,,,,,,,,,,,,,,,,,,,,,,
"408","NORNS","2023081715",0,20.8,27,0,,0,,,,,,,,,,,,,,,,,,,,,,,,,
"408","NORNS","2023081716",0,19.8,30,0,,0,,,,,,,,,,,,,,,,,,,,,,,,,
"408","NORNS","2023081717",0,18.8,33,0,,0,,,,,,,,,,,,,,,,,,,,,,,,,
"408","NORNS","2023081718",0,18.5,34,0,,0,,,,,,,,,,,,,,,,,,,,,,,,,
"408","NORNS","2023081719",0,17.9,32,0,,0,,,,,,,,,,,,,,,,,,,,,,,,,
"408","NORNS","2023081720",0,17.5,33,0,,0,,,,,,,,,,,,,,,,,,,,,,,,,
"408","NORNS","2023081721",0,17,35,0,,0,,,,,,,,,,,,,,,,,,,,,,,,,
"408","NORNS","2023081722",0,16.2,37,0,,0,,,,,,,,,,,,,,,,,,,,,,,,,
"408","NORNS","2023081723",0,15.5,43,0,,0,,,,,,,,,,,,,,,,,,,,,,,,,
"411","PALLISER","2023081700",0,9.9,86,0,85,3.9,89.765,4.146,16.571,,,,,,,,,,,,,,,,,,,,,,
"411","PALLISER","2023081701",0,8.9,87,0,136,3.9,89.014,3.722,15.273,,,,,,,,,,,,,,,,,,,,,,
"411","PALLISER","2023081702",0,7.9,92,0,97,4.5,88.158,3.292,13.894,,,,,,,,,,,,,,,,,,,,,,
"411","PALLISER","2023081703",0,7.1,95,0,5,0,87.25,2.891,12.546,,,,,,,,,,,,,,,,,,,,,,
"411","PALLISER","2023081704",0,6.3,96,0,57,0,86.382,2.555,11.363,,,,,,,,,,,,,,,,,,,,,,
"411","PALLISER","2023081705",0,6,97,2.1,2,3.9,85.333,2.453,10.989,,,,,,,,,,,,,,,,,,,,,,
"411","PALLISER","2023081706",0,6.6,97,0,344,3.3,84.558,1.984,9.204,,,,,,,,,,,,,,,,,,,,,,
"411","PALLISER","2023081707",0,11.8,83,0,295,2.8,84.333,1.924,8.967,,,,,,,,,,,,,,,,,,,,,,
"411","PALLISER","2023081708",0,18.4,55,2.7,135,3.9,84.559,2.273,10.322,,,,,,,,,,,,,,,,,,,,,,
"411","PALLISER","2023081709",0,21.5,44,5,66,8.5,85.123,2.757,12.082,,,,,,,,,,,,,,,,,,,,,,
"411","PALLISER","2023081710",0,24.9,36,4.5,57,7.4,85.991,3.034,13.036,,,,,,,,,,,,,,,,,,,,,,
"411","PALLISER","2023081711",0,27.9,31,5.7,172,13.1,87.112,3.777,15.446,,,,,,,,,,,,,,,,,,,,,,
"411","PALLISER","2023081712",0,30.8,26,5.2,102,16,88.434,4.451,17.474,0,95.338,11.783,35.533,66.323,564.202,102.518,4,,,,,,,,,,,,,,
"411","PALLISER","2023081713",0,31.2,25,7.2,154,16.6,89.634,5.847,22.003,,,,,,,,,,,,,,,,,,,,,,
"411","PALLISER","2023081714",0,32.1,22,5.5,146,22.9,90.761,6.307,23.215,,,,,,,,,,,,,,,,,,,,,,
"411","PALLISER","2023081715",0,32.9,21,7,353,14.9,91.792,7.876,27.1,,,,,,,,,,,,,,,,,,,,,,
"411","PALLISER","2023081716",0,33.2,22,5.1,173,15.4,92.537,7.95,27.275,,,,,,,,,,,,,,,,,,,,,,
"411","PALLISER","2023081717",0,30.6,30,3.2,255,10.2,92.65,7.341,25.816,,,,,,,,,,,,,,,,,,,,,,
"411","PALLISER","2023081718",0,30.6,21,4.6,253,14.9,93.127,8.422,28.372,,,,,,,,,,,,,,,,,,,,,,
"411","PALLISER","2023081719",0,23.8,40,3.1,200,10.2,92.973,7.642,26.543,,,,,,,,,,,,,,,,,,,,,,
"411","PALLISER","2023081720",0,19.8,49,1.6,349,6.2,92.626,6.749,24.347,,,,,,,,,,,,,,,,,,,,,,
"411","PALLISER","2023081721",0,17.8,54,0,4,5.6,92.3,5.947,22.268,,,,,,,,,,,,,,,,,,,,,,
"411","PALLISER","2023081722",0,16.8,57,1.9,59,5.1,91.831,6.125,22.74,,,,,,,,,,,,,,,,,,,,,,
"411","PALLISER","2023081723",0,15.3,62,1.7,212,3.9,91.309,5.631,21.417,,,,,,,,,,,,,,,,,,,,,,
"412","ELKO","2023081700",0,18.6,51,5.7,53,12.5,93.762,9.726,36.677,,,,,,,,,,,,,,,,,,,,,,
"412","ELKO","2023081701",0,19.6,44,8.5,39,11.4,93.335,10.554,38.687,,,,,,,,,,,,,,,,,,,,,,
"412","ELKO","2023081702",0,16.2,58,4.8,47,12.5,92.657,7.964,32.134,,,,,,,,,,,,,,,,,,,,,,
"412","ELKO","2023081703",0,16.1,57,6.8,39,9.7,92.047,8.083,32.454,,,,,,,,,,,,,,,,,,,,,,
"412","ELKO","2023081704",0,14.5,66,5.5,47,9.7,91.313,6.822,28.949,,,,,,,,,,,,,,,,,,,,,,
"412","ELKO","2023081705",,,,,,,,,,,,,,,,,,,,,,,,,,,,,,,
"412","ELKO","2023081706",0,16.5,64,6.6,36,9.7,94.704,11.592,41.109,,,,,,,,,,,,,,,,,,,,,,
"412","ELKO","2023081707",0,17.9,59,3.7,36,12,93.851,8.903,34.605,,,,,,,,,,,,,,,,,,,,,,
"412","ELKO","2023081708",0,21.8,43,4.7,129,7.9,93.501,8.918,34.643,,,,,,,,,,,,,,,,,,,,,,
"412","ELKO","2023081709",0,24.4,36,4.5,195,9.1,93.395,8.7,34.08,,,,,,,,,,,,,,,,,,,,,,
"412","ELKO","2023081710",0,27.2,31,4.8,164,9.1,93.445,8.894,34.582,,,,,,,,,,,,,,,,,,,,,,
"412","ELKO","2023081711",0,30.1,27,6.8,169,13.1,93.495,9.906,37.121,,,,,,,,,,,,,,,,,,,,,,
"412","ELKO","2023081712",0,32.8,23,8.8,149,17.7,93.833,11.483,40.859,0,95.983,15.421,49.729,109.491,870.562,166.599,5,,,,,,,,,,,,,,
"412","ELKO","2023081713",0,36,18,8.6,236,20.6,94.535,12.528,43.603,,,,,,,,,,,,,,,,,,,,,,
"412","ELKO","2023081714",0,36.1,15,13.8,238,31.6,95.289,18.052,54.854,,,,,,,,,,,,,,,,,,,,,,
"412","ELKO","2023081715",0,35,15,12.2,267,36.7,95.764,17.767,54.317,,,,,,,,,,,,,,,,,,,,,,
"412","ELKO","2023081716",0,35.6,14,21.3,260,38.5,96.244,29.99,74.607,,,,,,,,,,,,,,,,,,,,,,
"412","ELKO","2023081717",0,34.9,15,19.2,231,31,96.476,27.834,71.364,,,,,,,,,,,,,,,,,,,,,,
"412","ELKO","2023081718",0,33.8,15,22.7,231,36.2,96.593,33.729,79.976,,,,,,,,,,,,,,,,,,,,,,
"412","ELKO","2023081719",0,32,18,14.8,236,34.4,96.645,22.81,63.305,,,,,,,,,,,,,,,,,,,,,,
"412","ELKO","2023081720",0,30.4,20,9.2,223,21.2,96.661,17.241,53.314,,,,,,,,,,,,,,,,,,,,,,
"412","ELKO","2023081721",0,25.7,29,3.9,80,16.6,96.406,12.754,44.105,,,,,,,,,,,,,,,,,,,,,,
"412","ELKO","2023081722",0,22.7,33,4.7,1,9.7,96.038,12.636,43.842,,,,,,,,,,,,,,,,,,,,,,
"412","ELKO","2023081723",0,23.8,30,4.2,59,8.5,95.802,11.934,42.269,,,,,,,,,,,,,,,,,,,,,,
"417","TOBY HUB","2023081700",0,19.4,43,5,251,9.7,93.773,9.403,37.091,,,,,,,,,,0.2,,,,0,1,834.93,,,,,,
"417","TOBY HUB","2023081701",0,18.6,44,3.8,273,10.2,93.406,8.41,34.466,,,,,,,,,,0.3,,,,0,1,834.88,,,,,,
"417","TOBY HUB","2023081702",0,17.5,48,5.9,284,9.7,92.946,8.767,35.425,,,,,,,,,,0.5,,,,0,1,834.87,,,,,,
"417","TOBY HUB","2023081703",0,15.8,56,4.2,60,8.5,92.376,7.428,31.731,,,,,,,,,,0.5,,,,0,1,834.86,,,,,,
"417","TOBY HUB","2023081704",0,15.4,57,2.8,44,7.4,91.877,6.451,28.849,,,,,,,,,,0.8,,,,0,1,834.82,,,,,,
"417","TOBY HUB","2023081705",0,14.5,59,3.5,254,9.7,91.372,6.22,28.142,,,,,,,,,,0.6,,,,0,1,834.81,,,,,,
"417","TOBY HUB","2023081706",0,14.6,61,3.4,219,8.5,90.878,5.769,26.723,,,,,,,,,,0.5,,,,0,1,834.77,,,,,,
"417","TOBY HUB","2023081707",0,17,56,5.3,46,8.5,90.526,6.038,27.573,,,,,,,,,,0.2,,,,0,1,834.64,,,,,,
"417","TOBY HUB","2023081708",0,21,47,4.7,57,7.9,90.464,5.806,26.841,,,,,,,,,,0,,,,0,1,834.56,,,,,,
"417","TOBY HUB","2023081709",0,23.8,37,6.1,108,9.7,90.514,6.275,28.309,,,,,,,,,,-0.3,,,,0,1,834.52,,,,,,
"417","TOBY HUB","2023081710",0,27.2,29,5.5,43,9.7,90.91,6.442,28.821,,,,,,,,,,-0.3,,,,0,1,834.5,,,,,,
"417","TOBY HUB","2023081711",0,29.3,26,8.6,121,12.5,91.48,8.167,33.803,,,,,,,,,,-0.2,,,,0,1,834.47,,,,,,
"417","TOBY HUB","2023081712",0,31,24,13,137,22.3,92.157,11.22,41.594,0,95.54,17.943,56.096,152.403,678.014,195.145,5,,-0.1,,,,0,1,834.55,,,,,,
"417","TOBY HUB","2023081713",0,30,26,10.3,144,23.5,92.518,10.305,39.517,,,,,,,,,,0,,,,0,1,834.65,,,,,,
"417","TOBY HUB","2023081714",0,32.3,23,7.1,105,17.7,93.036,9.431,37.302,,,,,,,,,,0.1,,,,0,1,834.5,,,,,,
"417","TOBY HUB","2023081715",0,34,21,6.4,34,10.8,93.624,9.883,38.458,,,,,,,,,,-0.1,,,,0,1,834.42,,,,,,
"417","TOBY HUB","2023081716",0,33.1,21,2.5,78,10.2,93.997,8.552,34.98,,,,,,,,,,-0.3,,,,0,1,834.46,,,,,,
"417","TOBY HUB","2023081717",0,32.6,20,4.6,121,9.1,94.339,9.967,38.671,,,,,,,,,,-0.1,,,,0,1,834.54,,,,,,
"417","TOBY HUB","2023081718",0,31.9,19,10.2,250,16.6,94.656,13.807,47.641,,,,,,,,,,-0.1,,,,0,1,834.61,,,,,,
"417","TOBY HUB","2023081719",0,28,24,7.1,276,18.3,94.707,11.893,43.334,,,,,,,,,,-0.2,,,,0,1,834.73,,,,,,
"417","TOBY HUB","2023081720",0,25.1,30,7.7,269,10.2,94.604,12.085,43.78,,,,,,,,,,-0.1,,,,0,1,834.8,,,,,,
"417","TOBY HUB","2023081721",0,24.5,32,6,245,17.2,94.462,10.879,40.924,,,,,,,,,,0,,,,0,1,834.72,,,,,,
"417","TOBY HUB","2023081722",0,23.4,34,7,247,12,94.264,11.132,41.536,,,,,,,,,,0,,,,0,1,834.71,,,,,,
"417","TOBY HUB","2023081723",0,22.8,36,6.9,229,12,94.031,10.725,40.55,,,,,,,,,,0,,,,0,1,834.67,,,,,,
"418","FLATHEAD 2","2023081700",0,13.9,71,1.9,337,5.1,90.365,4.971,22.639,,,,,,,,,,,,,,,,,,,,,,
"418","FLATHEAD 2","2023081701",0,12.8,73,1.6,304,5.6,89.757,4.488,21.047,,,,,,,,,,,,,,,,,,,,,,
"418","FLATHEAD 2","2023081702",0,11.9,77,2.6,273,5.1,89.085,4.286,20.359,,,,,,,,,,,,,,,,,,,,,,
"418","FLATHEAD 2","2023081703",0,11,81,2.4,349,6.2,88.383,3.836,18.782,,,,,,,,,,,,,,,,,,,,,,
"418","FLATHEAD 2","2023081704",0,10.1,85,1.6,293,5.1,87.662,3.323,16.888,,,,,,,,,,,,,,,,,,,,,,
"418","FLATHEAD 2","2023081705",0,9.7,87,1.9,291,5.6,86.934,3.041,15.797,,,,,,,,,,,,,,,,,,,,,,
"418","FLATHEAD 2","2023081706",0,10.3,87,2,303,4.5,86.271,2.782,14.76,,,,,,,,,,,,,,,,,,,,,,
"418","FLATHEAD 2","2023081707",0,13.1,82,1.7,250,3.9,85.844,2.581,13.928,,,,,,,,,,,,,,,,,,,,,,
"418","FLATHEAD 2","2023081708",0,17.6,61,2.6,122,5.6,85.892,2.719,14.502,,,,,,,,,,,,,,,,,,,,,,
"418","FLATHEAD 2","2023081709",0,22.9,43,3.2,115,7.4,86.34,2.985,15.574,,,,,,,,,,,,,,,,,,,,,,
"418","FLATHEAD 2","2023081710",0,26.2,41,4.2,164,9.7,86.929,3.412,17.224,,,,,,,,,,,,,,,,,,,,,,
"418","FLATHEAD 2","2023081711",0,30.4,27,6.2,138,15.4,88.241,4.552,21.262,,,,,,,,,,,,,,,,,,,,,,
"418","FLATHEAD 2","2023081712",0,32.7,17,13.9,283,33.9,90.194,8.88,33.691,0,96.099,20.253,57.624,115.009,554.749,151.497,5,,,,,,,,,,,,,,
"418","FLATHEAD 2","2023081713",0,33.6,16,10.1,275,36.7,91.744,9.146,34.742,,,,,,,,,,,,,,,,,,,,,,
"418","FLATHEAD 2","2023081714",0,33.5,15,12.1,283,33.9,93.016,12.1,41.694,,,,,,,,,,,,,,,,,,,,,,
"418","FLATHEAD 2","2023081715",0,33.7,16,8.7,279,27.5,93.889,11.515,40.384,,,,,,,,,,,,,,,,,,,,,,
"418","FLATHEAD 2","2023081716",0,32.6,16,10.3,271,26.9,94.511,13.601,44.932,,,,,,,,,,,,,,,,,,,,,,
"418","FLATHEAD 2","2023081717",0,30,22,6,275,25.8,94.562,11.029,39.273,,,,,,,,,,,,,,,,,,,,,,
"418","FLATHEAD 2","2023081718",0,25.6,35,4.6,204,14.9,94.373,10.014,36.877,,,,,,,,,,,,,,,,,,,,,,
"418","FLATHEAD 2","2023081719",0,23,39,4.2,228,20,94.081,9.425,35.44,,,,,,,,,,,,,,,,,,,,,,
"418","FLATHEAD 2","2023081720",0,19.1,44,4.7,217,14.9,93.667,9.127,34.694,,,,,,,,,,,,,,,,,,,,,,
"418","FLATHEAD 2","2023081721",0,18.1,44,4.2,260,6.8,93.302,8.459,32.989,,,,,,,,,,,,,,,,,,,,,,
"418","FLATHEAD 2","2023081722",0,18.5,45,4.9,276,8.5,92.944,8.334,32.663,,,,,,,,,,,,,,,,,,,,,,
"418","FLATHEAD 2","2023081723",0,24.4,30,7.6,227,28.7,92.994,9.616,35.91,,,,,,,,,,,,,,,,,,,,,,
"419","JOHNSON LAKE","2023081700",0,18.4,45,3.5,66,10.2,94.052,9.063,37.405,,,,,,,,,,,,,,,,,,,,,,
"419","JOHNSON LAKE","2023081701",0,16.3,52,7.5,16,10.2,93.391,10.113,40.167,,,,,,,,,,,,,,,,,,,,,,
"419","JOHNSON LAKE","2023081702",0,16.7,53,3.6,18,13.7,92.855,7.709,33.623,,,,,,,,,,,,,,,,,,,,,,
"419","JOHNSON LAKE","2023081703",0,14.4,60,7.5,39,13.1,92.141,8.485,35.825,,,,,,,,,,,,,,,,,,,,,,
"419","JOHNSON LAKE","2023081704",0,15.1,59,6.2,39,12,91.555,7.315,32.47,,,,,,,,,,,,,,,,,,,,,,
"419","JOHNSON LAKE","2023081705",0,12.8,70,2.6,45,6.8,90.863,5.529,26.858,,,,,,,,,,,,,,,,,,,,,,
"419","JOHNSON LAKE","2023081706",0,12.7,68,3.6,325,6.2,90.266,5.34,26.22,,,,,,,,,,,,,,,,,,,,,,
"419","JOHNSON LAKE","2023081707",0,16.6,56,4,358,6.8,89.996,5.242,25.886,,,,,,,,,,,,,,,,,,,,,,
"419","JOHNSON LAKE","2023081708",0,20.2,46,4.6,46,8.5,90.002,5.407,26.449,,,,,,,,,,,,,,,,,,,,,,
"419","JOHNSON LAKE","2023081709",0,23.6,36,3.9,205,10.2,90.121,5.31,26.119,,,,,,,,,,,,,,,,,,,,,,
"419","JOHNSON LAKE","2023081710",0,26.1,30,8.5,185,13.7,90.525,7.092,31.806,,,,,,,,,,,,,,,,,,,,,,
"419","JOHNSON LAKE","2023081711",0,28.3,26,10.9,173,17.2,91.141,8.739,36.525,,,,,,,,,,,,,,,,,,,,,,
"419","JOHNSON LAKE","2023081712",0,30.4,23,15.9,171,25.8,91.935,12.585,46.2,0,95.952,21.961,65.204,295.115,830.718,312.6,5,,,,,,,,,,,,,,
"419","JOHNSON LAKE","2023081713",0,33.1,19,18.5,180,29.8,92.97,16.599,54.949,,,,,,,,,,,,,,,,,,,,,,
"419","JOHNSON LAKE","2023081714",0,35,17,17,169,31,93.98,17.715,57.199,,,,,,,,,,,,,,,,,,,,,,
"419","JOHNSON LAKE","2023081715",0,35.5,16,19,182,32.1,94.826,22.021,65.31,,,,,,,,,,,,,,,,,,,,,,
"419","JOHNSON LAKE","2023081716",0,36,13,13.8,252,25.8,95.618,18.881,59.48,,,,,,,,,,,,,,,,,,,,,,
"419","JOHNSON LAKE","2023081717",0,34.4,15,12.8,242,29.8,95.979,18.853,59.426,,,,,,,,,,,,,,,,,,,,,,
"419","JOHNSON LAKE","2023081718",0,32.7,17,8.6,228,29.2,96.053,15.411,52.475,,,,,,,,,,,,,,,,,,,,,,
"419","JOHNSON LAKE","2023081719",0,31.4,19,8.8,209,19.5,96.104,15.675,53.034,,,,,,,,,,,,,,,,,,,,,,
"419","JOHNSON LAKE","2023081720",0,26.7,26,3.1,86,12,96,11.597,43.87,,,,,,,,,,,,,,,,,,,,,,
"419","JOHNSON LAKE","2023081721",0,25,29,5.4,172,7.4,95.791,12.658,46.38,,,,,,,,,,,,,,,,,,,,,,
"419","JOHNSON LAKE","2023081722",0,25.5,28,11.9,175,14.9,95.594,17.101,55.97,,,,,,,,,,,,,,,,,,,,,,
"419","JOHNSON LAKE","2023081723",0,24.7,29,11.4,186,16.6,95.384,16.206,54.14,,,,,,,,,,,,,,,,,,,,,,
"421","DEWAR CREEK","2023081700",0,17,49,4.5,76,9.7,91.164,6.351,18.714,,,,,,,,,,,,,,,,,,,,,,
"421","DEWAR CREEK","2023081701",0,16.4,52,3.7,96,9.7,90.884,5.862,17.64,,,,,,,,,,,,,,,,,,,,,,
"421","DEWAR CREEK","2023081702",0,16.1,58,4.5,67,9.1,90.493,5.771,17.437,,,,,,,,,,,,,,,,,,,,,,
"421","DEWAR CREEK","2023081703",0,16,56,4.6,69,10.2,90.187,5.553,16.942,,,,,,,,,,,,,,,,,,,,,,
"421","DEWAR CREEK","2023081704",0,15.1,57,4.3,52,7.9,89.892,5.243,16.227,,,,,,,,,,,,,,,,,,,,,,
"421","DEWAR CREEK","2023081705",0,14.8,58,4.8,27,7.4,89.6,5.156,16.025,,,,,,,,,,,,,,,,,,,,,,
"421","DEWAR CREEK","2023081706",0,14.6,67,4.6,85,6.8,89.144,4.781,15.13,,,,,,,,,,,,,,,,,,,,,,
"421","DEWAR CREEK","2023081707",0,15.2,68,3.3,43,7.4,88.738,4.224,13.752,,,,,,,,,,,,,,,,,,,,,,
"421","DEWAR CREEK","2023081708",0,16.7,66,3.4,85,5.6,88.429,4.062,13.336,,,,,,,,,,,,,,,,,,,,,,
"421","DEWAR CREEK","2023081709",0,22.3,51,0,29,5.1,88.478,3.446,11.702,,,,,,,,,,,,,,,,,,,,,,
"421","DEWAR CREEK","2023081710",0,25.7,49,0,34,5.6,88.527,3.47,11.769,,,,,,,,,,,,,,,,,,,,,,
"421","DEWAR CREEK","2023081711",0,28.6,25,6.5,359,16,89.521,5.554,16.945,,,,,,,,,,,,,,,,,,,,,,
"421","DEWAR CREEK","2023081712",0,28.9,26,9.6,349,23.5,90.353,7.315,20.738,0,94.956,13.959,33.823,46.869,420.616,73.315,3,,,,,,,,,,,,,,
"421","DEWAR CREEK","2023081713",0,30.3,26,10.1,313,26.4,91.105,8.352,23.825,,,,,,,,,,,,,,,,,,,,,,
"421","DEWAR CREEK","2023081714",0,29,28,10.8,317,22.9,91.549,9.215,25.519,,,,,,,,,,,,,,,,,,,,,,
"421","DEWAR CREEK","2023081715",0,29.2,28,8.3,316,22.3,91.899,8.537,24.194,,,,,,,,,,,,,,,,,,,,,,
"421","DEWAR CREEK","2023081716",0,28.2,31,6.9,233,18.9,92.018,8.09,23.298,,,,,,,,,,,,,,,,,,,,,,
"421","DEWAR CREEK","2023081717",0,26,35,4.6,4,16.6,92.068,7.257,21.566,,,,,,,,,,,,,,,,,,,,,,
"421","DEWAR CREEK","2023081718",0,23.6,33,4.8,111,14.9,92.118,7.382,21.832,,,,,,,,,,,,,,,,,,,,,,
"421","DEWAR CREEK","2023081719",0,22.5,35,6.1,119,14.3,92.154,7.922,22.954,,,,,,,,,,,,,,,,,,,,,,
"421","DEWAR CREEK","2023081720",0,21.8,36,5.5,103,14.9,92.153,7.685,22.466,,,,,,,,,,,,,,,,,,,,,,
"421","DEWAR CREEK","2023081721",0,20.9,39,4.4,95,9.7,92.079,7.196,21.436,,,,,,,,,,,,,,,,,,,,,,
"421","DEWAR CREEK","2023081722",0,21.1,40,4.5,28,10.8,91.994,7.146,21.33,,,,,,,,,,,,,,,,,,,,,,
"421","DEWAR CREEK","2023081723",0,20.4,43,4.8,92,16,91.843,7.1,21.232,,,,,,,,,,,,,,,,,,,,,,
"425","EMILY CREEK","2023081700",0,14.1,62,4.8,340,6.8,91.586,6.847,29.83,,,,,,,,,,,,,,,,,,,,,,
"425","EMILY CREEK","2023081701",0,13.6,64,6.6,7,10.8,90.942,6.84,29.811,,,,,,,,,,,,,,,,,,,,,,
"425","EMILY CREEK","2023081702",0,12.7,68,5.1,330,7.4,90.305,5.791,26.607,,,,,,,,,,,,,,,,,,,,,,
"425","EMILY CREEK","2023081703",0,11.8,71,5.2,342,7.9,89.669,5.314,25.066,,,,,,,,,,,,,,,,,,,,,,
"425","EMILY CREEK","2023081704",0,11.2,73,4.3,340,6.2,89.074,4.662,22.867,,,,,,,,,,,,,,,,,,,,,,
"425","EMILY CREEK","2023081705",0,10.7,76,4.4,30,7.9,88.467,4.295,21.572,,,,,,,,,,,,,,,,,,,,,,
"425","EMILY CREEK","2023081706",0,12.1,74,5,315,6.8,87.963,4.118,20.93,,,,,,,,,,,,,,,,,,,,,,
"425","EMILY CREEK","2023081707",0,18.1,52,2.5,9,8.5,88.012,3.656,19.202,,,,,,,,,,,,,,,,,,,,,,
"425","EMILY CREEK","2023081708",0,21.4,41,2.8,182,9.1,88.202,3.814,19.805,,,,,,,,,,,,,,,,,,,,,,
"425","EMILY CREEK","2023081709",,,,,,,,,,,,,,,,,,,,,,,,,,,,,,,
"425","EMILY CREEK","2023081710",0,27.5,29,10.5,90,21.2,95.423,15.568,50.859,,,,,,,,,,,,,,,,,,,,,,
"425","EMILY CREEK","2023081711",0,28.9,27,10.3,81,18.9,95.37,15.301,50.311,,,,,,,,,,,,,,,,,,,,,,
"425","EMILY CREEK","2023081712",0,30.5,26,12.8,79,24.1,95.386,17.394,54.49,0,95.274,17.131,54.181,158.783,566.736,186.756,5,,,,,,,,,,,,,,
"425","EMILY CREEK","2023081713",0,32.7,22,10.8,84,23.5,95.437,15.837,51.6,,,,,,,,,,,,,,,,,,,,,,
"425","EMILY CREEK","2023081714",0,33,20,6.9,161,22.9,95.49,13.105,45.807,,,,,,,,,,,,,,,,,,,,,,
"425","EMILY CREEK","2023081715",0,32.5,18,11,238,30.4,95.619,16.398,52.732,,,,,,,,,,,,,,,,,,,,,,
"425","EMILY CREEK","2023081716",0,33.1,18,13.1,219,22.9,95.744,18.54,56.892,,,,,,,,,,,,,,,,,,,,,,
"425","EMILY CREEK","2023081717",0,30.8,20,12.8,229,26.4,95.795,18.39,56.608,,,,,,,,,,,,,,,,,,,,,,
"425","EMILY CREEK","2023081718",0,29.1,23,6.6,211,21.2,95.814,13.489,46.653,,,,,,,,,,,,,,,,,,,,,,
"425","EMILY CREEK","2023081719",0,25.4,31,3.2,297,16.6,95.603,11.044,41.063,,,,,,,,,,,,,,,,,,,,,,
"425","EMILY CREEK","2023081720",0,20.8,41,6.3,336,10.8,95.069,12.004,43.319,,,,,,,,,,,,,,,,,,,,,,
"425","EMILY CREEK","2023081721",0,19.3,44,5.8,8,9.1,94.524,10.861,40.623,,,,,,,,,,,,,,,,,,,,,,
"425","EMILY CREEK","2023081722",0,18.9,47,4.1,353,11.4,93.996,9.269,36.644,,,,,,,,,,,,,,,,,,,,,,
"425","EMILY CREEK","2023081723",0,18.3,48,5.3,336,9.1,93.479,9.164,36.371,,,,,,,,,,,,,,,,,,,,,,
"426","CRANBROOK","2023081700",0,19.9,46,7.3,250,13.1,94.058,10.985,40.72,,,,,,,,,,,,,,,1,,,1,,,,
"426","CRANBROOK","2023081701",0,18.3,49,8.4,260,11.4,93.457,10.68,39.987,,,,,,,,,,,,,,,1,,,1,,,,
"426","CRANBROOK","2023081702",0,19.1,47,7.3,280,11.4,93.001,9.481,37.005,,,,,,,,,,,,,,,1,,,1,,,,
"426","CRANBROOK","2023081703",0,17.1,55,3.6,281,12.5,92.459,7.292,31.092,,,,,,,,,,,,,,,1,,,1,,,,
"426","CRANBROOK","2023081704",0,15.9,58,6.6,254,13.7,91.851,7.784,32.484,,,,,,,,,,,,,,,1,,,1,,,,
"426","CRANBROOK","2023081705",0,15.1,61,6.4,257,10.8,91.247,7.072,30.46,,,,,,,,,,,,,,,1,,,1,,,,
"426","CRANBROOK","2023081706",0,16.9,54,1.7,54,9.1,90.953,5.353,25.168,,,,,,,,,,,,,,,1,,,1,,,,
"426","CRANBROOK","2023081707",0,19.6,49,4.2,225,7.4,90.782,5.925,26.999,,,,,,,,,,,,,,,1,,,1,,,,
"426","CRANBROOK","2023081708",0,22.7,39,5,123,10.2,90.832,6.212,27.891,,,,,,,,,,,,,,,1,,,1,,,,
"426","CRANBROOK","2023081709",0,25.5,33,4.4,52,11.4,90.972,6.149,27.695,,,,,,,,,,,,,,,1,,,1,,,,
"426","CRANBROOK","2023081710",0,27.3,29,5.7,59,12.5,91.294,6.874,29.879,,,,,,,,,,,,,,,1,,,1,,,,
"426","CRANBROOK","2023081711",0,29.7,26,9.9,109,16,91.818,9.149,36.15,,,,,,,,,,,,,,,1,,,1,,,,
"426","CRANBROOK","2023081712",0,31,24,10.7,116,18.9,92.401,10.343,39.164,0,95.837,16.637,53.212,132.375,793.733,186.847,5,,,,,,,1,,,1,,,,
"426","CRANBROOK","2023081713",0,33.6,21,10.3,114,17.7,93.155,11.268,41.6,,,,,,,,,,,,,,,1,,,1,,,,
"426","CRANBROOK","2023081714",0,34.7,19,10,175,22.9,93.904,12.32,44.045,,,,,,,,,,,,,,,1,,,1,,,,
"426","CRANBROOK","2023081715",0,34.5,17,11.7,251,26.9,94.586,14.747,49.353,,,,,,,,,,,,,,,1,,,1,,,,
"426","CRANBROOK","2023081716",0,35,15,15.2,252,28.1,95.268,19.316,58.348,,,,,,,,,,,,,,,1,,,1,,,,
"426","CRANBROOK","2023081717",0,33.4,16,15.6,247,25.8,95.62,20.679,60.832,,,,,,,,,,,,,,,1,,,1,,,,
"426","CRANBROOK","2023081718",0,30.2,21,5.4,228,25.2,95.671,12.454,44.352,,,,,,,,,,,,,,,1,,,1,,,,
"426","CRANBROOK","2023081719",0,25.8,29,6.6,265,11.4,95.497,12.921,45.403,,,,,,,,,,,,,,,1,,,1,,,,
"426","CRANBROOK","2023081720",0,24,33,5.2,256,12,95.229,11.609,42.404,,,,,,,,,,,,,,,1,,,1,,,,
"426","CRANBROOK","2023081721",0,22.8,35,5.9,227,9.1,94.92,11.527,42.212,,,,,,,,,,,,,,,1,,,1,,,,
"426","CRANBROOK","2023081722",0,21.7,39,7.9,202,12.5,94.505,12.043,43.412,,,,,,,,,,,,,,,1,,,1,,,,
"426","CRANBROOK","2023081723",0,21.3,39,6.3,212,12,94.158,10.59,39.966,,,,,,,,,,,,,,,1,,,1,,,,
"427","NASS CAMP","2023081700",0,14.1,97,4.3,190,16.6,77.154,1.094,0.503,,,,,,,,,,,,,,,,,,,,3132.4,,
"427","NASS CAMP","2023081701",0,14.2,94,5.5,197,11.5,77.199,1.166,0.536,,,,,,,,,,,,,,,,,,,,3132.4,,
"427","NASS CAMP","2023081702",0,14.4,90,7.3,199,13.9,77.256,1.282,0.59,,,,,,,,,,,,,,,,,,,,3132.4,,
"427","NASS CAMP","2023081703",0,13.7,91,7.7,196,18.4,77.301,1.313,0.604,,,,,,,,,,,,,,,,,,,,3132.4,,
"427","NASS CAMP","2023081704",0,13,93,6,193,17.6,77.346,1.209,0.556,,,,,,,,,,,,,,,,,,,,3132.4,,
"427","NASS CAMP","2023081705",0,12.2,95,4.6,201,10.4,77.277,1.121,0.516,,,,,,,,,,,,,,,,,,,,3132.4,,
"427","NASS CAMP","2023081706",0,12.4,94,6,201,14.7,77.282,1.203,0.553,,,,,,,,,,,,,,,,,,,,3132.4,,
"427","NASS CAMP","2023081707",0,13.1,89,8.2,212,16.6,77.346,1.351,0.621,,,,,,,,,,,,,,,,,,,,3132.4,,
"427","NASS CAMP","2023081708",0,13.5,87,5.7,205,29.7,77.443,1.2,0.552,,,,,,,,,,,,,,,,,,,,3132.4,,
"427","NASS CAMP","2023081709",0,15,78,9.4,227,20.3,77.771,1.484,0.683,,,,,,,,,,,,,,,,,,,,3132.4,,
"427","NASS CAMP","2023081710",0,17.3,60,10,216,21,78.592,1.642,0.755,,,,,,,,,,,,,,,,,,,,3132.4,,
"427","NASS CAMP","2023081711",0,18.1,52,9,200,26.3,79.556,1.71,0.787,,,,,,,,,,,,,,,,,,,,3132.4,,
"427","NASS CAMP","2023081712",0,18.5,47,15.2,216,35.8,80.679,2.631,1.72,0,83.696,3.802,4.036,5.123,306.732,9.835,2,,,,,,,,,,,,3132.4,,
"427","NASS CAMP","2023081713",0,19.6,45,12.3,222,41.9,81.735,2.566,2.498,,,,,,,,,,,,,,,,,,,,3132.4,,
"427","NASS CAMP","2023081714",0,18,49,12.3,206,33.9,82.467,2.806,2.814,,,,,,,,,,,,,,,,,,,,3132.4,,
"427","NASS CAMP","2023081715",0,20.1,44,15,218,38.6,83.379,3.611,3.811,,,,,,,,,,,,,,,,,,,,3132.4,,
"427","NASS CAMP","2023081716",0,16.8,51,14.2,212,35.6,83.832,3.681,3.894,,,,,,,,,,,,,,,,,,,,3132.4,,
"427","NASS CAMP","2023081717",0,15.7,56,11.1,205,32.8,84.075,3.252,3.377,,,,,,,,,,,,,,,,,,,,3132.4,,
"427","NASS CAMP","2023081718",0,15.4,59,7.7,203,18.8,84.219,2.793,2.798,,,,,,,,,,,,,,,,,,,,3132.4,,
"427","NASS CAMP","2023081719",0,14.4,63,7.3,201,19.5,84.268,2.755,2.749,,,,,,,,,,,,,,,,,,,,3132.4,,
"427","NASS CAMP","2023081720",0,13.2,69,7.6,206,17.9,84.315,2.816,2.827,,,,,,,,,,,,,,,,,,,,3132.4,,
"427","NASS CAMP","2023081721",0,12.6,72,5.5,200,20.2,84.312,2.532,2.451,,,,,,,,,,,,,,,,,,,,3132.4,,
"427","NASS CAMP","2023081722",0,12.3,72,7.5,198,19.7,84.303,2.797,2.802,,,,,,,,,,,,,,,,,,,,3132.4,,
"427","NASS CAMP","2023081723",0,11.6,76,8.4,190,16.8,84.189,2.882,2.912,,,,,,,,,,,,,,,,,,,,3132.4,,
"428","KISPIOX HUB","2023081700",0,17.9,64,12.1,292,31,85.156,3.961,18.468,,,,,,,,,,,,,,,,,,,,,,
"428","KISPIOX HUB","2023081701",0,17.3,61,10.8,316,21.8,85.204,3.735,17.683,,,,,,,,,,,,,,,,,,,,,,
"428","KISPIOX HUB","2023081702",0,16,68,6.5,191,22.3,85.243,3.024,15.083,,,,,,,,,,,,,,,,,,,,,,
"428","KISPIOX HUB","2023081703",0,13.2,84,3.7,24,16,84.825,2.479,12.927,,,,,,,,,,,,,,,,,,,,,,
"428","KISPIOX HUB","2023081704",0,11.9,88,1.9,79,7.4,84.334,2.118,11.396,,,,,,,,,,,,,,,,,,,,,,
"428","KISPIOX HUB","2023081705",0,10.6,93,2,318,5.1,83.661,1.946,10.633,,,,,,,,,,,,,,,,,,,,,,
"428","KISPIOX HUB","2023081706",0,9.3,98,1.7,2,5.1,82.759,1.706,9.527,,,,,,,,,,,,,,,,,,,,,,
"428","KISPIOX HUB","2023081707",0,10.8,93,1.7,5,5.1,82.257,1.602,9.032,,,,,,,,,,,,,,,,,,,,,,
"428","KISPIOX HUB","2023081708",0,17.1,64,2.1,135,4.5,82.473,1.68,9.401,,,,,,,,,,,,,,,,,,,,,,
"428","KISPIOX HUB","2023081709",0,17.8,68,1.9,95,6.2,82.621,1.694,9.468,,,,,,,,,,,,,,,,,,,,,,
"428","KISPIOX HUB","2023081710",0,19.2,45,17.8,257,26.9,83.466,4.205,19.294,,,,,,,,,,,,,,,,,,,,,,
"428","KISPIOX HUB","2023081711",0,19.5,38,16.2,277,32.1,84.407,4.397,19.93,,,,,,,,,,,,,,,,,,,,,,
"428","KISPIOX HUB","2023081712",0,21.5,30,15.7,264,37.9,85.599,5.051,22.017,0,90.706,10.462,36.574,91.242,631.812,134.078,5,,,,,,,,,,,,,,
"428","KISPIOX HUB","2023081713",0,22,29,17.1,275,35,86.687,6.316,26.041,,,,,,,,,,,,,,,,,,,,,,
"428","KISPIOX HUB","2023081714",0,22.2,30,21.1,265,43.6,87.602,8.802,32.627,,,,,,,,,,,,,,,,,,,,,,
"428","KISPIOX HUB","2023081715",0,22.1,32,22.5,271,41.9,88.28,10.408,36.452,,,,,,,,,,,,,,,,,,,,,,
"428","KISPIOX HUB","2023081716",0,21.9,30,23.1,262,39.6,88.908,11.739,39.428,,,,,,,,,,,,,,,,,,,,,,
"428","KISPIOX HUB","2023081717",0,19,35,28.8,266,47.1,89.134,16.161,48.356,,,,,,,,,,,,,,,,,,,,,,
"428","KISPIOX HUB","2023081718",0,18.1,39,17.6,270,43.1,89.183,9.257,33.738,,,,,,,,,,,,,,,,,,,,,,
"428","KISPIOX HUB","2023081719",0,15.6,47,11.8,316,43.6,89.172,6.9,27.676,,,,,,,,,,,,,,,,,,,,,,
"428","KISPIOX HUB","2023081720",0,15.1,48,7.5,342,32.1,89.141,5.531,23.74,,,,,,,,,,,,,,,,,,,,,,
"428","KISPIOX HUB","2023081721",0,14.4,52,7.7,5,18.3,89.027,5.497,23.635,,,,,,,,,,,,,,,,,,,,,,
"428","KISPIOX HUB","2023081722",0,13.9,55,8.6,3,17.7,88.857,5.612,23.984,,,,,,,,,,,,,,,,,,,,,,
"428","KISPIOX HUB","2023081723",0,13.5,57,9.4,346,18.3,88.657,5.678,24.18,,,,,,,,,,,,,,,,,,,,,,
"429","CEDARVALE","2023081700",0,17,83,4,278,8.6,87.025,3.424,9.147,,,,,,,,,,-219.8,,,,,,,,,,1635.4,,
"429","CEDARVALE","2023081701",0,17.4,78,5.4,270,12.5,86.583,3.451,9.208,,,,,,,,,,-250.2,,,,,,,,,,1635.4,,
"429","CEDARVALE","2023081702",0,17.3,77,4.5,286,11,86.242,3.143,8.495,,,,,,,,,,-297.3,,,,,,,,,,1635.4,,
"429","CEDARVALE","2023081703",0,16.6,81,6.1,264,13.5,85.788,3.197,8.621,,,,,,,,,,-228.6,,,,,,,,,,1635.4,,
"429","CEDARVALE","2023081704",0,16.4,82,6.1,251,14.5,85.356,3.01,8.18,,,,,,,,,,-199.4,,,,,,,,,,1635.4,,
"429","CEDARVALE","2023081705",0,15.8,81,5.2,252,14.3,85.024,2.748,7.543,,,,,,,,,,-211.8,,,,,,,,,,1635.4,,
"429","CEDARVALE","2023081706",0,14.8,78,6.9,254,12.9,84.81,2.907,7.932,,,,,,,,,,-252.7,,,,,,,,,,1635.4,,
"429","CEDARVALE","2023081707",0,18.2,62,5.3,246,13.1,84.876,2.706,7.44,,,,,,,,,,-237.8,,,,,,,,,,1635.4,,
"429","CEDARVALE","2023081708",0,20.4,39,7.7,243,25.4,85.532,3.343,8.961,,,,,,,,,,-238.6,,,,,,,,,,1635.4,,
"429","CEDARVALE","2023081709",0,22,34,9.4,262,18.7,86.349,4.085,10.607,,,,,,,,,,-222.5,,,,,,,,,,1635.4,,
"429","CEDARVALE","2023081710",0,21.3,31,9.4,237,21,87.113,4.552,11.587,,,,,,,,,,-185,,,,,,,,,,1635.4,,
"429","CEDARVALE","2023081711",0,22.5,28,11.1,267,27.4,87.949,5.589,13.639,,,,,,,,,,-271,,,,,,,,,,1635.4,,
"429","CEDARVALE","2023081712",0,22.7,26,15,243,27.8,88.779,7.662,17.345,0,92.153,12.404,26.009,29.252,464.342,50.544,4,,-267.9,,,,,,,,,,1635.4,,
"429","CEDARVALE","2023081713",0,23.5,25,12.9,263,25.4,89.529,7.677,18.474,,,,,,,,,,-317.7,,,,,,,,,,1635.4,,
"429","CEDARVALE","2023081714",0,23.1,25,15.7,254,30.2,90.151,9.663,21.824,,,,,,,,,,-304.8,,,,,,,,,,1635.4,,
"429","CEDARVALE","2023081715",0,23.1,26,16.1,252,31.4,90.622,10.548,23.224,,,,,,,,,,-316.9,,,,,,,,,,1635.4,,
"429","CEDARVALE","2023081716",0,23.2,27,13.8,263,26.7,90.963,9.862,22.143,,,,,,,,,,-287,,,,,,,,,,1635.4,,
"429","CEDARVALE","2023081717",0,22.1,29,11.9,252,32.9,91.127,9.173,21.027,,,,,,,,,,-286.4,,,,,,,,,,1635.4,,
"429","CEDARVALE","2023081718",0,18.4,36,11.5,229,30.2,91.174,9.05,20.823,,,,,,,,,,-250.4,,,,,,,,,,1635.4,,
"429","CEDARVALE","2023081719",0,17.4,40,10.5,210,25.4,91.115,8.533,19.958,,,,,,,,,,-219.9,,,,,,,,,,1635.4,,
"429","CEDARVALE","2023081720",0,16,43,7.7,255,22.9,90.99,7.28,17.765,,,,,,,,,,-274.4,,,,,,,,,,1635.4,,
"429","CEDARVALE","2023081721",0,15.3,46,6.9,136,15.1,90.814,6.819,16.921,,,,,,,,,,-262.7,,,,,,,,,,1635.4,,
"429","CEDARVALE","2023081722",0,14.8,48,5.7,254,17.9,90.62,6.244,15.835,,,,,,,,,,-180.8,,,,,,,,,,1635.4,,
"429","CEDARVALE","2023081723",0,15,48,7.2,275,14.4,90.438,6.561,16.438,,,,,,,,,,-171.4,,,,,,,,,,1635.4,,
"431","UPPER KISPIOX","2023081700",0,15.5,77,10.8,308,22.1,83.904,3.131,3.661,,,,,,,,,,,,,,,,,,,,2849.6,,
"431","UPPER KISPIOX","2023081701",0,15.1,75,8.6,314,22,83.917,2.807,3.221,,,,,,,,,,,,,,,,,,,,2849.6,,
"431","UPPER KISPIOX","2023081702",0,15.1,71,7.8,308,25.2,83.964,2.713,3.089,,,,,,,,,,,,,,,,,,,,2849.6,,
"431","UPPER KISPIOX","2023081703",0,14,74,6.6,326,19.3,83.977,2.558,2.869,,,,,,,,,,,,,,,,,,,,2849.6,,
"431","UPPER KISPIOX","2023081704",0,12.4,83,1.7,259,12.6,83.755,1.941,1.928,,,,,,,,,,,,,,,,,,,,2849.6,,
"431","UPPER KISPIOX","2023081705",0,10,94,0,67,7.5,83.22,1.661,1.431,,,,,,,,,,,,,,,,,,,,2849.6,,
"431","UPPER KISPIOX","2023081706",0,8.5,98,0,326,3.5,82.527,1.521,1.097,,,,,,,,,,,,,,,,,,,,2849.6,,
"431","UPPER KISPIOX","2023081707",0,12,89,0.4,142,4.6,82.268,1.503,1.01,,,,,,,,,,,,,,,,,,,,2849.6,,
"431","UPPER KISPIOX","2023081708",0,17.4,59,6.2,336,15.9,82.623,2.104,2.19,,,,,,,,,,,,,,,,,,,,2849.6,,
"431","UPPER KISPIOX","2023081709",0,19.4,47,8.7,305,21.1,83.314,2.607,2.938,,,,,,,,,,,,,,,,,,,,2849.6,,
"431","UPPER KISPIOX","2023081710",0,19.7,41,8.7,289,26.3,84.098,2.89,3.335,,,,,,,,,,,,,,,,,,,,2849.6,,
"431","UPPER KISPIOX","2023081711",0,20.4,33,11.8,292,29,85.106,3.875,4.621,,,,,,,,,,,,,,,,,,,,2849.6,,
"431","UPPER KISPIOX","2023081712",0,21.2,31,13.7,318,29.7,86.107,4.902,5.852,0,89.298,7.732,10.773,9.4,377.177,17.697,2,,,,,,,,,,,,2849.6,,
"431","UPPER KISPIOX","2023081713",0,20.6,34,9.6,293,31,86.777,4.384,6.563,,,,,,,,,,,,,,,,,,,,2849.6,,
"431","UPPER KISPIOX","2023081714",0,21.3,33,9.2,313,30.4,87.41,4.701,7.002,,,,,,,,,,,,,,,,,,,,2849.6,,
"431","UPPER KISPIOX","2023081715",0,20,33,11.5,303,28.6,87.916,5.676,8.289,,,,,,,,,,,,,,,,,,,,2849.6,,
"431","UPPER KISPIOX","2023081716",0,20.5,34,11.6,302,26.8,88.336,6.058,8.773,,,,,,,,,,,,,,,,,,,,2849.6,,
"431","UPPER KISPIOX","2023081717",0,17.8,42,9.1,297,31.8,88.393,5.385,7.913,,,,,,,,,,,,,,,,,,,,2849.6,,
"431","UPPER KISPIOX","2023081718",0,15.3,54,11,337,25.6,88.326,5.87,8.536,,,,,,,,,,,,,,,,,,,,2849.6,,
"431","UPPER KISPIOX","2023081719",0,13.9,57,8.1,339,25.1,88.195,4.977,7.375,,,,,,,,,,,,,,,,,,,,2849.6,,
"431","UPPER KISPIOX","2023081720",0,12.9,60,7.5,332,16.3,88.011,4.703,7.004,,,,,,,,,,,,,,,,,,,,2849.6,,
"431","UPPER KISPIOX","2023081721",0,12.1,63,8.8,318,22.8,87.772,4.852,7.207,,,,,,,,,,,,,,,,,,,,2849.6,,
"431","UPPER KISPIOX","2023081722",0,11.8,63,9.2,333,20.2,87.555,4.8,7.136,,,,,,,,,,,,,,,,,,,,2849.6,,
"431","UPPER KISPIOX","2023081723",0,11.3,67,11.5,316,26.7,87.26,5.167,7.628,,,,,,,,,,,,,,,,,,,,2849.6,,
"432","BELL-IRVING","2023081700",0,9.5,100,0.6,58,6.1,53.101,0.239,0.132,,,,,,,,,,,,,,,,,,,,717.2,,
"432","BELL-IRVING","2023081701",0,8.9,100,0,94,4.4,53.138,0.233,0.128,,,,,,,,,,,,,,,,,,,,717.2,,
"432","BELL-IRVING","2023081702",0,8.1,100,0,176,1.7,53.175,0.234,0.129,,,,,,,,,,,,,,,,,,,,717.2,,
"432","BELL-IRVING","2023081703",0,7.6,100,0,201,0,53.212,0.235,0.129,,,,,,,,,,,,,,,,,,,,717.2,,
"432","BELL-IRVING","2023081704",0,7,100,0,90,5.6,53.249,0.236,0.13,,,,,,,,,,,,,,,,,,,,717.2,,
"432","BELL-IRVING","2023081705",0,6.3,100,0.7,26,4,53.286,0.245,0.135,,,,,,,,,,,,,,,,,,,,717.2,,
"432","BELL-IRVING","2023081706",0,6.1,100,0.6,269,4.4,53.323,0.245,0.135,,,,,,,,,,,,,,,,,,,,717.2,,
"432","BELL-IRVING","2023081707",0,6.9,100,0,164,0,53.36,0.238,0.131,,,,,,,,,,,,,,,,,,,,717.2,,
"432","BELL-IRVING","2023081708",0,9,100,0,49,5.1,53.397,0.239,0.132,,,,,,,,,,,,,,,,,,,,717.2,,
"432","BELL-IRVING","2023081709",0,13.3,91,0.6,50,5.3,53.817,0.257,0.142,,,,,,,,,,,,,,,,,,,,717.2,,
"432","BELL-IRVING","2023081710",0,16.7,64,2.6,31,7.9,55.784,0.341,0.188,,,,,,,,,,,,,,,,,,,,717.2,,
"432","BELL-IRVING","2023081711",0,16.7,51,4.7,338,13.5,58.361,0.465,0.256,,,,,,,,,,,,,,,,,,,,717.2,,
"432","BELL-IRVING","2023081712",0,16.1,50,5.4,339,17.9,60.809,0.564,0.311,0,79.075,1.362,0.891,6.209,215.073,11.583,1,,,,,,,,,,,,717.2,,
"432","BELL-IRVING","2023081713",0,19.5,41,7.4,352,17.9,63.921,0.732,0.479,,,,,,,,,,,,,,,,,,,,717.2,,
"432","BELL-IRVING","2023081714",0,17.4,53,2.6,316,17.3,65.771,0.619,0.405,,,,,,,,,,,,,,,,,,,,717.2,,
"432","BELL-IRVING","2023081715",0,18.2,44,4,277,12.8,67.969,0.717,0.469,,,,,,,,,,,,,,,,,,,,717.2,,
"432","BELL-IRVING","2023081716",0,16.2,53,4.1,333,16.1,69.564,0.759,0.496,,,,,,,,,,,,,,,,,,,,717.2,,
"432","BELL-IRVING","2023081717",0,18.7,41,3.3,8,15.2,71.531,0.777,0.509,,,,,,,,,,,,,,,,,,,,717.2,,
"432","BELL-IRVING","2023081718",0,16.2,55,2.8,341,9.1,72.732,0.793,0.519,,,,,,,,,,,,,,,,,,,,717.2,,
"432","BELL-IRVING","2023081719",0,14.2,68,1.4,343,15.6,73.379,0.759,0.497,,,,,,,,,,,,,,,,,,,,717.2,,
"432","BELL-IRVING","2023081720",0,10,87,1,317,9.4,73.54,0.749,0.49,,,,,,,,,,,,,,,,,,,,717.2,,
"432","BELL-IRVING","2023081721",0,8.6,94,0,115,0,73.593,0.714,0.467,,,,,,,,,,,,,,,,,,,,717.2,,
"432","BELL-IRVING","2023081722",0,7.5,97,0.4,109,3.1,73.637,0.73,0.478,,,,,,,,,,,,,,,,,,,,717.2,,
"432","BELL-IRVING","2023081723",0,6.1,100,0,75,2.8,73.565,0.713,0.467,,,,,,,,,,,,,,,,,,,,717.2,,
"433","CRANBERRY","2023081700",0,14.4,83,13.4,219,31.7,80.612,2.385,1.771,,,,,,,,,,,,,,,,,,,,2832.4,,
"433","CRANBERRY","2023081701",0,14.1,78,12.7,214,30.6,80.709,2.327,1.693,,,,,,,,,,,,,,,,,,,,2832.4,,
"433","CRANBERRY","2023081702",0,13.5,84,17.2,231,33,80.755,2.934,2.449,,,,,,,,,,,,,,,,,,,,2832.4,,
"433","CRANBERRY","2023081703",0,13,84,15.1,229,36.1,80.801,2.653,2.112,,,,,,,,,,,,,,,,,,,,2832.4,,
"433","CRANBERRY","2023081704",0,12.5,82,18.6,227,37.9,80.847,3.181,2.732,,,,,,,,,,,,,,,,,,,,2832.4,,
"433","CRANBERRY","2023081705",0,12.1,80,16.6,215,38.3,80.893,2.891,2.398,,,,,,,,,,,,,,,,,,,,2832.4,,
"433","CRANBERRY","2023081706",0,12,81,17.8,216,35.9,80.939,3.087,2.626,,,,,,,,,,,,,,,,,,,,2832.4,,
"433","CRANBERRY","2023081707",0,12.3,79,20.1,224,39.1,80.985,3.485,3.069,,,,,,,,,,,,,,,,,,,,2832.4,,
"433","CRANBERRY","2023081708",0,13,76,15.4,235,40.4,81.079,2.779,2.265,,,,,,,,,,,,,,,,,,,,2832.4,,
"433","CRANBERRY","2023081709",0,14.1,67,15.8,224,33.2,81.363,2.93,2.444,,,,,,,,,,,,,,,,,,,,2832.4,,
"433","CRANBERRY","2023081710",0,15,61,18.1,222,34.2,81.782,3.457,3.039,,,,,,,,,,,,,,,,,,,,2832.4,,
"433","CRANBERRY","2023081711",0,15.9,53,14,231,36.3,82.342,3.01,2.536,,,,,,,,,,,,,,,,,,,,2832.4,,
"433","CRANBERRY","2023081712",0,17.9,44,15.7,219,31.4,83.168,3.64,3.237,0,84.122,4.126,4.805,6.016,281.828,11.422,2,,,,,,,,,,,,2832.4,,
"433","CRANBERRY","2023081713",0,17.4,45,17.8,223,37.7,83.853,4.425,5.16,,,,,,,,,,,,,,,,,,,,2832.4,,
"433","CRANBERRY","2023081714",0,17.8,43,17.9,214,44.9,84.52,4.864,5.666,,,,,,,,,,,,,,,,,,,,2832.4,,
"433","CRANBERRY","2023081715",0,16.9,45,25.4,222,51,85.042,7.622,8.561,,,,,,,,,,,,,,,,,,,,2832.4,,
"433","CRANBERRY","2023081716",0,17,45,17.9,226,41,85.46,5.534,6.412,,,,,,,,,,,,,,,,,,,,2832.4,,
"433","CRANBERRY","2023081717",0,15.2,48,19.4,209,41,85.697,6.169,7.091,,,,,,,,,,,,,,,,,,,,2832.4,,
"433","CRANBERRY","2023081718",0,13.4,55,20.2,219,39,85.745,6.466,7.401,,,,,,,,,,,,,,,,,,,,2832.4,,
"433","CRANBERRY","2023081719",0,12.6,59,17.1,212,37.6,85.793,5.568,6.449,,,,,,,,,,,,,,,,,,,,2832.4,,
"433","CRANBERRY","2023081720",0,11.5,64,17.1,211,38.9,85.76,5.542,6.421,,,,,,,,,,,,,,,,,,,,2832.4,,
"433","CRANBERRY","2023081721",0,11.1,66,13.8,214,35.2,85.686,4.645,5.416,,,,,,,,,,,,,,,,,,,,2832.4,,
"433","CRANBERRY","2023081722",0,10.7,69,14.5,215,31.2,85.549,4.721,5.503,,,,,,,,,,,,,,,,,,,,2832.4,,
"433","CRANBERRY","2023081723",0,10.2,72,12.8,222,32.1,85.358,4.22,4.917,,,,,,,,,,,,,,,,,,,,2832.4,,
"437","NOEL","2023081700",0,15.8,62,1.9,81,14.9,89.682,4.508,13.405,,,,,,,,,,-115.4,,,,,,,,2,772.294,,,
"437","NOEL","2023081701",0,17.9,53,9,193,16.6,89.524,6.302,17.312,,,,,,,,,,-47.8,,,,,,,,2,772.306,,,
"437","NOEL","2023081702",0,17.1,59,5.6,190,14.3,89.261,5.114,14.782,,,,,,,,,,-1.6,,,,,,,,2,772.286,,,
"437","NOEL","2023081703",0,14.7,70,2.8,5,13.1,88.803,4.158,12.577,,,,,,,,,,-45.3,,,,,,,,2,772.288,,,
"437","NOEL","2023081704",0,16.5,55,8.1,250,18.3,88.692,5.345,15.292,,,,,,,,,,-77.7,,,,,,,,2,772.301,,,
"437","NOEL","2023081705",0,16.7,49,8.8,231,20.6,88.719,5.558,15.753,,,,,,,,,,-91.9,,,,,,,,2,772.818,,,
"437","NOEL","2023081706",0,17.1,51,6.6,202,20,88.713,4.971,14.463,,,,,,,,,,-16.7,,,,,,,,2,770.836,,,
"437","NOEL","2023081707",0,18.7,50,9.3,232,14.3,88.756,5.73,16.121,,,,,,,,,,-15.4,,,,,,,,2,772.303,,,
"437","NOEL","2023081708",0,18.1,51,10.3,224,17.7,88.759,6.03,16.749,,,,,,,,,,-97.6,,,,,,,,2,771.787,,,
"437","NOEL","2023081709",0,17.1,52,13.8,222,24.6,88.716,7.148,18.998,,,,,,,,,,-76.7,,,,,,,,2,772.037,,,
"437","NOEL","2023081710",0,16.9,49,13.6,214,22.3,88.742,7.103,18.91,,,,,,,,,,14.2,,,,,,,,2,772.116,,,
"437","NOEL","2023081711",0,17.6,46,13.5,224,24.1,88.791,7.117,18.937,,,,,,,,,,-17.7,,,,,,,,2,772.306,,,
"437","NOEL","2023081712",0,21.7,30,19.7,237,38.5,89.301,10.465,24.938,0,91.312,13.952,31.525,38.712,442.047,63.518,4,,-65.8,,,,,,,,2,770.211,,,
"437","NOEL","2023081713",0,22.3,23,25.5,218,41.3,90.074,15.661,34.049,,,,,,,,,,-147.3,,,,,,,,2,770.441,,,
"437","NOEL","2023081714",0,22.4,22,23.9,228,44.2,90.741,15.895,34.385,,,,,,,,,,-128,,,,,,,,2,770.773,,,
"437","NOEL","2023081715",0,22.7,22,19.5,230,41.9,91.274,13.739,31.2,,,,,,,,,,-75.1,,,,,,,,2,769.933,,,
"437","NOEL","2023081716",0,20.6,26,16.4,257,30.4,91.455,12.057,28.562,,,,,,,,,,-18.8,,,,,,,,2,770.573,,,
"437","NOEL","2023081717",0,20,27,16.3,243,28.7,91.55,12.16,28.727,,,,,,,,,,-40.9,,,,,,,,2,769.069,,,
"437","NOEL","2023081718",0,18.8,27,14,245,26.4,91.6,10.906,26.664,,,,,,,,,,-59.6,,,,,,,,2,771.799,,,
"437","NOEL","2023081719",0,17.6,31,8.9,239,25.2,91.65,8.494,22.388,,,,,,,,,,-39.3,,,,,,,,2,772.291,,,
"437","NOEL","2023081720",0,16.4,31,9.9,238,14.9,91.7,8.997,23.317,,,,,,,,,,-31,,,,,,,,2,772.289,,,
"437","NOEL","2023081721",0,15.7,29,8.2,262,16,91.75,8.317,22.054,,,,,,,,,,-38.2,,,,,,,,2,772.3,,,
"437","NOEL","2023081722",0,12.9,55,11.5,357,26.9,91.242,9.139,23.576,,,,,,,,,,-46.5,,,,,,,,2,772.412,,,
"437","NOEL","2023081723",0,11.3,61,7.6,343,22.9,90.701,6.951,19.38,,,,,,,,,,-0.6,,,,,,,,2,772.768,,,
"438","ELK MOUNTAIN","2023081700",0,8.3,99,3,32,7.9,74.031,0.848,0.606,,,,,,,,,0,0,,0,0,0,0,0,,0,0,,0,
"438","ELK MOUNTAIN","2023081701",0,7.5,99,4.2,11,7.9,73.973,0.898,0.642,,,,,,,,,0,0,,0,0,0,0,0,,0,0,,0,
"438","ELK MOUNTAIN","2023081702",0,6.6,99,1.7,51,6.2,73.922,0.79,0.565,,,,,,,,,0,0,,0,0,0,0,0,,0,0,,0,
"438","ELK MOUNTAIN","2023081703",0,9.9,69,10.3,351,18.9,74.575,1.258,0.9,,,,,,,,,0,0,,0,0,0,0,0,,0,0,,0,
"438","ELK MOUNTAIN","2023081704",0,6.8,96,4.8,38,19.5,74.619,0.956,0.684,,,,,,,,,0,0,,0,0,0,0,0,,0,0,,0,
"438","ELK MOUNTAIN","2023081705",0,5.3,98,2.9,304,7.4,74.562,0.866,0.619,,,,,,,,,0,0,,0,0,0,0,0,,0,0,,0,
"438","ELK MOUNTAIN","2023081706",0,5.2,99,2.4,336,5.6,74.447,0.84,0.601,,,,,,,,,0,0,,0,0,0,0,0,,0,0,,0,
"438","ELK MOUNTAIN","2023081707",0,10,76,7.4,359,16,74.877,1.105,0.79,,,,,,,,,0,0,,0,0,0,0,0,,0,0,,0,
"438","ELK MOUNTAIN","2023081708",0,15.5,49,9.8,345,19.5,76.178,1.347,0.964,,,,,,,,,0,0,,0,0,0,0,0,,0,0,,0,
"438","ELK MOUNTAIN","2023081709",0,15.4,49,10.8,341,26.4,77.368,1.543,1.425,,,,,,,,,0,0,,0,0,0,0,0,,0,0,,0,
"438","ELK MOUNTAIN","2023081710",0,17.5,36,14,330,28.1,79.018,2.089,2.407,,,,,,,,,0,0,,0,0,0,0,0,,0,0,,0,
"438","ELK MOUNTAIN","2023081711",0,16,46,10.4,340,29.8,80.017,1.924,2.133,,,,,,,,,0,0,,0,0,0,0,0,,0,0,,0,
"438","ELK MOUNTAIN","2023081712",0,17.8,38,12.1,325,34.4,81.259,2.403,2.903,0,85.121,3.942,5.684,11.598,70.726,16.452,2,0,0,,0,0,0,0,0,,0,0,,0,
"438","ELK MOUNTAIN","2023081713",0,16,43,16.7,319,30.4,82.169,3.376,4.867,,,,,,,,,0,0,,0,0,0,0,0,,0,0,,0,
"438","ELK MOUNTAIN","2023081714",0,15.2,53,12.4,344,34.4,82.649,2.885,4.122,,,,,,,,,0,0,,0,0,0,0,0,,0,0,,0,
"438","ELK MOUNTAIN","2023081715",0,14.3,56,16.2,311,30.4,83.006,3.656,5.276,,,,,,,,,0,0,,0,0,0,0,0,,0,0,,0,
"438","ELK MOUNTAIN","2023081716",0,11.4,79,10.1,338,30.4,82.955,2.671,3.784,,,,,,,,,0,0,,0,0,0,0,0,,0,0,,0,
"438","ELK MOUNTAIN","2023081717",0,11.6,78,5,349,20,82.947,2.063,2.771,,,,,,,,,0,0,,0,0,0,0,0,,0,0,,0,
"438","ELK MOUNTAIN","2023081718",0,11.2,80,6.3,8,11.4,82.88,2.184,2.98,,,,,,,,,0,0,,0,0,0,0,0,,0,0,,0,
"438","ELK MOUNTAIN","2023081719",0.2,11,84,4.1,347,12,78.375,1.196,0.961,,,,,,,,,0,0,,0,0,0,0,0,,0,0,,0,
"438","ELK MOUNTAIN","2023081720",0,9.8,94,1.8,38,7.9,78.25,1.054,0.846,,,,,,,,,0,0,,0,0,0,0,0,,0,0,,0,
"438","ELK MOUNTAIN","2023081721",0,8.3,98,2.7,81,4.5,77.874,1.068,0.858,,,,,,,,,0,0,,0,0,0,0,0,,0,0,,0,
"438","ELK MOUNTAIN","2023081722",0,8.4,99,2.1,353,5.1,77.47,1.003,0.806,,,,,,,,,0,0,,0,0,0,0,0,,0,0,,0,
"438","ELK MOUNTAIN","2023081723",0,8.6,100,1.6,319,3.9,77.037,0.946,0.76,,,,,,,,,0,0,,0,0,0,0,0,,0,0,,0,
"440","FIRESIDE","2023081700",0,7.8,73,6,213,13.8,83.246,2.255,3.135,,,,,,,,,,,,,,,,,,,,451.2,,
"440","FIRESIDE","2023081701",0,12.2,51,5.2,225,28.2,83.526,2.246,3.119,,,,,,,,,,,,,,,,,,,,451.2,,
"440","FIRESIDE","2023081702",0,10.1,53,7.5,226,16.3,83.719,2.587,3.687,,,,,,,,,,,,,,,,,,,,451.2,,
"440","FIRESIDE","2023081703",0,6.3,73,6.3,229,12.9,83.673,2.421,3.413,,,,,,,,,,,,,,,,,,,,451.2,,
"440","FIRESIDE","2023081704",0,5.5,86,4.8,219,14.6,83.331,2.146,2.947,,,,,,,,,,,,,,,,,,,,451.2,,
"440","FIRESIDE","2023081705",0,7,69,5.4,237,9.7,83.378,2.226,3.084,,,,,,,,,,,,,,,,,,,,451.2,,
"440","FIRESIDE","2023081706",0,9.9,56,7.6,242,14.5,83.535,2.538,3.606,,,,,,,,,,,,,,,,,,,,451.2,,
"440","FIRESIDE","2023081707",0,10.5,53,8.8,221,19,83.74,2.77,3.98,,,,,,,,,,,,,,,,,,,,451.2,,
"440","FIRESIDE","2023081708",0,10.7,55,6.3,242,19,83.891,2.492,3.53,,,,,,,,,,,,,,,,,,,,451.2,,
"440","FIRESIDE","2023081709",0,11.6,50,11.1,239,25.8,84.147,3.283,4.773,,,,,,,,,,,,,,,,,,,,451.2,,
"440","FIRESIDE","2023081710",0,13.8,44,11.6,262,24.1,84.56,3.56,5.183,,,,,,,,,,,,,,,,,,,,451.2,,
"440","FIRESIDE","2023081711",0,11.8,54,12.4,276,29.8,84.686,3.77,5.488,,,,,,,,,,,,,,,,,,,,451.2,,
"440","FIRESIDE","2023081712",0,9.7,75,8.1,295,23.6,84.534,2.974,4.301,0,78.351,1.46,1.761,9.489,322.496,17.678,2,,,,,,,,,,,,451.2,,
"440","FIRESIDE","2023081713",0.2,9.2,82,9.3,270,22.8,79.87,1.793,2.431,,,,,,,,,,,,,,,,,,,,451.4,,
"440","FIRESIDE","2023081714",0.4,9.5,83,5.2,255,20,71.764,0.863,0.724,,,,,,,,,,,,,,,,,,,,451.8,,
"440","FIRESIDE","2023081715",0.2,9.8,85,8.2,264,23.3,68.458,0.9,0.756,,,,,,,,,,,,,,,,,,,,452,,
"440","FIRESIDE","2023081716",0,10.5,78,6.1,247,17.8,69.13,0.827,0.695,,,,,,,,,,,,,,,,,,,,452,,
"440","FIRESIDE","2023081717",0.4,10,86,5.1,272,20,62.671,0.615,0.516,,,,,,,,,,,,,,,,,,,,452.4,,
"440","FIRESIDE","2023081718",0,10.7,77,5.6,279,15.4,63.621,0.659,0.554,,,,,,,,,,,,,,,,,,,,452.4,,
"440","FIRESIDE","2023081719",0,10.9,75,8.5,286,16,64.705,0.8,0.671,,,,,,,,,,,,,,,,,,,,452.4,,
"440","FIRESIDE","2023081720",0,9.4,87,3.3,250,14.1,65.133,0.626,0.526,,,,,,,,,,,,,,,,,,,,452.4,,
"440","FIRESIDE","2023081721",0,8.3,89,4,268,13,65.486,0.658,0.552,,,,,,,,,,,,,,,,,,,,452.4,,
"440","FIRESIDE","2023081722",0,7.5,92,4.4,291,11,65.733,0.677,0.568,,,,,,,,,,,,,,,,,,,,452.4,,
"440","FIRESIDE","2023081723",0,6,95,0.1,295,7.8,65.828,0.547,0.459,,,,,,,,,,,,,,,,,,,,452.4,,
"444","KETCHIKA","2023081700",0,14.4,53,4.4,126,10.8,89.432,4.933,18.212,,,,,,,,,0,0,,0,0,0,0,0,,0,0,,0,
"444","KETCHIKA","2023081701",0,13.3,55,4.2,91,10.2,89.242,4.752,17.715,,,,,,,,,0,0,,0,0,0,0,0,,0,0,,0,
"444","KETCHIKA","2023081702",0,10.8,65,5.1,328,8.5,88.857,4.705,17.587,,,,,,,,,0,0,,0,0,0,0,0,,0,0,,0,
"444","KETCHIKA","2023081703",0,9.2,67,3,38,6.8,88.499,4.021,15.628,,,,,,,,,0,0,,0,0,0,0,0,,0,0,,0,
"444","KETCHIKA","2023081704",0,9.1,63,4.4,90,13.1,88.228,4.15,16.007,,,,,,,,,0,0,,0,0,0,0,0,,0,0,,0,
"444","KETCHIKA","2023081705",0,9.6,63,4,99,8.5,87.987,3.929,15.358,,,,,,,,,0,0,,0,0,0,0,0,,0,0,,0,
"444","KETCHIKA","2023081706",0,9.7,59,3.8,82,9.7,87.837,3.807,14.992,,,,,,,,,0,0,,0,0,0,0,0,,0,0,,0,
"444","KETCHIKA","2023081707",0,10.2,57,4.9,83,9.7,87.73,3.963,15.458,,,,,,,,,0,0,,0,0,0,0,0,,0,0,,0,
"444","KETCHIKA","2023081708",0,11.3,64,2.8,341,6.2,87.539,3.469,13.953,,,,,,,,,0,0,,0,0,0,0,0,,0,0,,0,
"444","KETCHIKA","2023081709",0,14.5,37,6.1,276,15.4,87.724,4.206,16.171,,,,,,,,,0,0,,0,0,0,0,0,,0,0,,0,
"444","KETCHIKA","2023081710",0,17.6,32,5.5,265,16.6,88.087,4.299,16.438,,,,,,,,,0,0,,0,0,0,0,0,,0,0,,0,
"444","KETCHIKA","2023081711",0,16.4,30,7.8,301,26.4,88.438,5.077,18.6,,,,,,,,,0,0,,0,0,0,0,0,,0,0,,0,
"444","KETCHIKA","2023081712",0,16.4,28,9.1,276,20.6,88.81,5.717,20.282,0,90.364,7.144,24.302,54.583,859.116,94.204,4,0,0,,0,0,0,0,0,,0,0,,0,
"444","KETCHIKA","2023081713",0,18.2,29,7.9,300,26.4,89.155,5.655,20.583,,,,,,,,,0,0,,0,0,0,0,0,,0,0,,0,
"444","KETCHIKA","2023081714",0,16.8,34,5.6,305,22.9,89.275,5.124,19.162,,,,,,,,,0,0,,0,0,0,0,0,,0,0,,0,
"444","KETCHIKA","2023081715",0,15.7,38,9.4,337,22.3,89.324,6.249,22.11,,,,,,,,,0,0,,0,0,0,0,0,,0,0,,0,
"444","KETCHIKA","2023081716",0,12.7,58,8.3,29,28.7,89.051,5.685,20.661,,,,,,,,,0,0,,0,0,0,0,0,,0,0,,0,
"444","KETCHIKA","2023081717",0,13.6,54,4.8,256,18.9,88.914,4.673,17.908,,,,,,,,,0,0,,0,0,0,0,0,,0,0,,0,
"444","KETCHIKA","2023081718",0,11.3,68,5.6,331,19.5,88.494,4.58,17.645,,,,,,,,,0,0,,0,0,0,0,0,,0,0,,0,
"444","KETCHIKA","2023081719",0,10.1,79,5.1,312,21.2,87.859,4.077,16.175,,,,,,,,,0,0,,0,0,0,0,0,,0,0,,0,
"444","KETCHIKA","2023081720",0.2,8.7,96,2.7,281,10.8,82.193,1.672,7.824,,,,,,,,,0,0,,0,0,0,0,0,,0,0,,0,
"444","KETCHIKA","2023081721",0.4,7.8,99,1.9,36,5.6,73.406,0.779,3.657,,,,,,,,,0,0,,0,0,0,0,0,,0,0,,0,
"444","KETCHIKA","2023081722",0,7.4,99,1.8,35,4.5,73.41,0.776,3.636,,,,,,,,,0,0,,0,0,0,0,0,,0,0,,0,
"444","KETCHIKA","2023081723",0,7.3,100,1.9,338,2.8,73.341,0.777,3.645,,,,,,,,,0,0,,0,0,0,0,0,,0,0,,0,
"445","BOYA LAKE","2023081700",0,13.4,42,7.5,213,30.2,89.087,5.488,13.387,,,,,,,,,,,,,,,,,,,,3880,,
"445","BOYA LAKE","2023081701",0,12.9,39,6,236,26.6,89.136,5.125,12.682,,,,,,,,,,,,,,,,,,,,3880,,
"445","BOYA LAKE","2023081702",0,10.7,47,4.8,178,11.6,89.08,4.785,12.007,,,,,,,,,,,,,,,,,,,,3880,,
"445","BOYA LAKE","2023081703",0,11.2,44,9.1,208,29.9,89.072,5.936,14.23,,,,,,,,,,,,,,,,,,,,3880,,
"445","BOYA LAKE","2023081704",0,10.2,49,4,98,23.3,88.989,4.537,11.503,,,,,,,,,,,,,,,,,,,,3880,,
"445","BOYA LAKE","2023081705",0,10,50,4.1,247,19.1,88.896,4.499,11.425,,,,,,,,,,,,,,,,,,,,3880,,
"445","BOYA LAKE","2023081706",0,9.8,54,9,240,23.2,88.719,5.614,13.626,,,,,,,,,,,,,,,,,,,,3880,,
"445","BOYA LAKE","2023081707",0,12.8,42,12.3,250,29.4,88.768,6.677,15.573,,,,,,,,,,,,,,,,,,,,3880,,
"445","BOYA LAKE","2023081708",0,11,47,6.9,211,22.3,88.74,5.066,12.568,,,,,,,,,,,,,,,,,,,,3880,,
"445","BOYA LAKE","2023081709",0,11.7,49,6.1,163,17.7,88.693,4.833,12.104,,,,,,,,,,,,,,,,,,,,3880,,
"445","BOYA LAKE","2023081710",0,13.4,45,6.7,170,15.3,88.737,5.013,12.463,,,,,,,,,,,,,,,,,,,,3880,,
"445","BOYA LAKE","2023081711",0,13.4,43,10.3,226,22.9,88.786,6.053,14.445,,,,,,,,,,,,,,,,,,,,3880,,
"445","BOYA LAKE","2023081712",0,12.9,45,8.5,241,28.1,88.813,5.549,13.503,0,87.254,4.439,11.678,26.223,590.588,47.205,3,,,,,,,,,,,,3880,,
"445","BOYA LAKE","2023081713",0,11.1,68,5,119,19.9,88.411,4.391,11.577,,,,,,,,,,,,,,,,,,,,3880,,
"445","BOYA LAKE","2023081714",0,11.3,69,5,99,12.7,88.03,4.158,11.073,,,,,,,,,,,,,,,,,,,,3880,,
"445","BOYA LAKE","2023081715",0.2,10.8,86,2,84,15.6,82.82,1.746,5.064,,,,,,,,,,,,,,,,,,,,3880.2,,
"445","BOYA LAKE","2023081716",0.4,10.9,85,0.9,147,5.9,74.121,0.766,1.79,,,,,,,,,,,,,,,,,,,,3880.6,,
"445","BOYA LAKE","2023081717",0.2,10.6,88,0.7,179,3.9,70.364,0.656,1.283,,,,,,,,,,,,,,,,,,,,3880.8,,
"445","BOYA LAKE","2023081718",0,10.1,91,0.9,221,6,70.515,0.666,1.336,,,,,,,,,,,,,,,,,,,,3880.8,,
"445","BOYA LAKE","2023081719",0,10.2,85,1.4,208,5.7,70.798,0.689,1.452,,,,,,,,,,,,,,,,,,,,3880.8,,
"445","BOYA LAKE","2023081720",0,9.3,91,0.4,181,3.9,70.926,0.658,1.296,,,,,,,,,,,,,,,,,,,,3880.8,,
"445","BOYA LAKE","2023081721",0.2,8.6,95,1.3,202,4,67.292,0.612,0.989,,,,,,,,,,,,,,,,,,,,3881,,
"445","BOYA LAKE","2023081722",0,7.9,98,1.5,213,4.3,67.355,0.62,1.018,,,,,,,,,,,,,,,,,,,,3881,,
"445","BOYA LAKE","2023081723",0,7.3,98,2.5,232,5.7,67.42,0.653,1.269,,,,,,,,,,,,,,,,,,,,3881,,
"474","FROTH-WIND","2023081700",0,,0,9.7,146,10.8,,,,,,,,,,,,,,,,,,,,,,,,,
"474","FROTH-WIND","2023081701",0,,0,12.5,142,17.2,,,,,,,,,,,,,,,,,,,,,,,,,
"474","FROTH-WIND","2023081702",0,,0,17.4,175,22.9,,,,,,,,,,,,,,,,,,,,,,,,,
"474","FROTH-WIND","2023081703",0,,0,20.5,182,27.5,,,,,,,,,,,,,,,,,,,,,,,,,
"474","FROTH-WIND","2023081704",0,,0,16.4,180,25.2,,,,,,,,,,,,,,,,,,,,,,,,,
"474","FROTH-WIND","2023081705",0,,0,16,180,22.9,,,,,,,,,,,,,,,,,,,,,,,,,
"474","FROTH-WIND","2023081706",0,,0,21.6,178,27.5,,,,,,,,,,,,,,,,,,,,,,,,,
"474","FROTH-WIND","2023081707",0,,0,18.4,159,26.4,,,,,,,,,,,,,,,,,,,,,,,,,
"474","FROTH-WIND","2023081708",0,,0,23.6,178,32.1,,,,,,,,,,,,,,,,,,,,,,,,,
"474","FROTH-WIND","2023081709",0,,0,22.9,176,33.9,,,,,,,,,,,,,,,,,,,,,,,,,
"474","FROTH-WIND","2023081710",0,,0,24.2,175,33.3,,,,,,,,,,,,,,,,,,,,,,,,,
"474","FROTH-WIND","2023081711",0,,0,20.9,178,32.1,,,,,,,,,,,,,,,,,,,,,,,,,
"474","FROTH-WIND","2023081712",0,,0,18.9,175,31.6,,,,0,,,,,,,,,,,,,,,,,,,,,
"474","FROTH-WIND","2023081713",0,,0,18,181,28.7,,,,,,,,,,,,,,,,,,,,,,,,,
"474","FROTH-WIND","2023081714",0,,0,18.7,187,33.3,,,,,,,,,,,,,,,,,,,,,,,,,
"474","FROTH-WIND","2023081715",0,,0,17.3,198,31,,,,,,,,,,,,,,,,,,,,,,,,,
"474","FROTH-WIND","2023081716",0,,0,15.5,194,26.9,,,,,,,,,,,,,,,,,,,,,,,,,
"474","FROTH-WIND","2023081717",0,,0,14.2,205,24.6,,,,,,,,,,,,,,,,,,,,,,,,,
"474","FROTH-WIND","2023081718",0,,0,14.2,172,24.6,,,,,,,,,,,,,,,,,,,,,,,,,
"474","FROTH-WIND","2023081719",0,,0,31.4,138,41.9,,,,,,,,,,,,,,,,,,,,,,,,,
"474","FROTH-WIND","2023081720",0,,0,13.7,197,47.7,,,,,,,,,,,,,,,,,,,,,,,,,
"474","FROTH-WIND","2023081721",0,,0,37.4,177,53.4,,,,,,,,,,,,,,,,,,,,,,,,,
"474","FROTH-WIND","2023081722",0,,0,23.1,196,41.3,,,,,,,,,,,,,,,,,,,,,,,,,
"474","FROTH-WIND","2023081723",0,,0,12.8,228,31,,,,,,,,,,,,,,,,,,,,,,,,,
"480","SILVERSTAR SF","2023081700",0,15.7,48,0,347,0,,,,,,,,,,,,,,,,,,,,,,,,,
"480","SILVERSTAR SF","2023081701",0,16.3,50,0,328,0,,,,,,,,,,,,,,,,,,,,,,,,,
"480","SILVERSTAR SF","2023081702",0,16.7,47,0,213,0,,,,,,,,,,,,,,,,,,,,,,,,,
"480","SILVERSTAR SF","2023081703",0,16.8,46,0,209,0,,,,,,,,,,,,,,,,,,,,,,,,,
"480","SILVERSTAR SF","2023081704",0,17.2,41,0,194,0,,,,,,,,,,,,,,,,,,,,,,,,,
"480","SILVERSTAR SF","2023081705",0,16.9,42,0,226,0,,,,,,,,,,,,,,,,,,,,,,,,,
"480","SILVERSTAR SF","2023081706",0,17.1,43,0,228,0,,,,,,,,,,,,,,,,,,,,,,,,,
"480","SILVERSTAR SF","2023081707",0,18.6,40,0,202,0,,,,,,,,,,,,,,,,,,,,,,,,,
"480","SILVERSTAR SF","2023081708",0,19.1,40,0,204,0,,,,,,,,,,,,,,,,,,,,,,,,,
"480","SILVERSTAR SF","2023081709",0,20.6,38,0,216,0,,,,,,,,,,,,,,,,,,,,,,,,,
"480","SILVERSTAR SF","2023081710",0,20.9,39,0,192,0,,,,,,,,,,,,,,,,,,,,,,,,,
"480","SILVERSTAR SF","2023081711",0,23.5,36,0,209,0,,,,,,,,,,,,,,,,,,,,,,,,,
"480","SILVERSTAR SF","2023081712",0,23.3,35,0,202,0,,,,0,,,,,,,,,,,,,,,,,,,,,
"480","SILVERSTAR SF","2023081713",0,24,33,0,203,0,,,,,,,,,,,,,,,,,,,,,,,,,
"480","SILVERSTAR SF","2023081714",0,27,29,0,234,0,,,,,,,,,,,,,,,,,,,,,,,,,
"480","SILVERSTAR SF","2023081715",0,25.9,29,0,204,0,,,,,,,,,,,,,,,,,,,,,,,,,
"480","SILVERSTAR SF","2023081716",0,26.3,29,0,229,0,,,,,,,,,,,,,,,,,,,,,,,,,
"480","SILVERSTAR SF","2023081717",0,24.6,32,0,237,0,,,,,,,,,,,,,,,,,,,,,,,,,
"480","SILVERSTAR SF","2023081718",0,22,37,0,241,0,,,,,,,,,,,,,,,,,,,,,,,,,
"480","SILVERSTAR SF","2023081719",0,19.5,41,0,260,0,,,,,,,,,,,,,,,,,,,,,,,,,
"480","SILVERSTAR SF","2023081720",0,18.4,42,0,254,0,,,,,,,,,,,,,,,,,,,,,,,,,
"480","SILVERSTAR SF","2023081721",0,17.3,46,1.6,266,2.2,,,,,,,,,,,,,,,,,,,,,,,,,
"480","SILVERSTAR SF","2023081722",0,16.6,48,0,264,0,,,,,,,,,,,,,,,,,,,,,,,,,
"480","SILVERSTAR SF","2023081723",0,15.8,50,1.6,264,2.2,,,,,,,,,,,,,,,,,,,,,,,,,
"503","BAKER","2023081700",0,,0,21.1,261,28.1,,,,,,,,,,,,,,,,,,,,,,,,,
"503","BAKER","2023081701",0,,0,19.3,256,26.4,,,,,,,,,,,,,,,,,,,,,,,,,
"503","BAKER","2023081702",0,,0,17.4,271,26.9,,,,,,,,,,,,,,,,,,,,,,,,,
"503","BAKER","2023081703",0,,0,13.9,276,23.5,,,,,,,,,,,,,,,,,,,,,,,,,
"503","BAKER","2023081704",0,,0,13.4,272,18.9,,,,,,,,,,,,,,,,,,,,,,,,,
"503","BAKER","2023081705",0,,0,17.3,234,22.9,,,,,,,,,,,,,,,,,,,,,,,,,
"503","BAKER","2023081706",0,,0,22.4,243,28.7,,,,,,,,,,,,,,,,,,,,,,,,,
"503","BAKER","2023081707",0,,0,16.3,232,28.7,,,,,,,,,,,,,,,,,,,,,,,,,
"503","BAKER","2023081708",0,,0,14.3,236,24.6,,,,,,,,,,,,,,,,,,,,,,,,,
"503","BAKER","2023081709",0,,0,15.5,233,24.1,,,,,,,,,,,,,,,,,,,,,,,,,
"503","BAKER","2023081710",0,,0,18.2,234,26.4,,,,,,,,,,,,,,,,,,,,,,,,,
"503","BAKER","2023081711",0,,0,15,244,30.4,,,,,,,,,,,,,,,,,,,,,,,,,
"503","BAKER","2023081712",0,,0,13,207,37.9,,,,0,,,,,,,,,,,,,,,,,,,,,
"503","BAKER","2023081713",0,,0,13.1,205,32.7,,,,,,,,,,,,,,,,,,,,,,,,,
"503","BAKER","2023081714",0,,0,14.7,236,33.9,,,,,,,,,,,,,,,,,,,,,,,,,
"503","BAKER","2023081715",0,,0,14.1,243,31.6,,,,,,,,,,,,,,,,,,,,,,,,,
"503","BAKER","2023081716",0,,0,17.8,227,31,,,,,,,,,,,,,,,,,,,,,,,,,
"503","BAKER","2023081717",0,,0,16.6,228,35,,,,,,,,,,,,,,,,,,,,,,,,,
"503","BAKER","2023081718",0,,0,19.4,231,37.3,,,,,,,,,,,,,,,,,,,,,,,,,
"503","BAKER","2023081719",0,,0,19.1,231,43.6,,,,,,,,,,,,,,,,,,,,,,,,,
"503","BAKER","2023081720",0,,0,17.8,229,36.2,,,,,,,,,,,,,,,,,,,,,,,,,
"503","BAKER","2023081721",0,,0,21.5,233,37.9,,,,,,,,,,,,,,,,,,,,,,,,,
"503","BAKER","2023081722",0,,0,29.1,231,41.3,,,,,,,,,,,,,,,,,,,,,,,,,
"503","BAKER","2023081723",0,,0,28.1,232,43.6,,,,,,,,,,,,,,,,,,,,,,,,,
"554","CAPILANO GVRD","2023081700",0,18.6,78,2.4,62,3.9,86.963,3.132,10.611,,,,,,,,,,,,,,,,,,,,,,
"554","CAPILANO GVRD","2023081701",0,17.3,87,0.6,351,3.9,86.301,2.604,9.088,,,,,,,,,,,,,,,,,,,,,,
"554","CAPILANO GVRD","2023081702",0,16.7,89,0,7,3.8,85.706,2.324,8.234,,,,,,,,,,,,,,,,,,,,,,
"554","CAPILANO GVRD","2023081703",0,16.4,87,0,25,3.9,85.255,2.183,7.79,,,,,,,,,,,,,,,,,,,,,,
"554","CAPILANO GVRD","2023081704",0,16.2,88,0,17,3.9,84.811,2.053,7.375,,,,,,,,,,,,,,,,,,,,,,
"554","CAPILANO GVRD","2023081705",0,15.8,89,1.2,352,3.9,84.288,2.032,7.305,,,,,,,,,,,,,,,,,,,,,,
"554","CAPILANO GVRD","2023081706",0,15.3,93,0.1,318,3.8,83.683,1.773,6.444,,,,,,,,,,,,,,,,,,,,,,
"554","CAPILANO GVRD","2023081707",0,15.7,94,0,329,3,83.111,1.638,5.975,,,,,,,,,,,,,,,,,,,,,,
"554","CAPILANO GVRD","2023081708",0,16.7,94,0,49,0,82.593,1.534,5.606,,,,,,,,,,,,,,,,,,,,,,
"554","CAPILANO GVRD","2023081709",0,19.7,77,3.3,90,7.2,82.64,1.822,6.608,,,,,,,,,,,,,,,,,,,,,,
"554","CAPILANO GVRD","2023081710",0,24.6,60,3.4,112,9,83.105,1.943,7.012,,,,,,,,,,,,,,,,,,,,,,
"554","CAPILANO GVRD","2023081711",0,27.9,46,6.5,269,12.2,84.146,2.604,9.087,,,,,,,,,,,,,,,,,,,,,,
"554","CAPILANO GVRD","2023081712",0,28.8,41,9.2,275,19.2,85.325,3.504,11.63,0,90.707,7.54,21.661,43.381,458.669,70.17,4,,,,,,,,,,,,,,
"554","CAPILANO GVRD","2023081713",0,29.5,38,7.7,279,19,86.431,3.793,12.944,,,,,,,,,,,,,,,,,,,,,,
"554","CAPILANO GVRD","2023081714",0,29.4,39,8.9,286,20.5,87.316,4.569,14.959,,,,,,,,,,,,,,,,,,,,,,
"554","CAPILANO GVRD","2023081715",0,29.7,38,8.1,266,23.2,88.083,4.898,15.772,,,,,,,,,,,,,,,,,,,,,,
"554","CAPILANO GVRD","2023081716",0,29.6,40,6.6,262,17.7,88.611,4.899,15.774,,,,,,,,,,,,,,,,,,,,,,
"554","CAPILANO GVRD","2023081717",0,29.2,39,5.2,283,15.9,89.05,4.862,15.684,,,,,,,,,,,,,,,,,,,,,,
"554","CAPILANO GVRD","2023081718",0,25,53,4.4,125,11.3,89.099,4.703,15.292,,,,,,,,,,,,,,,,,,,,,,
"554","CAPILANO GVRD","2023081719",0,22.5,62,0.3,31,11.7,88.944,3.741,12.802,,,,,,,,,,,,,,,,,,,,,,
"554","CAPILANO GVRD","2023081720",0,20.5,71,0.8,23,3.9,88.563,3.632,12.506,,,,,,,,,,,,,,,,,,,,,,
"554","CAPILANO GVRD","2023081721",0,19.1,76,0.7,10,3.8,88.091,3.377,11.799,,,,,,,,,,,,,,,,,,,,,,
"554","CAPILANO GVRD","2023081722",0,17.5,84,0,249,0,87.499,2.995,10.701,,,,,,,,,,,,,,,,,,,,,,
"554","CAPILANO GVRD","2023081723",0,16.6,89,0,324,0,86.779,2.703,9.826,,,,,,,,,,,,,,,,,,,,,,
"555","SEYMOUR GVRD","2023081700",0,22.1,51,2.8,40,4.5,90.144,5.039,14.589,,,,,,,,,,,,,,,,,,,,,,
"555","SEYMOUR GVRD","2023081701",0,21.8,52,4,42,4.9,90.033,5.269,15.097,,,,,,,,,,,,,,,,,,,,,,
"555","SEYMOUR GVRD","2023081702",0,21.6,54,3.1,30,4.8,89.894,4.936,14.358,,,,,,,,,,,,,,,,,,,,,,
"555","SEYMOUR GVRD","2023081703",0,21,54,1.4,29,4.8,89.779,4.457,13.26,,,,,,,,,,,,,,,,,,,,,,
"555","SEYMOUR GVRD","2023081704",0,20.2,57,3.3,49,4.3,89.583,4.769,13.981,,,,,,,,,,,,,,,,,,,,,,
"555","SEYMOUR GVRD","2023081705",0,20.1,59,3.6,48,4.5,89.362,4.69,13.8,,,,,,,,,,,,,,,,,,,,,,
"555","SEYMOUR GVRD","2023081706",0,19.8,61,3.1,28,4.4,89.123,4.42,13.173,,,,,,,,,,,,,,,,,,,,,,
"555","SEYMOUR GVRD","2023081707",0,19.5,66,0.6,55,3.9,88.843,3.743,11.537,,,,,,,,,,,,,,,,,,,,,,
"555","SEYMOUR GVRD","2023081708",0,19.4,70,0,65,4,88.548,3.481,10.875,,,,,,,,,,,,,,,,,,,,,,
"555","SEYMOUR GVRD","2023081709",0,19.1,70,4.2,75,7.3,88.168,4.073,12.348,,,,,,,,,,,,,,,,,,,,,,
"555","SEYMOUR GVRD","2023081710",0,22.8,57,3.6,108,6.8,88.215,3.979,12.118,,,,,,,,,,,,,,,,,,,,,,
"555","SEYMOUR GVRD","2023081711",0,25.8,50,4.8,69,10.7,88.276,4.264,12.805,,,,,,,,,,,,,,,,,,,,,,
"555","SEYMOUR GVRD","2023081712",0,27.8,45,5.9,50,13.7,88.527,4.672,13.757,0,90.887,6.551,18.549,37.989,481.004,63.451,4,,,,,,,,,,,,,,
"555","SEYMOUR GVRD","2023081713",0,28.9,41,7.4,61,17.6,88.918,5.33,15.903,,,,,,,,,,,,,,,,,,,,,,
"555","SEYMOUR GVRD","2023081714",0,29.3,42,7.9,25,17.1,89.223,5.711,16.752,,,,,,,,,,,,,,,,,,,,,,
"555","SEYMOUR GVRD","2023081715",0,30,37,6.3,45,16,89.673,5.619,16.55,,,,,,,,,,,,,,,,,,,,,,
"555","SEYMOUR GVRD","2023081716",0,29.5,37,7.9,69,19.1,90.03,6.412,18.256,,,,,,,,,,,,,,,,,,,,,,
"555","SEYMOUR GVRD","2023081717",0,28.8,37,7,61,19.1,90.289,6.358,18.144,,,,,,,,,,,,,,,,,,,,,,
"555","SEYMOUR GVRD","2023081718",0,27.7,39,9.4,52,19,90.398,7.288,20.048,,,,,,,,,,,,,,,,,,,,,,
"555","SEYMOUR GVRD","2023081719",0,26,45,6.5,104,17.5,90.447,6.342,18.111,,,,,,,,,,,,,,,,,,,,,,
"555","SEYMOUR GVRD","2023081720",0,23.1,54,4.3,106,15.8,90.267,5.532,16.356,,,,,,,,,,,,,,,,,,,,,,
"555","SEYMOUR GVRD","2023081721",0,21,61,3.6,56,6.3,89.919,5.08,15.335,,,,,,,,,,,,,,,,,,,,,,
"555","SEYMOUR GVRD","2023081722",0,19.9,63,3.4,38,4.3,89.56,4.777,14.629,,,,,,,,,,,,,,,,,,,,,,
"555","SEYMOUR GVRD","2023081723",0,19.3,65,2.8,36,4.3,89.202,4.403,13.734,,,,,,,,,,,,,,,,,,,,,,
"556","COQUITLAM GVRD","2023081700",0,20.5,62,3.2,355,5,88.594,4.117,15.332,,,,,,,,,,,,,,,,,,,,,,
"556","COQUITLAM GVRD","2023081701",0,20.2,61,3.5,322,8.9,88.451,4.095,15.27,,,,,,,,,,,,,,,,,,,,,,
"556","COQUITLAM GVRD","2023081702",0,18.9,66,2.8,345,5.5,88.201,3.814,14.46,,,,,,,,,,,,,,,,,,,,,,
"556","COQUITLAM GVRD","2023081703",0,18.7,67,2.8,331,4.6,87.956,3.682,14.072,,,,,,,,,,,,,,,,,,,,,,
"556","COQUITLAM GVRD","2023081704",0,18.5,67,3.3,3,5.5,87.733,3.658,13.999,,,,,,,,,,,,,,,,,,,,,,
"556","COQUITLAM GVRD","2023081705",0,18.4,68,1.9,5,4.2,87.528,3.31,12.946,,,,,,,,,,,,,,,,,,,,,,
"556","COQUITLAM GVRD","2023081706",0,16.9,79,1.5,346,2.8,87.059,3.034,12.079,,,,,,,,,,,,,,,,,,,,,,
"556","COQUITLAM GVRD","2023081707",0,17.6,82,1.4,2,4.5,86.549,2.808,11.348,,,,,,,,,,,,,,,,,,,,,,
"556","COQUITLAM GVRD","2023081708",0,22.8,61,2.6,145,5.5,86.597,3.003,11.982,,,,,,,,,,,,,,,,,,,,,,
"556","COQUITLAM GVRD","2023081709",0,24,56,2.6,154,5.9,86.687,3.042,12.105,,,,,,,,,,,,,,,,,,,,,,
"556","COQUITLAM GVRD","2023081710",0,26.5,49,4.6,158,9.1,87.008,3.521,13.591,,,,,,,,,,,,,,,,,,,,,,
"556","COQUITLAM GVRD","2023081711",0,28.1,45,5.4,176,15.8,87.467,3.914,14.75,,,,,,,,,,,,,,,,,,,,,,
"556","COQUITLAM GVRD","2023081712",0,28.9,44,4.3,135,16.8,87.904,3.942,14.831,0,91.48,6.576,22.262,57.409,494.518,88.991,4,,,,,,,,,,,,,,
"556","COQUITLAM GVRD","2023081713",0,29.9,41,7.4,169,22.9,88.45,4.984,18.214,,,,,,,,,,,,,,,,,,,,,,
"556","COQUITLAM GVRD","2023081714",0,30.3,40,7.3,172,27.5,88.952,5.329,19.131,,,,,,,,,,,,,,,,,,,,,,
"556","COQUITLAM GVRD","2023081715",0,29.9,40,5.4,146,16.3,89.328,5.111,18.555,,,,,,,,,,,,,,,,,,,,,,
"556","COQUITLAM GVRD","2023081716",0,29.7,36,6.6,170,17,89.786,5.798,20.341,,,,,,,,,,,,,,,,,,,,,,
"556","COQUITLAM GVRD","2023081717",0,28.8,38,5.4,178,17.1,90.045,5.664,19.999,,,,,,,,,,,,,,,,,,,,,,
"556","COQUITLAM GVRD","2023081718",0,25.4,50,4.5,193,19,90.059,5.424,19.38,,,,,,,,,,,,,,,,,,,,,,
"556","COQUITLAM GVRD","2023081719",0,23,60,1.7,284,9.9,89.811,4.546,17.012,,,,,,,,,,,,,,,,,,,,,,
"556","COQUITLAM GVRD","2023081720",0,20.5,70,1.8,327,5.7,89.318,4.257,16.194,,,,,,,,,,,,,,,,,,,,,,
"556","COQUITLAM GVRD","2023081721",0,19.3,70,3.8,355,5.1,88.842,4.398,16.595,,,,,,,,,,,,,,,,,,,,,,
"556","COQUITLAM GVRD","2023081722",0,18.6,70,2,359,5.1,88.458,3.801,14.857,,,,,,,,,,,,,,,,,,,,,,
"556","COQUITLAM GVRD","2023081723",0,17.8,72,3.3,4,4.8,88.041,3.822,14.922,,,,,,,,,,,,,,,,,,,,,,
"599","FORT NELSON FS","2023081700",0,16.2,72,2.9,127,14.9,88.03,3.74,11.577,,,,,,,,,,,,,,,,,,,,,,
"599","FORT NELSON FS","2023081701",0,15.5,75,3.3,4,10.2,87.577,3.577,11.164,,,,,,,,,,,,,,,,,,,,,,
"599","FORT NELSON FS","2023081702",0,14.6,85,3.5,207,8.5,86.841,3.253,10.326,,,,,,,,,,,,,,,,,,,,,,
"599","FORT NELSON FS","2023081703",0,13.4,88,2.9,183,6.2,86.088,2.838,9.204,,,,,,,,,,,,,,,,,,,,,,
"599","FORT NELSON FS","2023081704",0,12.4,85,5.9,265,8.5,85.501,3.04,9.758,,,,,,,,,,,,,,,,,,,,,,
"599","FORT NELSON FS","2023081705",0,13.6,63,3.4,323,9.7,85.549,2.698,8.816,,,,,,,,,,,,,,,,,,,,,,
"599","FORT NELSON FS","2023081706",0,11.8,73,3.2,221,8.5,85.397,2.615,8.58,,,,,,,,,,,,,,,,,,,,,,
"599","FORT NELSON FS","2023081707",0,14.8,77,6.5,166,8.5,85.169,2.993,9.63,,,,,,,,,,,,,,,,,,,,,,
"599","FORT NELSON FS","2023081708",0,18.5,32,12.2,304,23.5,85.965,4.456,13.31,,,,,,,,,,,,,,,,,,,,,,
"599","FORT NELSON FS","2023081709",0,17.9,32,8.8,317,24.1,86.59,4.1,12.463,,,,,,,,,,,,,,,,,,,,,,
"599","FORT NELSON FS","2023081710",0,18.8,33,11.1,324,28.1,87.161,4.994,14.542,,,,,,,,,,,,,,,,,,,,,,
"599","FORT NELSON FS","2023081711",0,19.6,30,11.3,323,33.3,87.782,5.512,15.682,,,,,,,,,,,,,,,,,,,,,,
"599","FORT NELSON FS","2023081712",0,21,26,12.8,315,30.4,88.529,6.617,17.981,0,91.865,10.659,26.4,37.127,596.807,64.26,4,,,,,,,,,,,,,,
"599","FORT NELSON FS","2023081713",0,20,27,10.8,309,26.4,89.063,6.459,18.481,,,,,,,,,,,,,,,,,,,,,,
"599","FORT NELSON FS","2023081714",0,19,28,12.5,314,29.8,89.456,7.445,20.495,,,,,,,,,,,,,,,,,,,,,,
"599","FORT NELSON FS","2023081715",0,19.6,30,7.4,290,29.8,89.725,5.984,17.466,,,,,,,,,,,,,,,,,,,,,,
"599","FORT NELSON FS","2023081716",0,17.5,39,8.8,252,30.4,89.774,6.467,18.498,,,,,,,,,,,,,,,,,,,,,,
"599","FORT NELSON FS","2023081717",0,17.6,35,10.8,330,27.5,89.823,7.203,20.012,,,,,,,,,,,,,,,,,,,,,,
"599","FORT NELSON FS","2023081718",0,16.4,41,12.5,335,31,89.872,7.903,21.393,,,,,,,,,,,,,,,,,,,,,,
"599","FORT NELSON FS","2023081719",0,15.6,44,9.6,333,24.1,89.847,6.804,19.199,,,,,,,,,,,,,,,,,,,,,,
"599","FORT NELSON FS","2023081720",0,13.3,52,5.9,322,26.4,89.659,5.496,16.39,,,,,,,,,,,,,,,,,,,,,,
"599","FORT NELSON FS","2023081721",0,12.1,58,10.8,306,18.3,89.328,6.709,19.003,,,,,,,,,,,,,,,,,,,,,,
"599","FORT NELSON FS","2023081722",0,10.6,87,6.8,329,18.9,88.263,4.707,14.567,,,,,,,,,,,,,,,,,,,,,,
"599","FORT NELSON FS","2023081723",0,10.4,82,6.6,334,16,87.531,4.196,13.322,,,,,,,,,,,,,,,,,,,,,,
"654","HOLY CROSS 2","2023081700",0,14.9,77,4.6,328,11.4,89.82,5.268,15.916,,,,,,,,,,,,,,0,1,430.34,,,,,,
"654","HOLY CROSS 2","2023081701",0,14.4,79,4.6,343,12,89.004,4.686,14.555,,,,,,,,,,,,,,0,1,430.33,,,,,,
"654","HOLY CROSS 2","2023081702",0,14.9,72,4,308,15.4,88.503,4.231,13.446,,,,,,,,,,,,,,0,1,430.3,,,,,,
"654","HOLY CROSS 2","2023081703",0,12.8,80,4.8,326,13.1,87.823,3.996,12.854,,,,,,,,,,,,,,0,1,430.32,,,,,,
"654","HOLY CROSS 2","2023081704",0,10.3,90,3.3,329,8.5,86.891,3.243,10.867,,,,,,,,,,,,,,0,1,430.33,,,,,,
"654","HOLY CROSS 2","2023081705",0,9.1,93,2.2,194,11.4,85.964,2.692,9.299,,,,,,,,,,,,,,0,1,430.33,,,,,,
"654","HOLY CROSS 2","2023081706",0,12.6,80,4.4,27,12,85.585,2.852,9.766,,,,,,,,,,,,,,0,1,430.27,,,,,,
"654","HOLY CROSS 2","2023081707",0,15,68,5.3,15,14.3,85.564,2.976,10.119,,,,,,,,,,,,,,0,1,430.22,,,,,,
"654","HOLY CROSS 2","2023081708",0,17.2,55,8.9,322,20.6,85.664,3.618,11.875,,,,,,,,,,,,,,0,1,430.19,,,,,,
"654","HOLY CROSS 2","2023081709",0,16.7,57,9.6,307,20.6,85.712,3.773,12.281,,,,,,,,,,,,,,0,1,430.24,,,,,,
"654","HOLY CROSS 2","2023081710",0,18.2,53,9.2,336,21.8,85.858,3.774,12.283,,,,,,,,,,,,,,0,1,430.2,,,,,,
"654","HOLY CROSS 2","2023081711",0,21.3,40,13.5,300,28.7,86.444,5.09,15.507,,,,,,,,,,,,,,0,1,430.16,,,,,,
"654","HOLY CROSS 2","2023081712",0,22.8,33,12.1,306,26.4,87.231,5.304,15.999,0,92.448,11.173,28.329,41.665,516.734,69.35,4,,,,,,0,1,430.17,,,,,,
"654","HOLY CROSS 2","2023081713",0,23.7,26,12.6,312,26.9,88.213,6.26,18.814,,,,,,,,,,,,,,0,1,430.19,,,,,,
"654","HOLY CROSS 2","2023081714",0,23.7,24,11.5,314,28.7,89.096,6.723,19.82,,,,,,,,,,,,,,0,1,430.19,,,,,,
"654","HOLY CROSS 2","2023081715",0,23.1,23,11.8,319,33.9,89.843,7.597,21.642,,,,,,,,,,,,,,0,1,430.2,,,,,,
"654","HOLY CROSS 2","2023081716",0,21.4,24,11.8,313,29.8,90.348,8.167,22.785,,,,,,,,,,,,,,0,1,430.27,,,,,,
"654","HOLY CROSS 2","2023081717",0,20,25,14.2,309,31.6,90.692,9.681,25.669,,,,,,,,,,,,,,0,1,430.29,,,,,,
"654","HOLY CROSS 2","2023081718",0,18.3,30,10.7,311,23.5,90.758,8.193,22.836,,,,,,,,,,,,,,0,1,430.32,,,,,,
"654","HOLY CROSS 2","2023081719",0,16.9,31,8.7,303,20.6,90.808,7.46,21.363,,,,,,,,,,,,,,0,1,430.32,,,,,,
"654","HOLY CROSS 2","2023081720",0,15.3,37,6.1,301,18.3,90.82,6.556,19.46,,,,,,,,,,,,,,0,1,430.32,,,,,,
"654","HOLY CROSS 2","2023081721",0,13.4,44,6.5,311,13.7,90.684,6.56,19.47,,,,,,,,,,,,,,0,1,430.32,,,,,,
"654","HOLY CROSS 2","2023081722",0,12.3,45,8.9,311,16.6,90.52,7.232,20.893,,,,,,,,,,,,,,0,1,430.32,,,,,,
"654","HOLY CROSS 2","2023081723",0,11,52,7.2,307,20,90.242,6.379,19.077,,,,,,,,,,,,,,0,1,430.31,,,,,,
"788","ROUND PRAIRIE","2023081700",0,20.2,38,4.9,156,8.5,93.607,9.142,32.934,,,,,,,,,,,,,,,,,,,,,,
"788","ROUND PRAIRIE","2023081701",0,20.2,37,4.7,51,7.4,93.416,8.813,32.137,,,,,,,,,,,,,,,,,,,,,,
"788","ROUND PRAIRIE","2023081702",0,18,45,6.5,186,9.7,93.022,9.133,32.91,,,,,,,,,,,,,,,,,,,,,,
"788","ROUND PRAIRIE","2023081703",0,17.8,43,3.1,113,7.9,92.76,7.418,28.607,,,,,,,,,,,,,,,,,,,,,,
"788","ROUND PRAIRIE","2023081704",0,17,47,7.6,205,10.2,92.375,8.815,32.141,,,,,,,,,,,,,,,,,,,,,,
"788","ROUND PRAIRIE","2023081705",0,16.4,48,10.9,182,13.1,91.977,9.84,34.581,,,,,,,,,,,,,,,,,,,,,,
"788","ROUND PRAIRIE","2023081706",0,17.2,47,8,162,12.5,91.68,8.152,30.498,,,,,,,,,,,,,,,,,,,,,,
"788","ROUND PRAIRIE","2023081707",0,18.5,47,9.7,169,12,91.417,8.557,31.508,,,,,,,,,,,,,,,,,,,,,,
"788","ROUND PRAIRIE","2023081708",0,20.5,45,9.9,170,16,91.262,8.454,31.254,,,,,,,,,,,,,,,,,,,,,,
"788","ROUND PRAIRIE","2023081709",0,22.2,41,9.1,189,18.9,91.256,8.114,30.402,,,,,,,,,,,,,,,,,,,,,,
"788","ROUND PRAIRIE","2023081710",0,25,35,7.4,195,13.1,91.306,7.5,28.824,,,,,,,,,,,,,,,,,,,,,,
"788","ROUND PRAIRIE","2023081711",0,27.4,30,6.7,198,13.1,91.541,7.487,28.789,,,,,,,,,,,,,,,,,,,,,,
"788","ROUND PRAIRIE","2023081712",0,30.2,22,12.1,200,21.2,92.252,10.869,36.919,0,95.647,17.399,50.583,98.388,519.464,133.543,5,,,,,,,,,,,,,,
"788","ROUND PRAIRIE","2023081713",0,31.4,18,11.3,202,35,93.08,11.727,39.348,,,,,,,,,,,,,,,,,,,,,,
"788","ROUND PRAIRIE","2023081714",0,31.2,18,12.3,174,34.4,93.718,13.48,43.042,,,,,,,,,,,,,,,,,,,,,,
"788","ROUND PRAIRIE","2023081715",0,30.4,20,10.5,155,32.1,94.056,12.902,41.85,,,,,,,,,,,,,,,,,,,,,,
"788","ROUND PRAIRIE","2023081716",0,28.7,23,14.2,180,35,94.107,15.659,47.342,,,,,,,,,,,,,,,,,,,,,,
"788","ROUND PRAIRIE","2023081717",0,27.8,23,14.9,190,37.3,94.158,16.334,48.618,,,,,,,,,,,,,,,,,,,,,,
"788","ROUND PRAIRIE","2023081718",0,25.8,25,13.9,166,36.7,94.209,15.641,47.309,,,,,,,,,,,,,,,,,,,,,,
"788","ROUND PRAIRIE","2023081719",0,24.8,24,12.5,173,28.1,94.26,14.679,45.445,,,,,,,,,,,,,,,,,,,,,,
"788","ROUND PRAIRIE","2023081720",0,24.1,25,10.6,214,29.8,94.309,13.429,42.938,,,,,,,,,,,,,,,,,,,,,,
"788","ROUND PRAIRIE","2023081721",0,23,28,5.1,122,25.2,94.276,10.133,35.767,,,,,,,,,,,,,,,,,,,,,,
"788","ROUND PRAIRIE","2023081722",0,22.6,30,7.4,186,25.8,94.187,11.238,38.275,,,,,,,,,,,,,,,,,,,,,,
"788","ROUND PRAIRIE","2023081723",0,22.7,30,19.5,177,35,94.073,20.354,55.76,,,,,,,,,,,,,,,,,,,,,,
"790","WHITE RIVER","2023081700",0,13.7,64,0,26,4.5,92.353,5.992,26.585,,,,,,,,,,,,,,,,,,,,5547.8,,
"790","WHITE RIVER","2023081701",0,12.4,70,0,14,5.1,91.764,5.513,25.093,,,,,,,,,,,,,,,,,,,,5547.8,,
"790","WHITE RIVER","2023081702",0,11,76,0.2,60,5.2,91.056,5.036,23.553,,,,,,,,,,,,,,,,,,,,5547.8,,
"790","WHITE RIVER","2023081703",0,10.4,78,1.6,159,9.3,90.276,4.834,22.884,,,,,,,,,,,,,,,,,,,,5547.8,,
"790","WHITE RIVER","2023081704",0,9.5,82,0,92,5.3,89.619,4.059,20.195,,,,,,,,,,,,,,,,,,,,5547.8,,
"790","WHITE RIVER","2023081705",0,8.9,84,0.1,7,5.8,88.933,3.697,18.868,,,,,,,,,,,,,,,,,,,,5547.8,,
"790","WHITE RIVER","2023081706",0,9.1,84,0,341,0,88.336,3.377,17.648,,,,,,,,,,,,,,,,,,,,5547.8,,
"790","WHITE RIVER","2023081707",0,12.5,71,1.2,299,5.5,87.986,3.412,17.783,,,,,,,,,,,,,,,,,,,,5547.8,,
"790","WHITE RIVER","2023081708",0,16.2,59,6.5,339,9.6,87.889,4.394,21.382,,,,,,,,,,,,,,,,,,,,5547.8,,
"790","WHITE RIVER","2023081709",0,20.5,44,5,337,9.2,88.012,4.147,20.51,,,,,,,,,,,,,,,,,,,,5547.8,,
"790","WHITE RIVER","2023081710",0,26.4,32,3.2,115,9.9,88.635,4.142,20.491,,,,,,,,,,,,,,,,,,,,5547.8,,
"790","WHITE RIVER","2023081711",0,30.5,20,19.1,244,28.4,90.217,11.579,41.22,,,,,,,,,,,,,,,,,,,,5547.8,,
"790","WHITE RIVER","2023081712",0,31.6,18,21.6,263,36.5,91.666,16.145,50.895,0,95.719,28.357,72.271,128.772,602.979,167.901,5,,,,,,,,,,,,5547.8,,
"790","WHITE RIVER","2023081713",0,31.7,19,23.2,279,40,92.711,20.283,59.024,,,,,,,,,,,,,,,,,,,,5547.8,,
"790","WHITE RIVER","2023081714",0,31.8,19,22.2,270,39.4,93.486,21.495,61.155,,,,,,,,,,,,,,,,,,,,5547.8,,
"790","WHITE RIVER","2023081715",0,31.5,19,19.5,258,40.6,94.03,20.234,58.937,,,,,,,,,,,,,,,,,,,,5547.8,,
"790","WHITE RIVER","2023081716",0,30.9,21,17.7,253,37.1,94.287,19.149,56.977,,,,,,,,,,,,,,,,,,,,5547.8,,
"790","WHITE RIVER","2023081717",0,29.7,20,21.5,264,37.2,94.489,23.845,65.13,,,,,,,,,,,,,,,,,,,,5547.8,,
"790","WHITE RIVER","2023081718",0,27.9,21,22.7,257,40.3,94.54,25.509,67.833,,,,,,,,,,,,,,,,,,,,5547.8,,
"790","WHITE RIVER","2023081719",0,26.3,24,10.9,246,36.8,94.591,14.175,47.237,,,,,,,,,,,,,,,,,,,,5547.8,,
"790","WHITE RIVER","2023081720",0,26.2,24,18.1,236,33.6,94.642,20.518,59.441,,,,,,,,,,,,,,,,,,,,5547.8,,
"790","WHITE RIVER","2023081721",0,25.6,26,10.3,244,34.4,94.651,13.867,46.586,,,,,,,,,,,,,,,,,,,,5547.8,,
"790","WHITE RIVER","2023081722",0,23.8,30,6.5,252,23.9,94.541,11.279,40.828,,,,,,,,,,,,,,,,,,,,5547.8,,
"790","WHITE RIVER","2023081723",0,23.5,31,9.8,238,22,94.398,13.058,44.843,,,,,,,,,,,,,,,,,,,,5547.8,,
"791","CHERRY LAKE","2023081700",0,18.9,44,7.2,234,13.7,93.476,10.081,37.779,,,,,,,,,,,,,,,,,,,,,,
"791","CHERRY LAKE","2023081701",0,17.8,48,3,292,10.2,93.061,7.698,31.608,,,,,,,,,,,,,,,,,,,,,,
"791","CHERRY LAKE","2023081702",0,17.1,51,4.7,253,12,92.586,7.846,32.015,,,,,,,,,,,,,,,,,,,,,,
"791","CHERRY LAKE","2023081703",0,15.4,56,3.1,29,9.7,92.081,6.74,28.896,,,,,,,,,,,,,,,,,,,,,,
"791","CHERRY LAKE","2023081704",0,14.7,58,4.3,321,6.8,91.56,6.652,28.637,,,,,,,,,,,,,,,,,,,,,,
"791","CHERRY LAKE","2023081705",0,14.8,59,3.2,299,11.4,91.094,5.89,26.344,,,,,,,,,,,,,,,,,,,,,,
"791","CHERRY LAKE","2023081706",0,15,58,2.7,306,6.8,90.708,5.435,24.916,,,,,,,,,,,,,,,,,,,,,,
"791","CHERRY LAKE","2023081707",0,18.5,53,4.2,212,7.4,90.466,5.663,25.639,,,,,,,,,,,,,,,,,,,,,,
"791","CHERRY LAKE","2023081708",0,22.4,48,3.2,113,7.4,90.418,5.348,24.636,,,,,,,,,,,,,,,,,,,,,,
"791","CHERRY LAKE","2023081709",0,24.5,40,5.7,94,9.1,90.467,6.109,27.016,,,,,,,,,,,,,,,,,,,,,,
"791","CHERRY LAKE","2023081710",0,29,30,6.4,130,10.2,90.917,6.748,28.918,,,,,,,,,,,,,,,,,,,,,,
"791","CHERRY LAKE","2023081711",0,31.6,25,11.1,161,22.9,91.686,9.539,36.437,,,,,,,,,,,,,,,,,,,,,,
"791","CHERRY LAKE","2023081712",0,33,19,9.9,163,35.6,92.673,10.322,38.365,0,96.824,18.253,55.43,136.889,557.518,169.645,5,,,,,,,,,,,,,,
"791","CHERRY LAKE","2023081713",0,33,18,12.3,202,37.9,93.514,13.103,45.035,,,,,,,,,,,,,,,,,,,,,,
"791","CHERRY LAKE","2023081714",0,33.1,19,13.2,191,34.4,94.106,14.887,48.819,,,,,,,,,,,,,,,,,,,,,,
"791","CHERRY LAKE","2023081715",0,32.3,19,15.2,190,29.8,94.519,17.431,53.872,,,,,,,,,,,,,,,,,,,,,,
"791","CHERRY LAKE","2023081716",0,32,18,13.6,202,34.4,94.866,16.868,52.784,,,,,,,,,,,,,,,,,,,,,,
"791","CHERRY LAKE","2023081717",0,30.5,18,11.8,199,32.1,95.06,15.819,50.714,,,,,,,,,,,,,,,,,,,,,,
"791","CHERRY LAKE","2023081718",0,28.6,22,12.4,184,32.7,95.111,16.419,51.906,,,,,,,,,,,,,,,,,,,,,,
"791","CHERRY LAKE","2023081719",0,25.1,30,3.8,257,25.8,94.987,10.466,38.982,,,,,,,,,,,,,,,,,,,,,,
"791","CHERRY LAKE","2023081720",0,21.9,35,5.6,231,14.9,94.702,11.02,40.306,,,,,,,,,,,,,,,,,,,,,,
"791","CHERRY LAKE","2023081721",0,23.7,30,7.7,263,17.2,94.579,12.044,42.678,,,,,,,,,,,,,,,,,,,,,,
"791","CHERRY LAKE","2023081722",0,23.7,29,8,208,17.2,94.494,12.085,42.77,,,,,,,,,,,,,,,,,,,,,,
"791","CHERRY LAKE","2023081723",0,23,32,5,221,20,94.353,10.189,38.309,,,,,,,,,,,,,,,,,,,,,,
"832","CHURN CREEK","2023081700",0,21.7,35,3,224,14.3,94.026,8.806,28.12,,,,,,,,,,,,,,,,,,,,,,
"832","CHURN CREEK","2023081701",0,20.6,38,8.2,228,13.1,93.736,10.992,32.662,,,,,,,,,,,,,,,,,,,,,,
"832","CHURN CREEK","2023081702",0,21.5,35,5.9,338,8.5,93.581,9.58,29.78,,,,,,,,,,,,,,,,,,,,,,
"832","CHURN CREEK","2023081703",0,20.7,37,2,345,7.9,93.427,7.704,25.65,,,,,,,,,,,,,,,,,,,,,,
"832","CHURN CREEK","2023081704",0,19.9,40,3.8,314,7.9,93.194,8.166,26.701,,,,,,,,,,,,,,,,,,,,,,
"832","CHURN CREEK","2023081705",0,18.6,42,4.7,309,8.5,92.92,8.223,26.83,,,,,,,,,,,,,,,,,,,,,,
"832","CHURN CREEK","2023081706",0,19.2,43,3.6,1,9.1,92.67,7.511,25.201,,,,,,,,,,,,,,,,,,,,,,
"832","CHURN CREEK","2023081707",0,20.7,41,3.7,49,6.8,92.502,7.373,24.876,,,,,,,,,,,,,,,,,,,,,,
"832","CHURN CREEK","2023081708",0,22.9,36,8.5,92,11.4,92.475,9.354,29.302,,,,,,,,,,,,,,,,,,,,,,
"832","CHURN CREEK","2023081709",0,23.8,36,11.8,45,17.7,92.464,11.03,32.737,,,,,,,,,,,,,,,,,,,,,,
"832","CHURN CREEK","2023081710",0,23.6,37,9.1,50,16.6,92.429,9.58,29.778,,,,,,,,,,,,,,,,,,,,,,
"832","CHURN CREEK","2023081711",0,23.8,33,11.5,60,18.3,92.479,10.887,32.454,,,,,,,,,,,,,,,,,,,,,,
"832","CHURN CREEK","2023081712",0,24.6,30,9.3,47,17.7,92.529,9.814,30.269,0,93.396,11.081,33.65,62.26,618.377,99.48,4,,,,,,,,,,,,,,
"832","CHURN CREEK","2023081713",0,28.4,27,9.1,71,17.7,92.7,9.951,31.318,,,,,,,,,,,,,,,,,,,,,,
"832","CHURN CREEK","2023081714",0,27.7,28,13,350,17.7,92.772,12.236,35.928,,,,,,,,,,,,,,,,,,,,,,
"832","CHURN CREEK","2023081715",0,28,26,9.1,6,17.7,92.923,10.268,31.983,,,,,,,,,,,,,,,,,,,,,,
"832","CHURN CREEK","2023081716",0,27.9,26,12.2,1,24.1,93.044,12.209,35.877,,,,,,,,,,,,,,,,,,,,,,
"832","CHURN CREEK","2023081717",0,29.8,22,9.1,9,22.3,93.393,10.966,33.418,,,,,,,,,,,,,,,,,,,,,,
"832","CHURN CREEK","2023081718",0,27,19,28.1,313,44.2,93.754,30.038,63.304,,,,,,,,,,,,,,,,,,,,,,
"832","CHURN CREEK","2023081719",0,24.5,26,24.6,342,39,93.805,25.358,57.082,,,,,,,,,,,,,,,,,,,,,,
"832","CHURN CREEK","2023081720",0,22.5,18,14.6,311,27.5,93.932,15.594,42.058,,,,,,,,,,,,,,,,,,,,,,
"832","CHURN CREEK","2023081721",0,22.8,15,14.1,278,20,94.187,15.752,42.331,,,,,,,,,,,,,,,,,,,,,,
"832","CHURN CREEK","2023081722",0,19.2,24,19.1,331,35.6,94.176,20.236,49.619,,,,,,,,,,,,,,,,,,,,,,
"832","CHURN CREEK","2023081723",0,17.9,25,8.6,341,24.6,94.143,11.866,35.21,,,,,,,,,,,,,,,,,,,,,,
"836","AUGUST LAKE","2023081700",0,19.8,47,2.4,312,4.5,94.506,9.13,36.963,,,,,,,,,,,,,,,,,,,,,,
"836","AUGUST LAKE","2023081701",0,18.8,50,2.3,320,4.5,93.953,8.415,35.034,,,,,,,,,,,,,,,,,,,,,,
"836","AUGUST LAKE","2023081702",0,17.3,52,2.4,341,4.5,93.411,7.843,33.44,,,,,,,,,,,,,,,,,,,,,,
"836","AUGUST LAKE","2023081703",0,15.9,57,2.5,336,5.6,92.811,7.248,31.724,,,,,,,,,,,,,,,,,,,,,,
"836","AUGUST LAKE","2023081704",0,15.2,58,2.8,353,5.1,92.245,6.795,30.377,,,,,,,,,,,,,,,,,,,,,,
"836","AUGUST LAKE","2023081705",0,14.2,62,2.4,7,5.1,91.663,6.133,28.337,,,,,,,,,,,,,,,,,,,,,,
"836","AUGUST LAKE","2023081706",0,14.4,62,0,231,4.5,91.271,5.141,25.091,,,,,,,,,,,,,,,,,,,,,,
"836","AUGUST LAKE","2023081707",0,18,56,4.8,130,6.2,90.884,6.196,28.535,,,,,,,,,,,,,,,,,,,,,,
"836","AUGUST LAKE","2023081708",0,21.9,43,6.1,94,10.8,90.878,6.61,29.815,,,,,,,,,,,,,,,,,,,,,,
"836","AUGUST LAKE","2023081709",0,25,36,7.6,130,11.4,90.928,7.179,31.522,,,,,,,,,,,,,,,,,,,,,,
"836","AUGUST LAKE","2023081710",0,29.7,27,8.2,110,12.5,91.466,7.989,33.851,,,,,,,,,,,,,,,,,,,,,,
"836","AUGUST LAKE","2023081711",0,33.3,22,6.9,143,16,92.317,8.439,35.102,,,,,,,,,,,,,,,,,,,,,,
"836","AUGUST LAKE","2023081712",0,34.4,19,10.4,290,25.2,93.257,11.487,42.888,0,96.406,17.698,56.388,173.89,774.975,222.8,5,,,,,,,,,,,,,,
"836","AUGUST LAKE","2023081713",0,35.1,19,9.2,275,23.5,93.997,11.986,44.171,,,,,,,,,,,,,,,,,,,,,,
"836","AUGUST LAKE","2023081714",0,35.1,19,9.6,270,22.9,94.557,13.214,46.992,,,,,,,,,,,,,,,,,,,,,,
"836","AUGUST LAKE","2023081715",0,35.1,19,7.5,257,23.5,94.964,12.57,45.528,,,,,,,,,,,,,,,,,,,,,,
"836","AUGUST LAKE","2023081716",0,34.5,20,8,253,17.2,95.191,13.299,47.181,,,,,,,,,,,,,,,,,,,,,,
"836","AUGUST LAKE","2023081717",0,30.9,26,5.4,257,20,95.242,11.747,43.607,,,,,,,,,,,,,,,,,,,,,,
"836","AUGUST LAKE","2023081718",0,29.2,29,9.3,271,21.8,95.163,14.145,49.05,,,,,,,,,,,,,,,,,,,,,,
"836","AUGUST LAKE","2023081719",0,27,35,9.2,235,20,94.873,13.524,47.685,,,,,,,,,,,,,,,,,,,,,,
"836","AUGUST LAKE","2023081720",0,23.8,41,3,326,10.8,94.497,9.398,37.757,,,,,,,,,,,,,,,,,,,,,,
"836","AUGUST LAKE","2023081721",0,22,43,4,5,10.8,94.083,9.334,37.591,,,,,,,,,,,,,,,,,,,,,,
"836","AUGUST LAKE","2023081722",0,20.7,46,4.2,357,9.7,93.631,8.855,36.317,,,,,,,,,,,,,,,,,,,,,,
"836","AUGUST LAKE","2023081723",0,19.6,49,3.3,342,6.8,93.171,7.937,33.785,,,,,,,,,,,,,,,,,,,,,,
"838","AKOKLI CREEK","2023081700",0,23.1,39,2.6,289,10.8,92.957,7.436,29.106,,,,,,,,,,,,,,,,,,,,,,
"838","AKOKLI CREEK","2023081701",0,22.7,41,3.7,118,9.7,92.78,7.666,29.714,,,,,,,,,,,,,,,,,,,,,,
"838","AKOKLI CREEK","2023081702",0,22.3,41,5,18,7.4,92.607,7.989,30.553,,,,,,,,,,,,,,,,,,,,,,
"838","AKOKLI CREEK","2023081703",0,21.7,42,2.8,50,9.1,92.444,6.988,27.9,,,,,,,,,,,,,,,,,,,,,,
"838","AKOKLI CREEK","2023081704",0,21.2,44,4,163,12,92.236,7.209,28.499,,,,,,,,,,,,,,,,,,,,,,
"838","AKOKLI CREEK","2023081705",0,20.2,46,2.9,193,6.2,92.009,6.606,26.843,,,,,,,,,,,,,,,,,,,,,,
"838","AKOKLI CREEK","2023081706",0,19.7,49,4,113,6.2,91.721,6.703,27.115,,,,,,,,,,,,,,,,,,,,,,
"838","AKOKLI CREEK","2023081707",0,19.7,50,4.1,182,8.5,91.442,6.476,26.477,,,,,,,,,,,,,,,,,,,,,,
"838","AKOKLI CREEK","2023081708",0,19.7,55,3.4,192,6.2,91.089,5.945,24.952,,,,,,,,,,,,,,,,,,,,,,
"838","AKOKLI CREEK","2023081709",0,21.2,53,3.6,200,6.8,90.835,5.791,24.501,,,,,,,,,,,,,,,,,,,,,,
"838","AKOKLI CREEK","2023081710",0,22.9,48,5.8,239,10.8,90.738,6.382,26.213,,,,,,,,,,,,,,,,,,,,,,
"838","AKOKLI CREEK","2023081711",0,24,48,4.5,290,7.4,90.679,5.927,24.9,,,,,,,,,,,,,,,,,,,,,,
"838","AKOKLI CREEK","2023081712",0,26.6,39,5.5,235,9.1,90.729,6.278,25.915,0,91.588,7.094,28.475,97.973,581.152,137.849,4,,,,,,,,,,,,,,
"838","AKOKLI CREEK","2023081713",0,29,32,7.2,230,12,91.057,7.167,28.673,,,,,,,,,,,,,,,,,,,,,,
"838","AKOKLI CREEK","2023081714",0,30.1,30,6.2,236,13.1,91.443,7.2,28.763,,,,,,,,,,,,,,,,,,,,,,
"838","AKOKLI CREEK","2023081715",0,30.4,31,4.9,227,10.2,91.719,7.013,28.251,,,,,,,,,,,,,,,,,,,,,,
"838","AKOKLI CREEK","2023081716",0,29.9,33,5.2,110,15.4,91.85,7.252,28.906,,,,,,,,,,,,,,,,,,,,,,
"838","AKOKLI CREEK","2023081717",0,32.8,27,5.8,357,16,92.332,8.001,30.892,,,,,,,,,,,,,,,,,,,,,,
"838","AKOKLI CREEK","2023081718",0,32.1,22,7.3,14,18.3,92.931,9.388,34.369,,,,,,,,,,,,,,,,,,,,,,
"838","AKOKLI CREEK","2023081719",0,30.6,23,4,12,16,93.259,8.324,31.723,,,,,,,,,,,,,,,,,,,,,,
"838","AKOKLI CREEK","2023081720",0,28.4,26,6.3,156,13.1,93.327,9.435,34.484,,,,,,,,,,,,,,,,,,,,,,
"838","AKOKLI CREEK","2023081721",0,28.5,26,5.8,138,12.5,93.385,9.276,34.097,,,,,,,,,,,,,,,,,,,,,,
"838","AKOKLI CREEK","2023081722",0,28,26,5.6,156,14.9,93.435,9.247,34.027,,,,,,,,,,,,,,,,,,,,,,
"838","AKOKLI CREEK","2023081723",0,28.2,24,7.6,156,14.9,93.547,10.388,36.739,,,,,,,,,,,,,,,,,,,,,,
"865","BRISCO","2023081700",0,22.2,36,8,345,12,93.118,9.984,33.984,,,,,,,,,,,,,,,1,,,1,,,,
"865","BRISCO","2023081701",0,18.3,49,4.7,51,9.7,92.687,7.958,29.188,,,,,,,,,,,,,,,1,,,1,,,,
"865","BRISCO","2023081702",0,17.4,53,2.4,247,7.9,92.254,6.668,25.853,,,,,,,,,,,,,,,1,,,1,,,,
"865","BRISCO","2023081703",0,16.4,54,2.6,96,6.2,91.838,6.351,24.994,,,,,,,,,,,,,,,1,,,1,,,,
"865","BRISCO","2023081704",0,15.4,58,3.4,90,5.6,91.36,6.179,24.519,,,,,,,,,,,,,,,1,,,1,,,,
"865","BRISCO","2023081705",0,15.2,59,3,56,5.1,90.919,5.687,23.13,,,,,,,,,,,,,,,1,,,1,,,,
"865","BRISCO","2023081706",0,15.6,58,3.2,266,5.6,90.543,5.444,22.427,,,,,,,,,,,,,,,1,,,1,,,,
"865","BRISCO","2023081707",0,15.2,71,2.1,234,5.6,89.935,4.722,20.252,,,,,,,,,,,,,,,1,,,1,,,,
"865","BRISCO","2023081708",0,17.9,59,4.3,282,7.4,89.643,5.059,21.283,,,,,,,,,,,,,,,1,,,1,,,,
"865","BRISCO","2023081709",0,21.3,46,5.1,287,7.9,89.692,5.304,22.016,,,,,,,,,,,,,,,1,,,1,,,,
"865","BRISCO","2023081710",0,25.6,34,5.2,164,9.7,89.985,5.559,22.762,,,,,,,,,,,,,,,1,,,1,,,,
"865","BRISCO","2023081711",0,27.9,29,10.3,223,14.3,90.549,7.793,28.775,,,,,,,,,,,,,,,1,,,1,,,,
"865","BRISCO","2023081712",0,27.4,31,9.1,175,15.4,90.894,7.706,28.557,0,93.385,10.954,36.714,81.574,656.537,124.481,4,,,,,,,1,,,1,,,,
"865","BRISCO","2023081713",0,31.8,24,13.5,166,20,91.758,10.876,36.542,,,,,,,,,,,,,,,1,,,1,,,,
"865","BRISCO","2023081714",0,32.7,20,15,152,23.5,92.715,13.425,41.892,,,,,,,,,,,,,,,1,,,1,,,,
"865","BRISCO","2023081715",0,33.8,19,10.3,151,28.7,93.518,11.854,38.655,,,,,,,,,,,,,,,1,,,1,,,,
"865","BRISCO","2023081716",0,33.8,17,10.4,178,29.8,94.241,13.172,41.383,,,,,,,,,,,,,,,1,,,1,,,,
"865","BRISCO","2023081717",0,32.9,18,13,250,24.6,94.699,15.993,46.837,,,,,,,,,,,,,,,1,,,1,,,,
"865","BRISCO","2023081718",0,31,22,4.3,121,16,94.75,10.389,35.459,,,,,,,,,,,,,,,1,,,1,,,,
"865","BRISCO","2023081719",0,28.3,25,4.4,130,13.7,94.801,10.515,35.742,,,,,,,,,,,,,,,1,,,1,,,,
"865","BRISCO","2023081720",0,28.9,23,9.2,111,17.7,94.852,13.486,42.016,,,,,,,,,,,,,,,1,,,1,,,,
"865","BRISCO","2023081721",0,28.7,23,8.8,3,16.6,94.903,13.31,41.662,,,,,,,,,,,,,,,1,,,1,,,,
"865","BRISCO","2023081722",0,25.8,29,9.7,184,18.9,94.805,13.743,42.526,,,,,,,,,,,,,,,1,,,1,,,,
"865","BRISCO","2023081723",0,24,33,8.1,104,14.3,94.592,12.311,39.616,,,,,,,,,,,,,,,1,,,1,,,,
"866","BLAEBERRY","2023081700",0,14.9,70,1.7,30,6.8,90.878,5.295,18.896,,,,,,,,,,,,,,,,,,,,,,
"866","BLAEBERRY","2023081701",0,13.9,76,3,43,5.6,90.078,5.043,18.23,,,,,,,,,,,,,,,,,,,,,,
"866","BLAEBERRY","2023081702",0,12.8,80,2.3,90,4.5,89.283,4.344,16.313,,,,,,,,,,,,,,,,,,,,,,
"866","BLAEBERRY","2023081703",0,12.2,83,1.8,243,7.9,88.504,3.787,14.697,,,,,,,,,,,,,,,,,,,,,,
"866","BLAEBERRY","2023081704",0,11,89,3.9,20,5.6,87.512,3.652,14.292,,,,,,,,,,,,,,,,,,,,,,
"866","BLAEBERRY","2023081705",0,11.1,87,3.1,256,4.5,86.745,3.145,12.713,,,,,,,,,,,,,,,,,,,,,,
"866","BLAEBERRY","2023081706",0,12.7,84,3.5,61,5.1,86.159,2.954,12.094,,,,,,,,,,,,,,,,,,,,,,
"866","BLAEBERRY","2023081707",0,17.6,62,2.8,127,5.6,86.207,2.871,11.82,,,,,,,,,,,,,,,,,,,,,,
"866","BLAEBERRY","2023081708",0,20,57,4.7,90,7.9,86.255,3.181,12.827,,,,,,,,,,,,,,,,,,,,,,
"866","BLAEBERRY","2023081709",0,23.2,43,5.1,116,8.5,86.693,3.453,13.681,,,,,,,,,,,,,,,,,,,,,,
"866","BLAEBERRY","2023081710",0,26.4,37,4.6,131,8.5,87.375,3.71,14.465,,,,,,,,,,,,,,,,,,,,,,
"866","BLAEBERRY","2023081711",0,29.3,28,5.1,92,11.4,88.456,4.442,16.59,,,,,,,,,,,,,,,,,,,,,,
"866","BLAEBERRY","2023081712",0,31.5,25,6,149,12,89.643,5.512,19.457,0,95.572,12.664,35.723,64.471,427.418,93.633,4,,,,,,,,,,,,,,
"866","BLAEBERRY","2023081713",0,33.7,22,7.1,206,16,90.924,6.997,23.876,,,,,,,,,,,,,,,,,,,,,,
"866","BLAEBERRY","2023081714",0,33.9,20,6.5,217,12.5,92.03,7.943,26.083,,,,,,,,,,,,,,,,,,,,,,
"866","BLAEBERRY","2023081715",0,33.1,21,3.4,343,13.1,92.736,7.505,25.075,,,,,,,,,,,,,,,,,,,,,,
"866","BLAEBERRY","2023081716",0,34,22,5.7,290,9.1,93.331,9.159,28.761,,,,,,,,,,,,,,,,,,,,,,
"866","BLAEBERRY","2023081717",0,32.6,22,4.8,246,9.7,93.718,9.239,28.93,,,,,,,,,,,,,,,,,,,,,,
"866","BLAEBERRY","2023081718",0,29.1,26,4.4,302,12,93.769,9.118,28.672,,,,,,,,,,,,,,,,,,,,,,
"866","BLAEBERRY","2023081719",0,27.8,29,6.7,296,15.4,93.82,10.311,31.159,,,,,,,,,,,,,,,,,,,,,,
"866","BLAEBERRY","2023081720",0,25.5,40,4.3,191,40.2,93.592,8.851,28.098,,,,,,,,,,,,,,,,,,,,,,
"866","BLAEBERRY","2023081721",0,21.5,50,3.4,239,6.8,93.112,7.912,26.011,,,,,,,,,,,,,,,,,,,,,,
"866","BLAEBERRY","2023081722",0,20.2,58,3.2,324,6.2,92.484,7.171,24.291,,,,,,,,,,,,,,,,,,,,,,
"866","BLAEBERRY","2023081723",0,18.7,67,4.3,279,7.4,91.662,6.749,23.276,,,,,,,,,,,,,,,,,,,,,,
"868","BIG MOUTH 2","2023081700",0,18.9,51,13.7,152,21,91.588,10.724,25.189,,,,,,,,,,,,,,,,,,,,9078.8,,
"868","BIG MOUTH 2","2023081701",0,18.1,55,8.3,150,18.4,91.145,7.671,19.854,,,,,,,,,,,,,,,,,,,,9078.8,,
"868","BIG MOUTH 2","2023081702",0,16.8,59,12.1,155,13.8,90.613,8.611,21.577,,,,,,,,,,,,,,,,,,,,9078.8,,
"868","BIG MOUTH 2","2023081703",0,16.1,61,10.8,155,13.8,90.11,7.505,19.542,,,,,,,,,,,,,,,,,,,,9078.8,,
"868","BIG MOUTH 2","2023081704",0,15.9,62,13.8,150,16,89.623,8.141,20.726,,,,,,,,,,,,,,,,,,,,9078.8,,
"868","BIG MOUTH 2","2023081705",0,14.9,67,14.7,148,19.1,89.056,7.853,20.195,,,,,,,,,,,,,,,,,,,,9078.8,,
"868","BIG MOUTH 2","2023081706",0,14.7,70,12.7,164,20.4,88.499,6.555,17.693,,,,,,,,,,,,,,,,,,,,9078.8,,
"868","BIG MOUTH 2","2023081707",0,17.5,63,9.6,170,14.7,88.248,5.409,15.312,,,,,,,,,,,,,,,,,,,,9078.8,,
"868","BIG MOUTH 2","2023081708",0,18.7,56,11.1,159,17.8,88.215,5.806,16.158,,,,,,,,,,,,,,,,,,,,9078.8,,
"868","BIG MOUTH 2","2023081709",0,20.9,53,11.7,169,17.5,88.264,6.026,16.616,,,,,,,,,,,,,,,,,,,,9078.8,,
"868","BIG MOUTH 2","2023081710",0,21.7,49,9.2,176,18.7,88.313,5.35,15.186,,,,,,,,,,,,,,,,,,,,9078.8,,
"868","BIG MOUTH 2","2023081711",0,23.8,42,6.9,199,16.3,88.523,4.911,14.217,,,,,,,,,,,,,,,,,,,,9078.8,,
"868","BIG MOUTH 2","2023081712",0,22.6,45,7.4,157,18.3,88.59,5.085,14.605,0,91.041,7.223,19.649,37.93,418.303,61.841,4,,,,,,,,,,,,9078.8,,
"868","BIG MOUTH 2","2023081713",0,24.6,42,10.6,184,17.3,88.794,6.152,17.463,,,,,,,,,,,,,,,,,,,,9078.8,,
"868","BIG MOUTH 2","2023081714",0,27.3,39,7.2,196,18.6,89.143,5.449,15.945,,,,,,,,,,,,,,,,,,,,9078.8,,
"868","BIG MOUTH 2","2023081715",0,29.9,35,11.6,189,19.4,89.731,7.401,19.999,,,,,,,,,,,,,,,,,,,,9078.8,,
"868","BIG MOUTH 2","2023081716",0,29.1,35,14.3,184,23.8,90.176,9.038,23.073,,,,,,,,,,,,,,,,,,,,9078.8,,
"868","BIG MOUTH 2","2023081717",0,27.3,41,12.7,187,22.8,90.225,8.397,21.899,,,,,,,,,,,,,,,,,,,,9078.8,,
"868","BIG MOUTH 2","2023081718",0,26,36,4.4,181,20.4,90.38,5.65,16.388,,,,,,,,,,,,,,,,,,,,9078.8,,
"868","BIG MOUTH 2","2023081719",0,22.9,44,8.8,170,13.1,90.429,7.103,19.412,,,,,,,,,,,,,,,,,,,,9078.8,,
"868","BIG MOUTH 2","2023081720",0,21.5,52,19.7,163,25.5,90.209,11.92,27.965,,,,,,,,,,,,,,,,,,,,9078.8,,
"868","BIG MOUTH 2","2023081721",0,20.8,55,8,18,28.6,89.978,6.395,17.973,,,,,,,,,,,,,,,,,,,,9078.8,,
"868","BIG MOUTH 2","2023081722",0,20.6,52,7.3,13,14.8,89.853,6.064,17.278,,,,,,,,,,,,,,,,,,,,9078.8,,
"868","BIG MOUTH 2","2023081723",0,21.2,50,5.3,6,13.5,89.807,5.447,15.941,,,,,,,,,,,,,,,,,,,,9078.8,,
"873","CRAWFORD","2023081700",0,20.3,44,5.4,52,17.6,92.994,8.606,29.403,,,,,,,,,,,,,,,,,,,,5334.2,,
"873","CRAWFORD","2023081701",0,19.4,48,5.1,79,17.3,92.599,8.021,28.026,,,,,,,,,,,,,,,,,,,,5334.2,,
"873","CRAWFORD","2023081702",0,17.9,49,6,57,12.6,92.207,7.942,27.836,,,,,,,,,,,,,,,,,,,,5334.2,,
"873","CRAWFORD","2023081703",0,16.9,53,6.7,45,13,91.752,7.714,27.287,,,,,,,,,,,,,,,,,,,,5334.2,,
"873","CRAWFORD","2023081704",0,15.6,61,4.7,42,10.6,91.188,6.438,24.069,,,,,,,,,,,,,,,,,,,,5334.2,,
"873","CRAWFORD","2023081705",0,17.3,53,5.7,61,13.9,90.866,6.467,24.145,,,,,,,,,,,,,,,,,,,,5334.2,,
"873","CRAWFORD","2023081706",0,14.9,68,4.6,44,8.5,90.237,5.592,21.787,,,,,,,,,,,,,,,,,,,,5334.2,,
"873","CRAWFORD","2023081707",0,17.6,59,2.5,75,6.1,89.933,4.816,19.565,,,,,,,,,,,,,,,,,,,,5334.2,,
"873","CRAWFORD","2023081708",0,20.1,51,3,214,5.4,89.849,4.88,19.753,,,,,,,,,,,,,,,,,,,,5334.2,,
"873","CRAWFORD","2023081709",0,21.2,52,3.7,229,6.4,89.766,4.996,20.091,,,,,,,,,,,,,,,,,,,,5334.2,,
"873","CRAWFORD","2023081710",0,23.4,47,4.4,227,9,89.815,5.212,20.714,,,,,,,,,,,,,,,,,,,,5334.2,,
"873","CRAWFORD","2023081711",0,25.4,41,5,223,10.2,89.87,5.414,21.288,,,,,,,,,,,,,,,,,,,,5334.2,,
"873","CRAWFORD","2023081712",0,26.8,34,6.8,218,13,90.187,6.204,23.45,0,93.214,9.525,32.037,79.162,473.345,111.646,5,,,,,,,,,,,,5334.2,,
"873","CRAWFORD","2023081713",0,28.6,32,6.7,241,11.3,90.595,6.542,24.788,,,,,,,,,,,,,,,,,,,,5334.2,,
"873","CRAWFORD","2023081714",0,29.6,30,6.5,246,13.7,91.049,6.911,25.751,,,,,,,,,,,,,,,,,,,,5334.2,,
"873","CRAWFORD","2023081715",0,30.6,27,6.3,250,13.4,91.589,7.387,26.963,,,,,,,,,,,,,,,,,,,,5334.2,,
"873","CRAWFORD","2023081716",0,30.9,27,3.4,230,14.8,92.007,6.772,25.39,,,,,,,,,,,,,,,,,,,,5334.2,,
"873","CRAWFORD","2023081717",0,29.1,31,2.9,24,9.7,92.128,6.717,25.248,,,,,,,,,,,,,,,,,,,,5334.2,,
"873","CRAWFORD","2023081718",0,27.8,32,5.3,88,12.9,92.178,7.635,27.582,,,,,,,,,,,,,,,,,,,,5334.2,,
"873","CRAWFORD","2023081719",0,25.9,36,4.8,35,13.6,92.228,7.498,27.241,,,,,,,,,,,,,,,,,,,,5334.2,,
"873","CRAWFORD","2023081720",0,25.3,35,3.7,52,15.7,92.278,7.144,26.348,,,,,,,,,,,,,,,,,,,,5334.2,,
"873","CRAWFORD","2023081721",0,24.3,38,6.3,40,15.7,92.261,8.125,28.778,,,,,,,,,,,,,,,,,,,,5334.2,,
"873","CRAWFORD","2023081722",0,23.2,39,5.7,354,17.5,92.205,7.82,28.038,,,,,,,,,,,,,,,,,,,,5334.2,,
"873","CRAWFORD","2023081723",0,23.3,36,10,44,22.6,92.221,9.734,32.506,,,,,,,,,,,,,,,,,,,,5334.2,,
"876","IDABEL LAKE 3","2023081700",0,13.8,63,2.8,319,12,91.429,6.053,27.175,,,,,,,,,,,,,,,,,,,,,,
"876","IDABEL LAKE 3","2023081701",0,13.5,60,6.6,71,13.7,90.899,6.798,29.415,,,,,,,,,,,,,,,,,,,,,,
"876","IDABEL LAKE 3","2023081702",0,12.2,65,4.3,8,13.7,90.354,5.602,25.758,,,,,,,,,,,,,,,,,,,,,,
"876","IDABEL LAKE 3","2023081703",0,11.7,67,4.6,36,11.4,89.818,5.267,24.677,,,,,,,,,,,,,,,,,,,,,,
"876","IDABEL LAKE 3","2023081704",0,11.8,66,3.9,342,13.7,89.372,4.769,23.013,,,,,,,,,,,,,,,,,,,,,,
"876","IDABEL LAKE 3","2023081705",0,10.6,73,3,205,7.9,88.837,4.221,21.098,,,,,,,,,,,,,,,,,,,,,,
"876","IDABEL LAKE 3","2023081706",0,11,73,3.2,250,6.8,88.351,3.976,20.209,,,,,,,,,,,,,,,,,,,,,,
"876","IDABEL LAKE 3","2023081707",0,14.4,65,2.2,136,6.8,88.107,3.651,18.993,,,,,,,,,,,,,,,,,,,,,,
"876","IDABEL LAKE 3","2023081708",0,18.6,50,3.1,161,6.2,88.156,3.847,19.731,,,,,,,,,,,,,,,,,,,,,,
"876","IDABEL LAKE 3","2023081709",0,22.8,36,5.2,134,7.9,88.518,4.504,22.102,,,,,,,,,,,,,,,,,,,,,,
"876","IDABEL LAKE 3","2023081710",0,25,32,3.8,217,10.8,89.017,4.509,22.119,,,,,,,,,,,,,,,,,,,,,,
"876","IDABEL LAKE 3","2023081711",0,30.4,21,4.6,111,9.7,90.17,5.539,25.558,,,,,,,,,,,,,,,,,,,,,,
"876","IDABEL LAKE 3","2023081712",0,32.6,18,8.2,293,17.2,91.491,8.017,32.864,0,95.88,14.753,49.003,160.014,504.51,178.496,5,,,,,,,,,,,,,,
"876","IDABEL LAKE 3","2023081713",0,32.7,18,10.6,288,26.9,92.568,10.536,39.534,,,,,,,,,,,,,,,,,,,,,,
"876","IDABEL LAKE 3","2023081714",0,33.3,17,10.7,252,27.5,93.492,12.051,43.104,,,,,,,,,,,,,,,,,,,,,,
"876","IDABEL LAKE 3","2023081715",0,33.2,16,10.1,273,29.2,94.24,12.971,45.174,,,,,,,,,,,,,,,,,,,,,,
"876","IDABEL LAKE 3","2023081716",0,32.1,18,9.9,252,28.1,94.642,13.573,46.492,,,,,,,,,,,,,,,,,,,,,,
"876","IDABEL LAKE 3","2023081717",0,30.4,23,9.9,319,23.5,94.693,13.669,46.7,,,,,,,,,,,,,,,,,,,,,,
"876","IDABEL LAKE 3","2023081718",0,27.5,27,6.9,318,25.8,94.711,11.78,42.482,,,,,,,,,,,,,,,,,,,,,,
"876","IDABEL LAKE 3","2023081719",0,25.1,31,6,286,16.6,94.59,11.073,40.823,,,,,,,,,,,,,,,,,,,,,,
"876","IDABEL LAKE 3","2023081720",0,23.2,33,3.8,18,17.7,94.428,9.692,37.442,,,,,,,,,,,,,,,,,,,,,,
"876","IDABEL LAKE 3","2023081721",0,19.7,43,4.1,9,10.2,94.013,9.29,36.42,,,,,,,,,,,,,,,,,,,,,,
"876","IDABEL LAKE 3","2023081722",0,20.7,39,5.3,347,15.4,93.729,9.489,36.928,,,,,,,,,,,,,,,,,,,,,,
"876","IDABEL LAKE 3","2023081723",0,19.9,40,4.7,38,17.2,93.454,8.859,35.3,,,,,,,,,,,,,,,,,,,,,,
"882","SICAMOUS","2023081700",0,16.8,51,6.8,1,7.9,91.062,7.029,27.404,,,,,,,,,,,,,,,,,,,,,,
"882","SICAMOUS","2023081701",0,16.8,51,6.7,8,11.4,90.787,6.724,26.582,,,,,,,,,,,,,,,,,,,,,,
"882","SICAMOUS","2023081702",0,16.3,53,5.7,9,11.4,90.504,6.141,24.961,,,,,,,,,,,,,,,,,,,,,,
"882","SICAMOUS","2023081703",0,16.3,52,8.2,359,12.5,90.255,6.722,26.575,,,,,,,,,,,,,,,,,,,,,,
"882","SICAMOUS","2023081704",0,16.5,53,7.1,5,13.7,90.022,6.151,24.99,,,,,,,,,,,,,,,,,,,,,,
"882","SICAMOUS","2023081705",0,16.3,53,6.6,3,12,89.818,5.825,24.055,,,,,,,,,,,,,,,,,,,,,,
"882","SICAMOUS","2023081706",0,16.6,53,5.7,6,10.8,89.645,5.431,22.897,,,,,,,,,,,,,,,,,,,,,,
"882","SICAMOUS","2023081707",0,19.7,42,7.8,26,13.1,89.694,6.079,24.785,,,,,,,,,,,,,,,,,,,,,,
"882","SICAMOUS","2023081708",0,21.5,40,7.3,77,16.6,89.743,5.97,24.473,,,,,,,,,,,,,,,,,,,,,,
"882","SICAMOUS","2023081709",0,23.9,35,7.2,77,14.9,89.949,6.117,24.894,,,,,,,,,,,,,,,,,,,,,,
"882","SICAMOUS","2023081710",0,25.9,34,5.8,181,12.5,90.215,5.922,24.336,,,,,,,,,,,,,,,,,,,,,,
"882","SICAMOUS","2023081711",0,28.3,27,7.1,177,13.1,90.809,6.883,27.012,,,,,,,,,,,,,,,,,,,,,,
"882","SICAMOUS","2023081712",0,29.7,26,8.3,199,21.2,91.416,7.973,29.86,0,93.601,10.842,37.246,86.027,709.665,132.039,5,,,,,,,,,,,,,,
"882","SICAMOUS","2023081713",0,29.8,25,11.5,184,21.8,91.979,10.145,35.658,,,,,,,,,,,,,,,,,,,,,,
"882","SICAMOUS","2023081714",0,31.1,24,9,176,19.5,92.518,9.652,34.504,,,,,,,,,,,,,,,,,,,,,,
"882","SICAMOUS","2023081715",0,31.7,24,9,191,17.2,92.971,10.286,35.982,,,,,,,,,,,,,,,,,,,,,,
"882","SICAMOUS","2023081716",0,33,22,6.9,225,17.2,93.474,9.926,35.149,,,,,,,,,,,,,,,,,,,,,,
"882","SICAMOUS","2023081717",0,30.5,24,6.5,179,14.9,93.66,9.984,35.284,,,,,,,,,,,,,,,,,,,,,,
"882","SICAMOUS","2023081718",0,28.7,27,5.5,186,14.3,93.711,9.56,34.286,,,,,,,,,,,,,,,,,,,,,,
"882","SICAMOUS","2023081719",0,27.3,30,7.8,161,16.6,93.762,10.811,37.176,,,,,,,,,,,,,,,,,,,,,,
"882","SICAMOUS","2023081720",0,25.7,32,7.9,253,20,93.732,10.821,37.197,,,,,,,,,,,,,,,,,,,,,,
"882","SICAMOUS","2023081721",0,24.7,34,8.1,288,20,93.635,10.784,37.116,,,,,,,,,,,,,,,,,,,,,,
"882","SICAMOUS","2023081722",0,23.5,37,5.4,1,25.8,93.471,9.2,33.424,,,,,,,,,,,,,,,,,,,,,,
"882","SICAMOUS","2023081723",0,22.1,42,4.7,349,16,93.193,8.543,31.813,,,,,,,,,,,,,,,,,,,,,,
"886","GOATHAVEN","2023081700",0,12.5,85,3.2,35,5.6,89.242,4.519,18.943,,,,,,,,,,,,,,,,,,,,,,
"886","GOATHAVEN","2023081701",0,11.9,85,3,70,9.7,88.354,3.938,17.112,,,,,,,,,,,,,,,,,,,,,,
"886","GOATHAVEN","2023081702",0,10.9,91,2.5,40,7.9,87.329,3.316,15.028,,,,,,,,,,,,,,,,,,,,,,
"886","GOATHAVEN","2023081703",0,10.3,91,4,35,7.9,86.379,3.125,14.358,,,,,,,,,,,,,,,,,,,,,,
"886","GOATHAVEN","2023081704",0,9,97,3,149,6.8,85.213,2.524,12.14,,,,,,,,,,,,,,,,,,,,,,
"886","GOATHAVEN","2023081705",0,8.4,99,3.8,190,6.2,83.996,2.227,10.97,,,,,,,,,,,,,,,,,,,,,,
"886","GOATHAVEN","2023081706",0,9,100,3.6,187,6.2,82.813,1.89,9.572,,,,,,,,,,,,,,,,,,,,,,
"886","GOATHAVEN","2023081707",0,12.1,87,2.3,98,7.4,82.567,1.716,8.814,,,,,,,,,,,,,,,,,,,,,,
"886","GOATHAVEN","2023081708",0,17.3,61,4.1,208,6.2,82.834,1.944,9.799,,,,,,,,,,,,,,,,,,,,,,
"886","GOATHAVEN","2023081709",0,22.1,46,4.6,227,6.8,83.57,2.192,10.828,,,,,,,,,,,,,,,,,,,,,,
"886","GOATHAVEN","2023081710",0,26.4,38,4.4,217,7.9,84.673,2.515,12.105,,,,,,,,,,,,,,,,,,,,,,
"886","GOATHAVEN","2023081711",0,31.1,24,11.4,202,21.2,86.788,4.808,19.819,,,,,,,,,,,,,,,,,,,,,,
"886","GOATHAVEN","2023081712",0,33.1,20,11.8,217,25.2,88.886,6.622,24.886,0,96.494,19.218,51.41,79.535,557.367,117.244,5,,,,,,,,,,,,,,
"886","GOATHAVEN","2023081713",0,33.3,20,10.8,199,24.6,90.501,7.937,28.92,,,,,,,,,,,,,,,,,,,,,,
"886","GOATHAVEN","2023081714",0,34.1,19,14.5,213,32.7,91.928,11.717,37.489,,,,,,,,,,,,,,,,,,,,,,
"886","GOATHAVEN","2023081715",0,34.7,17,12.9,218,28.7,93.139,12.817,39.742,,,,,,,,,,,,,,,,,,,,,,
"886","GOATHAVEN","2023081716",0,33.7,17,14,215,31,93.985,15.241,44.419,,,,,,,,,,,,,,,,,,,,,,
"886","GOATHAVEN","2023081717",0,32.5,18,12.6,223,28.1,94.482,15.213,44.367,,,,,,,,,,,,,,,,,,,,,,
"886","GOATHAVEN","2023081718",0,30.2,22,9.7,251,23.5,94.544,13.257,40.619,,,,,,,,,,,,,,,,,,,,,,
"886","GOATHAVEN","2023081719",0,26.4,30,4.2,201,22.3,94.495,9.981,33.734,,,,,,,,,,,,,,,,,,,,,,
"886","GOATHAVEN","2023081720",0,20.7,48,5.4,47,13.1,93.916,9.787,33.297,,,,,,,,,,,,,,,,,,,,,,
"886","GOATHAVEN","2023081721",0,18.1,53,4.9,52,13.1,93.287,8.744,30.879,,,,,,,,,,,,,,,,,,,,,,
"886","GOATHAVEN","2023081722",0,17.1,57,5.1,39,10.8,92.629,8.054,29.211,,,,,,,,,,,,,,,,,,,,,,
"886","GOATHAVEN","2023081723",0,18.2,52,6.9,44,11.4,92.148,8.241,29.669,,,,,,,,,,,,,,,,,,,,,,
"904","HAGENSBORG 2","2023081700",0,22.2,63,19.7,272,31.6,88.858,9.82,21.231,,,,,,,,,,32.2,,,,,,,,3,1223.522,,,
"904","HAGENSBORG 2","2023081701",0,21.8,65,18,280,32.1,88.51,8.575,19.249,,,,,,,,,,31.6,,,,,,,,3,1224.546,,,
"904","HAGENSBORG 2","2023081702",0,21.5,68,16.9,293,32.1,88.122,7.674,17.74,,,,,,,,,,30.4,,,,,,,,3,1225.04,,,
"904","HAGENSBORG 2","2023081703",0,20.7,72,13,291,22.9,87.675,5.914,14.571,,,,,,,,,,32.3,,,,,,,,3,1225.074,,,
"904","HAGENSBORG 2","2023081704",0,20.2,75,20.1,275,32.1,87.143,7.838,18.02,,,,,,,,,,29,,,,,,,,3,1225.592,,,
"904","HAGENSBORG 2","2023081705",0,19.6,77,13.3,275,26.9,86.661,5.196,13.176,,,,,,,,,,29.7,,,,,,,,3,1226.1,,,
"904","HAGENSBORG 2","2023081706",0,19.2,80,8.6,283,19.5,86.172,3.826,10.29,,,,,,,,,,31,,,,,,,,3,1226.094,,,
"904","HAGENSBORG 2","2023081707",0,20.2,76,12.7,287,21.2,85.901,4.529,11.81,,,,,,,,,,29.5,,,,,,,,3,1226.102,,,
"904","HAGENSBORG 2","2023081708",0,21.5,73,19.2,265,29.8,85.796,6.192,15.095,,,,,,,,,,31.5,,,,,,,,3,1225.544,,,
"904","HAGENSBORG 2","2023081709",0,22,71,22.4,266,35,85.794,7.274,17.048,,,,,,,,,,29.9,,,,,,,,3,1225.011,,,
"904","HAGENSBORG 2","2023081710",0,22.7,66,20.2,247,36.2,85.842,6.554,15.763,,,,,,,,,,30.7,,,,,,,,3,1224.006,,,
"904","HAGENSBORG 2","2023081711",0,23.6,59,20.4,240,35,85.978,6.748,16.114,,,,,,,,,,30.9,,,,,,,,3,1223.991,,,
"904","HAGENSBORG 2","2023081712",0,25.9,47,11.6,198,37.9,86.505,4.666,12.096,0,88.869,6.54,16.545,29.682,477.947,51.386,3,,30,,,,,,,,3,1225.974,,,
"904","HAGENSBORG 2","2023081713",0,28.4,23,14.3,235,32.7,88.121,6.731,16.905,,,,,,,,,,31.5,,,,,,,,3,1225.928,,,
"904","HAGENSBORG 2","2023081714",0,28.3,18,17.1,249,32.1,89.709,9.734,22.123,,,,,,,,,,31.7,,,,,,,,3,1225.899,,,
"904","HAGENSBORG 2","2023081715",0,28.3,19,15.1,233,36.7,90.88,10.405,23.194,,,,,,,,,,30.4,,,,,,,,3,1225.904,,,
"904","HAGENSBORG 2","2023081716",0,26.8,18,23.6,236,37.9,91.838,18.299,34.11,,,,,,,,,,31.9,,,,,,,,3,1224.931,,,
"904","HAGENSBORG 2","2023081717",0,24.8,19,20.1,237,45.4,92.405,16.617,31.99,,,,,,,,,,31.5,,,,,,,,3,1225.96,,,
"904","HAGENSBORG 2","2023081718",0,23.5,33,9.6,206,39.6,92.455,9.86,22.326,,,,,,,,,,32,,,,,,,,3,1225.481,,,
"904","HAGENSBORG 2","2023081719",0,21.7,34,10.9,210,30.4,92.455,10.528,23.386,,,,,,,,,,30.3,,,,,,,,3,1225.022,,,
"904","HAGENSBORG 2","2023081720",0,19.7,38,8.5,188,36.2,92.335,9.172,21.203,,,,,,,,,,31.6,,,,,,,,3,1225.045,,,
"904","HAGENSBORG 2","2023081721",0,18.7,42,8.2,218,22.3,92.125,8.771,20.532,,,,,,,,,,31.1,,,,,,,,3,1225.102,,,
"904","HAGENSBORG 2","2023081722",0,17.8,44,12.6,221,30.4,91.856,10.539,23.404,,,,,,,,,,33.1,,,,,,,,3,1226.117,,,
"904","HAGENSBORG 2","2023081723",0,17.1,48,16.7,249,32.1,91.489,12.299,26.069,,,,,,,,,,32.2,,,,,,,,3,1226.645,,,
"905","DOWNIE","2023081700",0,15.7,70,3.6,54,7.1,90.133,5.239,15.002,,,,,,,,,,,,,,,,,,,,12228.2,,
"905","DOWNIE","2023081701",0,15.6,71,2.1,11,6.9,89.569,4.48,13.288,,,,,,,,,,,,,,,,,,,,12228.2,,
"905","DOWNIE","2023081702",0,14.7,74,2.2,2,5.6,88.991,4.145,12.495,,,,,,,,,,,,,,,,,,,,12228.2,,
"905","DOWNIE","2023081703",0,14.2,77,2.9,12,6.6,88.38,3.933,11.982,,,,,,,,,,,,,,,,,,,,12228.2,,
"905","DOWNIE","2023081704",0,13.3,81,2.5,17,5,87.732,3.513,10.933,,,,,,,,,,,,,,,,,,,,12228.2,,
"905","DOWNIE","2023081705",0,13,83,3.9,58,6.7,87.058,3.423,10.704,,,,,,,,,,,,,,,,,,,,12228.2,,
"905","DOWNIE","2023081706",0,13.2,87,3.6,48,5.9,86.308,3.032,9.675,,,,,,,,,,,,,,,,,,,,12228.2,,
"905","DOWNIE","2023081707",0,14.1,86,0.1,323,3.9,85.815,2.372,7.822,,,,,,,,,,,,,,,,,,,,12228.2,,
"905","DOWNIE","2023081708",0,17.7,69,2.3,152,3.9,85.796,2.642,8.602,,,,,,,,,,,,,,,,,,,,12228.2,,
"905","DOWNIE","2023081709",0,20.9,60,2.6,226,5.4,85.844,2.701,8.766,,,,,,,,,,,,,,,,,,,,12228.2,,
"905","DOWNIE","2023081710",0,23.4,47,3.4,209,5.6,86.216,2.963,9.488,,,,,,,,,,,,,,,,,,,,12228.2,,
"905","DOWNIE","2023081711",0,26.2,44,4.8,208,7.7,86.741,3.424,10.707,,,,,,,,,,,,,,,,,,,,12228.2,,
"905","DOWNIE","2023081712",0,28.4,36,4.4,201,12.3,87.545,3.764,11.565,0,93.425,8.691,22.79,40.092,387.633,63.71,4,,,,,,,,,,,,12228.2,,
"905","DOWNIE","2023081713",0,29.9,35,5.5,264,10.9,88.356,4.468,13.924,,,,,,,,,,,,,,,,,,,,12228.2,,
"905","DOWNIE","2023081714",0,30.8,34,7.2,256,14.2,89.14,5.447,16.203,,,,,,,,,,,,,,,,,,,,12228.2,,
"905","DOWNIE","2023081715",0,29.7,42,3.1,299,9.4,89.391,4.593,14.224,,,,,,,,,,,,,,,,,,,,12228.2,,
"905","DOWNIE","2023081716",0,27.6,46,2.6,213,5.9,89.44,4.51,14.026,,,,,,,,,,,,,,,,,,,,12228.2,,
"905","DOWNIE","2023081717",0,26.3,57,4.1,69,7.1,89.384,4.825,14.776,,,,,,,,,,,,,,,,,,,,12228.2,,
"905","DOWNIE","2023081718",0,23.6,57,2.9,73,6,89.29,4.481,13.955,,,,,,,,,,,,,,,,,,,,12228.2,,
"905","DOWNIE","2023081719",0,22.2,59,5.6,59,10,89.12,5.011,15.208,,,,,,,,,,,,,,,,,,,,12228.2,,
"905","DOWNIE","2023081720",0,21.6,58,8.6,48,14.2,88.975,5.709,16.785,,,,,,,,,,,,,,,,,,,,12228.2,,
"905","DOWNIE","2023081721",0,20.1,65,5.2,2,14.6,88.668,4.603,14.248,,,,,,,,,,,,,,,,,,,,12228.2,,
"905","DOWNIE","2023081722",0,19.4,66,2.7,38,8.3,88.398,3.903,12.52,,,,,,,,,,,,,,,,,,,,12228.2,,
"905","DOWNIE","2023081723",0,18.6,68,3.8,34,7.3,88.091,3.948,12.635,,,,,,,,,,,,,,,,,,,,12228.2,,
"919","GOLDSTREAM 2","2023081700",0,17,53,9.8,27,17.9,90.69,7.753,17.594,,,,,,,,,,,,,,,,,,,,9193.8,,
"919","GOLDSTREAM 2","2023081701",0,17,53,2.4,97,15.9,90.46,5.168,12.899,,,,,,,,,,,,,,,,,,,,9193.8,,
"919","GOLDSTREAM 2","2023081702",0,16.3,56,1.2,122,9.6,90.212,4.695,11.949,,,,,,,,,,,,,,,,,,,,9193.8,,
"919","GOLDSTREAM 2","2023081703",0,15.7,59,3.4,63,8.6,89.887,5.007,12.58,,,,,,,,,,,,,,,,,,,,9193.8,,
"919","GOLDSTREAM 2","2023081704",0,15.2,61,4.8,47,6,89.534,5.107,12.78,,,,,,,,,,,,,,,,,,,,9193.8,,
"919","GOLDSTREAM 2","2023081705",0,15,62,2,23,8.3,89.237,4.25,11.025,,,,,,,,,,,,,,,,,,,,9193.8,,
"919","GOLDSTREAM 2","2023081706",0,14.6,66,1.7,147,5.6,88.894,3.985,10.456,,,,,,,,,,,,,,,,,,,,9193.8,,
"919","GOLDSTREAM 2","2023081707",0,15,68,2.5,43,4.7,88.529,3.937,10.351,,,,,,,,,,,,,,,,,,,,9193.8,,
"919","GOLDSTREAM 2","2023081708",0,19,54,0.9,123,3.8,88.53,3.633,9.679,,,,,,,,,,,,,,,,,,,,9193.8,,
"919","GOLDSTREAM 2","2023081709",0,20.7,54,3.4,178,5.3,88.554,4.135,10.779,,,,,,,,,,,,,,,,,,,,9193.8,,
"919","GOLDSTREAM 2","2023081710",0,22.5,54,5,210,8.7,88.603,4.514,11.577,,,,,,,,,,,,,,,,,,,,9193.8,,
"919","GOLDSTREAM 2","2023081711",0,24.3,48,4.5,192,9.4,88.652,4.433,11.408,,,,,,,,,,,,,,,,,,,,9193.8,,
"919","GOLDSTREAM 2","2023081712",0,27.3,35,5.4,186,10.2,89.146,4.979,12.525,0,92.857,8.443,19.784,32.263,288.872,50.442,4,,,,,,,,,,,,9193.8,,
"919","GOLDSTREAM 2","2023081713",0,28.9,33,10.7,205,15.6,89.758,7.1,17.42,,,,,,,,,,,,,,,,,,,,9193.8,,
"919","GOLDSTREAM 2","2023081714",0,26.5,35,8.4,209,18.1,90.057,6.6,16.494,,,,,,,,,,,,,,,,,,,,9193.8,,
"919","GOLDSTREAM 2","2023081715",0,27.9,32,10.5,202,20.9,90.485,7.8,18.671,,,,,,,,,,,,,,,,,,,,9193.8,,
"919","GOLDSTREAM 2","2023081716",0,27,32,11.1,202,17.4,90.796,8.405,19.718,,,,,,,,,,,,,,,,,,,,9193.8,,
"919","GOLDSTREAM 2","2023081717",0,26.1,42,4.4,196,20.6,90.846,6.039,15.423,,,,,,,,,,,,,,,,,,,,9193.8,,
"919","GOLDSTREAM 2","2023081718",0,25.5,35,4.1,181,9.6,90.921,6.013,15.371,,,,,,,,,,,,,,,,,,,,9193.8,,
"919","GOLDSTREAM 2","2023081719",0,21.7,45,7.1,39,9.1,90.859,6.933,17.113,,,,,,,,,,,,,,,,,,,,9193.8,,
"919","GOLDSTREAM 2","2023081720",0,20.3,48,9.3,29,16,90.702,7.574,18.272,,,,,,,,,,,,,,,,,,,,9193.8,,
"919","GOLDSTREAM 2","2023081721",0,23.1,39,11.3,204,23.6,90.752,8.436,19.772,,,,,,,,,,,,,,,,,,,,9193.8,,
"919","GOLDSTREAM 2","2023081722",0,21.9,43,10.5,194,24.4,90.757,8.11,19.212,,,,,,,,,,,,,,,,,,,,9193.8,,
"919","GOLDSTREAM 2","2023081723",0,21.7,43,13.5,193,26.3,90.755,9.43,21.424,,,,,,,,,,,,,,,,,,,,9193.8,,
"934","MESACHIE 2","2023081700",0,15.9,88,1.8,83,5.1,87.883,3.465,13.11,,,,,,,,,,,,,,,,,,,,,,
"934","MESACHIE 2","2023081701",0,15,92,1.8,135,5.1,86.805,2.971,11.596,,,,,,,,,,,,,,,,,,,,,,
"934","MESACHIE 2","2023081702",0,14.5,94,4,107,5.6,85.645,2.819,11.111,,,,,,,,,,,,,,,,,,,,,,
"934","MESACHIE 2","2023081703",0,13.9,97,2.3,174,4.5,84.473,2.202,9.038,,,,,,,,,,,,,,,,,,,,,,
"934","MESACHIE 2","2023081704",0,13.5,98,3.3,147,4.5,83.323,1.988,8.271,,,,,,,,,,,,,,,,,,,,,,
"934","MESACHIE 2","2023081705",0,13.2,99,2.2,151,5.1,82.272,1.646,6.986,,,,,,,,,,,,,,,,,,,,,,
"934","MESACHIE 2","2023081706",0,13.8,98,3.4,126,5.1,81.392,1.574,6.701,,,,,,,,,,,,,,,,,,,,,,
"934","MESACHIE 2","2023081707",0,19.6,76,3.4,130,5.6,81.522,1.598,6.796,,,,,,,,,,,,,,,,,,,,,,
"934","MESACHIE 2","2023081708",0,24.5,61,2.6,139,5.6,82.058,1.637,6.947,,,,,,,,,,,,,,,,,,,,,,
"934","MESACHIE 2","2023081709",0,27.4,53,3.7,143,6.8,82.907,1.923,8.032,,,,,,,,,,,,,,,,,,,,,,
"934","MESACHIE 2","2023081710",0,29.4,42,4.8,80,9.1,84.168,2.397,9.714,,,,,,,,,,,,,,,,,,,,,,
"934","MESACHIE 2","2023081711",0,30.9,36,7.9,85,12,85.675,3.445,13.05,,,,,,,,,,,,,,,,,,,,,,
"934","MESACHIE 2","2023081712",0,32.8,35,8.5,95,14.3,87.105,4.346,15.618,0,94.136,11.796,32.884,56.637,468.12,86.969,5,,,,,,,,,,,,,,
"934","MESACHIE 2","2023081713",0,33.1,33,10.4,102,18.9,88.401,5.756,19.988,,,,,,,,,,,,,,,,,,,,,,
"934","MESACHIE 2","2023081714",0,33.1,32,11.7,107,24.6,89.485,7.181,23.408,,,,,,,,,,,,,,,,,,,,,,
"934","MESACHIE 2","2023081715",0,32.5,32,12.7,105,23.5,90.298,8.484,26.297,,,,,,,,,,,,,,,,,,,,,,
"934","MESACHIE 2","2023081716",0,32.2,33,9,76,21.2,90.832,7.6,24.359,,,,,,,,,,,,,,,,,,,,,,
"934","MESACHIE 2","2023081717",0,31,37,7.4,79,17.7,91.025,7.207,23.468,,,,,,,,,,,,,,,,,,,,,,
"934","MESACHIE 2","2023081718",0,27.5,40,7.6,250,18.3,91.075,7.331,23.753,,,,,,,,,,,,,,,,,,,,,,
"934","MESACHIE 2","2023081719",0,23.9,50,6.3,347,18.3,90.91,6.707,22.305,,,,,,,,,,,,,,,,,,,,,,
"934","MESACHIE 2","2023081720",0,20.6,59,9,202,18.9,90.46,7.207,23.468,,,,,,,,,,,,,,,,,,,,,,
"934","MESACHIE 2","2023081721",0,17.2,73,8.7,215,22.3,89.655,6.325,21.392,,,,,,,,,,,,,,,,,,,,,,
"934","MESACHIE 2","2023081722",0,15.1,82,8.9,238,21.8,88.648,5.53,19.414,,,,,,,,,,,,,,,,,,,,,,
"934","MESACHIE 2","2023081723",0,14.3,85,11.3,225,22.3,87.619,5.385,19.041,,,,,,,,,,,,,,,,,,,,,,
"938","PINE CREEK","2023081700",0,11.6,74,8,242,20.4,85.92,3.584,5.915,,,,,,,,,,,,,,,,,,,,6365.6,,
"938","PINE CREEK","2023081701",0,11.6,71,11.1,229,19.8,85.73,4.079,6.686,,,,,,,,,,,,,,,,,,,,6365.6,,
"938","PINE CREEK","2023081702",0,11.6,69,5.8,255,19.4,85.625,3.078,5.091,,,,,,,,,,,,,,,,,,,,6365.6,,
"938","PINE CREEK","2023081703",0,11.1,69,13,239,20,85.504,4.35,7.093,,,,,,,,,,,,,,,,,,,,6365.6,,
"938","PINE CREEK","2023081704",0,11.2,65,11.9,250,26.5,85.484,4.104,6.724,,,,,,,,,,,,,,,,,,,,6365.6,,
"938","PINE CREEK","2023081705",0,10.8,65,11.4,244,26.8,85.461,3.989,6.548,,,,,,,,,,,,,,,,,,,,6365.6,,
"938","PINE CREEK","2023081706",0,10.3,63,4.4,328,16,85.476,2.809,4.635,,,,,,,,,,,,,,,,,,,,6365.6,,
"938","PINE CREEK","2023081707",0,10.7,59,11.7,245,20.4,85.524,4.085,6.695,,,,,,,,,,,,,,,,,,,,6365.6,,
"938","PINE CREEK","2023081708",0,10.7,65,9.9,249,19.2,85.497,3.717,6.126,,,,,,,,,,,,,,,,,,,,6365.6,,
"938","PINE CREEK","2023081709",0,12.9,57,9.4,272,27.1,85.545,3.649,6.019,,,,,,,,,,,,,,,,,,,,6365.6,,
"938","PINE CREEK","2023081710",0,13.8,47,11.6,269,22.9,85.739,4.189,6.852,,,,,,,,,,,,,,,,,,,,6365.6,,
"938","PINE CREEK","2023081711",0,14.5,42,12.5,264,26.1,86.041,4.572,7.422,,,,,,,,,,,,,,,,,,,,6365.6,,
"938","PINE CREEK","2023081712",0,15.1,38,13.4,239,29.2,86.425,5.051,8.111,0,88.455,6.747,11.299,13.128,358.293,24.052,3,,,,,,,,,,,,6365.6,,
"938","PINE CREEK","2023081713",0,14.8,39,16.7,229,29.4,86.74,6.236,10.593,,,,,,,,,,,,,,,,,,,,6365.6,,
"938","PINE CREEK","2023081714",0,14.5,38,10.3,276,27.3,87.008,4.693,8.32,,,,,,,,,,,,,,,,,,,,6365.6,,
"938","PINE CREEK","2023081715",0,15.5,37,15.2,248,31.4,87.315,6.276,10.648,,,,,,,,,,,,,,,,,,,,6365.6,,
"938","PINE CREEK","2023081716",0,14.1,38,8.9,263,26.9,87.502,4.693,8.32,,,,,,,,,,,,,,,,,,,,6365.6,,
"938","PINE CREEK","2023081717",0,13.9,38,14,256,33.8,87.674,6.218,10.567,,,,,,,,,,,,,,,,,,,,6365.6,,
"938","PINE CREEK","2023081718",0,12.8,42,10.1,272,23.9,87.723,5.144,9.01,,,,,,,,,,,,,,,,,,,,6365.6,,
"938","PINE CREEK","2023081719",0,12.5,44,10,261,27.3,87.772,5.155,9.025,,,,,,,,,,,,,,,,,,,,6365.6,,
"938","PINE CREEK","2023081720",0,10.3,52,4.8,357,21.1,87.75,3.954,7.14,,,,,,,,,,,,,,,,,,,,6365.6,,
"938","PINE CREEK","2023081721",0,8.8,56,5.6,342,15.1,87.651,4.059,7.312,,,,,,,,,,,,,,,,,,,,6365.6,,
"938","PINE CREEK","2023081722",0,7.4,59,10.4,295,27.2,87.48,5.045,8.86,,,,,,,,,,,,,,,,,,,,6365.6,,
"938","PINE CREEK","2023081723",0,6.8,63,9.6,317,23.7,87.256,4.693,8.32,,,,,,,,,,,,,,,,,,,,6365.6,,
"944","TS SAN JUAN","2023081700",0,15.5,97,4.2,210,5.1,83.305,2.075,7.967,,,,,,,,,,,,,,,,,,,,7052.6,,
"944","TS SAN JUAN","2023081701",0,15.4,97,3.9,210,5.6,82.346,1.81,7.044,,,,,,,,,,,,,,,,,,,,7052.6,,
"944","TS SAN JUAN","2023081702",0,15.4,97,4.5,213,5.7,81.501,1.685,6.593,,,,,,,,,,,,,,,,,,,,7052.6,,
"944","TS SAN JUAN","2023081703",0,15.3,97,4.4,202,6.2,80.772,1.543,6.066,,,,,,,,,,,,,,,,,,,,7052.6,,
"944","TS SAN JUAN","2023081704",0,14.6,97,3.5,205,5.9,80.161,1.38,5.442,,,,,,,,,,,,,,,,,,,,7052.6,,
"944","TS SAN JUAN","2023081705",0,14.4,98,3.3,204,4.8,79.542,1.282,5.055,,,,,,,,,,,,,,,,,,,,7052.6,,
"944","TS SAN JUAN","2023081706",0,14.9,98,3.1,192,4.6,79.002,1.204,4.742,,,,,,,,,,,,,,,,,,,,7052.6,,
"944","TS SAN JUAN","2023081707",0,18,97,0.2,193,4.4,78.695,1.011,3.933,,,,,,,,,,,,,,,,,,,,7052.6,,
"944","TS SAN JUAN","2023081708",0,23.6,66,0,355,4.7,79.147,1.044,4.075,,,,,,,,,,,,,,,,,,,,7052.6,,
"944","TS SAN JUAN","2023081709",0,25.5,55,5.6,22,8.8,80.261,1.55,6.094,,,,,,,,,,,,,,,,,,,,7052.6,,
"944","TS SAN JUAN","2023081710",0,26.9,52,6,6,13,81.428,1.802,7.015,,,,,,,,,,,,,,,,,,,,7052.6,,
"944","TS SAN JUAN","2023081711",0,25.5,53,4.9,21,14.9,82.301,1.893,7.337,,,,,,,,,,,,,,,,,,,,7052.6,,
"944","TS SAN JUAN","2023081712",0,26.5,51,5.1,335,11.6,83.177,2.136,8.172,0,90.308,5.793,18.682,47.649,470.283,76.038,4,,,,,,,,,,,,7052.6,,
"944","TS SAN JUAN","2023081713",0,26.8,46,6.5,337,14.3,84.144,2.603,10.003,,,,,,,,,,,,,,,,,,,,7052.6,,
"944","TS SAN JUAN","2023081714",0,24.3,51,5.8,8,15.3,84.692,2.706,10.332,,,,,,,,,,,,,,,,,,,,7052.6,,
"944","TS SAN JUAN","2023081715",0,23.4,54,6.7,351,13.8,85.069,2.982,11.189,,,,,,,,,,,,,,,,,,,,7052.6,,
"944","TS SAN JUAN","2023081716",0,21.3,63,7.4,344,12,85.146,3.122,11.614,,,,,,,,,,,,,,,,,,,,7052.6,,
"944","TS SAN JUAN","2023081717",0,17.8,73,7,342,13.6,85.103,3.041,11.372,,,,,,,,,,,,,,,,,,,,7052.6,,
"944","TS SAN JUAN","2023081718",0,15,86,5.1,299,14.7,84.604,2.581,9.932,,,,,,,,,,,,,,,,,,,,7052.6,,
"944","TS SAN JUAN","2023081719",0,13.2,93,3.8,348,10,83.823,2.177,8.589,,,,,,,,,,,,,,,,,,,,7052.6,,
"944","TS SAN JUAN","2023081720",0,12.6,96,4,351,7,82.924,1.956,7.819,,,,,,,,,,,,,,,,,,,,7052.6,,
"944","TS SAN JUAN","2023081721",0,12.3,97,1.2,284,7.1,82.153,1.543,6.291,,,,,,,,,,,,,,,,,,,,7052.6,,
"944","TS SAN JUAN","2023081722",0,12,97,3.1,316,7.5,81.405,1.553,6.329,,,,,,,,,,,,,,,,,,,,7052.6,,
"944","TS SAN JUAN","2023081723",0,11.9,95,2.6,21,7.4,80.902,1.429,5.847,,,,,,,,,,,,,,,,,,,,7052.6,,
"945","TS NAKA CREEK","2023081700",0,10.9,98,4.5,281,6.2,82.881,1.995,4.261,,,,,,,,,0,0,,0,0,0,0,0,,0,0,,0,
"945","TS NAKA CREEK","2023081701",0,12.4,100,11.4,325,19.5,81.542,2.397,5.157,,,,,,,,,0,0,,0,0,0,0,0,,0,0,,0,
"945","TS NAKA CREEK","2023081702",0,13.2,100,8.5,327,18.3,80.434,1.827,3.87,,,,,,,,,0,0,,0,0,0,0,0,,0,0,,0,
"945","TS NAKA CREEK","2023081703",0,13,100,5.4,336,13.1,79.544,1.425,2.877,,,,,,,,,0,0,,0,0,0,0,0,,0,0,,0,
"945","TS NAKA CREEK","2023081704",0,13.1,100,3.6,6,13.7,78.807,1.213,2.31,,,,,,,,,0,0,,0,0,0,0,0,,0,0,,0,
"945","TS NAKA CREEK","2023081705",0,12.9,100,2.5,356,15.4,78.187,1.086,1.948,,,,,,,,,0,0,,0,0,0,0,0,,0,0,,0,
"945","TS NAKA CREEK","2023081706",0,12.9,100,12.7,317,17.7,77.497,1.715,3.6,,,,,,,,,0,0,,0,0,0,0,0,,0,0,,0,
"945","TS NAKA CREEK","2023081707",0,13.9,100,13.2,322,23.5,76.898,1.681,3.518,,,,,,,,,0,0,,0,0,0,0,0,,0,0,,0,
"945","TS NAKA CREEK","2023081708",0,14.8,100,12.9,311,23.5,76.39,1.598,3.313,,,,,,,,,0,0,,0,0,0,0,0,,0,0,,0,
"945","TS NAKA CREEK","2023081709",0,17.3,88,14.1,338,25.2,76.576,1.719,3.61,,,,,,,,,0,0,,0,0,0,0,0,,0,0,,0,
"945","TS NAKA CREEK","2023081710",0,17.2,81,18.2,323,30.4,76.999,2.178,4.676,,,,,,,,,0,0,,0,0,0,0,0,,0,0,,0,
"945","TS NAKA CREEK","2023081711",0,17.8,76,17,326,33.9,77.555,2.14,4.589,,,,,,,,,0,0,,0,0,0,0,0,,0,0,,0,
"945","TS NAKA CREEK","2023081712",0,17.5,76,23.7,312,36.7,78.098,3.136,6.684,0,84.373,6.386,12.622,18.132,354.304,32.15,3,0,0,,0,0,0,0,0,,0,0,,0,
"945","TS NAKA CREEK","2023081713",0,18.5,68,17.3,327,34.4,78.814,2.42,5.379,,,,,,,,,0,0,,0,0,0,0,0,,0,0,,0,
"945","TS NAKA CREEK","2023081714",0,19,53,16.6,326,29.2,79.9,2.598,5.767,,,,,,,,,0,0,,0,0,0,0,0,,0,0,,0,
"945","TS NAKA CREEK","2023081715",0,17.9,55,21.3,317,32.7,80.788,3.621,7.847,,,,,,,,,0,0,,0,0,0,0,0,,0,0,,0,
"945","TS NAKA CREEK","2023081716",0,16.8,59,20,319,34.4,81.396,3.635,7.873,,,,,,,,,0,0,,0,0,0,0,0,,0,0,,0,
"945","TS NAKA CREEK","2023081717",0,15.7,58,20.4,329,37.9,81.918,3.946,8.462,,,,,,,,,0,0,,0,0,0,0,0,,0,0,,0,
"945","TS NAKA CREEK","2023081718",0,12.4,68,15.3,329,35.6,82.068,3.107,6.831,,,,,,,,,0,0,,0,0,0,0,0,,0,0,,0,
"945","TS NAKA CREEK","2023081719",0,10.6,74,18.3,331,32.1,82.115,3.635,7.874,,,,,,,,,0,0,,0,0,0,0,0,,0,0,,0,
"945","TS NAKA CREEK","2023081720",0,9.9,71,18.8,321,31,82.162,3.749,8.092,,,,,,,,,0,0,,0,0,0,0,0,,0,0,,0,
"945","TS NAKA CREEK","2023081721",0,9,70,15.7,312,29.2,82.209,3.226,7.07,,,,,,,,,0,0,,0,0,0,0,0,,0,0,,0,
"945","TS NAKA CREEK","2023081722",0,8.5,67,7.3,290,26.9,82.284,2.132,4.73,,,,,,,,,0,0,,0,0,0,0,0,,0,0,,0,
"945","TS NAKA CREEK","2023081723",0,9.4,63,9,331,23.5,82.421,2.362,5.252,,,,,,,,,0,0,,0,0,0,0,0,,0,0,,0,
"956","TS EFFINGHAM","2023081700",0,23.1,59,1.6,74,3.9,88.793,3.908,10.293,,,,,,,,,0,0,,0,0,0,0,0,,0,0,,0,
"956","TS EFFINGHAM","2023081701",0,22.7,58,6,327,12.5,88.725,4.831,12.233,,,,,,,,,0,0,,0,0,0,0,0,,0,0,,0,
"956","TS EFFINGHAM","2023081702",0,22,63,5.2,124,7.4,88.53,4.512,11.579,,,,,,,,,0,0,,0,0,0,0,0,,0,0,,0,
"956","TS EFFINGHAM","2023081703",0,21.5,63,3.3,326,6.2,88.368,4.006,10.506,,,,,,,,,0,0,,0,0,0,0,0,,0,0,,0,
"956","TS EFFINGHAM","2023081704",0,21.1,64,4.5,346,7.4,88.188,4.147,10.81,,,,,,,,,0,0,,0,0,0,0,0,,0,0,,0,
"956","TS EFFINGHAM","2023081705",0,19.6,71,3.9,90,8.5,87.835,3.825,10.111,,,,,,,,,0,0,,0,0,0,0,0,,0,0,,0,
"956","TS EFFINGHAM","2023081706",0,19.5,75,3.4,131,5.6,87.418,3.514,9.415,,,,,,,,,0,0,,0,0,0,0,0,,0,0,,0,
"956","TS EFFINGHAM","2023081707",0,19,76,6.1,344,10.8,86.989,3.787,10.027,,,,,,,,,0,0,,0,0,0,0,0,,0,0,,0,
"956","TS EFFINGHAM","2023081708",0,23,65,2.9,191,11.4,87.012,3.234,8.768,,,,,,,,,0,0,,0,0,0,0,0,,0,0,,0,
"956","TS EFFINGHAM","2023081709",0,23.3,64,4.7,184,8.5,87.06,3.565,9.531,,,,,,,,,0,0,,0,0,0,0,0,,0,0,,0,
"956","TS EFFINGHAM","2023081710",0,24.5,59,6.3,158,13.1,87.108,3.891,10.256,,,,,,,,,0,0,,0,0,0,0,0,,0,0,,0,
"956","TS EFFINGHAM","2023081711",0,25.9,50,7.8,180,16.6,87.341,4.338,11.217,,,,,,,,,0,0,,0,0,0,0,0,,0,0,,0,
"956","TS EFFINGHAM","2023081712",0,27.1,49,8.1,190,16.6,87.608,4.575,11.711,0,90.615,7.042,17.123,31.651,281.391,49.408,4,0,0,,0,0,0,0,0,,0,0,,0,
"956","TS EFFINGHAM","2023081713",0,26.3,52,10.9,174,21.2,87.726,5.359,13.909,,,,,,,,,0,0,,0,0,0,0,0,,0,0,,0,
"956","TS EFFINGHAM","2023081714",0,25.4,55,8.2,151,14.9,87.775,4.71,12.567,,,,,,,,,0,0,,0,0,0,0,0,,0,0,,0,
"956","TS EFFINGHAM","2023081715",0,25.5,53,9.2,167,15.4,87.824,4.988,13.15,,,,,,,,,0,0,,0,0,0,0,0,,0,0,,0,
"956","TS EFFINGHAM","2023081716",0,23.9,58,7.2,165,14.3,87.873,4.542,12.208,,,,,,,,,0,0,,0,0,0,0,0,,0,0,,0,
"956","TS EFFINGHAM","2023081717",0,21.5,65,6.8,179,13.1,87.73,4.361,11.817,,,,,,,,,0,0,,0,0,0,0,0,,0,0,,0,
"956","TS EFFINGHAM","2023081718",0,19.2,72,3.9,156,9.7,87.407,3.598,10.094,,,,,,,,,0,0,,0,0,0,0,0,,0,0,,0,
"956","TS EFFINGHAM","2023081719",0,16.1,88,3.2,127,6.2,86.546,3.073,8.83,,,,,,,,,0,0,,0,0,0,0,0,,0,0,,0,
"956","TS EFFINGHAM","2023081720",0,13.8,96,4.1,122,6.8,85.271,2.689,7.858,,,,,,,,,0,0,,0,0,0,0,0,,0,0,,0,
"956","TS EFFINGHAM","2023081721",0,12.8,99,1.6,110,6.2,84.029,2.003,5.986,,,,,,,,,0,0,,0,0,0,0,0,,0,0,,0,
"956","TS EFFINGHAM","2023081722",0,12.8,100,2.4,148,7.4,82.791,1.775,5.319,,,,,,,,,0,0,,0,0,0,0,0,,0,0,,0,
"956","TS EFFINGHAM","2023081723",0,12.6,100,2.4,139,6.2,81.708,1.553,4.644,,,,,,,,,0,0,,0,0,0,0,0,,0,0,,0,
"965","IRON CREEK YFS","2023081700",0,10.6,53,8.3,248,17.7,,,,,,,,,,,,,,,,,,,,,,,1701.55,,
"965","IRON CREEK YFS","2023081701",0,12.3,47,10.5,250,28.8,,,,,,,,,,,,,,,,,,,,,,,1701.55,,
"965","IRON CREEK YFS","2023081702",0,12.2,44,12.6,253,30.8,,,,,,,,,,,,,,,,,,,,,,,1701.55,,
"965","IRON CREEK YFS","2023081703",0,11.4,49,7.8,281,33.1,,,,,,,,,,,,,,,,,,,,,,,1701.55,,
"965","IRON CREEK YFS","2023081704",0,11.4,48,11,255,28.7,,,,,,,,,,,,,,,,,,,,,,,1701.55,,
"965","IRON CREEK YFS","2023081705",0,11.1,50,10.4,248,26.1,,,,,,,,,,,,,,,,,,,,,,,1701.55,,
"965","IRON CREEK YFS","2023081706",0,10.8,51,10.6,255,24.6,,,,,,,,,,,,,,,,,,,,,,,1701.55,,
"965","IRON CREEK YFS","2023081707",0,10.6,54,5.9,271,21.4,,,,,,,,,,,,,,,,,,,,,,,1701.55,,
"965","IRON CREEK YFS","2023081708",0,11.5,51,8.1,256,18.8,,,,,,,,,,,,,,,,,,,,,,,1701.55,,
"965","IRON CREEK YFS","2023081709",0,12.7,47,13.2,255,28.1,,,,,,,,,,,,,,,,,,,,,,,1701.55,,
"965","IRON CREEK YFS","2023081710",0,11.2,61,8.5,278,31.9,,,,,,,,,,,,,,,,,,,,,,,1701.55,,
"965","IRON CREEK YFS","2023081711",0.8,9.1,88,4,253,21.9,,,,,,,,,,,,,,,,,,,,,,,1702.31,,
"965","IRON CREEK YFS","2023081712",0.8,9.2,89,6,246,22.5,,,,1.6,,,,,,,,,,,,,,,,,,,1703.07,,
"965","IRON CREEK YFS","2023081713",0.8,10.2,88,6.7,253,14.4,,,,,,,,,,,,,,,,,,,,,,,1703.83,,
"965","IRON CREEK YFS","2023081714",0,11,83,7.6,248,18.9,,,,,,,,,,,,,,,,,,,,,,,1703.83,,
"965","IRON CREEK YFS","2023081715",0,11.8,76,11.2,254,19.5,,,,,,,,,,,,,,,,,,,,,,,1703.83,,
"965","IRON CREEK YFS","2023081716",0.3,11.4,77,9.6,260,24.1,,,,,,,,,,,,,,,,,,,,,,,1704.09,,
"965","IRON CREEK YFS","2023081717",0,12.5,74,5,286,20.1,,,,,,,,,,,,,,,,,,,,,,,1704.09,,
"965","IRON CREEK YFS","2023081718",0,12.4,74,5.3,252,14.3,,,,,,,,,,,,,,,,,,,,,,,1704.09,,
"965","IRON CREEK YFS","2023081719",0,12,75,4.7,275,13,,,,,,,,,,,,,,,,,,,,,,,1704.09,,
"965","IRON CREEK YFS","2023081720",0,9,92,0,64,9.9,,,,,,,,,,,,,,,,,,,,,,,1704.09,,
"965","IRON CREEK YFS","2023081721",0,6.6,98,0.7,94,4,,,,,,,,,,,,,,,,,,,,,,,1704.09,,
"965","IRON CREEK YFS","2023081722",0,6.3,99,0.8,307,4.2,,,,,,,,,,,,,,,,,,,,,,,1704.09,,
"965","IRON CREEK YFS","2023081723",0,5.7,99,1.1,219,3.8,,,,,,,,,,,,,,,,,,,,,,,1704.09,,
"977","ANDERSON CREEK","2023081700",0,19.1,65,3.1,98,5.1,91.809,6.486,28.487,,,,,,,,,0,0,,0,0,0,0,0,,0,0,,0,
"977","ANDERSON CREEK","2023081701",0,18.6,68,3.5,72,8.5,91.07,5.959,26.879,,,,,,,,,0,0,,0,0,0,0,0,,0,0,,0,
"977","ANDERSON CREEK","2023081702",0,18.6,66,4.3,87,9.1,90.464,5.69,26.038,,,,,,,,,0,0,,0,0,0,0,0,,0,0,,0,
"977","ANDERSON CREEK","2023081703",0,17.1,73,2.4,118,7.9,89.792,4.696,22.765,,,,,,,,,0,0,,0,0,0,0,0,,0,0,,0,
"977","ANDERSON CREEK","2023081704",0,17.1,71,3.8,123,7.4,89.225,4.646,22.59,,,,,,,,,0,0,,0,0,0,0,0,,0,0,,0,
"977","ANDERSON CREEK","2023081705",0,15.9,78,2.8,134,6.8,88.549,4.009,20.33,,,,,,,,,0,0,,0,0,0,0,0,,0,0,,0,
"977","ANDERSON CREEK","2023081706",0,17,74,4.4,102,9.7,88.044,4.042,20.448,,,,,,,,,0,0,,0,0,0,0,0,,0,0,,0,
"977","ANDERSON CREEK","2023081707",0,17.4,75,3.3,13,6.8,87.593,3.585,18.74,,,,,,,,,0,0,,0,0,0,0,0,,0,0,,0,
"977","ANDERSON CREEK","2023081708",0,24.1,50,3.3,181,7.4,87.695,3.638,18.942,,,,,,,,,0,0,,0,0,0,0,0,,0,0,,0,
"977","ANDERSON CREEK","2023081709",0,28.1,39,4.5,266,8.5,88.229,4.172,20.919,,,,,,,,,0,0,,0,0,0,0,0,,0,0,,0,
"977","ANDERSON CREEK","2023081710",0,31.3,26,10,174,21.8,89.489,6.595,28.811,,,,,,,,,0,0,,0,0,0,0,0,,0,0,,0,
"977","ANDERSON CREEK","2023081711",0,33.4,26,8.1,187,24.6,90.596,7.022,30.064,,,,,,,,,0,0,,0,0,0,0,0,,0,0,,0,
"977","ANDERSON CREEK","2023081712",0,33.7,26,7.8,181,23.5,91.474,7.838,32.37,0,95.856,14.413,48.3,141.837,603.788,178.717,5,0,0,,0,0,0,0,0,,0,0,,0,
"977","ANDERSON CREEK","2023081713",0,34.2,24,11.6,233,25.8,92.338,10.727,40.005,,,,,,,,,0,0,,0,0,0,0,0,,0,0,,0,
"977","ANDERSON CREEK","2023081714",0,34.7,22,10.6,194,25.8,93.125,11.391,41.585,,,,,,,,,0,0,,0,0,0,0,0,,0,0,,0,
"977","ANDERSON CREEK","2023081715",0,34.4,23,11.3,169,30.4,93.649,12.696,44.574,,,,,,,,,0,0,,0,0,0,0,0,,0,0,,0,
"977","ANDERSON CREEK","2023081716",0,33,24,12,178,34.4,93.921,13.658,46.688,,,,,,,,,0,0,,0,0,0,0,0,,0,0,,0,
"977","ANDERSON CREEK","2023081717",0,31.6,25,12.3,163,26.9,94.016,14.049,47.527,,,,,,,,,0,0,,0,0,0,0,0,,0,0,,0,
"977","ANDERSON CREEK","2023081718",0,30.1,31,9.8,182,27.5,94.067,12.474,44.075,,,,,,,,,0,0,,0,0,0,0,0,,0,0,,0,
"977","ANDERSON CREEK","2023081719",0,25.9,38,6.7,183,23.5,93.844,10.346,39.078,,,,,,,,,0,0,,0,0,0,0,0,,0,0,,0,
"977","ANDERSON CREEK","2023081720",0,23.5,46,7.4,243,19.5,93.386,10.055,38.36,,,,,,,,,0,0,,0,0,0,0,0,,0,0,,0,
"977","ANDERSON CREEK","2023081721",0,22.1,50,5.5,262,16.6,92.895,8.531,34.438,,,,,,,,,0,0,,0,0,0,0,0,,0,0,,0,
"977","ANDERSON CREEK","2023081722",0,21.7,47,5.4,206,11.4,92.548,8.084,33.23,,,,,,,,,0,0,,0,0,0,0,0,,0,0,,0,
"977","ANDERSON CREEK","2023081723",0,20.3,55,4.3,7,10.8,92.046,7.125,30.537,,,,,,,,,0,0,,0,0,0,0,0,,0,0,,0,
"995","TS ARTLISH","2023081700",0,17.8,80,1.8,109,7.4,88.32,3.689,8.306,,,,,,,,,0,0.6,,0,0,0,0,0,,1,0,,0,
"995","TS ARTLISH","2023081701",0,17.5,85,1.8,90,5.6,87.519,3.289,7.501,,,,,,,,,0,1.9,,0,0,0,0,0,,1,0,,0,
"995","TS ARTLISH","2023081702",0,18.9,79,2.1,101,8.5,87.038,3.118,7.146,,,,,,,,,0,0.6,,0,0,0,0,0,,1,0,,0,
"995","TS ARTLISH","2023081703",0,17.8,84,0,99,10.8,86.555,2.619,6.074,,,,,,,,,0,1.7,,0,0,0,0,0,,1,0,,0,
"995","TS ARTLISH","2023081704",0,17.2,87,1.6,103,9.1,85.897,2.587,6.003,,,,,,,,,0,0.6,,0,0,0,0,0,,1,0,,0,
"995","TS ARTLISH","2023081705",0,17.2,88,1.9,100,14.3,85.263,2.405,5.593,,,,,,,,,0,0,,0,0,0,0,0,,1,0,,0,
"995","TS ARTLISH","2023081706",0,18.1,82,5.4,106,20,84.922,2.737,6.333,,,,,,,,,0,10.7,,0,0,0,0,0,,1,0,,0,
"995","TS ARTLISH","2023081707",0,16.8,91,0,76,10.8,84.377,1.936,4.486,,,,,,,,,0,4.8,,0,0,0,0,0,,1,0,,0,
"995","TS ARTLISH","2023081708",0,17.9,86,0,104,3.9,84.101,1.865,4.312,,,,,,,,,0,4.3,,0,0,0,0,0,,1,0,,0,
"995","TS ARTLISH","2023081709",0,19.9,70,6.1,72,16.6,84.148,2.553,5.926,,,,,,,,,0,13.4,,0,0,0,0,0,,1,0,,0,
"995","TS ARTLISH","2023081710",0,22.6,55,5.4,39,16.6,84.529,2.594,6.018,,,,,,,,,0,24.4,,0,0,0,0,0,,1,0,,0,
"995","TS ARTLISH","2023081711",0,24.5,48,5.8,21,21.8,85.118,2.869,6.619,,,,,,,,,0,7.2,,0,0,0,0,0,,1,0,,0,
"995","TS ARTLISH","2023081712",0,25.6,46,5.4,48,21.2,85.724,3.058,7.022,0,90.648,6.175,13.588,23.377,281.117,38.706,3,0,8.1,,0,0,0,0,0,,1,0,,0,
"995","TS ARTLISH","2023081713",0,25.6,43,5.2,45,21.8,86.331,3.297,8.084,,,,,,,,,0,0.8,,0,0,0,0,0,,1,0,,0,
"995","TS ARTLISH","2023081714",0,25.8,37,4.6,339,19.5,87.038,3.536,8.595,,,,,,,,,0,0.2,,0,0,0,0,0,,1,0,,0,
"995","TS ARTLISH","2023081715",0,26,33,5.8,44,18.3,87.807,4.193,9.938,,,,,,,,,0,3.5,,0,0,0,0,0,,1,0,,0,
"995","TS ARTLISH","2023081716",0,25.3,32,3.5,68,20,88.418,4.076,9.704,,,,,,,,,0,8,,0,0,0,0,0,,1,0,,0,
"995","TS ARTLISH","2023081717",0,23.9,33,3.4,59,13.1,88.852,4.316,10.181,,,,,,,,,0,40.6,,0,0,0,0,0,,1,0,,0,
"995","TS ARTLISH","2023081718",0,19.8,40,4.9,66,17.2,88.932,4.708,10.94,,,,,,,,,0,1.3,,0,0,0,0,0,,1,0,,0,
"995","TS ARTLISH","2023081719",0,17.7,52,5.1,80,18.9,88.895,4.731,10.983,,,,,,,,,0,1.9,,0,0,0,0,0,,1,0,,0,
"995","TS ARTLISH","2023081720",0,15.6,59,5,46,20,88.696,4.574,10.683,,,,,,,,,0,-0.6,,0,0,0,0,0,,1,0,,0,
"995","TS ARTLISH","2023081721",0,14.3,60,4.4,75,18.9,88.491,4.31,10.169,,,,,,,,,0,0.7,,0,0,0,0,0,,1,0,,0,
"995","TS ARTLISH","2023081722",0,13.9,61,5.5,133,18.9,88.276,4.417,10.379,,,,,,,,,0,1.2,,0,0,0,0,0,,1,0,,0,
"995","TS ARTLISH","2023081723",0,13.6,57,2.7,91,17.7,88.174,3.78,9.103,,,,,,,,,0,0,,0,0,0,0,0,,1,0,,0,
"1002","TS ELPHINSTONE","2023081700",0,20.5,58,4.7,19,8.5,89.607,5.136,13.983,,,,,,,,,0,193.3,,0,0,0,0,0,,0,0,,0,
"1002","TS ELPHINSTONE","2023081701",0,19.9,62,0,88,2.2,89.401,3.934,11.316,,,,,,,,,0,193.3,,0,0,0,0,0,,0,0,,0,
"1002","TS ELPHINSTONE","2023081702",0,19.7,63,2.6,64,9.7,89.117,4.306,12.17,,,,,,,,,0,193.3,,0,0,0,0,0,,0,0,,0,
"1002","TS ELPHINSTONE","2023081703",0,19.9,63,5.7,118,11.4,88.837,4.835,13.341,,,,,,,,,0,193.3,,0,0,0,0,0,,0,0,,0,
"1002","TS ELPHINSTONE","2023081704",0,20.3,63,3.3,105,12.5,88.62,4.153,11.823,,,,,,,,,0,193.3,,0,0,0,0,0,,0,0,,0,
"1002","TS ELPHINSTONE","2023081705",0,19.1,67,0,37,9.1,88.407,3.411,10.06,,,,,,,,,0,193.3,,0,0,0,0,0,,0,0,,0,
"1002","TS ELPHINSTONE","2023081706",0,18.7,73,0,38,0,88.087,3.258,9.681,,,,,,,,,0,193.3,,0,0,0,0,0,,0,0,,0,
"1002","TS ELPHINSTONE","2023081707",0,18.9,76,4.1,114,9.7,87.59,3.731,10.836,,,,,,,,,0,193.3,,0,0,0,0,0,,0,0,,0,
"1002","TS ELPHINSTONE","2023081708",0,21.6,65,5.4,137,10.2,87.495,3.93,11.305,,,,,,,,,0,193.3,,0,0,0,0,0,,0,0,,0,
"1002","TS ELPHINSTONE","2023081709",0,24.1,60,7,146,13.1,87.544,4.289,12.132,,,,,,,,,0,193.3,,0,0,0,0,0,,0,0,,0,
"1002","TS ELPHINSTONE","2023081710",0,24.8,57,6.8,154,12.5,87.593,4.276,12.102,,,,,,,,,0,193.3,,0,0,0,0,0,,0,0,,0,
"1002","TS ELPHINSTONE","2023081711",0,26.3,52,4.6,224,16,87.703,3.888,11.208,,,,,,,,,0,193.3,,0,0,0,0,0,,0,0,,0,
"1002","TS ELPHINSTONE","2023081712",0,27,50,6,255,10.8,87.873,4.275,12.1,0,90.211,5.979,16.336,36.024,337.414,56.868,3,0,193.3,,0,0,0,0,0,,0,0,,0,
"1002","TS ELPHINSTONE","2023081713",0,27.1,51,7.1,254,14.3,87.995,4.598,13.353,,,,,,,,,0,193.3,,0,0,0,0,0,,0,0,,0,
"1002","TS ELPHINSTONE","2023081714",0,27.4,48,8,254,14.3,88.196,4.952,14.148,,,,,,,,,0,193.3,,0,0,0,0,0,,0,0,,0,
"1002","TS ELPHINSTONE","2023081715",0,26.3,50,8.4,270,16.6,88.274,5.111,14.496,,,,,,,,,0,193.3,,0,0,0,0,0,,0,0,,0,
"1002","TS ELPHINSTONE","2023081716",0,27.6,49,9.3,278,16.6,88.408,5.451,15.231,,,,,,,,,0,193.3,,0,0,0,0,0,,0,0,,0,
"1002","TS ELPHINSTONE","2023081717",0,25.3,44,11,279,18.9,88.604,6.108,16.6,,,,,,,,,0,193.3,,0,0,0,0,0,,0,0,,0,
"1002","TS ELPHINSTONE","2023081718",0,24,47,9.9,302,18.3,88.653,5.82,16.007,,,,,,,,,0,193.3,,0,0,0,0,0,,0,0,,0,
"1002","TS ELPHINSTONE","2023081719",0,21.7,37,11.1,317,18.9,88.908,6.413,17.216,,,,,,,,,0,193.3,,0,0,0,0,0,,0,0,,0,
"1002","TS ELPHINSTONE","2023081720",0,19.6,34,9.9,320,24.6,89.145,6.246,16.88,,,,,,,,,0,193.3,,0,0,0,0,0,,0,0,,0,
"1002","TS ELPHINSTONE","2023081721",0,18.6,25,12.1,316,21.2,89.611,7.46,19.247,,,,,,,,,0,193.3,,0,0,0,0,0,,0,0,,0,
"1002","TS ELPHINSTONE","2023081722",0,17.2,45,10.3,315,20,89.621,6.824,18.028,,,,,,,,,0,193.3,,0,0,0,0,0,,0,0,,0,
"1002","TS ELPHINSTONE","2023081723",0,15.2,55,11.1,316,17.2,89.383,6.865,18.108,,,,,,,,,0,193.3,,0,0,0,0,0,,0,0,,0,
"1024","SKOONKA","2023081700",0,19.7,39,7.3,123,9.7,92.672,9.054,31.021,,,,,,,,,,,,,,,,,,,,,,
"1024","SKOONKA","2023081701",0,18.9,42,9.2,107,11.4,92.418,9.613,32.294,,,,,,,,,,,,,,,,,,,,,,
"1024","SKOONKA","2023081702",0,19.1,48,11.9,108,17.2,92.023,10.417,34.065,,,,,,,,,,,,,,,,,,,,,,
"1024","SKOONKA","2023081703",0,18.3,51,11.2,114,16.6,91.601,9.472,31.975,,,,,,,,,,,,,,,,,,,,,,
"1024","SKOONKA","2023081704",0,17.6,53,11.7,100,17.7,91.174,9.142,31.224,,,,,,,,,,,,,,,,,,,,,,
"1024","SKOONKA","2023081705",0,16.6,59,10.7,103,17.2,90.651,8.068,28.694,,,,,,,,,,,,,,,,,,,,,,
"1024","SKOONKA","2023081706",0,16.4,60,10.9,112,17.7,90.169,7.607,27.564,,,,,,,,,,,,,,,,,,,,,,
"1024","SKOONKA","2023081707",0,16.6,60,8.9,117,16.6,89.77,6.495,24.71,,,,,,,,,,,,,,,,,,,,,,
"1024","SKOONKA","2023081708",0,19.3,52,11.7,129,17.7,89.636,7.337,26.888,,,,,,,,,,,,,,,,,,,,,,
"1024","SKOONKA","2023081709",0,21.1,49,11.3,128,20,89.63,7.185,26.501,,,,,,,,,,,,,,,,,,,,,,
"1024","SKOONKA","2023081710",0,22.2,43,12.9,139,22.9,89.679,7.844,28.147,,,,,,,,,,,,,,,,,,,,,,
"1024","SKOONKA","2023081711",0,23.6,40,13.7,148,24.1,89.738,8.235,29.096,,,,,,,,,,,,,,,,,,,,,,
"1024","SKOONKA","2023081712",0,26.8,33,12.8,175,24.6,90.15,8.349,29.369,0,93.292,13.027,40.101,78.976,560.163,116.788,4,,,,,,,,,,,,,,
"1024","SKOONKA","2023081713",0,27.1,31,14,179,27.5,90.584,9.437,32.447,,,,,,,,,,,,,,,,,,,,,,
"1024","SKOONKA","2023081714",0,28.8,25,10.4,211,23.5,91.255,8.662,30.635,,,,,,,,,,,,,,,,,,,,,,
"1024","SKOONKA","2023081715",0,26.6,30,15.6,190,26.9,91.496,11.649,37.289,,,,,,,,,,,,,,,,,,,,,,
"1024","SKOONKA","2023081716",0,26.6,27,11.1,202,27.5,91.802,9.698,33.042,,,,,,,,,,,,,,,,,,,,,,
"1024","SKOONKA","2023081717",0,26.1,31,11.6,199,27.5,91.873,10.045,33.823,,,,,,,,,,,,,,,,,,,,,,
"1024","SKOONKA","2023081718",0,24.2,35,12.3,200,28.1,91.923,10.479,34.785,,,,,,,,,,,,,,,,,,,,,,
"1024","SKOONKA","2023081719",0,21.4,44,10.5,144,28.1,91.737,9.322,32.182,,,,,,,,,,,,,,,,,,,,,,
"1024","SKOONKA","2023081720",0,20.2,48,10.6,149,24.6,91.454,9.001,31.435,,,,,,,,,,,,,,,,,,,,,,
"1024","SKOONKA","2023081721",0,19.8,48,8.3,216,28.1,91.219,7.752,28.414,,,,,,,,,,,,,,,,,,,,,,
"1024","SKOONKA","2023081722",0,19.1,49,11.8,209,26.9,90.96,8.912,31.228,,,,,,,,,,,,,,,,,,,,,,
"1024","SKOONKA","2023081723",0,18.1,50,8.1,200,22.9,90.721,7.148,26.879,,,,,,,,,,,,,,,,,,,,,,
"1025","TS THEODOSIA","2023081700",0,17,92,1.7,342,2.8,85.04,2.308,8.98,,,,,,,,,0,193.3,,0,0,0,0,0,,0,0,,0,
"1025","TS THEODOSIA","2023081701",0,16.4,93,1.7,3,3.3,84.236,2.069,8.166,,,,,,,,,0,193.3,,0,0,0,0,0,,0,0,,0,
"1025","TS THEODOSIA","2023081702",0,15.6,95,0,90,3.3,83.547,1.733,6.964,,,,,,,,,0,193.3,,0,0,0,0,0,,0,0,,0,
"1025","TS THEODOSIA","2023081703",0,15,96,0,45,2.2,82.87,1.588,6.421,,,,,,,,,0,193.3,,0,0,0,0,0,,0,0,,0,
"1025","TS THEODOSIA","2023081704",0,14.6,96,1.6,144,2.8,82.138,1.571,6.357,,,,,,,,,0,193.3,,0,0,0,0,0,,0,0,,0,
"1025","TS THEODOSIA","2023081705",0,14.1,97,1.6,9,2.8,81.418,1.442,5.856,,,,,,,,,0,193.3,,0,0,0,0,0,,0,0,,0,
"1025","TS THEODOSIA","2023081706",0,14,97,0,141,2.8,80.894,1.253,5.097,,,,,,,,,0,193.3,,0,0,0,0,0,,0,0,,0,
"1025","TS THEODOSIA","2023081707",0,16.7,88,1.7,125,3.3,80.871,1.361,5.537,,,,,,,,,0,193.3,,0,0,0,0,0,,0,0,,0,
"1025","TS THEODOSIA","2023081708",0,20,75,6,179,10.8,81.081,1.731,6.957,,,,,,,,,0,193.3,,0,0,0,0,0,,0,0,,0,
"1025","TS THEODOSIA","2023081709",0,23.2,63,5,160,9.1,81.623,1.753,7.037,,,,,,,,,0,193.3,,0,0,0,0,0,,0,0,,0,
"1025","TS THEODOSIA","2023081710",0,24.4,56,6.2,154,16.6,82.363,2.037,8.053,,,,,,,,,0,193.3,,0,0,0,0,0,,0,0,,0,
"1025","TS THEODOSIA","2023081711",0,26.6,52,6.6,171,12.5,83.24,2.322,9.027,,,,,,,,,0,193.3,,0,0,0,0,0,,0,0,,0,
"1025","TS THEODOSIA","2023081712",0,26.7,50,5.7,66,19.5,84.043,2.467,9.503,0,90.182,5.865,19.285,48.949,522.487,79.32,4,0,193.3,,0,0,0,0,0,,0,0,,0,
"1025","TS THEODOSIA","2023081713",0,28.2,49,6.7,158,15.4,84.857,2.896,11.209,,,,,,,,,0,193.3,,0,0,0,0,0,,0,0,,0,
"1025","TS THEODOSIA","2023081714",0,28.5,44,4.5,275,19.5,85.683,2.906,11.24,,,,,,,,,0,193.3,,0,0,0,0,0,,0,0,,0,
"1025","TS THEODOSIA","2023081715",0,28.1,46,6.1,179,17.2,86.327,3.448,12.893,,,,,,,,,0,193.3,,0,0,0,0,0,,0,0,,0,
"1025","TS THEODOSIA","2023081716",0,27.6,40,6.4,109,16.6,87.053,3.88,14.141,,,,,,,,,0,193.3,,0,0,0,0,0,,0,0,,0,
"1025","TS THEODOSIA","2023081717",0,25,43,4.4,206,16.6,87.437,3.706,13.643,,,,,,,,,0,193.3,,0,0,0,0,0,,0,0,,0,
"1025","TS THEODOSIA","2023081718",0,21.8,53,2.3,152,10.2,87.486,3.357,12.621,,,,,,,,,0,193.3,,0,0,0,0,0,,0,0,,0,
"1025","TS THEODOSIA","2023081719",0,19.9,56,3,170,12.5,87.535,3.502,13.05,,,,,,,,,0,193.3,,0,0,0,0,0,,0,0,,0,
"1025","TS THEODOSIA","2023081720",0,18.1,61,2.4,122,10.2,87.492,3.377,12.681,,,,,,,,,0,193.3,,0,0,0,0,0,,0,0,,0,
"1025","TS THEODOSIA","2023081721",0,17.3,64,3.1,136,10.2,87.379,3.442,12.874,,,,,,,,,0,193.3,,0,0,0,0,0,,0,0,,0,
"1025","TS THEODOSIA","2023081722",0,15.4,69,3.3,69,12,87.149,3.365,12.645,,,,,,,,,0,193.3,,0,0,0,0,0,,0,0,,0,
"1025","TS THEODOSIA","2023081723",0,13.8,72,4,100,10.2,86.857,3.344,12.583,,,,,,,,,0,193.3,,0,0,0,0,0,,0,0,,0,
"1029","FIVE MILE","2023081700",0,23,39,0.8,88,3,94.748,8.707,32.523,,,,,,,,,,,,,,,,,,,,54.8,,
"1029","FIVE MILE","2023081701",0,21.7,43,0.9,69,6.1,94.389,8.329,31.572,,,,,,,,,,,,,,,,,,,,54.8,,
"1029","FIVE MILE","2023081702",0,20.7,46,2.8,355,4.4,93.933,8.605,32.268,,,,,,,,,,,,,,,,,,,,54.8,,
"1029","FIVE MILE","2023081703",0,19.6,49,0.6,344,5.1,93.529,7.282,28.832,,,,,,,,,,,,,,,,,,,,54.8,,
"1029","FIVE MILE","2023081704",0,18.8,51,2.2,115,3.7,93.059,7.392,29.127,,,,,,,,,,,,,,,,,,,,54.8,,
"1029","FIVE MILE","2023081705",0,18,53,2,329,4.8,92.598,6.859,27.679,,,,,,,,,,,,,,,,,,,,54.8,,
"1029","FIVE MILE","2023081706",0,17.3,56,2.5,335,4.3,92.103,6.561,26.846,,,,,,,,,,,,,,,,,,,,54.8,,
"1029","FIVE MILE","2023081707",0,19,52,2.6,342,5.6,91.754,6.276,26.036,,,,,,,,,,,,,,,,,,,,54.8,,
"1029","FIVE MILE","2023081708",0,21,49,3.4,237,6.2,91.514,6.316,26.149,,,,,,,,,,,,,,,,,,,,54.8,,
"1029","FIVE MILE","2023081709",0,23.7,43,4.9,168,8.6,91.467,6.766,27.42,,,,,,,,,,,,,,,,,,,,54.8,,
"1029","FIVE MILE","2023081710",0,26.7,36,8.3,183,12.8,91.517,8.087,30.953,,,,,,,,,,,,,,,,,,,,54.8,,
"1029","FIVE MILE","2023081711",0,26.2,36,6.9,140,12.4,91.567,7.59,29.655,,,,,,,,,,,,,,,,,,,,54.8,,
"1029","FIVE MILE","2023081712",0,28.2,29,6.9,220,20.3,91.824,7.872,30.396,0,94.376,11.249,38.987,91.426,774.449,141.184,4,,,,,,,,,,,,54.8,,
"1029","FIVE MILE","2023081713",0,33.3,20,21.3,268,35.9,92.868,18.841,54.067,,,,,,,,,,,,,,,,,,,,54.8,,
"1029","FIVE MILE","2023081714",0,32.9,21,20.4,267,42.5,93.54,19.781,55.719,,,,,,,,,,,,,,,,,,,,54.8,,
"1029","FIVE MILE","2023081715",0,31.4,22,19.5,284,40.6,93.892,19.85,55.839,,,,,,,,,,,,,,,,,,,,54.8,,
"1029","FIVE MILE","2023081716",0,30.9,23,18.9,296,46,94.075,19.754,55.673,,,,,,,,,,,,,,,,,,,,54.8,,
"1029","FIVE MILE","2023081717",0,30.8,23,18.7,268,40.1,94.208,19.92,55.961,,,,,,,,,,,,,,,,,,,,54.8,,
"1029","FIVE MILE","2023081718",0,28.9,25,21.4,281,42.4,94.259,22.983,61.09,,,,,,,,,,,,,,,,,,,,54.8,,
"1029","FIVE MILE","2023081719",0,27.7,29,24.3,274,42.9,94.274,26.655,66.832,,,,,,,,,,,,,,,,,,,,54.8,,
"1029","FIVE MILE","2023081720",0,26.2,31,22.3,259,49.9,94.182,23.795,62.394,,,,,,,,,,,,,,,,,,,,54.8,,
"1029","FIVE MILE","2023081721",0,25.1,31,21.5,271,43.3,94.081,22.538,60.366,,,,,,,,,,,,,,,,,,,,54.8,,
"1029","FIVE MILE","2023081722",0,24.1,29,14.2,292,42.4,94.047,15.527,47.912,,,,,,,,,,,,,,,,,,,,54.8,,
"1029","FIVE MILE","2023081723",0,23.1,32,10.1,291,26.7,93.93,12.426,41.577,,,,,,,,,,,,,,,,,,,,54.8,,
"1040","BIG SILVER 2","2023081700",0,19.8,62,3.7,44,5.1,91.1,6.045,18.495,,,,,,,,,0,0,,0,0,0,0,0,,0,0,,0,
"1040","BIG SILVER 2","2023081701",0,19.1,64,3.5,31,5.1,90.561,5.541,17.343,,,,,,,,,0,0,,0,0,0,0,0,,0,0,,0,
"1040","BIG SILVER 2","2023081702",0,18.4,65,2.8,55,5.1,90.077,4.992,16.037,,,,,,,,,0,0,,0,0,0,0,0,,0,0,,0,
"1040","BIG SILVER 2","2023081703",0,17.9,67,2.5,45,5.6,89.607,4.597,15.062,,,,,,,,,0,0,,0,0,0,0,0,,0,0,,0,
"1040","BIG SILVER 2","2023081704",0,17.7,69,3,62,4.5,89.132,4.403,14.574,,,,,,,,,0,0,,0,0,0,0,0,,0,0,,0,
"1040","BIG SILVER 2","2023081705",0,17.1,70,2.7,72,4.5,88.694,4.073,13.718,,,,,,,,,0,0,,0,0,0,0,0,,0,0,,0,
"1040","BIG SILVER 2","2023081706",0,17.4,71,3.1,52,4.5,88.276,3.914,13.298,,,,,,,,,0,0,,0,0,0,0,0,,0,0,,0,
"1040","BIG SILVER 2","2023081707",0,18.1,71,2,82,6.2,87.932,3.524,12.239,,,,,,,,,0,0,,0,0,0,0,0,,0,0,,0,
"1040","BIG SILVER 2","2023081708",0,19.8,67,2.2,231,5.1,87.738,3.463,12.067,,,,,,,,,0,0,,0,0,0,0,0,,0,0,,0,
"1040","BIG SILVER 2","2023081709",0,24.7,48,7,245,10.2,87.894,4.51,14.844,,,,,,,,,0,0,,0,0,0,0,0,,0,0,,0,
"1040","BIG SILVER 2","2023081710",0,26.8,43,8.2,234,17.2,88.248,5.04,16.154,,,,,,,,,0,0,,0,0,0,0,0,,0,0,,0,
"1040","BIG SILVER 2","2023081711",0,29.1,34,12.1,215,28.1,89.019,6.852,20.265,,,,,,,,,0,0,,0,0,0,0,0,,0,0,,0,
"1040","BIG SILVER 2","2023081712",0,30.3,33,10.2,208,24.1,89.726,6.892,20.351,0,93.85,12.352,31.79,48.031,463.242,76.288,5,0,0,,0,0,0,0,0,,0,0,,0,
"1040","BIG SILVER 2","2023081713",0,31.9,29,10.6,216,26.9,90.57,7.935,23.462,,,,,,,,,0,0,,0,0,0,0,0,,0,0,,0,
"1040","BIG SILVER 2","2023081714",0,32.1,29,9.1,209,25.8,91.226,8.079,23.761,,,,,,,,,0,0,,0,0,0,0,0,,0,0,,0,
"1040","BIG SILVER 2","2023081715",0,32.6,30,12.7,228,31,91.745,10.427,28.35,,,,,,,,,0,0,,0,0,0,0,0,,0,0,,0,
"1040","BIG SILVER 2","2023081716",0,32,29,11.9,229,30.4,92.158,10.618,28.702,,,,,,,,,0,0,,0,0,0,0,0,,0,0,,0,
"1040","BIG SILVER 2","2023081717",0,30.6,33,10.2,211,32.7,92.233,9.849,27.265,,,,,,,,,0,0,,0,0,0,0,0,,0,0,,0,
"1040","BIG SILVER 2","2023081718",0,26.6,43,8.6,179,22.9,92.131,8.956,25.534,,,,,,,,,0,0,,0,0,0,0,0,,0,0,,0,
"1040","BIG SILVER 2","2023081719",0,24.7,46,6.4,155,21.2,91.937,7.799,23.177,,,,,,,,,0,0,,0,0,0,0,0,,0,0,,0,
"1040","BIG SILVER 2","2023081720",0,23.2,49,5.9,166,18.9,91.672,7.326,22.171,,,,,,,,,0,0,,0,0,0,0,0,,0,0,,0,
"1040","BIG SILVER 2","2023081721",0,22.2,50,5,158,16.6,91.413,6.748,20.906,,,,,,,,,0,0,,0,0,0,0,0,,0,0,,0,
"1040","BIG SILVER 2","2023081722",0,21.8,50,5.1,160,19.5,91.182,6.563,20.491,,,,,,,,,0,0,,0,0,0,0,0,,0,0,,0,
"1040","BIG SILVER 2","2023081723",0,21.1,53,5.7,189,15.4,90.892,6.491,20.329,,,,,,,,,0,0,,0,0,0,0,0,,0,0,,0,
"1045","OSBORN","2023081700",0,17.7,55,9.2,228,23,87.236,4.587,10.597,,,,,,,,,,,,,,0,,,,,,4290.6,,
"1045","OSBORN","2023081701",0,17.4,57,7.8,226,18.8,87.284,4.303,10.052,,,,,,,,,,,,,,0,,,,,,4290.6,,
"1045","OSBORN","2023081702",0,17.3,55,12,220,22,87.332,5.354,12.019,,,,,,,,,,,,,,0,,,,,,4290.6,,
"1045","OSBORN","2023081703",0,16.5,58,3.6,135,17.8,87.34,3.51,8.448,,,,,,,,,,,,,,0,,,,,,4290.6,,
"1045","OSBORN","2023081704",0,13.4,78,1.5,184,4,86.919,2.974,7.291,,,,,,,,,,,,,,0,,,,,,4290.6,,
"1045","OSBORN","2023081705",0,13.1,76,5.6,175,7.4,86.532,3.461,8.345,,,,,,,,,,,,,,0,,,,,,4290.6,,
"1045","OSBORN","2023081706",0,14.8,78,3.2,210,9.3,86.17,2.914,7.157,,,,,,,,,,,,,,0,,,,,,4290.6,,
"1045","OSBORN","2023081707",0,17.8,60,6.4,217,9.7,86.218,3.447,8.315,,,,,,,,,,,,,,0,,,,,,4290.6,,
"1045","OSBORN","2023081708",0,20,49,11.9,271,17.5,86.444,4.696,10.805,,,,,,,,,,,,,,0,,,,,,4290.6,,
"1045","OSBORN","2023081709",0,20.2,43,15.3,264,20.7,86.819,5.878,12.945,,,,,,,,,,,,,,0,,,,,,4290.6,,
"1045","OSBORN","2023081710",0,21.3,37,16.8,286,28.1,87.376,6.862,14.605,,,,,,,,,,,,,,0,,,,,,4290.6,,
"1045","OSBORN","2023081711",0,21.7,35,15.4,295,28.5,87.919,6.911,14.686,,,,,,,,,,,,,,0,,,,,,4290.6,,
"1045","OSBORN","2023081712",0,22.4,34,15.5,293,32.5,88.439,7.484,15.607,0,90.054,9.436,19.72,25.185,358.263,42.841,3,,,,,,0,,,,,,4290.6,,
"1045","OSBORN","2023081713",0,22.9,28,16.6,277,32.9,89.127,8.732,18.635,,,,,,,,,,,,,,0,,,,,,4290.6,,
"1045","OSBORN","2023081714",0,21.4,37,11.4,292,26.9,89.301,6.888,15.611,,,,,,,,,,,,,,0,,,,,,4290.6,,
"1045","OSBORN","2023081715",0,24.1,27,10.6,228,22.3,89.89,7.2,16.142,,,,,,,,,,,,,,0,,,,,,4290.6,,
"1045","OSBORN","2023081716",0,22.8,30,15.4,281,27.8,90.235,9.634,20.02,,,,,,,,,,,,,,0,,,,,,4290.6,,
"1045","OSBORN","2023081717",0,21.4,35,14.9,325,32.1,90.298,9.48,19.787,,,,,,,,,,,,,,0,,,,,,4290.6,,
"1045","OSBORN","2023081718",0,17.6,44,24.1,16,45.7,90.236,14.938,27.273,,,,,,,,,,,,,,0,,,,,,4290.6,,
"1045","OSBORN","2023081719",0,15.8,51,21.7,3,38.4,89.977,12.754,24.443,,,,,,,,,,,,,,0,,,,,,4290.6,,
"1045","OSBORN","2023081720",0,13.7,52,25.9,0,39.8,89.689,15.123,27.504,,,,,,,,,,,,,,0,,,,,,4290.6,,
"1045","OSBORN","2023081721",0,12.5,61,17,0,24.2,89.247,9.064,19.151,,,,,,,,,,,,,,0,,,,,,4290.6,,
"1045","OSBORN","2023081722",0,10.8,71,8.1,3,21.7,88.691,5.344,12.824,,,,,,,,,,,,,,0,,,,,,4290.6,,
"1045","OSBORN","2023081723",0,8.6,81,10,343,15,87.909,5.257,12.658,,,,,,,,,,,,,,0,,,,,,4290.6,,
"1055","SPLINTLUM","2023081700",0,27.5,35,8.5,112,18.5,95.361,13.958,46.467,,,,,,,,,,,,,,,,,,,,48.8,,
"1055","SPLINTLUM","2023081701",0,26.6,38,9.3,114,17.1,94.938,13.715,45.953,,,,,,,,,,,,,,,,,,,,48.8,,
"1055","SPLINTLUM","2023081702",0,25.8,41,10.9,116,19.3,94.454,13.909,46.364,,,,,,,,,,,,,,,,,,,,48.8,,
"1055","SPLINTLUM","2023081703",0,25,44,11.3,114,18.1,93.933,13.207,44.865,,,,,,,,,,,,,,,,,,,,48.8,,
"1055","SPLINTLUM","2023081704",0,24,47,9.9,111,19.3,93.403,11.433,40.907,,,,,,,,,,,,,,,,,,,,48.8,,
"1055","SPLINTLUM","2023081705",0,23.2,49,7.2,99,16.8,92.919,9.325,35.824,,,,,,,,,,,,,,,,,,,,48.8,,
"1055","SPLINTLUM","2023081706",0,23,50,8.7,109,15.2,92.456,9.424,36.072,,,,,,,,,,,,,,,,,,,,48.8,,
"1055","SPLINTLUM","2023081707",0,23,50,5.7,135,15.5,92.093,7.698,31.54,,,,,,,,,,,,,,,,,,,,48.8,,
"1055","SPLINTLUM","2023081708",0,24.9,45,8.4,116,15.4,91.923,8.61,33.985,,,,,,,,,,,,,,,,,,,,48.8,,
"1055","SPLINTLUM","2023081709",0,28.4,36,6.9,142,13.6,91.973,8.04,32.471,,,,,,,,,,,,,,,,,,,,48.8,,
"1055","SPLINTLUM","2023081710",0,31.2,30,8,171,15.5,92.235,8.818,34.527,,,,,,,,,,,,,,,,,,,,48.8,,
"1055","SPLINTLUM","2023081711",0,33.2,25,11.3,171,29.5,92.798,11.273,40.535,,,,,,,,,,,,,,,,,,,,48.8,,
"1055","SPLINTLUM","2023081712",0,35,23,17.1,195,32.5,93.483,16.616,51.843,0,96.373,24.696,66.67,111.335,894.962,169.846,5,,,,,,,,,,,,48.8,,
"1055","SPLINTLUM","2023081713",0,37.5,19,15.9,159,34.7,94.393,17.747,54.487,,,,,,,,,,,,,,,,,,,,48.8,,
"1055","SPLINTLUM","2023081714",0,38.1,16,17.8,153,41.9,95.294,22.098,62.332,,,,,,,,,,,,,,,,,,,,48.8,,
"1055","SPLINTLUM","2023081715",0,38.1,16,19,145,36.8,95.926,25.584,68.102,,,,,,,,,,,,,,,,,,,,48.8,,
"1055","SPLINTLUM","2023081716",0,37.8,19,14.7,174,40.3,96.134,21.187,60.754,,,,,,,,,,,,,,,,,,,,48.8,,
"1055","SPLINTLUM","2023081717",0,34.8,22,12.6,171,32.1,96.185,19.193,57.185,,,,,,,,,,,,,,,,,,,,48.8,,
"1055","SPLINTLUM","2023081718",0,32.8,27,3.4,314,35.2,96.132,11.986,42.557,,,,,,,,,,,,,,,,,,,,48.8,,
"1055","SPLINTLUM","2023081719",0,31.4,29,6.4,90,18.1,95.984,13.666,46.266,,,,,,,,,,,,,,,,,,,,48.8,,
"1055","SPLINTLUM","2023081720",0,30,32,10.7,137,23.8,95.704,16.339,51.761,,,,,,,,,,,,,,,,,,,,48.8,,
"1055","SPLINTLUM","2023081721",0,28.9,34,9.2,113,22.7,95.393,14.522,48.075,,,,,,,,,,,,,,,,,,,,48.8,,
"1055","SPLINTLUM","2023081722",0,28.1,34,8,90,23.4,95.127,13.182,45.219,,,,,,,,,,,,,,,,,,,,48.8,,
"1055","SPLINTLUM","2023081723",0,27.4,35,6.2,122,23.4,94.874,11.629,41.738,,,,,,,,,,,,,,,,,,,,48.8,,
"1056","TS MAURELLE","2023081700",0,19.4,64,5.5,42,14.9,88.385,4.487,11.899,,,,,,,,,0,0,,0,0,0,0,0,,0,0,,0,
"1056","TS MAURELLE","2023081701",0,18.1,74,3.3,140,13.7,87.922,3.758,10.294,,,,,,,,,0,0,,0,0,0,0,0,,0,0,,0,
"1056","TS MAURELLE","2023081702",0,18.3,76,4.9,156,13.7,87.434,3.799,10.387,,,,,,,,,0,0,,0,0,0,0,0,,0,0,,0,
"1056","TS MAURELLE","2023081703",0,17.3,81,4.3,359,13.7,86.846,3.389,9.44,,,,,,,,,0,0,,0,0,0,0,0,,0,0,,0,
"1056","TS MAURELLE","2023081704",0,16.8,84,5.8,0,15.4,86.191,3.332,9.303,,,,,,,,,0,0,,0,0,0,0,0,,0,0,,0,
"1056","TS MAURELLE","2023081705",0,16.2,90,3.2,158,10.8,85.379,2.609,7.512,,,,,,,,,0,0,,0,0,0,0,0,,0,0,,0,
"1056","TS MAURELLE","2023081706",0,15.6,93,3.7,164,8.5,84.473,2.363,6.865,,,,,,,,,0,0,,0,0,0,0,0,,0,0,,0,
"1056","TS MAURELLE","2023081707",0,16,93,4.3,137,7.4,83.669,2.187,6.388,,,,,,,,,0,0,,0,0,0,0,0,,0,0,,0,
"1056","TS MAURELLE","2023081708",0,20.6,71,7.6,28,21.8,83.725,2.602,7.495,,,,,,,,,0,0,,0,0,0,0,0,,0,0,,0,
"1056","TS MAURELLE","2023081709",0,20.4,70,8.6,339,24.6,83.792,2.761,7.902,,,,,,,,,0,0,,0,0,0,0,0,,0,0,,0,
"1056","TS MAURELLE","2023081710",0,23.2,60,8.5,347,22.3,84.14,2.877,8.196,,,,,,,,,0,0,,0,0,0,0,0,,0,0,,0,
"1056","TS MAURELLE","2023081711",0,23.1,60,11.6,346,26.9,84.459,3.512,9.727,,,,,,,,,0,0,,0,0,0,0,0,,0,0,,0,
"1056","TS MAURELLE","2023081712",0,23.7,56,11.7,336,32.1,84.862,3.729,10.228,0,88.814,6.521,16.484,31.605,338.039,51.234,3,0,0,,0,0,0,0,0,,0,0,,0,
"1056","TS MAURELLE","2023081713",0,24.7,53,8.4,330,26.4,85.302,3.355,9.728,,,,,,,,,0,0,,0,0,0,0,0,,0,0,,0,
"1056","TS MAURELLE","2023081714",0,23.7,52,15.1,323,33.9,85.715,4.98,13.403,,,,,,,,,0,0,,0,0,0,0,0,,0,0,,0,
"1056","TS MAURELLE","2023081715",0,23.3,51,12.6,317,34.4,86.066,4.612,12.616,,,,,,,,,0,0,,0,0,0,0,0,,0,0,,0,
"1056","TS MAURELLE","2023081716",0,22.1,53,15.2,281,35,86.28,5.418,14.313,,,,,,,,,0,0,,0,0,0,0,0,,0,0,,0,
"1056","TS MAURELLE","2023081717",0,21.4,52,12.7,297,40.8,86.463,4.902,13.239,,,,,,,,,0,0,,0,0,0,0,0,,0,0,,0,
"1056","TS MAURELLE","2023081718",0,18.9,56,14.6,302,46.5,86.511,5.431,14.339,,,,,,,,,0,0,,0,0,0,0,0,,0,0,,0,
"1056","TS MAURELLE","2023081719",0,16.8,61,14,300,35.6,86.556,5.303,14.077,,,,,,,,,0,0,,0,0,0,0,0,,0,0,,0,
"1056","TS MAURELLE","2023081720",0,15.3,65,16.3,294,39.6,86.466,5.88,15.24,,,,,,,,,0,0,,0,0,0,0,0,,0,0,,0,
"1056","TS MAURELLE","2023081721",0,14.1,69,19.5,291,45.9,86.259,6.709,16.837,,,,,,,,,0,0,,0,0,0,0,0,,0,0,,0,
"1056","TS MAURELLE","2023081722",0,13.7,72,18.5,302,44.8,85.995,6.147,15.764,,,,,,,,,0,0,,0,0,0,0,0,,0,0,,0,
"1056","TS MAURELLE","2023081723",0,13.1,74,10.4,324,32.7,85.738,3.942,11.12,,,,,,,,,0,0,,0,0,0,0,0,,0,0,,0,
"1066","TS MCNABB","2023081700",0,18.6,84,0,35,0,86.122,2.464,7.89,,,,,,,,,0,0,,0,0,0,0,0,,0,0,,0,
"1066","TS MCNABB","2023081701",0,18.2,83,0,73,0,85.768,2.344,7.547,,,,,,,,,0,0,,0,0,0,0,0,,0,0,,0,
"1066","TS MCNABB","2023081702",0,17.9,86,0,53,0,85.347,2.211,7.157,,,,,,,,,0,0,,0,0,0,0,0,,0,0,,0,
"1066","TS MCNABB","2023081703",0,17.3,87,0,78,0,84.932,2.088,6.791,,,,,,,,,0,0,,0,0,0,0,0,,0,0,,0,
"1066","TS MCNABB","2023081704",0,17,88,0,63,0,84.52,1.974,6.445,,,,,,,,,0,0,,0,0,0,0,0,,0,0,,0,
"1066","TS MCNABB","2023081705",0,16.9,90,0,40,0,84.064,1.856,6.081,,,,,,,,,0,0,,0,0,0,0,0,,0,0,,0,
"1066","TS MCNABB","2023081706",0,16.9,91,0,65,0,83.608,1.747,5.737,,,,,,,,,0,0,,0,0,0,0,0,,0,0,,0,
"1066","TS MCNABB","2023081707",0,17.4,93,0,73,0,83.093,1.634,5.371,,,,,,,,,0,0,,0,0,0,0,0,,0,0,,0,
"1066","TS MCNABB","2023081708",0,17.7,93,0,80,0,82.632,1.541,5.065,,,,,,,,,0,0,,0,0,0,0,0,,0,0,,0,
"1066","TS MCNABB","2023081709",0,21.4,74,0,104,0,82.71,1.556,5.116,,,,,,,,,0,0,,0,0,0,0,0,,0,0,,0,
"1066","TS MCNABB","2023081710",0,26.3,62,2.1,129,9.1,83.143,1.828,5.994,,,,,,,,,0,0,,0,0,0,0,0,,0,0,,0,
"1066","TS MCNABB","2023081711",0,26.3,53,5,284,13.7,83.834,2.316,7.465,,,,,,,,,0,0,,0,0,0,0,0,,0,0,,0,
"1066","TS MCNABB","2023081712",0,27.9,49,3.6,243,8.5,84.592,2.389,7.678,0,89.742,5.404,15.648,37.491,389.808,60.448,3,0,0,,0,0,0,0,0,,0,0,,0,
"1066","TS MCNABB","2023081713",0,28.7,47,3.2,164,10.8,85.333,2.593,8.641,,,,,,,,,0,0,,0,0,0,0,0,,0,0,,0,
"1066","TS MCNABB","2023081714",0,28.9,46,3.5,156,12,86.016,2.895,9.498,,,,,,,,,0,0,,0,0,0,0,0,,0,0,,0,
"1066","TS MCNABB","2023081715",0,28.7,47,4.2,271,12,86.572,3.244,10.446,,,,,,,,,0,0,,0,0,0,0,0,,0,0,,0,
"1066","TS MCNABB","2023081716",0,29,47,2.9,179,10.2,87.034,3.244,10.447,,,,,,,,,0,0,,0,0,0,0,0,,0,0,,0,
"1066","TS MCNABB","2023081717",0,27.6,50,0,265,8.5,87.24,2.887,9.474,,,,,,,,,0,0,,0,0,0,0,0,,0,0,,0,
"1066","TS MCNABB","2023081718",0,25.5,59,1.6,266,8.5,87.288,3.151,10.197,,,,,,,,,0,0,,0,0,0,0,0,,0,0,,0,
"1066","TS MCNABB","2023081719",0,21,77,1.7,33,3.3,86.922,3.005,9.802,,,,,,,,,0,0,,0,0,0,0,0,,0,0,,0,
"1066","TS MCNABB","2023081720",0,19.3,82,0,66,0,86.517,2.605,8.676,,,,,,,,,0,0,,0,0,0,0,0,,0,0,,0,
"1066","TS MCNABB","2023081721",0,18.5,82,0,27,0,86.154,2.474,8.297,,,,,,,,,0,0,,0,0,0,0,0,,0,0,,0,
"1066","TS MCNABB","2023081722",0,17.5,84,0,45,0,85.763,2.342,7.906,,,,,,,,,0,0,,0,0,0,0,0,,0,0,,0,
"1066","TS MCNABB","2023081723",0,16.7,85,0,30,0,85.378,2.22,7.536,,,,,,,,,0,0,,0,0,0,0,0,,0,0,,0,
"1075","KOOCANUSA","2023081700",0,19.6,51,4.3,184,10.8,94.333,9.81,34.074,,,,,,,,,,,,,,,,,,,,,,
"1075","KOOCANUSA","2023081701",0,18.2,52,3.2,281,9.7,93.723,8.529,31.035,,,,,,,,,,,,,,,,,,,,,,
"1075","KOOCANUSA","2023081702",0,17.4,54,2.4,240,5.6,93.157,7.57,28.629,,,,,,,,,,,,,,,,,,,,,,
"1075","KOOCANUSA","2023081703",0,16.4,59,3.1,243,6.2,92.516,7.167,27.578,,,,,,,,,,,,,,,,,,,,,,
"1075","KOOCANUSA","2023081704",0,15.4,62,2.6,218,5.6,91.893,6.401,25.508,,,,,,,,,,,,,,,,,,,,,,
"1075","KOOCANUSA","2023081705",0,14.6,64,1.7,241,5.1,91.323,5.642,23.353,,,,,,,,,,,,,,,,,,,,,,
"1075","KOOCANUSA","2023081706",0,14.8,67,1.6,312,3.9,90.746,5.17,21.953,,,,,,,,,,,,,,,,,,,,,,
"1075","KOOCANUSA","2023081707",0,18,63,1.9,18,4.5,90.31,4.932,21.224,,,,,,,,,,,,,,,,,,,,,,
"1075","KOOCANUSA","2023081708",0,21.1,54,4.7,29,6.2,90.117,5.525,23.01,,,,,,,,,,,,,,,,,,,,,,
"1075","KOOCANUSA","2023081709",0,24,45,5.1,60,7.9,90.166,5.677,23.456,,,,,,,,,,,,,,,,,,,,,,
"1075","KOOCANUSA","2023081710",0,27.4,35,3.7,46,9.1,90.403,5.473,22.856,,,,,,,,,,,,,,,,,,,,,,
"1075","KOOCANUSA","2023081711",0,30.6,29,6.8,101,10.8,90.988,6.955,27.015,,,,,,,,,,,,,,,,,,,,,,
"1075","KOOCANUSA","2023081712",0,33.9,23,9.5,131,18.9,91.974,9.167,32.571,0,95.903,15.802,47.334,83.071,778.783,131.164,5,,,,,,,,,,,,,,
"1075","KOOCANUSA","2023081713",0,36.8,13,10,259,29.8,93.533,11.7,39.051,,,,,,,,,,,,,,,,,,,,,,
"1075","KOOCANUSA","2023081714",0,35.9,12,14,268,33.9,94.737,16.907,49.391,,,,,,,,,,,,,,,,,,,,,,
"1075","KOOCANUSA","2023081715",0,37.8,11,12.4,262,32.7,95.783,17.994,51.355,,,,,,,,,,,,,,,,,,,,,,
"1075","KOOCANUSA","2023081716",0,36.7,12,11.7,206,27.5,96.398,18.876,52.907,,,,,,,,,,,,,,,,,,,,,,
"1075","KOOCANUSA","2023081717",0,35,13,12.1,241,29.8,96.701,20.059,54.939,,,,,,,,,,,,,,,,,,,,,,
"1075","KOOCANUSA","2023081718",0,34.6,14,7.6,204,24.6,96.839,16.29,48.249,,,,,,,,,,,,,,,,,,,,,,
"1075","KOOCANUSA","2023081719",0,32.7,17,8.9,187,26.9,96.891,17.512,50.491,,,,,,,,,,,,,,,,,,,,,,
"1075","KOOCANUSA","2023081720",0,29,21,7.1,184,16.6,96.836,15.876,47.474,,,,,,,,,,,,,,,,,,,,,,
"1075","KOOCANUSA","2023081721",0,28.2,20,6.2,205,13.7,96.803,15.106,46.005,,,,,,,,,,,,,,,,,,,,,,
"1075","KOOCANUSA","2023081722",0,28.9,22,6.7,195,14.9,96.731,15.343,46.461,,,,,,,,,,,,,,,,,,,,,,
"1075","KOOCANUSA","2023081723",0,28.2,25,4.4,198,15.4,96.594,13.415,42.651,,,,,,,,,,,,,,,,,,,,,,
"1082","MAYSON","2023081700",0,11.1,84,6.6,241,12,87.297,4.058,17.156,,,,,,,,,,,,,,,,,,,,,,
"1082","MAYSON","2023081701",0,10.8,85,8.9,244,12.5,86.528,4.085,17.241,,,,,,,,,,,,,,,,,,,,,,
"1082","MAYSON","2023081702",0,10.3,87,8.5,241,11.4,85.778,3.602,15.685,,,,,,,,,,,,,,,,,,,,,,
"1082","MAYSON","2023081703",0,9.8,89,7.7,240,11.4,85.041,3.124,14.06,,,,,,,,,,,,,,,,,,,,,,
"1082","MAYSON","2023081704",0,9.2,90,8.1,244,10.8,84.34,2.897,13.257,,,,,,,,,,,,,,,,,,,,,,
"1082","MAYSON","2023081705",0,9,92,9.1,245,12.5,83.601,2.761,12.764,,,,,,,,,,,,,,,,,,,,,,
"1082","MAYSON","2023081706",0,10.1,88,6.9,247,12,83.172,2.337,11.164,,,,,,,,,,,,,,,,,,,,,,
"1082","MAYSON","2023081707",0,15,78,4.4,254,9.1,83.194,2.067,10.087,,,,,,,,,,,,,,,,,,,,,,
"1082","MAYSON","2023081708",0,20.9,48,4.2,24,6.2,83.78,2.208,10.658,,,,,,,,,,,,,,,,,,,,,,
"1082","MAYSON","2023081709",0,23.1,46,4.6,76,7.9,84.443,2.463,11.649,,,,,,,,,,,,,,,,,,,,,,
"1082","MAYSON","2023081710",0,26.2,36,6.3,38,13.7,85.53,3.115,14.029,,,,,,,,,,,,,,,,,,,,,,
"1082","MAYSON","2023081711",0,26.9,33,8.5,55,13.7,86.65,4.073,17.203,,,,,,,,,,,,,,,,,,,,,,
"1082","MAYSON","2023081712",0,27.7,33,12.4,330,20,87.689,5.749,22.109,0,93.396,12.954,39.088,78.831,464.254,110.678,4,,,,,,,,,,,,,,
"1082","MAYSON","2023081713",0,27.1,33,9.3,317,20.6,88.461,5.493,21.824,,,,,,,,,,,,,,,,,,,,,,
"1082","MAYSON","2023081714",0,30.2,25,5.5,254,19.5,89.546,5.3,21.275,,,,,,,,,,,,,,,,,,,,,,
"1082","MAYSON","2023081715",0,28.6,28,7.4,277,16.6,90.24,6.443,24.427,,,,,,,,,,,,,,,,,,,,,,
"1082","MAYSON","2023081716",0,30.5,21,7.1,260,19.5,91.224,7.302,26.647,,,,,,,,,,,,,,,,,,,,,,
"1082","MAYSON","2023081717",0,30.1,21,9.5,219,22.9,92.02,9.226,31.242,,,,,,,,,,,,,,,,,,,,,,
"1082","MAYSON","2023081718",0,27.2,26,5.5,264,22.3,92.27,7.813,27.912,,,,,,,,,,,,,,,,,,,,,,
"1082","MAYSON","2023081719",0,24.9,30,6.5,245,17.2,92.32,8.275,29.028,,,,,,,,,,,,,,,,,,,,,,
"1082","MAYSON","2023081720",0,23.4,33,6.7,247,21.2,92.37,8.418,29.368,,,,,,,,,,,,,,,,,,,,,,
"1082","MAYSON","2023081721",0,20.5,44,13.1,307,23.5,92.097,11.182,35.504,,,,,,,,,,,,,,,,,,,,,,
"1082","MAYSON","2023081722",0,18.6,32,9.1,280,25.2,92.127,9.18,31.137,,,,,,,,,,,,,,,,,,,,,,
"1082","MAYSON","2023081723",0,14.8,47,5,242,20.6,91.829,7.158,26.284,,,,,,,,,,,,,,,,,,,,,,
"1083","MEAGER CREEK","2023081700",0,23.2,44,5.5,306,9.3,93.17,8.866,31.12,,,,,,,,,,,,,,,,,,,,9799.4,,
"1083","MEAGER CREEK","2023081701",0,21.8,49,4.7,331,9.9,92.746,8.024,29.091,,,,,,,,,,,,,,,,,,,,9799.4,,
"1083","MEAGER CREEK","2023081702",0,21.5,49,3.6,275,9.2,92.39,7.221,27.069,,,,,,,,,,,,,,,,,,,,9799.4,,
"1083","MEAGER CREEK","2023081703",0,20.6,52,4.2,322,7.9,91.987,7.031,26.577,,,,,,,,,,,,,,,,,,,,9799.4,,
"1083","MEAGER CREEK","2023081704",0,20.2,52,3.1,299,7.4,91.648,6.34,24.736,,,,,,,,,,,,,,,,,,,,9799.4,,
"1083","MEAGER CREEK","2023081705",0,19.7,56,0.5,317,4.8,91.322,5.31,21.826,,,,,,,,,,,,,,,,,,,,9799.4,,
"1083","MEAGER CREEK","2023081706",0,19.1,59,1.5,256,6.7,90.927,5.279,21.735,,,,,,,,,,,,,,,,,,,,9799.4,,
"1083","MEAGER CREEK","2023081707",0,18.8,62,1.9,300,8.1,90.495,5.064,21.1,,,,,,,,,,,,,,,,,,,,9799.4,,
"1083","MEAGER CREEK","2023081708",0,24,51,3.3,141,5.4,90.402,5.363,21.982,,,,,,,,,,,,,,,,,,,,9799.4,,
"1083","MEAGER CREEK","2023081709",0,25.8,42,4.1,150,7.3,90.451,5.623,22.734,,,,,,,,,,,,,,,,,,,,9799.4,,
"1083","MEAGER CREEK","2023081710",0,25.3,43,4,155,9.8,90.501,5.634,22.765,,,,,,,,,,,,,,,,,,,,9799.4,,
"1083","MEAGER CREEK","2023081711",0,28.5,37,3.2,192,9,90.653,5.53,22.468,,,,,,,,,,,,,,,,,,,,9799.4,,
"1083","MEAGER CREEK","2023081712",0,29.9,34,5.7,163,11.7,90.945,6.54,25.276,0,94.037,10.104,34.549,81.383,609.012,122.006,4,,,,,,,,,,,,9799.4,,
"1083","MEAGER CREEK","2023081713",0,32.4,27,7.2,141,14.2,91.611,7.755,28.932,,,,,,,,,,,,,,,,,,,,9799.4,,
"1083","MEAGER CREEK","2023081714",0,33.4,25,10.1,154,27.6,92.321,9.923,34.137,,,,,,,,,,,,,,,,,,,,9799.4,,
"1083","MEAGER CREEK","2023081715",0,33.2,24,13.7,179,38.5,92.935,12.968,40.665,,,,,,,,,,,,,,,,,,,,9799.4,,
"1083","MEAGER CREEK","2023081716",0,33.1,25,12.1,184,28.6,93.331,12.645,40.008,,,,,,,,,,,,,,,,,,,,9799.4,,
"1083","MEAGER CREEK","2023081717",0,31.5,27,12.8,177,35.7,93.459,13.335,41.403,,,,,,,,,,,,,,,,,,,,9799.4,,
"1083","MEAGER CREEK","2023081718",0,29,30,11.8,182,30.2,93.509,12.769,40.262,,,,,,,,,,,,,,,,,,,,9799.4,,
"1083","MEAGER CREEK","2023081719",0,27.9,31,5.3,280,26.5,93.56,9.267,32.621,,,,,,,,,,,,,,,,,,,,9799.4,,
"1083","MEAGER CREEK","2023081720",0,26.9,28,7.1,224,19.8,93.611,10.219,34.809,,,,,,,,,,,,,,,,,,,,9799.4,,
"1083","MEAGER CREEK","2023081721",0,25.5,30,5,281,24,93.646,9.239,32.555,,,,,,,,,,,,,,,,,,,,9799.4,,
"1083","MEAGER CREEK","2023081722",0,25.7,32,4.4,304,16.6,93.638,8.953,31.878,,,,,,,,,,,,,,,,,,,,9799.4,,
"1083","MEAGER CREEK","2023081723",0,22.7,36,6.2,331,17.7,93.482,9.593,33.382,,,,,,,,,,,,,,,,,,,,9799.4,,
"1092","RORY CREEK","2023081700",0,15.2,52,4.9,90,7.9,,,,,,,,,,,,0,193.3,,0,0,0,0,0,,0,0,,0,
"1092","RORY CREEK","2023081701",0,15.2,53,4.9,80,8.5,,,,,,,,,,,,0,193.3,,0,0,0,0,0,,0,0,,0,
"1092","RORY CREEK","2023081702",0,14.5,55,4.9,64,9.1,,,,,,,,,,,,0,193.3,,0,0,0,0,0,,0,0,,0,
"1092","RORY CREEK","2023081703",0,14.4,56,4.6,80,9.1,,,,,,,,,,,,0,193.3,,0,0,0,0,0,,0,0,,0,
"1092","RORY CREEK","2023081704",0,13.5,59,4.5,94,9.1,,,,,,,,,,,,0,193.3,,0,0,0,0,0,,0,0,,0,
"1092","RORY CREEK","2023081705",0,13.6,59,6.3,68,11.4,,,,,,,,,,,,0,193.3,,0,0,0,0,0,,0,0,,0,
"1092","RORY CREEK","2023081706",0,14,62,3.5,81,7.9,,,,,,,,,,,,0,193.3,,0,0,0,0,0,,0,0,,0,
"1092","RORY CREEK","2023081707",0,14.5,65,3.5,70,7.4,,,,,,,,,,,,0,193.3,,0,0,0,0,0,,0,0,,0,
"1092","RORY CREEK","2023081708",0,17.8,57,2.4,81,7.4,,,,,,,,,,,,0,193.3,,0,0,0,0,0,,0,0,,0,
"1092","RORY CREEK","2023081709",0,21.9,46,3.3,298,5.6,,,,,,,,,,,,0,193.3,,0,0,0,0,0,,0,0,,0,
"1092","RORY CREEK","2023081710",0,23.8,42,5.8,190,9.7,,,,,,,,,,,,0,193.3,,0,0,0,0,0,,0,0,,0,
"1092","RORY CREEK","2023081711",0,24.4,44,7,167,14.9,,,,,,,,,,,,0,193.3,,0,0,0,0,0,,0,0,,0,
"1092","RORY CREEK","2023081712",0,24.3,39,4.6,155,15.4,,,,0,,,,,,,,0,193.3,,0,0,0,0,0,,0,0,,0,
"1092","RORY CREEK","2023081713",0,27.2,36,7.9,204,13.1,,,,,,,,,,,,0,193.3,,0,0,0,0,0,,0,0,,0,
"1092","RORY CREEK","2023081714",0,28.1,31,8.5,162,17.7,,,,,,,,,,,,0,193.3,,0,0,0,0,0,,0,0,,0,
"1092","RORY CREEK","2023081715",0,28,31,8.1,171,19.5,,,,,,,,,,,,0,193.3,,0,0,0,0,0,,0,0,,0,
"1092","RORY CREEK","2023081716",0,27.6,31,7.1,222,18.3,,,,,,,,,,,,0,193.3,,0,0,0,0,0,,0,0,,0,
"1092","RORY CREEK","2023081717",0,25.1,35,5.3,160,17.7,,,,,,,,,,,,0,193.3,,0,0,0,0,0,,0,0,,0,
"1092","RORY CREEK","2023081718",0,22,39,6.5,130,15.4,,,,,,,,,,,,0,193.3,,0,0,0,0,0,,0,0,,0,
"1092","RORY CREEK","2023081719",0,20.2,40,6.1,107,10.2,,,,,,,,,,,,0,193.3,,0,0,0,0,0,,0,0,,0,
"1092","RORY CREEK","2023081720",0,20.2,40,6,99,11.4,,,,,,,,,,,,0,193.3,,0,0,0,0,0,,0,0,,0,
"1092","RORY CREEK","2023081721",0,20.1,40,6.7,116,13.7,,,,,,,,,,,,0,193.3,,0,0,0,0,0,,0,0,,0,
"1092","RORY CREEK","2023081722",0,19.5,43,6.8,118,16.6,,,,,,,,,,,,0,193.3,,0,0,0,0,0,,0,0,,0,
"1092","RORY CREEK","2023081723",0,19.9,42,6,133,17.7,,,,,,,,,,,,0,193.3,,0,0,0,0,0,,0,0,,0,
"1093","QUINSAM BASE FWX","2023081700",0,16.9,67,2.8,239,10.2,89.15,4.37,13.486,,,,,,,,,,,,,,,,,,,,,,
"1093","QUINSAM BASE FWX","2023081701",0,17.4,71,6.1,288,9.1,88.628,4.788,14.478,,,,,,,,,,,,,,,,,,,,,,
"1093","QUINSAM BASE FWX","2023081702",0,16.4,79,3.8,270,7.9,87.967,3.879,12.272,,,,,,,,,,,,,,,,,,,,,,
"1093","QUINSAM BASE FWX","2023081703",0,15.8,84,2.4,303,6.2,87.245,3.26,10.659,,,,,,,,,,,,,,,,,,,,,,
"1093","QUINSAM BASE FWX","2023081704",0,16,85,5,274,10.2,86.508,3.347,10.892,,,,,,,,,,,,,,,,,,,,,,
"1093","QUINSAM BASE FWX","2023081705",0,14.8,92,2.8,235,7.4,85.563,2.623,8.877,,,,,,,,,,,,,,,,,,,,,,
"1093","QUINSAM BASE FWX","2023081706",0,14.6,92,0,224,8.5,84.919,2.084,7.243,,,,,,,,,,,,,,,,,,,,,,
"1093","QUINSAM BASE FWX","2023081707",0,16.9,84,4.6,292,8.5,84.543,2.496,8.503,,,,,,,,,,,,,,,,,,,,,,
"1093","QUINSAM BASE FWX","2023081708",0,21,67,5.1,318,10.2,84.593,2.577,8.742,,,,,,,,,,,,,,,,,,,,,,
"1093","QUINSAM BASE FWX","2023081709",0,23.6,60,5.6,341,10.2,84.834,2.732,9.19,,,,,,,,,,,,,,,,,,,,,,
"1093","QUINSAM BASE FWX","2023081710",0,23.6,59,6.9,296,12.5,85.077,3.015,9.991,,,,,,,,,,,,,,,,,,,,,,
"1093","QUINSAM BASE FWX","2023081711",0,26.5,50,6.6,305,14.9,85.624,3.204,10.508,,,,,,,,,,,,,,,,,,,,,,
"1093","QUINSAM BASE FWX","2023081712",0,27.2,47,6.1,328,14.9,86.205,3.389,11.005,0,90.71,6.453,18.829,39.875,505.502,66.614,4,,,,,,,,,,,,,,
"1093","QUINSAM BASE FWX","2023081713",0,26.7,48,9.9,306,18.3,86.683,4.391,14.089,,,,,,,,,,,,,,,,,,,,,,
"1093","QUINSAM BASE FWX","2023081714",0,26,48,8.7,301,21.2,87.048,4.354,13.996,,,,,,,,,,,,,,,,,,,,,,
"1093","QUINSAM BASE FWX","2023081715",0,26.2,44,5.9,338,17.2,87.463,4.011,13.127,,,,,,,,,,,,,,,,,,,,,,
"1093","QUINSAM BASE FWX","2023081716",0,25.1,39,6.2,320,17.2,87.93,4.354,13.996,,,,,,,,,,,,,,,,,,,,,,
"1093","QUINSAM BASE FWX","2023081717",0,24.4,34,4.6,332,13.1,88.438,4.321,13.912,,,,,,,,,,,,,,,,,,,,,,
"1093","QUINSAM BASE FWX","2023081718",0,20.7,38,3.5,13,10.2,88.635,4.204,13.619,,,,,,,,,,,,,,,,,,,,,,
"1093","QUINSAM BASE FWX","2023081719",0,18.6,39,5.6,309,11.4,88.74,4.744,14.954,,,,,,,,,,,,,,,,,,,,,,
"1093","QUINSAM BASE FWX","2023081720",0,16.7,42,5.5,327,15.4,88.789,4.754,14.978,,,,,,,,,,,,,,,,,,,,,,
"1093","QUINSAM BASE FWX","2023081721",0,14.8,50,3.7,5,10.8,88.766,4.328,13.93,,,,,,,,,,,,,,,,,,,,,,
"1093","QUINSAM BASE FWX","2023081722",0,15.1,45,13.1,307,31.6,88.815,6.999,19.975,,,,,,,,,,,,,,,,,,,,,,
"1093","QUINSAM BASE FWX","2023081723",0,14.4,48,9.9,309,32.1,88.808,5.95,17.736,,,,,,,,,,,,,,,,,,,,,,
"1108","BLUE RIVER 2","2023081700",0,13.5,95,3.4,205,6.2,85.848,2.813,8.265,,,,,,,,,,,,,,,,,,,,,,
"1108","BLUE RIVER 2","2023081701",0,12.7,96,1.7,357,5.1,84.791,2.231,6.705,,,,,,,,,,,,,,,,,,,,,,
"1108","BLUE RIVER 2","2023081702",0,12.1,99,3.9,235,6.2,83.515,2.101,6.339,,,,,,,,,,,,,,,,,,,,,,
"1108","BLUE RIVER 2","2023081703",0,11.3,99,3.6,234,6.2,82.427,1.801,5.463,,,,,,,,,,,,,,,,,,,,,,
"1108","BLUE RIVER 2","2023081704",0,10.6,99,1.9,289,5.6,81.542,1.485,4.488,,,,,,,,,,,,,,,,,,,,,,
"1108","BLUE RIVER 2","2023081705",0,10.1,100,2.5,152,4.5,80.649,1.383,4.156,,,,,,,,,,,,,,,,,,,,,,
"1108","BLUE RIVER 2","2023081706",0,11.3,99,1.9,350,4.5,79.947,1.245,3.698,,,,,,,,,,,,,,,,,,,,,,
"1108","BLUE RIVER 2","2023081707",0,15.5,82,3.2,63,5.1,80.019,1.339,4.012,,,,,,,,,,,,,,,,,,,,,,
"1108","BLUE RIVER 2","2023081708",0,18.7,69,2.4,214,5.6,80.349,1.332,3.989,,,,,,,,,,,,,,,,,,,,,,
"1108","BLUE RIVER 2","2023081709",0,20.8,63,3.2,272,7.4,80.848,1.464,4.421,,,,,,,,,,,,,,,,,,,,,,
"1108","BLUE RIVER 2","2023081710",0,23,54,4.4,316,7.9,81.631,1.702,5.165,,,,,,,,,,,,,,,,,,,,,,
"1108","BLUE RIVER 2","2023081711",0,24.8,48,4.2,226,9.7,82.574,1.891,5.729,,,,,,,,,,,,,,,,,,,,,,
"1108","BLUE RIVER 2","2023081712",0,25.2,49,5,38,7.4,83.409,2.19,6.59,0,90.501,5.925,15.777,34.156,322.589,54.014,3,,,,,,,,,,,,,,
"1108","BLUE RIVER 2","2023081713",0,27.1,43,8.5,27,13.1,84.509,3.024,9.199,,,,,,,,,,,,,,,,,,,,,,
"1108","BLUE RIVER 2","2023081714",0,28.3,43,8.5,51,13.1,85.503,3.467,10.32,,,,,,,,,,,,,,,,,,,,,,
"1108","BLUE RIVER 2","2023081715",0,30.5,31,13.4,201,22.9,87.086,5.547,15.005,,,,,,,,,,,,,,,,,,,,,,
"1108","BLUE RIVER 2","2023081716",0,32.4,25,17.7,213,26.4,88.895,8.926,21.334,,,,,,,,,,,,,,,,,,,,,,
"1108","BLUE RIVER 2","2023081717",0,31.6,30,8.5,170,15.4,89.818,6.41,16.741,,,,,,,,,,,,,,,,,,,,,,
"1108","BLUE RIVER 2","2023081718",0,26.1,47,4.8,29,12,89.867,5.358,14.609,,,,,,,,,,,,,,,,,,,,,,
"1108","BLUE RIVER 2","2023081719",0,23.2,64,5.7,24,9.1,89.487,5.308,14.505,,,,,,,,,,,,,,,,,,,,,,
"1108","BLUE RIVER 2","2023081720",15.2,18.6,86,9.7,329,59.8,17.913,0,0,,,,,,,,,,,,,,,,,,,,,,
"1108","BLUE RIVER 2","2023081721",0,17.7,94,7.1,233,13.7,18.903,0,0,,,,,,,,,,,,,,,,,,,,,,
"1108","BLUE RIVER 2","2023081722",0,17,99,5.9,319,9.7,19.088,0,0,,,,,,,,,,,,,,,,,,,,,,
"1108","BLUE RIVER 2","2023081723",0.2,16.7,100,4.3,12,7.4,18.324,0,0,,,,,,,,,,,,,,,,,,,,,,
"1144","FORD MOUNTAIN","2023081700",0,16.9,77,0,13,0,90.204,4.415,20.145,,,,,,,,,,-1.9,,,,,,,,,,6179.4,,
"1144","FORD MOUNTAIN","2023081701",0,15.9,80,0.5,37,8.1,89.453,4.065,18.971,,,,,,,,,,-1.9,,,,,,,,,,6179.4,,
"1144","FORD MOUNTAIN","2023081702",0,15.1,85,0,69,0,88.71,3.563,17.211,,,,,,,,,,-1.9,,,,,,,,,,6179.4,,
"1144","FORD MOUNTAIN","2023081703",0,14.7,86,1.5,28,6.4,87.863,3.403,16.631,,,,,,,,,,-1.8,,,,,,,,,,6179.4,,
"1144","FORD MOUNTAIN","2023081704",0,15,84,0.3,19,8.8,87.256,2.937,14.874,,,,,,,,,,-1.9,,,,,,,,,,6179.4,,
"1144","FORD MOUNTAIN","2023081705",0,15.3,81,2.6,20,13,86.727,3.059,15.344,,,,,,,,,,-1.7,,,,,,,,,,6179.4,,
"1144","FORD MOUNTAIN","2023081706",0,16.2,78,5.8,26,13.8,86.314,3.39,16.584,,,,,,,,,,-1.6,,,,,,,,,,6179.4,,
"1144","FORD MOUNTAIN","2023081707",0,18.6,67,0,4,11.1,86.309,2.529,13.245,,,,,,,,,,-1.5,,,,,,,,,,6179.4,,
"1144","FORD MOUNTAIN","2023081708",0,25,45,0,17,0,86.625,2.645,13.716,,,,,,,,,,-1.5,,,,,,,,,,6179.4,,
"1144","FORD MOUNTAIN","2023081709",0,26.8,39,6.8,238,14.8,87.305,4.104,19.105,,,,,,,,,,-1.7,,,,,,,,,,6179.4,,
"1144","FORD MOUNTAIN","2023081710",0,28.3,36,11.1,237,21.9,88.116,5.724,24.237,,,,,,,,,,-1.6,,,,,,,,,,6179.4,,
"1144","FORD MOUNTAIN","2023081711",0,29.6,33,11.9,253,26.5,88.984,6.75,27.172,,,,,,,,,,-1.6,,,,,,,,,,6179.4,,
"1144","FORD MOUNTAIN","2023081712",0,30.4,32,15.6,218,27.7,89.805,9.15,33.375,0,94.029,16.621,49.65,97.562,587.361,137.872,5,,-1.6,,,,,,,,,,6179.4,,
"1144","FORD MOUNTAIN","2023081713",0,31.6,31,13.1,234,31.8,90.543,8.966,33.34,,,,,,,,,,-1.6,,,,,,,,,,6179.4,,
"1144","FORD MOUNTAIN","2023081714",0,31.6,30,15.6,212,33.6,91.183,11.142,38.461,,,,,,,,,,-1.7,,,,,,,,,,6179.4,,
"1144","FORD MOUNTAIN","2023081715",0,31.9,32,13.2,213,29.2,91.581,10.447,36.876,,,,,,,,,,-1.7,,,,,,,,,,6179.4,,
"1144","FORD MOUNTAIN","2023081716",0,30.7,34,12.6,216,31.1,91.743,10.371,36.701,,,,,,,,,,-1.7,,,,,,,,,,6179.4,,
"1144","FORD MOUNTAIN","2023081717",0,30.1,33,12.1,211,29.9,91.888,10.324,36.591,,,,,,,,,,-1.7,,,,,,,,,,6179.4,,
"1144","FORD MOUNTAIN","2023081718",0,28.4,38,10.6,208,28.7,91.938,9.64,34.978,,,,,,,,,,-1.8,,,,,,,,,,6179.4,,
"1144","FORD MOUNTAIN","2023081719",0,25.6,45,8.5,254,21.6,91.803,8.508,32.194,,,,,,,,,,-1.6,,,,,,,,,,6179.4,,
"1144","FORD MOUNTAIN","2023081720",0,22.2,55,7.5,295,21.8,91.365,7.602,29.845,,,,,,,,,,-1.9,,,,,,,,,,6179.4,,
"1144","FORD MOUNTAIN","2023081721",0,20.5,63,0.6,289,12.4,90.909,5.032,22.425,,,,,,,,,,-1.8,,,,,,,,,,6179.4,,
"1144","FORD MOUNTAIN","2023081722",0,18,73,0,307,11.1,90.341,4.502,20.709,,,,,,,,,,-2.1,,,,,,,,,,6179.4,,
"1144","FORD MOUNTAIN","2023081723",0,16.5,77,0,290,9.8,89.737,4.129,19.452,,,,,,,,,,-2.1,,,,,,,,,,6179.4,,
"1165","SEVEREID","2023081700",0,14.6,83,6.3,131,8.5,86.324,3.482,7.125,,,,,,,,,,,,,,,,,,,,,,
"1165","SEVEREID","2023081701",0,14.3,83,4.3,135,9.7,85.806,2.927,6.059,,,,,,,,,,,,,,,,,,,,,,
"1165","SEVEREID","2023081702",0,13.2,88,4.5,130,7.9,85.141,2.696,5.595,,,,,,,,,,,,,,,,,,,,,,
"1165","SEVEREID","2023081703",0,12.5,94,4.7,144,7.4,84.212,2.399,4.98,,,,,,,,,,,,,,,,,,,,,,
"1165","SEVEREID","2023081704",0,12.1,97,5.2,141,7.9,83.156,2.141,4.424,,,,,,,,,,,,,,,,,,,,,,
"1165","SEVEREID","2023081705",0,11.5,98,3.8,136,8.5,82.193,1.767,3.579,,,,,,,,,,,,,,,,,,,,,,
"1165","SEVEREID","2023081706",0,11.5,100,4.4,136,7.9,81.135,1.607,3.198,,,,,,,,,,,,,,,,,,,,,,
"1165","SEVEREID","2023081707",0,14.1,96,3.6,128,7.9,80.563,1.448,2.806,,,,,,,,,,,,,,,,,,,,,,
"1165","SEVEREID","2023081708",0,20.3,61,5.5,210,12,81.118,1.695,3.409,,,,,,,,,,,,,,,,,,,,,,
"1165","SEVEREID","2023081709",0,22.1,52,5.2,204,13.1,81.906,1.832,3.728,,,,,,,,,,,,,,,,,,,,,,
"1165","SEVEREID","2023081710",0,22.4,47,6.4,214,14.9,82.782,2.168,4.484,,,,,,,,,,,,,,,,,,,,,,
"1165","SEVEREID","2023081711",0,22.1,47,9.8,225,18.9,83.591,2.856,5.919,,,,,,,,,,,,,,,,,,,,,,
"1165","SEVEREID","2023081712",0,20.5,48,6.8,243,17.2,84.157,2.647,5.496,0,89.098,5.306,10.948,19.189,268.866,32.567,3,,,,,,,,,,,,,,
"1165","SEVEREID","2023081713",0,20.3,47,6.3,247,19.5,84.667,2.766,6.176,,,,,,,,,,,,,,,,,,,,,,
"1165","SEVEREID","2023081714",0,22.6,36,8.5,237,20,85.561,3.495,7.663,,,,,,,,,,,,,,,,,,,,,,
"1165","SEVEREID","2023081715",0,23.4,33,8.9,260,20.6,86.475,4.054,8.731,,,,,,,,,,,,,,,,,,,,,,
"1165","SEVEREID","2023081716",0,23.3,26,9.3,242,21.8,87.506,4.791,10.061,,,,,,,,,,,,,,,,,,,,,,
"1165","SEVEREID","2023081717",0,21.1,49,2.1,186,17.2,87.575,3.366,7.408,,,,,,,,,,,,,,,,,,,,,,
"1165","SEVEREID","2023081718",0,17.2,66,4.7,130,8.5,87.396,3.74,8.138,,,,,,,,,,,,,,,,,,,,,,
"1165","SEVEREID","2023081719",0,14.6,73,2.8,140,6.2,87.072,3.245,7.167,,,,,,,,,,,,,,,,,,,,,,
"1165","SEVEREID","2023081720",0,12.9,78,4.4,148,8.5,86.626,3.302,7.28,,,,,,,,,,,,,,,,,,,,,,
"1165","SEVEREID","2023081721",0,11.6,85,3.2,124,7.4,86.029,2.857,6.368,,,,,,,,,,,,,,,,,,,,,,
"1165","SEVEREID","2023081722",0,10.3,88,2.7,123,7.9,85.4,2.551,5.715,,,,,,,,,,,,,,,,,,,,,,
"1165","SEVEREID","2023081723",0,9.6,90,5.3,142,7.9,84.699,2.641,5.91,,,,,,,,,,,,,,,,,,,,,,
"1176","MUDPIT","2023081700",0,18,55,1.7,130,13.7,91.833,6.065,20.448,,,,,,,,,,,,,,,,,,,,112.6,,
"1176","MUDPIT","2023081701",0,18.8,49,8.2,118,11,91.516,8.046,24.982,,,,,,,,,,,,,,,,,,,,112.6,,
"1176","MUDPIT","2023081702",0,18.1,53,6.3,109,11.7,91.154,6.944,22.526,,,,,,,,,,,,,,,,,,,,112.6,,
"1176","MUDPIT","2023081703",0,17.1,54,5.5,100,9.9,90.814,6.355,21.145,,,,,,,,,,,,,,,,,,,,112.6,,
"1176","MUDPIT","2023081704",0,17.6,52,6.6,110,9.6,90.552,6.47,21.42,,,,,,,,,,,,,,,,,,,,112.6,,
"1176","MUDPIT","2023081705",0,15.7,60,1.4,71,9.2,90.21,4.741,17.065,,,,,,,,,,,,,,,,,,,,112.6,,
"1176","MUDPIT","2023081706",0,15.8,66,1.7,136,10.3,89.767,4.518,16.46,,,,,,,,,,,,,,,,,,,,112.6,,
"1176","MUDPIT","2023081707",0,16.6,67,0,176,3.3,89.44,3.956,14.883,,,,,,,,,,,,,,,,,,,,112.6,,
"1176","MUDPIT","2023081708",0,19.6,57,0.7,227,3.3,89.308,4.022,15.071,,,,,,,,,,,,,,,,,,,,112.6,,
"1176","MUDPIT","2023081709",0,22.1,52,3.3,279,5.1,89.307,4.584,16.641,,,,,,,,,,,,,,,,,,,,112.6,,
"1176","MUDPIT","2023081710",0,23.8,48,3.7,294,7.5,89.356,4.71,16.984,,,,,,,,,,,,,,,,,,,,112.6,,
"1176","MUDPIT","2023081711",0,25.9,36,1.7,242,7.7,89.617,4.421,16.196,,,,,,,,,,,,,,,,,,,,112.6,,
"1176","MUDPIT","2023081712",0,26.5,40,4.2,290,7.5,89.759,5.118,18.064,0,92.165,7.21,23.761,57.353,497.01,89.023,4,,,,,,,,,,,,112.6,,
"1176","MUDPIT","2023081713",0,29.8,28,3.3,271,10,90.41,5.369,19.24,,,,,,,,,,,,,,,,,,,,112.6,,
"1176","MUDPIT","2023081714",0,30.5,29,5.3,315,10.6,90.97,6.432,21.918,,,,,,,,,,,,,,,,,,,,112.6,,
"1176","MUDPIT","2023081715",0,31.2,29,4.1,295,11.5,91.443,6.476,22.024,,,,,,,,,,,,,,,,,,,,112.6,,
"1176","MUDPIT","2023081716",0,32.2,26,5.9,342,11.3,92.026,7.702,24.885,,,,,,,,,,,,,,,,,,,,112.6,,
"1176","MUDPIT","2023081717",0,31.3,27,10,61,18.3,92.428,10.022,29.819,,,,,,,,,,,,,,,,,,,,112.6,,
"1176","MUDPIT","2023081718",0,28.8,31,3.7,127,18.2,92.478,7.348,24.08,,,,,,,,,,,,,,,,,,,,112.6,,
"1176","MUDPIT","2023081719",0,25.7,37,4.6,152,12.6,92.491,7.702,24.886,,,,,,,,,,,,,,,,,,,,112.6,,
"1176","MUDPIT","2023081720",0,26.1,35,6.6,139,16.6,92.541,8.58,26.818,,,,,,,,,,,,,,,,,,,,112.6,,
"1176","MUDPIT","2023081721",0,23.6,41,2.8,101,15.2,92.43,6.974,23.212,,,,,,,,,,,,,,,,,,,,112.6,,
"1176","MUDPIT","2023081722",0,24.7,41,3.2,209,14.3,92.344,7.031,23.345,,,,,,,,,,,,,,,,,,,,112.6,,
"1176","MUDPIT","2023081723",0,24.7,37,8.9,212,19.8,92.348,9.375,28.497,,,,,,,,,,,,,,,,,,,,112.6,,
"1199","CLAYTON FALLS","2023081700",0,16.3,65,7.2,261,10.9,,,,,,,,,,,,,17.6,,,,,,,,,,805.4,0,
"1199","CLAYTON FALLS","2023081701",0,14.1,79,10.1,275,14.1,,,,,,,,,,,,,0.9,,,,,,,,,,805.4,0,
"1199","CLAYTON FALLS","2023081702",0,13.5,86,6.4,298,24.1,,,,,,,,,,,,,11.3,,,,,,,,,,805.4,0,
"1199","CLAYTON FALLS","2023081703",0,14.1,79,4.2,276,15.6,,,,,,,,,,,,,3.2,,,,,,,,,,805.4,0,
"1199","CLAYTON FALLS","2023081704",0,12.9,93,6,303,17.5,,,,,,,,,,,,,2.3,,,,,,,,,,805.4,0,
"1199","CLAYTON FALLS","2023081705",0,12.5,91,5.3,312,16.3,,,,,,,,,,,,,3.9,,,,,,,,,,805.4,0,
"1199","CLAYTON FALLS","2023081706",0,12.3,89,3.6,325,14.5,,,,,,,,,,,,,4.3,,,,,,,,,,805.4,8,
"1199","CLAYTON FALLS","2023081707",0,13.2,83,5.4,270,12,,,,,,,,,,,,,3.9,,,,,,,,,,805.4,135,
"1199","CLAYTON FALLS","2023081708",0,14.1,79,3.1,325,11.5,,,,,,,,,,,,,10.6,,,,,,,,,,805.4,301,
"1199","CLAYTON FALLS","2023081709",0,14.5,69,4.8,261,12,,,,,,,,,,,,,1,,,,,,,,,,805.4,452,
"1199","CLAYTON FALLS","2023081710",0,14.8,76,10.1,253,15.6,,,,,,,,,,,,,36.1,,,,,,,,,,805.4,581,
"1199","CLAYTON FALLS","2023081711",0,15,67,11.9,277,20.3,,,,,,,,,,,,,27.3,,,,,,,,,,805.4,677,
"1199","CLAYTON FALLS","2023081712",0,14.9,60,8.4,297,30.1,,,,0,,,,,,,,,19,,,,,,,,,,805.4,756,
"1199","CLAYTON FALLS","2023081713",0,15.2,43,10,292,19.6,,,,,,,,,,,,,18.8,,,,,,,,,,805.4,786,
"1199","CLAYTON FALLS","2023081714",0,16,40,9.3,289,25.8,,,,,,,,,,,,,19.5,,,,,,,,,,805.4,765,
"1199","CLAYTON FALLS","2023081715",0,14.4,41,10.9,291,29,,,,,,,,,,,,,2,,,,,,,,,,805.4,703,
"1199","CLAYTON FALLS","2023081716",0,14.4,37,7,282,24.2,,,,,,,,,,,,,11.1,,,,,,,,,,805.4,588,
"1199","CLAYTON FALLS","2023081717",0,12.3,49,3.3,187,21.3,,,,,,,,,,,,,12.5,,,,,,,,,,805.4,284,
"1199","CLAYTON FALLS","2023081718",0,10.8,62,5.9,281,23.4,,,,,,,,,,,,,29.7,,,,,,,,,,805.4,188,
"1199","CLAYTON FALLS","2023081719",0,10,57,7.9,292,28.7,,,,,,,,,,,,,44.2,,,,,,,,,,805.4,156,
"1199","CLAYTON FALLS","2023081720",0,7.8,66,8.2,296,20.5,,,,,,,,,,,,,10.8,,,,,,,,,,805.4,15,
"1199","CLAYTON FALLS","2023081721",0,6.7,69,7.4,306,24.6,,,,,,,,,,,,,2.9,,,,,,,,,,805.4,0,
"1199","CLAYTON FALLS","2023081722",0,6.2,70,8.6,294,21.5,,,,,,,,,,,,,11.2,,,,,,,,,,805.4,0,
"1199","CLAYTON FALLS","2023081723",0,5.3,73,3.5,247,19.4,,,,,,,,,,,,,11.2,,,,,,,,,,805.4,0,
"1203","DARKWOODS","2023081700",0,17.9,43,4.4,29,8.5,92.589,7.732,25.061,,,,,,,,,0,193.3,,0,0,0,0,0,,0,0,,0,
"1203","DARKWOODS","2023081701",0,18.6,40,6.2,12,9.7,92.409,8.254,26.223,,,,,,,,,0,193.3,,0,0,0,0,0,,0,0,,0,
"1203","DARKWOODS","2023081702",0,18,43,5.7,22,10.2,92.181,7.793,25.199,,,,,,,,,0,193.3,,0,0,0,0,0,,0,0,,0,
"1203","DARKWOODS","2023081703",0,16.5,46,2.3,35,6.8,91.943,6.35,21.812,,,,,,,,,0,193.3,,0,0,0,0,0,,0,0,,0,
"1203","DARKWOODS","2023081704",0,16.3,45,2.5,52,6.2,91.742,6.233,21.527,,,,,,,,,0,193.3,,0,0,0,0,0,,0,0,,0,
"1203","DARKWOODS","2023081705",0,15.2,52,4,29,6.8,91.393,6.399,21.933,,,,,,,,,0,193.3,,0,0,0,0,0,,0,0,,0,
"1203","DARKWOODS","2023081706",0,15.8,51,4.1,44,5.6,91.102,6.17,21.37,,,,,,,,,0,193.3,,0,0,0,0,0,,0,0,,0,
"1203","DARKWOODS","2023081707",0,15.9,55,2.6,31,6.2,90.781,5.465,19.578,,,,,,,,,0,193.3,,0,0,0,0,0,,0,0,,0,
"1203","DARKWOODS","2023081708",0,18.5,51,0,110,2.2,90.654,4.708,17.545,,,,,,,,,0,193.3,,0,0,0,0,0,,0,0,,0,
"1203","DARKWOODS","2023081709",0,23.4,43,4.3,141,6.2,90.704,5.888,20.664,,,,,,,,,0,193.3,,0,0,0,0,0,,0,0,,0,
"1203","DARKWOODS","2023081710",0,26.5,25,9.1,188,16.6,91.225,8.078,25.836,,,,,,,,,0,193.3,,0,0,0,0,0,,0,0,,0,
"1203","DARKWOODS","2023081711",0,26.7,29,15.3,189,28.1,91.518,11.51,32.859,,,,,,,,,0,193.3,,0,0,0,0,0,,0,0,,0,
"1203","DARKWOODS","2023081712",0,27.6,28,16.7,185,31,91.838,12.925,35.483,0,94.283,18.197,45.372,67.092,401.029,94.612,4,0,193.3,,0,0,0,0,0,,0,0,,0,
"1203","DARKWOODS","2023081713",0,28.8,25,14.3,202,26.9,92.277,12.186,35,,,,,,,,,0,193.3,,0,0,0,0,0,,0,0,,0,
"1203","DARKWOODS","2023081714",0,27.7,24,17.1,195,32.1,92.63,14.746,39.648,,,,,,,,,0,193.3,,0,0,0,0,0,,0,0,,0,
"1203","DARKWOODS","2023081715",0,27.8,27,14.5,282,32.7,92.766,13.185,36.861,,,,,,,,,0,193.3,,0,0,0,0,0,,0,0,,0,
"1203","DARKWOODS","2023081716",0,27.9,23,12.6,261,33.3,93.058,12.481,35.558,,,,,,,,,0,193.3,,0,0,0,0,0,,0,0,,0,
"1203","DARKWOODS","2023081717",0,25.8,23,9,252,26.9,93.204,10.626,31.956,,,,,,,,,0,193.3,,0,0,0,0,0,,0,0,,0,
"1203","DARKWOODS","2023081718",0,24.4,30,3.7,301,17.7,93.254,8.193,26.785,,,,,,,,,0,193.3,,0,0,0,0,0,,0,0,,0,
"1203","DARKWOODS","2023081719",0,22.5,33,6.6,152,18.3,93.208,9.421,29.465,,,,,,,,,0,193.3,,0,0,0,0,0,,0,0,,0,
"1203","DARKWOODS","2023081720",0,21.9,30,5.8,357,10.8,93.223,9.068,28.712,,,,,,,,,0,193.3,,0,0,0,0,0,,0,0,,0,
"1203","DARKWOODS","2023081721",0,22.8,28,6.8,284,19.5,93.273,9.604,29.853,,,,,,,,,0,193.3,,0,0,0,0,0,,0,0,,0,
"1203","DARKWOODS","2023081722",0,21.5,32,6.4,214,14.9,93.232,9.358,29.333,,,,,,,,,0,193.3,,0,0,0,0,0,,0,0,,0,
"1203","DARKWOODS","2023081723",0,20.3,35,3.1,44,14.3,93.135,7.817,25.93,,,,,,,,,0,193.3,,0,0,0,0,0,,0,0,,0,
"1218","POWELL RIVER WEST LAKE","2023081700",0,18.4,62,6,334,9.7,88.966,5.001,19.509,,,,,,,,,0,0,,0,0,0,0,0,,0,0,,0,
"1218","POWELL RIVER WEST LAKE","2023081701",0,17.4,68,6.1,331,9.7,88.551,4.736,18.747,,,,,,,,,0,0,,0,0,0,0,0,,0,0,,0,
"1218","POWELL RIVER WEST LAKE","2023081702",0,16.7,70,4.1,346,12,88.158,4.047,16.686,,,,,,,,,0,0,,0,0,0,0,0,,0,0,,0,
"1218","POWELL RIVER WEST LAKE","2023081703",0,17,68,2.6,41,10.2,87.883,3.607,15.296,,,,,,,,,0,0,,0,0,0,0,0,,0,0,,0,
"1218","POWELL RIVER WEST LAKE","2023081704",0,16.1,75,6.3,352,9.7,87.406,4.06,16.726,,,,,,,,,0,0,,0,0,0,0,0,,0,0,,0,
"1218","POWELL RIVER WEST LAKE","2023081705",0,15.3,80,2.2,344,9.7,86.902,3.073,13.515,,,,,,,,,0,0,,0,0,0,0,0,,0,0,,0,
"1218","POWELL RIVER WEST LAKE","2023081706",0,15.4,81,5.1,355,9.1,86.372,3.299,14.283,,,,,,,,,0,0,,0,0,0,0,0,,0,0,,0,
"1218","POWELL RIVER WEST LAKE","2023081707",0,16.6,79,5.4,353,9.7,85.979,3.17,13.845,,,,,,,,,0,0,,0,0,0,0,0,,0,0,,0,
"1218","POWELL RIVER WEST LAKE","2023081708",0,18.8,70,7.9,340,13.1,85.92,3.565,15.16,,,,,,,,,0,0,,0,0,0,0,0,,0,0,,0,
"1218","POWELL RIVER WEST LAKE","2023081709",0,21.6,60,6,358,14.9,85.968,3.262,14.157,,,,,,,,,0,0,,0,0,0,0,0,,0,0,,0,
"1218","POWELL RIVER WEST LAKE","2023081710",0,22.8,55,6.3,325,15.4,86.139,3.392,14.591,,,,,,,,,0,0,,0,0,0,0,0,,0,0,,0,
"1218","POWELL RIVER WEST LAKE","2023081711",0,24.5,50,6.6,312,18.3,86.461,3.604,15.284,,,,,,,,,0,0,,0,0,0,0,0,,0,0,,0,
"1218","POWELL RIVER WEST LAKE","2023081712",0,25.6,47,7.1,326,18.9,86.863,3.912,16.266,0,90.607,6.687,24.442,67.702,578.541,104.757,4,0,0,,0,0,0,0,0,,0,0,,0,
"1218","POWELL RIVER WEST LAKE","2023081713",0,26.1,45,9.1,357,18.9,87.3,4.605,18.712,,,,,,,,,0,0,,0,0,0,0,0,,0,0,,0,
"1218","POWELL RIVER WEST LAKE","2023081714",0,26,42,10.8,352,22.9,87.772,5.367,20.913,,,,,,,,,0,0,,0,0,0,0,0,,0,0,,0,
"1218","POWELL RIVER WEST LAKE","2023081715",0,25.6,42,7.8,10,20,88.13,4.857,19.455,,,,,,,,,0,0,,0,0,0,0,0,,0,0,,0,
"1218","POWELL RIVER WEST LAKE","2023081716",0,24.4,41,11.7,359,25.8,88.438,6.179,23.121,,,,,,,,,0,0,,0,0,0,0,0,,0,0,,0,
"1218","POWELL RIVER WEST LAKE","2023081717",0,21.9,44,10.9,15,24.1,88.529,6.012,22.678,,,,,,,,,0,0,,0,0,0,0,0,,0,0,,0,
"1218","POWELL RIVER WEST LAKE","2023081718",0,20.1,47,9.8,357,37.3,88.578,5.728,21.912,,,,,,,,,0,0,,0,0,0,0,0,,0,0,,0,
"1218","POWELL RIVER WEST LAKE","2023081719",0,18.8,51,9.6,18,22.9,88.618,5.704,21.845,,,,,,,,,0,0,,0,0,0,0,0,,0,0,,0,
"1218","POWELL RIVER WEST LAKE","2023081720",0,17,57,11.6,15,21.8,88.481,6.186,23.14,,,,,,,,,0,0,,0,0,0,0,0,,0,0,,0,
"1218","POWELL RIVER WEST LAKE","2023081721",0,15.7,61,12.3,359,30.4,88.247,6.196,23.167,,,,,,,,,0,0,,0,0,0,0,0,,0,0,,0,
"1218","POWELL RIVER WEST LAKE","2023081722",0,15.2,59,12.9,2,28.1,88.082,6.237,23.274,,,,,,,,,0,0,,0,0,0,0,0,,0,0,,0,
"1218","POWELL RIVER WEST LAKE","2023081723",0,14.9,59,9.4,47,22.3,87.945,5.127,20.236,,,,,,,,,0,0,,0,0,0,0,0,,0,0,,0,
"1221","MOUNT CAYLEY","2023081700",0,18.6,54,0.1,108,2.9,,,,,,,,,,,,,626.4,,,,,,,,,,11444.2,0,
"1221","MOUNT CAYLEY","2023081701",0,17.6,56,0.1,112,2.9,,,,,,,,,,,,,626.4,,,,,,,,,,11444.2,0,
"1221","MOUNT CAYLEY","2023081702",0,17.5,54,0.1,101,4,,,,,,,,,,,,,626.4,,,,,,,,,,11444.2,0,
"1221","MOUNT CAYLEY","2023081703",0,17.4,57,0.2,113,3,,,,,,,,,,,,,626.4,,,,,,,,,,11444.2,0,
"1221","MOUNT CAYLEY","2023081704",0,17,57,0.3,106,4.2,,,,,,,,,,,,,626.4,,,,,,,,,,11444.2,0,
"1221","MOUNT CAYLEY","2023081705",0,16.4,59,0.2,119,2.8,,,,,,,,,,,,,626.4,,,,,,,,,,11444.2,0,
"1221","MOUNT CAYLEY","2023081706",0,16.3,61,0,120,2,,,,,,,,,,,,,626.4,,,,,,,,,,11444.2,24,
"1221","MOUNT CAYLEY","2023081707",0,18.2,52,0.9,172,4.5,,,,,,,,,,,,,626.4,,,,,,,,,,11444.2,106,
"1221","MOUNT CAYLEY","2023081708",0,19.5,58,1,331,5.2,,,,,,,,,,,,,626.4,,,,,,,,,,11444.2,335,
"1221","MOUNT CAYLEY","2023081709",0,19.7,52,0.7,8,5.9,,,,,,,,,,,,,626.4,,,,,,,,,,11444.2,418,
"1221","MOUNT CAYLEY","2023081710",0,20.4,54,1.7,266,8.7,,,,,,,,,,,,,626.4,,,,,,,,,,11444.2,650,
"1221","MOUNT CAYLEY","2023081711",0,21.3,41,5.1,225,10,,,,,,,,,,,,,626.4,,,,,,,,,,11444.2,728,
"1221","MOUNT CAYLEY","2023081712",0,21,42,5.9,216,13.4,,,,0,,,,,,,,,626.4,,,,,,,,,,11444.2,449,
"1221","MOUNT CAYLEY","2023081713",0,21.9,44,5.5,272,17,,,,,,,,,,,,,626.4,,,,,,,,,,11444.2,588,
"1221","MOUNT CAYLEY","2023081714",0,22.9,43,5.2,248,17.9,,,,,,,,,,,,,626.4,,,,,,,,,,11444.2,866,
"1221","MOUNT CAYLEY","2023081715",0,22.8,45,7.9,243,19.3,,,,,,,,,,,,,626.4,,,,,,,,,,11444.2,729,
"1221","MOUNT CAYLEY","2023081716",0,22.9,41,5.7,221,19.6,,,,,,,,,,,,,626.4,,,,,,,,,,11444.2,613,
"1221","MOUNT CAYLEY","2023081717",0,22,40,6.8,224,21.4,,,,,,,,,,,,,626.4,,,,,,,,,,11444.2,455,
"1221","MOUNT CAYLEY","2023081718",0,20.6,43,6.9,229,22.6,,,,,,,,,,,,,626.4,,,,,,,,,,11444.2,279,
"1221","MOUNT CAYLEY","2023081719",0,18.4,45,4,218,19.6,,,,,,,,,,,,,626.4,,,,,,,,,,11444.2,100,
"1221","MOUNT CAYLEY","2023081720",0,16.3,54,3.1,189,14.1,,,,,,,,,,,,,626.4,,,,,,,,,,11444.2,4,
"1221","MOUNT CAYLEY","2023081721",0,15.8,56,2.6,190,13.8,,,,,,,,,,,,,626.4,,,,,,,,,,11444.2,0,
"1221","MOUNT CAYLEY","2023081722",0,15.4,59,3,221,11.8,,,,,,,,,,,,,626.4,,,,,,,,,,11444.2,0,
"1221","MOUNT CAYLEY","2023081723",0,14.6,59,5.2,176,15.9,,,,,,,,,,,,,626.4,,,,,,,,,,11444.2,0,
"1239","SASKATCHEWAN CROSSING","2023081700",0,11.8,68,6,215,11.7,,,,,,,,,,,,,,,,,,,,,,,223.3,,
"1239","SASKATCHEWAN CROSSING","2023081701",0,11.8,70,4.7,223,12.1,,,,,,,,,,,,,,,,,,,,,,,223.3,,
"1239","SASKATCHEWAN CROSSING","2023081702",0,12.1,68,6.5,221,15.4,,,,,,,,,,,,,,,,,,,,,,,223.3,,
"1239","SASKATCHEWAN CROSSING","2023081703",0,10.7,78,5.4,222,11,,,,,,,,,,,,,,,,,,,,,,,223.3,,
"1239","SASKATCHEWAN CROSSING","2023081704",0,10.8,75,6.3,213,12.1,,,,,,,,,,,,,,,,,,,,,,,223.3,,
"1239","SASKATCHEWAN CROSSING","2023081705",0,9.1,83,5.1,237,11.8,,,,,,,,,,,,,,,,,,,,,,,223.3,,
"1239","SASKATCHEWAN CROSSING","2023081706",0,11.1,77,4.5,240,10,,,,,,,,,,,,,,,,,,,,,,,223.3,,
"1239","SASKATCHEWAN CROSSING","2023081707",0,18.6,50,1.6,221,8.2,,,,,,,,,,,,,,,,,,,,,,,223.3,,
"1239","SASKATCHEWAN CROSSING","2023081708",0,22.5,40,5.7,228,9.8,,,,,,,,,,,,,,,,,,,,,,,223.3,,
"1239","SASKATCHEWAN CROSSING","2023081709",0,26.2,31,10.5,271,22.5,,,,,,,,,,,,,,,,,,,,,,,223.3,,
"1239","SASKATCHEWAN CROSSING","2023081710",0,27.3,28,10.9,261,33.6,,,,,,,,,,,,,,,,,,,,,,,223.3,,
"1239","SASKATCHEWAN CROSSING","2023081711",0,27.8,26,12,245,30.4,,,,,,,,,,,,,,,,,,,,,,,223.3,,
"1239","SASKATCHEWAN CROSSING","2023081712",0,26.2,30,13.7,268,28.6,,,,0,,,,,,,,,,,,,,,,,,,223.3,,
"1239","SASKATCHEWAN CROSSING","2023081713",0,27.7,28,10.7,271,24.8,,,,,,,,,,,,,,,,,,,,,,,223.3,,
"1239","SASKATCHEWAN CROSSING","2023081714",0,29.6,24,12.2,228,35.9,,,,,,,,,,,,,,,,,,,,,,,223.3,,
"1239","SASKATCHEWAN CROSSING","2023081715",0,29.5,24,8.9,268,26.8,,,,,,,,,,,,,,,,,,,,,,,223.3,,
"1239","SASKATCHEWAN CROSSING","2023081716",0,27.9,27,12.9,274,27.4,,,,,,,,,,,,,,,,,,,,,,,223.3,,
"1239","SASKATCHEWAN CROSSING","2023081717",0,27.1,27,12.6,264,31.1,,,,,,,,,,,,,,,,,,,,,,,223.3,,
"1239","SASKATCHEWAN CROSSING","2023081718",0,26.2,29,10.8,256,26.3,,,,,,,,,,,,,,,,,,,,,,,223.3,,
"1239","SASKATCHEWAN CROSSING","2023081719",0,24,32,8.3,245,20.2,,,,,,,,,,,,,,,,,,,,,,,223.3,,
"1239","SASKATCHEWAN CROSSING","2023081720",0,21,42,3.9,286,14.9,,,,,,,,,,,,,,,,,,,,,,,223.3,,
"1239","SASKATCHEWAN CROSSING","2023081721",0,21.5,45,10.4,286,28.9,,,,,,,,,,,,,,,,,,,,,,,223.3,,
"1239","SASKATCHEWAN CROSSING","2023081722",0,20.1,49,8.1,256,24.2,,,,,,,,,,,,,,,,,,,,,,,223.3,,
"1239","SASKATCHEWAN CROSSING","2023081723",0,20.5,46,7.3,287,17.3,,,,,,,,,,,,,,,,,,,,,,,223.3,,
"1240","BOULDER CREEK","2023081700",0,13.8,63,0.3,70,3.9,,,,,,,,,,,,,,,,,,,,,,,804.7,,
"1240","BOULDER CREEK","2023081701",0,13.1,69,1.5,82,4.1,,,,,,,,,,,,,,,,,,,,,,,804.7,,
"1240","BOULDER CREEK","2023081702",0,12.1,70,0.6,83,3.2,,,,,,,,,,,,,,,,,,,,,,,804.7,,
"1240","BOULDER CREEK","2023081703",0,11.8,73,1.4,110,4.7,,,,,,,,,,,,,,,,,,,,,,,804.7,,
"1240","BOULDER CREEK","2023081704",0,11,76,1.5,81,4.3,,,,,,,,,,,,,,,,,,,,,,,804.7,,
"1240","BOULDER CREEK","2023081705",0,10.5,78,0.4,77,3.4,,,,,,,,,,,,,,,,,,,,,,,804.7,,
"1240","BOULDER CREEK","2023081706",0,10.7,82,0.1,59,4.7,,,,,,,,,,,,,,,,,,,,,,,804.7,,
"1240","BOULDER CREEK","2023081707",0,11.5,79,0.3,90,3.7,,,,,,,,,,,,,,,,,,,,,,,804.7,,
"1240","BOULDER CREEK","2023081708",0,17.5,53,0,84,5,,,,,,,,,,,,,,,,,,,,,,,804.7,,
"1240","BOULDER CREEK","2023081709",0,21.8,41,0.2,203,4.7,,,,,,,,,,,,,,,,,,,,,,,804.7,,
"1240","BOULDER CREEK","2023081710",0,23.9,35,3.1,240,7.3,,,,,,,,,,,,,,,,,,,,,,,804.7,,
"1240","BOULDER CREEK","2023081711",0,27.7,26,1.7,198,7.1,,,,,,,,,,,,,,,,,,,,,,,804.7,,
"1240","BOULDER CREEK","2023081712",0,30.6,24,3.6,125,14.2,,,,0,,,,,,,,,,,,,,,,,,,804.7,,
"1240","BOULDER CREEK","2023081713",0,31.3,20,3,167,20.2,,,,,,,,,,,,,,,,,,,,,,,804.7,,
"1240","BOULDER CREEK","2023081714",0,31.5,20,2.3,211,13.5,,,,,,,,,,,,,,,,,,,,,,,804.7,,
"1240","BOULDER CREEK","2023081715",0,31.5,21,3.3,240,18.3,,,,,,,,,,,,,,,,,,,,,,,804.7,,
"1240","BOULDER CREEK","2023081716",0,30.5,23,2.8,224,18.3,,,,,,,,,,,,,,,,,,,,,,,804.7,,
"1240","BOULDER CREEK","2023081717",0,28.5,27,1.1,243,16.7,,,,,,,,,,,,,,,,,,,,,,,804.7,,
"1240","BOULDER CREEK","2023081718",0,26.7,28,1.8,266,11.7,,,,,,,,,,,,,,,,,,,,,,,804.7,,
"1240","BOULDER CREEK","2023081719",0,24.9,33,0.7,305,10.8,,,,,,,,,,,,,,,,,,,,,,,804.7,,
"1240","BOULDER CREEK","2023081720",0,23.2,34,3,37,14.4,,,,,,,,,,,,,,,,,,,,,,,804.7,,
"1240","BOULDER CREEK","2023081721",0,21.6,46,0.9,161,15.7,,,,,,,,,,,,,,,,,,,,,,,804.7,,
"1240","BOULDER CREEK","2023081722",0,19.4,53,2.2,177,8.3,,,,,,,,,,,,,,,,,,,,,,,804.7,,
"1240","BOULDER CREEK","2023081723",0,17.9,59,0.5,84,6.4,,,,,,,,,,,,,,,,,,,,,,,804.7,,
"1241","VERMILLION CROSSING","2023081700",0,10.3,80,0.1,216,3.2,,,,,,,,,,,,,,,,,,,,,,,425.7,,
"1241","VERMILLION CROSSING","2023081701",0,9.2,83,0,12,3.4,,,,,,,,,,,,,,,,,,,,,,,425.7,,
"1241","VERMILLION CROSSING","2023081702",0,8.1,86,0,225,2.2,,,,,,,,,,,,,,,,,,,,,,,425.7,,
"1241","VERMILLION CROSSING","2023081703",0,7.6,85,0.3,253,3.3,,,,,,,,,,,,,,,,,,,,,,,425.7,,
"1241","VERMILLION CROSSING","2023081704",0,6.7,86,0.4,242,3.3,,,,,,,,,,,,,,,,,,,,,,,425.7,,
"1241","VERMILLION CROSSING","2023081705",0,6.2,89,0,226,4.1,,,,,,,,,,,,,,,,,,,,,,,425.7,,
"1241","VERMILLION CROSSING","2023081706",0,7.1,90,0,22,3.5,,,,,,,,,,,,,,,,,,,,,,,425.7,,
"1241","VERMILLION CROSSING","2023081707",0,12.6,72,0.2,92,3.6,,,,,,,,,,,,,,,,,,,,,,,425.7,,
"1241","VERMILLION CROSSING","2023081708",0,18.4,51,0.1,121,2.6,,,,,,,,,,,,,,,,,,,,,,,425.7,,
"1241","VERMILLION CROSSING","2023081709",0,22.7,40,1.2,85,5.1,,,,,,,,,,,,,,,,,,,,,,,425.7,,
"1241","VERMILLION CROSSING","2023081710",0,24.8,35,2.1,169,10.1,,,,,,,,,,,,,,,,,,,,,,,425.7,,
"1241","VERMILLION CROSSING","2023081711",0,29,25,4.1,115,10.1,,,,,,,,,,,,,,,,,,,,,,,425.7,,
"1241","VERMILLION CROSSING","2023081712",0,29.6,23,4.3,129,14.4,,,,0,,,,,,,,,,,,,,,,,,,425.7,,
"1241","VERMILLION CROSSING","2023081713",0,30.1,22,7.7,124,19,,,,,,,,,,,,,,,,,,,,,,,425.7,,
"1241","VERMILLION CROSSING","2023081714",0,30.2,22,3.9,165,21.3,,,,,,,,,,,,,,,,,,,,,,,425.7,,
"1241","VERMILLION CROSSING","2023081715",0,30.4,20,4.3,144,17.3,,,,,,,,,,,,,,,,,,,,,,,425.7,,
"1241","VERMILLION CROSSING","2023081716",0,29.3,22,4.3,118,15.9,,,,,,,,,,,,,,,,,,,,,,,425.7,,
"1241","VERMILLION CROSSING","2023081717",0,28,29,2.7,61,12.9,,,,,,,,,,,,,,,,,,,,,,,425.7,,
"1241","VERMILLION CROSSING","2023081718",0,24.4,41,0.4,274,5.8,,,,,,,,,,,,,,,,,,,,,,,425.7,,
"1241","VERMILLION CROSSING","2023081719",0,21.3,47,0.6,273,4.3,,,,,,,,,,,,,,,,,,,,,,,425.7,,
"1241","VERMILLION CROSSING","2023081720",0,19.4,51,0.4,246,5,,,,,,,,,,,,,,,,,,,,,,,425.7,,
"1241","VERMILLION CROSSING","2023081721",0,17.8,56,0.7,292,5.6,,,,,,,,,,,,,,,,,,,,,,,425.7,,
"1241","VERMILLION CROSSING","2023081722",0,16.6,60,0.1,261,5.6,,,,,,,,,,,,,,,,,,,,,,,425.7,,
"1241","VERMILLION CROSSING","2023081723",0,16.1,59,2.5,310,8.6,,,,,,,,,,,,,,,,,,,,,,,425.7,,
"1242","MCLEOD MEADOWS","2023081700",0,11.2,81,0,325,2,,,,,,,,,,,,,,,,,,,,,,,393.7,,
"1242","MCLEOD MEADOWS","2023081701",0,10.3,84,0,6,3.4,,,,,,,,,,,,,,,,,,,,,,,393.7,,
"1242","MCLEOD MEADOWS","2023081702",0,9,89,0,6,1.8,,,,,,,,,,,,,,,,,,,,,,,393.7,,
"1242","MCLEOD MEADOWS","2023081703",0,8.4,89,0,7,2.7,,,,,,,,,,,,,,,,,,,,,,,393.7,,
"1242","MCLEOD MEADOWS","2023081704",0,7.5,93,0,7,0,,,,,,,,,,,,,,,,,,,,,,,393.7,,
"1242","MCLEOD MEADOWS","2023081705",0,7,92,0,7,1.8,,,,,,,,,,,,,,,,,,,,,,,393.7,,
"1242","MCLEOD MEADOWS","2023081706",0,7.5,90,0,338,2.7,,,,,,,,,,,,,,,,,,,,,,,393.7,,
"1242","MCLEOD MEADOWS","2023081707",0,12.5,78,0,354,3.2,,,,,,,,,,,,,,,,,,,,,,,393.7,,
"1242","MCLEOD MEADOWS","2023081708",0,17.8,61,0.2,174,4.6,,,,,,,,,,,,,,,,,,,,,,,393.7,,
"1242","MCLEOD MEADOWS","2023081709",0,21.6,45,0.5,333,4.2,,,,,,,,,,,,,,,,,,,,,,,393.7,,
"1242","MCLEOD MEADOWS","2023081710",0,24.4,35,3.9,163,10.4,,,,,,,,,,,,,,,,,,,,,,,393.7,,
"1242","MCLEOD MEADOWS","2023081711",0,27.4,32,3.9,163,8.8,,,,,,,,,,,,,,,,,,,,,,,393.7,,
"1242","MCLEOD MEADOWS","2023081712",0,29.6,25,5.5,173,18.1,,,,0,,,,,,,,,,,,,,,,,,,393.7,,
"1242","MCLEOD MEADOWS","2023081713",0,30.8,22,2,169,10.7,,,,,,,,,,,,,,,,,,,,,,,393.7,,
"1242","MCLEOD MEADOWS","2023081714",0,31.4,21,3.2,193,12.3,,,,,,,,,,,,,,,,,,,,,,,393.7,,
"1242","MCLEOD MEADOWS","2023081715",0,31.6,24,2.9,154,14.1,,,,,,,,,,,,,,,,,,,,,,,393.7,,
"1242","MCLEOD MEADOWS","2023081716",0,31.4,25,2.8,252,10.8,,,,,,,,,,,,,,,,,,,,,,,393.7,,
"1242","MCLEOD MEADOWS","2023081717",0,28.3,37,0.1,265,7.9,,,,,,,,,,,,,,,,,,,,,,,393.7,,
"1242","MCLEOD MEADOWS","2023081718",0,23.4,47,1.2,315,6.2,,,,,,,,,,,,,,,,,,,,,,,393.7,,
"1242","MCLEOD MEADOWS","2023081719",0,22.1,44,3,226,19.5,,,,,,,,,,,,,,,,,,,,,,,393.7,,
"1242","MCLEOD MEADOWS","2023081720",0,20,54,0.4,217,11,,,,,,,,,,,,,,,,,,,,,,,393.7,,
"1242","MCLEOD MEADOWS","2023081721",0,18.5,61,0.4,193,4.2,,,,,,,,,,,,,,,,,,,,,,,393.7,,
"1242","MCLEOD MEADOWS","2023081722",0,16.8,64,0.1,299,4.8,,,,,,,,,,,,,,,,,,,,,,,393.7,,
"1242","MCLEOD MEADOWS","2023081723",0,15.5,66,0.1,309,4.3,,,,,,,,,,,,,,,,,,,,,,,393.7,,
"1260","REDSTREAK","2023081700",0,22.9,34,1.9,13,5.6,,,,,,,,,,,,,,,,,,,,,,,1624.33,,
"1260","REDSTREAK","2023081701",0,22.1,36,3.7,4,10.4,,,,,,,,,,,,,,,,,,,,,,,1624.33,,
"1260","REDSTREAK","2023081702",0,22,36,3.1,15,7.7,,,,,,,,,,,,,,,,,,,,,,,1624.33,,
"1260","REDSTREAK","2023081703",0,21.1,38,4.1,3,10.2,,,,,,,,,,,,,,,,,,,,,,,1624.33,,
"1260","REDSTREAK","2023081704",0,16.9,52,3.1,109,11.1,,,,,,,,,,,,,,,,,,,,,,,1624.33,,
"1260","REDSTREAK","2023081705",0,15.7,54,0,60,4.2,,,,,,,,,,,,,,,,,,,,,,,1624.33,,
"1260","REDSTREAK","2023081706",0,15.5,54,0.6,35,5.9,,,,,,,,,,,,,,,,,,,,,,,1624.33,,
"1260","REDSTREAK","2023081707",0,16.7,51,0.1,329,6.4,,,,,,,,,,,,,,,,,,,,,,,1624.33,,
"1260","REDSTREAK","2023081708",0,18.1,50,0.9,86,4.1,,,,,,,,,,,,,,,,,,,,,,,1624.33,,
"1260","REDSTREAK","2023081709",0,19.3,50,1.7,289,6.9,,,,,,,,,,,,,,,,,,,,,,,1624.33,,
"1260","REDSTREAK","2023081710",0,22.8,40,1.6,264,5.4,,,,,,,,,,,,,,,,,,,,,,,1624.33,,
"1260","REDSTREAK","2023081711",0,25.2,35,3.3,260,9.6,,,,,,,,,,,,,,,,,,,,,,,1624.33,,
"1260","REDSTREAK","2023081712",0,27.7,28,2.2,214,8.6,,,,0,,,,,,,,,,,,,,,,,,,1624.33,,
"1260","REDSTREAK","2023081713",0,28.4,29,2.8,291,10.2,,,,,,,,,,,,,,,,,,,,,,,1624.33,,
"1260","REDSTREAK","2023081714",0,29.8,26,2.3,216,9.7,,,,,,,,,,,,,,,,,,,,,,,1624.33,,
"1260","REDSTREAK","2023081715",0,31.4,23,7.1,185,13.2,,,,,,,,,,,,,,,,,,,,,,,1624.33,,
"1260","REDSTREAK","2023081716",0,32.8,20,2.3,120,11.1,,,,,,,,,,,,,,,,,,,,,,,1624.33,,
"1260","REDSTREAK","2023081717",0,32.9,20,2,316,10.5,,,,,,,,,,,,,,,,,,,,,,,1624.33,,
"1260","REDSTREAK","2023081718",0,32.8,21,0.9,303,7.3,,,,,,,,,,,,,,,,,,,,,,,1624.33,,
"1260","REDSTREAK","2023081719",0,30.6,22,0.3,334,5.9,,,,,,,,,,,,,,,,,,,,,,,1624.33,,
"1260","REDSTREAK","2023081720",0,27.8,25,2.2,63,7.3,,,,,,,,,,,,,,,,,,,,,,,1624.33,,
"1260","REDSTREAK","2023081721",0,25.8,28,1.1,66,7.5,,,,,,,,,,,,,,,,,,,,,,,1624.33,,
"1260","REDSTREAK","2023081722",0,24.7,31,3,91,5.9,,,,,,,,,,,,,,,,,,,,,,,1624.33,,
"1260","REDSTREAK","2023081723",0,24.8,29,2.7,87,7.8,,,,,,,,,,,,,,,,,,,,,,,1624.33,,
"1264","LOWER BEAVER","2023081700",0,13.5,82,0,72,5.4,88.921,3.673,16.035,,,,,,,,,,,,,,,,,,,,144.78,,
"1264","LOWER BEAVER","2023081701",0,12.6,86,0,125,4.5,88.225,3.323,14.86,,,,,,,,,,,,,,,,,,,,144.78,,
"1264","LOWER BEAVER","2023081702",0,11.5,90,0,125,2.7,87.458,2.978,13.65,,,,,,,,,,,,,,,,,,,,144.78,,
"1264","LOWER BEAVER","2023081703",0,11.4,89,0.8,92,4.2,86.7,2.783,12.945,,,,,,,,,,,,,,,,,,,,144.78,,
"1264","LOWER BEAVER","2023081704",0,10.5,91,0.5,162,3.4,85.961,2.47,11.769,,,,,,,,,,,,,,,,,,,,144.78,,
"1264","LOWER BEAVER","2023081705",0,10.1,93,0,351,3.1,85.283,2.191,10.675,,,,,,,,,,,,,,,,,,,,144.78,,
"1264","LOWER BEAVER","2023081706",0,10.1,93,0.2,258,2.3,84.616,2.02,9.977,,,,,,,,,,,,,,,,,,,,144.78,,
"1264","LOWER BEAVER","2023081707",0,11.1,93,0,259,2,84.044,1.851,9.269,,,,,,,,,,,,,,,,,,,,144.78,,
"1264","LOWER BEAVER","2023081708",0,15.6,73,3.2,36,7.1,84.091,2.189,10.666,,,,,,,,,,,,,,,,,,,,144.78,,
"1264","LOWER BEAVER","2023081709",0,21.1,52,0.1,17,5.4,84.394,1.95,9.687,,,,,,,,,,,,,,,,,,,,144.78,,
"1264","LOWER BEAVER","2023081710",0,25.3,42,0.3,147,3.8,85.029,2.148,10.501,,,,,,,,,,,,,,,,,,,,144.78,,
"1264","LOWER BEAVER","2023081711",0,28,33,1.4,314,7,86.065,2.622,12.348,,,,,,,,,,,,,,,,,,,,144.78,,
"1264","LOWER BEAVER","2023081712",0,31.7,29,1.3,281,8.9,87.321,3.118,14.147,0,94.97,9.206,31.522,77.929,520.084,113.384,5,,,,,,,,,,,,144.78,,
"1264","LOWER BEAVER","2023081713",0,31.9,25,3.6,185,18.1,88.673,4.249,18.324,,,,,,,,,,,,,,,,,,,,144.78,,
"1264","LOWER BEAVER","2023081714",0,32.2,25,2.7,240,24.8,89.763,4.748,19.872,,,,,,,,,,,,,,,,,,,,144.78,,
"1264","LOWER BEAVER","2023081715",0,33.2,23,2.1,237,12.6,90.781,5.329,21.595,,,,,,,,,,,,,,,,,,,,144.78,,
"1264","LOWER BEAVER","2023081716",0,31.6,25,1.9,143,16.9,91.43,5.787,22.898,,,,,,,,,,,,,,,,,,,,144.78,,
"1264","LOWER BEAVER","2023081717",0,29.2,31,1.7,100,9.9,91.643,5.904,23.224,,,,,,,,,,,,,,,,,,,,144.78,,
"1264","LOWER BEAVER","2023081718",0,25.6,47,0.3,120,7.3,91.559,5.437,21.906,,,,,,,,,,,,,,,,,,,,144.78,,
"1264","LOWER BEAVER","2023081719",0,24.7,54,7.5,60,25.6,91.213,7.439,27.278,,,,,,,,,,,,,,,,,,,,144.78,,
"1264","LOWER BEAVER","2023081720",0,21.3,68,0.1,310,8.7,90.693,4.758,19.902,,,,,,,,,,,,,,,,,,,,144.78,,
"1264","LOWER BEAVER","2023081721",0,18.9,75,2.5,13,7.5,89.917,4.805,20.046,,,,,,,,,,,,,,,,,,,,144.78,,
"1264","LOWER BEAVER","2023081722",0,18.7,72,4.6,102,14.6,89.286,4.88,20.271,,,,,,,,,,,,,,,,,,,,144.78,,
"1264","LOWER BEAVER","2023081723",0,17.1,77,4.7,186,11,88.584,4.434,18.906,,,,,,,,,,,,,,,,,,,,144.78,,
"1265","UPPER BEAVER","2023081700",0,18.9,39,4.2,112,8.3,92.698,7.773,23.554,,,,,,,,,,,,,,,,,,,,131.06,,
"1265","UPPER BEAVER","2023081701",0,18,42,3.1,320,5.6,92.489,7.14,22.182,,,,,,,,,,,,,,,,,,,,131.06,,
"1265","UPPER BEAVER","2023081702",0,17.9,42,5,109,6.8,92.28,7.629,23.247,,,,,,,,,,,,,,,,,,,,131.06,,
"1265","UPPER BEAVER","2023081703",0,18,41,3,107,7,92.131,6.755,21.32,,,,,,,,,,,,,,,,,,,,131.06,,
"1265","UPPER BEAVER","2023081704",0,17.4,42,4.3,113,11.2,91.959,7.039,21.957,,,,,,,,,,,,,,,,,,,,131.06,,
"1265","UPPER BEAVER","2023081705",0,16.9,44,3.6,18,8.9,91.767,6.612,20.996,,,,,,,,,,,,,,,,,,,,131.06,,
"1265","UPPER BEAVER","2023081706",0,17.1,44,2.5,326,6.9,91.606,6.115,19.844,,,,,,,,,,,,,,,,,,,,131.06,,
"1265","UPPER BEAVER","2023081707",0,17.2,45,5.7,143,9.4,91.413,6.99,21.848,,,,,,,,,,,,,,,,,,,,131.06,,
"1265","UPPER BEAVER","2023081708",0,19.9,40,6.7,144,19.3,91.375,7.312,22.56,,,,,,,,,,,,,,,,,,,,131.06,,
"1265","UPPER BEAVER","2023081709",0,21.6,40,5,223,10.8,91.373,6.71,21.219,,,,,,,,,,,,,,,,,,,,131.06,,
"1265","UPPER BEAVER","2023081710",0,23.6,33,9.2,181,17.5,91.423,8.35,24.768,,,,,,,,,,,,,,,,,,,,131.06,,
"1265","UPPER BEAVER","2023081711",0,25.2,30,11.1,151,26.2,91.571,9.385,26.857,,,,,,,,,,,,,,,,,,,,131.06,,
"1265","UPPER BEAVER","2023081712",0,26,27,16.2,180,30.4,91.855,12.633,32.844,0,93.207,15.281,38.356,56.023,421.159,84.084,5,,,,,,,,,,,,131.06,,
"1265","UPPER BEAVER","2023081713",0,26.4,27,19.7,158,35.7,92.105,15.613,38.896,,,,,,,,,,,,,,,,,,,,131.06,,
"1265","UPPER BEAVER","2023081714",0,27.1,25,12.4,171,29.4,92.405,11.274,31.372,,,,,,,,,,,,,,,,,,,,131.06,,
"1265","UPPER BEAVER","2023081715",0,26.2,27,11.7,178,28.8,92.524,11.068,30.987,,,,,,,,,,,,,,,,,,,,131.06,,
"1265","UPPER BEAVER","2023081716",0,26.3,28,8.2,246,23.3,92.583,9.355,27.643,,,,,,,,,,,,,,,,,,,,131.06,,
"1265","UPPER BEAVER","2023081717",0,24.3,31,6.1,252,25.2,92.633,8.475,25.826,,,,,,,,,,,,,,,,,,,,131.06,,
"1265","UPPER BEAVER","2023081718",0,23.4,32,4.6,57,16.4,92.683,7.914,24.623,,,,,,,,,,,,,,,,,,,,131.06,,
"1265","UPPER BEAVER","2023081719",0,22.9,33,1.7,351,8.9,92.712,6.866,22.278,,,,,,,,,,,,,,,,,,,,131.06,,
"1265","UPPER BEAVER","2023081720",0,21.3,37,3.2,121,20.2,92.635,7.325,23.322,,,,,,,,,,,,,,,,,,,,131.06,,
"1265","UPPER BEAVER","2023081721",0,21.1,42,8.9,132,17.5,92.412,9.461,27.858,,,,,,,,,,,,,,,,,,,,131.06,,
"1265","UPPER BEAVER","2023081722",0,21.6,36,5,9,23.1,92.382,7.74,24.243,,,,,,,,,,,,,,,,,,,,131.06,,
"1265","UPPER BEAVER","2023081723",0,20.7,38,6.8,352,12,92.292,8.368,25.598,,,,,,,,,,,,,,,,,,,,131.06,,
"1268","VALEMOUNT AIRPORT","2023081700",0,11.5,81,3.1,286,9.1,88.754,4.191,15.439,,,,,,,,,,,,,,,,,,,,,,
"1268","VALEMOUNT AIRPORT","2023081701",0,10.4,88,0,216,7.9,88.032,3.233,12.618,,,,,,,,,,,,,,,,,,,,,,
"1268","VALEMOUNT AIRPORT","2023081702",0,9.1,91,0,299,5.6,87.278,2.902,11.574,,,,,,,,,,,,,,,,,,,,,,
"1268","VALEMOUNT AIRPORT","2023081703",0,8.2,99,0,113,2.2,86.179,2.483,10.184,,,,,,,,,,,,,,,,,,,,,,
"1268","VALEMOUNT AIRPORT","2023081704",0,7.4,100,1.9,260,5.6,84.89,2.284,9.494,,,,,,,,,,,,,,,,,,,,,,
"1268","VALEMOUNT AIRPORT","2023081705",0,7.6,100,1.7,295,6.2,83.739,1.937,8.234,,,,,,,,,,,,,,,,,,,,,,
"1268","VALEMOUNT AIRPORT","2023081706",0,12,87,3.6,73,9.1,83.376,2.032,8.588,,,,,,,,,,,,,,,,,,,,,,
"1268","VALEMOUNT AIRPORT","2023081707",0,19.9,57,1.6,198,5.6,83.671,1.91,8.133,,,,,,,,,,,,,,,,,,,,,,
"1268","VALEMOUNT AIRPORT","2023081708",0,21.1,57,2.9,198,7.9,83.987,2.126,8.93,,,,,,,,,,,,,,,,,,,,,,
"1268","VALEMOUNT AIRPORT","2023081709",0,22.1,52,0,208,6.8,84.302,1.916,8.159,,,,,,,,,,,,,,,,,,,,,,
"1268","VALEMOUNT AIRPORT","2023081710",0,23.9,46,7.9,315,13.1,84.987,3.132,12.304,,,,,,,,,,,,,,,,,,,,,,
"1268","VALEMOUNT AIRPORT","2023081711",0,27.7,39,7.8,139,13.7,86.001,3.588,13.697,,,,,,,,,,,,,,,,,,,,,,
"1268","VALEMOUNT AIRPORT","2023081712",0,27.9,36,10.2,202,14.3,87.014,4.673,16.761,0,92.509,10.24,30.205,55.144,567.141,88.721,4,,,,,,,,,,,,,,
"1268","VALEMOUNT AIRPORT","2023081713",0,27.6,36,4.7,152,10.8,87.74,3.929,15.213,,,,,,,,,,,,,,,,,,,,,,
"1268","VALEMOUNT AIRPORT","2023081714",0,32.4,25,11.2,109,20.6,89.269,6.788,22.731,,,,,,,,,,,,,,,,,,,,,,
"1268","VALEMOUNT AIRPORT","2023081715",0,29.1,34,16.8,328,32.1,89.87,9.811,29.342,,,,,,,,,,,,,,,,,,,,,,
"1268","VALEMOUNT AIRPORT","2023081716",0,26.9,37,12.4,327,27.5,90.106,8.131,25.796,,,,,,,,,,,,,,,,,,,,,,
"1268","VALEMOUNT AIRPORT","2023081717",0,25.9,31,18.1,324,37.3,90.512,11.484,32.621,,,,,,,,,,,,,,,,,,,,,,
"1268","VALEMOUNT AIRPORT","2023081718",0,21.3,40,16,335,32.1,90.562,10.404,30.531,,,,,,,,,,,,,,,,,,,,,,
"1268","VALEMOUNT AIRPORT","2023081719",0,19.1,56,13.7,345,32.7,90.198,8.796,27.234,,,,,,,,,,,,,,,,,,,,,,
"1268","VALEMOUNT AIRPORT","2023081720",1.2,14.2,97,7.9,168,17.7,64.127,0.757,3.36,,,,,,,,,,,,,,,,,,,,,,
"1268","VALEMOUNT AIRPORT","2023081721",1.6,14,100,3.1,170,16,42.145,0.06,0.154,,,,,,,,,,,,,,,,,,,,,,
"1268","VALEMOUNT AIRPORT","2023081722",0,13.4,100,4.4,132,10.8,42.179,0.065,0.165,,,,,,,,,,,,,,,,,,,,,,
"1268","VALEMOUNT AIRPORT","2023081723",0,13.5,100,5.9,198,10.2,42.213,0.07,0.179,,,,,,,,,,,,,,,,,,,,,,
"1270","OLD FADDY","2023081700",0,12.1,42,13.7,211,32.5,83.965,3.653,4.883,,,,,,,,,,,,,,,,,,,,2162.2,,
"1270","OLD FADDY","2023081701",0,10.8,49,11.6,226,42.1,84.216,3.398,4.53,,,,,,,,,,,,,,,,,,,,2162.2,,
"1270","OLD FADDY","2023081702",0,9.7,50,6.2,229,23.1,84.386,2.649,3.436,,,,,,,,,,,,,,,,,,,,2162.2,,
"1270","OLD FADDY","2023081703",0,9.2,50,5.8,223,14.7,84.532,2.648,3.434,,,,,,,,,,,,,,,,,,,,2162.2,,
"1270","OLD FADDY","2023081704",0,8.7,52,8.5,195,22.5,84.634,3.076,4.071,,,,,,,,,,,,,,,,,,,,2162.2,,
"1270","OLD FADDY","2023081705",0,8.4,53,8.3,208,24.4,84.709,3.076,4.071,,,,,,,,,,,,,,,,,,,,2162.2,,
"1270","OLD FADDY","2023081706",0,9.2,51,11.7,202,26,84.823,3.709,4.959,,,,,,,,,,,,,,,,,,,,2162.2,,
"1270","OLD FADDY","2023081707",0,9.2,52,11.3,203,27.9,84.911,3.679,4.918,,,,,,,,,,,,,,,,,,,,2162.2,,
"1270","OLD FADDY","2023081708",0,9.3,53,9.2,205,21.2,84.976,3.339,4.446,,,,,,,,,,,,,,,,,,,,2162.2,,
"1270","OLD FADDY","2023081709",0,9.3,55,8.3,225,17.3,85.024,3.212,4.266,,,,,,,,,,,,,,,,,,,,2162.2,,
"1270","OLD FADDY","2023081710",0,10,54,13.6,251,27.9,85.074,4.225,5.647,,,,,,,,,,,,,,,,,,,,2162.2,,
"1270","OLD FADDY","2023081711",0,9.9,60,9.8,238,30.3,85.122,3.511,4.687,,,,,,,,,,,,,,,,,,,,2162.2,,
"1270","OLD FADDY","2023081712",0,9.9,65,15.7,268,29.9,85.122,4.727,6.291,0,77.789,2.042,2.667,8.369,428.797,15.959,2,,,,,,,,,,,,2162.2,,
"1270","OLD FADDY","2023081713",0.2,9.3,73,9.9,246,22,80.499,1.975,2.55,,,,,,,,,,,,,,,,,,,,2162.4,,
"1270","OLD FADDY","2023081714",0.4,9.1,81,7.1,247,19.2,72.354,0.97,0.765,,,,,,,,,,,,,,,,,,,,2162.8,,
"1270","OLD FADDY","2023081715",0,9.8,70,8.3,257,19,73.048,1.06,0.836,,,,,,,,,,,,,,,,,,,,2162.8,,
"1270","OLD FADDY","2023081716",0,9.4,78,11,289,26.1,73.54,1.24,0.978,,,,,,,,,,,,,,,,,,,,2162.8,,
"1270","OLD FADDY","2023081717",0,10.2,73,10.1,270,18.1,74.133,1.218,0.961,,,,,,,,,,,,,,,,,,,,2162.8,,
"1270","OLD FADDY","2023081718",0,9.9,76,10.8,265,22.3,74.62,1.293,1.133,,,,,,,,,,,,,,,,,,,,2162.8,,
"1270","OLD FADDY","2023081719",0,9.9,78,6.4,274,18.7,74.984,1.057,0.833,,,,,,,,,,,,,,,,,,,,2162.8,,
"1270","OLD FADDY","2023081720",0,8.1,89,2,282,13.8,75.077,0.851,0.671,,,,,,,,,,,,,,,,,,,,2162.8,,
"1270","OLD FADDY","2023081721",0,6.5,94,5.5,252,9.3,75.121,1.017,0.802,,,,,,,,,,,,,,,,,,,,2162.8,,
"1270","OLD FADDY","2023081722",0,7.3,91,5.7,267,9.6,75.189,1.032,0.814,,,,,,,,,,,,,,,,,,,,2162.8,,
"1270","OLD FADDY","2023081723",0,7.6,92,4.5,264,9.6,75.243,0.974,0.768,,,,,,,,,,,,,,,,,,,,2162.8,,
"1275","APE LAKE","2023081700",0,12.6,67,4.3,351,12.6,,,,,,,,,,,,,291.2,,,,,,,,,,12506.8,0,
"1275","APE LAKE","2023081701",0,13.1,66,4.1,11,9.3,,,,,,,,,,,,,389.3,,,,,,,,,,12506.8,0,
"1275","APE LAKE","2023081702",0,13.8,64,3.5,17,10.7,,,,,,,,,,,,,290.8,,,,,,,,,,12506.8,0,
"1275","APE LAKE","2023081703",0,13.4,68,11.3,358,16.1,,,,,,,,,,,,,290.6,,,,,,,,,,12506.8,0,
"1275","APE LAKE","2023081704",0,12.9,70,4.1,7,13.9,,,,,,,,,,,,,291.2,,,,,,,,,,12506.8,0,
"1275","APE LAKE","2023081705",0,11.4,79,11.2,348,16.2,,,,,,,,,,,,,291.4,,,,,,,,,,12506.8,0,
"1275","APE LAKE","2023081706",0,11.2,82,8.7,342,19.6,,,,,,,,,,,,,292.1,,,,,,,,,,12506.8,7,
"1275","APE LAKE","2023081707",0,11,85,2,358,16.4,,,,,,,,,,,,,487.4,,,,,,,,,,12506.8,18,
"1275","APE LAKE","2023081708",0,12.7,79,16.8,330,24.1,,,,,,,,,,,,,585,,,,,,,,,,12506.8,109,
"1275","APE LAKE","2023081709",0,13.6,75,14.1,326,26.7,,,,,,,,,,,,,585,,,,,,,,,,12506.8,458,
"1275","APE LAKE","2023081710",0,14.4,66,8.4,355,21.4,,,,,,,,,,,,,389.8,,,,,,,,,,12506.8,594,
"1275","APE LAKE","2023081711",0,15.5,62,10.8,325,18.2,,,,,,,,,,,,,390,,,,,,,,,,12506.8,694,
"1275","APE LAKE","2023081712",0,15.8,55,11.1,327,20.5,,,,0,,,,,,,,,292.8,,,,,,,,,,12506.8,760,
"1275","APE LAKE","2023081713",0,16.6,45,3.5,274,22.1,,,,,,,,,,,,,195.1,,,,,,,,,,12506.8,790,
"1275","APE LAKE","2023081714",0,17.2,32,8.1,17,17.9,,,,,,,,,,,,,194.5,,,,,,,,,,12506.8,777,
"1275","APE LAKE","2023081715",0,17.9,30,4.2,281,21.8,,,,,,,,,,,,,-0.6,,,,,,,,,,12506.8,702,
"1275","APE LAKE","2023081716",0,16.9,28,10.7,165,30.4,,,,,,,,,,,,,-0.1,,,,,,,,,,12506.8,588,
"1275","APE LAKE","2023081717",0,15.4,32,5.1,113,24.6,,,,,,,,,,,,,-0.6,,,,,,,,,,12506.8,275,
"1275","APE LAKE","2023081718",0,13.8,35,5.5,54,30.9,,,,,,,,,,,,,-1.4,,,,,,,,,,12506.8,138,
"1275","APE LAKE","2023081719",0,12.6,27,9.5,174,23.5,,,,,,,,,,,,,-1.7,,,,,,,,,,12506.8,70,
"1275","APE LAKE","2023081720",0,10.1,37,4.2,212,25.8,,,,,,,,,,,,,-2,,,,,,,,,,12506.8,10,
"1275","APE LAKE","2023081721",0,8.7,46,5.5,17,19.4,,,,,,,,,,,,,-3.4,,,,,,,,,,12506.8,0,
"1275","APE LAKE","2023081722",0,7.8,50,5,22,11.4,,,,,,,,,,,,,-2.7,,,,,,,,,,12506.8,0,
"1275","APE LAKE","2023081723",0,6,63,7.6,1,16.3,,,,,,,,,,,,,-2.5,,,,,,,,,,12506.8,0,
"1276","MACHMELL KLINIKLINI","2023081700",0,14.7,59,1.1,76,3.2,,,,,,,,,,,,,-1.2,,,,,,,,,,608.2,0,
"1276","MACHMELL KLINIKLINI","2023081701",0,14.4,60,0.3,351,2.9,,,,,,,,,,,,,-1.1,,,,,,,,,,608.2,0,
"1276","MACHMELL KLINIKLINI","2023081702",0,13.9,61,0,46,3.4,,,,,,,,,,,,,-1.3,,,,,,,,,,608.2,0,
"1276","MACHMELL KLINIKLINI","2023081703",0,13.8,62,1,20,4.2,,,,,,,,,,,,,-1.3,,,,,,,,,,608.2,0,
"1276","MACHMELL KLINIKLINI","2023081704",0,13,64,0,8,1.5,,,,,,,,,,,,,-1.4,,,,,,,,,,608.2,0,
"1276","MACHMELL KLINIKLINI","2023081705",0,12.6,64,0.1,351,2.8,,,,,,,,,,,,,-1.4,,,,,,,,,,608.2,1,
"1276","MACHMELL KLINIKLINI","2023081706",0,12.3,69,0.2,61,4.5,,,,,,,,,,,,,-1.4,,,,,,,,,,608.2,10,
"1276","MACHMELL KLINIKLINI","2023081707",0,12.2,67,0.1,270,3,,,,,,,,,,,,,-1.3,,,,,,,,,,608.2,21,
"1276","MACHMELL KLINIKLINI","2023081708",0,13.8,69,1.3,333,5.2,,,,,,,,,,,,,-0.7,,,,,,,,,,608.2,300,
"1276","MACHMELL KLINIKLINI","2023081709",0,15.3,63,2.3,191,7.9,,,,,,,,,,,,,-0.4,,,,,,,,,,608.2,492,
"1276","MACHMELL KLINIKLINI","2023081710",0,15.8,64,3.9,184,12.1,,,,,,,,,,,,,-0.6,,,,,,,,,,608.2,642,
"1276","MACHMELL KLINIKLINI","2023081711",0,17.6,48,2.8,179,12.5,,,,,,,,,,,,,-0.6,,,,,,,,,,608.2,757,
"1276","MACHMELL KLINIKLINI","2023081712",0,17.4,27,8.3,223,18.5,,,,0,,,,,,,,,0.2,,,,,,,,,,608.2,819,
"1276","MACHMELL KLINIKLINI","2023081713",0,17.1,44,3.4,224,24.6,,,,,,,,,,,,,0,,,,,,,,,,608.2,834,
"1276","MACHMELL KLINIKLINI","2023081714",0,16.8,41,7.4,247,21.7,,,,,,,,,,,,,-0.1,,,,,,,,,,608.2,803,
"1276","MACHMELL KLINIKLINI","2023081715",0,17.5,37,7.1,236,27.8,,,,,,,,,,,,,0.4,,,,,,,,,,608.2,736,
"1276","MACHMELL KLINIKLINI","2023081716",0,16.9,31,8.1,214,32.5,,,,,,,,,,,,,0.7,,,,,,,,,,608.2,628,
"1276","MACHMELL KLINIKLINI","2023081717",0,15.8,34,8,223,27.6,,,,,,,,,,,,,0.7,,,,,,,,,,608.2,485,
"1276","MACHMELL KLINIKLINI","2023081718",0,12.4,44,3.2,275,23.3,,,,,,,,,,,,,1,,,,,,,,,,608.2,303,
"1276","MACHMELL KLINIKLINI","2023081719",0,10.4,45,3,303,11,,,,,,,,,,,,,0.1,,,,,,,,,,608.2,62,
"1276","MACHMELL KLINIKLINI","2023081720",0,8.6,51,4.2,316,13.9,,,,,,,,,,,,,0,,,,,,,,,,608.2,17,
"1276","MACHMELL KLINIKLINI","2023081721",0,7.1,60,3.2,319,10.7,,,,,,,,,,,,,0,,,,,,,,,,608.2,1,
"1276","MACHMELL KLINIKLINI","2023081722",0,5.5,67,1.9,354,9.1,,,,,,,,,,,,,-0.1,,,,,,,,,,608.2,0,
"1276","MACHMELL KLINIKLINI","2023081723",0,5,64,4.9,320,9.9,,,,,,,,,,,,,-0.1,,,,,,,,,,608.2,0,
"1277","WEST KELOWNA","2023081700",0,24.3,32,5.9,289,9.8,95.171,11.93,44.565,,,,,,,,,,,,,,,,,,,,2197.6,,
"1277","WEST KELOWNA","2023081701",0,23.4,35,5.7,287,11.3,94.876,11.343,43.152,,,,,,,,,,,,,,,,,,,,2197.6,,
"1277","WEST KELOWNA","2023081702",0,22.6,35,0.6,190,7.4,94.695,8.557,35.946,,,,,,,,,,,,,,,,,,,,2197.6,,
"1277","WEST KELOWNA","2023081703",0,20.9,42,0.2,166,6.8,94.401,8.054,34.539,,,,,,,,,,,,,,,,,,,,2197.6,,
"1277","WEST KELOWNA","2023081704",0,20.4,41,0,189,2.2,94.182,7.735,33.626,,,,,,,,,,,,,,,,,,,,2197.6,,
"1277","WEST KELOWNA","2023081705",0,20.6,40,0,226,2.2,93.996,7.539,33.057,,,,,,,,,,,,,,,,,,,,2197.6,,
"1277","WEST KELOWNA","2023081706",0,20.9,42,5.9,286,8.3,93.632,9.649,38.881,,,,,,,,,,,,,,,,,,,,2197.6,,
"1277","WEST KELOWNA","2023081707",0,22.6,39,4.1,339,7.3,93.421,8.557,35.945,,,,,,,,,,,,,,,,,,,,2197.6,,
"1277","WEST KELOWNA","2023081708",0,22.6,41,1.5,56,7.6,93.224,7.302,32.36,,,,,,,,,,,,,,,,,,,,2197.6,,
"1277","WEST KELOWNA","2023081709",0,25.3,36,5.1,72,10.6,93.162,8.679,36.282,,,,,,,,,,,,,,,,,,,,2197.6,,
"1277","WEST KELOWNA","2023081710",0,27.8,31,7.7,44,12.1,93.212,9.964,39.7,,,,,,,,,,,,,,,,,,,,2197.6,,
"1277","WEST KELOWNA","2023081711",0,30.3,27,7.2,64,14.2,93.313,9.854,39.414,,,,,,,,,,,,,,,,,,,,2197.6,,
"1277","WEST KELOWNA","2023081712",0,31.8,23,7.9,56,13.8,93.64,10.684,41.528,0,95.155,13.167,47.466,202.095,1223.142,286.038,5,,,,,,,,,,,,2197.6,,
"1277","WEST KELOWNA","2023081713",0,33.6,21,7.5,55,15.3,94.079,11.129,42.653,,,,,,,,,,,,,,,,,,,,2197.6,,
"1277","WEST KELOWNA","2023081714",0,36.4,17,15.2,95,29.7,94.864,18.279,58.212,,,,,,,,,,,,,,,,,,,,2197.6,,
"1277","WEST KELOWNA","2023081715",0,36.6,17,18.9,92,39.8,95.461,23.896,68.493,,,,,,,,,,,,,,,,,,,,2197.6,,
"1277","WEST KELOWNA","2023081716",0,35.5,17,19.4,98,51.3,95.82,25.732,71.596,,,,,,,,,,,,,,,,,,,,2197.6,,
"1277","WEST KELOWNA","2023081717",0,33.8,18,17.4,83,48.5,95.926,23.603,67.987,,,,,,,,,,,,,,,,,,,,2197.6,,
"1277","WEST KELOWNA","2023081718",0,31.9,20,17.1,102,45.9,95.977,23.41,67.652,,,,,,,,,,,,,,,,,,,,2197.6,,
"1277","WEST KELOWNA","2023081719",0,30.1,22,17.8,100,46.4,96.014,24.371,69.307,,,,,,,,,,,,,,,,,,,,2197.6,,
"1277","WEST KELOWNA","2023081720",0,28.9,24,16,84,39.6,95.957,22.087,65.321,,,,,,,,,,,,,,,,,,,,2197.6,,
"1277","WEST KELOWNA","2023081721",0,27.9,26,14.5,88,45.2,95.828,20.124,61.736,,,,,,,,,,,,,,,,,,,,2197.6,,
"1277","WEST KELOWNA","2023081722",0,26.8,28,11.3,72,31.9,95.649,16.715,55.092,,,,,,,,,,,,,,,,,,,,2197.6,,
"1277","WEST KELOWNA","2023081723",0,26.1,31,13.4,75,42.4,95.376,17.904,57.476,,,,,,,,,,,,,,,,,,,,2197.6,,
"1283","CHEAKAMUS","2023081700",0,15.6,92,1.5,56,3.8,87.635,3.294,13.567,,,,,,,,,,,,,,,,,,,,4773,,
"1283","CHEAKAMUS","2023081701",0,14.6,97,0.4,66,3.4,86.352,2.596,11.221,,,,,,,,,,,,,,,,,,,,4773,,
"1283","CHEAKAMUS","2023081702",0,14.2,98,2.2,65,3.6,84.996,2.353,10.349,,,,,,,,,,,,,,,,,,,,4773,,
"1283","CHEAKAMUS","2023081703",0,13.9,99,3,66,3.9,83.681,2.052,9.224,,,,,,,,,,,,,,,,,,,,4773,,
"1283","CHEAKAMUS","2023081704",0,13.3,100,1.8,54,5,82.505,1.661,7.669,,,,,,,,,,,,,,,,,,,,4773,,
"1283","CHEAKAMUS","2023081705",0,13.1,100,2.1,62,4.8,81.46,1.486,6.932,,,,,,,,,,,,,,,,,,,,4773,,
"1283","CHEAKAMUS","2023081706",0,13.8,100,0.7,61,3.3,80.602,1.256,5.92,,,,,,,,,,,,,,,,,,,,4773,,
"1283","CHEAKAMUS","2023081707",0,20.1,77,1.5,51,3.7,80.758,1.331,6.255,,,,,,,,,,,,,,,,,,,,4773,,
"1283","CHEAKAMUS","2023081708",0,24.8,54,7,185,14.1,81.704,1.957,8.858,,,,,,,,,,,,,,,,,,,,4773,,
"1283","CHEAKAMUS","2023081709",0,27.8,44,5.9,217,15.4,83.005,2.175,9.691,,,,,,,,,,,,,,,,,,,,4773,,
"1283","CHEAKAMUS","2023081710",0,28,45,7.2,255,17.4,84.121,2.688,11.543,,,,,,,,,,,,,,,,,,,,4773,,
"1283","CHEAKAMUS","2023081711",0,29.6,37,8.2,236,20.6,85.501,3.414,13.95,,,,,,,,,,,,,,,,,,,,4773,,
"1283","CHEAKAMUS","2023081712",0,29.8,37,8.3,238,23.9,86.65,4.032,15.851,0,93.39,10.528,32.188,63.453,521.622,97.312,5,,,,,,,,,,,,4773,,
"1283","CHEAKAMUS","2023081713",0,31.2,35,7.1,247,27.5,87.738,4.433,17.52,,,,,,,,,,,,,,,,,,,,4773,,
"1283","CHEAKAMUS","2023081714",0,32.8,34,8.9,230,24.5,88.8,5.652,20.922,,,,,,,,,,,,,,,,,,,,4773,,
"1283","CHEAKAMUS","2023081715",0,30.4,36,12,219,26.7,89.445,7.248,24.949,,,,,,,,,,,,,,,,,,,,4773,,
"1283","CHEAKAMUS","2023081716",0,30.5,37,7.1,243,22.7,89.883,6.03,21.914,,,,,,,,,,,,,,,,,,,,4773,,
"1283","CHEAKAMUS","2023081717",0,29.5,39,6,247,20.3,90.118,5.9,21.577,,,,,,,,,,,,,,,,,,,,4773,,
"1283","CHEAKAMUS","2023081718",0,25.3,47,9,230,24.5,90.167,6.911,24.132,,,,,,,,,,,,,,,,,,,,4773,,
"1283","CHEAKAMUS","2023081719",0,22.4,52,7.8,241,29.8,90.045,6.392,22.842,,,,,,,,,,,,,,,,,,,,4773,,
"1283","CHEAKAMUS","2023081720",0,21.1,57,5.5,242,19.8,89.807,5.502,20.522,,,,,,,,,,,,,,,,,,,,4773,,
"1283","CHEAKAMUS","2023081721",0,20,62,2.6,242,13.3,89.499,4.549,17.859,,,,,,,,,,,,,,,,,,,,4773,,
"1283","CHEAKAMUS","2023081722",0,18.3,65,3.5,173,8.2,89.131,4.515,17.761,,,,,,,,,,,,,,,,,,,,4773,,
"1283","CHEAKAMUS","2023081723",0,17.3,73,2.6,143,14.8,88.616,4.007,16.246,,,,,,,,,,,,,,,,,,,,4773,,
"1313","TETRAHEDRON","2023081700",0,18.8,42,0.5,336,11,,,,,,,,,,,,,610.9,,,,,,,,,,4519.7,0,
"1313","TETRAHEDRON","2023081701",0,18.7,42,2.7,328,4.7,,,,,,,,,,,,,610.9,,,,,,,,,,4519.7,0,
"1313","TETRAHEDRON","2023081702",0,18.6,38,0.3,324,3.5,,,,,,,,,,,,,610.9,,,,,,,,,,4519.7,0,
"1313","TETRAHEDRON","2023081703",0,18.1,42,0,353,4,,,,,,,,,,,,,610.9,,,,,,,,,,4519.7,0,
"1313","TETRAHEDRON","2023081704",0,18.1,50,4.2,322,15.3,,,,,,,,,,,,,610.9,,,,,,,,,,4519.7,0,
"1313","TETRAHEDRON","2023081705",0,20.1,35,6.9,310,15.9,,,,,,,,,,,,,610.9,,,,,,,,,,4519.7,1,
"1313","TETRAHEDRON","2023081706",0,19.4,44,7.1,312,13.4,,,,,,,,,,,,,610.9,,,,,,,,,,4519.7,20,
"1313","TETRAHEDRON","2023081707",0,18,54,0.6,323,16.4,,,,,,,,,,,,,610.9,,,,,,,,,,4519.7,94,
"1313","TETRAHEDRON","2023081708",0,19,51,1.5,296,5,,,,,,,,,,,,,610.9,,,,,,,,,,4519.7,45,
"1313","TETRAHEDRON","2023081709",0,20,45,3.5,298,11.3,,,,,,,,,,,,,610.9,,,,,,,,,,4519.7,64,
"1313","TETRAHEDRON","2023081710",0,20.9,41,2.3,307,14.1,,,,,,,,,,,,,610.9,,,,,,,,,,4519.7,495,
"1313","TETRAHEDRON","2023081711",0,21.5,47,2.5,354,10.8,,,,,,,,,,,,,610.9,,,,,,,,,,4519.7,704,
"1313","TETRAHEDRON","2023081712",0,21.9,45,4.4,318,17.8,,,,0,,,,,,,,,610.9,,,,,,,,,,4519.7,775,
"1313","TETRAHEDRON","2023081713",0,22.9,44,1.7,273,13.8,,,,,,,,,,,,,610.9,,,,,,,,,,4519.7,792,
"1313","TETRAHEDRON","2023081714",0,23,44,2.9,354,13.6,,,,,,,,,,,,,610.9,,,,,,,,,,4519.7,755,
"1313","TETRAHEDRON","2023081715",0,22.4,42,5.1,337,17,,,,,,,,,,,,,610.9,,,,,,,,,,4519.7,679,
"1313","TETRAHEDRON","2023081716",0,22.8,42,4,329,15.4,,,,,,,,,,,,,610.9,,,,,,,,,,4519.7,564,
"1313","TETRAHEDRON","2023081717",0,22.2,47,2.2,357,13.8,,,,,,,,,,,,,610.9,,,,,,,,,,4519.7,412,
"1313","TETRAHEDRON","2023081718",0,20.1,53,3.9,314,12.4,,,,,,,,,,,,,610.9,,,,,,,,,,4519.7,245,
"1313","TETRAHEDRON","2023081719",0,17.8,60,1.5,326,11,,,,,,,,,,,,,610.9,,,,,,,,,,4519.7,99,
"1313","TETRAHEDRON","2023081720",0,15.8,64,0.3,319,3.6,,,,,,,,,,,,,610.9,,,,,,,,,,4519.7,11,
"1313","TETRAHEDRON","2023081721",0,14.9,49,0.2,293,3.4,,,,,,,,,,,,,610.9,,,,,,,,,,4519.7,0,
"1313","TETRAHEDRON","2023081722",0,14.4,36,0,287,0.7,,,,,,,,,,,,,610.9,,,,,,,,,,4519.7,0,
"1313","TETRAHEDRON","2023081723",0,13.7,38,2.8,328,9,,,,,,,,,,,,,610.9,,,,,,,,,,4519.7,0,
"1323","LARCH HILLS WEST","2023081700",0,19.9,42,2.9,137,7.4,93.263,7.879,31.854,,,,,,,,,,,,,,,,,,,,,,
"1323","LARCH HILLS WEST","2023081701",0,19.7,41,3.7,133,8.5,93.024,7.934,32.003,,,,,,,,,,,,,,,,,,,,,,
"1323","LARCH HILLS WEST","2023081702",0,19.1,41,5.2,151,6.8,92.789,8.279,32.925,,,,,,,,,,,,,,,,,,,,,,
"1323","LARCH HILLS WEST","2023081703",0,18.6,45,4.4,101,7.9,92.494,7.629,31.172,,,,,,,,,,,,,,,,,,,,,,
"1323","LARCH HILLS WEST","2023081704",0,18.2,45,3.7,134,7.4,92.236,7.102,29.702,,,,,,,,,,,,,,,,,,,,,,
"1323","LARCH HILLS WEST","2023081705",0,17.5,47,4.9,144,6.2,91.942,7.237,30.085,,,,,,,,,,,,,,,,,,,,,,
"1323","LARCH HILLS WEST","2023081706",0,17.4,51,4.7,139,6.8,91.593,6.819,28.894,,,,,,,,,,,,,,,,,,,,,,
"1323","LARCH HILLS WEST","2023081707",0,18.2,52,3.6,200,5.6,91.279,6.17,26.985,,,,,,,,,,,,,,,,,,,,,,
"1323","LARCH HILLS WEST","2023081708",0,20.7,48,1.9,118,5.6,91.129,5.543,25.056,,,,,,,,,,,,,,,,,,,,,,
"1323","LARCH HILLS WEST","2023081709",0,24,35,8.1,201,12.5,91.179,7.631,31.177,,,,,,,,,,,,,,,,,,,,,,
"1323","LARCH HILLS WEST","2023081710",0,25.4,33,7.4,314,13.1,91.264,7.456,30.696,,,,,,,,,,,,,,,,,,,,,,
"1323","LARCH HILLS WEST","2023081711",0,28.2,28,10.5,251,17.7,91.638,9.192,35.289,,,,,,,,,,,,,,,,,,,,,,
"1323","LARCH HILLS WEST","2023081712",0,29.6,26,11.8,212,20,92.098,10.475,38.441,0,93.604,12.939,44.378,114.618,724.908,164.293,4,,,,,,,,,,,,,,
"1323","LARCH HILLS WEST","2023081713",0,31.1,26,9.1,279,18.3,92.517,9.699,36.84,,,,,,,,,,,,,,,,,,,,,,
"1323","LARCH HILLS WEST","2023081714",0,32.1,26,10.9,283,22.9,92.903,11.211,40.48,,,,,,,,,,,,,,,,,,,,,,
"1323","LARCH HILLS WEST","2023081715",0,32.9,24,7.8,292,15.4,93.323,10.17,38.001,,,,,,,,,,,,,,,,,,,,,,
"1323","LARCH HILLS WEST","2023081716",0,31.4,27,5.4,248,14.3,93.439,9.159,35.482,,,,,,,,,,,,,,,,,,,,,,
"1323","LARCH HILLS WEST","2023081717",0,31.9,24,6.4,224,11.4,93.689,9.973,37.519,,,,,,,,,,,,,,,,,,,,,,
"1323","LARCH HILLS WEST","2023081718",0,30.4,25,7.4,221,16.6,93.784,10.629,39.107,,,,,,,,,,,,,,,,,,,,,,
"1323","LARCH HILLS WEST","2023081719",0,28.9,28,5.4,144,16.6,93.835,9.677,36.787,,,,,,,,,,,,,,,,,,,,,,
"1323","LARCH HILLS WEST","2023081720",0,26.2,33,7.1,118,18.3,93.781,10.465,38.714,,,,,,,,,,,,,,,,,,,,,,
"1323","LARCH HILLS WEST","2023081721",0,25.8,32,12.3,156,22.9,93.741,13.524,45.644,,,,,,,,,,,,,,,,,,,,,,
"1323","LARCH HILLS WEST","2023081722",0,24.3,35,6.9,120,22.3,93.616,10.125,37.891,,,,,,,,,,,,,,,,,,,,,,
"1323","LARCH HILLS WEST","2023081723",0,23.2,37,9.2,135,17.7,93.425,11.071,40.152,,,,,,,,,,,,,,,,,,,,,,
"1330","LODESTONE EXT","2023081700",0,15.9,57,1,221,6.8,92.089,6.071,23.919,,,,,,,,,,,,,,,,,,,,1751,,
"1330","LODESTONE EXT","2023081701",0,15.8,56,6,252,8.6,91.584,7.271,27.112,,,,,,,,,,,,,,,,,,,,1751,,
"1330","LODESTONE EXT","2023081702",0,15.4,59,6.7,245,10.8,91.056,6.987,26.378,,,,,,,,,,,,,,,,,,,,1751,,
"1330","LODESTONE EXT","2023081703",0,14.7,64,2.8,223,11.5,90.541,5.335,21.827,,,,,,,,,,,,,,,,,,,,1751,,
"1330","LODESTONE EXT","2023081704",0,14.6,62,5.4,259,9.5,90.082,5.694,22.863,,,,,,,,,,,,,,,,,,,,1751,,
"1330","LODESTONE EXT","2023081705",0,13.6,65,0,267,7.1,89.764,4.144,18.176,,,,,,,,,,,,,,,,,,,,1751,,
"1330","LODESTONE EXT","2023081706",0,17.6,48,0,300,9.8,89.747,4.135,18.145,,,,,,,,,,,,,,,,,,,,1751,,
"1330","LODESTONE EXT","2023081707",0,20.9,43,2.8,171,22.1,89.796,4.795,20.217,,,,,,,,,,,,,,,,,,,,1751,,
"1330","LODESTONE EXT","2023081708",0,23.3,39,10.2,278,22.5,89.857,7.023,26.47,,,,,,,,,,,,,,,,,,,,1751,,
"1330","LODESTONE EXT","2023081709",0,25.8,32,8.9,226,24.8,90.222,6.931,26.229,,,,,,,,,,,,,,,,,,,,1751,,
"1330","LODESTONE EXT","2023081710",0,25.8,31,13.2,255,32.9,90.581,9.061,31.48,,,,,,,,,,,,,,,,,,,,1751,,
"1330","LODESTONE EXT","2023081711",0,26.3,31,17.7,235,45.6,90.908,11.91,37.722,,,,,,,,,,,,,,,,,,,,1751,,
"1330","LODESTONE EXT","2023081712",0,27.3,29,14.5,233,35.5,91.288,10.699,35.161,0,94.229,16.167,46.645,83.277,550.102,120.826,4,,,,,,,,,,,,1751,,
"1330","LODESTONE EXT","2023081713",0,27.7,28,17.7,245,39.2,91.665,13.263,41.107,,,,,,,,,,,,,,,,,,,,1751,,
"1330","LODESTONE EXT","2023081714",0,27.5,28,21,241,44.4,91.961,16.332,46.946,,,,,,,,,,,,,,,,,,,,1751,,
"1330","LODESTONE EXT","2023081715",0,26.9,28,27.3,241,46,92.175,23.123,58.291,,,,,,,,,,,,,,,,,,,,1751,,
"1330","LODESTONE EXT","2023081716",0,25.7,32,22.6,242,49.5,92.225,18.377,50.561,,,,,,,,,,,,,,,,,,,,1751,,
"1330","LODESTONE EXT","2023081717",0,24.4,36,19.8,248,46.7,92.26,16.038,46.409,,,,,,,,,,,,,,,,,,,,1751,,
"1330","LODESTONE EXT","2023081718",0,22.3,44,14.7,246,35.5,92.02,11.99,38.509,,,,,,,,,,,,,,,,,,,,1751,,
"1330","LODESTONE EXT","2023081719",0,19.2,49,19,237,36.1,91.607,14.045,42.649,,,,,,,,,,,,,,,,,,,,1751,,
"1330","LODESTONE EXT","2023081720",0,18.1,52,23.4,236,41.8,91.134,16.391,47.053,,,,,,,,,,,,,,,,,,,,1751,,
"1330","LODESTONE EXT","2023081721",0,17.7,50,26,235,46.5,90.778,17.762,49.493,,,,,,,,,,,,,,,,,,,,1751,,
"1330","LODESTONE EXT","2023081722",0,17.1,53,23,231,46.9,90.396,14.458,43.448,,,,,,,,,,,,,,,,,,,,1751,,
"1330","LODESTONE EXT","2023081723",0,16.5,55,22.4,234,40.1,90.012,13.277,41.136,,,,,,,,,,,,,,,,,,,,1751,,
"1332","GRIZZLY EXT","2023081700",0,9.3,84,3.1,351,7.4,88.959,4.317,18.167,,,,,,,,,,,,,,,,,,,,766.6,,
"1332","GRIZZLY EXT","2023081701",0,8.9,81,5.4,348,8.1,88.219,4.359,18.297,,,,,,,,,,,,,,,,,,,,766.6,,
"1332","GRIZZLY EXT","2023081702",0,9.4,78,6.5,353,8,87.623,4.231,17.898,,,,,,,,,,,,,,,,,,,,766.6,,
"1332","GRIZZLY EXT","2023081703",0,8.2,87,1.2,359,7.6,86.945,2.94,13.575,,,,,,,,,,,,,,,,,,,,766.6,,
"1332","GRIZZLY EXT","2023081704",0,8.4,81,3.7,349,6.6,86.448,3.108,14.173,,,,,,,,,,,,,,,,,,,,766.6,,
"1332","GRIZZLY EXT","2023081705",0,7.3,88,4.9,340,6.5,85.754,2.995,13.771,,,,,,,,,,,,,,,,,,,,766.6,,
"1332","GRIZZLY EXT","2023081706",0,8.9,87,3,349,7.6,85.195,2.518,12.007,,,,,,,,,,,,,,,,,,,,766.6,,
"1332","GRIZZLY EXT","2023081707",0,14.4,76,0.3,50,6.4,85.069,2.16,10.598,,,,,,,,,,,,,,,,,,,,766.6,,
"1332","GRIZZLY EXT","2023081708",0,19.9,53,0,70,4.6,85.245,2.18,10.678,,,,,,,,,,,,,,,,,,,,766.6,,
"1332","GRIZZLY EXT","2023081709",0,25,37,2.4,259,6.4,86.01,2.737,12.831,,,,,,,,,,,,,,,,,,,,766.6,,
"1332","GRIZZLY EXT","2023081710",0,26.5,33,4.6,219,10.8,86.939,3.487,15.482,,,,,,,,,,,,,,,,,,,,766.6,,
"1332","GRIZZLY EXT","2023081711",0,26.3,25,7.7,237,15.5,88.091,4.805,19.65,,,,,,,,,,,,,,,,,,,,766.6,,
"1332","GRIZZLY EXT","2023081712",0,26.7,27,3.2,288,13.4,88.894,4.298,18.109,0,94.461,9.446,32.029,85.939,412.688,113.032,4,,,,,,,,,,,,766.6,,
"1332","GRIZZLY EXT","2023081713",0,27.7,22,3.6,219,10.6,89.829,5.016,20.647,,,,,,,,,,,,,,,,,,,,766.6,,
"1332","GRIZZLY EXT","2023081714",0,27,23,6.4,260,13.6,90.584,6.435,24.638,,,,,,,,,,,,,,,,,,,,766.6,,
"1332","GRIZZLY EXT","2023081715",0,25.8,28,1.8,206,13.7,90.912,5.348,21.62,,,,,,,,,,,,,,,,,,,,766.6,,
"1332","GRIZZLY EXT","2023081716",0,25.2,32,0.9,192,9.7,91.047,5.21,21.22,,,,,,,,,,,,,,,,,,,,766.6,,
"1332","GRIZZLY EXT","2023081717",0,22.3,45,1.5,287,5.3,91.004,5.337,21.588,,,,,,,,,,,,,,,,,,,,766.6,,
"1332","GRIZZLY EXT","2023081718",0,20.5,52,1.9,342,5.7,90.798,5.288,21.446,,,,,,,,,,,,,,,,,,,,766.6,,
"1332","GRIZZLY EXT","2023081719",0,18.9,66,0.9,337,6.1,90.319,4.696,19.685,,,,,,,,,,,,,,,,,,,,766.6,,
"1332","GRIZZLY EXT","2023081720",0,16,66,0.2,325,5.6,89.929,4.287,18.416,,,,,,,,,,,,,,,,,,,,766.6,,
"1332","GRIZZLY EXT","2023081721",0,15.2,68,0.4,310,3.8,89.521,4.084,17.77,,,,,,,,,,,,,,,,,,,,766.6,,
"1332","GRIZZLY EXT","2023081722",0,14.3,67,0.4,142,6.9,89.171,3.884,17.119,,,,,,,,,,,,,,,,,,,,766.6,,
"1332","GRIZZLY EXT","2023081723",0,13.2,72,4.5,331,8.1,88.644,4.428,18.859,,,,,,,,,,,,,,,,,,,,766.6,,
"1339","BOOTHROYD","2023081700",0,23,49,1.9,136,11.6,94.447,8.83,35.762,,,,,,,,,,,,,,,,,,,,3438.6,,
"1339","BOOTHROYD","2023081701",0,22,53,0.9,73,8.8,93.874,7.757,32.821,,,,,,,,,,,,,,,,,,,,3438.6,,
"1339","BOOTHROYD","2023081702",0,21.1,56,0,85,3.9,93.394,6.933,30.443,,,,,,,,,,,,,,,,,,,,3438.6,,
"1339","BOOTHROYD","2023081703",0,20,60,3.5,68,5.7,92.667,7.47,32.007,,,,,,,,,,,,,,,,,,,,3438.6,,
"1339","BOOTHROYD","2023081704",0,19.2,62,3.2,70,6.2,91.99,6.688,29.711,,,,,,,,,,,,,,,,,,,,3438.6,,
"1339","BOOTHROYD","2023081705",0,18.2,66,3.1,50,5.6,91.297,6.032,27.692,,,,,,,,,,,,,,,,,,,,3438.6,,
"1339","BOOTHROYD","2023081706",0,18.5,66,3.1,63,5.3,90.689,5.532,26.091,,,,,,,,,,,,,,,,,,,,3438.6,,
"1339","BOOTHROYD","2023081707",0,20.5,60,4,108,9.1,90.302,5.476,25.91,,,,,,,,,,,,,,,,,,,,3438.6,,
"1339","BOOTHROYD","2023081708",0,24.7,47,4.4,345,10.2,90.337,5.616,26.366,,,,,,,,,,,,,,,,,,,,3438.6,,
"1339","BOOTHROYD","2023081709",0,25.3,45,5,199,12.9,90.386,5.829,27.052,,,,,,,,,,,,,,,,,,,,3438.6,,
"1339","BOOTHROYD","2023081710",0,28.6,36,5.1,283,10.6,90.601,6.042,27.724,,,,,,,,,,,,,,,,,,,,3438.6,,
"1339","BOOTHROYD","2023081711",0,31.8,28,7,285,12.1,91.257,7.299,31.515,,,,,,,,,,,,,,,,,,,,3438.6,,
"1339","BOOTHROYD","2023081712",0,35,20,12.4,173,26.1,92.474,11.384,42.181,0,96.886,20.876,61.845,145.594,840.348,203.183,5,,,,,,,,,,,,3438.6,,
"1339","BOOTHROYD","2023081713",0,35.3,20,15,157,34.2,93.432,14.841,50.101,,,,,,,,,,,,,,,,,,,,3438.6,,
"1339","BOOTHROYD","2023081714",0,35.5,20,18.5,157,34.1,94.171,19.62,59.547,,,,,,,,,,,,,,,,,,,,3438.6,,
"1339","BOOTHROYD","2023081715",0,35.2,21,18.1,156,47.4,94.62,20.455,61.082,,,,,,,,,,,,,,,,,,,,3438.6,,
"1339","BOOTHROYD","2023081716",0,35,21,16.4,160,37.9,94.928,19.587,59.486,,,,,,,,,,,,,,,,,,,,3438.6,,
"1339","BOOTHROYD","2023081717",0,33.7,23,18.9,162,47.1,94.979,22.374,64.501,,,,,,,,,,,,,,,,,,,,3438.6,,
"1339","BOOTHROYD","2023081718",0,31.8,27,14.3,129,39.3,95.03,17.869,56.226,,,,,,,,,,,,,,,,,,,,3438.6,,
"1339","BOOTHROYD","2023081719",0,30.4,29,11.8,134,31.3,95.002,15.695,51.882,,,,,,,,,,,,,,,,,,,,3438.6,,
"1339","BOOTHROYD","2023081720",0,29.2,30,14.6,141,29.7,94.912,17.851,56.19,,,,,,,,,,,,,,,,,,,,3438.6,,
"1339","BOOTHROYD","2023081721",0,28,33,16.7,147,40.7,94.701,19.275,58.905,,,,,,,,,,,,,,,,,,,,3438.6,,
"1339","BOOTHROYD","2023081722",0,26.8,36,15,147,34.9,94.406,16.988,54.498,,,,,,,,,,,,,,,,,,,,3438.6,,
"1339","BOOTHROYD","2023081723",0,25.7,36,12.9,128,34.1,94.151,14.754,49.916,,,,,,,,,,,,,,,,,,,,3438.6,,
"1345","SAWTOOTH","2023081700",0,11.5,72,9.7,214,16.4,88.228,5.42,13.378,,,,,,,,,,-0.024,,,,,,,,,,2323.8,,
"1345","SAWTOOTH","2023081701",0,11.9,73,4.3,242,11.1,87.785,3.875,10.204,,,,,,,,,,-0.023,,,,,,,,,,2323.8,,
"1345","SAWTOOTH","2023081702",0,11.4,73,4.6,269,20.6,87.385,3.716,9.852,,,,,,,,,,-0.021,,,,,,,,,,2323.8,,
"1345","SAWTOOTH","2023081703",0,12.5,68,4.2,276,11,87.146,3.519,9.41,,,,,,,,,,-0.018,,,,,,,,,,2323.8,,
"1345","SAWTOOTH","2023081704",0,13.8,55,13.3,216,24.3,87.178,5.593,13.71,,,,,,,,,,-0.019,,,,,,,,,,2323.8,,
"1345","SAWTOOTH","2023081705",0,13.1,57,9.1,268,21.1,87.16,4.514,11.564,,,,,,,,,,-0.019,,,,,,,,,,2323.8,,
"1345","SAWTOOTH","2023081706",0,12.9,54,14.1,229,19.6,87.194,5.835,14.17,,,,,,,,,,-0.02,,,,,,,,,,2323.8,,
"1345","SAWTOOTH","2023081707",0,12.7,55,13.8,220,22.2,87.201,5.754,14.016,,,,,,,,,,-0.02,,,,,,,,,,2323.8,,
"1345","SAWTOOTH","2023081708",0,15.2,42,19.1,226,30.4,87.354,7.681,17.453,,,,,,,,,,-0.022,,,,,,,,,,2323.8,,
"1345","SAWTOOTH","2023081709",0,16.4,35,21.1,238,44.1,87.719,8.95,19.531,,,,,,,,,,-0.02,,,,,,,,,,2323.8,,
"1345","SAWTOOTH","2023081710",0,16.9,27,30.6,229,45.6,88.356,15.826,29.148,,,,,,,,,,-0.019,,,,,,,,,,2323.8,,
"1345","SAWTOOTH","2023081711",0,18.4,27,15.5,279,40.5,88.882,7.975,17.946,,,,,,,,,,-0.021,,,,,,,,,,2323.8,,
"1345","SAWTOOTH","2023081712",0,19,25,18.5,301,31.7,89.441,10.052,21.239,0,91.817,14.109,28.279,29.199,437.593,50.049,4,,-0.022,,,,,,,,,,2323.8,,
"1345","SAWTOOTH","2023081713",0,19.5,24,14.2,256,39,89.946,8.701,20.139,,,,,,,,,,-0.023,,,,,,,,,,2323.8,,
"1345","SAWTOOTH","2023081714",0,19.6,26,18.8,250,36.6,90.32,11.574,24.666,,,,,,,,,,-0.02,,,,,,,,,,2323.8,,
"1345","SAWTOOTH","2023081715",0,19,24,12.3,283,34.4,90.661,8.759,20.235,,,,,,,,,,-0.022,,,,,,,,,,2323.8,,
"1345","SAWTOOTH","2023081716",0,19.4,23,14.8,264,29.7,91.011,10.442,22.944,,,,,,,,,,-0.025,,,,,,,,,,2323.8,,
"1345","SAWTOOTH","2023081717",0,18.3,24,13.4,269,31.8,91.229,10.038,22.311,,,,,,,,,,-0.022,,,,,,,,,,2323.8,,
"1345","SAWTOOTH","2023081718",0,16.5,26,17.3,268,32.7,91.299,12.341,25.791,,,,,,,,,,-0.024,,,,,,,,,,2323.8,,
"1345","SAWTOOTH","2023081719",0,13.8,33,12.3,254,25.4,91.311,9.608,21.626,,,,,,,,,,-0.022,,,,,,,,,,2323.8,,
"1345","SAWTOOTH","2023081720",0,12.5,37,16.4,253,30.9,91.219,11.66,24.793,,,,,,,,,,-0.02,,,,,,,,,,2323.8,,
"1345","SAWTOOTH","2023081721",0,11.4,44,9.6,296,20.8,91.012,8.037,19.008,,,,,,,,,,-0.019,,,,,,,,,,2323.8,,
"1345","SAWTOOTH","2023081722",0,9.9,48,6.2,271,19.2,90.766,6.538,16.308,,,,,,,,,,-0.021,,,,,,,,,,2323.8,,
"1345","SAWTOOTH","2023081723",0,9.3,50,8,277,17.6,90.489,6.881,16.946,,,,,,,,,,-0.021,,,,,,,,,,2323.8,,
"1348","KLINAKLINI","2023081700",0,18.6,44,5.6,61,11.5,,,,,,,,,,,,,8.3,,,,,,,,,,4900.4,,
"1348","KLINAKLINI","2023081701",0,17.8,44,3.9,53,9.4,,,,,,,,,,,,,8.5,,,,,,,,,,4900.4,,
"1348","KLINAKLINI","2023081702",0,17.8,44,1.4,356,5.3,,,,,,,,,,,,,8.7,,,,,,,,,,4900.4,,
"1348","KLINAKLINI","2023081703",0,17.2,45,10.3,60,13.3,,,,,,,,,,,,,8.5,,,,,,,,,,4900.4,,
"1348","KLINAKLINI","2023081704",0,16.6,46,7.6,56,14.2,,,,,,,,,,,,,8.6,,,,,,,,,,4900.4,,
"1348","KLINAKLINI","2023081705",0,16.3,45,3.7,38,9.7,,,,,,,,,,,,,8.7,,,,,,,,,,4900.4,,
"1348","KLINAKLINI","2023081706",0,16.9,45,0,47,6.5,,,,,,,,,,,,,8.9,,,,,,,,,,4900.4,,
"1348","KLINAKLINI","2023081707",0,15.7,47,6.6,14,11,,,,,,,,,,,,,8.8,,,,,,,,,,4900.4,,
"1348","KLINAKLINI","2023081708",0,16.3,47,7.1,68,16.8,,,,,,,,,,,,,9.1,,,,,,,,,,4900.4,,
"1348","KLINAKLINI","2023081709",0,15.4,52,4.7,35,14.6,,,,,,,,,,,,,9.5,,,,,,,,,,4900.4,,
"1348","KLINAKLINI","2023081710",0,15.2,49,8.2,42,12.9,,,,,,,,,,,,,10.8,,,,,,,,,,4900.4,,
"1348","KLINAKLINI","2023081711",0,16,46,7.8,24,20.5,,,,,,,,,,,,,10.8,,,,,,,,,,4900.4,,
"1348","KLINAKLINI","2023081712",0,15.9,42,4.5,35,11,,,,0,,,,,,,,,10.3,,,,,,,,,,4900.4,,
"1348","KLINAKLINI","2023081713",0,17,44,8.1,330,17.1,,,,,,,,,,,,,11.5,,,,,,,,,,4900.4,,
"1348","KLINAKLINI","2023081714",0,17.7,38,7.6,282,26.2,,,,,,,,,,,,,10.9,,,,,,,,,,4900.4,,
"1348","KLINAKLINI","2023081715",0,17.5,52,5.8,274,19.1,,,,,,,,,,,,,10,,,,,,,,,,4900.4,,
"1348","KLINAKLINI","2023081716",0,15.5,57,6.9,335,16,,,,,,,,,,,,,9.7,,,,,,,,,,4900.4,,
"1348","KLINAKLINI","2023081717",0,16.7,50,3.9,308,19.7,,,,,,,,,,,,,9,,,,,,,,,,4900.4,,
"1348","KLINAKLINI","2023081718",0,14.2,60,10.1,262,21.1,,,,,,,,,,,,,9.2,,,,,,,,,,4900.4,,
"1348","KLINAKLINI","2023081719",0,11.9,64,6,310,21.3,,,,,,,,,,,,,9.3,,,,,,,,,,4900.4,,
"1348","KLINAKLINI","2023081720",0,10.6,74,5.4,30,20.6,,,,,,,,,,,,,9.3,,,,,,,,,,4900.4,,
"1348","KLINAKLINI","2023081721",0,9.8,72,13.2,15,23.5,,,,,,,,,,,,,8.8,,,,,,,,,,4900.4,,
"1348","KLINAKLINI","2023081722",0,8.9,65,9.7,14,22.3,,,,,,,,,,,,,2.7,,,,,,,,,,4900.4,,
"1348","KLINAKLINI","2023081723",0,8.6,53,8.8,17,15.8,,,,,,,,,,,,,-5.9,,,,,,,,,,4900.4,,
"1349","HOMATHKO","2023081700",0,19.2,45,0,7,4.5,,,,,,,,,,,,,-2.1,,,,,,,,,,597.4,,
"1349","HOMATHKO","2023081701",0,19.1,42,4,94,7.5,,,,,,,,,,,,,-2.2,,,,,,,,,,597.4,,
"1349","HOMATHKO","2023081702",0,18.7,46,4.8,90,11.7,,,,,,,,,,,,,-2,,,,,,,,,,597.4,,
"1349","HOMATHKO","2023081703",0,17.4,52,5.8,96,9.1,,,,,,,,,,,,,-2.3,,,,,,,,,,597.4,,
"1349","HOMATHKO","2023081704",0,17.2,49,3.5,108,10,,,,,,,,,,,,,-1.9,,,,,,,,,,597.4,,
"1349","HOMATHKO","2023081705",0,18.5,49,5.5,78,8.4,,,,,,,,,,,,,-2.1,,,,,,,,,,597.4,,
"1349","HOMATHKO","2023081706",0,17.6,50,6.6,91,11.9,,,,,,,,,,,,,-2.1,,,,,,,,,,597.4,,
"1349","HOMATHKO","2023081707",0,19.2,47,5.8,94,13,,,,,,,,,,,,,-1.8,,,,,,,,,,597.4,,
"1349","HOMATHKO","2023081708",0,18.2,53,3.9,114,12.8,,,,,,,,,,,,,-1.3,,,,,,,,,,597.4,,
"1349","HOMATHKO","2023081709",0,21.2,47,2.6,134,12,,,,,,,,,,,,,-1.5,,,,,,,,,,597.4,,
"1349","HOMATHKO","2023081710",0,20.7,46,4.4,139,13,,,,,,,,,,,,,-1.7,,,,,,,,,,597.4,,
"1349","HOMATHKO","2023081711",0,20.8,47,4.8,137,12.1,,,,,,,,,,,,,-0.5,,,,,,,,,,597.4,,
"1349","HOMATHKO","2023081712",0,21.7,47,3.3,149,12.6,,,,0,,,,,,,,,-1.8,,,,,,,,,,597.4,,
"1349","HOMATHKO","2023081713",0,22.3,41,3.3,151,15.7,,,,,,,,,,,,,-1.2,,,,,,,,,,597.4,,
"1349","HOMATHKO","2023081714",0,22.3,42,3.7,181,12.2,,,,,,,,,,,,,-1.3,,,,,,,,,,597.4,,
"1349","HOMATHKO","2023081715",0,20.4,46,3.8,162,16.6,,,,,,,,,,,,,-1.2,,,,,,,,,,597.4,,
"1349","HOMATHKO","2023081716",0,19.2,51,3.3,177,14.7,,,,,,,,,,,,,-1.3,,,,,,,,,,597.4,,
"1349","HOMATHKO","2023081717",0,19,46,1.8,172,11.7,,,,,,,,,,,,,-1,,,,,,,,,,597.4,,
"1349","HOMATHKO","2023081718",0,17.4,45,2.4,186,11.5,,,,,,,,,,,,,-1.8,,,,,,,,,,597.4,,
"1349","HOMATHKO","2023081719",0,15.7,49,10.5,285,18.7,,,,,,,,,,,,,-1.5,,,,,,,,,,597.4,,
"1349","HOMATHKO","2023081720",0,14.2,53,11.3,326,22.9,,,,,,,,,,,,,-1.6,,,,,,,,,,597.4,,
"1349","HOMATHKO","2023081721",0,13,58,10.5,299,21.5,,,,,,,,,,,,,-1.8,,,,,,,,,,597.4,,
"1349","HOMATHKO","2023081722",0,12.3,65,11.9,313,18.6,,,,,,,,,,,,,-1.8,,,,,,,,,,597.4,,
"1349","HOMATHKO","2023081723",0,11.5,68,13.2,302,19.7,,,,,,,,,,,,,-1.5,,,,,,,,,,597.4,,
"1350","LOWER CAIN","2023081700",0,17.6,51,,,,,,,,,,,,,,,,8.8,,,,,,,,,,370.1,0,
"1350","LOWER CAIN","2023081701",0,16.8,59,,,,,,,,,,,,,,,,8.4,,,,,,,,,,370.1,0,
"1350","LOWER CAIN","2023081702",0,17.2,68,,,,,,,,,,,,,,,,9.2,,,,,,,,,,370.1,0,
"1350","LOWER CAIN","2023081703",0,16.6,67,,,,,,,,,,,,,,,,9.1,,,,,,,,,,370.1,0,
"1350","LOWER CAIN","2023081704",0,15.3,70,,,,,,,,,,,,,,,,8.7,,,,,,,,,,370.1,0,
"1350","LOWER CAIN","2023081705",0,14.3,76,,,,,,,,,,,,,,,,9.1,,,,,,,,,,370.1,0,
"1350","LOWER CAIN","2023081706",0,14.3,83,,,,,,,,,,,,,,,,9.2,,,,,,,,,,370.1,6,
"1350","LOWER CAIN","2023081707",0,14.2,89,,,,,,,,,,,,,,,,9.9,,,,,,,,,,370.1,21,
"1350","LOWER CAIN","2023081708",0,16,84,,,,,,,,,,,,,,,,10.4,,,,,,,,,,370.1,182,
"1350","LOWER CAIN","2023081709",0,17.8,67,,,,,,,,,,,,,,,,9,,,,,,,,,,370.1,353,
"1350","LOWER CAIN","2023081710",0,18.5,55,,,,,,,,,,,,,,,,7,,,,,,,,,,370.1,638,
"1350","LOWER CAIN","2023081711",0,18.6,67,,,,,,,,,,,,,,,,6.3,,,,,,,,,,370.1,753,
"1350","LOWER CAIN","2023081712",0,18.9,55,,,,,,,0,,,,,,,,,6.5,,,,,,,,,,370.1,818,
"1350","LOWER CAIN","2023081713",0,18,48,,,,,,,,,,,,,,,,7.4,,,,,,,,,,370.1,845,
"1350","LOWER CAIN","2023081714",0,18.5,62,,,,,,,,,,,,,,,,6.7,,,,,,,,,,370.1,816,
"1350","LOWER CAIN","2023081715",0,17.1,60,,,,,,,,,,,,,,,,7.5,,,,,,,,,,370.1,742,
"1350","LOWER CAIN","2023081716",0,16.3,31,,,,,,,,,,,,,,,,9.1,,,,,,,,,,370.1,629,
"1350","LOWER CAIN","2023081717",0,15.3,34,,,,,,,,,,,,,,,,11.7,,,,,,,,,,370.1,480,
"1350","LOWER CAIN","2023081718",0,13.7,31,,,,,,,,,,,,,,,,13.4,,,,,,,,,,370.1,136,
"1350","LOWER CAIN","2023081719",0,11.3,38,,,,,,,,,,,,,,,,12.7,,,,,,,,,,370.1,30,
"1350","LOWER CAIN","2023081720",0,8.6,41,,,,,,,,,,,,,,,,13.9,,,,,,,,,,370.1,8,
"1350","LOWER CAIN","2023081721",0,8.1,37,,,,,,,,,,,,,,,,13.7,,,,,,,,,,370.1,0,
"1350","LOWER CAIN","2023081722",0,6.6,49,,,,,,,,,,,,,,,,7.4,,,,,,,,,,370.1,0,
"1350","LOWER CAIN","2023081723",0,6.6,50,,,,,,,,,,,,,,,,6.4,,,,,,,,,,370.1,0,
"1359","STATION BAY 2","2023081700",0,20.5,37,3,343,6.8,93.728,8.448,34.889,,,,,,,,,,,,,,,,,,,,,,
"1359","STATION BAY 2","2023081701",0,20.1,37,1.7,349,5.6,93.561,7.732,32.897,,,,,,,,,,,,,,,,,,,,,,
"1359","STATION BAY 2","2023081702",0,18.7,41,4.3,348,6.8,93.278,8.472,34.954,,,,,,,,,,,,,,,,,,,,,,
"1359","STATION BAY 2","2023081703",0,19.5,39,3.8,257,6.2,93.079,8.035,33.75,,,,,,,,,,,,,,,,,,,,,,
"1359","STATION BAY 2","2023081704",0,19.1,40,3.7,325,5.6,92.876,7.771,33.007,,,,,,,,,,,,,,,,,,,,,,
"1359","STATION BAY 2","2023081705",0,18.4,42,3,303,5.1,92.654,7.271,31.575,,,,,,,,,,,,,,,,,,,,,,
"1359","STATION BAY 2","2023081706",0,18.9,40,2.4,255,7.4,92.505,6.908,30.505,,,,,,,,,,,,,,,,,,,,,,
"1359","STATION BAY 2","2023081707",0,22.6,35,2.1,127,5.6,92.509,6.808,30.208,,,,,,,,,,,,,,,,,,,,,,
"1359","STATION BAY 2","2023081708",0,24.6,32,6.1,163,9.7,92.559,8.388,34.724,,,,,,,,,,,,,,,,,,,,,,
"1359","STATION BAY 2","2023081709",0,25.5,32,10.2,189,17.7,92.609,10.385,39.929,,,,,,,,,,,,,,,,,,,,,,
"1359","STATION BAY 2","2023081710",0,27.1,31,11.1,205,22.3,92.659,10.944,41.301,,,,,,,,,,,,,,,,,,,,,,
"1359","STATION BAY 2","2023081711",0,29.8,26,12.6,178,24.1,92.913,12.231,44.349,,,,,,,,,,,,,,,,,,,,,,
"1359","STATION BAY 2","2023081712",0,31,25,13.3,188,24.1,93.215,13.218,46.59,0,94.794,16.45,53.571,164.493,712.063,208.546,5,,,,,,,,,,,,,,
"1359","STATION BAY 2","2023081713",0,32.7,22,12,179,22.3,93.683,13.214,46.703,,,,,,,,,,,,,,,,,,,,,,
"1359","STATION BAY 2","2023081714",0,32.6,21,14.2,188,27.5,94.099,15.639,51.915,,,,,,,,,,,,,,,,,,,,,,
"1359","STATION BAY 2","2023081715",0,33.8,18,18.8,179,40.2,94.674,21.349,62.866,,,,,,,,,,,,,,,,,,,,,,
"1359","STATION BAY 2","2023081716",0,30,24,15.7,177,33.3,94.725,18.389,57.388,,,,,,,,,,,,,,,,,,,,,,
"1359","STATION BAY 2","2023081717",0,29.8,24,17,173,32.1,94.776,19.772,59.996,,,,,,,,,,,,,,,,,,,,,,
"1359","STATION BAY 2","2023081718",0,28.3,27,13.5,160,35.6,94.795,16.619,53.912,,,,,,,,,,,,,,,,,,,,,,
"1359","STATION BAY 2","2023081719",0,26.3,30,7.7,151,35,94.7,12.246,44.502,,,,,,,,,,,,,,,,,,,,,,
"1359","STATION BAY 2","2023081720",0,24.5,32,9,100,31.6,94.528,12.77,45.702,,,,,,,,,,,,,,,,,,,,,,
"1359","STATION BAY 2","2023081721",0,23.5,34,10.9,191,21.2,94.297,13.611,47.585,,,,,,,,,,,,,,,,,,,,,,
"1359","STATION BAY 2","2023081722",0,22.6,37,24,202,47.7,93.922,25.008,69.164,,,,,,,,,,,,,,,,,,,,,,
"1359","STATION BAY 2","2023081723",0,21.6,39,18.4,184,39,93.556,17.924,56.491,,,,,,,,,,,,,,,,,,,,,,
"1362","TS BURMAN","2023081700",0,19.5,80,0.3,74,4.6,88.36,3.44,10.699,,,,,,,,,,,,,,,,,,,,13849.6,,
"1362","TS BURMAN","2023081701",0,19.2,79,0.5,43,2.9,87.832,3.221,10.132,,,,,,,,,,,,,,,,,,,,13849.6,,
"1362","TS BURMAN","2023081702",0,18.2,88,0.8,118,3.3,86.996,2.902,9.28,,,,,,,,,,,,,,,,,,,,13849.6,,
"1362","TS BURMAN","2023081703",0,18.1,81,0,64,2.1,86.613,2.64,8.554,,,,,,,,,,,,,,,,,,,,13849.6,,
"1362","TS BURMAN","2023081704",0,17.5,85,0.2,75,2.7,86.103,2.482,8.103,,,,,,,,,,,,,,,,,,,,13849.6,,
"1362","TS BURMAN","2023081705",0,16.1,97,0.8,125,4.6,84.918,2.169,7.183,,,,,,,,,,,,,,,,,,,,13849.6,,
"1362","TS BURMAN","2023081706",0,16.4,87,1.3,31,5.6,84.47,2.093,6.952,,,,,,,,,,,,,,,,,,,,13849.6,,
"1362","TS BURMAN","2023081707",0,16.6,91,0.5,72,3,83.913,1.865,6.244,,,,,,,,,,,,,,,,,,,,13849.6,,
"1362","TS BURMAN","2023081708",0,20.3,78,0.1,51,3.5,83.946,1.836,6.152,,,,,,,,,,,,,,,,,,,,13849.6,,
"1362","TS BURMAN","2023081709",0,25.5,59,0.8,133,5,84.264,1.985,6.619,,,,,,,,,,,,,,,,,,,,13849.6,,
"1362","TS BURMAN","2023081710",0,27.2,52,1.7,240,8.3,84.794,2.232,7.371,,,,,,,,,,,,,,,,,,,,13849.6,,
"1362","TS BURMAN","2023081711",0,29,54,2.9,279,8.3,85.3,2.542,8.276,,,,,,,,,,,,,,,,,,,,13849.6,,
"1362","TS BURMAN","2023081712",0,31.1,50,3.8,312,15,85.967,2.919,9.325,0,91.07,6.05,17.387,38.098,445.585,62.777,4,,,,,,,,,,,,13849.6,,
"1362","TS BURMAN","2023081713",0,31.7,42,6.4,287,17.3,86.906,3.8,12.151,,,,,,,,,,,,,,,,,,,,13849.6,,
"1362","TS BURMAN","2023081714",0,31.8,40,6.3,284,20.8,87.757,4.269,13.325,,,,,,,,,,,,,,,,,,,,13849.6,,
"1362","TS BURMAN","2023081715",0,32.4,40,3.7,266,18.4,88.433,4.126,12.972,,,,,,,,,,,,,,,,,,,,13849.6,,
"1362","TS BURMAN","2023081716",0,32,40,4.3,272,17.1,88.98,4.6,14.123,,,,,,,,,,,,,,,,,,,,13849.6,,
"1362","TS BURMAN","2023081717",0,30.6,38,4.1,281,22,89.438,4.863,14.742,,,,,,,,,,,,,,,,,,,,13849.6,,
"1362","TS BURMAN","2023081718",0,27.2,40,4.4,257,20.3,89.63,5.075,15.232,,,,,,,,,,,,,,,,,,,,13849.6,,
"1362","TS BURMAN","2023081719",0,23.8,43,3.3,277,18.3,89.679,4.835,14.678,,,,,,,,,,,,,,,,,,,,13849.6,,
"1362","TS BURMAN","2023081720",0,22.4,41,5.6,276,18,89.728,5.468,16.119,,,,,,,,,,,,,,,,,,,,13849.6,,
"1362","TS BURMAN","2023081721",0,21.4,34,5.2,293,21.5,89.886,5.482,16.149,,,,,,,,,,,,,,,,,,,,13849.6,,
"1362","TS BURMAN","2023081722",0,20.1,32,7.9,296,22.5,90.051,6.431,18.192,,,,,,,,,,,,,,,,,,,,13849.6,,
"1362","TS BURMAN","2023081723",0,18.7,34,8.6,307,24.8,90.102,6.71,18.77,,,,,,,,,,,,,,,,,,,,13849.6,,
"1375","FRANK CREEK","2023081700",0,25.3,48,2.6,99,7.3,93.216,7.709,30.695,,,,,,,,,,,,,,,,,,,,844,,
"1375","FRANK CREEK","2023081701",0,23.9,50,3.9,95,9.2,92.784,7.749,30.801,,,,,,,,,,,,,,,,,,,,844,,
"1375","FRANK CREEK","2023081702",0,23.4,51,3.6,120,7,92.384,7.215,29.35,,,,,,,,,,,,,,,,,,,,844,,
"1375","FRANK CREEK","2023081703",0,22.7,54,0.5,74,6.5,92.037,5.876,25.494,,,,,,,,,,,,,,,,,,,,844,,
"1375","FRANK CREEK","2023081704",0,21.6,57,5.4,9,7.1,91.534,7.004,28.765,,,,,,,,,,,,,,,,,,,,844,,
"1375","FRANK CREEK","2023081705",0,21.5,58,4.3,99,8.4,91.089,6.221,26.519,,,,,,,,,,,,,,,,,,,,844,,
"1375","FRANK CREEK","2023081706",0,21,61,0.3,104,6,90.728,4.83,22.213,,,,,,,,,,,,,,,,,,,,844,,
"1375","FRANK CREEK","2023081707",0,20.6,64,0,196,4,90.378,4.526,21.204,,,,,,,,,,,,,,,,,,,,844,,
"1375","FRANK CREEK","2023081708",0,20.7,64,0,42,0,90.063,4.326,20.527,,,,,,,,,,,,,,,,,,,,844,,
"1375","FRANK CREEK","2023081709",0,23.8,53,3.7,183,8.2,89.973,5.146,23.233,,,,,,,,,,,,,,,,,,,,844,,
"1375","FRANK CREEK","2023081710",0,26.9,44,10.5,198,20.9,90.022,7.3,29.586,,,,,,,,,,,,,,,,,,,,844,,
"1375","FRANK CREEK","2023081711",0,28.5,40,12,202,25.7,90.176,8.049,31.598,,,,,,,,,,,,,,,,,,,,844,,
"1375","FRANK CREEK","2023081712",0,30.1,35,14.7,205,33.8,90.577,9.767,35.927,0,93.664,15.099,47.979,104.966,675.509,151.196,5,,,,,,,,,,,,844,,
"1375","FRANK CREEK","2023081713",0,31.2,32,16,203,28.5,91.091,11.221,39.692,,,,,,,,,,,,,,,,,,,,844,,
"1375","FRANK CREEK","2023081714",0,32.3,30,19.9,206,35.3,91.667,14.823,47.422,,,,,,,,,,,,,,,,,,,,844,,
"1375","FRANK CREEK","2023081715",0,33.1,29,18.1,206,39.3,92.19,14.577,46.926,,,,,,,,,,,,,,,,,,,,844,,
"1375","FRANK CREEK","2023081716",0,33.5,29,16.6,202,34.9,92.597,14.313,46.386,,,,,,,,,,,,,,,,,,,,844,,
"1375","FRANK CREEK","2023081717",0,33.2,29,14.2,205,31.9,92.879,13.195,44.049,,,,,,,,,,,,,,,,,,,,844,,
"1375","FRANK CREEK","2023081718",0,31.4,33,13.1,204,27.2,92.929,12.572,42.708,,,,,,,,,,,,,,,,,,,,844,,
"1375","FRANK CREEK","2023081719",0,28.2,39,9.3,212,22.8,92.871,10.296,37.534,,,,,,,,,,,,,,,,,,,,844,,
"1375","FRANK CREEK","2023081720",0,26.2,43,4.5,222,18,92.694,7.886,31.46,,,,,,,,,,,,,,,,,,,,844,,
"1375","FRANK CREEK","2023081721",0,24.6,47,3.2,179,11.7,92.428,7.115,29.351,,,,,,,,,,,,,,,,,,,,844,,
"1375","FRANK CREEK","2023081722",0,24.3,48,4.8,166,14.6,92.147,7.413,30.178,,,,,,,,,,,,,,,,,,,,844,,
"1375","FRANK CREEK","2023081723",0,23.7,48,4.5,121,11.9,91.9,7.051,29.171,,,,,,,,,,,,,,,,,,,,844,,
"1377","FORRESTKERR","2023081700",0,14.3,81,10.4,261,21.2,71.449,1.109,0.689,,,,,,,,,,,,,,,,,,,,3947.6,,
"1377","FORRESTKERR","2023081701",0,14.1,78,5.5,249,25.7,72.061,0.885,0.551,,,,,,,,,,,,,,,,,,,,3947.6,,
"1377","FORRESTKERR","2023081702",0,13.5,79,8.8,243,18.2,72.659,1.07,0.665,,,,,,,,,,,,,,,,,,,,3947.6,,
"1377","FORRESTKERR","2023081703",0,12.6,82,7.1,260,17.4,73.089,0.999,0.621,,,,,,,,,,,,,,,,,,,,3947.6,,
"1377","FORRESTKERR","2023081704",0,12,84,6.5,272,22.9,73.425,0.984,0.612,,,,,,,,,,,,,,,,,,,,3947.6,,
"1377","FORRESTKERR","2023081705",0,11.8,82,4.8,313,15.4,73.77,0.917,0.57,,,,,,,,,,,,,,,,,,,,3947.6,,
"1377","FORRESTKERR","2023081706",0,11.9,79,9.9,315,16,74.242,1.213,0.754,,,,,,,,,,,,,,,,,,,,3947.6,,
"1377","FORRESTKERR","2023081707",0,12,76,6.4,242,16.5,74.715,1.041,0.648,,,,,,,,,,,,,,,,,,,,3947.6,,
"1377","FORRESTKERR","2023081708",0,11.4,80,10,261,18.1,75.097,1.275,0.793,,,,,,,,,,,,,,,,,,,,3947.6,,
"1377","FORRESTKERR","2023081709",0,14.2,66,9.9,235,18.7,75.878,1.328,0.826,,,,,,,,,,,,,,,,,,,,3947.6,,
"1377","FORRESTKERR","2023081710",0,14.9,60,11.1,213,24.5,76.793,1.501,0.933,,,,,,,,,,,,,,,,,,,,3947.6,,
"1377","FORRESTKERR","2023081711",0,16.7,52,10.1,161,30,77.896,1.554,0.966,,,,,,,,,,,,,,,,,,,,3947.6,,
"1377","FORRESTKERR","2023081712",0,15.3,52,12.6,238,27.6,78.861,1.918,1.675,0,80.191,2.189,2.567,7.149,314.907,13.53,2,,,,,,,,,,,,3947.6,,
"1377","FORRESTKERR","2023081713",0,14.3,58,9.4,204,28.6,79.5,1.736,1.8,,,,,,,,,,,,,,,,,,,,3947.6,,
"1377","FORRESTKERR","2023081714",0,16.8,51,8.6,158,24.4,80.326,1.815,1.943,,,,,,,,,,,,,,,,,,,,3947.6,,
"1377","FORRESTKERR","2023081715",0,15.7,54,10,209,25.9,80.971,2.092,2.41,,,,,,,,,,,,,,,,,,,,3947.6,,
"1377","FORRESTKERR","2023081716",0,16,54,12.7,230,26.7,81.59,2.574,3.161,,,,,,,,,,,,,,,,,,,,3947.6,,
"1377","FORRESTKERR","2023081717",0,16.2,53,11.2,237,26.8,82.157,2.555,3.133,,,,,,,,,,,,,,,,,,,,3947.6,,
"1377","FORRESTKERR","2023081718",0,14.9,59,12.7,244,26.6,82.503,2.876,3.605,,,,,,,,,,,,,,,,,,,,3947.6,,
"1377","FORRESTKERR","2023081719",0,13.9,63,9.1,253,23.8,82.7,2.459,2.987,,,,,,,,,,,,,,,,,,,,3947.6,,
"1377","FORRESTKERR","2023081720",0,13.2,64,8.1,220,19.7,82.847,2.382,2.869,,,,,,,,,,,,,,,,,,,,3947.6,,
"1377","FORRESTKERR","2023081721",0,12.7,65,9.4,243,27.2,82.96,2.58,3.171,,,,,,,,,,,,,,,,,,,,3947.6,,
"1377","FORRESTKERR","2023081722",0,12.1,68,8.7,274,21.6,83.01,2.506,3.06,,,,,,,,,,,,,,,,,,,,3947.6,,
"1377","FORRESTKERR","2023081723",0,11.2,74,8.5,273,18.8,83.057,2.496,3.044,,,,,,,,,,,,,,,,,,,,3947.6,,
"1378","TS ATLUCK","2023081700",0,17.3,79,3.2,340,11,88.53,4.079,9.092,,,,,,,,,,,,,,,,,,,,14736.8,,
"1378","TS ATLUCK","2023081701",0,16.4,85,6.1,351,10.7,87.588,4.125,9.179,,,,,,,,,,,,,,,,,,,,14736.8,,
"1378","TS ATLUCK","2023081702",0,16,87,6.6,3,13.7,86.672,3.713,8.382,,,,,,,,,,,,,,,,,,,,14736.8,,
"1378","TS ATLUCK","2023081703",0,15.1,97,7.6,341,14,85.129,3.146,7.231,,,,,,,,,,,,,,,,,,,,14736.8,,
"1378","TS ATLUCK","2023081704",0,14.9,100,9.1,339,17.3,83.426,2.699,6.273,,,,,,,,,,,,,,,,,,,,14736.8,,
"1378","TS ATLUCK","2023081705",0,14.7,100,8.9,340,18.6,81.997,2.231,5.213,,,,,,,,,,,,,,,,,,,,14736.8,,
"1378","TS ATLUCK","2023081706",0,14.8,100,10.9,342,21.9,80.74,2.133,4.98,,,,,,,,,,,,,,,,,,,,14736.8,,
"1378","TS ATLUCK","2023081707",0,15.4,96,6.3,354,17.7,80.173,1.591,3.63,,,,,,,,,,,,,,,,,,,,14736.8,,
"1378","TS ATLUCK","2023081708",0,16.8,86,6,353,19.4,80.219,1.574,3.588,,,,,,,,,,,,,,,,,,,,14736.8,,
"1378","TS ATLUCK","2023081709",0,18.2,77,9.8,323,22.5,80.425,1.949,4.538,,,,,,,,,,,,,,,,,,,,14736.8,,
"1378","TS ATLUCK","2023081710",0,18.7,72,11.9,326,27.2,80.753,2.246,5.247,,,,,,,,,,,,,,,,,,,,14736.8,,
"1378","TS ATLUCK","2023081711",0,18.9,67,11.7,327,31.1,81.173,2.332,5.446,,,,,,,,,,,,,,,,,,,,14736.8,,
"1378","TS ATLUCK","2023081712",0,19.1,65,15.3,327,32.6,81.629,2.948,6.813,0,87.09,6.108,13.108,21.822,293.114,36.795,3,,,,,,,,,,,,14736.8,,
"1378","TS ATLUCK","2023081713",0,20.8,48,12.9,316,33.6,82.543,2.919,7.022,,,,,,,,,,,,,,,,,,,,14736.8,,
"1378","TS ATLUCK","2023081714",0,21.2,43,14.6,311,33.2,83.53,3.609,8.486,,,,,,,,,,,,,,,,,,,,14736.8,,
"1378","TS ATLUCK","2023081715",0,20.5,44,17,315,33.5,84.332,4.531,10.297,,,,,,,,,,,,,,,,,,,,14736.8,,
"1378","TS ATLUCK","2023081716",0,20.1,43,17.9,317,39.7,85.034,5.218,11.56,,,,,,,,,,,,,,,,,,,,14736.8,,
"1378","TS ATLUCK","2023081717",0,19.6,44,17.4,318,33.6,85.577,5.485,12.034,,,,,,,,,,,,,,,,,,,,14736.8,,
"1378","TS ATLUCK","2023081718",0,17.1,50,18.7,321,32.4,85.801,6.043,12.997,,,,,,,,,,,,,,,,,,,,14736.8,,
"1378","TS ATLUCK","2023081719",0,14.3,56,17.8,323,33.5,85.849,5.814,12.606,,,,,,,,,,,,,,,,,,,,14736.8,,
"1378","TS ATLUCK","2023081720",0,11.3,67,19.5,332,36.1,85.735,6.233,13.319,,,,,,,,,,,,,,,,,,,,14736.8,,
"1378","TS ATLUCK","2023081721",0,10.6,67,15.3,332,40.2,85.633,4.973,11.117,,,,,,,,,,,,,,,,,,,,14736.8,,
"1378","TS ATLUCK","2023081722",0,10.5,64,16.2,331,30.6,85.603,5.182,11.496,,,,,,,,,,,,,,,,,,,,14736.8,,
"1378","TS ATLUCK","2023081723",0,10.4,63,16.3,336,27.6,85.595,5.203,11.532,,,,,,,,,,,,,,,,,,,,14736.8,,
"1383","CHEF CREEK TEST","2023081700",0,18.8,50,2.8,345,9.8,89.688,4.721,14.721,,,,,,,,,,,,,,,,,,,,9041.2,,
"1383","CHEF CREEK TEST","2023081701",0,17.6,59,5.2,310,10.2,89.414,5.122,15.668,,,,,,,,,,,,,,,,,,,,9041.2,,
"1383","CHEF CREEK TEST","2023081702",0,18.6,56,3.6,219,10.6,89.262,4.624,14.487,,,,,,,,,,,,,,,,,,,,9041.2,,
"1383","CHEF CREEK TEST","2023081703",0,17,61,2.4,293,10,89.019,4.203,13.453,,,,,,,,,,,,,,,,,,,,9041.2,,
"1383","CHEF CREEK TEST","2023081704",0,16.4,66,2.7,239,7.7,88.687,4.069,13.113,,,,,,,,,,,,,,,,,,,,9041.2,,
"1383","CHEF CREEK TEST","2023081705",0,15.9,71,0.2,133,8.7,88.348,3.417,11.406,,,,,,,,,,,,,,,,,,,,9041.2,,
"1383","CHEF CREEK TEST","2023081706",0,19.5,54,7.7,218,10.1,88.367,5,15.382,,,,,,,,,,,,,,,,,,,,9041.2,,
"1383","CHEF CREEK TEST","2023081707",0,20.7,58,0.3,230,7,88.344,3.432,11.446,,,,,,,,,,,,,,,,,,,,9041.2,,
"1383","CHEF CREEK TEST","2023081708",0,21.7,59,1,76,6,88.313,3.54,11.736,,,,,,,,,,,,,,,,,,,,9041.2,,
"1383","CHEF CREEK TEST","2023081709",0,21.2,61,3.6,43,10.9,88.22,3.982,12.892,,,,,,,,,,,,,,,,,,,,9041.2,,
"1383","CHEF CREEK TEST","2023081710",0,22.5,56,4.5,37,10.3,88.269,4.195,13.433,,,,,,,,,,,,,,,,,,,,9041.2,,
"1383","CHEF CREEK TEST","2023081711",0,22.7,56,5,92,11.6,88.318,4.333,13.776,,,,,,,,,,,,,,,,,,,,9041.2,,
"1383","CHEF CREEK TEST","2023081712",0,24,53,6.3,39,13.3,88.367,4.659,14.572,0,89.222,5.268,16.455,42.756,433.478,68.597,3,,,,,,,,,,,,9041.2,,
"1383","CHEF CREEK TEST","2023081713",0,23.2,59,5.7,28,13.5,88.346,4.506,14.613,,,,,,,,,,,,,,,,,,,,9041.2,,
"1383","CHEF CREEK TEST","2023081714",0,23.7,57,3.3,24,12.7,88.389,4.018,13.368,,,,,,,,,,,,,,,,,,,,9041.2,,
"1383","CHEF CREEK TEST","2023081715",0,23.7,57,6.6,31,12.9,88.425,4.77,15.263,,,,,,,,,,,,,,,,,,,,9041.2,,
"1383","CHEF CREEK TEST","2023081716",0,21.9,58,3.5,27,12,88.399,4.064,13.488,,,,,,,,,,,,,,,,,,,,9041.2,,
"1383","CHEF CREEK TEST","2023081717",0,21.1,59,2.7,20,9.7,88.343,3.873,12.986,,,,,,,,,,,,,,,,,,,,9041.2,,
"1383","CHEF CREEK TEST","2023081718",0,19.3,61,3.8,8,12.7,88.217,4.02,13.372,,,,,,,,,,,,,,,,,,,,9041.2,,
"1383","CHEF CREEK TEST","2023081719",0,18.3,63,1,82,16.8,88.076,3.421,11.765,,,,,,,,,,,,,,,,,,,,9041.2,,
"1383","CHEF CREEK TEST","2023081720",0,16.6,54,1.9,353,9.8,88.083,3.584,12.21,,,,,,,,,,,,,,,,,,,,9041.2,,
"1383","CHEF CREEK TEST","2023081721",0,15.1,56,0.5,96,12,88.047,3.322,11.489,,,,,,,,,,,,,,,,,,,,9041.2,,
"1383","CHEF CREEK TEST","2023081722",0,12.6,56,1.6,2,11.8,87.98,3.478,11.92,,,,,,,,,,,,,,,,,,,,9041.2,,
"1383","CHEF CREEK TEST","2023081723",0,11.8,58,1.9,340,10.5,87.878,3.48,11.926,,,,,,,,,,,,,,,,,,,,9041.2,,
"1387","PLUMMER HUT","2023081700",0,13,37,5.1,165,7.7,,,,,,,,,,,,,0,,,,,,,,,,10362.2,,
"1387","PLUMMER HUT","2023081701",0,13.1,35,2,19,7.6,,,,,,,,,,,,,0,,,,,,,,,,10362.2,,
"1387","PLUMMER HUT","2023081702",0,13.2,34,2.5,59,15.5,,,,,,,,,,,,,0,,,,,,,,,,10362.2,,
"1387","PLUMMER HUT","2023081703",0,12.7,32,2.1,41,10.7,,,,,,,,,,,,,0,,,,,,,,,,10362.2,,
"1387","PLUMMER HUT","2023081704",0,12.4,35,1.8,112,10.1,,,,,,,,,,,,,0,,,,,,,,,,10362.2,,
"1387","PLUMMER HUT","2023081705",0,12.3,40,7.9,165,12.2,,,,,,,,,,,,,0,,,,,,,,,,10362.2,,
"1387","PLUMMER HUT","2023081706",0,12,41,9.3,149,16.6,,,,,,,,,,,,,0,,,,,,,,,,10362.2,,
"1387","PLUMMER HUT","2023081707",0,12.1,41,9.4,193,18.3,,,,,,,,,,,,,0,,,,,,,,,,10362.2,,
"1387","PLUMMER HUT","2023081708",0,11.6,40,5.3,147,21,,,,,,,,,,,,,0,,,,,,,,,,10362.2,,
"1387","PLUMMER HUT","2023081709",0,11.8,37,4.8,138,12.6,,,,,,,,,,,,,0,,,,,,,,,,10362.2,,
"1387","PLUMMER HUT","2023081710",0,12.3,29,10.9,167,18.5,,,,,,,,,,,,,0,,,,,,,,,,10362.2,,
"1387","PLUMMER HUT","2023081711",0,12.2,33,2.7,104,15.9,,,,,,,,,,,,,0,,,,,,,,,,10362.2,,
"1387","PLUMMER HUT","2023081712",0,12,34,0,123,10.2,,,,0,,,,,,,,,0,,,,,,,,,,10362.2,,
"1387","PLUMMER HUT","2023081713",0,10.8,44,3.2,116,17.8,,,,,,,,,,,,,0,,,,,,,,,,10362.2,,
"1387","PLUMMER HUT","2023081714",0,10.6,41,6,109,17,,,,,,,,,,,,,0,,,,,,,,,,10362.2,,
"1387","PLUMMER HUT","2023081715",0,11,42,3.1,111,17.3,,,,,,,,,,,,,0,,,,,,,,,,10362.2,,
"1387","PLUMMER HUT","2023081716",0,10.3,46,3.1,119,12.3,,,,,,,,,,,,,0,,,,,,,,,,10362.2,,
"1387","PLUMMER HUT","2023081717",0,10.5,45,1.1,113,12,,,,,,,,,,,,,0,,,,,,,,,,10362.2,,
"1387","PLUMMER HUT","2023081718",0,9.1,41,4.3,43,25.1,,,,,,,,,,,,,0,,,,,,,,,,10362.2,,
"1387","PLUMMER HUT","2023081719",0,8,31,3.2,159,14,,,,,,,,,,,,,0,,,,,,,,,,10362.2,,
"1387","PLUMMER HUT","2023081720",0,6.5,44,0.7,133,11.6,,,,,,,,,,,,,0,,,,,,,,,,10362.2,,
"1387","PLUMMER HUT","2023081721",0,5.9,41,2.4,2,11.9,,,,,,,,,,,,,0,,,,,,,,,,10362.2,,
"1387","PLUMMER HUT","2023081722",0,4.9,30,5.4,120,9.5,,,,,,,,,,,,,0,,,,,,,,,,10362.2,,
"1387","PLUMMER HUT","2023081723",0,4.1,48,1.9,151,9.5,,,,,,,,,,,,,0,,,,,,,,,,10362.2,,
"1392","MCNULTY EXT","2023081700",0,8.3,75,2.9,77,4.5,89.997,4.96,18.388,,,,,,,,,,,,,,,,,,,,1290.6,,
"1392","MCNULTY EXT","2023081701",0,7.3,80,1,48,6.7,89.331,4.096,15.943,,,,,,,,,,,,,,,,,,,,1290.6,,
"1392","MCNULTY EXT","2023081702",0,6.7,84,3.2,76,5.4,88.54,4.086,15.911,,,,,,,,,,,,,,,,,,,,1290.6,,
"1392","MCNULTY EXT","2023081703",0,6,88,3.2,74,6,87.698,3.621,14.509,,,,,,,,,,,,,,,,,,,,1290.6,,
"1392","MCNULTY EXT","2023081704",0,5.5,92,3.6,75,5.1,86.762,3.233,13.285,,,,,,,,,,,,,,,,,,,,1290.6,,
"1392","MCNULTY EXT","2023081705",0,4.8,96,4.1,64,6.4,85.694,2.852,12.029,,,,,,,,,,,,,,,,,,,,1290.6,,
"1392","MCNULTY EXT","2023081706",0,7.9,88,2.9,72,5.3,85.112,2.477,10.726,,,,,,,,,,,,,,,,,,,,1290.6,,
"1392","MCNULTY EXT","2023081707",0,16.7,60,0.1,69,4.6,85.16,2.165,9.588,,,,,,,,,,,,,,,,,,,,1290.6,,
"1392","MCNULTY EXT","2023081708",0,22.4,38,6.4,274,15.5,85.877,3.286,13.455,,,,,,,,,,,,,,,,,,,,1290.6,,
"1392","MCNULTY EXT","2023081709",0,23.2,37,12.3,242,28.7,86.637,4.924,18.29,,,,,,,,,,,,,,,,,,,,1290.6,,
"1392","MCNULTY EXT","2023081710",0,25.1,32,10.4,257,27.1,87.533,5.083,18.723,,,,,,,,,,,,,,,,,,,,1290.6,,
"1392","MCNULTY EXT","2023081711",0,26.4,29,11.9,272,30,88.49,6.288,21.836,,,,,,,,,,,,,,,,,,,,1290.6,,
"1392","MCNULTY EXT","2023081712",0,27.2,28,11.7,256,32.8,89.358,7.051,23.68,0,94.237,14.054,38.826,61.392,569.689,96.725,4,,,,,,,,,,,,1290.6,,
"1392","MCNULTY EXT","2023081713",0,27.2,29,14.6,252,39.2,90.043,9.003,28.88,,,,,,,,,,,,,,,,,,,,1290.6,,
"1392","MCNULTY EXT","2023081714",0,28,27,11.6,272,31.6,90.699,8.501,27.771,,,,,,,,,,,,,,,,,,,,1290.6,,
"1392","MCNULTY EXT","2023081715",0,27.8,26,13.7,262,35.8,91.275,10.258,31.542,,,,,,,,,,,,,,,,,,,,1290.6,,
"1392","MCNULTY EXT","2023081716",0,27.2,29,13.5,263,36.9,91.573,10.595,32.23,,,,,,,,,,,,,,,,,,,,1290.6,,
"1392","MCNULTY EXT","2023081717",0,25.4,31,13,270,36.3,91.664,10.465,31.967,,,,,,,,,,,,,,,,,,,,1290.6,,
"1392","MCNULTY EXT","2023081718",0,21.7,40,11.7,269,35.6,91.616,9.735,30.451,,,,,,,,,,,,,,,,,,,,1290.6,,
"1392","MCNULTY EXT","2023081719",0,19.8,48,9,259,24.8,91.355,8.188,27.065,,,,,,,,,,,,,,,,,,,,1290.6,,
"1392","MCNULTY EXT","2023081720",0,17.8,55,7.5,262,23.5,90.949,7.165,24.675,,,,,,,,,,,,,,,,,,,,1290.6,,
"1392","MCNULTY EXT","2023081721",0,15.6,61,4.5,269,20.6,90.481,5.762,21.148,,,,,,,,,,,,,,,,,,,,1290.6,,
"1392","MCNULTY EXT","2023081722",0,11.6,73,0,332,8.7,89.989,4.281,17.016,,,,,,,,,,,,,,,,,,,,1290.6,,
"1392","MCNULTY EXT","2023081723",0,9.2,81,0.6,85,4.7,89.299,3.996,16.16,,,,,,,,,,,,,,,,,,,,1290.6,,
"1398","TS NAHMINT","2023081700",0,21.5,69,4.5,44,6.6,89.735,5.178,17.002,,,,,,,,,,,,,,,,,,,,13486.6,,
"1398","TS NAHMINT","2023081701",0,20.4,73,0,310,5.3,89.28,3.867,13.604,,,,,,,,,,,,,,,,,,,,13486.6,,
"1398","TS NAHMINT","2023081702",0,20,73,1.8,51,5.7,88.769,3.934,13.788,,,,,,,,,,,,,,,,,,,,13486.6,,
"1398","TS NAHMINT","2023081703",0,19.7,74,3.4,48,7,88.258,3.963,13.867,,,,,,,,,,,,,,,,,,,,13486.6,,
"1398","TS NAHMINT","2023081704",0,19,78,1.7,293,4.7,87.726,3.371,12.205,,,,,,,,,,,,,,,,,,,,13486.6,,
"1398","TS NAHMINT","2023081705",0,18.5,79,2.2,356,6.5,87.215,3.213,11.746,,,,,,,,,,,,,,,,,,,,13486.6,,
"1398","TS NAHMINT","2023081706",0,19.9,72,4.3,263,5.7,86.964,3.447,12.425,,,,,,,,,,,,,,,,,,,,13486.6,,
"1398","TS NAHMINT","2023081707",0,19.1,77,5,46,6.9,86.579,3.38,12.233,,,,,,,,,,,,,,,,,,,,13486.6,,
"1398","TS NAHMINT","2023081708",0,22.3,67,3.7,258,6.8,86.593,3.172,11.625,,,,,,,,,,,,,,,,,,,,13486.6,,
"1398","TS NAHMINT","2023081709",0,24.5,56,6.9,223,10.1,86.703,3.786,13.381,,,,,,,,,,,,,,,,,,,,13486.6,,
"1398","TS NAHMINT","2023081710",0,27,44,7.8,218,18.7,87.223,4.266,14.681,,,,,,,,,,,,,,,,,,,,13486.6,,
"1398","TS NAHMINT","2023081711",0,29,40,7.8,224,16.2,87.889,4.692,15.787,,,,,,,,,,,,,,,,,,,,13486.6,,
"1398","TS NAHMINT","2023081712",0,30.2,38,9.3,214,14.3,88.592,5.597,18.014,0,93.037,10.539,29.218,50.706,468.95,79.832,4,,,,,,,,,,,,13486.6,,
"1398","TS NAHMINT","2023081713",0,31.6,37,2.8,248,15.7,89.176,4.387,15.593,,,,,,,,,,,,,,,,,,,,13486.6,,
"1398","TS NAHMINT","2023081714",0,30.6,37,5.4,332,13.5,89.652,5.354,18.101,,,,,,,,,,,,,,,,,,,,13486.6,,
"1398","TS NAHMINT","2023081715",0,30.1,37,4.1,240,18.4,90.008,5.277,17.909,,,,,,,,,,,,,,,,,,,,13486.6,,
"1398","TS NAHMINT","2023081716",0,29.5,38,2.3,228,13.1,90.233,4.978,17.148,,,,,,,,,,,,,,,,,,,,13486.6,,
"1398","TS NAHMINT","2023081717",0,27.5,44,5.3,328,11.3,90.282,5.831,19.27,,,,,,,,,,,,,,,,,,,,13486.6,,
"1398","TS NAHMINT","2023081718",0,25.6,50,4.8,298,11.2,90.267,5.673,18.888,,,,,,,,,,,,,,,,,,,,13486.6,,
"1398","TS NAHMINT","2023081719",0,21.7,61,8.1,276,16.4,89.874,6.333,20.46,,,,,,,,,,,,,,,,,,,,13486.6,,
"1398","TS NAHMINT","2023081720",0,18.5,71,8.2,279,12.9,89.223,5.797,19.189,,,,,,,,,,,,,,,,,,,,13486.6,,
"1398","TS NAHMINT","2023081721",0,16.9,78,7.3,281,12.2,88.447,4.957,17.094,,,,,,,,,,,,,,,,,,,,13486.6,,
"1398","TS NAHMINT","2023081722",0,15.7,84,7.5,278,11.1,87.543,4.398,15.624,,,,,,,,,,,,,,,,,,,,13486.6,,
"1398","TS NAHMINT","2023081723",0,14.8,89,4.1,293,9.9,86.601,3.241,12.319,,,,,,,,,,,,,,,,,,,,13486.6,,
"1399","MERRITT 2 HUB","2023081700",0,20.7,43,4.4,358,7.9,93.967,9.372,33.382,,,,,,,,,,,,,,,,,,,,,,
"1399","MERRITT 2 HUB","2023081701",0,18,55,3.4,172,7.9,93.317,8.142,30.38,,,,,,,,,,,,,,,,,,,,,,
"1399","MERRITT 2 HUB","2023081702",0,17.6,53,1.9,193,6.2,92.833,7.054,27.556,,,,,,,,,,,,,,,,,,,,,,
"1399","MERRITT 2 HUB","2023081703",0,15.6,62,2.2,201,7.4,92.187,6.539,26.157,,,,,,,,,,,,,,,,,,,,,,
"1399","MERRITT 2 HUB","2023081704",0,15.5,63,3.9,339,8.5,91.541,6.502,26.053,,,,,,,,,,,,,,,,,,,,,,
"1399","MERRITT 2 HUB","2023081705",0,15.2,61,5.5,337,7.4,90.988,6.514,26.088,,,,,,,,,,,,,,,,,,,,,,
"1399","MERRITT 2 HUB","2023081706",0,14.4,66,3.5,283,7.9,90.419,5.43,22.97,,,,,,,,,,,,,,,,,,,,,,
"1399","MERRITT 2 HUB","2023081707",0,17.7,59,2.4,176,8.5,90.097,4.906,21.37,,,,,,,,,,,,,,,,,,,,,,
"1399","MERRITT 2 HUB","2023081708",0,20.5,52,6.9,77,12,89.957,6.032,24.731,,,,,,,,,,,,,,,,,,,,,,
"1399","MERRITT 2 HUB","2023081709",0,25,42,5.9,66,12.5,90.006,5.777,23.993,,,,,,,,,,,,,,,,,,,,,,
"1399","MERRITT 2 HUB","2023081710",0,31.7,28,6.1,43,12.5,90.763,6.502,26.055,,,,,,,,,,,,,,,,,,,,,,
"1399","MERRITT 2 HUB","2023081711",0,33.5,22,14.6,236,30.4,91.902,11.732,38.692,,,,,,,,,,,,,,,,,,,,,,
"1399","MERRITT 2 HUB","2023081712",0,33.9,21,36.6,206,46.5,93.018,41.599,84.308,0,95.607,59.474,105.488,84.574,828.155,134.746,5,,,,,,,,,,,,,,
"1399","MERRITT 2 HUB","2023081713",0,34.5,21,38.7,196,52.3,93.849,51.92,97.602,,,,,,,,,,,,,,,,,,,,,,
"1399","MERRITT 2 HUB","2023081714",0,34.6,22,35,201,51.1,94.344,46.146,91.182,,,,,,,,,,,,,,,,,,,,,,
"1399","MERRITT 2 HUB","2023081715",0,33.7,23,46.3,204,58.6,94.575,84.186,128.285,,,,,,,,,,,,,,,,,,,,,,
"1399","MERRITT 2 HUB","2023081716",0,31.9,25,38.7,206,59.8,94.626,57.807,103.793,,,,,,,,,,,,,,,,,,,,,,
"1399","MERRITT 2 HUB","2023081717",0,30.4,27,39.1,208,56.3,94.677,59.4,105.413,,,,,,,,,,,,,,,,,,,,,,
"1399","MERRITT 2 HUB","2023081718",0,29.5,28,38.7,205,53.4,94.704,58.431,104.43,,,,,,,,,,,,,,,,,,,,,,
"1399","MERRITT 2 HUB","2023081719",0,28.4,30,23,212,56.3,94.628,26.212,65.255,,,,,,,,,,,,,,,,,,,,,,
"1399","MERRITT 2 HUB","2023081720",0,27,34,19,204,38.5,94.4,20.765,56.61,,,,,,,,,,,,,,,,,,,,,,
"1399","MERRITT 2 HUB","2023081721",0,26.2,35,19.1,251,41.9,94.158,20.186,55.632,,,,,,,,,,,,,,,,,,,,,,
"1399","MERRITT 2 HUB","2023081722",0,25.3,38,28.5,237,45.9,93.795,30.822,71.922,,,,,,,,,,,,,,,,,,,,,,
"1399","MERRITT 2 HUB","2023081723",0,24.1,43,26.6,228,40.8,93.299,26.14,65.147,,,,,,,,,,,,,,,,,,,,,,
"1408","TS BLACKWATER","2023081700",0,16,73,3.4,275,14,,,,,,,,,,,,,,,,,,,,,,,3422.9,,
"1408","TS BLACKWATER","2023081701",0,15.5,81,4.1,262,11.8,,,,,,,,,,,,,,,,,,,,,,,3422.9,,
"1408","TS BLACKWATER","2023081702",0,14.9,87,3.4,271,9.8,,,,,,,,,,,,,,,,,,,,,,,3422.9,,
"1408","TS BLACKWATER","2023081703",0,14.5,90,3.9,291,9.9,,,,,,,,,,,,,,,,,,,,,,,3422.9,,
"1408","TS BLACKWATER","2023081704",0,14.5,92,3.6,293,11.4,,,,,,,,,,,,,,,,,,,,,,,3422.9,,
"1408","TS BLACKWATER","2023081705",0,14.1,93,3.5,276,11.6,,,,,,,,,,,,,,,,,,,,,,,3422.9,,
"1408","TS BLACKWATER","2023081706",0,14.1,94,3.1,281,12.4,,,,,,,,,,,,,,,,,,,,,,,3422.9,,
"1408","TS BLACKWATER","2023081707",0,16.9,82,6.5,338,18.9,,,,,,,,,,,,,,,,,,,,,,,3422.9,,
"1408","TS BLACKWATER","2023081708",0,18.5,75,12,349,21,,,,,,,,,,,,,,,,,,,,,,,3422.9,,
"1408","TS BLACKWATER","2023081709",0,18.8,74,7.1,342,22.3,,,,,,,,,,,,,,,,,,,,,,,3422.9,,
"1408","TS BLACKWATER","2023081710",0,21.8,63,13.7,1,28.9,,,,,,,,,,,,,,,,,,,,,,,3422.9,,
"1408","TS BLACKWATER","2023081711",0,22.9,58,13.9,347,29.3,,,,,,,,,,,,,,,,,,,,,,,3422.9,,
"1408","TS BLACKWATER","2023081712",0,23.1,55,12.3,357,25.3,,,,0,,,,,,,,,,,,,,,,,,,3422.9,,
"1408","TS BLACKWATER","2023081713",0,22.8,53,16.3,357,32.9,,,,,,,,,,,,,,,,,,,,,,,3422.9,,
"1408","TS BLACKWATER","2023081714",0,22.3,52,19.2,355,40.5,,,,,,,,,,,,,,,,,,,,,,,3422.9,,
"1408","TS BLACKWATER","2023081715",0,22.1,42,18.3,352,40.7,,,,,,,,,,,,,,,,,,,,,,,3422.9,,
"1408","TS BLACKWATER","2023081716",0,21.3,39,14.4,358,42.6,,,,,,,,,,,,,,,,,,,,,,,3422.9,,
"1408","TS BLACKWATER","2023081717",0,19.5,42,17.2,347,34.5,,,,,,,,,,,,,,,,,,,,,,,3422.9,,
"1408","TS BLACKWATER","2023081718",0,16.5,49,11.5,339,40.3,,,,,,,,,,,,,,,,,,,,,,,3422.9,,
"1408","TS BLACKWATER","2023081719",0,15,51,9.9,345,26.1,,,,,,,,,,,,,,,,,,,,,,,3422.9,,
"1408","TS BLACKWATER","2023081720",0,13.4,53,8.8,341,25.5,,,,,,,,,,,,,,,,,,,,,,,3422.9,,
"1408","TS BLACKWATER","2023081721",0,12.1,56,10.2,354,22,,,,,,,,,,,,,,,,,,,,,,,3422.9,,
"1408","TS BLACKWATER","2023081722",0,11.6,64,9.1,340,30.5,,,,,,,,,,,,,,,,,,,,,,,3422.9,,
"1408","TS BLACKWATER","2023081723",0,11.7,60,11.4,340,25.5,,,,,,,,,,,,,,,,,,,,,,,3422.9,,
"1790","CARIBOO CREEK","2023081700",0,12.4,65,4.6,5,10.9,89.707,5.183,20.498,,,,,,,,,,,,,,,,,,,,914.6,,
"1790","CARIBOO CREEK","2023081701",0,11.4,72,3.1,326,5.8,89.156,4.441,18.312,,,,,,,,,,,,,,,,,,,,914.6,,
"1790","CARIBOO CREEK","2023081702",0,10.7,71,4.8,325,7.1,88.656,4.502,18.5,,,,,,,,,,,,,,,,,,,,914.6,,
"1790","CARIBOO CREEK","2023081703",0,10.6,74,3.2,79,6.4,88.166,3.872,16.538,,,,,,,,,,,,,,,,,,,,914.6,,
"1790","CARIBOO CREEK","2023081704",0,9.5,79,3,330,5.5,87.61,3.54,15.455,,,,,,,,,,,,,,,,,,,,914.6,,
"1790","CARIBOO CREEK","2023081705",0,9.5,75,1.8,317,6,87.229,3.156,14.149,,,,,,,,,,,,,,,,,,,,914.6,,
"1790","CARIBOO CREEK","2023081706",0,10.6,83,0.6,283,5.9,86.722,2.764,12.754,,,,,,,,,,,,,,,,,,,,914.6,,
"1790","CARIBOO CREEK","2023081707",0,14.7,67,1.3,119,4.7,86.615,2.82,12.958,,,,,,,,,,,,,,,,,,,,914.6,,
"1790","CARIBOO CREEK","2023081708",0,21.2,46,2.7,142,5.8,86.849,3.128,14.055,,,,,,,,,,,,,,,,,,,,914.6,,
"1790","CARIBOO CREEK","2023081709",0,25.5,32,4.2,131,6.3,87.625,3.768,16.204,,,,,,,,,,,,,,,,,,,,914.6,,
"1790","CARIBOO CREEK","2023081710",0,26.9,28,4.1,31,13.9,88.497,4.248,17.724,,,,,,,,,,,,,,,,,,,,914.6,,
"1790","CARIBOO CREEK","2023081711",0,27.4,27,9.8,285,21.3,89.394,6.44,23.921,,,,,,,,,,,,,,,,,,,,914.6,,
"1790","CARIBOO CREEK","2023081712",0,28,26,9.5,187,22.2,90.197,7.118,25.651,0,93.947,12.084,37.344,82.177,422.521,110.584,4,,,,,,,,,,,,914.6,,
"1790","CARIBOO CREEK","2023081713",0,28.8,25,8.9,209,20.8,90.928,7.666,27.542,,,,,,,,,,,,,,,,,,,,914.6,,
"1790","CARIBOO CREEK","2023081714",0,28.7,24,9.2,190,22.4,91.56,8.514,29.584,,,,,,,,,,,,,,,,,,,,914.6,,
"1790","CARIBOO CREEK","2023081715",0,27.8,26,8.9,264,22.9,91.936,8.846,30.358,,,,,,,,,,,,,,,,,,,,914.6,,
"1790","CARIBOO CREEK","2023081716",0,27.6,29,5.6,246,24.6,92.1,7.667,27.543,,,,,,,,,,,,,,,,,,,,914.6,,
"1790","CARIBOO CREEK","2023081717",0,25.5,31,3.2,153,15.1,92.15,6.841,25.461,,,,,,,,,,,,,,,,,,,,914.6,,
"1790","CARIBOO CREEK","2023081718",0,23.6,41,4,342,12.6,92.075,7.047,25.991,,,,,,,,,,,,,,,,,,,,914.6,,
"1790","CARIBOO CREEK","2023081719",0,21.8,36,4.7,351,8.2,92.084,7.31,26.656,,,,,,,,,,,,,,,,,,,,914.6,,
"1790","CARIBOO CREEK","2023081720",0,19.9,47,5.1,337,12,91.823,7.189,26.35,,,,,,,,,,,,,,,,,,,,914.6,,
"1790","CARIBOO CREEK","2023081721",0,17.5,57,4.5,24,10.4,91.35,6.522,24.627,,,,,,,,,,,,,,,,,,,,914.6,,
"1790","CARIBOO CREEK","2023081722",0,16.4,60,5.5,353,16.4,90.843,6.381,24.255,,,,,,,,,,,,,,,,,,,,914.6,,
"1790","CARIBOO CREEK","2023081723",0,17.5,54,5.6,59,12.9,90.541,6.142,23.614,,,,,,,,,,,,,,,,,,,,914.6,,
"1994","TERRACE AIRPORT QD","2023081700",0,18.7,67,4.4,252,11.3,86.329,3.166,9.462,,,,,,,,,,,,,,,,,,,,595,,
"1994","TERRACE AIRPORT QD","2023081701",0,17.8,71,9,297,17.3,86.173,3.905,11.263,,,,,,,,,,,,,,,,,,,,595,,
"1994","TERRACE AIRPORT QD","2023081702",0,16.4,79,4.5,30,17.3,85.815,2.96,8.935,,,,,,,,,,,,,,,,,,,,595,,
"1994","TERRACE AIRPORT QD","2023081703",0,16.8,72,2,221,14.2,85.718,2.575,7.91,,,,,,,,,,,,,,,,,,,,595,,
"1994","TERRACE AIRPORT QD","2023081704",0,16.4,70,18.3,290,30.6,85.633,5.784,15.343,,,,,,,,,,,,,,,,,,,,595,,
"1994","TERRACE AIRPORT QD","2023081705",0,16.2,67,11.5,288,26.2,85.643,4.112,11.743,,,,,,,,,,,,,,,,,,,,595,,
"1994","TERRACE AIRPORT QD","2023081706",0,15.4,70,9.8,292,24.4,85.566,3.734,10.858,,,,,,,,,,,,,,,,,,,,595,,
"1994","TERRACE AIRPORT QD","2023081707",0,16.3,61,16.6,275,24.6,85.614,5.296,14.338,,,,,,,,,,,,,,,,,,,,595,,
"1994","TERRACE AIRPORT QD","2023081708",0,17.2,56,18.8,268,32.6,85.695,5.984,15.743,,,,,,,,,,,,,,,,,,,,595,,
"1994","TERRACE AIRPORT QD","2023081709",0,18.7,46,13.8,267,30.9,86.037,4.879,13.452,,,,,,,,,,,,,,,,,,,,595,,
"1994","TERRACE AIRPORT QD","2023081710",0,19.6,40,22.1,254,37.2,86.576,7.999,19.529,,,,,,,,,,,,,,,,,,,,595,,
"1994","TERRACE AIRPORT QD","2023081711",0,20.3,36,23,257,39.2,87.198,9.143,21.507,,,,,,,,,,,,,,,,,,,,595,,
"1994","TERRACE AIRPORT QD","2023081712",0,20.6,36,25,247,38.9,87.738,10.924,24.391,0,89.555,14.177,30.327,33.641,488.03,57.392,4,,,,,,,,,,,,595,,
"1994","TERRACE AIRPORT QD","2023081713",0,21.3,32,19.5,254,45.4,88.335,9.019,22.172,,,,,,,,,,,,,,,,,,,,595,,
"1994","TERRACE AIRPORT QD","2023081714",0,21.5,33,21.3,262,42.1,88.81,10.572,24.798,,,,,,,,,,,,,,,,,,,,595,,
"1994","TERRACE AIRPORT QD","2023081715",0,21.3,32,26.7,263,41.4,89.249,14.781,31.192,,,,,,,,,,,,,,,,,,,,595,,
"1994","TERRACE AIRPORT QD","2023081716",0,20.8,33,23.9,257,41.9,89.543,13.389,29.175,,,,,,,,,,,,,,,,,,,,595,,
"1994","TERRACE AIRPORT QD","2023081717",0,19.6,35,27.7,252,46,89.676,16.528,33.608,,,,,,,,,,,,,,,,,,,,595,,
"1994","TERRACE AIRPORT QD","2023081718",0,18.9,36,26,258,49.9,89.73,15.289,31.907,,,,,,,,,,,,,,,,,,,,595,,
"1994","TERRACE AIRPORT QD","2023081719",0,16.6,43,21.2,266,45.6,89.752,12.042,27.138,,,,,,,,,,,,,,,,,,,,595,,
"1994","TERRACE AIRPORT QD","2023081720",0,15.8,46,18.4,270,34.1,89.689,10.363,24.454,,,,,,,,,,,,,,,,,,,,595,,
"1994","TERRACE AIRPORT QD","2023081721",0,14.9,49,18.3,270,33.5,89.55,10.107,24.03,,,,,,,,,,,,,,,,,,,,595,,
"1994","TERRACE AIRPORT QD","2023081722",0,14.6,53,15.5,273,31.6,89.34,8.517,21.285,,,,,,,,,,,,,,,,,,,,595,,
"1994","TERRACE AIRPORT QD","2023081723",0,14.1,56,15.4,266,27.1,89.082,8.166,20.651,,,,,,,,,,,,,,,,,,,,595,,
"2130","QD WISEMAN","2023081700",0,,0,0,,0,,,,,,,,,,,,,,,,,,,,,,,,,
"2130","QD WISEMAN","2023081701",0,,0,0,,0,,,,,,,,,,,,,,,,,,,,,,,,,
"2130","QD WISEMAN","2023081702",0,,0,0,,0,,,,,,,,,,,,,,,,,,,,,,,,,
"2130","QD WISEMAN","2023081703",0,,0,0,,0,,,,,,,,,,,,,,,,,,,,,,,,,
"2130","QD WISEMAN","2023081704",0,,0,0,,0,,,,,,,,,,,,,,,,,,,,,,,,,
"2130","QD WISEMAN","2023081705",0,,0,0,,0,,,,,,,,,,,,,,,,,,,,,,,,,
"2130","QD WISEMAN","2023081706",0,,0,0,,0,,,,,,,,,,,,,,,,,,,,,,,,,
"2130","QD WISEMAN","2023081707",0,,0,0,,0,,,,,,,,,,,,,,,,,,,,,,,,,
"2130","QD WISEMAN","2023081708",0,,0,0,,0,,,,,,,,,,,,,,,,,,,,,,,,,
"2130","QD WISEMAN","2023081709",0,,0,0,,0,,,,,,,,,,,,,,,,,,,,,,,,,
"2130","QD WISEMAN","2023081710",0,,0,0,,0,,,,,,,,,,,,,,,,,,,,,,,,,
"2130","QD WISEMAN","2023081711",0,,0,0,,0,,,,,,,,,,,,,,,,,,,,,,,,,
"2130","QD WISEMAN","2023081712",0,,0,0,,0,,,,0,,,,,,,,,,,,,,,,,,,,,
"2130","QD WISEMAN","2023081713",0,,0,0,,0,,,,,,,,,,,,,,,,,,,,,,,,,
"2130","QD WISEMAN","2023081714",0,,0,0,,0,,,,,,,,,,,,,,,,,,,,,,,,,
"2130","QD WISEMAN","2023081715",0,,0,0,,0,,,,,,,,,,,,,,,,,,,,,,,,,
"2130","QD WISEMAN","2023081716",0,,0,0,,0,,,,,,,,,,,,,,,,,,,,,,,,,
"2130","QD WISEMAN","2023081717",0,,0,0,,0,,,,,,,,,,,,,,,,,,,,,,,,,
"2130","QD WISEMAN","2023081718",0,,0,0,,0,,,,,,,,,,,,,,,,,,,,,,,,,
"2130","QD WISEMAN","2023081719",0,,0,0,,0,,,,,,,,,,,,,,,,,,,,,,,,,
"2130","QD WISEMAN","2023081720",0,,0,0,,0,,,,,,,,,,,,,,,,,,,,,,,,,
"2130","QD WISEMAN","2023081721",0,,0,0,,0,,,,,,,,,,,,,,,,,,,,,,,,,
"2130","QD WISEMAN","2023081722",0,,0,0,,0,,,,,,,,,,,,,,,,,,,,,,,,,
"2130","QD WISEMAN","2023081723",0,,0,0,,0,,,,,,,,,,,,,,,,,,,,,,,,,
"2170","INKANEEP 2 EXT","2023081700",0,16.2,52,11.3,61,14.6,91.53,9.425,35.031,,,,,,,,,,,,,,,,,,,,400,,
"2170","INKANEEP 2 EXT","2023081701",0,15.6,53,11.8,61,14.3,91.101,9.093,34.21,,,,,,,,,,,,,,,,,,,,400,,
"2170","INKANEEP 2 EXT","2023081702",0,15,55,13.5,62,15.1,90.66,9.303,34.732,,,,,,,,,,,,,,,,,,,,400,,
"2170","INKANEEP 2 EXT","2023081703",0,14.6,56,14.2,62,16.5,90.244,9.081,34.18,,,,,,,,,,,,,,,,,,,,400,,
"2170","INKANEEP 2 EXT","2023081704",0,14,58,14,60,15.5,89.831,8.473,32.641,,,,,,,,,,,,,,,,,,,,400,,
"2170","INKANEEP 2 EXT","2023081705",0,13.8,59,13.8,65,15.9,89.446,7.938,31.246,,,,,,,,,,,,,,,,,,,,400,,
"2170","INKANEEP 2 EXT","2023081706",0,15.1,58,9.7,68,15.6,89.168,6.203,26.418,,,,,,,,,,,,,,,,,,,,400,,
"2170","INKANEEP 2 EXT","2023081707",0,18.2,56,10.3,62,13.5,89.005,6.246,26.543,,,,,,,,,,,,,,,,,,,,400,,
"2170","INKANEEP 2 EXT","2023081708",0,24.6,48,0,246,10.4,89.054,3.743,18.438,,,,,,,,,,,,,,,,,,,,400,,
"2170","INKANEEP 2 EXT","2023081709",0,24.8,43,3.8,100,6,89.149,4.595,21.396,,,,,,,,,,,,,,,,,,,,400,,
"2170","INKANEEP 2 EXT","2023081710",0,28.2,25,3.3,285,8.9,89.94,5.02,22.784,,,,,,,,,,,,,,,,,,,,400,,
"2170","INKANEEP 2 EXT","2023081711",0,30.3,21,8.5,290,16.1,90.997,7.587,30.31,,,,,,,,,,,,,,,,,,,,400,,
"2170","INKANEEP 2 EXT","2023081712",0,30.1,22,3.3,231,17.2,91.693,6.445,27.123,0,95.205,10.514,38.038,107.213,638.257,151.01,4,,,,,,,,,,,,400,,
"2170","INKANEEP 2 EXT","2023081713",0,31.3,19,8.5,240,17.4,92.55,9.453,35.478,,,,,,,,,,,,,,,,,,,,400,,
"2170","INKANEEP 2 EXT","2023081714",0,31.2,20,7.3,252,20.1,93.154,9.686,36.049,,,,,,,,,,,,,,,,,,,,400,,
"2170","INKANEEP 2 EXT","2023081715",0,31.2,20,8.6,236,20.7,93.641,11.069,39.33,,,,,,,,,,,,,,,,,,,,400,,
"2170","INKANEEP 2 EXT","2023081716",0,28.7,24,5,226,20.6,93.728,9.345,35.209,,,,,,,,,,,,,,,,,,,,400,,
"2170","INKANEEP 2 EXT","2023081717",0,27.1,27,1.9,236,13.7,93.779,8.05,31.886,,,,,,,,,,,,,,,,,,,,400,,
"2170","INKANEEP 2 EXT","2023081718",0,23.4,36,7.5,51,9.5,93.607,10.423,37.822,,,,,,,,,,,,,,,,,,,,400,,
"2170","INKANEEP 2 EXT","2023081719",0,24.7,29,9,339,12.9,93.649,11.306,39.874,,,,,,,,,,,,,,,,,,,,400,,
"2170","INKANEEP 2 EXT","2023081720",0,24.3,33,7.3,349,15.1,93.584,10.285,37.495,,,,,,,,,,,,,,,,,,,,400,,
"2170","INKANEEP 2 EXT","2023081721",0,23.6,35,11.7,355,19.9,93.447,12.595,42.744,,,,,,,,,,,,,,,,,,,,400,,
"2170","INKANEEP 2 EXT","2023081722",0,22.5,36,11.7,357,21,93.283,12.31,42.121,,,,,,,,,,,,,,,,,,,,400,,
"2170","INKANEEP 2 EXT","2023081723",0,21.9,35,13.6,349,28.5,93.151,13.299,44.256,,,,,,,,,,,,,,,,,,,,400,,
"2450","BIGATTINI","2023081700",0,19.2,42,12.6,301,16.6,92.772,11.991,41.107,,,,,,,,,,,,,,,,,,,,,,
"2450","BIGATTINI","2023081701",0,17.5,47,6.4,287,14.9,92.402,8.329,32.367,,,,,,,,,,,,,,,,,,,,,,
"2450","BIGATTINI","2023081702",0,17.5,45,8.8,286,13.1,92.098,9.005,34.094,,,,,,,,,,,,,,,,,,,,,,
"2450","BIGATTINI","2023081703",0,16.7,47,10.4,304,13.7,91.764,9.31,34.853,,,,,,,,,,,,,,,,,,,,,,
"2450","BIGATTINI","2023081704",0,16.2,49,10.8,286,14.9,91.415,9.041,34.185,,,,,,,,,,,,,,,,,,,,,,
"2450","BIGATTINI","2023081705",0,15.2,54,6.8,290,14.3,91.022,6.989,28.758,,,,,,,,,,,,,,,,,,,,,,
"2450","BIGATTINI","2023081706",0,15.8,57,6.2,290,10.8,90.614,6.398,27.071,,,,,,,,,,,,,,,,,,,,,,
"2450","BIGATTINI","2023081707",0,21.8,39,2.3,138,7.4,90.664,5.293,23.73,,,,,,,,,,,,,,,,,,,,,,
"2450","BIGATTINI","2023081708",0,23.8,39,5.5,123,8.5,90.714,6.264,26.68,,,,,,,,,,,,,,,,,,,,,,
"2450","BIGATTINI","2023081709",0,24.9,35,5.6,135,10.8,90.794,6.369,26.986,,,,,,,,,,,,,,,,,,,,,,
"2450","BIGATTINI","2023081710",0,27.2,31,8.4,103,17.7,91.083,7.642,30.552,,,,,,,,,,,,,,,,,,,,,,
"2450","BIGATTINI","2023081711",0,29.2,25,13.5,212,29.2,91.699,10.786,38.382,,,,,,,,,,,,,,,,,,,,,,
"2450","BIGATTINI","2023081712",0,30,25,11.9,180,32.1,92.215,10.702,38.189,0,95.423,16.708,51.184,115.384,555.49,151.892,5,,,,,,,,,,,,,,
"2450","BIGATTINI","2023081713",0,30.4,24,16.2,184,32.1,92.712,14.255,46.322,,,,,,,,,,,,,,,,,,,,,,
"2450","BIGATTINI","2023081714",0,30.3,23,11.6,214,30.4,93.119,11.971,41.436,,,,,,,,,,,,,,,,,,,,,,
"2450","BIGATTINI","2023081715",0,30.1,23,11.4,197,38.5,93.427,12.372,42.322,,,,,,,,,,,,,,,,,,,,,,
"2450","BIGATTINI","2023081716",0,28.8,25,14.1,198,37.9,93.523,14.366,46.548,,,,,,,,,,,,,,,,,,,,,,
"2450","BIGATTINI","2023081717",0,27.8,25,7.7,201,32.7,93.574,10.479,38.014,,,,,,,,,,,,,,,,,,,,,,
"2450","BIGATTINI","2023081718",0,26.5,27,7.7,195,18.9,93.625,10.554,38.19,,,,,,,,,,,,,,,,,,,,,,
"2450","BIGATTINI","2023081719",0,23.7,30,6.3,230,24.1,93.626,9.836,36.473,,,,,,,,,,,,,,,,,,,,,,
"2450","BIGATTINI","2023081720",0,23.1,28,7.4,259,21.8,93.659,10.445,37.933,,,,,,,,,,,,,,,,,,,,,,
"2450","BIGATTINI","2023081721",0,22.3,30,4.2,236,19.5,93.64,8.866,34.06,,,,,,,,,,,,,,,,,,,,,,
"2450","BIGATTINI","2023081722",0,22.2,31,4.9,193,18.9,93.598,9.132,34.732,,,,,,,,,,,,,,,,,,,,,,
"2450","BIGATTINI","2023081723",0,22,34,6.8,192,18.9,93.482,9.888,36.599,,,,,,,,,,,,,,,,,,,,,,
"2512","RAFT","2023081700",0,17.4,59,1.3,6,7.2,90.763,5.105,15.891,,,,,,,,,,,,,,,,,,,,485.8,,
"2512","RAFT","2023081701",0,15.7,65,3.1,234,6.3,90.249,5.194,16.099,,,,,,,,,,,,,,,,,,,,485.8,,
"2512","RAFT","2023081702",0,15.4,64,3.3,244,6.8,89.811,4.928,15.47,,,,,,,,,,,,,,,,,,,,485.8,,
"2512","RAFT","2023081703",0,15.5,67,1.2,219,4.8,89.403,4.181,13.629,,,,,,,,,,,,,,,,,,,,485.8,,
"2512","RAFT","2023081704",0,13.9,73,0.4,321,6.9,88.94,3.757,12.529,,,,,,,,,,,,,,,,,,,,485.8,,
"2512","RAFT","2023081705",0,14.2,69,1.7,237,5.8,88.563,3.8,12.643,,,,,,,,,,,,,,,,,,,,485.8,,
"2512","RAFT","2023081706",0,14.7,71,0,211,8.6,88.262,3.341,11.401,,,,,,,,,,,,,,,,,,,,485.8,,
"2512","RAFT","2023081707",0,15,75,1,343,4.7,87.837,3.306,11.304,,,,,,,,,,,,,,,,,,,,485.8,,
"2512","RAFT","2023081708",0,17,66,0.7,357,4.7,87.669,3.179,10.95,,,,,,,,,,,,,,,,,,,,485.8,,
"2512","RAFT","2023081709",0,19.6,58,0.1,55,4.6,87.698,3.097,10.717,,,,,,,,,,,,,,,,,,,,485.8,,
"2512","RAFT","2023081710",0,21.5,56,2.4,53,5.4,87.747,3.502,11.844,,,,,,,,,,,,,,,,,,,,485.8,,
"2512","RAFT","2023081711",0,23.6,47,3.1,53,9.1,87.886,3.701,12.379,,,,,,,,,,,,,,,,,,,,485.8,,
"2512","RAFT","2023081712",0,25.4,42,5.9,34,10.8,88.206,4.462,14.335,0,91.639,7.292,21.344,45.604,411.408,71.417,4,,,,,,,,,,,,485.8,,
"2512","RAFT","2023081713",0,27.6,41,4.1,50,11.2,88.57,4.293,14.402,,,,,,,,,,,,,,,,,,,,485.8,,
"2512","RAFT","2023081714",0,31.1,29,13.9,17,23.6,89.656,8.221,23.244,,,,,,,,,,,,,,,,,,,,485.8,,
"2512","RAFT","2023081715",0,31.4,26,12,14,26.1,90.65,8.613,24.019,,,,,,,,,,,,,,,,,,,,485.8,,
"2512","RAFT","2023081716",0,32.5,23,7.4,39,19.7,91.584,7.803,22.4,,,,,,,,,,,,,,,,,,,,485.8,,
"2512","RAFT","2023081717",0,32.1,25,7,32,19.3,92.192,8.334,23.469,,,,,,,,,,,,,,,,,,,,485.8,,
"2512","RAFT","2023081718",0,27.1,44,5.4,334,11.6,92.091,7.58,21.944,,,,,,,,,,,,,,,,,,,,485.8,,
"2512","RAFT","2023081719",0,25.9,42,4.9,348,16.5,92.035,7.333,21.431,,,,,,,,,,,,,,,,,,,,485.8,,
"2512","RAFT","2023081720",0,23.9,42,5.7,285,18.3,91.947,7.54,21.862,,,,,,,,,,,,,,,,,,,,485.8,,
"2512","RAFT","2023081721",0,21.8,50,1.1,324,10.7,91.709,5.782,18.031,,,,,,,,,,,,,,,,,,,,485.8,,
"2512","RAFT","2023081722",0,20.5,58,3.7,245,8.2,91.247,6.173,18.919,,,,,,,,,,,,,,,,,,,,485.8,,
"2512","RAFT","2023081723",0,20.6,54,2.9,0,6.7,90.954,5.687,17.811,,,,,,,,,,,,,,,,,,,,485.8,,
"2513","NORTH ADAMS","2023081700",0,20.5,48,6.1,193,12.1,92.463,8.275,28.268,,,,,,,,,,,,,,,,,,,,319.4,,
"2513","NORTH ADAMS","2023081701",0,19.5,51,5.3,208,8.6,92.055,7.503,26.43,,,,,,,,,,,,,,,,,,,,319.4,,
"2513","NORTH ADAMS","2023081702",0,18.9,54,1.6,224,10.1,91.689,5.913,22.371,,,,,,,,,,,,,,,,,,,,319.4,,
"2513","NORTH ADAMS","2023081703",0,18.7,54,0.3,299,6.4,91.406,5.32,20.742,,,,,,,,,,,,,,,,,,,,319.4,,
"2513","NORTH ADAMS","2023081704",0,18.4,55,7.4,191,9.1,90.998,7.179,25.634,,,,,,,,,,,,,,,,,,,,319.4,,
"2513","NORTH ADAMS","2023081705",0,17.8,58,4.3,211,7.8,90.603,5.804,22.077,,,,,,,,,,,,,,,,,,,,319.4,,
"2513","NORTH ADAMS","2023081706",0,18,59,0.2,286,4.4,90.327,4.538,18.479,,,,,,,,,,,,,,,,,,,,319.4,,
"2513","NORTH ADAMS","2023081707",0,20.2,54,1,69,4.1,90.163,4.615,18.709,,,,,,,,,,,,,,,,,,,,319.4,,
"2513","NORTH ADAMS","2023081708",0,21.7,54,0.6,20,5.1,90.04,4.444,18.195,,,,,,,,,,,,,,,,,,,,319.4,,
"2513","NORTH ADAMS","2023081709",0,22.7,51,1,337,5.5,89.996,4.506,18.382,,,,,,,,,,,,,,,,,,,,319.4,,
"2513","NORTH ADAMS","2023081710",0,23.4,49,4.8,335,8.9,89.997,5.458,21.129,,,,,,,,,,,,,,,,,,,,319.4,,
"2513","NORTH ADAMS","2023081711",0,25.8,39,2.5,25,7.7,90.088,4.925,19.616,,,,,,,,,,,,,,,,,,,,319.4,,
"2513","NORTH ADAMS","2023081712",0,27.5,36,2.6,25,7.5,90.301,5.103,20.128,0,93.242,7.738,27.583,69.308,648.331,109.383,4,,,,,,,,,,,,319.4,,
"2513","NORTH ADAMS","2023081713",0,28,35,3.9,341,8.1,90.538,5.636,22.107,,,,,,,,,,,,,,,,,,,,319.4,,
"2513","NORTH ADAMS","2023081714",0,27.7,34,4.6,335,8.2,90.763,6.029,23.189,,,,,,,,,,,,,,,,,,,,319.4,,
"2513","NORTH ADAMS","2023081715",0,30.1,32,6.1,334,8.7,91.123,6.845,25.345,,,,,,,,,,,,,,,,,,,,319.4,,
"2513","NORTH ADAMS","2023081716",0,29.2,40,0.2,313,8.8,91.173,5.12,20.64,,,,,,,,,,,,,,,,,,,,319.4,,
"2513","NORTH ADAMS","2023081717",0,27,43,0.9,281,10.2,91.223,5.342,21.278,,,,,,,,,,,,,,,,,,,,319.4,,
"2513","NORTH ADAMS","2023081718",0,25.8,43,3.7,209,9.6,91.256,6.181,23.599,,,,,,,,,,,,,,,,,,,,319.4,,
"2513","NORTH ADAMS","2023081719",0,25,43,7.8,207,12.8,91.263,7.607,27.263,,,,,,,,,,,,,,,,,,,,319.4,,
"2513","NORTH ADAMS","2023081720",0,25.2,39,6.2,168,12.1,91.313,7.067,25.914,,,,,,,,,,,,,,,,,,,,319.4,,
"2513","NORTH ADAMS","2023081721",0,23.5,45,6.3,194,13.5,91.235,7.025,25.807,,,,,,,,,,,,,,,,,,,,319.4,,
"2513","NORTH ADAMS","2023081722",0,23.4,42,6.5,190,10.2,91.237,7.098,25.992,,,,,,,,,,,,,,,,,,,,319.4,,
"2513","NORTH ADAMS","2023081723",0,25,38,6,133,22.8,91.287,6.971,25.668,,,,,,,,,,,,,,,,,,,,319.4,,
"2850","FALL RIVER QD8","2023081700",0,14.1,69,2.6,183,11.6,87.805,3.567,12.265,,,,,,,,,,,,,,,,,,,,175.8,,
"2850","FALL RIVER QD8","2023081701",0,12.6,74,2.8,189,6.1,87.408,3.404,11.814,,,,,,,,,,,,,,,,,,,,175.8,,
"2850","FALL RIVER QD8","2023081702",0,12,77,4.5,188,6.3,86.951,3.475,12.01,,,,,,,,,,,,,,,,,,,,175.8,,
"2850","FALL RIVER QD8","2023081703",0,13.6,67,4.8,210,10.5,86.783,3.445,11.926,,,,,,,,,,,,,,,,,,,,175.8,,
"2850","FALL RIVER QD8","2023081704",0,13.2,64,4.8,211,11.1,86.688,3.399,11.798,,,,,,,,,,,,,,,,,,,,175.8,,
"2850","FALL RIVER QD8","2023081705",0,12.7,56,6.6,216,15.5,86.734,3.746,12.751,,,,,,,,,,,,,,,,,,,,175.8,,
"2850","FALL RIVER QD8","2023081706",0,12.9,53,4,309,12.4,86.782,3.308,11.544,,,,,,,,,,,,,,,,,,,,175.8,,
"2850","FALL RIVER QD8","2023081707",0,14.1,43,6.4,266,22.1,86.917,3.806,12.912,,,,,,,,,,,,,,,,,,,,175.8,,
"2850","FALL RIVER QD8","2023081708",0,14.8,43,7.9,270,22,87.055,4.186,13.913,,,,,,,,,,,,,,,,,,,,175.8,,
"2850","FALL RIVER QD8","2023081709",0,17.2,38,9.3,246,19.7,87.357,4.69,15.185,,,,,,,,,,,,,,,,,,,,175.8,,
"2850","FALL RIVER QD8","2023081710",0,18.2,35,9,246,18.8,87.729,4.872,15.632,,,,,,,,,,,,,,,,,,,,175.8,,
"2850","FALL RIVER QD8","2023081711",0,17.1,35,6.8,281,20,88.008,4.538,14.808,,,,,,,,,,,,,,,,,,,,175.8,,
"2850","FALL RIVER QD8","2023081712",0,19.2,30,10,278,21.8,88.481,5.707,17.602,0,90.66,7.798,22.784,44.112,565.966,73.836,4,,,,,,,,,,,,175.8,,
"2850","FALL RIVER QD8","2023081713",0,20.3,28,10.8,242,25.3,89,6.401,19.777,,,,,,,,,,,,,,,,,,,,175.8,,
"2850","FALL RIVER QD8","2023081714",0,18.5,28,8.4,253,18.7,89.362,5.974,18.806,,,,,,,,,,,,,,,,,,,,175.8,,
"2850","FALL RIVER QD8","2023081715",0,20,26,9.9,255,24.3,89.8,6.861,20.795,,,,,,,,,,,,,,,,,,,,175.8,,
"2850","FALL RIVER QD8","2023081716",0,19.2,28,10.3,266,33.4,90.082,7.289,21.715,,,,,,,,,,,,,,,,,,,,175.8,,
"2850","FALL RIVER QD8","2023081717",0,16.8,33,9.3,312,24.8,90.131,6.98,21.053,,,,,,,,,,,,,,,,,,,,175.8,,
"2850","FALL RIVER QD8","2023081718",0,16.3,33,8.7,277,20.5,90.18,6.82,20.705,,,,,,,,,,,,,,,,,,,,175.8,,
"2850","FALL RIVER QD8","2023081719",0,15,36,6.6,249,20.3,90.229,6.178,19.274,,,,,,,,,,,,,,,,,,,,175.8,,
"2850","FALL RIVER QD8","2023081720",0,13.9,39,6.8,240,16.4,90.239,6.25,19.436,,,,,,,,,,,,,,,,,,,,175.8,,
"2850","FALL RIVER QD8","2023081721",0,12.5,42,8,230,16.2,90.177,6.581,20.178,,,,,,,,,,,,,,,,,,,,175.8,,
"2850","FALL RIVER QD8","2023081722",0,11.8,46,4.8,240,22.1,90.059,5.507,17.71,,,,,,,,,,,,,,,,,,,,175.8,,
"2850","FALL RIVER QD8","2023081723",0,11.1,51,2.9,12,13.7,89.879,4.877,16.173,,,,,,,,,,,,,,,,,,,,175.8,,
"2890","QD K71535","2023081700",0,27.4,34,4.7,294,15.5,95.025,11.009,38.585,,,,,,,,,,,,,,,,,,,,237.4,,
"2890","QD K71535","2023081701",0,26,37,4.5,320,10.8,94.731,10.467,37.336,,,,,,,,,,,,,,,,,,,,237.4,,
"2890","QD K71535","2023081702",0,26,37,4.7,336,10.5,94.471,10.201,36.713,,,,,,,,,,,,,,,,,,,,237.4,,
"2890","QD K71535","2023081703",0,24.7,42,5.1,337,9.8,94.085,9.869,35.924,,,,,,,,,,,,,,,,,,,,237.4,,
"2890","QD K71535","2023081704",0,23.3,45,3.4,264,9.7,93.685,8.569,32.718,,,,,,,,,,,,,,,,,,,,237.4,,
"2890","QD K71535","2023081705",0,23.9,48,3.1,220,11.5,93.263,7.959,31.138,,,,,,,,,,,,,,,,,,,,237.4,,
"2890","QD K71535","2023081706",0,22.8,52,4.7,236,11.4,92.749,8.027,31.318,,,,,,,,,,,,,,,,,,,,237.4,,
"2890","QD K71535","2023081707",0,23.6,51,6.8,200,13.3,92.308,8.387,32.252,,,,,,,,,,,,,,,,,,,,237.4,,
"2890","QD K71535","2023081708",0,25.5,48,8.1,203,20.8,92.031,8.611,32.823,,,,,,,,,,,,,,,,,,,,237.4,,
"2890","QD K71535","2023081709",0,27.1,43,7.4,201,20,91.974,8.246,31.887,,,,,,,,,,,,,,,,,,,,237.4,,
"2890","QD K71535","2023081710",0,29.5,34,23,195,39.6,92.024,18.227,53.152,,,,,,,,,,,,,,,,,,,,237.4,,
"2890","QD K71535","2023081711",0,30.8,31,17.5,192,41,92.237,14.236,45.513,,,,,,,,,,,,,,,,,,,,237.4,,
"2890","QD K71535","2023081712",0,33.8,25,18.6,174,30.4,92.884,16.483,49.919,0,95.394,23.324,62.574,102.55,684.507,149.213,5,,,,,,,,,,,,237.4,,
"2890","QD K71535","2023081713",0,35.8,20,21.6,185,39.2,93.824,21.858,60.146,,,,,,,,,,,,,,,,,,,,237.4,,
"2890","QD K71535","2023081714",0,35.8,19,23.4,188,42.6,94.566,26.522,67.627,,,,,,,,,,,,,,,,,,,,237.4,,
"2890","QD K71535","2023081715",0,35.6,20,25.9,188,41.3,95.016,31.997,75.648,,,,,,,,,,,,,,,,,,,,237.4,,
"2890","QD K71535","2023081716",0,34.8,21,24.9,187,41.7,95.216,31.271,74.624,,,,,,,,,,,,,,,,,,,,237.4,,
"2890","QD K71535","2023081717",0,32.2,25,22.2,190,44.4,95.267,27.483,69.089,,,,,,,,,,,,,,,,,,,,237.4,,
"2890","QD K71535","2023081718",0,31.2,26,23.3,209,43.5,95.316,29.244,71.704,,,,,,,,,,,,,,,,,,,,237.4,,
"2890","QD K71535","2023081719",0,30.1,29,30.4,203,51,95.2,41.164,87.714,,,,,,,,,,,,,,,,,,,,237.4,,
"2890","QD K71535","2023081720",0,29,31,21.5,201,45.5,95.017,25.64,66.263,,,,,,,,,,,,,,,,,,,,237.4,,
"2890","QD K71535","2023081721",0,28.3,31,22.1,202,49.6,94.849,25.823,66.548,,,,,,,,,,,,,,,,,,,,237.4,,
"2890","QD K71535","2023081722",0,27.7,28,9.9,235,32.5,94.821,13.911,45.396,,,,,,,,,,,,,,,,,,,,237.4,,
"2890","QD K71535","2023081723",0,27.1,33,12.5,204,27.1,94.625,15.438,48.485,,,,,,,,,,,,,,,,,,,,237.4,,
"2910","QD K21633","2023081700",0,19.5,41,9,137,12.8,91.717,8.619,32.972,,,,,,,,,,,,,,,,,,,,208,,
"2910","QD K21633","2023081701",0,19.7,39,10.3,136,13.7,91.654,9.121,34.234,,,,,,,,,,,,,,,,,,,,208,,
"2910","QD K21633","2023081702",0,19,39,12,129,16.4,91.583,9.837,35.985,,,,,,,,,,,,,,,,,,,,208,,
"2910","QD K21633","2023081703",0,18.7,37,11.8,126,19.4,91.562,9.709,35.675,,,,,,,,,,,,,,,,,,,,208,,
"2910","QD K21633","2023081704",0,18.5,39,11.9,138,17.5,91.494,9.665,35.569,,,,,,,,,,,,,,,,,,,,208,,
"2910","QD K21633","2023081705",0,18.3,38,14.4,139,22.8,91.449,10.893,38.465,,,,,,,,,,,,,,,,,,,,208,,
"2910","QD K21633","2023081706",0,18.2,39,17.6,146,25.4,91.379,12.671,42.411,,,,,,,,,,,,,,,,,,,,208,,
"2910","QD K21633","2023081707",0,18.7,38,18.6,140,27.3,91.351,13.273,43.689,,,,,,,,,,,,,,,,,,,,208,,
"2910","QD K21633","2023081708",0,19.9,37,15.9,144,27.7,91.377,11.629,40.13,,,,,,,,,,,,,,,,,,,,208,,
"2910","QD K21633","2023081709",0,22.2,33,14.6,137,26.5,91.427,10.968,38.637,,,,,,,,,,,,,,,,,,,,208,,
"2910","QD K21633","2023081710",0,22.5,34,13.4,136,25,91.477,10.398,37.316,,,,,,,,,,,,,,,,,,,,208,,
"2910","QD K21633","2023081711",0,22.7,35,10.6,146,21,91.527,9.094,34.167,,,,,,,,,,,,,,,,,,,,208,,
"2910","QD K21633","2023081712",0,25.4,31,9.1,178,19.6,91.624,8.549,32.792,0,93.283,10.799,38.58,102.441,686.59,149.221,4,,,,,,,,,,,,208,,
"2910","QD K21633","2023081713",0,27.1,28,8.1,152,22.6,91.874,8.422,32.754,,,,,,,,,,,,,,,,,,,,208,,
"2910","QD K21633","2023081714",0,27.2,24,14.3,207,24.2,92.278,12.186,41.716,,,,,,,,,,,,,,,,,,,,208,,
"2910","QD K21633","2023081715",0,28,23,9,217,28.5,92.656,9.84,36.307,,,,,,,,,,,,,,,,,,,,208,,
"2910","QD K21633","2023081716",0,28.5,24,10.8,170,27.9,92.943,11.217,39.544,,,,,,,,,,,,,,,,,,,,208,,
"2910","QD K21633","2023081717",0,26.7,26,6.8,154,28.6,93.015,9.263,34.891,,,,,,,,,,,,,,,,,,,,208,,
"2910","QD K21633","2023081718",0,26.2,28,11.3,187,23,93.065,11.703,40.642,,,,,,,,,,,,,,,,,,,,208,,
"2910","QD K21633","2023081719",0,23.4,35,9.7,212,28.5,92.999,10.696,38.341,,,,,,,,,,,,,,,,,,,,208,,
"2910","QD K21633","2023081720",0,22.2,37,6.3,198,32,92.885,8.87,33.904,,,,,,,,,,,,,,,,,,,,208,,
"2910","QD K21633","2023081721",0,21.6,37,9.6,213,23.3,92.761,10.294,37.394,,,,,,,,,,,,,,,,,,,,208,,
"2910","QD K21633","2023081722",0,20.7,41,7.8,259,29.3,92.55,9.126,34.55,,,,,,,,,,,,,,,,,,,,208,,
"2910","QD K21633","2023081723",0,19.1,47,13.4,280,29.9,92.153,11.443,40.056,,,,,,,,,,,,,,,,,,,,208,,
"2930","TS SOUTH FORK","2023081700",0,11.7,81,2,63,4.4,87.223,3.185,16.308,,,,,,,,,,,,,,,,,,,,418,,
"2930","TS SOUTH FORK","2023081701",0,11.1,84,3.3,56,5.7,86.597,3.111,16.022,,,,,,,,,,,,,,,,,,,,418,,
"2930","TS SOUTH FORK","2023081702",0,10.5,87,3,65,4.4,85.939,2.793,14.757,,,,,,,,,,,,,,,,,,,,418,,
"2930","TS SOUTH FORK","2023081703",0,10.8,86,1.8,60,4.7,85.417,2.444,13.306,,,,,,,,,,,,,,,,,,,,418,,
"2930","TS SOUTH FORK","2023081704",0,9.8,89,3.1,77,5.5,84.804,2.398,13.109,,,,,,,,,,,,,,,,,,,,418,,
"2930","TS SOUTH FORK","2023081705",0,10.3,87,2.6,59,5.2,84.344,2.197,12.228,,,,,,,,,,,,,,,,,,,,418,,
"2930","TS SOUTH FORK","2023081706",0,11.5,84,2.2,89,4.7,84.042,2.068,11.647,,,,,,,,,,,,,,,,,,,,418,,
"2930","TS SOUTH FORK","2023081707",0,16.6,72,0.6,73,4.6,84.089,1.919,10.964,,,,,,,,,,,,,,,,,,,,418,,
"2930","TS SOUTH FORK","2023081708",0,21.3,57,3.1,95,4.8,84.371,2.261,12.513,,,,,,,,,,,,,,,,,,,,418,,
"2930","TS SOUTH FORK","2023081709",0,25.2,42,2.2,225,6.5,85.102,2.388,13.063,,,,,,,,,,,,,,,,,,,,418,,
"2930","TS SOUTH FORK","2023081710",0,25.4,43,1.5,203,5.3,85.698,2.504,13.559,,,,,,,,,,,,,,,,,,,,418,,
"2930","TS SOUTH FORK","2023081711",0,29.8,33,2.6,196,5.4,86.804,3.092,15.949,,,,,,,,,,,,,,,,,,,,418,,
"2930","TS SOUTH FORK","2023081712",0,33.9,20,4.4,110,11.8,88.704,4.444,20.835,0,95.525,11.51,40.314,107.483,629.796,150.678,5,,,,,,,,,,,,418,,
"2930","TS SOUTH FORK","2023081713",0,34.7,20,4.6,225,17.8,90.294,5.638,24.988,,,,,,,,,,,,,,,,,,,,418,,
"2930","TS SOUTH FORK","2023081714",0,32.3,23,3.5,237,16,91.204,6.074,26.312,,,,,,,,,,,,,,,,,,,,418,,
"2930","TS SOUTH FORK","2023081715",0,31.5,31,2.5,181,9.6,91.547,6.064,26.283,,,,,,,,,,,,,,,,,,,,418,,
"2930","TS SOUTH FORK","2023081716",0,30.8,31,2.7,196,13.9,91.804,6.353,27.14,,,,,,,,,,,,,,,,,,,,418,,
"2930","TS SOUTH FORK","2023081717",0,27,44,0.6,255,4.8,91.779,5.695,25.163,,,,,,,,,,,,,,,,,,,,418,,
"2930","TS SOUTH FORK","2023081718",0,24.3,48,1.8,51,4.9,91.616,5.912,25.824,,,,,,,,,,,,,,,,,,,,418,,
"2930","TS SOUTH FORK","2023081719",0,21.7,57,2.6,74,5.9,91.218,5.816,25.535,,,,,,,,,,,,,,,,,,,,418,,
"2930","TS SOUTH FORK","2023081720",0,22.2,54,3.6,75,8.3,90.933,5.873,25.709,,,,,,,,,,,,,,,,,,,,418,,
"2930","TS SOUTH FORK","2023081721",0,19.8,57,2.6,51,9.3,90.607,5.33,24.027,,,,,,,,,,,,,,,,,,,,418,,
"2930","TS SOUTH FORK","2023081722",0,18.3,63,2.5,67,6.2,90.173,4.985,22.919,,,,,,,,,,,,,,,,,,,,418,,
"2930","TS SOUTH FORK","2023081723",0,17,66,3.1,58,5.7,89.703,4.803,22.323,,,,,,,,,,,,,,,,,,,,418,,
"2950","QD K22024","2023081700",0,20,42,3.8,286,4.5,93.356,8.352,30.035,,,,,,,,,0,0,,0,0,0,0,0,,0,0,,0,
"2950","QD K22024","2023081701",0,19,43,4.2,200,5.6,93.051,8.167,29.582,,,,,,,,,0,0,,0,0,0,0,0,,0,0,,0,
"2950","QD K22024","2023081702",0,19.4,42,4,188,6.2,92.806,7.812,28.702,,,,,,,,,0,0,,0,0,0,0,0,,0,0,,0,
"2950","QD K22024","2023081703",0,17.7,45,3.6,209,7.9,92.515,7.349,27.529,,,,,,,,,0,0,,0,0,0,0,0,,0,0,,0,
"2950","QD K22024","2023081704",0,17,47,3.4,216,7.9,92.21,6.969,26.543,,,,,,,,,0,0,,0,0,0,0,0,,0,0,,0,
"2950","QD K22024","2023081705",0,17.6,47,5.7,175,12,91.911,7.502,27.92,,,,,,,,,0,0,,0,0,0,0,0,,0,0,,0,
"2950","QD K22024","2023081706",0,17.9,48,6.2,190,12,91.62,7.382,27.614,,,,,,,,,0,0,,0,0,0,0,0,,0,0,,0,
"2950","QD K22024","2023081707",0,19.4,45,7.5,198,14.3,91.436,7.68,28.371,,,,,,,,,0,0,,0,0,0,0,0,,0,0,,0,
"2950","QD K22024","2023081708",0,21.7,41,8.5,205,18.3,91.4,8.035,29.256,,,,,,,,,0,0,,0,0,0,0,0,,0,0,,0,
"2950","QD K22024","2023081709",0,24.6,36,13.1,158,24.1,91.45,10.203,34.337,,,,,,,,,0,0,,0,0,0,0,0,,0,0,,0,
"2950","QD K22024","2023081710",0,26.3,33,11.3,172,23.5,91.517,9.407,32.533,,,,,,,,,0,0,,0,0,0,0,0,,0,0,,0,
"2950","QD K22024","2023081711",0,28.9,28,14.6,162,26.9,91.889,11.711,37.595,,,,,,,,,0,0,,0,0,0,0,0,,0,0,,0,
"2950","QD K22024","2023081712",0,30.5,24,5.9,189,25.8,92.388,8.106,29.432,0,94.814,11.361,37.571,82.768,622.116,124.22,4,0,0,,0,0,0,0,0,,0,0,,0,
"2950","QD K22024","2023081713",0,30.5,23,7.3,212,32.7,92.846,9.277,32.87,,,,,,,,,0,0,,0,0,0,0,0,,0,0,,0,
"2950","QD K22024","2023081714",0,29.1,26,11.2,169,36.2,93.027,11.582,38.047,,,,,,,,,0,0,,0,0,0,0,0,,0,0,,0,
"2950","QD K22024","2023081715",0,29.9,23,8,192,19.5,93.332,10.286,35.199,,,,,,,,,0,0,,0,0,0,0,0,,0,0,,0,
"2950","QD K22024","2023081716",0,30.5,25,9.8,167,25.2,93.51,11.546,37.97,,,,,,,,,0,0,,0,0,0,0,0,,0,0,,0,
"2950","QD K22024","2023081717",0,27.6,30,7.9,189,24.6,93.561,10.566,35.827,,,,,,,,,0,0,,0,0,0,0,0,,0,0,,0,
"2950","QD K22024","2023081718",0,26.8,32,6.1,191,20.6,93.58,9.676,33.805,,,,,,,,,0,0,,0,0,0,0,0,,0,0,,0,
"2950","QD K22024","2023081719",0,24.6,36,5.3,174,22.9,93.463,9.143,32.555,,,,,,,,,0,0,,0,0,0,0,0,,0,0,,0,
"2950","QD K22024","2023081720",0,22.8,40,13.6,165,24.1,93.177,13.347,41.705,,,,,,,,,0,0,,0,0,0,0,0,,0,0,,0,
"2950","QD K22024","2023081721",0,22,43,13.8,163,29.2,92.831,12.846,40.689,,,,,,,,,0,0,,0,0,0,0,0,,0,0,,0,
"2950","QD K22024","2023081722",0,21.7,43,14.5,167,24.1,92.528,12.752,40.497,,,,,,,,,0,0,,0,0,0,0,0,,0,0,,0,
"2950","QD K22024","2023081723",0,20.2,48,12.1,163,24.6,92.125,10.675,36.069,,,,,,,,,0,0,,0,0,0,0,0,,0,0,,0,
