"STATION_CODE","STATION_NAME","DATE_TIME",HOURLY_PRECIPITATION,HOURLY_TEMPERATURE,HOURLY_RELATIVE_HUMIDITY,HOURLY_WIND_SPEED,HOURLY_WIND_DIRECTION,HOURLY_WIND_GUST,HOURLY_FINE_FUEL_MOISTURE_CODE,HOURLY_INITIAL_SPREAD_INDEX,HOURLY_FIRE_WEATHER_INDEX,PRECIPITATION,FINE_FUEL_MOISTURE_CODE,INITIAL_SPREAD_INDEX,FIRE_WEATHER_INDEX,DUFF_MOISTURE_CODE,DROUGHT_CODE,BUILDUP_INDEX,DANGER_RATING,RN_1_PLUVIO1,SNOW_DEPTH,SNOW_DEPTH_QUALITY,PRECIP_PLUVIO1_STATUS,PRECIP_PLUVIO1_TOTAL,RN_1_PLUVIO2,PRECIP_PLUVIO2_STATUS,PRECIP_PLUVIO2_TOTAL,RN_1_RIT,PRECIP_RIT_STATUS,PRECIP_RIT_TOTAL,PRECIP_RGT,SOLAR_RADIATION_LICOR,SOLAR_RADIATION_CM3
"11","SUMMIT","2023081500",0,24.3,38,5.4,12,22.3,93.257,8.929,22.486,,,,,,,,,0,0,,0,0,0,0,0,,0,0,,0,
"11","SUMMIT","2023081501",0,23.7,39,6.4,353,12.5,93.084,9.166,22.907,,,,,,,,,0,0,,0,0,0,0,0,,0,0,,0,
"11","SUMMIT","2023081502",0,24.6,35,1.8,4,7.9,93.063,7.249,19.356,,,,,,,,,0,0,,0,0,0,0,0,,0,0,,0,
"11","SUMMIT","2023081503",0,22.7,43,7,342,13.1,92.792,9.069,22.735,,,,,,,,,0,0,,0,0,0,0,0,,0,0,,0,
"11","SUMMIT","2023081504",0,22.7,42,5.2,357,13.1,92.596,8.058,20.896,,,,,,,,,0,0,,0,0,0,0,0,,0,0,,0,
"11","SUMMIT","2023081505",0,21.4,47,6.6,353,12.5,92.271,8.259,21.27,,,,,,,,,0,0,,0,0,0,0,0,,0,0,,0,
"11","SUMMIT","2023081506",0,22.7,44,0,11,10.2,92.172,5.841,16.497,,,,,,,,,0,0,,0,0,0,0,0,,0,0,,0,
"11","SUMMIT","2023081507",0,22.6,43,0,6,14.3,92.096,5.778,16.365,,,,,,,,,0,0,,0,0,0,0,0,,0,0,,0,
"11","SUMMIT","2023081508",0,26.3,39,6.7,345,12,92.119,8.126,21.022,,,,,,,,,0,0,,0,0,0,0,0,,0,0,,0,
"11","SUMMIT","2023081509",0,28.8,32,3.2,315,10.2,92.178,6.868,18.606,,,,,,,,,0,0,,0,0,0,0,0,,0,0,,0,
"11","SUMMIT","2023081510",0,30.3,34,7.6,320,11.4,92.228,8.634,21.955,,,,,,,,,0,0,,0,0,0,0,0,,0,0,,0,
"11","SUMMIT","2023081511",0,32.8,32,7.3,301,14.9,92.413,8.729,22.127,,,,,,,,,0,0,,0,0,0,0,0,,0,0,,0,
"11","SUMMIT","2023081512",0,33.7,28,5.6,297,12.5,92.771,8.426,21.576,0,93.943,9.923,25.621,41.875,412.66,66.802,4,0,0,,0,0,0,0,0,,0,0,,0,
"11","SUMMIT","2023081513",0,33.8,28,6.8,302,13.1,93.062,9.325,24.535,,,,,,,,,0,0,,0,0,0,0,0,,0,0,,0,
"11","SUMMIT","2023081514",0,34.2,27,5.3,255,13.1,93.347,8.996,23.927,,,,,,,,,0,0,,0,0,0,0,0,,0,0,,0,
"11","SUMMIT","2023081515",0,33.3,28,6.7,284,15.4,93.489,9.848,25.486,,,,,,,,,0,0,,0,0,0,0,0,,0,0,,0,
"11","SUMMIT","2023081516",0,33.1,27,8.3,294,18.9,93.642,10.903,27.343,,,,,,,,,0,0,,0,0,0,0,0,,0,0,,0,
"11","SUMMIT","2023081517",0,32,31,7.7,295,14.9,93.693,10.654,26.911,,,,,,,,,0,0,,0,0,0,0,0,,0,0,,0,
"11","SUMMIT","2023081518",0,29.6,36,6.5,293,12.5,93.647,9.966,25.698,,,,,,,,,0,0,,0,0,0,0,0,,0,0,,0,
"11","SUMMIT","2023081519",0,25.1,47,7.9,309,12.5,93.193,10.038,25.827,,,,,,,,,0,0,,0,0,0,0,0,,0,0,,0,
"11","SUMMIT","2023081520",0,25,40,0,14,7.4,93.109,6.662,19.301,,,,,,,,,0,0,,0,0,0,0,0,,0,0,,0,
"11","SUMMIT","2023081521",0,25.9,38,0,114,6.8,93.074,6.63,19.233,,,,,,,,,0,0,,0,0,0,0,0,,0,0,,0,
"11","SUMMIT","2023081522",0,25.1,42,4.6,354,8.5,92.879,8.135,22.285,,,,,,,,,0,0,,0,0,0,0,0,,0,0,,0,
"11","SUMMIT","2023081523",0,24.1,45,2.5,123,6.2,92.646,7.082,20.176,,,,,,,,,0,0,,0,0,0,0,0,,0,0,,0,
"19","MENZIES CAMP","2023081500",0,18.4,61,7,336,20.6,89.559,5.727,16.66,,,,,,,,,0,0,,0,0,0,0,0,,0,0,,0,
"19","MENZIES CAMP","2023081501",0,17.5,64,8.4,346,20,89.148,5.793,16.804,,,,,,,,,0,0,,0,0,0,0,0,,0,0,,0,
"19","MENZIES CAMP","2023081502",0,16.5,69,4.1,328,15.4,88.707,4.379,13.566,,,,,,,,,0,0,,0,0,0,0,0,,0,0,,0,
"19","MENZIES CAMP","2023081503",0,16.5,71,2.2,284,14.9,88.302,3.754,12.01,,,,,,,,,0,0,,0,0,0,0,0,,0,0,,0,
"19","MENZIES CAMP","2023081504",0,16.7,71,0,312,14.3,88.028,3.231,10.629,,,,,,,,,0,0,,0,0,0,0,0,,0,0,,0,
"19","MENZIES CAMP","2023081505",0,16.3,70,6.8,312,10.8,87.669,4.323,13.43,,,,,,,,,0,0,,0,0,0,0,0,,0,0,,0,
"19","MENZIES CAMP","2023081506",0,16,71,8.4,356,14.3,87.314,4.454,13.748,,,,,,,,,0,0,,0,0,0,0,0,,0,0,,0,
"19","MENZIES CAMP","2023081507",0,17,66,6,345,13.1,87.157,3.86,12.279,,,,,,,,,0,0,,0,0,0,0,0,,0,0,,0,
"19","MENZIES CAMP","2023081508",0,21.9,53,2.8,16,14.3,87.205,3.308,10.836,,,,,,,,,0,0,,0,0,0,0,0,,0,0,,0,
"19","MENZIES CAMP","2023081509",0,24.5,48,6.9,57,18.3,87.432,4.2,13.13,,,,,,,,,0,0,,0,0,0,0,0,,0,0,,0,
"19","MENZIES CAMP","2023081510",0,28.1,40,6.8,35,18.3,88.006,4.537,13.946,,,,,,,,,0,0,,0,0,0,0,0,,0,0,,0,
"19","MENZIES CAMP","2023081511",0,30.5,36,6.8,47,20,88.75,5.048,15.141,,,,,,,,,0,0,,0,0,0,0,0,,0,0,,0,
"21","WOSS CAMP","2023081500",0,16.4,69,4.3,117,10.2,88.08,4.043,10.941,,,,,,,,,,21.3,,,,,,,,2,970.068,,,
"21","WOSS CAMP","2023081501",0,15.5,74,2,84,12,87.673,3.396,9.463,,,,,,,,,,21.5,,,,,,,,2,970.574,,,
"21","WOSS CAMP","2023081502",0,14.4,81,1.8,85,6.2,87.119,3.107,8.768,,,,,,,,,,21.4,,,,,,,,2,970.097,,,
"21","WOSS CAMP","2023081503",0,13.6,85,0,54,6.2,86.612,2.64,7.599,,,,,,,,,,21.4,,,,,,,,2,970.101,,,
"21","WOSS CAMP","2023081504",0,13.1,87,0,27,7.9,86.088,2.452,7.107,,,,,,,,,,21.5,,,,,,,,2,970.614,,,
"21","WOSS CAMP","2023081505",0,12.3,91,1.8,97,3.3,85.322,2.412,7.002,,,,,,,,,,21.5,,,,,,,,2,970.634,,,
"21","WOSS CAMP","2023081506",0,12.4,91,1.9,80,3.3,84.636,2.206,6.446,,,,,,,,,,21.5,,,,,,,,2,970.633,,,
"21","WOSS CAMP","2023081507",0,15,82,0,157,3.9,84.443,1.953,5.737,,,,,,,,,,21.7,,,,,,,,2,970.109,,,
"21","WOSS CAMP","2023081508",0,20.8,58,1.6,101,6.8,84.644,2.175,6.361,,,,,,,,,,21.6,,,,,,,,2,969.059,,,
"21","WOSS CAMP","2023081509",0,24,53,8.8,324,17.2,85.093,3.325,9.295,,,,,,,,,,21.2,,,,,,,,2,968.009,,,
"21","WOSS CAMP","2023081510",0,25.7,54,12.6,339,24.1,85.54,4.285,11.472,,,,,,,,,,21.4,,,,,,,,2,966.981,,,
"21","WOSS CAMP","2023081511",0,28.1,50,11.8,333,23.5,86.141,4.477,11.886,,,,,,,,,,21.4,,,,,,,,2,966.938,,,
"21","WOSS CAMP","2023081512",0,29,41,9.2,311,24.6,86.981,4.423,11.77,0,90.177,6.991,17.783,31.621,438.896,53.59,4,,21.2,,,,,,,,2,966.917,,,
"21","WOSS CAMP","2023081513",0,29.6,39,11.1,310,26.9,87.806,5.475,14.791,,,,,,,,,,21.1,,,,,,,,2,966.938,,,
"21","WOSS CAMP","2023081514",0,30.1,40,8.7,302,26.4,88.433,5.308,14.441,,,,,,,,,,21.1,,,,,,,,2,965.927,,,
"21","WOSS CAMP","2023081515",0,30.1,42,10,326,24.1,88.876,6.039,15.938,,,,,,,,,,21,,,,,,,,2,964.917,,,
"21","WOSS CAMP","2023081516",0,28.3,50,15.2,331,28.7,88.925,7.904,19.46,,,,,,,,,,21.1,,,,,,,,2,964.436,,,
"21","WOSS CAMP","2023081517",0,26.8,55,12.1,331,26.9,88.974,6.809,17.437,,,,,,,,,,21.1,,,,,,,,2,964.445,,,
"21","WOSS CAMP","2023081518",0,24.8,62,13.8,333,26.9,88.779,7.213,18.198,,,,,,,,,,21.2,,,,,,,,2,964.442,,,
"21","WOSS CAMP","2023081519",0,23.4,66,10.3,319,20.6,88.477,5.79,15.436,,,,,,,,,,21.3,,,,,,,,2,963.987,,,
"21","WOSS CAMP","2023081520",0,22.1,69,7.6,320,21.8,88.129,4.807,13.371,,,,,,,,,,21.3,,,,,,,,2,963.496,,,
"21","WOSS CAMP","2023081521",0,20.7,72,7.8,321,26.4,87.722,4.581,12.874,,,,,,,,,,21.4,,,,,,,,2,963.998,,,
"21","WOSS CAMP","2023081522",0,20,68,8.4,319,18.3,87.486,4.565,12.838,,,,,,,,,,21.3,,,,,,,,2,963.528,,,
"21","WOSS CAMP","2023081523",0,18.9,70,3.6,278,17.2,87.249,3.465,10.267,,,,,,,,,,21.3,,,,,,,,2,963.549,,,
"37","BEAVER CREEK","2023081500",0,18.8,79,2.3,317,5.1,89.195,4.289,17.693,,,,,,,,,0,193.3,,0,0,0,0,0,,0,0,,0,
"37","BEAVER CREEK","2023081501",0,18.2,83,2.9,317,5.1,88.317,3.898,16.473,,,,,,,,,0,193.3,,0,0,0,0,0,,0,0,,0,
"37","BEAVER CREEK","2023081502",0,17.3,88,2.9,13,5.1,87.329,3.383,14.794,,,,,,,,,0,193.3,,0,0,0,0,0,,0,0,,0,
"37","BEAVER CREEK","2023081503",0,16.6,90,2.5,308,4.5,86.385,2.9,13.123,,,,,,,,,0,193.3,,0,0,0,0,0,,0,0,,0,
"37","BEAVER CREEK","2023081504",0,15.7,94,2,349,5.1,85.336,2.441,11.438,,,,,,,,,0,193.3,,0,0,0,0,0,,0,0,,0,
"37","BEAVER CREEK","2023081505",0,15.3,94,2.3,331,5.1,84.415,2.185,10.443,,,,,,,,,0,193.3,,0,0,0,0,0,,0,0,,0,
"37","BEAVER CREEK","2023081506",0,15.1,96,3,334,5.1,83.432,1.986,9.643,,,,,,,,,0,193.3,,0,0,0,0,0,,0,0,,0,
"37","BEAVER CREEK","2023081507",0,15.1,97,3.1,326,5.1,82.486,1.769,8.736,,,,,,,,,0,193.3,,0,0,0,0,0,,0,0,,0,
"37","BEAVER CREEK","2023081508",0,19.9,82,2.7,99,4.5,82.533,1.744,8.629,,,,,,,,,0,193.3,,0,0,0,0,0,,0,0,,0,
"37","BEAVER CREEK","2023081509",0,27,52,4,101,7.4,83.341,2.064,9.961,,,,,,,,,0,193.3,,0,0,0,0,0,,0,0,,0,
"37","BEAVER CREEK","2023081510",0,30,41,4.8,106,8.5,84.613,2.546,11.831,,,,,,,,,0,193.3,,0,0,0,0,0,,0,0,,0,
"37","BEAVER CREEK","2023081511",0,32.3,34,7.4,176,11.4,86.227,3.63,15.611,,,,,,,,,0,193.3,,0,0,0,0,0,,0,0,,0,
"37","BEAVER CREEK","2023081512",0,35,28,7.6,175,14.9,88.061,4.761,19.106,0,94.303,11.536,36.26,71.915,603.995,110.838,5,0,193.3,,0,0,0,0,0,,0,0,,0,
"37","BEAVER CREEK","2023081513",0,36.7,24,7.9,181,16.6,89.874,6.27,23.982,,,,,,,,,0,193.3,,0,0,0,0,0,,0,0,,0,
"37","BEAVER CREEK","2023081514",0,37.9,22,6.2,239,15.4,91.423,7.179,26.352,,,,,,,,,0,193.3,,0,0,0,0,0,,0,0,,0,
"37","BEAVER CREEK","2023081515",0,38.8,20,8.9,181,16,92.847,10.057,33.118,,,,,,,,,0,193.3,,0,0,0,0,0,,0,0,,0,
"37","BEAVER CREEK","2023081516",0,39.2,19,8,160,13.1,93.962,11.229,35.623,,,,,,,,,0,193.3,,0,0,0,0,0,,0,0,,0,
"37","BEAVER CREEK","2023081517",0,38.4,21,6.8,121,14.3,94.585,11.52,36.228,,,,,,,,,0,193.3,,0,0,0,0,0,,0,0,,0,
"37","BEAVER CREEK","2023081518",0,34.4,30,5,237,16,94.636,10.595,34.282,,,,,,,,,0,193.3,,0,0,0,0,0,,0,0,,0,
"37","BEAVER CREEK","2023081519",0,28.4,56,3,16,8.5,93.844,8.586,29.782,,,,,,,,,0,193.3,,0,0,0,0,0,,0,0,,0,
"37","BEAVER CREEK","2023081520",0,25.4,59,2.9,15,5.6,93.082,7.682,27.61,,,,,,,,,0,193.3,,0,0,0,0,0,,0,0,,0,
"37","BEAVER CREEK","2023081521",0,23.2,68,3.8,14,5.6,92.119,7.02,25.948,,,,,,,,,0,193.3,,0,0,0,0,0,,0,0,,0,
"37","BEAVER CREEK","2023081522",0,21.5,73,1.9,338,5.1,91.217,5.613,22.18,,,,,,,,,0,193.3,,0,0,0,0,0,,0,0,,0,
"37","BEAVER CREEK","2023081523",0,20.3,76,2.8,355,5.6,90.312,5.163,20.892,,,,,,,,,0,193.3,,0,0,0,0,0,,0,0,,0,
"45","SALTSPRING 2","2023081500",0,15.7,87,3.8,307,6.9,88.311,4.075,19.967,,,,,,,,,0,-5.8,,0,0,,,,,,,4850,,
"45","SALTSPRING 2","2023081501",0,14.8,91,2.2,297,6.1,87.225,3.218,16.78,,,,,,,,,0,-35,,0,0,,,,,,,4850,,
"45","SALTSPRING 2","2023081502",0,14.2,94,0.2,343,6.3,86.244,2.532,13.975,,,,,,,,,0,-67.5,,0,0,,,,,,,4850,,
"45","SALTSPRING 2","2023081503",0,13.7,95,0.8,36,5.5,85.251,2.271,12.836,,,,,,,,,0,-41.7,,0,0,,,,,,,4850,,
"45","SALTSPRING 2","2023081504",0,13.3,96,1.9,299,5.4,84.242,2.092,12.021,,,,,,,,,0,-45.6,,0,0,,,,,,,4850,,
"45","SALTSPRING 2","2023081505",0,13.1,97,3.1,318,5.3,83.228,1.944,11.33,,,,,,,,,0,1.6,,0,0,,,,,,,4850,,
"45","SALTSPRING 2","2023081506",0,17.1,79,7.4,278,14.3,83.251,2.421,13.498,,,,,,,,,0,1.7,,0,0,,,,,,,4850,,
"45","SALTSPRING 2","2023081507",0,22.5,65,1.9,265,13.3,83.469,1.888,11.064,,,,,,,,,0,2.3,,0,0,,,,,,,4850,,
"45","SALTSPRING 2","2023081508",0,27.3,44,4.7,310,13.8,84.442,2.475,13.729,,,,,,,,,0,-4.7,,0,0,,,,,,,4850,,
"45","SALTSPRING 2","2023081509",0,28.3,42,7.1,102,15,85.455,3.209,16.746,,,,,,,,,0,-13.1,,0,0,,,,,,,4850,,
"45","SALTSPRING 2","2023081510",0,28.1,42,9.5,100,15.2,86.331,4.095,20.038,,,,,,,,,0,-38.8,,0,0,,,,,,,4850,,
"45","SALTSPRING 2","2023081511",0,29.1,40,10.1,106,15.6,87.195,4.771,22.359,,,,,,,,,0,-23.7,,0,0,,,,,,,4850,,
"45","SALTSPRING 2","2023081512",0,26.4,47,17.2,85,23.6,87.566,7.194,29.722,0,90.939,11.665,41.126,114.743,627.466,157.488,5,0,-45.4,,0,0,,,,,,,4850,,
"45","SALTSPRING 2","2023081513",0,27.2,44,13.8,96,23.8,87.992,6.443,27.734,,,,,,,,,0,-73.8,,0,0,,,,,,,4850,,
"45","SALTSPRING 2","2023081514",0,27.8,43,10.7,106,20,88.384,5.83,25.888,,,,,,,,,0,-52,,0,0,,,,,,,4850,,
"45","SALTSPRING 2","2023081515",0,27.9,44,11.8,99,20,88.68,6.429,27.693,,,,,,,,,0,-88.3,,0,0,,,,,,,4850,,
"45","SALTSPRING 2","2023081516",0,27.6,44,10.1,99,16.8,88.905,6.095,26.697,,,,,,,,,0,-74.3,,0,0,,,,,,,4850,,
"45","SALTSPRING 2","2023081517",0,26.1,47,9.8,117,17.7,88.954,6.046,26.548,,,,,,,,,0,-64.2,,0,0,,,,,,,4850,,
"45","SALTSPRING 2","2023081518",0,26.3,48,8.3,140,13.8,89.003,5.646,25.318,,,,,,,,,0,-56.9,,0,0,,,,,,,4850,,
"45","SALTSPRING 2","2023081519",0,22.9,61,1.9,137,10.6,88.86,4.006,19.846,,,,,,,,,0,-45.7,,0,0,,,,,,,4850,,
"45","SALTSPRING 2","2023081520",0,19.9,74,1.7,252,5.5,88.376,3.7,18.726,,,,,,,,,0,1.7,,0,0,,,,,,,4850,,
"45","SALTSPRING 2","2023081521",0,18.2,81,0,23,4.6,87.849,3.149,16.616,,,,,,,,,0,1.9,,0,0,,,,,,,4850,,
"45","SALTSPRING 2","2023081522",0,17,86,1.6,274,6.7,87.076,3.057,16.248,,,,,,,,,0,1.8,,0,0,,,,,,,4850,,
"45","SALTSPRING 2","2023081523",0,16.2,89,0,349,4.1,86.405,2.564,14.206,,,,,,,,,0,1.4,,0,0,,,,,,,4850,,
"56","BOWSER","2023081500",0,17.8,78,4.2,276,9.1,87.08,3.486,14.212,,,,,,,,,,,,,,,,,,,,,,
"56","BOWSER","2023081501",0,18.3,72,5,281,10.8,86.824,3.5,14.254,,,,,,,,,,,,,,,,,,,,,,
"56","BOWSER","2023081502",0,16.8,78,4,264,7.9,86.424,3.145,13.112,,,,,,,,,,,,,,,,,,,,,,
"56","BOWSER","2023081503",0,17.4,73,4.9,282,10.8,86.216,3.196,13.279,,,,,,,,,,,,,,,,,,,,,,
"56","BOWSER","2023081504",0,16.9,75,5,284,9.1,85.973,3.104,12.978,,,,,,,,,,,,,,,,,,,,,,
"56","BOWSER","2023081505",0,17,72,5.1,287,11.4,85.843,3.063,12.842,,,,,,,,,,,,,,,,,,,,,,
"56","BOWSER","2023081506",0,17.6,69,5.2,304,10.8,85.812,3.065,12.849,,,,,,,,,,,,,,,,,,,,,,
"56","BOWSER","2023081507",0,21.8,53,6.6,308,16.6,86.024,3.389,13.901,,,,,,,,,,,,,,,,,,,,,,
"56","BOWSER","2023081508",0,23.4,51,6.1,319,16.6,86.299,3.434,14.047,,,,,,,,,,,,,,,,,,,,,,
"56","BOWSER","2023081509",0,24.9,46,5.4,313,12.5,86.712,3.515,14.301,,,,,,,,,,,,,,,,,,,,,,
"56","BOWSER","2023081510",0,25.2,46,5.8,52,13.7,87.08,3.779,15.122,,,,,,,,,,,,,,,,,,,,,,
"56","BOWSER","2023081511",0,26.8,45,6.2,80,12.5,87.485,4.085,16.044,,,,,,,,,,,,,,,,,,,,,,
"56","BOWSER","2023081512",0,27.8,42,5.7,10,11.4,87.956,4.262,16.562,0,89.934,5.66,20.914,62.847,532.195,97.045,4,,,,,,,,,,,,,,
"56","BOWSER","2023081513",0,29.4,39,5.7,28,12,88.522,4.622,18.045,,,,,,,,,,,,,,,,,,,,,,
"56","BOWSER","2023081514",0,30.5,38,4.8,36,12.5,89.065,4.775,18.483,,,,,,,,,,,,,,,,,,,,,,
"56","BOWSER","2023081515",0,30.2,38,8.3,23,16.6,89.533,6.092,22.043,,,,,,,,,,,,,,,,,,,,,,
"56","BOWSER","2023081516",0,31.5,36,5,10,16.6,90.018,5.53,20.568,,,,,,,,,,,,,,,,,,,,,,
"56","BOWSER","2023081517",0,30.1,36,7.1,12,15.4,90.369,6.464,22.991,,,,,,,,,,,,,,,,,,,,,,
"56","BOWSER","2023081518",0,25.9,47,6.6,357,18.3,90.418,6.348,22.698,,,,,,,,,,,,,,,,,,,,,,
"56","BOWSER","2023081519",0,24.9,51,4.8,314,19.5,90.344,5.736,21.117,,,,,,,,,,,,,,,,,,,,,,
"56","BOWSER","2023081520",0,22.7,61,4.2,272,10.8,89.992,5.292,19.923,,,,,,,,,,,,,,,,,,,,,,
"56","BOWSER","2023081521",0,21.4,66,4.5,263,10.2,89.536,5.032,19.207,,,,,,,,,,,,,,,,,,,,,,
"56","BOWSER","2023081522",0,20.3,70,4.2,277,12,89.027,4.608,18.004,,,,,,,,,,,,,,,,,,,,,,
"56","BOWSER","2023081523",0,19.1,76,2.4,238,11.4,88.44,3.868,15.795,,,,,,,,,,,,,,,,,,,,,,
"59","CEDAR","2023081500",0,27.4,41,9.7,337,25.2,93.23,11.047,34.995,,,,,,,,,,,,,,,,,,,,,,
"59","CEDAR","2023081501",0,26.4,44,9.7,331,18.3,92.934,10.599,34.049,,,,,,,,,,,,,,,,,,,,,,
"59","CEDAR","2023081502",0,23,54,4.8,14,15.4,92.407,7.689,27.424,,,,,,,,,,,,,,,,,,,,,,
"59","CEDAR","2023081503",0,22,57,7.1,332,11.4,91.826,7.954,28.068,,,,,,,,,,,,,,,,,,,,,,
"59","CEDAR","2023081504",0,19.6,69,0,292,6.8,91.254,5.128,20.63,,,,,,,,,,,,,,,,,,,,,,
"59","CEDAR","2023081505",0,19.2,71,4.1,290,10.8,90.48,5.646,22.102,,,,,,,,,,,,,,,,,,,,,,
"59","CEDAR","2023081506",0,22,59,1.8,345,8.5,90.192,4.825,19.741,,,,,,,,,,,,,,,,,,,,,,
"59","CEDAR","2023081507",0,26.3,45,12.9,21,18.9,90.241,8.502,29.369,,,,,,,,,,,,,,,,,,,,,,
"59","CEDAR","2023081508",0,27.8,40,15,6,22.3,90.331,9.572,31.813,,,,,,,,,,,,,,,,,,,,,,
"59","CEDAR","2023081509",0,30.5,33,18.1,343,26.4,90.826,12.011,36.972,,,,,,,,,,,,,,,,,,,,,,
"59","CEDAR","2023081510",0,31.8,31,17.8,6,32.1,91.374,12.792,38.522,,,,,,,,,,,,,,,,,,,,,,
"59","CEDAR","2023081511",0,34,26,20.9,343,30.4,92.22,16.856,45.989,,,,,,,,,,,,,,,,,,,,,,
"59","CEDAR","2023081512",0,34.1,27,22.4,6,33.9,92.793,19.707,50.742,0,94.345,24.46,59.368,75.735,612.203,115.69,5,,,,,,,,,,,,,,
"59","CEDAR","2023081513",0,35.2,24,23.3,2,35,93.467,22.66,56.647,,,,,,,,,,,,,,,,,,,,,,
"59","CEDAR","2023081514",0,36.3,24,20.9,353,44.2,94.007,21.643,55.066,,,,,,,,,,,,,,,,,,,,,,
"59","CEDAR","2023081515",0,35.9,24,20.4,6,31,94.363,22.171,55.891,,,,,,,,,,,,,,,,,,,,,,
"59","CEDAR","2023081516",0,35.2,26,22.5,359,34.4,94.456,24.965,60.115,,,,,,,,,,,,,,,,,,,,,,
"59","CEDAR","2023081517",0,34.9,24,21.3,350,29.2,94.63,24.067,58.782,,,,,,,,,,,,,,,,,,,,,,
"59","CEDAR","2023081518",0,34.4,26,16,359,31.6,94.681,18.557,50.039,,,,,,,,,,,,,,,,,,,,,,
"59","CEDAR","2023081519",0,30.3,37,12.3,14,25.2,94.434,14.886,43.526,,,,,,,,,,,,,,,,,,,,,,
"59","CEDAR","2023081520",0,27.1,43,3.1,32,16.6,94.078,8.914,31.109,,,,,,,,,,,,,,,,,,,,,,
"59","CEDAR","2023081521",0,26.3,44,9.9,344,16,93.644,11.823,37.509,,,,,,,,,,,,,,,,,,,,,,
"59","CEDAR","2023081522",0,23.6,55,0,226,13.7,93.205,6.753,25.74,,,,,,,,,,,,,,,,,,,,,,
"59","CEDAR","2023081523",0,23.5,55,4.3,267,12,92.622,7.728,28.242,,,,,,,,,,,,,,,,,,,,,,
"67","HAIG CAMP","2023081500",0,19.8,87,0,252,0,88.35,3.383,17.457,,,,,,,,,,,,,,,,,,,,,,
"67","HAIG CAMP","2023081501",0,19.2,87,1.9,260,3.9,87.426,3.262,16.988,,,,,,,,,,,,,,,,,,,,,,
"67","HAIG CAMP","2023081502",0,19,86,0,262,6.8,86.822,2.72,14.805,,,,,,,,,,,,,,,,,,,,,,
"67","HAIG CAMP","2023081503",0,18.8,87,0,187,2.8,86.245,2.507,13.899,,,,,,,,,,,,,,,,,,,,,,
"67","HAIG CAMP","2023081504",0,18.2,88,2.1,304,7.4,85.555,2.529,13.997,,,,,,,,,,,,,,,,,,,,,,
"67","HAIG CAMP","2023081505",0,18.7,85,4.5,32,9.7,85.057,2.664,14.571,,,,,,,,,,,,,,,,,,,,,,
"67","HAIG CAMP","2023081506",0,18.3,88,0,286,6.8,84.631,2.004,11.639,,,,,,,,,,,,,,,,,,,,,,
"67","HAIG CAMP","2023081507",0,20.2,82,1.7,37,5.6,84.436,2.126,12.205,,,,,,,,,,,,,,,,,,,,,,
"67","HAIG CAMP","2023081508",0,24.3,69,1.7,247,6.2,84.508,2.147,12.302,,,,,,,,,,,,,,,,,,,,,,
"67","HAIG CAMP","2023081509",0,26,62,4.4,265,10.8,84.767,2.548,14.075,,,,,,,,,,,,,,,,,,,,,,
"67","HAIG CAMP","2023081510",0,27.3,54,7.3,276,16,85.28,3.164,16.605,,,,,,,,,,,,,,,,,,,,,,
"67","HAIG CAMP","2023081511",0,29.2,48,9.1,275,17.7,86.02,3.841,19.168,,,,,,,,,,,,,,,,,,,,,,
"67","HAIG CAMP","2023081512",0,31.3,41,12.6,288,24.1,87.077,5.322,24.2,0,92.603,11.71,41.349,120.252,591.506,159.46,5,,,,,,,,,,,,,,
"67","HAIG CAMP","2023081513",0,33,39,14.2,314,24.6,88.142,6.717,28.625,,,,,,,,,,,,,,,,,,,,,,
"67","HAIG CAMP","2023081514",0,34.4,37,12.4,303,24.6,89.137,7.076,29.656,,,,,,,,,,,,,,,,,,,,,,
"67","HAIG CAMP","2023081515",0,34.9,37,11.4,307,29.2,89.922,7.53,30.927,,,,,,,,,,,,,,,,,,,,,,
"67","HAIG CAMP","2023081516",0,34.9,38,13.9,295,29.8,90.493,9.268,35.511,,,,,,,,,,,,,,,,,,,,,,
"67","HAIG CAMP","2023081517",0,34.9,34,10.7,290,25.8,91.101,8.602,33.804,,,,,,,,,,,,,,,,,,,,,,
"67","HAIG CAMP","2023081518",0,33.2,39,5.5,282,22.3,91.242,6.754,28.731,,,,,,,,,,,,,,,,,,,,,,
"67","HAIG CAMP","2023081519",0,28.9,48,7.7,303,21.8,91.207,7.508,30.867,,,,,,,,,,,,,,,,,,,,,,
"67","HAIG CAMP","2023081520",0,28.2,44,10.8,332,20.6,91.257,8.84,34.42,,,,,,,,,,,,,,,,,,,,,,
"67","HAIG CAMP","2023081521",0,26.6,49,9.1,332,24.6,91.131,7.97,32.128,,,,,,,,,,,,,,,,,,,,,,
"67","HAIG CAMP","2023081522",0,25,52,8.5,336,16,90.908,7.491,30.819,,,,,,,,,,,,,,,,,,,,,,
"67","HAIG CAMP","2023081523",0,22.4,63,6.7,322,11.4,90.38,6.345,27.53,,,,,,,,,,,,,,,,,,,,,,
"72","UBC RESEARCH","2023081500",0,19.6,81,3,43,5.1,86.961,3.227,13.072,,,,,,,,,,,,,,,,,,,,,,
"72","UBC RESEARCH","2023081501",0,18.7,84,3.4,34,4.5,86.331,3.011,12.375,,,,,,,,,,,,,,,,,,,,,,
"72","UBC RESEARCH","2023081502",0,18.2,87,3.8,23,4.5,85.637,2.787,11.631,,,,,,,,,,,,,,,,,,,,,,
"72","UBC RESEARCH","2023081503",0,17.5,90,3.5,19,5.1,84.88,2.473,10.548,,,,,,,,,,,,,,,,,,,,,,
"72","UBC RESEARCH","2023081504",0,17.2,91,3.2,26,4.5,84.174,2.213,9.614,,,,,,,,,,,,,,,,,,,,,,
"72","UBC RESEARCH","2023081505",0,16.9,93,2.9,26,4.5,83.438,1.978,8.733,,,,,,,,,,,,,,,,,,,,,,
"72","UBC RESEARCH","2023081506",0,16.9,93,3,27,4.5,82.798,1.83,8.164,,,,,,,,,,,,,,,,,,,,,,
"72","UBC RESEARCH","2023081507",0,17.9,91,2,87,3.9,82.394,1.655,7.462,,,,,,,,,,,,,,,,,,,,,,
"72","UBC RESEARCH","2023081508",0,22.8,69,4.6,168,6.8,82.645,1.946,8.613,,,,,,,,,,,,,,,,,,,,,,
"72","UBC RESEARCH","2023081509",0,24,66,5,175,8.5,82.972,2.07,9.083,,,,,,,,,,,,,,,,,,,,,,
"72","UBC RESEARCH","2023081510",0,28,53,3.6,322,9.7,83.727,2.128,9.299,,,,,,,,,,,,,,,,,,,,,,
"72","UBC RESEARCH","2023081511",0,29.6,47,5.4,27,11.4,84.706,2.657,11.189,,,,,,,,,,,,,,,,,,,,,,
"72","UBC RESEARCH","2023081512",0,30.7,42,5.6,268,13.1,85.785,3.116,12.716,0,90.551,6.151,21.823,60.314,528.76,93.861,4,,,,,,,,,,,,,,
"72","UBC RESEARCH","2023081513",0,32.7,36,6.7,170,13.7,87.09,3.96,15.79,,,,,,,,,,,,,,,,,,,,,,
"72","UBC RESEARCH","2023081514",0,33.3,34,7.6,161,16,88.295,4.923,18.574,,,,,,,,,,,,,,,,,,,,,,
"72","UBC RESEARCH","2023081515",0,34.2,33,5.9,164,14.3,89.322,5.237,19.432,,,,,,,,,,,,,,,,,,,,,,
"72","UBC RESEARCH","2023081516",0,33.9,32,3.7,319,12.5,90.116,5.253,19.475,,,,,,,,,,,,,,,,,,,,,,
"72","UBC RESEARCH","2023081517",0,31.5,38,3.7,191,12,90.406,5.475,20.071,,,,,,,,,,,,,,,,,,,,,,
"72","UBC RESEARCH","2023081518",0,28.6,46,4.6,198,10.2,90.455,5.77,20.844,,,,,,,,,,,,,,,,,,,,,,
"72","UBC RESEARCH","2023081519",0,25.5,56,2.2,82,9.1,90.279,4.985,18.745,,,,,,,,,,,,,,,,,,,,,,
"72","UBC RESEARCH","2023081520",0,23,66,2,70,5.1,89.839,4.634,17.763,,,,,,,,,,,,,,,,,,,,,,
"72","UBC RESEARCH","2023081521",0,20.9,74,3,11,3.9,89.189,4.439,17.205,,,,,,,,,,,,,,,,,,,,,,
"72","UBC RESEARCH","2023081522",0,19.6,79,2.8,14,4.5,88.465,3.961,15.792,,,,,,,,,,,,,,,,,,,,,,
"72","UBC RESEARCH","2023081523",0,19,80,2.8,16,5.1,87.805,3.603,14.693,,,,,,,,,,,,,,,,,,,,,,
"75","TOBA CAMP","2023081500",0,15.3,100,0,337,5.1,82.263,1.472,4.678,,,,,,,,,0,0,,0,0,0,0,0,,0,0,,0,
"75","TOBA CAMP","2023081501",0,14.6,100,0,348,4.5,81.415,1.33,4.2,,,,,,,,,0,0,,0,0,0,0,0,,0,0,,0,
"75","TOBA CAMP","2023081502",0,14.1,100,1.9,262,4.5,80.491,1.319,4.162,,,,,,,,,0,0,,0,0,0,0,0,,0,0,,0,
"75","TOBA CAMP","2023081503",0,13.5,100,0,330,3.9,79.835,1.118,3.455,,,,,,,,,0,0,,0,0,0,0,0,,0,0,,0,
"75","TOBA CAMP","2023081504",0,13,100,0,308,3.3,79.247,1.054,3.223,,,,,,,,,0,0,,0,0,0,0,0,,0,0,,0,
"75","TOBA CAMP","2023081505",0,12.5,100,2.2,29,3.3,78.588,1.108,3.418,,,,,,,,,0,0,,0,0,0,0,0,,0,0,,0,
"75","TOBA CAMP","2023081506",0,12.4,100,2.2,26,3.9,78.004,1.053,3.217,,,,,,,,,0,0,,0,0,0,0,0,,0,0,,0,
"75","TOBA CAMP","2023081507",0,12.5,100,0,303,3.9,77.59,0.911,2.678,,,,,,,,,0,0,,0,0,0,0,0,,0,0,,0,
"75","TOBA CAMP","2023081508",0,17.8,95,2.8,90,6.2,77.575,1.048,3.198,,,,,,,,,0,0,,0,0,0,0,0,,0,0,,0,
"75","TOBA CAMP","2023081509",0,23.1,65,2.8,318,5.1,78.337,1.117,3.45,,,,,,,,,0,0,,0,0,0,0,0,,0,0,,0,
"75","TOBA CAMP","2023081510",0,26.9,45,7.3,189,13.7,80.076,1.656,5.275,,,,,,,,,0,0,,0,0,0,0,0,,0,0,,0,
"75","TOBA CAMP","2023081511",0,29.2,41,7.5,213,14.3,81.915,2.059,6.511,,,,,,,,,0,0,,0,0,0,0,0,,0,0,,0,
"75","TOBA CAMP","2023081512",0,30,40,8.4,175,15.4,83.591,2.662,8.216,0,92.437,9.258,22.992,35.588,449.319,59.412,4,0,0,,0,0,0,0,0,,0,0,,0,
"75","TOBA CAMP","2023081513",0,30.7,38,9.5,165,21.2,85.145,3.47,10.929,,,,,,,,,0,0,,0,0,0,0,0,,0,0,,0,
"75","TOBA CAMP","2023081514",0,32,35,7.5,166,18.3,86.588,3.839,11.865,,,,,,,,,0,0,,0,0,0,0,0,,0,0,,0,
"75","TOBA CAMP","2023081515",0,32.5,35,7.8,187,20.6,87.795,4.629,13.758,,,,,,,,,0,0,,0,0,0,0,0,,0,0,,0,
"75","TOBA CAMP","2023081516",0,33,38,5.9,221,19.5,88.623,4.737,14.007,,,,,,,,,0,0,,0,0,0,0,0,,0,0,,0,
"75","TOBA CAMP","2023081517",0,31.7,37,6.5,183,14.9,89.27,5.357,15.398,,,,,,,,,0,0,,0,0,0,0,0,,0,0,,0,
"75","TOBA CAMP","2023081518",0,30,46,4.3,181,16.6,89.392,4.88,14.334,,,,,,,,,0,0,,0,0,0,0,0,,0,0,,0,
"75","TOBA CAMP","2023081519",0,21.8,80,3.2,343,6.2,88.576,4.107,12.521,,,,,,,,,0,0,,0,0,0,0,0,,0,0,,0,
"75","TOBA CAMP","2023081520",0,19.6,91,2,343,3.9,87.365,3.25,10.356,,,,,,,,,0,0,,0,0,0,0,0,,0,0,,0,
"75","TOBA CAMP","2023081521",0,18.2,96,1.6,275,3.9,85.983,2.619,8.623,,,,,,,,,0,0,,0,0,0,0,0,,0,0,,0,
"75","TOBA CAMP","2023081522",0,17.1,97,3,338,5.6,84.651,2.337,7.801,,,,,,,,,0,0,,0,0,0,0,0,,0,0,,0,
"75","TOBA CAMP","2023081523",0,16.8,99,0,166,4.5,83.592,1.743,5.951,,,,,,,,,0,0,,0,0,0,0,0,,0,0,,0,
"82","SCAR CREEK","2023081500",0,16.1,88,2.8,313,7.9,87.808,3.605,12.143,,,,,,,,,0,0,,0,0,0,0,0,,0,0,,0,
"82","SCAR CREEK","2023081501",0,16,87,3.7,310,6.8,86.932,3.329,11.387,,,,,,,,,0,0,,0,0,0,0,0,,0,0,,0,
"82","SCAR CREEK","2023081502",0,15.2,88,1.9,332,6.2,86.184,2.735,9.678,,,,,,,,,0,0,,0,0,0,0,0,,0,0,,0,
"82","SCAR CREEK","2023081503",0,14.8,88,3.1,253,7.4,85.494,2.638,9.387,,,,,,,,,0,0,,0,0,0,0,0,,0,0,,0,
"82","SCAR CREEK","2023081504",0,14.3,90,3.2,278,5.6,84.787,2.405,8.672,,,,,,,,,0,0,,0,0,0,0,0,,0,0,,0,
"82","SCAR CREEK","2023081505",0,14.5,86,4,308,7.9,84.343,2.357,8.522,,,,,,,,,0,0,,0,0,0,0,0,,0,0,,0,
"82","SCAR CREEK","2023081506",0,13.9,91,3,295,7.4,83.728,2.065,7.581,,,,,,,,,0,0,,0,0,0,0,0,,0,0,,0,
"82","SCAR CREEK","2023081507",0,14,93,2.7,314,5.6,83.074,1.868,6.922,,,,,,,,,0,0,,0,0,0,0,0,,0,0,,0,
"82","SCAR CREEK","2023081508",0,21.1,66,2.1,47,6.2,83.265,1.857,6.885,,,,,,,,,0,0,,0,0,0,0,0,,0,0,,0,
"82","SCAR CREEK","2023081509",0,26.1,43,5,34,9.1,84.242,2.446,8.799,,,,,,,,,0,0,,0,0,0,0,0,,0,0,,0,
"82","SCAR CREEK","2023081510",0,28.3,39,5,84,9.7,85.343,2.843,9.998,,,,,,,,,0,0,,0,0,0,0,0,,0,0,,0,
"82","SCAR CREEK","2023081511",0,30,36,5.4,125,11.4,86.501,3.411,11.616,,,,,,,,,0,0,,0,0,0,0,0,,0,0,,0,
"82","SCAR CREEK","2023081512",0,30.9,32,5.1,69,12,87.673,3.971,13.111,0,93.237,8.771,24.763,44.256,561.063,73.933,4,0,0,,0,0,0,0,0,,0,0,,0,
"82","SCAR CREEK","2023081513",0,31.2,36,8.2,87,18.9,88.543,5.258,17.125,,,,,,,,,0,0,,0,0,0,0,0,,0,0,,0,
"82","SCAR CREEK","2023081514",0,30.8,35,6.5,91,17.2,89.239,5.334,17.307,,,,,,,,,0,0,,0,0,0,0,0,,0,0,,0,
"82","SCAR CREEK","2023081515",0,30,36,5.6,63,17.2,89.716,5.459,17.608,,,,,,,,,0,0,,0,0,0,0,0,,0,0,,0,
"82","SCAR CREEK","2023081516",0,30.2,35,6.1,143,15.4,90.159,5.964,18.796,,,,,,,,,0,0,,0,0,0,0,0,,0,0,,0,
"82","SCAR CREEK","2023081517",0,29.7,38,5.8,97,18.9,90.387,6.069,19.039,,,,,,,,,0,0,,0,0,0,0,0,,0,0,,0,
"82","SCAR CREEK","2023081518",0,26.9,49,3.3,97,10.8,90.413,5.371,17.398,,,,,,,,,0,0,,0,0,0,0,0,,0,0,,0,
"82","SCAR CREEK","2023081519",0,23.4,68,0,306,5.1,90.012,4.295,14.691,,,,,,,,,0,0,,0,0,0,0,0,,0,0,,0,
"82","SCAR CREEK","2023081520",0,20.6,78,0,256,3.9,89.388,3.927,13.708,,,,,,,,,0,0,,0,0,0,0,0,,0,0,,0,
"82","SCAR CREEK","2023081521",0,18.8,82,2.9,252,3.9,88.52,4.013,13.94,,,,,,,,,0,0,,0,0,0,0,0,,0,0,,0,
"82","SCAR CREEK","2023081522",0,17.5,87,2.8,316,5.1,87.558,3.478,12.458,,,,,,,,,0,0,,0,0,0,0,0,,0,0,,0,
"82","SCAR CREEK","2023081523",0,16.6,87,3.3,236,6.2,86.72,3.166,11.551,,,,,,,,,0,0,,0,0,0,0,0,,0,0,,0,
"93","HONNA","2023081500",0,18.5,87,11.3,284,30.4,80.116,2.034,2.745,,,,,,,,,,,,,,,,,,,,,,
"93","HONNA","2023081501",0,17.9,88,8,308,21.2,80.162,1.731,2.19,,,,,,,,,,,,,,,,,,,,,,
"93","HONNA","2023081502",0,17.4,91,7.8,306,15.4,80.064,1.696,2.123,,,,,,,,,,,,,,,,,,,,,,
"93","HONNA","2023081503",0,16.8,93,5.9,294,13.7,79.842,1.506,1.742,,,,,,,,,,,,,,,,,,,,,,
"93","HONNA","2023081504",0.2,16.6,94,4.8,304,12.5,75.525,1.005,0.813,,,,,,,,,,,,,,,,,,,,,,
"93","HONNA","2023081505",0,17.1,89,7.9,304,17.7,75.699,1.188,0.961,,,,,,,,,,,,,,,,,,,,,,
"93","HONNA","2023081506",0,17.1,84,13.9,307,24.6,76.055,1.643,2.021,,,,,,,,,,,,,,,,,,,,,,
"93","HONNA","2023081507",0,16.9,79,9.6,305,24.1,76.499,1.363,1.422,,,,,,,,,,,,,,,,,,,,,,
"93","HONNA","2023081508",0,17.3,72,5.3,189,17.7,77.041,1.141,0.923,,,,,,,,,,,,,,,,,,,,,,
"93","HONNA","2023081509",0,17.3,72,3.5,30,19.5,77.507,1.08,0.873,,,,,,,,,,,,,,,,,,,,,,
"93","HONNA","2023081510",0,18.4,68,6.7,276,15.4,78.131,1.335,1.353,,,,,,,,,,,,,,,,,,,,,,
"93","HONNA","2023081511",0,19.5,62,9.4,229,16.6,78.946,1.645,2.025,,,,,,,,,,,,,,,,,,,,,,
"93","HONNA","2023081512",0,20.9,59,7.4,216,18.3,79.78,1.614,1.963,0.2,84.928,3.029,4.914,10.757,331.012,19.898,2,,,,,,,,,,,,,,
"93","HONNA","2023081513",0,20.9,61,9.5,245,20,80.506,1.937,2.971,,,,,,,,,,,,,,,,,,,,,,
"93","HONNA","2023081514",0,21.7,57,9.8,245,17.2,81.298,2.149,3.373,,,,,,,,,,,,,,,,,,,,,,
"93","HONNA","2023081515",0,20.8,61,8.8,224,17.2,81.84,2.179,3.427,,,,,,,,,,,,,,,,,,,,,,
"93","HONNA","2023081516",0,20.2,60,9.6,293,18.9,82.334,2.409,3.846,,,,,,,,,,,,,,,,,,,,,,
"93","HONNA","2023081517",0,19.8,63,7.4,215,17.7,82.672,2.249,3.557,,,,,,,,,,,,,,,,,,,,,,
"93","HONNA","2023081518",0,19.7,65,7,307,14.9,82.928,2.276,3.607,,,,,,,,,,,,,,,,,,,,,,
"93","HONNA","2023081519",0,17.7,71,5.8,356,14.9,83.006,2.165,3.401,,,,,,,,,,,,,,,,,,,,,,
"93","HONNA","2023081520",0,16.3,84,3.4,116,13.7,82.879,1.887,2.874,,,,,,,,,,,,,,,,,,,,,,
"93","HONNA","2023081521",0,15.5,87,6.6,106,12,82.612,2.144,3.363,,,,,,,,,,,,,,,,,,,,,,
"93","HONNA","2023081522",0,14.7,90,2.2,43,10.2,82.27,1.646,2.391,,,,,,,,,,,,,,,,,,,,,,
"93","HONNA","2023081523",0,14.6,91,2.6,251,4.5,81.909,1.607,2.311,,,,,,,,,,,,,,,,,,,,,,
"101","MACHMELL","2023081500",0,15.5,94,3.1,268,5.6,83.782,2.09,4.458,,,,,,,,,0,193.3,,0,0,0,0,0,,0,0,,0,
"101","MACHMELL","2023081501",0,15.1,94,2.9,111,6.8,83.04,1.878,3.972,,,,,,,,,0,193.3,,0,0,0,0,0,,0,0,,0,
"101","MACHMELL","2023081502",0,14.8,91,2.5,32,13.7,82.59,1.739,3.641,,,,,,,,,0,193.3,,0,0,0,0,0,,0,0,,0,
"101","MACHMELL","2023081503",0,15.2,86,5.9,128,12.5,82.407,2.017,4.293,,,,,,,,,0,193.3,,0,0,0,0,0,,0,0,,0,
"101","MACHMELL","2023081504",0,14.5,90,5.2,120,10.8,82.052,1.864,3.939,,,,,,,,,0,193.3,,0,0,0,0,0,,0,0,,0,
"101","MACHMELL","2023081505",0,13.5,96,2,197,9.7,81.411,1.47,2.978,,,,,,,,,0,193.3,,0,0,0,0,0,,0,0,,0,
"101","MACHMELL","2023081506",0,13.6,93,4,125,9.1,81.013,1.553,3.187,,,,,,,,,0,193.3,,0,0,0,0,0,,0,0,,0,
"101","MACHMELL","2023081507",0,15.6,82,5.8,62,14.3,81.059,1.71,3.571,,,,,,,,,0,193.3,,0,0,0,0,0,,0,0,,0,
"101","MACHMELL","2023081508",0,20.3,66,5.5,99,14.9,81.451,1.762,3.696,,,,,,,,,0,193.3,,0,0,0,0,0,,0,0,,0,
"101","MACHMELL","2023081509",0,23.1,59,3.8,74,12,82.027,1.732,3.625,,,,,,,,,0,193.3,,0,0,0,0,0,,0,0,,0,
"101","MACHMELL","2023081510",0,24.6,51,5.1,270,13.7,82.846,2.047,4.362,,,,,,,,,0,193.3,,0,0,0,0,0,,0,0,,0,
"101","MACHMELL","2023081511",0,25.1,52,5.3,308,10.8,83.559,2.267,4.854,,,,,,,,,0,193.3,,0,0,0,0,0,,0,0,,0,
"101","MACHMELL","2023081512",0,25.4,53,9.8,256,24.1,84.23,3.11,6.608,0,88.341,5.537,11.719,19.587,369.69,34.593,3,0,193.3,,0,0,0,0,0,,0,0,,0,
"101","MACHMELL","2023081513",0,25.5,53,9.1,239,24.1,84.799,3.243,7.434,,,,,,,,,0,193.3,,0,0,0,0,0,,0,0,,0,
"101","MACHMELL","2023081514",0,26.8,48,8.1,267,21.2,85.484,3.389,7.733,,,,,,,,,0,193.3,,0,0,0,0,0,,0,0,,0,
"101","MACHMELL","2023081515",0,26.6,49,13,259,31.6,86.07,4.708,10.263,,,,,,,,,0,193.3,,0,0,0,0,0,,0,0,,0,
"101","MACHMELL","2023081516",0,27,49,12.8,266,31,86.573,5.004,10.792,,,,,,,,,0,193.3,,0,0,0,0,0,,0,0,,0,
"101","MACHMELL","2023081517",0,27,50,11.6,260,25.8,86.95,4.969,10.73,,,,,,,,,0,193.3,,0,0,0,0,0,,0,0,,0,
"101","MACHMELL","2023081518",0,25.1,56,11.8,268,26.9,87.029,5.076,10.919,,,,,,,,,0,193.3,,0,0,0,0,0,,0,0,,0,
"101","MACHMELL","2023081519",0,22.6,65,7.5,238,21.8,87.033,4.09,9.113,,,,,,,,,0,193.3,,0,0,0,0,0,,0,0,,0,
"101","MACHMELL","2023081520",0,20.2,79,3.4,227,13.7,86.597,3.127,7.192,,,,,,,,,0,193.3,,0,0,0,0,0,,0,0,,0,
"101","MACHMELL","2023081521",0,17.7,91,2.3,121,6.8,85.682,2.601,6.057,,,,,,,,,0,193.3,,0,0,0,0,0,,0,0,,0,
"101","MACHMELL","2023081522",0,16.4,93,2.8,155,6.2,84.753,2.346,5.48,,,,,,,,,0,193.3,,0,0,0,0,0,,0,0,,0,
"101","MACHMELL","2023081523",0,15.4,91,3.9,121,6.8,84.058,2.257,5.274,,,,,,,,,0,193.3,,0,0,0,0,0,,0,0,,0,
"105","ROSSWOOD","2023081500",0,15.7,92,1.3,187,4.8,76.888,0.922,0.89,,,,,,,,,,,,,,,,,,,,1703,,
"105","ROSSWOOD","2023081501",0,17.6,73,8.4,149,17.6,77.438,1.374,2.014,,,,,,,,,,,,,,,,,,,,1703,,
"105","ROSSWOOD","2023081502",0,18,74,7.5,140,22.3,77.916,1.365,1.992,,,,,,,,,,,,,,,,,,,,1703,,
"105","ROSSWOOD","2023081503",0,17.5,79,7.6,130,22.5,78.222,1.408,2.092,,,,,,,,,,,,,,,,,,,,1703,,
"105","ROSSWOOD","2023081504",0,17.5,77,8.9,142,19.8,78.567,1.55,2.411,,,,,,,,,,,,,,,,,,,,1703,,
"105","ROSSWOOD","2023081505",0,16.2,92,3.8,295,21.6,78.606,1.203,1.589,,,,,,,,,,,,,,,,,,,,1703,,
"105","ROSSWOOD","2023081506",0.2,15.7,98,1.4,65,8.5,74.369,0.795,0.768,,,,,,,,,,,,,,,,,,,,1703.2,,
"105","ROSSWOOD","2023081507",0,16.4,93,3,174,8.4,74.46,0.866,0.836,,,,,,,,,,,,,,,,,,,,1703.2,,
"105","ROSSWOOD","2023081508",0,17.9,85,7.6,135,15,74.819,1.112,1.332,,,,,,,,,,,,,,,,,,,,1703.2,,
"105","ROSSWOOD","2023081509",0,19.7,79,7.6,138,18.5,75.399,1.149,1.442,,,,,,,,,,,,,,,,,,,,1703.2,,
"105","ROSSWOOD","2023081510",0,23,69,3.4,95,15.1,76.251,0.981,0.947,,,,,,,,,,,,,,,,,,,,1703.2,,
"105","ROSSWOOD","2023081511",0,24.8,55,7,139,16.4,77.724,1.31,1.861,,,,,,,,,,,,,,,,,,,,1703.2,,
"105","ROSSWOOD","2023081512",0,25.2,46,7.5,179,16.5,79.383,1.559,2.431,0.2,85.17,3.148,6.206,14.86,377.474,27.057,2,,,,,,,,,,,,1703.2,,
"105","ROSSWOOD","2023081513",0,26.9,27,7.4,192,22.1,81.715,2,3.901,,,,,,,,,,,,,,,,,,,,1703.2,,
"105","ROSSWOOD","2023081514",0,27.3,25,7.7,230,19.6,83.817,2.648,5.243,,,,,,,,,,,,,,,,,,,,1703.2,,
"105","ROSSWOOD","2023081515",0,28.3,25,7.5,223,19.8,85.65,3.365,6.607,,,,,,,,,,,,,,,,,,,,1703.2,,
"105","ROSSWOOD","2023081516",0,25.8,41,10.2,317,22.4,86.415,4.293,8.234,,,,,,,,,,,,,,,,,,,,1703.2,,
"105","ROSSWOOD","2023081517",0,23.9,44,10.5,344,25.3,86.877,4.652,8.831,,,,,,,,,,,,,,,,,,,,1703.2,,
"105","ROSSWOOD","2023081518",0,21.3,53,10.6,348,27.4,86.948,4.723,8.947,,,,,,,,,,,,,,,,,,,,1703.2,,
"105","ROSSWOOD","2023081519",0,18.8,60,8.5,349,24.3,86.996,4.279,8.211,,,,,,,,,,,,,,,,,,,,1703.2,,
"105","ROSSWOOD","2023081520",0,17.3,65,9.8,339,32.3,86.894,4.503,8.585,,,,,,,,,,,,,,,,,,,,1703.2,,
"105","ROSSWOOD","2023081521",0,16.5,64,5.3,343,23.6,86.829,3.556,6.953,,,,,,,,,,,,,,,,,,,,1703.2,,
"105","ROSSWOOD","2023081522",0,15.7,67,4.9,332,18.1,86.697,3.42,6.709,,,,,,,,,,,,,,,,,,,,1703.2,,
"105","ROSSWOOD","2023081523",0,15.5,70,2.7,334,10.5,86.527,2.988,5.905,,,,,,,,,,,,,,,,,,,,1703.2,,
"106","KITPARK","2023081500",0,19.5,59,7.7,228,17.7,86.996,4.11,7.365,,,,,,,,,0,1,,0,0,0,0,0,,1,-334.795,,0,
"106","KITPARK","2023081501",0,19.7,60,9.8,229,20.6,87.044,4.6,8.143,,,,,,,,,0,1.1,,0,0,0,0,0,,1,-334.777,,0,
"106","KITPARK","2023081502",0,19.5,65,10.1,224,20.6,86.975,4.624,8.181,,,,,,,,,0,1.1,,0,0,0,0,0,,1,-334.805,,0,
"106","KITPARK","2023081503",0,18.8,68,8.4,227,17.2,86.829,4.157,7.441,,,,,,,,,0,1,,0,0,0,0,0,,1,-334.776,,0,
"106","KITPARK","2023081504",0,19.2,66,8.7,221,22.9,86.762,4.18,7.479,,,,,,,,,0,1.1,,0,0,0,0,0,,1,-334.785,,0,
"106","KITPARK","2023081505",0,19.8,70,8.1,219,17.7,86.608,3.968,7.135,,,,,,,,,0,1.2,,0,0,0,0,0,,1,-334.791,,0,
"106","KITPARK","2023081506",0,19.4,74,9.7,225,21.2,86.341,4.142,7.417,,,,,,,,,0,1.2,,0,0,0,0,0,,1,-334.777,,0,
"106","KITPARK","2023081507",0,19.9,74,10.2,206,22.3,86.12,4.117,7.377,,,,,,,,,0,1.2,,0,0,0,0,0,,1,-334.798,,0,
"106","KITPARK","2023081508",0,20,77,15.3,213,30.4,85.804,5.093,8.899,,,,,,,,,0,1.2,,0,0,0,0,0,,1,-334.794,,0,
"106","KITPARK","2023081509",0,21.1,74,12.9,197,24.6,85.682,4.437,7.888,,,,,,,,,0,1.2,,0,0,0,0,0,,1,-334.806,,0,
"106","KITPARK","2023081510",0,22.3,71,12.5,215,28.1,85.713,4.367,7.777,,,,,,,,,0,1.1,,0,0,0,0,0,,1,-334.761,,0,
"106","KITPARK","2023081511",0,22.7,68,12.7,214,31,85.761,4.441,7.894,,,,,,,,,0,1,,0,0,0,0,0,,1,-334.769,,0,
"106","KITPARK","2023081512",0,24.6,59,11.9,204,29.2,85.924,4.364,7.773,0,85.705,4.232,8.229,15.082,407.865,27.612,3,0,1,,0,0,0,0,0,,1,-334.784,,0,
"106","KITPARK","2023081513",0,25.3,54,12.8,211,28.7,86.227,4.765,9.119,,,,,,,,,0,0.8,,0,0,0,0,0,,1,-334.791,,0,
"106","KITPARK","2023081514",0,25,49,13.9,219,32.1,86.628,5.33,10.026,,,,,,,,,0,0.7,,0,0,0,0,0,,1,-334.771,,0,
"106","KITPARK","2023081515",0,26,44,9.9,207,27.5,87.138,4.685,8.987,,,,,,,,,0,0.6,,0,0,0,0,0,,1,-334.751,,0,
"106","KITPARK","2023081516",0,25.6,47,11.3,217,25.2,87.461,5.265,9.923,,,,,,,,,0,0.6,,0,0,0,0,0,,1,-334.784,,0,
"106","KITPARK","2023081517",0,25.4,47,11,209,29.8,87.723,5.384,10.11,,,,,,,,,0,0.5,,0,0,0,0,0,,1,-334.789,,0,
"106","KITPARK","2023081518",0,24.5,46,9.8,218,29.8,87.939,5.227,9.863,,,,,,,,,0,0.5,,0,0,0,0,0,,1,-334.777,,0,
"106","KITPARK","2023081519",0,22.8,52,8.2,217,25.2,87.988,4.856,9.267,,,,,,,,,0,0.5,,0,0,0,0,0,,1,-334.792,,0,
"106","KITPARK","2023081520",0,21.5,57,8.5,214,25.2,88.03,4.959,9.435,,,,,,,,,0,0.9,,0,0,0,0,0,,1,-334.781,,0,
"106","KITPARK","2023081521",0,20.5,62,5.9,231,21.8,87.929,4.288,8.324,,,,,,,,,0,0.9,,0,0,0,0,0,,1,-334.79,,0,
"106","KITPARK","2023081522",0,17.5,80,1.9,347,14.9,87.367,3.235,6.448,,,,,,,,,0,0.8,,0,0,0,0,0,,1,-334.787,,0,
"106","KITPARK","2023081523",0,16.4,86,3.8,262,6.2,86.591,3.188,6.361,,,,,,,,,0,1.1,,0,0,0,0,0,,1,-334.784,,0,
"108","DEASE LAKE FS","2023081500",0.8,8.9,98,10.4,190,20.5,42.703,0.096,0.097,,,,,,,,,,-224.1,,,,,,,,,,85,,
"108","DEASE LAKE FS","2023081501",0.2,9,98,5.1,265,17.2,40.878,0.053,0.054,,,,,,,,,,-203.6,,,,,,,,,,85.2,,
"108","DEASE LAKE FS","2023081502",0,8.8,98,0.8,63,12.3,41.014,0.044,0.044,,,,,,,,,,-199.8,,,,,,,,,,85.2,,
"108","DEASE LAKE FS","2023081503",0,8.2,99,1.7,117,5.4,41.106,0.046,0.047,,,,,,,,,,-267.3,,,,,,,,,,85.2,,
"108","DEASE LAKE FS","2023081504",0,8,100,2.1,148,5.6,41.139,0.048,0.049,,,,,,,,,,-260.9,,,,,,,,,,85.2,,
"108","DEASE LAKE FS","2023081505",0,7.9,99,1.5,247,5.2,41.229,0.047,0.048,,,,,,,,,,-200.8,,,,,,,,,,85.2,,
"108","DEASE LAKE FS","2023081506",0,8,98,3.3,44,5.7,41.401,0.053,0.054,,,,,,,,,,-218.5,,,,,,,,,,85.2,,
"108","DEASE LAKE FS","2023081507",0,7.9,99,0.9,95,3.6,41.484,0.048,0.049,,,,,,,,,,-248.4,,,,,,,,,,85.2,,
"108","DEASE LAKE FS","2023081508",0,8.3,99,2.4,159,6.1,41.581,0.052,0.053,,,,,,,,,,-213.4,,,,,,,,,,85.2,,
"108","DEASE LAKE FS","2023081509",0,9.5,96,2.2,278,6.2,41.875,0.055,0.056,,,,,,,,,,-201.5,,,,,,,,,,85.2,,
"108","DEASE LAKE FS","2023081510",0,11.9,92,2.8,201,8,42.5,0.063,0.064,,,,,,,,,,-203.9,,,,,,,,,,85.2,,
"108","DEASE LAKE FS","2023081511",0,13.3,87,10.5,191,15.7,43.904,0.117,0.119,,,,,,,,,,-223.3,,,,,,,,,,85.2,,
"108","DEASE LAKE FS","2023081512",0,14,81,12.3,204,22.7,45.864,0.174,0.177,2.8,61.035,0.81,0.714,10.171,406.491,19.144,1,,-204.7,,,,,,,,,,85.2,,
"108","DEASE LAKE FS","2023081513",0,17.4,53,23.4,226,39.2,50.262,0.551,0.486,,,,,,,,,,-266.8,,,,,,,,,,85.2,,
"108","DEASE LAKE FS","2023081514",0,17.8,50,26.7,222,41.9,54.68,1.041,0.918,,,,,,,,,,-227.7,,,,,,,,,,85.2,,
"108","DEASE LAKE FS","2023081515",0,16.6,53,25.2,237,42.9,58.342,1.304,1.558,,,,,,,,,,-234.8,,,,,,,,,,85.2,,
"108","DEASE LAKE FS","2023081516",0,18.1,48,29.4,235,44,62.243,2.047,3.087,,,,,,,,,,-284.1,,,,,,,,,,85.2,,
"108","DEASE LAKE FS","2023081517",0,15.9,55,16.8,214,40,64.771,1.218,1.334,,,,,,,,,,-249,,,,,,,,,,85.2,,
"108","DEASE LAKE FS","2023081518",0,15.3,57,23.6,225,43.8,67.144,1.874,2.76,,,,,,,,,,-226.9,,,,,,,,,,85.2,,
"108","DEASE LAKE FS","2023081519",0,14.8,57,24.5,236,41.7,69.261,2.1,3.186,,,,,,,,,,-248.5,,,,,,,,,,85.2,,
"108","DEASE LAKE FS","2023081520",0,13.7,61,24.7,233,41.6,70.951,2.24,3.442,,,,,,,,,,-241.2,,,,,,,,,,85.2,,
"108","DEASE LAKE FS","2023081521",0,12.9,64,15,214,33.5,72.161,1.434,1.861,,,,,,,,,,-239.7,,,,,,,,,,85.2,,
"108","DEASE LAKE FS","2023081522",0,12.6,66,18.5,205,37.2,73.258,1.788,2.593,,,,,,,,,,-234.8,,,,,,,,,,85.2,,
"108","DEASE LAKE FS","2023081523",0,11.7,72,12.5,199,31,73.976,1.365,1.703,,,,,,,,,,-247.4,,,,,,,,,,85.2,,
"110","TELEGRAPH CREEK","2023081500",0,11.7,95,3.4,222,18.9,38.353,0.03,0.034,,,,,,,,,0,-0.4,,0,0,0,2,1018.46,,0,0,,0,
"110","TELEGRAPH CREEK","2023081501",0,11.4,94,11.4,270,17.7,39.103,0.052,0.06,,,,,,,,,0,-0.4,,0,0,0,2,1018.44,,0,0,,0,
"110","TELEGRAPH CREEK","2023081502",0,11.5,94,6.4,280,17.2,39.726,0.045,0.052,,,,,,,,,0,-0.4,,0,0,0,2,1018.42,,0,0,,0,
"110","TELEGRAPH CREEK","2023081503",0,11.7,93,7.7,323,12,40.477,0.056,0.064,,,,,,,,,0,-0.4,,0,0,0,2,1018.39,,0,0,,0,
"110","TELEGRAPH CREEK","2023081504",0,12,92,7.3,290,12,41.306,0.064,0.074,,,,,,,,,0,-0.4,,0,0,0,2,1018.37,,0,0,,0,
"110","TELEGRAPH CREEK","2023081505",0,12.3,91,8.3,259,11.4,42.256,0.08,0.092,,,,,,,,,0,-0.4,,0,0,0,2,1018.34,,0,0,,0,
"110","TELEGRAPH CREEK","2023081506",0,10.9,95,5.1,251,12.5,42.715,0.073,0.084,,,,,,,,,0,-0.6,,0,0,0,2,1018.38,,0,0,,0,
"110","TELEGRAPH CREEK","2023081507",0,12,91,2.4,214,7.9,43.376,0.072,0.082,,,,,,,,,0,-0.4,,0,0,0,2,1018.33,,0,0,,0,
"110","TELEGRAPH CREEK","2023081508",0,12.7,93,0,107,6.2,43.667,0.066,0.076,,,,,,,,,0,-0.4,,0,0,0,2,1018.28,,0,0,,0,
"110","TELEGRAPH CREEK","2023081509",0,13.3,92,0,108,2.8,44.002,0.07,0.081,,,,,,,,,0,-0.4,,0,0,0,2,1018.26,,0,0,,0,
"110","TELEGRAPH CREEK","2023081510",0,14.5,84,6.8,225,12,45.489,0.125,0.144,,,,,,,,,0,-0.3,,0,0,0,2,1018.21,,0,0,,0,
"110","TELEGRAPH CREEK","2023081511",0,15,82,16.3,239,24.6,47.562,0.272,0.313,,,,,,,,,0,-0.4,,0,0,0,2,1018.23,,0,0,,0,
"110","TELEGRAPH CREEK","2023081512",0,15.8,76,16.7,247,25.2,50.07,0.384,0.442,3.2,62.764,1.108,1.383,12.168,432.649,22.738,2,0,-0.4,,0,0,0,2,1018.22,,0,0,,0,
"110","TELEGRAPH CREEK","2023081513",0,15.6,74,25.3,242,36.2,52.884,0.813,0.8,,,,,,,,,0,-0.4,,0,0,0,2,1018.27,,0,0,,0,
"110","TELEGRAPH CREEK","2023081514",0,15.9,72,24.4,240,37.3,55.639,1.01,0.994,,,,,,,,,0,-0.4,,0,0,0,2,1018.25,,0,0,,0,
"110","TELEGRAPH CREEK","2023081515",0,16.1,72,25,241,34.4,58.239,1.281,1.849,,,,,,,,,0,-0.4,,0,0,0,2,1018.25,,0,0,,0,
"110","TELEGRAPH CREEK","2023081516",0,16.9,64,22.9,240,37.3,61.059,1.383,2.095,,,,,,,,,0,-0.4,,0,0,0,2,1018.22,,0,0,,0,
"110","TELEGRAPH CREEK","2023081517",0,16.5,65,28.3,241,38.5,63.703,2.078,3.581,,,,,,,,,0,-0.5,,0,0,0,2,1018.26,,0,0,,0,
"110","TELEGRAPH CREEK","2023081518",0,15.9,66,19.2,242,37.9,65.758,1.429,2.203,,,,,,,,,0,-0.5,,0,0,0,2,1018.26,,0,0,,0,
"110","TELEGRAPH CREEK","2023081519",0,15,70,22.3,242,29.8,67.484,1.775,2.963,,,,,,,,,0,-0.5,,0,0,0,2,1018.31,,0,0,,0,
"110","TELEGRAPH CREEK","2023081520",0,14.6,71,18.2,255,30.4,68.911,1.512,2.392,,,,,,,,,0,-0.5,,0,0,0,2,1018.28,,0,0,,0,
"110","TELEGRAPH CREEK","2023081521",0,14.7,69,24.4,241,35,70.419,2.168,3.76,,,,,,,,,0,-0.4,,0,0,0,2,1018.28,,0,0,,0,
"110","TELEGRAPH CREEK","2023081522",0,14.5,68,26.3,241,37.3,71.84,2.505,4.404,,,,,,,,,0,-0.5,,0,0,0,2,1018.29,,0,0,,0,
"110","TELEGRAPH CREEK","2023081523",0,13.8,73,17.4,251,44.2,72.791,1.659,2.715,,,,,,,,,0,-0.5,,0,0,0,2,1018.27,,0,0,,0,
"111","ATLIN","2023081500",0,8.5,97,5.5,12,10,47.442,0.155,0.35,,,,,,,,,,0.7,,,,0,2,898.43,,,,1055,,
"111","ATLIN","2023081501",0,8.4,99,0,319,7.2,47.503,0.119,0.267,,,,,,,,,,0.7,,,,0,2,898.41,,,,1055,,
"111","ATLIN","2023081502",0,7.1,100,2.6,2,6.6,47.538,0.136,0.306,,,,,,,,,,0.6,,,,0,2,898.42,,,,1055,,
"111","ATLIN","2023081503",0,5.9,100,5.3,33,9,47.573,0.156,0.353,,,,,,,,,,0.6,,,,0,2,898.44,,,,1055,,
"111","ATLIN","2023081504",0,5.1,100,3.3,6,9.8,47.608,0.142,0.32,,,,,,,,,,0.6,,,,0,2,898.43,,,,1055,,
"111","ATLIN","2023081505",0,4.8,100,2,41,8.5,47.643,0.134,0.302,,,,,,,,,,0.7,,,,0,2,898.41,,,,1055,,
"111","ATLIN","2023081506",0,5.8,100,4.8,39,9.1,47.678,0.155,0.349,,,,,,,,,,0.6,,,,0,2,898.39,,,,1055,,
"111","ATLIN","2023081507",0,7.2,98,4.6,14,9,47.838,0.157,0.353,,,,,,,,,,0.6,,,,0,2,898.3,,,,1055,,
"111","ATLIN","2023081508",0,10.2,90,5.2,173,12.3,48.574,0.178,0.401,,,,,,,,,,0.7,,,,0,2,898.24,,,,1055,,
"111","ATLIN","2023081509",0,12.7,79,2.6,90,10.1,49.83,0.183,0.413,,,,,,,,,,0.6,,,,0,2,898.2,,,,1055,,
"111","ATLIN","2023081510",0,12.9,77,7.5,163,14.6,51.499,0.285,0.643,,,,,,,,,,0.5,,,,0,2,898.21,,,,1055,,
"111","ATLIN","2023081511",0,13.3,73,3.8,176,12.1,53.072,0.28,0.632,,,,,,,,,,0.6,,,,0,2,898.22,,,,1055,,
"111","ATLIN","2023081512",0,14.2,68,8.3,170,15.3,55.163,0.43,0.97,2.4,68.395,0.903,3.235,39.277,563.676,66.901,3,,0.5,,,,0,2,898.23,,,,1055,,
"111","ATLIN","2023081513",0,14.9,65,7.3,202,14,57.267,0.488,1.103,,,,,,,,,,0.6,,,,0,2,898.23,,,,1055,,
"111","ATLIN","2023081514",0,17.3,55,12.1,174,23.3,60.145,0.76,2.596,,,,,,,,,,0.5,,,,0,2,898.22,,,,1055,,
"111","ATLIN","2023081515",0,16.8,55,11.4,173,21.6,62.711,0.846,2.985,,,,,,,,,,0.5,,,,0,2,898.26,,,,1055,,
"111","ATLIN","2023081516",0,16.1,53,14.1,145,26.6,65.19,1.081,3.982,,,,,,,,,,0.5,,,,0,2,898.28,,,,1055,,
"111","ATLIN","2023081517",0,15.2,53,13.9,137,27.9,67.363,1.158,4.29,,,,,,,,,,0.5,,,,0,2,898.32,,,,1055,,
"111","ATLIN","2023081518",0,14.3,56,12.7,143,27.7,69.141,1.154,4.276,,,,,,,,,,0.6,,,,0,2,898.33,,,,1055,,
"111","ATLIN","2023081519",0,13.6,60,16.6,140,32.6,70.7,1.477,5.509,,,,,,,,,,0.6,,,,0,2,898.33,,,,1055,,
"111","ATLIN","2023081520",0,13.2,62,12.7,141,31.7,71.954,1.268,4.72,,,,,,,,,,0.6,,,,0,2,898.31,,,,1055,,
"111","ATLIN","2023081521",0,12.7,66,14,135,33,72.997,1.409,5.258,,,,,,,,,,0.7,,,,0,2,898.33,,,,1055,,
"111","ATLIN","2023081522",0,12.7,65,12.8,139,26.7,73.962,1.385,5.165,,,,,,,,,,0.7,,,,0,2,898.31,,,,1055,,
"111","ATLIN","2023081523",0,12.4,68,14.4,131,30.3,74.785,1.564,5.825,,,,,,,,,,0.7,,,,0,2,898.31,,,,1055,,
"112","ISKUT","2023081500",0,11.3,90,6.5,102,31.7,54.967,0.386,0.429,,,,,,,,,,16.1,,,,,,,,2,509.83,741.8,,
"112","ISKUT","2023081501",0,11.6,88,6,123,19.6,55.742,0.403,0.448,,,,,,,,,,12.2,,,,,,,,2,509.83,741.8,,
"112","ISKUT","2023081502",0,11.7,86,9.4,107,26.3,56.722,0.52,0.578,,,,,,,,,,20.1,,,,,,,,2,508.85,741.8,,
"112","ISKUT","2023081503",0,11,92,4.7,324,24.5,57.184,0.425,0.473,,,,,,,,,,33.5,,,,,,,,2,509.5,741.8,,
"112","ISKUT","2023081504",0,10.1,98,2.7,345,14.4,57.303,0.388,0.432,,,,,,,,,,34.3,,,,,,,,2,509.52,741.8,,
"112","ISKUT","2023081505",0,8.9,100,1.9,341,9,57.342,0.374,0.416,,,,,,,,,,45.9,,,,,,,,2,509.52,741.8,,
"112","ISKUT","2023081506",0,8.3,100,1.7,316,13,57.381,0.371,0.413,,,,,,,,,,33.8,,,,,,,,2,509.86,741.8,,
"112","ISKUT","2023081507",0,9.5,100,3.7,18,11,57.42,0.412,0.458,,,,,,,,,,39.6,,,,,,,,2,509.85,741.8,,
"112","ISKUT","2023081508",0,11.2,91,5,301,12.4,57.933,0.457,0.508,,,,,,,,,,22.2,,,,,,,,2,509.83,741.8,,
"112","ISKUT","2023081509",0,12.6,86,5.9,309,13.1,58.76,0.508,0.565,,,,,,,,,,25.2,,,,,,,,2,509.82,741.8,,
"112","ISKUT","2023081510",0,13.8,81,6.1,289,12.5,59.86,0.552,0.614,,,,,,,,,,39,,,,,,,,2,509.79,741.8,,
"112","ISKUT","2023081511",0,14.7,77,7.3,272,11,61.194,0.635,0.706,,,,,,,,,,34.9,,,,,,,,2,509.78,741.8,,
"112","ISKUT","2023081512",0,15.7,68,0.7,58,12.1,62.367,0.485,0.539,1.8,69.219,0.632,0.693,14.854,346.379,26.832,2,,43.4,,,,,,,,2,509.77,741.8,,
"112","ISKUT","2023081513",0,15.2,77,2,111,6.2,63.311,0.542,0.594,,,,,,,,,,40.4,,,,,,,,2,509.42,741.8,,
"112","ISKUT","2023081514",0,15.8,74,4.3,273,11.6,64.502,0.642,0.703,,,,,,,,,,35.6,,,,,,,,2,509.42,741.8,,
"112","ISKUT","2023081515",0,15.3,74,4.7,273,10.4,65.629,0.685,0.751,,,,,,,,,,41.2,,,,,,,,2,509.42,741.8,,
"112","ISKUT","2023081516",0,15.7,73,0.2,258,8.5,66.379,0.561,0.615,,,,,,,,,,29.6,,,,,,,,2,509.42,741.8,,
"112","ISKUT","2023081517",0,14.8,79,1.6,40,6.4,67.057,0.617,0.676,,,,,,,,,,33.9,,,,,,,,2,509.42,741.8,,
"112","ISKUT","2023081518",0,13.8,86,0.3,79,4.5,67.39,0.584,0.64,,,,,,,,,,24.4,,,,,,,,2,509.43,741.8,,
"112","ISKUT","2023081519",0,13.4,75,2.8,83,9.5,68.172,0.68,0.745,,,,,,,,,,32.8,,,,,,,,2,509.45,741.8,,
"112","ISKUT","2023081520",0,12.5,73,2.9,98,18.1,68.948,0.7,0.768,,,,,,,,,,35.7,,,,,,,,2,509.12,741.8,,
"112","ISKUT","2023081521",0,12.2,75,4.5,105,14.7,69.686,0.777,0.852,,,,,,,,,,46.1,,,,,,,,2,509.48,741.8,,
"112","ISKUT","2023081522",0,11.6,83,1.9,98,16.4,70.078,0.69,0.756,,,,,,,,,,40.1,,,,,,,,2,509.48,741.8,,
"112","ISKUT","2023081523",0,11.4,80,5.5,102,13.8,70.629,0.842,0.923,,,,,,,,,,41.2,,,,,,,,2,509.49,741.8,,
"113","BOB QUINN LAKE","2023081500",0,10.8,97,2.7,4,7.9,5.506,0,0,,,,,,,,,0,61.9,,0,0,0,0,0,,1,-116.78,,0,
"113","BOB QUINN LAKE","2023081501",0,10.8,97,5.3,189,10.2,5.894,0,0,,,,,,,,,0,36.6,,0,0,0,0,0,,1,-116.78,,0,
"113","BOB QUINN LAKE","2023081502",0,10.8,97,3.2,70,8.5,6.232,0,0,,,,,,,,,0,50.6,,0,0,0,0,0,,1,-116.793,,0,
"113","BOB QUINN LAKE","2023081503",0,10.7,97,3.8,194,7.4,6.585,0,0,,,,,,,,,0,63.3,,0,0,0,0,0,,1,-116.801,,0,
"113","BOB QUINN LAKE","2023081504",0,10.3,97,4,117,7.9,6.938,0,0,,,,,,,,,0,63.2,,0,0,0,0,0,,1,-116.785,,0,
"113","BOB QUINN LAKE","2023081505",0,9.8,97,2.3,346,6.2,7.239,0,0,,,,,,,,,0,63.3,,0,0,0,0,0,,1,-116.808,,0,
"113","BOB QUINN LAKE","2023081506",0.2,9.8,97,4,47,7.4,7.419,0,0,,,,,,,,,0,62.2,,0,0,0,0,0,,1,-116.804,,0,
"113","BOB QUINN LAKE","2023081507",0,11.1,97,2.6,107,9.1,7.743,0,0,,,,,,,,,0,62.4,,0,0,0,0,0,,1,-116.801,,0,
"113","BOB QUINN LAKE","2023081508",0,12.9,85,6.3,170,15.4,9.461,0,0,,,,,,,,,0,53.7,,0,0,0,0,0,,1,-116.795,,0,
"113","BOB QUINN LAKE","2023081509",0,13,91,5.2,170,16,10.555,0,0,,,,,,,,,0,35.9,,0,0,0,0,0,,1,-116.794,,0,
"113","BOB QUINN LAKE","2023081510",0,14,88,3.8,150,14.3,11.875,0,0,,,,,,,,,0,64.4,,0,0,0,0,0,,1,-116.781,,0,
"113","BOB QUINN LAKE","2023081511",0,14.3,91,2.5,226,6.8,12.824,0,0,,,,,,,,,0,31.4,,0,0,0,0,0,,1,-116.78,,0,
"113","BOB QUINN LAKE","2023081512",0,14.7,83,4.1,270,9.1,14.626,0,0,17,25.659,0.001,0,1.556,198.136,3.052,1,0,30.4,,0,0,0,0,0,,1,-116.79,,0,
"113","BOB QUINN LAKE","2023081513",0,16.1,85,4.5,287,17.2,16.389,0,0,,,,,,,,,0,42.5,,0,0,0,0,0,,1,-116.789,,0,
"113","BOB QUINN LAKE","2023081514",0,16.1,77,5.1,251,13.1,18.848,0,0,,,,,,,,,0,50.8,,0,0,0,0,0,,1,-116.777,,0,
"113","BOB QUINN LAKE","2023081515",0,16,79,5,248,14.3,21.123,0,0,,,,,,,,,0,52.2,,0,0,0,0,0,,1,-116.79,,0,
"113","BOB QUINN LAKE","2023081516",0,15.8,76,8.3,235,13.7,23.898,0.001,0,,,,,,,,,0,53.1,,0,0,0,0,0,,1,-116.794,,0,
"113","BOB QUINN LAKE","2023081517",0,14.6,79,4.7,200,12,25.977,0.001,0,,,,,,,,,0,51.5,,0,0,0,0,0,,1,-116.78,,0,
"113","BOB QUINN LAKE","2023081518",0,13.7,81,4.5,216,10.8,27.806,0.002,0.001,,,,,,,,,0,53,,0,0,0,0,0,,1,-116.806,,0,
"113","BOB QUINN LAKE","2023081519",0,12.7,89,5.2,131,9.7,28.988,0.003,0.001,,,,,,,,,0,56.2,,0,0,0,0,0,,1,-116.801,,0,
"113","BOB QUINN LAKE","2023081520",0,12.2,89,2.3,238,5.6,29.928,0.004,0.001,,,,,,,,,0,56,,0,0,0,0,0,,1,-116.782,,0,
"113","BOB QUINN LAKE","2023081521",0,11.7,92,3.4,84,5.6,30.692,0.005,0.002,,,,,,,,,0,56.6,,0,0,0,0,0,,1,-116.805,,0,
"113","BOB QUINN LAKE","2023081522",0,11.6,91,3,230,6.8,31.503,0.006,0.002,,,,,,,,,0,54.6,,0,0,0,0,0,,1,-116.792,,0,
"113","BOB QUINN LAKE","2023081523",0,11.3,92,2.1,172,6.8,32.164,0.007,0.002,,,,,,,,,0,54.7,,0,0,0,0,0,,1,-116.797,,0,
"117","SIERRA","2023081500",0,12,69,2.4,105,4.5,88.46,3.879,8.435,,,,,,,,,,,,,,,,,,,,,,
"117","SIERRA","2023081501",0,11.2,74,2.1,33,5.1,88.011,3.583,7.866,,,,,,,,,,,,,,,,,,,,,,
"117","SIERRA","2023081502",0,11,79,1.7,331,2.8,87.496,3.262,7.229,,,,,,,,,,,,,,,,,,,,,,
"117","SIERRA","2023081503",0,10.9,83,0,304,3.9,87.028,2.801,6.277,,,,,,,,,,,,,,,,,,,,,,
"117","SIERRA","2023081504",0,10.4,100,3.5,0,6.8,85.448,2.674,6.007,,,,,,,,,,,,,,,,,,,,,,
"117","SIERRA","2023081505",0.6,9.9,100,4.7,355,9.1,72.044,0.85,1.305,,,,,,,,,,,,,,,,,,,,,,
"117","SIERRA","2023081506",0.2,9.7,100,3.1,2,8.5,68.261,0.692,0.868,,,,,,,,,,,,,,,,,,,,,,
"117","SIERRA","2023081507",0,10.9,100,2.8,351,8.5,68.303,0.683,0.856,,,,,,,,,,,,,,,,,,,,,,
"117","SIERRA","2023081508",0,14.1,95,3.1,329,9.7,68.45,0.696,0.873,,,,,,,,,,,,,,,,,,,,,,
"117","SIERRA","2023081509",0.2,17.5,59,3.7,266,9.7,66.553,0.674,0.845,,,,,,,,,,,,,,,,,,,,,,
"117","SIERRA","2023081510",0,19,51,4.6,279,8.5,68.563,0.754,0.945,,,,,,,,,,,,,,,,,,,,,,
"117","SIERRA","2023081511",0,20.2,54,10.2,312,25.2,70.687,1.07,2.048,,,,,,,,,,,,,,,,,,,,,,
"117","SIERRA","2023081512",0,20.4,51,12.8,298,28.7,72.816,1.317,2.757,1,85.245,4.154,9.532,19.876,561.229,36.519,3,,,,,,,,,,,,,,
"117","SIERRA","2023081513",0,19.8,48,14.4,283,32.1,74.807,1.566,3.721,,,,,,,,,,,,,,,,,,,,,,
"117","SIERRA","2023081514",0,20.9,43,16,291,32.7,76.872,1.932,4.674,,,,,,,,,,,,,,,,,,,,,,
"117","SIERRA","2023081515",0,19.5,54,10.1,285,29.2,78.065,1.576,3.748,,,,,,,,,,,,,,,,,,,,,,
"117","SIERRA","2023081516",0,21.4,41,13.8,268,28.1,79.75,2.222,5.387,,,,,,,,,,,,,,,,,,,,,,
"117","SIERRA","2023081517",0,20.4,52,9.2,313,31,80.702,1.949,4.718,,,,,,,,,,,,,,,,,,,,,,
"117","SIERRA","2023081518",1.2,15.4,91,6.8,283,39,58.451,0.52,0.702,,,,,,,,,,,,,,,,,,,,,,
"117","SIERRA","2023081519",0,14.3,97,4,342,19.5,58.644,0.458,0.618,,,,,,,,,,,,,,,,,,,,,,
"117","SIERRA","2023081520",0,12.8,100,3.2,230,8.5,58.683,0.441,0.595,,,,,,,,,,,,,,,,,,,,,,
"117","SIERRA","2023081521",0,10.6,100,2.3,354,5.1,58.722,0.422,0.57,,,,,,,,,,,,,,,,,,,,,,
"117","SIERRA","2023081522",0,9.6,0,2.3,322,5.6,61.807,0.511,0.689,,,,,,,,,,,,,,,,,,,,,,
"117","SIERRA","2023081523",0,8.7,0,2.1,7,4.5,64.624,0.577,0.779,,,,,,,,,,,,,,,,,,,,,,
"118","HELMUT","2023081500",0,12,59,6,237,9.1,89.544,5.433,14.093,,,,,,,,,0,193.3,,0,0,0,0,0,,0,0,,0,
"118","HELMUT","2023081501",0,12,60,5.5,217,7.9,89.227,5.063,13.338,,,,,,,,,0,193.3,,0,0,0,0,0,,0,0,,0,
"118","HELMUT","2023081502",0,12.2,66,7.8,231,14.3,88.794,5.342,13.909,,,,,,,,,0,193.3,,0,0,0,0,0,,0,0,,0,
"118","HELMUT","2023081503",0,12.1,67,7,236,11.4,88.395,4.846,12.885,,,,,,,,,0,193.3,,0,0,0,0,0,,0,0,,0,
"118","HELMUT","2023081504",0,11.9,65,5.9,236,10.8,88.092,4.39,11.909,,,,,,,,,0,193.3,,0,0,0,0,0,,0,0,,0,
"118","HELMUT","2023081505",0,11.3,80,6,265,9.1,87.448,4.023,11.098,,,,,,,,,0,193.3,,0,0,0,0,0,,0,0,,0,
"118","HELMUT","2023081506",0.6,10.4,92,5.5,249,10.8,73.7,0.947,2.61,,,,,,,,,0,193.3,,0,0,0,0,0,,0,0,,0,
"118","HELMUT","2023081507",0,11.1,95,2,112,4.5,73.754,0.796,2.026,,,,,,,,,0,193.3,,0,0,0,0,0,,0,0,,0,
"118","HELMUT","2023081508",0,13.7,75,1.8,253,6.8,74.206,0.805,2.062,,,,,,,,,0,193.3,,0,0,0,0,0,,0,0,,0,
"118","HELMUT","2023081509",0,14.9,65,3.6,302,9.7,74.952,0.916,2.495,,,,,,,,,0,193.3,,0,0,0,0,0,,0,0,,0,
"118","HELMUT","2023081510",0,16.2,63,8.6,291,13.7,75.879,1.244,3.658,,,,,,,,,0,193.3,,0,0,0,0,0,,0,0,,0,
"118","HELMUT","2023081511",0,17.7,56,15.3,291,23.5,77.126,1.9,5.707,,,,,,,,,0,193.3,,0,0,0,0,0,,0,0,,0,
"118","HELMUT","2023081512",0,18.6,51,19.6,311,32.1,78.511,2.644,7.76,0.6,88.494,9.274,21.663,30.174,525.21,52.769,4,0,193.3,,0,0,0,0,0,,0,0,,0,
"118","HELMUT","2023081513",0,18.1,50,20,296,35.6,79.723,3.028,9.079,,,,,,,,,0,193.3,,0,0,0,0,0,,0,0,,0,
"118","HELMUT","2023081514",0.2,18.5,50,22.6,318,35.6,77.051,2.73,8.298,,,,,,,,,0,193.3,,0,0,0,0,0,,0,0,,0,
"118","HELMUT","2023081515",0,18.5,51,19.3,341,43.1,78.434,2.586,7.913,,,,,,,,,0,193.3,,0,0,0,0,0,,0,0,,0,
"118","HELMUT","2023081516",0,16.8,57,15.3,38,34.4,79.321,2.296,7.109,,,,,,,,,0,193.3,,0,0,0,0,0,,0,0,,0,
"118","HELMUT","2023081517",0,16.4,60,10.4,351,25.8,79.959,1.912,5.992,,,,,,,,,0,193.3,,0,0,0,0,0,,0,0,,0,
"118","HELMUT","2023081518",0,17.7,52,12.9,329,25.8,80.816,2.379,7.342,,,,,,,,,0,193.3,,0,0,0,0,0,,0,0,,0,
"118","HELMUT","2023081519",0,17.2,53,7.4,305,19.5,81.454,1.939,6.073,,,,,,,,,0,193.3,,0,0,0,0,0,,0,0,,0,
"118","HELMUT","2023081520",0,12.7,79,3.6,247,7.9,81.501,1.61,5.058,,,,,,,,,0,193.3,,0,0,0,0,0,,0,0,,0,
"118","HELMUT","2023081521",0,9.8,83,5.7,224,7.4,81.485,1.787,5.609,,,,,,,,,0,193.3,,0,0,0,0,0,,0,0,,0,
"118","HELMUT","2023081522",0,9.1,86,4.4,233,8.5,81.372,1.651,5.188,,,,,,,,,0,193.3,,0,0,0,0,0,,0,0,,0,
"118","HELMUT","2023081523",0,9.1,82,5.2,222,9.1,81.388,1.723,5.411,,,,,,,,,0,193.3,,0,0,0,0,0,,0,0,,0,
"119","NELSON FORKS","2023081500",0,13.1,56,5.6,91,9.7,89.663,5.417,10.295,,,,,,,,,,,,,,,,,,,,,,
"119","NELSON FORKS","2023081501",0,13.1,67,7.8,148,12,89.156,5.628,10.626,,,,,,,,,,,,,,,,,,,,,,
"119","NELSON FORKS","2023081502",0.4,10.9,83,10.8,153,17.2,79.428,1.849,3.691,,,,,,,,,,,,,,,,,,,,,,
"119","NELSON FORKS","2023081503",0.4,10.3,90,9.6,204,20,71.261,1.058,1.695,,,,,,,,,,,,,,,,,,,,,,
"119","NELSON FORKS","2023081504",0.2,10.3,90,8.7,181,13.7,67.843,0.905,1.165,,,,,,,,,,,,,,,,,,,,,,
"119","NELSON FORKS","2023081505",0,10.3,89,8.1,174,16.6,68.216,0.889,1.077,,,,,,,,,,,,,,,,,,,,,,
"119","NELSON FORKS","2023081506",0,11,86,8.3,178,15.4,68.7,0.912,1.196,,,,,,,,,,,,,,,,,,,,,,
"119","NELSON FORKS","2023081507",0,11.5,84,7.5,153,17.2,69.231,0.891,1.089,,,,,,,,,,,,,,,,,,,,,,
"119","NELSON FORKS","2023081508",0,12.3,83,6.1,133,12.5,69.764,0.844,0.958,,,,,,,,,,,,,,,,,,,,,,
"119","NELSON FORKS","2023081509",0,14.9,75,5,133,12,70.568,0.82,0.93,,,,,,,,,,,,,,,,,,,,,,
"119","NELSON FORKS","2023081510",0,14.8,76,5.8,137,11.4,71.318,0.875,0.993,,,,,,,,,,,,,,,,,,,,,,
"119","NELSON FORKS","2023081511",0,18.7,65,9.4,182,15.4,72.653,1.102,1.826,,,,,,,,,,,,,,,,,,,,,,
"119","NELSON FORKS","2023081512",0,18.6,58,12.4,138,23.5,74.174,1.371,2.546,1,83.602,3.261,6.922,19.956,163.234,30.569,2,,,,,,,,,,,,,,
"119","NELSON FORKS","2023081513",0,20,47,16.3,165,37.3,76.104,1.861,3.942,,,,,,,,,,,,,,,,,,,,,,
"119","NELSON FORKS","2023081514",0,19.3,52,10.9,199,35.6,77.451,1.561,3.216,,,,,,,,,,,,,,,,,,,,,,
"119","NELSON FORKS","2023081515",0,18.9,55,11.8,215,26.9,78.553,1.791,3.778,,,,,,,,,,,,,,,,,,,,,,
"119","NELSON FORKS","2023081516",0.8,16.2,64,10,181,32.1,64.799,0.866,1.198,,,,,,,,,,,,,,,,,,,,,,
"119","NELSON FORKS","2023081517",0,16.9,56,11.3,186,22.9,66.953,1.002,1.688,,,,,,,,,,,,,,,,,,,,,,
"119","NELSON FORKS","2023081518",0,17,52,11,165,21.2,69.054,1.057,1.857,,,,,,,,,,,,,,,,,,,,,,
"119","NELSON FORKS","2023081519",0,16.4,54,14.1,153,28.7,70.95,1.313,2.579,,,,,,,,,,,,,,,,,,,,,,
"119","NELSON FORKS","2023081520",0,16,57,11.3,162,25.2,72.462,1.204,2.282,,,,,,,,,,,,,,,,,,,,,,
"119","NELSON FORKS","2023081521",0,15.4,55,11.6,133,23.5,73.864,1.297,2.536,,,,,,,,,,,,,,,,,,,,,,
"119","NELSON FORKS","2023081522",0,14,62,10.1,131,23.5,74.842,1.263,2.444,,,,,,,,,,,,,,,,,,,,,,
"119","NELSON FORKS","2023081523",0,13.6,66,8.4,117,19.5,75.593,1.21,2.299,,,,,,,,,,,,,,,,,,,,,,
"120","SILVER","2023081500",0,13.2,59,0.7,199,6.3,88.006,3.336,5.549,,,,,,,,,,,,,,,,,,,,1946.7,,
"120","SILVER","2023081501",0,10.3,75,0.1,187,8.5,87.654,3.078,5.121,,,,,,,,,,,,,,,,,,,,1946.7,,
"120","SILVER","2023081502",0,9.9,73,1.7,216,6.3,87.313,3.177,5.287,,,,,,,,,,,,,,,,,,,,1946.7,,
"120","SILVER","2023081503",0,10.3,84,0.8,230,4.1,86.761,2.807,4.66,,,,,,,,,,,,,,,,,,,,1946.7,,
"120","SILVER","2023081504",0,9.9,91,1.3,174,4.8,85.977,2.577,4.256,,,,,,,,,,,,,,,,,,,,1946.7,,
"120","SILVER","2023081505",0.3,11,88,2.1,172,15.3,78.914,1.136,1.258,,,,,,,,,,,,,,,,,,,,1946.9,,
"120","SILVER","2023081506",0,11.4,81,2.8,135,9.9,79.012,1.187,1.413,,,,,,,,,,,,,,,,,,,,1946.9,,
"120","SILVER","2023081507",0,14.4,78,2.2,172,11.2,79.175,1.17,1.363,,,,,,,,,,,,,,,,,,,,1946.9,,
"120","SILVER","2023081508",0,20.1,55,4,189,15.5,79.971,1.387,1.91,,,,,,,,,,,,,,,,,,,,1946.9,,
"120","SILVER","2023081509",0,22.5,43,5.1,210,24.8,81.174,1.672,2.53,,,,,,,,,,,,,,,,,,,,1946.9,,
"120","SILVER","2023081510",0,23.2,38,3.9,190,23.6,82.385,1.819,2.83,,,,,,,,,,,,,,,,,,,,1946.9,,
"120","SILVER","2023081511",0.5,19.7,60,11.3,322,21.9,73.137,1.237,1.547,,,,,,,,,,,,,,,,,,,,1947.4,,
"120","SILVER","2023081512",5.1,14.7,96,1.1,178,22.8,25.141,0.001,0.001,5.9,31.825,0.006,0.004,7.182,140.024,12.731,1,,,,,,,,,,,,1952.5,,
"120","SILVER","2023081513",0.8,15.9,81,18.3,319,32.8,23.94,0.001,0.001,,,,,,,,,,,,,,,,,,,,1953.3,,
"120","SILVER","2023081514",0,17.1,57,12,318,39.6,28.327,0.004,0.003,,,,,,,,,,,,,,,,,,,,1953.3,,
"120","SILVER","2023081515",0,18.2,52,5.3,272,24.6,32.336,0.008,0.006,,,,,,,,,,,,,,,,,,,,1953.3,,
"120","SILVER","2023081516",0,19.6,45,4.5,290,22.1,36.669,0.022,0.015,,,,,,,,,,,,,,,,,,,,1953.3,,
"120","SILVER","2023081517",0,20,43,1.5,317,21.4,40.44,0.041,0.028,,,,,,,,,,,,,,,,,,,,1953.3,,
"120","SILVER","2023081518",0,17.4,58,0.9,230,17.6,42.946,0.062,0.043,,,,,,,,,,,,,,,,,,,,1953.3,,
"120","SILVER","2023081519",0,16.4,57,2.8,283,9.9,45.672,0.105,0.072,,,,,,,,,,,,,,,,,,,,1953.3,,
"120","SILVER","2023081520",0,13.1,70,2.1,294,6.8,47.379,0.13,0.089,,,,,,,,,,,,,,,,,,,,1953.3,,
"120","SILVER","2023081521",0,12.1,82,0.1,236,5.6,48.128,0.13,0.09,,,,,,,,,,,,,,,,,,,,1953.3,,
"120","SILVER","2023081522",0,10.9,79,0.3,218,3.2,49.008,0.147,0.102,,,,,,,,,,,,,,,,,,,,1953.3,,
"120","SILVER","2023081523",0,9,97,0,245,3.3,49.121,0.147,0.102,,,,,,,,,,,,,,,,,,,,1953.3,,
"121","PADDY","2023081500",0,14.5,53,6,107,17.7,87.766,4.211,7.632,,,,,,,,,0,193.3,,0,0,0,0,0,,0,0,,0,
"121","PADDY","2023081501",0,14.4,51,8,156,14.3,87.815,4.689,8.394,,,,,,,,,0,193.3,,0,0,0,0,0,,0,0,,0,
"121","PADDY","2023081502",0,14.5,52,7.9,177,13.7,87.844,4.685,8.388,,,,,,,,,0,193.3,,0,0,0,0,0,,0,0,,0,
"121","PADDY","2023081503",0,13.5,69,5.7,192,9.7,87.525,4.007,7.298,,,,,,,,,0,193.3,,0,0,0,0,0,,0,0,,0,
"121","PADDY","2023081504",0,12.7,68,6.9,191,10.2,87.25,4.092,7.439,,,,,,,,,0,193.3,,0,0,0,0,0,,0,0,,0,
"121","PADDY","2023081505",0,12,77,8,202,11.4,86.768,4.039,7.352,,,,,,,,,0,193.3,,0,0,0,0,0,,0,0,,0,
"121","PADDY","2023081506",0,12.2,79,6.4,198,11.4,86.302,3.488,6.422,,,,,,,,,0,193.3,,0,0,0,0,0,,0,0,,0,
"121","PADDY","2023081507",0,15.4,62,6.7,161,12,86.326,3.553,6.535,,,,,,,,,0,193.3,,0,0,0,0,0,,0,0,,0,
"121","PADDY","2023081508",0,18.2,59,9.1,216,18.3,86.374,4.038,7.349,,,,,,,,,0,193.3,,0,0,0,0,0,,0,0,,0,
"121","PADDY","2023081509",0,19.8,48,11.3,291,19.5,86.597,4.655,8.341,,,,,,,,,0,193.3,,0,0,0,0,0,,0,0,,0,
"121","PADDY","2023081510",0,20.7,44,12.7,314,28.1,86.927,5.235,9.232,,,,,,,,,0,193.3,,0,0,0,0,0,,0,0,,0,
"121","PADDY","2023081511",0,21.2,39,12.5,320,28.1,87.372,5.522,9.658,,,,,,,,,0,193.3,,0,0,0,0,0,,0,0,,0,
"121","PADDY","2023081512",0,21.3,42,15.2,337,29.8,87.674,6.606,11.205,0,89.526,8.616,15.085,16.013,376.79,28.95,3,0,193.3,,0,0,0,0,0,,0,0,,0,
"121","PADDY","2023081513",0,19,49,16,333,36.2,87.723,6.926,12.727,,,,,,,,,0,193.3,,0,0,0,0,0,,0,0,,0,
"121","PADDY","2023081514",0,16.9,58,17.1,323,54,87.671,7.267,13.219,,,,,,,,,0,193.3,,0,0,0,0,0,,0,0,,0,
"121","PADDY","2023081515",0,17.7,48,10,304,30.4,87.72,5.116,9.947,,,,,,,,,0,193.3,,0,0,0,0,0,,0,0,,0,
"121","PADDY","2023081516",0,18,50,9.4,282,23.5,87.769,4.999,9.755,,,,,,,,,0,193.3,,0,0,0,0,0,,0,0,,0,
"121","PADDY","2023081517",0,19.1,49,11.8,288,28.1,87.818,5.681,10.849,,,,,,,,,0,193.3,,0,0,0,0,0,,0,0,,0,
"121","PADDY","2023081518",0,18.9,50,10.4,290,29.2,87.867,5.332,10.295,,,,,,,,,0,193.3,,0,0,0,0,0,,0,0,,0,
"121","PADDY","2023081519",0,17.8,49,8.5,299,22.3,87.916,4.879,9.557,,,,,,,,,0,193.3,,0,0,0,0,0,,0,0,,0,
"121","PADDY","2023081520",0,14.6,60,6.7,288,11.4,87.785,4.373,8.703,,,,,,,,,0,193.3,,0,0,0,0,0,,0,0,,0,
"121","PADDY","2023081521",0,14.7,59,6.4,290,13.1,87.691,4.25,8.49,,,,,,,,,0,193.3,,0,0,0,0,0,,0,0,,0,
"121","PADDY","2023081522",0,11.8,77,2.2,82,11.4,87.244,3.227,6.627,,,,,,,,,0,193.3,,0,0,0,0,0,,0,0,,0,
"121","PADDY","2023081523",0,9.4,86,3.6,169,8.5,86.551,3.138,6.455,,,,,,,,,0,193.3,,0,0,0,0,0,,0,0,,0,
"124","GRAHAM","2023081500",0,11.8,71,5,253,10.2,88.003,4.142,,,,,,,,,,0,193.3,,0,0,0,0,0,,0,0,,0,
"124","GRAHAM","2023081501",0,11.3,83,2.3,351,13.7,87.352,3.293,,,,,,,,,,0,193.3,,0,0,0,0,0,,0,0,,0,
"124","GRAHAM","2023081502",0,9.9,87,2.3,222,6.2,86.64,2.976,,,,,,,,,,0,193.3,,0,0,0,0,0,,0,0,,0,
"124","GRAHAM","2023081503",0,10.5,86,3.3,331,6.8,86.009,2.863,,,,,,,,,,0,193.3,,0,0,0,0,0,,0,0,,0,
"124","GRAHAM","2023081504",0,11.2,92,2.6,229,7.4,85.183,2.464,,,,,,,,,,0,193.3,,0,0,0,0,0,,0,0,,0,
"124","GRAHAM","2023081505",0,11.4,92,2.1,33,6.2,84.462,2.177,,,,,,,,,,0,193.3,,0,0,0,0,0,,0,0,,0,
"124","GRAHAM","2023081506",0,11.2,95,2.5,46,6.2,83.628,1.987,,,,,,,,,,0,193.3,,0,0,0,0,0,,0,0,,0,
"124","GRAHAM","2023081507",0,13.7,88,3.4,286,6.8,83.242,1.977,,,,,,,,,,0,193.3,,0,0,0,0,0,,0,0,,0,
"124","GRAHAM","2023081508",0,15.9,79,3,200,7.4,83.245,1.938,,,,,,,,,,0,193.3,,0,0,0,0,0,,0,0,,0,
"124","GRAHAM","2023081509",0,21.8,51,11.7,233,21.8,83.884,3.268,,,,,,,,,,0,193.3,,0,0,0,0,0,,0,0,,0,
"124","GRAHAM","2023081510",0,24.2,40,14.1,247,38.5,84.937,4.251,,,,,,,,,,0,193.3,,0,0,0,0,0,,0,0,,0,
"124","GRAHAM","2023081511",0,23.4,45,7.6,284,30.4,85.537,3.329,,,,,,,,,,0,193.3,,0,0,0,0,0,,0,0,,0,
"124","GRAHAM","2023081512",0,22.5,44,5.8,300,18.3,86.026,3.255,,0,91.035,6.658,18.358,40.087,316.078,60.874,4,0,193.3,,0,0,0,0,0,,0,0,,0,
"124","GRAHAM","2023081513",0,22,38,12.5,329,30.4,86.673,4.999,,,,,,,,,,0,193.3,,0,0,0,0,0,,0,0,,0,
"124","GRAHAM","2023081514",0,25,34,11.4,320,28.7,87.495,5.317,,,,,,,,,,0,193.3,,0,0,0,0,0,,0,0,,0,
"124","GRAHAM","2023081515",0,22.2,35,13.8,306,33.9,88.03,6.478,,,,,,,,,,0,193.3,,0,0,0,0,0,,0,0,,0,
"124","GRAHAM","2023081516",0,22.6,32,12.4,301,29.8,88.591,6.542,18.123,,,,,,,,,0,193.3,,0,0,0,0,0,,0,0,,0,
"124","GRAHAM","2023081517",0,21.2,33,11.2,283,28.1,88.965,6.498,18.032,,,,,,,,,0,193.3,,0,0,0,0,0,,0,0,,0,
"124","GRAHAM","2023081518",0,20.9,35,9.6,262,21.8,89.203,6.203,17.423,,,,,,,,,0,193.3,,0,0,0,0,0,,0,0,,0,
"124","GRAHAM","2023081519",0,18.4,40,6.4,268,24.1,89.252,5.317,15.516,,,,,,,,,0,193.3,,0,0,0,0,0,,0,0,,0,
"124","GRAHAM","2023081520",0,12,81,4.6,316,10.8,88.462,4.335,13.252,,,,,,,,,0,193.3,,0,0,0,0,0,,0,0,,0,
"124","GRAHAM","2023081521",0,9,90,2.2,282,8.5,87.526,3.359,10.797,,,,,,,,,0,193.3,,0,0,0,0,0,,0,0,,0,
"124","GRAHAM","2023081522",0,7,96,1.9,320,6.2,86.415,2.825,9.344,,,,,,,,,0,193.3,,0,0,0,0,0,,0,0,,0,
"124","GRAHAM","2023081523",0,6,95,4.2,310,5.6,85.413,2.757,9.15,,,,,,,,,0,193.3,,0,0,0,0,0,,0,0,,0,
"126","TOAD RIVER","2023081500",0.2,11.3,100,1.8,198,9.7,79.805,1.22,2.342,,,,,,,,,0,0,,0,0,0,0,0,,0,0,,0,
"126","TOAD RIVER","2023081501",0,11,100,2.2,73,7.4,79.099,1.161,2.177,,,,,,,,,0,0,,0,0,0,0,0,,0,0,,0,
"126","TOAD RIVER","2023081502",1,10.7,100,1.6,29,9.1,59.963,0.443,0.532,,,,,,,,,0,0,,0,0,0,0,0,,0,0,,0,
"126","TOAD RIVER","2023081503",0.2,10.6,100,2.3,168,5.1,56.963,0.37,0.445,,,,,,,,,0,0,,0,0,0,0,0,,0,0,,0,
"126","TOAD RIVER","2023081504",0.4,10.3,100,2.1,287,6.2,51.43,0.216,0.259,,,,,,,,,0,0,,0,0,0,0,0,,0,0,,0,
"126","TOAD RIVER","2023081505",0.8,9.7,100,3,117,6.8,42.023,0.058,0.07,,,,,,,,,0,0,,0,0,0,0,0,,0,0,,0,
"126","TOAD RIVER","2023081506",0,9.2,100,1.7,176,4.5,42.057,0.055,0.066,,,,,,,,,0,0,,0,0,0,0,0,,0,0,,0,
"126","TOAD RIVER","2023081507",0,10.8,100,2.3,239,4.5,42.091,0.057,0.069,,,,,,,,,0,0,,0,0,0,0,0,,0,0,,0,
"126","TOAD RIVER","2023081508",0,11.6,100,4.7,205,12,42.125,0.065,0.078,,,,,,,,,0,0,,0,0,0,0,0,,0,0,,0,
"126","TOAD RIVER","2023081509",0.2,12.7,100,3.8,6,7.4,40.165,0.043,0.052,,,,,,,,,0,0,,0,0,0,0,0,,0,0,,0,
"126","TOAD RIVER","2023081510",0.6,13.2,91,4.8,328,13.1,35.643,0.018,0.022,,,,,,,,,0,0,,0,0,0,0,0,,0,0,,0,
"126","TOAD RIVER","2023081511",0.4,14,81,3.6,15,7.9,34.08,0.012,0.014,,,,,,,,,0,0,,0,0,0,0,0,,0,0,,0,
"126","TOAD RIVER","2023081512",0.4,14.6,67,8.4,340,16,34.043,0.015,0.018,4.2,60.165,0.632,0.629,13.3,226.59,23.196,2,0,0,,0,0,0,0,0,,0,0,,0,
"126","TOAD RIVER","2023081513",0,18.8,47,13.3,280,23.5,39.014,0.056,0.056,,,,,,,,,0,0,,0,0,0,0,0,,0,0,,0,
"126","TOAD RIVER","2023081514",0.2,19,49,13.7,248,31,41.985,0.1,0.099,,,,,,,,,0,0,,0,0,0,0,0,,0,0,,0,
"126","TOAD RIVER","2023081515",0,19.6,48,10.9,264,29.8,46.447,0.177,0.176,,,,,,,,,0,0,,0,0,0,0,0,,0,0,,0,
"126","TOAD RIVER","2023081516",0,18,50,11.3,319,24.1,50.33,0.302,0.301,,,,,,,,,0,0,,0,0,0,0,0,,0,0,,0,
"126","TOAD RIVER","2023081517",0,19.1,46,9.3,356,20,54.144,0.412,0.41,,,,,,,,,0,0,,0,0,0,0,0,,0,0,,0,
"126","TOAD RIVER","2023081518",0,17.7,61,4.9,332,15.4,56.537,0.408,0.407,,,,,,,,,0,0,,0,0,0,0,0,,0,0,,0,
"126","TOAD RIVER","2023081519",0,14.7,84,1.9,234,10.8,57.362,0.375,0.373,,,,,,,,,0,0,,0,0,0,0,0,,0,0,,0,
"126","TOAD RIVER","2023081520",0,12.3,99,3,227,6.8,57.444,0.398,0.397,,,,,,,,,0,0,,0,0,0,0,0,,0,0,,0,
"126","TOAD RIVER","2023081521",0.2,11.8,100,2.5,244,7.4,54.599,0.305,0.304,,,,,,,,,0,0,,0,0,0,0,0,,0,0,,0,
"126","TOAD RIVER","2023081522",0,11.6,100,2,35,6.8,54.637,0.299,0.297,,,,,,,,,0,0,,0,0,0,0,0,,0,0,,0,
"126","TOAD RIVER","2023081523",0,11.8,100,3.6,272,11.4,54.675,0.325,0.324,,,,,,,,,0,0,,0,0,0,0,0,,0,0,,0,
"127","TUMBLER HUB","2023081500",0,18.2,44,8.6,264,31,89.41,6.076,14.781,,,,,,,,,,213.3,,,,0,2,940.63,,,,,,
"127","TUMBLER HUB","2023081501",0,18.4,44,6.3,278,28.1,89.459,5.45,13.586,,,,,,,,,,202.1,,,,0,2,940.61,,,,,,
"127","TUMBLER HUB","2023081502",0,18.9,45,10.4,269,26.4,89.508,6.748,16.009,,,,,,,,,,213.3,,,,0,2,940.62,,,,,,
"127","TUMBLER HUB","2023081503",0,18.8,45,10.5,254,26.9,89.557,6.83,16.156,,,,,,,,,,220.7,,,,0,2,940.63,,,,,,
"127","TUMBLER HUB","2023081504",0,18.4,52,3.1,58,21.8,89.471,4.646,11.973,,,,,,,,,,220.7,,,,0,2,940.64,,,,,,
"127","TUMBLER HUB","2023081505",0,15.4,62,2.9,339,12,89.168,4.404,11.467,,,,,,,,,,213.2,,,,0,2,940.76,,,,,,
"127","TUMBLER HUB","2023081506",0,18.6,51,17.4,241,36.2,89.118,9.079,19.94,,,,,,,,,,220.7,,,,0,2,940.61,,,,,,
"127","TUMBLER HUB","2023081507",0,18.9,53,17.1,235,34.4,89.031,8.831,19.544,,,,,,,,,,217,,,,0,2,940.6,,,,,,
"127","TUMBLER HUB","2023081508",0,19.5,53,17.2,241,37.3,88.969,8.797,19.489,,,,,,,,,,220.7,,,,0,2,940.59,,,,,,
"127","TUMBLER HUB","2023081509",0,20.5,52,17.6,248,38.5,88.965,8.971,19.768,,,,,,,,,,217,,,,0,2,940.58,,,,,,
"127","TUMBLER HUB","2023081510",0,21.3,52,15.9,248,37.3,88.982,8.255,18.603,,,,,,,,,,220.7,,,,0,2,940.53,,,,,,
"127","TUMBLER HUB","2023081511",0,20.1,56,16.6,246,35,88.86,8.403,18.847,,,,,,,,,,217,,,,0,2,940.63,,,,,,
"127","TUMBLER HUB","2023081512",0,19.6,56,16.6,248,37.3,88.747,8.267,18.624,0,88.33,7.787,18.405,28.327,466.466,49.187,4,,220.7,,,,0,2,940.65,,,,,,
"127","TUMBLER HUB","2023081513",0,20.6,43,24.6,236,47.1,88.796,12.46,25.741,,,,,,,,,,220.7,,,,0,2,940.61,,,,,,
"127","TUMBLER HUB","2023081514",0,21.2,47,20.3,244,43.1,88.845,10.103,22.218,,,,,,,,,,220.7,,,,0,2,940.58,,,,,,
"127","TUMBLER HUB","2023081515",0,20.9,47,19,244,41.3,88.894,9.529,21.31,,,,,,,,,,216.9,,,,0,2,940.62,,,,,,
"127","TUMBLER HUB","2023081516",0,21.7,46,16.7,249,37.9,88.943,8.547,19.701,,,,,,,,,,220.7,,,,0,2,940.58,,,,,,
"127","TUMBLER HUB","2023081517",0,22.3,46,12.9,245,36.2,88.992,7.107,17.201,,,,,,,,,,220.7,,,,0,2,940.58,,,,,,
"127","TUMBLER HUB","2023081518",0,20.9,51,8.9,248,24.6,89.023,5.836,14.819,,,,,,,,,,217,,,,0,2,940.63,,,,,,
"127","TUMBLER HUB","2023081519",0,20.1,54,7.5,257,20,88.967,5.394,13.946,,,,,,,,,,205.7,,,,0,2,940.66,,,,,,
"127","TUMBLER HUB","2023081520",0,17.2,68,2.5,190,10.8,88.601,3.979,10.94,,,,,,,,,,141.9,,,,0,2,940.73,,,,,,
"127","TUMBLER HUB","2023081521",0,13,82,3.2,316,9.1,87.878,3.715,10.34,,,,,,,,,,127.4,,,,0,2,940.84,,,,,,
"127","TUMBLER HUB","2023081522",0,12.3,69,3.4,295,10.2,87.575,3.594,10.057,,,,,,,,,,112.5,,,,0,2,940.85,,,,,,
"127","TUMBLER HUB","2023081523",0,9.6,81,5.3,140,7.9,86.98,3.633,10.149,,,,,,,,,,146.1,,,,0,2,940.87,,,,,,
"129","PINK MOUNTAIN","2023081500",0,6.9,87,2.7,0,12,86.765,3.091,7.14,,,,,,,,,0,0,,0,0,0,0,0,,0,0,,0,
"129","PINK MOUNTAIN","2023081501",0,8.8,76,7.4,239,12,86.368,3.703,8.388,,,,,,,,,0,0,,0,0,0,0,0,,0,0,,0,
"129","PINK MOUNTAIN","2023081502",0,10,75,3.8,2,12,86.074,2.963,6.869,,,,,,,,,0,0,,0,0,0,0,0,,0,0,,0,
"129","PINK MOUNTAIN","2023081503",0,14.2,60,10,221,20,86.122,4.077,9.117,,,,,,,,,0,0,,0,0,0,0,0,,0,0,,0,
"129","PINK MOUNTAIN","2023081504",0,14.9,61,12.5,218,22.3,86.17,4.656,10.197,,,,,,,,,0,0,,0,0,0,0,0,,0,0,,0,
"129","PINK MOUNTAIN","2023081505",0,14.3,65,12,218,29.8,86.121,4.509,9.927,,,,,,,,,0,0,,0,0,0,0,0,,0,0,,0,
"129","PINK MOUNTAIN","2023081506",0,13.7,69,5.5,242,17.7,85.999,3.195,7.357,,,,,,,,,0,0,,0,0,0,0,0,,0,0,,0,
"129","PINK MOUNTAIN","2023081507",0,15.2,69,5.7,227,12.5,85.91,3.187,7.34,,,,,,,,,0,0,,0,0,0,0,0,,0,0,,0,
"129","PINK MOUNTAIN","2023081508",0,16.2,66,12.4,202,18.9,85.906,4.464,9.844,,,,,,,,,0,0,,0,0,0,0,0,,0,0,,0,
"129","PINK MOUNTAIN","2023081509",0,18.2,59,10.1,218,21.2,85.954,4.002,8.973,,,,,,,,,0,0,,0,0,0,0,0,,0,0,,0,
"129","PINK MOUNTAIN","2023081510",0,20.7,36,18,264,32.1,86.664,6.587,13.489,,,,,,,,,0,0,,0,0,0,0,0,,0,0,,0,
"129","PINK MOUNTAIN","2023081511",0,21,31,22.1,262,40.2,87.484,9.102,17.265,,,,,,,,,0,0,,0,0,0,0,0,,0,0,,0,
"129","PINK MOUNTAIN","2023081512",0,18.9,36,24.9,287,38.5,87.903,11.129,20.011,0,91.431,18.442,30.113,22.047,423.672,39.017,3,0,0,,0,0,0,0,0,,0,0,,0,
"129","PINK MOUNTAIN","2023081513",0,19.5,40,20.3,269,36.2,88.135,9.125,18.346,,,,,,,,,0,0,,0,0,0,0,0,,0,0,,0,
"129","PINK MOUNTAIN","2023081514",0,18.9,37,27.2,280,40.8,88.418,13.455,24.243,,,,,,,,,0,0,,0,0,0,0,0,,0,0,,0,
"129","PINK MOUNTAIN","2023081515",0,19.2,49,12.3,335,37.3,88.467,6.395,14.024,,,,,,,,,0,0,,0,0,0,0,0,,0,0,,0,
"129","PINK MOUNTAIN","2023081516",0,18.5,48,2.3,80,17.2,88.516,3.891,9.374,,,,,,,,,0,0,,0,0,0,0,0,,0,0,,0,
"129","PINK MOUNTAIN","2023081517",0,20.8,37,16.2,261,26.9,88.778,8.139,16.853,,,,,,,,,0,0,,0,0,0,0,0,,0,0,,0,
"129","PINK MOUNTAIN","2023081518",0,19.4,36,18,255,29.8,88.988,9.184,18.433,,,,,,,,,0,0,,0,0,0,0,0,,0,0,,0,
"129","PINK MOUNTAIN","2023081519",0,17.5,45,6.8,243,36.2,89.037,5.26,12.022,,,,,,,,,0,0,,0,0,0,0,0,,0,0,,0,
"129","PINK MOUNTAIN","2023081520",0,11.8,67,8.6,273,16.6,88.594,5.405,12.286,,,,,,,,,0,0,,0,0,0,0,0,,0,0,,0,
"129","PINK MOUNTAIN","2023081521",0,8.8,76,8.2,278,10.2,87.992,4.858,11.274,,,,,,,,,0,0,,0,0,0,0,0,,0,0,,0,
"129","PINK MOUNTAIN","2023081522",0,4.6,92,0,25,9.1,87.275,2.901,7.245,,,,,,,,,0,0,,0,0,0,0,0,,0,0,,0,
"129","PINK MOUNTAIN","2023081523",0,2.5,96,0,0,5.1,86.483,2.592,6.531,,,,,,,,,0,0,,0,0,0,0,0,,0,0,,0,
"131","MUSKWA","2023081500",0,10.9,85,2.4,245,10.3,87.48,3.371,7.901,,,,,,,,,,,,,,,,,,,,5512.2,,
"131","MUSKWA","2023081501",0,10.5,88,2.7,264,7.2,86.694,3.06,7.243,,,,,,,,,,,,,,,,,,,,5512.2,,
"131","MUSKWA","2023081502",0,17.1,50,15.1,239,32.8,86.765,5.774,12.408,,,,,,,,,,,,,,,,,,,,5512.2,,
"131","MUSKWA","2023081503",0,17.7,47,18.6,250,36.1,86.916,7.037,14.488,,,,,,,,,,,,,,,,,,,,5512.2,,
"131","MUSKWA","2023081504",0,18.7,40,14.3,246,42.7,87.252,5.944,12.697,,,,,,,,,,,,,,,,,,,,5512.2,,
"131","MUSKWA","2023081505",0,17.9,47,11.3,219,29.7,87.335,5.171,11.354,,,,,,,,,,,,,,,,,,,,5512.2,,
"131","MUSKWA","2023081506",0,18.3,43,12.7,234,34.6,87.516,5.694,12.27,,,,,,,,,,,,,,,,,,,,5512.2,,
"131","MUSKWA","2023081507",0,19.7,40,14.9,217,37.7,87.8,6.626,13.827,,,,,,,,,,,,,,,,,,,,5512.2,,
"131","MUSKWA","2023081508",0,20.5,34,18.5,229,30.2,88.275,8.502,16.727,,,,,,,,,,,,,,,,,,,,5512.2,,
"131","MUSKWA","2023081509",0,21.7,35,16.9,217,39.8,88.678,8.311,16.445,,,,,,,,,,,,,,,,,,,,5512.2,,
"131","MUSKWA","2023081510",0,21.9,31,20.4,231,41.6,89.182,10.657,19.76,,,,,,,,,,,,,,,,,,,,5512.2,,
"131","MUSKWA","2023081511",0,20.2,35,23.9,221,43.2,89.394,13.107,22.918,,,,,,,,,,,,,,,,,,,,5512.2,,
"131","MUSKWA","2023081512",0,17.8,53,14.8,20,32.2,89.252,8.119,16.158,0,88.807,7.616,15.925,25.336,200.804,38.521,3,,,,,,,,,,,,5512.2,,
"131","MUSKWA","2023081513",0,17.2,54,11.3,25,34.2,89.107,6.666,14.383,,,,,,,,,,,,,,,,,,,,5512.2,,
"131","MUSKWA","2023081514",0,20.1,48,8.4,66,18.5,89.156,5.8,12.903,,,,,,,,,,,,,,,,,,,,5512.2,,
"131","MUSKWA","2023081515",0,19.2,51,11.7,44,25.7,89.127,6.821,14.641,,,,,,,,,,,,,,,,,,,,5512.2,,
"131","MUSKWA","2023081516",0,20.2,53,9.2,38,19.5,89.079,5.972,13.203,,,,,,,,,,,,,,,,,,,,5512.2,,
"131","MUSKWA","2023081517",0,17.9,59,10.2,50,13.1,88.851,6.079,13.388,,,,,,,,,,,,,,,,,,,,5512.2,,
"131","MUSKWA","2023081518",0,18.2,66,0.3,121,9.5,88.603,3.562,8.624,,,,,,,,,,,,,,,,,,,,5512.2,,
"131","MUSKWA","2023081519",0,16.1,80,3.3,304,5.6,87.924,3.759,9.034,,,,,,,,,,,,,,,,,,,,5512.2,,
"131","MUSKWA","2023081520",0,13.3,87,0,216,5,87.277,2.902,7.189,,,,,,,,,,,,,,,,,,,,5512.2,,
"131","MUSKWA","2023081521",0,11,88,5,250,10.5,86.447,3.318,8.105,,,,,,,,,,,,,,,,,,,,5512.2,,
"131","MUSKWA","2023081522",0,11.5,86,7.8,227,12.8,85.751,3.465,8.418,,,,,,,,,,,,,,,,,,,,5512.2,,
"131","MUSKWA","2023081523",0,14.6,56,18.8,235,22.4,85.799,6.071,13.375,,,,,,,,,,,,,,,,,,,,5512.2,,
"132","HUDSON HOPE","2023081500",0,18.8,42,8.2,201,17.7,91.771,8.342,21.08,,,,,,,,,,,,,,,,,,,,,,
"132","HUDSON HOPE","2023081501",0,19.3,44,6.9,178,21.2,91.595,7.621,19.748,,,,,,,,,,,,,,,,,,,,,,
"132","HUDSON HOPE","2023081502",0,18,49,5.5,171,12,91.324,6.834,18.234,,,,,,,,,,,,,,,,,,,,,,
"132","HUDSON HOPE","2023081503",0,16.4,61,4.1,83,7.4,90.82,5.927,16.4,,,,,,,,,,,,,,,,,,,,,,
"132","HUDSON HOPE","2023081504",0,15.3,73,3.7,85,6.2,90.08,5.225,14.904,,,,,,,,,,,,,,,,,,,,,,
"132","HUDSON HOPE","2023081505",0,14.7,80,1.8,114,6.2,89.283,4.235,12.653,,,,,,,,,,,,,,,,,,,,,,
"132","HUDSON HOPE","2023081506",0,14.2,79,2,302,5.1,88.605,3.882,11.802,,,,,,,,,,,,,,,,,,,,,,
"132","HUDSON HOPE","2023081507",0,15.2,78,2,131,4.5,88.029,3.574,11.036,,,,,,,,,,,,,,,,,,,,,,
"132","HUDSON HOPE","2023081508",0,15.7,80,2.3,211,6.8,87.448,3.339,10.435,,,,,,,,,,,,,,,,,,,,,,
"132","HUDSON HOPE","2023081509",0,18.8,66,3.8,190,9.1,87.311,3.531,10.928,,,,,,,,,,,,,,,,,,,,,,
"132","HUDSON HOPE","2023081510",0,22.3,53,10,227,22.3,87.359,4.86,14.094,,,,,,,,,,,,,,,,,,,,,,
"132","HUDSON HOPE","2023081511",0,23.3,47,20,248,35,87.591,8.314,21.03,,,,,,,,,,,,,,,,,,,,,,
"132","HUDSON HOPE","2023081512",0,25.8,34,25.4,256,48.8,88.411,12.275,27.636,0,92.639,22.433,43.032,37.097,553.01,63.539,4,,,,,,,,,,,,,,
"132","HUDSON HOPE","2023081513",0,23.9,34,17.9,254,48.2,88.926,9.058,23.432,,,,,,,,,,,,,,,,,,,,,,
"132","HUDSON HOPE","2023081514",0,24,31,19.3,279,37.9,89.477,10.519,26.01,,,,,,,,,,,,,,,,,,,,,,
"132","HUDSON HOPE","2023081515",0,23.3,35,10.3,305,31,89.716,6.917,19.315,,,,,,,,,,,,,,,,,,,,,,
"132","HUDSON HOPE","2023081516",0,23.9,34,8.3,300,29.8,89.962,6.479,18.41,,,,,,,,,,,,,,,,,,,,,,
"132","HUDSON HOPE","2023081517",0,24.3,28,14.2,303,35.6,90.429,9.324,23.915,,,,,,,,,,,,,,,,,,,,,,
"132","HUDSON HOPE","2023081518",0,22.8,35,8.8,291,24.6,90.498,7.173,19.833,,,,,,,,,,,,,,,,,,,,,,
"132","HUDSON HOPE","2023081519",0,21.1,47,2.4,321,12.5,90.451,5.161,15.531,,,,,,,,,,,,,,,,,,,,,,
"132","HUDSON HOPE","2023081520",0,17.8,59,3.5,253,15.4,90.108,5.194,15.608,,,,,,,,,,,,,,,,,,,,,,
"132","HUDSON HOPE","2023081521",0,15.6,74,1.9,351,5.6,89.475,4.376,13.678,,,,,,,,,,,,,,,,,,,,,,
"132","HUDSON HOPE","2023081522",0,14.2,75,1.7,169,5.6,88.899,3.988,12.717,,,,,,,,,,,,,,,,,,,,,,
"132","HUDSON HOPE","2023081523",0,13.5,79,2.7,66,3.9,88.248,3.82,12.289,,,,,,,,,,,,,,,,,,,,,,
"136","WONOWON","2023081500",0,14.9,47,12.4,214,26.4,91.278,9.611,22.111,,,,,,,,,,,,,,,,,,,,,,
"136","WONOWON","2023081501",0,15.1,46,14.5,219,21.2,91.028,10.31,23.24,,,,,,,,,,,,,,,,,,,,,,
"136","WONOWON","2023081502",0,15.2,49,13.3,223,21.8,90.745,9.321,21.634,,,,,,,,,,,,,,,,,,,,,,
"136","WONOWON","2023081503",0,15.3,50,13.7,229,25.2,90.472,9.147,21.345,,,,,,,,,,,,,,,,,,,,,,
"136","WONOWON","2023081504",0,14.7,56,12.5,224,20.6,90.092,8.156,19.649,,,,,,,,,,,,,,,,,,,,,,
"136","WONOWON","2023081505",0,13.6,68,14,215,19.5,89.439,8.01,19.392,,,,,,,,,,,,,,,,,,,,,,
"136","WONOWON","2023081506",0,13.8,67,10.4,209,18.9,88.933,6.213,16.062,,,,,,,,,,,,,,,,,,,,,,
"136","WONOWON","2023081507",0,14.7,67,8.6,205,14.9,88.51,5.34,14.308,,,,,,,,,,,,,,,,,,,,,,
"136","WONOWON","2023081508",0,15.8,65,9.2,219,16.6,88.193,5.259,14.14,,,,,,,,,,,,,,,,,,,,,,
"136","WONOWON","2023081509",0,17.6,62,17,215,29.8,87.982,7.559,18.588,,,,,,,,,,,,,,,,,,,,,,
"136","WONOWON","2023081510",0,18.9,59,15.1,242,26.4,87.91,6.799,17.186,,,,,,,,,,,,,,,,,,,,,,
"136","WONOWON","2023081511",0,20.4,50,21.4,259,32.7,87.959,9.404,21.771,,,,,,,,,,,,,,,,,,,,,,
"136","WONOWON","2023081512",0,22.4,34,30.2,279,48.8,88.544,15.935,31.354,0,90.7,21.706,40.128,32.903,549.798,57.242,4,,,,,,,,,,,,,,
"136","WONOWON","2023081513",0,21.6,35,24.7,271,45.9,88.924,12.756,28.192,,,,,,,,,,,,,,,,,,,,,,
"136","WONOWON","2023081514",0,22.9,30,30.2,297,44.2,89.513,18.312,35.918,,,,,,,,,,,,,,,,,,,,,,
"136","WONOWON","2023081515",0,17.7,54,18.5,19,42.5,89.317,9.874,23.607,,,,,,,,,,,,,,,,,,,,,,
"136","WONOWON","2023081516",0,18.3,57,15.4,70,28.1,89.09,8.175,20.639,,,,,,,,,,,,,,,,,,,,,,
"136","WONOWON","2023081517",0,19,47,10.6,17,20,89.139,6.464,17.38,,,,,,,,,,,,,,,,,,,,,,
"136","WONOWON","2023081518",0,19,52,4.9,37,16.6,89.1,4.823,13.912,,,,,,,,,,,,,,,,,,,,,,
"136","WONOWON","2023081519",0,17.5,56,5.4,178,8.5,88.959,4.847,13.964,,,,,,,,,,,,,,,,,,,,,,
"136","WONOWON","2023081520",0,15.4,63,7,205,9.7,88.647,5.024,14.359,,,,,,,,,,,,,,,,,,,,,,
"136","WONOWON","2023081521",0,15.3,60,10.9,235,17.7,88.417,5.917,16.266,,,,,,,,,,,,,,,,,,,,,,
"136","WONOWON","2023081522",0,15.1,53,13,277,20,88.362,6.525,17.501,,,,,,,,,,,,,,,,,,,,,,
"136","WONOWON","2023081523",0,13.6,60,11.7,314,14.3,88.146,5.925,16.282,,,,,,,,,,,,,,,,,,,,,,
"138","RED DEER","2023081500",0,17.8,44,18.1,0,33.9,89.487,9.916,17.554,,,,,,,,,,,,,,,,,,,,,,
"138","RED DEER","2023081501",0,17.5,47,16.4,0,36.2,89.469,9.079,16.434,,,,,,,,,,,,,,,,,,,,,,
"138","RED DEER","2023081502",0,17.4,49,11.9,0,29.2,89.412,7.178,13.729,,,,,,,,,,,,,,,,,,,,,,
"138","RED DEER","2023081503",0,17.3,50,5.7,0,23.5,89.354,5.208,10.617,,,,,,,,,,,,,,,,,,,,,,
"138","RED DEER","2023081504",0,16.6,53,8.2,0,17.7,89.222,5.796,11.587,,,,,,,,,,,,,,,,,,,,,,
"138","RED DEER","2023081505",0,17.5,50,13.9,0,28.7,89.172,7.67,14.454,,,,,,,,,,,,,,,,,,,,,,
"138","RED DEER","2023081506",0,17.5,52,9.8,0,35,89.092,6.167,12.178,,,,,,,,,,,,,,,,,,,,,,
"138","RED DEER","2023081507",0,18.2,49,12,0,30.4,89.097,6.895,13.305,,,,,,,,,,,,,,,,,,,,,,
"138","RED DEER","2023081508",0,18.3,53,12.4,0,25.2,89.011,6.949,13.386,,,,,,,,,,,,,,,,,,,,,,
"138","RED DEER","2023081509",0,19,55,18.4,0,45.4,88.886,9.235,16.647,,,,,,,,,,,,,,,,,,,,,,
"138","RED DEER","2023081510",0,19.5,53,18.5,0,36.7,88.844,9.226,16.634,,,,,,,,,,,,,,,,,,,,,,
"138","RED DEER","2023081511",0,19.2,51,26.9,0,58.6,88.85,14.099,22.657,,,,,,,,,,,,,,,,,,,,,,
"138","RED DEER","2023081512",0,19.3,50,30,0,51.1,88.885,16.566,25.371,0,89.016,16.882,26.872,20.728,271.66,34.815,3,,,,,,,,,,,,,,
"138","RED DEER","2023081513",0,21.1,39,28.6,0,56.9,89.048,15.803,25.673,,,,,,,,,,,,,,,,,,,,,,
"138","RED DEER","2023081514",0,21,40,25.5,0,48.2,89.142,13.701,23.234,,,,,,,,,,,,,,,,,,,,,,
"138","RED DEER","2023081515",0,20.7,39,26.2,0,50.6,89.243,14.402,24.064,,,,,,,,,,,,,,,,,,,,,,
"138","RED DEER","2023081516",0,19.8,41,19.3,0,48.2,89.292,10.244,18.852,,,,,,,,,,,,,,,,,,,,,,
"138","RED DEER","2023081517",0,19,45,17.7,0,41.3,89.341,9.517,17.858,,,,,,,,,,,,,,,,,,,,,,
"138","RED DEER","2023081518",0,19,47,25.7,0,53.4,89.373,14.307,23.953,,,,,,,,,,,,,,,,,,,,,,
"138","RED DEER","2023081519",0,18.9,46,21.8,0,50,89.422,11.838,20.937,,,,,,,,,,,,,,,,,,,,,,
"138","RED DEER","2023081520",0,18.2,46,15,0,32.1,89.451,8.439,16.325,,,,,,,,,,,,,,,,,,,,,,
"138","RED DEER","2023081521",0,17.3,44,7.7,0,31,89.5,5.883,12.345,,,,,,,,,,,,,,,,,,,,,,
"138","RED DEER","2023081522",0,17.3,39,11.5,0,25.8,89.549,7.174,14.425,,,,,,,,,,,,,,,,,,,,,,
"138","RED DEER","2023081523",0,15.4,41,6.3,0,18.9,89.598,5.559,11.799,,,,,,,,,,,,,,,,,,,,,,
"140","LEMORAY","2023081500",0,17.2,47,6.5,305,14.3,90.486,6.377,20.801,,,,,,,,,0,193.3,,0,0,0,0,0,,0,0,,0,
"140","LEMORAY","2023081501",0,18.7,45,7.4,302,20,90.426,6.616,21.357,,,,,,,,,0,193.3,,0,0,0,0,0,,0,0,,0,
"140","LEMORAY","2023081502",0,19.9,42,9.2,310,20.6,90.456,7.275,22.851,,,,,,,,,0,193.3,,0,0,0,0,0,,0,0,,0,
"140","LEMORAY","2023081503",0,19.8,45,10.6,264,26.9,90.411,7.757,23.907,,,,,,,,,0,193.3,,0,0,0,0,0,,0,0,,0,
"140","LEMORAY","2023081504",0,19.3,52,14.4,305,30.4,90.176,9.084,26.683,,,,,,,,,0,193.3,,0,0,0,0,0,,0,0,,0,
"140","LEMORAY","2023081505",0,19.1,53,11.2,298,27.5,89.96,7.495,23.337,,,,,,,,,0,193.3,,0,0,0,0,0,,0,0,,0,
"140","LEMORAY","2023081506",0,19.8,53,12.6,298,37.3,89.779,7.837,24.08,,,,,,,,,0,193.3,,0,0,0,0,0,,0,0,,0,
"140","LEMORAY","2023081507",0,20,54,10,249,31,89.611,6.711,21.577,,,,,,,,,0,193.3,,0,0,0,0,0,,0,0,,0,
"140","LEMORAY","2023081508",0,19.9,55,8.7,247,31.6,89.445,6.138,20.235,,,,,,,,,0,193.3,,0,0,0,0,0,,0,0,,0,
"140","LEMORAY","2023081509",0,20.3,55,11.7,245,26.9,89.297,6.99,22.211,,,,,,,,,0,193.3,,0,0,0,0,0,,0,0,,0,
"140","LEMORAY","2023081510",0,21,52,16.6,262,42.5,89.255,8.893,26.294,,,,,,,,,0,193.3,,0,0,0,0,0,,0,0,,0,
"140","LEMORAY","2023081511",0,21.7,51,16.3,245,39.6,89.263,8.77,26.043,,,,,,,,,0,193.3,,0,0,0,0,0,,0,0,,0,
"140","LEMORAY","2023081512",0,23,47,16.4,253,37.3,89.312,8.876,26.261,0,90.084,9.915,28.959,53.779,512.664,85.211,4,0,193.3,,0,0,0,0,0,,0,0,,0,
"140","LEMORAY","2023081513",0,24.8,41,16.9,249,40.8,89.441,9.273,27.666,,,,,,,,,0,193.3,,0,0,0,0,0,,0,0,,0,
"140","LEMORAY","2023081514",0,25.5,36,14.3,252,36.2,89.745,8.497,26.05,,,,,,,,,0,193.3,,0,0,0,0,0,,0,0,,0,
"140","LEMORAY","2023081515",0,26.4,23,17.6,270,40.2,90.61,11.356,31.736,,,,,,,,,0,193.3,,0,0,0,0,0,,0,0,,0,
"140","LEMORAY","2023081516",0,26.2,22,19.4,254,40.8,91.349,13.815,36.142,,,,,,,,,0,193.3,,0,0,0,0,0,,0,0,,0,
"140","LEMORAY","2023081517",0,24,25,13.1,273,41.3,91.669,10.526,30.156,,,,,,,,,0,193.3,,0,0,0,0,0,,0,0,,0,
"140","LEMORAY","2023081518",0,23.1,28,10.9,267,21.2,91.781,9.571,28.27,,,,,,,,,0,193.3,,0,0,0,0,0,,0,0,,0,
"140","LEMORAY","2023081519",0,21.7,30,8.3,296,21.8,91.831,8.456,25.962,,,,,,,,,0,193.3,,0,0,0,0,0,,0,0,,0,
"140","LEMORAY","2023081520",0,19.1,39,7.4,323,20.6,91.754,7.994,24.968,,,,,,,,,0,193.3,,0,0,0,0,0,,0,0,,0,
"140","LEMORAY","2023081521",0,17.2,43,7.2,340,13.1,91.577,7.717,24.362,,,,,,,,,0,193.3,,0,0,0,0,0,,0,0,,0,
"140","LEMORAY","2023081522",0,15.2,50,6.3,332,12.5,91.26,7.05,22.86,,,,,,,,,0,193.3,,0,0,0,0,0,,0,0,,0,
"140","LEMORAY","2023081523",0,13.7,60,3.5,340,9.7,90.799,5.733,19.71,,,,,,,,,0,193.3,,0,0,0,0,0,,0,0,,0,
"141","MANSON","2023081500",0,14.2,70,3.2,324,8.8,88.188,3.884,9.899,,,,,,,,,,,,,,,,,,,,6140.6,,
"141","MANSON","2023081501",0,14.1,70,0,292,6.5,87.935,3.188,8.359,,,,,,,,,,,,,,,,,,,,6140.6,,
"141","MANSON","2023081502",0,13.3,77,1.4,298,4.9,87.482,3.206,8.401,,,,,,,,,,,,,,,,,,,,6140.6,,
"141","MANSON","2023081503",0,12.9,78,2.6,299,11.1,87.021,3.19,8.363,,,,,,,,,,,,,,,,,,,,6140.6,,
"141","MANSON","2023081504",0,12.6,81,1.2,339,5.8,86.56,2.784,7.411,,,,,,,,,,,,,,,,,,,,6140.6,,
"141","MANSON","2023081505",0,12.4,80,3.4,25,9.2,86.129,2.927,7.751,,,,,,,,,,,,,,,,,,,,6140.6,,
"141","MANSON","2023081506",0,12.5,82,2.6,330,7.2,85.698,2.646,7.077,,,,,,,,,,,,,,,,,,,,6140.6,,
"141","MANSON","2023081507",0,13.5,84,0.7,318,5.9,85.297,2.274,6.144,,,,,,,,,,,,,,,,,,,,6140.6,,
"141","MANSON","2023081508",0,15.5,76,4.9,11,10.5,85.127,2.745,7.317,,,,,,,,,,,,,,,,,,,,6140.6,,
"141","MANSON","2023081509",0,15.7,83,4.2,352,15.6,84.762,2.52,6.767,,,,,,,,,,,,,,,,,,,,6140.6,,
"141","MANSON","2023081510",0,20.9,54,6.8,252,11.9,85.056,2.991,7.903,,,,,,,,,,,,,,,,,,,,6140.6,,
"141","MANSON","2023081511",0,20.5,43,11.2,278,28.3,85.615,4.035,10.218,,,,,,,,,,,,,,,,,,,,6140.6,,
"141","MANSON","2023081512",0,21.7,38,6.1,266,36.4,86.235,3.404,8.847,0,89.81,5.674,14.229,27.083,483.781,47.516,3,,,,,,,,,,,,6140.6,,
"141","MANSON","2023081513",0,23.3,36,13,246,37.4,86.985,5.359,13.612,,,,,,,,,,,,,,,,,,,,6140.6,,
"141","MANSON","2023081514",0,22.4,28,12.6,262,33.3,87.854,5.946,14.753,,,,,,,,,,,,,,,,,,,,6140.6,,
"141","MANSON","2023081515",0,22.9,29,13.5,260,34.8,88.578,6.902,16.523,,,,,,,,,,,,,,,,,,,,6140.6,,
"141","MANSON","2023081516",0,22,27,12.5,262,36.6,89.206,7.182,17.022,,,,,,,,,,,,,,,,,,,,6140.6,,
"141","MANSON","2023081517",0,24.1,24,3.9,224,27.7,89.841,5.101,13.094,,,,,,,,,,,,,,,,,,,,6140.6,,
"141","MANSON","2023081518",0,19.6,35,7.6,237,24.5,89.915,6.211,15.254,,,,,,,,,,,,,,,,,,,,6140.6,,
"141","MANSON","2023081519",0,17.6,36,7.4,275,27.2,89.964,6.193,15.22,,,,,,,,,,,,,,,,,,,,6140.6,,
"141","MANSON","2023081520",0,15.6,51,5.8,271,18.2,89.805,5.584,14.055,,,,,,,,,,,,,,,,,,,,6140.6,,
"141","MANSON","2023081521",0,12.8,60,3.5,70,13.5,89.489,4.753,12.382,,,,,,,,,,,,,,,,,,,,6140.6,,
"141","MANSON","2023081522",0,12.5,60,3.9,37,15,89.198,4.651,12.17,,,,,,,,,,,,,,,,,,,,6140.6,,
"141","MANSON","2023081523",0,10.9,69,3.2,347,8.2,88.764,4.219,11.248,,,,,,,,,,,,,,,,,,,,6140.6,,
"144","TABLE RIVER","2023081500",0,13.2,74,5.8,31,9.7,85.974,3.232,6.934,,,,,,,,,,,,,,,,,,,,,,
"144","TABLE RIVER","2023081501",0,13.3,76,6.6,23,9.7,85.69,3.234,6.937,,,,,,,,,,,,,,,,,,,,,,
"144","TABLE RIVER","2023081502",0,12.3,81,7.8,44,12,85.275,3.243,6.955,,,,,,,,,,,,,,,,,,,,,,
"144","TABLE RIVER","2023081503",0,11.3,87,3.9,31,12,84.737,2.474,5.373,,,,,,,,,,,,,,,,,,,,,,
"144","TABLE RIVER","2023081504",0,11.3,86,5.7,28,12.5,84.274,2.544,5.523,,,,,,,,,,,,,,,,,,,,,,
"144","TABLE RIVER","2023081505",0,11.1,90,7,28,12,83.667,2.505,5.44,,,,,,,,,,,,,,,,,,,,,,
"144","TABLE RIVER","2023081506",0,12.4,86,5.4,27,8.5,83.334,2.213,4.799,,,,,,,,,,,,,,,,,,,,,,
"144","TABLE RIVER","2023081507",0,13.7,87,4.6,26,10.2,83.013,2.039,4.406,,,,,,,,,,,,,,,,,,,,,,
"144","TABLE RIVER","2023081508",0,15.1,81,3.8,93,11.4,82.97,1.948,4.194,,,,,,,,,,,,,,,,,,,,,,
"144","TABLE RIVER","2023081509",0,15.4,84,3.4,17,6.2,82.837,1.877,4.028,,,,,,,,,,,,,,,,,,,,,,
"144","TABLE RIVER","2023081510",0,16.8,82,2.1,249,5.6,82.813,1.753,3.731,,,,,,,,,,,,,,,,,,,,,,
"144","TABLE RIVER","2023081511",0.2,17.2,83,1.9,343,9.7,78.374,1.071,1.934,,,,,,,,,,,,,,,,,,,,,,
"144","TABLE RIVER","2023081512",0,17.1,83,3.2,45,10.8,78.523,1.158,2.189,0.2,83.739,2.089,4.627,18.37,319.217,32.119,2,,,,,,,,,,,,,,
"144","TABLE RIVER","2023081513",0,18.5,76,3.2,269,17.2,78.825,1.19,2.356,,,,,,,,,,,,,,,,,,,,,,
"144","TABLE RIVER","2023081514",0,21.8,59,3.1,221,10.2,79.593,1.275,2.593,,,,,,,,,,,,,,,,,,,,,,
"144","TABLE RIVER","2023081515",0,22.4,56,9.4,227,25.8,80.552,1.937,4.272,,,,,,,,,,,,,,,,,,,,,,
"144","TABLE RIVER","2023081516",0,25.2,48,10.2,213,25.2,81.825,2.333,5.183,,,,,,,,,,,,,,,,,,,,,,
"144","TABLE RIVER","2023081517",0,23.6,40,9.9,229,22.3,83.081,2.687,5.954,,,,,,,,,,,,,,,,,,,,,,
"144","TABLE RIVER","2023081518",0,24,34,9.9,229,20,84.393,3.195,7.004,,,,,,,,,,,,,,,,,,,,,,
"144","TABLE RIVER","2023081519",0,22.7,28,7,247,22.3,85.578,3.248,7.111,,,,,,,,,,,,,,,,,,,,,,
"144","TABLE RIVER","2023081520",0,18.9,45,3.3,9,16,85.894,2.818,6.23,,,,,,,,,,,,,,,,,,,,,,
"144","TABLE RIVER","2023081521",0,16.2,66,0,352,7.9,85.912,2.392,5.313,,,,,,,,,,,,,,,,,,,,,,
"144","TABLE RIVER","2023081522",0,13.8,63,2.4,221,6.8,85.936,2.709,6,,,,,,,,,,,,,,,,,,,,,,
"144","TABLE RIVER","2023081523",0,12.8,79,3.4,165,6.8,85.602,2.719,6.021,,,,,,,,,,,,,,,,,,,,,,
"145","INGENIKA POINT","2023081500",0,13,88,4.4,325,6.2,86.907,3.436,6.781,,,,,,,,,0,193.3,,0,0,0,0,0,,0,0,,0,
"145","INGENIKA POINT","2023081501",0.6,12.1,95,1.7,325,5.6,73.226,0.766,0.85,,,,,,,,,0,193.3,,0,0,0,0,0,,0,0,,0,
"145","INGENIKA POINT","2023081502",1.2,11.8,96,2.9,182,6.2,53.108,0.269,0.299,,,,,,,,,0,193.3,,0,0,0,0,0,,0,0,,0,
"145","INGENIKA POINT","2023081503",1.6,11.7,97,3.8,130,9.1,35.59,0.017,0.019,,,,,,,,,0,193.3,,0,0,0,0,0,,0,0,,0,
"145","INGENIKA POINT","2023081504",0.8,11.7,97,6.2,115,12,29.736,0.004,0.005,,,,,,,,,0,193.3,,0,0,0,0,0,,0,0,,0,
"145","INGENIKA POINT","2023081505",0.2,11.8,98,3.4,146,9.1,28.632,0.003,0.003,,,,,,,,,0,193.3,,0,0,0,0,0,,0,0,,0,
"145","INGENIKA POINT","2023081506",0,11.9,98,3.8,149,10.8,28.869,0.003,0.003,,,,,,,,,0,193.3,,0,0,0,0,0,,0,0,,0,
"145","INGENIKA POINT","2023081507",0,12.5,98,7.7,117,16,29.163,0.004,0.004,,,,,,,,,0,193.3,,0,0,0,0,0,,0,0,,0,
"145","INGENIKA POINT","2023081508",0,13.8,92,6,134,18.9,30.133,0.005,0.005,,,,,,,,,0,193.3,,0,0,0,0,0,,0,0,,0,
"145","INGENIKA POINT","2023081509",0,16,86,6.2,127,11.4,31.798,0.008,0.008,,,,,,,,,0,193.3,,0,0,0,0,0,,0,0,,0,
"145","INGENIKA POINT","2023081510",0,18.2,74,7.2,136,15.4,34.668,0.016,0.018,,,,,,,,,0,193.3,,0,0,0,0,0,,0,0,,0,
"145","INGENIKA POINT","2023081511",0,18.3,73,7.9,128,14.9,37.604,0.032,0.036,,,,,,,,,0,193.3,,0,0,0,0,0,,0,0,,0,
"145","INGENIKA POINT","2023081512",0,19.9,60,6.3,359,12.5,41.259,0.06,0.067,4.4,64.884,0.721,0.677,11.837,249.344,21.162,2,0,193.3,,0,0,0,0,0,,0,0,,0,
"145","INGENIKA POINT","2023081513",0,23.7,46,7.6,24,15.4,46.263,0.146,0.137,,,,,,,,,0,193.3,,0,0,0,0,0,,0,0,,0,
"145","INGENIKA POINT","2023081514",0,22.3,42,9.1,291,17.2,51.05,0.294,0.276,,,,,,,,,0,193.3,,0,0,0,0,0,,0,0,,0,
"145","INGENIKA POINT","2023081515",0,22.2,35,8.6,296,22.9,55.739,0.46,0.432,,,,,,,,,0,193.3,,0,0,0,0,0,,0,0,,0,
"145","INGENIKA POINT","2023081516",0,21.2,43,8.7,280,19.5,59.528,0.616,0.578,,,,,,,,,0,193.3,,0,0,0,0,0,,0,0,,0,
"145","INGENIKA POINT","2023081517",0,20.5,46,3.5,4,16,62.321,0.557,0.523,,,,,,,,,0,193.3,,0,0,0,0,0,,0,0,,0,
"145","INGENIKA POINT","2023081518",0,19.3,62,3.4,86,13.7,64.174,0.605,0.568,,,,,,,,,0,193.3,,0,0,0,0,0,,0,0,,0,
"145","INGENIKA POINT","2023081519",0,18.4,56,3.9,318,15.4,66.093,0.669,0.629,,,,,,,,,0,193.3,,0,0,0,0,0,,0,0,,0,
"145","INGENIKA POINT","2023081520",0,15.7,65,3.4,254,10.8,67.377,0.682,0.641,,,,,,,,,0,193.3,,0,0,0,0,0,,0,0,,0,
"145","INGENIKA POINT","2023081521",0,13.6,73,2.4,303,8.5,68.202,0.667,0.626,,,,,,,,,0,193.3,,0,0,0,0,0,,0,0,,0,
"145","INGENIKA POINT","2023081522",0,11.8,84,3.8,284,6.2,68.678,0.726,0.683,,,,,,,,,0,193.3,,0,0,0,0,0,,0,0,,0,
"145","INGENIKA POINT","2023081523",0,9.8,91,4.1,314,9.1,68.909,0.743,0.698,,,,,,,,,0,193.3,,0,0,0,0,0,,0,0,,0,
"146","FORT ST JAMES","2023081500",0,13.8,78,3.5,61,7.4,87.67,3.661,12.23,,,,,,,,,,,,,,,,,,,,,,
"146","FORT ST JAMES","2023081501",0,13.6,77,3,147,13.1,87.208,3.342,11.364,,,,,,,,,,,,,,,,,,,,,,
"146","FORT ST JAMES","2023081502",0,12.8,82,3.3,205,7.4,86.643,3.131,10.774,,,,,,,,,,,,,,,,,,,,,,
"146","FORT ST JAMES","2023081503",0,14.3,74,9.7,107,12.5,86.317,4.128,13.448,,,,,,,,,,,,,,,,,,,,,,
"146","FORT ST JAMES","2023081504",0,16,70,3.5,206,13.1,86.189,2.966,10.304,,,,,,,,,,,,,,,,,,,,,,
"146","FORT ST JAMES","2023081505",0,17.8,64,9.9,240,19.5,86.23,4.119,13.424,,,,,,,,,,,,,,,,,,,,,,
"146","FORT ST JAMES","2023081506",0,20,58,15.2,238,31,86.278,5.417,16.561,,,,,,,,,,,,,,,,,,,,,,
"146","FORT ST JAMES","2023081507",0,19.7,59,16.2,231,26.4,86.326,5.735,17.284,,,,,,,,,,,,,,,,,,,,,,
"146","FORT ST JAMES","2023081508",0,20.4,56,14,249,31.6,86.382,5.174,15.998,,,,,,,,,,,,,,,,,,,,,,
"146","FORT ST JAMES","2023081509",0,20.6,55,19.4,240,30.4,86.46,6.868,19.733,,,,,,,,,,,,,,,,,,,,,,
"146","FORT ST JAMES","2023081510",0,21,55,16.5,257,36.2,86.536,5.998,17.868,,,,,,,,,,,,,,,,,,,,,,
"146","FORT ST JAMES","2023081511",0,22,51,16.2,250,31.6,86.733,6.075,18.038,,,,,,,,,,,,,,,,,,,,,,
"146","FORT ST JAMES","2023081512",0,23.9,44,16.2,265,31,87.179,6.473,18.898,0,90.739,10.779,28.034,40.915,693.959,71.318,4,,,,,,,,,,,,,,
"146","FORT ST JAMES","2023081513",0,26.9,33,21,251,37.3,88.162,9.489,25.679,,,,,,,,,,,,,,,,,,,,,,
"146","FORT ST JAMES","2023081514",0,28.2,29,22.3,255,38.5,89.227,11.804,29.82,,,,,,,,,,,,,,,,,,,,,,
"146","FORT ST JAMES","2023081515",0,28.7,22,15.4,282,33.9,90.375,9.829,26.313,,,,,,,,,,,,,,,,,,,,,,
"146","FORT ST JAMES","2023081516",0,28.2,23,15.9,323,35,91.203,11.343,29.026,,,,,,,,,,,,,,,,,,,,,,
"146","FORT ST JAMES","2023081517",0,26.2,33,15.3,335,36.7,91.316,11.184,28.749,,,,,,,,,,,,,,,,,,,,,,
"146","FORT ST JAMES","2023081518",0,24,31,13.9,340,27.5,91.409,10.562,27.646,,,,,,,,,,,,,,,,,,,,,,
"146","FORT ST JAMES","2023081519",0,23,32,10.4,313,21.2,91.459,8.916,24.589,,,,,,,,,,,,,,,,,,,,,,
"146","FORT ST JAMES","2023081520",0,21.7,31,9.4,288,20.6,91.509,8.539,23.855,,,,,,,,,,,,,,,,,,,,,,
"146","FORT ST JAMES","2023081521",0,19.8,33,4.3,228,14.9,91.559,6.651,19.96,,,,,,,,,,,,,,,,,,,,,,
"146","FORT ST JAMES","2023081522",0,17.3,32,7,279,13.7,91.609,7.674,22.121,,,,,,,,,,,,,,,,,,,,,,
"146","FORT ST JAMES","2023081523",0,18.4,33,9.5,285,18.3,91.659,8.766,24.3,,,,,,,,,,,,,,,,,,,,,,
"148","BLACKPINE","2023081500",0,11.9,74,2.1,272,14.3,88.682,3.945,14.84,,,,,,,,,0,193.3,,0,0,0,0,0,,0,0,,0,
"148","BLACKPINE","2023081501",0,11.3,87,1.7,211,8.5,87.835,3.424,13.295,,,,,,,,,0,193.3,,0,0,0,0,0,,0,0,,0,
"148","BLACKPINE","2023081502",0,11,87,3.6,261,8.5,87.019,3.354,13.08,,,,,,,,,0,193.3,,0,0,0,0,0,,0,0,,0,
"148","BLACKPINE","2023081503",0.2,10.1,94,7.5,320,12.5,81.536,1.968,8.416,,,,,,,,,0,193.3,,0,0,0,0,0,,0,0,,0,
"148","BLACKPINE","2023081504",0,10.1,96,3.1,9,13.7,80.949,1.474,6.48,,,,,,,,,0,193.3,,0,0,0,0,0,,0,0,,0,
"148","BLACKPINE","2023081505",0.2,10.4,98,3.8,284,8.5,76.294,1.004,4.422,,,,,,,,,0,193.3,,0,0,0,0,0,,0,0,,0,
"148","BLACKPINE","2023081506",1.2,10.5,98,4.1,321,9.1,55.035,0.344,0.848,,,,,,,,,0,193.3,,0,0,0,0,0,,0,0,,0,
"148","BLACKPINE","2023081507",0,11.5,98,3.2,244,6.8,55.173,0.333,0.821,,,,,,,,,0,193.3,,0,0,0,0,0,,0,0,,0,
"148","BLACKPINE","2023081508",0,12.9,97,3.5,218,7.9,55.376,0.344,0.849,,,,,,,,,0,193.3,,0,0,0,0,0,,0,0,,0,
"148","BLACKPINE","2023081509",0,15,85,6.4,323,11.4,56.453,0.437,1.343,,,,,,,,,0,193.3,,0,0,0,0,0,,0,0,,0,
"148","BLACKPINE","2023081510",0,16.6,72,8,322,14.9,58.354,0.548,2.074,,,,,,,,,0,193.3,,0,0,0,0,0,,0,0,,0,
"148","BLACKPINE","2023081511",0,19.4,48,10.7,251,22.9,61.603,0.771,3.287,,,,,,,,,0,193.3,,0,0,0,0,0,,0,0,,0,
"148","BLACKPINE","2023081512",0,19.1,39,10.3,268,27.5,64.859,0.881,3.837,1.6,83.43,2.868,11.617,51.895,599.267,85.319,4,0,193.3,,0,0,0,0,0,,0,0,,0,
"148","BLACKPINE","2023081513",0,18.6,34,11,284,24.1,67.967,1.021,4.537,,,,,,,,,0,193.3,,0,0,0,0,0,,0,0,,0,
"148","BLACKPINE","2023081514",0,17.7,41,15.7,327,28.7,70.593,1.407,6.247,,,,,,,,,0,193.3,,0,0,0,0,0,,0,0,,0,
"148","BLACKPINE","2023081515",0,17.5,44,13.3,327,31,72.733,1.346,5.989,,,,,,,,,0,193.3,,0,0,0,0,0,,0,0,,0,
"148","BLACKPINE","2023081516",0,16.9,45,13,308,29.8,74.553,1.44,6.386,,,,,,,,,0,193.3,,0,0,0,0,0,,0,0,,0,
"148","BLACKPINE","2023081517",0,16.8,47,10.3,297,22.9,76.038,1.369,6.088,,,,,,,,,0,193.3,,0,0,0,0,0,,0,0,,0,
"148","BLACKPINE","2023081518",0,18,44,10.8,299,22.9,77.549,1.565,6.899,,,,,,,,,0,193.3,,0,0,0,0,0,,0,0,,0,
"148","BLACKPINE","2023081519",0,16.1,49,8.4,0,28.7,78.587,1.514,6.691,,,,,,,,,0,193.3,,0,0,0,0,0,,0,0,,0,
"148","BLACKPINE","2023081520",0,14.6,55,4.1,299,15.4,79.23,1.294,5.767,,,,,,,,,0,193.3,,0,0,0,0,0,,0,0,,0,
"148","BLACKPINE","2023081521",0,13.4,59,9.3,311,14.9,79.783,1.777,7.741,,,,,,,,,0,193.3,,0,0,0,0,0,,0,0,,0,
"148","BLACKPINE","2023081522",0,13.2,59,6.2,294,14.9,80.245,1.595,7.021,,,,,,,,,0,193.3,,0,0,0,0,0,,0,0,,0,
"148","BLACKPINE","2023081523",0,12.9,61,8.5,297,15.4,80.648,1.871,8.103,,,,,,,,,0,193.3,,0,0,0,0,0,,0,0,,0,
"149","BEAR LAKE","2023081500",0,9.5,95,1.6,184,5.1,85.892,2.586,8.994,,,,,,,,,,,,,,,,,,,,,,
"149","BEAR LAKE","2023081501",0,10.3,92,2.6,118,5.1,85.091,2.433,8.532,,,,,,,,,,,,,,,,,,,,,,
"149","BEAR LAKE","2023081502",0,10.6,90,3.6,66,7.9,84.45,2.344,8.259,,,,,,,,,,,,,,,,,,,,,,
"149","BEAR LAKE","2023081503",0,13.6,73,3.4,84,9.7,84.43,2.314,8.167,,,,,,,,,,,,,,,,,,,,,,
"149","BEAR LAKE","2023081504",0,14.6,69,6.3,96,11.4,84.478,2.695,9.319,,,,,,,,,,,,,,,,,,,,,,
"149","BEAR LAKE","2023081505",0,15.2,69,5.9,97,16,84.526,2.659,9.211,,,,,,,,,,,,,,,,,,,,,,
"149","BEAR LAKE","2023081506",0,15.2,71,7.7,105,14.3,84.564,2.927,9.989,,,,,,,,,,,,,,,,,,,,,,
"149","BEAR LAKE","2023081507",0,15.4,72,6.2,106,12.5,84.579,2.719,9.388,,,,,,,,,,,,,,,,,,,,,,
"149","BEAR LAKE","2023081508",0,15.4,74,8,100,12.5,84.539,2.961,10.088,,,,,,,,,,,,,,,,,,,,,,
"149","BEAR LAKE","2023081509",0,15.9,73,6.8,84,16,84.541,2.788,9.59,,,,,,,,,,,,,,,,,,,,,,
"149","BEAR LAKE","2023081510",0,16.8,73,6,117,14.3,84.56,2.685,9.288,,,,,,,,,,,,,,,,,,,,,,
"149","BEAR LAKE","2023081511",0,17.5,72,6.8,117,13.1,84.608,2.813,9.664,,,,,,,,,,,,,,,,,,,,,,
"149","BEAR LAKE","2023081512",0,17.6,73,5.1,111,13.7,84.634,2.592,9.012,0,86.108,3.179,10.855,39.814,493.202,66.257,3,,,,,,,,,,,,,,
"149","BEAR LAKE","2023081513",0,18.9,70,6.9,105,16,84.682,2.856,9.934,,,,,,,,,,,,,,,,,,,,,,
"149","BEAR LAKE","2023081514",0,24.8,47,9.4,227,20.6,85.341,3.547,11.867,,,,,,,,,,,,,,,,,,,,,,
"149","BEAR LAKE","2023081515",0,25.8,35,11.6,271,31,86.4,4.597,14.551,,,,,,,,,,,,,,,,,,,,,,
"149","BEAR LAKE","2023081516",0,27.6,31,13,257,29.8,87.575,5.83,17.417,,,,,,,,,,,,,,,,,,,,,,
"149","BEAR LAKE","2023081517",0,26.7,27,11.3,272,29.2,88.62,6.216,18.264,,,,,,,,,,,,,,,,,,,,,,
"149","BEAR LAKE","2023081518",0,26.4,27,6.2,273,27.5,89.385,5.365,16.367,,,,,,,,,,,,,,,,,,,,,,
"149","BEAR LAKE","2023081519",0,23.9,28,9.1,276,23.5,89.9,6.685,19.265,,,,,,,,,,,,,,,,,,,,,,
"149","BEAR LAKE","2023081520",0,17.5,58,0,141,18.9,89.724,4.121,13.367,,,,,,,,,,,,,,,,,,,,,,
"149","BEAR LAKE","2023081521",0,13.2,68,3,274,6.8,89.259,4.484,14.275,,,,,,,,,,,,,,,,,,,,,,
"149","BEAR LAKE","2023081522",0,11.7,74,4.8,252,8.5,88.671,4.513,14.345,,,,,,,,,,,,,,,,,,,,,,
"149","BEAR LAKE","2023081523",0,13.2,69,2.4,267,9.1,88.305,3.794,12.521,,,,,,,,,,,,,,,,,,,,,,
"151","NABESHE","2023081500",0,13.5,61,10.7,179,20,89.233,6.585,13.933,,,,,,,,,0,0,,0,0,0,0,0,,0,0,,1,
"151","NABESHE","2023081501",0,13.8,63,10.6,158,21.8,88.85,6.201,13.294,,,,,,,,,0,0,,0,0,0,0,0,,0,0,,1,
"151","NABESHE","2023081502",0,13.6,85,11.9,180,26.4,87.793,5.69,12.419,,,,,,,,,0,0,,0,0,0,0,0,,0,0,,1,
"151","NABESHE","2023081503",1.6,12.2,95,14.9,205,23.5,56.499,0.673,0.916,,,,,,,,,0,0,,0,0,0,0,0,,0,0,,1,
"151","NABESHE","2023081504",0,12.4,94,10.8,179,20.6,56.977,0.569,0.774,,,,,,,,,0,0,,0,0,0,0,0,,0,0,,1,
"151","NABESHE","2023081505",0.2,12.8,88,16.2,188,29.8,55.243,0.645,0.878,,,,,,,,,0,0,,0,0,0,0,0,,0,0,,1,
"151","NABESHE","2023081506",0,14.2,81,14.2,188,39.6,56.824,0.667,0.908,,,,,,,,,0,0,,0,0,0,0,0,,0,0,,13,
"151","NABESHE","2023081507",0,14.1,87,15.1,193,35.6,57.95,0.762,1.201,,,,,,,,,0,0,,0,0,0,0,0,,0,0,,30,
"151","NABESHE","2023081508",0.6,15.5,84,10,183,22.9,51.154,0.311,0.424,,,,,,,,,0,0,,0,0,0,0,0,,0,0,,70,
"151","NABESHE","2023081509",0,17.6,76,13.3,174,22.9,53.485,0.472,0.642,,,,,,,,,0,0,,0,0,0,0,0,,0,0,,149,
"151","NABESHE","2023081510",0,18.9,53,24.2,205,46.5,57.553,1.169,2.625,,,,,,,,,0,0,,0,0,0,0,0,,0,0,,236,
"151","NABESHE","2023081511",0,20.2,43,25.2,184,55.7,61.936,1.63,3.928,,,,,,,,,0,0,,0,0,0,0,0,,0,0,,311,
"151","NABESHE","2023081512",0,22.4,32,32.6,178,56.9,66.993,2.934,7.072,2.4,86.291,13.041,22.954,20.78,373.601,36.487,3,0,0,,0,0,0,0,0,,0,0,,382,
"151","NABESHE","2023081513",0,20.1,38,18.6,223,58,70.235,1.609,3.835,,,,,,,,,0,0,,0,0,0,0,0,,0,0,,299,
"151","NABESHE","2023081514",0,19.1,40,14.7,217,35.6,72.758,1.446,3.39,,,,,,,,,0,0,,0,0,0,0,0,,0,0,,90,
"151","NABESHE","2023081515",0,20.4,35,15.2,205,44.8,75.317,1.677,4.016,,,,,,,,,0,0,,0,0,0,0,0,,0,0,,177,
"151","NABESHE","2023081516",0,19.7,38,18.6,223,32.7,77.454,2.301,5.574,,,,,,,,,0,0,,0,0,0,0,0,,0,0,,180,
"151","NABESHE","2023081517",0,18.9,42,10.9,236,25.2,78.928,1.772,4.262,,,,,,,,,0,0,,0,0,0,0,0,,0,0,,99,
"151","NABESHE","2023081518",0,17.9,47,9.7,216,29.2,79.995,1.853,4.472,,,,,,,,,0,0,,0,0,0,0,0,,0,0,,114,
"151","NABESHE","2023081519",0,16.4,47,10.9,223,24.1,80.889,2.168,5.256,,,,,,,,,0,0,,0,0,0,0,0,,0,0,,36,
"151","NABESHE","2023081520",0,15.8,49,9.6,237,23.5,81.591,2.202,5.337,,,,,,,,,0,0,,0,0,0,0,0,,0,0,,9,
"151","NABESHE","2023081521",0,13.7,58,6,207,17.7,81.932,1.913,4.624,,,,,,,,,0,0,,0,0,0,0,0,,0,0,,1,
"151","NABESHE","2023081522",0,13.1,60,7.5,235,12.5,82.207,2.133,5.17,,,,,,,,,0,0,,0,0,0,0,0,,0,0,,1,
"151","NABESHE","2023081523",0,11.3,67,6,235,11.4,82.314,2.004,4.853,,,,,,,,,0,0,,0,0,0,0,0,,0,0,,1,
"152","SIFTON","2023081500",0.2,12.1,78,0,107,14.1,82.767,1.568,2.394,,,,,,,,,,,,,,,,,,,,5778,,
"152","SIFTON","2023081501",0.4,10.8,91,0,134,11.5,73.967,0.727,0.69,,,,,,,,,,,,,,,,,,,,5778.4,,
"152","SIFTON","2023081502",0.4,10.8,91,6.2,101,16.7,66.608,0.765,0.727,,,,,,,,,,,,,,,,,,,,5778.8,,
"152","SIFTON","2023081503",0,10.6,93,6,129,14.4,66.85,0.764,0.726,,,,,,,,,,,,,,,,,,,,5778.8,,
"152","SIFTON","2023081504",0,10.6,92,0,131,20.4,66.985,0.567,0.539,,,,,,,,,,,,,,,,,,,,5778.8,,
"152","SIFTON","2023081505",0,10.2,94,0,79,17.7,67.088,0.569,0.541,,,,,,,,,,,,,,,,,,,,5778.8,,
"152","SIFTON","2023081506",0,10.7,91,9.9,104,14.2,67.434,0.949,0.901,,,,,,,,,,,,,,,,,,,,5778.8,,
"152","SIFTON","2023081507",0,11,91,8.7,98,18.5,67.762,0.903,0.857,,,,,,,,,,,,,,,,,,,,5778.8,,
"152","SIFTON","2023081508",0,11.4,90,9.9,131,16.1,68.138,0.971,0.922,,,,,,,,,,,,,,,,,,,,5778.8,,
"152","SIFTON","2023081509",0,12.1,89,1.9,107,14,68.422,0.655,0.622,,,,,,,,,,,,,,,,,,,,5778.8,,
"152","SIFTON","2023081510",0,12.7,85,5.3,313,11.6,68.914,0.789,0.75,,,,,,,,,,,,,,,,,,,,5778.8,,
"152","SIFTON","2023081511",0,14.1,77,0,221,12.8,69.34,0.613,0.582,,,,,,,,,,,,,,,,,,,,5778.8,,
"152","SIFTON","2023081512",0,15,60,3.7,306,10.4,70.546,0.767,0.729,1,81.351,1.59,2.662,13.222,288.614,23.726,2,,,,,,,,,,,,5778.8,,
"152","SIFTON","2023081513",0,18.7,37,9.3,224,31.2,72.89,1.107,1.472,,,,,,,,,,,,,,,,,,,,5778.8,,
"152","SIFTON","2023081514",0,20.1,34,5.3,247,23.2,75.021,1.002,1.099,,,,,,,,,,,,,,,,,,,,5778.8,,
"152","SIFTON","2023081515",0,20.9,34,8.6,267,25.5,77.143,1.357,2.124,,,,,,,,,,,,,,,,,,,,5778.8,,
"152","SIFTON","2023081516",0,18.5,40,8.6,233,20.9,78.625,1.534,2.537,,,,,,,,,,,,,,,,,,,,5778.8,,
"152","SIFTON","2023081517",0,19.3,39,9.2,214,24.7,80.036,1.815,3.151,,,,,,,,,,,,,,,,,,,,5778.8,,
"152","SIFTON","2023081518",0,16.6,47,6.8,189,19.6,80.863,1.758,3.03,,,,,,,,,,,,,,,,,,,,5778.8,,
"152","SIFTON","2023081519",0,15.7,54,3.3,202,14.1,81.356,1.559,2.593,,,,,,,,,,,,,,,,,,,,5778.8,,
"152","SIFTON","2023081520",0,14.3,59,2.7,317,18.9,81.674,1.571,2.618,,,,,,,,,,,,,,,,,,,,5778.8,,
"152","SIFTON","2023081521",0,12.9,68,3.4,334,7.9,81.817,1.655,2.806,,,,,,,,,,,,,,,,,,,,5778.8,,
"152","SIFTON","2023081522",0,10.8,78,0,188,9.1,81.864,1.402,2.231,,,,,,,,,,,,,,,,,,,,5778.8,,
"152","SIFTON","2023081523",0,9,83,0,306,0,81.832,1.397,2.218,,,,,,,,,,,,,,,,,,,,5778.8,,
"153","MCLEOD LAKE","2023081500",0,15.7,56,7,185,12,88.932,5.234,17.448,,,,,,,,,,,,,,,,,,,,,,
"153","MCLEOD LAKE","2023081501",0,15.2,55,6.8,202,11.4,88.795,5.081,17.066,,,,,,,,,,,,,,,,,,,,,,
"153","MCLEOD LAKE","2023081502",0,15.8,53,8.2,197,14.3,88.717,5.391,17.835,,,,,,,,,,,,,,,,,,,,,,
"153","MCLEOD LAKE","2023081503",0,14.6,62,8.5,178,16.6,88.44,5.26,17.513,,,,,,,,,,,,,,,,,,,,,,
"153","MCLEOD LAKE","2023081504",0,14.2,64,8.8,190,17.2,88.146,5.119,17.163,,,,,,,,,,,,,,,,,,,,,,
"153","MCLEOD LAKE","2023081505",0,14.3,67,9.6,189,16.6,87.812,5.081,17.067,,,,,,,,,,,,,,,,,,,,,,
"153","MCLEOD LAKE","2023081506",0,15,69,8.1,183,18.9,87.486,4.497,15.567,,,,,,,,,,,,,,,,,,,,,,
"153","MCLEOD LAKE","2023081507",0,14.5,74,7,150,14.9,87.076,4.012,14.265,,,,,,,,,,,,,,,,,,,,,,
"153","MCLEOD LAKE","2023081508",0,15.3,73,11.8,187,21.2,86.716,4.855,16.496,,,,,,,,,,,,,,,,,,,,,,
"153","MCLEOD LAKE","2023081509",0,15.9,74,7.9,175,21.2,86.406,3.818,13.725,,,,,,,,,,,,,,,,,,,,,,
"153","MCLEOD LAKE","2023081510",0,16.5,73,10.5,181,22.3,86.158,4.203,14.783,,,,,,,,,,,,,,,,,,,,,,
"153","MCLEOD LAKE","2023081511",0,17.2,73,7.6,176,16.6,85.967,3.535,12.921,,,,,,,,,,,,,,,,,,,,,,
"153","MCLEOD LAKE","2023081512",0,18.1,67,11,184,20,85.97,4.198,14.77,0,86.561,4.562,15.952,49.303,492.093,78.855,4,,,,,,,,,,,,,,
"153","MCLEOD LAKE","2023081513",0,20.8,60,11.3,184,23.5,86.018,4.29,15.225,,,,,,,,,,,,,,,,,,,,,,
"153","MCLEOD LAKE","2023081514",0,24.4,42,16.2,225,28.7,86.676,6.027,19.609,,,,,,,,,,,,,,,,,,,,,,
"153","MCLEOD LAKE","2023081515",0,26,32,15.1,268,32.1,87.68,6.579,20.892,,,,,,,,,,,,,,,,,,,,,,
"153","MCLEOD LAKE","2023081516",0,25.6,32,12.2,251,31.6,88.446,6.343,20.351,,,,,,,,,,,,,,,,,,,,,,
"153","MCLEOD LAKE","2023081517",0,26.1,22,16.4,247,37.9,89.586,9.232,26.52,,,,,,,,,,,,,,,,,,,,,,
"153","MCLEOD LAKE","2023081518",0,25.3,22,14.4,256,35,90.434,9.425,26.902,,,,,,,,,,,,,,,,,,,,,,
"153","MCLEOD LAKE","2023081519",0,22.9,29,8.9,276,30.4,90.703,7.423,22.772,,,,,,,,,,,,,,,,,,,,,,
"153","MCLEOD LAKE","2023081520",0,20.3,34,6.9,248,24.6,90.753,6.76,21.303,,,,,,,,,,,,,,,,,,,,,,
"153","MCLEOD LAKE","2023081521",0,19.2,36,8.8,248,16,90.803,7.492,22.921,,,,,,,,,,,,,,,,,,,,,,
"153","MCLEOD LAKE","2023081522",0,18.8,37,11.1,260,22.9,90.853,8.473,24.988,,,,,,,,,,,,,,,,,,,,,,
"153","MCLEOD LAKE","2023081523",0,18.2,37,8.5,257,23.5,90.903,7.486,22.907,,,,,,,,,,,,,,,,,,,,,,
"154","WITCH","2023081500",0,13.8,63,6.3,161,11.4,86.887,3.771,8.967,,,,,,,,,0,193.3,,0,0,0,0,0,,0,0,,34,
"154","WITCH","2023081501",0,13.4,69,6.1,158,10.8,86.673,3.621,8.659,,,,,,,,,0,193.3,,0,0,0,0,0,,0,0,,33,
"154","WITCH","2023081502",0,13.2,71,9.7,139,14.3,86.414,4.185,9.798,,,,,,,,,0,193.3,,0,0,0,0,0,,0,0,,33,
"154","WITCH","2023081503",0,13.4,70,7.1,133,14.9,86.225,3.575,8.564,,,,,,,,,0,193.3,,0,0,0,0,0,,0,0,,33,
"154","WITCH","2023081504",0,13.6,75,8.6,141,16.6,85.926,3.697,8.816,,,,,,,,,0,193.3,,0,0,0,0,0,,0,0,,34,
"154","WITCH","2023081505",0,14.3,78,8.4,120,13.7,85.583,3.488,8.383,,,,,,,,,0,193.3,,0,0,0,0,0,,0,0,,34,
"154","WITCH","2023081506",0,14.9,78,11.5,127,19.5,85.271,3.905,9.24,,,,,,,,,0,193.3,,0,0,0,0,0,,0,0,,34,
"154","WITCH","2023081507",0,15.6,75,11.5,131,22.3,85.105,3.817,9.061,,,,,,,,,0,193.3,,0,0,0,0,0,,0,0,,34,
"154","WITCH","2023081508",0,16.3,75,9.8,138,18.3,84.978,3.443,8.286,,,,,,,,,0,193.3,,0,0,0,0,0,,0,0,,35,
"154","WITCH","2023081509",0,17.2,69,11.2,155,19.5,85.026,3.718,8.86,,,,,,,,,0,193.3,,0,0,0,0,0,,0,0,,34,
"154","WITCH","2023081510",0,19.3,63,9.3,174,24.6,85.074,3.401,8.199,,,,,,,,,0,193.3,,0,0,0,0,0,,0,0,,35,
"154","WITCH","2023081511",0,20.4,58,7.8,171,20,85.235,3.225,7.822,,,,,,,,,0,193.3,,0,0,0,0,0,,0,0,,36,
"154","WITCH","2023081512",0,22.7,46,12.3,188,28.7,85.78,4.364,10.148,0,89.13,7.033,15.671,24.607,351.703,41.888,3,0,193.3,,0,0,0,0,0,,0,0,,36,
"154","WITCH","2023081513",0,22,46,12.1,195,35.6,86.215,4.592,11.212,,,,,,,,,0,193.3,,0,0,0,0,0,,0,0,,36,
"154","WITCH","2023081514",0,23.3,33,13.7,226,29.8,87.084,5.631,13.198,,,,,,,,,0,193.3,,0,0,0,0,0,,0,0,,36,
"154","WITCH","2023081515",0,23.7,28,17,198,41.3,88.061,7.645,16.689,,,,,,,,,0,193.3,,0,0,0,0,0,,0,0,,37,
"154","WITCH","2023081516",0,23.5,27,16.3,205,39.6,88.887,8.308,17.756,,,,,,,,,0,193.3,,0,0,0,0,0,,0,0,,37,
"154","WITCH","2023081517",0,23.2,26,17.2,210,37.9,89.598,9.628,19.783,,,,,,,,,0,193.3,,0,0,0,0,0,,0,0,,36,
"154","WITCH","2023081518",0,21.2,33,13,204,28.7,89.821,8.045,17.337,,,,,,,,,0,193.3,,0,0,0,0,0,,0,0,,37,
"154","WITCH","2023081519",0,19,35,8,218,32.1,89.883,6.309,14.421,,,,,,,,,0,193.3,,0,0,0,0,0,,0,0,,36,
"154","WITCH","2023081520",0,16.2,45,5.6,201,16,89.855,5.568,13.083,,,,,,,,,0,193.3,,0,0,0,0,0,,0,0,,36,
"154","WITCH","2023081521",0,14.1,54,5.2,187,14.3,89.639,5.291,12.564,,,,,,,,,0,193.3,,0,0,0,0,0,,0,0,,35,
"154","WITCH","2023081522",0,13.4,51,5.4,199,12,89.494,5.234,12.457,,,,,,,,,0,193.3,,0,0,0,0,0,,0,0,,34,
"154","WITCH","2023081523",0,13.6,52,4.6,187,18.3,89.352,4.926,11.866,,,,,,,,,0,193.3,,0,0,0,0,0,,0,0,,34,
"155","MACKENZIE FS","2023081500",0,17.3,54,6.4,142,12.5,89.392,5.424,15.072,,,,,,,,,,,,,,,,,,,,,,
"155","MACKENZIE FS","2023081501",0,17.2,54,7.3,122,16,89.246,5.558,15.356,,,,,,,,,,,,,,,,,,,,,,
"155","MACKENZIE FS","2023081502",0,17.8,52,8.9,107,16,89.164,5.955,16.179,,,,,,,,,,,,,,,,,,,,,,
"155","MACKENZIE FS","2023081503",0,17.2,55,9.2,105,17.2,89.015,5.918,16.103,,,,,,,,,,,,,,,,,,,,,,
"155","MACKENZIE FS","2023081504",0,17.4,56,8.8,120,20,88.866,5.677,15.605,,,,,,,,,,,,,,,,,,,,,,
"155","MACKENZIE FS","2023081505",0,17,61,6.2,189,19.5,88.632,4.815,13.748,,,,,,,,,,,,,,,,,,,,,,
"155","MACKENZIE FS","2023081506",0,17.5,56,10.5,135,21.8,88.528,5.892,16.049,,,,,,,,,,,,,,,,,,,,,,
"155","MACKENZIE FS","2023081507",0,16.8,62,9.6,145,19.5,88.29,5.441,15.108,,,,,,,,,,,,,,,,,,,,,,
"155","MACKENZIE FS","2023081508",0,17.2,65,8.9,84,20.6,88.017,5.051,14.269,,,,,,,,,,,,,,,,,,,,,,
"155","MACKENZIE FS","2023081509",0,18.2,63,6.8,120,20,87.854,4.439,12.898,,,,,,,,,,,,,,,,,,,,,,
"155","MACKENZIE FS","2023081510",0,19.8,61,10.9,153,22.9,87.775,5.397,15.013,,,,,,,,,,,,,,,,,,,,,,
"155","MACKENZIE FS","2023081511",0,19.4,64,9.7,133,28.1,87.626,4.972,14.096,,,,,,,,,,,,,,,,,,,,,,
"155","MACKENZIE FS","2023081512",0,21,60,8.8,148,17.7,87.634,4.758,13.62,0,88.188,5.15,14.859,35.739,415.686,58.833,3,,,,,,,,,,,,,,
"155","MACKENZIE FS","2023081513",0,24.7,38,10.1,208,21.8,88.125,5.45,15.516,,,,,,,,,,,,,,,,,,,,,,
"155","MACKENZIE FS","2023081514",0,24.8,29,17.8,229,33.9,88.941,9.031,22.478,,,,,,,,,,,,,,,,,,,,,,
"155","MACKENZIE FS","2023081515",0,25,27,23.5,265,39,89.741,13.5,29.699,,,,,,,,,,,,,,,,,,,,,,
"155","MACKENZIE FS","2023081516",0,25.5,28,13,245,40.2,90.297,8.612,21.731,,,,,,,,,,,,,,,,,,,,,,
"155","MACKENZIE FS","2023081517",0,25.2,24,13.6,269,32.7,90.909,9.688,23.622,,,,,,,,,,,,,,,,,,,,,,
"155","MACKENZIE FS","2023081518",0,25.1,23,18.3,262,35,91.474,13.304,29.405,,,,,,,,,,,,,,,,,,,,,,
"155","MACKENZIE FS","2023081519",0,22.5,28,12.3,248,32.1,91.602,10.013,24.175,,,,,,,,,,,,,,,,,,,,,,
"155","MACKENZIE FS","2023081520",0,19.4,46,4.6,311,20,91.418,6.618,17.948,,,,,,,,,,,,,,,,,,,,,,
"155","MACKENZIE FS","2023081521",0,14.6,64,5.8,260,9.7,90.803,6.441,17.591,,,,,,,,,,,,,,,,,,,,,,
"155","MACKENZIE FS","2023081522",0,12.1,71,3.7,29,9.7,90.142,5.272,15.129,,,,,,,,,,,,,,,,,,,,,,
"155","MACKENZIE FS","2023081523",0,10.2,84,4.5,95,9.1,89.172,4.776,14.02,,,,,,,,,,,,,,,,,,,,,,
"156","SUSTUT","2023081500",1.4,10.3,100,3.6,288,6.2,16.992,0,0,,,,,,,,,0,193.3,,0,0,0,0,0,,0,0,,0,
"156","SUSTUT","2023081501",1.8,10.3,100,2,356,5.1,11.405,0,0,,,,,,,,,0,193.3,,0,0,0,0,0,,0,0,,0,
"156","SUSTUT","2023081502",2.6,10.3,100,3.6,265,6.2,7.021,0,0,,,,,,,,,0,193.3,,0,0,0,0,0,,0,0,,0,
"156","SUSTUT","2023081503",0.6,10.3,100,6.5,85,9.7,6.578,0,0,,,,,,,,,0,193.3,,0,0,0,0,0,,0,0,,0,
"156","SUSTUT","2023081504",0.8,10.3,100,0,310,8.5,6.067,0,0,,,,,,,,,0,193.3,,0,0,0,0,0,,0,0,,0,
"156","SUSTUT","2023081505",1,10.3,100,2.7,201,5.6,5.542,0,0,,,,,,,,,0,193.3,,0,0,0,0,0,,0,0,,0,
"156","SUSTUT","2023081506",0,10.5,100,3.6,192,6.2,5.563,0,0,,,,,,,,,0,193.3,,0,0,0,0,0,,0,0,,0,
"156","SUSTUT","2023081507",0,10.9,100,0,310,6.2,5.584,0,0,,,,,,,,,0,193.3,,0,0,0,0,0,,0,0,,0,
"156","SUSTUT","2023081508",0,11.6,100,3.4,354,7.9,5.605,0,0,,,,,,,,,0,193.3,,0,0,0,0,0,,0,0,,0,
"156","SUSTUT","2023081509",0,12.5,100,6.5,216,9.7,5.626,0,0,,,,,,,,,0,193.3,,0,0,0,0,0,,0,0,,0,
"156","SUSTUT","2023081510",0,14.2,97,5.5,234,8.5,6.069,0,0,,,,,,,,,0,193.3,,0,0,0,0,0,,0,0,,0,
"156","SUSTUT","2023081511",0,16.7,87,6.6,251,12.5,7.865,0,0,,,,,,,,,0,193.3,,0,0,0,0,0,,0,0,,0,
"156","SUSTUT","2023081512",0,19.3,65,12.5,235,21.2,12.331,0,0,13.2,54.692,0.509,0.314,5.412,316.595,10.381,1,0,193.3,,0,0,0,0,0,,0,0,,0,
"156","SUSTUT","2023081513",0,17.7,61,9.9,270,28.1,16.539,0,0,,,,,,,,,0,193.3,,0,0,0,0,0,,0,0,,0,
"156","SUSTUT","2023081514",0,17.4,63,8.4,282,18.9,20.411,0,0,,,,,,,,,0,193.3,,0,0,0,0,0,,0,0,,0,
"156","SUSTUT","2023081515",0,16.5,69,7.2,256,19.5,23.638,0.001,0,,,,,,,,,0,193.3,,0,0,0,0,0,,0,0,,0,
"156","SUSTUT","2023081516",0,16.9,67,7.6,245,17.7,27.031,0.002,0.001,,,,,,,,,0,193.3,,0,0,0,0,0,,0,0,,0,
"156","SUSTUT","2023081517",0,18.4,65,6.3,235,15.4,30.527,0.005,0.003,,,,,,,,,0,193.3,,0,0,0,0,0,,0,0,,0,
"156","SUSTUT","2023081518",0,16.8,63,9.3,266,17.7,34.142,0.016,0.01,,,,,,,,,0,193.3,,0,0,0,0,0,,0,0,,0,
"156","SUSTUT","2023081519",0,15.9,66,11.7,264,22.3,37.552,0.038,0.024,,,,,,,,,0,193.3,,0,0,0,0,0,,0,0,,0,
"156","SUSTUT","2023081520",0,14.7,67,12,266,22.9,40.66,0.072,0.044,,,,,,,,,0,193.3,,0,0,0,0,0,,0,0,,0,
"156","SUSTUT","2023081521",0,14,68,12.5,264,21.8,43.547,0.122,0.075,,,,,,,,,0,193.3,,0,0,0,0,0,,0,0,,0,
"156","SUSTUT","2023081522",0,13.5,70,8.5,279,22.3,45.917,0.145,0.089,,,,,,,,,0,193.3,,0,0,0,0,0,,0,0,,0,
"156","SUSTUT","2023081523",0,12.8,72,10.2,272,22.9,48.137,0.216,0.133,,,,,,,,,0,193.3,,0,0,0,0,0,,0,0,,0,
"158","VANDERHOOF HUB","2023081500",0,11.6,84,6.3,105,12,88.759,4.929,19.199,,,,,,,,,,,,,,0,1,109.55,,,,,,
"158","VANDERHOOF HUB","2023081501",0,12.1,79,2,65,5.6,88.153,3.638,15.308,,,,,,,,,,,,,,0,1,109.53,,,,,,
"158","VANDERHOOF HUB","2023081502",0,11.8,83,3.3,92,7.4,87.454,3.514,14.909,,,,,,,,,,,,,,0,1,109.52,,,,,,
"158","VANDERHOOF HUB","2023081503",0,13.2,80,2.7,297,9.1,86.936,3.167,13.757,,,,,,,,,,,,,,0,1,109.51,,,,,,
"158","VANDERHOOF HUB","2023081504",0,13.1,82,3,88,9.7,86.407,2.983,13.126,,,,,,,,,,,,,,0,1,109.51,,,,,,
"158","VANDERHOOF HUB","2023081505",0,13.4,82,5.3,75,9.7,85.9,3.119,13.593,,,,,,,,,,,,,,0,1,109.5,,,,,,
"158","VANDERHOOF HUB","2023081506",0,13.3,85,2.1,188,7.9,85.402,2.476,11.31,,,,,,,,,,,,,,0,1,109.5,,,,,,
"158","VANDERHOOF HUB","2023081507",0,16.2,73,9.1,9,10.8,85.293,3.47,14.765,,,,,,,,,,,,,,0,1,109.48,,,,,,
"158","VANDERHOOF HUB","2023081508",0,18.3,69,10.4,9,12.5,85.341,3.73,15.603,,,,,,,,,,,,,,0,1,109.48,,,,,,
"158","VANDERHOOF HUB","2023081509",0,19.8,61,6.7,17,10.2,85.399,3.121,13.599,,,,,,,,,,,,,,0,1,109.47,,,,,,
"158","VANDERHOOF HUB","2023081510",0,20.5,56,14.1,267,26.9,85.583,4.649,18.393,,,,,,,,,,,,,,0,1,109.47,,,,,,
"158","VANDERHOOF HUB","2023081511",0,22.7,50,18.2,275,28.7,85.989,6.05,22.252,,,,,,,,,,,,,,0,1,109.41,,,,,,
"158","VANDERHOOF HUB","2023081512",0,24.4,43,24.2,282,34.4,86.671,9.012,29.345,0,91.01,16.767,44.981,61.769,837.421,104.304,5,,,,,,0,1,109.36,,,,,,
"158","VANDERHOOF HUB","2023081513",0,26.3,34,20.7,288,36.2,87.67,8.711,29.266,,,,,,,,,,,,,,0,1,109.25,,,,,,
"158","VANDERHOOF HUB","2023081514",0,27.2,28,28.2,294,44.2,88.875,15.109,42.086,,,,,,,,,,,,,,0,1,109.12,,,,,,
"158","VANDERHOOF HUB","2023081515",0,29.1,23,25.8,286,45.9,90.197,16.182,43.976,,,,,,,,,,,,,,0,1,108.96,,,,,,
"158","VANDERHOOF HUB","2023081516",0,28.3,22,24.3,289,50,91.194,17.298,45.881,,,,,,,,,,,,,,0,1,108.8,,,,,,
"158","VANDERHOOF HUB","2023081517",0,26.8,25,29,277,48.8,91.735,23.672,55.825,,,,,,,,,,,,,,0,1,108.65,,,,,,
"158","VANDERHOOF HUB","2023081518",0,25.9,24,27,279,39.6,92.152,22.703,54.401,,,,,,,,,,,,,,0,1,108.51,,,,,,
"158","VANDERHOOF HUB","2023081519",0,23.8,29,22.7,270,36.7,92.202,18.41,47.725,,,,,,,,,,,,,,0,1,108.39,,,,,,
"158","VANDERHOOF HUB","2023081520",0,22.4,30,25.5,286,34.4,92.252,21.35,52.366,,,,,,,,,,,,,,0,1,108.31,,,,,,
"158","VANDERHOOF HUB","2023081521",0,20.9,30,17.4,278,36.2,92.302,14.296,40.614,,,,,,,,,,,,,,0,1,108.21,,,,,,
"158","VANDERHOOF HUB","2023081522",0,18.5,39,10.1,303,21.2,92.154,9.691,31.449,,,,,,,,,,,,,,0,1,108.17,,,,,,
"158","VANDERHOOF HUB","2023081523",0,18.1,38,14.1,248,19.5,92.027,11.645,35.531,,,,,,,,,,,,,,0,1,108.12,,,,,,
"159","NORTH CHILCO","2023081500",0,18.2,49,1.8,196,9.7,90.991,5.409,18.553,,,,,,,,,,,,,,,,,,,,,,
"159","NORTH CHILCO","2023081501",0,16.3,55,4.7,203,14.3,90.653,5.964,19.926,,,,,,,,,,,,,,,,,,,,,,
"159","NORTH CHILCO","2023081502",0,15.9,60,5.1,209,12.5,90.233,5.732,19.358,,,,,,,,,,,,,,,,,,,,,,
"159","NORTH CHILCO","2023081503",0,17.2,59,4.7,279,13.7,89.896,5.353,18.412,,,,,,,,,,,,,,,,,,,,,,
"159","NORTH CHILCO","2023081504",0,17.4,59,4.7,215,12.5,89.6,5.13,17.844,,,,,,,,,,,,,,,,,,,,,,
"159","NORTH CHILCO","2023081505",0,16.8,62,4.2,200,14.3,89.273,4.773,16.911,,,,,,,,,,,,,,,,,,,,,,
"159","NORTH CHILCO","2023081506",0,15.9,67,2.4,216,10.8,88.893,4.128,15.154,,,,,,,,,,,,,,,,,,,,,,
"159","NORTH CHILCO","2023081507",0,16.5,66,5.6,205,14.9,88.539,4.61,16.475,,,,,,,,,,,,,,,,,,,,,,
"159","NORTH CHILCO","2023081508",0,17.5,64,8.9,195,18.9,88.261,5.231,18.103,,,,,,,,,,,,,,,,,,,,,,
"159","NORTH CHILCO","2023081509",0,18.6,61,8,208,24.1,88.114,4.895,17.232,,,,,,,,,,,,,,,,,,,,,,
"159","NORTH CHILCO","2023081510",0,19.1,59,9.6,219,22.9,88.038,5.248,18.147,,,,,,,,,,,,,,,,,,,,,,
"159","NORTH CHILCO","2023081511",0,19.6,57,8.2,233,25.2,88.032,4.886,17.21,,,,,,,,,,,,,,,,,,,,,,
"159","NORTH CHILCO","2023081512",0,21.3,53,9.4,230,23.5,88.081,5.228,18.093,0,89.214,6.15,20.805,50.411,715.392,85.722,4,,,,,,,,,,,,,,
"159","NORTH CHILCO","2023081513",0,23.3,47,8.8,230,22.3,88.179,5.144,18.267,,,,,,,,,,,,,,,,,,,,,,
"159","NORTH CHILCO","2023081514",0,25.5,34,10.4,237,30.4,88.758,6.059,20.582,,,,,,,,,,,,,,,,,,,,,,
"159","NORTH CHILCO","2023081515",0,25.6,31,12.2,248,30.4,89.371,7.244,23.376,,,,,,,,,,,,,,,,,,,,,,
"159","NORTH CHILCO","2023081516",0,27.7,25,12,243,36.7,90.237,8.119,25.319,,,,,,,,,,,,,,,,,,,,,,
"159","NORTH CHILCO","2023081517",0,26.7,26,11.7,256,33.9,90.833,8.709,26.579,,,,,,,,,,,,,,,,,,,,,,
"159","NORTH CHILCO","2023081518",0,24.9,26,12.7,240,31,91.241,9.707,28.63,,,,,,,,,,,,,,,,,,,,,,
"159","NORTH CHILCO","2023081519",0,23.3,28,12.6,240,28.7,91.435,9.928,29.073,,,,,,,,,,,,,,,,,,,,,,
"159","NORTH CHILCO","2023081520",0,21.7,28,9.2,230,28.7,91.542,8.493,26.121,,,,,,,,,,,,,,,,,,,,,,
"159","NORTH CHILCO","2023081521",0,20.6,31,10,246,23.5,91.592,8.905,26.989,,,,,,,,,,,,,,,,,,,,,,
"159","NORTH CHILCO","2023081522",0,18.7,34,6.3,232,17.2,91.636,7.436,23.812,,,,,,,,,,,,,,,,,,,,,,
"159","NORTH CHILCO","2023081523",0,18.1,35,6.9,245,18.9,91.647,7.677,24.349,,,,,,,,,,,,,,,,,,,,,,
"161","GRASSY PLAINS HUB","2023081500",0,14,83,0,319,0,87.629,3.052,6.819,,,,,,,,,,,,,,0,1,177.86,,,,,,
"161","GRASSY PLAINS HUB","2023081501",0,15.9,73,4.6,323,14.3,87.261,3.65,8.016,,,,,,,,,,,,,,0,1,177.8,,,,,,
"161","GRASSY PLAINS HUB","2023081502",0,16.2,72,1.8,320,14.9,87,3.055,6.825,,,,,,,,,,,,,,0,1,177.77,,,,,,
"161","GRASSY PLAINS HUB","2023081503",0,15.7,76,0,319,13.7,86.737,2.687,6.051,,,,,,,,,,,,,,0,1,177.76,,,,,,
"161","GRASSY PLAINS HUB","2023081504",0,16.3,74,14.5,325,20,86.388,5.311,11.022,,,,,,,,,,,,,,0,1,177.74,,,,,,
"161","GRASSY PLAINS HUB","2023081505",0,16.9,70,14.4,328,20.6,86.22,5.16,10.765,,,,,,,,,,,,,,0,1,177.72,,,,,,
"161","GRASSY PLAINS HUB","2023081506",0,16.6,71,9.9,325,19.5,86.058,4.021,8.723,,,,,,,,,,,,,,0,1,177.71,,,,,,
"161","GRASSY PLAINS HUB","2023081507",0,17.4,67,20.1,334,29.8,86.025,6.691,13.263,,,,,,,,,,,,,,0,1,177.69,,,,,,
"161","GRASSY PLAINS HUB","2023081508",0,18.3,65,19.2,334,37.9,86.073,6.438,12.865,,,,,,,,,,,,,,0,1,177.67,,,,,,
"161","GRASSY PLAINS HUB","2023081509",0,19,66,15.7,329,36.7,86.106,5.422,11.209,,,,,,,,,,,,,,0,1,177.65,,,,,,
"161","GRASSY PLAINS HUB","2023081510",0,19.8,60,23.7,341,37.9,86.154,8.169,15.474,,,,,,,,,,,,,,0,1,177.64,,,,,,
"161","GRASSY PLAINS HUB","2023081511",0,22.1,51,28.7,350,43.1,86.444,10.948,19.245,,,,,,,,,,,,,,0,1,177.62,,,,,,
"161","GRASSY PLAINS HUB","2023081512",0,23,43,26.2,347,47.7,86.983,10.419,18.56,0,89.1,14.108,24.669,20.603,566.432,37.771,3,,,,,,0,1,177.61,,,,,,
"161","GRASSY PLAINS HUB","2023081513",0,23.7,42,29.9,354,41.3,87.506,13.526,23.953,,,,,,,,,,,,,,0,1,177.55,,,,,,
"161","GRASSY PLAINS HUB","2023081514",0,23.3,39,28.1,353,46.5,88.017,13.29,23.658,,,,,,,,,,,,,,0,1,177.5,,,,,,
"161","GRASSY PLAINS HUB","2023081515",0,23.4,34,33.9,3,45.4,88.658,19.517,30.815,,,,,,,,,,,,,,0,1,177.45,,,,,,
"161","GRASSY PLAINS HUB","2023081516",0,23.8,33,27,347,43.6,89.204,14.91,25.636,,,,,,,,,,,,,,0,1,177.33,,,,,,
"161","GRASSY PLAINS HUB","2023081517",0,23.4,33,31.4,357,45.4,89.635,19.799,31.114,,,,,,,,,,,,,,0,1,177.28,,,,,,
"161","GRASSY PLAINS HUB","2023081518",0,22,35,22.1,340,41.9,89.827,12.737,22.959,,,,,,,,,,,,,,0,1,177.17,,,,,,
"161","GRASSY PLAINS HUB","2023081519",0,19.9,37,20.3,334,36.7,89.876,11.715,21.634,,,,,,,,,,,,,,0,1,177.1,,,,,,
"161","GRASSY PLAINS HUB","2023081520",0,17.1,47,0,321,27.5,89.86,4.202,9.816,,,,,,,,,,,,,,0,1,177.03,,,,,,
"161","GRASSY PLAINS HUB","2023081521",0,16,47,6.5,325,21.2,89.792,5.774,12.718,,,,,,,,,,,,,,0,1,176.95,,,,,,
"161","GRASSY PLAINS HUB","2023081522",0,15.3,48,0,325,19.5,89.754,4.139,9.691,,,,,,,,,,,,,,0,1,176.89,,,,,,
"161","GRASSY PLAINS HUB","2023081523",0,14.7,48,10.2,327,18.3,89.648,6.816,14.479,,,,,,,,,,,,,,0,1,176.85,,,,,,
"162","HOUSTON","2023081500",0,19.7,58,11.9,212,23.5,87.44,5.41,13.986,,,,,,,,,,,,,,,,,,,,,,
"162","HOUSTON","2023081501",0,19.2,61,6.6,213,17.7,87.415,4.127,11.28,,,,,,,,,,,,,,,,,,,,,,
"162","HOUSTON","2023081502",0,19.3,62,11.6,272,18.3,87.363,5.271,13.704,,,,,,,,,,,,,,,,,,,,,,
"162","HOUSTON","2023081503",0,18,68,7,218,20.6,87.158,4.06,11.129,,,,,,,,,,,,,,,,,,,,,,
"162","HOUSTON","2023081504",0,17.5,69,3.4,249,13.1,86.973,3.298,9.361,,,,,,,,,,,,,,,,,,,,,,
"162","HOUSTON","2023081505",0,19.5,60,9.1,179,20.6,87.021,4.426,11.935,,,,,,,,,,,,,,,,,,,,,,
"162","HOUSTON","2023081506",0,17.1,71,7.1,119,19.5,86.771,3.862,10.682,,,,,,,,,,,,,,,,,,,,,,
"162","HOUSTON","2023081507",0,19.1,61,6.7,179,13.7,86.819,3.811,10.565,,,,,,,,,,,,,,,,,,,,,,
"162","HOUSTON","2023081508",0,19.6,65,10.6,272,21.2,86.784,4.615,12.341,,,,,,,,,,,,,,,,,,,,,,
"162","HOUSTON","2023081509",0,22.8,52,14.5,221,33.3,86.936,5.74,14.64,,,,,,,,,,,,,,,,,,,,,,
"162","HOUSTON","2023081510",0,23.7,48,15.5,199,33.9,87.21,6.277,15.676,,,,,,,,,,,,,,,,,,,,,,
"162","HOUSTON","2023081511",0,24.7,43,19.6,245,33.9,87.657,8.225,19.169,,,,,,,,,,,,,,,,,,,,,,
"162","HOUSTON","2023081512",0,26.5,33,15.6,221,32.1,88.471,7.556,18.01,0,91.326,11.37,25.509,32.59,434.338,54.884,4,,,,,,,,,,,,,,
"162","HOUSTON","2023081513",0,26.6,31,16.1,230,28.1,89.223,8.632,20.999,,,,,,,,,,,,,,,,,,,,,,
"162","HOUSTON","2023081514",0,27.3,27,17.1,207,35.6,90.053,10.226,23.687,,,,,,,,,,,,,,,,,,,,,,
"162","HOUSTON","2023081515",0,27.2,28,19.4,249,35.6,90.675,12.55,27.308,,,,,,,,,,,,,,,,,,,,,,
"162","HOUSTON","2023081516",0,26.9,27,15.6,264,36.2,91.177,11.132,25.136,,,,,,,,,,,,,,,,,,,,,,
"162","HOUSTON","2023081517",0,25.2,26,14.2,311,28.7,91.541,10.924,24.808,,,,,,,,,,,,,,,,,,,,,,
"162","HOUSTON","2023081518",0,25.1,26,15.9,279,28.7,91.836,12.411,27.099,,,,,,,,,,,,,,,,,,,,,,
"162","HOUSTON","2023081519",0,23.5,29,14.8,265,26.4,91.895,11.84,26.234,,,,,,,,,,,,,,,,,,,,,,
"162","HOUSTON","2023081520",0,20.3,35,5.6,221,25.2,91.916,7.47,18.909,,,,,,,,,,,,,,,,,,,,,,
"162","HOUSTON","2023081521",0,15.6,59,5.9,128,21.2,91.361,7.009,18.044,,,,,,,,,,,,,,,,,,,,,,
"162","HOUSTON","2023081522",0,15,55,4.1,254,10.2,90.986,6.069,16.206,,,,,,,,,,,,,,,,,,,,,,
"162","HOUSTON","2023081523",0,16.2,53,6.4,246,17.7,90.673,6.517,17.095,,,,,,,,,,,,,,,,,,,,,,
"163","LOVELL COVE","2023081500",0,13.6,78,5.4,71,12.5,85.918,3.143,10.064,,,,,,,,,0,193.3,,0,0,0,0,0,,0,0,,0,
"163","LOVELL COVE","2023081501",0,14.2,71,6.6,64,14.9,85.776,3.273,10.409,,,,,,,,,0,193.3,,0,0,0,0,0,,0,0,,0,
"163","LOVELL COVE","2023081502",0,14.8,73,5.9,76,17.2,85.613,3.088,9.917,,,,,,,,,0,193.3,,0,0,0,0,0,,0,0,,0,
"163","LOVELL COVE","2023081503",0,15.6,71,7.6,142,19.5,85.523,3.323,10.54,,,,,,,,,0,193.3,,0,0,0,0,0,,0,0,,0,
"163","LOVELL COVE","2023081504",0,14.6,84,2.7,14,13.1,85.091,2.445,8.115,,,,,,,,,0,193.3,,0,0,0,0,0,,0,0,,0,
"163","LOVELL COVE","2023081505",0,13.9,92,4.4,63,12.5,84.291,2.389,7.949,,,,,,,,,0,193.3,,0,0,0,0,0,,0,0,,0,
"163","LOVELL COVE","2023081506",0.8,13.6,98,4.2,352,10.2,67.28,0.708,2.065,,,,,,,,,0,193.3,,0,0,0,0,0,,0,0,,0,
"163","LOVELL COVE","2023081507",1.6,13.7,99,3.5,12,9.1,44.144,0.086,0.163,,,,,,,,,0,193.3,,0,0,0,0,0,,0,0,,0,
"163","LOVELL COVE","2023081508",0.2,14.9,95,3.3,90,10.2,42.516,0.065,0.123,,,,,,,,,0,193.3,,0,0,0,0,0,,0,0,,0,
"163","LOVELL COVE","2023081509",0,16.7,79,4.6,320,11.4,44.363,0.094,0.179,,,,,,,,,0,193.3,,0,0,0,0,0,,0,0,,0,
"163","LOVELL COVE","2023081510",0,17.9,74,3.9,212,7.9,46.476,0.125,0.238,,,,,,,,,0,193.3,,0,0,0,0,0,,0,0,,0,
"163","LOVELL COVE","2023081511",0,18.2,61,3.5,115,10.2,49.157,0.176,0.335,,,,,,,,,0,193.3,,0,0,0,0,0,,0,0,,0,
"163","LOVELL COVE","2023081512",0,20.6,51,5.8,86,12.5,52.714,0.299,0.569,2.6,74.728,1.011,3.052,30.705,527.415,53.608,3,0,193.3,,0,0,0,0,0,,0,0,,0,
"163","LOVELL COVE","2023081513",0,17.5,49,9,233,25.8,55.998,0.48,0.848,,,,,,,,,0,193.3,,0,0,0,0,0,,0,0,,0,
"163","LOVELL COVE","2023081514",0,22,33,14.9,236,33.3,60.783,0.91,2.663,,,,,,,,,0,193.3,,0,0,0,0,0,,0,0,,0,
"163","LOVELL COVE","2023081515",0,22.8,30,13,239,31,65.216,1.024,3.101,,,,,,,,,0,193.3,,0,0,0,0,0,,0,0,,0,
"163","LOVELL COVE","2023081516",0,21.6,34,12.3,256,32.1,68.749,1.117,3.443,,,,,,,,,0,193.3,,0,0,0,0,0,,0,0,,0,
"163","LOVELL COVE","2023081517",0,20.3,36,12.6,274,32.7,71.646,1.247,3.904,,,,,,,,,0,193.3,,0,0,0,0,0,,0,0,,0,
"163","LOVELL COVE","2023081518",0,19.9,36,12.7,263,31.6,74.163,1.391,4.396,,,,,,,,,0,193.3,,0,0,0,0,0,,0,0,,0,
"163","LOVELL COVE","2023081519",0,16.9,40,10.4,250,23.5,75.91,1.365,4.309,,,,,,,,,0,193.3,,0,0,0,0,0,,0,0,,0,
"163","LOVELL COVE","2023081520",0,14.5,54,3.9,318,19.5,76.777,1.043,3.17,,,,,,,,,0,193.3,,0,0,0,0,0,,0,0,,0,
"163","LOVELL COVE","2023081521",0,10.9,73,4.8,49,7.9,77.121,1.119,3.449,,,,,,,,,0,193.3,,0,0,0,0,0,,0,0,,0,
"163","LOVELL COVE","2023081522",0,10.7,76,4.3,237,12.5,77.384,1.113,3.428,,,,,,,,,0,193.3,,0,0,0,0,0,,0,0,,0,
"163","LOVELL COVE","2023081523",0,8.7,86,4.2,46,5.6,77.459,1.114,3.431,,,,,,,,,0,193.3,,0,0,0,0,0,,0,0,,0,
"165","MOOSE LAKE","2023081500",0,11.9,86,0,123,5.1,86.73,2.684,7.646,,,,,,,,,,,,,,0,1,583.59,,,,,,
"165","MOOSE LAKE","2023081501",0,10,91,1.6,208,3.9,85.934,2.601,7.432,,,,,,,,,,,,,,0,1,583.6,,,,,,
"165","MOOSE LAKE","2023081502",0,9.3,92,2.9,56,7.4,85.133,2.484,7.129,,,,,,,,,,,,,,0,1,583.6,,,,,,
"165","MOOSE LAKE","2023081503",0,9.2,93,1.8,173,4.5,84.4,2.126,6.167,,,,,,,,,,,,,,0,1,583.57,,,,,,
"165","MOOSE LAKE","2023081504",0,9.2,95,1.9,235,3.9,83.623,1.926,5.607,,,,,,,,,,,,,,0,1,583.55,,,,,,
"165","MOOSE LAKE","2023081505",0,9.3,94,1.9,1,3.3,82.982,1.773,5.164,,,,,,,,,,,,,,0,1,583.54,,,,,,
"165","MOOSE LAKE","2023081506",0,10.7,95,4.9,213,10.2,82.261,1.884,5.485,,,,,,,,,,,,,,0,1,583.5,,,,,,
"165","MOOSE LAKE","2023081507",0,14.1,84,4.1,233,12.5,82.191,1.794,5.225,,,,,,,,,,,,,,0,1,583.41,,,,,,
"165","MOOSE LAKE","2023081508",0,19.5,64,6.7,255,15.4,82.509,2.127,6.17,,,,,,,,,,,,,,0,1,583.3,,,,,,
"165","MOOSE LAKE","2023081509",0,20.8,56,11.8,253,26.4,83.068,2.952,8.317,,,,,,,,,,,,,,0,1,583.29,,,,,,
"165","MOOSE LAKE","2023081510",0,20.9,56,9.9,246,28.1,83.543,2.853,8.072,,,,,,,,,,,,,,0,1,583.36,,,,,,
"165","MOOSE LAKE","2023081511",0,20.5,57,10.8,241,24.6,83.929,3.141,8.779,,,,,,,,,,,,,,0,1,583.38,,,,,,
"165","MOOSE LAKE","2023081512",0,21.7,53,13.8,243,30.4,84.432,3.909,10.558,0,89.142,7.599,18.429,28.729,570.461,51.033,4,,,,,,0,1,583.37,,,,,,
"165","MOOSE LAKE","2023081513",0,21,53,9.9,238,31,84.815,3.383,9.774,,,,,,,,,,,,,,0,1,583.39,,,,,,
"165","MOOSE LAKE","2023081514",0,20.7,51,10.1,250,25.8,85.19,3.599,10.291,,,,,,,,,,,,,,0,1,583.42,,,,,,
"165","MOOSE LAKE","2023081515",0,20.7,48,7.4,254,20.6,85.573,3.312,9.6,,,,,,,,,,,,,,0,1,583.41,,,,,,
"165","MOOSE LAKE","2023081516",0,19.9,49,6.1,247,16.6,85.852,3.225,9.387,,,,,,,,,,,,,,0,1,583.42,,,,,,
"165","MOOSE LAKE","2023081517",0,19.1,48,8.1,246,14.9,86.11,3.699,10.528,,,,,,,,,,,,,,0,1,583.45,,,,,,
"165","MOOSE LAKE","2023081518",0,18.9,47,3.1,265,16.6,86.326,2.964,8.731,,,,,,,,,,,,,,0,1,583.44,,,,,,
"165","MOOSE LAKE","2023081519",0,17.6,50,7.6,247,16.6,86.446,3.782,10.723,,,,,,,,,,,,,,0,1,583.47,,,,,,
"165","MOOSE LAKE","2023081520",0,16.6,52,6.3,256,16.6,86.494,3.566,10.215,,,,,,,,,,,,,,0,1,583.49,,,,,,
"165","MOOSE LAKE","2023081521",0,15.7,56,7.2,259,17.2,86.542,3.757,10.665,,,,,,,,,,,,,,0,1,583.5,,,,,,
"165","MOOSE LAKE","2023081522",0,15.1,58,5.1,242,16,86.59,3.403,9.822,,,,,,,,,,,,,,0,1,583.5,,,,,,
"165","MOOSE LAKE","2023081523",0,12.3,69,3.4,251,8.5,86.417,3.048,8.944,,,,,,,,,,,,,,0,1,583.53,,,,,,
"166","KLUSKUS","2023081500",0,12.6,82,3,141,6.8,87.777,3.625,8.067,,,,,,,,,,,,,,0,1,552.69,,,,3688.4,0,
"166","KLUSKUS","2023081501",0,11.6,88,0.7,124,4.9,87.033,2.903,6.595,,,,,,,,,,,,,,0,1,552.66,,,,3688.4,0,
"166","KLUSKUS","2023081502",0,11.2,90,0.7,276,7.3,86.283,2.611,5.964,,,,,,,,,,,,,,0,1,552.64,,,,3688.4,0,
"166","KLUSKUS","2023081503",0,16.7,62,6.3,244,18.2,86.331,3.485,7.79,,,,,,,,,,,,,,0,1,552.58,,,,3688.4,0,
"166","KLUSKUS","2023081504",0,17.4,60,6.8,229,18,86.379,3.598,8.014,,,,,,,,,,,,,,0,1,552.6,,,,3688.4,0,
"166","KLUSKUS","2023081505",0,17,62,8.7,204,20.6,86.423,3.985,8.761,,,,,,,,,,,,,,0,1,552.63,,,,3688.4,0,
"166","KLUSKUS","2023081506",0,16.8,66,8,213,23.7,86.369,3.817,8.44,,,,,,,,,,,,,,0,1,552.64,,,,3688.4,0,
"166","KLUSKUS","2023081507",0,17.9,62,8.8,229,22.5,86.417,4.001,8.792,,,,,,,,,,,,,,0,1,552.63,,,,3688.4,0,
"166","KLUSKUS","2023081508",0,18.2,62,9.4,245,23.1,86.465,4.152,9.076,,,,,,,,,,,,,,0,1,552.63,,,,3688.4,0,
"166","KLUSKUS","2023081509",0,19.2,61,8,254,19,86.513,3.896,8.591,,,,,,,,,,,,,,0,1,552.63,,,,3688.4,0,
"166","KLUSKUS","2023081510",0,19.3,60,7.5,234,17.8,86.561,3.825,8.455,,,,,,,,,,,,,,0,1,552.64,,,,3688.4,0,
"166","KLUSKUS","2023081511",0,19.9,58,6.4,244,20.8,86.609,3.643,8.102,,,,,,,,,,,,,,0,1,552.64,,,,3688.4,0,
"166","KLUSKUS","2023081512",0,21.4,51,9.7,210,23.3,86.765,4.398,9.532,0,89.488,6.495,13.844,21.148,389.549,37.242,3,,,,,,0,1,552.63,,,,3688.4,0,
"166","KLUSKUS","2023081513",0,23,47,12.7,225,29.2,87.062,5.337,11.851,,,,,,,,,,,,,,0,1,552.62,,,,3688.4,0,
"166","KLUSKUS","2023081514",0,23.8,43,13.9,235,38.6,87.469,6.009,13.025,,,,,,,,,,,,,,0,1,552.63,,,,3688.4,0,
"166","KLUSKUS","2023081515",0,23.7,33,14.6,265,31.2,88.157,6.868,14.456,,,,,,,,,,,,,,0,1,552.65,,,,3688.4,0,
"166","KLUSKUS","2023081516",0,22.6,33,9.7,252,32.3,88.642,5.753,12.584,,,,,,,,,,,,,,0,1,552.67,,,,3688.4,0,
"166","KLUSKUS","2023081517",0,22.1,32,11.6,259,34.2,89.078,6.739,14.245,,,,,,,,,,,,,,0,1,552.68,,,,3688.4,0,
"166","KLUSKUS","2023081518",0,20.7,32,9.4,256,28.9,89.384,6.303,13.523,,,,,,,,,,,,,,0,1,552.7,,,,3688.4,0,
"166","KLUSKUS","2023081519",0,19.1,37,9,275,28.7,89.456,6.241,13.419,,,,,,,,,,,,,,0,1,552.71,,,,3688.4,0,
"166","KLUSKUS","2023081520",0,17.9,39,8.9,242,25.3,89.505,6.254,13.44,,,,,,,,,,,,,,0,1,552.71,,,,3688.4,0,
"166","KLUSKUS","2023081521",0,17.2,40,4.2,205,24.6,89.554,4.97,11.187,,,,,,,,,,,,,,0,1,552.69,,,,3688.4,0,
"166","KLUSKUS","2023081522",0,15.4,44,3.1,346,20.9,89.568,4.711,10.708,,,,,,,,,,,,,,0,1,552.69,,,,3688.4,0,
"166","KLUSKUS","2023081523",0,12.9,45,6,269,14,89.526,5.42,11.999,,,,,,,,,,,,,,0,1,552.68,,,,3688.4,0,
"167","AUGIER LAKE","2023081500",0,13.4,80,0,263,2.2,87.387,2.948,8.648,,,,,,,,,0,0,,0,0,0,0,0,,0,0,,0,
"167","AUGIER LAKE","2023081501",0,14.5,78,1.9,251,13.7,86.952,3.049,8.904,,,,,,,,,0,0,,0,0,0,0,0,,0,0,,0,
"167","AUGIER LAKE","2023081502",0,16.4,69,7.7,228,15.4,86.752,3.969,11.106,,,,,,,,,0,0,,0,0,0,0,0,,0,0,,0,
"167","AUGIER LAKE","2023081503",0,15.9,73,4.2,254,17.2,86.494,3.208,9.301,,,,,,,,,0,0,,0,0,0,0,0,,0,0,,0,
"167","AUGIER LAKE","2023081504",0,16.7,72,5.1,259,17.7,86.295,3.264,9.437,,,,,,,,,0,0,,0,0,0,0,0,,0,0,,0,
"167","AUGIER LAKE","2023081505",0,15.9,76,2.3,230,17.2,86.034,2.732,8.093,,,,,,,,,0,0,,0,0,0,0,0,,0,0,,0,
"167","AUGIER LAKE","2023081506",0,14.7,83,3.9,222,10.2,85.558,2.771,8.193,,,,,,,,,0,0,,0,0,0,0,0,,0,0,,0,
"167","AUGIER LAKE","2023081507",0,16.3,74,6.1,236,13.1,85.413,3.034,8.867,,,,,,,,,0,0,,0,0,0,0,0,,0,0,,0,
"167","AUGIER LAKE","2023081508",0,17.8,66,11.4,242,23.5,85.461,3.989,11.151,,,,,,,,,0,0,,0,0,0,0,0,,0,0,,0,
"167","AUGIER LAKE","2023081509",0,19.4,61,11.5,239,27.5,85.509,4.036,11.258,,,,,,,,,0,0,,0,0,0,0,0,,0,0,,0,
"167","AUGIER LAKE","2023081510",0,21.1,53,11,235,29.8,85.759,4.076,11.348,,,,,,,,,0,0,,0,0,0,0,0,,0,0,,0,
"167","AUGIER LAKE","2023081511",0,22.7,51,12.1,236,31,86.081,4.507,12.304,,,,,,,,,0,0,,0,0,0,0,0,,0,0,,0,
"167","AUGIER LAKE","2023081512",0,23.6,33,15.3,243,29.8,87.008,6.037,15.452,0,91.061,10.786,24.802,32.566,489.06,55.837,4,0,0,,0,0,0,0,0,,0,0,,0,
"167","AUGIER LAKE","2023081513",0,25.3,28,12.1,250,31,88.036,5.951,16.118,,,,,,,,,0,0,,0,0,0,0,0,,0,0,,0,
"167","AUGIER LAKE","2023081514",0,25.9,25,15.5,245,28.1,89.089,8.216,20.447,,,,,,,,,0,0,,0,0,0,0,0,,0,0,,0,
"167","AUGIER LAKE","2023081515",0,26.6,24,10.9,251,29.2,89.975,7.399,18.949,,,,,,,,,0,0,,0,0,0,0,0,,0,0,,0,
"167","AUGIER LAKE","2023081516",0,26.7,27,10.3,268,31,90.566,7.812,19.714,,,,,,,,,0,0,,0,0,0,0,0,,0,0,,0,
"167","AUGIER LAKE","2023081517",0,23.6,29,11.7,266,28.1,90.848,8.727,21.354,,,,,,,,,0,0,,0,0,0,0,0,,0,0,,0,
"167","AUGIER LAKE","2023081518",0,21.8,30,8.9,263,26.4,90.983,7.726,19.555,,,,,,,,,0,0,,0,0,0,0,0,,0,0,,0,
"167","AUGIER LAKE","2023081519",0,20,33,6.5,249,24.6,91.033,6.895,17.99,,,,,,,,,0,0,,0,0,0,0,0,,0,0,,0,
"167","AUGIER LAKE","2023081520",0,18.7,35,10.4,261,21.8,91.083,8.452,20.868,,,,,,,,,0,0,,0,0,0,0,0,,0,0,,0,
"167","AUGIER LAKE","2023081521",0,17.3,40,10,249,24.1,91.033,8.225,20.464,,,,,,,,,0,0,,0,0,0,0,0,,0,0,,0,
"167","AUGIER LAKE","2023081522",0,16.2,43,8.3,240,21.8,90.917,7.425,18.998,,,,,,,,,0,0,,0,0,0,0,0,,0,0,,0,
"167","AUGIER LAKE","2023081523",0,14.6,51,4.5,262,14.9,90.663,5.913,16.04,,,,,,,,,0,0,,0,0,0,0,0,,0,0,,0,
"169","UPPER FULTON","2023081500",0,13.9,78,4.1,226,9.1,86.409,3.154,6.57,,,,,,,,,,,,,,,,,,,,,,
"169","UPPER FULTON","2023081501",0,12.8,83,2.8,339,7.9,85.91,2.754,5.774,,,,,,,,,,,,,,,,,,,,,,
"169","UPPER FULTON","2023081502",0,12.7,83,3,316,11.4,85.463,2.613,5.485,,,,,,,,,,,,,,,,,,,,,,
"169","UPPER FULTON","2023081503",0,13.1,83,4,0,8.5,85.051,2.596,5.45,,,,,,,,,,,,,,,,,,,,,,
"169","UPPER FULTON","2023081504",0,13.1,84,2.9,141,13.7,84.667,2.33,4.889,,,,,,,,,,,,,,,,,,,,,,
"169","UPPER FULTON","2023081505",0,14,83,3.7,219,13.1,84.354,2.325,4.878,,,,,,,,,,,,,,,,,,,,,,
"169","UPPER FULTON","2023081506",0,16.4,77,3,162,25.8,84.291,2.226,4.662,,,,,,,,,,,,,,,,,,,,,,
"169","UPPER FULTON","2023081507",0,17.7,69,6.6,251,23.5,84.338,2.685,5.635,,,,,,,,,,,,,,,,,,,,,,
"169","UPPER FULTON","2023081508",0,18.4,66,5.6,307,22.3,84.385,2.57,5.395,,,,,,,,,,,,,,,,,,,,,,
"169","UPPER FULTON","2023081509",0,19.3,61,6.2,282,23.5,84.533,2.702,5.669,,,,,,,,,,,,,,,,,,,,,,
"169","UPPER FULTON","2023081510",0,22.1,47,8,294,18.9,85.083,3.19,6.639,,,,,,,,,,,,,,,,,,,,,,
"169","UPPER FULTON","2023081511",0,20.8,47,9.5,258,27.5,85.526,3.658,7.525,,,,,,,,,,,,,,,,,,,,,,
"169","UPPER FULTON","2023081512",0,22.7,40,10.7,305,20,86.199,4.27,8.626,0,89.399,6.744,13.649,19.32,385.241,34.335,3,,,,,,,,,,,,,,
"169","UPPER FULTON","2023081513",0,23.5,36,9.7,288,23.5,86.927,4.501,9.841,,,,,,,,,,,,,,,,,,,,,,
"169","UPPER FULTON","2023081514",0,23.4,37,10.9,318,25.8,87.516,5.2,11.091,,,,,,,,,,,,,,,,,,,,,,
"169","UPPER FULTON","2023081515",0,23.1,34,9.8,318,24.6,88.09,5.341,11.335,,,,,,,,,,,,,,,,,,,,,,
"169","UPPER FULTON","2023081516",0,22.5,33,6.8,297,26.4,88.557,4.91,10.58,,,,,,,,,,,,,,,,,,,,,,
"169","UPPER FULTON","2023081517",0,21.7,30,9,292,26.9,89.04,5.879,12.246,,,,,,,,,,,,,,,,,,,,,,
"169","UPPER FULTON","2023081518",0,19.7,37,7.7,307,17.2,89.172,5.612,11.798,,,,,,,,,,,,,,,,,,,,,,
"169","UPPER FULTON","2023081519",0,18.5,42,5.5,314,20.6,89.221,5.059,10.843,,,,,,,,,,,,,,,,,,,,,,
"169","UPPER FULTON","2023081520",0,16.2,53,3.6,304,13.7,89.121,4.531,9.896,,,,,,,,,,,,,,,,,,,,,,
"169","UPPER FULTON","2023081521",0,13.9,65,4.8,306,11.4,88.76,4.57,9.968,,,,,,,,,,,,,,,,,,,,,,
"169","UPPER FULTON","2023081522",0,12.7,70,4,294,12,88.335,4.13,9.15,,,,,,,,,,,,,,,,,,,,,,
"169","UPPER FULTON","2023081523",0,12.3,69,6.1,306,13.7,87.952,4.346,9.554,,,,,,,,,,,,,,,,,,,,,,
"170","EAST OOTSA","2023081500",0,17.2,59,12.3,276,19.8,89.029,6.932,18.345,,,,,,,,,,,,,,0,1,584.04,,,,4684.8,,
"170","EAST OOTSA","2023081501",0,17.4,59,11.6,246,26.4,88.795,6.47,17.433,,,,,,,,,,,,,,0,1,584.02,,,,4684.8,,
"170","EAST OOTSA","2023081502",0,17.1,61,8.6,246,20.6,88.555,5.375,15.158,,,,,,,,,,,,,,0,1,584.02,,,,4684.8,,
"170","EAST OOTSA","2023081503",0,16.2,65,4.8,98,20.9,88.271,4.261,12.653,,,,,,,,,,,,,,0,1,584.03,,,,4684.8,,
"170","EAST OOTSA","2023081504",0,15.4,71,4.5,211,10.6,87.876,3.966,11.948,,,,,,,,,,,,,,0,1,584.06,,,,4684.8,,
"170","EAST OOTSA","2023081505",0,14.5,77,7.4,224,12.9,87.323,4.241,12.605,,,,,,,,,,,,,,0,1,584.05,,,,4684.8,,
"170","EAST OOTSA","2023081506",0,15.9,66,8.8,243,20.6,87.138,4.432,13.053,,,,,,,,,,,,,,0,1,584.01,,,,4684.8,,
"170","EAST OOTSA","2023081507",0,17.6,59,10.5,247,28.7,87.163,4.846,13.996,,,,,,,,,,,,,,0,1,583.95,,,,4684.8,,
"170","EAST OOTSA","2023081508",0,18.3,58,10.6,239,31.2,87.211,4.904,14.127,,,,,,,,,,,,,,0,1,583.96,,,,4684.8,,
"170","EAST OOTSA","2023081509",0,19.1,56,10.2,215,22.9,87.259,4.839,13.982,,,,,,,,,,,,,,0,1,583.96,,,,4684.8,,
"170","EAST OOTSA","2023081510",0,19.9,52,10.5,257,24.9,87.307,4.947,14.222,,,,,,,,,,,,,,0,1,583.94,,,,4684.8,,
"170","EAST OOTSA","2023081511",0,21.3,47,14.8,254,32.8,87.474,6.291,17.073,,,,,,,,,,,,,,0,1,583.94,,,,4684.8,,
"170","EAST OOTSA","2023081512",0,23.3,36,18.4,261,34.8,88.057,8.199,20.73,0,92.056,14.521,31.982,38.521,394.471,61.924,4,,,,,,0,1,583.86,,,,4684.8,,
"170","EAST OOTSA","2023081513",0,23.5,35,15.8,265,37.5,88.568,7.74,20.671,,,,,,,,,,,,,,0,1,583.88,,,,4684.8,,
"170","EAST OOTSA","2023081514",0,23,29,18.2,280,37.2,89.21,9.577,24.05,,,,,,,,,,,,,,0,1,583.92,,,,4684.8,,
"170","EAST OOTSA","2023081515",0,23,30,16.8,285,34.7,89.689,9.561,24.021,,,,,,,,,,,,,,0,1,583.92,,,,4684.8,,
"170","EAST OOTSA","2023081516",0,23.2,27,15.2,276,36.5,90.202,9.492,23.9,,,,,,,,,,,,,,0,1,583.92,,,,4684.8,,
"170","EAST OOTSA","2023081517",0,22.6,26,15.1,271,31.6,90.638,10.052,24.878,,,,,,,,,,,,,,0,1,583.94,,,,4684.8,,
"170","EAST OOTSA","2023081518",0,21.3,29,16.8,286,45.4,90.839,11.271,26.93,,,,,,,,,,,,,,0,1,583.97,,,,4684.8,,
"170","EAST OOTSA","2023081519",0,19.3,35,6.9,268,31.3,90.889,6.892,19.002,,,,,,,,,,,,,,0,1,584.04,,,,4684.8,,
"170","EAST OOTSA","2023081520",0,17.2,39,8.4,282,22.3,90.882,7.426,20.063,,,,,,,,,,,,,,0,1,584.07,,,,4684.8,,
"170","EAST OOTSA","2023081521",0,14.9,45,2.7,261,19.8,90.762,5.477,16.019,,,,,,,,,,,,,,0,1,584.07,,,,4684.8,,
"170","EAST OOTSA","2023081522",0,15.5,41,13.6,282,25.2,90.692,9.393,23.724,,,,,,,,,,,,,,0,1,584.05,,,,4684.8,,
"170","EAST OOTSA","2023081523",0,14.9,43,15.5,293,30.4,90.573,10.163,25.069,,,,,,,,,,,,,,0,1,584.02,,,,4684.8,,
"171","LEO CREEK","2023081501",0,14.2,67,2.7,99,7.2,87.115,3.249,7.862,,,,,,,,,,,,,,,,,,,,5680.2,,
"171","LEO CREEK","2023081502",0,15,67,3.2,355,6,86.954,3.256,7.878,,,,,,,,,,,,,,,,,,,,5680.2,,
"171","LEO CREEK","2023081503",0,15,70,1.5,0,6.8,86.766,2.91,7.12,,,,,,,,,,,,,,,,,,,,5680.2,,
"171","LEO CREEK","2023081504",0,15.8,69,5.3,300,10.3,86.595,3.44,8.269,,,,,,,,,,,,,,,,,,,,5680.2,,
"171","LEO CREEK","2023081505",0,16.1,69,7.1,292,14.9,86.44,3.685,8.778,,,,,,,,,,,,,,,,,,,,5680.2,,
"171","LEO CREEK","2023081506",0,14.6,77,2,36,12,86.134,2.729,6.712,,,,,,,,,,,,,,,,,,,,5680.2,,
"171","LEO CREEK","2023081507",0,18.1,64,8.7,291,18.3,86.182,3.851,9.119,,,,,,,,,,,,,,,,,,,,5680.2,,
"171","LEO CREEK","2023081508",0,18.1,69,7,311,24.8,86.111,3.5,8.395,,,,,,,,,,,,,,,,,,,,5680.2,,
"171","LEO CREEK","2023081509",0,20.4,59,7.7,282,20.8,86.159,3.65,8.707,,,,,,,,,,,,,,,,,,,,5680.2,,
"171","LEO CREEK","2023081510",0,20.4,56,7.7,279,22.4,86.234,3.689,8.787,,,,,,,,,,,,,,,,,,,,5680.2,,
"171","LEO CREEK","2023081511",0,22.4,48,12.8,297,31.5,86.563,4.997,11.328,,,,,,,,,,,,,,,,,,,,5680.2,,
"171","LEO CREEK","2023081512",0,23,46,12.9,298,30.7,86.922,5.284,11.852,0,88.505,6.628,15.038,23.537,510.082,42.205,3,,,,,,,,,,,,5680.2,,
"171","LEO CREEK","2023081513",0,23.6,43,13.1,307,31.7,87.34,5.666,13.317,,,,,,,,,,,,,,,,,,,,5680.2,,
"171","LEO CREEK","2023081514",0,24.5,30,14.6,295,35.6,88.211,6.921,15.543,,,,,,,,,,,,,,,,,,,,5680.2,,
"171","LEO CREEK","2023081515",0,24.5,29,11.8,298,34.5,88.94,6.673,15.117,,,,,,,,,,,,,,,,,,,,5680.2,,
"171","LEO CREEK","2023081516",0,22.5,28,11.7,296,30.6,89.488,7.183,15.987,,,,,,,,,,,,,,,,,,,,5680.2,,
"171","LEO CREEK","2023081517",0,23.5,27,9.6,308,33.7,90.01,6.965,15.618,,,,,,,,,,,,,,,,,,,,5680.2,,
"171","LEO CREEK","2023081518",0,21.8,31,13.1,297,27.3,90.254,8.603,18.291,,,,,,,,,,,,,,,,,,,,5680.2,,
"171","LEO CREEK","2023081519",0,19.6,35,10.4,306,24.2,90.303,7.562,16.618,,,,,,,,,,,,,,,,,,,,5680.2,,
"171","LEO CREEK","2023081520",0,17.6,47,9.1,301,19.9,90.199,6.978,15.64,,,,,,,,,,,,,,,,,,,,5680.2,,
"171","LEO CREEK","2023081521",0,16.1,52,8.1,303,19.4,89.984,6.434,14.7,,,,,,,,,,,,,,,,,,,,5680.2,,
"171","LEO CREEK","2023081522",0,14.9,54,9.4,305,22.9,89.731,6.625,15.033,,,,,,,,,,,,,,,,,,,,5680.2,,
"171","LEO CREEK","2023081523",0,14,57,9.7,311,23.9,89.433,6.444,14.717,,,,,,,,,,,,,,,,,,,,5680.2,,
"172","NILKITKWA","2023081500",0,12.4,85,3.3,92,7.4,72.322,0.8,0.733,,,,,,,,,,,,,,,,,,,,,,
"172","NILKITKWA","2023081501",0,13.7,76,7.2,130,13.1,72.968,0.999,0.916,,,,,,,,,,,,,,,,,,,,,,
"172","NILKITKWA","2023081502",0,15.1,75,5.6,117,13.7,73.609,0.948,0.869,,,,,,,,,,,,,,,,,,,,,,
"172","NILKITKWA","2023081503",0,15.2,78,4.8,196,13.1,74.116,0.932,0.854,,,,,,,,,,,,,,,,,,,,,,
"172","NILKITKWA","2023081504",0,13.4,85,5.1,74,10.2,74.388,0.959,0.879,,,,,,,,,,,,,,,,,,,,,,
"172","NILKITKWA","2023081505",0,13.5,90,2,15,11.4,74.511,0.825,0.756,,,,,,,,,,,,,,,,,,,,,,
"172","NILKITKWA","2023081506",0,13.2,96,4.4,54,7.4,74.555,0.934,0.856,,,,,,,,,,,,,,,,,,,,,,
"172","NILKITKWA","2023081507",0,13.5,99,6.1,344,16,74.503,1.014,0.93,,,,,,,,,,,,,,,,,,,,,,
"172","NILKITKWA","2023081508",0,14.2,93,6,324,10.8,74.588,1.014,0.929,,,,,,,,,,,,,,,,,,,,,,
"172","NILKITKWA","2023081509",0,17.5,73,6.5,335,13.7,75.275,1.079,0.989,,,,,,,,,,,,,,,,,,,,,,
"172","NILKITKWA","2023081510",0,19,60,10.9,323,21.2,76.45,1.45,2.019,,,,,,,,,,,,,,,,,,,,,,
"172","NILKITKWA","2023081511",0,19.4,56,15.2,304,33.9,77.733,1.982,3.112,,,,,,,,,,,,,,,,,,,,,,
"172","NILKITKWA","2023081512",0,20.3,48,14.7,297,26.9,79.162,2.194,3.513,0,84.108,3.916,7.132,13.145,415.94,24.366,2,,,,,,,,,,,,,,
"172","NILKITKWA","2023081513",0,22.5,42,10.3,300,26.4,80.657,2.05,3.712,,,,,,,,,,,,,,,,,,,,,,
"172","NILKITKWA","2023081514",0,22.3,36,16.8,308,33.9,82.284,3.441,6.326,,,,,,,,,,,,,,,,,,,,,,
"172","NILKITKWA","2023081515",0,22.1,35,13.8,309,33.9,83.628,3.512,6.448,,,,,,,,,,,,,,,,,,,,,,
"172","NILKITKWA","2023081516",0,20.6,40,16.7,317,36.7,84.546,4.594,8.228,,,,,,,,,,,,,,,,,,,,,,
"172","NILKITKWA","2023081517",0,20,43,13.8,331,32.1,85.179,4.329,7.806,,,,,,,,,,,,,,,,,,,,,,
"172","NILKITKWA","2023081518",0,18.3,45,15.1,309,29.8,85.61,4.907,8.714,,,,,,,,,,,,,,,,,,,,,,
"172","NILKITKWA","2023081519",0,15.2,53,14.3,332,32.1,85.71,4.78,8.517,,,,,,,,,,,,,,,,,,,,,,
"172","NILKITKWA","2023081520",0,13.8,57,13.3,329,32.1,85.758,4.575,8.198,,,,,,,,,,,,,,,,,,,,,,
"172","NILKITKWA","2023081521",0,12.2,67,6.4,358,28.7,85.695,3.203,5.908,,,,,,,,,,,,,,,,,,,,,,
"172","NILKITKWA","2023081522",0,12.1,68,9.2,326,25.8,85.61,3.645,6.677,,,,,,,,,,,,,,,,,,,,,,
"172","NILKITKWA","2023081523",0,11.8,67,9.6,325,21.8,85.55,3.689,6.75,,,,,,,,,,,,,,,,,,,,,,
"173","NORTH BABINE","2023081500",0,12.3,80,0,27,4.5,85.565,2.279,,,,,,,,,,,,,,,,,,,,,,,
"173","NORTH BABINE","2023081501",0,12,82,3.3,15,6.8,85.183,2.552,,,,,,,,,,,,,,,,,,,,,,,
"173","NORTH BABINE","2023081502",0,14.2,73,5.3,215,16.6,85.084,2.785,,,,,,,,,,,,,,,,,,,,,,,
"173","NORTH BABINE","2023081503",0,15.5,72,6.7,194,21.2,85.036,2.968,,,,,,,,,,,,,,,,,,,,,,,
"173","NORTH BABINE","2023081504",0,16.2,69,7.5,185,29.8,85.077,3.108,,,,,,,,,,,,,,,,,,,,,,,
"173","NORTH BABINE","2023081505",0,15.5,72,7.2,189,17.2,85.029,3.041,,,,,,,,,,,,,,,,,,,,,,,
"173","NORTH BABINE","2023081506",0,15.7,71,10.2,185,23.5,85.011,3.529,,,,,,,,,,,,,,,,,,,,,,,
"173","NORTH BABINE","2023081507",0,16,74,5.1,235,18.9,84.934,2.7,,,,,,,,,,,,,,,,,,,,,,,
"173","NORTH BABINE","2023081508",0,16.7,74,7.9,210,20,84.87,3.082,,,,,,,,,,,,,,,,,,,,,,,
"173","NORTH BABINE","2023081509",0,18.9,62,6,211,16.6,84.942,2.829,,,,,,,,,,,,,,,,,,,,,,,
"173","NORTH BABINE","2023081510",0,18.5,64,7.4,238,16.6,84.99,3.055,,,,,,,,,,,,,,,,,,,,,,,
"173","NORTH BABINE","2023081511",0,20.7,57,7,252,17.7,85.186,3.077,,,,,,,,,,,,,,,,,,,,,,,
"173","NORTH BABINE","2023081512",0,21.1,54,6.9,226,16.6,85.435,3.168,,0,,,,,,,,,,,,,,,,,,,,,
"173","NORTH BABINE","2023081513",0,23.6,36,11.1,237,24.1,86.306,4.423,,,,,,,,,,,,,,,,,,,,,,,
"173","NORTH BABINE","2023081514",0,23.6,34,11.2,211,26.9,87.111,4.983,,,,,,,,,,,,,,,,,,,,,,,
"173","NORTH BABINE","2023081515",0,23.8,26,12.4,233,30.4,88.116,6.112,,,,,,,,,,,,,,,,,,,,,,,
"173","NORTH BABINE","2023081516",0,23.3,26,11.8,247,25.8,88.916,6.651,,,,,,,,,,,,,,,,,,,,,,,
"173","NORTH BABINE","2023081517",0,23.6,24,10.7,266,32.1,89.666,7.007,,,,,,,,,,,,,,,,,,,,,,,
"173","NORTH BABINE","2023081518",0,20.9,31,10.4,266,23.5,89.926,7.164,,,,,,,,,,,,,,,,,,,,,,,
"173","NORTH BABINE","2023081519",0,17.5,39,8.4,259,20.6,89.975,6.523,,,,,,,,,,,,,,,,,,,,,,,
"173","NORTH BABINE","2023081520",0,15.8,50,7,306,18.9,89.831,5.954,,,,,,,,,,,,,,,,,,,,,,,
"173","NORTH BABINE","2023081521",0,13.3,55,8.4,250,21.2,89.568,6.153,,,,,,,,,,,,,,,,,,,,,,,
"173","NORTH BABINE","2023081522",0,12,61,6,278,14.9,89.224,5.189,,,,,,,,,,,,,,,,,,,,,,,
"173","NORTH BABINE","2023081523",0,11.7,65,4.5,203,17.2,88.85,4.56,,,,,,,,,,,,,,,,,,,,,,,
"175","BEDNESTI","2023081500",0,16.6,58,5.4,252,11.4,90.27,5.849,17.802,,,,,,,,,,,,,,,,,,,,,,
"175","BEDNESTI","2023081501",0,16.6,59,5.4,254,10.8,89.917,5.562,17.147,,,,,,,,,,,,,,,,,,,,,,
"175","BEDNESTI","2023081502",0,16.5,60,5.4,223,12.5,89.582,5.301,16.542,,,,,,,,,,,,,,,,,,,,,,
"175","BEDNESTI","2023081503",0,16.8,62,5.7,229,15.4,89.24,5.124,16.124,,,,,,,,,,,,,,,,,,,,,,
"175","BEDNESTI","2023081504",0,17.3,62,6.4,197,11.4,88.937,5.082,16.024,,,,,,,,,,,,,,,,,,,,,,
"175","BEDNESTI","2023081505",0,17.5,61,5.5,201,10.2,88.704,4.697,15.093,,,,,,,,,,,,,,,,,,,,,,
"175","BEDNESTI","2023081506",0,18.6,59,7.6,195,12.5,88.548,5.105,16.08,,,,,,,,,,,,,,,,,,,,,,
"175","BEDNESTI","2023081507",0,18.7,60,8.1,187,16.6,88.388,5.117,16.107,,,,,,,,,,,,,,,,,,,,,,
"175","BEDNESTI","2023081508",0,19.3,58,6.8,188,13.1,88.31,4.739,15.197,,,,,,,,,,,,,,,,,,,,,,
"175","BEDNESTI","2023081509",0,19.7,58,9.9,191,17.2,88.242,5.486,16.974,,,,,,,,,,,,,,,,,,,,,,
"175","BEDNESTI","2023081510",0,19.9,60,3.8,140,19.5,88.159,3.987,13.293,,,,,,,,,,,,,,,,,,,,,,
"175","BEDNESTI","2023081511",0,21.7,51,8.8,215,26.9,88.208,5.165,16.222,,,,,,,,,,,,,,,,,,,,,,
"175","BEDNESTI","2023081512",0,22.7,48,8.6,220,24.6,88.257,5.149,16.185,0,90.158,6.764,20.368,43.393,545.731,72.395,4,,,,,,,,,,,,,,
"175","BEDNESTI","2023081513",0,22.8,45,10.6,222,21.8,88.371,5.79,18.182,,,,,,,,,,,,,,,,,,,,,,
"175","BEDNESTI","2023081514",0,24.8,40,9.2,222,20.6,88.675,5.636,17.824,,,,,,,,,,,,,,,,,,,,,,
"175","BEDNESTI","2023081515",0,28,28,9.3,249,22.3,89.524,6.398,19.563,,,,,,,,,,,,,,,,,,,,,,
"175","BEDNESTI","2023081516",0,28.2,23,9.6,265,29.2,90.451,7.419,21.764,,,,,,,,,,,,,,,,,,,,,,
"175","BEDNESTI","2023081517",0,27.3,23,12.1,253,29.2,91.176,9.331,25.576,,,,,,,,,,,,,,,,,,,,,,
"175","BEDNESTI","2023081518",0,24.8,26,10.3,240,28.1,91.507,8.932,24.81,,,,,,,,,,,,,,,,,,,,,,
"175","BEDNESTI","2023081519",0,23.6,29,6.8,227,21.2,91.62,7.609,22.162,,,,,,,,,,,,,,,,,,,,,,
"175","BEDNESTI","2023081520",0,21.6,33,5.9,214,23.5,91.67,7.323,21.564,,,,,,,,,,,,,,,,,,,,,,
"175","BEDNESTI","2023081521",0,20.4,36,7.7,243,20,91.695,8.047,23.058,,,,,,,,,,,,,,,,,,,,,,
"175","BEDNESTI","2023081522",0,19.4,38,7,229,15.4,91.66,7.73,22.41,,,,,,,,,,,,,,,,,,,,,,
"175","BEDNESTI","2023081523",0,18.7,42,7.2,226,20,91.533,7.668,22.283,,,,,,,,,,,,,,,,,,,,,,
"178","PEDEN","2023081500",0,15,78,5.2,327,12,87.879,4.11,12.766,,,,,,,,,,,,,,0,1,118.95,,,,,,
"178","PEDEN","2023081501",0,14.4,82,3.1,98,11.4,87.233,3.371,10.883,,,,,,,,,,,,,,0,1,118.93,,,,,,
"178","PEDEN","2023081502",0,13.5,85,5.5,57,13.1,86.505,3.431,11.04,,,,,,,,,,,,,,0,1,118.92,,,,,,
"178","PEDEN","2023081503",0,13.4,86,3.5,78,10.2,85.865,2.835,9.418,,,,,,,,,,,,,,0,1,118.91,,,,,,
"178","PEDEN","2023081504",0,13.1,86,4,95,10.8,85.292,2.684,8.989,,,,,,,,,,,,,,0,1,118.89,,,,,,
"178","PEDEN","2023081505",0,14.8,71,8.6,251,22.3,85.228,3.354,10.837,,,,,,,,,,,,,,0,1,118.87,,,,,,
"178","PEDEN","2023081506",0,18.8,60,14.3,271,25.2,85.303,4.516,13.748,,,,,,,,,,,,,,0,1,118.84,,,,,,
"178","PEDEN","2023081507",0,19.2,60,12.8,269,27.5,85.376,4.23,13.061,,,,,,,,,,,,,,0,1,118.8,,,,,,
"178","PEDEN","2023081508",0,20.3,59,7.3,302,25.8,85.479,3.252,10.567,,,,,,,,,,,,,,0,1,118.75,,,,,,
"178","PEDEN","2023081509",0,21.5,58,9.3,268,22.9,85.62,3.669,11.659,,,,,,,,,,,,,,0,1,118.69,,,,,,
"178","PEDEN","2023081510",0,23.1,48,14.7,268,29.2,86.079,5.136,15.181,,,,,,,,,,,,,,0,1,118.56,,,,,,
"178","PEDEN","2023081511",0,25.3,36,19.8,269,35,87.036,7.604,20.317,,,,,,,,,,,,,,0,1,118.41,,,,,,
"178","PEDEN","2023081512",0,25.7,34,18.8,299,39.6,87.909,8.191,21.432,0,91.635,13.959,32.376,38.679,627.743,67.032,4,,,,,,0,1,118.09,,,,,,
"178","PEDEN","2023081513",0,26.8,27,15.5,307,31,88.954,8.058,22.175,,,,,,,,,,,,,,0,1,117.77,,,,,,
"178","PEDEN","2023081514",0,26.6,26,21.1,299,35,89.879,12.201,29.572,,,,,,,,,,,,,,0,1,117.46,,,,,,
"178","PEDEN","2023081515",0,26.1,26,8.7,329,37.3,90.485,7.123,20.299,,,,,,,,,,,,,,0,1,117.18,,,,,,
"178","PEDEN","2023081516",0,25.7,26,14.3,326,31,91.003,10.172,26.11,,,,,,,,,,,,,,0,1,116.92,,,,,,
"178","PEDEN","2023081517",0,25.2,28,14.7,313,28.7,91.318,10.853,27.303,,,,,,,,,,,,,,0,1,116.63,,,,,,
"178","PEDEN","2023081518",0,23.3,25,12.2,331,27.5,91.614,9.98,25.768,,,,,,,,,,,,,,0,1,116.39,,,,,,
"178","PEDEN","2023081519",0,21.6,27,7.8,331,25.2,91.722,8.119,22.295,,,,,,,,,,,,,,0,1,116.19,,,,,,
"178","PEDEN","2023081520",0,17.8,41,4.2,68,17.7,91.615,6.67,19.352,,,,,,,,,,,,,,0,1,116.07,,,,,,
"178","PEDEN","2023081521",0,16,42,7,340,10.8,91.463,7.516,21.099,,,,,,,,,,,,,,0,1,115.99,,,,,,
"178","PEDEN","2023081522",0,17,43,6.5,20,17.2,91.319,7.181,20.418,,,,,,,,,,,,,,0,1,115.88,,,,,,
"178","PEDEN","2023081523",0,13.9,50,5.8,27,11.4,91.027,6.651,19.312,,,,,,,,,,,,,,0,1,115.84,,,,,,
"179","NADINA","2023081500",0,16.3,73,4.7,213,15.4,87.431,3.759,,,,,,,,,,,,,,,0,1,152.67,,,,,,
"179","NADINA","2023081501",0,15.3,78,5.1,206,12.5,86.934,3.573,,,,,,,,,,,,,,,0,1,152.64,,,,,,
"179","NADINA","2023081502",0,14.1,84,5.9,185,10.2,86.275,3.389,,,,,,,,,,,,,,,0,1,152.62,,,,,,
"179","NADINA","2023081503",0,13.4,88,2.8,306,9.7,85.592,2.634,,,,,,,,,,,,,,,0,1,152.59,,,,,,
"179","NADINA","2023081504",0,15.2,70,7.2,210,18.9,85.524,3.257,,,,,,,,,,,,,,,0,1,152.56,,,,,,
"179","NADINA","2023081505",0,15.8,70,9.7,225,18.3,85.469,3.666,,,,,,,,,,,,,,,0,1,152.53,,,,,,
"179","NADINA","2023081506",0,16.6,71,8.9,225,20,85.411,3.493,,,,,,,,,,,,,,,0,1,152.5,,,,,,
"179","NADINA","2023081507",0,16.8,72,8.9,219,25.8,85.338,3.457,,,,,,,,,,,,,,,0,1,152.47,,,,,,
"179","NADINA","2023081508",0,18.2,69,9.7,228,21.8,85.381,3.621,,,,,,,,,,,,,,,0,1,152.42,,,,,,
"179","NADINA","2023081509",0,19.8,61,11.4,239,25.8,85.435,3.975,,,,,,,,,,,,,,,0,1,152.32,,,,,,
"179","NADINA","2023081510",0,21.4,48,17,264,41.9,85.869,5.599,,,,,,,,,,,,,,,0,1,152.16,,,,,,
"179","NADINA","2023081511",0,24.3,35,12.9,233,32.1,86.768,5.17,,,,,,,,,,,,,,,0,1,151.91,,,,,,
"179","NADINA","2023081512",0,23.9,33,14,253,28.1,87.581,6.136,,0,,,,,,,,,,,,,0,1,151.56,,,,,,
"179","NADINA","2023081513",0,25.2,30,13.5,278,28.7,88.437,6.764,,,,,,,,,,,,,,,0,1,151.21,,,,,,
"179","NADINA","2023081514",0,22.7,32,14,241,29.2,88.946,7.463,,,,,,,,,,,,,,,0,1,150.8,,,,,,
"179","NADINA","2023081515",0,23.4,31,16,249,35,89.447,8.87,,,,,,,,,,,,,,,0,1,150.36,,,,,,
"179","NADINA","2023081516",0,23.5,31,16.1,256,28.1,89.864,9.463,,,,,,,,,,,,,,,0,1,149.98,,,,,,
"179","NADINA","2023081517",0,23.3,32,14.4,235,30.4,90.155,9.056,,,,,,,,,,,,,,,0,1,149.6,,,,,,
"179","NADINA","2023081518",0,21.6,36,10.1,260,29.2,90.205,7.344,,,,,,,,,,,,,,,0,1,149.26,,,,,,
"179","NADINA","2023081519",0,19.6,34,13.3,252,30.4,90.256,8.692,,,,,,,,,,,,,,,0,1,148.92,,,,,,
"179","NADINA","2023081520",0,18.3,34,17.3,259,31,90.305,10.709,,,,,,,,,,,,,,,0,1,148.62,,,,,,
"179","NADINA","2023081521",0,16.5,41,4.2,129,28.1,90.314,5.542,,,,,,,,,,,,,,,0,1,148.39,,,,,,
"179","NADINA","2023081522",0,14.6,45,3.5,340,10.2,90.235,5.289,,,,,,,,,,,,,,,0,1,148.31,,,,,,
"179","NADINA","2023081523",0,13.3,51,5.5,244,9.7,90.03,5.681,,,,,,,,,,,,,,,0,1,148.23,,,,,,
"180","MCBRIDE LAKE","2023081500",0,18.9,63,11.3,254,23.5,88.407,6.028,17.851,,,,,,,,,0,0,,0,0,0,0,0,,0,0,,0,
"180","MCBRIDE LAKE","2023081501",0,18.2,67,6.8,251,19.5,88.092,4.593,14.538,,,,,,,,,0,0,,0,0,0,0,0,,0,0,,0,
"180","MCBRIDE LAKE","2023081502",0,17.6,68,5.8,294,16,87.795,4.186,13.527,,,,,,,,,0,0,,0,0,0,0,0,,0,0,,0,
"180","MCBRIDE LAKE","2023081503",0,17.7,65,5.2,220,18.3,87.615,3.958,12.945,,,,,,,,,0,0,,0,0,0,0,0,,0,0,,0,
"180","MCBRIDE LAKE","2023081504",0,16.4,72,2.8,240,18.3,87.301,3.353,11.335,,,,,,,,,0,0,,0,0,0,0,0,,0,0,,0,
"180","MCBRIDE LAKE","2023081505",0,17,76,7,286,17.7,86.867,3.895,12.782,,,,,,,,,0,0,,0,0,0,0,0,,0,0,,0,
"180","MCBRIDE LAKE","2023081506",0,18.8,65,9.1,261,24.1,86.812,4.296,13.804,,,,,,,,,0,0,,0,0,0,0,0,,0,0,,0,
"180","MCBRIDE LAKE","2023081507",0,19.5,63,11.5,266,35,86.827,4.858,15.179,,,,,,,,,0,0,,0,0,0,0,0,,0,0,,0,
"180","MCBRIDE LAKE","2023081508",0,21,59,13.1,262,31,86.875,5.303,16.221,,,,,,,,,0,0,,0,0,0,0,0,,0,0,,0,
"180","MCBRIDE LAKE","2023081509",0,20.9,56,14.1,257,29.8,86.923,5.615,16.933,,,,,,,,,0,0,,0,0,0,0,0,,0,0,,0,
"180","MCBRIDE LAKE","2023081510",0,21.9,48,17.5,271,35.6,87.145,6.878,19.663,,,,,,,,,0,0,,0,0,0,0,0,,0,0,,0,
"180","MCBRIDE LAKE","2023081511",0,23.4,38,13.9,263,35.6,87.688,6.2,18.225,,,,,,,,,0,0,,0,0,0,0,0,,0,0,,0,
"180","MCBRIDE LAKE","2023081512",0,24.1,32,13.7,273,33.9,88.388,6.785,19.47,0,91.781,11.022,28.448,43.321,501.11,71.244,4,0,0,,0,0,0,0,0,,0,0,,0,
"180","MCBRIDE LAKE","2023081513",0,24.1,33,15.9,276,35,88.944,8.21,23.192,,,,,,,,,0,0,,0,0,0,0,0,,0,0,,0,
"180","MCBRIDE LAKE","2023081514",0,23.5,29,18.3,271,39.6,89.543,10.097,26.79,,,,,,,,,0,0,,0,0,0,0,0,,0,0,,0,
"180","MCBRIDE LAKE","2023081515",0,23.6,27,16.3,274,35,90.107,9.898,26.426,,,,,,,,,0,0,,0,0,0,0,0,,0,0,,0,
"180","MCBRIDE LAKE","2023081516",0,23.1,30,15.7,281,29.8,90.426,10.052,26.709,,,,,,,,,0,0,,0,0,0,0,0,,0,0,,0,
"180","MCBRIDE LAKE","2023081517",0,22.1,31,15.1,269,32.1,90.615,10.02,26.649,,,,,,,,,0,0,,0,0,0,0,0,,0,0,,0,
"180","MCBRIDE LAKE","2023081518",0,21,33,14.6,266,35,90.67,9.847,26.331,,,,,,,,,0,0,,0,0,0,0,0,,0,0,,0,
"180","MCBRIDE LAKE","2023081519",0,19.6,35,15.8,265,33.9,90.72,10.535,27.584,,,,,,,,,0,0,,0,0,0,0,0,,0,0,,0,
"180","MCBRIDE LAKE","2023081520",0,18.3,39,14,278,37.9,90.747,9.659,25.982,,,,,,,,,0,0,,0,0,0,0,0,,0,0,,0,
"180","MCBRIDE LAKE","2023081521",0,17.8,41,11.4,279,29.2,90.72,8.44,23.649,,,,,,,,,0,0,,0,0,0,0,0,,0,0,,0,
"180","MCBRIDE LAKE","2023081522",0,17.2,44,10,294,28.7,90.624,7.759,22.283,,,,,,,,,0,0,,0,0,0,0,0,,0,0,,0,
"180","MCBRIDE LAKE","2023081523",0,15.3,53,3.8,107,21.2,90.372,5.476,17.295,,,,,,,,,0,0,,0,0,0,0,0,,0,0,,0,
"181","BURNS LAKE 850M","2023081500",0,17.6,60,1.4,168,6.8,88.85,3.901,9.598,,,,,,,,,,,,,,,,,,,,596.4,,
"181","BURNS LAKE 850M","2023081501",0,16.1,70,1.9,43,10.9,88.459,3.782,9.349,,,,,,,,,,,,,,,,,,,,596.4,,
"181","BURNS LAKE 850M","2023081502",0,17.9,62,3.1,223,8.2,88.285,3.919,9.635,,,,,,,,,,,,,,,,,,,,596.4,,
"181","BURNS LAKE 850M","2023081503",0,18.1,63,3.5,178,8.5,88.108,3.898,9.593,,,,,,,,,,,,,,,,,,,,596.4,,
"181","BURNS LAKE 850M","2023081504",0,17.8,65,1.8,228,6.9,87.922,3.484,8.715,,,,,,,,,,,,,,,,,,,,596.4,,
"181","BURNS LAKE 850M","2023081505",0,17.4,67,2.2,117,14,87.705,3.446,8.632,,,,,,,,,,,,,,,,,,,,596.4,,
"181","BURNS LAKE 850M","2023081506",0,17.9,62,4.4,199,14.3,87.61,3.799,9.384,,,,,,,,,,,,,,,,,,,,596.4,,
"181","BURNS LAKE 850M","2023081507",0,18.3,62,1.7,108,14.1,87.546,3.285,8.279,,,,,,,,,,,,,,,,,,,,596.4,,
"181","BURNS LAKE 850M","2023081508",0,19.1,58,5.7,236,16.2,87.573,4.034,9.873,,,,,,,,,,,,,,,,,,,,596.4,,
"181","BURNS LAKE 850M","2023081509",0,21.4,53,12.8,249,23.1,87.622,5.81,13.271,,,,,,,,,,,,,,,,,,,,596.4,,
"181","BURNS LAKE 850M","2023081510",0,21.6,54,10.6,236,24.8,87.671,5.237,12.223,,,,,,,,,,,,,,,,,,,,596.4,,
"181","BURNS LAKE 850M","2023081511",0,24.1,39,11.5,258,31.5,88.108,5.834,13.314,,,,,,,,,,,,,,,,,,,,596.4,,
"181","BURNS LAKE 850M","2023081512",0,24.6,33,9.5,262,28.1,88.686,5.731,13.129,0,91.038,8.026,18.167,26.541,428.984,45.971,4,,,,,,,,,,,,596.4,,
"181","BURNS LAKE 850M","2023081513",0,26.2,24,8,269,27.3,89.58,6.041,14.667,,,,,,,,,,,,,,,,,,,,596.4,,
"181","BURNS LAKE 850M","2023081514",0,25.6,21,12.2,263,36.7,90.469,8.478,18.912,,,,,,,,,,,,,,,,,,,,596.4,,
"181","BURNS LAKE 850M","2023081515",0,26.6,21,10.6,263,35.3,91.23,8.718,19.302,,,,,,,,,,,,,,,,,,,,596.4,,
"181","BURNS LAKE 850M","2023081516",0,26.5,22,12.3,260,27,91.81,10.312,21.788,,,,,,,,,,,,,,,,,,,,596.4,,
"181","BURNS LAKE 850M","2023081517",0,26,24,9.5,269,32.5,92.152,9.4,20.386,,,,,,,,,,,,,,,,,,,,596.4,,
"181","BURNS LAKE 850M","2023081518",0,23.9,29,4.1,260,23.4,92.202,7.211,16.777,,,,,,,,,,,,,,,,,,,,596.4,,
"181","BURNS LAKE 850M","2023081519",0,21.5,32,7,270,25.4,92.252,8.405,18.793,,,,,,,,,,,,,,,,,,,,596.4,,
"181","BURNS LAKE 850M","2023081520",0,19.7,32,5.5,267,20.8,92.286,7.831,17.839,,,,,,,,,,,,,,,,,,,,596.4,,
"181","BURNS LAKE 850M","2023081521",0,18,40,1.6,291,17.2,92.171,6.33,15.203,,,,,,,,,,,,,,,,,,,,596.4,,
"181","BURNS LAKE 850M","2023081522",0,17.5,38,1,260,12.6,92.102,6.082,14.744,,,,,,,,,,,,,,,,,,,,596.4,,
"181","BURNS LAKE 850M","2023081523",0,15,50,1.9,53,6.3,91.796,6.094,14.767,,,,,,,,,,,,,,,,,,,,596.4,,
"182","GANOKWA","2023081500",0,13.2,78,3.5,82,9.7,85.794,2.806,6.235,,,,,,,,,0,0,,0,0,0,0,0,,0,0,,0,
"182","GANOKWA","2023081501",0,12.5,81,4.7,58,11.4,85.4,2.822,6.268,,,,,,,,,0,0,,0,0,0,0,0,,0,0,,0,
"182","GANOKWA","2023081502",0,12.1,84,2,168,6.2,84.994,2.329,5.198,,,,,,,,,0,0,,0,0,0,0,0,,0,0,,0,
"182","GANOKWA","2023081503",0,14.9,71,8.4,182,14.9,84.969,3.204,7.053,,,,,,,,,0,0,,0,0,0,0,0,,0,0,,0,
"182","GANOKWA","2023081504",0,17.6,66,9.5,189,19.5,85.017,3.409,7.462,,,,,,,,,0,0,,0,0,0,0,0,,0,0,,0,
"182","GANOKWA","2023081505",0,17.6,67,8.1,187,17.7,85.065,3.198,7.041,,,,,,,,,0,0,,0,0,0,0,0,,0,0,,0,
"182","GANOKWA","2023081506",0,16.5,73,4.5,252,13.7,85.016,2.65,5.901,,,,,,,,,0,0,,0,0,0,0,0,,0,0,,0,
"182","GANOKWA","2023081507",0,17.8,71,5,294,21.8,85.044,2.728,6.068,,,,,,,,,0,0,,0,0,0,0,0,,0,0,,0,
"182","GANOKWA","2023081508",0,18.2,70,6.1,339,11.4,85.092,2.902,6.435,,,,,,,,,0,0,,0,0,0,0,0,,0,0,,0,
"182","GANOKWA","2023081509",0,19,63,6.5,221,12,85.14,2.981,6.599,,,,,,,,,0,0,,0,0,0,0,0,,0,0,,0,
"182","GANOKWA","2023081510",0,20.5,49,6.4,263,16.6,85.49,3.113,6.87,,,,,,,,,0,0,,0,0,0,0,0,,0,0,,0,
"182","GANOKWA","2023081511",0,22.9,37,11,318,23.5,86.28,4.385,9.301,,,,,,,,,0,0,,0,0,0,0,0,,0,0,,0,
"182","GANOKWA","2023081512",0,23,35,10.2,273,22.3,87.011,4.671,9.813,0,89.951,7.117,14.957,20.951,471.772,37.715,3,0,0,,0,0,0,0,0,,0,0,,0,
"182","GANOKWA","2023081513",0,23.2,32,15.5,244,29.2,87.797,6.826,14.484,,,,,,,,,0,0,,0,0,0,0,0,,0,0,,0,
"182","GANOKWA","2023081514",0,23.4,27,14.5,310,32.1,88.646,7.33,15.298,,,,,,,,,0,0,,0,0,0,0,0,,0,0,,0,
"182","GANOKWA","2023081515",0,23.4,27,13.9,288,31.6,89.342,7.859,16.129,,,,,,,,,0,0,,0,0,0,0,0,,0,0,,0,
"182","GANOKWA","2023081516",0,22.9,26,10.8,245,29.8,89.91,7.293,15.239,,,,,,,,,0,0,,0,0,0,0,0,,0,0,,0,
"182","GANOKWA","2023081517",0,23.2,25,12,262,27.5,90.444,8.363,16.9,,,,,,,,,0,0,,0,0,0,0,0,,0,0,,0,
"182","GANOKWA","2023081518",0,22.1,29,10.5,262,22.9,90.69,8.031,16.394,,,,,,,,,0,0,,0,0,0,0,0,,0,0,,0,
"182","GANOKWA","2023081519",0,19.5,35,4.5,269,20,90.74,5.978,13.063,,,,,,,,,0,0,,0,0,0,0,0,,0,0,,0,
"182","GANOKWA","2023081520",0,17.4,43,3.1,341,17.7,90.69,5.532,12.283,,,,,,,,,0,0,,0,0,0,0,0,,0,0,,0,
"182","GANOKWA","2023081521",0,15.7,50,4.8,288,9.7,90.483,5.852,12.843,,,,,,,,,0,0,,0,0,0,0,0,,0,0,,0,
"182","GANOKWA","2023081522",0,16.2,50,7.9,294,17.2,90.281,6.646,14.189,,,,,,,,,0,0,,0,0,0,0,0,,0,0,,0,
"182","GANOKWA","2023081523",0,13.6,63,3.2,262,17.2,89.862,4.939,11.21,,,,,,,,,0,0,,0,0,0,0,0,,0,0,,0,
"183","PARROTT","2023081500",0,16,69,32.7,230,46.8,,,,,,,,,,,,,,,,,,,,,,,,,
"183","PARROTT","2023081501",0,15.8,72,28.8,229,48.7,,,,,,,,,,,,,,,,,,,,,,,,,
"183","PARROTT","2023081502",0,15.3,74,37.5,210,52.1,,,,,,,,,,,,,,,,,,,,,,,,,
"183","PARROTT","2023081503",0,14.9,77,33.8,218,53.1,,,,,,,,,,,,,,,,,,,,,,,,,
"183","PARROTT","2023081504",0,14.8,72,31.6,228,47.9,,,,,,,,,,,,,,,,,,,,,,,,,
"183","PARROTT","2023081505",0,15.5,68,34.5,229,53.3,,,,,,,,,,,,,,,,,,,,,,,,,
"183","PARROTT","2023081506",0,15.1,71,29.2,229,51.6,,,,,,,,,,,,,,,,,,,,,,,,,
"183","PARROTT","2023081507",0,14.8,74,29.5,227,49.5,,,,,,,,,,,,,,,,,,,,,,,,,
"183","PARROTT","2023081508",0,15.5,74,23.9,238,48.3,,,,,,,,,,,,,,,,,,,,,,,,,
"183","PARROTT","2023081509",0,16.6,71,28.7,237,52.6,,,,,,,,,,,,,,,,,,,,,,,,,
"183","PARROTT","2023081510",0,17.7,66,21.7,241,39.5,,,,,,,,,,,,,,,,,,,,,,,,,
"183","PARROTT","2023081511",0,19.3,49,20.1,251,43.1,,,,,,,,,,,,,,,,,,,,,,,,,
"183","PARROTT","2023081512",0,21.7,39,17.3,254,45.7,,,,0,,,,,,,,,,,,,,,,,,,,,
"183","PARROTT","2023081513",0,21.7,32,32.9,254,59.9,,,,,,,,,,,,,,,,,,,,,,,,,
"183","PARROTT","2023081514",0,23.8,28,16,253,57.2,,,,,,,,,,,,,,,,,,,,,,,,,
"183","PARROTT","2023081515",0,21.9,28,19.7,268,61.3,,,,,,,,,,,,,,,,,,,,,,,,,
"183","PARROTT","2023081516",0,23.1,27,22.6,257,51.7,,,,,,,,,,,,,,,,,,,,,,,,,
"183","PARROTT","2023081517",0,22.2,26,24.5,268,54.6,,,,,,,,,,,,,,,,,,,,,,,,,
"183","PARROTT","2023081518",0,20.6,25,27.6,266,59.3,,,,,,,,,,,,,,,,,,,,,,,,,
"183","PARROTT","2023081519",0,17.8,31,19.4,271,54,,,,,,,,,,,,,,,,,,,,,,,,,
"183","PARROTT","2023081520",0,16.4,36,17.3,260,46.5,,,,,,,,,,,,,,,,,,,,,,,,,
"183","PARROTT","2023081521",0,15.5,38,27.7,265,50.2,,,,,,,,,,,,,,,,,,,,,,,,,
"183","PARROTT","2023081522",0,14.8,43,40.7,265,62.6,,,,,,,,,,,,,,,,,,,,,,,,,
"183","PARROTT","2023081523",0,14.1,45,21.4,269,55.2,,,,,,,,,,,,,,,,,,,,,,,,,
"187","HIXON","2023081500",0,11.7,96,1.6,178,3.3,86.004,2.626,7.031,,,,,,,,,,,,,,,,,,,,,,
"187","HIXON","2023081501",0,11,98,1.7,275,3.3,84.811,2.237,6.05,,,,,,,,,,,,,,,,,,,,,,
"187","HIXON","2023081502",0,10.4,97,2.4,137,3.3,83.811,2.025,5.493,,,,,,,,,,,,,,,,,,,,,,
"187","HIXON","2023081503",0,9.8,98,2.1,219,5.1,82.866,1.765,4.781,,,,,,,,,,,,,,,,,,,,,,
"187","HIXON","2023081504",0,9.9,99,1.9,57,5.1,81.947,1.559,4.193,,,,,,,,,,,,,,,,,,,,,,
"187","HIXON","2023081505",0,9.7,99,2.1,96,3.3,81.12,1.429,3.809,,,,,,,,,,,,,,,,,,,,,,
"187","HIXON","2023081506",0,10.2,99,2,119,3.3,80.377,1.309,3.445,,,,,,,,,,,,,,,,,,,,,,
"187","HIXON","2023081507",0,15,82,3.7,292,5.1,80.424,1.433,3.822,,,,,,,,,,,,,,,,,,,,,,
"187","HIXON","2023081508",0,20.4,65,2.6,323,7.9,80.848,1.421,3.785,,,,,,,,,,,,,,,,,,,,,,
"187","HIXON","2023081509",0,22.9,54,8.5,51,17.7,81.719,2.115,5.732,,,,,,,,,,,,,,,,,,,,,,
"187","HIXON","2023081510",0,22.7,67,2.3,345,12.5,82.042,1.609,4.338,,,,,,,,,,,,,,,,,,,,,,
"187","HIXON","2023081511",0,22,76,1.8,309,7.9,82.15,1.59,4.283,,,,,,,,,,,,,,,,,,,,,,
"187","HIXON","2023081512",0,23.1,65,2.1,131,5.6,82.483,1.681,4.546,0,87.599,3.378,9.091,28.674,271.309,45.362,3,,,,,,,,,,,,,,
"187","HIXON","2023081513",0,24.9,52,2.4,54,4.5,83.156,1.859,5.245,,,,,,,,,,,,,,,,,,,,,,
"187","HIXON","2023081514",0,26.9,43,4.2,147,8.5,84.169,2.326,6.514,,,,,,,,,,,,,,,,,,,,,,
"187","HIXON","2023081515",0,27.6,44,3.1,47,9.7,85.009,2.467,6.879,,,,,,,,,,,,,,,,,,,,,,
"187","HIXON","2023081516",0,27.6,49,4.3,278,9.1,85.605,2.846,7.83,,,,,,,,,,,,,,,,,,,,,,
"187","HIXON","2023081517",0,25.5,60,3.6,149,9.1,85.762,2.808,7.736,,,,,,,,,,,,,,,,,,,,,,
"187","HIXON","2023081518",0,23.5,69,3.1,121,10.8,85.81,2.757,7.61,,,,,,,,,,,,,,,,,,,,,,
"187","HIXON","2023081519",0,20.6,73,1.9,70,6.8,85.745,2.571,7.146,,,,,,,,,,,,,,,,,,,,,,
"187","HIXON","2023081520",0,17,80,2.7,136,6.8,85.435,2.564,7.127,,,,,,,,,,,,,,,,,,,,,,
"187","HIXON","2023081521",0,15.3,82,3.4,129,5.1,85.076,2.527,7.035,,,,,,,,,,,,,,,,,,,,,,
"187","HIXON","2023081522",0,14.6,78,4,63,9.1,84.873,2.533,7.05,,,,,,,,,,,,,,,,,,,,,,
"187","HIXON","2023081523",0,12.9,83,4.4,125,9.1,84.524,2.465,6.874,,,,,,,,,,,,,,,,,,,,,,
"189","CHILAKO","2023081500",0,12.2,80,2.4,302,5.1,89.189,4.307,12.643,,,,,,,,,,,,,,,,,,,,,,
"189","CHILAKO","2023081501",0,11.6,80,5.3,301,9.1,88.428,4.469,13.017,,,,,,,,,,,,,,,,,,,,,,
"189","CHILAKO","2023081502",0,11.4,82,2.8,181,12,87.749,3.575,10.878,,,,,,,,,,,,,,,,,,,,,,
"189","CHILAKO","2023081503",0,11.9,81,3.3,251,9.1,87.16,3.37,10.362,,,,,,,,,,,,,,,,,,,,,,
"189","CHILAKO","2023081504",0,11.9,80,4.2,202,16.6,86.649,3.28,10.13,,,,,,,,,,,,,,,,,,,,,,
"189","CHILAKO","2023081505",0,12.1,80,3.5,174,16,86.206,2.974,9.328,,,,,,,,,,,,,,,,,,,,,,
"189","CHILAKO","2023081506",0,13.2,75,5,244,10.8,85.934,3.087,9.627,,,,,,,,,,,,,,,,,,,,,,
"189","CHILAKO","2023081507",0,15.5,69,3,355,6.8,85.867,2.765,8.763,,,,,,,,,,,,,,,,,,,,,,
"189","CHILAKO","2023081508",0,17.7,67,1.7,335,7.9,85.885,2.596,8.296,,,,,,,,,,,,,,,,,,,,,,
"189","CHILAKO","2023081509",0,20.1,55,6,220,12,86.004,3.278,10.126,,,,,,,,,,,,,,,,,,,,,,
"189","CHILAKO","2023081510",0,20,64,2.4,348,8.5,86.052,2.753,8.731,,,,,,,,,,,,,,,,,,,,,,
"189","CHILAKO","2023081511",0,21.5,50,6.5,242,18.9,86.296,3.503,10.698,,,,,,,,,,,,,,,,,,,,,,
"189","CHILAKO","2023081512",0,22.9,46,10.9,247,22.3,86.681,4.617,13.355,0,90.602,8.093,21.135,34.796,598.853,60.764,4,,,,,,,,,,,,,,
"189","CHILAKO","2023081513",0,23.7,44,8.5,260,23.5,87.08,4.33,13.225,,,,,,,,,,,,,,,,,,,,,,
"189","CHILAKO","2023081514",0,25.2,39,9.3,268,29.2,87.642,4.885,14.526,,,,,,,,,,,,,,,,,,,,,,
"189","CHILAKO","2023081515",0,27.8,25,13.3,292,28.7,88.871,7.127,19.278,,,,,,,,,,,,,,,,,,,,,,
"189","CHILAKO","2023081516",0,27.6,25,17.7,281,37.9,89.895,10.303,25.069,,,,,,,,,,,,,,,,,,,,,,
"189","CHILAKO","2023081517",0,26.3,24,15.2,261,31,90.655,10.128,24.771,,,,,,,,,,,,,,,,,,,,,,
"189","CHILAKO","2023081518",0,24.6,28,13.6,272,32.7,91.006,9.823,24.246,,,,,,,,,,,,,,,,,,,,,,
"189","CHILAKO","2023081519",0,22.9,33,8.8,264,26.9,91.056,7.767,20.52,,,,,,,,,,,,,,,,,,,,,,
"189","CHILAKO","2023081520",0,21.3,32,6.8,277,20.6,91.106,7.073,19.172,,,,,,,,,,,,,,,,,,,,,,
"189","CHILAKO","2023081521",0,19.4,39,4.3,281,16.6,91.117,6.246,17.495,,,,,,,,,,,,,,,,,,,,,,
"189","CHILAKO","2023081522",0,17.3,41,5.9,272,16.6,91.055,6.711,18.447,,,,,,,,,,,,,,,,,,,,,,
"189","CHILAKO","2023081523",0,18.5,40,8.3,293,23.5,91.031,7.547,20.099,,,,,,,,,,,,,,,,,,,,,,
"190","JERRY","2023081500",0,11.4,88,2.3,133,5.1,86.456,2.9,6.223,,,,,,,,,,,,,,,,,,,,,,
"190","JERRY","2023081501",0,10.4,91,2.4,178,6.8,85.652,2.603,5.608,,,,,,,,,,,,,,,,,,,,,,
"190","JERRY","2023081502",0,10.8,89,4.6,143,8.5,84.973,2.647,5.702,,,,,,,,,,,,,,,,,,,,,,
"190","JERRY","2023081503",0,10.5,91,4.3,171,9.1,84.281,2.373,5.116,,,,,,,,,,,,,,,,,,,,,,
"190","JERRY","2023081504",0,10.2,91,4.4,148,7.9,83.666,2.198,4.73,,,,,,,,,,,,,,,,,,,,,,
"190","JERRY","2023081505",0,10.6,90,2.7,165,8.5,83.197,1.897,4.044,,,,,,,,,,,,,,,,,,,,,,
"190","JERRY","2023081506",0,10.7,89,3.5,162,7.4,82.809,1.88,4.002,,,,,,,,,,,,,,,,,,,,,,
"190","JERRY","2023081507",0,12.6,86,2.9,258,9.7,82.597,1.776,3.756,,,,,,,,,,,,,,,,,,,,,,
"190","JERRY","2023081508",0,19.5,60,5.3,183,12,82.945,2.094,4.497,,,,,,,,,,,,,,,,,,,,,,
"190","JERRY","2023081509",0,24.5,47,5.1,195,13.1,83.76,2.305,4.967,,,,,,,,,,,,,,,,,,,,,,
"190","JERRY","2023081510",0,23.6,46,8.7,196,17.2,84.519,3.059,6.545,,,,,,,,,,,,,,,,,,,,,,
"190","JERRY","2023081511",0,21.9,50,8.4,237,23.5,84.986,3.212,6.847,,,,,,,,,,,,,,,,,,,,,,
"190","JERRY","2023081512",0,21.1,56,7.1,212,25.8,85.215,3.104,6.635,0,88.396,4.871,10.412,19.986,271.937,33.767,3,,,,,,,,,,,,,,
"190","JERRY","2023081513",0,21.6,45,5.7,279,24.1,85.685,3.088,7.004,,,,,,,,,,,,,,,,,,,,,,
"190","JERRY","2023081514",0,22.1,43,5.3,141,22.3,86.161,3.235,7.308,,,,,,,,,,,,,,,,,,,,,,
"190","JERRY","2023081515",0,23,47,4,317,24.6,86.488,3.173,7.181,,,,,,,,,,,,,,,,,,,,,,
"190","JERRY","2023081516",0,24.3,41,9.6,238,23.5,87.042,4.552,9.84,,,,,,,,,,,,,,,,,,,,,,
"190","JERRY","2023081517",0,24.5,41,9.6,249,21.2,87.517,4.871,10.413,,,,,,,,,,,,,,,,,,,,,,
"190","JERRY","2023081518",0,23.6,40,8.5,238,23.5,87.907,4.873,10.415,,,,,,,,,,,,,,,,,,,,,,
"190","JERRY","2023081519",0,21.8,46,6.4,245,13.7,88.014,4.451,9.657,,,,,,,,,,,,,,,,,,,,,,
"190","JERRY","2023081520",0,21.1,35,7.3,273,25.2,88.384,4.911,10.483,,,,,,,,,,,,,,,,,,,,,,
"190","JERRY","2023081521",0,17,52,4.4,85,14.9,88.397,4.252,9.288,,,,,,,,,,,,,,,,,,,,,,
"190","JERRY","2023081522",0,14.9,63,3.7,83,12,88.175,3.976,8.769,,,,,,,,,,,,,,,,,,,,,,
"190","JERRY","2023081523",0,13.5,66,4.6,93,9.1,87.896,3.997,8.81,,,,,,,,,,,,,,,,,,,,,,
"192","MCGREGOR 2","2023081500",0,14.8,79,4,277,8.5,85.588,2.797,3.441,,,,,,,,,0,193.3,,0,0,0,0,0,,0,0,,0,
"192","MCGREGOR 2","2023081501",0,12.7,88,5,104,8.5,84.944,2.69,3.287,,,,,,,,,0,193.3,,0,0,0,0,0,,0,0,,0,
"192","MCGREGOR 2","2023081502",0,12.5,86,3.5,305,7.9,84.488,2.344,2.767,,,,,,,,,0,193.3,,0,0,0,0,0,,0,0,,0,
"192","MCGREGOR 2","2023081503",0,11.3,94,5.5,108,9.1,83.638,2.314,2.721,,,,,,,,,0,193.3,,0,0,0,0,0,,0,0,,0,
"192","MCGREGOR 2","2023081504",0,11.2,95,2.3,112,7.9,82.902,1.791,1.86,,,,,,,,,0,193.3,,0,0,0,0,0,,0,0,,0,
"192","MCGREGOR 2","2023081505",0,11,95,4.4,148,8.5,82.197,1.823,1.917,,,,,,,,,0,193.3,,0,0,0,0,0,,0,0,,0,
"192","MCGREGOR 2","2023081506",0,11.8,94,6.1,93,10.8,81.611,1.85,1.965,,,,,,,,,0,193.3,,0,0,0,0,0,,0,0,,0,
"192","MCGREGOR 2","2023081507",0,14.8,85,4.9,123,10.2,81.589,1.737,1.765,,,,,,,,,0,193.3,,0,0,0,0,0,,0,0,,0,
"192","MCGREGOR 2","2023081508",0,15.9,87,5.2,137,7.9,81.502,1.746,1.78,,,,,,,,,0,193.3,,0,0,0,0,0,,0,0,,0,
"192","MCGREGOR 2","2023081509",0,19.4,61,4.9,352,14.9,81.928,1.809,1.893,,,,,,,,,0,193.3,,0,0,0,0,0,,0,0,,0,
"192","MCGREGOR 2","2023081510",0,20.2,54,6.9,285,17.7,82.527,2.153,2.468,,,,,,,,,0,193.3,,0,0,0,0,0,,0,0,,0,
"192","MCGREGOR 2","2023081511",0,23.4,48,5.8,80,10.8,83.33,2.257,2.632,,,,,,,,,0,193.3,,0,0,0,0,0,,0,0,,0,
"192","MCGREGOR 2","2023081512",0,21.3,79,4.5,79,13.7,83.377,2.127,2.425,0,84.469,2.459,3.204,8.253,190.738,14.895,2,0,193.3,,0,0,0,0,0,,0,0,,0,
"192","MCGREGOR 2","2023081513",0.4,19.2,74,4.6,235,25.2,75.095,0.971,0.735,,,,,,,,,0,193.3,,0,0,0,0,0,,0,0,,0,
"192","MCGREGOR 2","2023081514",0,22.1,50,9,279,19.5,76.76,1.347,1.129,,,,,,,,,0,193.3,,0,0,0,0,0,,0,0,,0,
"192","MCGREGOR 2","2023081515",0,21.8,52,8.1,313,22.3,78.113,1.431,1.36,,,,,,,,,0,193.3,,0,0,0,0,0,,0,0,,0,
"192","MCGREGOR 2","2023081516",0,21.9,53,5.6,338,23.5,79.21,1.393,1.266,,,,,,,,,0,193.3,,0,0,0,0,0,,0,0,,0,
"192","MCGREGOR 2","2023081517",0,21,61,3.4,208,20.6,79.871,1.332,1.07,,,,,,,,,0,193.3,,0,0,0,0,0,,0,0,,0,
"192","MCGREGOR 2","2023081518",0,19.5,74,5.4,101,9.7,80.168,1.519,1.557,,,,,,,,,0,193.3,,0,0,0,0,0,,0,0,,0,
"192","MCGREGOR 2","2023081519",0,17.4,69,7.1,189,9.7,80.519,1.719,1.949,,,,,,,,,0,193.3,,0,0,0,0,0,,0,0,,0,
"192","MCGREGOR 2","2023081520",0,16.7,60,3.2,247,13.1,80.95,1.481,1.475,,,,,,,,,0,193.3,,0,0,0,0,0,,0,0,,0,
"192","MCGREGOR 2","2023081521",0,15.5,65,5.4,258,9.1,81.254,1.713,1.939,,,,,,,,,0,193.3,,0,0,0,0,0,,0,0,,0,
"192","MCGREGOR 2","2023081522",0,16.3,50,5,264,10.8,81.845,1.8,2.098,,,,,,,,,0,193.3,,0,0,0,0,0,,0,0,,0,
"192","MCGREGOR 2","2023081523",0,15.8,55,7.8,236,18.9,82.294,2.189,2.768,,,,,,,,,0,193.3,,0,0,0,0,0,,0,0,,0,
"193","BOWRON HAGGEN","2023081500",0,11.2,94,0,133,5.1,84.551,1.982,3.526,,,,,,,,,,,,,,,,,,,,,,
"193","BOWRON HAGGEN","2023081501",0,10.2,97,1.7,97,3.9,83.614,1.905,3.366,,,,,,,,,,,,,,,,,,,,,,
"193","BOWRON HAGGEN","2023081502",0,9.3,99,2.2,121,5.6,82.614,1.718,2.967,,,,,,,,,,,,,,,,,,,,,,
"193","BOWRON HAGGEN","2023081503",0,8.7,100,2.1,167,3.3,81.649,1.519,2.525,,,,,,,,,,,,,,,,,,,,,,
"193","BOWRON HAGGEN","2023081504",0,8.4,100,3.4,213,5.1,80.745,1.462,2.393,,,,,,,,,,,,,,,,,,,,,,
"193","BOWRON HAGGEN","2023081505",0,9.2,100,3.5,161,8.5,79.922,1.346,2.116,,,,,,,,,,,,,,,,,,,,,,
"193","BOWRON HAGGEN","2023081506",0,9.4,100,1.8,332,8.5,79.235,1.153,1.623,,,,,,,,,,,,,,,,,,,,,,
"193","BOWRON HAGGEN","2023081507",0,13.7,86,7.2,140,14.9,79.281,1.52,2.527,,,,,,,,,,,,,,,,,,,,,,
"193","BOWRON HAGGEN","2023081508",0,17,74,7.2,168,14.3,79.589,1.567,2.634,,,,,,,,,,,,,,,,,,,,,,
"193","BOWRON HAGGEN","2023081509",0,21.6,57,9.1,173,19.5,80.474,1.892,3.338,,,,,,,,,,,,,,,,,,,,,,
"193","BOWRON HAGGEN","2023081510",0,24.6,49,7.6,137,17.2,81.621,1.998,3.56,,,,,,,,,,,,,,,,,,,,,,
"193","BOWRON HAGGEN","2023081511",0,22.7,52,7.6,217,17.7,82.426,2.203,3.975,,,,,,,,,,,,,,,,,,,,,,
"193","BOWRON HAGGEN","2023081512",0,22.5,58,5.7,217,13.7,82.934,2.134,3.837,0,88.438,4.567,8.713,15.645,258.869,27.183,3,,,,,,,,,,,,,,
"193","BOWRON HAGGEN","2023081513",0,22.8,58,6,18,15.4,83.398,2.3,4.552,,,,,,,,,,,,,,,,,,,,,,
"193","BOWRON HAGGEN","2023081514",0,25.9,39,7,14,18.3,84.535,2.814,5.586,,,,,,,,,,,,,,,,,,,,,,
"193","BOWRON HAGGEN","2023081515",0,24.1,46,5.7,20,10.8,85.163,2.872,5.699,,,,,,,,,,,,,,,,,,,,,,
"193","BOWRON HAGGEN","2023081516",0,23.3,63,3.9,4,12.5,85.262,2.659,5.282,,,,,,,,,,,,,,,,,,,,,,
"193","BOWRON HAGGEN","2023081517",0,25.6,38,6.7,222,15.4,86.127,3.455,6.791,,,,,,,,,,,,,,,,,,,,,,
"193","BOWRON HAGGEN","2023081518",0,23.2,46,6.4,240,18.9,86.514,3.594,7.042,,,,,,,,,,,,,,,,,,,,,,
"193","BOWRON HAGGEN","2023081519",0,19.2,69,2.9,47,18.3,86.433,2.979,5.904,,,,,,,,,,,,,,,,,,,,,,
"193","BOWRON HAGGEN","2023081520",0,16.1,79,3,75,6.8,86.061,2.841,5.639,,,,,,,,,,,,,,,,,,,,,,
"193","BOWRON HAGGEN","2023081521",0,13.8,84,4.1,56,8.5,85.541,2.792,5.544,,,,,,,,,,,,,,,,,,,,,,
"193","BOWRON HAGGEN","2023081522",0,12.5,89,3.4,53,10.2,84.888,2.463,4.888,,,,,,,,,,,,,,,,,,,,,,
"193","BOWRON HAGGEN","2023081523",0,11.3,91,3.9,33,7.9,84.207,2.303,4.558,,,,,,,,,,,,,,,,,,,,,,
"195","MCBRIDE","2023081500",0,12.1,97,0,23,0,84.259,1.905,3.951,,,,,,,,,,,,,,,,,,,,,,
"195","MCBRIDE","2023081501",0,10.8,97,0,22,0,83.505,1.724,3.527,,,,,,,,,,,,,,,,,,,,,,
"195","MCBRIDE","2023081502",0,10.5,99,0,31,0,82.688,1.552,3.111,,,,,,,,,,,,,,,,,,,,,,
"195","MCBRIDE","2023081503",0,9.6,99,0,31,0,81.959,1.418,2.776,,,,,,,,,,,,,,,,,,,,,,
"195","MCBRIDE","2023081504",0,9,99,2.1,152,7.4,81.142,1.432,2.811,,,,,,,,,,,,,,,,,,,,,,
"195","MCBRIDE","2023081505",0,9.4,99,0,159,6.8,80.548,1.206,2.214,,,,,,,,,,,,,,,,,,,,,,
"195","MCBRIDE","2023081506",0,11.2,99,0,41,3.3,79.987,1.136,2.019,,,,,,,,,,,,,,,,,,,,,,
"195","MCBRIDE","2023081507",0,13.6,99,0,292,0,79.459,1.076,1.848,,,,,,,,,,,,,,,,,,,,,,
"195","MCBRIDE","2023081508",0,17.7,72,9.4,88,19.5,79.833,1.795,3.695,,,,,,,,,,,,,,,,,,,,,,
"195","MCBRIDE","2023081509",0,19.7,63,14.8,124,20,80.517,2.533,5.326,,,,,,,,,,,,,,,,,,,,,,
"195","MCBRIDE","2023081510",0,21.4,62,12.1,107,22.3,81.186,2.382,5.007,,,,,,,,,,,,,,,,,,,,,,
"195","MCBRIDE","2023081511",0,23.1,52,6.7,103,18.3,82.046,2.009,4.188,,,,,,,,,,,,,,,,,,,,,,
"195","MCBRIDE","2023081512",0,25,55,2.4,6,7.9,82.692,1.752,3.595,0,87.38,3.324,7.487,18.402,510.815,33.763,2,,,,,,,,,,,,,,
"195","MCBRIDE","2023081513",0,21.9,65,11.6,298,21.8,83.031,2.909,6.627,,,,,,,,,,,,,,,,,,,,,,
"195","MCBRIDE","2023081514",0,24.1,53,13,296,22.3,83.758,3.431,7.704,,,,,,,,,,,,,,,,,,,,,,
"195","MCBRIDE","2023081515",0,24.3,51,10.3,301,22.9,84.418,3.271,7.381,,,,,,,,,,,,,,,,,,,,,,
"195","MCBRIDE","2023081516",0,24.3,52,11,284,22.3,84.959,3.648,8.134,,,,,,,,,,,,,,,,,,,,,,
"195","MCBRIDE","2023081517",0,24,46,11.1,299,22.3,85.591,4.001,8.816,,,,,,,,,,,,,,,,,,,,,,
"195","MCBRIDE","2023081518",0,23.8,44,11,283,23.5,86.179,4.323,9.42,,,,,,,,,,,,,,,,,,,,,,
"195","MCBRIDE","2023081519",0,21.6,52,8.4,284,14.3,86.37,3.895,8.614,,,,,,,,,,,,,,,,,,,,,,
"195","MCBRIDE","2023081520",0,19.7,55,9,275,16.6,86.427,4.047,8.904,,,,,,,,,,,,,,,,,,,,,,
"195","MCBRIDE","2023081521",0,19.7,53,8.4,317,16,86.518,3.978,8.773,,,,,,,,,,,,,,,,,,,,,,
"195","MCBRIDE","2023081522",0,14.8,87,0,239,12.5,85.993,2.419,5.557,,,,,,,,,,,,,,,,,,,,,,
"195","MCBRIDE","2023081523",0,14.2,78,6,299,10.2,85.661,3.124,7.08,,,,,,,,,,,,,,,,,,,,,,
"199","CATFISH","2023081500",0,15.6,71,7.9,213,16,86.312,3.768,6.017,,,,,,,,,0,0,,0,0,0,0,0,,0,0,,0,
"199","CATFISH","2023081501",0,14.7,74,5.7,177,14.9,86.059,3.254,5.212,,,,,,,,,0,0,,0,0,0,0,0,,0,0,,0,
"199","CATFISH","2023081502",0,12.2,83,2.3,149,14.3,85.61,2.575,4.079,,,,,,,,,0,0,,0,0,0,0,0,,0,0,,0,
"199","CATFISH","2023081503",0,11.2,88,2.3,154,5.6,85.029,2.376,3.73,,,,,,,,,0,0,,0,0,0,0,0,,0,0,,0,
"199","CATFISH","2023081504",0,10.7,89,1.9,320,4.5,84.48,2.16,3.34,,,,,,,,,0,0,,0,0,0,0,0,,0,0,,0,
"199","CATFISH","2023081505",0,10.5,90,3.4,139,6.8,83.91,2.158,3.336,,,,,,,,,0,0,,0,0,0,0,0,,0,0,,0,
"199","CATFISH","2023081506",0,11.4,91,3.4,157,6.8,83.349,2.005,3.05,,,,,,,,,0,0,,0,0,0,0,0,,0,0,,0,
"199","CATFISH","2023081507",0,13.3,88,2.6,134,5.6,83.005,1.842,2.737,,,,,,,,,0,0,,0,0,0,0,0,,0,0,,0,
"199","CATFISH","2023081508",0,17.1,69,4.6,33,9.1,83.099,2.062,3.157,,,,,,,,,0,0,,0,0,0,0,0,,0,0,,0,
"199","CATFISH","2023081509",0,20.5,59,4.6,86,12,83.437,2.154,3.328,,,,,,,,,0,0,,0,0,0,0,0,,0,0,,0,
"199","CATFISH","2023081510",0,23.8,51,4.8,216,16,84.039,2.356,3.695,,,,,,,,,0,0,,0,0,0,0,0,,0,0,,0,
"199","CATFISH","2023081511",0,23.2,53,4,348,12,84.482,2.402,3.776,,,,,,,,,0,0,,0,0,0,0,0,,0,0,,0,
"199","CATFISH","2023081512",0,22.8,64,5.7,283,13.1,84.63,2.67,4.244,0,87.088,3.765,6.497,13.183,173.57,22.159,2,0,0,,0,0,0,0,0,,0,0,,0,
"199","CATFISH","2023081513",0,23.1,53,6.2,295,16.6,85.025,2.89,5.022,,,,,,,,,0,0,,0,0,0,0,0,,0,0,,0,
"199","CATFISH","2023081514",0,25.6,39,5.4,299,23.5,85.865,3.119,5.422,,,,,,,,,0,0,,0,0,0,0,0,,0,0,,0,
"199","CATFISH","2023081515",0,25,45,7.3,263,18.9,86.394,3.698,6.389,,,,,,,,,0,0,,0,0,0,0,0,,0,0,,0,
"199","CATFISH","2023081516",0,23.5,41,9.2,300,19.5,86.925,4.387,7.477,,,,,,,,,0,0,,0,0,0,0,0,,0,0,,0,
"199","CATFISH","2023081517",0,22.7,55,5.1,305,14.9,86.973,3.593,6.218,,,,,,,,,0,0,,0,0,0,0,0,,0,0,,0,
"199","CATFISH","2023081518",0,20.9,63,2.5,168,12,87.002,3.165,5.5,,,,,,,,,0,0,,0,0,0,0,0,,0,0,,0,
"199","CATFISH","2023081519",0,17.8,77,0,228,5.6,86.724,2.682,4.651,,,,,,,,,0,0,,0,0,0,0,0,,0,0,,0,
"199","CATFISH","2023081520",0,16.2,78,4.2,167,12.5,86.331,3.135,5.449,,,,,,,,,0,0,,0,0,0,0,0,,0,0,,0,
"199","CATFISH","2023081521",0,14.7,83,5.1,243,9.1,85.799,3.044,5.292,,,,,,,,,0,0,,0,0,0,0,0,,0,0,,0,
"199","CATFISH","2023081522",0,14.1,82,4.8,246,12.5,85.374,2.826,4.909,,,,,,,,,0,0,,0,0,0,0,0,,0,0,,0,
"199","CATFISH","2023081523",0,13.9,82,3.2,252,12.5,85.019,2.483,4.286,,,,,,,,,0,0,,0,0,0,0,0,,0,0,,0,
"200","VALEMOUNT 2","2023081500",0,11.5,88,5,231,7.4,85.04,2.726,8.601,,,,,,,,,,,,,,,,,,,,,,
"200","VALEMOUNT 2","2023081501",0,11.1,88,6.4,224,7.9,84.447,2.698,8.524,,,,,,,,,,,,,,,,,,,,,,
"200","VALEMOUNT 2","2023081502",0,10.5,90,6,217,7.9,83.836,2.436,7.792,,,,,,,,,,,,,,,,,,,,,,
"200","VALEMOUNT 2","2023081503",0,10.2,91,4.7,226,6.8,83.266,2.117,6.862,,,,,,,,,,,,,,,,,,,,,,
"200","VALEMOUNT 2","2023081504",0,9.9,92,4.6,229,6.8,82.709,1.962,6.392,,,,,,,,,,,,,,,,,,,,,,
"200","VALEMOUNT 2","2023081505",0,9.6,93,5,221,7.4,82.153,1.868,6.102,,,,,,,,,,,,,,,,,,,,,,
"200","VALEMOUNT 2","2023081506",0,10.3,92,4.1,209,6.8,81.724,1.696,5.555,,,,,,,,,,,,,,,,,,,,,,
"200","VALEMOUNT 2","2023081507",0,13.3,84,5.2,202,9.7,81.702,1.787,5.848,,,,,,,,,,,,,,,,,,,,,,
"200","VALEMOUNT 2","2023081508",0,17.5,67,4.6,130,11.4,81.943,1.785,5.84,,,,,,,,,,,,,,,,,,,,,,
"200","VALEMOUNT 2","2023081509",0,19.7,54,7.7,147,18.3,82.533,2.244,7.236,,,,,,,,,,,,,,,,,,,,,,
"200","VALEMOUNT 2","2023081510",0,21.9,54,6.5,90,18.3,83.12,2.275,7.328,,,,,,,,,,,,,,,,,,,,,,
"200","VALEMOUNT 2","2023081511",0,24.3,47,10,147,20,83.995,3.044,9.454,,,,,,,,,,,,,,,,,,,,,,
"200","VALEMOUNT 2","2023081512",0,25.7,41,9.5,134,22.9,85.01,3.406,10.388,0,89.89,6.811,18.658,36.061,484.936,60.816,4,,,,,,,,,,,,,,
"200","VALEMOUNT 2","2023081513",0,27,31,9.7,171,22.9,86.333,4.137,12.765,,,,,,,,,,,,,,,,,,,,,,
"200","VALEMOUNT 2","2023081514",0,27.3,32,11.5,185,24.6,87.433,5.297,15.463,,,,,,,,,,,,,,,,,,,,,,
"200","VALEMOUNT 2","2023081515",0,27.6,29,7.4,169,33.3,88.409,4.954,14.692,,,,,,,,,,,,,,,,,,,,,,
"200","VALEMOUNT 2","2023081516",0,27.1,31,7.5,288,21.2,89.109,5.506,15.923,,,,,,,,,,,,,,,,,,,,,,
"200","VALEMOUNT 2","2023081517",0,24.3,52,5.4,331,15.4,89.158,4.988,14.768,,,,,,,,,,,,,,,,,,,,,,
"200","VALEMOUNT 2","2023081518",0,21.4,57,5.9,350,13.7,89.041,5.03,14.864,,,,,,,,,,,,,,,,,,,,,,
"200","VALEMOUNT 2","2023081519",0,18.1,68,4.1,343,16,88.645,4.34,13.256,,,,,,,,,,,,,,,,,,,,,,
"200","VALEMOUNT 2","2023081520",0,16.7,72,2.6,233,9.7,88.214,3.783,11.885,,,,,,,,,,,,,,,,,,,,,,
"200","VALEMOUNT 2","2023081521",0,15.2,78,2.7,265,7.4,87.665,3.514,11.197,,,,,,,,,,,,,,,,,,,,,,
"200","VALEMOUNT 2","2023081522",0,13.5,82,3.7,263,6.8,87.035,3.378,10.841,,,,,,,,,,,,,,,,,,,,,,
"200","VALEMOUNT 2","2023081523",0,12.5,82,4.5,224,8.5,86.468,3.245,10.488,,,,,,,,,,,,,,,,,,,,,,
"206","TAUTRI","2023081500",0,13.5,74,0.5,33,10.2,89.488,4.085,12.98,,,,,,,,,,,,,,,,,,,,1790,,
"206","TAUTRI","2023081501",0,11.3,82,0,336,3.9,88.876,3.649,11.862,,,,,,,,,,,,,,,,,,,,1790,,
"206","TAUTRI","2023081502",0,10.1,88,0,354,4.4,88.148,3.287,10.897,,,,,,,,,,,,,,,,,,,,1790,,
"206","TAUTRI","2023081503",0,9.1,90,0,356,4.8,87.424,2.963,10.001,,,,,,,,,,,,,,,,,,,,1790,,
"206","TAUTRI","2023081504",0,8.3,91,0,2,0,86.732,2.685,9.203,,,,,,,,,,,,,,,,,,,,1790,,
"206","TAUTRI","2023081505",0,8.2,94,0,12,3,85.97,2.411,8.386,,,,,,,,,,,,,,,,,,,,1790,,
"206","TAUTRI","2023081506",0,9,95,0,350,4.2,85.209,2.169,7.636,,,,,,,,,,,,,,,,,,,,1790,,
"206","TAUTRI","2023081507",0,12.7,89,0.4,76,3.9,84.691,2.061,7.293,,,,,,,,,,,,,,,,,,,,1790,,
"206","TAUTRI","2023081508",0,18.9,55,3.8,119,7.9,84.902,2.518,8.707,,,,,,,,,,,,,,,,,,,,1790,,
"206","TAUTRI","2023081509",0,22.8,47,5.4,162,11.8,85.398,2.923,9.886,,,,,,,,,,,,,,,,,,,,1790,,
"206","TAUTRI","2023081510",0,25.9,35,10,227,19.8,86.427,4.257,13.406,,,,,,,,,,,,,,,,,,,,1790,,
"206","TAUTRI","2023081511",0,27.3,30,13.2,217,26.7,87.624,5.93,17.266,,,,,,,,,,,,,,,,,,,,1790,,
"206","TAUTRI","2023081512",0,26.2,34,13.9,280,30.7,88.37,6.836,19.175,0,92.211,11.831,29.451,40.508,600.887,69.331,3,,,,,,,,,,,,1790,,
"206","TAUTRI","2023081513",0,26.5,32,12.4,271,27.5,89.061,6.999,20.403,,,,,,,,,,,,,,,,,,,,1790,,
"206","TAUTRI","2023081514",0,28.8,24,14.3,278,29.8,90.136,8.986,24.368,,,,,,,,,,,,,,,,,,,,1790,,
"206","TAUTRI","2023081515",0,27.8,24,17.2,293,37.6,90.952,11.686,29.204,,,,,,,,,,,,,,,,,,,,1790,,
"206","TAUTRI","2023081516",0,26.8,24,16.4,269,31.1,91.536,12.197,30.064,,,,,,,,,,,,,,,,,,,,1790,,
"206","TAUTRI","2023081517",0,23.7,37,7.8,332,31.7,91.586,7.964,22.379,,,,,,,,,,,,,,,,,,,,1790,,
"206","TAUTRI","2023081518",0,22.1,39,6.2,357,16,91.589,7.35,21.134,,,,,,,,,,,,,,,,,,,,1790,,
"206","TAUTRI","2023081519",0,19.7,40,4.8,343,14.7,91.535,6.798,19.976,,,,,,,,,,,,,,,,,,,,1790,,
"206","TAUTRI","2023081520",0,19.2,38,6.2,333,16.1,91.516,7.274,20.977,,,,,,,,,,,,,,,,,,,,1790,,
"206","TAUTRI","2023081521",0,18.7,35,6.7,324,21,91.548,7.494,21.431,,,,,,,,,,,,,,,,,,,,1790,,
"206","TAUTRI","2023081522",0,13,50,5.4,333,14.1,91.234,6.713,19.796,,,,,,,,,,,,,,,,,,,,1790,,
"206","TAUTRI","2023081523",0,13.7,49,5.3,312,11.7,90.975,6.437,19.199,,,,,,,,,,,,,,,,,,,,1790,,
"208","TATLA LAKE","2023081500",0,16.4,55,3.9,316,9.1,92.851,7.822,30.57,,,,,,,,,,,,,,,,,,,,,,
"208","TATLA LAKE","2023081501",0,14.8,61,2.8,127,10.2,92.213,6.765,27.698,,,,,,,,,,,,,,,,,,,,,,
"208","TATLA LAKE","2023081502",0,13.1,67,4.7,17,6.8,91.463,6.695,27.5,,,,,,,,,,,,,,,,,,,,,,
"208","TATLA LAKE","2023081503",0,11.5,78,2.2,94,6.2,90.6,5.219,23.126,,,,,,,,,,,,,,,,,,,,,,
"208","TATLA LAKE","2023081504",0,10.8,81,3.1,194,7.9,89.716,4.812,21.832,,,,,,,,,,,,,,,,,,,,,,
"208","TATLA LAKE","2023081505",0,11,76,7.2,314,11.4,88.986,5.328,23.465,,,,,,,,,,,,,,,,,,,,,,
"208","TATLA LAKE","2023081506",0,10,82,4.7,299,13.1,88.213,4.204,19.811,,,,,,,,,,,,,,,,,,,,,,
"208","TATLA LAKE","2023081507",0,13.1,73,3.2,148,7.4,87.79,3.669,17.929,,,,,,,,,,,,,,,,,,,,,,
"208","TATLA LAKE","2023081508",0,15.4,63,4.3,156,7.9,87.634,3.792,18.372,,,,,,,,,,,,,,,,,,,,,,
"208","TATLA LAKE","2023081509",0,20.3,49,4.4,159,8.5,87.683,3.838,18.535,,,,,,,,,,,,,,,,,,,,,,
"208","TATLA LAKE","2023081510",0,25.6,34,10.1,229,14.3,88.349,5.628,24.385,,,,,,,,,,,,,,,,,,,,,,
"208","TATLA LAKE","2023081511",0,27.3,30,7.4,182,17.7,89.108,5.477,23.925,,,,,,,,,,,,,,,,,,,,,,
"208","TATLA LAKE","2023081512",0,29.9,26,6.1,277,16.6,90.022,5.849,25.05,0,94.087,10.381,37.327,99.939,667.162,145.419,4,,,,,,,,,,,,,,
"208","TATLA LAKE","2023081513",0,30.4,22,9.9,277,22.9,91.042,8.194,31.921,,,,,,,,,,,,,,,,,,,,,,
"208","TATLA LAKE","2023081514",0,30.2,19,24.8,308,43.1,92.148,20.31,57.107,,,,,,,,,,,,,,,,,,,,,,
"208","TATLA LAKE","2023081515",0,31.9,15,23.2,282,41.9,93.334,22.131,60.192,,,,,,,,,,,,,,,,,,,,,,
"208","TATLA LAKE","2023081516",0,30.5,15,25.1,313,44.8,94.131,27.21,68.217,,,,,,,,,,,,,,,,,,,,,,
"208","TATLA LAKE","2023081517",0,30.5,15,17.3,309,36.2,94.686,19.828,56.268,,,,,,,,,,,,,,,,,,,,,,
"208","TATLA LAKE","2023081518",0,28.8,17,12.9,310,29.8,94.907,16.373,49.958,,,,,,,,,,,,,,,,,,,,,,
"208","TATLA LAKE","2023081519",0,26.4,24,10.8,343,25.2,94.95,14.816,46.913,,,,,,,,,,,,,,,,,,,,,,
"208","TATLA LAKE","2023081520",0,23.8,26,14.7,302,24.1,94.882,17.866,52.753,,,,,,,,,,,,,,,,,,,,,,
"208","TATLA LAKE","2023081521",0,21.7,33,8.4,293,21.2,94.632,12.568,42.247,,,,,,,,,,,,,,,,,,,,,,
"208","TATLA LAKE","2023081522",0,19.6,37,4.1,193,11.4,94.341,9.721,35.754,,,,,,,,,,,,,,,,,,,,,,
"208","TATLA LAKE","2023081523",0,18.1,38,10.3,338,14.9,93.978,12.637,42.393,,,,,,,,,,,,,,,,,,,,,,
"209","ALEXIS CREEK","2023081500",0,18.8,52,2.5,80,9.4,93.059,7.505,28.802,,,,,,,,,,,,,,,,,,,,599.6,,
"209","ALEXIS CREEK","2023081501",0,17.8,54,3.5,73,8.4,92.536,7.334,28.353,,,,,,,,,,,,,,,,,,,,599.6,,
"209","ALEXIS CREEK","2023081502",0,16.2,59,3.4,95,7.2,91.957,6.725,26.716,,,,,,,,,,,,,,,,,,,,599.6,,
"209","ALEXIS CREEK","2023081503",0,15.1,62,2.5,326,7.6,91.398,5.937,24.503,,,,,,,,,,,,,,,,,,,,599.6,,
"209","ALEXIS CREEK","2023081504",0,13.7,69,4.5,323,7.8,90.69,5.937,24.502,,,,,,,,,,,,,,,,,,,,599.6,,
"209","ALEXIS CREEK","2023081505",0,13.4,70,1.2,91,6.4,90.132,4.641,20.574,,,,,,,,,,,,,,,,,,,,599.6,,
"209","ALEXIS CREEK","2023081506",0,13.6,70,1.7,305,4.9,89.611,4.417,19.852,,,,,,,,,,,,,,,,,,,,599.6,,
"209","ALEXIS CREEK","2023081507",0,15.8,63,0.3,159,3.2,89.337,3.958,18.32,,,,,,,,,,,,,,,,,,,,599.6,,
"209","ALEXIS CREEK","2023081508",0,18,56,3.2,255,6.5,89.189,4.485,20.07,,,,,,,,,,,,,,,,,,,,599.6,,
"209","ALEXIS CREEK","2023081509",0,21.3,47,4.1,194,8.7,89.238,4.726,20.843,,,,,,,,,,,,,,,,,,,,599.6,,
"209","ALEXIS CREEK","2023081510",0,25.1,41,6.1,242,9.2,89.374,5.329,22.71,,,,,,,,,,,,,,,,,,,,599.6,,
"209","ALEXIS CREEK","2023081511",0,27.8,34,6.5,166,10.2,89.815,5.793,24.085,,,,,,,,,,,,,,,,,,,,599.6,,
"209","ALEXIS CREEK","2023081512",0,30.2,29,6.7,174,10.9,90.491,6.447,25.949,0,94.172,10.826,37.356,87.083,716.109,133.561,4,,,,,,,,,,,,599.6,,
"209","ALEXIS CREEK","2023081513",0,31.1,24,12.4,256,21.6,91.388,9.764,34.904,,,,,,,,,,,,,,,,,,,,599.6,,
"209","ALEXIS CREEK","2023081514",0,33.1,20,17.3,237,27.7,92.49,14.606,45.303,,,,,,,,,,,,,,,,,,,,599.6,,
"209","ALEXIS CREEK","2023081515",0,33.2,16,22.4,288,39.3,93.611,22.095,58.649,,,,,,,,,,,,,,,,,,,,599.6,,
"209","ALEXIS CREEK","2023081516",0,33,17,19.3,285,40.2,94.332,20.886,56.656,,,,,,,,,,,,,,,,,,,,599.6,,
"209","ALEXIS CREEK","2023081517",0,32.5,17,19.8,291,38.5,94.837,22.959,60.041,,,,,,,,,,,,,,,,,,,,599.6,,
"209","ALEXIS CREEK","2023081518",0,29.3,18,19.9,309,40.9,95,23.598,61.055,,,,,,,,,,,,,,,,,,,,599.6,,
"209","ALEXIS CREEK","2023081519",0,27.4,18,17.1,318,37.5,95.051,20.636,56.237,,,,,,,,,,,,,,,,,,,,599.6,,
"209","ALEXIS CREEK","2023081520",0,25.6,21,11.3,309,32.5,95.102,15.514,47.068,,,,,,,,,,,,,,,,,,,,599.6,,
"209","ALEXIS CREEK","2023081521",0,23.4,22,7.2,305,17.1,95.121,12.652,41.327,,,,,,,,,,,,,,,,,,,,599.6,,
"209","ALEXIS CREEK","2023081522",0,23,26,11.8,8,22.2,95.027,15.749,47.515,,,,,,,,,,,,,,,,,,,,599.6,,
"209","ALEXIS CREEK","2023081523",0,20.7,32,8.6,11,17.7,94.777,12.95,41.952,,,,,,,,,,,,,,,,,,,,599.6,,
"210","RISKE CREEK","2023081500",0,16.9,65,9.3,326,11.4,90.849,7.734,25.025,,,,,,,,,,,,,,,,,,,,,,
"210","RISKE CREEK","2023081501",0,15.8,70,5.1,317,9.7,90.154,5.667,20.068,,,,,,,,,,,,,,,,,,,,,,
"210","RISKE CREEK","2023081502",0,14.4,75,7.5,328,13.7,89.366,5.713,20.184,,,,,,,,,,,,,,,,,,,,,,
"210","RISKE CREEK","2023081503",0,14.1,73,8.7,354,14.3,88.725,5.535,19.727,,,,,,,,,,,,,,,,,,,,,,
"210","RISKE CREEK","2023081504",0,12.4,81,8.4,338,12.5,87.924,4.86,17.933,,,,,,,,,,,,,,,,,,,,,,
"210","RISKE CREEK","2023081505",0,12.9,79,8.8,338,12.5,87.286,4.527,17.011,,,,,,,,,,,,,,,,,,,,,,
"210","RISKE CREEK","2023081506",0,12.9,81,8.7,327,11.4,86.662,4.121,15.853,,,,,,,,,,,,,,,,,,,,,,
"210","RISKE CREEK","2023081507",0,15.6,73,4.4,338,7.9,86.411,3.203,13.048,,,,,,,,,,,,,,,,,,,,,,
"210","RISKE CREEK","2023081508",0,19.9,56,6.9,140,9.7,86.459,3.658,14.471,,,,,,,,,,,,,,,,,,,,,,
"210","RISKE CREEK","2023081509",0,23.3,46,6,139,9.1,86.8,3.669,14.504,,,,,,,,,,,,,,,,,,,,,,
"210","RISKE CREEK","2023081510",0,25.6,39,7.6,191,12.5,87.407,4.335,16.469,,,,,,,,,,,,,,,,,,,,,,
"210","RISKE CREEK","2023081511",0,29.2,31,11.3,133,17.7,88.471,6.084,21.12,,,,,,,,,,,,,,,,,,,,,,
"210","RISKE CREEK","2023081512",0,30,28,13.9,158,20.6,89.55,8.098,25.837,0,93.232,13.655,37.995,57.865,709.446,96.128,4,,,,,,,,,,,,,,
"210","RISKE CREEK","2023081513",0,31.6,23,10.4,279,25.8,90.711,8.015,26.59,,,,,,,,,,,,,,,,,,,,,,
"210","RISKE CREEK","2023081514",0,32.8,22,13.9,309,24.6,91.801,11.165,33.279,,,,,,,,,,,,,,,,,,,,,,
"210","RISKE CREEK","2023081515",0,32.8,22,10.8,275,28.1,92.597,10.686,32.321,,,,,,,,,,,,,,,,,,,,,,
"210","RISKE CREEK","2023081516",0,33.3,18,22.6,281,38.5,93.57,22.191,51.774,,,,,,,,,,,,,,,,,,,,,,
"210","RISKE CREEK","2023081517",0,31.5,19,18.6,309,33.3,94.089,19.495,47.735,,,,,,,,,,,,,,,,,,,,,,
"210","RISKE CREEK","2023081518",0,29.5,21,15.4,305,37.3,94.266,17.004,43.77,,,,,,,,,,,,,,,,,,,,,,
"210","RISKE CREEK","2023081519",0,27.2,22,18.2,314,38.5,94.317,19.718,48.078,,,,,,,,,,,,,,,,,,,,,,
"210","RISKE CREEK","2023081520",0,24.5,26,11.5,321,30.4,94.342,14.118,38.829,,,,,,,,,,,,,,,,,,,,,,
"210","RISKE CREEK","2023081521",0,20.5,34,3.4,322,17.2,94.162,9.155,29.123,,,,,,,,,,,,,,,,,,,,,,
"210","RISKE CREEK","2023081522",0,19.2,43,7.7,302,12.5,93.721,10.696,32.342,,,,,,,,,,,,,,,,,,,,,,
"210","RISKE CREEK","2023081523",0,17.7,49,3.4,63,12,93.248,8.063,26.699,,,,,,,,,,,,,,,,,,,,,,
"211","NAZKO","2023081500",0,12.4,86,1.8,226,5.3,88.863,3.988,12.264,,,,,,,,,,-72,,,,,,,,1,441.99,4718.4,,
"211","NAZKO","2023081501",0,11.9,86,3.3,187,6.6,87.968,3.783,11.755,,,,,,,,,,-30.4,,,,,,,,1,442.14,4718.4,,
"211","NAZKO","2023081502",0,10.7,91,3.6,132,5.4,86.95,3.321,10.57,,,,,,,,,,-4.7,,,,,,,,1,442.14,4718.4,,
"211","NAZKO","2023081503",0,9.5,93,2.2,248,6.4,86.009,2.709,8.903,,,,,,,,,,14.8,,,,,,,,1,442.33,4718.4,,
"211","NAZKO","2023081504",0,8.6,96,1.3,136,3.9,85.045,2.264,7.606,,,,,,,,,,-26.6,,,,,,,,1,442.34,4718.4,,
"211","NAZKO","2023081505",0,8.3,96,0.1,273,7.9,84.281,1.921,6.543,,,,,,,,,,-22.1,,,,,,,,1,442.36,4718.4,,
"211","NAZKO","2023081506",0,9.4,97,1.9,305,6.5,83.379,1.866,6.368,,,,,,,,,,-8,,,,,,,,1,442.34,4718.4,,
"211","NAZKO","2023081507",0,11.8,89,4.8,158,7,82.954,2.045,6.934,,,,,,,,,,-41.6,,,,,,,,1,442.33,4718.4,,
"211","NAZKO","2023081508",0,19.3,58,4.2,101,15.6,83.291,2.071,7.017,,,,,,,,,,-83.5,,,,,,,,1,441.95,4718.4,,
"211","NAZKO","2023081509",0,24.3,42,6.1,120,10.3,84.228,2.58,8.535,,,,,,,,,,-92.8,,,,,,,,1,442.26,4718.4,,
"211","NAZKO","2023081510",0,26.4,38,5.8,313,12.2,85.275,2.932,9.525,,,,,,,,,,-61,,,,,,,,1,442.23,4718.4,,
"211","NAZKO","2023081511",0,25.1,40,13.2,347,22.9,86.138,4.802,14.192,,,,,,,,,,-30.4,,,,,,,,1,442.58,4718.4,,
"211","NAZKO","2023081512",0,25.2,39,8.3,324,19.3,86.839,4.142,12.64,0,92.367,9.12,23.784,37.441,601.368,64.796,3,,-18.8,,,,,,,,1,442.25,4718.4,,
"211","NAZKO","2023081513",0,26.5,38,11.4,329,21.9,87.562,5.368,16.175,,,,,,,,,,-46.5,,,,,,,,1,441.92,4718.4,,
"211","NAZKO","2023081514",0,26.9,36,11.4,303,22.3,88.253,5.927,17.42,,,,,,,,,,-40.9,,,,,,,,1,441.73,4718.4,,
"211","NAZKO","2023081515",0,27.1,28,11.7,317,26.4,89.159,6.853,19.385,,,,,,,,,,-5.9,,,,,,,,1,441.91,4718.4,,
"211","NAZKO","2023081516",0,25.1,27,15,298,34,89.86,8.948,23.466,,,,,,,,,,-52.3,,,,,,,,1,441.92,4718.4,,
"211","NAZKO","2023081517",0,24.4,33,8.4,270,25.4,90.134,6.673,19.013,,,,,,,,,,-52.7,,,,,,,,1,441.93,4718.4,,
"211","NAZKO","2023081518",0,23.2,32,4.9,242,21.6,90.343,5.764,17.064,,,,,,,,,,-61.5,,,,,,,,1,441.93,4718.4,,
"211","NAZKO","2023081519",0,21.6,41,3.3,343,15.2,90.392,5.355,16.147,,,,,,,,,,-50.2,,,,,,,,1,442.25,4718.4,,
"211","NAZKO","2023081520",0,21.1,35,5.3,236,14.8,90.441,5.965,17.504,,,,,,,,,,-61.7,,,,,,,,1,442.27,4718.4,,
"211","NAZKO","2023081521",0,16.4,52,3.3,238,11.9,90.24,5.24,15.883,,,,,,,,,,-57,,,,,,,,1,442.29,4718.4,,
"211","NAZKO","2023081522",0,13.8,64,2.6,182,13.1,89.816,4.76,14.762,,,,,,,,,,-80.2,,,,,,,,1,442.62,4718.4,,
"211","NAZKO","2023081523",0,12.3,69,2.2,242,7.6,89.339,4.357,13.784,,,,,,,,,,-27,,,,,,,,1,442.65,4718.4,,
"212","PLACE LAKE","2023081500",0,12.4,77,0,88,2.2,91.039,4.973,19.198,,,,,,,,,,,,,,,,,,,,,,
"212","PLACE LAKE","2023081501",0,11.5,82,0,126,0,90.29,4.469,17.748,,,,,,,,,,,,,,,,,,,,,,
"212","PLACE LAKE","2023081502",0,10.5,87,0,130,2.2,89.468,3.972,16.252,,,,,,,,,,,,,,,,,,,,,,
"212","PLACE LAKE","2023081503",0,9.7,90,0,103,2.8,88.621,3.518,14.817,,,,,,,,,,,,,,,,,,,,,,
"212","PLACE LAKE","2023081504",0,9.3,92,0,124,0,87.771,3.114,13.482,,,,,,,,,,,,,,,,,,,,,,
"212","PLACE LAKE","2023081505",0,8.8,94,0,112,2.2,86.91,2.754,12.234,,,,,,,,,,,,,,,,,,,,,,
"212","PLACE LAKE","2023081506",0,9.3,94,0,118,2.2,86.114,2.461,11.171,,,,,,,,,,,,,,,,,,,,,,
"212","PLACE LAKE","2023081507",0,15.2,76,1.7,193,3.9,85.877,2.593,11.655,,,,,,,,,,,,,,,,,,,,,,
"212","PLACE LAKE","2023081508",0,22.1,47,3.7,203,7.4,86.209,3.005,13.109,,,,,,,,,,,,,,,,,,,,,,
"212","PLACE LAKE","2023081509",0,24.7,40,4.2,306,9.1,86.784,3.343,14.245,,,,,,,,,,,,,,,,,,,,,,
"212","PLACE LAKE","2023081510",0,25.6,37,4.7,301,10.2,87.417,3.751,15.563,,,,,,,,,,,,,,,,,,,,,,
"212","PLACE LAKE","2023081511",0,28.6,30,6.9,262,14.3,88.406,4.829,18.789,,,,,,,,,,,,,,,,,,,,,,
"212","PLACE LAKE","2023081512",0,29.2,26,8.9,224,17.2,89.462,6.215,22.539,0,93.48,10.988,34.237,67.116,591.991,104.588,4,,,,,,,,,,,,,,
"212","PLACE LAKE","2023081513",0,30.8,20,8.4,237,17.2,90.699,7.235,25.799,,,,,,,,,,,,,,,,,,,,,,
"212","PLACE LAKE","2023081514",0,30.5,20,8.7,269,19.5,91.667,8.429,28.655,,,,,,,,,,,,,,,,,,,,,,
"212","PLACE LAKE","2023081515",0,31.7,18,11.1,304,23.5,92.644,10.92,34.097,,,,,,,,,,,,,,,,,,,,,,
"212","PLACE LAKE","2023081516",0,31.9,19,12,306,25.2,93.365,12.641,37.543,,,,,,,,,,,,,,,,,,,,,,
"212","PLACE LAKE","2023081517",0,32.1,19,10,304,23.5,93.914,12.337,36.949,,,,,,,,,,,,,,,,,,,,,,
"212","PLACE LAKE","2023081518",0,29.5,18,11.5,309,25.8,94.276,13.988,40.095,,,,,,,,,,,,,,,,,,,,,,
"212","PLACE LAKE","2023081519",0,27.5,20,11.1,300,26.9,94.381,13.911,39.952,,,,,,,,,,,,,,,,,,,,,,
"212","PLACE LAKE","2023081520",0,24.3,25,9.7,323,22.3,94.42,13.033,38.296,,,,,,,,,,,,,,,,,,,,,,
"212","PLACE LAKE","2023081521",0,21.4,43,6.1,332,16,93.978,10.226,32.641,,,,,,,,,,,,,,,,,,,,,,
"212","PLACE LAKE","2023081522",0,16.8,58,1.9,40,9.1,93.309,7.54,26.547,,,,,,,,,,,,,,,,,,,,,,
"212","PLACE LAKE","2023081523",0,13.9,65,3.9,133,6.8,92.499,7.444,26.313,,,,,,,,,,,,,,,,,,,,,,
"213","ANAHIM LAKE","2023081500",0,16.9,66,11.3,248,17.2,89.279,6.832,22.249,,,,,,,,,,0.1,,,,0,2,866.9,,,,,,
"213","ANAHIM LAKE","2023081501",0,16.3,70,8.4,253,19.5,88.737,5.462,18.932,,,,,,,,,,0,,,,0,2,866.86,,,,,,
"213","ANAHIM LAKE","2023081502",0,13.3,79,5.1,205,9.7,88.052,4.192,15.542,,,,,,,,,,-0.2,,,,0,2,866.95,,,,,,
"213","ANAHIM LAKE","2023081503",0,10.8,84,2.9,134,11.4,87.349,3.393,13.199,,,,,,,,,,-0.1,,,,0,2,867.02,,,,,,
"213","ANAHIM LAKE","2023081504",0,9.3,87,4.9,59,9.7,86.577,3.363,13.106,,,,,,,,,,-0.1,,,,0,2,867,,,,,,
"213","ANAHIM LAKE","2023081505",0,8.3,89,2,55,8.5,85.891,2.638,10.781,,,,,,,,,,0,,,,0,2,866.98,,,,,,
"213","ANAHIM LAKE","2023081506",0,8.5,89,1.7,122,9.7,85.279,2.386,9.919,,,,,,,,,,0,,,,0,2,866.94,,,,,,
"213","ANAHIM LAKE","2023081507",0,11.3,79,4.5,133,9.1,84.998,2.643,10.798,,,,,,,,,,0.1,,,,0,2,866.84,,,,,,
"213","ANAHIM LAKE","2023081508",0,16.1,65,4.2,115,7.4,85.046,2.62,10.723,,,,,,,,,,0,,,,0,2,866.65,,,,,,
"213","ANAHIM LAKE","2023081509",0,21.5,54,3.6,64,8.5,85.299,2.633,10.764,,,,,,,,,,0,,,,0,2,866.5,,,,,,
"213","ANAHIM LAKE","2023081510",0,23.1,46,15.7,268,25.8,85.877,5.251,18.392,,,,,,,,,,0,,,,0,2,866.56,,,,,,
"213","ANAHIM LAKE","2023081511",0,23.9,41,16.2,260,32.7,86.57,5.936,20.115,,,,,,,,,,0,,,,0,2,866.61,,,,,,
"213","ANAHIM LAKE","2023081512",0,23.5,46,13.4,273,26.9,86.948,5.44,18.876,0,90.564,9.13,27.881,53.614,627.505,88.356,4,,-0.1,,,,0,2,866.69,,,,,,
"213","ANAHIM LAKE","2023081513",0,23.5,43,13.7,251,30.4,87.361,5.857,20.412,,,,,,,,,,0,,,,0,2,866.7,,,,,,
"213","ANAHIM LAKE","2023081514",0,24,39,17.1,267,26.9,87.88,7.487,24.303,,,,,,,,,,0,,,,0,2,866.73,,,,,,
"213","ANAHIM LAKE","2023081515",0,24.2,36,19.2,259,29.8,88.437,9.015,27.64,,,,,,,,,,-0.1,,,,0,2,866.74,,,,,,
"213","ANAHIM LAKE","2023081516",0,23.9,27,16.8,252,37.3,89.221,8.94,27.482,,,,,,,,,,-0.1,,,,0,2,866.79,,,,,,
"213","ANAHIM LAKE","2023081517",0,24.2,31,22.7,242,36.2,89.741,12.967,35.285,,,,,,,,,,-0.1,,,,0,2,866.76,,,,,,
"213","ANAHIM LAKE","2023081518",0,23.5,28,16.2,296,39.6,90.223,10.013,29.69,,,,,,,,,,-0.2,,,,0,2,866.8,,,,,,
"213","ANAHIM LAKE","2023081519",0,21.8,28,16.4,279,29.2,90.55,10.599,30.851,,,,,,,,,,-0.2,,,,0,2,866.81,,,,,,
"213","ANAHIM LAKE","2023081520",0,20.1,30,13.9,254,24.1,90.688,9.531,28.71,,,,,,,,,,-0.2,,,,0,2,866.81,,,,,,
"213","ANAHIM LAKE","2023081521",0,18,34,10.8,248,18.9,90.738,8.21,25.915,,,,,,,,,,-0.2,,,,0,2,866.84,,,,,,
"213","ANAHIM LAKE","2023081522",0,15.2,50,8.3,286,13.7,90.496,6.993,23.164,,,,,,,,,,-0.3,,,,0,2,866.84,,,,,,
"213","ANAHIM LAKE","2023081523",0,13.9,52,8.5,319,12.5,90.227,6.796,22.703,,,,,,,,,,-0.1,,,,0,2,866.88,,,,,,
"216","NEMIAH","2023081500",0,14.7,55,4.6,118,7.9,92.619,7.843,28.33,,,,,,,,,,,,,,,,,,,,11268.2,,
"216","NEMIAH","2023081501",0,12.7,61,4,80,9.4,91.988,6.961,26.102,,,,,,,,,,,,,,,,,,,,11268.2,,
"216","NEMIAH","2023081502",0,11.4,68,1.7,68,10.2,91.342,5.657,22.572,,,,,,,,,,,,,,,,,,,,11268.2,,
"216","NEMIAH","2023081503",0,10.5,72,4.7,114,7.5,90.59,5.911,23.285,,,,,,,,,,,,,,,,,,,,11268.2,,
"216","NEMIAH","2023081504",0,9.7,75,3.8,129,8.1,89.871,5.097,20.954,,,,,,,,,,,,,,,,,,,,11268.2,,
"216","NEMIAH","2023081505",0,8.9,81,0,356,5.7,89.278,3.865,17.113,,,,,,,,,,,,,,,,,,,,11268.2,,
"216","NEMIAH","2023081506",0,8.2,84,0,77,6.6,88.663,3.539,16.017,,,,,,,,,,,,,,,,,,,,11268.2,,
"216","NEMIAH","2023081507",0,8.3,84,1.2,171,5.2,87.985,3.411,15.576,,,,,,,,,,,,,,,,,,,,11268.2,,
"216","NEMIAH","2023081508",0,12.2,73,0,28,0,87.692,3.079,14.4,,,,,,,,,,,,,,,,,,,,11268.2,,
"216","NEMIAH","2023081509",0,17.8,57,0,275,6.7,87.712,3.088,14.432,,,,,,,,,,,,,,,,,,,,11268.2,,
"216","NEMIAH","2023081510",0,23.1,40,6.5,284,11.8,88.042,4.492,19.119,,,,,,,,,,,,,,,,,,,,11268.2,,
"216","NEMIAH","2023081511",0,25.6,33,6.3,292,11.5,88.641,4.846,20.203,,,,,,,,,,,,,,,,,,,,11268.2,,
"216","NEMIAH","2023081512",0,28.5,29,6.9,303,11.8,89.446,5.606,22.428,0,94.423,11.322,36.88,80.585,569.123,119.033,4,,,,,,,,,,,,11268.2,,
"216","NEMIAH","2023081513",0,30.4,22,8.7,279,15.1,90.564,7.205,27.24,,,,,,,,,,,,,,,,,,,,11268.2,,
"216","NEMIAH","2023081514",0,31.1,20,13,280,24.9,91.665,10.465,35.021,,,,,,,,,,,,,,,,,,,,11268.2,,
"216","NEMIAH","2023081515",0,31.3,19,12.2,283,32.6,92.575,11.432,37.113,,,,,,,,,,,,,,,,,,,,11268.2,,
"216","NEMIAH","2023081516",0,32.8,14,11.4,257,30.2,93.645,12.753,39.851,,,,,,,,,,,,,,,,,,,,11268.2,,
"216","NEMIAH","2023081517",0,30,19,14.1,273,28.4,94.048,15.452,45.072,,,,,,,,,,,,,,,,,,,,11268.2,,
"216","NEMIAH","2023081518",0,30.6,21,12,281,21,94.275,14.343,42.981,,,,,,,,,,,,,,,,,,,,11268.2,,
"216","NEMIAH","2023081519",0,27.9,25,10.9,284,25.9,94.326,13.666,41.668,,,,,,,,,,,,,,,,,,,,11268.2,,
"216","NEMIAH","2023081520",0,26,21,13.4,348,31.2,94.377,15.61,45.364,,,,,,,,,,,,,,,,,,,,11268.2,,
"216","NEMIAH","2023081521",0,22.5,26,8.8,102,24.5,94.364,12.359,39.049,,,,,,,,,,,,,,,,,,,,11268.2,,
"216","NEMIAH","2023081522",0,19,35,8.8,119,14.9,94.094,11.907,38.112,,,,,,,,,,,,,,,,,,,,11268.2,,
"216","NEMIAH","2023081523",0,17,40,6.9,125,17.7,93.738,10.298,34.65,,,,,,,,,,,,,,,,,,,,11268.2,,
"218","LONE BUTTE","2023081500",0,12.1,90,3.1,163,5.1,86.47,3.025,8.634,,,,,,,,,,,,,,,,,,,,,,
"218","LONE BUTTE","2023081501",0,11.5,95,6,359,9.7,85.284,2.965,8.485,,,,,,,,,,,,,,,,,,,,,,
"218","LONE BUTTE","2023081502",0,11.1,96,0,83,6.8,84.493,1.966,5.824,,,,,,,,,,,,,,,,,,,,,,
"218","LONE BUTTE","2023081503",0,10.5,96,0,88,4.5,83.782,1.788,5.304,,,,,,,,,,,,,,,,,,,,,,
"218","LONE BUTTE","2023081504",0,9.9,98,1.7,111,4.5,82.856,1.727,5.124,,,,,,,,,,,,,,,,,,,,,,
"218","LONE BUTTE","2023081505",0,9.7,99,1.6,96,7.9,81.955,1.537,4.544,,,,,,,,,,,,,,,,,,,,,,
"218","LONE BUTTE","2023081506",0,12.6,90,3.1,201,6.2,81.667,1.601,4.742,,,,,,,,,,,,,,,,,,,,,,
"218","LONE BUTTE","2023081507",0,18.9,73,0,333,4.5,81.778,1.388,4.073,,,,,,,,,,,,,,,,,,,,,,
"218","LONE BUTTE","2023081508",0,23.7,46,1.7,325,7.4,82.612,1.675,4.966,,,,,,,,,,,,,,,,,,,,,,
"218","LONE BUTTE","2023081509",0,24.7,42,6.1,335,9.7,83.665,2.394,7.009,,,,,,,,,,,,,,,,,,,,,,
"218","LONE BUTTE","2023081510",0,26.6,38,8.2,320,12.5,84.871,3.13,8.892,,,,,,,,,,,,,,,,,,,,,,
"218","LONE BUTTE","2023081511",0,27.1,40,5.9,346,12.5,85.792,3.166,8.981,,,,,,,,,,,,,,,,,,,,,,
"218","LONE BUTTE","2023081512",0,27.5,35,9.8,347,20,86.85,4.474,11.965,0,91.282,8.436,20.461,33.918,327.635,53.889,3,,,,,,,,,,,,,,
"218","LONE BUTTE","2023081513",0,28.7,34,5.9,302,14.9,87.761,4.186,12.02,,,,,,,,,,,,,,,,,,,,,,
"218","LONE BUTTE","2023081514",0,28.7,31,7,289,13.7,88.655,5.03,13.895,,,,,,,,,,,,,,,,,,,,,,
"218","LONE BUTTE","2023081515",0,28.9,33,9.3,36,18.3,89.347,6.238,16.381,,,,,,,,,,,,,,,,,,,,,,
"218","LONE BUTTE","2023081516",0,29.2,32,6.6,8,17.2,89.934,5.923,15.752,,,,,,,,,,,,,,,,,,,,,,
"218","LONE BUTTE","2023081517",0,28.3,31,7.4,348,15.4,90.419,6.61,17.108,,,,,,,,,,,,,,,,,,,,,,
"218","LONE BUTTE","2023081518",0,28.2,29,6.9,354,17.7,90.887,6.89,17.645,,,,,,,,,,,,,,,,,,,,,,
"218","LONE BUTTE","2023081519",0,23.9,58,2.7,326,11.4,90.574,5.332,14.537,,,,,,,,,,,,,,,,,,,,,,
"218","LONE BUTTE","2023081520",0,22.4,41,5.4,344,24.1,90.624,6.153,16.213,,,,,,,,,,,,,,,,,,,,,,
"218","LONE BUTTE","2023081521",0,19.9,50,4.5,293,16,90.47,5.753,15.408,,,,,,,,,,,,,,,,,,,,,,
"218","LONE BUTTE","2023081522",0,19.7,49,7.1,345,21.8,90.34,6.437,16.772,,,,,,,,,,,,,,,,,,,,,,
"218","LONE BUTTE","2023081523",0,17.8,46,6.5,309,14.3,90.265,6.179,16.264,,,,,,,,,,,,,,,,,,,,,,
"221","BALDFACE","2023081500",0,7.7,95,6.7,266,12.5,84.938,2.928,7.997,,,,,,,,,,,,,,,,,,,,,,
"221","BALDFACE","2023081501",0,6,99,4.4,289,8.5,83.796,2.235,6.248,,,,,,,,,,,,,,,,,,,,,,
"221","BALDFACE","2023081502",0,4.8,100,6.3,332,10.2,82.665,2.126,5.955,,,,,,,,,,,,,,,,,,,,,,
"221","BALDFACE","2023081503",0,4,100,3.2,342,7.9,81.753,1.626,4.55,,,,,,,,,,,,,,,,,,,,,,
"221","BALDFACE","2023081504",0,3.7,100,5,307,7.4,80.884,1.61,4.503,,,,,,,,,,,,,,,,,,,,,,
"221","BALDFACE","2023081505",0,4.8,100,2.6,151,8.5,80.141,1.316,3.606,,,,,,,,,,,,,,,,,,,,,,
"221","BALDFACE","2023081506",0,9.4,100,9.5,252,21.8,79.267,1.705,4.781,,,,,,,,,,,,,,,,,,,,,,
"221","BALDFACE","2023081507",0,19.5,49,11.9,235,18.9,80.368,2.153,6.029,,,,,,,,,,,,,,,,,,,,,,
"221","BALDFACE","2023081508",0,22.7,39,17.9,251,33.9,81.978,3.504,9.343,,,,,,,,,,,,,,,,,,,,,,
"221","BALDFACE","2023081509",0,22.5,38,19.8,244,37.3,83.385,4.603,11.71,,,,,,,,,,,,,,,,,,,,,,
"221","BALDFACE","2023081510",0,23.6,36,15.6,237,32.7,84.652,4.41,11.312,,,,,,,,,,,,,,,,,,,,,,
"221","BALDFACE","2023081511",0,21.8,44,16.2,253,33.9,85.34,4.996,12.506,,,,,,,,,,,,,,,,,,,,,,
"221","BALDFACE","2023081512",0,21.6,42,15,241,31.6,85.967,5.133,12.776,0,91.486,11.285,23.987,29.4,369.154,49.037,3,,,,,,,,,,,,,,
"221","BALDFACE","2023081513",0,23.1,30,18.1,247,34.4,87.033,6.977,16.938,,,,,,,,,,,,,,,,,,,,,,
"221","BALDFACE","2023081514",0,23.3,28,20.3,245,36.2,88.028,8.985,20.396,,,,,,,,,,,,,,,,,,,,,,
"221","BALDFACE","2023081515",,,,,,,,,,,,,,,,,,,,,,,,,,,,,,,
"221","BALDFACE","2023081516",0,23.6,27,10.3,300,25.8,,,,,,,,,,,,,,,,,,,,,,,,,
"221","BALDFACE","2023081517",0,21.5,32,12.3,302,28.1,,,,,,,,,,,,,,,,,,,,,,,,,
"221","BALDFACE","2023081518",0,18,34,10.8,314,26.4,,,,,,,,,,,,,,,,,,,,,,,,,
"221","BALDFACE","2023081519",0,16.8,36,8.1,318,18.9,,,,,,,,,,,,,,,,,,,,,,,,,
"221","BALDFACE","2023081520",0,15.8,36,9.9,282,18.3,,,,,,,,,,,,,,,,,,,,,,,,,
"221","BALDFACE","2023081521",0,13,45,3.5,22,18.3,,,,,,,,,,,,,,,,,,,,,,,,,
"221","BALDFACE","2023081522",0,13.4,46,8.7,312,23.5,,,,,,,,,,,,,,,,,,,,,,,,,
"221","BALDFACE","2023081523",0,12.8,44,8.2,295,19.5,,,,,,,,,,,,,,,,,,,,,,,,,
"222","GASPARD","2023081500",0,17.4,48,11.8,267,16,91.157,9.166,22.687,,,,,,,,,,,,,,,,,,,,,,
"222","GASPARD","2023081501",0,16.5,51,11.9,266,14.3,90.829,8.792,22.025,,,,,,,,,,,,,,,,,,,,,,
"222","GASPARD","2023081502",0,16.2,53,10.1,254,14.9,90.504,7.665,19.959,,,,,,,,,,,,,,,,,,,,,,
"222","GASPARD","2023081503",0,14.5,57,8.8,173,12.5,90.125,6.8,18.287,,,,,,,,,,,,,,,,,,,,,,
"222","GASPARD","2023081504",0,14.3,59,9.1,174,12,89.741,6.535,17.757,,,,,,,,,,,,,,,,,,,,,,
"222","GASPARD","2023081505",0,12.4,67,12.6,156,14.3,89.176,7.187,19.045,,,,,,,,,,,,,,,,,,,,,,
"222","GASPARD","2023081506",0,13.4,64,12.4,160,14.9,88.761,6.704,18.095,,,,,,,,,,,,,,,,,,,,,,
"222","GASPARD","2023081507",0,16.2,58,11.4,150,14.9,88.572,6.204,17.084,,,,,,,,,,,,,,,,,,,,,,
"222","GASPARD","2023081508",0,20,45,6.4,179,14.9,88.621,4.856,14.182,,,,,,,,,,,,,,,,,,,,,,
"222","GASPARD","2023081509",0,22.6,40,7.4,150,13.1,88.808,5.247,15.052,,,,,,,,,,,,,,,,,,,,,,
"222","GASPARD","2023081510",0,25.2,32,8.9,228,16.6,89.327,6.096,16.861,,,,,,,,,,,,,,,,,,,,,,
"222","GASPARD","2023081511",0,24.5,37,14.1,17,21.2,89.577,8.211,20.975,,,,,,,,,,,,,,,,,,,,,,
"222","GASPARD","2023081512",0,26.2,31,10.9,15,22.9,90.06,7.489,19.625,0,91.861,9.68,24.685,38.992,454.984,64.224,3,,,,,,,,,,,,,,
"222","GASPARD","2023081513",0,27.4,31,7.5,81,20.6,90.484,6.705,18.988,,,,,,,,,,,,,,,,,,,,,,
"222","GASPARD","2023081514",0,29.7,20,9.1,285,20.6,91.451,8.342,22.229,,,,,,,,,,,,,,,,,,,,,,
"222","GASPARD","2023081515",0,26.7,30,16,23,29.8,91.657,12.161,28.887,,,,,,,,,,,,,,,,,,,,,,
"222","GASPARD","2023081516",0,26.9,31,15.1,8,26.9,91.786,11.836,28.359,,,,,,,,,,,,,,,,,,,,,,
"222","GASPARD","2023081517",0,25.8,32,16.5,356,28.1,91.836,12.791,29.894,,,,,,,,,,,,,,,,,,,,,,
"222","GASPARD","2023081518",0,26.4,27,16.3,323,31,92.083,13.113,30.401,,,,,,,,,,,,,,,,,,,,,,
"222","GASPARD","2023081519",0,23.4,30,14.5,335,36.2,92.133,12.061,28.725,,,,,,,,,,,,,,,,,,,,,,
"222","GASPARD","2023081520",0,20,35,14.7,336,25.2,92.112,12.147,28.865,,,,,,,,,,,,,,,,,,,,,,
"222","GASPARD","2023081521",0,17.9,36,11.3,320,21.2,92.041,10.133,25.483,,,,,,,,,,,,,,,,,,,,,,
"222","GASPARD","2023081522",0,16.2,36,10.4,318,20.6,91.957,9.569,24.486,,,,,,,,,,,,,,,,,,,,,,
"222","GASPARD","2023081523",0,15.8,38,12.8,312,21.8,91.826,10.601,26.292,,,,,,,,,,,,,,,,,,,,,,
"225","KNIFE","2023081500",0,17.6,64,3.1,81,6.8,90.833,5.646,16.259,,,,,,,,,,,,,,,,,,,,,,
"225","KNIFE","2023081501",0,16.6,68,2.5,83,7.4,90.25,5.04,14.917,,,,,,,,,,,,,,,,,,,,,,
"225","KNIFE","2023081502",0,15.8,71,3.3,62,5.6,89.641,4.809,14.386,,,,,,,,,,,,,,,,,,,,,,
"225","KNIFE","2023081503",0,14.9,74,2.5,71,5.6,89.046,4.241,13.044,,,,,,,,,,,,,,,,,,,,,,
"225","KNIFE","2023081504",0,14.2,77,2.2,70,5.6,88.447,3.833,12.037,,,,,,,,,,,,,,,,,,,,,,
"225","KNIFE","2023081505",0,13.4,80,2.6,71,5.6,87.82,3.575,11.378,,,,,,,,,,,,,,,,,,,,,,
"225","KNIFE","2023081506",0,13.6,80,3.1,61,6.2,87.251,3.38,10.868,,,,,,,,,,,,,,,,,,,,,,
"225","KNIFE","2023081507",0,15.3,77,2.7,37,5.6,86.844,3.126,10.189,,,,,,,,,,,,,,,,,,,,,,
"225","KNIFE","2023081508",0,18.2,63,2.3,193,5.6,86.84,3.062,10.014,,,,,,,,,,,,,,,,,,,,,,
"225","KNIFE","2023081509",0,21.3,55,4.4,207,7.4,86.888,3.427,10.993,,,,,,,,,,,,,,,,,,,,,,
"225","KNIFE","2023081510",0,25.5,43,3.8,257,7.9,87.306,3.529,11.258,,,,,,,,,,,,,,,,,,,,,,
"225","KNIFE","2023081511",0,28.1,36,4.9,145,12,88.014,4.127,12.767,,,,,,,,,,,,,,,,,,,,,,
"225","KNIFE","2023081512",0,30.3,27,4.5,120,13.7,89.072,4.708,14.154,0,93.377,8.677,23.528,40.614,518.482,67.926,3,,,,,,,,,,,,,,
"225","KNIFE","2023081513",0,31,27,5.2,196,14.9,89.997,5.569,17.063,,,,,,,,,,,,,,,,,,,,,,
"225","KNIFE","2023081514",0,32.4,23,7.3,347,15.4,91.061,7.207,20.615,,,,,,,,,,,,,,,,,,,,,,
"225","KNIFE","2023081515",0,32,22,14.7,337,26.4,92.021,11.991,29.419,,,,,,,,,,,,,,,,,,,,,,
"225","KNIFE","2023081516",0,32,21,10.9,288,30.4,92.772,11.007,27.752,,,,,,,,,,,,,,,,,,,,,,
"225","KNIFE","2023081517",0,32,20,13.6,349,29.8,93.427,13.822,32.371,,,,,,,,,,,,,,,,,,,,,,
"225","KNIFE","2023081518",0,30.3,21,11.4,338,25.8,93.777,12.989,31.051,,,,,,,,,,,,,,,,,,,,,,
"225","KNIFE","2023081519",0,27.8,27,9.2,355,28.7,93.828,11.708,28.946,,,,,,,,,,,,,,,,,,,,,,
"225","KNIFE","2023081520",0,25.3,36,7.8,347,17.2,93.676,10.684,27.19,,,,,,,,,,,,,,,,,,,,,,
"225","KNIFE","2023081521",0,24.1,31,8.6,336,20,93.65,11.083,27.882,,,,,,,,,,,,,,,,,,,,,,
"225","KNIFE","2023081522",0,23.1,30,5.2,338,18.3,93.641,9.325,24.747,,,,,,,,,,,,,,,,,,,,,,
"225","KNIFE","2023081523",0,22.3,31,8.4,345,17.2,93.59,10.879,27.531,,,,,,,,,,,,,,,,,,,,,,
"226","MIDDLE LAKE","2023081500",0,20.3,43,3.1,349,5,94.424,9.35,,,,,,,,,,,,,,,,,,,,,29371.4,,
"226","MIDDLE LAKE","2023081501",0,19.1,45,1.2,330,4.8,94.035,8.052,,,,,,,,,,,,,,,,,,,,,29371.4,,
"226","MIDDLE LAKE","2023081502",0,17.6,50,2.4,1,5.9,93.531,7.976,,,,,,,,,,,,,,,,,,,,,29371.4,,
"226","MIDDLE LAKE","2023081503",0,16.7,53,0,38,4.2,93.153,6.704,,,,,,,,,,,,,,,,,,,,,29371.4,,
"226","MIDDLE LAKE","2023081504",0,15.8,57,0,231,4.3,92.732,6.319,,,,,,,,,,,,,,,,,,,,,29371.4,,
"226","MIDDLE LAKE","2023081505",0,14.8,60,0.1,17,3.2,92.26,5.944,,,,,,,,,,,,,,,,,,,,,29371.4,,
"226","MIDDLE LAKE","2023081506",0,14.6,58,1.7,90,4.7,91.784,6.023,,,,,,,,,,,,,,,,,,,,,29371.4,,
"226","MIDDLE LAKE","2023081507",0,14.9,62,2.1,69,4.9,91.256,5.702,,,,,,,,,,,,,,,,,,,,,29371.4,,
"226","MIDDLE LAKE","2023081508",0,18.3,55,4.9,159,9.3,90.895,6.237,,,,,,,,,,,,,,,,,,,,,29371.4,,
"226","MIDDLE LAKE","2023081509",0,23.2,39,3.9,195,10.7,90.945,5.973,,,,,,,,,,,,,,,,,,,,,29371.4,,
"226","MIDDLE LAKE","2023081510",0,26.7,30,6.2,203,10.7,91.215,6.97,,,,,,,,,,,,,,,,,,,,,29371.4,,
"226","MIDDLE LAKE","2023081511",0,29,26,6,181,14.5,91.687,7.378,,,,,,,,,,,,,,,,,,,,,29371.4,,
"226","MIDDLE LAKE","2023081512",0,32.2,19,6.4,229,15,92.567,8.525,,0,,,,,,,,,,,,,,,,,,,29371.4,,
"226","MIDDLE LAKE","2023081513",0,32.8,17,12.8,231,32,93.483,13.38,,,,,,,,,,,,,,,,,,,,,29371.4,,
"226","MIDDLE LAKE","2023081514",0,32.8,15,13,225,32.8,94.295,15.128,,,,,,,,,,,,,,,,,,,,,29371.4,,
"226","MIDDLE LAKE","2023081515",0,33.6,13,13.7,226,31,95.08,17.455,,,,,,,,,,,,,,,,,,,,,29371.4,,
"226","MIDDLE LAKE","2023081516",0,34,11,11.3,214,29.9,95.788,17.033,,,,,,,,,,,,,,,,,,,,,29371.4,,
"226","MIDDLE LAKE","2023081517",0,32.7,13,12.2,254,28.8,96.141,18.698,,,,,,,,,,,,,,,,,,,,,29371.4,,
"226","MIDDLE LAKE","2023081518",0,30.9,16,12,257,23.9,96.192,18.639,,,,,,,,,,,,,,,,,,,,,29371.4,,
"226","MIDDLE LAKE","2023081519",0,28.6,19,10.5,283,27.5,96.243,17.401,,,,,,,,,,,,,,,,,,,,,29371.4,,
"226","MIDDLE LAKE","2023081520",0,27.1,22,8.7,293,20.1,96.199,15.797,,,,,,,,,,,,,,,,,,,,,29371.4,,
"226","MIDDLE LAKE","2023081521",0,24,28,2.7,44,20.6,96.019,11.396,,,,,,,,,,,,,,,,,,,,,29371.4,,
"226","MIDDLE LAKE","2023081522",0,22.6,30,4.4,8,12.7,95.774,12.009,,,,,,,,,,,,,,,,,,,,,29371.4,,
"226","MIDDLE LAKE","2023081523",0,21,34,4.8,1,7.8,95.437,11.704,,,,,,,,,,,,,,,,,,,,,29371.4,,
"227","GAVIN","2023081500",0,14.3,82,3.4,10,5.1,86.725,3.184,7.987,,,,,,,,,,,,,,,,,,,,,,
"227","GAVIN","2023081501",0,14.6,81,2.2,35,8.5,86.268,2.809,7.138,,,,,,,,,,,,,,,,,,,,,,
"227","GAVIN","2023081502",0,13.5,85,2.2,9,5.6,85.726,2.603,6.655,,,,,,,,,,,,,,,,,,,,,,
"227","GAVIN","2023081503",0,12.7,87,0,10,4.5,85.284,2.192,5.648,,,,,,,,,,,,,,,,,,,,,,
"227","GAVIN","2023081504",0,12.3,88,2.9,28,5.6,84.718,2.347,6.034,,,,,,,,,,,,,,,,,,,,,,
"227","GAVIN","2023081505",0,12.5,88,4.7,35,6.8,84.184,2.39,6.14,,,,,,,,,,,,,,,,,,,,,,
"227","GAVIN","2023081506",0,13.9,87,5.7,33,10.8,83.747,2.372,6.095,,,,,,,,,,,,,,,,,,,,,,
"227","GAVIN","2023081507",0,15.1,86,5.1,39,9.1,83.422,2.205,5.681,,,,,,,,,,,,,,,,,,,,,,
"227","GAVIN","2023081508",0,18.3,69,6.9,32,12.5,83.502,2.439,6.261,,,,,,,,,,,,,,,,,,,,,,
"227","GAVIN","2023081509",0,21.5,62,5.5,71,11.4,83.768,2.354,6.053,,,,,,,,,,,,,,,,,,,,,,
"227","GAVIN","2023081510",0,24.5,52,5.4,155,10.8,84.339,2.528,6.475,,,,,,,,,,,,,,,,,,,,,,
"227","GAVIN","2023081511",0,24.9,42,6.3,206,12,85.164,2.961,7.486,,,,,,,,,,,,,,,,,,,,,,
"227","GAVIN","2023081512",0,26.6,39,7.3,229,14.9,86.076,3.536,8.754,0,90.417,6.574,15.488,26.728,360.894,45.105,2,,,,,,,,,,,,,,
"227","GAVIN","2023081513",0,27.7,36,6.1,254,13.7,86.988,3.787,9.981,,,,,,,,,,,,,,,,,,,,,,
"227","GAVIN","2023081514",0,28.7,35,6.4,229,19.5,87.847,4.346,11.184,,,,,,,,,,,,,,,,,,,,,,
"227","GAVIN","2023081515",0,30.3,28,9.6,268,24.1,89.008,6.032,14.499,,,,,,,,,,,,,,,,,,,,,,
"227","GAVIN","2023081516",0,28.9,30,7.1,240,28.7,89.73,5.898,14.251,,,,,,,,,,,,,,,,,,,,,,
"227","GAVIN","2023081517",0,27.8,31,11.9,287,25.8,90.266,8.113,18.13,,,,,,,,,,,,,,,,,,,,,,
"227","GAVIN","2023081518",0,24.3,41,5.7,267,19.5,90.315,5.978,14.399,,,,,,,,,,,,,,,,,,,,,,
"227","GAVIN","2023081519",0,22.5,38,7.7,254,15.4,90.364,6.658,15.638,,,,,,,,,,,,,,,,,,,,,,
"227","GAVIN","2023081520",0,21.5,32,6.9,246,18.3,90.497,6.517,15.385,,,,,,,,,,,,,,,,,,,,,,
"227","GAVIN","2023081521",0,20.4,39,7.6,221,25.2,90.547,6.799,15.888,,,,,,,,,,,,,,,,,,,,,,
"227","GAVIN","2023081522",0,18.4,45,5.7,204,16,90.481,6.121,14.664,,,,,,,,,,,,,,,,,,,,,,
"227","GAVIN","2023081523",0,17.7,48,6.2,200,14.9,90.349,6.16,14.735,,,,,,,,,,,,,,,,,,,,,,
"228","BENSON","2023081500",0,18.3,58,5.8,,7.4,90.398,6.079,22.288,,,,,,,,,,,,,,,,,,,,,,
"228","BENSON","2023081501",0,17.5,61,7.2,133,9.7,89.966,6.132,22.424,,,,,,,,,,,,,,,,,,,,,,
"228","BENSON","2023081502",0,16.4,63,7.6,,14.9,89.529,5.878,21.758,,,,,,,,,,,,,,,,,,,,,,
"228","BENSON","2023081503",0,15.6,67,8.6,,13.1,89.033,5.756,21.435,,,,,,,,,,,,,,,,,,,,,,
"228","BENSON","2023081504",0,15.7,64,9.6,147,13.1,88.67,5.746,21.408,,,,,,,,,,,,,,,,,,,,,,
"228","BENSON","2023081505",0,15.4,63,8.8,,14.9,88.38,5.295,20.185,,,,,,,,,,,,,,,,,,,,,,
"228","BENSON","2023081506",0,15.5,64,9.5,,13.7,88.099,5.268,20.112,,,,,,,,,,,,,,,,,,,,,,
"228","BENSON","2023081507",0,15.7,65,8.1,158,14.3,87.841,4.731,18.594,,,,,,,,,,,,,,,,,,,,,,
"228","BENSON","2023081508",0,18.4,57,8.9,137,14.9,87.836,4.922,19.142,,,,,,,,,,,,,,,,,,,,,,
"228","BENSON","2023081509",0,21.8,53,8.7,117,17.2,87.885,4.907,19.098,,,,,,,,,,,,,,,,,,,,,,
"228","BENSON","2023081510",0,25,43,5.5,200,14.9,88.16,4.344,17.458,,,,,,,,,,,,,,,,,,,,,,
"228","BENSON","2023081511",0,26.7,37,9.4,236,16.6,88.679,5.696,21.276,,,,,,,,,,,,,,,,,,,,,,
"228","BENSON","2023081512",0,26.6,37,9.2,301,18.3,89.102,5.992,22.06,0,90.785,7.625,26.749,63.782,724.648,104.556,3,,,,,,,,,,,,,,
"228","BENSON","2023081513",0,25.4,41,9.5,323,20.6,89.276,6.237,23.254,,,,,,,,,,,,,,,,,,,,,,
"228","BENSON","2023081514",0,25.9,38,7.7,29,21.2,89.529,5.907,22.374,,,,,,,,,,,,,,,,,,,,,,
"228","BENSON","2023081515",0,27.5,35,8.6,333,20.6,89.909,6.527,24.008,,,,,,,,,,,,,,,,,,,,,,
"228","BENSON","2023081516",0,27,37,5.9,319,16.6,90.12,5.872,22.28,,,,,,,,,,,,,,,,,,,,,,
"228","BENSON","2023081517",0,25.6,40,11.2,,18.9,90.169,7.724,26.986,,,,,,,,,,,,,,,,,,,,,,
"228","BENSON","2023081518",0,23.5,36,12,238,26.4,90.271,8.159,28.019,,,,,,,,,,,,,,,,,,,,,,
"228","BENSON","2023081519",0,21.4,40,10,280,14.3,90.32,7.429,26.273,,,,,,,,,,,,,,,,,,,,,,
"228","BENSON","2023081520",0,19.9,44,11.2,281,21.8,90.316,7.888,27.379,,,,,,,,,,,,,,,,,,,,,,
"228","BENSON","2023081521",0,19.2,45,10.6,273,20,90.277,7.61,26.713,,,,,,,,,,,,,,,,,,,,,,
"228","BENSON","2023081522",0,18.7,42,14.2,287,22.9,90.299,9.152,30.293,,,,,,,,,,,,,,,,,,,,,,
"228","BENSON","2023081523",0,18.2,39,15,,23.5,90.348,9.596,31.277,,,,,,,,,,,,,,,,,,,,,,
"232","COLDSCAUR LAKE","2023081500",0,10.6,96,0,17,0,85.871,2.378,7.699,,,,,,,,,,,,,,,,,,,,,,
"232","COLDSCAUR LAKE","2023081501",,,,,,,,,,,,,,,,,,,,,,,,,,,,,,,
"232","COLDSCAUR LAKE","2023081502",0,8.9,98,0,20,3.3,89.228,3.838,11.557,,,,,,,,,,,,,,,,,,,,,,
"232","COLDSCAUR LAKE","2023081503",0,8.3,99,1.6,76,2.8,87.694,3.338,10.309,,,,,,,,,,,,,,,,,,,,,,
"232","COLDSCAUR LAKE","2023081504",0,7.7,99,0,39,2.8,86.573,2.625,8.402,,,,,,,,,,,,,,,,,,,,,,
"232","COLDSCAUR LAKE","2023081505",0,7.3,99,0,21,2.2,85.559,2.277,7.404,,,,,,,,,,,,,,,,,,,,,,
"232","COLDSCAUR LAKE","2023081506",0,7.8,99,1.6,82,2.2,84.424,2.112,6.913,,,,,,,,,,,,,,,,,,,,,,
"232","COLDSCAUR LAKE","2023081507",0,12.5,93,0,124,3.3,83.858,1.806,5.967,,,,,,,,,,,,,,,,,,,,,,
"232","COLDSCAUR LAKE","2023081508",0,20.1,63,3.4,320,6.2,84.024,2.191,7.151,,,,,,,,,,,,,,,,,,,,,,
"232","COLDSCAUR LAKE","2023081509",0,23.6,50,5,1,7.9,84.576,2.558,8.214,,,,,,,,,,,,,,,,,,,,,,
"232","COLDSCAUR LAKE","2023081510",0,27.1,35,7.3,319,13.7,85.761,3.383,10.423,,,,,,,,,,,,,,,,,,,,,,
"232","COLDSCAUR LAKE","2023081511",0,27,38,8.6,320,14.9,86.658,4.098,12.183,,,,,,,,,,,,,,,,,,,,,,
"232","COLDSCAUR LAKE","2023081512",0,29,34,9.5,289,18.9,87.691,4.969,14.177,0,91.716,8.838,22.814,39.046,387.93,62.393,3,,,,,,,,,,,,,,
"232","COLDSCAUR LAKE","2023081513",0,29.7,33,7.9,287,17.7,88.59,5.214,15.496,,,,,,,,,,,,,,,,,,,,,,
"232","COLDSCAUR LAKE","2023081514",0,29.1,32,6.6,307,16.6,89.31,5.415,15.948,,,,,,,,,,,,,,,,,,,,,,
"232","COLDSCAUR LAKE","2023081515",0,29.4,31,6.1,329,17.7,89.948,5.786,16.764,,,,,,,,,,,,,,,,,,,,,,
"232","COLDSCAUR LAKE","2023081516",0,29.9,27,7,343,13.7,90.674,6.718,18.725,,,,,,,,,,,,,,,,,,,,,,
"232","COLDSCAUR LAKE","2023081517",0,29.2,30,4.8,282,15.4,91.08,6.372,18.009,,,,,,,,,,,,,,,,,,,,,,
"232","COLDSCAUR LAKE","2023081518",0,26.2,40,4.1,331,13.1,91.13,6.194,17.637,,,,,,,,,,,,,,,,,,,,,,
"232","COLDSCAUR LAKE","2023081519",0,21.3,66,1.8,209,5.6,90.578,5.099,15.235,,,,,,,,,,,,,,,,,,,,,,
"232","COLDSCAUR LAKE","2023081520",0,17,82,1.7,348,3.3,89.624,4.426,13.657,,,,,,,,,,,,,,,,,,,,,,
"232","COLDSCAUR LAKE","2023081521",0,14.5,86,0,0,3.3,88.836,3.628,11.665,,,,,,,,,,,,,,,,,,,,,,
"232","COLDSCAUR LAKE","2023081522",0,13,88,3.5,337,6.8,87.83,3.746,11.97,,,,,,,,,,,,,,,,,,,,,,
"232","COLDSCAUR LAKE","2023081523",0,15.6,67,6.2,336,16,87.57,4.135,12.949,,,,,,,,,,,,,,,,,,,,,,
"233","TALCHAKO","2023081500",0,16.8,83,2.1,262,3.9,86.51,2.893,8.294,,,,,,,,,0,193.3,,0,0,0,0,0,,0,0,,0,
"233","TALCHAKO","2023081501",0,15.4,91,2.3,297,4.5,85.636,2.584,7.504,,,,,,,,,0,193.3,,0,0,0,0,0,,0,0,,0,
"233","TALCHAKO","2023081502",0,14.9,93,0,30,4.5,84.929,2.087,6.159,,,,,,,,,0,193.3,,0,0,0,0,0,,0,0,,0,
"233","TALCHAKO","2023081503",0,14.1,94,2.2,18,5.1,84.079,2.078,6.133,,,,,,,,,0,193.3,,0,0,0,0,0,,0,0,,0,
"233","TALCHAKO","2023081504",0,13.8,94,2.2,124,6.8,83.334,1.883,5.578,,,,,,,,,0,193.3,,0,0,0,0,0,,0,0,,0,
"233","TALCHAKO","2023081505",0,13.4,95,2.7,207,6.2,82.597,1.758,5.209,,,,,,,,,0,193.3,,0,0,0,0,0,,0,0,,0,
"233","TALCHAKO","2023081506",0,13.1,96,2.2,121,5.1,81.891,1.572,4.645,,,,,,,,,0,193.3,,0,0,0,0,0,,0,0,,0,
"233","TALCHAKO","2023081507",0,14.1,91,2.3,88,6.2,81.577,1.522,4.49,,,,,,,,,0,193.3,,0,0,0,0,0,,0,0,,0,
"233","TALCHAKO","2023081508",0,15.2,91,2.6,21,4.5,81.301,1.496,4.41,,,,,,,,,0,193.3,,0,0,0,0,0,,0,0,,0,
"233","TALCHAKO","2023081509",0,19.9,71,4.3,88,6.8,81.544,1.676,4.965,,,,,,,,,0,193.3,,0,0,0,0,0,,0,0,,0,
"233","TALCHAKO","2023081510",0,21.7,60,5.1,81,8.5,82.063,1.857,5.501,,,,,,,,,0,193.3,,0,0,0,0,0,,0,0,,0,
"233","TALCHAKO","2023081511",0,23.3,58,2.9,68,6.8,82.585,1.773,5.254,,,,,,,,,0,193.3,,0,0,0,0,0,,0,0,,0,
"233","TALCHAKO","2023081512",0,23.8,53,4.6,167,12.5,83.233,2.098,6.189,0,89.226,4.838,13.252,30.628,446.08,52.282,2,0,193.3,,0,0,0,0,0,,0,0,,0,
"233","TALCHAKO","2023081513",0,24.7,53,2.5,112,11.4,83.79,2.03,6.302,,,,,,,,,0,193.3,,0,0,0,0,0,,0,0,,0,
"233","TALCHAKO","2023081514",0,26.2,46,3.9,79,10.2,84.574,2.42,7.412,,,,,,,,,0,193.3,,0,0,0,0,0,,0,0,,0,
"233","TALCHAKO","2023081515",0,26.4,51,3,55,6.8,85.097,2.484,7.589,,,,,,,,,0,193.3,,0,0,0,0,0,,0,0,,0,
"233","TALCHAKO","2023081516",0,24,59,5.5,269,8.5,85.311,2.902,8.702,,,,,,,,,0,193.3,,0,0,0,0,0,,0,0,,0,
"233","TALCHAKO","2023081517",0,23.5,56,3.9,251,6.8,85.544,2.765,8.345,,,,,,,,,0,193.3,,0,0,0,0,0,,0,0,,0,
"233","TALCHAKO","2023081518",0,23.1,59,3.5,173,11.4,85.676,2.76,8.332,,,,,,,,,0,193.3,,0,0,0,0,0,,0,0,,0,
"233","TALCHAKO","2023081519",0,22.5,56,4.3,269,17.2,85.845,2.943,8.808,,,,,,,,,0,193.3,,0,0,0,0,0,,0,0,,0,
"233","TALCHAKO","2023081520",0,20.5,61,4.2,240,6.8,85.893,2.948,8.821,,,,,,,,,0,193.3,,0,0,0,0,0,,0,0,,0,
"233","TALCHAKO","2023081521",0,19,64,2.5,250,7.4,85.941,2.724,8.235,,,,,,,,,0,193.3,,0,0,0,0,0,,0,0,,0,
"233","TALCHAKO","2023081522",0,17.5,69,2.2,253,5.6,85.905,2.67,8.09,,,,,,,,,0,193.3,,0,0,0,0,0,,0,0,,0,
"233","TALCHAKO","2023081523",0,16.5,74,1.8,279,4.5,85.75,2.56,7.796,,,,,,,,,0,193.3,,0,0,0,0,0,,0,0,,0,
"234","TIMOTHY","2023081500",0,17.5,62,4.3,64,7.9,89.912,5.258,16.559,,,,,,,,,,,,,,,,,,,,,,
"234","TIMOTHY","2023081501",0,17.2,63,3.7,81,5.6,89.534,4.832,15.536,,,,,,,,,,,,,,,,,,,,,,
"234","TIMOTHY","2023081502",0,17.2,60,3.8,71,7.9,89.266,4.674,15.145,,,,,,,,,,,,,,,,,,,,,,
"234","TIMOTHY","2023081503",0,16.8,60,4.1,77,6.2,89.023,4.582,14.917,,,,,,,,,,,,,,,,,,,,,,
"234","TIMOTHY","2023081504",0,16.9,58,4,72,5.6,88.851,4.447,14.58,,,,,,,,,,,,,,,,,,,,,,
"234","TIMOTHY","2023081505",0,15.8,63,3.4,82,6.2,88.59,4.156,13.835,,,,,,,,,,,,,,,,,,,,,,
"234","TIMOTHY","2023081506",0,15.9,65,4.4,65,6.2,88.304,4.196,13.937,,,,,,,,,,,,,,,,,,,,,,
"234","TIMOTHY","2023081507",0,17.5,62,2,249,5.6,88.153,3.638,12.459,,,,,,,,,,,,,,,,,,,,,,
"234","TIMOTHY","2023081508",0,22,55,3.4,225,5.6,88.202,3.931,13.246,,,,,,,,,,,,,,,,,,,,,,
"234","TIMOTHY","2023081509",0,24.5,42,4.5,227,7.9,88.437,4.298,14.201,,,,,,,,,,,,,,,,,,,,,,
"234","TIMOTHY","2023081510",0,25,41,4.8,237,8.5,88.684,4.521,14.765,,,,,,,,,,,,,,,,,,,,,,
"234","TIMOTHY","2023081511",0,27.7,37,6.4,212,13.1,89.13,5.224,16.48,,,,,,,,,,,,,,,,,,,,,,
"234","TIMOTHY","2023081512",0,28.5,32,6,253,15.4,89.715,5.568,17.284,0,92.087,7.808,23.034,46.65,487.001,75.274,3,,,,,,,,,,,,,,
"234","TIMOTHY","2023081513",0,29.4,27,7.4,222,16.6,90.464,6.652,20.545,,,,,,,,,,,,,,,,,,,,,,
"234","TIMOTHY","2023081514",0,28.6,29,5.5,335,13.7,90.928,6.459,20.112,,,,,,,,,,,,,,,,,,,,,,
"234","TIMOTHY","2023081515",0,30.6,25,7.4,256,18.3,91.595,7.815,23.048,,,,,,,,,,,,,,,,,,,,,,
"234","TIMOTHY","2023081516",0,29.4,27,8.9,256,24.6,91.991,8.915,25.278,,,,,,,,,,,,,,,,,,,,,,
"234","TIMOTHY","2023081517",0,29.6,25,8.3,292,22.9,92.403,9.167,25.771,,,,,,,,,,,,,,,,,,,,,,
"234","TIMOTHY","2023081518",0,27.4,29,7.7,347,19.5,92.48,8.991,25.427,,,,,,,,,,,,,,,,,,,,,,
"234","TIMOTHY","2023081519",0,24.6,32,7.8,347,18.9,92.53,9.101,25.642,,,,,,,,,,,,,,,,,,,,,,
"234","TIMOTHY","2023081520",0,21.8,43,8,1,15.4,92.309,8.911,25.271,,,,,,,,,,,,,,,,,,,,,,
"234","TIMOTHY","2023081521",0,19.2,53,6.9,30,17.7,91.846,7.896,23.218,,,,,,,,,,,,,,,,,,,,,,
"234","TIMOTHY","2023081522",0,18.7,44,6.4,22,17.2,91.658,7.498,22.382,,,,,,,,,,,,,,,,,,,,,,
"234","TIMOTHY","2023081523",0,17.5,43,6.6,33,17.2,91.498,7.404,22.183,,,,,,,,,,,,,,,,,,,,,,
"235","YOUNG LAKE","2023081500",0,13.4,72,5.5,220,9.1,89.475,5.246,20.465,,,,,,,,,,,,,,,,,,,,,,
"235","YOUNG LAKE","2023081501",0,12.1,78,3.8,243,7.9,88.772,4.353,17.857,,,,,,,,,,,,,,,,,,,,,,
"235","YOUNG LAKE","2023081502",0,11.6,80,7,217,9.1,88.029,4.598,18.592,,,,,,,,,,,,,,,,,,,,,,
"235","YOUNG LAKE","2023081503",0,10.4,85,3.7,215,7.9,87.276,3.496,15.143,,,,,,,,,,,,,,,,,,,,,,
"235","YOUNG LAKE","2023081504",0,9.9,89,4.4,209,9.1,86.428,3.211,14.183,,,,,,,,,,,,,,,,,,,,,,
"235","YOUNG LAKE","2023081505",0,9.3,91,8.4,159,9.1,85.503,3.449,14.988,,,,,,,,,,,,,,,,,,,,,,
"235","YOUNG LAKE","2023081506",0,10.9,90,5,182,9.1,84.784,2.632,12.129,,,,,,,,,,,,,,,,,,,,,,
"235","YOUNG LAKE","2023081507",0,19.3,55,4.1,129,5.6,84.996,2.59,11.972,,,,,,,,,,,,,,,,,,,,,,
"235","YOUNG LAKE","2023081508",0,20.9,52,4.9,16,10.2,85.293,2.809,12.773,,,,,,,,,,,,,,,,,,,,,,
"235","YOUNG LAKE","2023081509",0,25.4,41,6.8,7,10.2,86.044,3.433,14.932,,,,,,,,,,,,,,,,,,,,,,
"235","YOUNG LAKE","2023081510",0,26.9,36,7.6,7,12.5,86.945,4.059,16.952,,,,,,,,,,,,,,,,,,,,,,
"235","YOUNG LAKE","2023081511",0,29.5,30,7.8,27,12.5,88.097,4.834,19.284,,,,,,,,,,,,,,,,,,,,,,
"235","YOUNG LAKE","2023081512",0,30.5,28,8.8,330,17.2,89.207,5.961,22.425,0,93.225,10.551,33.954,75.793,486.209,109.077,4,,,,,,,,,,,,,,
"235","YOUNG LAKE","2023081513",0,31.2,26,11.5,17,24.6,90.278,7.964,28.097,,,,,,,,,,,,,,,,,,,,,,
"235","YOUNG LAKE","2023081514",0,31.8,23,7,332,19.5,91.238,7.28,26.417,,,,,,,,,,,,,,,,,,,,,,
"235","YOUNG LAKE","2023081515",0,31.3,25,10.7,339,17.7,91.914,9.656,32.007,,,,,,,,,,,,,,,,,,,,,,
"235","YOUNG LAKE","2023081516",0,30.5,25,7.8,18,18.3,92.38,8.91,30.323,,,,,,,,,,,,,,,,,,,,,,
"235","YOUNG LAKE","2023081517",0,30.9,26,11.1,16,18.9,92.739,11.068,35.044,,,,,,,,,,,,,,,,,,,,,,
"235","YOUNG LAKE","2023081518",0,28.3,32,9.9,28,20,92.789,10.492,33.827,,,,,,,,,,,,,,,,,,,,,,
"235","YOUNG LAKE","2023081519",0,26.1,33,6.2,8,12.5,92.839,8.768,29.997,,,,,,,,,,,,,,,,,,,,,,
"235","YOUNG LAKE","2023081520",0,20.5,49,3.4,262,8.5,92.47,7.23,26.291,,,,,,,,,,,,,,,,,,,,,,
"235","YOUNG LAKE","2023081521",0,23.1,33,9.1,332,21.2,92.52,9.703,32.111,,,,,,,,,,,,,,,,,,,,,,
"235","YOUNG LAKE","2023081522",0,21.7,35,10.5,318,18.9,92.489,10.367,33.559,,,,,,,,,,,,,,,,,,,,,,
"235","YOUNG LAKE","2023081523",0,20.3,43,8.5,335,22.3,92.252,9.065,30.679,,,,,,,,,,,,,,,,,,,,,,
"236","MEADOW LAKE","2023081500",0,14.5,73,4.3,322,6.8,90.542,5.754,19.627,,,,,,,,,,,,,,,,,,,,,,
"236","MEADOW LAKE","2023081501",0,15.2,64,6.8,314,9.7,90.016,6.053,20.36,,,,,,,,,,,,,,,,,,,,,,
"236","MEADOW LAKE","2023081502",0,14.4,70,7.2,332,13.1,89.395,5.651,19.369,,,,,,,,,,,,,,,,,,,,,,
"236","MEADOW LAKE","2023081503",0,11.6,87,2.8,8,7.9,88.419,3.935,14.778,,,,,,,,,,,,,,,,,,,,,,
"236","MEADOW LAKE","2023081504",0,10.6,91,2.4,19,8.5,87.398,3.332,12.982,,,,,,,,,,,,,,,,,,,,,,
"236","MEADOW LAKE","2023081505",0,9.5,93,2.6,119,7.4,86.393,2.918,11.678,,,,,,,,,,,,,,,,,,,,,,
"236","MEADOW LAKE","2023081506",0,11,90,2.9,101,7.4,85.622,2.658,10.825,,,,,,,,,,,,,,,,,,,,,,
"236","MEADOW LAKE","2023081507",0,16.6,73,2.4,227,4.5,85.519,2.555,10.478,,,,,,,,,,,,,,,,,,,,,,
"236","MEADOW LAKE","2023081508",0,20.8,57,5.1,183,6.8,85.651,2.982,11.885,,,,,,,,,,,,,,,,,,,,,,
"236","MEADOW LAKE","2023081509",0,26.4,38,4.2,133,7.4,86.446,3.186,12.532,,,,,,,,,,,,,,,,,,,,,,
"236","MEADOW LAKE","2023081510",0,27.6,36,7.7,212,14.3,87.321,4.304,15.824,,,,,,,,,,,,,,,,,,,,,,
"236","MEADOW LAKE","2023081511",0,29.3,31,4,242,12,88.259,4.085,15.208,,,,,,,,,,,,,,,,,,,,,,
"236","MEADOW LAKE","2023081512",0,30.4,29,8.1,298,17.7,89.271,5.808,19.76,0,93.094,10,30.009,56.091,583.58,90.449,4,,,,,,,,,,,,,,
"236","MEADOW LAKE","2023081513",0,32.3,25,6.6,182,19.5,90.365,6.3,21.775,,,,,,,,,,,,,,,,,,,,,,
"236","MEADOW LAKE","2023081514",0,32.4,24,7.4,16,14.3,91.303,7.497,24.622,,,,,,,,,,,,,,,,,,,,,,
"236","MEADOW LAKE","2023081515",0,31,23,11,13,28.1,92.051,9.995,29.999,,,,,,,,,,,,,,,,,,,,,,
"236","MEADOW LAKE","2023081516",0,31.5,25,14,41,24.6,92.581,12.527,34.884,,,,,,,,,,,,,,,,,,,,,,
"236","MEADOW LAKE","2023081517",0,31.2,23,13.5,5,22.9,93.073,13.09,35.909,,,,,,,,,,,,,,,,,,,,,,
"236","MEADOW LAKE","2023081518",0,30.8,25,11.3,350,22.3,93.324,12.134,34.156,,,,,,,,,,,,,,,,,,,,,,
"236","MEADOW LAKE","2023081519",0,28.5,28,7.3,340,21.8,93.374,9.989,29.987,,,,,,,,,,,,,,,,,,,,,,
"236","MEADOW LAKE","2023081520",0,25.9,26,11.3,357,28.7,93.424,12.305,34.474,,,,,,,,,,,,,,,,,,,,,,
"236","MEADOW LAKE","2023081521",0,23.9,28,7.5,321,20.6,93.474,10.232,30.478,,,,,,,,,,,,,,,,,,,,,,
"236","MEADOW LAKE","2023081522",0,22,29,11,336,18.3,93.478,12.212,34.302,,,,,,,,,,,,,,,,,,,,,,
"236","MEADOW LAKE","2023081523",0,19.3,35,7.3,18,14.3,93.317,9.909,29.824,,,,,,,,,,,,,,,,,,,,,,
"239","CLEARWATER HUB","2023081500",0,17,84,2.8,325,5.6,88.548,4.008,14.046,,,,,,,,,,0.4,,,,0,2,967.63,,,,,,
"239","CLEARWATER HUB","2023081501",0,15.9,88,0,193,7.4,87.771,3.114,11.499,,,,,,,,,,0.4,,,,0,2,967.61,,,,,,
"239","CLEARWATER HUB","2023081502",0,14.7,91,2,300,5.6,86.764,2.983,11.105,,,,,,,,,,0.4,,,,0,2,967.59,,,,,,
"239","CLEARWATER HUB","2023081503",0,14.7,93,1.6,101,5.1,85.776,2.544,9.731,,,,,,,,,,0.5,,,,0,2,967.54,,,,,,
"239","CLEARWATER HUB","2023081504",0,14.2,95,1.6,86,2.8,84.778,2.216,8.648,,,,,,,,,,0.5,,,,0,2,967.51,,,,,,
"239","CLEARWATER HUB","2023081505",0,13.1,97,1.7,38,3.9,83.759,1.942,7.7,,,,,,,,,,0.5,,,,0,2,967.53,,,,,,
"239","CLEARWATER HUB","2023081506",0,14.2,94,3.5,128,5.6,83.012,1.929,7.656,,,,,,,,,,0.7,,,,0,2,967.44,,,,,,
"239","CLEARWATER HUB","2023081507",0,16.5,85,1.8,230,5.1,82.861,1.737,6.961,,,,,,,,,,0.9,,,,0,2,967.34,,,,,,
"239","CLEARWATER HUB","2023081508",0,20.8,67,3.5,341,7.9,83.058,1.941,7.696,,,,,,,,,,0.8,,,,0,2,967.13,,,,,,
"239","CLEARWATER HUB","2023081509",0,23.2,55,7,335,10.8,83.612,2.487,9.548,,,,,,,,,,0.8,,,,0,2,967.11,,,,,,
"239","CLEARWATER HUB","2023081510",0,27.1,43,4.3,76,9.7,84.575,2.469,9.49,,,,,,,,,,0.7,,,,0,2,967.05,,,,,,
"239","CLEARWATER HUB","2023081511",0,28.3,42,4,87,12.5,85.488,2.758,10.41,,,,,,,,,,0.7,,,,0,2,967.1,,,,,,
"239","CLEARWATER HUB","2023081512",0,30.2,37,6.2,159,9.1,86.616,3.61,12.941,0,91.797,7.57,23.326,50.76,485.751,80.492,4,,0.7,,,,0,2,967.09,,,,,,
"239","CLEARWATER HUB","2023081513",0,32.8,30,5.3,200,9.7,88.001,4.203,15.155,,,,,,,,,,-2.9,,,,0,2,967.11,,,,,,
"239","CLEARWATER HUB","2023081514",0,34,29,5.8,326,11.4,89.264,5.167,17.701,,,,,,,,,,0.5,,,,0,2,967.13,,,,,,
"239","CLEARWATER HUB","2023081515",0,34.2,33,3.5,97,9.7,90.038,5.142,17.638,,,,,,,,,,0.6,,,,0,2,967.22,,,,,,
"239","CLEARWATER HUB","2023081516",0,34.8,28,4.1,104,8.5,90.935,6.025,19.813,,,,,,,,,,0.6,,,,0,2,967.19,,,,,,
"239","CLEARWATER HUB","2023081517",0,34.4,28,5.1,299,9.7,91.64,7.004,22.077,,,,,,,,,,-6.8,,,,0,2,967.2,,,,,,
"239","CLEARWATER HUB","2023081518",0,32.5,39,2.2,279,6.8,91.69,6.095,19.979,,,,,,,,,,0.2,,,,0,2,967.31,,,,,,
"239","CLEARWATER HUB","2023081519",0,25.8,62,3.9,39,7.9,91.137,6.138,20.082,,,,,,,,,,0.2,,,,0,2,967.55,,,,,,
"239","CLEARWATER HUB","2023081520",0,22,70,2.4,120,7.4,90.447,5.158,17.679,,,,,,,,,,0.4,,,,0,2,967.62,,,,,,
"239","CLEARWATER HUB","2023081521",0,20,72,3.2,316,7.4,89.773,4.876,16.954,,,,,,,,,,0.5,,,,0,2,967.58,,,,,,
"239","CLEARWATER HUB","2023081522",0,18.7,75,2.5,22,9.7,89.119,4.285,15.38,,,,,,,,,,0.4,,,,0,2,967.51,,,,,,
"239","CLEARWATER HUB","2023081523",0,18.3,76,4.4,222,10.2,88.475,4.3,15.42,,,,,,,,,,0.5,,,,0,2,967.44,,,,,,
"243","EAST BARRIERE","2023081500",0,14.8,87,0,97,6.2,87.553,3.019,11.697,,,,,,,,,,,,,,,,,,,,,,
"243","EAST BARRIERE","2023081501",0,13.7,93,0,82,0,86.672,2.663,10.557,,,,,,,,,,,,,,,,,,,,,,
"243","EAST BARRIERE","2023081502",0,13.2,94,0,91,6.2,85.831,2.365,9.562,,,,,,,,,,,,,,,,,,,,,,
"243","EAST BARRIERE","2023081503",0,12.4,98,0,46,0,84.83,2.059,8.49,,,,,,,,,,,,,,,,,,,,,,
"243","EAST BARRIERE","2023081504",0,12,99,0,88,0,83.86,1.806,7.562,,,,,,,,,,,,,,,,,,,,,,
"243","EAST BARRIERE","2023081505",0,11.5,99,0,265,2.2,82.992,1.613,6.823,,,,,,,,,,,,,,,,,,,,,,
"243","EAST BARRIERE","2023081506",0,12.1,100,0,93,3.9,82.116,1.446,6.157,,,,,,,,,,,,,,,,,,,,,,
"243","EAST BARRIERE","2023081507",0,15.5,96,0,270,0,81.58,1.356,5.788,,,,,,,,,,,,,,,,,,,,,,
"243","EAST BARRIERE","2023081508",0,21.3,64,3.5,252,6.8,81.965,1.693,7.133,,,,,,,,,,,,,,,,,,,,,,
"243","EAST BARRIERE","2023081509",0,24.8,47,3.4,207,7.4,82.87,1.885,7.856,,,,,,,,,,,,,,,,,,,,,,
"243","EAST BARRIERE","2023081510",0,28,44,4.2,203,9.7,83.954,2.26,9.2,,,,,,,,,,,,,,,,,,,,,,
"243","EAST BARRIERE","2023081511",0,30.6,35,4.8,241,10.2,85.412,2.841,11.135,,,,,,,,,,,,,,,,,,,,,,
"243","EAST BARRIERE","2023081512",0,33.8,25,5.8,274,9.1,87.389,3.95,14.459,0,94.417,10.703,31.058,53.126,656.779,88.379,5,,,,,,,,,,,,,,
"243","EAST BARRIERE","2023081513",0,35,25,4.7,216,12,89.023,4.723,17.437,,,,,,,,,,,,,,,,,,,,,,
"243","EAST BARRIERE","2023081514",0,35.5,25,5.2,255,14.9,90.369,5.874,20.456,,,,,,,,,,,,,,,,,,,,,,
"243","EAST BARRIERE","2023081515",0,34.8,27,2.5,217,14.9,91.202,5.773,20.203,,,,,,,,,,,,,,,,,,,,,,
"243","EAST BARRIERE","2023081516",0,33.9,30,4.2,130,9.1,91.718,6.768,22.639,,,,,,,,,,,,,,,,,,,,,,
"243","EAST BARRIERE","2023081517",0,34.2,33,4.2,315,13.7,92.012,7.055,23.314,,,,,,,,,,,,,,,,,,,,,,
"243","EAST BARRIERE","2023081518",0,29.7,43,2.1,290,13.7,92.029,6.362,21.664,,,,,,,,,,,,,,,,,,,,,,
"243","EAST BARRIERE","2023081519",0,27,48,2,299,14.3,91.87,6.19,21.243,,,,,,,,,,,,,,,,,,,,,,
"243","EAST BARRIERE","2023081520",0,21.6,60,0,92,5.6,91.495,5.306,19.001,,,,,,,,,,,,,,,,,,,,,,
"243","EAST BARRIERE","2023081521",0,19.2,75,2.1,262,5.6,90.625,5.212,18.753,,,,,,,,,,,,,,,,,,,,,,
"243","EAST BARRIERE","2023081522",0,17.6,79,0,306,6.2,89.928,4.243,16.093,,,,,,,,,,,,,,,,,,,,,,
"243","EAST BARRIERE","2023081523",0,16,86,2.7,272,6.2,88.856,4.169,15.879,,,,,,,,,,,,,,,,,,,,,,
"244","WINDY MOUNTAIN","2023081500",0,18.2,53,5.1,346,10.8,89.983,5.53,14.045,,,,,,,,,,,,,,,,,,,,,,
"244","WINDY MOUNTAIN","2023081501",0,17.6,56,5.8,340,7.9,89.736,5.529,14.045,,,,,,,,,,,,,,,,,,,,,,
"244","WINDY MOUNTAIN","2023081502",0,17.1,57,5.6,332,7.9,89.493,5.286,13.561,,,,,,,,,,,,,,,,,,,,,,
"244","WINDY MOUNTAIN","2023081503",0,16.1,64,6.8,338,9.1,89.098,5.307,13.602,,,,,,,,,,,,,,,,,,,,,,
"244","WINDY MOUNTAIN","2023081504",0,16.7,60,6.7,340,13.1,88.852,5.096,13.178,,,,,,,,,,,,,,,,,,,,,,
"244","WINDY MOUNTAIN","2023081505",0,15.9,62,5.5,69,10.2,88.592,4.622,12.195,,,,,,,,,,,,,,,,,,,,,,
"244","WINDY MOUNTAIN","2023081506",0,16.4,63,2.4,80,6.2,88.375,3.832,10.472,,,,,,,,,,,,,,,,,,,,,,
"244","WINDY MOUNTAIN","2023081507",0,17.3,60,2,256,4.5,88.254,3.691,10.15,,,,,,,,,,,,,,,,,,,,,,
"244","WINDY MOUNTAIN","2023081508",0,22.8,46,3.8,179,6.2,88.335,4.089,11.045,,,,,,,,,,,,,,,,,,,,,,
"244","WINDY MOUNTAIN","2023081509",0,25.3,36,6.3,277,10.2,88.773,4.938,12.855,,,,,,,,,,,,,,,,,,,,,,
"244","WINDY MOUNTAIN","2023081510",0,25.6,37,3.6,4,14.9,89.098,4.516,11.972,,,,,,,,,,,,,,,,,,,,,,
"244","WINDY MOUNTAIN","2023081511",0,26.8,35,7.2,288,14.3,89.514,5.748,14.471,,,,,,,,,,,,,,,,,,,,,,
"244","WINDY MOUNTAIN","2023081512",0,27.4,36,7.7,258,18.9,89.85,6.185,15.31,0,91.117,7.413,18.503,33.388,328.155,53.235,4,,,,,,,,,,,,,,
"244","WINDY MOUNTAIN","2023081513",0,28,34,9.3,265,20.6,90.234,7.084,17.894,,,,,,,,,,,,,,,,,,,,,,
"244","WINDY MOUNTAIN","2023081514",0,26.9,37,7.6,277,17.7,90.392,6.651,17.075,,,,,,,,,,,,,,,,,,,,,,
"244","WINDY MOUNTAIN","2023081515",0,27.9,32,8.6,270,15.4,90.745,7.356,18.4,,,,,,,,,,,,,,,,,,,,,,
"244","WINDY MOUNTAIN","2023081516",0,28.5,30,10.3,288,20.6,91.148,8.488,20.421,,,,,,,,,,,,,,,,,,,,,,
"244","WINDY MOUNTAIN","2023081517",0,28,34,9.5,244,16.6,91.29,8.319,20.127,,,,,,,,,,,,,,,,,,,,,,
"244","WINDY MOUNTAIN","2023081518",0,23.8,36,10.7,286,17.2,91.34,8.9,21.131,,,,,,,,,,,,,,,,,,,,,,
"244","WINDY MOUNTAIN","2023081519",0,21.7,40,7.4,296,19.5,91.34,7.537,18.731,,,,,,,,,,,,,,,,,,,,,,
"244","WINDY MOUNTAIN","2023081520",0,19.9,44,10.3,302,24.1,91.208,8.561,20.548,,,,,,,,,,,,,,,,,,,,,,
"244","WINDY MOUNTAIN","2023081521",0,18.4,50,11.3,304,23.5,90.92,8.641,20.687,,,,,,,,,,,,,,,,,,,,,,
"244","WINDY MOUNTAIN","2023081522",0,18,46,15.3,306,26.9,90.747,10.314,23.465,,,,,,,,,,,,,,,,,,,,,,
"244","WINDY MOUNTAIN","2023081523",0,17,44,12.4,305,26.9,90.638,8.774,20.914,,,,,,,,,,,,,,,,,,,,,,
"250","HARBOUR LAKE","2023081500",0,13.4,82,4.2,245,5.6,86.311,3.126,6.623,,,,,,,,,0,0,,0,0,0,0,0,,0,0,,0,
"250","HARBOUR LAKE","2023081501",0,13,82,3.8,246,6.2,85.838,2.867,6.104,,,,,,,,,0,0,,0,0,0,0,0,,0,0,,0,
"250","HARBOUR LAKE","2023081502",0,12.3,84,4.7,233,6.2,85.337,2.797,5.962,,,,,,,,,0,0,,0,0,0,0,0,,0,0,,0,
"250","HARBOUR LAKE","2023081503",0,12.4,87,4.4,249,5.6,84.78,2.552,5.452,,,,,,,,,0,0,,0,0,0,0,0,,0,0,,0,
"250","HARBOUR LAKE","2023081504",0,11.4,90,2.8,238,5.1,84.186,2.172,4.629,,,,,,,,,0,0,,0,0,0,0,0,,0,0,,0,
"250","HARBOUR LAKE","2023081505",0,11.4,87,4,234,5.6,83.767,2.183,4.652,,,,,,,,,0,0,,0,0,0,0,0,,0,0,,0,
"250","HARBOUR LAKE","2023081506",0,13.9,85,0,237,7.4,83.563,1.737,3.625,,,,,,,,,0,0,,0,0,0,0,0,,0,0,,0,
"250","HARBOUR LAKE","2023081507",0,19.1,56,4.3,121,7.4,83.876,2.248,4.797,,,,,,,,,0,0,,0,0,0,0,0,,0,0,,0,
"250","HARBOUR LAKE","2023081508",0,23.7,45,2.8,126,9.1,84.538,2.278,4.862,,,,,,,,,0,0,,0,0,0,0,0,,0,0,,0,
"250","HARBOUR LAKE","2023081509",0,24.6,40,6.6,3,12,85.389,3.101,6.573,,,,,,,,,0,0,,0,0,0,0,0,,0,0,,0,
"250","HARBOUR LAKE","2023081510",0,26,35,3.2,184,10.2,86.274,2.957,6.286,,,,,,,,,0,0,,0,0,0,0,0,,0,0,,0,
"250","HARBOUR LAKE","2023081511",0,26,37,5.7,359,14.3,87.021,3.728,7.775,,,,,,,,,0,0,,0,0,0,0,0,,0,0,,0,
"250","HARBOUR LAKE","2023081512",0,25.3,38,6.9,344,18.9,87.604,4.305,8.819,0,90.359,6.39,13.221,21.776,223.012,35.007,3,0,0,,0,0,0,0,0,,0,0,,0,
"250","HARBOUR LAKE","2023081513",0,25.9,35,6.5,323,14.9,88.219,4.607,10.148,,,,,,,,,0,0,,0,0,0,0,0,,0,0,,0,
"250","HARBOUR LAKE","2023081514",0,26.6,36,6.6,327,13.7,88.732,4.985,10.83,,,,,,,,,0,0,,0,0,0,0,0,,0,0,,0,
"250","HARBOUR LAKE","2023081515",0,25.4,39,4.4,297,16,89.004,4.639,10.205,,,,,,,,,0,0,,0,0,0,0,0,,0,0,,0,
"250","HARBOUR LAKE","2023081516",0,25.6,37,6.4,335,16.6,89.316,5.366,11.501,,,,,,,,,0,0,,0,0,0,0,0,,0,0,,0,
"250","HARBOUR LAKE","2023081517",0,24.6,37,6.9,340,16.6,89.547,5.688,12.055,,,,,,,,,0,0,,0,0,0,0,0,,0,0,,0,
"250","HARBOUR LAKE","2023081518",0,22.3,40,7.4,359,19.5,89.596,5.875,12.369,,,,,,,,,0,0,,0,0,0,0,0,,0,0,,0,
"250","HARBOUR LAKE","2023081519",0,20.3,49,5.9,332,14.3,89.586,5.439,11.628,,,,,,,,,0,0,,0,0,0,0,0,,0,0,,0,
"250","HARBOUR LAKE","2023081520",0,16.3,60,3.4,242,9.1,89.311,4.61,10.152,,,,,,,,,0,0,,0,0,0,0,0,,0,0,,0,
"250","HARBOUR LAKE","2023081521",0,16.1,63,3.1,208,12.5,89.005,4.345,9.661,,,,,,,,,0,0,,0,0,0,0,0,,0,0,,0,
"250","HARBOUR LAKE","2023081522",0,15,68,3.5,172,9.1,88.611,4.19,9.368,,,,,,,,,0,0,,0,0,0,0,0,,0,0,,0,
"250","HARBOUR LAKE","2023081523",0,16.7,60,5.5,8,16,88.431,4.516,9.979,,,,,,,,,0,0,,0,0,0,0,0,,0,0,,0,
"253","CAHILTY","2023081500",0,15.9,54,5.3,3,9.7,90.059,5.647,22.935,,,,,,,,,,,,,,0,,,,,,6949.6,,
"253","CAHILTY","2023081501",0,15.4,57,4.4,3,8.6,89.778,5.184,21.581,,,,,,,,,,,,,,0,,,,,,6949.6,,
"253","CAHILTY","2023081502",0,15,59,5.9,352,9.4,89.468,5.347,22.064,,,,,,,,,,,,,,0,,,,,,6949.6,,
"253","CAHILTY","2023081503",0,14.6,60,6,7,8.3,89.167,5.148,21.473,,,,,,,,,,,,,,0,,,,,,6949.6,,
"253","CAHILTY","2023081504",0,14.4,65,5.8,13,8.2,88.791,4.828,20.507,,,,,,,,,,,,,,0,,,,,,6949.6,,
"253","CAHILTY","2023081505",0,14.2,64,6.2,4,10.1,88.476,4.708,20.138,,,,,,,,,,,,,,0,,,,,,6949.6,,
"253","CAHILTY","2023081506",0,15.1,68,3.8,349,9.2,88.137,3.974,17.789,,,,,,,,,,,,,,0,,,,,,6949.6,,
"253","CAHILTY","2023081507",0,18.7,58,2.5,258,6.9,88.095,3.7,16.866,,,,,,,,,,,,,,0,,,,,,6949.6,,
"253","CAHILTY","2023081508",0,23.9,43,3.8,261,6.5,88.297,4.067,18.093,,,,,,,,,,,,,,0,,,,,,6949.6,,
"253","CAHILTY","2023081509",0,25.9,37,4.4,243,9.2,88.712,4.449,19.325,,,,,,,,,,,,,,0,,,,,,6949.6,,
"253","CAHILTY","2023081510",0,26.8,33,6.5,241,13.4,89.258,5.348,22.067,,,,,,,,,,,,,,0,,,,,,6949.6,,
"253","CAHILTY","2023081511",0,27.8,34,7.7,258,16.4,89.73,6.079,24.157,,,,,,,,,,,,,,0,,,,,,6949.6,,
"253","CAHILTY","2023081512",0,27.6,30,8.4,276,19.6,90.269,6.804,26.126,0,92.304,9.086,32.314,85.881,544.434,123.183,5,,,,,,0,,,,,,6949.6,,
"253","CAHILTY","2023081513",0,29.4,25,9.7,257,22.3,91.029,8.097,29.905,,,,,,,,,,,,,,0,,,,,,6949.6,,
"253","CAHILTY","2023081514",0,29.5,25,8.5,259,21.3,91.63,8.301,30.412,,,,,,,,,,,,,,0,,,,,,6949.6,,
"253","CAHILTY","2023081515",0,29.7,25,6.8,242,23.1,92.106,8.151,30.04,,,,,,,,,,,,,,0,,,,,,6949.6,,
"253","CAHILTY","2023081516",0,28.8,25,7.1,257,18.1,92.452,8.689,31.362,,,,,,,,,,,,,,0,,,,,,6949.6,,
"253","CAHILTY","2023081517",0,28.9,25,6.5,279,13.8,92.733,8.77,31.557,,,,,,,,,,,,,,0,,,,,,6949.6,,
"253","CAHILTY","2023081518",0,26.3,33,4.9,341,17.4,92.783,8.148,30.033,,,,,,,,,,,,,,0,,,,,,6949.6,,
"253","CAHILTY","2023081519",0,22.5,43,9.2,333,18.1,92.53,9.765,33.903,,,,,,,,,,,,,,0,,,,,,6949.6,,
"253","CAHILTY","2023081520",0,21.3,45,10.3,320,23.5,92.234,9.901,34.214,,,,,,,,,,,,,,0,,,,,,6949.6,,
"253","CAHILTY","2023081521",0,21.1,40,13.2,324,26.4,92.096,11.237,37.185,,,,,,,,,,,,,,0,,,,,,6949.6,,
"253","CAHILTY","2023081522",0,20.9,40,14.1,327,29.2,91.97,11.551,37.861,,,,,,,,,,,,,,0,,,,,,6949.6,,
"253","CAHILTY","2023081523",0,19.9,42,12.3,310,29.7,91.799,10.297,35.114,,,,,,,,,,,,,,0,,,,,,6949.6,,
"255","LIKELY RS","2023081500",0,12.7,94,4.3,134,10.2,84.111,2.319,6.991,,,,,,,,,,,,,,,,,,,,,,
"255","LIKELY RS","2023081501",0,12.3,94,2.5,83,10.2,83.369,1.921,5.854,,,,,,,,,,,,,,,,,,,,,,
"255","LIKELY RS","2023081502",0,11.1,98,3,88,5.1,82.414,1.744,5.327,,,,,,,,,,,,,,,,,,,,,,
"255","LIKELY RS","2023081503",0,11.2,97,4,76,8.5,81.622,1.667,5.089,,,,,,,,,,,,,,,,,,,,,,
"255","LIKELY RS","2023081504",0,10.3,98,3.3,101,7.4,80.868,1.475,4.485,,,,,,,,,,,,,,,,,,,,,,
"255","LIKELY RS","2023081505",0,10.3,100,3.1,83,6.8,80.026,1.333,4.022,,,,,,,,,,,,,,,,,,,,,,
"255","LIKELY RS","2023081506",0,10.8,100,4.9,61,9.1,79.228,1.347,4.068,,,,,,,,,,,,,,,,,,,,,,
"255","LIKELY RS","2023081507",0,13.3,96,2.7,93,9.7,78.898,1.169,3.464,,,,,,,,,,,,,,,,,,,,,,
"255","LIKELY RS","2023081508",0,15.5,86,2.4,139,5.1,78.956,1.157,3.425,,,,,,,,,,,,,,,,,,,,,,
"255","LIKELY RS","2023081509",0,22.5,53,3.6,35,6.8,79.923,1.353,4.086,,,,,,,,,,,,,,,,,,,,,,
"255","LIKELY RS","2023081510",0,24.5,50,7.3,239,12,81.096,1.852,5.649,,,,,,,,,,,,,,,,,,,,,,
"255","LIKELY RS","2023081511",0,25.1,46,9,222,16,82.325,2.334,7.032,,,,,,,,,,,,,,,,,,,,,,
"255","LIKELY RS","2023081512",0,26.6,42,6.4,182,14.3,83.543,2.392,7.189,0,90.91,6.741,17.647,33.204,425.614,55.57,4,,,,,,,,,,,,,,
"255","LIKELY RS","2023081513",0,28.7,40,5.7,252,12,84.764,2.719,8.543,,,,,,,,,,,,,,,,,,,,,,
"255","LIKELY RS","2023081514",0,29.9,33,8.3,222,14.3,86.227,3.798,11.312,,,,,,,,,,,,,,,,,,,,,,
"255","LIKELY RS","2023081515",0,30,33,8.8,225,16.6,87.438,4.626,13.242,,,,,,,,,,,,,,,,,,,,,,
"255","LIKELY RS","2023081516",0,29.9,29,10.7,273,21.8,88.625,6.035,16.246,,,,,,,,,,,,,,,,,,,,,,
"255","LIKELY RS","2023081517",0,27,39,5,297,24.1,88.973,4.76,13.542,,,,,,,,,,,,,,,,,,,,,,
"255","LIKELY RS","2023081518",0,24.6,43,5.5,333,14.9,89.077,4.955,13.972,,,,,,,,,,,,,,,,,,,,,,
"255","LIKELY RS","2023081519",0,20.8,53,5.9,1,14.9,89.053,5.039,14.154,,,,,,,,,,,,,,,,,,,,,,
"255","LIKELY RS","2023081520",0,19.5,45,4.7,357,14.3,89.102,4.776,13.578,,,,,,,,,,,,,,,,,,,,,,
"255","LIKELY RS","2023081521",0,15.7,74,3.5,70,11.4,88.544,4.15,12.15,,,,,,,,,,,,,,,,,,,,,,
"255","LIKELY RS","2023081522",0,13.3,82,4.2,54,6.8,87.8,3.864,11.471,,,,,,,,,,,,,,,,,,,,,,
"255","LIKELY RS","2023081523",0,13.7,78,1.7,76,13.1,87.325,3.183,9.775,,,,,,,,,,,,,,,,,,,,,,
"262","BIG VALLEY","2023081501",0,10.5,96,0,346,0,83.338,1.687,5.194,,,,,,,,,0,0,,0,0,0,0,0,,0,0,,0,
"262","BIG VALLEY","2023081503",0,9.8,96,2.3,262,4.5,82.584,1.72,5.297,,,,,,,,,0,0,,0,0,0,0,0,,0,0,,0,
"262","BIG VALLEY","2023081504",0,9.9,97,5.7,225,9.1,81.752,1.844,5.673,,,,,,,,,0,0,,0,0,0,0,0,,0,0,,0,
"262","BIG VALLEY","2023081505",0,12,83,6,221,10.2,81.739,1.869,5.749,,,,,,,,,0,0,,0,0,0,0,0,,0,0,,0,
"262","BIG VALLEY","2023081506",0,12.8,79,7.7,218,13.7,81.786,2.048,6.274,,,,,,,,,0,0,,0,0,0,0,0,,0,0,,0,
"262","BIG VALLEY","2023081507",0,15.9,72,7.9,212,13.1,81.919,2.102,6.43,,,,,,,,,0,0,,0,0,0,0,0,,0,0,,0,
"262","BIG VALLEY","2023081508",0,19.3,61,8.8,206,16.6,82.344,2.317,7.037,,,,,,,,,0,0,,0,0,0,0,0,,0,0,,0,
"262","BIG VALLEY","2023081509",0,21.6,53,12.2,200,21.2,83.045,3.003,8.86,,,,,,,,,0,0,,0,0,0,0,0,,0,0,,0,
"262","BIG VALLEY","2023081510",0,21.9,59,15.7,218,25.2,83.524,3.812,10.827,,,,,,,,,0,0,,0,0,0,0,0,,0,0,,0,
"262","BIG VALLEY","2023081511",0,20.6,56,15.6,239,26.4,83.972,4.024,11.316,,,,,,,,,0,0,,0,0,0,0,0,,0,0,,0,
"262","BIG VALLEY","2023081512",0,19.6,54,11.6,234,26.9,84.354,3.462,9.998,0,88.194,5.936,15.829,32.565,403.565,54.196,3,0,0,,0,0,0,0,0,,0,0,,0,
"262","BIG VALLEY","2023081513",0,19.9,58,11.4,239,25.8,84.601,3.544,10.532,,,,,,,,,0,0,,0,0,0,0,0,,0,0,,0,
"262","BIG VALLEY","2023081514",0,21.4,51,13.5,222,24.1,85.051,4.19,12.068,,,,,,,,,0,0,,0,0,0,0,0,,0,0,,0,
"262","BIG VALLEY","2023081515",0,21.4,52,11.7,221,25.2,85.401,4.016,11.664,,,,,,,,,0,0,,0,0,0,0,0,,0,0,,0,
"262","BIG VALLEY","2023081516",0,21.6,48,12.5,229,22.3,85.822,4.434,12.626,,,,,,,,,0,0,,0,0,0,0,0,,0,0,,0,
"262","BIG VALLEY","2023081517",0,22.5,47,12.6,219,29.8,86.244,4.729,13.283,,,,,,,,,0,0,,0,0,0,0,0,,0,0,,0,
"262","BIG VALLEY","2023081518",0,19.1,57,12,231,19.5,86.292,4.619,13.04,,,,,,,,,0,0,,0,0,0,0,0,,0,0,,0,
"262","BIG VALLEY","2023081519",0,16.8,62,15,232,28.7,86.34,5.41,14.745,,,,,,,,,0,0,,0,0,0,0,0,,0,0,,0,
"262","BIG VALLEY","2023081520",0,16.2,59,10.1,230,29.8,86.388,4.255,12.217,,,,,,,,,0,0,,0,0,0,0,0,,0,0,,0,
"262","BIG VALLEY","2023081521",0,14.7,57,9.9,225,20.6,86.436,4.241,12.185,,,,,,,,,0,0,,0,0,0,0,0,,0,0,,0,
"262","BIG VALLEY","2023081522",0,12.3,70,5.7,205,16.6,86.243,3.339,10.023,,,,,,,,,0,0,,0,0,0,0,0,,0,0,,0,
"262","BIG VALLEY","2023081523",0,9.3,83,1.7,331,11.4,85.795,2.564,7.986,,,,,,,,,0,0,,0,0,0,0,0,,0,0,,0,
"263","MATHEW","2023081500",0,14.1,79,5.7,70,13.1,87.031,3.734,5.895,,,,,,,,,0,0,,0,0,0,0,0,,0,0,,0,
"263","MATHEW","2023081501",0,13.5,81,3.2,198,6.2,86.519,3.061,4.837,,,,,,,,,0,0,,0,0,0,0,0,,0,0,,0,
"263","MATHEW","2023081502",0,12.8,84,3.3,63,8.5,85.963,2.845,4.481,,,,,,,,,0,0,,0,0,0,0,0,,0,0,,0,
"263","MATHEW","2023081503",0,12.7,85,1.7,350,6.2,85.47,2.45,3.808,,,,,,,,,0,0,,0,0,0,0,0,,0,0,,0,
"263","MATHEW","2023081504",0,12.3,86,4,38,7.4,84.946,2.559,3.997,,,,,,,,,0,0,,0,0,0,0,0,,0,0,,0,
"263","MATHEW","2023081505",0,11.9,88,2.2,354,4.5,84.435,2.18,3.326,,,,,,,,,0,0,,0,0,0,0,0,,0,0,,0,
"263","MATHEW","2023081506",0,12.7,82,3.4,119,6.2,84.177,2.237,3.429,,,,,,,,,0,0,,0,0,0,0,0,,0,0,,0,
"263","MATHEW","2023081507",0,14,82,3.9,64,5.6,83.953,2.226,3.41,,,,,,,,,0,0,,0,0,0,0,0,,0,0,,0,
"263","MATHEW","2023081508",0,16.1,79,2.3,65,6.2,83.88,2.034,3.057,,,,,,,,,0,0,,0,0,0,0,0,,0,0,,0,
"263","MATHEW","2023081509",0,19.4,73,2.9,121,5.1,83.927,2.109,3.197,,,,,,,,,0,0,,0,0,0,0,0,,0,0,,0,
"263","MATHEW","2023081510",0,23.4,61,5,44,12,84.213,2.436,3.783,,,,,,,,,0,0,,0,0,0,0,0,,0,0,,0,
"263","MATHEW","2023081511",0,25.7,49,5.3,275,15.4,84.858,2.699,4.237,,,,,,,,,0,0,,0,0,0,0,0,,0,0,,0,
"263","MATHEW","2023081512",0,26.2,45,6.4,19,15.4,85.576,3.151,4.982,0,88.747,4.945,8.718,13.674,253.826,24.102,3,0,0,,0,0,0,0,0,,0,0,,0,
"263","MATHEW","2023081513",0,25.4,46,8.3,354,19.5,86.146,3.755,6.818,,,,,,,,,0,0,,0,0,0,0,0,,0,0,,0,
"263","MATHEW","2023081514",0,26.1,42,4.8,329,22.9,86.738,3.423,6.252,,,,,,,,,0,0,,0,0,0,0,0,,0,0,,0,
"263","MATHEW","2023081515",0,24.6,44,5.7,346,14.9,87.138,3.791,6.878,,,,,,,,,0,0,,0,0,0,0,0,,0,0,,0,
"263","MATHEW","2023081516",0,25.7,44,5,30,15.4,87.512,3.861,6.994,,,,,,,,,0,0,,0,0,0,0,0,,0,0,,0,
"263","MATHEW","2023081517",0,23.5,43,3.2,184,12.5,87.775,3.661,6.66,,,,,,,,,0,0,,0,0,0,0,0,,0,0,,0,
"263","MATHEW","2023081518",0,22.5,39,4.4,331,12,88.088,4.068,7.335,,,,,,,,,0,0,,0,0,0,0,0,,0,0,,0,
"263","MATHEW","2023081519",0,21.6,44,5.6,38,13.1,88.213,4.399,7.869,,,,,,,,,0,0,,0,0,0,0,0,,0,0,,0,
"263","MATHEW","2023081520",0,19.6,46,4,77,13.1,88.262,4.087,7.366,,,,,,,,,0,0,,0,0,0,0,0,,0,0,,0,
"263","MATHEW","2023081521",0,17.2,57,6.6,61,12.5,88.189,4.61,8.202,,,,,,,,,0,0,,0,0,0,0,0,,0,0,,0,
"263","MATHEW","2023081522",0,17.4,54,6.1,20,12,88.19,4.496,8.023,,,,,,,,,0,0,,0,0,0,0,0,,0,0,,0,
"263","MATHEW","2023081523",0,17,51,5.3,349,11.4,88.239,4.349,7.789,,,,,,,,,0,0,,0,0,0,0,0,,0,0,,0,
"264","PRAIRIE CREEK","2023081500",0,14.5,84,6.8,157,11.4,86.655,3.742,9.6,,,,,,,,,0,193.3,,0,0,0,0,0,,0,0,,0,
"264","PRAIRIE CREEK","2023081501",0,14.2,84,3.8,127,13.1,86.068,2.961,7.838,,,,,,,,,0,193.3,,0,0,0,0,0,,0,0,,0,
"264","PRAIRIE CREEK","2023081502",0,13.3,90,7,159,11.4,85.216,3.089,8.139,,,,,,,,,0,193.3,,0,0,0,0,0,,0,0,,0,
"264","PRAIRIE CREEK","2023081503",0,12.5,95,7.8,163,13.1,84.129,2.774,7.393,,,,,,,,,0,193.3,,0,0,0,0,0,,0,0,,0,
"264","PRAIRIE CREEK","2023081504",0,12.9,88,10.7,154,17.7,83.6,2.992,7.913,,,,,,,,,0,193.3,,0,0,0,0,0,,0,0,,0,
"264","PRAIRIE CREEK","2023081505",0,11.6,96,6.3,174,13.7,82.689,2.132,5.781,,,,,,,,,0,193.3,,0,0,0,0,0,,0,0,,0,
"264","PRAIRIE CREEK","2023081506",0,12.1,93,8,176,13.7,82.083,2.155,5.841,,,,,,,,,0,193.3,,0,0,0,0,0,,0,0,,0,
"264","PRAIRIE CREEK","2023081507",0,13.6,85,8.9,184,17.7,81.975,2.226,6.025,,,,,,,,,0,193.3,,0,0,0,0,0,,0,0,,0,
"264","PRAIRIE CREEK","2023081508",0,16.4,76,9,165,15.4,82.03,2.252,6.092,,,,,,,,,0,193.3,,0,0,0,0,0,,0,0,,0,
"264","PRAIRIE CREEK","2023081509",0,20.4,59,0,252,12,82.332,1.485,3.978,,,,,,,,,0,193.3,,0,0,0,0,0,,0,0,,0,
"264","PRAIRIE CREEK","2023081510",0,23.1,53,6.6,175,10.2,83.02,2.258,6.108,,,,,,,,,0,193.3,,0,0,0,0,0,,0,0,,0,
"264","PRAIRIE CREEK","2023081511",0,25.6,46,4.9,223,12.5,83.905,2.326,6.284,,,,,,,,,0,193.3,,0,0,0,0,0,,0,0,,0,
"264","PRAIRIE CREEK","2023081512",0,26.1,44,6.5,274,12,84.794,2.842,7.558,0,89.38,5.442,13.782,28.53,356.753,47.552,3,0,193.3,,0,0,0,0,0,,0,0,,0,
"264","PRAIRIE CREEK","2023081513",0,27.2,41,3,284,16,85.62,2.671,7.623,,,,,,,,,0,193.3,,0,0,0,0,0,,0,0,,0,
"264","PRAIRIE CREEK","2023081514",0,28.6,31,6,354,18.3,86.858,3.699,10.097,,,,,,,,,0,193.3,,0,0,0,0,0,,0,0,,0,
"264","PRAIRIE CREEK","2023081515",0,30.6,34,6.4,314,15.4,87.895,4.376,11.593,,,,,,,,,0,193.3,,0,0,0,0,0,,0,0,,0,
"264","PRAIRIE CREEK","2023081516",0,29.9,33,5.4,238,18.9,88.722,4.685,12.246,,,,,,,,,0,193.3,,0,0,0,0,0,,0,0,,0,
"264","PRAIRIE CREEK","2023081517",0,28,36,6.6,341,16.6,89.212,5.34,13.58,,,,,,,,,0,193.3,,0,0,0,0,0,,0,0,,0,
"264","PRAIRIE CREEK","2023081518",0,26.3,39,7,0,16.6,89.454,5.641,14.171,,,,,,,,,0,193.3,,0,0,0,0,0,,0,0,,0,
"264","PRAIRIE CREEK","2023081519",0,23,45,3.8,18,14.3,89.503,4.835,12.558,,,,,,,,,0,193.3,,0,0,0,0,0,,0,0,,0,
"264","PRAIRIE CREEK","2023081520",0,21.8,46,6.1,350,18.3,89.552,5.468,13.832,,,,,,,,,0,193.3,,0,0,0,0,0,,0,0,,0,
"264","PRAIRIE CREEK","2023081521",0,20.6,39,5.9,284,12.5,89.601,5.451,13.799,,,,,,,,,0,193.3,,0,0,0,0,0,,0,0,,0,
"264","PRAIRIE CREEK","2023081522",0,19.6,44,6.8,332,18.9,89.65,5.744,14.371,,,,,,,,,0,193.3,,0,0,0,0,0,,0,0,,0,
"264","PRAIRIE CREEK","2023081523",0,19.5,39,11.1,338,23.5,89.699,7.184,17.032,,,,,,,,,0,193.3,,0,0,0,0,0,,0,0,,0,
"266","WELLS GRAY","2023081500",0,18.3,60,6.1,40,12.5,89.972,5.807,16.316,,,,,,,,,,,,,,,,,,,,,,
"266","WELLS GRAY","2023081501",0,16.8,68,3.7,21,12.5,89.464,4.784,14.07,,,,,,,,,,,,,,,,,,,,,,
"266","WELLS GRAY","2023081502",0,16.8,68,3,333,13.1,89.03,4.339,13.036,,,,,,,,,,,,,,,,,,,,,,
"266","WELLS GRAY","2023081503",0,16.1,72,5.2,26,10.2,88.507,4.497,13.408,,,,,,,,,,,,,,,,,,,,,,
"266","WELLS GRAY","2023081504",0,14.6,79,3.6,12,6.2,87.874,3.789,11.7,,,,,,,,,,,,,,,,,,,,,,
"266","WELLS GRAY","2023081505",0,14.6,83,2.6,159,11.4,87.204,3.274,10.383,,,,,,,,,,,,,,,,,,,,,,
"266","WELLS GRAY","2023081506",0,14.2,83,3.7,4,7.9,86.59,3.171,10.111,,,,,,,,,,,,,,,,,,,,,,
"266","WELLS GRAY","2023081507",0,14.6,85,2.9,20,7.4,85.989,2.798,9.097,,,,,,,,,,,,,,,,,,,,,,
"266","WELLS GRAY","2023081508",0,16.7,80,2.7,145,6.2,85.647,2.641,8.654,,,,,,,,,,,,,,,,,,,,,,
"266","WELLS GRAY","2023081509",0,19.3,68,3.6,170,6.8,85.695,2.782,9.051,,,,,,,,,,,,,,,,,,,,,,
"266","WELLS GRAY","2023081510",0,21.8,58,5.1,114,7.9,85.808,3.048,9.781,,,,,,,,,,,,,,,,,,,,,,
"266","WELLS GRAY","2023081511",0,23.8,45,4.1,180,10.2,86.259,3.088,9.888,,,,,,,,,,,,,,,,,,,,,,
"266","WELLS GRAY","2023081512",0,24.6,45,4.9,183,9.7,86.689,3.416,10.754,0,90.762,6.12,17.608,38.399,448.28,63.253,4,,,,,,,,,,,,,,
"266","WELLS GRAY","2023081513",0,25.4,47,5.3,179,12,87.035,3.662,11.847,,,,,,,,,,,,,,,,,,,,,,
"266","WELLS GRAY","2023081514",0,29.3,36,5.6,187,9.7,87.865,4.185,13.175,,,,,,,,,,,,,,,,,,,,,,
"266","WELLS GRAY","2023081515",0,30.9,31,5.1,192,13.1,88.832,4.689,14.394,,,,,,,,,,,,,,,,,,,,,,
"266","WELLS GRAY","2023081516",0,30.3,28,7.2,188,12.5,89.755,5.95,17.244,,,,,,,,,,,,,,,,,,,,,,
"266","WELLS GRAY","2023081517",0,30.6,27,4.9,43,16,90.522,5.913,17.165,,,,,,,,,,,,,,,,,,,,,,
"266","WELLS GRAY","2023081518",0,27.7,32,5.2,165,17.2,90.823,6.268,17.923,,,,,,,,,,,,,,,,,,,,,,
"266","WELLS GRAY","2023081519",0,24.8,42,3.8,40,10.8,90.873,5.882,17.097,,,,,,,,,,,,,,,,,,,,,,
"266","WELLS GRAY","2023081520",0,22.7,45,3.7,44,6.8,90.845,5.829,16.982,,,,,,,,,,,,,,,,,,,,,,
"266","WELLS GRAY","2023081521",0,22,44,3.8,89,9.1,90.829,5.845,17.018,,,,,,,,,,,,,,,,,,,,,,
"266","WELLS GRAY","2023081522",0,20.9,43,4.8,17,9.7,90.814,6.135,17.641,,,,,,,,,,,,,,,,,,,,,,
"266","WELLS GRAY","2023081523",0,20.5,37,4,149,8.5,90.864,5.934,17.209,,,,,,,,,,,,,,,,,,,,,,
"267","BERRY","2023081500",0,14.2,64,8.4,204,17.2,88.906,5.595,7.621,,,,,,,,,,,,,,,,,,,,,,
"267","BERRY","2023081501",0,13.7,67,10.2,192,13.7,88.469,5.754,7.814,,,,,,,,,,,,,,,,,,,,,,
"267","BERRY","2023081502",0,13.5,68,8.7,198,15.4,88.073,5.041,6.933,,,,,,,,,,,,,,,,,,,,,,
"267","BERRY","2023081503",0,13.4,68,7.6,208,15.4,87.733,4.543,6.291,,,,,,,,,,,,,,,,,,,,,,
"267","BERRY","2023081504",0,13,71,13.3,177,16,87.316,5.704,7.753,,,,,,,,,,,,,,,,,,,,,,
"267","BERRY","2023081505",0,13.1,69,9.5,171,15.4,87.028,4.52,6.262,,,,,,,,,,,,,,,,,,,,,,
"267","BERRY","2023081506",0,14.8,68,9.8,176,14.9,86.814,4.451,6.172,,,,,,,,,,,,,,,,,,,,,,
"267","BERRY","2023081507",0,17.6,64,6.1,177,11.4,86.774,3.673,5.113,,,,,,,,,,,,,,,,,,,,,,
"267","BERRY","2023081508",0,21.6,51,5.6,61,9.1,86.904,3.649,5.079,,,,,,,,,,,,,,,,,,,,,,
"267","BERRY","2023081509",0,21.8,55,5.4,9,11.4,86.952,3.637,5.062,,,,,,,,,,,,,,,,,,,,,,
"267","BERRY","2023081510",0,25.1,40,7,281,14.9,87.474,4.247,5.899,,,,,,,,,,,,,,,,,,,,,,
"267","BERRY","2023081511",0,25,38,10.7,238,19.5,88.01,5.525,7.535,,,,,,,,,,,,,,,,,,,,,,
"267","BERRY","2023081512",0,26.3,38,12.2,250,22.9,88.523,6.414,8.596,0,90.507,8.524,12.316,13.761,87.136,19.732,2,,,,,,,,,,,,,,
"267","BERRY","2023081513",0,27,33,14.8,280,25.8,89.191,8.048,11.761,,,,,,,,,,,,,,,,,,,,,,
"267","BERRY","2023081514",0,26.5,37,12.7,271,28.1,89.538,7.61,11.24,,,,,,,,,,,,,,,,,,,,,,
"267","BERRY","2023081515",0,27.1,32,11.5,260,27.5,90.034,7.69,11.337,,,,,,,,,,,,,,,,,,,,,,
"267","BERRY","2023081516",0,26.1,30,15.6,260,32.7,90.494,10.1,14.074,,,,,,,,,,,,,,,,,,,,,,
"267","BERRY","2023081517",0,25,34,14.6,247,32.7,90.66,9.834,13.785,,,,,,,,,,,,,,,,,,,,,,
"267","BERRY","2023081518",0,24,39,9.7,253,26.4,90.71,7.736,11.392,,,,,,,,,,,,,,,,,,,,,,
"267","BERRY","2023081519",0,21.5,44,9.1,239,22.9,90.691,7.485,11.09,,,,,,,,,,,,,,,,,,,,,,
"267","BERRY","2023081520",0,18.2,52,9.6,206,18.9,90.429,7.395,10.98,,,,,,,,,,,,,,,,,,,,,,
"267","BERRY","2023081521",0,18.2,51,5.4,228,20.6,90.25,5.833,9.001,,,,,,,,,,,,,,,,,,,,,,
"267","BERRY","2023081522",0,19.4,45,12.1,223,21.8,90.221,8.142,11.872,,,,,,,,,,,,,,,,,,,,,,
"267","BERRY","2023081523",0,19,45,14.8,236,28.1,90.185,9.28,13.174,,,,,,,,,,,,,,,,,,,,,,
"270","GOSNEL","2023081500",0,15.5,55,5.7,292,8.5,88.638,4.7,9.572,,,,,,,,,,,,,,,,,,,,,,
"270","GOSNEL","2023081501",0,15.9,54,12.3,193,14.3,88.548,6.47,12.44,,,,,,,,,,,,,,,,,,,,,,
"270","GOSNEL","2023081502",0,15.2,57,14.4,188,17.2,88.386,7.026,13.278,,,,,,,,,,,,,,,,,,,,,,
"270","GOSNEL","2023081503",0,14.9,58,15,187,19.5,88.215,7.067,13.339,,,,,,,,,,,,,,,,,,,,,,
"270","GOSNEL","2023081504",0,14.7,59,14.8,191,18.3,88.041,6.824,12.976,,,,,,,,,,,,,,,,,,,,,,
"270","GOSNEL","2023081505",0,14,63,15.3,194,21.8,87.785,6.745,12.858,,,,,,,,,,,,,,,,,,,,,,
"270","GOSNEL","2023081506",0,14.9,61,15.8,189,20.6,87.62,6.757,12.876,,,,,,,,,,,,,,,,,,,,,,
"270","GOSNEL","2023081507",0,16.5,57,18.1,179,27.5,87.598,7.563,14.063,,,,,,,,,,,,,,,,,,,,,,
"270","GOSNEL","2023081508",0,18.3,55,19.2,169,32.7,87.647,8.049,14.757,,,,,,,,,,,,,,,,,,,,,,
"270","GOSNEL","2023081509",0,16.4,60,17.5,178,32.1,87.546,7.284,13.657,,,,,,,,,,,,,,,,,,,,,,
"270","GOSNEL","2023081510",0,18.7,55,13.1,155,21.2,87.595,5.875,11.514,,,,,,,,,,,,,,,,,,,,,,
"270","GOSNEL","2023081511",0,20.9,50,15,163,28.1,87.644,6.511,12.503,,,,,,,,,,,,,,,,,,,,,,
"270","GOSNEL","2023081512",0,20.2,50,19.8,168,36.7,87.693,8.351,15.179,0,87.406,8.016,15.485,20.503,244.25,33.893,3,,,,,,,,,,,,,,
"270","GOSNEL","2023081513",0,20.2,49,13.6,182,35,87.742,6.153,12.61,,,,,,,,,,,,,,,,,,,,,,
"270","GOSNEL","2023081514",0,21.1,47,11.3,201,24.6,87.835,5.554,11.616,,,,,,,,,,,,,,,,,,,,,,
"270","GOSNEL","2023081515",0,21.2,46,6.9,221,23.5,87.938,4.515,9.794,,,,,,,,,,,,,,,,,,,,,,
"270","GOSNEL","2023081516",0,21.9,40,10.1,267,26.4,88.214,5.52,11.559,,,,,,,,,,,,,,,,,,,,,,
"270","GOSNEL","2023081517",0,21.2,38,9.4,267,29.8,88.482,5.538,11.588,,,,,,,,,,,,,,,,,,,,,,
"270","GOSNEL","2023081518",0,21,39,11.4,261,24.6,88.682,6.303,12.852,,,,,,,,,,,,,,,,,,,,,,
"270","GOSNEL","2023081519",0,18.8,43,10.3,274,24.6,88.731,6.005,12.367,,,,,,,,,,,,,,,,,,,,,,
"270","GOSNEL","2023081520",0,18.2,42,8.2,248,28.7,88.78,5.44,11.423,,,,,,,,,,,,,,,,,,,,,,
"270","GOSNEL","2023081521",0,18.2,41,15.1,264,26.4,88.829,7.756,15.102,,,,,,,,,,,,,,,,,,,,,,
"270","GOSNEL","2023081522",0,17.3,42,11.3,275,24.1,88.878,6.45,13.088,,,,,,,,,,,,,,,,,,,,,,
"270","GOSNEL","2023081523",0,16.1,47,7.6,313,16,88.913,5.38,11.32,,,,,,,,,,,,,,,,,,,,,,
"279","THYNNE","2023081500",0,13.9,60,2.3,311,9.7,91.19,5.706,20.049,,,,,,,,,,,,,,,,,,,,,,
"279","THYNNE","2023081501",0,14.1,59,7,306,11.4,90.704,6.747,22.606,,,,,,,,,,,,,,,,,,,,,,
"279","THYNNE","2023081502",0,13.7,65,7.2,301,12,90.13,6.278,21.476,,,,,,,,,,,,,,,,,,,,,,
"279","THYNNE","2023081503",0,13.2,67,7.4,291,11.4,89.573,5.855,20.426,,,,,,,,,,,,,,,,,,,,,,
"279","THYNNE","2023081504",0,12.3,70,3.8,301,9.1,89.065,4.54,16.946,,,,,,,,,,,,,,,,,,,,,,
"279","THYNNE","2023081505",0,12,70,0,284,6.2,88.74,3.578,14.139,,,,,,,,,,,,,,,,,,,,,,
"279","THYNNE","2023081506",0,17.6,58,0,345,0,88.659,3.537,14.012,,,,,,,,,,,,,,,,,,,,,,
"279","THYNNE","2023081507",0,27.4,30,2.5,76,6.8,89.283,4.387,16.517,,,,,,,,,,,,,,,,,,,,,,
"279","THYNNE","2023081508",0,31.4,25,3.3,108,8.5,90.232,5.234,18.826,,,,,,,,,,,,,,,,,,,,,,
"279","THYNNE","2023081509",0,30.9,25,5.3,33,12,91.021,6.479,21.965,,,,,,,,,,,,,,,,,,,,,,
"279","THYNNE","2023081510",0,31.6,24,8,102,18.3,91.78,8.269,26.068,,,,,,,,,,,,,,,,,,,,,,
"279","THYNNE","2023081511",0,34.6,20,7.9,181,18.3,92.768,9.457,28.584,,,,,,,,,,,,,,,,,,,,,,
"279","THYNNE","2023081512",0,33.3,20,14.5,222,43.1,93.51,14.631,38.222,0,95.445,19.104,47.051,61.927,527.992,95.772,5,,,,,,,,,,,,,,
"279","THYNNE","2023081513",0,32,21,15,221,31.6,93.94,15.929,41.906,,,,,,,,,,,,,,,,,,,,,,
"279","THYNNE","2023081514",0,31.7,19,15.3,219,32.7,94.363,17.147,43.93,,,,,,,,,,,,,,,,,,,,,,
"279","THYNNE","2023081515",0,31.6,17,16.6,229,34.4,94.798,19.437,47.566,,,,,,,,,,,,,,,,,,,,,,
"279","THYNNE","2023081516",0,30.2,20,13.6,236,33.9,94.892,16.926,43.569,,,,,,,,,,,,,,,,,,,,,,
"279","THYNNE","2023081517",0,28.9,22,18.8,225,35.6,94.943,22.152,51.631,,,,,,,,,,,,,,,,,,,,,,
"279","THYNNE","2023081518",0,26,27,15.3,226,34.4,94.886,18.426,45.986,,,,,,,,,,,,,,,,,,,,,,
"279","THYNNE","2023081519",0,24.6,29,20,238,35,94.737,22.876,52.676,,,,,,,,,,,,,,,,,,,,,,
"279","THYNNE","2023081520",0,23,31,15.1,230,34.4,94.537,17.387,44.322,,,,,,,,,,,,,,,,,,,,,,
"279","THYNNE","2023081521",0,22.9,35,16.9,238,35.6,94.232,18.252,45.711,,,,,,,,,,,,,,,,,,,,,,
"279","THYNNE","2023081522",0,22.6,37,16.6,248,31.6,93.906,17.185,43.992,,,,,,,,,,,,,,,,,,,,,,
"279","THYNNE","2023081523",0,20.8,42,2.7,59,29.2,93.601,8.176,26.908,,,,,,,,,,,,,,,,,,,,,,
"280","LILLOOET","2023081500",0,27.5,31,7.6,17,16,96.095,14.737,47.228,,,,,,,,,,-16.1,,,,0,1,726.76,,,,,,
"280","LILLOOET","2023081501",0,24.5,37,6.2,36,13.1,95.629,12.893,43.383,,,,,,,,,,0.3,,,,0,1,726.78,,,,,,
"280","LILLOOET","2023081502",0,23.1,40,6.6,30,10.8,95.12,12.272,42.033,,,,,,,,,,0.1,,,,0,1,726.8,,,,,,
"280","LILLOOET","2023081503",0,22,42,7.9,45,14.9,94.593,12.19,41.853,,,,,,,,,,0.2,,,,0,1,726.77,,,,,,
"280","LILLOOET","2023081504",0,21.1,46,4.1,15,12.5,94.084,9.382,35.296,,,,,,,,,,0,,,,0,1,726.76,,,,,,
"280","LILLOOET","2023081505",0,18.8,52,6.1,39,7.9,93.435,9.482,35.545,,,,,,,,,,0.1,,,,0,1,726.8,,,,,,
"280","LILLOOET","2023081506",0,18.1,56,3,165,8.5,92.832,7.455,30.279,,,,,,,,,,0.5,,,,0,1,726.75,,,,,,
"280","LILLOOET","2023081507",0,18.2,57,3,344,6.8,92.273,6.891,28.707,,,,,,,,,,1.1,,,,0,1,726.7,,,,,,
"280","LILLOOET","2023081508",0,18.9,56,4.6,49,5.6,91.771,6.958,28.896,,,,,,,,,,1.5,,,,0,1,726.65,,,,,,
"280","LILLOOET","2023081509",0,28,32,5.1,92,7.4,91.867,7.233,29.666,,,,,,,,,,-4.5,,,,0,1,726.28,,,,,,
"280","LILLOOET","2023081510",0,30.4,27,5.6,235,10.2,92.232,7.81,31.243,,,,,,,,,,-69.2,,,,0,1,726.25,,,,,,
"280","LILLOOET","2023081511",0,32.3,25,7.8,295,11.4,92.72,9.347,35.209,,,,,,,,,,-129.5,,,,0,1,726.3,,,,,,
"280","LILLOOET","2023081512",0,34.6,22,8,271,16,93.38,10.355,37.656,0,95.968,14.782,47.863,103.983,823.348,158.061,5,,-95.9,,,,0,1,726.3,,,,,,
"280","LILLOOET","2023081513",0,36.6,19,7.4,308,16.6,94.162,11.2,40.094,,,,,,,,,,-102.4,,,,0,1,726.3,,,,,,
"280","LILLOOET","2023081514",0,38.3,17,7.7,232,15.4,94.974,12.716,43.502,,,,,,,,,,-55.7,,,,0,1,726.3,,,,,,
"280","LILLOOET","2023081515",0,39.4,16,8.5,181,13.1,95.706,14.629,47.551,,,,,,,,,,-52.8,,,,0,1,726.33,,,,,,
"280","LILLOOET","2023081516",0,39.3,15,6.5,197,14.9,96.267,14.27,46.811,,,,,,,,,,-15.6,,,,0,1,726.4,,,,,,
"280","LILLOOET","2023081517",0,38.6,14,5,196,13.7,96.683,13.994,46.235,,,,,,,,,,0.5,,,,0,1,726.45,,,,,,
"280","LILLOOET","2023081518",0,37.2,16,5.4,153,14.9,96.817,14.537,47.362,,,,,,,,,,1.2,,,,0,1,726.54,,,,,,
"280","LILLOOET","2023081519",0,35.5,17,4,29,16.6,96.869,13.64,45.491,,,,,,,,,,0.9,,,,0,1,726.6,,,,,,
"280","LILLOOET","2023081520",0,34.4,18,4.1,64,13.7,96.921,13.805,45.839,,,,,,,,,,0.9,,,,0,1,726.63,,,,,,
"280","LILLOOET","2023081521",0,32.6,21,7.5,357,21.2,96.922,16.387,51.062,,,,,,,,,,-5.9,,,,0,1,726.61,,,,,,
"280","LILLOOET","2023081522",0,33.6,17,22.4,58,44.2,96.974,34.962,80.798,,,,,,,,,,0.8,,,,0,1,726.56,,,,,,
"280","LILLOOET","2023081523",0,32.6,17,13.6,55,37.9,97.026,22.596,62.241,,,,,,,,,,0.8,,,,0,1,726.57,,,,,,
"283","BRENDA MINES","2023081500",0,18.6,44,5.9,4,11.4,92.818,8.612,34.616,,,,,,,,,,,,,,,,,,,,,,
"283","BRENDA MINES","2023081501",0,18,46,5.5,357,12,92.479,8.047,33.093,,,,,,,,,,,,,,,,,,,,,,
"283","BRENDA MINES","2023081502",0,18.3,46,9.6,2,14.3,92.141,9.433,36.754,,,,,,,,,,,,,,,,,,,,,,
"283","BRENDA MINES","2023081503",0,19.6,40,9.8,2,12,92.004,9.346,36.532,,,,,,,,,,,,,,,,,,,,,,
"283","BRENDA MINES","2023081504",0,19,42,9.6,8,16.6,91.829,9.025,35.704,,,,,,,,,,,,,,,,,,,,,,
"283","BRENDA MINES","2023081505",0,17.2,48,5.6,348,11.4,91.548,7.09,30.4,,,,,,,,,,,,,,,,,,,,,,
"283","BRENDA MINES","2023081506",0,18.7,44,6.1,7,9.7,91.395,7.115,30.473,,,,,,,,,,,,,,,,,,,,,,
"283","BRENDA MINES","2023081507",0,21.9,37,4.6,26,10.2,91.445,6.643,29.091,,,,,,,,,,,,,,,,,,,,,,
"283","BRENDA MINES","2023081508",0,24,33,5.5,140,10.8,91.495,7.001,30.144,,,,,,,,,,,,,,,,,,,,,,
"283","BRENDA MINES","2023081509",0,26.7,27,6.8,143,12,91.786,7.79,32.386,,,,,,,,,,,,,,,,,,,,,,
"283","BRENDA MINES","2023081510",0,28.1,25,9.4,154,16.6,92.178,9.387,36.636,,,,,,,,,,,,,,,,,,,,,,
"283","BRENDA MINES","2023081511",0,29.6,24,9.4,197,18.3,92.605,9.969,38.105,,,,,,,,,,,,,,,,,,,,,,
"283","BRENDA MINES","2023081512",0,30.9,21,9,155,22.3,93.148,10.543,39.518,0,94.83,13.311,46.121,136.092,700.034,183.163,4,,,,,,,,,,,,,,
"283","BRENDA MINES","2023081513",0,31.8,20,7.2,290,32.1,93.655,10.334,39.214,,,,,,,,,,,,,,,,,,,,,,
"283","BRENDA MINES","2023081514",0,31.9,15,10,308,24.6,94.345,13.095,45.646,,,,,,,,,,,,,,,,,,,,,,
"283","BRENDA MINES","2023081515",0,32.4,17,11.3,288,32.1,94.8,14.884,49.487,,,,,,,,,,,,,,,,,,,,,,
"283","BRENDA MINES","2023081516",0,32.3,14,12.9,291,25.2,95.321,17.328,54.404,,,,,,,,,,,,,,,,,,,,,,
"283","BRENDA MINES","2023081517",0,30.6,15,12.5,252,26.4,95.581,17.593,54.918,,,,,,,,,,,,,,,,,,,,,,
"283","BRENDA MINES","2023081518",0,28.7,20,13.5,279,24.6,95.632,18.633,56.898,,,,,,,,,,,,,,,,,,,,,,
"283","BRENDA MINES","2023081519",0,26.2,25,6.1,301,24.6,95.574,12.733,44.84,,,,,,,,,,,,,,,,,,,,,,
"283","BRENDA MINES","2023081520",0,24.8,27,13.1,309,25.2,95.419,17.74,55.201,,,,,,,,,,,,,,,,,,,,,,
"283","BRENDA MINES","2023081521",0,24,30,16.1,313,30.4,95.167,19.936,59.308,,,,,,,,,,,,,,,,,,,,,,
"283","BRENDA MINES","2023081522",0,23.5,34,12.3,315,28.7,94.841,15.743,51.254,,,,,,,,,,,,,,,,,,,,,,
"283","BRENDA MINES","2023081523",0,23,36,21,325,33.3,94.435,23.079,64.833,,,,,,,,,,,,,,,,,,,,,,
"286","TURTLE","2023081500",0,20,47,3.1,272,7.4,93.58,8.319,32.871,,,,,,,,,,0,,,,0,1,816.74,,,,,,
"286","TURTLE","2023081501",0,19.5,49,2.3,283,7.4,93.15,7.524,30.733,,,,,,,,,,0.1,,,,0,1,816.71,,,,,,
"286","TURTLE","2023081502",0,18.6,51,2.6,316,8.5,92.71,7.182,29.782,,,,,,,,,,0,,,,0,1,816.7,,,,,,
"286","TURTLE","2023081503",0,17.7,54,3.4,293,8.5,92.229,6.988,29.233,,,,,,,,,,0,,,,0,1,816.69,,,,,,
"286","TURTLE","2023081504",0,17.7,54,4.2,266,9.1,91.786,6.834,28.796,,,,,,,,,,0.1,,,,0,1,816.67,,,,,,
"286","TURTLE","2023081505",0,16.9,58,3.1,283,6.8,91.32,6.051,26.493,,,,,,,,,,0,,,,0,1,816.66,,,,,,
"286","TURTLE","2023081506",0,18.5,54,8.1,290,14.9,90.942,7.377,30.327,,,,,,,,,,0.4,,,,0,1,816.63,,,,,,
"286","TURTLE","2023081507",0,19.8,54,6.5,272,12,90.638,6.517,27.878,,,,,,,,,,0.4,,,,0,1,816.61,,,,,,
"286","TURTLE","2023081508",0,23.7,42,6.1,222,9.1,90.688,6.433,27.629,,,,,,,,,,0.4,,,,0,1,816.58,,,,,,
"286","TURTLE","2023081509",0,28.6,31,6.8,260,12,91.044,7.011,29.299,,,,,,,,,,0.5,,,,0,1,816.6,,,,,,
"286","TURTLE","2023081510",0,30.8,28,6.3,175,12.5,91.551,7.347,30.244,,,,,,,,,,0.6,,,,0,1,816.63,,,,,,
"286","TURTLE","2023081511",0,32.1,26,7.2,253,14.3,92.121,8.334,32.912,,,,,,,,,,0.4,,,,0,1,816.61,,,,,,
"286","TURTLE","2023081512",0,34.1,22,8.2,163,13.7,92.893,9.771,36.56,0,95.698,14.394,47.376,109.683,786.306,162.647,5,,0.5,,,,0,1,816.61,,,,,,
"286","TURTLE","2023081513",0,36.4,18,7.5,174,14.3,93.842,10.768,39.35,,,,,,,,,,0.5,,,,0,1,816.66,,,,,,
"286","TURTLE","2023081514",0,38.1,16,5.7,206,15.4,94.751,11.15,40.247,,,,,,,,,,0.4,,,,0,1,816.69,,,,,,
"286","TURTLE","2023081515",0,38.1,15,8.2,232,18.3,95.518,14.045,46.648,,,,,,,,,,0.2,,,,0,1,816.67,,,,,,
"286","TURTLE","2023081516",0,37.6,17,5.2,259,14.3,95.909,12.734,43.83,,,,,,,,,,0.1,,,,0,1,816.64,,,,,,
"286","TURTLE","2023081517",0,36.3,18,4.2,168,10.8,96.084,12.398,43.088,,,,,,,,,,0,,,,0,1,816.63,,,,,,
"286","TURTLE","2023081518",0,33.5,21,5.4,87,13.1,96.135,13.263,44.982,,,,,,,,,,0,,,,0,1,816.64,,,,,,
"286","TURTLE","2023081519",0,30.4,28,3.5,50,12,96.022,11.868,41.899,,,,,,,,,,0,,,,0,1,816.62,,,,,,
"286","TURTLE","2023081520",0,27.8,33,3.8,4,12,95.747,11.609,41.308,,,,,,,,,,-0.1,,,,0,1,816.59,,,,,,
"286","TURTLE","2023081521",0,25.9,36,2.2,331,6.2,95.436,10.266,38.147,,,,,,,,,,0,,,,0,1,816.57,,,,,,
"286","TURTLE","2023081522",0,24.2,40,4.2,288,10.2,94.998,10.695,39.175,,,,,,,,,,0,,,,0,1,816.54,,,,,,
"286","TURTLE","2023081523",0,23.9,42,5.1,301,13.7,94.539,10.507,38.728,,,,,,,,,,0.1,,,,0,1,816.5,,,,,,
"291","GLIMPSE","2023081500",0,19.6,39,4.3,27,11.4,93.359,8.569,34.132,,,,,,,,,,,,,,,,,,,,,,
"291","GLIMPSE","2023081501",0,18.7,42,2.9,30,8.5,93.094,7.695,31.771,,,,,,,,,,,,,,,,,,,,,,
"291","GLIMPSE","2023081502",0,17.1,47,2.1,9,5.1,92.757,7.05,29.954,,,,,,,,,,,,,,,,,,,,,,
"291","GLIMPSE","2023081503",0,16.9,51,4.6,21,6.2,92.318,7.517,31.276,,,,,,,,,,,,,,,,,,,,,,
"291","GLIMPSE","2023081504",0,16.6,52,5.2,16,9.1,91.894,7.298,30.66,,,,,,,,,,,,,,,,,,,,,,
"291","GLIMPSE","2023081505",0,16.8,52,4.3,6,7.9,91.531,6.624,28.712,,,,,,,,,,,,,,,,,,,,,,
"291","GLIMPSE","2023081506",0,18.4,50,5.7,354,11.4,91.246,6.826,29.306,,,,,,,,,,,,,,,,,,,,,,
"291","GLIMPSE","2023081507",0,21.3,41,2.1,157,9.1,91.241,5.69,25.866,,,,,,,,,,,,,,,,,,,,,,
"291","GLIMPSE","2023081508",0,23.7,35,4.8,169,9.7,91.291,6.565,28.54,,,,,,,,,,,,,,,,,,,,,,
"291","GLIMPSE","2023081509",0,26.4,31,4.6,185,12,91.451,6.649,28.788,,,,,,,,,,,,,,,,,,,,,,
"291","GLIMPSE","2023081510",0,27.3,26,6.3,183,14.3,91.81,7.622,31.569,,,,,,,,,,,,,,,,,,,,,,
"291","GLIMPSE","2023081511",0,29.5,22,8.6,201,14.3,92.394,9.296,36.015,,,,,,,,,,,,,,,,,,,,,,
"291","GLIMPSE","2023081512",0,31.4,19,8.8,243,24.6,93.109,10.382,38.711,0,95.389,14.225,47.675,127.713,682.727,174.036,5,,,,,,,,,,,,,,
"291","GLIMPSE","2023081513",0,32.9,17,8.7,226,20,93.857,11.463,41.552,,,,,,,,,,,,,,,,,,,,,,
"291","GLIMPSE","2023081514",0,33.8,15,8.8,213,20.6,94.595,12.759,44.5,,,,,,,,,,,,,,,,,,,,,,
"291","GLIMPSE","2023081515",0,33.7,14,8.9,208,23.5,95.209,13.95,47.091,,,,,,,,,,,,,,,,,,,,,,
"291","GLIMPSE","2023081516",0,33.2,16,9.1,212,21.8,95.541,14.744,48.762,,,,,,,,,,,,,,,,,,,,,,
"291","GLIMPSE","2023081517",0,31.4,19,8.7,212,23.5,95.592,14.55,48.359,,,,,,,,,,,,,,,,,,,,,,
"291","GLIMPSE","2023081518",0,28.9,25,7.9,224,22.3,95.578,13.949,47.088,,,,,,,,,,,,,,,,,,,,,,
"291","GLIMPSE","2023081519",0,26,32,7.1,213,21.8,95.329,12.95,44.923,,,,,,,,,,,,,,,,,,,,,,
"291","GLIMPSE","2023081520",0,24.1,37,6.6,218,17.7,94.952,11.994,42.777,,,,,,,,,,,,,,,,,,,,,,
"291","GLIMPSE","2023081521",0,23.4,39,3.6,318,16,94.606,9.832,37.619,,,,,,,,,,,,,,,,,,,,,,
"291","GLIMPSE","2023081522",0,21.3,45,2,350,7.4,94.174,8.546,34.307,,,,,,,,,,,,,,,,,,,,,,
"291","GLIMPSE","2023081523",0,19.4,51,2.8,19,7.4,93.615,8.234,33.471,,,,,,,,,,,,,,,,,,,,,,
"292","DARCY","2023081500",0,17.3,77,1.9,215,5.6,90.395,4.992,22.839,,,,,,,,,0,-160.1,,0,3155.1,,,,,,,1709.8,,
"292","DARCY","2023081501",0,16.6,79,2.8,185,4.6,89.534,4.618,21.606,,,,,,,,,0,-161.5,,0,3155.1,,,,,,,1709.8,,
"292","DARCY","2023081502",0,15.8,84,0.9,212,3.4,88.691,3.718,18.465,,,,,,,,,0,-160.9,,0,3155.1,,,,,,,1709.8,,
"292","DARCY","2023081503",0,15,87,1.2,216,3.7,87.814,3.329,17.012,,,,,,,,,0,-165.4,,0,3155.1,,,,,,,1709.8,,
"292","DARCY","2023081504",0,14.4,89,0.3,221,3.8,87.021,2.84,15.09,,,,,,,,,0,-179.7,,0,3155.1,,,,,,,1709.8,,
"292","DARCY","2023081505",0,13.9,91,0.6,216,3.1,86.195,2.565,13.951,,,,,,,,,0,-187.1,,0,3155.1,,,,,,,1709.8,,
"292","DARCY","2023081506",0,13.8,92,0.1,207,3.6,85.461,2.257,12.617,,,,,,,,,0,-197.7,,0,3155.1,,,,,,,1709.8,,
"292","DARCY","2023081507",0,16.3,83,0.7,189,2.5,85.122,2.22,12.451,,,,,,,,,0,-193.5,,0,3155.1,,,,,,,1709.8,,
"292","DARCY","2023081508",0,24.1,55,2.6,161,5.4,85.401,2.539,13.841,,,,,,,,,0,-185.5,,0,3155.1,,,,,,,1709.8,,
"292","DARCY","2023081509",0,28.2,44,1.9,44,3.9,86.06,2.687,14.462,,,,,,,,,0,-185.1,,0,3155.1,,,,,,,1709.8,,
"292","DARCY","2023081510",0,31.2,33,2.8,36,5.8,87.205,3.307,16.931,,,,,,,,,0,-182,,0,3155.1,,,,,,,1709.8,,
"292","DARCY","2023081511",0,35.2,25,5.5,132,13.5,88.929,4.851,22.377,,,,,,,,,0,-169.6,,0,3155.1,,,,,,,1709.8,,
"292","DARCY","2023081512",0,37.4,20,9,154,22.1,90.872,7.644,30.644,0,96.193,16.024,50.201,104.088,779.516,156.074,5,0,-153,,0,3155.1,,,,,,,1709.8,,
"292","DARCY","2023081513",0,41.2,18,5,267,22.5,92.671,8.062,32.2,,,,,,,,,0,-157.1,,0,3155.1,,,,,,,1709.8,,
"292","DARCY","2023081514",0,40.4,16,6.2,213,22.8,94.075,10.417,38.133,,,,,,,,,0,-159.5,,0,3155.1,,,,,,,1709.8,,
"292","DARCY","2023081515",0,40.6,14,7.8,201,21.7,95.262,13.294,44.617,,,,,,,,,0,-155.2,,0,3155.1,,,,,,,1709.8,,
"292","DARCY","2023081516",0,39.6,17,5.6,211,21.7,95.834,12.862,43.686,,,,,,,,,0,-161.6,,0,3155.1,,,,,,,1709.8,,
"292","DARCY","2023081517",0,37.2,19,5.5,172,26.2,96.017,13.118,44.239,,,,,,,,,0,-162.6,,0,3155.1,,,,,,,1709.8,,
"292","DARCY","2023081518",0,32.8,32,2.9,187,12.2,95.849,11.249,40.082,,,,,,,,,0,-156.8,,0,3155.1,,,,,,,1709.8,,
"292","DARCY","2023081519",0,27.1,49,2,208,9.5,95.152,9.776,36.584,,,,,,,,,0,-160.2,,0,3155.1,,,,,,,1709.8,,
"292","DARCY","2023081520",0,24,57,0,197,6.9,94.507,8.09,32.277,,,,,,,,,0,-166.8,,0,3155.1,,,,,,,1709.8,,
"292","DARCY","2023081521",0,22,64,1.5,158,4.6,93.582,7.676,31.16,,,,,,,,,0,-152,,0,3155.1,,,,,,,1709.8,,
"292","DARCY","2023081522",0,20.4,68,0,244,5.6,92.846,6.422,27.607,,,,,,,,,0,-184.2,,0,3155.1,,,,,,,1709.8,,
"292","DARCY","2023081523",0,19.1,72,2.3,191,4.9,91.887,6.299,27.245,,,,,,,,,0,-188.4,,0,3155.1,,,,,,,1709.8,,
"298","FINTRY","2023081500",0,25.4,34,3,231,7.4,95.101,10.21,39.874,,,,,,,,,,,,,,,,,,,,,,
"298","FINTRY","2023081501",0,24.6,35,2.5,267,7.9,94.869,9.644,38.427,,,,,,,,,,,,,,,,,,,,,,
"298","FINTRY","2023081502",0,23.8,37,3.7,285,5.6,94.586,9.854,38.969,,,,,,,,,,,,,,,,,,,,,,
"298","FINTRY","2023081503",0,22.9,39,3.8,200,5.6,94.275,9.489,38.022,,,,,,,,,,,,,,,,,,,,,,
"298","FINTRY","2023081504",0,21.4,44,3,38,6.2,93.879,8.627,35.725,,,,,,,,,,,,,,,,,,,,,,
"298","FINTRY","2023081505",0,20.7,47,3.8,357,5.6,93.433,8.442,35.218,,,,,,,,,,,,,,,,,,,,,,
"298","FINTRY","2023081506",0,22.1,41,3,59,5.6,93.205,7.855,33.578,,,,,,,,,,,,,,,,,,,,,,
"298","FINTRY","2023081507",0,24.5,46,3.7,144,10.2,92.892,7.788,33.386,,,,,,,,,,,,,,,,,,,,,,
"298","FINTRY","2023081508",0,25.6,42,5.4,167,7.9,92.722,8.285,34.783,,,,,,,,,,,,,,,,,,,,,,
"298","FINTRY","2023081509",0,28,36,5.6,165,8.5,92.772,8.428,35.178,,,,,,,,,,,,,,,,,,,,,,
"298","FINTRY","2023081510",0,30,33,7.1,103,13.1,92.822,9.153,37.139,,,,,,,,,,,,,,,,,,,,,,
"298","FINTRY","2023081511",0,31.4,27,6.5,120,10.8,93.043,9.16,37.157,,,,,,,,,,,,,,,,,,,,,,
"298","FINTRY","2023081512",0,32.5,27,5.8,148,9.1,93.261,9.116,37.04,0,94.191,10.374,40.369,155.567,1116.176,230.736,4,,,,,,,,,,,,,,
"298","FINTRY","2023081513",0,34.5,22,6.4,143,9.7,93.773,10.09,39.651,,,,,,,,,,,,,,,,,,,,,,
"298","FINTRY","2023081514",0,35.8,23,5.7,112,9.7,94.175,10.299,40.182,,,,,,,,,,,,,,,,,,,,,,
"298","FINTRY","2023081515",0,36.5,22,4.9,153,9.1,94.564,10.437,40.529,,,,,,,,,,,,,,,,,,,,,,
"298","FINTRY","2023081516",0,36.9,18,4.4,139,9.1,95.09,10.939,41.774,,,,,,,,,,,,,,,,,,,,,,
"298","FINTRY","2023081517",0,36.4,18,3,80,7.4,95.451,10.711,41.21,,,,,,,,,,,,,,,,,,,,,,
"298","FINTRY","2023081518",0,34.5,21,3.7,351,7.4,95.506,11.179,42.358,,,,,,,,,,,,,,,,,,,,,,
"298","FINTRY","2023081519",0,32.6,23,5.6,320,9.1,95.557,12.387,45.226,,,,,,,,,,,,,,,,,,,,,,
"298","FINTRY","2023081520",0,31.5,26,3.9,144,10.2,95.579,11.404,42.903,,,,,,,,,,,,,,,,,,,,,,
"298","FINTRY","2023081521",0,32.4,24,10.3,208,22.9,95.63,15.854,52.813,,,,,,,,,,,,,,,,,,,,,,
"298","FINTRY","2023081522",0,32,25,7.3,216,26.4,95.676,13.715,48.236,,,,,,,,,,,,,,,,,,,,,,
"298","FINTRY","2023081523",0,30.1,28,7.2,281,17.2,95.593,13.492,47.74,,,,,,,,,,,,,,,,,,,,,,
"301","PEMBERTON BASE","2023081500",0,16.3,98,2.5,178,5.6,84.827,2.334,10.894,,,,,,,,,,,,,,,,,,,,,,
"301","PEMBERTON BASE","2023081501",0,15.4,100,1.8,82,5.1,83.447,1.873,9.061,,,,,,,,,,,,,,,,,,,,,,
"301","PEMBERTON BASE","2023081502",0,14.4,100,1.6,47,5.6,82.283,1.6,7.896,,,,,,,,,,,,,,,,,,,,,,
"301","PEMBERTON BASE","2023081503",0,14.4,100,2.1,322,7.4,81.238,1.448,7.22,,,,,,,,,,,,,,,,,,,,,,
"301","PEMBERTON BASE","2023081504",0,13.7,100,2.1,304,7.4,80.334,1.309,6.582,,,,,,,,,,,,,,,,,,,,,,
"301","PEMBERTON BASE","2023081505",0,12.9,100,0,73,2.2,79.7,1.103,5.584,,,,,,,,,,,,,,,,,,,,,,
"301","PEMBERTON BASE","2023081506",0,13.3,100,0,25,3.3,79.123,1.042,5.279,,,,,,,,,,,,,,,,,,,,,,
"301","PEMBERTON BASE","2023081507",0,17.8,93,0,224,0,79.079,1.038,5.257,,,,,,,,,,,,,,,,,,,,,,
"301","PEMBERTON BASE","2023081508",0,22.9,61,2.2,104,5.1,79.78,1.242,6.262,,,,,,,,,,,,,,,,,,,,,,
"301","PEMBERTON BASE","2023081509",0,25.2,50,3.1,279,8.5,80.864,1.46,7.273,,,,,,,,,,,,,,,,,,,,,,
"301","PEMBERTON BASE","2023081510",0,27.2,42,5.6,196,10.8,82.31,1.963,9.43,,,,,,,,,,,,,,,,,,,,,,
"301","PEMBERTON BASE","2023081511",0,31.9,34,2.2,163,9.1,84.04,2.067,9.849,,,,,,,,,,,,,,,,,,,,,,
"301","PEMBERTON BASE","2023081512",0,34.7,35,3.2,60,7.9,85.736,2.742,12.409,0,94.172,9.076,30.555,70.201,582.645,107.901,4,,,,,,,,,,,,,,
"301","PEMBERTON BASE","2023081513",0,36.4,24,3.6,241,7.4,87.842,3.771,16.372,,,,,,,,,,,,,,,,,,,,,,
"301","PEMBERTON BASE","2023081514",0,37.8,23,2.8,261,7.4,89.641,4.69,19.24,,,,,,,,,,,,,,,,,,,,,,
"301","PEMBERTON BASE","2023081515",0,38.4,25,4.4,142,7.4,91.056,6.223,23.563,,,,,,,,,,,,,,,,,,,,,,
"301","PEMBERTON BASE","2023081516",0,38.9,19,6.5,294,19.5,92.584,8.589,29.437,,,,,,,,,,,,,,,,,,,,,,
"301","PEMBERTON BASE","2023081517",0,36.6,20,6.6,232,17.2,93.494,9.804,32.18,,,,,,,,,,,,,,,,,,,,,,
"301","PEMBERTON BASE","2023081518",0,35.4,24,5,283,27.5,93.884,9.549,31.617,,,,,,,,,,,,,,,,,,,,,,
"301","PEMBERTON BASE","2023081519",0,33.8,28,6.1,340,20,93.935,10.165,32.965,,,,,,,,,,,,,,,,,,,,,,
"301","PEMBERTON BASE","2023081520",0,26.1,53,4.3,109,17.7,93.314,8.515,29.264,,,,,,,,,,,,,,,,,,,,,,
"301","PEMBERTON BASE","2023081521",0,24.2,56,4.2,33,9.7,92.689,7.762,27.474,,,,,,,,,,,,,,,,,,,,,,
"301","PEMBERTON BASE","2023081522",0,21.1,72,1.8,206,9.1,91.75,6.025,23.032,,,,,,,,,,,,,,,,,,,,,,
"301","PEMBERTON BASE","2023081523",0,20,78,0,196,6.2,90.936,4.901,19.867,,,,,,,,,,,,,,,,,,,,,,
"302","ASPEN GROVE","2023081500",0,14.1,70,3.6,359,5.1,91.013,5.94,24.583,,,,,,,,,,,,,,,,,,,,,,
"302","ASPEN GROVE","2023081501",0,13.6,72,2.2,358,6.2,90.335,5.025,21.845,,,,,,,,,,,,,,,,,,,,,,
"302","ASPEN GROVE","2023081502",0,12.7,77,1.6,46,4.5,89.629,4.406,19.874,,,,,,,,,,,,,,,,,,,,,,
"302","ASPEN GROVE","2023081503",0,11.5,84,0,282,3.9,88.946,3.686,17.432,,,,,,,,,,,,,,,,,,,,,,
"302","ASPEN GROVE","2023081504",0,10.5,89,0,23,2.8,88.17,3.297,16.036,,,,,,,,,,,,,,,,,,,,,,
"302","ASPEN GROVE","2023081505",0,9.7,92,1.6,80,3.3,87.18,3.102,15.311,,,,,,,,,,,,,,,,,,,,,,
"302","ASPEN GROVE","2023081506",0,11.3,87,0,84,2.2,86.619,2.642,13.528,,,,,,,,,,,,,,,,,,,,,,
"302","ASPEN GROVE","2023081507",0,15.7,68,4.7,178,7.9,86.49,3.288,16.004,,,,,,,,,,,,,,,,,,,,,,
"302","ASPEN GROVE","2023081508",0,20,49,8,194,10.2,86.669,3.983,18.46,,,,,,,,,,,,,,,,,,,,,,
"302","ASPEN GROVE","2023081509",0,25.5,36,4.3,195,10.2,87.34,3.636,17.258,,,,,,,,,,,,,,,,,,,,,,
"302","ASPEN GROVE","2023081510",0,29.7,27,4.9,252,9.1,88.491,4.419,19.917,,,,,,,,,,,,,,,,,,,,,,
"302","ASPEN GROVE","2023081511",0,31.5,21,13.5,167,18.9,90.04,8.514,31.451,,,,,,,,,,,,,,,,,,,,,,
"302","ASPEN GROVE","2023081512",0,33,19,10.1,286,25.8,91.407,8.718,31.956,0,95.611,15.655,47.6,88.424,733.648,135.9,5,,,,,,,,,,,,,,
"302","ASPEN GROVE","2023081513",0,34.6,17,13.9,197,27.5,92.758,12.778,41.829,,,,,,,,,,,,,,,,,,,,,,
"302","ASPEN GROVE","2023081514",0,34.8,14,14.4,234,30.4,93.967,15.513,47.327,,,,,,,,,,,,,,,,,,,,,,
"302","ASPEN GROVE","2023081515",0,34.7,16,15.8,222,32.7,94.739,18.518,52.879,,,,,,,,,,,,,,,,,,,,,,
"302","ASPEN GROVE","2023081516",0,33.7,17,16.8,252,34.4,95.19,20.716,56.678,,,,,,,,,,,,,,,,,,,,,,
"302","ASPEN GROVE","2023081517",0,32.2,21,18.9,236,32.1,95.241,23.19,60.736,,,,,,,,,,,,,,,,,,,,,,
"302","ASPEN GROVE","2023081518",0,30.3,25,14.7,241,34.4,95.292,18.898,53.551,,,,,,,,,,,,,,,,,,,,,,
"302","ASPEN GROVE","2023081519",0,28.5,29,17.5,231,28.1,95.166,21.391,57.808,,,,,,,,,,,,,,,,,,,,,,
"302","ASPEN GROVE","2023081520",0,27,33,10.9,245,22.9,94.927,14.844,46.027,,,,,,,,,,,,,,,,,,,,,,
"302","ASPEN GROVE","2023081521",0,25.7,33,9.8,230,25.2,94.709,13.63,43.594,,,,,,,,,,,,,,,,,,,,,,
"302","ASPEN GROVE","2023081522",0,23.3,35,11.6,211,24.1,94.417,14.336,45.021,,,,,,,,,,,,,,,,,,,,,,
"302","ASPEN GROVE","2023081523",0,22.4,38,11.2,247,18.9,94.069,13.39,43.102,,,,,,,,,,,,,,,,,,,,,,
"305","SPARKS LAKE","2023081500",0,19.9,47,2.4,20,4.1,90.52,5.212,21.928,,,,,,,,,,,,,,,,,,,,128.8,,
"305","SPARKS LAKE","2023081501",0,18.9,51,0.4,103,5.2,90.394,4.629,20.136,,,,,,,,,,,,,,,,,,,,128.8,,
"305","SPARKS LAKE","2023081502",0,18.1,53,2.5,113,5.6,90.202,5.005,21.303,,,,,,,,,,,,,,,,,,,,128.8,,
"305","SPARKS LAKE","2023081503",0,17.6,55,1.5,31,6.9,90,4.624,20.121,,,,,,,,,,,,,,,,,,,,128.8,,
"305","SPARKS LAKE","2023081504",0,17.1,55,1.2,75,4.5,89.819,4.438,19.53,,,,,,,,,,,,,,,,,,,,128.8,,
"305","SPARKS LAKE","2023081505",0,17,59,4,355,6,89.537,4.908,21.005,,,,,,,,,,,,,,,,,,,,128.8,,
"305","SPARKS LAKE","2023081506",0,17.1,60,2,101,7.9,89.292,4.284,19.034,,,,,,,,,,,,,,,,,,,,128.8,,
"305","SPARKS LAKE","2023081507",0,19.4,53,3.6,165,6.3,89.226,4.6,20.046,,,,,,,,,,,,,,,,,,,,128.8,,
"305","SPARKS LAKE","2023081508",0,24.3,41,4.4,266,6.8,89.338,4.867,20.878,,,,,,,,,,,,,,,,,,,,128.8,,
"305","SPARKS LAKE","2023081509",0,27.3,35,3.7,275,10.3,89.702,4.95,21.135,,,,,,,,,,,,,,,,,,,,128.8,,
"305","SPARKS LAKE","2023081520",0,26.1,36,1.8,68,8.2,89.922,4.642,20.634,,,,,,,,,,,,,,,,,,,,128.8,,
"305","SPARKS LAKE","2023081521",0,24.8,38,3.2,42,7.2,90.027,5.057,21.937,,,,,,,,,,,,,,,,,,,,128.8,,
"305","SPARKS LAKE","2023081522",0,24.3,31,3.1,139,20.6,90.305,5.236,22.488,,,,,,,,,,,,,,,,,,,,128.8,,
"305","SPARKS LAKE","2023081523",0,24.4,32,6,337,25.5,90.531,6.259,25.487,,,,,,,,,,,,,,,,,,,,128.8,,
"306","FRENCH BAR","2023081500",0,12.5,69,0.6,129,7.5,90.869,5.003,19.809,,,,,,,,,,,,,,,,,,,,12.6,,
"306","FRENCH BAR","2023081501",0,11.6,74,2.2,268,7.6,90.174,4.911,19.543,,,,,,,,,,,,,,,,,,,,12.6,,
"306","FRENCH BAR","2023081502",0,11.4,74,3.1,283,7.7,89.526,4.683,18.877,,,,,,,,,,,,,,,,,,,,12.6,,
"306","FRENCH BAR","2023081503",0,10.6,79,0.5,145,8.1,88.922,3.767,16.055,,,,,,,,,,,,,,,,,,,,12.6,,
"306","FRENCH BAR","2023081504",0,9.2,85,1,142,5.6,88.188,3.476,15.106,,,,,,,,,,,,,,,,,,,,12.6,,
"306","FRENCH BAR","2023081505",0,8.9,87,2.4,251,6.2,87.4,3.333,14.625,,,,,,,,,,,,,,,,,,,,12.6,,
"306","FRENCH BAR","2023081506",0,9.4,85,0.6,197,5.8,86.826,2.805,12.784,,,,,,,,,,,,,,,,,,,,12.6,,
"306","FRENCH BAR","2023081507",0,13,73,0.1,210,3.3,86.614,2.654,12.234,,,,,,,,,,,,,,,,,,,,12.6,,
"306","FRENCH BAR","2023081508",0,21.5,49,1.9,223,4.2,86.786,2.978,13.401,,,,,,,,,,,,,,,,,,,,12.6,,
"306","FRENCH BAR","2023081509",0,25.3,37,7.4,68,14.6,87.446,4.316,17.776,,,,,,,,,,,,,,,,,,,,12.6,,
"306","FRENCH BAR","2023081510",0,26.9,34,8.9,56,16.9,88.205,5.19,20.341,,,,,,,,,,,,,,,,,,,,12.6,,
"306","FRENCH BAR","2023081511",0,28.6,30,8.3,83,18.1,89.076,5.705,21.772,,,,,,,,,,,,,,,,,,,,12.6,,
"306","FRENCH BAR","2023081512",0,30.4,26,9.5,53,22.3,90.089,7.008,25.169,0,93.752,11.762,36.596,73.01,555.996,109.932,4,,,,,,,,,,,,12.6,,
"306","FRENCH BAR","2023081513",0,30.9,25,6,29,21.1,90.918,6.614,24.804,,,,,,,,,,,,,,,,,,,,12.6,,
"306","FRENCH BAR","2023081514",0,32.9,22,11,122,22.6,91.927,9.821,32.482,,,,,,,,,,,,,,,,,,,,12.6,,
"306","FRENCH BAR","2023081515",0,30.1,25,5.5,72,18.5,92.352,7.904,28.05,,,,,,,,,,,,,,,,,,,,12.6,,
"306","FRENCH BAR","2023081516",0,30.9,24,7.9,346,19.2,92.794,9.492,31.75,,,,,,,,,,,,,,,,,,,,12.6,,
"306","FRENCH BAR","2023081517",0,29.9,26,5.6,97,15.5,93.002,8.703,29.949,,,,,,,,,,,,,,,,,,,,12.6,,
"306","FRENCH BAR","2023081518",0,29.6,27,4.3,103,16.6,93.115,8.282,28.958,,,,,,,,,,,,,,,,,,,,12.6,,
"306","FRENCH BAR","2023081519",0,26.2,35,1.3,288,9,93.118,7.122,26.112,,,,,,,,,,,,,,,,,,,,12.6,,
"306","FRENCH BAR","2023081520",0,21.1,47,5.5,295,10.3,92.737,8.344,29.106,,,,,,,,,,,,,,,,,,,,12.6,,
"306","FRENCH BAR","2023081521",0,17,53,4.9,287,8.1,92.247,7.556,27.199,,,,,,,,,,,,,,,,,,,,12.6,,
"306","FRENCH BAR","2023081522",0,14.6,59,3.9,270,7.8,91.694,6.644,24.881,,,,,,,,,,,,,,,,,,,,12.6,,
"306","FRENCH BAR","2023081523",0,12.2,67,2.4,123,7.5,91.068,5.636,22.16,,,,,,,,,,,,,,,,,,,,12.6,,
"307","LEIGHTON LAKE","2023081500",0,12.7,71,5.2,201,6.8,90.475,5.963,23.635,,,,,,,,,,,,,,,,,,,,,,
"307","LEIGHTON LAKE","2023081501",0,11.9,75,4.7,219,9.7,89.725,5.223,21.515,,,,,,,,,,,,,,,,,,,,,,
"307","LEIGHTON LAKE","2023081502",0,11.4,79,5.5,189,7.9,88.932,4.853,20.408,,,,,,,,,,,,,,,,,,,,,,
"307","LEIGHTON LAKE","2023081503",0,10.8,78,5.4,200,9.1,88.267,4.389,18.97,,,,,,,,,,,,,,,,,,,,,,
"307","LEIGHTON LAKE","2023081504",0,8.9,88,4.8,190,9.1,87.36,3.74,16.852,,,,,,,,,,,,,,,,,,,,,,
"307","LEIGHTON LAKE","2023081505",0,8.6,90,4.7,208,7.4,86.468,3.278,15.255,,,,,,,,,,,,,,,,,,,,,,
"307","LEIGHTON LAKE","2023081506",0,9.1,88,4.8,222,6.8,85.755,2.98,14.178,,,,,,,,,,,,,,,,,,,,,,
"307","LEIGHTON LAKE","2023081507",0,16.1,63,4,233,7.9,85.803,2.882,13.813,,,,,,,,,,,,,,,,,,,,,,
"307","LEIGHTON LAKE","2023081508",0,22.1,45,3.8,223,6.8,86.193,3.014,14.301,,,,,,,,,,,,,,,,,,,,,,
"307","LEIGHTON LAKE","2023081509",0,26.2,36,5.7,325,7.9,86.997,3.716,16.771,,,,,,,,,,,,,,,,,,,,,,
"307","LEIGHTON LAKE","2023081510",0,29,30,8.8,181,18.9,88.126,5.105,21.165,,,,,,,,,,,,,,,,,,,,,,
"307","LEIGHTON LAKE","2023081511",0,30.2,26,14.9,175,26.9,89.408,8.345,29.8,,,,,,,,,,,,,,,,,,,,,,
"307","LEIGHTON LAKE","2023081512",0,31.8,22,6.4,82,25.2,90.582,6.433,24.924,0,94.705,11.477,37.636,81.482,618.747,122.601,4,,,,,,,,,,,,,,
"307","LEIGHTON LAKE","2023081513",0,33.1,19,12.4,239,19.5,91.874,10.459,35.412,,,,,,,,,,,,,,,,,,,,,,
"307","LEIGHTON LAKE","2023081514",0,33.3,19,8.2,290,21.8,92.813,9.662,33.603,,,,,,,,,,,,,,,,,,,,,,
"307","LEIGHTON LAKE","2023081515",0,34.3,20,5.8,334,24.1,93.512,9.441,33.089,,,,,,,,,,,,,,,,,,,,,,
"307","LEIGHTON LAKE","2023081516",0,33.9,19,9.8,273,18.9,94.124,12.574,39.935,,,,,,,,,,,,,,,,,,,,,,
"307","LEIGHTON LAKE","2023081517",0,33.1,20,5.9,272,32.1,94.471,10.837,36.248,,,,,,,,,,,,,,,,,,,,,,
"307","LEIGHTON LAKE","2023081518",0,31.7,21,12.7,354,20,94.649,15.645,45.933,,,,,,,,,,,,,,,,,,,,,,
"307","LEIGHTON LAKE","2023081519",0,29,29,13.7,348,25.8,94.643,16.44,47.397,,,,,,,,,,,,,,,,,,,,,,
"307","LEIGHTON LAKE","2023081520",0,25.1,37,4.9,45,16,94.382,10.179,34.783,,,,,,,,,,,,,,,,,,,,,,
"307","LEIGHTON LAKE","2023081521",0,23.4,43,7.7,343,14.9,93.934,11.017,36.642,,,,,,,,,,,,,,,,,,,,,,
"307","LEIGHTON LAKE","2023081522",0,17.3,61,5.3,196,8.5,93.081,8.669,31.255,,,,,,,,,,,,,,,,,,,,,,
"307","LEIGHTON LAKE","2023081523",0,18.4,50,7.1,54,16,92.594,8.864,31.726,,,,,,,,,,,,,,,,,,,,,,
"309","GWYNETH LAKE","2023081500",0,14.1,76,1.1,247,4.7,89.744,4.368,19.203,,,,,,,,,,,,,,,,,,,,65.6,,
"309","GWYNETH LAKE","2023081501",0,13.4,76,0.6,244,4.2,89.167,3.921,17.736,,,,,,,,,,,,,,,,,,,,65.6,,
"309","GWYNETH LAKE","2023081502",0,12.4,80,0.2,241,2.9,88.581,3.533,16.408,,,,,,,,,,,,,,,,,,,,65.6,,
"309","GWYNETH LAKE","2023081503",0,11.9,81,0.7,245,6.1,87.99,3.328,15.686,,,,,,,,,,,,,,,,,,,,65.6,,
"309","GWYNETH LAKE","2023081504",0,11.2,84,1.3,238,2.5,87.343,3.128,14.959,,,,,,,,,,,,,,,,,,,,65.6,,
"309","GWYNETH LAKE","2023081505",0,10.5,87,1.3,246,4.7,86.662,2.839,13.881,,,,,,,,,,,,,,,,,,,,65.6,,
"309","GWYNETH LAKE","2023081506",0,10.2,89,0,230,2.7,86.086,2.451,12.365,,,,,,,,,,,,,,,,,,,,65.6,,
"309","GWYNETH LAKE","2023081507",0,12.4,85,1.6,159,3.6,85.583,2.476,12.467,,,,,,,,,,,,,,,,,,,,65.6,,
"309","GWYNETH LAKE","2023081508",0,20.2,46,3.8,10,7,85.918,2.899,14.11,,,,,,,,,,,,,,,,,,,,65.6,,
"309","GWYNETH LAKE","2023081509",0,24.2,39,3.5,22,9.3,86.528,3.112,14.901,,,,,,,,,,,,,,,,,,,,65.6,,
"309","GWYNETH LAKE","2023081510",0,27.6,32,4.4,38,11.5,87.47,3.723,17.067,,,,,,,,,,,,,,,,,,,,65.6,,
"309","GWYNETH LAKE","2023081511",0,30.7,27,4.5,19,10.9,88.653,4.433,19.41,,,,,,,,,,,,,,,,,,,,65.6,,
"309","GWYNETH LAKE","2023081512",0,32.2,22,5.8,17,14.2,89.992,5.736,23.346,0,94.842,11.347,37.842,83.378,664.895,126.956,4,,,,,,,,,,,,65.6,,
"309","GWYNETH LAKE","2023081513",0,33.4,18,8.9,173,25.4,91.432,8.235,30.599,,,,,,,,,,,,,,,,,,,,65.6,,
"309","GWYNETH LAKE","2023081514",0,33.6,16,8,218,30.1,92.652,9.352,33.318,,,,,,,,,,,,,,,,,,,,65.6,,
"309","GWYNETH LAKE","2023081515",0,33.4,18,7.1,207,24.4,93.458,10.005,34.842,,,,,,,,,,,,,,,,,,,,65.6,,
"309","GWYNETH LAKE","2023081516",0,30.9,20,7.6,193,19.9,93.859,10.848,36.746,,,,,,,,,,,,,,,,,,,,65.6,,
"309","GWYNETH LAKE","2023081517",0,29.3,24,3.7,155,21,93.924,8.994,32.463,,,,,,,,,,,,,,,,,,,,65.6,,
"309","GWYNETH LAKE","2023081518",0,26.3,33,1.9,216,15.5,93.885,8.169,30.433,,,,,,,,,,,,,,,,,,,,65.6,,
"309","GWYNETH LAKE","2023081519",0,22.6,49,2.6,259,6,93.418,7.931,29.83,,,,,,,,,,,,,,,,,,,,65.6,,
"309","GWYNETH LAKE","2023081520",0,19.6,55,0.3,331,8.9,92.951,6.616,26.356,,,,,,,,,,,,,,,,,,,,65.6,,
"309","GWYNETH LAKE","2023081521",0,17.2,60,0.4,242,2.9,92.417,6.169,25.108,,,,,,,,,,,,,,,,,,,,65.6,,
"309","GWYNETH LAKE","2023081522",0,15.6,63,1.4,263,3.6,91.822,5.965,24.524,,,,,,,,,,,,,,,,,,,,65.6,,
"309","GWYNETH LAKE","2023081523",0,14.5,67,0.8,256,3.3,91.232,5.322,22.633,,,,,,,,,,,,,,,,,,,,65.6,,
"311","MCLEAN LAKE","2023081500",0,22.6,37,12.8,274,15.4,93.797,13.977,42.669,,,,,,,,,,,,,,,,,,,,,,
"311","MCLEAN LAKE","2023081501",0,21.8,39,12.4,272,16,93.488,13.123,40.973,,,,,,,,,,,,,,,,,,,,,,
"311","MCLEAN LAKE","2023081502",0,22.1,36,13.8,278,17.7,93.303,13.723,42.169,,,,,,,,,,,,,,,,,,,,,,
"311","MCLEAN LAKE","2023081503",0,21.4,39,13.8,281,17.7,93.049,13.243,41.215,,,,,,,,,,,,,,,,,,,,,,
"311","MCLEAN LAKE","2023081504",0,20.1,43,16.4,282,24.6,92.685,14.346,43.385,,,,,,,,,,,,,,,,,,,,,,
"311","MCLEAN LAKE","2023081505",0,19.7,46,13,286,23.5,92.305,11.458,37.521,,,,,,,,,,,,,,,,,,,,,,
"311","MCLEAN LAKE","2023081506",0,20.7,44,9.6,288,17.7,92.064,9.33,32.765,,,,,,,,,,,,,,,,,,,,,,
"311","MCLEAN LAKE","2023081507",0,22.3,41,7.5,264,13.7,91.963,8.274,30.229,,,,,,,,,,,,,,,,,,,,,,
"311","MCLEAN LAKE","2023081508",0,24.4,37,3.9,59,9.1,92.011,6.949,26.836,,,,,,,,,,,,,,,,,,,,,,
"311","MCLEAN LAKE","2023081509",0,25.7,36,5.7,90,10.8,92.061,7.663,28.695,,,,,,,,,,,,,,,,,,,,,,
"311","MCLEAN LAKE","2023081510",0,26.6,34,7,104,12,92.111,8.24,30.143,,,,,,,,,,,,,,,,,,,,,,
"311","MCLEAN LAKE","2023081511",0,28.8,27,7.3,77,13.1,92.372,8.679,31.217,,,,,,,,,,,,,,,,,,,,,,
"311","MCLEAN LAKE","2023081512",0,30.7,24,9.8,73,20.6,92.813,10.474,35.375,0,94.22,12.741,40.971,81.833,747.359,128.493,4,,,,,,,,,,,,,,
"311","MCLEAN LAKE","2023081513",0,32.8,21,9.4,108,17.7,93.415,11.167,37.612,,,,,,,,,,,,,,,,,,,,,,
"311","MCLEAN LAKE","2023081514",0,33.4,19,10.6,92,18.9,94.029,12.919,41.339,,,,,,,,,,,,,,,,,,,,,,
"311","MCLEAN LAKE","2023081515",0,34,19,8.6,85,17.2,94.513,12.489,40.446,,,,,,,,,,,,,,,,,,,,,,
"311","MCLEAN LAKE","2023081516",0,33.9,18,4.8,128,20,94.904,10.882,36.981,,,,,,,,,,,,,,,,,,,,,,
"311","MCLEAN LAKE","2023081517",0,32.8,15,12.8,273,18.3,95.366,17.347,49.845,,,,,,,,,,,,,,,,,,,,,,
"311","MCLEAN LAKE","2023081518",0,31.3,22,8.4,245,23.5,95.417,13.994,43.513,,,,,,,,,,,,,,,,,,,,,,
"311","MCLEAN LAKE","2023081519",0,28.9,26,6,230,14.9,95.402,12.376,40.208,,,,,,,,,,,,,,,,,,,,,,
"311","MCLEAN LAKE","2023081520",0,27.1,27,5.8,240,14.9,95.335,12.139,39.708,,,,,,,,,,,,,,,,,,,,,,
"311","MCLEAN LAKE","2023081521",0,26.5,27,10.5,219,17.2,95.248,15.202,45.866,,,,,,,,,,,,,,,,,,,,,,
"311","MCLEAN LAKE","2023081522",0,25.3,25,14.3,241,23.5,95.198,18.283,51.512,,,,,,,,,,,,,,,,,,,,,,
"311","MCLEAN LAKE","2023081523",0,24.1,23,20.8,257,33.3,95.179,25.306,62.918,,,,,,,,,,,,,,,,,,,,,,
"316","NAHATLATCH","2023081500",0,19.1,59,2.4,316,6.8,92.607,7.008,30.393,,,,,,,,,0,0,,0,0,0,0,0,,0,0,,0,
"316","NAHATLATCH","2023081501",0,18.8,60,1.7,311,5.6,92.038,6.243,28.1,,,,,,,,,0,0,,0,0,0,0,0,,0,0,,0,
"316","NAHATLATCH","2023081502",0,18,62,2,8,6.8,91.476,5.854,26.885,,,,,,,,,0,0,,0,0,0,0,0,,0,0,,0,
"316","NAHATLATCH","2023081503",0,17.6,63,2,22,6.8,90.955,5.435,25.541,,,,,,,,,0,0,,0,0,0,0,0,,0,0,,0,
"316","NAHATLATCH","2023081504",0,16.8,66,1.6,4,5.6,90.434,4.945,23.911,,,,,,,,,0,0,,0,0,0,0,0,,0,0,,0,
"316","NAHATLATCH","2023081505",0,16.3,70,0,2,5.1,89.986,4.279,21.582,,,,,,,,,0,0,,0,0,0,0,0,,0,0,,0,
"316","NAHATLATCH","2023081506",0,15.8,72,2.6,290,5.1,89.399,4.484,22.312,,,,,,,,,0,0,,0,0,0,0,0,,0,0,,0,
"316","NAHATLATCH","2023081507",0,17.9,66,0,337,4.5,89.127,3.783,19.747,,,,,,,,,0,0,,0,0,0,0,0,,0,0,,0,
"316","NAHATLATCH","2023081508",0,22.4,53,2.5,123,6.2,89.134,4.295,21.638,,,,,,,,,0,0,,0,0,0,0,0,,0,0,,0,
"316","NAHATLATCH","2023081509",0,24.9,48,6.1,166,8.5,89.183,5.185,24.719,,,,,,,,,0,0,,0,0,0,0,0,,0,0,,0,
"316","NAHATLATCH","2023081510",0,30.4,31,5.8,183,10.2,89.892,5.654,26.25,,,,,,,,,0,0,,0,0,0,0,0,,0,0,,0,
"316","NAHATLATCH","2023081511",0,33.6,28,6.2,173,9.1,90.789,6.56,29.062,,,,,,,,,0,0,,0,0,0,0,0,,0,0,,0,
"317","ALLISON PASS","2023081500",0,13,82,1.7,63,5.6,90.055,4.708,15.499,,,,,,,,,0,0,,0,0,0,0,0,,0,0,,0,
"317","ALLISON PASS","2023081501",0,11.7,88,2,5,5.1,88.993,4.104,13.947,,,,,,,,,0,0,,0,0,0,0,0,,0,0,,0,
"317","ALLISON PASS","2023081502",0,10.5,94,1.7,145,4.5,87.774,3.394,12.004,,,,,,,,,0,0,,0,0,0,0,0,,0,0,,0,
"317","ALLISON PASS","2023081503",0,9.7,97,1.8,102,3.9,86.496,2.844,10.392,,,,,,,,,0,0,,0,0,0,0,0,,0,0,,0,
"317","ALLISON PASS","2023081504",0,8.8,99,2.9,137,4.5,85.162,2.494,9.307,,,,,,,,,0,0,,0,0,0,0,0,,0,0,,0,
"317","ALLISON PASS","2023081505",0,8.2,100,1.7,153,3.9,83.966,1.996,7.664,,,,,,,,,0,0,,0,0,0,0,0,,0,0,,0,
"317","ALLISON PASS","2023081506",0,8.4,100,2.1,142,5.1,82.867,1.765,6.854,,,,,,,,,0,0,,0,0,0,0,0,,0,0,,0,
"317","ALLISON PASS","2023081507",0,14,78,1.7,65,3.3,82.908,1.739,6.76,,,,,,,,,0,0,,0,0,0,0,0,,0,0,,0,
"317","ALLISON PASS","2023081508",0,20.4,52,3.7,274,5.6,83.403,2.05,7.848,,,,,,,,,0,0,,0,0,0,0,0,,0,0,,0,
"317","ALLISON PASS","2023081509",0,24.6,39,3.4,68,7.9,84.36,2.292,8.658,,,,,,,,,0,0,,0,0,0,0,0,,0,0,,0,
"317","ALLISON PASS","2023081510",0,28.6,30,5.2,165,7.9,85.824,3.07,11.069,,,,,,,,,0,0,,0,0,0,0,0,,0,0,,0,
"317","ALLISON PASS","2023081511",0,32.7,18,12.6,87,20.6,88.234,6.279,19.206,,,,,,,,,0,0,,0,0,0,0,0,,0,0,,0,
"317","ALLISON PASS","2023081512",0,33.8,16,11.4,104,21.8,90.292,7.94,22.737,0,96.487,18.815,42.867,49.324,534.57,80.158,3,0,0,,0,0,0,0,0,,0,0,,0,
"317","ALLISON PASS","2023081513",0,34,16,12.4,88,21.8,91.903,10.503,29.193,,,,,,,,,0,0,,0,0,0,0,0,,0,0,,0,
"317","ALLISON PASS","2023081514",0,34.4,16,11.5,128,25.8,93.135,11.938,31.826,,,,,,,,,0,0,,0,0,0,0,0,,0,0,,0,
"317","ALLISON PASS","2023081515",0,34.4,17,13.3,114,26.9,94.022,14.787,36.675,,,,,,,,,0,0,,0,0,0,0,0,,0,0,,0,
"317","ALLISON PASS","2023081516",0,34.4,16,12.3,112,26.4,94.732,15.509,37.835,,,,,,,,,0,0,,0,0,0,0,0,,0,0,,0,
"317","ALLISON PASS","2023081517",0,34.1,15,11.4,86,28.7,95.297,16.013,38.632,,,,,,,,,0,0,,0,0,0,0,0,,0,0,,0,
"317","ALLISON PASS","2023081518",0,31,20,14.6,78,28.7,95.348,18.947,43.06,,,,,,,,,0,0,,0,0,0,0,0,,0,0,,0,
"317","ALLISON PASS","2023081519",0,26.4,33,4.3,97,20,95.132,10.948,30.025,,,,,,,,,0,0,,0,0,0,0,0,,0,0,,0,
"317","ALLISON PASS","2023081520",0,21.8,42,5.4,99,12,94.644,10.822,29.791,,,,,,,,,0,0,,0,0,0,0,0,,0,0,,0,
"317","ALLISON PASS","2023081521",0,19.7,51,4.4,74,10.2,93.987,9.398,27.059,,,,,,,,,0,0,,0,0,0,0,0,,0,0,,0,
"317","ALLISON PASS","2023081522",0,16.7,61,5.3,92,7.4,93.134,8.733,25.72,,,,,,,,,0,0,,0,0,0,0,0,,0,0,,0,
"317","ALLISON PASS","2023081523",0,14.8,64,4,75,6.2,92.357,7.334,22.759,,,,,,,,,0,0,,0,0,0,0,0,,0,0,,0,
"321","GREENSTONE HUB","2023081500",0,,0,8.8,39,14.9,,,,,,,,,,,,,,,,,,,,,,,,,
"321","GREENSTONE HUB","2023081501",0,,0,6.8,39,10.2,,,,,,,,,,,,,,,,,,,,,,,,,
"321","GREENSTONE HUB","2023081502",0,,0,6.9,312,8.5,,,,,,,,,,,,,,,,,,,,,,,,,
"321","GREENSTONE HUB","2023081503",0,,0,5.9,283,8.5,,,,,,,,,,,,,,,,,,,,,,,,,
"321","GREENSTONE HUB","2023081504",0,,0,6.5,274,8.5,,,,,,,,,,,,,,,,,,,,,,,,,
"321","GREENSTONE HUB","2023081505",0,,0,7.7,281,10.2,,,,,,,,,,,,,,,,,,,,,,,,,
"321","GREENSTONE HUB","2023081506",0,,0,7,269,10.2,,,,,,,,,,,,,,,,,,,,,,,,,
"321","GREENSTONE HUB","2023081507",0,,0,4.1,226,7.9,,,,,,,,,,,,,,,,,,,,,,,,,
"321","GREENSTONE HUB","2023081508",0,,0,6.7,161,13.7,,,,,,,,,,,,,,,,,,,,,,,,,
"321","GREENSTONE HUB","2023081509",0,,0,8.5,189,20,,,,,,,,,,,,,,,,,,,,,,,,,
"321","GREENSTONE HUB","2023081510",0,,0,9.7,212,17.7,,,,,,,,,,,,,,,,,,,,,,,,,
"321","GREENSTONE HUB","2023081511",0,,0,10.2,202,22.9,,,,,,,,,,,,,,,,,,,,,,,,,
"321","GREENSTONE HUB","2023081512",0,,0,7.6,198,21.8,,,,0,,,,,,,,,,,,,,,,,,,,,
"321","GREENSTONE HUB","2023081513",0,,0,7.9,304,24.6,,,,,,,,,,,,,,,,,,,,,,,,,
"321","GREENSTONE HUB","2023081514",0,,0,7,336,20,,,,,,,,,,,,,,,,,,,,,,,,,
"321","GREENSTONE HUB","2023081515",0,,0,8.5,48,18.9,,,,,,,,,,,,,,,,,,,,,,,,,
"321","GREENSTONE HUB","2023081516",0,,0,3.9,33,13.7,,,,,,,,,,,,,,,,,,,,,,,,,
"321","GREENSTONE HUB","2023081517",0,,0,7,59,15.4,,,,,,,,,,,,,,,,,,,,,,,,,
"321","GREENSTONE HUB","2023081518",0,,0,8.5,318,16,,,,,,,,,,,,,,,,,,,,,,,,,
"321","GREENSTONE HUB","2023081519",0,,0,12.9,312,17.7,,,,,,,,,,,,,,,,,,,,,,,,,
"321","GREENSTONE HUB","2023081520",0,,0,14.1,311,26.4,,,,,,,,,,,,,,,,,,,,,,,,,
"321","GREENSTONE HUB","2023081521",0,,0,14,312,24.1,,,,,,,,,,,,,,,,,,,,,,,,,
"321","GREENSTONE HUB","2023081522",0,,0,16.6,316,31,,,,,,,,,,,,,,,,,,,,,,,,,
"321","GREENSTONE HUB","2023081523",0,,0,20.4,316,31.6,,,,,,,,,,,,,,,,,,,,,,,,,
"322","AFTON","2023081500",0,23.8,37,3.6,196,12,94.48,9.664,39.025,,,,,,,,,,-0.9,,,,0,1,661.41,,,,,,
"322","AFTON","2023081501",0,21.7,43,7.2,218,10.8,94.016,10.866,42.093,,,,,,,,,,-1.1,,,,0,1,661.41,,,,,,
"322","AFTON","2023081502",0,20.3,47,7.4,207,12.5,93.492,10.205,40.425,,,,,,,,,,-0.9,,,,0,1,661.38,,,,,,
"322","AFTON","2023081503",0,19.2,50,8.1,180,11.4,92.94,9.787,39.347,,,,,,,,,,-0.9,,,,0,1,661.39,,,,,,
"322","AFTON","2023081504",0,19.3,50,9.1,202,12.5,92.448,9.606,38.872,,,,,,,,,,-0.8,,,,0,1,661.35,,,,,,
"322","AFTON","2023081505",0,19.5,50,4.4,169,10.8,92.079,7.195,32.133,,,,,,,,,,-0.9,,,,0,1,661.34,,,,,,
"322","AFTON","2023081506",0,19.6,51,4.9,213,6.2,91.723,7.016,31.596,,,,,,,,,,-1,,,,0,1,661.29,,,,,,
"322","AFTON","2023081507",0,22.6,44,3.2,348,6.2,91.62,6.347,29.53,,,,,,,,,,-0.9,,,,0,1,661.2,,,,,,
"322","AFTON","2023081508",0,23.6,43,6.9,5,9.1,91.551,7.573,33.249,,,,,,,,,,,,,,0,1,661.18,,,,,,
"322","AFTON","2023081509",0,25.5,39,9.1,26,13.7,91.601,8.521,35.945,,,,,,,,,,-0.7,,,,0,1,661.22,,,,,,
"322","AFTON","2023081510",0,28,32,8.3,46,13.7,91.732,8.338,35.435,,,,,,,,,,-0.7,,,,0,1,661.21,,,,,,
"322","AFTON","2023081511",0,29.6,30,11.1,11,17.7,91.987,9.955,39.782,,,,,,,,,,-0.7,,,,0,1,661.21,,,,,,
"322","AFTON","2023081512",0,31.7,25,9.8,359,18.3,92.513,10.042,40.008,0,94.494,13.232,47.723,252.978,1142.279,325.652,5,,-0.7,,,,0,1,661.2,,,,,,
"322","AFTON","2023081513",0,33.4,23,10.6,11,17.2,93.123,11.388,43.387,,,,,,,,,,-0.7,,,,0,1,661.17,,,,,,
"322","AFTON","2023081514",0,36,18,13,7,22.3,94.059,14.641,50.852,,,,,,,,,,-0.6,,,,0,1,661.13,,,,,,
"322","AFTON","2023081515",0,37.1,15,10.6,321,23.5,94.976,14.721,51.025,,,,,,,,,,-0.7,,,,0,1,661.18,,,,,,
"322","AFTON","2023081516",0,36.9,15,16,324,24.1,95.673,21.253,63.955,,,,,,,,,,-0.7,,,,0,1,661.23,,,,,,
"322","AFTON","2023081517",0,36.7,15,8.7,325,18.3,96.117,15.623,52.951,,,,,,,,,,-0.7,,,,0,1,661.25,,,,,,
"322","AFTON","2023081518",0,36.9,15,6.8,329,13.7,96.444,14.837,51.275,,,,,,,,,,-0.9,,,,0,1,661.19,,,,,,
"322","AFTON","2023081519",0,32.4,25,13.2,68,24.6,96.373,20.288,62.178,,,,,,,,,,-0.8,,,,0,1,661.38,,,,,,
"322","AFTON","2023081520",0,30.7,27,14,60,22.9,96.204,20.646,62.842,,,,,,,,,,-0.7,,,,0,1,661.35,,,,,,
"322","AFTON","2023081521",0,29,30,6.3,143,24.6,95.979,13.588,48.528,,,,,,,,,,-0.9,,,,0,1,661.34,,,,,,
"322","AFTON","2023081522",0,26.3,34,7.2,202,11.4,95.619,13.541,48.422,,,,,,,,,,-1,,,,0,1,661.31,,,,,,
"322","AFTON","2023081523",0,28.6,24,13.6,307,26.9,95.615,18.683,59.128,,,,,,,,,,,,,,0,1,661.17,,,,,,
"326","PASKA LAKE","2023081500",0,16.9,51,10.1,38,12.5,91.562,8.913,30.151,,,,,,,,,,,,,,,,,,,,,,
"326","PASKA LAKE","2023081501",0,17.3,51,5.9,48,12,91.241,6.89,25.276,,,,,,,,,,,,,,,,,,,,,,
"326","PASKA LAKE","2023081502",0,15.8,56,1.6,340,8.5,90.907,5.29,20.97,,,,,,,,,,,,,,,,,,,,,,
"326","PASKA LAKE","2023081503",0,14.9,56,9.4,34,11.4,90.5,7.395,26.544,,,,,,,,,,,,,,,,,,,,,,
"326","PASKA LAKE","2023081504",0,14.4,58,8.6,30,10.8,90.1,6.708,24.809,,,,,,,,,,,,,,,,,,,,,,
"326","PASKA LAKE","2023081505",0,14.6,58,11.1,34,13.7,89.728,7.214,26.094,,,,,,,,,,,,,,,,,,,,,,
"326","PASKA LAKE","2023081506",0,15.1,59,7.6,44,13.1,89.409,5.777,22.33,,,,,,,,,,,,,,,,,,,,,,
"326","PASKA LAKE","2023081507",0,19.2,47,7.2,29,11.4,89.441,5.688,22.086,,,,,,,,,,,,,,,,,,,,,,
"326","PASKA LAKE","2023081508",0,24.8,32,4.7,242,9.7,89.805,5.284,20.951,,,,,,,,,,,,,,,,,,,,,,
"326","PASKA LAKE","2023081509",0,26,29,8.2,219,13.7,90.295,6.761,24.944,,,,,,,,,,,,,,,,,,,,,,
"326","PASKA LAKE","2023081510",0,26.9,28,6.8,186,15.4,90.766,6.738,24.887,,,,,,,,,,,,,,,,,,,,,,
"326","PASKA LAKE","2023081511",0,28.5,24,13.3,221,27.5,91.457,10.317,33.258,,,,,,,,,,,,,,,,,,,,,,
"326","PASKA LAKE","2023081512",0,29,24,11,274,24.1,92.014,9.942,32.447,0,93.826,12.817,39.253,73.473,627.868,113.687,4,,,,,,,,,,,,,,
"326","PASKA LAKE","2023081513",0,30.4,21,11.4,228,26.9,92.679,11.141,35.82,,,,,,,,,,,,,,,,,,,,,,
"326","PASKA LAKE","2023081514",0,31.6,17,10.1,254,32.1,93.464,11.647,36.879,,,,,,,,,,,,,,,,,,,,,,
"326","PASKA LAKE","2023081515",0,31.9,17,10.9,311,24.6,94.096,13.238,40.083,,,,,,,,,,,,,,,,,,,,,,
"326","PASKA LAKE","2023081516",0,31.3,18,11,283,26.4,94.498,14.065,41.681,,,,,,,,,,,,,,,,,,,,,,
"326","PASKA LAKE","2023081517",0,30.1,20,14.9,246,24.1,94.658,17.502,47.902,,,,,,,,,,,,,,,,,,,,,,
"326","PASKA LAKE","2023081518",0,30,21,9.1,254,24.1,94.723,13.183,39.976,,,,,,,,,,,,,,,,,,,,,,
"326","PASKA LAKE","2023081519",0,27.3,27,10.1,255,18.3,94.73,13.877,41.322,,,,,,,,,,,,,,,,,,,,,,
"326","PASKA LAKE","2023081520",0,23.7,35,9.2,42,16.6,94.458,12.775,39.168,,,,,,,,,,,,,,,,,,,,,,
"326","PASKA LAKE","2023081521",0,21.9,41,8.2,41,14.3,94.042,11.469,36.51,,,,,,,,,,,,,,,,,,,,,,
"326","PASKA LAKE","2023081522",0,20,45,2.6,123,9.7,93.651,8.192,29.168,,,,,,,,,,,,,,,,,,,,,,
"326","PASKA LAKE","2023081523",0,19.1,45,11.3,19,20.6,93.179,11.891,37.382,,,,,,,,,,,,,,,,,,,,,,
"328","PENTICTON RS","2023081500",0,26.3,29,5,80,10.8,95.146,11.363,41.856,,,,,,,,,,,,,,,,,,,,,,
"328","PENTICTON RS","2023081501",0,24.9,32,4.1,70,10.8,94.964,10.592,40.003,,,,,,,,,,,,,,,,,,,,,,
"328","PENTICTON RS","2023081502",0,23,37,4.7,86,9.7,94.649,10.455,39.666,,,,,,,,,,,,,,,,,,,,,,
"328","PENTICTON RS","2023081503",0,22.5,39,5.3,99,9.1,94.306,10.277,39.228,,,,,,,,,,,,,,,,,,,,,,
"328","PENTICTON RS","2023081504",0,21.8,41,5.2,101,7.4,93.947,9.73,37.858,,,,,,,,,,,,,,,,,,,,,,
"328","PENTICTON RS","2023081505",0,21.1,46,3.6,105,7.4,93.524,8.464,34.545,,,,,,,,,,,,,,,,,,,,,,
"328","PENTICTON RS","2023081506",0,21.5,45,3.3,138,7.9,93.182,7.948,33.135,,,,,,,,,,,,,,,,,,,,,,
"328","PENTICTON RS","2023081507",0,22.6,48,3.4,64,6.2,92.809,7.583,32.109,,,,,,,,,,,,,,,,,,,,,,
"328","PENTICTON RS","2023081508",0,24.5,44,3.7,105,7.4,92.598,7.473,31.797,,,,,,,,,,,,,,,,,,,,,,
"328","PENTICTON RS","2023081509",0,28,32,4.3,238,7.9,92.648,7.757,32.6,,,,,,,,,,,,,,,,,,,,,,
"328","PENTICTON RS","2023081510",0,29.1,31,4.5,234,7.4,92.698,7.891,32.974,,,,,,,,,,,,,,,,,,,,,,
"328","PENTICTON RS","2023081511",0,29.5,33,5.7,284,9.7,92.748,8.442,34.485,,,,,,,,,,,,,,,,,,,,,,
"328","PENTICTON RS","2023081512",0,31.2,30,4.5,304,8.5,92.845,8.055,33.428,0,93.603,8.954,36.011,129.893,946.431,193.421,4,,,,,,,,,,,,,,
"328","PENTICTON RS","2023081513",0,33.5,25,5.4,271,10.2,93.24,8.908,35.887,,,,,,,,,,,,,,,,,,,,,,
"328","PENTICTON RS","2023081514",0,34.9,27,4.9,294,9.1,93.515,9.026,36.2,,,,,,,,,,,,,,,,,,,,,,
"328","PENTICTON RS","2023081515",0,36.9,21,6.3,295,11.4,94.155,10.585,40.159,,,,,,,,,,,,,,,,,,,,,,
"328","PENTICTON RS","2023081516",0,39,16,9.1,214,14.3,95.098,13.878,47.738,,,,,,,,,,,,,,,,,,,,,,
"328","PENTICTON RS","2023081517",0,40,16,6.6,257,13.7,95.811,13.485,46.88,,,,,,,,,,,,,,,,,,,,,,
"328","PENTICTON RS","2023081518",0,37.5,16,5.7,288,15.4,96.182,13.55,47.024,,,,,,,,,,,,,,,,,,,,,,
"328","PENTICTON RS","2023081519",0,35.7,15,5.2,351,18.3,96.43,13.662,47.268,,,,,,,,,,,,,,,,,,,,,,
"328","PENTICTON RS","2023081520",0,32.6,17,4.7,90,12,96.481,13.415,46.726,,,,,,,,,,,,,,,,,,,,,,
"328","PENTICTON RS","2023081521",0,29.7,20,6,98,11.4,96.507,14.372,48.8,,,,,,,,,,,,,,,,,,,,,,
"328","PENTICTON RS","2023081522",0,29.1,23,4.4,94,9.1,96.455,13.167,46.178,,,,,,,,,,,,,,,,,,,,,,
"328","PENTICTON RS","2023081523",0,30.7,20,6,51,12.5,96.5,14.359,48.774,,,,,,,,,,,,,,,,,,,,,,
"331","ASHNOLA","2023081500",0,19.8,38,5.4,271,7.4,94.203,10.183,37.964,,,,,,,,,,,,,,,,,,,,1171.8,,
"331","ASHNOLA","2023081501",0,19.1,40,5.4,252,9,93.863,9.716,36.816,,,,,,,,,,,,,,,,,,,,1171.8,,
"331","ASHNOLA","2023081502",0,18.5,41,5.3,277,11.5,93.534,9.234,35.607,,,,,,,,,,,,,,,,,,,,1171.8,,
"331","ASHNOLA","2023081503",0,18.1,43,6.7,244,10.8,93.173,9.423,36.084,,,,,,,,,,,,,,,,,,,,1171.8,,
"331","ASHNOLA","2023081504",0,17.1,45,5.8,253,8.7,92.811,8.559,33.866,,,,,,,,,,,,,,,,,,,,1171.8,,
"331","ASHNOLA","2023081505",0,16.8,47,3.6,250,7.7,92.472,7.305,30.46,,,,,,,,,,,,,,,,,,,,1171.8,,
"331","ASHNOLA","2023081506",0,17.1,45,5,243,7.3,92.194,7.537,31.109,,,,,,,,,,,,,,,,,,,,1171.8,,
"331","ASHNOLA","2023081507",0,18.6,41,4.7,257,8.1,92.045,7.27,30.361,,,,,,,,,,,,,,,,,,,,1171.8,,
"331","ASHNOLA","2023081508",0,21.5,36,5.7,258,9.4,92.051,7.651,31.425,,,,,,,,,,,,,,,,,,,,1171.8,,
"331","ASHNOLA","2023081509",0,26.1,27,5,170,8.3,92.218,7.563,31.181,,,,,,,,,,,,,,,,,,,,1171.8,,
"331","ASHNOLA","2023081510",0,28,25,8.4,322,12.3,92.517,9.362,35.931,,,,,,,,,,,,,,,,,,,,1171.8,,
"331","ASHNOLA","2023081511",0,29.4,21,8.9,305,14.8,93.003,10.28,38.198,,,,,,,,,,,,,,,,,,,,1171.8,,
"331","ASHNOLA","2023081512",0,30.9,16,11,311,25.5,93.739,12.663,43.694,0,95.932,17.109,53.204,123.917,662.349,168.857,5,,,,,,,,,,,,1171.8,,
"331","ASHNOLA","2023081513",0,32.6,13,16.6,286,29.5,94.629,18.99,56.749,,,,,,,,,,,,,,,,,,,,1171.8,,
"331","ASHNOLA","2023081514",0,32.1,12,22.5,277,41.4,95.363,28.269,72.215,,,,,,,,,,,,,,,,,,,,1171.8,,
"331","ASHNOLA","2023081515",0,31.1,16,20.8,266,40.9,95.593,26.775,69.909,,,,,,,,,,,,,,,,,,,,1171.8,,
"331","ASHNOLA","2023081516",0,30.6,19,17.8,272,42.7,95.644,23.179,64.093,,,,,,,,,,,,,,,,,,,,1171.8,,
"331","ASHNOLA","2023081517",0,29.4,19,22.3,282,41.1,95.695,29.281,73.744,,,,,,,,,,,,,,,,,,,,1171.8,,
"331","ASHNOLA","2023081518",0,28,18,26.8,276,44.9,95.746,36.988,84.64,,,,,,,,,,,,,,,,,,,,1171.8,,
"331","ASHNOLA","2023081519",0,25.9,22,28.7,266,46.3,95.712,40.517,89.256,,,,,,,,,,,,,,,,,,,,1171.8,,
"331","ASHNOLA","2023081520",0,24.6,26,23,266,43.1,95.533,29.669,74.324,,,,,,,,,,,,,,,,,,,,1171.8,,
"331","ASHNOLA","2023081521",0,23.2,30,16.8,268,38.8,95.251,20.891,60.167,,,,,,,,,,,,,,,,,,,,1171.8,,
"331","ASHNOLA","2023081522",0,22.7,28,28.4,264,41.6,95.023,36.331,83.756,,,,,,,,,,,,,,,,,,,,1171.8,,
"331","ASHNOLA","2023081523",0,21.8,31,23.9,277,44.8,94.729,27.816,71.522,,,,,,,,,,,,,,,,,,,,1171.8,,
"334","MCCUDDY","2023081500",0,22.3,37,8.8,50,13.1,95.097,13.668,47.985,,,,,,,,,,,,,,,,,,,,,,
"334","MCCUDDY","2023081501",0,21.1,39,4.9,47,10.2,94.701,10.636,40.896,,,,,,,,,,,,,,,,,,,,,,
"334","MCCUDDY","2023081502",0,19.2,45,5.5,58,10.2,94.177,10.199,39.802,,,,,,,,,,,,,,,,,,,,,,
"334","MCCUDDY","2023081503",0,19.2,41,7.4,57,13.7,93.791,10.638,40.901,,,,,,,,,,,,,,,,,,,,,,
"334","MCCUDDY","2023081504",0,18.1,45,6.2,57,12.5,93.359,9.429,37.824,,,,,,,,,,,,,,,,,,,,,,
"334","MCCUDDY","2023081505",0,18.4,45,7.8,65,13.1,92.958,9.664,38.434,,,,,,,,,,,,,,,,,,,,,,
"334","MCCUDDY","2023081506",0,18.2,49,8.3,69,12.5,92.496,9.288,37.454,,,,,,,,,,,,,,,,,,,,,,
"334","MCCUDDY","2023081507",0,21.7,41,7.1,72,12,92.334,8.546,35.464,,,,,,,,,,,,,,,,,,,,,,
"334","MCCUDDY","2023081508",0,26.9,31,4.3,223,7.4,92.384,7.474,32.446,,,,,,,,,,,,,,,,,,,,,,
"334","MCCUDDY","2023081509",0,27,30,7.6,240,10.2,92.434,8.888,36.39,,,,,,,,,,,,,,,,,,,,,,
"334","MCCUDDY","2023081510",0,28.7,27,8,232,10.8,92.632,9.325,37.551,,,,,,,,,,,,,,,,,,,,,,
"334","MCCUDDY","2023081511",0,30.4,26,10.7,242,15.4,92.912,11.113,42.066,,,,,,,,,,,,,,,,,,,,,,
"334","MCCUDDY","2023081512",0,32,20,9.6,270,16,93.502,11.418,42.802,0,95.238,14.508,49.904,188.103,713.535,226.759,5,,,,,,,,,,,,,,
"334","MCCUDDY","2023081513",0,33.3,20,10,251,17.2,94.03,12.536,45.513,,,,,,,,,,,,,,,,,,,,,,
"334","MCCUDDY","2023081514",0,34.3,18,13,217,22.9,94.619,15.817,52.671,,,,,,,,,,,,,,,,,,,,,,
"334","MCCUDDY","2023081515",0,34.4,17,9.3,216,28.1,95.098,14.019,48.843,,,,,,,,,,,,,,,,,,,,,,
"334","MCCUDDY","2023081516",0,34.3,18,9.3,245,13.7,95.398,14.605,50.115,,,,,,,,,,,,,,,,,,,,,,
"334","MCCUDDY","2023081517",0,33.4,18,3.6,161,13.1,95.569,11.217,42.397,,,,,,,,,,,,,,,,,,,,,,
"334","MCCUDDY","2023081518",0,30.9,22,5.4,52,6.2,95.62,12.368,45.125,,,,,,,,,,,,,,,,,,,,,,
"334","MCCUDDY","2023081519",0,28,27,4.8,53,10.2,95.547,11.881,43.984,,,,,,,,,,,,,,,,,,,,,,
"334","MCCUDDY","2023081520",0,28.8,22,5.1,349,7.9,95.598,12.146,44.608,,,,,,,,,,,,,,,,,,,,,,
"334","MCCUDDY","2023081521",0,27.8,20,4.6,6,12,95.649,11.927,44.092,,,,,,,,,,,,,,,,,,,,,,
"334","MCCUDDY","2023081522",0,26.8,22,4.9,30,18.9,95.67,12.142,44.598,,,,,,,,,,,,,,,,,,,,,,
"334","MCCUDDY","2023081523",0,28.3,19,7.4,305,18.3,95.721,13.869,48.514,,,,,,,,,,,,,,,,,,,,,,
"344","SEYMOUR ARM","2023081500",0,22.7,51,1.4,211,10.5,92.749,6.798,21.558,,,,,,,,,,,,,,,,,,,,162,,
"344","SEYMOUR ARM","2023081501",0,21.8,53,2,115,6.5,92.328,6.604,21.116,,,,,,,,,,,,,,,,,,,,162,,
"344","SEYMOUR ARM","2023081502",0,20.8,55,3.5,77,5.3,91.87,6.676,21.281,,,,,,,,,,,,,,,,,,,,162,,
"344","SEYMOUR ARM","2023081503",0,20.5,57,2.3,95,5.3,91.443,5.915,19.499,,,,,,,,,,,,,,,,,,,,162,,
"344","SEYMOUR ARM","2023081504",0,19.4,60,3.8,80,4.6,90.958,5.954,19.593,,,,,,,,,,,,,,,,,,,,162,,
"344","SEYMOUR ARM","2023081505",0,19.2,61,2.8,73,4.8,90.527,5.324,18.05,,,,,,,,,,,,,,,,,,,,162,,
"344","SEYMOUR ARM","2023081506",0,18.3,68,1.7,104,3.8,90,4.671,16.374,,,,,,,,,,,,,,,,,,,,162,,
"344","SEYMOUR ARM","2023081507",0,19.3,62,2.3,76,4.6,89.669,4.591,16.163,,,,,,,,,,,,,,,,,,,,162,,
"344","SEYMOUR ARM","2023081508",0,19.8,62,0.5,91,2.9,89.421,4.046,14.681,,,,,,,,,,,,,,,,,,,,162,,
"344","SEYMOUR ARM","2023081509",0,24.9,48,2.9,172,7.9,89.47,4.599,16.183,,,,,,,,,,,,,,,,,,,,162,,
"344","SEYMOUR ARM","2023081510",0,28.9,38,3.8,197,7.6,89.774,5.027,17.298,,,,,,,,,,,,,,,,,,,,162,,
"344","SEYMOUR ARM","2023081511",0,31.5,31,4.2,228,11.4,90.404,5.613,18.767,,,,,,,,,,,,,,,,,,,,162,,
"344","SEYMOUR ARM","2023081512",0,33.8,29,5.5,224,14,91.145,6.662,21.249,0,93.638,9.464,28.367,54.198,554.06,87.096,4,,,,,,,,,,,,162,,
"344","SEYMOUR ARM","2023081513",0,33.8,28,4.8,214,11.6,91.767,7.025,23.065,,,,,,,,,,,,,,,,,,,,162,,
"344","SEYMOUR ARM","2023081514",0,34.9,24,4.8,223,11.1,92.512,7.804,24.834,,,,,,,,,,,,,,,,,,,,162,,
"344","SEYMOUR ARM","2023081515",0,34.8,25,3.1,164,9.2,93.015,7.687,24.574,,,,,,,,,,,,,,,,,,,,162,,
"344","SEYMOUR ARM","2023081516",0,34.3,27,3.6,183,8.2,93.303,8.208,25.72,,,,,,,,,,,,,,,,,,,,162,,
"344","SEYMOUR ARM","2023081517",0,35.4,24,2.9,347,7.8,93.713,8.389,26.112,,,,,,,,,,,,,,,,,,,,162,,
"344","SEYMOUR ARM","2023081518",0,32.1,36,1.6,58,7.1,93.733,7.878,24.999,,,,,,,,,,,,,,,,,,,,162,,
"344","SEYMOUR ARM","2023081519",0,30.1,36,4.1,75,11.9,93.7,8.896,27.19,,,,,,,,,,,,,,,,,,,,162,,
"344","SEYMOUR ARM","2023081520",0,28.8,29,2.4,59,7.2,93.751,8.223,25.753,,,,,,,,,,,,,,,,,,,,162,,
"344","SEYMOUR ARM","2023081521",0,28.2,32,3.9,78,9.2,93.778,8.902,27.203,,,,,,,,,,,,,,,,,,,,162,,
"344","SEYMOUR ARM","2023081522",0,26.3,40,3.7,43,10.4,93.572,8.564,26.487,,,,,,,,,,,,,,,,,,,,162,,
"344","SEYMOUR ARM","2023081523",0,25.4,41,4.6,93,7.3,93.344,8.681,26.737,,,,,,,,,,,,,,,,,,,,162,,
"352","CURWEN CREEK","2023081500",0,15.3,65,3.8,258,5.1,90.46,5.545,22.855,,,,,,,,,,,,,,,,,,,,10095.6,,
"352","CURWEN CREEK","2023081501",0,14.4,67,4.1,257,5.3,89.914,5.207,21.855,,,,,,,,,,,,,,,,,,,,10095.6,,
"352","CURWEN CREEK","2023081502",0,14.5,66,4.3,259,5.9,89.45,4.921,20.989,,,,,,,,,,,,,,,,,,,,10095.6,,
"352","CURWEN CREEK","2023081503",0,14.2,67,3.6,269,6.8,89.026,4.47,19.58,,,,,,,,,,,,,,,,,,,,10095.6,,
"352","CURWEN CREEK","2023081504",0,13.5,70,3,275,5,88.59,4.073,18.293,,,,,,,,,,,,,,,,,,,,10095.6,,
"352","CURWEN CREEK","2023081505",0,13.1,73,3.9,266,5.2,88.114,3.981,17.987,,,,,,,,,,,,,,,,,,,,10095.6,,
"352","CURWEN CREEK","2023081506",0,14.3,79,0.1,263,4.4,87.655,3.078,14.82,,,,,,,,,,,,,,,,,,,,10095.6,,
"352","CURWEN CREEK","2023081507",0,20.8,52,2.8,34,5.9,87.704,3.551,16.52,,,,,,,,,,,,,,,,,,,,10095.6,,
"352","CURWEN CREEK","2023081508",0,23.1,42,4.2,87,7.4,87.964,3.956,17.902,,,,,,,,,,,,,,,,,,,,10095.6,,
"352","CURWEN CREEK","2023081509",0,26.7,34,4.6,80,9.3,88.566,4.4,19.358,,,,,,,,,,,,,,,,,,,,10095.6,,
"352","CURWEN CREEK","2023081510",0,27.8,33,4.7,85,11.3,89.158,4.815,20.663,,,,,,,,,,,,,,,,,,,,10095.6,,
"352","CURWEN CREEK","2023081511",0,29.2,28,5.3,84,11.2,89.922,5.538,22.834,,,,,,,,,,,,,,,,,,,,10095.6,,
"352","CURWEN CREEK","2023081512",0,31.2,24,5.8,125,15.5,90.845,6.48,25.491,0,94.275,10.496,35.945,88.873,553.242,126.816,5,,,,,,,,,,,,10095.6,,
"352","CURWEN CREEK","2023081513",0,31.1,22,8.8,258,23.2,91.721,8.538,31.338,,,,,,,,,,,,,,,,,,,,10095.6,,
"352","CURWEN CREEK","2023081514",0,31.2,21,9.5,254,24.1,92.476,9.839,34.445,,,,,,,,,,,,,,,,,,,,10095.6,,
"352","CURWEN CREEK","2023081515",0,31.6,22,6.9,238,25.5,93.014,9.308,33.201,,,,,,,,,,,,,,,,,,,,10095.6,,
"352","CURWEN CREEK","2023081516",0,30.4,22,4.8,287,21.1,93.368,8.799,31.978,,,,,,,,,,,,,,,,,,,,10095.6,,
"352","CURWEN CREEK","2023081517",0,28.3,36,2.5,256,15,93.352,7.818,29.532,,,,,,,,,,,,,,,,,,,,10095.6,,
"352","CURWEN CREEK","2023081518",0,24.2,42,3.6,272,9.6,93.122,8.003,30.002,,,,,,,,,,,,,,,,,,,,10095.6,,
"352","CURWEN CREEK","2023081519",0,21.2,48,5.3,267,7.1,92.718,8.238,30.594,,,,,,,,,,,,,,,,,,,,10095.6,,
"352","CURWEN CREEK","2023081520",0,19.5,48,4,265,5.9,92.372,7.349,28.314,,,,,,,,,,,,,,,,,,,,10095.6,,
"352","CURWEN CREEK","2023081521",0,18.4,53,4.1,264,5.5,91.94,6.949,27.251,,,,,,,,,,,,,,,,,,,,10095.6,,
"352","CURWEN CREEK","2023081522",0,18.3,49,10,265,15.7,91.59,8.903,32.23,,,,,,,,,,,,,,,,,,,,10095.6,,
"352","CURWEN CREEK","2023081523",0,18,54,7.4,257,13.8,91.181,7.369,28.366,,,,,,,,,,,,,,,,,,,,10095.6,,
"361","TSAR CREEK","2023081500",0,19.3,57,5.6,18,11.4,90.903,6.468,25.211,,,,,,,,,,,,,,,,,,,,,,
"361","TSAR CREEK","2023081501",0,18.3,58,7.2,349,14.9,90.485,6.605,25.582,,,,,,,,,,,,,,,,,,,,,,
"361","TSAR CREEK","2023081502",0,17.7,58,4.3,72,10.8,90.15,5.44,22.322,,,,,,,,,,,,,,,,,,,,,,
"361","TSAR CREEK","2023081503",0,16.7,59,6,8,10.2,89.806,5.641,22.905,,,,,,,,,,,,,,,,,,,,,,
"361","TSAR CREEK","2023081504",0,16.2,65,6.2,359,9.7,89.355,5.342,22.035,,,,,,,,,,,,,,,,,,,,,,
"361","TSAR CREEK","2023081505",0,15.8,65,6.7,27,10.2,88.953,5.171,21.529,,,,,,,,,,,,,,,,,,,,,,
"361","TSAR CREEK","2023081506",0,15.1,72,6.6,24,8.5,88.419,4.766,20.303,,,,,,,,,,,,,,,,,,,,,,
"361","TSAR CREEK","2023081507",0,16.3,72,3.6,65,9.7,87.997,3.856,17.383,,,,,,,,,,,,,,,,,,,,,,
"361","TSAR CREEK","2023081508",0,19.5,65,3.7,181,8.5,87.825,3.781,17.132,,,,,,,,,,,,,,,,,,,,,,
"361","TSAR CREEK","2023081509",0,21.3,56,4.3,241,9.1,87.874,3.925,17.613,,,,,,,,,,,,,,,,,,,,,,
"361","TSAR CREEK","2023081510",0,22.6,52,4,210,13.7,87.923,3.893,17.507,,,,,,,,,,,,,,,,,,,,,,
"361","TSAR CREEK","2023081511",0,25.3,45,5.6,193,10.2,88.146,4.357,19.022,,,,,,,,,,,,,,,,,,,,,,
"361","TSAR CREEK","2023081512",0,27.2,42,6,174,12,88.49,4.671,20.01,0,91.242,6.926,26.812,82.709,587.861,122.374,5,,,,,,,,,,,,,,
"361","TSAR CREEK","2023081513",0,28.6,40,5,220,10.2,88.889,4.703,20.409,,,,,,,,,,,,,,,,,,,,,,
"361","TSAR CREEK","2023081514",0,30.2,28,6.9,246,15.4,89.79,5.89,23.954,,,,,,,,,,,,,,,,,,,,,,
"361","TSAR CREEK","2023081515",0,31.3,31,9.1,227,17.7,90.473,7.256,27.683,,,,,,,,,,,,,,,,,,,,,,
"361","TSAR CREEK","2023081516",0,31.9,24,9.1,259,21.2,91.383,8.261,30.236,,,,,,,,,,,,,,,,,,,,,,
"361","TSAR CREEK","2023081517",0,30.1,26,9.7,304,23.5,91.907,9.172,32.435,,,,,,,,,,,,,,,,,,,,,,
"361","TSAR CREEK","2023081518",0,29.3,28,7.5,318,21.8,92.187,8.541,30.921,,,,,,,,,,,,,,,,,,,,,,
"361","TSAR CREEK","2023081519",0,25.4,33,7,345,15.4,92.237,8.387,30.546,,,,,,,,,,,,,,,,,,,,,,
"361","TSAR CREEK","2023081520",0,24.9,34,6.6,4,16.6,92.287,8.278,30.278,,,,,,,,,,,,,,,,,,,,,,
"361","TSAR CREEK","2023081521",0,25.8,28,10.5,329,24.1,92.374,10.2,34.806,,,,,,,,,,,,,,,,,,,,,,
"361","TSAR CREEK","2023081522",0,25,31,10,344,22.3,92.424,10.017,34.392,,,,,,,,,,,,,,,,,,,,,,
"361","TSAR CREEK","2023081523",0,23.3,39,7.2,345,18.9,92.344,8.602,31.069,,,,,,,,,,,,,,,,,,,,,,
"362","MABEL LAKE 2","2023081500",0,21.5,46,4.3,138,12.5,94.191,9.618,37.57,,,,,,,,,,,,,,,,,,,,,,
"362","MABEL LAKE 2","2023081501",0,19.4,50,5.5,93,7.9,93.594,9.406,37.026,,,,,,,,,,,,,,,,,,,,,,
"362","MABEL LAKE 2","2023081502",0,18.3,54,4.4,29,8.5,92.988,8.177,33.763,,,,,,,,,,,,,,,,,,,,,,
"362","MABEL LAKE 2","2023081503",0,17.7,56,5,103,8.5,92.392,7.751,32.582,,,,,,,,,,,,,,,,,,,,,,
"362","MABEL LAKE 2","2023081504",0,16.5,62,5.1,345,9.7,91.716,7.08,30.662,,,,,,,,,,,,,,,,,,,,,,
"362","MABEL LAKE 2","2023081505",0,15.9,64,3.9,123,7.4,91.098,6.105,27.727,,,,,,,,,,,,,,,,,,,,,,
"362","MABEL LAKE 2","2023081506",0,16,66,5,114,8.5,90.48,5.908,27.111,,,,,,,,,,,,,,,,,,,,,,
"362","MABEL LAKE 2","2023081507",0,19.2,58,3.3,39,5.6,90.169,5.187,24.773,,,,,,,,,,,,,,,,,,,,,,
"362","MABEL LAKE 2","2023081508",0,21.5,53,5,306,6.2,90.021,5.532,25.909,,,,,,,,,,,,,,,,,,,,,,
"362","MABEL LAKE 2","2023081509",0,25.2,41,3,225,6.2,90.07,5.037,24.272,,,,,,,,,,,,,,,,,,,,,,
"362","MABEL LAKE 2","2023081510",0,27.8,37,4.6,279,7.4,90.275,5.623,26.202,,,,,,,,,,,,,,,,,,,,,,
"362","MABEL LAKE 2","2023081511",0,30.1,31,8.5,294,13.1,90.791,7.367,31.493,,,,,,,,,,,,,,,,,,,,,,
"362","MABEL LAKE 2","2023081512",0,32.6,25,8.5,296,15.4,91.617,8.286,34.062,0,94.263,12.004,43.53,146.779,705.126,193.079,4,,,,,,,,,,,,,,
"362","MABEL LAKE 2","2023081513",0,34.5,23,9.7,322,16.6,92.499,9.971,38.622,,,,,,,,,,,,,,,,,,,,,,
"362","MABEL LAKE 2","2023081514",0,36.3,21,8.8,336,20,93.387,10.791,40.652,,,,,,,,,,,,,,,,,,,,,,
"362","MABEL LAKE 2","2023081515",0,36.3,22,12.6,309,18.3,94.025,14.282,48.597,,,,,,,,,,,,,,,,,,,,,,
"362","MABEL LAKE 2","2023081516",0,37.1,23,8.6,346,16.6,94.455,12.39,44.417,,,,,,,,,,,,,,,,,,,,,,
"362","MABEL LAKE 2","2023081517",0,36.5,20,3.9,83,16,94.873,10.356,39.584,,,,,,,,,,,,,,,,,,,,,,
"362","MABEL LAKE 2","2023081518",0,33.5,30,4.5,127,7.9,94.923,10.746,40.543,,,,,,,,,,,,,,,,,,,,,,
"362","MABEL LAKE 2","2023081519",0,31.8,26,11.8,109,17.7,94.974,15.634,51.429,,,,,,,,,,,,,,,,,,,,,,
"362","MABEL LAKE 2","2023081520",0,30.8,27,13.8,113,22.3,95.025,17.413,54.989,,,,,,,,,,,,,,,,,,,,,,
"362","MABEL LAKE 2","2023081521",0,28.7,31,8.1,86,19.5,94.912,12.864,45.491,,,,,,,,,,,,,,,,,,,,,,
"362","MABEL LAKE 2","2023081522",0,25,38,11.2,137,14.3,94.52,14.251,48.531,,,,,,,,,,,,,,,,,,,,,,
"362","MABEL LAKE 2","2023081523",0,23.4,45,4.7,117,12.5,94.041,9.613,37.714,,,,,,,,,,,,,,,,,,,,,,
"363","REVELSTOKE","2023081500",0,17.7,67,5.4,316,9.1,90.252,5.834,24.747,,,,,,,,,,,,,,,,,,,,,,
"363","REVELSTOKE","2023081501",0,17,70,5.2,321,9.7,89.627,5.282,23.076,,,,,,,,,,,,,,,,,,,,,,
"363","REVELSTOKE","2023081502",0,16.4,72,6.2,326,8.5,89.011,5.084,22.462,,,,,,,,,,,,,,,,,,,,,,
"363","REVELSTOKE","2023081503",0,15.6,74,6.4,319,8.5,88.415,4.715,21.286,,,,,,,,,,,,,,,,,,,,,,
"363","REVELSTOKE","2023081504",0,14.8,76,5.7,334,8.5,87.847,4.196,19.566,,,,,,,,,,,,,,,,,,,,,,
"363","REVELSTOKE","2023081505",0,14.3,78,5.9,329,7.9,87.286,3.912,18.589,,,,,,,,,,,,,,,,,,,,,,
"363","REVELSTOKE","2023081506",0,14.3,80,5.2,322,7.9,86.741,3.494,17.099,,,,,,,,,,,,,,,,,,,,,,
"363","REVELSTOKE","2023081507",0,20.2,58,1.9,32,7.9,86.789,2.979,15.16,,,,,,,,,,,,,,,,,,,,,,
"363","REVELSTOKE","2023081508",0,22.8,57,5,208,8.5,86.837,3.507,17.145,,,,,,,,,,,,,,,,,,,,,,
"363","REVELSTOKE","2023081509",0,25.4,47,4.9,60,10.2,87.159,3.652,17.672,,,,,,,,,,,,,,,,,,,,,,
"363","REVELSTOKE","2023081510",0,27.6,38,4.2,165,11.4,87.784,3.855,18.391,,,,,,,,,,,,,,,,,,,,,,
"363","REVELSTOKE","2023081511",0,29.5,31,6.4,154,12,88.71,4.918,21.939,,,,,,,,,,,,,,,,,,,,,,
"363","REVELSTOKE","2023081512",0,32.2,27,6.6,215,12,89.815,5.823,24.711,0,94.324,11.001,38.443,98.915,619.536,141.394,5,,,,,,,,,,,,,,
"363","REVELSTOKE","2023081513",0,34.2,25,5.4,191,14.3,90.899,6.4,26.756,,,,,,,,,,,,,,,,,,,,,,
"363","REVELSTOKE","2023081514",0,35.7,23,7.5,164,16,91.999,8.318,31.967,,,,,,,,,,,,,,,,,,,,,,
"363","REVELSTOKE","2023081515",0,35.9,20,8,219,20,93.027,9.857,35.779,,,,,,,,,,,,,,,,,,,,,,
"363","REVELSTOKE","2023081516",0,35.4,20,8.6,279,24.1,93.779,11.282,39.08,,,,,,,,,,,,,,,,,,,,,,
"363","REVELSTOKE","2023081517",0,34.6,20,4.1,171,16.6,94.257,9.61,35.185,,,,,,,,,,,,,,,,,,,,,,
"363","REVELSTOKE","2023081518",0,30,39,4.7,326,9.7,94.059,9.637,35.251,,,,,,,,,,,,,,,,,,,,,,
"363","REVELSTOKE","2023081519",0,25.3,53,5.8,349,8.5,93.384,9.274,34.37,,,,,,,,,,,,,,,,,,,,,,
"363","REVELSTOKE","2023081520",0,23,54,5.2,333,10.8,92.786,8.275,31.858,,,,,,,,,,,,,,,,,,,,,,
"363","REVELSTOKE","2023081521",0,22,51,6.9,330,10.8,92.328,8.452,32.313,,,,,,,,,,,,,,,,,,,,,,
"363","REVELSTOKE","2023081522",0,20.7,56,6.7,338,10.2,91.789,7.755,30.497,,,,,,,,,,,,,,,,,,,,,,
"363","REVELSTOKE","2023081523",0,19.9,61,7.2,327,9.7,91.175,7.288,29.243,,,,,,,,,,,,,,,,,,,,,,
"366","WHISKEY","2023081500",0,18.1,46,7.4,325,11.4,92.465,8.838,28.35,,,,,,,,,,,,,,,,,,,,,,
"366","WHISKEY","2023081501",0,16.2,56,3,17,9.7,91.973,6.606,23.165,,,,,,,,,,,,,,,,,,,,,,
"366","WHISKEY","2023081502",0,15.5,56,4,64,9.7,91.514,6.509,22.925,,,,,,,,,,,,,,,,,,,,,,
"366","WHISKEY","2023081503",0,14.8,61,3,2,9.7,91.013,5.764,21.022,,,,,,,,,,,,,,,,,,,,,,
"366","WHISKEY","2023081504",0,14.3,59,3.2,64,6.8,90.604,5.492,20.302,,,,,,,,,,,,,,,,,,,,,,
"366","WHISKEY","2023081505",0,13.5,65,2.3,12,9.1,90.129,4.904,18.696,,,,,,,,,,,,,,,,,,,,,,
"366","WHISKEY","2023081506",0,15,65,0,57,3.9,89.807,4.17,16.578,,,,,,,,,,,,,,,,,,,,,,
"366","WHISKEY","2023081507",0,20.5,43,3.3,148,7.4,89.856,4.96,18.852,,,,,,,,,,,,,,,,,,,,,,
"366","WHISKEY","2023081508",0,23.9,38,5,137,8.5,89.95,5.476,20.261,,,,,,,,,,,,,,,,,,,,,,
"366","WHISKEY","2023081509",0,26.5,35,6.5,165,10.8,90.207,6.127,21.962,,,,,,,,,,,,,,,,,,,,,,
"366","WHISKEY","2023081510",0,28.3,30,10.1,180,17.7,90.704,7.888,26.219,,,,,,,,,,,,,,,,,,,,,,
"366","WHISKEY","2023081511",0,29.9,26,6.7,106,22.3,91.324,7.26,24.751,,,,,,,,,,,,,,,,,,,,,,
"366","WHISKEY","2023081512",0,30.1,24,5.1,25,21.2,91.903,7.27,24.777,0,94.27,10.124,32.006,66.782,532.246,101.672,4,,,,,,,,,,,,,,
"366","WHISKEY","2023081513",0,31.3,20,14.8,272,26.9,92.73,13.32,38.357,,,,,,,,,,,,,,,,,,,,,,
"366","WHISKEY","2023081514",0,30.9,23,15.9,284,35.6,93.184,15.003,41.428,,,,,,,,,,,,,,,,,,,,,,
"366","WHISKEY","2023081515",0,30,24,12.3,297,32.1,93.427,12.946,37.653,,,,,,,,,,,,,,,,,,,,,,
"366","WHISKEY","2023081516",0,29.9,23,11,282,29.8,93.658,12.522,36.841,,,,,,,,,,,,,,,,,,,,,,
"366","WHISKEY","2023081517",0,29.8,23,13.3,278,33.9,93.84,14.419,40.381,,,,,,,,,,,,,,,,,,,,,,
"366","WHISKEY","2023081518",0,27.6,25,10.3,288,31.6,93.891,12.484,36.768,,,,,,,,,,,,,,,,,,,,,,
"366","WHISKEY","2023081519",0,25.8,28,8.9,302,21.8,93.942,11.716,35.267,,,,,,,,,,,,,,,,,,,,,,
"366","WHISKEY","2023081520",0,23.3,32,5.7,301,22.3,93.859,9.858,31.44,,,,,,,,,,,,,,,,,,,,,,
"366","WHISKEY","2023081521",0,21.2,37,5.2,310,12.5,93.646,9.332,30.301,,,,,,,,,,,,,,,,,,,,,,
"366","WHISKEY","2023081522",0,20.2,39,5.1,290,12.5,93.401,8.973,29.508,,,,,,,,,,,,,,,,,,,,,,
"366","WHISKEY","2023081523",0,19.9,41,7.8,290,14.3,93.106,9.866,31.457,,,,,,,,,,,,,,,,,,,,,,
"367","MARION","2023081500",0,10.4,94,3.3,216,5.6,87.693,3.636,10.45,,,,,,,,,,,,,,,,,,,,,,
"367","MARION","2023081501",0,10,94,4.4,236,6.8,86.515,3.25,9.513,,,,,,,,,,,,,,,,,,,,,,
"367","MARION","2023081502",0,9.5,95,3.6,250,6.2,85.444,2.686,8.069,,,,,,,,,,,,,,,,,,,,,,
"367","MARION","2023081503",0,8.8,98,3.9,196,7.4,84.272,2.323,7.083,,,,,,,,,,,,,,,,,,,,,,
"367","MARION","2023081504",0,8,99,1.6,193,6.2,83.262,1.81,5.594,,,,,,,,,,,,,,,,,,,,,,
"367","MARION","2023081505",0,7.4,100,2.7,206,5.1,82.234,1.681,5.197,,,,,,,,,,,,,,,,,,,,,,
"367","MARION","2023081506",0,8.6,100,2.6,185,5.6,81.291,1.494,4.607,,,,,,,,,,,,,,,,,,,,,,
"367","MARION","2023081507",0,17.1,64,2,24,5.1,81.578,1.499,4.623,,,,,,,,,,,,,,,,,,,,,,
"367","MARION","2023081508",0,20.4,50,5,253,7.4,82.29,1.9,5.864,,,,,,,,,,,,,,,,,,,,,,
"367","MARION","2023081509",0,24,42,3.8,76,10.8,83.278,2.027,6.238,,,,,,,,,,,,,,,,,,,,,,
"367","MARION","2023081510",0,26.8,34,4.2,293,9.1,84.586,2.461,7.462,,,,,,,,,,,,,,,,,,,,,,
"367","MARION","2023081511",0,29,28,6,215,14.3,86.158,3.35,9.759,,,,,,,,,,,,,,,,,,,,,,
"367","MARION","2023081512",0,30.4,23,6.6,242,18.3,87.813,4.369,12.134,0,94.357,11.051,25.742,37.316,328.962,58.144,3,,,,,,,,,,,,,,
"367","MARION","2023081513",0,31.4,24,6.7,238,19.5,89.186,5.347,15.193,,,,,,,,,,,,,,,,,,,,,,
"367","MARION","2023081514",0,31.4,24,9.2,231,23.5,90.337,7.153,18.885,,,,,,,,,,,,,,,,,,,,,,
"367","MARION","2023081515",0,31.9,22,9.4,292,23.5,91.383,8.387,21.194,,,,,,,,,,,,,,,,,,,,,,
"367","MARION","2023081516",0,30.7,21,8.3,316,27.5,92.165,8.865,22.05,,,,,,,,,,,,,,,,,,,,,,
"367","MARION","2023081517",0,28.4,29,7.6,324,20.6,92.32,8.747,21.839,,,,,,,,,,,,,,,,,,,,,,
"367","MARION","2023081518",0,27.4,34,4.9,251,20.6,92.37,7.688,19.904,,,,,,,,,,,,,,,,,,,,,,
"367","MARION","2023081519",0,23.2,45,5.9,280,16.6,92.152,7.841,20.189,,,,,,,,,,,,,,,,,,,,,,
"367","MARION","2023081520",0,18.3,64,3.5,270,9.1,91.481,6.318,17.23,,,,,,,,,,,,,,,,,,,,,,
"367","MARION","2023081521",0,15.6,73,2.9,214,9.1,90.682,5.47,15.459,,,,,,,,,,,,,,,,,,,,,,
"367","MARION","2023081522",0,13.6,81,2.2,213,5.1,89.779,4.641,13.619,,,,,,,,,,,,,,,,,,,,,,
"367","MARION","2023081523",0,12.4,86,2.1,237,5.6,88.816,4.022,12.161,,,,,,,,,,,,,,,,,,,,,,
"374","SUCCOUR CREEK","2023081500",0,16.2,69,2.8,268,14.3,90.545,5.338,22.436,,,,,,,,,,,,,,,,,,,,,,
"374","SUCCOUR CREEK","2023081501",0,14.9,76,3.2,133,6.2,89.768,4.872,21.022,,,,,,,,,,,,,,,,,,,,,,
"374","SUCCOUR CREEK","2023081502",0,13.9,80,2.5,253,5.1,88.989,4.206,18.897,,,,,,,,,,,,,,,,,,,,,,
"374","SUCCOUR CREEK","2023081503",0,13.1,85,2.1,11,6.2,88.145,3.652,17.023,,,,,,,,,,,,,,,,,,,,,,
"374","SUCCOUR CREEK","2023081504",0,12.6,86,3.4,114,5.1,87.321,3.466,16.368,,,,,,,,,,,,,,,,,,,,,,
"374","SUCCOUR CREEK","2023081505",0,12,90,3,224,5.1,86.428,2.992,14.635,,,,,,,,,,,,,,,,,,,,,,
"374","SUCCOUR CREEK","2023081506",0,12.1,91,2.8,283,6.2,85.591,2.633,13.252,,,,,,,,,,,,,,,,,,,,,,
"374","SUCCOUR CREEK","2023081507",0,16.3,72,4.5,96,7.4,85.5,2.833,14.031,,,,,,,,,,,,,,,,,,,,,,
"374","SUCCOUR CREEK","2023081508",0,22.2,56,3.7,105,7.9,85.679,2.79,13.863,,,,,,,,,,,,,,,,,,,,,,
"374","SUCCOUR CREEK","2023081509",0,24.6,43,5.3,128,9.1,86.252,3.277,15.689,,,,,,,,,,,,,,,,,,,,,,
"374","SUCCOUR CREEK","2023081510",0,27,41,4.3,149,10.2,86.891,3.411,16.171,,,,,,,,,,,,,,,,,,,,,,
"374","SUCCOUR CREEK","2023081511",0,28,35,8.3,356,14.9,87.76,4.724,20.559,,,,,,,,,,,,,,,,,,,,,,
"374","SUCCOUR CREEK","2023081512",0,28.9,36,9.4,353,16.6,88.499,5.551,23.067,0,93.035,10.589,36.33,84.941,660.104,128.533,4,,,,,,,,,,,,,,
"374","SUCCOUR CREEK","2023081513",0,30,30,9.5,341,17.2,89.417,6.364,25.777,,,,,,,,,,,,,,,,,,,,,,
"374","SUCCOUR CREEK","2023081514",0,31.2,30,5,351,15.4,90.154,5.638,23.688,,,,,,,,,,,,,,,,,,,,,,
"374","SUCCOUR CREEK","2023081515",0,31.1,30,7.6,354,12,90.78,7.029,27.605,,,,,,,,,,,,,,,,,,,,,,
"374","SUCCOUR CREEK","2023081516",0,31.7,27,4,346,10.8,91.396,6.401,25.88,,,,,,,,,,,,,,,,,,,,,,
"374","SUCCOUR CREEK","2023081517",0,31.9,27,4.2,35,16,91.906,6.951,27.394,,,,,,,,,,,,,,,,,,,,,,
"374","SUCCOUR CREEK","2023081518",0,28.7,34,6.4,264,12.5,91.956,7.821,29.686,,,,,,,,,,,,,,,,,,,,,,
"374","SUCCOUR CREEK","2023081519",0,26.4,36,4.2,287,17.7,92.006,7.05,27.66,,,,,,,,,,,,,,,,,,,,,,
"374","SUCCOUR CREEK","2023081520",0,22.9,48,4.5,118,9.1,91.768,6.92,27.309,,,,,,,,,,,,,,,,,,,,,,
"374","SUCCOUR CREEK","2023081521",0,22.7,47,5.5,349,10.2,91.574,7.08,27.741,,,,,,,,,,,,,,,,,,,,,,
"374","SUCCOUR CREEK","2023081522",0,19.7,58,2.6,22,8.5,91.148,5.758,24.04,,,,,,,,,,,,,,,,,,,,,,
"374","SUCCOUR CREEK","2023081523",0,18.4,61,4.5,106,8.5,90.66,5.911,24.485,,,,,,,,,,,,,,,,,,,,,,
"376","TABERNACLE WIND","2023081500",0,13.7,46,11.9,308,30.4,,,,,,,,,,,,,,,,,,,,,,,,,
"376","TABERNACLE WIND","2023081501",0,13.4,47,6.3,191,22.3,,,,,,,,,,,,,,,,,,,,,,,,,
"376","TABERNACLE WIND","2023081502",0,12.8,48,3.9,264,14.9,,,,,,,,,,,,,,,,,,,,,,,,,
"376","TABERNACLE WIND","2023081503",0,13.3,46,13.1,288,24.6,,,,,,,,,,,,,,,,,,,,,,,,,
"376","TABERNACLE WIND","2023081504",0,12.7,51,11.1,219,18.3,,,,,,,,,,,,,,,,,,,,,,,,,
"376","TABERNACLE WIND","2023081505",0,12.5,51,15.8,258,30.4,,,,,,,,,,,,,,,,,,,,,,,,,
"376","TABERNACLE WIND","2023081506",0,13.8,49,9.1,279,21.2,,,,,,,,,,,,,,,,,,,,,,,,,
"376","TABERNACLE WIND","2023081507",0,14.7,53,8.6,52,15.4,,,,,,,,,,,,,,,,,,,,,,,,,
"376","TABERNACLE WIND","2023081508",0,14.8,52,2.4,227,13.1,,,,,,,,,,,,,,,,,,,,,,,,,
"376","TABERNACLE WIND","2023081509",0,15.3,49,8.8,204,18.3,,,,,,,,,,,,,,,,,,,,,,,,,
"376","TABERNACLE WIND","2023081510",0,16.1,45,14.8,205,24.1,,,,,,,,,,,,,,,,,,,,,,,,,
"376","TABERNACLE WIND","2023081511",0,16.3,48,23.5,211,31,,,,,,,,,,,,,,,,,,,,,,,,,
"376","TABERNACLE WIND","2023081512",0,15.4,51,18.3,241,36.7,,,,0,,,,,,,,,,,,,,,,,,,,,
"376","TABERNACLE WIND","2023081513",0,15.9,49,17.8,232,33.3,,,,,,,,,,,,,,,,,,,,,,,,,
"376","TABERNACLE WIND","2023081514",0,17.4,43,21.1,257,42.5,,,,,,,,,,,,,,,,,,,,,,,,,
"376","TABERNACLE WIND","2023081515",0,16.7,46,25.2,290,45.9,,,,,,,,,,,,,,,,,,,,,,,,,
"376","TABERNACLE WIND","2023081516",0,17.8,43,27.2,275,59.8,,,,,,,,,,,,,,,,,,,,,,,,,
"376","TABERNACLE WIND","2023081517",0,16.8,46,21.6,254,58.6,,,,,,,,,,,,,,,,,,,,,,,,,
"376","TABERNACLE WIND","2023081518",0,16,47,25,236,54,,,,,,,,,,,,,,,,,,,,,,,,,
"376","TABERNACLE WIND","2023081519",0,15.9,41,47.8,265,81.6,,,,,,,,,,,,,,,,,,,,,,,,,
"376","TABERNACLE WIND","2023081520",0,15.4,45,22.8,246,66.1,,,,,,,,,,,,,,,,,,,,,,,,,
"376","TABERNACLE WIND","2023081521",0,15.1,42,37.8,267,62.1,,,,,,,,,,,,,,,,,,,,,,,,,
"376","TABERNACLE WIND","2023081522",0,14.9,40,33.3,253,78.2,,,,,,,,,,,,,,,,,,,,,,,,,
"376","TABERNACLE WIND","2023081523",0,14.8,41,36.9,244,66.1,,,,,,,,,,,,,,,,,,,,,,,,,
"379","GOLD HILL","2023081500",0,18.1,60,4.3,244,7.4,89.521,4.971,14.741,,,,,,,,,,,,,,,,,,,,,,
"379","GOLD HILL","2023081501",0,17.3,63,4.4,245,9.1,89.181,4.758,14.251,,,,,,,,,,,,,,,,,,,,,,
"379","GOLD HILL","2023081502",0,16.6,64,4.3,246,6.2,88.855,4.518,13.689,,,,,,,,,,,,,,,,,,,,,,
"379","GOLD HILL","2023081503",0,15.9,69,4,230,5.6,88.449,4.198,12.923,,,,,,,,,,,,,,,,,,,,,,
"379","GOLD HILL","2023081504",0,15.4,68,4.3,245,6.2,88.109,4.059,12.583,,,,,,,,,,,,,,,,,,,,,,
"379","GOLD HILL","2023081505",0,14.9,75,4.2,251,6.8,87.631,3.772,11.865,,,,,,,,,,,,,,,,,,,,,,
"379","GOLD HILL","2023081506",0,16.2,71,2.4,329,5.6,87.344,3.306,10.658,,,,,,,,,,,,,,,,,,,,,,
"379","GOLD HILL","2023081507",0,21,58,3.4,62,7.9,87.392,3.501,11.172,,,,,,,,,,,,,,,,,,,,,,
"379","GOLD HILL","2023081508",0,23.8,48,5.1,32,8.5,87.566,3.91,12.213,,,,,,,,,,,,,,,,,,,,,,
"379","GOLD HILL","2023081509",0,26.7,46,4,44,7.9,87.846,3.851,12.065,,,,,,,,,,,,,,,,,,,,,,
"379","GOLD HILL","2023081510",0,29.1,38,4.1,70,9.1,88.428,4.207,12.944,,,,,,,,,,,,,,,,,,,,,,
"379","GOLD HILL","2023081511",0,31.7,34,4.6,53,9.1,89.202,4.821,14.397,,,,,,,,,,,,,,,,,,,,,,
"379","GOLD HILL","2023081512",0,34.5,26,4.1,68,9.1,90.349,5.541,16.012,0,94.369,9.759,25.6,42.816,419.639,68.228,4,,,,,,,,,,,,,,
"379","GOLD HILL","2023081513",0,34.8,21,3.9,226,7.9,91.522,6.484,19.137,,,,,,,,,,,,,,,,,,,,,,
"379","GOLD HILL","2023081514",0,31.5,40,4,280,7.9,91.572,6.563,19.307,,,,,,,,,,,,,,,,,,,,,,
"379","GOLD HILL","2023081515",0,30.6,44,5.2,230,13.7,91.622,7.022,20.278,,,,,,,,,,,,,,,,,,,,,,
"379","GOLD HILL","2023081516",0,28.7,42,5.3,287,13.7,91.672,7.107,20.456,,,,,,,,,,,,,,,,,,,,,,
"379","GOLD HILL","2023081517",0,26.5,52,5.5,260,9.1,91.411,6.919,20.062,,,,,,,,,,,,,,,,,,,,,,
"379","GOLD HILL","2023081518",0,25.4,48,5.7,256,13.1,91.28,6.86,19.939,,,,,,,,,,,,,,,,,,,,,,
"379","GOLD HILL","2023081519",0,23.4,56,4.4,256,9.1,90.937,6.118,18.339,,,,,,,,,,,,,,,,,,,,,,
"379","GOLD HILL","2023081520",0,22.3,58,4.2,231,7.9,90.58,5.756,17.53,,,,,,,,,,,,,,,,,,,,,,
"379","GOLD HILL","2023081521",0,21.6,59,4.4,246,9.7,90.236,5.535,17.027,,,,,,,,,,,,,,,,,,,,,,
"379","GOLD HILL","2023081522",0,20.4,60,4.6,242,7.9,89.899,5.328,16.548,,,,,,,,,,,,,,,,,,,,,,
"379","GOLD HILL","2023081523",0,19.9,55,4.5,222,7.9,89.72,5.167,16.17,,,,,,,,,,,,,,,,,,,,,,
"380","POWDER CREEK","2023081500",0,21.6,40,9.2,51,17.7,94.003,11.997,36.413,,,,,,,,,,,,,,,,,,,,,,
"380","POWDER CREEK","2023081501",0,20.8,42,9.8,44,19.5,93.594,11.682,35.782,,,,,,,,,,,,,,,,,,,,,,
"380","POWDER CREEK","2023081502",0,19.9,46,9,48,17.7,93.13,10.517,33.381,,,,,,,,,,,,,,,,,,,,,,
"380","POWDER CREEK","2023081503",0,19.6,45,7.9,56,14.3,92.762,9.449,31.076,,,,,,,,,,,,,,,,,,,,,,
"380","POWDER CREEK","2023081504",0,18.5,48,9.1,45,14.9,92.343,9.464,31.109,,,,,,,,,,,,,,,,,,,,,,
"380","POWDER CREEK","2023081505",0,17.8,50,7.3,53,13.1,91.941,8.166,28.15,,,,,,,,,,,,,,,,,,,,,,
"380","POWDER CREEK","2023081506",0,17.6,52,6,45,12.5,91.553,7.239,25.911,,,,,,,,,,,,,,,,,,,,,,
"380","POWDER CREEK","2023081507",0,19,47,8.6,37,13.1,91.319,7.982,27.715,,,,,,,,,,,,,,,,,,,,,,
"380","POWDER CREEK","2023081508",0,23.4,40,8.4,17,13.1,91.356,7.944,27.624,,,,,,,,,,,,,,,,,,,,,,
"380","POWDER CREEK","2023081509",0,25.6,33,6.9,16,12.5,91.417,7.43,26.383,,,,,,,,,,,,,,,,,,,,,,
"380","POWDER CREEK","2023081510",0,28.2,28,8.1,11,13.1,91.749,8.274,28.402,,,,,,,,,,,,,,,,,,,,,,
"380","POWDER CREEK","2023081511",0,31.1,24,6.2,259,13.1,92.309,8.138,28.083,,,,,,,,,,,,,,,,,,,,,,
"380","POWDER CREEK","2023081512",0,32.5,21,8.1,230,13.1,92.994,9.861,31.979,0,95.106,13.211,39.752,77.574,499.767,111.774,5,,,,,,,,,,,,,,
"380","POWDER CREEK","2023081513",0,34.4,17,9.9,214,16.6,93.877,12.211,37.77,,,,,,,,,,,,,,,,,,,,,,
"380","POWDER CREEK","2023081514",0,36.1,17,9,215,16.6,94.637,12.963,39.266,,,,,,,,,,,,,,,,,,,,,,
"380","POWDER CREEK","2023081515",0,37,15,8.9,237,17.2,95.373,14.266,41.77,,,,,,,,,,,,,,,,,,,,,,
"380","POWDER CREEK","2023081516",0,36.4,18,7.7,236,14.9,95.699,14.038,41.341,,,,,,,,,,,,,,,,,,,,,,
"380","POWDER CREEK","2023081517",0,35.5,18,6.1,240,14.3,95.896,13.3,39.925,,,,,,,,,,,,,,,,,,,,,,
"380","POWDER CREEK","2023081518",0,33,22,2.7,156,10.8,95.947,11.285,35.868,,,,,,,,,,,,,,,,,,,,,,
"380","POWDER CREEK","2023081519",0,27,31,5.7,77,9.1,95.706,12.705,38.757,,,,,,,,,,,,,,,,,,,,,,
"380","POWDER CREEK","2023081520",0,26.1,30,6.6,42,9.7,95.504,12.933,39.208,,,,,,,,,,,,,,,,,,,,,,
"380","POWDER CREEK","2023081521",0,24.9,33,6.2,58,14.3,95.232,12.214,37.776,,,,,,,,,,,,,,,,,,,,,,
"380","POWDER CREEK","2023081522",0,23.7,35,4.8,102,11.4,94.944,10.941,35.145,,,,,,,,,,,,,,,,,,,,,,
"380","POWDER CREEK","2023081523",0,22.2,39,6.3,95,10.8,94.55,11.179,35.645,,,,,,,,,,,,,,,,,,,,,,
"383","FALLS CREEK","2023081500",0,21.2,42,1.9,56,5.8,93.595,7.847,27.367,,,,,,,,,,,,,,,,,,,,18,,
"383","FALLS CREEK","2023081501",0,20.3,45,4.1,66,6.4,93.225,8.325,28.497,,,,,,,,,,,,,,,,,,,,18,,
"383","FALLS CREEK","2023081502",0,19.7,47,0.2,93,7.3,92.952,6.584,24.231,,,,,,,,,,,,,,,,,,,,18,,
"383","FALLS CREEK","2023081503",0,19.1,49,3.5,55,6.6,92.563,7.361,26.189,,,,,,,,,,,,,,,,,,,,18,,
"383","FALLS CREEK","2023081504",0,18.2,52,0,353,5,92.279,5.929,22.507,,,,,,,,,,,,,,,,,,,,18,,
"383","FALLS CREEK","2023081505",0,17.9,54,0,77,4.1,91.981,5.685,21.843,,,,,,,,,,,,,,,,,,,,18,,
"383","FALLS CREEK","2023081506",0,17.3,60,2.3,71,6.2,91.466,5.934,22.521,,,,,,,,,,,,,,,,,,,,18,,
"383","FALLS CREEK","2023081507",0,17.5,63,0,331,6.1,91.066,4.993,19.896,,,,,,,,,,,,,,,,,,,,18,,
"383","FALLS CREEK","2023081508",0,20.4,56,2.9,117,8.2,90.746,5.521,21.391,,,,,,,,,,,,,,,,,,,,18,,
"383","FALLS CREEK","2023081509",0,23.8,45,3.3,248,6.4,90.754,5.639,21.717,,,,,,,,,,,,,,,,,,,,18,,
"383","FALLS CREEK","2023081510",0,26.8,37,5.1,214,8.4,90.818,6.231,23.313,,,,,,,,,,,,,,,,,,,,18,,
"383","FALLS CREEK","2023081511",0,27.8,35,5.7,258,9.3,90.969,6.562,24.175,,,,,,,,,,,,,,,,,,,,18,,
"383","FALLS CREEK","2023081512",0,29.3,31,5.9,252,11.7,91.296,6.945,25.151,0,92.49,8.223,28.884,74.431,536.207,110.512,4,,,,,,,,,,,,18,,
"383","FALLS CREEK","2023081513",0,32.2,25,4.7,215,11.3,91.938,7.16,26.27,,,,,,,,,,,,,,,,,,,,18,,
"383","FALLS CREEK","2023081514",0,33.7,23,6.2,251,14,92.648,8.536,29.626,,,,,,,,,,,,,,,,,,,,18,,
"383","FALLS CREEK","2023081515",0,34.7,21,4.8,276,10.8,93.34,8.764,30.159,,,,,,,,,,,,,,,,,,,,18,,
"383","FALLS CREEK","2023081516",0,36,18,5.6,257,15,94.123,10.174,33.33,,,,,,,,,,,,,,,,,,,,18,,
"383","FALLS CREEK","2023081517",0,33.5,22,7.3,292,14.1,94.394,11.507,36.156,,,,,,,,,,,,,,,,,,,,18,,
"383","FALLS CREEK","2023081518",0,32.7,26,7,41,14.4,94.445,11.414,35.963,,,,,,,,,,,,,,,,,,,,18,,
"383","FALLS CREEK","2023081519",0,28.2,29,7.4,44,11.9,94.456,11.665,36.48,,,,,,,,,,,,,,,,,,,,18,,
"383","FALLS CREEK","2023081520",0,26,31,6.4,77,9.5,94.377,10.97,35.036,,,,,,,,,,,,,,,,,,,,18,,
"383","FALLS CREEK","2023081521",0,24.8,34,3.2,73,7.9,94.238,9.159,31.069,,,,,,,,,,,,,,,,,,,,18,,
"383","FALLS CREEK","2023081522",0,24.2,35,5.5,89,8.7,94.062,10.037,33.032,,,,,,,,,,,,,,,,,,,,18,,
"383","FALLS CREEK","2023081523",0,23.4,39,6.7,31,10,93.781,10.256,33.51,,,,,,,,,,,,,,,,,,,,18,,
"385","DUNCAN","2023081500",0,18,51,11.9,12,18.9,91.579,9.782,23.655,,,,,,,,,,,,,,,,,,,,,,
"385","DUNCAN","2023081501",0,17.5,53,13,15,18.9,91.144,9.719,23.548,,,,,,,,,,,,,,,,,,,,,,
"385","DUNCAN","2023081502",0,16.7,57,10,15,16.6,90.684,7.826,20.175,,,,,,,,,,,,,,,,,,,,,,
"385","DUNCAN","2023081503",0,15.9,62,7.9,12,13.1,90.177,6.547,17.705,,,,,,,,,,,,,,,,,,,,,,
"385","DUNCAN","2023081504",0,15.5,63,7.1,10,13.7,89.717,5.887,16.355,,,,,,,,,,,,,,,,,,,,,,
"385","DUNCAN","2023081505",0,14.9,69,9.2,21,12,89.135,6.021,16.632,,,,,,,,,,,,,,,,,,,,,,
"385","DUNCAN","2023081506",0,14.6,73,9.7,6,13.1,88.511,5.645,15.844,,,,,,,,,,,,,,,,,,,,,,
"385","DUNCAN","2023081507",0,14.8,74,7.7,10,12.5,87.963,4.718,13.806,,,,,,,,,,,,,,,,,,,,,,
"385","DUNCAN","2023081508",0,18.4,66,4.1,134,10.8,87.755,3.82,11.678,,,,,,,,,,,,,,,,,,,,,,
"385","DUNCAN","2023081509",0,25,37,7.2,177,10.8,88.247,4.792,13.974,,,,,,,,,,,,,,,,,,,,,,
"385","DUNCAN","2023081510",0,26.3,38,8.6,177,12,88.692,5.481,15.494,,,,,,,,,,,,,,,,,,,,,,
"385","DUNCAN","2023081511",0,29.1,33,9.2,168,14.9,89.386,6.242,17.087,,,,,,,,,,,,,,,,,,,,,,
"385","DUNCAN","2023081512",0,30.4,32,10.3,168,14.3,90.07,7.277,19.136,0,93.951,12.588,29.501,41.478,347.869,63.906,4,,,,,,,,,,,,,,
"385","DUNCAN","2023081513",0,32.2,25,8.8,181,20.6,91.031,7.74,21.016,,,,,,,,,,,,,,,,,,,,,,
"385","DUNCAN","2023081514",0,32,21,16.3,319,27.5,92.072,13.092,30.294,,,,,,,,,,,,,,,,,,,,,,
"385","DUNCAN","2023081515",0,31.7,21,16.8,337,33.3,92.845,14.971,33.144,,,,,,,,,,,,,,,,,,,,,,
"385","DUNCAN","2023081516",0,31.1,25,14.4,335,31.6,93.172,13.886,31.518,,,,,,,,,,,,,,,,,,,,,,
"385","DUNCAN","2023081517",0,28.9,23,14.5,20,29.2,93.425,14.46,32.384,,,,,,,,,,,,,,,,,,,,,,
"385","DUNCAN","2023081518",0,27.7,27,8.9,61,29.2,93.475,10.981,26.872,,,,,,,,,,,,,,,,,,,,,,
"385","DUNCAN","2023081519",0,24.2,33,8.8,67,19.5,93.425,10.849,26.65,,,,,,,,,,,,,,,,,,,,,,
"385","DUNCAN","2023081520",0,22.5,37,7.9,57,14.3,93.256,10.127,25.409,,,,,,,,,,,,,,,,,,,,,,
"385","DUNCAN","2023081521",0,21.1,46,10.5,11,16,92.829,10.874,26.692,,,,,,,,,,,,,,,,,,,,,,
"385","DUNCAN","2023081522",0,20.6,48,10.4,7,14.9,92.402,10.188,25.516,,,,,,,,,,,,,,,,,,,,,,
"385","DUNCAN","2023081523",0,20.3,50,10.9,15,17.7,91.971,9.833,24.892,,,,,,,,,,,,,,,,,,,,,,
"387","TROUT LAKE","2023081500",0,18.7,49,5.9,72,11.2,92.262,7.964,20.278,,,,,,,,,,,,,,,,,,,,123.4,,
"387","TROUT LAKE","2023081501",0,17.3,53,7.1,81,11.7,91.796,7.92,20.198,,,,,,,,,,,,,,,,,,,,123.4,,
"387","TROUT LAKE","2023081502",0,17.4,54,4.9,59,11.2,91.391,6.693,17.859,,,,,,,,,,,,,,,,,,,,123.4,,
"387","TROUT LAKE","2023081503",0,16.7,55,5.6,67,11.1,90.998,6.556,17.586,,,,,,,,,,,,,,,,,,,,123.4,,
"387","TROUT LAKE","2023081504",0,15.8,59,5.9,58,10.1,90.551,6.245,16.96,,,,,,,,,,,,,,,,,,,,123.4,,
"387","TROUT LAKE","2023081505",0,15.2,65,3.3,130,8.9,90.057,5.104,14.555,,,,,,,,,,,,,,,,,,,,123.4,,
"387","TROUT LAKE","2023081506",0,15,73,3.9,88,11.7,89.406,4.792,13.861,,,,,,,,,,,,,,,,,,,,123.4,,
"387","TROUT LAKE","2023081507",0,16.3,66,1.6,145,9.7,89.052,4.057,12.153,,,,,,,,,,,,,,,,,,,,123.4,,
"387","TROUT LAKE","2023081508",0,23,48,0.5,148,4,89.101,3.865,11.689,,,,,,,,,,,,,,,,,,,,123.4,,
"387","TROUT LAKE","2023081509",0,24.6,46,4.1,241,7.1,89.15,4.666,13.576,,,,,,,,,,,,,,,,,,,,123.4,,
"387","TROUT LAKE","2023081510",0,27.2,33,5.4,246,8.3,89.628,5.336,15.059,,,,,,,,,,,,,,,,,,,,123.4,,
"387","TROUT LAKE","2023081511",0,29.9,31,5.5,271,10.9,90.224,5.841,16.13,,,,,,,,,,,,,,,,,,,,123.4,,
"387","TROUT LAKE","2023081512",0,32.2,25,7.5,278,13.4,91.131,7.353,19.137,0,94.18,11.284,27.477,40.315,398.755,64.362,4,,,,,,,,,,,,123.4,,
"387","TROUT LAKE","2023081513",0,34.2,21,7.8,266,18.9,92.185,8.668,22.867,,,,,,,,,,,,,,,,,,,,123.4,,
"387","TROUT LAKE","2023081514",0,34.1,20,8.1,280,20.8,93.048,9.936,25.166,,,,,,,,,,,,,,,,,,,,123.4,,
"387","TROUT LAKE","2023081515",0,34.1,21,9,287,20.8,93.665,11.332,27.557,,,,,,,,,,,,,,,,,,,,123.4,,
"387","TROUT LAKE","2023081516",0,32.4,25,10.8,306,20.9,93.851,12.732,29.833,,,,,,,,,,,,,,,,,,,,123.4,,
"387","TROUT LAKE","2023081517",0,30.7,26,3.9,307,11,93.902,9.057,23.585,,,,,,,,,,,,,,,,,,,,123.4,,
"387","TROUT LAKE","2023081518",0,29.3,27,6.6,27,16.8,93.953,10.45,26.062,,,,,,,,,,,,,,,,,,,,123.4,,
"387","TROUT LAKE","2023081519",0,27,28,12,59,21.3,94.004,13.815,31.52,,,,,,,,,,,,,,,,,,,,123.4,,
"387","TROUT LAKE","2023081520",0,22.8,43,8.6,57,18.7,93.593,10.994,26.991,,,,,,,,,,,,,,,,,,,,123.4,,
"387","TROUT LAKE","2023081521",0,22.7,37,10.3,73,13.5,93.392,11.648,28.08,,,,,,,,,,,,,,,,,,,,123.4,,
"387","TROUT LAKE","2023081522",0,20.7,48,5.4,80,13,92.95,8.554,22.653,,,,,,,,,,,,,,,,,,,,123.4,,
"387","TROUT LAKE","2023081523",0,20.9,43,7.4,63,15.3,92.671,9.097,23.66,,,,,,,,,,,,,,,,,,,,123.4,,
"388","KETTLE 2","2023081500",0,17.3,46,1.9,299,3.9,93.287,7.517,27.199,,,,,,,,,,,,,,,,,,,,,,
"388","KETTLE 2","2023081501",0,16.9,47,1.6,161,2.8,92.945,7.058,26.043,,,,,,,,,,,,,,,,,,,,,,
"388","KETTLE 2","2023081502",0,16.3,48,1.8,59,3.3,92.607,6.799,25.378,,,,,,,,,,,,,,,,,,,,,,
"388","KETTLE 2","2023081503",0,16.5,48,1.7,99,3.9,92.303,6.482,24.545,,,,,,,,,,,,,,,,,,,,,,
"388","KETTLE 2","2023081504",0,16.6,47,1.7,23,3.3,92.046,6.251,23.931,,,,,,,,,,,,,,,,,,,,,,
"388","KETTLE 2","2023081505",0,15.7,53,2.4,308,4.5,91.676,6.144,23.643,,,,,,,,,,,,,,,,,,,,,,
"388","KETTLE 2","2023081506",0,15.7,52,2.7,24,4.5,91.357,5.962,23.146,,,,,,,,,,,,,,,,,,,,,,
"388","KETTLE 2","2023081507",0,17.4,51,1.6,282,6.8,91.117,5.451,21.72,,,,,,,,,,,,,,,,,,,,,,
"388","KETTLE 2","2023081508",0,21.5,41,3.8,10,9.7,91.124,6.096,23.512,,,,,,,,,,,,,,,,,,,,,,
"388","KETTLE 2","2023081509",0,27,30,4.6,326,10.2,91.366,6.57,24.778,,,,,,,,,,,,,,,,,,,,,,
"388","KETTLE 2","2023081510",0,29.8,24,5.5,16,10.8,91.928,7.444,27.019,,,,,,,,,,,,,,,,,,,,,,
"388","KETTLE 2","2023081511",0,31.2,25,5,213,10.8,92.398,7.758,27.795,,,,,,,,,,,,,,,,,,,,,,
"388","KETTLE 2","2023081512",0,34.1,20,5.5,246,14.9,93.173,8.869,30.441,0,95.636,12.458,38.982,86.366,453.078,116.983,4,,,,,,,,,,,,,,
"388","KETTLE 2","2023081513",0,34.2,21,5.1,259,13.7,93.725,9.388,32.358,,,,,,,,,,,,,,,,,,,,,,
"388","KETTLE 2","2023081514",0,35.3,15,7.4,259,21.8,94.567,11.844,37.721,,,,,,,,,,,,,,,,,,,,,,
"388","KETTLE 2","2023081515",0,34.6,17,8.8,281,18.9,95.066,13.61,41.277,,,,,,,,,,,,,,,,,,,,,,
"388","KETTLE 2","2023081516",0,34.4,16,6.4,258,14.9,95.473,12.749,39.57,,,,,,,,,,,,,,,,,,,,,,
"388","KETTLE 2","2023081517",0,31.2,22,6.4,269,18.3,95.524,12.839,39.751,,,,,,,,,,,,,,,,,,,,,,
"388","KETTLE 2","2023081518",0,28.2,26,3.1,266,12.5,95.496,10.831,35.574,,,,,,,,,,,,,,,,,,,,,,
"388","KETTLE 2","2023081519",0,26.2,26,4.6,284,13.1,95.436,11.585,37.18,,,,,,,,,,,,,,,,,,,,,,
"388","KETTLE 2","2023081520",0,24.6,26,4.3,316,9.1,95.363,11.298,36.575,,,,,,,,,,,,,,,,,,,,,,
"388","KETTLE 2","2023081521",0,23.2,25,3.3,75,11.4,95.308,10.663,35.21,,,,,,,,,,,,,,,,,,,,,,
"388","KETTLE 2","2023081522",0,22.3,28,3.7,127,6.2,95.182,10.695,35.28,,,,,,,,,,,,,,,,,,,,,,
"388","KETTLE 2","2023081523",0,21.2,30,2.9,103,6.8,95.024,10.052,33.862,,,,,,,,,,,,,,,,,,,,,,
"390","BEAVERDELL","2023081500",0,15.1,66,0,187,4.5,93.533,7.069,31.165,,,,,,,,,,0.4,,,,0,2,890.51,,,,,,
"390","BEAVERDELL","2023081501",0,13.4,72,0,174,5.6,92.788,6.37,29.048,,,,,,,,,,0.4,,,,0,2,890.51,,,,,,
"390","BEAVERDELL","2023081502",0,12.1,74,1.9,180,3.9,91.899,6.184,28.469,,,,,,,,,,0.4,,,,0,2,890.49,,,,,,
"390","BEAVERDELL","2023081503",0,11.1,78,0,357,3.9,91.186,5.078,24.852,,,,,,,,,,0.5,,,,0,2,890.45,,,,,,
"390","BEAVERDELL","2023081504",0,10.2,82,0,28,7.9,90.444,4.568,23.073,,,,,,,,,,0.5,,,,0,2,890.42,,,,,,
"390","BEAVERDELL","2023081505",0,9.4,83,0,327,0,89.748,4.135,21.495,,,,,,,,,,0.5,,,,0,2,890.38,,,,,,
"390","BEAVERDELL","2023081506",0,9.2,85,0,193,0,89.055,3.744,20.012,,,,,,,,,,0.6,,,,0,2,890.35,,,,,,
"390","BEAVERDELL","2023081507",0,11,79,0,105,0,88.556,3.485,18.994,,,,,,,,,,0.7,,,,0,2,890.26,,,,,,
"390","BEAVERDELL","2023081508",0,19.8,47,2.3,90,5.6,88.605,3.941,20.766,,,,,,,,,,0.5,,,,0,2,890.02,,,,,,
"390","BEAVERDELL","2023081509",0,24.3,37,4.3,81,7.4,88.917,4.558,23.038,,,,,,,,,,0,,,,0,2,889.85,,,,,,
"390","BEAVERDELL","2023081510",0,28,32,5,194,10.8,89.501,5.135,25.045,,,,,,,,,,0.1,,,,0,2,889.8,,,,,,
"390","BEAVERDELL","2023081511",0,33,23,5.8,196,9.7,90.676,6.326,28.911,,,,,,,,,,0.2,,,,0,2,889.74,,,,,,
"390","BEAVERDELL","2023081512",0,36.5,18,6.5,180,12,92.15,8.079,34.069,0,96.936,15.611,52.124,191.521,648.508,220.353,5,,0.2,,,,0,2,889.74,,,,,,
"390","BEAVERDELL","2023081513",0,38.4,14,7.6,101,14.3,93.681,10.584,40.745,,,,,,,,,,0.1,,,,0,2,889.76,,,,,,
"390","BEAVERDELL","2023081514",0,39.5,12,6.1,195,18.9,94.973,11.729,43.523,,,,,,,,,,0.1,,,,0,2,889.83,,,,,,
"390","BEAVERDELL","2023081515",0,39.4,12,8,259,21.2,95.941,14.727,50.261,,,,,,,,,,0.1,,,,0,2,889.86,,,,,,
"390","BEAVERDELL","2023081516",0,39,12,9,340,24.6,96.622,16.979,54.913,,,,,,,,,,0.1,,,,0,2,889.91,,,,,,
"390","BEAVERDELL","2023081517",0,38.5,13,6.9,322,21.8,97.01,16.088,53.108,,,,,,,,,,0.1,,,,0,2,889.98,,,,,,
"390","BEAVERDELL","2023081518",0,36.4,15,5.5,338,18.3,97.085,15.143,51.144,,,,,,,,,,0.1,,,,0,2,890.08,,,,,,
"390","BEAVERDELL","2023081519",0,29.5,28,3.7,223,11.4,96.848,13.399,47.362,,,,,,,,,,-0.2,,,,0,2,890.28,,,,,,
"390","BEAVERDELL","2023081520",0,24.4,38,3.8,242,7.9,96.308,12.524,45.38,,,,,,,,,,0.1,,,,0,2,890.41,,,,,,
"390","BEAVERDELL","2023081521",0,21.1,42,5.7,181,12,95.671,12.644,45.655,,,,,,,,,,0.2,,,,0,2,890.41,,,,,,
"390","BEAVERDELL","2023081522",0,19.4,46,5.7,295,9.7,95.001,11.539,43.07,,,,,,,,,,0.3,,,,0,2,890.36,,,,,,
"390","BEAVERDELL","2023081523",0,17.6,51,5.8,57,13.7,94.279,10.501,40.539,,,,,,,,,,0.4,,,,0,2,890.3,,,,,,
"391","EIGHT MILE","2023081500",0,12.9,65,1.6,229,2.8,90.971,5.339,23.339,,,,,,,,,0,0,,0,0,0,0,0,,0,0,,0,
"391","EIGHT MILE","2023081501",0,12.5,67,1.7,319,4.5,90.437,4.972,22.193,,,,,,,,,0,0,,0,0,0,0,0,,0,0,,0,
"391","EIGHT MILE","2023081502",0,12.5,66,0,270,5.1,90.075,4.334,20.108,,,,,,,,,0,0,,0,0,0,0,0,,0,0,,0,
"391","EIGHT MILE","2023081503",0,11.9,72,1.7,239,2.8,89.522,4.361,20.201,,,,,,,,,0,0,,0,0,0,0,0,,0,0,,0,
"391","EIGHT MILE","2023081504",0,11.9,72,0,252,3.3,89.125,3.782,18.204,,,,,,,,,0,0,,0,0,0,0,0,,0,0,,0,
"391","EIGHT MILE","2023081505",0,11.8,73,1.6,243,3.3,88.646,3.827,18.362,,,,,,,,,0,0,,0,0,0,0,0,,0,0,,0,
"391","EIGHT MILE","2023081506",0,12.6,80,0,286,3.3,88.148,3.287,16.398,,,,,,,,,0,0,,0,0,0,0,0,,0,0,,0,
"391","EIGHT MILE","2023081507",0,19.3,63,1.9,10,3.9,88.016,3.549,17.368,,,,,,,,,0,0,,0,0,0,0,0,,0,0,,0,
"391","EIGHT MILE","2023081508",0,25.1,44,5.1,27,8.5,88.244,4.309,20.026,,,,,,,,,0,0,,0,0,0,0,0,,0,0,,0,
"391","EIGHT MILE","2023081509",0,28.7,28,7.8,27,13.7,89.191,5.655,24.303,,,,,,,,,0,0,,0,0,0,0,0,,0,0,,0,
"391","EIGHT MILE","2023081510",0,30.9,22,5,77,12.5,90.31,5.766,24.634,,,,,,,,,0,0,,0,0,0,0,0,,0,0,,0,
"391","EIGHT MILE","2023081511",0,31.2,21,9.4,194,18.3,91.366,8.367,31.777,,,,,,,,,0,0,,0,0,0,0,0,,0,0,,0,
"391","EIGHT MILE","2023081512",0,33.4,20,5.4,163,18.3,92.319,7.828,30.385,0,95.549,12.249,41.315,114.885,469.527,142.563,4,0,0,,0,0,0,0,0,,0,0,,0,
"391","EIGHT MILE","2023081513",0,32.8,24,8.9,90,19.5,92.873,10.094,36.434,,,,,,,,,0,0,,0,0,0,0,0,,0,0,,0,
"391","EIGHT MILE","2023081514",0,33.6,17,11.5,152,26.9,93.753,13.01,42.945,,,,,,,,,0,0,,0,0,0,0,0,,0,0,,0,
"391","EIGHT MILE","2023081515",0,33.7,17,8,93,22.9,94.39,11.913,40.581,,,,,,,,,0,0,,0,0,0,0,0,,0,0,,0,
"391","EIGHT MILE","2023081516",0,33.8,15,7.4,143,19.5,94.988,12.548,41.96,,,,,,,,,0,0,,0,0,0,0,0,,0,0,,0,
"391","EIGHT MILE","2023081517",0,29.7,28,4,353,14.3,94.994,10.581,37.574,,,,,,,,,0,0,,0,0,0,0,0,,0,0,,0,
"391","EIGHT MILE","2023081518",0,23.5,43,2.6,269,7.4,94.559,9.289,34.492,,,,,,,,,0,0,,0,0,0,0,0,,0,0,,0,
"391","EIGHT MILE","2023081519",0,20.6,47,2.4,205,5.6,94.07,8.595,32.759,,,,,,,,,0,0,,0,0,0,0,0,,0,0,,0,
"391","EIGHT MILE","2023081520",0,18.5,47,3.4,256,9.1,93.608,8.478,32.46,,,,,,,,,0,0,,0,0,0,0,0,,0,0,,0,
"391","EIGHT MILE","2023081521",0,17.2,49,4,224,7.9,93.135,8.18,31.692,,,,,,,,,0,0,,0,0,0,0,0,,0,0,,0,
"391","EIGHT MILE","2023081522",0,16.5,47,2.8,230,12,92.778,7.325,29.418,,,,,,,,,0,0,,0,0,0,0,0,,0,0,,0,
"391","EIGHT MILE","2023081523",0,15.6,50,5.2,184,8.5,92.348,7.781,30.646,,,,,,,,,0,0,,0,0,0,0,0,,0,0,,0,
"392","GRAND FORKS","2023081500",0,23.8,37,5.7,300,11.4,95.887,13.019,47.185,,,,,,,,,,,,,,,,,,,,,,
"392","GRAND FORKS","2023081501",0,22.9,39,11.5,291,16,95.304,16.111,53.913,,,,,,,,,,,,,,,,,,,,,,
"392","GRAND FORKS","2023081502",0,21.8,42,11,302,14.9,94.71,14.481,50.449,,,,,,,,,,,,,,,,,,,,,,
"392","GRAND FORKS","2023081503",0,20.1,46,7.6,290,11.4,94.121,11.25,43.002,,,,,,,,,,,,,,,,,,,,,,
"392","GRAND FORKS","2023081504",0,18.7,53,3.1,291,13.1,93.511,8.239,35.123,,,,,,,,,,,,,,,,,,,,,,
"392","GRAND FORKS","2023081505",0,18,56,6.6,211,14.3,92.818,8.92,37.006,,,,,,,,,,,,,,,,,,,,,,
"392","GRAND FORKS","2023081506",0,18.8,50,11.2,298,14.3,92.318,10.484,41.097,,,,,,,,,,,,,,,,,,,,,,
"392","GRAND FORKS","2023081507",0,20.7,43,9.3,282,16,92.102,9.241,37.869,,,,,,,,,,,,,,,,,,,,,,
"392","GRAND FORKS","2023081508",0,22.9,40,8.3,250,13.7,92.028,8.695,36.39,,,,,,,,,,,,,,,,,,,,,,
"392","GRAND FORKS","2023081509",0,25.6,34,8,230,14.3,92.078,8.625,36.199,,,,,,,,,,,,,,,,,,,,,,
"392","GRAND FORKS","2023081510",0,29.2,28,8,244,12.5,92.322,8.928,37.026,,,,,,,,,,,,,,,,,,,,,,
"392","GRAND FORKS","2023081511",0,32.8,22,6.9,220,13.1,92.956,9.234,37.85,,,,,,,,,,,,,,,,,,,,,,
"392","GRAND FORKS","2023081512",0,36.8,17,5.7,212,13.7,93.94,9.97,39.784,0,97.008,15.139,51.886,267.302,907.464,307.881,5,,,,,,,,,,,,,,
"392","GRAND FORKS","2023081513",0,39.5,14,8.6,234,14.9,95.095,13.529,48.356,,,,,,,,,,,,,,,,,,,,,,
"392","GRAND FORKS","2023081514",0,40.6,12,7.9,281,29.2,96.11,14.992,51.57,,,,,,,,,,,,,,,,,,,,,,
"392","GRAND FORKS","2023081515",0,41,12,9,329,22.3,96.866,17.542,56.842,,,,,,,,,,,,,,,,,,,,,,
"392","GRAND FORKS","2023081516",0,39.4,13,20.5,284,29.8,97.289,33.135,83.263,,,,,,,,,,,,,,,,,,,,,,
"392","GRAND FORKS","2023081517",0,38.4,14,20,265,29.8,97.449,33.004,83.07,,,,,,,,,,,,,,,,,,,,,,
"392","GRAND FORKS","2023081518",0,37,15,17.8,284,24.6,97.501,29.747,78.144,,,,,,,,,,,,,,,,,,,,,,
"392","GRAND FORKS","2023081519",0,35,19,15.7,302,25.8,97.524,26.844,73.529,,,,,,,,,,,,,,,,,,,,,,
"392","GRAND FORKS","2023081520",0,32.3,22,7.8,319,12,97.413,17.765,57.284,,,,,,,,,,,,,,,,,,,,,,
"392","GRAND FORKS","2023081521",0,30.7,23,11.9,296,18.3,97.238,21.336,64.06,,,,,,,,,,,,,,,,,,,,,,
"392","GRAND FORKS","2023081522",0,29.4,27,12.1,322,19.5,96.926,20.674,62.847,,,,,,,,,,,,,,,,,,,,,,
"392","GRAND FORKS","2023081523",0,27,29,8.9,7,18.3,96.59,16.819,55.386,,,,,,,,,,,,,,,,,,,,,,
"393","NICOLL","2023081500",0,17.9,51,9.2,23,12.2,93.6,11.344,38.344,,,,,,,,,,,,,,,,,,,,61.2,,
"393","NICOLL","2023081501",0,16.4,55,8.2,39,12.1,92.902,9.784,34.799,,,,,,,,,,,,,,,,,,,,61.2,,
"393","NICOLL","2023081502",0,15.6,57,7.3,30,12.7,92.256,8.538,31.784,,,,,,,,,,,,,,,,,,,,61.2,,
"393","NICOLL","2023081503",0,14.8,59,6.6,30,13.1,91.651,7.566,29.298,,,,,,,,,,,,,,,,,,,,61.2,,
"393","NICOLL","2023081504",0,13.9,64,5.4,13,12.7,91.019,6.51,26.433,,,,,,,,,,,,,,,,,,,,61.2,,
"393","NICOLL","2023081505",0,13.4,67,7.1,21,13,90.36,6.455,26.28,,,,,,,,,,,,,,,,,,,,61.2,,
"393","NICOLL","2023081506",0,14,63,6.4,29,12.9,89.884,5.822,24.458,,,,,,,,,,,,,,,,,,,,61.2,,
"393","NICOLL","2023081507",0,17.6,54,4.9,22,9.2,89.699,5.257,22.763,,,,,,,,,,,,,,,,,,,,61.2,,
"393","NICOLL","2023081508",0,22.1,43,1.3,143,8.5,89.748,4.415,20.091,,,,,,,,,,,,,,,,,,,,61.2,,
"393","NICOLL","2023081509",0,25.6,32,4.8,187,6.7,90.095,5.535,23.608,,,,,,,,,,,,,,,,,,,,61.2,,
"393","NICOLL","2023081510",0,29.9,25,5.7,198,7.9,90.861,6.462,26.299,,,,,,,,,,,,,,,,,,,,61.2,,
"393","NICOLL","2023081511",0,33.6,19,8.9,199,12.2,92.063,9.006,32.939,,,,,,,,,,,,,,,,,,,,61.2,,
"393","NICOLL","2023081512",0,35.8,17,11.5,192,22.5,93.303,12.221,40.241,0,96.611,19.229,54.467,100.24,562.566,138.696,5,,,,,,,,,,,,61.2,,
"393","NICOLL","2023081513",0,36.2,16,10.9,155,29.1,94.302,13.621,43.856,,,,,,,,,,,,,,,,,,,,61.2,,
"393","NICOLL","2023081514",0,37.1,14,13.6,261,27.4,95.249,17.774,51.869,,,,,,,,,,,,,,,,,,,,61.2,,
"393","NICOLL","2023081515",0,37.6,14,10.9,170,28.8,95.936,17.034,50.51,,,,,,,,,,,,,,,,,,,,61.2,,
"393","NICOLL","2023081516",0,37.2,14,14.3,165,32.3,96.427,21.603,58.517,,,,,,,,,,,,,,,,,,,,61.2,,
"393","NICOLL","2023081517",0,37.2,13,12,209,26.9,96.83,20.306,56.332,,,,,,,,,,,,,,,,,,,,61.2,,
"393","NICOLL","2023081518",0,34.9,15,10.5,193,24.5,96.893,18.988,54.044,,,,,,,,,,,,,,,,,,,,61.2,,
"393","NICOLL","2023081519",0,31.3,21,1.9,33,14.8,96.891,12.308,41.097,,,,,,,,,,,,,,,,,,,,61.2,,
"393","NICOLL","2023081520",0,26.7,30,5.2,32,10.6,96.57,13.922,44.471,,,,,,,,,,,,,,,,,,,,61.2,,
"393","NICOLL","2023081521",0,24.2,34,6.5,24,13.9,96.131,14.01,44.651,,,,,,,,,,,,,,,,,,,,61.2,,
"393","NICOLL","2023081522",0,22.2,41,8.3,19,12.9,95.495,14.074,44.779,,,,,,,,,,,,,,,,,,,,61.2,,
"393","NICOLL","2023081523",0,20.3,40,9.2,9,13.5,94.958,13.684,43.985,,,,,,,,,,,,,,,,,,,,61.2,,
"394","ROCK CREEK","2023081500",0,17.7,61,3.6,125,5.1,92.684,7.525,29.096,,,,,,,,,,,,,,,,,,,,,,
"394","ROCK CREEK","2023081501",0,15.9,67,2.4,237,4.5,91.921,6.362,25.929,,,,,,,,,,,,,,,,,,,,,,
"394","ROCK CREEK","2023081502",0,15,71,2.4,257,3.9,91.149,5.701,24.022,,,,,,,,,,,,,,,,,,,,,,
"394","ROCK CREEK","2023081503",0,14.2,75,2,118,5.1,90.378,5.006,21.911,,,,,,,,,,,,,,,,,,,,,,
"394","ROCK CREEK","2023081504",0,13.5,78,3.7,301,6.2,89.559,4.85,21.421,,,,,,,,,,,,,,,,,,,,,,
"394","ROCK CREEK","2023081505",0,12.6,82,3.3,210,5.6,88.727,4.217,19.366,,,,,,,,,,,,,,,,,,,,,,
"394","ROCK CREEK","2023081506",0,14.6,79,2.4,318,4.5,88.098,3.683,17.528,,,,,,,,,,,,,,,,,,,,,,
"394","ROCK CREEK","2023081507",0,19.7,54,6.3,306,9.7,88.147,4.514,20.345,,,,,,,,,,,,,,,,,,,,,,
"394","ROCK CREEK","2023081508",0,22.8,44,7.5,285,11.4,88.299,4.902,21.585,,,,,,,,,,,,,,,,,,,,,,
"394","ROCK CREEK","2023081509",0,26.5,37,5.3,239,14.3,88.747,4.679,20.876,,,,,,,,,,,,,,,,,,,,,,
"394","ROCK CREEK","2023081510",0,30,32,4.9,304,12,89.458,5.078,22.135,,,,,,,,,,,,,,,,,,,,,,
"394","ROCK CREEK","2023081511",0,33,29,5,333,10.8,90.336,5.787,24.276,,,,,,,,,,,,,,,,,,,,,,
"394","ROCK CREEK","2023081512",0,37.2,20,5.1,118,9.7,91.792,7.157,28.117,0,96.176,13.135,42.817,92.278,690.778,138.351,4,,,,,,,,,,,,,,
"394","ROCK CREEK","2023081513",0,39.7,20,8.1,104,13.7,93.176,10.116,36.146,,,,,,,,,,,,,,,,,,,,,,
"394","ROCK CREEK","2023081514",0,40.4,18,10.3,264,23.5,94.4,13.395,43.356,,,,,,,,,,,,,,,,,,,,,,
"394","ROCK CREEK","2023081515",0,39.4,21,13.8,290,24.1,95.026,17.415,51.175,,,,,,,,,,,,,,,,,,,,,,
"394","ROCK CREEK","2023081516",0,38.8,21,9.3,288,20,95.405,14.62,45.84,,,,,,,,,,,,,,,,,,,,,,
"394","ROCK CREEK","2023081517",0,37.6,22,7.3,290,14.9,95.553,13.487,43.546,,,,,,,,,,,,,,,,,,,,,,
"394","ROCK CREEK","2023081518",0,32.5,37,3.1,282,9.7,95.288,10.527,37.104,,,,,,,,,,,,,,,,,,,,,,
"394","ROCK CREEK","2023081519",0,27.6,42,2.3,296,5.6,94.872,9.552,34.807,,,,,,,,,,,,,,,,,,,,,,
"394","ROCK CREEK","2023081520",0,27.3,42,4.3,156,13.1,94.466,9.991,35.853,,,,,,,,,,,,,,,,,,,,,,
"394","ROCK CREEK","2023081521",0,23.1,50,3.1,210,5.6,93.887,8.681,32.666,,,,,,,,,,,,,,,,,,,,,,
"394","ROCK CREEK","2023081522",0,20.6,56,2.9,249,8.5,93.224,7.836,30.498,,,,,,,,,,,,,,,,,,,,,,
"394","ROCK CREEK","2023081523",0,18.9,61,3.5,248,8.5,92.497,7.294,29.053,,,,,,,,,,,,,,,,,,,,,,
"396","OCTOPUS CREEK","2023081500",0,19.8,38,8.5,46,16.8,93.645,11.019,35.169,,,,,,,,,,,,,,,,,,,,8579.8,,
"396","OCTOPUS CREEK","2023081501",0,18.2,40,6.2,52,12.6,93.35,9.418,31.685,,,,,,,,,,,,,,,,,,,,8579.8,,
"396","OCTOPUS CREEK","2023081502",0,17.5,40,2.8,33,8.8,93.122,7.687,27.61,,,,,,,,,,,,,,,,,,,,8579.8,,
"396","OCTOPUS CREEK","2023081503",0,18.2,39,8.3,51,13.3,92.889,9.815,32.571,,,,,,,,,,,,,,,,,,,,8579.8,,
"396","OCTOPUS CREEK","2023081504",0,17.6,43,7.2,77,13.7,92.592,8.907,30.517,,,,,,,,,,,,,,,,,,,,8579.8,,
"396","OCTOPUS CREEK","2023081505",0,17.8,42,8.5,76,12.8,92.342,9.181,31.147,,,,,,,,,,,,,,,,,,,,8579.8,,
"396","OCTOPUS CREEK","2023081506",0,17.2,42,2.3,35,9.7,92.17,6.557,24.735,,,,,,,,,,,,,,,,,,,,8579.8,,
"396","OCTOPUS CREEK","2023081507",0,18.2,43,4.1,6,9.7,91.983,6.992,25.864,,,,,,,,,,,,,,,,,,,,8579.8,,
"396","OCTOPUS CREEK","2023081508",0,25,34,4.9,330,12.4,92.033,7.331,26.725,,,,,,,,,,,,,,,,,,,,8579.8,,
"396","OCTOPUS CREEK","2023081509",0,27,30,7,327,14.9,92.126,8.256,28.99,,,,,,,,,,,,,,,,,,,,8579.8,,
"396","OCTOPUS CREEK","2023081510",0,28.1,27,6.2,276,14.6,92.353,8.189,28.829,,,,,,,,,,,,,,,,,,,,8579.8,,
"396","OCTOPUS CREEK","2023081511",0,29.9,24,5.8,14,10.3,92.733,8.466,29.489,,,,,,,,,,,,,,,,,,,,8579.8,,
"396","OCTOPUS CREEK","2023081512",0,32.3,23,6.7,290,13.1,93.201,9.459,31.777,0,94.753,11.729,37.353,91.532,395.617,115.98,4,,,,,,,,,,,,8579.8,,
"396","OCTOPUS CREEK","2023081513",0,32,20,5.7,172,14.6,93.692,9.632,32.799,,,,,,,,,,,,,,,,,,,,8579.8,,
"396","OCTOPUS CREEK","2023081514",0,34.3,18,6.9,234,17.6,94.31,11.148,36.129,,,,,,,,,,,,,,,,,,,,8579.8,,
"396","OCTOPUS CREEK","2023081515",0,34.5,17,9.9,294,19,94.875,14.015,41.919,,,,,,,,,,,,,,,,,,,,8579.8,,
"396","OCTOPUS CREEK","2023081516",0,34.9,17,7.3,225,19.3,95.303,13.036,40.008,,,,,,,,,,,,,,,,,,,,8579.8,,
"396","OCTOPUS CREEK","2023081517",0,32.2,23,6.7,285,20.2,95.354,12.736,39.409,,,,,,,,,,,,,,,,,,,,8579.8,,
"396","OCTOPUS CREEK","2023081518",0,29.3,24,11.2,337,22.4,95.402,16.083,45.768,,,,,,,,,,,,,,,,,,,,8579.8,,
"396","OCTOPUS CREEK","2023081519",0,25.6,26,4.8,359,20.7,95.342,11.554,36.986,,,,,,,,,,,,,,,,,,,,8579.8,,
"396","OCTOPUS CREEK","2023081520",0,24.7,29,8.8,342,18.3,95.178,13.822,41.547,,,,,,,,,,,,,,,,,,,,8579.8,,
"396","OCTOPUS CREEK","2023081521",0,24,26,4.8,8,25,95.119,11.207,36.256,,,,,,,,,,,,,,,,,,,,8579.8,,
"396","OCTOPUS CREEK","2023081522",0,23.4,29,5.5,186,10.6,94.985,11.399,36.661,,,,,,,,,,,,,,,,,,,,8579.8,,
"396","OCTOPUS CREEK","2023081523",0,22.5,28,9.7,47,14.2,94.856,13.838,41.578,,,,,,,,,,,,,,,,,,,,8579.8,,
"401","GOATFELL","2023081500",0,18.8,50,2.5,49,3.3,92.778,7.214,21.476,,,,,,,,,,,,,,,,,,,,,,
"401","GOATFELL","2023081501",0,17.5,54,1.9,26,3.9,92.327,6.569,20.075,,,,,,,,,,,,,,,,,,,,,,
"401","GOATFELL","2023081502",0,17.2,55,2.4,26,3.9,91.887,6.331,19.544,,,,,,,,,,,,,,,,,,,,,,
"401","GOATFELL","2023081503",0,15.9,63,1.7,64,3.9,91.335,5.651,17.982,,,,,,,,,,,,,,,,,,,,,,
"401","GOATFELL","2023081504",0,15.4,62,2.4,67,4.5,90.844,5.459,17.527,,,,,,,,,,,,,,,,,,,,,,
"401","GOATFELL","2023081505",0,15.1,63,2,48,2.8,90.393,5.016,16.454,,,,,,,,,,,,,,,,,,,,,,
"401","GOATFELL","2023081506",0,15.4,65,2.6,39,3.9,89.931,4.839,16.015,,,,,,,,,,,,,,,,,,,,,,
"401","GOATFELL","2023081507",0,17.3,61,1.8,168,3.9,89.628,4.451,15.027,,,,,,,,,,,,,,,,,,,,,,
"401","GOATFELL","2023081508",0,23.4,46,3.7,231,5.6,89.677,4.932,16.247,,,,,,,,,,,,,,,,,,,,,,
"401","GOATFELL","2023081509",0,26.7,32,4.5,249,8.5,90.074,5.436,17.472,,,,,,,,,,,,,,,,,,,,,,
"401","GOATFELL","2023081510",0,30,27,4.3,219,8.5,90.739,5.918,18.605,,,,,,,,,,,,,,,,,,,,,,
"401","GOATFELL","2023081511",0,32.4,27,5.9,202,10.2,91.431,7.079,21.186,,,,,,,,,,,,,,,,,,,,,,
"401","GOATFELL","2023081512",0,34.6,23,5.9,278,11.4,92.303,8.009,23.132,0,95.039,11.718,31.428,54.092,386.466,80.141,3,,,,,,,,,,,,,,
"401","GOATFELL","2023081513",0,36,20,8.6,248,22.3,93.273,10.516,29.214,,,,,,,,,,,,,,,,,,,,,,
"401","GOATFELL","2023081514",0,36.9,16,9.5,241,25.2,94.31,12.707,33.177,,,,,,,,,,,,,,,,,,,,,,
"401","GOATFELL","2023081515",0,37.1,16,7.7,239,21.8,95.065,12.874,33.468,,,,,,,,,,,,,,,,,,,,,,
"401","GOATFELL","2023081516",0,36.7,17,7,264,18.3,95.538,13.257,34.125,,,,,,,,,,,,,,,,,,,,,,
"401","GOATFELL","2023081517",0,34.6,18,7.7,254,18.3,95.739,14.114,35.565,,,,,,,,,,,,,,,,,,,,,,
"401","GOATFELL","2023081518",0,31.9,22,5.8,235,12.5,95.79,12.915,33.538,,,,,,,,,,,,,,,,,,,,,,
"401","GOATFELL","2023081519",0,27.5,27,2.9,64,9.7,95.705,11.031,30.175,,,,,,,,,,,,,,,,,,,,,,
"401","GOATFELL","2023081520",0,25.2,27,4.6,356,8.5,95.587,11.826,31.623,,,,,,,,,,,,,,,,,,,,,,
"401","GOATFELL","2023081521",0,24.4,31,3.4,34,7.9,95.388,10.834,29.81,,,,,,,,,,,,,,,,,,,,,,
"401","GOATFELL","2023081522",0,24.2,33,3.3,22,6.8,95.159,10.449,29.087,,,,,,,,,,,,,,,,,,,,,,
"401","GOATFELL","2023081523",0,22.6,38,2.5,20,6.2,94.834,9.598,27.449,,,,,,,,,,,,,,,,,,,,,,
"402","PENDOREILLE","2023081500",0,20.5,48,1.9,107,6.2,94.141,8.465,31.302,,,,,,,,,,,,,,,,,,,,25.8,,
"402","PENDOREILLE","2023081501",0,19.7,52,1.2,317,8.5,93.617,7.598,29.099,,,,,,,,,,,,,,,,,,,,25.8,,
"402","PENDOREILLE","2023081502",0,18.6,56,1.5,246,4.9,93.042,7.119,27.836,,,,,,,,,,,,,,,,,,,,25.8,,
"402","PENDOREILLE","2023081503",0,18.1,56,0.5,63,5.6,92.577,6.342,25.704,,,,,,,,,,,,,,,,,,,,25.8,,
"402","PENDOREILLE","2023081504",0,17.2,59,3.1,79,5,91.998,6.662,26.596,,,,,,,,,,,,,,,,,,,,25.8,,
"402","PENDOREILLE","2023081505",0,16.6,60,1.4,239,5.5,91.51,5.707,23.881,,,,,,,,,,,,,,,,,,,,25.8,,
"402","PENDOREILLE","2023081506",0,16.3,64,0.2,28,4.6,91.049,5.031,21.842,,,,,,,,,,,,,,,,,,,,25.8,,
"402","PENDOREILLE","2023081507",0,19.8,53,2.4,164,5.6,90.802,5.427,23.048,,,,,,,,,,,,,,,,,,,,25.8,,
"402","PENDOREILLE","2023081508",0,24.5,43,4,251,6.3,90.852,5.924,24.513,,,,,,,,,,,,,,,,,,,,25.8,,
"402","PENDOREILLE","2023081509",0,28,34,4.3,207,6.8,91.033,6.172,25.224,,,,,,,,,,,,,,,,,,,,25.8,,
"402","PENDOREILLE","2023081510",0,31,27,6.6,261,16.1,91.599,7.511,28.872,,,,,,,,,,,,,,,,,,,,25.8,,
"402","PENDOREILLE","2023081511",0,34.3,21,7.3,250,14.2,92.544,8.891,32.35,,,,,,,,,,,,,,,,,,,,25.8,,
"402","PENDOREILLE","2023081512",0,37.3,15,8.7,254,16.3,93.847,11.448,38.217,0,97.236,18.155,52.247,95.114,596.607,136.017,5,,,,,,,,,,,,25.8,,
"402","PENDOREILLE","2023081513",0,38.9,13,9.7,255,17.4,95.063,14.237,44.835,,,,,,,,,,,,,,,,,,,,25.8,,
"402","PENDOREILLE","2023081514",0,40.3,13,7.8,279,24.9,96.005,14.706,45.767,,,,,,,,,,,,,,,,,,,,25.8,,
"402","PENDOREILLE","2023081515",0,40,13,8.6,292,20,96.664,16.734,49.652,,,,,,,,,,,,,,,,,,,,25.8,,
"402","PENDOREILLE","2023081516",0,39.3,13,9,224,30.8,97.095,18.087,52.125,,,,,,,,,,,,,,,,,,,,25.8,,
"402","PENDOREILLE","2023081517",0,38.7,14,7.8,264,21.7,97.308,17.516,51.092,,,,,,,,,,,,,,,,,,,,25.8,,
"402","PENDOREILLE","2023081518",0,34.8,19,3.2,50,20,97.357,13.985,44.327,,,,,,,,,,,,,,,,,,,,25.8,,
"402","PENDOREILLE","2023081519",0,31,25,3.9,24,8.9,97.19,14.166,44.693,,,,,,,,,,,,,,,,,,,,25.8,,
"402","PENDOREILLE","2023081520",0,27.7,32,2.1,290,8.7,96.845,12.356,40.946,,,,,,,,,,,,,,,,,,,,25.8,,
"402","PENDOREILLE","2023081521",0,26.1,35,1.9,131,10.4,96.452,11.603,39.314,,,,,,,,,,,,,,,,,,,,25.8,,
"402","PENDOREILLE","2023081522",0,24.5,40,1.2,88,5.3,95.987,10.52,36.883,,,,,,,,,,,,,,,,,,,,25.8,,
"402","PENDOREILLE","2023081523",0,23.9,41,2.4,258,4.8,95.499,10.46,36.745,,,,,,,,,,,,,,,,,,,,25.8,,
"404","SMALLWOOD","2023081500",0,23.2,38,2.8,310,4.5,94.54,9.359,35.786,,,,,,,,,,,,,,,,,,,,,,
"404","SMALLWOOD","2023081501",0,22.1,40,3.2,293,4.5,94.214,9.129,35.205,,,,,,,,,,,,,,,,,,,,,,
"404","SMALLWOOD","2023081502",0,21.5,42,2.7,262,5.1,93.88,8.5,33.58,,,,,,,,,,,,,,,,,,,,,,
"404","SMALLWOOD","2023081503",0,20.7,44,3.2,303,5.1,93.52,8.291,33.03,,,,,,,,,,,,,,,,,,,,,,
"404","SMALLWOOD","2023081504",0,20,46,4.7,255,6.8,93.122,8.459,33.473,,,,,,,,,,,,,,,,,,,,,,
"404","SMALLWOOD","2023081505",0,19.6,46,3.8,345,5.6,92.782,7.707,31.456,,,,,,,,,,,,,,,,,,,,,,
"404","SMALLWOOD","2023081506",0,20,46,3,211,4.5,92.494,7.109,29.789,,,,,,,,,,,,,,,,,,,,,,
"404","SMALLWOOD","2023081507",0,25,39,3.2,119,6.2,92.451,7.138,29.87,,,,,,,,,,,,,,,,,,,,,,
"404","SMALLWOOD","2023081508",0,24.4,44,5,170,9.1,92.272,7.621,31.218,,,,,,,,,,,,,,,,,,,,,,
"404","SMALLWOOD","2023081509",0,26.4,39,4.7,165,10.2,92.277,7.512,30.917,,,,,,,,,,,,,,,,,,,,,,
"404","SMALLWOOD","2023081510",0,28.3,30,7.6,140,14.9,92.368,8.806,34.377,,,,,,,,,,,,,,,,,,,,,,
"404","SMALLWOOD","2023081511",0,30.9,27,7.4,184,13.7,92.666,9.091,35.107,,,,,,,,,,,,,,,,,,,,,,
"404","SMALLWOOD","2023081512",0,33.2,23,8.8,157,13.7,93.214,10.534,38.664,0,94.774,13.076,44.76,130.184,569.924,165.728,4,,,,,,,,,,,,,,
"404","SMALLWOOD","2023081513",0,36.4,18,8.9,157,17.2,94.103,11.982,42.329,,,,,,,,,,,,,,,,,,,,,,
"404","SMALLWOOD","2023081514",0,36.5,17,11.5,177,23.5,94.856,15.152,49.129,,,,,,,,,,,,,,,,,,,,,,
"404","SMALLWOOD","2023081515",0,37.2,16,10.6,166,21.8,95.502,15.817,50.469,,,,,,,,,,,,,,,,,,,,,,
"404","SMALLWOOD","2023081516",0,36.7,15,10.8,174,25.8,96.005,17.106,52.997,,,,,,,,,,,,,,,,,,,,,,
"404","SMALLWOOD","2023081517",0,34.3,18,5.2,207,17.2,96.079,13.03,44.661,,,,,,,,,,,,,,,,,,,,,,
"404","SMALLWOOD","2023081518",0,31.5,24,3.5,315,12.5,96.09,11.978,42.322,,,,,,,,,,,,,,,,,,,,,,
"404","SMALLWOOD","2023081519",0,30.4,22,3.9,258,14.9,96.125,12.281,43.003,,,,,,,,,,,,,,,,,,,,,,
"404","SMALLWOOD","2023081520",0,29,25,4.4,291,13.1,96.063,12.489,43.468,,,,,,,,,,,,,,,,,,,,,,
"404","SMALLWOOD","2023081521",0,27.8,26,2.7,273,6.2,95.98,11.334,40.844,,,,,,,,,,,,,,,,,,,,,,
"404","SMALLWOOD","2023081522",0,26.5,29,3.7,241,5.6,95.807,11.644,41.56,,,,,,,,,,,,,,,,,,,,,,
"404","SMALLWOOD","2023081523",0,25.7,30,3.8,261,6.2,95.617,11.405,41.009,,,,,,,,,,,,,,,,,,,,,,
"406","SLOCAN","2023081500",0,22.1,34,10.5,6,17.7,94.09,12.964,38.722,,,,,,,,,,,,,,,,,,,,,,
"406","SLOCAN","2023081501",0,21.4,36,16,9,19.5,93.803,16.437,45.102,,,,,,,,,,,,,,,,,,,,,,
"406","SLOCAN","2023081502",0,20.1,38,9.8,11,21.2,93.522,11.566,35.938,,,,,,,,,,,,,,,,,,,,,,
"406","SLOCAN","2023081503",0,20.1,38,7.9,353,12.5,93.289,10.173,33.013,,,,,,,,,,,,,,,,,,,,,,
"406","SLOCAN","2023081504",0,19,40,6.5,27,9.7,93.035,9.15,30.751,,,,,,,,,,,,,,,,,,,,,,
"406","SLOCAN","2023081505",0,18.4,42,9.6,10,10.8,92.731,10.25,33.178,,,,,,,,,,,,,,,,,,,,,,
"406","SLOCAN","2023081506",0,19.6,42,4.5,28,8.5,92.516,7.691,27.326,,,,,,,,,,,,,,,,,,,,,,
"406","SLOCAN","2023081507",0,23.6,33,3.4,66,9.7,92.566,7.328,26.431,,,,,,,,,,,,,,,,,,,,,,
"406","SLOCAN","2023081508",0,25.8,32,3.3,214,14.3,92.616,7.343,26.468,,,,,,,,,,,,,,,,,,,,,,
"406","SLOCAN","2023081509",0,26.4,32,5.2,219,12.5,92.666,8.137,28.401,,,,,,,,,,,,,,,,,,,,,,
"406","SLOCAN","2023081510",0,28.5,28,6.6,224,10.8,92.768,8.858,30.087,,,,,,,,,,,,,,,,,,,,,,
"406","SLOCAN","2023081511",0,30.4,25,6.5,227,13.7,93.048,9.166,30.788,,,,,,,,,,,,,,,,,,,,,,
"406","SLOCAN","2023081512",0,33,20,8.4,206,14.9,93.651,10.973,34.713,0,95.429,14.017,41.701,80.75,491.073,114.45,4,,,,,,,,,,,,,,
"406","SLOCAN","2023081513",0,34.6,17,9.5,201,17.7,94.381,12.832,39.39,,,,,,,,,,,,,,,,,,,,,,
"406","SLOCAN","2023081514",0,35.4,16,10.5,191,20.6,95.043,14.782,43.146,,,,,,,,,,,,,,,,,,,,,,
"406","SLOCAN","2023081515",0,35.7,15,8.8,195,20,95.597,14.633,42.868,,,,,,,,,,,,,,,,,,,,,,
"406","SLOCAN","2023081516",0,35.4,15,8,211,19.5,95.99,14.824,43.225,,,,,,,,,,,,,,,,,,,,,,
"406","SLOCAN","2023081517",0,32.4,21,8.3,350,14.9,96.041,15.156,43.841,,,,,,,,,,,,,,,,,,,,,,
"406","SLOCAN","2023081518",0,29.6,24,16,3,21.2,95.995,22.202,55.707,,,,,,,,,,,,,,,,,,,,,,
"406","SLOCAN","2023081519",0,28.8,24,14.9,357,20,95.941,20.85,53.584,,,,,,,,,,,,,,,,,,,,,,
"406","SLOCAN","2023081520",0,28.2,24,12.5,358,18.9,95.888,18.342,49.466,,,,,,,,,,,,,,,,,,,,,,
"406","SLOCAN","2023081521",0,26.2,28,6.4,322,16,95.723,13.19,40.099,,,,,,,,,,,,,,,,,,,,,,
"406","SLOCAN","2023081522",0,24.7,30,4.1,56,10.2,95.529,11.441,36.55,,,,,,,,,,,,,,,,,,,,,,
"406","SLOCAN","2023081523",0,23.8,33,8.6,22,11.4,95.22,13.761,41.209,,,,,,,,,,,,,,,,,,,,,,
"407","NANCY GREENE","2023081500",0,22.5,28,8.2,322,17.2,94.358,11.981,41.474,,,,,,,,,,,,,,,,,,,,,,
"407","NANCY GREENE","2023081501",0,19.8,34,3.5,31,17.2,94.169,9.211,34.944,,,,,,,,,,,,,,,,,,,,,,
"407","NANCY GREENE","2023081502",0,18.4,37,3.7,121,9.7,93.921,8.99,34.388,,,,,,,,,,,,,,,,,,,,,,
"407","NANCY GREENE","2023081503",0,18.5,37,5,41,6.8,93.682,9.285,35.128,,,,,,,,,,,,,,,,,,,,,,
"407","NANCY GREENE","2023081504",0,19.2,37,6.2,38,8.5,93.461,9.564,35.821,,,,,,,,,,,,,,,,,,,,,,
"407","NANCY GREENE","2023081505",0,16.4,46,5.3,42,8.5,93.05,8.631,33.471,,,,,,,,,,,,,,,,,,,,,,
"407","NANCY GREENE","2023081506",0,19.7,45,4,49,8.5,92.739,7.738,31.115,,,,,,,,,,,,,,,,,,,,,,
"407","NANCY GREENE","2023081507",0,24.3,31,3.6,110,7.4,92.789,7.638,30.843,,,,,,,,,,,,,,,,,,,,,,
"407","NANCY GREENE","2023081508",0,26.7,27,6,34,9.1,92.85,8.694,33.631,,,,,,,,,,,,,,,,,,,,,,
"407","NANCY GREENE","2023081509",0,28.7,26,8.4,23,13.1,93.01,10.033,36.964,,,,,,,,,,,,,,,,,,,,,,
"407","NANCY GREENE","2023081510",0,29.9,22,9.7,3,17.2,93.374,11.272,39.873,,,,,,,,,,,,,,,,,,,,,,
"407","NANCY GREENE","2023081511",0,32.1,18,7.5,138,16.6,93.952,10.934,39.094,,,,,,,,,,,,,,,,,,,,,,
"407","NANCY GREENE","2023081512",0,32,19,13.7,173,25.2,94.381,15.857,49.554,0,95.531,18.565,55.106,132.63,482.172,157.175,5,,,,,,,,,,,,,,
"407","NANCY GREENE","2023081513",0,32.5,18,12.1,197,33.3,94.78,15.455,49.158,,,,,,,,,,,,,,,,,,,,,,
"407","NANCY GREENE","2023081514",0,32.7,16,13.6,179,35.6,95.213,17.687,53.477,,,,,,,,,,,,,,,,,,,,,,
"407","NANCY GREENE","2023081515",0,33.6,15,10.5,203,22.9,95.627,16.006,50.25,,,,,,,,,,,,,,,,,,,,,,
"407","NANCY GREENE","2023081516",0,33.3,16,11.7,206,25.2,95.871,17.578,53.272,,,,,,,,,,,,,,,,,,,,,,
"407","NANCY GREENE","2023081517",0,32.8,16,11.6,227,21.8,96.033,17.878,53.833,,,,,,,,,,,,,,,,,,,,,,
"407","NANCY GREENE","2023081518",0,30,20,9.3,194,20,96.084,16.032,50.301,,,,,,,,,,,,,,,,,,,,,,
"407","NANCY GREENE","2023081519",0,27.2,24,4.4,229,15.4,96.026,12.425,42.806,,,,,,,,,,,,,,,,,,,,,,
"407","NANCY GREENE","2023081520",0,23.4,33,6.6,278,9.7,95.676,13.239,44.576,,,,,,,,,,,,,,,,,,,,,,
"407","NANCY GREENE","2023081521",0,21.9,35,7.4,306,10.2,95.291,13.079,44.233,,,,,,,,,,,,,,,,,,,,,,
"407","NANCY GREENE","2023081522",0,23,27,8.9,284,16.6,95.164,13.864,45.902,,,,,,,,,,,,,,,,,,,,,,
"407","NANCY GREENE","2023081523",0,21.7,26,2.2,60,15.4,95.099,9.804,36.717,,,,,,,,,,,,,,,,,,,,,,
"408","NORNS","2023081500",0,17.1,23,0,,0,,,,,,,,,,,,,,,,,,,,,,,,,
"408","NORNS","2023081501",0,17.2,17,0,,0,,,,,,,,,,,,,,,,,,,,,,,,,
"408","NORNS","2023081502",0,15.9,26,0,,0,,,,,,,,,,,,,,,,,,,,,,,,,
"408","NORNS","2023081503",0,16.3,25,0,,0,,,,,,,,,,,,,,,,,,,,,,,,,
"408","NORNS","2023081504",0,15.6,29,0,,0,,,,,,,,,,,,,,,,,,,,,,,,,
"408","NORNS","2023081505",0,16,29,0,,0,,,,,,,,,,,,,,,,,,,,,,,,,
"408","NORNS","2023081506",0,16.8,32,0,,0,,,,,,,,,,,,,,,,,,,,,,,,,
"408","NORNS","2023081507",0,17,33,0,,0,,,,,,,,,,,,,,,,,,,,,,,,,
"408","NORNS","2023081508",0,17.8,34,0,,0,,,,,,,,,,,,,,,,,,,,,,,,,
"408","NORNS","2023081509",0,19.3,32,0,,0,,,,,,,,,,,,,,,,,,,,,,,,,
"408","NORNS","2023081510",0,21.7,30,0,,0,,,,,,,,,,,,,,,,,,,,,,,,,
"408","NORNS","2023081511",0,20.4,32,0,,0,,,,,,,,,,,,,,,,,,,,,,,,,
"408","NORNS","2023081512",0,22.4,27,0,,0,,,,0,,,,,,,,,,,,,,,,,,,,,
"408","NORNS","2023081513",0,20.6,30,0,,0,,,,,,,,,,,,,,,,,,,,,,,,,
"408","NORNS","2023081514",0,22.5,27,0,,0,,,,,,,,,,,,,,,,,,,,,,,,,
"408","NORNS","2023081515",0,21.7,26,0,,0,,,,,,,,,,,,,,,,,,,,,,,,,
"408","NORNS","2023081516",0,24.2,23,0,,0,,,,,,,,,,,,,,,,,,,,,,,,,
"408","NORNS","2023081517",0,23,22,0,,0,,,,,,,,,,,,,,,,,,,,,,,,,
"408","NORNS","2023081518",0,22.8,23,0,,0,,,,,,,,,,,,,,,,,,,,,,,,,
"408","NORNS","2023081519",0,20.6,24,0,,0,,,,,,,,,,,,,,,,,,,,,,,,,
"408","NORNS","2023081520",0,19.9,26,0,,0,,,,,,,,,,,,,,,,,,,,,,,,,
"408","NORNS","2023081521",0,19.4,26,0,,0,,,,,,,,,,,,,,,,,,,,,,,,,
"408","NORNS","2023081522",0,18.6,26,0,,0,,,,,,,,,,,,,,,,,,,,,,,,,
"408","NORNS","2023081523",0,18.2,25,0,,0,,,,,,,,,,,,,,,,,,,,,,,,,
"411","PALLISER","2023081500",0,9.6,85,0,354,0,90.286,4.466,16.013,,,,,,,,,,,,,,,,,,,,,,
"411","PALLISER","2023081501",0,8.6,88,0,15,3.3,89.464,3.97,14.637,,,,,,,,,,,,,,,,,,,,,,
"411","PALLISER","2023081502",0,7.8,92,0,334,0,88.573,3.493,13.252,,,,,,,,,,,,,,,,,,,,,,
"411","PALLISER","2023081503",0,6.8,95,0,183,0,87.638,3.055,11.914,,,,,,,,,,,,,,,,,,,,,,
"411","PALLISER","2023081504",0,6.1,96,0,48,2.2,86.743,2.689,10.741,,,,,,,,,,,,,,,,,,,,,,
"411","PALLISER","2023081505",0,5.7,97,1.7,307,7.4,85.687,2.525,10.195,,,,,,,,,,,,,,,,,,,,,,
"411","PALLISER","2023081506",0,6.9,97,0,86,2.8,84.878,2.072,8.618,,,,,,,,,,,,,,,,,,,,,,
"411","PALLISER","2023081507",0,13.3,80,0,111,0,84.703,2.023,8.441,,,,,,,,,,,,,,,,,,,,,,
"411","PALLISER","2023081508",0,21.7,45,3.5,49,6.2,85.206,2.586,10.399,,,,,,,,,,,,,,,,,,,,,,
"411","PALLISER","2023081509",0,25,38,4.5,73,8.5,86.002,3.039,11.863,,,,,,,,,,,,,,,,,,,,,,
"411","PALLISER","2023081510",0,28.2,29,6.3,141,11.4,87.239,3.964,14.621,,,,,,,,,,,,,,,,,,,,,,
"411","PALLISER","2023081511",0,31.2,24,6.5,185,14.3,88.703,4.938,17.266,,,,,,,,,,,,,,,,,,,,,,
"411","PALLISER","2023081512",0,33.4,20,7.6,177,16.6,90.284,6.549,21.22,0,95.507,13.607,36.625,56.172,546.872,89.39,3,,,,,,,,,,,,,,
"411","PALLISER","2023081513",0,34.5,19,6.3,228,17.7,91.625,7.425,24.309,,,,,,,,,,,,,,,,,,,,,,
"411","PALLISER","2023081514",0,35.1,18,7.1,149,17.7,92.78,9.099,27.979,,,,,,,,,,,,,,,,,,,,,,
"411","PALLISER","2023081515",0,35.8,16,6.8,250,20.6,93.817,10.358,30.553,,,,,,,,,,,,,,,,,,,,,,
"411","PALLISER","2023081516",0,35,17,9.1,330,18.3,94.526,12.83,35.237,,,,,,,,,,,,,,,,,,,,,,
"411","PALLISER","2023081517",0,33.4,18,9.1,322,29.8,94.92,13.544,36.514,,,,,,,,,,,,,,,,,,,,,,
"411","PALLISER","2023081518",0,31.2,29,5.3,279,16,94.937,11.21,32.216,,,,,,,,,,,,,,,,,,,,,,
"411","PALLISER","2023081519",0,23.9,43,3.2,122,9.1,94.495,9.49,28.795,,,,,,,,,,,,,,,,,,,,,,
"411","PALLISER","2023081520",0,19.5,50,2.7,302,7.4,93.929,8.557,26.825,,,,,,,,,,,,,,,,,,,,,,
"411","PALLISER","2023081521",0,16.6,59,3.1,23,6.2,93.199,7.888,25.356,,,,,,,,,,,,,,,,,,,,,,
"411","PALLISER","2023081522",0,14.1,67,0,105,4.5,92.585,6.191,21.373,,,,,,,,,,,,,,,,,,,,,,
"411","PALLISER","2023081523",0,12.5,75,0,290,3.9,91.866,5.593,19.864,,,,,,,,,,,,,,,,,,,,,,
"412","ELKO","2023081500",0,20.6,48,10.7,40,15.4,93.657,12.331,41.688,,,,,,,,,,,,,,,,,,,,,,
"412","ELKO","2023081501",0,19.7,51,11.1,50,18.3,93.015,11.504,39.862,,,,,,,,,,,,,,,,,,,,,,
"412","ELKO","2023081502",0,18.7,55,10,39,19.5,92.361,9.928,36.212,,,,,,,,,,,,,,,,,,,,,,
"412","ELKO","2023081503",0,19.2,52,11,41,22.9,91.872,9.745,35.771,,,,,,,,,,,,,,,,,,,,,,
"412","ELKO","2023081504",0,18.7,53,10.7,29,21.2,91.423,9.007,33.958,,,,,,,,,,,,,,,,,,,,,,
"412","ELKO","2023081505",0,17.4,57,9.7,45,22.9,90.932,7.986,31.339,,,,,,,,,,,,,,,,,,,,,,
"412","ELKO","2023081506",0,18.5,53,12.3,55,22.9,90.599,8.68,33.136,,,,,,,,,,,,,,,,,,,,,,
"412","ELKO","2023081507",0,20.1,47,10,51,24.6,90.495,7.616,30.356,,,,,,,,,,,,,,,,,,,,,,
"412","ELKO","2023081508",0,25.2,35,4.9,87,16,90.617,5.994,25.77,,,,,,,,,,,,,,,,,,,,,,
"412","ELKO","2023081509",0,26.9,31,5.7,106,10.8,90.912,6.509,27.277,,,,,,,,,,,,,,,,,,,,,,
"412","ELKO","2023081510",0,29.9,25,7.6,193,14.9,91.547,7.841,30.955,,,,,,,,,,,,,,,,,,,,,,
"412","ELKO","2023081511",0,31.9,22,9.3,212,15.4,92.328,9.539,35.273,,,,,,,,,,,,,,,,,,,,,,
"412","ELKO","2023081512",0,34.4,19,7.7,151,15.4,93.226,9.983,36.344,0,95.877,14.38,46.624,98.182,852.476,152.465,4,,,,,,,,,,,,,,
"412","ELKO","2023081513",0,36.9,16,7.9,302,21.8,94.249,11.625,40.7,,,,,,,,,,,,,,,,,,,,,,
"412","ELKO","2023081514",0,37.9,14,11.9,222,26.9,95.248,16.313,50.472,,,,,,,,,,,,,,,,,,,,,,
"412","ELKO","2023081515",0,37.6,13,10.6,220,26.4,95.994,16.91,51.619,,,,,,,,,,,,,,,,,,,,,,
"412","ELKO","2023081516",0,37.5,11,21.6,255,38.5,96.723,32.471,76.714,,,,,,,,,,,,,,,,,,,,,,
"412","ELKO","2023081517",0,37.1,11,17.2,249,38.5,97.183,27.666,69.735,,,,,,,,,,,,,,,,,,,,,,
"412","ELKO","2023081518",0,35.7,13,14,249,36.7,97.307,23.938,63.911,,,,,,,,,,,,,,,,,,,,,,
"412","ELKO","2023081519",0,33,16,9,241,33.9,97.359,18.735,55.011,,,,,,,,,,,,,,,,,,,,,,
"412","ELKO","2023081520",0,26.2,25,4.6,60,10.8,97.135,14.569,47.01,,,,,,,,,,,,,,,,,,,,,,
"412","ELKO","2023081521",0,23.6,31,5.5,66,7.9,96.735,14.449,46.766,,,,,,,,,,,,,,,,,,,,,,
"412","ELKO","2023081522",0,21.9,36,4.3,14,7.4,96.254,12.75,43.189,,,,,,,,,,,,,,,,,,,,,,
"412","ELKO","2023081523",0,20.3,42,3.6,17,7.4,95.677,11.384,40.153,,,,,,,,,,,,,,,,,,,,,,
"417","TOBY HUB","2023081500",0,20.7,37,3.5,15,8.5,94.689,9.895,37.974,,,,,,,,,,0,,,,0,1,835.3,,,,,,
"417","TOBY HUB","2023081501",0,19,42,1.8,134,5.6,94.322,8.636,34.729,,,,,,,,,,0.1,,,,0,1,835.29,,,,,,
"417","TOBY HUB","2023081502",0,19.1,39,6.4,314,9.7,93.981,10.387,39.191,,,,,,,,,,0.2,,,,0,1,835.27,,,,,,
"417","TOBY HUB","2023081503",0,17.6,45,4.3,294,7.9,93.557,8.809,35.188,,,,,,,,,,0,,,,0,1,835.24,,,,,,
"417","TOBY HUB","2023081504",0,15.2,53,3,307,9.1,93.023,7.657,32.06,,,,,,,,,,0,,,,0,1,835.28,,,,,,
"417","TOBY HUB","2023081505",0,14.9,54,4.6,279,7.4,92.486,7.698,32.175,,,,,,,,,,0.1,,,,0,1,835.25,,,,,,
"417","TOBY HUB","2023081506",0,16,53,3.9,358,7.9,92.041,6.979,30.123,,,,,,,,,,0.2,,,,0,1,835.18,,,,,,
"417","TOBY HUB","2023081507",0,19.7,48,5.6,57,7.9,91.755,7.301,31.052,,,,,,,,,,0.1,,,,0,1,834.96,,,,,,
"417","TOBY HUB","2023081508",0,23.2,40,6.4,84,11.4,91.735,7.58,31.844,,,,,,,,,,-0.2,,,,0,1,834.98,,,,,,
"417","TOBY HUB","2023081509",0,27.5,33,6.9,32,16.6,91.787,7.831,32.545,,,,,,,,,,-0.3,,,,0,1,834.9,,,,,,
"417","TOBY HUB","2023081510",0,30.1,26,10.9,14,17.7,92.235,10.205,38.746,,,,,,,,,,-0.4,,,,0,1,834.9,,,,,,
"417","TOBY HUB","2023081511",0,32.5,24,7.2,65,19.5,92.776,9.14,36.053,,,,,,,,,,-0.3,,,,0,1,834.84,,,,,,
"417","TOBY HUB","2023081512",0,34.1,21,7.4,80,14.3,93.44,10.131,38.563,0,95.438,13.345,46.265,142.137,660.702,184.854,4,,-0.3,,,,0,1,834.86,,,,,,
"417","TOBY HUB","2023081513",0,35.4,17,7.3,106,14.9,94.243,11.269,41.533,,,,,,,,,,-0.2,,,,0,1,834.8,,,,,,
"417","TOBY HUB","2023081514",0,36.8,16,7.5,80,15.4,94.994,12.622,44.657,,,,,,,,,,-0.1,,,,0,1,834.8,,,,,,
"417","TOBY HUB","2023081515",0,37.8,14,8.7,338,24.1,95.742,14.849,49.486,,,,,,,,,,-0.2,,,,0,1,834.77,,,,,,
"417","TOBY HUB","2023081516",0,35.4,17,14.1,294,27.5,96.002,20.194,59.861,,,,,,,,,,-0.2,,,,0,1,834.99,,,,,,
"417","TOBY HUB","2023081517",0,33.8,18,8.4,306,21.8,96.059,15.268,50.355,,,,,,,,,,-0.1,,,,0,1,835.04,,,,,,
"417","TOBY HUB","2023081518",0,32.6,19,7.5,282,17.7,96.11,14.693,49.159,,,,,,,,,,-0.1,,,,0,1,835.04,,,,,,
"417","TOBY HUB","2023081519",0,29.9,23,9,326,17.7,96.103,15.831,51.508,,,,,,,,,,0,,,,0,1,835.12,,,,,,
"417","TOBY HUB","2023081520",0,26.9,28,8.2,284,15.4,95.908,14.81,49.404,,,,,,,,,,0,,,,0,1,835.17,,,,,,
"417","TOBY HUB","2023081521",0,23.3,35,8.8,263,15.4,95.485,14.412,48.566,,,,,,,,,,-0.1,,,,0,1,835.25,,,,,,
"417","TOBY HUB","2023081522",0,22.5,36,5.5,253,13.1,95.123,11.616,42.348,,,,,,,,,,0,,,,0,1,835.17,,,,,,
"417","TOBY HUB","2023081523",0,20.4,42,6.1,240,11.4,94.621,11.176,41.31,,,,,,,,,,-0.1,,,,0,1,835.15,,,,,,
"418","FLATHEAD 2","2023081500",0,12.9,73,3.2,288,6.2,90.335,5.285,22.983,,,,,,,,,,,,,,,,,,,,,,
"418","FLATHEAD 2","2023081501",0,11.7,76,4,304,6.2,89.592,4.946,21.927,,,,,,,,,,,,,,,,,,,,,,
"418","FLATHEAD 2","2023081502",0,11,79,3.4,312,6.8,88.867,4.325,19.91,,,,,,,,,,,,,,,,,,,,,,
"418","FLATHEAD 2","2023081503",0,10.1,83,2.9,305,5.6,88.119,3.788,18.07,,,,,,,,,,,,,,,,,,,,,,
"418","FLATHEAD 2","2023081504",0,9.2,86,3,295,5.6,87.352,3.412,16.717,,,,,,,,,,,,,,,,,,,,,,
"418","FLATHEAD 2","2023081505",0,8.8,89,1.7,314,5.6,86.595,2.869,14.657,,,,,,,,,,,,,,,,,,,,,,
"418","FLATHEAD 2","2023081506",0,11.1,80,2.9,344,5.6,86.168,2.87,14.659,,,,,,,,,,,,,,,,,,,,,,
"418","FLATHEAD 2","2023081507",0,16.5,58,1.9,102,6.8,86.216,2.747,14.173,,,,,,,,,,,,,,,,,,,,,,
"418","FLATHEAD 2","2023081508",0,22.2,41,4.1,125,7.9,86.665,3.27,16.193,,,,,,,,,,,,,,,,,,,,,,
"418","FLATHEAD 2","2023081509",0,26.4,30,5.5,155,10.8,87.619,4.02,18.877,,,,,,,,,,,,,,,,,,,,,,
"418","FLATHEAD 2","2023081510",0,29.4,27,7.1,136,15.4,88.756,5.129,22.499,,,,,,,,,,,,,,,,,,,,,,
"418","FLATHEAD 2","2023081511",0,32.5,21,7.6,139,18.3,90.199,6.469,26.467,,,,,,,,,,,,,,,,,,,,,,
"418","FLATHEAD 2","2023081512",0,34.5,13,11.8,245,32.1,92.044,10.395,36.41,0,97.203,21.131,57.959,104.455,537.365,140.589,5,,,,,,,,,,,,,,
"418","FLATHEAD 2","2023081513",0,34.9,11,10.2,240,29.2,93.552,11.85,40.272,,,,,,,,,,,,,,,,,,,,,,
"418","FLATHEAD 2","2023081514",0,35,14,10,259,29.8,94.512,13.4,43.58,,,,,,,,,,,,,,,,,,,,,,
"418","FLATHEAD 2","2023081515",0,34.2,16,13.5,263,31.6,95.093,17.313,51.232,,,,,,,,,,,,,,,,,,,,,,
"418","FLATHEAD 2","2023081516",0,33.4,16,11.2,264,38.5,95.472,16.237,49.215,,,,,,,,,,,,,,,,,,,,,,
"418","FLATHEAD 2","2023081517",0,31.7,19,9.6,254,24.1,95.523,15.083,46.983,,,,,,,,,,,,,,,,,,,,,,
"418","FLATHEAD 2","2023081518",0,28.8,22,8.4,262,24.6,95.574,14.297,45.417,,,,,,,,,,,,,,,,,,,,,,
"418","FLATHEAD 2","2023081519",0,25.8,35,3.7,207,16,95.279,10.838,38.005,,,,,,,,,,,,,,,,,,,,,,
"418","FLATHEAD 2","2023081520",0,23.2,39,2.7,245,17.7,94.914,9.802,35.586,,,,,,,,,,,,,,,,,,,,,,
"418","FLATHEAD 2","2023081521",0,21.1,44,4.1,263,10.8,94.421,9.829,35.65,,,,,,,,,,,,,,,,,,,,,,
"418","FLATHEAD 2","2023081522",0,21.4,40,5.8,273,14.9,94.064,10.193,36.511,,,,,,,,,,,,,,,,,,,,,,
"418","FLATHEAD 2","2023081523",0,20.5,44,3.8,101,15.4,93.672,8.728,32.953,,,,,,,,,,,,,,,,,,,,,,
"419","JOHNSON LAKE","2023081500",0,20.7,39,9.5,29,18.3,94.692,13.395,48.028,,,,,,,,,,,,,,,,,,,,,,
"419","JOHNSON LAKE","2023081501",0,19.7,42,6.9,26,14.3,94.227,11.02,42.427,,,,,,,,,,,,,,,,,,,,,,
"419","JOHNSON LAKE","2023081502",0,18.5,46,8.7,42,12.5,93.683,11.189,42.842,,,,,,,,,,,,,,,,,,,,,,
"419","JOHNSON LAKE","2023081503",0,17,50,8,330,12,93.109,9.97,39.776,,,,,,,,,,,,,,,,,,,,,,
"419","JOHNSON LAKE","2023081504",0,15,57,7,48,12.5,92.446,8.638,36.225,,,,,,,,,,,,,,,,,,,,,,
"419","JOHNSON LAKE","2023081505",0,12.9,65,5.5,61,10.8,91.704,7.212,32.144,,,,,,,,,,,,,,,,,,,,,,
"419","JOHNSON LAKE","2023081506",0,12.9,65,3.5,180,7.4,91.088,5.974,28.305,,,,,,,,,,,,,,,,,,,,,,
"419","JOHNSON LAKE","2023081507",0,18.5,48,5,34,7.4,90.905,6.278,29.275,,,,,,,,,,,,,,,,,,,,,,
"419","JOHNSON LAKE","2023081508",0,22.4,37,9.4,347,14.3,90.955,7.891,34.129,,,,,,,,,,,,,,,,,,,,,,
"419","JOHNSON LAKE","2023081509",0,26.5,28,6.9,12,14.3,91.295,7.303,32.414,,,,,,,,,,,,,,,,,,,,,,
"419","JOHNSON LAKE","2023081510",0,29.6,23,7.4,323,13.1,91.928,8.193,34.985,,,,,,,,,,,,,,,,,,,,,,
"419","JOHNSON LAKE","2023081511",0,31.8,19,12.8,202,18.9,92.817,12.19,45.247,,,,,,,,,,,,,,,,,,,,,,
"419","JOHNSON LAKE","2023081512",0,34.4,16,10.7,178,21.8,93.812,12.599,46.206,0,96.545,18.305,58.335,284.403,813.37,303.501,5,,,,,,,,,,,,,,
"419","JOHNSON LAKE","2023081513",0,36,15,12.2,196,21.8,94.739,15.447,52.526,,,,,,,,,,,,,,,,,,,,,,
"419","JOHNSON LAKE","2023081514",0,36.9,13,12.2,170,25.2,95.598,17.371,56.485,,,,,,,,,,,,,,,,,,,,,,
"419","JOHNSON LAKE","2023081515",0,38.5,10,12.3,203,29.8,96.502,19.73,61.071,,,,,,,,,,,,,,,,,,,,,,
"419","JOHNSON LAKE","2023081516",0,37.7,12,16.3,245,31.6,96.993,25.776,71.755,,,,,,,,,,,,,,,,,,,,,,
"419","JOHNSON LAKE","2023081517",0,36.5,13,13.9,238,31,97.206,23.5,67.889,,,,,,,,,,,,,,,,,,,,,,
"419","JOHNSON LAKE","2023081518",0,34.9,15,8.5,218,21.2,97.258,18.025,57.785,,,,,,,,,,,,,,,,,,,,,,
"419","JOHNSON LAKE","2023081519",0,31.8,20,2.5,107,14.9,97.248,13.304,47.838,,,,,,,,,,,,,,,,,,,,,,
"419","JOHNSON LAKE","2023081520",0,26.7,27,6.3,25,11.4,96.961,15.508,52.656,,,,,,,,,,,,,,,,,,,,,,
"419","JOHNSON LAKE","2023081521",0,23.7,32,2.2,319,10.2,96.62,12.05,44.931,,,,,,,,,,,,,,,,,,,,,,
"419","JOHNSON LAKE","2023081522",0,21.1,37,5.6,50,9.7,96.096,13.325,47.886,,,,,,,,,,,,,,,,,,,,,,
"419","JOHNSON LAKE","2023081523",0,19.4,42,4.4,80,9.1,95.519,11.599,43.853,,,,,,,,,,,,,,,,,,,,,,
"421","DEWAR CREEK","2023081500",0,16.4,53,3.6,49,9.1,91.53,6.394,16.622,,,,,,,,,,,,,,,,,,,,,,
"421","DEWAR CREEK","2023081501",0,16.4,52,5,61,9.7,91.195,6.542,16.911,,,,,,,,,,,,,,,,,,,,,,
"421","DEWAR CREEK","2023081502",0,16,57,3.7,70,6.8,90.804,5.795,15.432,,,,,,,,,,,,,,,,,,,,,,
"421","DEWAR CREEK","2023081503",0,15.6,58,5.1,77,7.4,90.412,5.88,15.604,,,,,,,,,,,,,,,,,,,,,,
"421","DEWAR CREEK","2023081504",0,15.3,58,4.2,97,6.8,90.074,5.354,14.525,,,,,,,,,,,,,,,,,,,,,,
"421","DEWAR CREEK","2023081505",0,15,57,4.4,62,8.5,89.789,5.192,14.184,,,,,,,,,,,,,,,,,,,,,,
"421","DEWAR CREEK","2023081506",0,14.6,65,4.6,79,8.5,89.358,4.93,13.624,,,,,,,,,,,,,,,,,,,,,,
"421","DEWAR CREEK","2023081507",0,14.8,63,4.8,75,7.4,89.018,4.743,13.218,,,,,,,,,,,,,,,,,,,,,,
"421","DEWAR CREEK","2023081508",0,16,58,3.9,77,7.9,88.838,4.417,12.494,,,,,,,,,,,,,,,,,,,,,,
"421","DEWAR CREEK","2023081509",0,22.9,44,2,89,6.2,88.892,4.045,11.644,,,,,,,,,,,,,,,,,,,,,,
"421","DEWAR CREEK","2023081510",0,27.4,36,5.8,315,10.2,89.32,5.209,14.22,,,,,,,,,,,,,,,,,,,,,,
"421","DEWAR CREEK","2023081511",0,30.9,21,6.2,272,14.9,90.493,6.288,16.415,,,,,,,,,,,,,,,,,,,,,,
"421","DEWAR CREEK","2023081512",0,31.7,20,9.7,292,19.5,91.601,8.783,20.983,0,95.127,14.362,31.521,37.611,404.096,61.023,3,,,,,,,,,,,,,,
"421","DEWAR CREEK","2023081513",0,32.2,25,9,292,22.3,92.232,9.271,23.331,,,,,,,,,,,,,,,,,,,,,,
"421","DEWAR CREEK","2023081514",0,32.4,21,7.7,309,22.3,92.924,9.57,23.858,,,,,,,,,,,,,,,,,,,,,,
"421","DEWAR CREEK","2023081515",0,32.8,23,6.1,275,24.1,93.37,9.397,23.555,,,,,,,,,,,,,,,,,,,,,,
"421","DEWAR CREEK","2023081516",0,31.2,22,8.1,264,23.5,93.708,10.894,26.113,,,,,,,,,,,,,,,,,,,,,,
"421","DEWAR CREEK","2023081517",0,29.8,26,8,196,17.7,93.759,10.916,26.15,,,,,,,,,,,,,,,,,,,,,,
"421","DEWAR CREEK","2023081518",0,27.6,37,5.6,248,13.1,93.64,9.515,23.761,,,,,,,,,,,,,,,,,,,,,,
"421","DEWAR CREEK","2023081519",0,24,40,4,88,11.4,93.419,8.512,21.961,,,,,,,,,,,,,,,,,,,,,,
"421","DEWAR CREEK","2023081520",0,21.8,41,4.3,65,6.8,93.174,8.35,21.662,,,,,,,,,,,,,,,,,,,,,,
"421","DEWAR CREEK","2023081521",0,21,46,4.8,78,7.4,92.821,8.15,21.29,,,,,,,,,,,,,,,,,,,,,,
"421","DEWAR CREEK","2023081522",0,20.6,45,4.3,41,8.5,92.538,7.637,20.317,,,,,,,,,,,,,,,,,,,,,,
"421","DEWAR CREEK","2023081523",0,19.8,44,4.7,54,7.9,92.298,7.534,20.119,,,,,,,,,,,,,,,,,,,,,,
"425","EMILY CREEK","2023081500",,,,,,,,,,,,,,,,,,,,,,,,,,,,,,,
"425","EMILY CREEK","2023081501",,,,,,,,,,,,,,,,,,,,,,,,,,,,,,,
"425","EMILY CREEK","2023081502",,,,,,,,,,,,,,,,,,,,,,,,,,,,,,,
"425","EMILY CREEK","2023081503",0,11.6,67,5.3,359,7.4,93.926,9.751,37.326,,,,,,,,,,,,,,,,,,,,,,
"425","EMILY CREEK","2023081504",0,11,70,6.2,355,7.9,92.895,8.837,34.991,,,,,,,,,,,,,,,,,,,,,,
"425","EMILY CREEK","2023081505",0,10.8,72,4.4,337,6.8,91.979,7.094,30.217,,,,,,,,,,,,,,,,,,,,,,
"425","EMILY CREEK","2023081506",0,14,64,3,161,5.6,91.363,6.058,27.137,,,,,,,,,,,,,,,,,,,,,,
"425","EMILY CREEK","2023081507",0,21.4,39,2.4,196,7.4,91.383,5.895,26.631,,,,,,,,,,,,,,,,,,,,,,
"425","EMILY CREEK","2023081508",0,24.6,34,4.9,149,9.1,91.433,6.733,29.167,,,,,,,,,,,,,,,,,,,,,,
"425","EMILY CREEK","2023081509",0,28,28,9.1,112,15.4,91.758,8.713,34.666,,,,,,,,,,,,,,,,,,,,,,
"425","EMILY CREEK","2023081510",0,30.3,25,9.6,81,20,92.26,9.593,36.929,,,,,,,,,,,,,,,,,,,,,,
"425","EMILY CREEK","2023081511",0,31.8,22,14.5,82,26.4,92.921,13.476,45.965,,,,,,,,,,,,,,,,,,,,,,
"425","EMILY CREEK","2023081512",0,33.4,20,13.8,75,26.9,93.625,14.353,47.834,0,95.534,18.665,56.648,148.422,549.406,177.181,5,,,,,,,,,,,,,,
"425","EMILY CREEK","2023081513",0,35.8,15,13.7,231,26.4,94.606,16.356,52.2,,,,,,,,,,,,,,,,,,,,,,
"425","EMILY CREEK","2023081514",0,35.8,15,18.4,272,35.6,95.355,22.967,64.296,,,,,,,,,,,,,,,,,,,,,,
"425","EMILY CREEK","2023081515",0,35.3,14,18.2,235,34.4,95.923,24.563,66.958,,,,,,,,,,,,,,,,,,,,,,
"425","EMILY CREEK","2023081516",0,34.4,16,14.4,255,36.7,96.148,20.908,60.729,,,,,,,,,,,,,,,,,,,,,,
"425","EMILY CREEK","2023081517",0,32,19,15.2,265,31,96.199,21.921,62.503,,,,,,,,,,,,,,,,,,,,,,
"425","EMILY CREEK","2023081518",0,30.9,21,12,278,26.9,96.25,18.785,56.873,,,,,,,,,,,,,,,,,,,,,,
"425","EMILY CREEK","2023081519",0,28.2,26,6.2,286,22.3,96.126,13.791,46.903,,,,,,,,,,,,,,,,,,,,,,
"425","EMILY CREEK","2023081520",0,24.5,34,7.2,314,17.7,95.733,13.753,46.821,,,,,,,,,,,,,,,,,,,,,,
"425","EMILY CREEK","2023081521",0,21.1,41,6.1,298,12,95.187,12.077,43.109,,,,,,,,,,,,,,,,,,,,,,
"425","EMILY CREEK","2023081522",0,19.1,45,5.6,309,10.8,94.605,10.873,40.294,,,,,,,,,,,,,,,,,,,,,,
"425","EMILY CREEK","2023081523",0,18.1,48,4.3,347,9.1,94.04,9.419,36.702,,,,,,,,,,,,,,,,,,,,,,
"426","CRANBROOK","2023081500",0,19.6,44,8.1,250,16,94.115,11.527,41.417,,,,,,,,,,,,,,,1,,,1,,,,
"426","CRANBROOK","2023081501",0,17.9,49,8.5,250,12,93.506,10.807,39.728,,,,,,,,,,,,,,,1,,,1,,,,
"426","CRANBROOK","2023081502",0,17.3,51,7.1,272,16.6,92.94,9.306,36.036,,,,,,,,,,,,,,,1,,,1,,,,
"426","CRANBROOK","2023081503",0,15.5,55,3.7,278,12,92.406,7.274,30.588,,,,,,,,,,,,,,,1,,,1,,,,
"426","CRANBROOK","2023081504",0,14.4,58,6.8,271,11.4,91.806,7.813,32.091,,,,,,,,,,,,,,,1,,,1,,,,
"426","CRANBROOK","2023081505",0,14.6,60,5.8,266,9.7,91.243,6.858,29.393,,,,,,,,,,,,,,,1,,,1,,,,
"426","CRANBROOK","2023081506",0,18.3,47,6.4,289,10.2,91.052,6.879,29.455,,,,,,,,,,,,,,,1,,,1,,,,
"426","CRANBROOK","2023081507",0,22.7,37,8.7,32,13.7,91.102,7.779,31.998,,,,,,,,,,,,,,,1,,,1,,,,
"426","CRANBROOK","2023081508",0,24.9,31,6.1,89,13.1,91.25,6.97,29.717,,,,,,,,,,,,,,,1,,,1,,,,
"426","CRANBROOK","2023081509",0,27.9,27,6.9,97,12.5,91.634,7.662,31.676,,,,,,,,,,,,,,,1,,,1,,,,
"426","CRANBROOK","2023081510",0,30,23,8.1,116,13.7,92.228,8.854,34.872,,,,,,,,,,,,,,,1,,,1,,,,
"426","CRANBROOK","2023081511",0,31.9,22,6.6,145,15.4,92.83,8.936,35.085,,,,,,,,,,,,,,,1,,,1,,,,
"426","CRANBROOK","2023081512",0,34.8,17,7.9,154,18.3,93.75,10.848,39.826,0,96.364,15.515,50.403,121.945,776.313,175.12,5,,,,,,,1,,,1,,,,
"426","CRANBROOK","2023081513",0,36.8,14,17.2,238,32.1,94.871,20.236,59.407,,,,,,,,,,,,,,,1,,,1,,,,
"426","CRANBROOK","2023081514",0,36.9,14,15.4,227,31.6,95.659,20.579,60.022,,,,,,,,,,,,,,,1,,,1,,,,
"426","CRANBROOK","2023081515",0,36.9,14,16.3,245,32.1,96.224,23.247,64.639,,,,,,,,,,,,,,,1,,,1,,,,
"426","CRANBROOK","2023081516",0,36.6,14,11.9,251,28.7,96.59,19.566,58.194,,,,,,,,,,,,,,,1,,,1,,,,
"426","CRANBROOK","2023081517",0,34.9,16,13.5,250,33.3,96.657,21.4,61.471,,,,,,,,,,,,,,,1,,,1,,,,
"426","CRANBROOK","2023081518",0,33.1,18,10.1,257,24.1,96.709,18.155,55.575,,,,,,,,,,,,,,,1,,,1,,,,
"426","CRANBROOK","2023081519",0,29.5,23,2.4,244,18.3,96.655,12.229,43.362,,,,,,,,,,,,,,,1,,,1,,,,
"426","CRANBROOK","2023081520",0,26.5,27,3.2,264,9.7,96.47,12.419,43.79,,,,,,,,,,,,,,,1,,,1,,,,
"426","CRANBROOK","2023081521",0,24.2,32,5,267,9.1,96.125,12.98,45.041,,,,,,,,,,,,,,,1,,,1,,,,
"426","CRANBROOK","2023081522",0,24.2,33,7.9,256,12.5,95.752,14.283,47.851,,,,,,,,,,,,,,,1,,,1,,,,
"426","CRANBROOK","2023081523",0,22.5,37,4.9,262,12.5,95.341,11.611,41.945,,,,,,,,,,,,,,,1,,,1,,,,
"427","NASS CAMP","2023081500",1.2,14.6,100,1.8,339,5.1,25.519,0.001,0,,,,,,,,,,,,,,,,,,,,3129,,
"427","NASS CAMP","2023081501",0.6,14.6,100,0.1,328,6,22.279,0,0,,,,,,,,,,,,,,,,,,,,3129.6,,
"427","NASS CAMP","2023081502",1.4,14.6,100,1,201,6.2,16.112,0,0,,,,,,,,,,,,,,,,,,,,3131,,
"427","NASS CAMP","2023081503",0.4,14.7,100,1.9,239,16.6,14.876,0,0,,,,,,,,,,,,,,,,,,,,3131.4,,
"427","NASS CAMP","2023081504",0.6,14.7,100,1.9,39,6.5,13.214,0,0,,,,,,,,,,,,,,,,,,,,3132,,
"427","NASS CAMP","2023081505",0.4,14.8,100,1.5,17,6.9,12.278,0,0,,,,,,,,,,,,,,,,,,,,3132.4,,
"427","NASS CAMP","2023081506",0,14.7,100,0.7,19,4.7,12.302,0,0,,,,,,,,,,,,,,,,,,,,3132.4,,
"427","NASS CAMP","2023081507",0,15.1,100,0.2,118,6.7,12.326,0,0,,,,,,,,,,,,,,,,,,,,3132.4,,
"427","NASS CAMP","2023081508",0,17.3,100,7.1,217,14.7,12.35,0,0,,,,,,,,,,,,,,,,,,,,3132.4,,
"427","NASS CAMP","2023081509",0,17.7,93,5.4,215,20.3,13.41,0,0,,,,,,,,,,,,,,,,,,,,3132.4,,
"427","NASS CAMP","2023081510",0,20.9,73,13.3,232,22.4,17.596,0,0,,,,,,,,,,,,,,,,,,,,3132.4,,
"427","NASS CAMP","2023081511",0,21.8,65,11,224,35.7,22.305,0.001,0,,,,,,,,,,,,,,,,,,,,3132.4,,
"427","NASS CAMP","2023081512",0,21.8,67,11.2,208,27.8,26.809,0.002,0.001,5.8,52.605,0.388,0.138,1.56,293.956,3.079,1,,,,,,,,,,,,3132.4,,
"427","NASS CAMP","2023081513",0,23.2,56,11.8,214,32.4,32.278,0.011,0.004,,,,,,,,,,,,,,,,,,,,3132.4,,
"427","NASS CAMP","2023081514",0,23.6,57,11,216,28.7,37.467,0.036,0.013,,,,,,,,,,,,,,,,,,,,3132.4,,
"427","NASS CAMP","2023081515",0,21.9,60,15.7,227,27.5,42.318,0.117,0.042,,,,,,,,,,,,,,,,,,,,3132.4,,
"427","NASS CAMP","2023081516",0,21,63,9.7,216,28.9,46.08,0.158,0.056,,,,,,,,,,,,,,,,,,,,3132.4,,
"427","NASS CAMP","2023081517",0,20.2,67,8.4,210,29.9,49.188,0.226,0.081,,,,,,,,,,,,,,,,,,,,3132.4,,
"427","NASS CAMP","2023081518",0,19.9,61,11.4,218,30.8,52.639,0.393,0.14,,,,,,,,,,,,,,,,,,,,3132.4,,
"427","NASS CAMP","2023081519",0,18.9,66,8,209,29.8,55.256,0.427,0.152,,,,,,,,,,,,,,,,,,,,3132.4,,
"427","NASS CAMP","2023081520",0,16.6,72,7.2,206,16.3,57.174,0.482,0.171,,,,,,,,,,,,,,,,,,,,3132.4,,
"427","NASS CAMP","2023081521",0,15.7,73,7.6,212,20.9,58.903,0.559,0.199,,,,,,,,,,,,,,,,,,,,3132.4,,
"427","NASS CAMP","2023081522",0,15.5,72,6.3,202,23.7,60.5,0.58,0.206,,,,,,,,,,,,,,,,,,,,3132.4,,
"427","NASS CAMP","2023081523",0,14.8,73,7.9,198,18.2,62.007,0.684,0.243,,,,,,,,,,,,,,,,,,,,3132.4,,
"428","KISPIOX HUB","2023081500",0,14,94,3.6,46,7.4,82.472,1.811,9.822,,,,,,,,,,,,,,,,,,,,,,
"428","KISPIOX HUB","2023081501",0,14.4,95,3,105,6.2,81.823,1.623,8.949,,,,,,,,,,,,,,,,,,,,,,
"428","KISPIOX HUB","2023081502",0,14.4,93,4.2,310,9.1,81.373,1.635,9.005,,,,,,,,,,,,,,,,,,,,,,
"428","KISPIOX HUB","2023081503",0,14,100,2,56,6.8,80.452,1.32,7.459,,,,,,,,,,,,,,,,,,,,,,
"428","KISPIOX HUB","2023081504",0,13.9,100,2.3,4,7.4,79.632,1.23,6.996,,,,,,,,,,,,,,,,,,,,,,
"428","KISPIOX HUB","2023081505",0,13.9,100,3.1,272,7.9,78.888,1.191,6.795,,,,,,,,,,,,,,,,,,,,,,
"428","KISPIOX HUB","2023081506",0,13.9,100,3.4,229,6.2,78.229,1.14,6.523,,,,,,,,,,,,,,,,,,,,,,
"428","KISPIOX HUB","2023081507",0,14.5,100,2.4,161,6.8,77.67,1.035,5.95,,,,,,,,,,,,,,,,,,,,,,
"428","KISPIOX HUB","2023081508",0,16.1,93,4.3,134,13.1,77.715,1.143,6.537,,,,,,,,,,,,,,,,,,,,,,
"428","KISPIOX HUB","2023081509",0,18.4,87,4.8,237,10.2,77.836,1.184,6.754,,,,,,,,,,,,,,,,,,,,,,
"428","KISPIOX HUB","2023081510",0,19.7,80,14.4,252,22.3,78.222,1.983,10.595,,,,,,,,,,,,,,,,,,,,,,
"428","KISPIOX HUB","2023081511",0,21.3,70,8.7,145,19.5,78.863,1.576,8.725,,,,,,,,,,,,,,,,,,,,,,
"428","KISPIOX HUB","2023081512",0,24.4,56,7.6,168,13.1,79.978,1.664,9.142,0,86.872,4.018,18.518,86.041,618.208,127.663,5,,,,,,,,,,,,,,
"428","KISPIOX HUB","2023081513",0,23.8,47,6.8,336,22.3,81.186,1.824,9.99,,,,,,,,,,,,,,,,,,,,,,
"428","KISPIOX HUB","2023081514",0,26,34,12.5,252,24.6,83.02,3.039,15.022,,,,,,,,,,,,,,,,,,,,,,
"428","KISPIOX HUB","2023081515",0,25.7,37,20,255,32.7,84.534,5.417,22.968,,,,,,,,,,,,,,,,,,,,,,
"428","KISPIOX HUB","2023081516",0,23.3,41,19.1,278,48.8,85.448,5.87,24.302,,,,,,,,,,,,,,,,,,,,,,
"428","KISPIOX HUB","2023081517",0,21.9,46,12,312,31.6,85.927,4.388,19.75,,,,,,,,,,,,,,,,,,,,,,
"428","KISPIOX HUB","2023081518",0.4,20.9,46,16.4,304,38.5,78.335,2.215,11.718,,,,,,,,,,,,,,,,,,,,,,
"428","KISPIOX HUB","2023081519",0,19.1,49,15.4,323,31,79.59,2.37,12.369,,,,,,,,,,,,,,,,,,,,,,
"428","KISPIOX HUB","2023081520",0,18.4,52,16.1,322,39,80.569,2.72,13.788,,,,,,,,,,,,,,,,,,,,,,
"428","KISPIOX HUB","2023081521",0,17.7,52,12.9,346,30.4,81.355,2.529,13.025,,,,,,,,,,,,,,,,,,,,,,
"428","KISPIOX HUB","2023081522",0,17.4,53,11.4,326,33.9,81.995,2.53,13.028,,,,,,,,,,,,,,,,,,,,,,
"428","KISPIOX HUB","2023081523",0,17,55,7.7,284,23.5,82.465,2.225,11.758,,,,,,,,,,,,,,,,,,,,,,
"429","CEDARVALE","2023081500",0,22.2,49,20.4,282,45,88.682,9.919,18.329,,,,,,,,,,-345.1,,,,,,,,,,1635.4,,
"429","CEDARVALE","2023081501",0,21.7,53,18.1,276,43.8,88.726,8.89,16.898,,,,,,,,,,-346.7,,,,,,,,,,1635.4,,
"429","CEDARVALE","2023081502",0,21.4,59,22.3,274,38.9,88.574,10.748,19.438,,,,,,,,,,-360.5,,,,,,,,,,1635.4,,
"429","CEDARVALE","2023081503",0,20.5,65,20,274,44.3,88.247,9.133,17.242,,,,,,,,,,-350.9,,,,,,,,,,1635.4,,
"429","CEDARVALE","2023081504",0,20.4,66,22.6,276,45.2,87.933,9.954,18.376,,,,,,,,,,-353.9,,,,,,,,,,1635.4,,
"429","CEDARVALE","2023081505",0,19,78,20,274,36.6,87.22,7.885,15.435,,,,,,,,,,-346.9,,,,,,,,,,1635.4,,
"429","CEDARVALE","2023081506",0,19.1,75,20,275,39.3,86.758,7.384,14.68,,,,,,,,,,-366.7,,,,,,,,,,1635.4,,
"429","CEDARVALE","2023081507",0,20,72,18,277,42,86.509,6.444,13.206,,,,,,,,,,-329.6,,,,,,,,,,1635.4,,
"429","CEDARVALE","2023081508",0,21.9,67,14.8,263,34.5,86.516,5.49,11.622,,,,,,,,,,-350.4,,,,,,,,,,1635.4,,
"429","CEDARVALE","2023081509",0,21.8,66,15.2,274,28.6,86.549,5.628,11.858,,,,,,,,,,-351.3,,,,,,,,,,1635.4,,
"429","CEDARVALE","2023081510",0,23.4,56,13.3,269,27.2,86.645,5.184,11.094,,,,,,,,,,-335.7,,,,,,,,,,1635.4,,
"429","CEDARVALE","2023081511",0,25.5,47,15.7,260,30.1,87.07,6.214,12.833,,,,,,,,,,-313.8,,,,,,,,,,1635.4,,
"429","CEDARVALE","2023081512",0,27.3,39,10.6,242,33.9,87.747,5.295,11.286,0,90.238,7.568,16.231,22.694,450.054,40.308,3,,-357.9,,,,,,,,,,1635.4,,
"429","CEDARVALE","2023081513",0,28.1,33,15.1,250,33.5,88.633,7.542,16.188,,,,,,,,,,-338.2,,,,,,,,,,1635.4,,
"429","CEDARVALE","2023081514",0,28.3,31,14.8,248,32.4,89.439,8.339,17.454,,,,,,,,,,-318.6,,,,,,,,,,1635.4,,
"429","CEDARVALE","2023081515",0,27.4,26,12.4,254,32.9,90.233,8.28,17.362,,,,,,,,,,-320.8,,,,,,,,,,1635.4,,
"429","CEDARVALE","2023081516",0,27.6,28,13.1,265,29.6,90.798,9.299,18.914,,,,,,,,,,-307.8,,,,,,,,,,1635.4,,
"429","CEDARVALE","2023081517",0,28.1,26,12.8,253,30.6,91.363,9.927,19.837,,,,,,,,,,-298.1,,,,,,,,,,1635.4,,
"429","CEDARVALE","2023081518",0,25.1,32,10.3,257,21.8,91.444,8.853,18.243,,,,,,,,,,-264.2,,,,,,,,,,1635.4,,
"429","CEDARVALE","2023081519",0,23.6,35,7.9,247,21.1,91.494,7.9,16.763,,,,,,,,,,-310.8,,,,,,,,,,1635.4,,
"429","CEDARVALE","2023081520",0,22.5,35,8.6,252,22.9,91.544,8.242,17.302,,,,,,,,,,-297.5,,,,,,,,,,1635.4,,
"429","CEDARVALE","2023081521",0,21.8,37,7.6,244,24,91.588,7.886,16.742,,,,,,,,,,-278.9,,,,,,,,,,1635.4,,
"429","CEDARVALE","2023081522",0,21,38,8.9,241,24.4,91.589,8.421,17.581,,,,,,,,,,-276,,,,,,,,,,1635.4,,
"429","CEDARVALE","2023081523",0,20.6,38,9.1,257,19.4,91.582,8.498,17.7,,,,,,,,,,-299.1,,,,,,,,,,1635.4,,
"431","UPPER KISPIOX","2023081500",0.2,13.2,100,0.5,309,4.2,49.409,0.156,0.081,,,,,,,,,,,,,,,,,,,,2847.8,,
"431","UPPER KISPIOX","2023081501",0,13.2,100,0.1,147,4.8,49.445,0.154,0.08,,,,,,,,,,,,,,,,,,,,2847.8,,
"431","UPPER KISPIOX","2023081502",0.4,13.2,100,0.8,302,5.5,44.772,0.083,0.043,,,,,,,,,,,,,,,,,,,,2848.2,,
"431","UPPER KISPIOX","2023081503",0,13.2,100,0.7,132,5,44.806,0.083,0.043,,,,,,,,,,,,,,,,,,,,2848.2,,
"431","UPPER KISPIOX","2023081504",0.6,13.2,100,0.7,326,4.6,38.668,0.028,0.014,,,,,,,,,,,,,,,,,,,,2848.8,,
"431","UPPER KISPIOX","2023081505",0.8,13.3,100,0.8,180,5.4,31.86,0.006,0.003,,,,,,,,,,,,,,,,,,,,2849.6,,
"431","UPPER KISPIOX","2023081506",0,13.4,100,0.7,227,4.2,31.89,0.006,0.003,,,,,,,,,,,,,,,,,,,,2849.6,,
"431","UPPER KISPIOX","2023081507",0,14.2,100,0.7,202,4.3,31.92,0.006,0.003,,,,,,,,,,,,,,,,,,,,2849.6,,
"431","UPPER KISPIOX","2023081508",0,16.3,93,0.7,49,3.8,32.489,0.007,0.004,,,,,,,,,,,,,,,,,,,,2849.6,,
"431","UPPER KISPIOX","2023081509",0,19,85,5.3,152,9.9,34.332,0.014,0.007,,,,,,,,,,,,,,,,,,,,2849.6,,
"431","UPPER KISPIOX","2023081510",0,21.3,64,10.2,308,25.6,38.497,0.043,0.022,,,,,,,,,,,,,,,,,,,,2849.6,,
"431","UPPER KISPIOX","2023081511",0,21.5,57,9.7,314,27,42.883,0.095,0.049,,,,,,,,,,,,,,,,,,,,2849.6,,
"431","UPPER KISPIOX","2023081512",0,21.2,54,14.1,315,29.9,47.516,0.242,0.126,2.4,72.024,1.364,0.764,4.489,363.951,8.709,1,,,,,,,,,,,,2849.6,,
"431","UPPER KISPIOX","2023081513",0,22,47,12.5,310,29.1,52.208,0.397,0.223,,,,,,,,,,,,,,,,,,,,2849.6,,
"431","UPPER KISPIOX","2023081514",0,22.3,46,15.3,306,39.2,56.818,0.705,0.395,,,,,,,,,,,,,,,,,,,,2849.6,,
"431","UPPER KISPIOX","2023081515",0,22.2,47,13.6,295,33.4,60.823,0.854,0.479,,,,,,,,,,,,,,,,,,,,2849.6,,
"431","UPPER KISPIOX","2023081516",0,20.6,52,14.1,313,28.2,64.018,1.03,0.577,,,,,,,,,,,,,,,,,,,,2849.6,,
"431","UPPER KISPIOX","2023081517",0,19.8,57,14.2,319,34.8,66.604,1.145,0.642,,,,,,,,,,,,,,,,,,,,2849.6,,
"431","UPPER KISPIOX","2023081518",0,18.7,52,12.8,302,33.6,68.965,1.154,0.647,,,,,,,,,,,,,,,,,,,,2849.6,,
"431","UPPER KISPIOX","2023081519",0,17.3,56,10.4,323,31.5,70.751,1.083,0.607,,,,,,,,,,,,,,,,,,,,2849.6,,
"431","UPPER KISPIOX","2023081520",0,16.4,58,10.5,326,25.5,72.253,1.147,0.643,,,,,,,,,,,,,,,,,,,,2849.6,,
"431","UPPER KISPIOX","2023081521",0,15.5,64,7.4,334,20.2,73.31,1.024,0.574,,,,,,,,,,,,,,,,,,,,2849.6,,
"431","UPPER KISPIOX","2023081522",0,15.3,65,7.5,314,18.6,74.252,1.075,0.603,,,,,,,,,,,,,,,,,,,,2849.6,,
"431","UPPER KISPIOX","2023081523",0,15,64,9.5,323,18.1,75.179,1.249,0.7,,,,,,,,,,,,,,,,,,,,2849.6,,
"432","BELL-IRVING","2023081500",3.4,11.5,100,0.2,166,2.6,4.796,0,0,,,,,,,,,,,,,,,,,,,,714.2,,
"432","BELL-IRVING","2023081501",2.8,11.4,100,0,249,0,4.087,0,0,,,,,,,,,,,,,,,,,,,,717,,
"432","BELL-IRVING","2023081502",0.2,11.4,100,0.7,350,4.5,4.074,0,0,,,,,,,,,,,,,,,,,,,,717.2,,
"432","BELL-IRVING","2023081503",0,11,100,0,189,6.5,4.095,0,0,,,,,,,,,,,,,,,,,,,,717.2,,
"432","BELL-IRVING","2023081504",0,10.4,100,0,132,0,4.116,0,0,,,,,,,,,,,,,,,,,,,,717.2,,
"432","BELL-IRVING","2023081505",0,10.2,100,2.5,76,4.3,4.137,0,0,,,,,,,,,,,,,,,,,,,,717.2,,
"432","BELL-IRVING","2023081506",0,10.7,100,0,292,3.1,4.158,0,0,,,,,,,,,,,,,,,,,,,,717.2,,
"432","BELL-IRVING","2023081507",0,11.1,100,0.1,242,3.3,4.179,0,0,,,,,,,,,,,,,,,,,,,,717.2,,
"432","BELL-IRVING","2023081508",0,12.3,100,0.6,246,3.9,4.2,0,0,,,,,,,,,,,,,,,,,,,,717.2,,
"432","BELL-IRVING","2023081509",0,13.9,95,0.8,53,6,4.639,0,0,,,,,,,,,,,,,,,,,,,,717.2,,
"432","BELL-IRVING","2023081510",0,15,92,0.5,82,4.2,5.286,0,0,,,,,,,,,,,,,,,,,,,,717.2,,
"432","BELL-IRVING","2023081511",0,17.8,87,1.1,282,5.8,6.528,0,0,,,,,,,,,,,,,,,,,,,,717.2,,
"432","BELL-IRVING","2023081512",0,18.7,82,2.6,344,9,8.496,0,0,16.6,30.856,0.005,0.002,2.274,202.441,4.424,1,,,,,,,,,,,,717.2,,
"432","BELL-IRVING","2023081513",0,21.6,71,1.8,310,9.4,11.4,0,0,,,,,,,,,,,,,,,,,,,,717.2,,
"432","BELL-IRVING","2023081514",0,20.7,70,2.8,317,10.2,14.5,0,0,,,,,,,,,,,,,,,,,,,,717.2,,
"432","BELL-IRVING","2023081515",0,20.7,71,0.7,352,7.8,16.974,0,0,,,,,,,,,,,,,,,,,,,,717.2,,
"432","BELL-IRVING","2023081516",0,20.4,58,0,18,9.5,19.603,0,0,,,,,,,,,,,,,,,,,,,,717.2,,
"432","BELL-IRVING","2023081517",0,19.4,70,0.2,310,5.1,21.752,0,0,,,,,,,,,,,,,,,,,,,,717.2,,
"432","BELL-IRVING","2023081518",0,18.4,68,0,124,0,23.648,0,0,,,,,,,,,,,,,,,,,,,,717.2,,
"432","BELL-IRVING","2023081519",0,16,92,0,93,0,24.109,0.001,0,,,,,,,,,,,,,,,,,,,,717.2,,
"432","BELL-IRVING","2023081520",0,14.4,94,0,128,0,24.44,0.001,0,,,,,,,,,,,,,,,,,,,,717.2,,
"432","BELL-IRVING","2023081521",0,13.4,97,3,349,5.9,24.786,0.001,0,,,,,,,,,,,,,,,,,,,,717.2,,
"432","BELL-IRVING","2023081522",0,12.7,98,0.5,87,3.3,24.954,0.001,0,,,,,,,,,,,,,,,,,,,,717.2,,
"432","BELL-IRVING","2023081523",0,12.4,100,0.8,65,6.6,24.982,0.001,0,,,,,,,,,,,,,,,,,,,,717.2,,
"433","CRANBERRY","2023081500",0.6,12.8,100,5.5,145,11,32.242,0.008,0.004,,,,,,,,,,,,,,,,,,,,2826,,
"433","CRANBERRY","2023081501",1.2,12.9,100,3.7,123,10.9,24.159,0.001,0,,,,,,,,,,,,,,,,,,,,2827.2,,
"433","CRANBERRY","2023081502",1.2,13.1,100,8,141,18.5,18.282,0,0,,,,,,,,,,,,,,,,,,,,2828.4,,
"433","CRANBERRY","2023081503",0.4,13.1,100,3,350,15.3,16.826,0,0,,,,,,,,,,,,,,,,,,,,2828.8,,
"433","CRANBERRY","2023081504",2,12.6,100,4.7,343,9.2,10.797,0,0,,,,,,,,,,,,,,,,,,,,2830.8,,
"433","CRANBERRY","2023081505",1.4,12.8,100,0.4,100,11.2,8.433,0,0,,,,,,,,,,,,,,,,,,,,2832.2,,
"433","CRANBERRY","2023081506",0,14,100,3.5,18,9.1,8.455,0,0,,,,,,,,,,,,,,,,,,,,2832.2,,
"433","CRANBERRY","2023081507",0,14.6,100,8.4,341,17.2,8.477,0,0,,,,,,,,,,,,,,,,,,,,2832.2,,
"433","CRANBERRY","2023081508",0,16,91,11.9,271,22.8,10.05,0,0,,,,,,,,,,,,,,,,,,,,2832.2,,
"433","CRANBERRY","2023081509",0,17.7,86,7.5,273,27.6,12.099,0,0,,,,,,,,,,,,,,,,,,,,2832.2,,
"433","CRANBERRY","2023081510",0.2,17.7,78,11.4,235,32.7,14.828,0,0,,,,,,,,,,,,,,,,,,,,2832.4,,
"433","CRANBERRY","2023081511",0,18,72,15.1,237,26.3,18.793,0,0,,,,,,,,,,,,,,,,,,,,2832.4,,
"433","CRANBERRY","2023081512",0,18.7,64,18.9,245,36.8,23.683,0.001,0.001,9.4,55.74,0.772,0.336,2.63,269.556,5.135,1,,,,,,,,,,,,2832.4,,
"433","CRANBERRY","2023081513",0,19.4,57,17.7,262,37.3,28.95,0.006,0.003,,,,,,,,,,,,,,,,,,,,2832.4,,
"433","CRANBERRY","2023081514",0,22,50,14.3,265,33.6,34.702,0.023,0.01,,,,,,,,,,,,,,,,,,,,2832.4,,
"433","CRANBERRY","2023081515",0,19.3,55,14.5,274,37.8,39.422,0.064,0.028,,,,,,,,,,,,,,,,,,,,2832.4,,
"433","CRANBERRY","2023081516",0,17.4,54,17,291,33.3,43.812,0.16,0.07,,,,,,,,,,,,,,,,,,,,2832.4,,
"433","CRANBERRY","2023081517",0,17.2,55,22.9,271,41.7,48.194,0.413,0.18,,,,,,,,,,,,,,,,,,,,2832.4,,
"433","CRANBERRY","2023081518",0,16.5,57,13.3,278,34.6,51.58,0.386,0.168,,,,,,,,,,,,,,,,,,,,2832.4,,
"433","CRANBERRY","2023081519",0,15.5,60,14.4,281,34.6,54.561,0.554,0.241,,,,,,,,,,,,,,,,,,,,2832.4,,
"433","CRANBERRY","2023081520",0,14.7,64,11.9,272,31.4,56.976,0.602,0.262,,,,,,,,,,,,,,,,,,,,2832.4,,
"433","CRANBERRY","2023081521",0,14.1,70,15,229,31,59.061,0.82,0.357,,,,,,,,,,,,,,,,,,,,2832.4,,
"433","CRANBERRY","2023081522",0,13.9,69,18.2,233,33.5,61.147,1.097,0.477,,,,,,,,,,,,,,,,,,,,2832.4,,
"433","CRANBERRY","2023081523",0,13.7,68,18.2,237,39.8,63.112,1.215,0.529,,,,,,,,,,,,,,,,,,,,2832.4,,
"437","NOEL","2023081500",0,16.7,45,12,216,18.9,90.44,8.358,19.708,,,,,,,,,,5,,,,,,,,2,771.285,,,
"437","NOEL","2023081501",0,16.9,49,8.7,191,16.6,90.269,6.907,17.126,,,,,,,,,,-0.6,,,,,,,,2,771.827,,,
"437","NOEL","2023081502",0,18.4,47,14.9,212,23.5,90.166,9.302,21.289,,,,,,,,,,-25.3,,,,,,,,2,772.13,,,
"437","NOEL","2023081503",0,18.7,46,18.1,207,27.5,90.102,10.829,23.714,,,,,,,,,,-47.1,,,,,,,,2,771.803,,,
"437","NOEL","2023081504",0,19.1,44,16.2,214,31.6,90.107,9.848,22.173,,,,,,,,,,-63.9,,,,,,,,2,771.718,,,
"437","NOEL","2023081505",0,18.6,46,17.4,218,27.5,90.05,10.377,23.012,,,,,,,,,,-24.6,,,,,,,,2,771.819,,,
"437","NOEL","2023081506",0,18.4,51,12.8,215,26.9,89.884,8.037,19.153,,,,,,,,,,-56.7,,,,,,,,2,771.81,,,
"437","NOEL","2023081507",0,18.7,53,18.9,205,29.8,89.674,10.605,23.368,,,,,,,,,,25.4,,,,,,,,2,771.815,,,
"437","NOEL","2023081508",0,19.4,54,16.8,206,25.8,89.487,9.287,21.265,,,,,,,,,,19,,,,,,,,2,771.292,,,
"437","NOEL","2023081509",0,20.7,51,15.7,225,26.4,89.437,8.724,20.328,,,,,,,,,,-23,,,,,,,,2,771.14,,,
"437","NOEL","2023081510",0,20.9,52,20.9,224,33.3,89.364,11.22,24.311,,,,,,,,,,-99.8,,,,,,,,2,770.949,,,
"437","NOEL","2023081511",0,21.1,50,21.8,232,47.7,89.364,11.74,25.093,,,,,,,,,,-110.7,,,,,,,,2,770.771,,,
"437","NOEL","2023081512",0,21.1,51,21.2,227,48.2,89.336,11.345,24.5,0,89.414,11.472,25.488,32.143,427.939,54.123,4,,-81.4,,,,,,,,2,768.154,,,
"437","NOEL","2023081513",0,21.7,47,23.7,226,42.5,89.385,12.958,27.722,,,,,,,,,,-96.4,,,,,,,,2,771.637,,,
"437","NOEL","2023081514",0,22.1,38,34.1,228,62.6,89.529,22.34,39.829,,,,,,,,,,-121.4,,,,,,,,2,771.038,,,
"437","NOEL","2023081515",0,23.1,36,21.1,250,46.5,89.742,11.964,26.241,,,,,,,,,,-81.6,,,,,,,,2,767.758,,,
"437","NOEL","2023081516",0,22.2,41,19.8,245,43.1,89.791,11.285,25.199,,,,,,,,,,-93.8,,,,,,,,2,768.793,,,
"437","NOEL","2023081517",0,21.6,42,13.4,259,38.5,89.84,8.232,20.146,,,,,,,,,,-54.6,,,,,,,,2,770.814,,,
"437","NOEL","2023081518",0,21.4,43,10.5,261,43.1,89.889,7.163,18.2,,,,,,,,,,-25.6,,,,,,,,2,770.79,,,
"437","NOEL","2023081519",0,20.4,39,6.2,276,20.6,89.938,5.808,15.557,,,,,,,,,,8.4,,,,,,,,2,771.271,,,
"437","NOEL","2023081520",0,15.5,65,5.7,56,16,89.476,5.3,14.504,,,,,,,,,,-94.4,,,,,,,,2,772.537,,,
"437","NOEL","2023081521",0,12.1,82,2.3,340,7.9,88.692,3.99,11.593,,,,,,,,,,7.1,,,,,,,,2,772.754,,,
"437","NOEL","2023081522",0,11.2,86,4.5,160,8.5,87.793,3.919,11.426,,,,,,,,,,8.9,,,,,,,,2,772.637,,,
"437","NOEL","2023081523",0,12.3,79,2.2,224,9.1,87.282,3.244,9.775,,,,,,,,,,-40.2,,,,,,,,2,772.539,,,
"438","ELK MOUNTAIN","2023081500",0.6,11,99,1.8,209,4.5,70.076,0.687,0.544,,,,,,,,,0,0,,0,0,0,0,0,,0,0,,0,
"438","ELK MOUNTAIN","2023081501",2.2,11.1,100,3.8,324,6.2,39.532,0.038,0.03,,,,,,,,,0,0,,0,0,0,0,0,,0,0,,0,
"438","ELK MOUNTAIN","2023081502",1.2,10.9,100,2,40,4.5,29.434,0.003,0.003,,,,,,,,,0,0,,0,0,0,0,0,,0,0,,0,
"438","ELK MOUNTAIN","2023081503",1.2,10.5,100,2.1,228,4.5,22.118,0,0,,,,,,,,,0,0,,0,0,0,0,0,,0,0,,0,
"438","ELK MOUNTAIN","2023081504",0,10.3,100,2.2,71,4.5,22.145,0,0,,,,,,,,,0,0,,0,0,0,0,0,,0,0,,0,
"438","ELK MOUNTAIN","2023081505",0.2,9.5,100,2,346,4.5,21.226,0,0,,,,,,,,,0,0,,0,0,0,0,0,,0,0,,0,
"438","ELK MOUNTAIN","2023081506",0.6,10.8,100,1.6,317,5.6,18.614,0,0,,,,,,,,,0,0,,0,0,0,0,0,,0,0,,0,
"438","ELK MOUNTAIN","2023081507",0,11.2,100,2.2,272,5.1,18.64,0,0,,,,,,,,,0,0,,0,0,0,0,0,,0,0,,0,
"438","ELK MOUNTAIN","2023081508",0,12.9,90,4,306,6.8,19.727,0,0,,,,,,,,,0,0,,0,0,0,0,0,,0,0,,0,
"438","ELK MOUNTAIN","2023081509",0.4,12.2,95,3,60,9.7,18.641,0,0,,,,,,,,,0,0,,0,0,0,0,0,,0,0,,0,
"438","ELK MOUNTAIN","2023081510",0,14.1,87,4.7,301,8.5,20.105,0,0,,,,,,,,,0,0,,0,0,0,0,0,,0,0,,0,
"438","ELK MOUNTAIN","2023081511",0,15.4,83,4.4,259,9.1,21.95,0,0,,,,,,,,,0,0,,0,0,0,0,0,,0,0,,0,
"438","ELK MOUNTAIN","2023081512",0,16.4,82,7.6,158,12.5,24.228,0.001,0.001,6.4,47.088,0.164,0.104,7.153,57.698,10.921,1,0,0,,0,0,0,0,0,,0,0,,0,
"438","ELK MOUNTAIN","2023081513",0,17.5,68,4,168,13.1,27.192,0.002,0.001,,,,,,,,,0,0,,0,0,0,0,0,,0,0,,0,
"438","ELK MOUNTAIN","2023081514",0,16.8,73,5.9,7,29.8,29.953,0.005,0.003,,,,,,,,,0,0,,0,0,0,0,0,,0,0,,0,
"438","ELK MOUNTAIN","2023081515",0,21.4,46,6.9,276,21.8,34.966,0.017,0.011,,,,,,,,,0,0,,0,0,0,0,0,,0,0,,0,
"438","ELK MOUNTAIN","2023081516",0,22.8,44,6.3,286,23.5,40.069,0.048,0.031,,,,,,,,,0,0,,0,0,0,0,0,,0,0,,0,
"438","ELK MOUNTAIN","2023081517",0,21,51,7.4,342,22.9,44.38,0.108,0.069,,,,,,,,,0,0,,0,0,0,0,0,,0,0,,0,
"438","ELK MOUNTAIN","2023081518",0,21.4,53,9.8,326,17.7,48.648,0.227,0.144,,,,,,,,,0,0,,0,0,0,0,0,,0,0,,0,
"438","ELK MOUNTAIN","2023081519",0,18.8,77,3.6,351,15.4,50.465,0.208,0.132,,,,,,,,,0,0,,0,0,0,0,0,,0,0,,0,
"438","ELK MOUNTAIN","2023081520",0,14.3,94,2.8,139,5.6,50.9,0.21,0.133,,,,,,,,,0,0,,0,0,0,0,0,,0,0,,0,
"438","ELK MOUNTAIN","2023081521",0,12.4,97,3.1,156,5.6,51.122,0.219,0.139,,,,,,,,,0,0,,0,0,0,0,0,,0,0,,0,
"438","ELK MOUNTAIN","2023081522",0,10.5,99,3.3,14,5.1,51.215,0.224,0.142,,,,,,,,,0,0,,0,0,0,0,0,,0,0,,0,
"438","ELK MOUNTAIN","2023081523",0,10.3,100,2.5,298,3.9,51.252,0.216,0.137,,,,,,,,,0,0,,0,0,0,0,0,,0,0,,0,
"440","FIRESIDE","2023081500",1.6,9.6,98,1,241,4,49.065,0.154,0.136,,,,,,,,,,,,,,,,,,,,447.8,,
"440","FIRESIDE","2023081501",2,9.6,98,1,37,4.6,29.835,0.003,0.003,,,,,,,,,,,,,,,,,,,,449.8,,
"440","FIRESIDE","2023081502",1,9.4,98,1.8,158,5.4,23.714,0.001,0,,,,,,,,,,,,,,,,,,,,450.8,,
"440","FIRESIDE","2023081503",0,9,98,0.4,85,3.9,23.86,0.001,0,,,,,,,,,,,,,,,,,,,,450.8,,
"440","FIRESIDE","2023081504",0,8.8,98,1.6,190,4.3,24.041,0.001,0.001,,,,,,,,,,,,,,,,,,,,450.8,,
"440","FIRESIDE","2023081505",0,9,98,0.4,290,3.7,24.186,0.001,0.001,,,,,,,,,,,,,,,,,,,,450.8,,
"440","FIRESIDE","2023081506",0,9.2,99,0.7,108,5.6,24.279,0.001,0.001,,,,,,,,,,,,,,,,,,,,450.8,,
"440","FIRESIDE","2023081507",0,9.3,98,2.1,169,7.1,24.474,0.001,0.001,,,,,,,,,,,,,,,,,,,,450.8,,
"440","FIRESIDE","2023081508",0,10.9,98,0,220,5.3,24.588,0.001,0.001,,,,,,,,,,,,,,,,,,,,450.8,,
"440","FIRESIDE","2023081509",0,11.6,95,5.7,335,10.9,25.196,0.001,0.001,,,,,,,,,,,,,,,,,,,,450.8,,
"440","FIRESIDE","2023081510",0,14.8,79,5.7,339,11.2,27.373,0.002,0.002,,,,,,,,,,,,,,,,,,,,450.8,,
"440","FIRESIDE","2023081511",0,15.8,76,4.7,329,13.4,29.706,0.004,0.004,,,,,,,,,,,,,,,,,,,,450.8,,
"440","FIRESIDE","2023081512",0,18.7,57,11.7,296,22.6,34.176,0.018,0.016,5,65.574,0.973,0.725,7.706,311.7,14.514,1,,,,,,,,,,,,450.8,,
"440","FIRESIDE","2023081513",0,19.5,50,10.2,277,23.9,38.846,0.046,0.035,,,,,,,,,,,,,,,,,,,,450.8,,
"440","FIRESIDE","2023081514",0,18.4,55,11.6,275,25.1,42.993,0.107,0.079,,,,,,,,,,,,,,,,,,,,450.8,,
"440","FIRESIDE","2023081515",0,19.2,57,5.8,330,14,46.416,0.136,0.102,,,,,,,,,,,,,,,,,,,,450.8,,
"440","FIRESIDE","2023081516",0,19,53,6.9,292,12.8,49.939,0.231,0.172,,,,,,,,,,,,,,,,,,,,450.8,,
"440","FIRESIDE","2023081517",0,17.3,59,5.6,288,14.1,52.673,0.295,0.22,,,,,,,,,,,,,,,,,,,,450.8,,
"440","FIRESIDE","2023081518",0,16.5,62,4.6,231,12.6,54.967,0.351,0.261,,,,,,,,,,,,,,,,,,,,450.8,,
"440","FIRESIDE","2023081519",0,15.3,81,4.1,226,10.1,56.17,0.38,0.283,,,,,,,,,,,,,,,,,,,,450.8,,
"440","FIRESIDE","2023081520",0,13.8,83,3.9,230,17.8,57.155,0.408,0.304,,,,,,,,,,,,,,,,,,,,450.8,,
"440","FIRESIDE","2023081521",0.2,12.1,96,2.1,292,8.9,54.523,0.297,0.221,,,,,,,,,,,,,,,,,,,,451,,
"440","FIRESIDE","2023081522",0,11.5,96,2.2,283,12.5,54.751,0.305,0.227,,,,,,,,,,,,,,,,,,,,451,,
"440","FIRESIDE","2023081523",0,11,96,2.9,252,7.2,54.987,0.323,0.24,,,,,,,,,,,,,,,,,,,,451,,
"444","KETCHIKA","2023081500",0,12.7,86,9,135,20.6,87.967,5.041,17.831,,,,,,,,,0,0,,0,0,0,0,0,,0,0,,0,
"444","KETCHIKA","2023081501",0,12.2,85,10.2,135,22.9,87.078,4.716,16.97,,,,,,,,,0,0,,0,0,0,0,0,,0,0,,0,
"444","KETCHIKA","2023081502",0.2,11.5,95,8.4,132,20.6,81.492,2.049,8.705,,,,,,,,,0,0,,0,0,0,0,0,,0,0,,0,
"444","KETCHIKA","2023081503",0,12,90,9.1,137,29.8,81.208,2.053,8.722,,,,,,,,,0,0,,0,0,0,0,0,,0,0,,0,
"444","KETCHIKA","2023081504",0,12,88,7.2,137,19.5,81.065,1.836,7.907,,,,,,,,,0,0,,0,0,0,0,0,,0,0,,0,
"444","KETCHIKA","2023081505",0,12.8,83,8.9,137,24.1,81.111,2.01,8.564,,,,,,,,,0,0,,0,0,0,0,0,,0,0,,0,
"444","KETCHIKA","2023081506",0,13.2,82,10,130,21.8,81.157,2.136,9.024,,,,,,,,,0,0,,0,0,0,0,0,,0,0,,0,
"444","KETCHIKA","2023081507",0,13.3,83,6.2,173,21.8,81.203,1.773,7.667,,,,,,,,,0,0,,0,0,0,0,0,,0,0,,0,
"444","KETCHIKA","2023081508",0.2,13.2,93,3.9,190,16.6,76.781,1.043,4.599,,,,,,,,,0,0,,0,0,0,0,0,,0,0,,0,
"444","KETCHIKA","2023081509",0,13.8,92,6.1,124,14.9,76.826,1.169,5.17,,,,,,,,,0,0,,0,0,0,0,0,,0,0,,0,
"444","KETCHIKA","2023081510",0,13.8,76,6,288,21.8,77.181,1.194,5.281,,,,,,,,,0,0,,0,0,0,0,0,,0,0,,0,
"444","KETCHIKA","2023081511",0,15.5,64,4.1,233,9.7,77.775,1.137,5.026,,,,,,,,,0,0,,0,0,0,0,0,,0,0,,0,
"444","KETCHIKA","2023081512",0,17,59,3.5,196,9.1,78.466,1.17,5.173,0.4,88.41,4.071,15.43,49.729,846.502,86.722,4,0,0,,0,0,0,0,0,,0,0,,0,
"444","KETCHIKA","2023081513",0,19.2,50,3.9,121,8.5,79.415,1.305,5.88,,,,,,,,,0,0,,0,0,0,0,0,,0,0,,0,
"444","KETCHIKA","2023081514",0,20.5,50,3.7,151,7.9,80.324,1.418,6.366,,,,,,,,,0,0,,0,0,0,0,0,,0,0,,0,
"444","KETCHIKA","2023081515",0,19.3,52,5.7,137,13.1,81.089,1.707,7.549,,,,,,,,,0,0,,0,0,0,0,0,,0,0,,0,
"444","KETCHIKA","2023081516",0,22.8,34,6.6,230,16,82.515,2.118,9.121,,,,,,,,,0,0,,0,0,0,0,0,,0,0,,0,
"444","KETCHIKA","2023081517",0,23.3,33,8.8,271,17.7,83.875,2.82,11.57,,,,,,,,,0,0,,0,0,0,0,0,,0,0,,0,
"444","KETCHIKA","2023081518",0,22.6,37,6.5,241,16,84.81,2.849,11.666,,,,,,,,,0,0,,0,0,0,0,0,,0,0,,0,
"444","KETCHIKA","2023081519",0,19.5,46,3.5,242,17.2,85.206,2.586,10.783,,,,,,,,,0,0,,0,0,0,0,0,,0,0,,0,
"444","KETCHIKA","2023081520",0,17.5,53,4,164,12.5,85.375,2.715,11.219,,,,,,,,,0,0,,0,0,0,0,0,,0,0,,0,
"444","KETCHIKA","2023081521",0,15.4,64,3.1,356,10.8,85.423,2.612,10.87,,,,,,,,,0,0,,0,0,0,0,0,,0,0,,0,
"444","KETCHIKA","2023081522",0,12.5,75,4.6,98,6.8,85.235,2.745,11.319,,,,,,,,,0,0,,0,0,0,0,0,,0,0,,0,
"444","KETCHIKA","2023081523",0,12.2,76,3.8,128,12,85.047,2.568,10.721,,,,,,,,,0,0,,0,0,0,0,0,,0,0,,0,
"445","BOYA LAKE","2023081500",0.2,10.2,97,1.3,167,4.6,77.595,0.973,2.044,,,,,,,,,,,,,,,,,,,,3879.8,,
"445","BOYA LAKE","2023081501",0,9.5,97,1,147,10.1,77.377,0.942,1.94,,,,,,,,,,,,,,,,,,,,3879.8,,
"445","BOYA LAKE","2023081502",0.2,9.6,99,0.2,224,5.3,73.226,0.71,0.977,,,,,,,,,,,,,,,,,,,,3880,,
"445","BOYA LAKE","2023081503",0,9.9,98,1.9,205,10.8,73.27,0.775,1.308,,,,,,,,,,,,,,,,,,,,3880,,
"445","BOYA LAKE","2023081504",0,10,97,3.5,190,11.2,73.314,0.842,1.581,,,,,,,,,,,,,,,,,,,,3880,,
"445","BOYA LAKE","2023081505",0,10,97,5.6,188,13,73.358,0.937,1.923,,,,,,,,,,,,,,,,,,,,3880,,
"445","BOYA LAKE","2023081506",0,10.1,97,4.1,215,11.7,73.402,0.871,1.689,,,,,,,,,,,,,,,,,,,,3880,,
"445","BOYA LAKE","2023081507",0,11.3,94,1.6,185,7.6,73.471,0.77,1.285,,,,,,,,,,,,,,,,,,,,3880,,
"445","BOYA LAKE","2023081508",0,12.4,86,4.7,209,18.1,73.726,0.91,1.831,,,,,,,,,,,,,,,,,,,,3880,,
"445","BOYA LAKE","2023081509",0,15,61,7.9,210,17.8,74.736,1.124,2.527,,,,,,,,,,,,,,,,,,,,3880,,
"445","BOYA LAKE","2023081510",0,18.4,45,7,110,17.5,76.265,1.177,2.688,,,,,,,,,,,,,,,,,,,,3880,,
"445","BOYA LAKE","2023081511",0,19.1,41,11.9,231,28.8,77.954,1.709,4.19,,,,,,,,,,,,,,,,,,,,3880,,
"445","BOYA LAKE","2023081512",0,20.4,38,16.3,232,37.1,79.739,2.517,6.197,0.6,88.753,8.151,17.572,23.208,579.27,42.19,3,,,,,,,,,,,,3880,,
"445","BOYA LAKE","2023081513",0,21.7,35,11.2,238,35.4,81.366,2.325,6.205,,,,,,,,,,,,,,,,,,,,3880,,
"445","BOYA LAKE","2023081514",0,18.7,44,13.7,239,33.9,82.335,2.962,7.754,,,,,,,,,,,,,,,,,,,,3880,,
"445","BOYA LAKE","2023081515",0,19,42,12.2,260,34.1,83.232,3.076,8.019,,,,,,,,,,,,,,,,,,,,3880,,
"445","BOYA LAKE","2023081516",0,20.7,36,10.1,240,29.8,84.252,3.166,8.225,,,,,,,,,,,,,,,,,,,,3880,,
"445","BOYA LAKE","2023081517",0,20.3,41,11.7,240,26.1,84.978,3.788,9.598,,,,,,,,,,,,,,,,,,,,3880,,
"445","BOYA LAKE","2023081518",0,18,47,13.2,241,34.5,85.363,4.309,10.686,,,,,,,,,,,,,,,,,,,,3880,,
"445","BOYA LAKE","2023081519",0,16.5,55,11.8,228,40.3,85.476,4.079,10.211,,,,,,,,,,,,,,,,,,,,3880,,
"445","BOYA LAKE","2023081520",0,15.2,59,10,225,25.9,85.524,3.75,9.516,,,,,,,,,,,,,,,,,,,,3880,,
"445","BOYA LAKE","2023081521",0,13.2,72,5.1,163,18.1,85.399,2.879,7.559,,,,,,,,,,,,,,,,,,,,3880,,
"445","BOYA LAKE","2023081522",0,12.2,69,4.5,191,12.1,85.34,2.771,7.302,,,,,,,,,,,,,,,,,,,,3880,,
"445","BOYA LAKE","2023081523",0,11.2,74,4.3,163,13.5,85.175,2.681,7.086,,,,,,,,,,,,,,,,,,,,3880,,
"474","FROTH-WIND","2023081500",0,,0,15.2,315,20.6,,,,,,,,,,,,,,,,,,,,,,,,,
"474","FROTH-WIND","2023081501",0,,0,14.2,292,18.3,,,,,,,,,,,,,,,,,,,,,,,,,
"474","FROTH-WIND","2023081502",0,,0,10.3,286,14.9,,,,,,,,,,,,,,,,,,,,,,,,,
"474","FROTH-WIND","2023081503",0,,0,3.7,51,16.6,,,,,,,,,,,,,,,,,,,,,,,,,
"474","FROTH-WIND","2023081504",0,,0,13.3,290,21.2,,,,,,,,,,,,,,,,,,,,,,,,,
"474","FROTH-WIND","2023081505",0,,0,5.4,207,17.7,,,,,,,,,,,,,,,,,,,,,,,,,
"474","FROTH-WIND","2023081506",0,,0,5.7,212,12,,,,,,,,,,,,,,,,,,,,,,,,,
"474","FROTH-WIND","2023081507",0,,0,9.7,197,12,,,,,,,,,,,,,,,,,,,,,,,,,
"474","FROTH-WIND","2023081508",0,,0,9.8,199,13.7,,,,,,,,,,,,,,,,,,,,,,,,,
"474","FROTH-WIND","2023081509",0,,0,11.7,215,18.9,,,,,,,,,,,,,,,,,,,,,,,,,
"474","FROTH-WIND","2023081510",0,,0,13.5,209,20,,,,,,,,,,,,,,,,,,,,,,,,,
"474","FROTH-WIND","2023081511",0,,0,19.4,208,26.9,,,,,,,,,,,,,,,,,,,,,,,,,
"474","FROTH-WIND","2023081512",0,,0,19.6,210,31,,,,0,,,,,,,,,,,,,,,,,,,,,
"474","FROTH-WIND","2023081513",0,,0,20,210,28.7,,,,,,,,,,,,,,,,,,,,,,,,,
"474","FROTH-WIND","2023081514",0,,0,16.4,226,26.4,,,,,,,,,,,,,,,,,,,,,,,,,
"474","FROTH-WIND","2023081515",0,,0,12.3,297,29.8,,,,,,,,,,,,,,,,,,,,,,,,,
"474","FROTH-WIND","2023081516",0,,0,24.2,212,33.9,,,,,,,,,,,,,,,,,,,,,,,,,
"474","FROTH-WIND","2023081517",0,,0,14.6,216,40.8,,,,,,,,,,,,,,,,,,,,,,,,,
"474","FROTH-WIND","2023081518",0,,0,16.7,221,34.4,,,,,,,,,,,,,,,,,,,,,,,,,
"474","FROTH-WIND","2023081519",0,,0,12.4,229,25.8,,,,,,,,,,,,,,,,,,,,,,,,,
"474","FROTH-WIND","2023081520",0,,0,9.6,214,22.9,,,,,,,,,,,,,,,,,,,,,,,,,
"474","FROTH-WIND","2023081521",0,,0,7.9,90,23.5,,,,,,,,,,,,,,,,,,,,,,,,,
"474","FROTH-WIND","2023081522",0,,0,11.4,10,33.9,,,,,,,,,,,,,,,,,,,,,,,,,
"474","FROTH-WIND","2023081523",0,,0,12.4,208,27.5,,,,,,,,,,,,,,,,,,,,,,,,,
"480","SILVERSTAR SF","2023081500",0,17.1,48,0,342,0,,,,,,,,,,,,,,,,,,,,,,,,,
"480","SILVERSTAR SF","2023081501",0,16.9,48,0,0,0,,,,,,,,,,,,,,,,,,,,,,,,,
"480","SILVERSTAR SF","2023081502",0,18.1,45,0,29,0,,,,,,,,,,,,,,,,,,,,,,,,,
"480","SILVERSTAR SF","2023081503",0,17.8,45,0,24,0,,,,,,,,,,,,,,,,,,,,,,,,,
"480","SILVERSTAR SF","2023081504",0,16.7,48,0,359,0,,,,,,,,,,,,,,,,,,,,,,,,,
"480","SILVERSTAR SF","2023081505",0,16.3,49,0,5,0,,,,,,,,,,,,,,,,,,,,,,,,,
"480","SILVERSTAR SF","2023081506",0,18.2,45,0,354,0,,,,,,,,,,,,,,,,,,,,,,,,,
"480","SILVERSTAR SF","2023081507",0,21.3,39,0,341,0,,,,,,,,,,,,,,,,,,,,,,,,,
"480","SILVERSTAR SF","2023081508",0,22.9,38,0,276,0,,,,,,,,,,,,,,,,,,,,,,,,,
"480","SILVERSTAR SF","2023081509",0,23.8,36,0,164,0,,,,,,,,,,,,,,,,,,,,,,,,,
"480","SILVERSTAR SF","2023081510",0,23.7,36,0,183,0,,,,,,,,,,,,,,,,,,,,,,,,,
"480","SILVERSTAR SF","2023081511",0,25.6,31,0,220,0,,,,,,,,,,,,,,,,,,,,,,,,,
"480","SILVERSTAR SF","2023081512",0,27.4,30,0,239,0,,,,0,,,,,,,,,,,,,,,,,,,,,
"480","SILVERSTAR SF","2023081513",0,26.3,30,0,203,0,,,,,,,,,,,,,,,,,,,,,,,,,
"480","SILVERSTAR SF","2023081514",0,29.4,25,0,260,0,,,,,,,,,,,,,,,,,,,,,,,,,
"480","SILVERSTAR SF","2023081515",0,29,24,0,279,0,,,,,,,,,,,,,,,,,,,,,,,,,
"480","SILVERSTAR SF","2023081516",0,26.8,26,0,269,0,,,,,,,,,,,,,,,,,,,,,,,,,
"480","SILVERSTAR SF","2023081517",0,26.1,27,0,277,0,,,,,,,,,,,,,,,,,,,,,,,,,
"480","SILVERSTAR SF","2023081518",0,24.3,29,0,269,0,,,,,,,,,,,,,,,,,,,,,,,,,
"480","SILVERSTAR SF","2023081519",0,22.1,32,0,274,0,,,,,,,,,,,,,,,,,,,,,,,,,
"480","SILVERSTAR SF","2023081520",0,22,33,0,274,0,,,,,,,,,,,,,,,,,,,,,,,,,
"480","SILVERSTAR SF","2023081521",0,21,40,0,288,0,,,,,,,,,,,,,,,,,,,,,,,,,
"480","SILVERSTAR SF","2023081522",0,19.1,48,0,316,0,,,,,,,,,,,,,,,,,,,,,,,,,
"480","SILVERSTAR SF","2023081523",0,18.9,47,0,316,2.2,,,,,,,,,,,,,,,,,,,,,,,,,
"503","BAKER","2023081500",0,,0,13.4,10,23.5,,,,,,,,,,,,,,,,,,,,,,,,,
"503","BAKER","2023081501",0,,0,14,316,23.5,,,,,,,,,,,,,,,,,,,,,,,,,
"503","BAKER","2023081502",0,,0,15.7,328,23.5,,,,,,,,,,,,,,,,,,,,,,,,,
"503","BAKER","2023081503",0,,0,13.8,6,22.3,,,,,,,,,,,,,,,,,,,,,,,,,
"503","BAKER","2023081504",0,,0,15.3,345,22.9,,,,,,,,,,,,,,,,,,,,,,,,,
"503","BAKER","2023081505",0,,0,14.9,317,22.9,,,,,,,,,,,,,,,,,,,,,,,,,
"503","BAKER","2023081506",0,,0,13.4,297,18.3,,,,,,,,,,,,,,,,,,,,,,,,,
"503","BAKER","2023081507",0,,0,9.7,251,16.6,,,,,,,,,,,,,,,,,,,,,,,,,
"503","BAKER","2023081508",0,,0,10.1,243,13.1,,,,,,,,,,,,,,,,,,,,,,,,,
"503","BAKER","2023081509",0,,0,11.6,234,15.4,,,,,,,,,,,,,,,,,,,,,,,,,
"503","BAKER","2023081510",0,,0,11,246,21.2,,,,,,,,,,,,,,,,,,,,,,,,,
"503","BAKER","2023081511",0,,0,13.8,265,22.9,,,,,,,,,,,,,,,,,,,,,,,,,
"503","BAKER","2023081512",0,,0,12.6,237,25.2,,,,0,,,,,,,,,,,,,,,,,,,,,
"503","BAKER","2023081513",0,,0,11.6,245,24.6,,,,,,,,,,,,,,,,,,,,,,,,,
"503","BAKER","2023081514",0,,0,15,280,30.4,,,,,,,,,,,,,,,,,,,,,,,,,
"503","BAKER","2023081515",0,,0,16.6,242,35,,,,,,,,,,,,,,,,,,,,,,,,,
"503","BAKER","2023081516",0,,0,22.4,247,38.5,,,,,,,,,,,,,,,,,,,,,,,,,
"503","BAKER","2023081517",0,,0,21.3,247,42.5,,,,,,,,,,,,,,,,,,,,,,,,,
"503","BAKER","2023081518",0,,0,21.4,255,39.6,,,,,,,,,,,,,,,,,,,,,,,,,
"503","BAKER","2023081519",0,,0,25.4,259,42.5,,,,,,,,,,,,,,,,,,,,,,,,,
"503","BAKER","2023081520",0,,0,30.1,255,39.6,,,,,,,,,,,,,,,,,,,,,,,,,
"503","BAKER","2023081521",0,,0,30.9,254,43.6,,,,,,,,,,,,,,,,,,,,,,,,,
"503","BAKER","2023081522",0,,0,29.5,256,41.9,,,,,,,,,,,,,,,,,,,,,,,,,
"503","BAKER","2023081523",0,,0,27.6,255,37.9,,,,,,,,,,,,,,,,,,,,,,,,,
"554","CAPILANO GVRD","2023081500",0,18.1,90,0.9,33,3.8,85.433,2.341,7.408,,,,,,,,,,,,,,,,,,,,,,
"554","CAPILANO GVRD","2023081501",0,18,86,0.5,24,3.9,84.998,2.16,6.886,,,,,,,,,,,,,,,,,,,,,,
"554","CAPILANO GVRD","2023081502",0,17,91,1.6,31,4.8,84.326,2.084,6.659,,,,,,,,,,,,,,,,,,,,,,
"554","CAPILANO GVRD","2023081503",0,16.3,94,0,333,3.8,83.683,1.764,5.684,,,,,,,,,,,,,,,,,,,,,,
"554","CAPILANO GVRD","2023081504",0,15.8,95,1.9,331,3.9,82.905,1.756,5.656,,,,,,,,,,,,,,,,,,,,,,
"554","CAPILANO GVRD","2023081505",0,15.8,95,0.2,20,3.9,82.31,1.496,4.816,,,,,,,,,,,,,,,,,,,,,,
"554","CAPILANO GVRD","2023081506",0,16,94,0,24,3.8,81.876,1.404,4.511,,,,,,,,,,,,,,,,,,,,,,
"554","CAPILANO GVRD","2023081507",0,15.9,95,0.2,23,3.9,81.393,1.34,4.29,,,,,,,,,,,,,,,,,,,,,,
"554","CAPILANO GVRD","2023081508",0,17.1,95,0,43,3.9,80.992,1.267,4.036,,,,,,,,,,,,,,,,,,,,,,
"554","CAPILANO GVRD","2023081509",0,19.6,84,3.3,91,3.9,81.038,1.504,4.843,,,,,,,,,,,,,,,,,,,,,,
"554","CAPILANO GVRD","2023081510",0,25.7,58,3.5,74,10.5,81.778,1.656,5.339,,,,,,,,,,,,,,,,,,,,,,
"554","CAPILANO GVRD","2023081511",0,29.8,43,6.1,272,13.3,83.255,2.269,7.202,,,,,,,,,,,,,,,,,,,,,,
"554","CAPILANO GVRD","2023081512",0,30.9,45,4.9,191,13.7,84.449,2.502,7.863,0,90.607,5.985,16.829,36.115,442.131,59.982,3,,,,,,,,,,,,,,
"554","CAPILANO GVRD","2023081513",0,31.7,38,7.8,269,19.7,85.874,3.525,11.133,,,,,,,,,,,,,,,,,,,,,,
"554","CAPILANO GVRD","2023081514",0,32.2,35,6.8,257,19.2,87.173,4.027,12.396,,,,,,,,,,,,,,,,,,,,,,
"554","CAPILANO GVRD","2023081515",0,32.6,32,6.7,265,20.2,88.382,4.764,14.145,,,,,,,,,,,,,,,,,,,,,,
"554","CAPILANO GVRD","2023081516",0,32.2,34,5.6,260,16.1,89.214,5.079,14.86,,,,,,,,,,,,,,,,,,,,,,
"554","CAPILANO GVRD","2023081517",0,31.8,33,5.5,270,13.1,89.904,5.579,15.962,,,,,,,,,,,,,,,,,,,,,,
"554","CAPILANO GVRD","2023081518",0,27,53,1.9,41,11.3,89.905,4.654,13.891,,,,,,,,,,,,,,,,,,,,,,
"554","CAPILANO GVRD","2023081519",0,23.2,68,0.6,239,3.8,89.506,4.116,12.614,,,,,,,,,,,,,,,,,,,,,,
"554","CAPILANO GVRD","2023081520",0,21.1,74,1.6,332,4.7,88.942,3.993,12.312,,,,,,,,,,,,,,,,,,,,,,
"554","CAPILANO GVRD","2023081521",0,19.9,80,0.7,318,5.7,88.295,3.477,11.011,,,,,,,,,,,,,,,,,,,,,,
"554","CAPILANO GVRD","2023081522",0,19.2,82,0.3,6,3.9,87.687,3.124,10.077,,,,,,,,,,,,,,,,,,,,,,
"554","CAPILANO GVRD","2023081523",0,18.2,82,0.5,33,3.9,87.14,2.918,9.516,,,,,,,,,,,,,,,,,,,,,,
"555","SEYMOUR GVRD","2023081500",0,23.5,53,3.2,45,5.4,91.071,5.871,14.646,,,,,,,,,,,,,,,,,,,,,,
"555","SEYMOUR GVRD","2023081501",0,22.8,55,0,26,5.7,90.88,4.862,12.641,,,,,,,,,,,,,,,,,,,,,,
"555","SEYMOUR GVRD","2023081502",0,22.4,56,3.4,44,4.3,90.593,5.539,14.003,,,,,,,,,,,,,,,,,,,,,,
"555","SEYMOUR GVRD","2023081503",0,22.2,56,3.1,41,4.7,90.345,5.266,13.461,,,,,,,,,,,,,,,,,,,,,,
"555","SEYMOUR GVRD","2023081504",0,21.9,55,2.3,25,4.6,90.157,4.924,12.768,,,,,,,,,,,,,,,,,,,,,,
"555","SEYMOUR GVRD","2023081505",0,21.3,58,1.6,29,4.2,89.928,4.599,12.093,,,,,,,,,,,,,,,,,,,,,,
"555","SEYMOUR GVRD","2023081506",0,20.9,57,2.2,39,4.2,89.735,4.611,12.118,,,,,,,,,,,,,,,,,,,,,,
"555","SEYMOUR GVRD","2023081507",0,20.8,62,4,47,4.5,89.424,4.829,12.572,,,,,,,,,,,,,,,,,,,,,,
"555","SEYMOUR GVRD","2023081508",0,20.8,62,3.9,41,5,89.155,4.623,12.142,,,,,,,,,,,,,,,,,,,,,,
"555","SEYMOUR GVRD","2023081509",0,21.4,60,4.2,48,5.4,88.975,4.574,12.039,,,,,,,,,,,,,,,,,,,,,,
"555","SEYMOUR GVRD","2023081510",0,25.7,47,2.9,96,6.4,89.024,4.314,11.484,,,,,,,,,,,,,,,,,,,,,,
"555","SEYMOUR GVRD","2023081511",0,28.9,42,4.5,85,9.2,89.276,4.848,12.612,,,,,,,,,,,,,,,,,,,,,,
"555","SEYMOUR GVRD","2023081512",0,30.1,40,5.4,59,13.2,89.603,5.317,13.563,0,90.787,6.298,16.455,31.324,464.826,53.615,3,,,,,,,,,,,,,,
"555","SEYMOUR GVRD","2023081513",0,31.7,38,5,81,11.3,90.007,5.521,14.89,,,,,,,,,,,,,,,,,,,,,,
"555","SEYMOUR GVRD","2023081514",0,32.7,35,7.7,63,19.3,90.527,6.815,17.454,,,,,,,,,,,,,,,,,,,,,,
"555","SEYMOUR GVRD","2023081515",0,32.3,34,6,63,20.8,90.949,6.643,17.125,,,,,,,,,,,,,,,,,,,,,,
"555","SEYMOUR GVRD","2023081516",0,33.1,33,4.8,34,15.9,91.354,6.625,17.09,,,,,,,,,,,,,,,,,,,,,,
"555","SEYMOUR GVRD","2023081517",0,32,33,7.4,60,14.9,91.646,7.872,19.407,,,,,,,,,,,,,,,,,,,,,,
"555","SEYMOUR GVRD","2023081518",0,30.9,36,6.3,80,14.9,91.713,7.519,18.767,,,,,,,,,,,,,,,,,,,,,,
"555","SEYMOUR GVRD","2023081519",0,30.4,40,2.5,140,11.3,91.763,6.252,16.365,,,,,,,,,,,,,,,,,,,,,,
"555","SEYMOUR GVRD","2023081520",0,25.1,52,3.4,45,5.5,91.492,6.296,16.45,,,,,,,,,,,,,,,,,,,,,,
"555","SEYMOUR GVRD","2023081521",0,23.9,56,3.5,40,4.8,91.137,6.016,15.895,,,,,,,,,,,,,,,,,,,,,,
"555","SEYMOUR GVRD","2023081522",0,22.9,61,2.4,39,4.7,90.708,5.354,14.542,,,,,,,,,,,,,,,,,,,,,,
"555","SEYMOUR GVRD","2023081523",0,22.2,60,3.3,43,4.7,90.341,5.316,14.463,,,,,,,,,,,,,,,,,,,,,,
"556","COQUITLAM GVRD","2023081500",0,21.3,65,3,350,5.3,89.072,4.366,14.891,,,,,,,,,,,,,,,,,,,,,,
"556","COQUITLAM GVRD","2023081501",0,21.3,65,2.8,342,4,88.792,4.151,14.326,,,,,,,,,,,,,,,,,,,,,,
"556","COQUITLAM GVRD","2023081502",0,20.7,69,2.6,348,4.6,88.442,3.908,13.67,,,,,,,,,,,,,,,,,,,,,,
"556","COQUITLAM GVRD","2023081503",0,20.2,70,2.6,342,4.2,88.107,3.725,13.165,,,,,,,,,,,,,,,,,,,,,,
"556","COQUITLAM GVRD","2023081504",0,20,72,2.7,356,4.8,87.757,3.561,12.705,,,,,,,,,,,,,,,,,,,,,,
"556","COQUITLAM GVRD","2023081505",0,19.7,73,2.3,354,4.1,87.429,3.33,12.043,,,,,,,,,,,,,,,,,,,,,,
"556","COQUITLAM GVRD","2023081506",0,19.4,77,3.6,344,5.7,87,3.344,12.085,,,,,,,,,,,,,,,,,,,,,,
"556","COQUITLAM GVRD","2023081507",0,19.9,81,2.4,318,5.4,86.511,2.937,10.879,,,,,,,,,,,,,,,,,,,,,,
"556","COQUITLAM GVRD","2023081508",0,24.5,57,3,156,4.9,86.602,3.066,11.268,,,,,,,,,,,,,,,,,,,,,,
"556","COQUITLAM GVRD","2023081509",0,27.2,53,3.5,190,7.4,86.841,3.253,11.821,,,,,,,,,,,,,,,,,,,,,,
"556","COQUITLAM GVRD","2023081510",0,27.6,55,5,170,11,87.016,3.597,12.807,,,,,,,,,,,,,,,,,,,,,,
"556","COQUITLAM GVRD","2023081511",0,29.9,45,5.2,168,11.9,87.547,3.919,13.699,,,,,,,,,,,,,,,,,,,,,,
"556","COQUITLAM GVRD","2023081512",0,31.6,41,4.7,195,17.5,88.202,4.197,14.449,0,91.38,6.616,21.055,50.116,477.854,79.411,4,,,,,,,,,,,,,,
"556","COQUITLAM GVRD","2023081513",0,32.3,38,5.9,166,13.5,88.912,4.937,16.995,,,,,,,,,,,,,,,,,,,,,,
"556","COQUITLAM GVRD","2023081514",0,32.9,37,5.7,190,19.1,89.555,5.36,18.065,,,,,,,,,,,,,,,,,,,,,,
"556","COQUITLAM GVRD","2023081515",0,33.7,34,4.7,201,15.6,90.225,5.611,18.682,,,,,,,,,,,,,,,,,,,,,,
"556","COQUITLAM GVRD","2023081516",0,32.9,36,3.9,189,15,90.631,5.711,18.926,,,,,,,,,,,,,,,,,,,,,,
"556","COQUITLAM GVRD","2023081517",0,32.3,36,3.2,208,11.7,90.928,5.752,19.026,,,,,,,,,,,,,,,,,,,,,,
"556","COQUITLAM GVRD","2023081518",0,28.6,45,2.7,239,10.5,90.978,5.649,18.775,,,,,,,,,,,,,,,,,,,,,,
"556","COQUITLAM GVRD","2023081519",0,25.2,55,2.8,359,10.6,90.745,5.492,18.39,,,,,,,,,,,,,,,,,,,,,,
"556","COQUITLAM GVRD","2023081520",0,23,64,3,348,5.1,90.275,5.187,17.631,,,,,,,,,,,,,,,,,,,,,,
"556","COQUITLAM GVRD","2023081521",0,21.6,69,2,338,4.7,89.746,4.572,16.042,,,,,,,,,,,,,,,,,,,,,,
"556","COQUITLAM GVRD","2023081522",0,20.4,72,1.8,355,5.6,89.204,4.188,15.006,,,,,,,,,,,,,,,,,,,,,,
"556","COQUITLAM GVRD","2023081523",0,19.7,77,2.5,1,5.7,88.557,3.953,14.355,,,,,,,,,,,,,,,,,,,,,,
"599","FORT NELSON FS","2023081500",0,14.2,71,3.8,270,6.2,89.475,4.815,12.992,,,,,,,,,,,,,,,,,,,,,,
"599","FORT NELSON FS","2023081501",0,13.9,73,2.9,171,5.1,88.919,4.249,11.759,,,,,,,,,,,,,,,,,,,,,,
"599","FORT NELSON FS","2023081502",0,13.7,80,3.6,225,5.1,88.21,3.976,11.142,,,,,,,,,,,,,,,,,,,,,,
"599","FORT NELSON FS","2023081503",0,12.5,93,3.4,358,6.8,87.01,3.316,9.583,,,,,,,,,,,,,,,,,,,,,,
"599","FORT NELSON FS","2023081504",0.4,11.6,95,4.1,22,6.2,77.442,1.107,3.253,,,,,,,,,,,,,,,,,,,,,,
"599","FORT NELSON FS","2023081505",0,11.6,93,4,349,9.1,77.477,1.105,3.244,,,,,,,,,,,,,,,,,,,,,,
"599","FORT NELSON FS","2023081506",0,11.8,92,3.8,2,9.1,77.522,1.097,3.219,,,,,,,,,,,,,,,,,,,,,,
"599","FORT NELSON FS","2023081507",0,13.1,85,4.9,24,10.8,77.642,1.171,3.477,,,,,,,,,,,,,,,,,,,,,,
"599","FORT NELSON FS","2023081508",0,17.1,68,4.7,344,11.4,78.175,1.212,3.618,,,,,,,,,,,,,,,,,,,,,,
"599","FORT NELSON FS","2023081509",0,16.4,73,3.2,56,8.5,78.519,1.158,3.431,,,,,,,,,,,,,,,,,,,,,,
"599","FORT NELSON FS","2023081510",0,19.1,55,8.8,305,14.3,79.454,1.676,5.125,,,,,,,,,,,,,,,,,,,,,,
"599","FORT NELSON FS","2023081511",0,20.3,52,11.1,288,24.1,80.472,2.092,6.359,,,,,,,,,,,,,,,,,,,,,,
"599","FORT NELSON FS","2023081512",0,19.8,56,11.2,246,23.5,81.233,2.289,6.916,0.4,88.851,6.393,16.681,30.448,582.717,53.861,3,,,,,,,,,,,,,,
"599","FORT NELSON FS","2023081513",0,20.6,48,11.2,248,26.9,82.163,2.557,7.936,,,,,,,,,,,,,,,,,,,,,,
"599","FORT NELSON FS","2023081514",0,21.4,40,15.6,292,26.9,83.332,3.699,10.869,,,,,,,,,,,,,,,,,,,,,,
"599","FORT NELSON FS","2023081515",0,23,39,11.3,342,36.2,84.391,3.427,10.204,,,,,,,,,,,,,,,,,,,,,,
"599","FORT NELSON FS","2023081516",0.2,18.9,60,11.5,311,33.9,80.4,2.118,6.69,,,,,,,,,,,,,,,,,,,,,,
"599","FORT NELSON FS","2023081517",0,21.7,44,12.3,309,30.4,81.65,2.54,7.89,,,,,,,,,,,,,,,,,,,,,,
"599","FORT NELSON FS","2023081518",0,22.5,39,10.7,317,25.8,82.912,2.738,8.427,,,,,,,,,,,,,,,,,,,,,,
"599","FORT NELSON FS","2023081519",0,20.7,41,9,311,31.6,83.801,2.821,8.649,,,,,,,,,,,,,,,,,,,,,,
"599","FORT NELSON FS","2023081520",0,18.3,49,6,274,9.7,84.234,2.569,7.969,,,,,,,,,,,,,,,,,,,,,,
"599","FORT NELSON FS","2023081521",0,15.3,63,7.2,271,9.7,84.294,2.751,8.464,,,,,,,,,,,,,,,,,,,,,,
"599","FORT NELSON FS","2023081522",0,16.8,51,7.6,318,16,84.6,2.926,8.928,,,,,,,,,,,,,,,,,,,,,,
"599","FORT NELSON FS","2023081523",0,14.3,67,3.6,194,9.7,84.648,2.407,7.521,,,,,,,,,,,,,,,,,,,,,,
"654","HOLY CROSS 2","2023081500",0,14,80,3.7,199,9.1,87.879,3.811,11.092,,,,,,,,,,,,,,0,1,430.31,,,,,,
"654","HOLY CROSS 2","2023081501",0,15.5,71,4.9,288,13.7,87.527,3.849,11.184,,,,,,,,,,,,,,0,1,430.29,,,,,,
"654","HOLY CROSS 2","2023081502",0,16.6,65,6.1,329,22.9,87.361,3.994,11.524,,,,,,,,,,,,,,0,1,430.26,,,,,,
"654","HOLY CROSS 2","2023081503",0,17.3,65,6.2,280,17.7,87.225,3.936,11.389,,,,,,,,,,,,,,0,1,430.23,,,,,,
"654","HOLY CROSS 2","2023081504",0,16.8,68,6.6,292,14.9,87.026,3.904,11.314,,,,,,,,,,,,,,0,1,430.25,,,,,,
"654","HOLY CROSS 2","2023081505",0,18.6,61,11.1,287,32.1,87.04,4.908,13.576,,,,,,,,,,,,,,0,1,430.21,,,,,,
"654","HOLY CROSS 2","2023081506",0,18.6,60,14.6,254,32.7,87.075,5.884,15.612,,,,,,,,,,,,,,0,1,430.22,,,,,,
"654","HOLY CROSS 2","2023081507",0,18.8,57,16.5,263,39.6,87.123,6.52,16.867,,,,,,,,,,,,,,0,1,430.22,,,,,,
"654","HOLY CROSS 2","2023081508",0,19.1,58,14.4,269,35.6,87.171,5.905,15.655,,,,,,,,,,,,,,0,1,430.22,,,,,,
"654","HOLY CROSS 2","2023081509",0,19.5,57,19.3,258,41.9,87.219,7.611,18.914,,,,,,,,,,,,,,0,1,430.23,,,,,,
"654","HOLY CROSS 2","2023081510",0,20.2,55,18,258,41.9,87.267,7.178,18.116,,,,,,,,,,,,,,0,1,430.22,,,,,,
"654","HOLY CROSS 2","2023081511",0,22.5,49,12.9,277,39,87.416,5.67,15.177,,,,,,,,,,,,,,0,1,430.19,,,,,,
"654","HOLY CROSS 2","2023081512",0,25.7,38,16.1,294,35.6,88.036,7.28,18.306,0,91.447,11.863,27.157,34.361,501.978,58.681,4,,,,,,0,1,430.14,,,,,,
"654","HOLY CROSS 2","2023081513",0,25.3,33,15.4,304,36.2,88.711,7.743,20.103,,,,,,,,,,,,,,0,1,430.19,,,,,,
"654","HOLY CROSS 2","2023081514",0,26.5,30,14.5,289,34.4,89.44,8.215,20.98,,,,,,,,,,,,,,0,1,430.2,,,,,,
"654","HOLY CROSS 2","2023081515",0,26.4,27,15.8,308,31.6,90.164,9.731,23.663,,,,,,,,,,,,,,0,1,430.19,,,,,,
"654","HOLY CROSS 2","2023081516",0,25.2,28,15.2,288,42.5,90.64,10.106,24.299,,,,,,,,,,,,,,0,1,430.2,,,,,,
"654","HOLY CROSS 2","2023081517",0,24.9,25,14.8,284,32.7,91.138,10.633,25.177,,,,,,,,,,,,,,0,1,430.23,,,,,,
"654","HOLY CROSS 2","2023081518",0,22.7,31,13.4,297,37.9,91.222,10.028,24.169,,,,,,,,,,,,,,0,1,430.3,,,,,,
"654","HOLY CROSS 2","2023081519",0,21.5,34,11.9,293,29.2,91.272,9.364,23.031,,,,,,,,,,,,,,0,1,430.31,,,,,,
"654","HOLY CROSS 2","2023081520",0,19.4,37,8.3,290,25.8,91.301,7.844,20.292,,,,,,,,,,,,,,0,1,430.31,,,,,,
"654","HOLY CROSS 2","2023081521",0,17.8,39,8.5,270,23.5,91.26,7.876,20.353,,,,,,,,,,,,,,0,1,430.32,,,,,,
"654","HOLY CROSS 2","2023081522",0,17.3,38,13.9,291,32.7,91.227,10.291,24.61,,,,,,,,,,,,,,0,1,430.31,,,,,,
"654","HOLY CROSS 2","2023081523",0,16.7,40,13.4,297,28.7,91.144,9.918,23.982,,,,,,,,,,,,,,0,1,430.29,,,,,,
"788","ROUND PRAIRIE","2023081500",0,18.8,39,13.5,320,17.7,93.613,14.113,42.199,,,,,,,,,,,,,,,,,,,,,,
"788","ROUND PRAIRIE","2023081501",0,18.2,39,9,333,15.4,93.32,10.799,35.46,,,,,,,,,,,,,,,,,,,,,,
"788","ROUND PRAIRIE","2023081502",0,17,42,9.4,18,16.6,92.975,10.5,34.809,,,,,,,,,,,,,,,,,,,,,,
"788","ROUND PRAIRIE","2023081503",0,16.3,43,6.6,14,14.3,92.667,8.733,30.784,,,,,,,,,,,,,,,,,,,,,,
"788","ROUND PRAIRIE","2023081504",0,15.9,44,8.9,25,10.8,92.345,9.372,32.278,,,,,,,,,,,,,,,,,,,,,,
"788","ROUND PRAIRIE","2023081505",0,15.1,49,5.1,166,10.8,91.983,7.353,27.388,,,,,,,,,,,,,,,,,,,,,,
"788","ROUND PRAIRIE","2023081506",0,16.3,46,5,173,10.2,91.729,7.057,26.625,,,,,,,,,,,,,,,,,,,,,,
"788","ROUND PRAIRIE","2023081507",0,18.8,41,6.8,182,11.4,91.619,7.608,28.035,,,,,,,,,,,,,,,,,,,,,,
"788","ROUND PRAIRIE","2023081508",0,21.4,40,8.1,174,11.4,91.579,8.077,29.202,,,,,,,,,,,,,,,,,,,,,,
"788","ROUND PRAIRIE","2023081509",0,23.3,36,8.2,194,12.5,91.629,8.176,29.442,,,,,,,,,,,,,,,,,,,,,,
"788","ROUND PRAIRIE","2023081510",0,26.4,31,6.5,196,13.7,91.737,7.62,28.065,,,,,,,,,,,,,,,,,,,,,,
"788","ROUND PRAIRIE","2023081511",0,29.2,24,7.4,194,15.4,92.218,8.536,30.313,,,,,,,,,,,,,,,,,,,,,,
"788","ROUND PRAIRIE","2023081512",0,31.4,18,10.1,359,21.2,93.04,10.977,35.843,0,95.545,15.514,45.693,88.229,502.422,122.624,4,,,,,,,,,,,,,,
"788","ROUND PRAIRIE","2023081513",0,32,18,11.4,213,32.7,93.725,12.895,40.593,,,,,,,,,,,,,,,,,,,,,,
"788","ROUND PRAIRIE","2023081514",0,33,16,11.7,240,44.8,94.42,14.415,43.605,,,,,,,,,,,,,,,,,,,,,,
"788","ROUND PRAIRIE","2023081515",0,32.1,17,14.5,244,40.2,94.857,17.628,49.527,,,,,,,,,,,,,,,,,,,,,,
"788","ROUND PRAIRIE","2023081516",0,31.8,17,12.8,238,39,95.167,16.882,48.199,,,,,,,,,,,,,,,,,,,,,,
"788","ROUND PRAIRIE","2023081517",0,29.6,19,10.6,260,35.6,95.218,15.216,45.133,,,,,,,,,,,,,,,,,,,,,,
"788","ROUND PRAIRIE","2023081518",0,27.3,21,11.7,270,28.7,95.269,16.196,46.954,,,,,,,,,,,,,,,,,,,,,,
"788","ROUND PRAIRIE","2023081519",0,25.7,23,12.7,265,36.7,95.28,17.058,48.514,,,,,,,,,,,,,,,,,,,,,,
"788","ROUND PRAIRIE","2023081520",0,25.1,24,5.5,227,23.5,95.267,11.847,38.425,,,,,,,,,,,,,,,,,,,,,,
"788","ROUND PRAIRIE","2023081521",0,24.6,26,11.2,229,18.3,95.183,15.607,45.866,,,,,,,,,,,,,,,,,,,,,,
"788","ROUND PRAIRIE","2023081522",0,24.2,27,9.5,226,29.2,95.082,14.13,43.051,,,,,,,,,,,,,,,,,,,,,,
"788","ROUND PRAIRIE","2023081523",0,23.9,27,5.2,239,18.3,95.007,11.261,37.174,,,,,,,,,,,,,,,,,,,,,,
"790","WHITE RIVER","2023081500",0,13.2,66,0.3,90,6,91.983,5.773,25.431,,,,,,,,,,,,,,,,,,,,5547.8,,
"790","WHITE RIVER","2023081501",0,11.9,72,0,35,6.7,91.387,5.226,23.721,,,,,,,,,,,,,,,,,,,,5547.8,,
"790","WHITE RIVER","2023081502",0,10.5,75,0,100,4.5,90.791,4.8,22.339,,,,,,,,,,,,,,,,,,,,5547.8,,
"790","WHITE RIVER","2023081503",0,9.4,80,0,341,5.3,90.143,4.376,20.908,,,,,,,,,,,,,,,,,,,,5547.8,,
"790","WHITE RIVER","2023081504",0,8.7,83,0,178,5,89.48,3.979,19.521,,,,,,,,,,,,,,,,,,,,5547.8,,
"790","WHITE RIVER","2023081505",0,8.1,83,4.6,152,6.7,88.649,4.453,21.172,,,,,,,,,,,,,,,,,,,,5547.8,,
"790","WHITE RIVER","2023081506",0,8.5,83,0.6,122,7.6,88.031,3.331,17.124,,,,,,,,,,,,,,,,,,,,5547.8,,
"790","WHITE RIVER","2023081507",0,15.1,59,3.2,349,8.5,87.93,3.743,18.668,,,,,,,,,,,,,,,,,,,,5547.8,,
"790","WHITE RIVER","2023081508",0,19.2,46,4.5,304,5.9,87.979,4.025,19.681,,,,,,,,,,,,,,,,,,,,5547.8,,
"790","WHITE RIVER","2023081509",0,25.2,33,5.3,248,9.3,88.556,4.552,21.508,,,,,,,,,,,,,,,,,,,,5547.8,,
"790","WHITE RIVER","2023081510",0,29.1,24,10.7,247,21.1,89.701,7.043,29.15,,,,,,,,,,,,,,,,,,,,5547.8,,
"790","WHITE RIVER","2023081511",0,31.1,19,22,227,36.3,91.18,15.374,48.53,,,,,,,,,,,,,,,,,,,,5547.8,,
"790","WHITE RIVER","2023081512",0,32.2,19,17.7,226,35.7,92.331,14.572,46.918,0,95.571,22.833,62.538,118.033,585.739,156.982,5,,,,,,,,,,,,5547.8,,
"790","WHITE RIVER","2023081513",0,32.4,18,22.4,236,41.5,93.309,21.183,59.744,,,,,,,,,,,,,,,,,,,,5547.8,,
"790","WHITE RIVER","2023081514",0,33.1,17,23.1,236,41.5,94.142,24.638,65.488,,,,,,,,,,,,,,,,,,,,5547.8,,
"790","WHITE RIVER","2023081515",0,33.5,16,16.8,252,52.6,94.8,19.639,57.034,,,,,,,,,,,,,,,,,,,,5547.8,,
"790","WHITE RIVER","2023081516",0,32.6,16,26.6,243,48.5,95.272,34.326,79.809,,,,,,,,,,,,,,,,,,,,5547.8,,
"790","WHITE RIVER","2023081517",0,31.7,16,28.3,234,46.2,95.568,38.937,85.93,,,,,,,,,,,,,,,,,,,,5547.8,,
"790","WHITE RIVER","2023081518",0,29.5,18,19.4,241,47.8,95.619,25.04,66.13,,,,,,,,,,,,,,,,,,,,5547.8,,
"790","WHITE RIVER","2023081519",0,27.4,24,6.4,265,43.5,95.604,12.979,44.004,,,,,,,,,,,,,,,,,,,,5547.8,,
"790","WHITE RIVER","2023081520",0,26.6,23,7.8,202,20.1,95.599,13.918,46.001,,,,,,,,,,,,,,,,,,,,5547.8,,
"790","WHITE RIVER","2023081521",0,23.8,30,5.7,12,19,95.392,12.173,42.235,,,,,,,,,,,,,,,,,,,,5547.8,,
"790","WHITE RIVER","2023081522",0,20.1,38,6,35,17.1,94.969,11.664,41.09,,,,,,,,,,,,,,,,,,,,5547.8,,
"790","WHITE RIVER","2023081523",0,18.9,42,3.6,109,17.1,94.53,9.73,36.525,,,,,,,,,,,,,,,,,,,,5547.8,,
"791","CHERRY LAKE","2023081500",0,18.4,44,9.7,257,14.3,93.259,11.093,39.499,,,,,,,,,,,,,,,,,,,,,,
"791","CHERRY LAKE","2023081501",0,16.5,50,4.7,267,11.4,92.786,8.07,32.034,,,,,,,,,,,,,,,,,,,,,,
"791","CHERRY LAKE","2023081502",0,15.7,53,4.3,276,7.4,92.302,7.388,30.189,,,,,,,,,,,,,,,,,,,,,,
"791","CHERRY LAKE","2023081503",0,14.8,56,4,293,6.2,91.808,6.787,28.498,,,,,,,,,,,,,,,,,,,,,,
"791","CHERRY LAKE","2023081504",0,14.3,58,3.9,280,6.8,91.325,6.305,27.097,,,,,,,,,,,,,,,,,,,,,,
"791","CHERRY LAKE","2023081505",0,13.9,61,3.2,316,7.4,90.841,5.681,25.214,,,,,,,,,,,,,,,,,,,,,,
"791","CHERRY LAKE","2023081506",0,18.9,49,2.9,167,6.8,90.686,5.473,24.568,,,,,,,,,,,,,,,,,,,,,,
"791","CHERRY LAKE","2023081507",0,21.8,41,2.9,185,7.9,90.736,5.512,24.689,,,,,,,,,,,,,,,,,,,,,,
"791","CHERRY LAKE","2023081508",0,24.7,35,6.7,74,10.2,90.808,6.745,28.379,,,,,,,,,,,,,,,,,,,,,,
"791","CHERRY LAKE","2023081509",0,27.8,30,6.5,125,13.1,91.146,7.007,29.125,,,,,,,,,,,,,,,,,,,,,,
"791","CHERRY LAKE","2023081510",0,30.6,25,6.3,143,12.5,91.756,7.564,30.672,,,,,,,,,,,,,,,,,,,,,,
"791","CHERRY LAKE","2023081511",0,33.9,19,8.3,125,19.5,92.763,9.644,36.05,,,,,,,,,,,,,,,,,,,,,,
"791","CHERRY LAKE","2023081512",0,34.6,14,11.1,200,25.2,93.909,13.03,43.806,0,96.968,19.769,57.413,125.56,539.558,158.759,5,,,,,,,,,,,,,,
"791","CHERRY LAKE","2023081513",0,34.3,16,12.5,223,31,94.643,15.476,49.317,,,,,,,,,,,,,,,,,,,,,,
"791","CHERRY LAKE","2023081514",0,34.5,17,13.7,193,33.3,95.148,17.62,53.475,,,,,,,,,,,,,,,,,,,,,,
"791","CHERRY LAKE","2023081515",0,34.1,18,13.8,183,34.4,95.441,18.431,54.986,,,,,,,,,,,,,,,,,,,,,,
"791","CHERRY LAKE","2023081516",0,33.5,18,14.7,191,33.3,95.631,19.791,57.454,,,,,,,,,,,,,,,,,,,,,,
"791","CHERRY LAKE","2023081517",0,32.3,18,13.8,191,32.7,95.72,19.143,56.289,,,,,,,,,,,,,,,,,,,,,,
"791","CHERRY LAKE","2023081518",0,30.1,21,10,189,29.8,95.771,15.918,50.194,,,,,,,,,,,,,,,,,,,,,,
"791","CHERRY LAKE","2023081519",0,26.6,27,4.9,273,17.2,95.661,12.128,42.248,,,,,,,,,,,,,,,,,,,,,,
"791","CHERRY LAKE","2023081520",0,22,35,4.4,317,9.1,95.321,11.29,40.346,,,,,,,,,,,,,,,,,,,,,,
"791","CHERRY LAKE","2023081521",0,21.4,36,3.5,251,9.7,95.003,10.331,38.088,,,,,,,,,,,,,,,,,,,,,,
"791","CHERRY LAKE","2023081522",0,19.2,44,4.3,264,9.1,94.495,10.031,37.362,,,,,,,,,,,,,,,,,,,,,,
"791","CHERRY LAKE","2023081523",0,18.4,46,4.5,284,7.4,93.988,9.447,35.922,,,,,,,,,,,,,,,,,,,,,,
"832","CHURN CREEK","2023081500",0,22.3,36,5.8,326,14.3,93.923,9.996,28.604,,,,,,,,,,,,,,,,,,,,,,
"832","CHURN CREEK","2023081501",0,21.8,37,11.3,277,16,93.662,12.718,33.634,,,,,,,,,,,,,,,,,,,,,,
"832","CHURN CREEK","2023081502",0,20.1,43,2.9,209,14.3,93.352,7.977,24.48,,,,,,,,,,,,,,,,,,,,,,
"832","CHURN CREEK","2023081503",0,19.3,44,3.8,67,8.5,93.032,7.982,24.491,,,,,,,,,,,,,,,,,,,,,,
"832","CHURN CREEK","2023081504",0,18.5,47,2,50,7.9,92.708,6.966,22.249,,,,,,,,,,,,,,,,,,,,,,
"832","CHURN CREEK","2023081505",0,18.3,48,2.6,233,6.2,92.381,6.858,22.002,,,,,,,,,,,,,,,,,,,,,,
"832","CHURN CREEK","2023081506",0,18.4,53,3.7,13,8.5,91.955,6.825,21.928,,,,,,,,,,,,,,,,,,,,,,
"832","CHURN CREEK","2023081507",0,20.2,47,2.4,81,7.4,91.743,6.203,20.476,,,,,,,,,,,,,,,,,,,,,,
"832","CHURN CREEK","2023081508",0,22.5,43,7.4,52,11.4,91.637,7.862,24.232,,,,,,,,,,,,,,,,,,,,,,
"832","CHURN CREEK","2023081509",0,24.8,34,6.9,82,13.1,91.687,7.72,23.926,,,,,,,,,,,,,,,,,,,,,,
"832","CHURN CREEK","2023081510",0,27.3,33,8.4,67,13.1,91.742,8.391,25.359,,,,,,,,,,,,,,,,,,,,,,
"832","CHURN CREEK","2023081511",0,27.6,27,10.7,51,22.9,92.04,9.829,28.278,,,,,,,,,,,,,,,,,,,,,,
"832","CHURN CREEK","2023081512",0,29.5,27,13.7,70,22.9,92.371,11.98,32.32,0,93.374,13.79,36.811,54.341,603.315,88.707,4,,,,,,,,,,,,,,
"832","CHURN CREEK","2023081513",0,29.8,24,11.6,42,21.2,92.779,11.414,32.485,,,,,,,,,,,,,,,,,,,,,,
"832","CHURN CREEK","2023081514",0,31,22,13.1,37,19.5,93.266,13.178,35.731,,,,,,,,,,,,,,,,,,,,,,
"832","CHURN CREEK","2023081515",0,31.2,22,15.5,328,26.9,93.661,15.714,40.077,,,,,,,,,,,,,,,,,,,,,,
"832","CHURN CREEK","2023081516",0,30.4,24,15,341,28.7,93.819,15.664,39.994,,,,,,,,,,,,,,,,,,,,,,
"832","CHURN CREEK","2023081517",0,30.4,22,17.8,15,24.6,94.05,18.623,44.691,,,,,,,,,,,,,,,,,,,,,,
"832","CHURN CREEK","2023081518",0,30.6,22,12.7,315,22.9,94.226,14.759,38.48,,,,,,,,,,,,,,,,,,,,,,
"832","CHURN CREEK","2023081519",0,27.6,22,19.6,315,28.7,94.277,21.042,48.282,,,,,,,,,,,,,,,,,,,,,,
"832","CHURN CREEK","2023081520",0,24.6,25,15.2,322,26.4,94.328,16.977,42.124,,,,,,,,,,,,,,,,,,,,,,
"832","CHURN CREEK","2023081521",0,22.6,26,16.3,316,20,94.312,17.905,43.584,,,,,,,,,,,,,,,,,,,,,,
"832","CHURN CREEK","2023081522",0,21.6,26,17.6,315,22.3,94.278,19.029,45.307,,,,,,,,,,,,,,,,,,,,,,
"832","CHURN CREEK","2023081523",0,21.7,24,20.4,308,30.4,94.3,21.98,49.622,,,,,,,,,,,,,,,,,,,,,,
"836","AUGUST LAKE","2023081500",0,20.8,45,2.9,345,5.1,95.097,10.153,39.372,,,,,,,,,,,,,,,,,,,,,,
"836","AUGUST LAKE","2023081501",0,19.7,48,3.1,240,7.4,94.503,9.453,37.584,,,,,,,,,,,,,,,,,,,,,,
"836","AUGUST LAKE","2023081502",0,18.3,53,2.4,312,6.8,93.874,8.365,34.684,,,,,,,,,,,,,,,,,,,,,,
"836","AUGUST LAKE","2023081503",0,17.8,55,2.8,56,6.8,93.253,7.829,33.194,,,,,,,,,,,,,,,,,,,,,,
"836","AUGUST LAKE","2023081504",0,16.6,59,3,277,5.1,92.603,7.219,31.442,,,,,,,,,,,,,,,,,,,,,,
"836","AUGUST LAKE","2023081505",0,15.4,63,3,27,6.8,91.934,6.569,29.506,,,,,,,,,,,,,,,,,,,,,,
"836","AUGUST LAKE","2023081506",0,15.8,62,1.8,221,4.5,91.396,5.73,26.874,,,,,,,,,,,,,,,,,,,,,,
"836","AUGUST LAKE","2023081507",0,19.6,50,5.2,111,7.4,91.142,6.559,29.474,,,,,,,,,,,,,,,,,,,,,,
"836","AUGUST LAKE","2023081508",0,23.4,41,8.1,112,11.4,91.178,7.63,32.629,,,,,,,,,,,,,,,,,,,,,,
"836","AUGUST LAKE","2023081509",0,26.8,33,6.6,95,10.8,91.306,7.204,31.399,,,,,,,,,,,,,,,,,,,,,,
"836","AUGUST LAKE","2023081510",0,30.4,27,6.8,137,13.1,91.791,7.795,33.099,,,,,,,,,,,,,,,,,,,,,,
"836","AUGUST LAKE","2023081511",0,32.8,23,6.5,97,12,92.485,8.47,34.97,,,,,,,,,,,,,,,,,,,,,,
"836","AUGUST LAKE","2023081512",0,36.6,19,7.7,90,13.1,93.495,10.365,39.904,0,96.304,15.236,51.136,162.008,756.727,211.054,5,,,,,,,,,,,,,,
"836","AUGUST LAKE","2023081513",0,38.4,16,6.7,110,14.9,94.533,11.381,42.519,,,,,,,,,,,,,,,,,,,,,,
"836","AUGUST LAKE","2023081514",0,39.3,12,7.5,325,18.3,95.608,13.727,47.898,,,,,,,,,,,,,,,,,,,,,,
"836","AUGUST LAKE","2023081515",0,38.6,12,11.6,250,31.6,96.386,18.75,58.146,,,,,,,,,,,,,,,,,,,,,,
"836","AUGUST LAKE","2023081516",0,37.8,11,11.1,239,26.9,96.95,19.721,59.972,,,,,,,,,,,,,,,,,,,,,,
"836","AUGUST LAKE","2023081517",0,36,13,11.8,241,26.9,97.148,20.978,62.274,,,,,,,,,,,,,,,,,,,,,,
"836","AUGUST LAKE","2023081518",0,33.6,17,7.3,241,23.5,97.2,16.837,54.414,,,,,,,,,,,,,,,,,,,,,,
"836","AUGUST LAKE","2023081519",0,30.6,22,5.8,293,12,97.113,15.432,51.546,,,,,,,,,,,,,,,,,,,,,,
"836","AUGUST LAKE","2023081520",0,28.2,23,5.3,267,15.4,96.981,14.784,50.184,,,,,,,,,,,,,,,,,,,,,,
"836","AUGUST LAKE","2023081521",0,25.7,26,2.5,313,10.8,96.794,12.522,45.193,,,,,,,,,,,,,,,,,,,,,,
"836","AUGUST LAKE","2023081522",0,24.5,29,3.7,344,12.5,96.52,12.822,45.878,,,,,,,,,,,,,,,,,,,,,,
"836","AUGUST LAKE","2023081523",0,23.3,31,3.3,319,5.6,96.222,12.071,44.15,,,,,,,,,,,,,,,,,,,,,,
"838","AKOKLI CREEK","2023081500",0,24.8,33,3,65,7.4,94.421,9.3,33.031,,,,,,,,,,,,,,,,,,,,,,
"838","AKOKLI CREEK","2023081501",0,24.3,34,4.2,11,7.9,94.261,9.664,33.885,,,,,,,,,,,,,,,,,,,,,,
"838","AKOKLI CREEK","2023081502",0,22.8,40,2.4,189,5.6,93.984,8.494,31.087,,,,,,,,,,,,,,,,,,,,,,
"838","AKOKLI CREEK","2023081503",0,22,41,5.8,36,10.2,93.657,9.633,33.813,,,,,,,,,,,,,,,,,,,,,,
"838","AKOKLI CREEK","2023081504",0,21.1,43,3.5,154,9.7,93.343,8.212,30.387,,,,,,,,,,,,,,,,,,,,,,
"838","AKOKLI CREEK","2023081505",0,20.6,45,3.7,94,7.4,93.009,7.917,29.645,,,,,,,,,,,,,,,,,,,,,,
"838","AKOKLI CREEK","2023081506",0,20,45,3,51,7.9,92.719,7.338,28.153,,,,,,,,,,,,,,,,,,,,,,
"838","AKOKLI CREEK","2023081507",0,20.2,46,3.8,197,6.2,92.427,7.332,28.138,,,,,,,,,,,,,,,,,,,,,,
"838","AKOKLI CREEK","2023081508",0,20.1,46,4,39,6.8,92.164,7.137,27.623,,,,,,,,,,,,,,,,,,,,,,
"838","AKOKLI CREEK","2023081509",0,22.4,40,3.9,201,8.5,92.092,7.029,27.336,,,,,,,,,,,,,,,,,,,,,,
"838","AKOKLI CREEK","2023081510",0,26.2,33,4.2,298,7.4,92.142,7.187,27.755,,,,,,,,,,,,,,,,,,,,,,
"838","AKOKLI CREEK","2023081511",0,27.4,35,5.5,266,11.4,92.192,7.728,29.163,,,,,,,,,,,,,,,,,,,,,,
"838","AKOKLI CREEK","2023081512",0,28.3,34,5.6,290,9.7,92.242,7.822,29.403,0,91.534,7.076,27.839,91.12,565.496,129.908,3,,,,,,,,,,,,,,
"838","AKOKLI CREEK","2023081513",0,30.6,29,6.2,267,11.4,92.461,8.314,31.057,,,,,,,,,,,,,,,,,,,,,,
"838","AKOKLI CREEK","2023081514",0,32.7,25,8.5,214,17.2,92.925,9.964,35.038,,,,,,,,,,,,,,,,,,,,,,
"838","AKOKLI CREEK","2023081515",0,34.1,20,9.1,249,19.5,93.627,11.329,38.114,,,,,,,,,,,,,,,,,,,,,,
"838","AKOKLI CREEK","2023081516",0,35.7,18,8.8,214,17.7,94.365,12.361,40.331,,,,,,,,,,,,,,,,,,,,,,
"838","AKOKLI CREEK","2023081517",0,36.3,18,8,219,16,94.945,12.857,41.369,,,,,,,,,,,,,,,,,,,,,,
"838","AKOKLI CREEK","2023081518",0,37.2,17,4.8,198,11.4,95.454,11.731,38.988,,,,,,,,,,,,,,,,,,,,,,
"838","AKOKLI CREEK","2023081519",0,32,25,8.9,102,17.7,95.505,14.525,44.726,,,,,,,,,,,,,,,,,,,,,,
"838","AKOKLI CREEK","2023081520",0,30.1,24,7,101,16,95.552,13.283,42.243,,,,,,,,,,,,,,,,,,,,,,
"838","AKOKLI CREEK","2023081521",0,29.3,24,2.9,214,12.5,95.582,10.848,37.049,,,,,,,,,,,,,,,,,,,,,,
"838","AKOKLI CREEK","2023081522",0,28.3,26,6.8,59,13.7,95.535,13.12,41.909,,,,,,,,,,,,,,,,,,,,,,
"838","AKOKLI CREEK","2023081523",0,27.4,28,3.7,158,8.5,95.445,11.085,37.576,,,,,,,,,,,,,,,,,,,,,,
"865","BRISCO","2023081500",0,22.2,36,6.6,348,9.1,94.197,10.81,34.329,,,,,,,,,,,,,,,1,,,1,,,,
"865","BRISCO","2023081501",0,18.8,47,4.7,67,7.9,93.694,9.161,30.738,,,,,,,,,,,,,,,1,,,1,,,,
"865","BRISCO","2023081502",0,17.8,49,4.1,71,6.8,93.209,8.307,28.768,,,,,,,,,,,,,,,1,,,1,,,,
"865","BRISCO","2023081503",0,18.1,48,4.5,314,8.5,92.795,7.998,28.034,,,,,,,,,,,,,,,1,,,1,,,,
"865","BRISCO","2023081504",0,16.3,55,2.1,94,6.8,92.315,6.625,24.612,,,,,,,,,,,,,,,1,,,1,,,,
"865","BRISCO","2023081505",0,15.7,60,2.9,114,7.4,91.751,6.369,23.942,,,,,,,,,,,,,,,1,,,1,,,,
"865","BRISCO","2023081506",0,14.5,65,3.7,348,6.2,91.116,6.059,23.116,,,,,,,,,,,,,,,1,,,1,,,,
"865","BRISCO","2023081507",0,15.5,66,3.9,331,6.8,90.52,5.621,21.919,,,,,,,,,,,,,,,1,,,1,,,,
"865","BRISCO","2023081508",0,19.7,51,5,263,10.2,90.35,5.799,22.411,,,,,,,,,,,,,,,1,,,1,,,,
"865","BRISCO","2023081509",0,22.7,45,5.7,266,10.2,90.381,6.034,23.05,,,,,,,,,,,,,,,1,,,1,,,,
"865","BRISCO","2023081510",0,25.7,35,10.1,284,14.3,90.548,7.713,27.346,,,,,,,,,,,,,,,1,,,1,,,,
"865","BRISCO","2023081511",0,28.1,31,8.5,256,14.3,90.92,7.504,26.833,,,,,,,,,,,,,,,1,,,1,,,,
"865","BRISCO","2023081512",0,30.2,28,8.3,269,16,91.441,8.001,28.04,0,93.285,10.375,34.194,73.179,640.395,113.838,4,,,,,,,1,,,1,,,,
"865","BRISCO","2023081513",0,33.3,20,8.4,297,15.4,92.427,9.245,31.664,,,,,,,,,,,,,,,1,,,1,,,,
"865","BRISCO","2023081514",0,34.6,19,12.2,271,18.9,93.376,12.789,39.218,,,,,,,,,,,,,,,1,,,1,,,,
"865","BRISCO","2023081515",0,34.3,19,11.3,275,24.6,94.058,13.438,40.495,,,,,,,,,,,,,,,1,,,1,,,,
"865","BRISCO","2023081516",0,33.3,22,18,302,31.6,94.371,19.666,51.562,,,,,,,,,,,,,,,1,,,1,,,,
"865","BRISCO","2023081517",0,32.8,21,14.4,317,29.2,94.627,16.993,47.043,,,,,,,,,,,,,,,1,,,1,,,,
"865","BRISCO","2023081518",0,30.2,33,6.5,293,21.8,94.547,11.287,36.148,,,,,,,,,,,,,,,1,,,1,,,,
"865","BRISCO","2023081519",0,28.3,32,6.9,279,15.4,94.468,11.392,36.368,,,,,,,,,,,,,,,1,,,1,,,,
"865","BRISCO","2023081520",0,26.1,32,6.6,49,17.2,94.362,11.059,35.665,,,,,,,,,,,,,,,1,,,1,,,,
"865","BRISCO","2023081521",0,23.4,36,6.6,96,11.4,94.126,10.704,34.908,,,,,,,,,,,,,,,1,,,1,,,,
"865","BRISCO","2023081522",0,24,35,4.7,179,12.5,93.967,9.515,32.28,,,,,,,,,,,,,,,1,,,1,,,,
"865","BRISCO","2023081523",0,22.6,37,2.8,30,8.5,93.782,8.427,29.75,,,,,,,,,,,,,,,1,,,1,,,,
"866","BLAEBERRY","2023081500",0,15.7,66,2.7,56,6.2,91.459,6.049,18.983,,,,,,,,,,,,,,,,,,,,,,
"866","BLAEBERRY","2023081501",0,14.4,72,4.4,338,6.2,90.66,5.881,18.596,,,,,,,,,,,,,,,,,,,,,,
"866","BLAEBERRY","2023081502",0,13.5,76,2.7,304,7.9,89.898,4.841,16.088,,,,,,,,,,,,,,,,,,,,,,
"866","BLAEBERRY","2023081503",0,12.3,84,3.7,57,9.7,88.944,4.44,15.064,,,,,,,,,,,,,,,,,,,,,,
"866","BLAEBERRY","2023081504",0,11.5,88,2.2,259,8.5,88.001,3.596,12.785,,,,,,,,,,,,,,,,,,,,,,
"866","BLAEBERRY","2023081505",0,10.9,91,3.1,13,6.2,86.993,3.258,11.816,,,,,,,,,,,,,,,,,,,,,,
"866","BLAEBERRY","2023081506",0,14,78,3.4,44,5.6,86.573,3.116,11.398,,,,,,,,,,,,,,,,,,,,,,
"866","BLAEBERRY","2023081507",0,20.1,58,3.1,158,7.4,86.621,3.09,11.323,,,,,,,,,,,,,,,,,,,,,,
"866","BLAEBERRY","2023081508",0,22.6,49,4.7,88,7.9,86.837,3.454,12.383,,,,,,,,,,,,,,,,,,,,,,
"866","BLAEBERRY","2023081509",0,26.2,40,4.1,152,8.5,87.383,3.622,12.859,,,,,,,,,,,,,,,,,,,,,,
"866","BLAEBERRY","2023081510",0,28.4,36,5.2,91,14.9,88.099,4.242,14.545,,,,,,,,,,,,,,,,,,,,,,
"866","BLAEBERRY","2023081511",0,32.2,25,6.7,211,12.5,89.427,5.535,17.783,,,,,,,,,,,,,,,,,,,,,,
"866","BLAEBERRY","2023081512",0,34.9,21,7.5,228,14.9,90.917,7.132,21.387,0,95.506,13.537,34.805,53.874,409.89,81.1,3,,,,,,,,,,,,,,
"866","BLAEBERRY","2023081513",0,34.7,22,8,239,18.3,92.005,8.536,25.473,,,,,,,,,,,,,,,,,,,,,,
"866","BLAEBERRY","2023081514",0,33.7,22,5.2,267,15.4,92.735,8.216,24.804,,,,,,,,,,,,,,,,,,,,,,
"866","BLAEBERRY","2023081515",0,34.2,22,6.3,209,15.4,93.349,9.464,27.352,,,,,,,,,,,,,,,,,,,,,,
"866","BLAEBERRY","2023081516",0,32.5,23,5.5,315,13.7,93.686,9.527,27.478,,,,,,,,,,,,,,,,,,,,,,
"866","BLAEBERRY","2023081517",0,31.4,29,2.5,265,13.7,93.737,8.248,24.871,,,,,,,,,,,,,,,,,,,,,,
"866","BLAEBERRY","2023081518",0,28.3,39,3.1,224,8.5,93.597,8.339,25.06,,,,,,,,,,,,,,,,,,,,,,
"866","BLAEBERRY","2023081519",0,25,44,2.3,30,9.1,93.315,7.7,23.703,,,,,,,,,,,,,,,,,,,,,,
"866","BLAEBERRY","2023081520",0,21.8,50,3.7,21,7.9,92.864,7.758,23.826,,,,,,,,,,,,,,,,,,,,,,
"866","BLAEBERRY","2023081521",0,20.7,52,4.3,283,6.8,92.402,7.492,23.249,,,,,,,,,,,,,,,,,,,,,,
"866","BLAEBERRY","2023081522",0,18.9,66,3.3,69,5.6,91.647,6.403,20.788,,,,,,,,,,,,,,,,,,,,,,
"866","BLAEBERRY","2023081523",0,17.8,66,2.8,307,7.9,91.007,5.701,19.108,,,,,,,,,,,,,,,,,,,,,,
"868","BIG MOUTH 2","2023081500",0,20.2,48,2.8,160,11.1,91.764,6.348,15.024,,,,,,,,,,,,,,,,,,,,9078.8,,
"868","BIG MOUTH 2","2023081501",0,18.9,53,6.1,21,7.3,91.378,7.098,16.351,,,,,,,,,,,,,,,,,,,,9078.8,,
"868","BIG MOUTH 2","2023081502",0,18.6,53,3.3,16,7.7,91.073,5.901,14.203,,,,,,,,,,,,,,,,,,,,9078.8,,
"868","BIG MOUTH 2","2023081503",0,17.6,58,0.2,332,5.9,90.772,4.836,12.143,,,,,,,,,,,,,,,,,,,,9078.8,,
"868","BIG MOUTH 2","2023081504",0,17.2,58,1,44,6.3,90.464,4.818,12.107,,,,,,,,,,,,,,,,,,,,9078.8,,
"868","BIG MOUTH 2","2023081505",0,16.5,60,0.4,27,7.3,90.166,4.48,11.417,,,,,,,,,,,,,,,,,,,,9078.8,,
"868","BIG MOUTH 2","2023081506",0,16.5,61,3.7,190,8.2,89.802,5.021,12.513,,,,,,,,,,,,,,,,,,,,9078.8,,
"868","BIG MOUTH 2","2023081507",0,20.2,54,2.4,184,6.5,89.677,4.62,11.704,,,,,,,,,,,,,,,,,,,,9078.8,,
"868","BIG MOUTH 2","2023081508",0,21.1,60,7.6,168,10.4,89.396,5.766,13.95,,,,,,,,,,,,,,,,,,,,9078.8,,
"868","BIG MOUTH 2","2023081509",0,23.2,49,9.5,170,12.1,89.445,6.39,15.1,,,,,,,,,,,,,,,,,,,,9078.8,,
"868","BIG MOUTH 2","2023081510",0,24.5,39,9.4,164,14.1,89.597,6.498,15.295,,,,,,,,,,,,,,,,,,,,9078.8,,
"868","BIG MOUTH 2","2023081511",0,25.5,42,7.7,173,13.6,89.66,6.019,14.421,,,,,,,,,,,,,,,,,,,,9078.8,,
"868","BIG MOUTH 2","2023081512",0,29.9,30,3.7,241,10.4,90.262,5.363,13.182,0,92.688,7.568,18.444,30.58,402.935,51.406,4,,,,,,,,,,,,9078.8,,
"868","BIG MOUTH 2","2023081513",0,29.9,31,7.6,189,12.5,90.762,7.012,17.433,,,,,,,,,,,,,,,,,,,,9078.8,,
"868","BIG MOUTH 2","2023081514",0,31.2,34,11.5,182,21,91.119,8.98,20.888,,,,,,,,,,,,,,,,,,,,9078.8,,
"868","BIG MOUTH 2","2023081515",0,30.3,32,13.7,190,23.5,91.456,10.525,23.386,,,,,,,,,,,,,,,,,,,,9078.8,,
"868","BIG MOUTH 2","2023081516",0,31.6,31,10.9,202,20.9,91.814,9.616,21.937,,,,,,,,,,,,,,,,,,,,9078.8,,
"868","BIG MOUTH 2","2023081517",0,29.6,32,7.1,218,31.4,91.959,8.105,19.394,,,,,,,,,,,,,,,,,,,,9078.8,,
"868","BIG MOUTH 2","2023081518",0,29.9,27,5.5,266,14.6,92.284,7.829,18.909,,,,,,,,,,,,,,,,,,,,9078.8,,
"868","BIG MOUTH 2","2023081519",0,25.8,31,6.4,293,18.6,92.334,8.25,19.646,,,,,,,,,,,,,,,,,,,,9078.8,,
"868","BIG MOUTH 2","2023081520",0,24.8,32,5.9,273,13.8,92.384,8.101,19.388,,,,,,,,,,,,,,,,,,,,9078.8,,
"868","BIG MOUTH 2","2023081521",0,24.4,35,11.2,143,18.5,92.425,10.643,23.57,,,,,,,,,,,,,,,,,,,,9078.8,,
"868","BIG MOUTH 2","2023081522",0,23.1,38,4.9,207,18.3,92.374,7.692,18.667,,,,,,,,,,,,,,,,,,,,9078.8,,
"868","BIG MOUTH 2","2023081523",0,22.3,39,9.1,179,14,92.277,9.376,21.545,,,,,,,,,,,,,,,,,,,,9078.8,,
"873","CRAWFORD","2023081500",0,18.8,54,5.6,18,13.7,93.084,8.804,28.36,,,,,,,,,,,,,,,,,,,,5334.2,,
"873","CRAWFORD","2023081501",0,17.4,58,5.1,22,13.3,92.423,7.824,26.152,,,,,,,,,,,,,,,,,,,,5334.2,,
"873","CRAWFORD","2023081502",0,17.1,59,4.6,18,11.3,91.828,7.014,24.237,,,,,,,,,,,,,,,,,,,,5334.2,,
"873","CRAWFORD","2023081503",0,15.9,62,6.1,40,8.8,91.204,6.924,24.018,,,,,,,,,,,,,,,,,,,,5334.2,,
"873","CRAWFORD","2023081504",0,16,63,5.4,45,8.8,90.643,6.17,22.139,,,,,,,,,,,,,,,,,,,,5334.2,,
"873","CRAWFORD","2023081505",0,14.7,68,3.1,301,8.5,90.073,5.065,19.204,,,,,,,,,,,,,,,,,,,,5334.2,,
"873","CRAWFORD","2023081506",0,14.9,73,4.2,4,7.6,89.414,4.871,18.663,,,,,,,,,,,,,,,,,,,,5334.2,,
"873","CRAWFORD","2023081507",0,20.5,49,2,196,6.1,89.434,4.373,17.231,,,,,,,,,,,,,,,,,,,,5334.2,,
"873","CRAWFORD","2023081508",0,24,43,3.8,226,6.8,89.483,4.821,18.523,,,,,,,,,,,,,,,,,,,,5334.2,,
"873","CRAWFORD","2023081509",0,25.8,40,5.4,219,9.5,89.629,5.336,19.948,,,,,,,,,,,,,,,,,,,,5334.2,,
"873","CRAWFORD","2023081510",0,27.5,36,6.7,219,12,89.943,5.96,21.6,,,,,,,,,,,,,,,,,,,,5334.2,,
"873","CRAWFORD","2023081511",0,30.1,31,6.8,218,11.5,90.506,6.493,22.956,,,,,,,,,,,,,,,,,,,,5334.2,,
"873","CRAWFORD","2023081512",0,32.4,27,7.9,220,16.5,91.275,7.658,25.766,0,93.844,10.99,33.854,70.719,457.167,101.994,5,,,,,,,,,,,,5334.2,,
"873","CRAWFORD","2023081513",0,35.4,21,8.1,232,15.7,92.387,9.055,29.734,,,,,,,,,,,,,,,,,,,,5334.2,,
"873","CRAWFORD","2023081514",0,36.3,20,9.9,207,17.6,93.377,11.391,34.667,,,,,,,,,,,,,,,,,,,,5334.2,,
"873","CRAWFORD","2023081515",0,36,20,8.1,213,14.8,94.074,11.461,34.808,,,,,,,,,,,,,,,,,,,,5334.2,,
"873","CRAWFORD","2023081516",0,35.3,21,5,216,15.9,94.479,10.368,32.568,,,,,,,,,,,,,,,,,,,,5334.2,,
"873","CRAWFORD","2023081517",0,34.1,21,3.9,251,12.7,94.731,10.155,32.118,,,,,,,,,,,,,,,,,,,,5334.2,,
"873","CRAWFORD","2023081518",0,31.6,26,4.4,351,11.4,94.782,10.488,32.817,,,,,,,,,,,,,,,,,,,,5334.2,,
"873","CRAWFORD","2023081519",0,27.9,30,11.3,36,20.2,94.706,14.693,40.933,,,,,,,,,,,,,,,,,,,,5334.2,,
"873","CRAWFORD","2023081520",0,26.7,30,14,43,26.1,94.609,16.612,44.283,,,,,,,,,,,,,,,,,,,,5334.2,,
"873","CRAWFORD","2023081521",0,25.9,31,9.9,32,24.8,94.494,13.3,38.375,,,,,,,,,,,,,,,,,,,,5334.2,,
"873","CRAWFORD","2023081522",0,24.2,33,8.6,21,19.3,94.318,12.158,36.188,,,,,,,,,,,,,,,,,,,,5334.2,,
"873","CRAWFORD","2023081523",0,21.7,42,3.7,351,10.7,93.955,9.032,29.683,,,,,,,,,,,,,,,,,,,,5334.2,,
"876","IDABEL LAKE 3","2023081500",0,16.5,53,5.7,41,15.4,92.611,8.281,33.176,,,,,,,,,,,,,,,,,,,,,,
"876","IDABEL LAKE 3","2023081501",0,14.3,60,5,355,12.5,91.973,7.305,30.505,,,,,,,,,,,,,,,,,,,,,,
"876","IDABEL LAKE 3","2023081502",0,14.1,60,3.4,328,15.4,91.439,6.248,27.429,,,,,,,,,,,,,,,,,,,,,,
"876","IDABEL LAKE 3","2023081503",0,13.5,65,3.9,15,14.3,90.839,5.883,26.316,,,,,,,,,,,,,,,,,,,,,,
"876","IDABEL LAKE 3","2023081504",0,11.3,74,3,1,12.5,90.125,5.077,23.747,,,,,,,,,,,,,,,,,,,,,,
"876","IDABEL LAKE 3","2023081505",0,11.1,73,3.9,312,12.5,89.49,4.85,22.996,,,,,,,,,,,,,,,,,,,,,,
"876","IDABEL LAKE 3","2023081506",0,14.3,63,4,5,11.4,89.144,4.638,22.278,,,,,,,,,,,,,,,,,,,,,,
"876","IDABEL LAKE 3","2023081507",0,18.2,52,4.8,338,13.7,89.092,4.794,22.805,,,,,,,,,,,,,,,,,,,,,,
"876","IDABEL LAKE 3","2023081508",0,24.1,40,4,275,6.2,89.243,4.705,22.506,,,,,,,,,,,,,,,,,,,,,,
"876","IDABEL LAKE 3","2023081509",0,28.4,27,4,331,7.4,89.966,5.219,24.212,,,,,,,,,,,,,,,,,,,,,,
"876","IDABEL LAKE 3","2023081510",0,31.2,21,5.6,221,11.4,91.018,6.575,28.402,,,,,,,,,,,,,,,,,,,,,,
"876","IDABEL LAKE 3","2023081511",0,32.7,21,6.8,6,14.3,91.977,8.004,32.432,,,,,,,,,,,,,,,,,,,,,,
"876","IDABEL LAKE 3","2023081512",0,35,18,5.6,121,13.7,93.011,8.714,34.32,0,96.199,13.513,45.907,149.607,487.576,169.325,4,,,,,,,,,,,,,,
"876","IDABEL LAKE 3","2023081513",0,34.6,18,9.6,314,21.2,93.841,11.969,42.492,,,,,,,,,,,,,,,,,,,,,,
"876","IDABEL LAKE 3","2023081514",0,34.7,17,11.1,323,27.5,94.545,14.229,47.432,,,,,,,,,,,,,,,,,,,,,,
"876","IDABEL LAKE 3","2023081515",0,34.7,15,11.6,339,25.2,95.193,15.947,50.951,,,,,,,,,,,,,,,,,,,,,,
"876","IDABEL LAKE 3","2023081516",0,34.8,15,7.7,327,23.5,95.653,13.951,46.845,,,,,,,,,,,,,,,,,,,,,,
"876","IDABEL LAKE 3","2023081517",0,33.9,17,8.3,274,18.9,95.852,14.772,48.565,,,,,,,,,,,,,,,,,,,,,,
"876","IDABEL LAKE 3","2023081518",0,31.6,16,6.4,243,21.8,95.965,13.63,46.159,,,,,,,,,,,,,,,,,,,,,,
"876","IDABEL LAKE 3","2023081519",0,26.4,21,2.7,9,17.2,95.977,11.33,41.019,,,,,,,,,,,,,,,,,,,,,,
"876","IDABEL LAKE 3","2023081520",0,21.8,31,3,26,6.8,95.728,11.121,40.529,,,,,,,,,,,,,,,,,,,,,,
"876","IDABEL LAKE 3","2023081521",0,19.9,35,2.2,12,5.1,95.417,10.239,38.416,,,,,,,,,,,,,,,,,,,,,,
"876","IDABEL LAKE 3","2023081522",0,18.5,44,3.2,40,6.8,94.892,10.023,37.885,,,,,,,,,,,,,,,,,,,,,,
"876","IDABEL LAKE 3","2023081523",0,16.9,49,2.3,56,7.9,94.331,8.866,34.956,,,,,,,,,,,,,,,,,,,,,,
"882","SICAMOUS","2023081500",0,19.9,47,5.7,331,13.7,91.857,7.445,27.441,,,,,,,,,,,,,,,,,,,,,,
"882","SICAMOUS","2023081501",0,19,49,10.2,359,14.9,91.523,8.907,30.995,,,,,,,,,,,,,,,,,,,,,,
"882","SICAMOUS","2023081502",0,18.3,51,5.1,7,14.3,91.222,6.6,25.251,,,,,,,,,,,,,,,,,,,,,,
"882","SICAMOUS","2023081503",0,17.8,55,6.7,1,8.5,90.841,6.777,25.719,,,,,,,,,,,,,,,,,,,,,,
"882","SICAMOUS","2023081504",0,17.3,56,6.3,354,7.9,90.484,6.312,24.476,,,,,,,,,,,,,,,,,,,,,,
"882","SICAMOUS","2023081505",0,16.6,58,6,356,7.4,90.122,5.903,23.353,,,,,,,,,,,,,,,,,,,,,,
"882","SICAMOUS","2023081506",0,16.8,58,4.8,357,7.4,89.817,5.319,21.689,,,,,,,,,,,,,,,,,,,,,,
"882","SICAMOUS","2023081507",0,19.1,54,2.6,173,6.2,89.675,4.665,19.734,,,,,,,,,,,,,,,,,,,,,,
"882","SICAMOUS","2023081508",0,24,39,4,170,6.8,89.769,5.074,20.967,,,,,,,,,,,,,,,,,,,,,,
"882","SICAMOUS","2023081509",0,25.3,39,5.4,179,8.5,89.886,5.537,22.318,,,,,,,,,,,,,,,,,,,,,,
"882","SICAMOUS","2023081510",0,27.2,41,7,168,10.8,89.981,6.084,23.853,,,,,,,,,,,,,,,,,,,,,,
"882","SICAMOUS","2023081511",0,28.7,34,7.2,186,12.5,90.357,6.486,24.945,,,,,,,,,,,,,,,,,,,,,,
"882","SICAMOUS","2023081512",0,30.9,28,7.5,213,16.6,91.019,7.237,26.913,0,93.308,9.997,34.198,77.383,693.739,121.018,5,,,,,,,,,,,,,,
"882","SICAMOUS","2023081513",0,32,26,8.4,156,16.6,91.71,8.353,30.329,,,,,,,,,,,,,,,,,,,,,,
"882","SICAMOUS","2023081514",0,32.3,23,7,170,17.2,92.4,8.582,30.886,,,,,,,,,,,,,,,,,,,,,,
"882","SICAMOUS","2023081515",0,33,23,8.5,183,17.7,92.994,10.062,34.346,,,,,,,,,,,,,,,,,,,,,,
"882","SICAMOUS","2023081516",0,31.7,23,6.9,159,14.9,93.379,9.796,33.741,,,,,,,,,,,,,,,,,,,,,,
"882","SICAMOUS","2023081517",0,31,27,5.1,174,11.4,93.469,9.06,32.029,,,,,,,,,,,,,,,,,,,,,,
"882","SICAMOUS","2023081518",0,28.7,35,1.9,51,7.9,93.474,7.715,28.738,,,,,,,,,,,,,,,,,,,,,,
"882","SICAMOUS","2023081519",0,25.1,43,5.4,352,7.9,93.192,8.848,31.527,,,,,,,,,,,,,,,,,,,,,,
"882","SICAMOUS","2023081520",0,22.6,41,9.6,357,13.7,92.937,10.551,35.438,,,,,,,,,,,,,,,,,,,,,,
"882","SICAMOUS","2023081521",0,25.3,33,12.7,1,21.8,92.976,12.401,39.385,,,,,,,,,,,,,,,,,,,,,,
"882","SICAMOUS","2023081522",0,21.8,41,5.4,345,19.5,92.771,8.341,30.299,,,,,,,,,,,,,,,,,,,,,,
"882","SICAMOUS","2023081523",0,20.4,47,7.1,349,10.8,92.41,8.638,31.02,,,,,,,,,,,,,,,,,,,,,,
"886","GOATHAVEN","2023081500",0,12.1,83,3.4,118,10.2,89.586,4.795,18.454,,,,,,,,,,,,,,,,,,,,,,
"886","GOATHAVEN","2023081501",0,10.1,93,2.3,146,6.8,88.34,3.794,15.488,,,,,,,,,,,,,,,,,,,,,,
"886","GOATHAVEN","2023081502",0,9.3,95,2.9,188,5.6,87.098,3.274,13.827,,,,,,,,,,,,,,,,,,,,,,
"886","GOATHAVEN","2023081503",0,8.3,99,2.8,129,4.5,85.719,2.681,11.805,,,,,,,,,,,,,,,,,,,,,,
"886","GOATHAVEN","2023081504",0,7.7,100,2.4,103,5.1,84.44,2.203,10.05,,,,,,,,,,,,,,,,,,,,,,
"886","GOATHAVEN","2023081505",0,7.3,100,2.4,47,6.2,83.306,1.896,8.847,,,,,,,,,,,,,,,,,,,,,,
"886","GOATHAVEN","2023081506",0,7.6,100,1.8,191,4.5,82.309,1.621,7.712,,,,,,,,,,,,,,,,,,,,,,
"886","GOATHAVEN","2023081507",0,12.6,84,2.9,113,5.6,82.22,1.695,8.023,,,,,,,,,,,,,,,,,,,,,,
"886","GOATHAVEN","2023081508",0,20.4,52,2.5,102,9.7,82.759,1.776,8.361,,,,,,,,,,,,,,,,,,,,,,
"886","GOATHAVEN","2023081509",0,24.9,38,2.5,251,6.8,83.812,2.036,9.403,,,,,,,,,,,,,,,,,,,,,,
"886","GOATHAVEN","2023081510",0,29.4,27,11.1,190,17.2,85.769,4.101,16.429,,,,,,,,,,,,,,,,,,,,,,
"886","GOATHAVEN","2023081511",0,33.8,18,12.7,214,24.1,88.32,6.389,22.7,,,,,,,,,,,,,,,,,,,,,,
"886","GOATHAVEN","2023081512",0,34.7,17,15.1,201,26.9,90.486,9.837,30.582,0,96.392,22.385,53.815,68.321,539.533,103.786,5,,,,,,,,,,,,,,
"886","GOATHAVEN","2023081513",0,35.9,14,14.3,200,26.9,92.386,12.374,36.896,,,,,,,,,,,,,,,,,,,,,,
"886","GOATHAVEN","2023081514",0,36.5,14,13.3,195,31,93.813,14.365,40.652,,,,,,,,,,,,,,,,,,,,,,
"886","GOATHAVEN","2023081515",0,36.5,15,12.6,203,34.4,94.779,15.848,43.3,,,,,,,,,,,,,,,,,,,,,,
"886","GOATHAVEN","2023081516",0,35.8,14,15.4,197,31.6,95.522,20.2,50.48,,,,,,,,,,,,,,,,,,,,,,
"886","GOATHAVEN","2023081517",0,34.5,15,14.1,201,31.6,95.918,19.966,50.113,,,,,,,,,,,,,,,,,,,,,,
"886","GOATHAVEN","2023081518",0,31.2,20,6.8,244,31,95.969,13.916,39.827,,,,,,,,,,,,,,,,,,,,,,
"886","GOATHAVEN","2023081519",0,26.6,29,3.5,162,21.2,95.8,11.517,35.197,,,,,,,,,,,,,,,,,,,,,,
"886","GOATHAVEN","2023081520",0,20.9,49,4.5,74,9.1,95.048,10.933,34.006,,,,,,,,,,,,,,,,,,,,,,
"886","GOATHAVEN","2023081521",0,17.9,61,3.6,52,6.2,94.099,9.169,30.228,,,,,,,,,,,,,,,,,,,,,,
"886","GOATHAVEN","2023081522",0,15.4,71,2.6,66,6.8,93.059,7.542,26.456,,,,,,,,,,,,,,,,,,,,,,
"886","GOATHAVEN","2023081523",0,14.2,75,3.4,41,6.2,92.012,6.777,24.563,,,,,,,,,,,,,,,,,,,,,,
"904","HAGENSBORG 2","2023081500",0,17.7,95,3.8,79,5.6,84.852,2.501,6.292,,,,,,,,,,21.7,,,,,,,,3,1225.563,,,
"904","HAGENSBORG 2","2023081501",0,16.5,98,3.4,216,6.8,83.574,2.065,5.222,,,,,,,,,,31.7,,,,,,,,3,1226.084,,,
"904","HAGENSBORG 2","2023081502",0,16.5,98,4.7,97,10.2,82.433,1.905,4.812,,,,,,,,,,33.7,,,,,,,,3,1226.095,,,
"904","HAGENSBORG 2","2023081503",0,15.8,99,3.3,159,7.4,81.401,1.568,3.906,,,,,,,,,,31.4,,,,,,,,3,1226.619,,,
"904","HAGENSBORG 2","2023081504",0,15.2,100,3.2,105,5.1,80.41,1.396,3.419,,,,,,,,,,31.5,,,,,,,,3,1226.633,,,
"904","HAGENSBORG 2","2023081505",0,14.8,100,1.8,293,5.1,79.602,1.196,2.827,,,,,,,,,,19,,,,,,,,3,1227.13,,,
"904","HAGENSBORG 2","2023081506",0,14.5,100,1.8,79,5.1,78.896,1.117,2.582,,,,,,,,,,24.9,,,,,,,,3,1226.658,,,
"904","HAGENSBORG 2","2023081507",0,16,97,2.6,149,6.8,78.536,1.125,2.608,,,,,,,,,,23.8,,,,,,,,3,1226.62,,,
"904","HAGENSBORG 2","2023081508",0,20.6,81,3.8,201,9.1,78.771,1.221,2.903,,,,,,,,,,26,,,,,,,,3,1226.058,,,
"904","HAGENSBORG 2","2023081509",0,21.1,75,8,251,19.5,79.203,1.571,3.916,,,,,,,,,,32.2,,,,,,,,3,1226.504,,,
"904","HAGENSBORG 2","2023081510",0,21.6,70,14.3,247,24.6,79.825,2.296,5.797,,,,,,,,,,29.1,,,,,,,,3,1226.498,,,
"904","HAGENSBORG 2","2023081511",0,21.9,69,27.6,274,36.2,80.526,4.833,11.191,,,,,,,,,,29.2,,,,,,,,3,1224.998,,,
"904","HAGENSBORG 2","2023081512",0,23.9,61,21.7,275,37.3,81.451,3.985,9.536,0,87.152,8.508,18.11,23.73,462.543,42.065,3,,28.2,,,,,,,,3,1223.971,,,
"904","HAGENSBORG 2","2023081513",0,25.6,56,19,264,34.4,82.474,3.936,9.894,,,,,,,,,,30.4,,,,,,,,3,1224.955,,,
"904","HAGENSBORG 2","2023081514",0,27.1,51,20.4,256,36.2,83.622,4.893,11.831,,,,,,,,,,30.4,,,,,,,,3,1223.916,,,
"904","HAGENSBORG 2","2023081515",0,27.7,49,14.6,235,31.6,84.605,4.166,10.375,,,,,,,,,,30.7,,,,,,,,3,1226.895,,,
"904","HAGENSBORG 2","2023081516",0,29.1,45,12.4,220,27.5,85.621,4.29,10.629,,,,,,,,,,26,,,,,,,,3,1226.387,,,
"904","HAGENSBORG 2","2023081517",0,28.9,49,11.8,230,26.4,86.283,4.567,11.188,,,,,,,,,,25.6,,,,,,,,3,1226.883,,,
"904","HAGENSBORG 2","2023081518",0,27.3,49,13.9,240,32.1,86.77,5.439,12.872,,,,,,,,,,27.6,,,,,,,,3,1225.894,,,
"904","HAGENSBORG 2","2023081519",0,25.8,54,16.3,256,32.7,86.962,6.308,14.451,,,,,,,,,,21.5,,,,,,,,3,1225.936,,,
"904","HAGENSBORG 2","2023081520",0,24.6,59,13.4,249,26.4,87.01,5.488,12.964,,,,,,,,,,29.1,,,,,,,,3,1225.457,,,
"904","HAGENSBORG 2","2023081521",0,22.8,66,13.8,265,21.2,86.986,5.58,13.136,,,,,,,,,,28.7,,,,,,,,3,1225.486,,,
"904","HAGENSBORG 2","2023081522",0,21.5,71,10.5,276,24.1,86.786,4.593,11.241,,,,,,,,,,28.4,,,,,,,,3,1225.031,,,
"904","HAGENSBORG 2","2023081523",0,20.5,78,6,232,28.7,86.392,3.462,8.873,,,,,,,,,,28.9,,,,,,,,3,1225.543,,,
"905","DOWNIE","2023081500",0,16.4,75,3.7,34,6,89.636,4.904,12.09,,,,,,,,,,,,,,,,,,,,12228.2,,
"905","DOWNIE","2023081501",0,16,72,1.3,13,7.4,89.127,4.039,10.32,,,,,,,,,,,,,,,,,,,,12228.2,,
"905","DOWNIE","2023081502",0,15.2,77,3,28,5.1,88.493,4.017,10.275,,,,,,,,,,,,,,,,,,,,12228.2,,
"905","DOWNIE","2023081503",0,14.4,80,2.2,26,5.2,87.866,3.527,9.208,,,,,,,,,,,,,,,,,,,,12228.2,,
"905","DOWNIE","2023081504",0,13.7,83,2.9,56,4.7,87.195,3.319,8.741,,,,,,,,,,,,,,,,,,,,12228.2,,
"905","DOWNIE","2023081505",0,13.2,85,2.7,295,5,86.536,2.992,7.983,,,,,,,,,,,,,,,,,,,,12228.2,,
"905","DOWNIE","2023081506",0,13.1,91,2.8,38,4.5,85.672,2.663,7.191,,,,,,,,,,,,,,,,,,,,12228.2,,
"905","DOWNIE","2023081507",0,13.9,92,0.4,317,4.5,84.955,2.137,5.85,,,,,,,,,,,,,,,,,,,,12228.2,,
"905","DOWNIE","2023081508",0,18.9,64,1.8,239,4.1,85.003,2.308,6.297,,,,,,,,,,,,,,,,,,,,12228.2,,
"905","DOWNIE","2023081509",0,24.8,45,4.4,220,8.2,85.603,2.859,7.667,,,,,,,,,,,,,,,,,,,,12228.2,,
"905","DOWNIE","2023081510",0,28.1,40,4.9,194,7.9,86.441,3.299,8.694,,,,,,,,,,,,,,,,,,,,12228.2,,
"905","DOWNIE","2023081511",0,30.8,31,6.1,212,11.4,87.69,4.186,10.631,,,,,,,,,,,,,,,,,,,,12228.2,,
"905","DOWNIE","2023081512",0,33.3,22,11.4,289,21.4,89.479,7.067,16.061,0,95.003,15.384,30.419,31.187,371.041,51.544,4,,,,,,,,,,,,12228.2,,
"905","DOWNIE","2023081513",0,33.6,22,11.2,311,23.3,90.878,8.547,20.184,,,,,,,,,,,,,,,,,,,,12228.2,,
"905","DOWNIE","2023081514",0,34.1,22,11.1,285,22.8,91.984,9.95,22.506,,,,,,,,,,,,,,,,,,,,12228.2,,
"905","DOWNIE","2023081515",0,33.6,21,11,279,25,92.845,11.177,24.427,,,,,,,,,,,,,,,,,,,,12228.2,,
"905","DOWNIE","2023081516",0,33.6,22,12.2,288,25.6,93.454,12.929,27.023,,,,,,,,,,,,,,,,,,,,12228.2,,
"905","DOWNIE","2023081517",0,32.5,23,10.9,303,24.9,93.797,12.701,26.693,,,,,,,,,,,,,,,,,,,,12228.2,,
"905","DOWNIE","2023081518",0,30.8,30,5.1,332,22.5,93.848,9.549,21.857,,,,,,,,,,,,,,,,,,,,12228.2,,
"905","DOWNIE","2023081519",0,24.9,56,3.6,51,13.2,93.16,8.046,19.317,,,,,,,,,,,,,,,,,,,,12228.2,,
"905","DOWNIE","2023081520",0,21.5,60,4.4,15,6.7,92.434,7.565,18.465,,,,,,,,,,,,,,,,,,,,12228.2,,
"905","DOWNIE","2023081521",0,20.3,64,5.8,58,9.1,91.663,7.28,17.949,,,,,,,,,,,,,,,,,,,,12228.2,,
"905","DOWNIE","2023081522",0,18.8,65,2.9,40,6.5,91.041,5.758,15.047,,,,,,,,,,,,,,,,,,,,12228.2,,
"905","DOWNIE","2023081523",0,17.9,70,4.1,26,10.1,90.333,5.528,14.585,,,,,,,,,,,,,,,,,,,,12228.2,,
"919","GOLDSTREAM 2","2023081500",0,18.4,50,10,22,15.9,91.169,8.385,16.163,,,,,,,,,,,,,,,,,,,,9193.8,,
"919","GOLDSTREAM 2","2023081501",0,17.8,53,8.3,38,16.9,90.828,7.332,14.592,,,,,,,,,,,,,,,,,,,,9193.8,,
"919","GOLDSTREAM 2","2023081502",0,17.5,54,3.3,80,10.1,90.554,5.481,11.6,,,,,,,,,,,,,,,,,,,,9193.8,,
"919","GOLDSTREAM 2","2023081503",0,17.2,54,3.9,54,11.9,90.3,5.448,11.543,,,,,,,,,,,,,,,,,,,,9193.8,,
"919","GOLDSTREAM 2","2023081504",0,16.5,56,3.4,42,10,90.033,5.112,10.962,,,,,,,,,,,,,,,,,,,,9193.8,,
"919","GOLDSTREAM 2","2023081505",0,15.9,60,1,356,6.2,89.752,4.351,9.587,,,,,,,,,,,,,,,,,,,,9193.8,,
"919","GOLDSTREAM 2","2023081506",0,15.8,64,2.6,143,12,89.383,4.473,9.812,,,,,,,,,,,,,,,,,,,,9193.8,,
"919","GOLDSTREAM 2","2023081507",0,16.2,63,0.3,130,6.9,89.132,3.843,8.619,,,,,,,,,,,,,,,,,,,,9193.8,,
"919","GOLDSTREAM 2","2023081508",0,22.3,51,1.1,146,6.3,89.177,4.027,8.975,,,,,,,,,,,,,,,,,,,,9193.8,,
"919","GOLDSTREAM 2","2023081509",0,24.4,44,3.8,171,8.6,89.226,4.647,10.13,,,,,,,,,,,,,,,,,,,,9193.8,,
"919","GOLDSTREAM 2","2023081510",0,26.7,37,5.3,224,8.9,89.535,5.238,11.182,,,,,,,,,,,,,,,,,,,,9193.8,,
"919","GOLDSTREAM 2","2023081511",0,28.1,33,7.8,183,14.8,90.009,6.36,13.062,,,,,,,,,,,,,,,,,,,,9193.8,,
"919","GOLDSTREAM 2","2023081512",0,28.4,36,9.6,186,15.7,90.305,7.265,14.489,0,92.757,10.288,20.277,24.478,273.198,39.996,3,,,,,,,,,,,,9193.8,,
"919","GOLDSTREAM 2","2023081513",0,28.6,34,10.2,183,18.7,90.633,7.848,16.613,,,,,,,,,,,,,,,,,,,,9193.8,,
"919","GOLDSTREAM 2","2023081514",0,28.8,32,11.4,194,26.5,90.993,8.776,18.054,,,,,,,,,,,,,,,,,,,,9193.8,,
"919","GOLDSTREAM 2","2023081515",0,27.8,33,11.8,207,24,91.201,9.224,18.727,,,,,,,,,,,,,,,,,,,,9193.8,,
"919","GOLDSTREAM 2","2023081516",0,29.5,30,12.8,206,23,91.57,10.222,20.183,,,,,,,,,,,,,,,,,,,,9193.8,,
"919","GOLDSTREAM 2","2023081517",0,26.4,36,10.4,207,33.7,91.62,9.122,18.576,,,,,,,,,,,,,,,,,,,,9193.8,,
"919","GOLDSTREAM 2","2023081518",0,26.9,28,11.4,187,25.3,91.874,9.946,19.786,,,,,,,,,,,,,,,,,,,,9193.8,,
"919","GOLDSTREAM 2","2023081519",0,24.3,33,2.8,166,25.6,91.924,6.494,14.383,,,,,,,,,,,,,,,,,,,,9193.8,,
"919","GOLDSTREAM 2","2023081520",0,22.1,39,5.9,28,11.6,91.888,7.554,16.142,,,,,,,,,,,,,,,,,,,,9193.8,,
"919","GOLDSTREAM 2","2023081521",0,22.2,36,4.1,135,13.8,91.924,6.933,15.125,,,,,,,,,,,,,,,,,,,,9193.8,,
"919","GOLDSTREAM 2","2023081522",0,22.2,36,6.1,159,14.1,91.955,7.702,16.38,,,,,,,,,,,,,,,,,,,,9193.8,,
"919","GOLDSTREAM 2","2023081523",0,21.5,37,9.3,171,24.5,91.943,9.035,18.446,,,,,,,,,,,,,,,,,,,,9193.8,,
"934","MESACHIE 2","2023081500",0,15.3,86,1.9,196,4.5,89.252,4.238,13.618,,,,,,,,,,,,,,,,,,,,,,
"934","MESACHIE 2","2023081501",0,14.2,90,2.7,109,5.1,88.096,3.738,12.333,,,,,,,,,,,,,,,,,,,,,,
"934","MESACHIE 2","2023081502",0,13.6,95,2.2,111,5.6,86.795,3.027,10.389,,,,,,,,,,,,,,,,,,,,,,
"934","MESACHIE 2","2023081503",0,12.6,97,2.9,132,4.5,85.485,2.608,9.165,,,,,,,,,,,,,,,,,,,,,,
"934","MESACHIE 2","2023081504",0,12,98,3.5,167,5.1,84.238,2.266,8.114,,,,,,,,,,,,,,,,,,,,,,
"934","MESACHIE 2","2023081505",0,11.7,98,2.1,152,5.6,83.207,1.843,6.733,,,,,,,,,,,,,,,,,,,,,,
"934","MESACHIE 2","2023081506",0,12.9,97,3.2,130,4.5,82.319,1.742,6.385,,,,,,,,,,,,,,,,,,,,,,
"934","MESACHIE 2","2023081507",0,21.6,66,2.4,110,6.2,82.587,1.73,6.343,,,,,,,,,,,,,,,,,,,,,,
"934","MESACHIE 2","2023081508",0,25.2,58,2.9,327,4.5,83.117,1.897,6.914,,,,,,,,,,,,,,,,,,,,,,
"934","MESACHIE 2","2023081509",0,28.7,41,4.4,49,6.8,84.323,2.399,8.527,,,,,,,,,,,,,,,,,,,,,,
"934","MESACHIE 2","2023081510",0,31.6,35,4.7,66,7.4,85.79,2.98,10.254,,,,,,,,,,,,,,,,,,,,,,
"934","MESACHIE 2","2023081511",0,34.5,32,4.1,307,9.7,87.329,3.594,11.951,,,,,,,,,,,,,,,,,,,,,,
"934","MESACHIE 2","2023081512",0,36.9,22,6.9,94,11.4,89.415,5.581,16.807,0,95.684,13.455,33.174,46.632,449.89,74.07,5,,,,,,,,,,,,,,
"934","MESACHIE 2","2023081513",0,38.5,22,6.8,64,11.4,91.152,7.12,21.39,,,,,,,,,,,,,,,,,,,,,,
"934","MESACHIE 2","2023081514",0,38.4,24,8.4,77,16,92.359,9.156,25.539,,,,,,,,,,,,,,,,,,,,,,
"934","MESACHIE 2","2023081515",0,37.8,26,10.2,73,21.2,93.111,11.143,29.225,,,,,,,,,,,,,,,,,,,,,,
"934","MESACHIE 2","2023081516",0,37.2,25,9.5,97,19.5,93.677,11.641,30.103,,,,,,,,,,,,,,,,,,,,,,
"934","MESACHIE 2","2023081517",0,35.6,26,11.2,115,21.8,93.96,13.19,32.737,,,,,,,,,,,,,,,,,,,,,,
"934","MESACHIE 2","2023081518",0,32.5,32,8.7,90,24.1,94.011,11.71,30.224,,,,,,,,,,,,,,,,,,,,,,
"934","MESACHIE 2","2023081519",0,30.4,34,9.2,104,18.9,93.99,11.974,30.682,,,,,,,,,,,,,,,,,,,,,,
"934","MESACHIE 2","2023081520",0,23.5,61,2.3,178,13.1,93.175,7.551,22.305,,,,,,,,,,,,,,,,,,,,,,
"934","MESACHIE 2","2023081521",0,21.6,66,5.2,225,9.7,92.238,7.661,22.536,,,,,,,,,,,,,,,,,,,,,,
"934","MESACHIE 2","2023081522",0,19.4,76,2.8,164,6.8,91.201,5.861,18.575,,,,,,,,,,,,,,,,,,,,,,
"934","MESACHIE 2","2023081523",0,17.6,83,3.2,96,6.2,90.045,5.07,16.68,,,,,,,,,,,,,,,,,,,,,,
"938","PINE CREEK","2023081500",0,15.2,70,25.3,237,34.2,85.75,8.366,9.846,,,,,,,,,,,,,,,,,,,,6365.6,,
"938","PINE CREEK","2023081501",0,15,71,26,233,43.7,85.591,8.477,9.955,,,,,,,,,,,,,,,,,,,,6365.6,,
"938","PINE CREEK","2023081502",0,15,70,27.1,229,40.6,85.486,8.83,10.299,,,,,,,,,,,,,,,,,,,,6365.6,,
"938","PINE CREEK","2023081503",0,15.3,70,25.1,237,43.6,85.405,7.895,9.375,,,,,,,,,,,,,,,,,,,,6365.6,,
"938","PINE CREEK","2023081504",0,15.1,71,33.2,235,55.5,85.293,11.691,12.926,,,,,,,,,,,,,,,,,,,,6365.6,,
"938","PINE CREEK","2023081505",0,14.5,77,21.9,234,55,85.011,6.362,7.771,,,,,,,,,,,,,,,,,,,,6365.6,,
"938","PINE CREEK","2023081506",0,14.2,79,18.5,244,36.3,84.707,5.143,6.395,,,,,,,,,,,,,,,,,,,,6365.6,,
"938","PINE CREEK","2023081507",0,13.7,85,17.4,243,34.3,84.199,4.541,5.677,,,,,,,,,,,,,,,,,,,,6365.6,,
"938","PINE CREEK","2023081508",0,14.6,78,9.1,315,32.9,84.079,2.942,3.591,,,,,,,,,,,,,,,,,,,,6365.6,,
"938","PINE CREEK","2023081509",0,15.2,78,5.9,264,22.5,83.993,2.475,2.914,,,,,,,,,,,,,,,,,,,,6365.6,,
"938","PINE CREEK","2023081510",0,15.8,58,6.3,250,24.7,84.166,2.585,3.077,,,,,,,,,,,,,,,,,,,,6365.6,,
"938","PINE CREEK","2023081511",0,16,61,5,203,16.3,84.272,2.456,2.885,,,,,,,,,,,,,,,,,,,,6365.6,,
"938","PINE CREEK","2023081512",0,17.1,47,21,257,37.1,84.76,5.875,7.233,0,86.322,7.3,9.917,8.78,346.093,16.513,2,,,,,,,,,,,,6365.6,,
"938","PINE CREEK","2023081513",0,18.1,39,19.6,268,40,85.443,6.015,8.403,,,,,,,,,,,,,,,,,,,,6365.6,,
"938","PINE CREEK","2023081514",0,18.3,37,27.5,254,51.7,86.145,9.88,12.689,,,,,,,,,,,,,,,,,,,,6365.6,,
"938","PINE CREEK","2023081515",0,18.9,36,16.9,266,46.3,86.735,6.295,8.742,,,,,,,,,,,,,,,,,,,,6365.6,,
"938","PINE CREEK","2023081516",0,18.8,32,17.5,255,41.8,87.366,7.098,9.685,,,,,,,,,,,,,,,,,,,,6365.6,,
"938","PINE CREEK","2023081517",0,17.2,36,12.6,244,34.4,87.696,5.813,8.155,,,,,,,,,,,,,,,,,,,,6365.6,,
"938","PINE CREEK","2023081518",0,17.8,33,22.4,243,41,88.129,10.134,12.946,,,,,,,,,,,,,,,,,,,,6365.6,,
"938","PINE CREEK","2023081519",0,16.6,39,22.1,249,38.8,88.271,10.188,13,,,,,,,,,,,,,,,,,,,,6365.6,,
"938","PINE CREEK","2023081520",0,14.7,48,17.7,235,29.1,88.32,8.219,10.94,,,,,,,,,,,,,,,,,,,,6365.6,,
"938","PINE CREEK","2023081521",0,13.6,54,18.1,242,33.7,88.222,8.27,10.995,,,,,,,,,,,,,,,,,,,,6365.6,,
"938","PINE CREEK","2023081522",0,12.7,59,11.2,265,30,88.036,5.687,8,,,,,,,,,,,,,,,,,,,,6365.6,,
"938","PINE CREEK","2023081523",0,12,62,12,239,24.5,87.798,5.723,8.043,,,,,,,,,,,,,,,,,,,,6365.6,,
"944","TS SAN JUAN","2023081500",0,16.1,93,4.7,217,6.8,83.631,2.221,7.554,,,,,,,,,,,,,,,,,,,,7052.6,,
"944","TS SAN JUAN","2023081501",0,15.8,92,4.1,219,6.9,83.014,1.989,6.832,,,,,,,,,,,,,,,,,,,,7052.6,,
"944","TS SAN JUAN","2023081502",0,15.6,90,5.7,214,7,82.579,2.04,6.995,,,,,,,,,,,,,,,,,,,,7052.6,,
"944","TS SAN JUAN","2023081503",0,15.2,93,5.6,224,7.7,82.011,1.893,6.525,,,,,,,,,,,,,,,,,,,,7052.6,,
"944","TS SAN JUAN","2023081504",0,14.7,95,4.1,217,6.9,81.395,1.631,5.66,,,,,,,,,,,,,,,,,,,,7052.6,,
"944","TS SAN JUAN","2023081505",0,14.5,96,4.6,213,6.9,80.77,1.558,5.41,,,,,,,,,,,,,,,,,,,,7052.6,,
"944","TS SAN JUAN","2023081506",0,15.2,94,4.8,218,6.4,80.379,1.508,5.236,,,,,,,,,,,,,,,,,,,,7052.6,,
"944","TS SAN JUAN","2023081507",0,18.8,86,2.2,222,5.6,80.425,1.329,4.603,,,,,,,,,,,,,,,,,,,,7052.6,,
"944","TS SAN JUAN","2023081508",0,23.5,75,0.4,159,4.5,80.651,1.244,4.292,,,,,,,,,,,,,,,,,,,,7052.6,,
"944","TS SAN JUAN","2023081509",0,27.7,42,3.7,25,7.1,82.079,1.734,6.006,,,,,,,,,,,,,,,,,,,,7052.6,,
"944","TS SAN JUAN","2023081510",0,29.1,41,4.2,22,11.2,83.461,2.118,7.237,,,,,,,,,,,,,,,,,,,,7052.6,,
"944","TS SAN JUAN","2023081511",0,30.3,37,5.7,3,11.2,84.93,2.782,9.199,,,,,,,,,,,,,,,,,,,,7052.6,,
"944","TS SAN JUAN","2023081512",0,32.1,37,7.7,1,12.7,86.337,3.743,11.765,0,92.033,8.442,22.863,40.865,453.997,66.717,4,,,,,,,,,,,,7052.6,,
"944","TS SAN JUAN","2023081513",0,32.6,34,7.1,360,15.5,87.629,4.364,14.033,,,,,,,,,,,,,,,,,,,,7052.6,,
"944","TS SAN JUAN","2023081514",0,32.6,33,7.9,5,14.2,88.727,5.318,16.322,,,,,,,,,,,,,,,,,,,,7052.6,,
"944","TS SAN JUAN","2023081515",0,32.1,33,6.4,358,15,89.544,5.544,16.84,,,,,,,,,,,,,,,,,,,,7052.6,,
"944","TS SAN JUAN","2023081516",0,31.4,35,6.4,351,11.7,90.079,5.986,17.829,,,,,,,,,,,,,,,,,,,,7052.6,,
"944","TS SAN JUAN","2023081517",0,29.4,38,6.4,354,12.2,90.313,6.19,18.276,,,,,,,,,,,,,,,,,,,,7052.6,,
"944","TS SAN JUAN","2023081518",0,27.7,41,1.8,3,10.5,90.362,4.944,15.446,,,,,,,,,,,,,,,,,,,,7052.6,,
"944","TS SAN JUAN","2023081519",0,21.2,78,3.2,199,6.9,89.485,4.679,14.809,,,,,,,,,,,,,,,,,,,,7052.6,,
"944","TS SAN JUAN","2023081520",0,17.9,90,4.3,205,5.3,88.144,4.08,13.314,,,,,,,,,,,,,,,,,,,,7052.6,,
"944","TS SAN JUAN","2023081521",0,17,94,3.1,219,5.3,86.775,3.158,10.842,,,,,,,,,,,,,,,,,,,,7052.6,,
"944","TS SAN JUAN","2023081522",0,16.2,96,3.2,202,5.2,85.442,2.632,9.31,,,,,,,,,,,,,,,,,,,,7052.6,,
"944","TS SAN JUAN","2023081523",0,16.1,97,3.9,197,6,84.174,2.293,8.264,,,,,,,,,,,,,,,,,,,,7052.6,,
"945","TS NAKA CREEK","2023081500",0,11,92,1.8,263,6.2,84.324,2.104,3.728,,,,,,,,,0,0,,0,0,0,0,0,,0,0,,0,
"945","TS NAKA CREEK","2023081501",0,10.3,98,2.6,245,5.1,83.292,1.911,3.333,,,,,,,,,0,0,,0,0,0,0,0,,0,0,,0,
"945","TS NAKA CREEK","2023081502",0,10.3,98,2.8,214,6.2,82.367,1.717,2.922,,,,,,,,,0,0,,0,0,0,0,0,,0,0,,0,
"945","TS NAKA CREEK","2023081503",0,9.7,100,4.3,89,9.7,81.33,1.635,2.743,,,,,,,,,0,0,,0,0,0,0,0,,0,0,,0,
"945","TS NAKA CREEK","2023081504",0,9.9,100,3.1,289,7.4,80.443,1.394,2.193,,,,,,,,,0,0,,0,0,0,0,0,,0,0,,0,
"945","TS NAKA CREEK","2023081505",0,11.4,88,4.1,133,21.2,80.39,1.457,2.342,,,,,,,,,0,0,,0,0,0,0,0,,0,0,,0,
"945","TS NAKA CREEK","2023081506",0,10.4,94,2.5,18,19.5,80.06,1.298,1.962,,,,,,,,,0,0,,0,0,0,0,0,,0,0,,0,
"945","TS NAKA CREEK","2023081507",0,12.7,87,6.1,82,13.1,80.106,1.564,2.585,,,,,,,,,0,0,,0,0,0,0,0,,0,0,,0,
"945","TS NAKA CREEK","2023081508",0,18.5,67,5,51,9.1,80.507,1.544,2.541,,,,,,,,,0,0,,0,0,0,0,0,,0,0,,0,
"945","TS NAKA CREEK","2023081509",0,20.5,65,6.1,62,12,80.989,1.722,2.932,,,,,,,,,0,0,,0,0,0,0,0,,0,0,,0,
"945","TS NAKA CREEK","2023081510",0,22.8,59,14.3,309,22.9,81.774,2.852,5.153,,,,,,,,,0,0,,0,0,0,0,0,,0,0,,0,
"945","TS NAKA CREEK","2023081511",0,23.7,59,19.5,327,29.2,82.545,4.072,7.24,,,,,,,,,0,0,,0,0,0,0,0,,0,0,,0,
"945","TS NAKA CREEK","2023081512",0,24.9,53,16.1,329,32.7,83.423,3.838,6.859,0,87.239,6.496,11.818,15.429,341.258,27.724,3,0,0,,0,0,0,0,0,,0,0,,0,
"945","TS NAKA CREEK","2023081513",0,24.7,54,17.8,331,36.7,84.134,4.594,8.858,,,,,,,,,0,0,,0,0,0,0,0,,0,0,,0,
"945","TS NAKA CREEK","2023081514",0,24.2,61,19.3,326,35.6,84.498,5.204,9.848,,,,,,,,,0,0,,0,0,0,0,0,,0,0,,0,
"945","TS NAKA CREEK","2023081515",0,25.8,55,14.2,326,36.7,85.024,4.324,8.405,,,,,,,,,0,0,,0,0,0,0,0,,0,0,,0,
"945","TS NAKA CREEK","2023081516",0,23.8,62,18.8,335,35,85.207,5.591,10.456,,,,,,,,,0,0,,0,0,0,0,0,,0,0,,0,
"945","TS NAKA CREEK","2023081517",0,22.6,67,19.3,321,32.7,85.255,5.772,10.734,,,,,,,,,0,0,,0,0,0,0,0,,0,0,,0,
"945","TS NAKA CREEK","2023081518",0,19.9,79,15.2,319,34.4,85.003,4.535,8.759,,,,,,,,,0,0,,0,0,0,0,0,,0,0,,0,
"945","TS NAKA CREEK","2023081519",0,17.9,87,13.6,302,21.2,84.381,3.843,7.572,,,,,,,,,0,0,,0,0,0,0,0,,0,0,,0,
"945","TS NAKA CREEK","2023081520",0,16.8,89,13.7,311,23.5,83.731,3.542,7.031,,,,,,,,,0,0,,0,0,0,0,0,,0,0,,0,
"945","TS NAKA CREEK","2023081521",0,15.9,93,16.2,311,22.9,82.863,3.59,7.118,,,,,,,,,0,0,,0,0,0,0,0,,0,0,,0,
"945","TS NAKA CREEK","2023081522",0,14.8,92,14.6,324,25.2,82.232,3.06,6.135,,,,,,,,,0,0,,0,0,0,0,0,,0,0,,0,
"945","TS NAKA CREEK","2023081523",0,13.1,96,3.2,89,16,81.541,1.586,3.026,,,,,,,,,0,0,,0,0,0,0,0,,0,0,,0,
"956","TS EFFINGHAM","2023081500",0,25.7,37,3.5,8,7.9,93.067,7.901,15.504,,,,,,,,,0,0,,0,0,0,0,0,,0,0,,0,
"956","TS EFFINGHAM","2023081501",0,25.4,38,3.5,7,6.2,92.985,7.811,15.371,,,,,,,,,0,0,,0,0,0,0,0,,0,0,,0,
"956","TS EFFINGHAM","2023081502",0,25.1,37,2.7,12,13.7,92.935,7.45,14.824,,,,,,,,,0,0,,0,0,0,0,0,,0,0,,0,
"956","TS EFFINGHAM","2023081503",0,23.9,38,7.9,331,17.7,92.823,9.531,17.847,,,,,,,,,0,0,,0,0,0,0,0,,0,0,,0,
"956","TS EFFINGHAM","2023081504",0,24.7,36,3.2,13,13.1,92.804,7.501,14.901,,,,,,,,,0,0,,0,0,0,0,0,,0,0,,0,
"956","TS EFFINGHAM","2023081505",0,23.9,39,6.5,323,10.2,92.69,8.717,16.699,,,,,,,,,0,0,,0,0,0,0,0,,0,0,,0,
"956","TS EFFINGHAM","2023081506",0,23.7,42,3.3,81,9.1,92.536,7.26,14.532,,,,,,,,,0,0,,0,0,0,0,0,,0,0,,0,
"956","TS EFFINGHAM","2023081507",0,23.3,40,4.7,348,10.8,92.43,7.676,15.167,,,,,,,,,0,0,,0,0,0,0,0,,0,0,,0,
"956","TS EFFINGHAM","2023081508",0,27.5,38,2.1,60,10.2,92.464,6.766,13.759,,,,,,,,,0,0,,0,0,0,0,0,,0,0,,0,
"956","TS EFFINGHAM","2023081509",0,29.6,32,3.1,273,6.2,92.514,7.165,14.386,,,,,,,,,0,0,,0,0,0,0,0,,0,0,,0,
"956","TS EFFINGHAM","2023081510",0,30.5,36,4.7,192,7.9,92.564,7.822,15.386,,,,,,,,,0,0,,0,0,0,0,0,,0,0,,0,
"956","TS EFFINGHAM","2023081511",0,30.4,37,7.8,192,14.9,92.614,9.209,17.398,,,,,,,,,0,0,,0,0,0,0,0,,0,0,,0,
"956","TS EFFINGHAM","2023081512",0,31.5,39,9.2,199,14.3,92.664,9.952,18.425,0,92.91,10.302,20.41,24.987,265.051,40.443,3,0,0,,0,0,0,0,0,,0,0,,0,
"956","TS EFFINGHAM","2023081513",0,32,36,8.2,167,14.3,92.714,9.529,19.288,,,,,,,,,0,0,,0,0,0,0,0,,0,0,,0,
"956","TS EFFINGHAM","2023081514",0,32.5,34,8.6,180,15.4,92.764,9.792,19.674,,,,,,,,,0,0,,0,0,0,0,0,,0,0,,0,
"956","TS EFFINGHAM","2023081515",0,32.1,37,8.3,183,15.4,92.814,9.713,19.558,,,,,,,,,0,0,,0,0,0,0,0,,0,0,,0,
"956","TS EFFINGHAM","2023081516",0,30.4,42,6.5,159,13.1,92.744,8.783,18.168,,,,,,,,,0,0,,0,0,0,0,0,,0,0,,0,
"956","TS EFFINGHAM","2023081517",0,28.7,45,4.3,143,10.2,92.572,7.674,16.432,,,,,,,,,0,0,,0,0,0,0,0,,0,0,,0,
"956","TS EFFINGHAM","2023081518",0,29,43,2.5,158,5.1,92.498,6.936,15.22,,,,,,,,,0,0,,0,0,0,0,0,,0,0,,0,
"956","TS EFFINGHAM","2023081519",0,25.9,51,0,88,6.2,92.272,5.923,13.471,,,,,,,,,0,0,,0,0,0,0,0,,0,0,,0,
"956","TS EFFINGHAM","2023081520",0,25.6,50,3.4,82,6.8,91.991,6.757,14.918,,,,,,,,,0,0,,0,0,0,0,0,,0,0,,0,
"956","TS EFFINGHAM","2023081521",0,26,49,3.6,72,5.6,91.779,6.623,14.691,,,,,,,,,0,0,,0,0,0,0,0,,0,0,,0,
"956","TS EFFINGHAM","2023081522",0,25.4,50,5.9,358,11.4,91.539,7.189,15.64,,,,,,,,,0,0,,0,0,0,0,0,,0,0,,0,
"956","TS EFFINGHAM","2023081523",0,25,49,6,346,9.1,91.355,7.038,15.39,,,,,,,,,0,0,,0,0,0,0,0,,0,0,,0,
"965","IRON CREEK YFS","2023081500",1.5,9.6,98,1.3,293,6.9,,,,,,,,,,,,,,,,,,,,,,,1698.75,,
"965","IRON CREEK YFS","2023081501",1.3,9.3,99,2.9,4,7,,,,,,,,,,,,,,,,,,,,,,,1700.02,,
"965","IRON CREEK YFS","2023081502",0.3,9.3,100,0,33,4.7,,,,,,,,,,,,,,,,,,,,,,,1700.28,,
"965","IRON CREEK YFS","2023081503",0.5,9.2,100,0,307,3,,,,,,,,,,,,,,,,,,,,,,,1700.78,,
"965","IRON CREEK YFS","2023081504",0.3,9.2,100,1.1,24,4.2,,,,,,,,,,,,,,,,,,,,,,,1701.04,,
"965","IRON CREEK YFS","2023081505",0.3,9,100,0,355,5.8,,,,,,,,,,,,,,,,,,,,,,,1701.29,,
"965","IRON CREEK YFS","2023081506",0.3,9.1,100,0.2,355,2.7,,,,,,,,,,,,,,,,,,,,,,,1701.55,,
"965","IRON CREEK YFS","2023081507",0,9.8,100,0.7,11,4.6,,,,,,,,,,,,,,,,,,,,,,,1701.55,,
"965","IRON CREEK YFS","2023081508",0,11.9,91,1.9,8,5.4,,,,,,,,,,,,,,,,,,,,,,,1701.55,,
"965","IRON CREEK YFS","2023081509",0,13.6,86,0.5,163,4.4,,,,,,,,,,,,,,,,,,,,,,,1701.55,,
"965","IRON CREEK YFS","2023081510",0,14.4,78,4.4,302,11,,,,,,,,,,,,,,,,,,,,,,,1701.55,,
"965","IRON CREEK YFS","2023081511",0,15.6,70,5.4,302,14.6,,,,,,,,,,,,,,,,,,,,,,,1701.55,,
"965","IRON CREEK YFS","2023081512",0,18,57,13.5,294,31.8,,,,4.8,,,,,,,,,,,,,,,,,,,1701.55,,
"965","IRON CREEK YFS","2023081513",0,17.1,55,8.1,297,26.4,,,,,,,,,,,,,,,,,,,,,,,1701.55,,
"965","IRON CREEK YFS","2023081514",0,20.7,47,7.2,294,27.1,,,,,,,,,,,,,,,,,,,,,,,1701.55,,
"965","IRON CREEK YFS","2023081515",0,19.5,48,7.9,287,27.3,,,,,,,,,,,,,,,,,,,,,,,1701.55,,
"965","IRON CREEK YFS","2023081516",0,18.7,48,10.3,283,25,,,,,,,,,,,,,,,,,,,,,,,1701.55,,
"965","IRON CREEK YFS","2023081517",0,19.5,49,8.4,276,22.5,,,,,,,,,,,,,,,,,,,,,,,1701.55,,
"965","IRON CREEK YFS","2023081518",0,17.1,55,4.9,268,24.4,,,,,,,,,,,,,,,,,,,,,,,1701.55,,
"965","IRON CREEK YFS","2023081519",0,16.3,60,5.9,280,14.2,,,,,,,,,,,,,,,,,,,,,,,1701.55,,
"965","IRON CREEK YFS","2023081520",0,14.4,75,5.7,247,13.4,,,,,,,,,,,,,,,,,,,,,,,1701.55,,
"965","IRON CREEK YFS","2023081521",0,13.1,79,5.6,241,12.8,,,,,,,,,,,,,,,,,,,,,,,1701.55,,
"965","IRON CREEK YFS","2023081522",0,13.5,78,9.3,242,18.2,,,,,,,,,,,,,,,,,,,,,,,1701.55,,
"965","IRON CREEK YFS","2023081523",0,12.2,87,0.3,242,18.2,,,,,,,,,,,,,,,,,,,,,,,1701.55,,
"977","ANDERSON CREEK","2023081500",0,20.3,66,3.8,94,6.8,91.506,6.437,27.888,,,,,,,,,0,0,,0,0,0,0,0,,0,0,,0,
"977","ANDERSON CREEK","2023081501",0,19.5,70,3.8,66,8.5,90.734,5.767,25.855,,,,,,,,,0,0,,0,0,0,0,0,,0,0,,0,
"977","ANDERSON CREEK","2023081502",0,19.2,63,3.4,17,7.9,90.269,5.288,24.341,,,,,,,,,0,0,,0,0,0,0,0,,0,0,,0,
"977","ANDERSON CREEK","2023081503",0,18.4,62,3.7,5,9.1,89.878,5.076,23.652,,,,,,,,,0,0,,0,0,0,0,0,,0,0,,0,
"977","ANDERSON CREEK","2023081504",0,18.1,66,3.1,97,6.2,89.445,4.629,22.158,,,,,,,,,0,0,,0,0,0,0,0,,0,0,,0,
"977","ANDERSON CREEK","2023081505",0,17.8,67,4.1,75,6.2,89.023,4.582,21.997,,,,,,,,,0,0,,0,0,0,0,0,,0,0,,0,
"977","ANDERSON CREEK","2023081506",0,18.3,62,3.6,46,7.4,88.782,4.316,21.077,,,,,,,,,0,0,,0,0,0,0,0,,0,0,,0,
"977","ANDERSON CREEK","2023081507",0,20.2,53,5.4,73,8.5,88.785,4.727,22.492,,,,,,,,,0,0,,0,0,0,0,0,,0,0,,0,
"977","ANDERSON CREEK","2023081508",0,26.2,40,3,265,8.5,89.035,4.342,21.169,,,,,,,,,0,0,,0,0,0,0,0,,0,0,,0,
"977","ANDERSON CREEK","2023081509",0,29,35,4.9,240,7.4,89.533,5.132,23.835,,,,,,,,,0,0,,0,0,0,0,0,,0,0,,0,
"977","ANDERSON CREEK","2023081510",0,31.4,29,4.7,259,8.5,90.296,5.668,25.547,,,,,,,,,0,0,,0,0,0,0,0,,0,0,,0,
"977","ANDERSON CREEK","2023081511",0,34.3,23,6.9,256,10.8,91.42,7.434,30.751,,,,,,,,,0,0,,0,0,0,0,0,,0,0,,0,
"977","ANDERSON CREEK","2023081512",0,36.8,21,6.3,254,13.1,92.564,8.478,33.576,0,96.026,13.675,46.156,130.41,585.414,167.524,4,0,0,,0,0,0,0,0,,0,0,,0,
"977","ANDERSON CREEK","2023081513",0,38.9,20,8.1,252,17.2,93.673,10.841,39.778,,,,,,,,,0,0,,0,0,0,0,0,,0,0,,0,
"977","ANDERSON CREEK","2023081514",0,37.8,22,8.7,247,19.5,94.296,12.182,42.88,,,,,,,,,0,0,,0,0,0,0,0,,0,0,,0,
"977","ANDERSON CREEK","2023081515",0,38,21,10.5,215,21.2,94.838,14.372,47.629,,,,,,,,,0,0,,0,0,0,0,0,,0,0,,0,
"977","ANDERSON CREEK","2023081516",0,36.6,24,8.6,222,25.8,94.976,13.309,45.369,,,,,,,,,0,0,,0,0,0,0,0,,0,0,,0,
"977","ANDERSON CREEK","2023081517",0,35.1,24,9.4,201,24.1,95.027,13.954,46.749,,,,,,,,,0,0,,0,0,0,0,0,,0,0,,0,
"977","ANDERSON CREEK","2023081518",0,32.5,27,7.9,180,19.5,95.078,13.029,44.758,,,,,,,,,0,0,,0,0,0,0,0,,0,0,,0,
"977","ANDERSON CREEK","2023081519",0,29.2,31,9.9,234,21.8,94.959,14.177,47.221,,,,,,,,,0,0,,0,0,0,0,0,,0,0,,0,
"977","ANDERSON CREEK","2023081520",0,26.9,35,4.8,109,16.6,94.736,10.633,39.282,,,,,,,,,0,0,,0,0,0,0,0,,0,0,,0,
"977","ANDERSON CREEK","2023081521",0,23.8,42,4.6,340,9.7,94.318,9.939,37.593,,,,,,,,,0,0,,0,0,0,0,0,,0,0,,0,
"977","ANDERSON CREEK","2023081522",0,21.5,50,5.3,332,9.1,93.706,9.459,36.395,,,,,,,,,0,0,,0,0,0,0,0,,0,0,,0,
"977","ANDERSON CREEK","2023081523",0,20.7,53,3.7,64,7.9,93.125,8.046,32.702,,,,,,,,,0,0,,0,0,0,0,0,,0,0,,0,
"995","TS ARTLISH","2023081500",0,15.9,90,0,117,0,83.317,1.682,2.76,,,,,,,,,0,-0.8,,0,0,0,0,0,,1,0,,0,
"995","TS ARTLISH","2023081501",0,14.9,93,0,115,0,82.841,1.582,2.544,,,,,,,,,0,10.3,,0,0,0,0,0,,1,0,,0,
"995","TS ARTLISH","2023081502",0,14.6,93,0,66,0,82.413,1.499,2.359,,,,,,,,,0,4,,0,0,0,0,0,,1,0,,0,
"995","TS ARTLISH","2023081503",0,14.1,94,0,67,0,81.974,1.421,2.18,,,,,,,,,0,-0.6,,0,0,0,0,0,,1,0,,0,
"995","TS ARTLISH","2023081504",0,14,93,0,137,2.2,81.629,1.364,2.045,,,,,,,,,0,-0.7,,0,0,0,0,0,,1,0,,0,
"995","TS ARTLISH","2023081505",0,13.5,96,0,271,0,81.152,1.29,1.867,,,,,,,,,0,-0.8,,0,0,0,0,0,,1,0,,0,
"995","TS ARTLISH","2023081506",0,13.9,94,0,128,0,80.833,1.244,1.752,,,,,,,,,0,2.4,,0,0,0,0,0,,1,0,,0,
"995","TS ARTLISH","2023081507",0,14.3,97,0,117,2.2,80.364,1.182,1.589,,,,,,,,,0,5.4,,0,0,0,0,0,,1,0,,0,
"995","TS ARTLISH","2023081508",0,15.6,97,0,135,0,79.937,1.13,1.444,,,,,,,,,0,5.9,,0,0,0,0,0,,1,0,,0,
"995","TS ARTLISH","2023081509",0,19.8,82,0,114,3.9,80.021,1.14,1.473,,,,,,,,,0,37.2,,0,0,0,0,0,,1,0,,0,
"995","TS ARTLISH","2023081510",0,22.6,73,0,111,0,80.252,1.168,1.551,,,,,,,,,0,10.3,,0,0,0,0,0,,1,-335.745,,0,
"995","TS ARTLISH","2023081511",0,27.4,47,5.6,79,14.3,81.615,1.805,3.021,,,,,,,,,0,2.1,,0,0,0,0,0,,1,0,,0,
"995","TS ARTLISH","2023081512",0,29.2,36,3.6,93,18.3,83.241,1.997,3.414,0,90.811,5.772,10.991,16.758,265.407,28.947,3,0,0.4,,0,0,0,0,0,,1,0,,0,
"995","TS ARTLISH","2023081513",0,30.3,35,3.4,29,24.1,84.73,2.41,4.99,,,,,,,,,0,0,,0,0,0,0,0,,1,0,,0,
"995","TS ARTLISH","2023081514",0,31,42,5,56,22.3,85.807,3.032,6.25,,,,,,,,,0,0.2,,0,0,0,0,0,,1,0,,0,
"995","TS ARTLISH","2023081515",0,31.3,41,3.8,301,19.5,86.723,3.248,6.666,,,,,,,,,0,2.7,,0,0,0,0,0,,1,0,,0,
"995","TS ARTLISH","2023081516",0,30.3,46,6.7,52,18.3,87.307,4.085,8.2,,,,,,,,,0,-0.2,,0,0,0,0,0,,1,0,,0,
"995","TS ARTLISH","2023081517",0,28.4,53,5.1,57,15.4,87.491,3.868,7.815,,,,,,,,,0,11.6,,0,0,0,0,0,,1,0,,0,
"995","TS ARTLISH","2023081518",0,23.8,72,1.6,104,15.4,87.281,3.147,6.473,,,,,,,,,0,0.9,,0,0,0,0,0,,1,0,,0,
"995","TS ARTLISH","2023081519",0,22.1,75,2.2,112,9.7,86.98,3.108,6.397,,,,,,,,,0,10.9,,0,0,0,0,0,,1,0,,0,
"995","TS ARTLISH","2023081520",0,21.3,78,0,117,0,86.696,2.671,5.531,,,,,,,,,0,-1.9,,0,0,0,0,0,,1,0,,0,
"995","TS ARTLISH","2023081521",0,18.8,88,0,150,5.6,86.09,2.452,5.078,,,,,,,,,0,-1.7,,0,0,0,0,0,,1,0,,0,
"995","TS ARTLISH","2023081522",0,17.9,88,2,114,10.2,85.425,2.472,5.119,,,,,,,,,0,26,,0,0,0,0,0,,1,0,,0,
"995","TS ARTLISH","2023081523",0,16.8,86,0,168,2.2,85.039,2.119,4.363,,,,,,,,,0,7.6,,0,0,0,0,0,,1,0,,0,
"1002","TS ELPHINSTONE","2023081500",0,22.1,58,0,113,10.2,90.3,4.475,11.177,,,,,,,,,0,193.3,,0,0,0,0,0,,0,0,,0,
"1002","TS ELPHINSTONE","2023081501",0,21.9,56,4.6,98,9.1,90.071,5.461,13.108,,,,,,,,,0,193.3,,0,0,0,0,0,,0,0,,0,
"1002","TS ELPHINSTONE","2023081502",0,20.9,62,4.4,8,7.4,89.711,5.134,12.485,,,,,,,,,0,193.3,,0,0,0,0,0,,0,0,,0,
"1002","TS ELPHINSTONE","2023081503",0,20.6,62,4.7,359,8.5,89.393,4.98,12.185,,,,,,,,,0,193.3,,0,0,0,0,0,,0,0,,0,
"1002","TS ELPHINSTONE","2023081504",0,20.8,55,0,81,6.2,89.336,3.898,9.972,,,,,,,,,0,193.3,,0,0,0,0,0,,0,0,,0,
"1002","TS ELPHINSTONE","2023081505",0,20.6,56,5.4,61,7.4,89.209,5.024,12.271,,,,,,,,,0,193.3,,0,0,0,0,0,,0,0,,0,
"1002","TS ELPHINSTONE","2023081506",0,20.6,60,4,41,7.9,89.013,4.552,11.334,,,,,,,,,0,193.3,,0,0,0,0,0,,0,0,,0,
"1002","TS ELPHINSTONE","2023081507",0,20.4,68,0,343,7.4,88.748,3.583,9.287,,,,,,,,,0,193.3,,0,0,0,0,0,,0,0,,0,
"1002","TS ELPHINSTONE","2023081508",0,23,56,4.7,285,7.9,88.744,4.537,11.303,,,,,,,,,0,193.3,,0,0,0,0,0,,0,0,,0,
"1002","TS ELPHINSTONE","2023081509",0,27.3,50,5.5,274,9.1,88.793,4.757,11.744,,,,,,,,,0,193.3,,0,0,0,0,0,,0,0,,0,
"1002","TS ELPHINSTONE","2023081510",0,29,41,7.5,276,15.4,89.142,5.531,13.242,,,,,,,,,0,193.3,,0,0,0,0,0,,0,0,,0,
"1002","TS ELPHINSTONE","2023081511",0,30,38,0,232,10.2,89.45,3.962,10.109,,,,,,,,,0,193.3,,0,0,0,0,0,,0,0,,0,
"1002","TS ELPHINSTONE","2023081512",0,30.5,39,7.5,266,11.4,89.813,6.091,14.275,0,91.011,7.228,17.343,30.096,321.668,48.782,4,0,193.3,,0,0,0,0,0,,0,0,,0,
"1002","TS ELPHINSTONE","2023081513",0,31.4,37,9.2,278,16.6,90.236,7.05,17.024,,,,,,,,,0,193.3,,0,0,0,0,0,,0,0,,0,
"1002","TS ELPHINSTONE","2023081514",0,31.5,39,6.2,257,14.3,90.483,6.279,15.601,,,,,,,,,0,193.3,,0,0,0,0,0,,0,0,,0,
"1002","TS ELPHINSTONE","2023081515",0,30.9,38,8.3,266,19.5,90.705,7.205,17.301,,,,,,,,,0,193.3,,0,0,0,0,0,,0,0,,0,
"1002","TS ELPHINSTONE","2023081516",0,32.1,36,11.8,293,21.8,91.029,9.001,20.367,,,,,,,,,0,193.3,,0,0,0,0,0,,0,0,,0,
"1002","TS ELPHINSTONE","2023081517",0,30.6,41,10.3,281,21.8,91.079,8.405,19.379,,,,,,,,,0,193.3,,0,0,0,0,0,,0,0,,0,
"1002","TS ELPHINSTONE","2023081518",0,27.8,43,12.1,300,25.8,91.129,9.268,20.801,,,,,,,,,0,193.3,,0,0,0,0,0,,0,0,,0,
"1002","TS ELPHINSTONE","2023081519",0,25,54,11.2,304,23.5,90.829,8.487,19.517,,,,,,,,,0,193.3,,0,0,0,0,0,,0,0,,0,
"1002","TS ELPHINSTONE","2023081520",0,23.4,57,12,305,20,90.456,8.378,19.334,,,,,,,,,0,193.3,,0,0,0,0,0,,0,0,,0,
"1002","TS ELPHINSTONE","2023081521",0,22.4,49,6.5,325,24.1,90.374,6.276,15.594,,,,,,,,,0,193.3,,0,0,0,0,0,,0,0,,0,
"1002","TS ELPHINSTONE","2023081522",0,21.4,57,9.1,314,16.6,90.066,6.846,16.653,,,,,,,,,0,193.3,,0,0,0,0,0,,0,0,,0,
"1002","TS ELPHINSTONE","2023081523",0,21.3,51,2.3,313,18.9,89.989,4.806,12.68,,,,,,,,,0,193.3,,0,0,0,0,0,,0,0,,0,
"1024","SKOONKA","2023081500",0,20.4,43,6.2,31,16,92.759,8.671,28.75,,,,,,,,,,,,,,,,,,,,,,
"1024","SKOONKA","2023081501",0,18.7,46,5.5,9,10.2,92.431,7.992,27.192,,,,,,,,,,,,,,,,,,,,,,
"1024","SKOONKA","2023081502",0,18.5,46,8.7,20,10.2,92.108,8.972,29.426,,,,,,,,,,,,,,,,,,,,,,
"1024","SKOONKA","2023081503",0,18,46,8.9,22,10.8,91.818,8.699,28.815,,,,,,,,,,,,,,,,,,,,,,
"1024","SKOONKA","2023081504",0,18,45,9.2,23,12,91.585,8.544,28.464,,,,,,,,,,,,,,,,,,,,,,
"1024","SKOONKA","2023081505",0,17.7,47,8.8,23,12.5,91.332,8.079,27.393,,,,,,,,,,,,,,,,,,,,,,
"1024","SKOONKA","2023081506",0,17.6,48,3.8,30,9.7,91.125,6.097,22.511,,,,,,,,,,,,,,,,,,,,,,
"1024","SKOONKA","2023081507",0,18.1,48,2.2,87,7.4,90.961,5.495,20.9,,,,,,,,,,,,,,,,,,,,,,
"1024","SKOONKA","2023081508",0,23.9,35,6.3,183,9.1,91.011,6.804,24.32,,,,,,,,,,,,,,,,,,,,,,
"1024","SKOONKA","2023081509",0,25.5,33,7,183,13.1,91.127,7.166,25.216,,,,,,,,,,,,,,,,,,,,,,
"1024","SKOONKA","2023081510",0,27.1,30,8.6,174,17.2,91.391,8.065,27.361,,,,,,,,,,,,,,,,,,,,,,
"1024","SKOONKA","2023081511",0,27.9,27,11.6,164,23.5,91.775,9.907,31.46,,,,,,,,,,,,,,,,,,,,,,
"1024","SKOONKA","2023081512",0,29.5,25,10.4,172,21.8,92.24,9.959,31.57,0,93.697,12.214,37.067,70.859,544.579,106.933,4,,,,,,,,,,,,,,
"1024","SKOONKA","2023081513",0,30,24,12.3,185,22.9,92.69,11.676,35.989,,,,,,,,,,,,,,,,,,,,,,
"1024","SKOONKA","2023081514",0,30.7,23,13.4,189,24.6,93.131,13.129,38.855,,,,,,,,,,,,,,,,,,,,,,
"1024","SKOONKA","2023081515",0,30.2,23,11.9,196,24.6,93.443,12.715,38.054,,,,,,,,,,,,,,,,,,,,,,
"1024","SKOONKA","2023081516",0,31.6,19,7.7,224,21.8,93.931,11.013,34.628,,,,,,,,,,,,,,,,,,,,,,
"1024","SKOONKA","2023081517",0,29,19,6.6,209,20,94.197,10.81,34.205,,,,,,,,,,,,,,,,,,,,,,
"1024","SKOONKA","2023081518",0,28.2,22,5.3,222,17.2,94.248,10.197,32.903,,,,,,,,,,,,,,,,,,,,,,
"1024","SKOONKA","2023081519",0,25.5,26,3.3,281,12,94.299,9.283,30.899,,,,,,,,,,,,,,,,,,,,,,
"1024","SKOONKA","2023081520",0,25.1,26,5.4,285,13.7,94.34,10.379,33.293,,,,,,,,,,,,,,,,,,,,,,
"1024","SKOONKA","2023081521",0,22.4,43,7.8,125,14.3,93.89,11.006,34.613,,,,,,,,,,,,,,,,,,,,,,
"1024","SKOONKA","2023081522",0,21.1,47,7.9,109,12,93.377,10.3,33.124,,,,,,,,,,,,,,,,,,,,,,
"1024","SKOONKA","2023081523",0,20.1,50,7.2,119,11.4,92.855,9.242,30.806,,,,,,,,,,,,,,,,,,,,,,
"1025","TS THEODOSIA","2023081500",0,17,94,1.8,353,3.3,84.299,2.097,7.541,,,,,,,,,0,193.3,,0,0,0,0,0,,0,0,,0,
"1025","TS THEODOSIA","2023081501",0,16.4,96,1.6,358,3.3,83.368,1.835,6.676,,,,,,,,,0,193.3,,0,0,0,0,0,,0,0,,0,
"1025","TS THEODOSIA","2023081502",0,15.8,96,1.8,320,2.8,82.554,1.671,6.112,,,,,,,,,0,193.3,,0,0,0,0,0,,0,0,,0,
"1025","TS THEODOSIA","2023081503",0,15.4,97,1.7,349,3.3,81.766,1.51,5.54,,,,,,,,,0,193.3,,0,0,0,0,0,,0,0,,0,
"1025","TS THEODOSIA","2023081504",0,14.9,97,1.8,358,3.3,81.075,1.4,5.139,,,,,,,,,0,193.3,,0,0,0,0,0,,0,0,,0,
"1025","TS THEODOSIA","2023081505",0,14.5,97,0,64,3.9,80.581,1.21,4.419,,,,,,,,,0,193.3,,0,0,0,0,0,,0,0,,0,
"1025","TS THEODOSIA","2023081506",0,14.4,97,2.7,258,3.9,80.012,1.305,4.781,,,,,,,,,0,193.3,,0,0,0,0,0,,0,0,,0,
"1025","TS THEODOSIA","2023081507",0,17.2,90,0,234,3.3,80.014,1.139,4.141,,,,,,,,,0,193.3,,0,0,0,0,0,,0,0,,0,
"1025","TS THEODOSIA","2023081508",0,21.6,74,3.6,178,7.4,80.323,1.411,5.178,,,,,,,,,0,193.3,,0,0,0,0,0,,0,0,,0,
"1025","TS THEODOSIA","2023081509",0,24.6,62,4.5,168,9.1,81.013,1.593,5.836,,,,,,,,,0,193.3,,0,0,0,0,0,,0,0,,0,
"1025","TS THEODOSIA","2023081510",0,26.5,50,5.8,298,13.1,82.116,1.936,7.014,,,,,,,,,0,193.3,,0,0,0,0,0,,0,0,,0,
"1025","TS THEODOSIA","2023081511",0,28.5,47,5.1,294,17.2,83.265,2.16,7.743,,,,,,,,,0,193.3,,0,0,0,0,0,,0,0,,0,
"1025","TS THEODOSIA","2023081512",0,28.9,40,6.4,159,17.2,84.566,2.742,9.524,0,90.585,6.436,19.406,42.858,506.471,70.749,4,0,193.3,,0,0,0,0,0,,0,0,,0,
"1025","TS THEODOSIA","2023081513",0,31.1,41,4.6,342,12,85.703,2.929,10.557,,,,,,,,,0,193.3,,0,0,0,0,0,,0,0,,0,
"1025","TS THEODOSIA","2023081514",0,31.9,39,4.4,337,12.5,86.77,3.37,11.836,,,,,,,,,0,193.3,,0,0,0,0,0,,0,0,,0,
"1025","TS THEODOSIA","2023081515",0,32.3,36,4.3,185,13.7,87.793,3.88,13.238,,,,,,,,,0,193.3,,0,0,0,0,0,,0,0,,0,
"1025","TS THEODOSIA","2023081516",0,31.7,41,5.6,157,13.7,88.424,4.534,14.941,,,,,,,,,0,193.3,,0,0,0,0,0,,0,0,,0,
"1025","TS THEODOSIA","2023081517",0,29.9,42,4.7,318,13.1,88.815,4.583,15.064,,,,,,,,,0,193.3,,0,0,0,0,0,,0,0,,0,
"1025","TS THEODOSIA","2023081518",0,25.9,55,2.6,124,14.3,88.864,4.152,13.96,,,,,,,,,0,193.3,,0,0,0,0,0,,0,0,,0,
"1025","TS THEODOSIA","2023081519",0,23.8,63,3.6,353,9.7,88.689,4.258,14.235,,,,,,,,,0,193.3,,0,0,0,0,0,,0,0,,0,
"1025","TS THEODOSIA","2023081520",0,22.2,71,2.7,307,7.9,88.306,3.852,13.165,,,,,,,,,0,193.3,,0,0,0,0,0,,0,0,,0,
"1025","TS THEODOSIA","2023081521",0,20.4,78,2.6,316,5.1,87.744,3.536,12.302,,,,,,,,,0,193.3,,0,0,0,0,0,,0,0,,0,
"1025","TS THEODOSIA","2023081522",0,19.2,85,1.8,349,4.5,87.005,3.057,10.934,,,,,,,,,0,193.3,,0,0,0,0,0,,0,0,,0,
"1025","TS THEODOSIA","2023081523",0,18.2,87,2.6,345,5.6,86.249,2.859,10.348,,,,,,,,,0,193.3,,0,0,0,0,0,,0,0,,0,
"1029","FIVE MILE","2023081500",0,25.2,33,2.8,10,26.1,95.457,10.612,35.7,,,,,,,,,,,,,,,,,,,,54.8,,
"1029","FIVE MILE","2023081501",0,23,39,4.8,104,9.2,95.029,11.069,36.703,,,,,,,,,,,,,,,,,,,,54.8,,
"1029","FIVE MILE","2023081502",0,20.9,44,4,58,7.6,94.525,9.921,34.147,,,,,,,,,,,,,,,,,,,,54.8,,
"1029","FIVE MILE","2023081503",0,20,47,3.6,107,6.7,94.008,9.053,32.13,,,,,,,,,,,,,,,,,,,,54.8,,
"1029","FIVE MILE","2023081504",0,19.2,49,4.2,102,5.9,93.485,8.678,31.23,,,,,,,,,,,,,,,,,,,,54.8,,
"1029","FIVE MILE","2023081505",0,18.2,52,4.1,106,8,92.949,8.011,29.59,,,,,,,,,,,,,,,,,,,,54.8,,
"1029","FIVE MILE","2023081506",0,17.9,54,3,56,6.8,92.45,7.065,27.16,,,,,,,,,,,,,,,,,,,,54.8,,
"1029","FIVE MILE","2023081507",0,19.2,50,1.3,315,4,92.14,6.207,24.832,,,,,,,,,,,,,,,,,,,,54.8,,
"1029","FIVE MILE","2023081508",0,22.1,46,4.8,196,7.9,91.922,7.18,27.463,,,,,,,,,,,,,,,,,,,,54.8,,
"1029","FIVE MILE","2023081509",0,24.6,37,4.8,238,8.8,91.972,7.231,27.596,,,,,,,,,,,,,,,,,,,,54.8,,
"1029","FIVE MILE","2023081510",0,27,32,5.2,223,10.7,92.022,7.431,28.115,,,,,,,,,,,,,,,,,,,,54.8,,
"1029","FIVE MILE","2023081511",0,29.2,29,7.1,229,12.2,92.233,8.424,30.614,,,,,,,,,,,,,,,,,,,,54.8,,
"1029","FIVE MILE","2023081512",0,31.8,25,7.4,211,12.6,92.692,9.125,32.3,0,94.573,11.853,39.137,81.801,757.605,128.827,4,,,,,,,,,,,,54.8,,
"1029","FIVE MILE","2023081513",0,33.9,21,7.7,187,17.5,93.367,10.182,35.434,,,,,,,,,,,,,,,,,,,,54.8,,
"1029","FIVE MILE","2023081514",0,35.9,17,8.3,185,20.8,94.234,11.837,39.102,,,,,,,,,,,,,,,,,,,,54.8,,
"1029","FIVE MILE","2023081515",0,36.2,13,20.5,261,32.8,95.267,25.228,62.853,,,,,,,,,,,,,,,,,,,,54.8,,
"1029","FIVE MILE","2023081516",0,35.1,14,19.6,260,38.1,95.855,26.117,64.188,,,,,,,,,,,,,,,,,,,,54.8,,
"1029","FIVE MILE","2023081517",0,35,15,19.6,275,34.7,96.204,27.379,66.046,,,,,,,,,,,,,,,,,,,,54.8,,
"1029","FIVE MILE","2023081518",0,32.9,17,21.4,297,36.8,96.255,30.187,70.037,,,,,,,,,,,,,,,,,,,,54.8,,
"1029","FIVE MILE","2023081519",0,31.1,20,17.8,322,37.6,96.306,25.353,63.042,,,,,,,,,,,,,,,,,,,,54.8,,
"1029","FIVE MILE","2023081520",0,29.7,22,14.1,330,28.6,96.29,20.994,56.172,,,,,,,,,,,,,,,,,,,,54.8,,
"1029","FIVE MILE","2023081521",0,28.5,25,9.1,302,32.4,96.178,16.074,47.557,,,,,,,,,,,,,,,,,,,,54.8,,
"1029","FIVE MILE","2023081522",0,27.3,25,8,292,23.8,96.067,14.98,45.481,,,,,,,,,,,,,,,,,,,,54.8,,
"1029","FIVE MILE","2023081523",0,26.4,24,12.1,332,27.3,95.967,18.171,51.359,,,,,,,,,,,,,,,,,,,,54.8,,
"1040","BIG SILVER 2","2023081500",0,20.8,67,3.3,68,7.4,89.97,5.041,14.399,,,,,,,,,0,0,,0,0,0,0,0,,0,0,,0,
"1040","BIG SILVER 2","2023081501",0,20.7,65,3.7,88,5.6,89.553,4.845,13.963,,,,,,,,,0,0,,0,0,0,0,0,,0,0,,0,
"1040","BIG SILVER 2","2023081502",0,20.8,60,3.4,79,5.6,89.322,4.617,13.447,,,,,,,,,0,0,,0,0,0,0,0,,0,0,,0,
"1040","BIG SILVER 2","2023081503",0,20.6,59,3.1,47,6.2,89.143,4.433,13.024,,,,,,,,,0,0,,0,0,0,0,0,,0,0,,0,
"1040","BIG SILVER 2","2023081504",0,20.6,56,3.7,35,6.8,89.049,4.507,13.196,,,,,,,,,0,0,,0,0,0,0,0,,0,0,,0,
"1040","BIG SILVER 2","2023081505",0,20.2,56,3.9,38,6.2,88.959,4.495,13.167,,,,,,,,,0,0,,0,0,0,0,0,,0,0,,0,
"1040","BIG SILVER 2","2023081506",0,20.3,57,3,21,5.6,88.865,4.237,12.568,,,,,,,,,0,0,,0,0,0,0,0,,0,0,,0,
"1040","BIG SILVER 2","2023081507",0,20.6,59,2.6,104,4.5,88.746,4.083,12.201,,,,,,,,,0,0,,0,0,0,0,0,,0,0,,0,
"1040","BIG SILVER 2","2023081508",0,21.8,63,1.7,279,3.3,88.576,3.808,11.535,,,,,,,,,0,0,,0,0,0,0,0,,0,0,,0,
"1040","BIG SILVER 2","2023081509",0,27,41,4.5,280,7.9,88.865,4.57,13.341,,,,,,,,,0,0,,0,0,0,0,0,,0,0,,0,
"1040","BIG SILVER 2","2023081510",0,28.6,39,7.8,253,13.7,89.258,5.71,15.838,,,,,,,,,0,0,,0,0,0,0,0,,0,0,,0,
"1040","BIG SILVER 2","2023081511",0,30.4,36,7.9,238,14.3,89.774,6.18,16.81,,,,,,,,,0,0,,0,0,0,0,0,,0,0,,0,
"1040","BIG SILVER 2","2023081512",0,32,33,8,220,19.5,90.397,6.791,18.03,0,94.101,11.446,27.616,38.816,445.822,63.755,4,0,0,,0,0,0,0,0,,0,0,,0,
"1040","BIG SILVER 2","2023081513",0,33.7,29,8.5,196,18.3,91.179,7.786,21.079,,,,,,,,,0,0,,0,0,0,0,0,,0,0,,0,
"1040","BIG SILVER 2","2023081514",0,34.1,29,11.3,212,25.2,91.836,9.842,24.88,,,,,,,,,0,0,,0,0,0,0,0,,0,0,,0,
"1040","BIG SILVER 2","2023081515",0,34,34,11.7,210,29.2,92.083,10.4,25.852,,,,,,,,,0,0,,0,0,0,0,0,,0,0,,0,
"1040","BIG SILVER 2","2023081516",0,34.2,33,11.6,219,28.1,92.329,10.713,26.388,,,,,,,,,0,0,,0,0,0,0,0,,0,0,,0,
"1040","BIG SILVER 2","2023081517",0,33.5,31,8.6,207,25.2,92.572,9.53,24.326,,,,,,,,,0,0,,0,0,0,0,0,,0,0,,0,
"1040","BIG SILVER 2","2023081518",0,29.6,37,8.1,207,24.1,92.622,9.36,24.02,,,,,,,,,0,0,,0,0,0,0,0,,0,0,,0,
"1040","BIG SILVER 2","2023081519",0,26.9,45,5.3,177,14.9,92.429,7.91,21.319,,,,,,,,,0,0,,0,0,0,0,0,,0,0,,0,
"1040","BIG SILVER 2","2023081520",0,25.7,47,3.9,111,13.7,92.203,7.14,19.801,,,,,,,,,0,0,,0,0,0,0,0,,0,0,,0,
"1040","BIG SILVER 2","2023081521",0,23.6,52,4.4,72,11.4,91.843,6.959,19.434,,,,,,,,,0,0,,0,0,0,0,0,,0,0,,0,
"1040","BIG SILVER 2","2023081522",0,22.3,53,3.7,78,6.2,91.503,6.401,18.282,,,,,,,,,0,0,,0,0,0,0,0,,0,0,,0,
"1040","BIG SILVER 2","2023081523",0,21.1,58,2.6,65,6.8,91.091,5.712,16.798,,,,,,,,,0,0,,0,0,0,0,0,,0,0,,0,
"1045","OSBORN","2023081500",0,15,55,8.1,152,15.1,88.555,5.241,11.606,,,,,,,,,,,,,,0,,,,,,4288.2,,
"1045","OSBORN","2023081501",0,15.2,58,10.9,178,14.9,88.381,5.886,12.736,,,,,,,,,,,,,,0,,,,,,4288.2,,
"1045","OSBORN","2023081502",0,15,59,11.5,177,16.9,88.201,5.913,12.781,,,,,,,,,,,,,,0,,,,,,4288.2,,
"1045","OSBORN","2023081503",0,16.2,58,11.4,193,16.2,88.084,5.784,12.561,,,,,,,,,,,,,,0,,,,,,4288.2,,
"1045","OSBORN","2023081504",0.2,14.4,80,9.3,193,18.7,83.063,2.601,6.31,,,,,,,,,,,,,,0,,,,,,4288.4,,
"1045","OSBORN","2023081505",1.4,13.6,92,7.8,163,10.7,56.828,0.484,0.656,,,,,,,,,,,,,,0,,,,,,4289.8,,
"1045","OSBORN","2023081506",0.4,14,94,8.1,160,13.5,51.833,0.305,0.414,,,,,,,,,,,,,,0,,,,,,4290.2,,
"1045","OSBORN","2023081507",0.4,14.8,91,8.7,151,16.5,47.804,0.192,0.26,,,,,,,,,,,,,,0,,,,,,4290.6,,
"1045","OSBORN","2023081508",0,15.6,87,10.8,160,16,49.196,0.256,0.347,,,,,,,,,,,,,,0,,,,,,4290.6,,
"1045","OSBORN","2023081509",0,17.2,79,10.1,177,16.8,51.222,0.315,0.428,,,,,,,,,,,,,,0,,,,,,4290.6,,
"1045","OSBORN","2023081510",0,20.4,72,8.9,231,13.8,53.807,0.39,0.53,,,,,,,,,,,,,,0,,,,,,4290.6,,
"1045","OSBORN","2023081511",0,21.2,65,10.5,236,20.1,56.827,0.554,0.752,,,,,,,,,,,,,,0,,,,,,4290.6,,
"1045","OSBORN","2023081512",0,21.2,63,14.3,239,24.7,59.948,0.839,1.527,2.4,75.822,1.652,3.735,19.349,344.245,33.93,2,,,,,,0,,,,,,4290.6,,
"1045","OSBORN","2023081513",0,22.1,59,18.4,232,27.7,63.303,1.239,2.622,,,,,,,,,,,,,,0,,,,,,4290.6,,
"1045","OSBORN","2023081514",0,22.3,48,26.1,316,39.6,67.151,2.126,4.898,,,,,,,,,,,,,,0,,,,,,4290.6,,
"1045","OSBORN","2023081515",0,18.3,63,22,2,44.2,69.29,1.853,4.24,,,,,,,,,,,,,,0,,,,,,4290.6,,
"1045","OSBORN","2023081516",0,18.4,54,16.8,358,28.1,71.412,1.529,3.414,,,,,,,,,,,,,,0,,,,,,4290.6,,
"1045","OSBORN","2023081517",0,19.5,53,12.3,3,20.9,73.296,1.31,2.823,,,,,,,,,,,,,,0,,,,,,4290.6,,
"1045","OSBORN","2023081518",0,19.6,51,6.2,7,18.8,74.835,1.038,2.025,,,,,,,,,,,,,,0,,,,,,4290.6,,
"1045","OSBORN","2023081519",0,19.4,66,0,245,11.7,75.39,0.783,1.054,,,,,,,,,,,,,,0,,,,,,4290.6,,
"1045","OSBORN","2023081520",0,12.3,86,6.2,163,8.6,75.58,1.082,2.164,,,,,,,,,,,,,,0,,,,,,4290.6,,
"1045","OSBORN","2023081521",0,10,92,8.3,145,9.7,75.635,1.207,2.532,,,,,,,,,,,,,,0,,,,,,4290.6,,
"1045","OSBORN","2023081522",0,7.5,99,4.2,7,9.4,75.422,0.97,1.809,,,,,,,,,,,,,,0,,,,,,4290.6,,
"1045","OSBORN","2023081523",0,6.3,100,2.1,110,5.6,75.17,0.86,1.424,,,,,,,,,,,,,,0,,,,,,4290.6,,
"1055","SPLINTLUM","2023081500",0,27.6,32,0,103,3.2,96.21,10.205,37.056,,,,,,,,,,,,,,,,,,,,48.8,,
"1055","SPLINTLUM","2023081501",0,26.4,35,3.8,106,5.8,95.843,11.761,40.635,,,,,,,,,,,,,,,,,,,,48.8,,
"1055","SPLINTLUM","2023081502",0,25.4,37,0.1,144,7.3,95.584,9.422,35.164,,,,,,,,,,,,,,,,,,,,48.8,,
"1055","SPLINTLUM","2023081503",0,24.3,38,2.3,131,5.4,95.227,10.027,36.632,,,,,,,,,,,,,,,,,,,,48.8,,
"1055","SPLINTLUM","2023081504",0,23.4,41,0.7,122,6.1,94.882,8.825,33.672,,,,,,,,,,,,,,,,,,,,48.8,,
"1055","SPLINTLUM","2023081505",0,22.4,45,0,343,3.7,94.551,8.139,31.905,,,,,,,,,,,,,,,,,,,,48.8,,
"1055","SPLINTLUM","2023081506",0,21.9,47,3.3,134,6.6,94.039,8.956,34.002,,,,,,,,,,,,,,,,,,,,48.8,,
"1055","SPLINTLUM","2023081507",0,22.3,45,0.2,78,4,93.743,7.353,29.795,,,,,,,,,,,,,,,,,,,,48.8,,
"1055","SPLINTLUM","2023081508",0,24.6,39,5.8,137,8.5,93.525,9.458,35.252,,,,,,,,,,,,,,,,,,,,48.8,,
"1055","SPLINTLUM","2023081509",0,28.2,32,5.3,186,8.9,93.576,9.288,34.832,,,,,,,,,,,,,,,,,,,,48.8,,
"1055","SPLINTLUM","2023081510",0,30.8,27,3.9,282,12.1,93.627,8.717,33.398,,,,,,,,,,,,,,,,,,,,48.8,,
"1055","SPLINTLUM","2023081511",0,33,25,4.5,242,9.5,93.829,9.24,34.714,,,,,,,,,,,,,,,,,,,,48.8,,
"1055","SPLINTLUM","2023081512",0,35.5,21,5.4,304,12.2,94.305,10.328,37.348,0,95.854,12.768,43.414,99.564,876.516,155.087,4,,,,,,,,,,,,48.8,,
"1055","SPLINTLUM","2023081513",0,37.4,19,7.2,157,14.8,94.899,12.272,42.328,,,,,,,,,,,,,,,,,,,,48.8,,
"1055","SPLINTLUM","2023081514",0,39.8,16,11.1,182,26.3,95.708,16.681,51.399,,,,,,,,,,,,,,,,,,,,48.8,,
"1055","SPLINTLUM","2023081515",0,40,14,14.6,157,25.8,96.445,21.984,60.939,,,,,,,,,,,,,,,,,,,,48.8,,
"1055","SPLINTLUM","2023081516",0,40.3,16,9.7,197,26.9,96.814,18.045,53.974,,,,,,,,,,,,,,,,,,,,48.8,,
"1055","SPLINTLUM","2023081517",0,38.8,15,5.4,185,24.3,97.042,14.98,48.048,,,,,,,,,,,,,,,,,,,,48.8,,
"1055","SPLINTLUM","2023081518",0,37.5,17,5.1,213,21.4,97.094,14.858,47.8,,,,,,,,,,,,,,,,,,,,48.8,,
"1055","SPLINTLUM","2023081519",0,35.8,20,5.8,131,17.5,97.146,15.499,49.087,,,,,,,,,,,,,,,,,,,,48.8,,
"1055","SPLINTLUM","2023081520",0,33.9,23,6.1,158,14.2,97.091,15.62,49.327,,,,,,,,,,,,,,,,,,,,48.8,,
"1055","SPLINTLUM","2023081521",0,32.3,28,4.9,307,13.3,96.872,14.279,46.615,,,,,,,,,,,,,,,,,,,,48.8,,
"1055","SPLINTLUM","2023081522",0,31.7,29,8.6,155,21.2,96.605,16.601,51.245,,,,,,,,,,,,,,,,,,,,48.8,,
"1055","SPLINTLUM","2023081523",0,29.9,32,5.8,107,17.5,96.28,13.799,45.616,,,,,,,,,,,,,,,,,,,,48.8,,
"1056","TS MAURELLE","2023081500",0,19.5,65,5.8,267,23.5,87.765,4.167,9.857,,,,,,,,,0,0,,0,0,0,0,0,,0,0,,0,
"1056","TS MAURELLE","2023081501",0,18.8,64,6.1,43,22.9,87.623,4.146,9.813,,,,,,,,,0,0,,0,0,0,0,0,,0,0,,0,
"1056","TS MAURELLE","2023081502",0,17.4,74,4.7,50,16.6,87.235,3.655,8.816,,,,,,,,,0,0,,0,0,0,0,0,,0,0,,0,
"1056","TS MAURELLE","2023081503",0,18.4,69,5,104,18.9,87.039,3.609,8.719,,,,,,,,,0,0,,0,0,0,0,0,,0,0,,0,
"1056","TS MAURELLE","2023081504",0,18.7,64,10.5,330,25.8,86.98,4.721,10.931,,,,,,,,,0,0,,0,0,0,0,0,,0,0,,0,
"1056","TS MAURELLE","2023081505",0,17,75,4.6,86,18.9,86.644,3.344,8.158,,,,,,,,,0,0,,0,0,0,0,0,,0,0,,0,
"1056","TS MAURELLE","2023081506",0,17.2,75,4.9,98,12.5,86.35,3.256,7.97,,,,,,,,,0,0,,0,0,0,0,0,,0,0,,0,
"1056","TS MAURELLE","2023081507",0,18.4,67,6.8,41,14.9,86.312,3.565,8.627,,,,,,,,,0,0,,0,0,0,0,0,,0,0,,0,
"1056","TS MAURELLE","2023081508",0,22.1,55,5.1,354,12,86.422,3.323,8.113,,,,,,,,,0,0,,0,0,0,0,0,,0,0,,0,
"1056","TS MAURELLE","2023081509",0,24.5,50,5.7,359,12,86.699,3.562,8.621,,,,,,,,,0,0,,0,0,0,0,0,,0,0,,0,
"1056","TS MAURELLE","2023081510",0,26.9,43,4,240,13.7,87.2,3.511,8.514,,,,,,,,,0,0,,0,0,0,0,0,,0,0,,0,
"1056","TS MAURELLE","2023081511",0,27.6,44,7.6,302,18.3,87.663,4.497,10.502,,,,,,,,,0,0,,0,0,0,0,0,,0,0,,0,
"1056","TS MAURELLE","2023081512",0,28.3,42,8,80,23.5,88.149,4.92,11.304,0,90.146,6.552,15.173,26.245,322.851,43.625,3,0,0,,0,0,0,0,0,,0,0,,0,
"1056","TS MAURELLE","2023081513",0,29.1,42,7,316,24.1,88.576,4.973,12.235,,,,,,,,,0,0,,0,0,0,0,0,,0,0,,0,
"1056","TS MAURELLE","2023081514",0,28.7,42,12.1,296,32.1,88.942,6.777,15.57,,,,,,,,,0,0,,0,0,0,0,0,,0,0,,0,
"1056","TS MAURELLE","2023081515",0,28,44,16.2,274,36.7,89.149,8.584,18.575,,,,,,,,,0,0,,0,0,0,0,0,,0,0,,0,
"1056","TS MAURELLE","2023081516",0,27.7,45,18.4,301,36.7,89.27,9.758,20.393,,,,,,,,,0,0,,0,0,0,0,0,,0,0,,0,
"1056","TS MAURELLE","2023081517",0,26.3,50,17.6,304,36.2,89.319,9.439,19.909,,,,,,,,,0,0,,0,0,0,0,0,,0,0,,0,
"1056","TS MAURELLE","2023081518",0,25.3,55,13.8,303,37.3,89.297,7.769,17.255,,,,,,,,,0,0,,0,0,0,0,0,,0,0,,0,
"1056","TS MAURELLE","2023081519",0,23.1,65,15.8,289,39,88.901,8.119,17.827,,,,,,,,,0,0,,0,0,0,0,0,,0,0,,0,
"1056","TS MAURELLE","2023081520",0,22.5,67,20.2,304,37.9,88.475,9.533,20.052,,,,,,,,,0,0,,0,0,0,0,0,,0,0,,0,
"1056","TS MAURELLE","2023081521",0,21.9,71,11.7,325,44.2,88.026,5.824,13.857,,,,,,,,,0,0,,0,0,0,0,0,,0,0,,0,
"1056","TS MAURELLE","2023081522",0,20.8,74,16.4,320,39.6,87.499,6.845,15.687,,,,,,,,,0,0,,0,0,0,0,0,,0,0,,0,
"1056","TS MAURELLE","2023081523",0,20.4,75,9.5,309,35,87.071,4.548,11.384,,,,,,,,,0,0,,0,0,0,0,0,,0,0,,0,
"1066","TS MCNABB","2023081500",0,18.9,83,0,68,0,85.49,2.255,6.513,,,,,,,,,0,0,,0,0,0,0,0,,0,0,,0,
"1066","TS MCNABB","2023081501",0,18.5,86,0,48,0,85.098,2.136,6.189,,,,,,,,,0,0,,0,0,0,0,0,,0,0,,0,
"1066","TS MCNABB","2023081502",0,18.1,87,0,33,0,84.709,2.025,5.881,,,,,,,,,0,0,,0,0,0,0,0,,0,0,,0,
"1066","TS MCNABB","2023081503",0,18,88,2,71,5.1,84.223,2.097,6.082,,,,,,,,,0,0,,0,0,0,0,0,,0,0,,0,
"1066","TS MCNABB","2023081504",0,17.4,90,0,25,0,83.797,1.791,5.213,,,,,,,,,0,0,,0,0,0,0,0,,0,0,,0,
"1066","TS MCNABB","2023081505",0,17.1,90,0,65,2.8,83.416,1.704,4.955,,,,,,,,,0,0,,0,0,0,0,0,,0,0,,0,
"1066","TS MCNABB","2023081506",0,17.1,92,0,34,3.9,82.977,1.61,4.674,,,,,,,,,0,0,,0,0,0,0,0,,0,0,,0,
"1066","TS MCNABB","2023081507",0,17.4,93,0,60,0,82.529,1.521,4.404,,,,,,,,,0,0,,0,0,0,0,0,,0,0,,0,
"1066","TS MCNABB","2023081508",0,17.7,94,0,50,0,82.069,1.438,4.143,,,,,,,,,0,0,,0,0,0,0,0,,0,0,,0,
"1066","TS MCNABB","2023081509",0,20.9,76,0,109,2.8,82.147,1.451,4.186,,,,,,,,,0,0,,0,0,0,0,0,,0,0,,0,
"1066","TS MCNABB","2023081510",0,27.3,60,1.7,130,5.1,82.711,1.696,4.931,,,,,,,,,0,0,,0,0,0,0,0,,0,0,,0,
"1066","TS MCNABB","2023081511",0,27.5,51,1.8,249,7.9,83.472,1.879,5.467,,,,,,,,,0,0,,0,0,0,0,0,,0,0,,0,
"1066","TS MCNABB","2023081512",0,29.4,51,1.7,232,8.5,84.219,2.064,5.991,0,89.644,4.625,12.73,31.364,373.72,51.85,3,0,0,,0,0,0,0,0,,0,0,,0,
"1066","TS MCNABB","2023081513",0,29.8,45,0,117,9.1,84.905,2.08,6.413,,,,,,,,,0,0,,0,0,0,0,0,,0,0,,0,
"1066","TS MCNABB","2023081514",0,31.4,42,1.9,232,7.4,85.861,2.613,7.898,,,,,,,,,0,0,,0,0,0,0,0,,0,0,,0,
"1066","TS MCNABB","2023081515",0,32.2,40,1.6,239,12,86.772,2.927,8.723,,,,,,,,,0,0,,0,0,0,0,0,,0,0,,0,
"1066","TS MCNABB","2023081516",0,31,41,2.4,236,8.5,87.473,3.368,9.83,,,,,,,,,0,0,,0,0,0,0,0,,0,0,,0,
"1066","TS MCNABB","2023081517",0,31,44,2.3,261,8.5,87.961,3.593,10.375,,,,,,,,,0,0,,0,0,0,0,0,,0,0,,0,
"1066","TS MCNABB","2023081518",0,28.7,55,0,6,7.9,88.01,3.222,9.47,,,,,,,,,0,0,,0,0,0,0,0,,0,0,,0,
"1066","TS MCNABB","2023081519",0,22.5,79,0,94,0,87.583,3.031,8.989,,,,,,,,,0,0,,0,0,0,0,0,,0,0,,0,
"1066","TS MCNABB","2023081520",0,20.8,83,0,46,5.6,87.07,2.817,8.438,,,,,,,,,0,0,,0,0,0,0,0,,0,0,,0,
"1066","TS MCNABB","2023081521",0,19.7,76,0,27,7.4,86.819,2.719,8.178,,,,,,,,,0,0,,0,0,0,0,0,,0,0,,0,
"1066","TS MCNABB","2023081522",0,19.2,77,0,85,5.1,86.566,2.623,7.923,,,,,,,,,0,0,,0,0,0,0,0,,0,0,,0,
"1066","TS MCNABB","2023081523",0,18.7,79,0,26,0,86.285,2.521,7.647,,,,,,,,,0,0,,0,0,0,0,0,,0,0,,0,
"1075","KOOCANUSA","2023081500",0,17.2,61,2.1,287,4.5,92.569,6.866,25.244,,,,,,,,,,,,,,,,,,,,,,
"1075","KOOCANUSA","2023081501",0,16.3,59,2.7,249,3.9,92.004,6.535,24.388,,,,,,,,,,,,,,,,,,,,,,
"1075","KOOCANUSA","2023081502",0,15.6,60,2,257,6.2,91.498,5.872,22.619,,,,,,,,,,,,,,,,,,,,,,
"1075","KOOCANUSA","2023081503",0,14.5,64,2.3,259,5.6,90.95,5.514,21.629,,,,,,,,,,,,,,,,,,,,,,
"1075","KOOCANUSA","2023081504",0,13,72,2.3,219,3.9,90.28,5.011,20.192,,,,,,,,,,,,,,,,,,,,,,
"1075","KOOCANUSA","2023081505",0,11.9,79,2,198,4.5,89.516,4.424,18.437,,,,,,,,,,,,,,,,,,,,,,
"1075","KOOCANUSA","2023081506",0,13.4,72,0,75,3.9,89.115,3.776,16.39,,,,,,,,,,,,,,,,,,,,,,
"1075","KOOCANUSA","2023081507",0,21.2,50,2.7,42,5.6,89.16,4.355,18.224,,,,,,,,,,,,,,,,,,,,,,
"1075","KOOCANUSA","2023081508",0,24.2,40,5.6,110,9.1,89.309,5.149,20.59,,,,,,,,,,,,,,,,,,,,,,
"1075","KOOCANUSA","2023081509",0,26.5,34,5.9,95,10.8,89.702,5.53,21.674,,,,,,,,,,,,,,,,,,,,,,
"1075","KOOCANUSA","2023081510",0,29.7,26,6.1,101,14.3,90.493,6.257,23.655,,,,,,,,,,,,,,,,,,,,,,
"1075","KOOCANUSA","2023081511",0,32.4,23,6.9,73,14.3,91.445,7.46,26.735,,,,,,,,,,,,,,,,,,,,,,
"1075","KOOCANUSA","2023081512",0,34,21,10.4,142,18.9,92.454,10.264,33.182,0,95.405,15.453,44.59,71.495,760.319,115.773,4,,,,,,,,,,,,,,
"1075","KOOCANUSA","2023081513",0,37.4,14,9.2,132,21.2,93.859,11.76,37.39,,,,,,,,,,,,,,,,,,,,,,
"1075","KOOCANUSA","2023081514",0,38.6,12,12.4,210,28.1,95.155,16.518,46.516,,,,,,,,,,,,,,,,,,,,,,
"1075","KOOCANUSA","2023081515",0,38.2,13,11.4,277,28.7,95.974,17.557,48.342,,,,,,,,,,,,,,,,,,,,,,
"1075","KOOCANUSA","2023081516",0,37.6,14,11,201,29.2,96.459,18.371,49.738,,,,,,,,,,,,,,,,,,,,,,
"1075","KOOCANUSA","2023081517",0,36.6,15,10.5,201,22.9,96.695,18.491,49.942,,,,,,,,,,,,,,,,,,,,,,
"1075","KOOCANUSA","2023081518",0,34.8,18,8.7,199,23.5,96.747,17.005,47.379,,,,,,,,,,,,,,,,,,,,,,
"1075","KOOCANUSA","2023081519",0,31.9,21,5.3,186,21.2,96.759,14.352,42.532,,,,,,,,,,,,,,,,,,,,,,
"1075","KOOCANUSA","2023081520",0,27,30,3.6,239,16.6,96.481,12.69,39.288,,,,,,,,,,,,,,,,,,,,,,
"1075","KOOCANUSA","2023081521",0,23.1,41,5.8,181,10.2,95.847,13.014,39.936,,,,,,,,,,,,,,,,,,,,,,
"1075","KOOCANUSA","2023081522",0,21.4,47,4.4,208,9.1,95.149,11.029,35.849,,,,,,,,,,,,,,,,,,,,,,
"1075","KOOCANUSA","2023081523",0,21.2,45,7.3,159,11.4,94.538,11.737,37.341,,,,,,,,,,,,,,,,,,,,,,
"1082","MAYSON","2023081500",0,13,80,9.8,244,13.1,87.146,4.667,18.103,,,,,,,,,,,,,,,,,,,,,,
"1082","MAYSON","2023081501",0,11.6,86,7.6,246,12.5,86.365,3.739,15.33,,,,,,,,,,,,,,,,,,,,,,
"1082","MAYSON","2023081502",0,11.3,87,7.7,250,11.4,85.638,3.393,14.228,,,,,,,,,,,,,,,,,,,,,,
"1082","MAYSON","2023081503",0,10.9,88,5.7,246,12,84.987,2.803,12.245,,,,,,,,,,,,,,,,,,,,,,
"1082","MAYSON","2023081504",0,10.5,90,7.3,234,11.4,84.293,2.765,12.111,,,,,,,,,,,,,,,,,,,,,,
"1082","MAYSON","2023081505",0,10.6,88,7.7,241,12.5,83.774,2.633,11.642,,,,,,,,,,,,,,,,,,,,,,
"1082","MAYSON","2023081506",0,13.2,81,6.5,246,11.4,83.606,2.424,10.884,,,,,,,,,,,,,,,,,,,,,,
"1082","MAYSON","2023081507",0,19.6,66,3.4,236,9.7,83.734,2.108,9.694,,,,,,,,,,,,,,,,,,,,,,
"1082","MAYSON","2023081508",0,23.6,46,5.3,44,7.9,84.439,2.549,11.344,,,,,,,,,,,,,,,,,,,,,,
"1082","MAYSON","2023081509",0,26.5,36,6.2,33,10.2,85.542,3.105,13.276,,,,,,,,,,,,,,,,,,,,,,
"1082","MAYSON","2023081510",0,28,33,7.8,30,15.4,86.717,3.969,16.041,,,,,,,,,,,,,,,,,,,,,,
"1082","MAYSON","2023081511",0,29,29,7.2,336,12,87.906,4.563,17.804,,,,,,,,,,,,,,,,,,,,,,
"1082","MAYSON","2023081512",0,30.6,26,9.6,266,20,89.172,6.176,22.175,0,93.615,11.599,35.066,71.116,448.94,101.884,4,,,,,,,,,,,,,,
"1082","MAYSON","2023081513",0,30.2,26,12.4,304,24.6,90.195,8.235,27.858,,,,,,,,,,,,,,,,,,,,,,
"1082","MAYSON","2023081514",0,30.6,24,9.2,6,24.1,91.083,7.956,27.209,,,,,,,,,,,,,,,,,,,,,,
"1082","MAYSON","2023081515",0,30.5,24,8.2,339,21.8,91.769,8.34,28.102,,,,,,,,,,,,,,,,,,,,,,
"1082","MAYSON","2023081516",0,29.4,26,8.6,324,18.9,92.173,9.01,29.618,,,,,,,,,,,,,,,,,,,,,,
"1082","MAYSON","2023081517",0,28.2,30,8.2,352,17.7,92.281,8.965,29.519,,,,,,,,,,,,,,,,,,,,,,
"1082","MAYSON","2023081518",0,26.9,33,5.8,339,16.6,92.331,8.001,27.314,,,,,,,,,,,,,,,,,,,,,,
"1082","MAYSON","2023081519",0,22.9,51,5.5,279,11.4,91.96,7.478,26.071,,,,,,,,,,,,,,,,,,,,,,
"1082","MAYSON","2023081520",0,18.1,63,5.7,242,11.4,91.293,6.873,24.585,,,,,,,,,,,,,,,,,,,,,,
"1082","MAYSON","2023081521",0,16.9,60,10.1,291,14.9,90.734,7.922,27.128,,,,,,,,,,,,,,,,,,,,,,
"1082","MAYSON","2023081522",0,18.2,50,10.4,289,17.2,90.51,7.789,26.815,,,,,,,,,,,,,,,,,,,,,,
"1082","MAYSON","2023081523",0,19.2,50,12.1,306,20.6,90.321,8.26,27.916,,,,,,,,,,,,,,,,,,,,,,
"1083","MEAGER CREEK","2023081500",0,22.9,38,5.8,322,10.4,94.054,10.179,32.246,,,,,,,,,,,,,,,,,,,,9799.4,,
"1083","MEAGER CREEK","2023081501",0,22.3,42,4.5,341,12.3,93.712,9.092,29.886,,,,,,,,,,,,,,,,,,,,9799.4,,
"1083","MEAGER CREEK","2023081502",0,21.8,42,4.3,302,11.4,93.409,8.629,28.845,,,,,,,,,,,,,,,,,,,,9799.4,,
"1083","MEAGER CREEK","2023081503",0,21.8,42,3.3,294,10.2,93.154,7.918,27.198,,,,,,,,,,,,,,,,,,,,9799.4,,
"1083","MEAGER CREEK","2023081504",0,21.2,48,3.8,310,9.7,92.77,7.694,26.668,,,,,,,,,,,,,,,,,,,,9799.4,,
"1083","MEAGER CREEK","2023081505",0,20.1,50,2.2,277,8.1,92.407,6.746,24.339,,,,,,,,,,,,,,,,,,,,9799.4,,
"1083","MEAGER CREEK","2023081506",0,20.1,53,2.1,246,7.9,92.017,6.352,23.332,,,,,,,,,,,,,,,,,,,,9799.4,,
"1083","MEAGER CREEK","2023081507",0,19.3,56,2.7,321,6.2,91.584,6.157,22.825,,,,,,,,,,,,,,,,,,,,9799.4,,
"1083","MEAGER CREEK","2023081508",0,24.8,46,2.7,135,11.2,91.489,6.075,22.608,,,,,,,,,,,,,,,,,,,,9799.4,,
"1083","MEAGER CREEK","2023081509",0,27.4,37,3.9,143,5.3,91.539,6.499,23.712,,,,,,,,,,,,,,,,,,,,9799.4,,
"1083","MEAGER CREEK","2023081510",0,30,30,3.9,129,8.2,91.815,6.759,24.372,,,,,,,,,,,,,,,,,,,,9799.4,,
"1083","MEAGER CREEK","2023081511",0,32.4,25,4.9,160,9,92.366,7.683,26.642,,,,,,,,,,,,,,,,,,,,9799.4,,
"1083","MEAGER CREEK","2023081512",0,35.7,22,5.1,41,10.6,93.134,8.645,28.882,0,95.775,12.442,37.977,71.652,591.664,110,4,,,,,,,,,,,,9799.4,,
"1083","MEAGER CREEK","2023081513",0,37.3,19,6.7,8,13.9,94.013,10.591,34.164,,,,,,,,,,,,,,,,,,,,9799.4,,
"1083","MEAGER CREEK","2023081514",0,38.1,15,7.8,209,22.1,94.972,12.777,38.639,,,,,,,,,,,,,,,,,,,,9799.4,,
"1083","MEAGER CREEK","2023081515",0,37.7,18,5.5,331,21.6,95.453,12.151,37.394,,,,,,,,,,,,,,,,,,,,9799.4,,
"1083","MEAGER CREEK","2023081516",0,34.9,21,5.7,325,14,95.524,12.393,37.88,,,,,,,,,,,,,,,,,,,,9799.4,,
"1083","MEAGER CREEK","2023081517",0,34,21,6.3,328,19.8,95.575,12.863,38.809,,,,,,,,,,,,,,,,,,,,9799.4,,
"1083","MEAGER CREEK","2023081518",0,31.3,27,5.6,291,15,95.562,12.395,37.883,,,,,,,,,,,,,,,,,,,,9799.4,,
"1083","MEAGER CREEK","2023081519",0,29.2,29,6.1,293,22.7,95.454,12.526,38.144,,,,,,,,,,,,,,,,,,,,9799.4,,
"1083","MEAGER CREEK","2023081520",0,26.5,37,3.8,338,11.7,95.122,10.661,34.312,,,,,,,,,,,,,,,,,,,,9799.4,,
"1083","MEAGER CREEK","2023081521",0,25.3,37,4.8,348,13.1,94.805,10.735,34.47,,,,,,,,,,,,,,,,,,,,9799.4,,
"1083","MEAGER CREEK","2023081522",0,23.9,41,5,340,13.5,94.401,10.257,33.445,,,,,,,,,,,,,,,,,,,,9799.4,,
"1083","MEAGER CREEK","2023081523",0,23.1,44,4.2,334,14.7,93.973,9.286,31.294,,,,,,,,,,,,,,,,,,,,9799.4,,
"1092","RORY CREEK","2023081500",0,16.4,43,4.8,86,9.1,,,,,,,,,,,,0,193.3,,0,0,0,0,0,,0,0,,0,
"1092","RORY CREEK","2023081501",0,16.3,46,7.8,66,9.1,,,,,,,,,,,,0,193.3,,0,0,0,0,0,,0,0,,0,
"1092","RORY CREEK","2023081502",0,15.3,51,4.4,60,9.7,,,,,,,,,,,,0,193.3,,0,0,0,0,0,,0,0,,0,
"1092","RORY CREEK","2023081503",0,15.5,50,5.3,77,9.7,,,,,,,,,,,,0,193.3,,0,0,0,0,0,,0,0,,0,
"1092","RORY CREEK","2023081504",0,15.1,55,5.2,71,9.7,,,,,,,,,,,,0,193.3,,0,0,0,0,0,,0,0,,0,
"1092","RORY CREEK","2023081505",0,14.9,54,4.6,83,7.9,,,,,,,,,,,,0,193.3,,0,0,0,0,0,,0,0,,0,
"1092","RORY CREEK","2023081506",0,14.7,58,4.6,74,8.5,,,,,,,,,,,,0,193.3,,0,0,0,0,0,,0,0,,0,
"1092","RORY CREEK","2023081507",0,14.9,59,5.4,82,9.1,,,,,,,,,,,,0,193.3,,0,0,0,0,0,,0,0,,0,
"1092","RORY CREEK","2023081508",0,19.6,46,3.5,137,7.4,,,,,,,,,,,,0,193.3,,0,0,0,0,0,,0,0,,0,
"1092","RORY CREEK","2023081509",0,23.9,39,4.5,262,7.4,,,,,,,,,,,,0,193.3,,0,0,0,0,0,,0,0,,0,
"1092","RORY CREEK","2023081510",0,26.2,35,7.3,182,14.3,,,,,,,,,,,,0,193.3,,0,0,0,0,0,,0,0,,0,
"1092","RORY CREEK","2023081511",0,29.4,31,7.3,171,17.7,,,,,,,,,,,,0,193.3,,0,0,0,0,0,,0,0,,0,
"1092","RORY CREEK","2023081512",0,29.5,34,9.7,175,20.6,,,,0,,,,,,,,0,193.3,,0,0,0,0,0,,0,0,,0,
"1092","RORY CREEK","2023081513",0,30.2,29,9.1,209,20,,,,,,,,,,,,0,193.3,,0,0,0,0,0,,0,0,,0,
"1092","RORY CREEK","2023081514",0,29.6,30,8,181,17.7,,,,,,,,,,,,0,193.3,,0,0,0,0,0,,0,0,,0,
"1092","RORY CREEK","2023081515",0,29.3,32,9.1,214,26.9,,,,,,,,,,,,0,193.3,,0,0,0,0,0,,0,0,,0,
"1092","RORY CREEK","2023081516",0,29.2,25,6.4,224,30.4,,,,,,,,,,,,0,193.3,,0,0,0,0,0,,0,0,,0,
"1092","RORY CREEK","2023081517",0,26.3,35,6.4,196,14.9,,,,,,,,,,,,0,193.3,,0,0,0,0,0,,0,0,,0,
"1092","RORY CREEK","2023081518",0,24.4,37,7,179,20.6,,,,,,,,,,,,0,193.3,,0,0,0,0,0,,0,0,,0,
"1092","RORY CREEK","2023081519",0,23,36,6.9,7,20.6,,,,,,,,,,,,0,193.3,,0,0,0,0,0,,0,0,,0,
"1092","RORY CREEK","2023081520",0,22,31,8.2,132,14.3,,,,,,,,,,,,0,193.3,,0,0,0,0,0,,0,0,,0,
"1092","RORY CREEK","2023081521",0,20.1,41,5.9,116,19.5,,,,,,,,,,,,0,193.3,,0,0,0,0,0,,0,0,,0,
"1092","RORY CREEK","2023081522",0,19.5,42,5.7,101,12,,,,,,,,,,,,0,193.3,,0,0,0,0,0,,0,0,,0,
"1092","RORY CREEK","2023081523",0,18.9,45,5.4,74,12,,,,,,,,,,,,0,193.3,,0,0,0,0,0,,0,0,,0,
"1093","QUINSAM BASE FWX","2023081500",0,19.1,59,2.4,7,8.5,89.737,4.659,12.732,,,,,,,,,,,,,,,,,,,,,,
"1093","QUINSAM BASE FWX","2023081501",0,18.4,60,2.4,60,7.4,89.474,4.487,12.356,,,,,,,,,,,,,,,,,,,,,,
"1093","QUINSAM BASE FWX","2023081502",0,17.5,64,3.6,52,6.8,89.127,4.535,12.462,,,,,,,,,,,,,,,,,,,,,,
"1093","QUINSAM BASE FWX","2023081503",0,16.9,65,3.9,323,10.8,88.791,4.387,12.136,,,,,,,,,,,,,,,,,,,,,,
"1093","QUINSAM BASE FWX","2023081504",0,16.9,66,4.1,291,10.8,88.469,4.231,11.789,,,,,,,,,,,,,,,,,,,,,,
"1093","QUINSAM BASE FWX","2023081505",0,16.7,66,3.3,309,9.7,88.193,3.906,11.049,,,,,,,,,,,,,,,,,,,,,,
"1093","QUINSAM BASE FWX","2023081506",0,16.5,68,1.6,314,7.9,87.926,3.451,9.973,,,,,,,,,,,,,,,,,,,,,,
"1093","QUINSAM BASE FWX","2023081507",0,18.5,63,7.1,306,13.7,87.777,4.458,12.292,,,,,,,,,,,,,,,,,,,,,,
"1093","QUINSAM BASE FWX","2023081508",0,22.6,56,3.5,335,12.5,87.826,3.744,10.67,,,,,,,,,,,,,,,,,,,,,,
"1093","QUINSAM BASE FWX","2023081509",0,25,48,3.6,20,13.1,87.967,3.84,10.894,,,,,,,,,,,,,,,,,,,,,,
"1093","QUINSAM BASE FWX","2023081510",0,27.7,44,4.1,7,13.7,88.28,4.118,11.534,,,,,,,,,,,,,,,,,,,,,,
"1093","QUINSAM BASE FWX","2023081511",0,28.9,44,5.7,43,14.3,88.599,4.673,12.762,,,,,,,,,,,,,,,,,,,,,,
"1093","QUINSAM BASE FWX","2023081512",0,30.6,39,6.8,334,16.6,89.12,5.323,14.133,0,90.975,6.942,18.344,33.606,489.576,57.367,4,,,,,,,,,,,,,,
"1093","QUINSAM BASE FWX","2023081513",0,31.9,36,5.2,30,13.1,89.705,5.341,15.067,,,,,,,,,,,,,,,,,,,,,,
"1093","QUINSAM BASE FWX","2023081514",0,32.5,34,10.9,321,23.5,90.355,7.812,19.995,,,,,,,,,,,,,,,,,,,,,,
"1093","QUINSAM BASE FWX","2023081515",0,31,35,12.6,300,24.6,90.751,9.007,22.146,,,,,,,,,,,,,,,,,,,,,,
"1093","QUINSAM BASE FWX","2023081516",0,31.2,34,8.4,322,26.4,91.095,7.654,19.702,,,,,,,,,,,,,,,,,,,,,,
"1093","QUINSAM BASE FWX","2023081517",0,29.9,39,10.3,324,22.3,91.145,8.484,21.22,,,,,,,,,,,,,,,,,,,,,,
"1093","QUINSAM BASE FWX","2023081518",0,26.9,47,6.8,317,17.7,91.107,7.074,18.599,,,,,,,,,,,,,,,,,,,,,,
"1093","QUINSAM BASE FWX","2023081519",0,24.8,55,7.1,291,18.9,90.806,6.88,18.223,,,,,,,,,,,,,,,,,,,,,,
"1093","QUINSAM BASE FWX","2023081520",0,22.9,63,5.3,355,20.6,90.316,5.859,16.165,,,,,,,,,,,,,,,,,,,,,,
"1093","QUINSAM BASE FWX","2023081521",0,23,60,8.6,295,29.2,89.955,6.57,17.611,,,,,,,,,,,,,,,,,,,,,,
"1093","QUINSAM BASE FWX","2023081522",0,22.3,62,7.7,298,22.3,89.59,5.959,16.373,,,,,,,,,,,,,,,,,,,,,,
"1093","QUINSAM BASE FWX","2023081523",0,21.7,63,7.9,330,21.2,89.243,5.727,15.889,,,,,,,,,,,,,,,,,,,,,,
"1108","BLUE RIVER 2","2023081500",0,14.7,93,2.6,233,6.2,86.682,3.04,7.623,,,,,,,,,,,,,,,,,,,,,,
"1108","BLUE RIVER 2","2023081501",0,13.4,96,2.8,26,3.9,85.453,2.584,6.57,,,,,,,,,,,,,,,,,,,,,,
"1108","BLUE RIVER 2","2023081502",0,13.2,95,3.4,198,7.4,84.438,2.316,5.924,,,,,,,,,,,,,,,,,,,,,,
"1108","BLUE RIVER 2","2023081503",0,12,98,1.9,70,3.9,83.387,1.868,4.782,,,,,,,,,,,,,,,,,,,,,,
"1108","BLUE RIVER 2","2023081504",0,11.1,99,1.7,101,4.5,82.397,1.63,4.139,,,,,,,,,,,,,,,,,,,,,,
"1108","BLUE RIVER 2","2023081505",0,10.7,99,1.7,244,5.6,81.522,1.467,3.68,,,,,,,,,,,,,,,,,,,,,,
"1108","BLUE RIVER 2","2023081506",0,11.9,98,2.2,77,5.1,80.792,1.384,3.439,,,,,,,,,,,,,,,,,,,,,,
"1108","BLUE RIVER 2","2023081507",0,15,86,2.1,75,5.1,80.834,1.383,3.438,,,,,,,,,,,,,,,,,,,,,,
"1108","BLUE RIVER 2","2023081508",0,17.4,75,3.5,43,7.4,80.989,1.51,3.804,,,,,,,,,,,,,,,,,,,,,,
"1108","BLUE RIVER 2","2023081509",0,19.8,65,3.1,30,5.6,81.36,1.545,3.9,,,,,,,,,,,,,,,,,,,,,,
"1108","BLUE RIVER 2","2023081510",0,22.7,55,3,354,7.4,82.01,1.66,4.221,,,,,,,,,,,,,,,,,,,,,,
"1108","BLUE RIVER 2","2023081511",0,25.6,47,4.2,306,9.1,82.977,1.99,5.099,,,,,,,,,,,,,,,,,,,,,,
"1108","BLUE RIVER 2","2023081512",0,27.6,43,4.1,5,9.7,84.053,2.279,5.831,0,89.879,5.181,12.76,27.081,306.879,44.373,3,,,,,,,,,,,,,,
"1108","BLUE RIVER 2","2023081513",0,28.6,44,6,51,10.2,85.047,2.87,7.779,,,,,,,,,,,,,,,,,,,,,,
"1108","BLUE RIVER 2","2023081514",0,29.5,39,6.3,24,9.1,86.128,3.387,8.992,,,,,,,,,,,,,,,,,,,,,,
"1108","BLUE RIVER 2","2023081515",0,32.6,24,17.5,223,28.1,88.237,8.04,17.857,,,,,,,,,,,,,,,,,,,,,,
"1108","BLUE RIVER 2","2023081516",0,32.1,25,18.9,227,29.2,89.764,10.742,22.036,,,,,,,,,,,,,,,,,,,,,,
"1108","BLUE RIVER 2","2023081517",0,31.4,28,13.7,209,29.2,90.653,9.388,20.003,,,,,,,,,,,,,,,,,,,,,,
"1108","BLUE RIVER 2","2023081518",0,30.7,35,2.7,268,21.8,90.917,5.6,13.566,,,,,,,,,,,,,,,,,,,,,,
"1108","BLUE RIVER 2","2023081519",0,24.5,55,6.8,219,10.2,90.644,6.622,15.437,,,,,,,,,,,,,,,,,,,,,,
"1108","BLUE RIVER 2","2023081520",0,20.6,70,3.7,290,8.5,89.991,5.159,12.717,,,,,,,,,,,,,,,,,,,,,,
"1108","BLUE RIVER 2","2023081521",0,18.5,80,3.3,18,7.9,89.11,4.456,11.307,,,,,,,,,,,,,,,,,,,,,,
"1108","BLUE RIVER 2","2023081522",0,17,85,4.7,36,8.5,88.113,4.144,10.655,,,,,,,,,,,,,,,,,,,,,,
"1108","BLUE RIVER 2","2023081523",0,15.7,90,2.6,35,8.5,87.077,3.215,8.596,,,,,,,,,,,,,,,,,,,,,,
"1144","FORD MOUNTAIN","2023081500",0,18.4,72,4.7,13,9.4,88.86,4.614,20.038,,,,,,,,,,-2,,,,,,,,,,6179.4,,
"1144","FORD MOUNTAIN","2023081501",0,17.1,78,0,3,3.6,88.373,3.395,15.969,,,,,,,,,,-2,,,,,,,,,,6179.4,,
"1144","FORD MOUNTAIN","2023081502",0,17.3,75,5.3,8,9,87.847,4.112,18.423,,,,,,,,,,-1.9,,,,,,,,,,6179.4,,
"1144","FORD MOUNTAIN","2023081503",0,17.2,74,5.5,8,11.7,87.418,3.907,17.739,,,,,,,,,,-1.9,,,,,,,,,,6179.4,,
"1144","FORD MOUNTAIN","2023081504",0,18,69,7.5,32,13.9,87.177,4.174,18.628,,,,,,,,,,-1.8,,,,,,,,,,6179.4,,
"1144","FORD MOUNTAIN","2023081505",0,17.3,72,4.1,46,16.6,86.907,3.384,15.932,,,,,,,,,,-1.9,,,,,,,,,,6179.4,,
"1144","FORD MOUNTAIN","2023081506",0,16.7,76,6.4,354,12,86.53,3.603,16.701,,,,,,,,,,-1.8,,,,,,,,,,6179.4,,
"1144","FORD MOUNTAIN","2023081507",0,19.8,63,5.9,11,14.4,86.578,3.537,16.471,,,,,,,,,,-1.6,,,,,,,,,,6179.4,,
"1144","FORD MOUNTAIN","2023081508",0,24.5,51,0,58,7,86.745,2.69,13.352,,,,,,,,,,-1.5,,,,,,,,,,6179.4,,
"1144","FORD MOUNTAIN","2023081509",0,28.3,40,0,81,0,87.229,2.882,14.088,,,,,,,,,,-1.7,,,,,,,,,,6179.4,,
"1144","FORD MOUNTAIN","2023081510",0,29.4,36,9.3,243,17.3,88.094,5.211,21.87,,,,,,,,,,-1.6,,,,,,,,,,6179.4,,
"1144","FORD MOUNTAIN","2023081511",0,31.5,34,9.7,232,20.5,89.01,6.064,24.343,,,,,,,,,,-1.5,,,,,,,,,,6179.4,,
"1144","FORD MOUNTAIN","2023081512",0,33.2,30,13.9,247,29.2,90.096,8.757,31.314,0,93.97,15.132,45.527,87.869,569.869,126.843,5,,-1.6,,,,,,,,,,6179.4,,
"1144","FORD MOUNTAIN","2023081513",0,33.5,30,14.3,227,29,90.95,10.095,35.038,,,,,,,,,,-1.5,,,,,,,,,,6179.4,,
"1144","FORD MOUNTAIN","2023081514",0,33.8,31,14.9,234,35,91.568,11.361,37.86,,,,,,,,,,-1.6,,,,,,,,,,6179.4,,
"1144","FORD MOUNTAIN","2023081515",0,34.5,29,12.8,242,28.9,92.167,11.124,37.343,,,,,,,,,,-1.6,,,,,,,,,,6179.4,,
"1144","FORD MOUNTAIN","2023081516",0,35,27,12.1,237,26.2,92.75,11.657,38.501,,,,,,,,,,-1.7,,,,,,,,,,6179.4,,
"1144","FORD MOUNTAIN","2023081517",0,33.8,31,13.6,224,31.2,92.919,12.874,41.058,,,,,,,,,,-1.7,,,,,,,,,,6179.4,,
"1144","FORD MOUNTAIN","2023081518",0,32.3,32,7,262,24.6,92.969,9.297,33.177,,,,,,,,,,-1.8,,,,,,,,,,6179.4,,
"1144","FORD MOUNTAIN","2023081519",0,25.5,56,7.4,315,14.9,92.342,8.686,31.704,,,,,,,,,,-2,,,,,,,,,,6179.4,,
"1144","FORD MOUNTAIN","2023081520",0,23.6,57,7.1,307,12.6,91.778,7.9,29.741,,,,,,,,,,-1.8,,,,,,,,,,6179.4,,
"1144","FORD MOUNTAIN","2023081521",0,20.6,67,2.7,320,8.9,91.086,5.736,23.853,,,,,,,,,,-2,,,,,,,,,,6179.4,,
"1144","FORD MOUNTAIN","2023081522",0,18.2,75,0,112,6.3,90.447,4.571,20.29,,,,,,,,,,-2.1,,,,,,,,,,6179.4,,
"1144","FORD MOUNTAIN","2023081523",0,16.5,82,0,337,0,89.687,4.099,18.745,,,,,,,,,,-1.9,,,,,,,,,,6179.4,,
"1165","SEVEREID","2023081500",0,11.7,84,6.1,116,11.4,84.264,2.593,4.615,,,,,,,,,,,,,,,,,,,,,,
"1165","SEVEREID","2023081501",0,11.9,83,5.3,97,11.4,83.971,2.394,4.241,,,,,,,,,,,,,,,,,,,,,,
"1165","SEVEREID","2023081502",0,10.9,91,2.6,354,9.1,83.423,1.944,3.352,,,,,,,,,,,,,,,,,,,,,,
"1165","SEVEREID","2023081503",0,12.1,83,6.1,100,12,83.221,2.259,3.981,,,,,,,,,,,,,,,,,,,,,,
"1165","SEVEREID","2023081504",0,10.9,92,4.8,111,9.1,82.661,1.97,3.405,,,,,,,,,,,,,,,,,,,,,,
"1165","SEVEREID","2023081505",0,9.4,100,3.3,118,6.2,81.629,1.61,2.645,,,,,,,,,,,,,,,,,,,,,,
"1165","SEVEREID","2023081506",0,10,100,2.2,93,7.9,80.739,1.376,2.11,,,,,,,,,,,,,,,,,,,,,,
"1165","SEVEREID","2023081507",0,15,79,0,95,8.5,80.799,1.239,1.776,,,,,,,,,,,,,,,,,,,,,,
"1165","SEVEREID","2023081508",0,16.1,88,0,303,3.9,80.789,1.238,1.773,,,,,,,,,,,,,,,,,,,,,,
"1165","SEVEREID","2023081509",0,17.4,78,1.9,30,4.5,80.89,1.378,2.116,,,,,,,,,,,,,,,,,,,,,,
"1165","SEVEREID","2023081510",0,17.6,88,1.7,232,5.6,80.881,1.363,2.08,,,,,,,,,,,,,,,,,,,,,,
"1165","SEVEREID","2023081511",0,18.8,85,2,256,5.1,80.927,1.391,2.146,,,,,,,,,,,,,,,,,,,,,,
"1165","SEVEREID","2023081512",0,19.1,87,2.9,146,6.8,80.973,1.463,2.314,0,82.518,1.758,3.059,13.607,254.92,24.01,2,,,,,,,,,,,,,,
"1165","SEVEREID","2023081513",0,19.7,81,0,183,6.2,81.033,1.272,1.94,,,,,,,,,,,,,,,,,,,,,,
"1165","SEVEREID","2023081514",0,19.6,71,6.7,156,12.5,81.313,1.842,3.238,,,,,,,,,,,,,,,,,,,,,,
"1165","SEVEREID","2023081515",0,19.4,77,4.8,142,13.1,81.433,1.697,2.927,,,,,,,,,,,,,,,,,,,,,,
"1165","SEVEREID","2023081516",0,21.4,64,5.4,148,16,81.864,1.841,3.236,,,,,,,,,,,,,,,,,,,,,,
"1165","SEVEREID","2023081517",0,23.3,57,5.6,126,12.5,82.49,2.008,3.585,,,,,,,,,,,,,,,,,,,,,,
"1165","SEVEREID","2023081518",0,21.9,67,6.1,139,11.4,82.767,2.132,3.838,,,,,,,,,,,,,,,,,,,,,,
"1165","SEVEREID","2023081519",0,18.8,82,5.8,159,12,82.782,2.104,3.781,,,,,,,,,,,,,,,,,,,,,,
"1165","SEVEREID","2023081520",0,15.6,89,3,142,9.7,82.463,1.755,3.052,,,,,,,,,,,,,,,,,,,,,,
"1165","SEVEREID","2023081521",0,13.1,91,2.9,91,7.4,82.071,1.664,2.854,,,,,,,,,,,,,,,,,,,,,,
"1165","SEVEREID","2023081522",0,11.9,95,3.7,142,8.5,81.47,1.613,2.74,,,,,,,,,,,,,,,,,,,,,,
"1165","SEVEREID","2023081523",0,11.1,95,6.2,129,9.1,80.903,1.714,2.963,,,,,,,,,,,,,,,,,,,,,,
"1176","MUDPIT","2023081500",0,21.9,44,9.5,114,13.6,92.52,9.9,26.752,,,,,,,,,,,,,,,,,,,,112.6,,
"1176","MUDPIT","2023081501",0,21.3,46,8.8,114,12.3,92.21,9.149,25.33,,,,,,,,,,,,,,,,,,,,112.6,,
"1176","MUDPIT","2023081502",0,20.4,50,8.5,120,12.1,91.829,8.538,24.138,,,,,,,,,,,,,,,,,,,,112.6,,
"1176","MUDPIT","2023081503",0,19.5,54,7,121,10.5,91.402,7.452,21.925,,,,,,,,,,,,,,,,,,,,112.6,,
"1176","MUDPIT","2023081504",0,17.7,60,6.5,127,9.9,90.875,6.742,20.404,,,,,,,,,,,,,,,,,,,,112.6,,
"1176","MUDPIT","2023081505",0,18.2,60,4.4,124,10.4,90.447,5.705,18.062,,,,,,,,,,,,,,,,,,,,112.6,,
"1176","MUDPIT","2023081506",0,17,69,2.7,129,9.4,89.878,4.827,15.942,,,,,,,,,,,,,,,,,,,,112.6,,
"1176","MUDPIT","2023081507",0,16.9,78,1.1,88,4.4,89.179,4.028,13.878,,,,,,,,,,,,,,,,,,,,112.6,,
"1176","MUDPIT","2023081508",0,20.8,61,3.2,287,5.2,88.973,4.347,14.72,,,,,,,,,,,,,,,,,,,,112.6,,
"1176","MUDPIT","2023081509",0,25.5,45,2.7,257,7,89.044,4.283,14.551,,,,,,,,,,,,,,,,,,,,112.6,,
"1176","MUDPIT","2023081510",0,26.6,41,3.7,320,7.6,89.244,4.635,15.46,,,,,,,,,,,,,,,,,,,,112.6,,
"1176","MUDPIT","2023081511",0,28.9,36,4.7,265,9.3,89.663,5.177,16.804,,,,,,,,,,,,,,,,,,,,112.6,,
"1176","MUDPIT","2023081512",0,30.7,32,4.2,273,10.4,90.233,5.477,17.526,0,93.126,8.253,24.552,49.669,481.336,78.967,4,,,,,,,,,,,,112.6,,
"1176","MUDPIT","2023081513",0,31.2,31,5.1,314,14.3,90.775,6.193,20.016,,,,,,,,,,,,,,,,,,,,112.6,,
"1176","MUDPIT","2023081514",0,33.7,24,4.5,276,10.8,91.652,6.808,21.427,,,,,,,,,,,,,,,,,,,,112.6,,
"1176","MUDPIT","2023081515",0,33,25,5.6,277,17.4,92.277,7.86,23.727,,,,,,,,,,,,,,,,,,,,112.6,,
"1176","MUDPIT","2023081516",0,33,27,4.8,292,13.2,92.67,7.979,23.978,,,,,,,,,,,,,,,,,,,,112.6,,
"1176","MUDPIT","2023081517",0,33.9,25,8,292,17.2,93.145,10.021,28.076,,,,,,,,,,,,,,,,,,,,112.6,,
"1176","MUDPIT","2023081518",0,31.6,25,9.7,298,20,93.41,11.33,30.516,,,,,,,,,,,,,,,,,,,,112.6,,
"1176","MUDPIT","2023081519",0,29.1,27,8.2,22,20.5,93.46,10.578,29.131,,,,,,,,,,,,,,,,,,,,112.6,,
"1176","MUDPIT","2023081520",0,26.8,32,4.3,115,20.9,93.493,8.73,25.533,,,,,,,,,,,,,,,,,,,,112.6,,
"1176","MUDPIT","2023081521",0,24.6,37,9.5,119,13,93.338,11.104,30.104,,,,,,,,,,,,,,,,,,,,112.6,,
"1176","MUDPIT","2023081522",0,23.3,40,6,138,12.9,93.127,9.037,26.151,,,,,,,,,,,,,,,,,,,,112.6,,
"1176","MUDPIT","2023081523",0,22.1,43,8.1,114,16.9,92.832,9.639,27.339,,,,,,,,,,,,,,,,,,,,112.6,,
"1199","CLAYTON FALLS","2023081500",0,17.6,59,0,200,3.8,,,,,,,,,,,,,10.3,,,,,,,,,,805.4,0,
"1199","CLAYTON FALLS","2023081501",0,16.6,68,6,279,9.6,,,,,,,,,,,,,18.7,,,,,,,,,,805.4,0,
"1199","CLAYTON FALLS","2023081502",0,16.8,64,1.8,299,6.9,,,,,,,,,,,,,2,,,,,,,,,,805.4,0,
"1199","CLAYTON FALLS","2023081503",0,16.4,68,4.9,279,8.7,,,,,,,,,,,,,2.3,,,,,,,,,,805.4,0,
"1199","CLAYTON FALLS","2023081504",0,16.5,69,3.3,289,8.2,,,,,,,,,,,,,27.8,,,,,,,,,,805.4,0,
"1199","CLAYTON FALLS","2023081505",0,16.6,68,0.9,188,6.9,,,,,,,,,,,,,10.9,,,,,,,,,,805.4,0,
"1199","CLAYTON FALLS","2023081506",0,15.3,74,6.1,276,9.2,,,,,,,,,,,,,2.4,,,,,,,,,,805.4,14,
"1199","CLAYTON FALLS","2023081507",0,15.4,74,6.1,257,9,,,,,,,,,,,,,3,,,,,,,,,,805.4,92,
"1199","CLAYTON FALLS","2023081508",0,15.9,73,6.7,271,13.1,,,,,,,,,,,,,3.1,,,,,,,,,,805.4,240,
"1199","CLAYTON FALLS","2023081509",0,16.3,73,7.4,267,14.5,,,,,,,,,,,,,18.5,,,,,,,,,,805.4,336,
"1199","CLAYTON FALLS","2023081510",0,17,72,9.6,259,16.5,,,,,,,,,,,,,18.1,,,,,,,,,,805.4,447,
"1199","CLAYTON FALLS","2023081511",0,16.5,75,9,265,16.3,,,,,,,,,,,,,9.9,,,,,,,,,,805.4,424,
"1199","CLAYTON FALLS","2023081512",0,17.2,71,6.3,288,18.3,,,,0,,,,,,,,,1.1,,,,,,,,,,805.4,528,
"1199","CLAYTON FALLS","2023081513",0,18.1,68,8.8,272,16.8,,,,,,,,,,,,,18.2,,,,,,,,,,805.4,611,
"1199","CLAYTON FALLS","2023081514",0,18.8,66,10.1,273,21.8,,,,,,,,,,,,,9.8,,,,,,,,,,805.4,715,
"1199","CLAYTON FALLS","2023081515",0,19,69,6.6,309,21,,,,,,,,,,,,,10,,,,,,,,,,805.4,696,
"1199","CLAYTON FALLS","2023081516",0,19.2,63,9.4,276,18.8,,,,,,,,,,,,,1.3,,,,,,,,,,805.4,591,
"1199","CLAYTON FALLS","2023081517",0,18.5,64,8.3,280,19.3,,,,,,,,,,,,,26.5,,,,,,,,,,805.4,463,
"1199","CLAYTON FALLS","2023081518",0,17.7,71,8.7,295,16.3,,,,,,,,,,,,,10.2,,,,,,,,,,805.4,334,
"1199","CLAYTON FALLS","2023081519",0,16.2,72,11.6,293,26.5,,,,,,,,,,,,,11,,,,,,,,,,805.4,171,
"1199","CLAYTON FALLS","2023081520",0,14.6,72,3.5,351,17.3,,,,,,,,,,,,,3.2,,,,,,,,,,805.4,22,
"1199","CLAYTON FALLS","2023081521",0,14.9,65,0.3,145,11.3,,,,,,,,,,,,,2.4,,,,,,,,,,805.4,0,
"1199","CLAYTON FALLS","2023081522",0,15.6,42,0.4,214,5,,,,,,,,,,,,,1.4,,,,,,,,,,805.4,0,
"1199","CLAYTON FALLS","2023081523",0,15.8,49,1.7,71,6.4,,,,,,,,,,,,,10.1,,,,,,,,,,805.4,0,
"1203","DARKWOODS","2023081500",0,18.5,41,2.6,61,6.2,93.18,7.671,23.309,,,,,,,,,0,193.3,,0,0,0,0,0,,0,0,,0,
"1203","DARKWOODS","2023081501",0,18.1,41,3.6,43,6.2,92.94,7.801,23.588,,,,,,,,,0,193.3,,0,0,0,0,0,,0,0,,0,
"1203","DARKWOODS","2023081502",0,17.7,43,4,57,6.8,92.673,7.667,23.302,,,,,,,,,0,193.3,,0,0,0,0,0,,0,0,,0,
"1203","DARKWOODS","2023081503",0,17.3,43,3.8,35,9.1,92.433,7.338,22.589,,,,,,,,,0,193.3,,0,0,0,0,0,,0,0,,0,
"1203","DARKWOODS","2023081504",0,16.6,44,3.5,57,6.2,92.195,6.989,21.821,,,,,,,,,0,193.3,,0,0,0,0,0,,0,0,,0,
"1203","DARKWOODS","2023081505",0,16.2,46,3,50,6.8,91.944,6.578,20.893,,,,,,,,,0,193.3,,0,0,0,0,0,,0,0,,0,
"1203","DARKWOODS","2023081506",0,16.9,45,4.2,47,5.1,91.727,6.777,21.344,,,,,,,,,0,193.3,,0,0,0,0,0,,0,0,,0,
"1203","DARKWOODS","2023081507",0,16.8,48,0,61,5.6,91.568,5.362,18.001,,,,,,,,,0,193.3,,0,0,0,0,0,,0,0,,0,
"1203","DARKWOODS","2023081508",0,20.1,44,3.6,157,6.8,91.447,6.319,20.296,,,,,,,,,0,193.3,,0,0,0,0,0,,0,0,,0,
"1203","DARKWOODS","2023081509",0,25.5,33,7.1,199,9.7,91.497,7.591,23.138,,,,,,,,,0,193.3,,0,0,0,0,0,,0,0,,0,
"1203","DARKWOODS","2023081510",0,27.9,29,7.5,145,14.3,91.758,8.038,24.089,,,,,,,,,0,193.3,,0,0,0,0,0,,0,0,,0,
"1203","DARKWOODS","2023081511",0,29.2,23,8.2,262,28.7,92.288,8.974,26.009,,,,,,,,,0,193.3,,0,0,0,0,0,,0,0,,0,
"1203","DARKWOODS","2023081512",0,29.9,23,16,195,26.9,92.793,14.274,35.572,0,94.19,17.342,41.758,58.351,385.049,84.637,3,0,193.3,,0,0,0,0,0,,0,0,,0,
"1203","DARKWOODS","2023081513",0,30.3,22,14.1,195,33.3,93.246,13.821,36.033,,,,,,,,,0,193.3,,0,0,0,0,0,,0,0,,0,
"1203","DARKWOODS","2023081514",0,30.8,19,18.7,192,37.3,93.806,18.841,44.035,,,,,,,,,0,193.3,,0,0,0,0,0,,0,0,,0,
"1203","DARKWOODS","2023081515",0,30.8,18,13.5,221,33.9,94.263,15.444,38.746,,,,,,,,,0,193.3,,0,0,0,0,0,,0,0,,0,
"1203","DARKWOODS","2023081516",0,30.5,17,10.6,230,31.6,94.642,14.06,36.441,,,,,,,,,0,193.3,,0,0,0,0,0,,0,0,,0,
"1203","DARKWOODS","2023081517",0,29.7,19,9.3,260,27.5,94.798,13.454,35.401,,,,,,,,,0,193.3,,0,0,0,0,0,,0,0,,0,
"1203","DARKWOODS","2023081518",0,27.3,20,6.3,187,22.9,94.849,11.648,32.172,,,,,,,,,0,193.3,,0,0,0,0,0,,0,0,,0,
"1203","DARKWOODS","2023081519",0,26.1,22,6.8,263,17.2,94.9,12.029,32.87,,,,,,,,,0,193.3,,0,0,0,0,0,,0,0,,0,
"1203","DARKWOODS","2023081520",0,25.9,23,6.5,178,18.3,94.951,11.932,32.693,,,,,,,,,0,193.3,,0,0,0,0,0,,0,0,,0,
"1203","DARKWOODS","2023081521",0,24.8,26,5.7,15,20.6,94.922,11.414,31.738,,,,,,,,,0,193.3,,0,0,0,0,0,,0,0,,0,
"1203","DARKWOODS","2023081522",0,22.5,28,5.3,23,10.2,94.822,11.035,31.027,,,,,,,,,0,193.3,,0,0,0,0,0,,0,0,,0,
"1203","DARKWOODS","2023081523",0,23.2,27,4.4,25,11.4,94.767,10.466,29.938,,,,,,,,,0,193.3,,0,0,0,0,0,,0,0,,0,
"1218","POWELL RIVER WEST LAKE","2023081500",0,18.1,72,3.9,338,12,88.182,4.02,15.729,,,,,,,,,0,0,,0,0,0,0,0,,0,0,,0,
"1218","POWELL RIVER WEST LAKE","2023081501",0,17.7,74,5.2,325,13.7,87.715,4.014,15.711,,,,,,,,,0,0,,0,0,0,0,0,,0,0,,0,
"1218","POWELL RIVER WEST LAKE","2023081502",0,16.7,77,4.5,338,8.5,87.224,3.613,14.495,,,,,,,,,0,0,,0,0,0,0,0,,0,0,,0,
"1218","POWELL RIVER WEST LAKE","2023081503",0,15.9,80,4.4,338,8.5,86.698,3.336,13.625,,,,,,,,,0,0,,0,0,0,0,0,,0,0,,0,
"1218","POWELL RIVER WEST LAKE","2023081504",0,15.9,79,1.9,322,8.5,86.314,2.785,11.809,,,,,,,,,0,0,,0,0,0,0,0,,0,0,,0,
"1218","POWELL RIVER WEST LAKE","2023081505",0,15.1,83,4.4,334,6.8,85.795,2.937,12.323,,,,,,,,,0,0,,0,0,0,0,0,,0,0,,0,
"1218","POWELL RIVER WEST LAKE","2023081506",0,15.4,83,3.2,335,7.9,85.36,2.602,11.177,,,,,,,,,0,0,,0,0,0,0,0,,0,0,,0,
"1218","POWELL RIVER WEST LAKE","2023081507",0,16.9,77,3,357,9.1,85.183,2.514,10.865,,,,,,,,,0,0,,0,0,0,0,0,,0,0,,0,
"1218","POWELL RIVER WEST LAKE","2023081508",0,21.1,58,5.2,353,11.4,85.339,2.87,12.096,,,,,,,,,0,0,,0,0,0,0,0,,0,0,,0,
"1218","POWELL RIVER WEST LAKE","2023081509",0,23.5,52,6.3,347,14.3,85.682,3.182,13.129,,,,,,,,,0,0,,0,0,0,0,0,,0,0,,0,
"1218","POWELL RIVER WEST LAKE","2023081510",0,25.2,44,5.9,301,17.2,86.258,3.381,13.767,,,,,,,,,0,0,,0,0,0,0,0,,0,0,,0,
"1218","POWELL RIVER WEST LAKE","2023081511",0,27.2,39,7.1,3,18.3,87.022,4.002,15.674,,,,,,,,,0,0,,0,0,0,0,0,,0,0,,0,
"1218","POWELL RIVER WEST LAKE","2023081512",0,28.6,36,6.7,345,21.2,87.836,4.406,16.852,0,91.326,7.261,24.873,61.38,562.921,96.464,4,0,0,,0,0,0,0,0,,0,0,,0,
"1218","POWELL RIVER WEST LAKE","2023081513",0,29.7,34,8.6,6,19.5,88.677,5.469,20.341,,,,,,,,,0,0,,0,0,0,0,0,,0,0,,0,
"1218","POWELL RIVER WEST LAKE","2023081514",0,31.6,30,9.7,20,25.2,89.664,6.661,23.414,,,,,,,,,0,0,,0,0,0,0,0,,0,0,,0,
"1218","POWELL RIVER WEST LAKE","2023081515",0,33.3,25,10.6,8,30.4,90.822,8.226,27.117,,,,,,,,,0,0,,0,0,0,0,0,,0,0,,0,
"1218","POWELL RIVER WEST LAKE","2023081516",0,33.5,25,8.7,359,23.5,91.701,8.471,27.667,,,,,,,,,0,0,,0,0,0,0,0,,0,0,,0,
"1218","POWELL RIVER WEST LAKE","2023081517",0,30.7,31,7.6,23,17.2,91.953,8.305,27.294,,,,,,,,,0,0,,0,0,0,0,0,,0,0,,0,
"1218","POWELL RIVER WEST LAKE","2023081518",0,28.5,35,5.9,343,16,92.003,7.677,25.854,,,,,,,,,0,0,,0,0,0,0,0,,0,0,,0,
"1218","POWELL RIVER WEST LAKE","2023081519",0,27,39,9.3,3,17.2,92.053,9.176,29.219,,,,,,,,,0,0,,0,0,0,0,0,,0,0,,0,
"1218","POWELL RIVER WEST LAKE","2023081520",0,23.7,50,8.7,351,24.1,91.726,8.5,27.733,,,,,,,,,0,0,,0,0,0,0,0,,0,0,,0,
"1218","POWELL RIVER WEST LAKE","2023081521",0,22.8,56,6.5,7,18.9,91.287,7.149,24.603,,,,,,,,,0,0,,0,0,0,0,0,,0,0,,0,
"1218","POWELL RIVER WEST LAKE","2023081522",0,21.8,60,6,22,16.6,90.797,6.501,23.014,,,,,,,,,0,0,,0,0,0,0,0,,0,0,,0,
"1218","POWELL RIVER WEST LAKE","2023081523",0,20.5,66,6.2,8,15.4,90.195,6.025,21.806,,,,,,,,,0,0,,0,0,0,0,0,,0,0,,0,
"1221","MOUNT CAYLEY","2023081500",0,20.2,36,1.6,108,3.7,,,,,,,,,,,,,626.4,,,,,,,,,,11444.2,0,
"1221","MOUNT CAYLEY","2023081501",0,20.3,33,2.3,90,8.7,,,,,,,,,,,,,626.4,,,,,,,,,,11444.2,0,
"1221","MOUNT CAYLEY","2023081502",0,19.4,35,0,85,11.7,,,,,,,,,,,,,626.4,,,,,,,,,,11444.2,0,
"1221","MOUNT CAYLEY","2023081503",0,19.7,35,1.9,61,4.6,,,,,,,,,,,,,626.4,,,,,,,,,,11444.2,0,
"1221","MOUNT CAYLEY","2023081504",0,19.1,36,0.3,112,4.2,,,,,,,,,,,,,626.4,,,,,,,,,,11444.2,0,
"1221","MOUNT CAYLEY","2023081505",0,18.6,36,0.8,111,3.5,,,,,,,,,,,,,626.4,,,,,,,,,,11444.2,1,
"1221","MOUNT CAYLEY","2023081506",0,18.7,39,0.2,126,3.5,,,,,,,,,,,,,626.4,,,,,,,,,,11444.2,10,
"1221","MOUNT CAYLEY","2023081507",0,19.5,35,1.7,125,3.2,,,,,,,,,,,,,626.4,,,,,,,,,,11444.2,58,
"1221","MOUNT CAYLEY","2023081508",0,22.8,33,0.3,170,4.2,,,,,,,,,,,,,626.4,,,,,,,,,,11444.2,358,
"1221","MOUNT CAYLEY","2023081509",0,23.3,32,1.1,217,6.3,,,,,,,,,,,,,626.4,,,,,,,,,,11444.2,530,
"1221","MOUNT CAYLEY","2023081510",0,24.4,29,3.2,222,7.3,,,,,,,,,,,,,626.4,,,,,,,,,,11444.2,676,
"1221","MOUNT CAYLEY","2023081511",0,25.3,30,3.5,236,9.5,,,,,,,,,,,,,626.4,,,,,,,,,,11444.2,792,
"1221","MOUNT CAYLEY","2023081512",0,25.6,28,5.2,223,13.1,,,,0,,,,,,,,,626.4,,,,,,,,,,11444.2,859,
"1221","MOUNT CAYLEY","2023081513",0,25.6,28,7.2,255,13.9,,,,,,,,,,,,,626.4,,,,,,,,,,11444.2,869,
"1221","MOUNT CAYLEY","2023081514",0,26.8,29,7.7,236,16.3,,,,,,,,,,,,,626.4,,,,,,,,,,11444.2,847,
"1221","MOUNT CAYLEY","2023081515",0,27,29,6.6,226,18.3,,,,,,,,,,,,,626.4,,,,,,,,,,11444.2,749,
"1221","MOUNT CAYLEY","2023081516",0,26.7,27,8,235,19,,,,,,,,,,,,,626.4,,,,,,,,,,11444.2,630,
"1221","MOUNT CAYLEY","2023081517",0,26.5,30,7.4,248,18.7,,,,,,,,,,,,,626.4,,,,,,,,,,11444.2,475,
"1221","MOUNT CAYLEY","2023081518",0,25.5,30,5.6,252,16.2,,,,,,,,,,,,,626.4,,,,,,,,,,11444.2,301,
"1221","MOUNT CAYLEY","2023081519",0,23.5,36,4.1,232,11.9,,,,,,,,,,,,,626.4,,,,,,,,,,11444.2,118,
"1221","MOUNT CAYLEY","2023081520",0,20.7,42,0,119,6.7,,,,,,,,,,,,,626.4,,,,,,,,,,11444.2,10,
"1221","MOUNT CAYLEY","2023081521",0,20,41,1.9,121,4.9,,,,,,,,,,,,,626.4,,,,,,,,,,11444.2,0,
"1221","MOUNT CAYLEY","2023081522",0,19.6,42,0.1,116,4.6,,,,,,,,,,,,,626.4,,,,,,,,,,11444.2,0,
"1221","MOUNT CAYLEY","2023081523",0,19.1,43,0.9,113,4,,,,,,,,,,,,,626.4,,,,,,,,,,11444.2,0,
"1239","SASKATCHEWAN CROSSING","2023081500",0,9.3,80,2.3,291,6.2,,,,,,,,,,,,,,,,,,,,,,,223.3,,
"1239","SASKATCHEWAN CROSSING","2023081501",0,8.2,85,1.3,305,5.1,,,,,,,,,,,,,,,,,,,,,,,223.3,,
"1239","SASKATCHEWAN CROSSING","2023081502",0,7.5,88,5,254,7.4,,,,,,,,,,,,,,,,,,,,,,,223.3,,
"1239","SASKATCHEWAN CROSSING","2023081503",0,7.2,88,2.6,245,10.8,,,,,,,,,,,,,,,,,,,,,,,223.3,,
"1239","SASKATCHEWAN CROSSING","2023081504",0,6.6,91,2.8,233,6.6,,,,,,,,,,,,,,,,,,,,,,,223.3,,
"1239","SASKATCHEWAN CROSSING","2023081505",0,5.8,93,2.5,263,4.3,,,,,,,,,,,,,,,,,,,,,,,223.3,,
"1239","SASKATCHEWAN CROSSING","2023081506",0,9.6,82,1.1,275,5.8,,,,,,,,,,,,,,,,,,,,,,,223.3,,
"1239","SASKATCHEWAN CROSSING","2023081507",0,16.6,56,3.5,221,11.5,,,,,,,,,,,,,,,,,,,,,,,223.3,,
"1239","SASKATCHEWAN CROSSING","2023081508",0,22,42,5.1,200,12,,,,,,,,,,,,,,,,,,,,,,,223.3,,
"1239","SASKATCHEWAN CROSSING","2023081509",0,25.9,30,9.8,274,22.6,,,,,,,,,,,,,,,,,,,,,,,223.3,,
"1239","SASKATCHEWAN CROSSING","2023081510",0,26.8,27,13.9,267,30.7,,,,,,,,,,,,,,,,,,,,,,,223.3,,
"1239","SASKATCHEWAN CROSSING","2023081511",0,25.9,29,13.3,269,36.1,,,,,,,,,,,,,,,,,,,,,,,223.3,,
"1239","SASKATCHEWAN CROSSING","2023081512",0,28.4,24,15,262,35.1,,,,0,,,,,,,,,,,,,,,,,,,223.3,,
"1239","SASKATCHEWAN CROSSING","2023081513",0,28,25,16.2,268,46.3,,,,,,,,,,,,,,,,,,,,,,,223.3,,
"1239","SASKATCHEWAN CROSSING","2023081514",0,28.1,26,15.2,269,41.4,,,,,,,,,,,,,,,,,,,,,,,223.3,,
"1239","SASKATCHEWAN CROSSING","2023081515",0,27.3,28,16.2,259,41.5,,,,,,,,,,,,,,,,,,,,,,,223.3,,
"1239","SASKATCHEWAN CROSSING","2023081516",0,27.6,26,15.4,259,37.9,,,,,,,,,,,,,,,,,,,,,,,223.3,,
"1239","SASKATCHEWAN CROSSING","2023081517",0,27.9,27,14.2,249,38.2,,,,,,,,,,,,,,,,,,,,,,,223.3,,
"1239","SASKATCHEWAN CROSSING","2023081518",0,26.2,29,15.1,242,34.6,,,,,,,,,,,,,,,,,,,,,,,223.3,,
"1239","SASKATCHEWAN CROSSING","2023081519",0,25.3,30,11.7,243,27.1,,,,,,,,,,,,,,,,,,,,,,,223.3,,
"1239","SASKATCHEWAN CROSSING","2023081520",0,24.6,31,8.8,236,24.9,,,,,,,,,,,,,,,,,,,,,,,223.3,,
"1239","SASKATCHEWAN CROSSING","2023081521",0,24.2,31,8,235,21.4,,,,,,,,,,,,,,,,,,,,,,,223.3,,
"1239","SASKATCHEWAN CROSSING","2023081522",0,23.4,33,7.2,239,20.4,,,,,,,,,,,,,,,,,,,,,,,223.3,,
"1239","SASKATCHEWAN CROSSING","2023081523",0,22.3,35,4.8,273,15.5,,,,,,,,,,,,,,,,,,,,,,,223.3,,
"1240","BOULDER CREEK","2023081500",0,14.1,65,0.4,70,5.3,,,,,,,,,,,,,,,,,,,,,,,804.7,,
"1240","BOULDER CREEK","2023081501",0,13.4,69,3.1,99,4.7,,,,,,,,,,,,,,,,,,,,,,,804.7,,
"1240","BOULDER CREEK","2023081502",0,12.2,70,1,80,4.4,,,,,,,,,,,,,,,,,,,,,,,804.7,,
"1240","BOULDER CREEK","2023081503",0,11.7,72,0.8,75,5.1,,,,,,,,,,,,,,,,,,,,,,,804.7,,
"1240","BOULDER CREEK","2023081504",0,11.1,76,0.3,67,3.3,,,,,,,,,,,,,,,,,,,,,,,804.7,,
"1240","BOULDER CREEK","2023081505",0,10.7,78,3.5,104,5.3,,,,,,,,,,,,,,,,,,,,,,,804.7,,
"1240","BOULDER CREEK","2023081506",0,10.7,80,1.4,79,4.5,,,,,,,,,,,,,,,,,,,,,,,804.7,,
"1240","BOULDER CREEK","2023081507",0,11.1,81,1.2,77,3.9,,,,,,,,,,,,,,,,,,,,,,,804.7,,
"1240","BOULDER CREEK","2023081508",0,17.6,61,0.5,100,5.8,,,,,,,,,,,,,,,,,,,,,,,804.7,,
"1240","BOULDER CREEK","2023081509",0,24.1,38,0.2,155,3.9,,,,,,,,,,,,,,,,,,,,,,,804.7,,
"1240","BOULDER CREEK","2023081510",0,27,30,2.3,262,6.7,,,,,,,,,,,,,,,,,,,,,,,804.7,,
"1240","BOULDER CREEK","2023081511",0,29.5,21,3.1,324,12.3,,,,,,,,,,,,,,,,,,,,,,,804.7,,
"1240","BOULDER CREEK","2023081512",0,31.5,18,2.3,238,11.3,,,,0,,,,,,,,,,,,,,,,,,,804.7,,
"1240","BOULDER CREEK","2023081513",0,31.3,17,3.8,225,16.3,,,,,,,,,,,,,,,,,,,,,,,804.7,,
"1240","BOULDER CREEK","2023081514",0,30.4,25,4.6,263,25.6,,,,,,,,,,,,,,,,,,,,,,,804.7,,
"1240","BOULDER CREEK","2023081515",0,31.1,21,2.9,238,15.5,,,,,,,,,,,,,,,,,,,,,,,804.7,,
"1240","BOULDER CREEK","2023081516",0,29.2,28,1.8,235,11.1,,,,,,,,,,,,,,,,,,,,,,,804.7,,
"1240","BOULDER CREEK","2023081517",0,29.1,24,2.5,184,11.1,,,,,,,,,,,,,,,,,,,,,,,804.7,,
"1240","BOULDER CREEK","2023081518",0,26.2,34,1.5,69,8,,,,,,,,,,,,,,,,,,,,,,,804.7,,
"1240","BOULDER CREEK","2023081519",0,22.9,42,1.5,73,9.1,,,,,,,,,,,,,,,,,,,,,,,804.7,,
"1240","BOULDER CREEK","2023081520",0,20.4,46,2.2,98,7.4,,,,,,,,,,,,,,,,,,,,,,,804.7,,
"1240","BOULDER CREEK","2023081521",0,18.8,50,0.5,61,6.8,,,,,,,,,,,,,,,,,,,,,,,804.7,,
"1240","BOULDER CREEK","2023081522",0,17.8,51,2.3,84,6.2,,,,,,,,,,,,,,,,,,,,,,,804.7,,
"1240","BOULDER CREEK","2023081523",0,17.4,59,0.8,57,6.9,,,,,,,,,,,,,,,,,,,,,,,804.7,,
"1241","VERMILLION CROSSING","2023081500",0,10.4,82,0,323,3.4,,,,,,,,,,,,,,,,,,,,,,,425.7,,
"1241","VERMILLION CROSSING","2023081501",0,9.3,83,0.5,259,3,,,,,,,,,,,,,,,,,,,,,,,425.7,,
"1241","VERMILLION CROSSING","2023081502",0,8.6,85,0.5,308,3.5,,,,,,,,,,,,,,,,,,,,,,,425.7,,
"1241","VERMILLION CROSSING","2023081503",0,7.9,88,0.1,32,4.4,,,,,,,,,,,,,,,,,,,,,,,425.7,,
"1241","VERMILLION CROSSING","2023081504",0,7.2,88,0.1,273,4,,,,,,,,,,,,,,,,,,,,,,,425.7,,
"1241","VERMILLION CROSSING","2023081505",0,6.5,89,0.7,246,4.7,,,,,,,,,,,,,,,,,,,,,,,425.7,,
"1241","VERMILLION CROSSING","2023081506",0,6.6,90,0.1,240,4.1,,,,,,,,,,,,,,,,,,,,,,,425.7,,
"1241","VERMILLION CROSSING","2023081507",0,14.2,72,0,210,4.8,,,,,,,,,,,,,,,,,,,,,,,425.7,,
"1241","VERMILLION CROSSING","2023081508",0,20.8,43,0.4,106,4.7,,,,,,,,,,,,,,,,,,,,,,,425.7,,
"1241","VERMILLION CROSSING","2023081509",0,24.4,36,0.4,32,7.2,,,,,,,,,,,,,,,,,,,,,,,425.7,,
"1241","VERMILLION CROSSING","2023081510",0,27.1,31,2.9,80,7.4,,,,,,,,,,,,,,,,,,,,,,,425.7,,
"1241","VERMILLION CROSSING","2023081511",0,30.9,24,2.2,143,13.5,,,,,,,,,,,,,,,,,,,,,,,425.7,,
"1241","VERMILLION CROSSING","2023081512",0,32.3,19,3.1,151,14.5,,,,0,,,,,,,,,,,,,,,,,,,425.7,,
"1241","VERMILLION CROSSING","2023081513",0,32.7,18,2.1,343,13.4,,,,,,,,,,,,,,,,,,,,,,,425.7,,
"1241","VERMILLION CROSSING","2023081514",0,32.3,23,3.4,227,15,,,,,,,,,,,,,,,,,,,,,,,425.7,,
"1241","VERMILLION CROSSING","2023081515",0,33.1,25,1.3,261,16.8,,,,,,,,,,,,,,,,,,,,,,,425.7,,
"1241","VERMILLION CROSSING","2023081516",0,30.3,25,2.8,305,18.2,,,,,,,,,,,,,,,,,,,,,,,425.7,,
"1241","VERMILLION CROSSING","2023081517",0,28.9,25,0.6,344,10.8,,,,,,,,,,,,,,,,,,,,,,,425.7,,
"1241","VERMILLION CROSSING","2023081518",0,26.8,32,1.7,322,12.3,,,,,,,,,,,,,,,,,,,,,,,425.7,,
"1241","VERMILLION CROSSING","2023081519",0,22.8,46,1.3,202,7.3,,,,,,,,,,,,,,,,,,,,,,,425.7,,
"1241","VERMILLION CROSSING","2023081520",0,19.9,47,2.1,235,8.1,,,,,,,,,,,,,,,,,,,,,,,425.7,,
"1241","VERMILLION CROSSING","2023081521",0,17.4,57,0.5,226,5.3,,,,,,,,,,,,,,,,,,,,,,,425.7,,
"1241","VERMILLION CROSSING","2023081522",0,15.7,61,0.9,248,5.8,,,,,,,,,,,,,,,,,,,,,,,425.7,,
"1241","VERMILLION CROSSING","2023081523",0,13.9,68,0.8,342,4.2,,,,,,,,,,,,,,,,,,,,,,,425.7,,
"1242","MCLEOD MEADOWS","2023081500",0,10.6,84,0,342,2.3,,,,,,,,,,,,,,,,,,,,,,,393.7,,
"1242","MCLEOD MEADOWS","2023081501",0,9.6,85,0,342,0,,,,,,,,,,,,,,,,,,,,,,,393.7,,
"1242","MCLEOD MEADOWS","2023081502",0,9,87,0,8,1.8,,,,,,,,,,,,,,,,,,,,,,,393.7,,
"1242","MCLEOD MEADOWS","2023081503",0,8.7,87,0.6,170,3.1,,,,,,,,,,,,,,,,,,,,,,,393.7,,
"1242","MCLEOD MEADOWS","2023081504",0,8,90,0.3,208,3.6,,,,,,,,,,,,,,,,,,,,,,,393.7,,
"1242","MCLEOD MEADOWS","2023081505",0,7.3,92,0,299,4.1,,,,,,,,,,,,,,,,,,,,,,,393.7,,
"1242","MCLEOD MEADOWS","2023081506",0,8.3,87,0,319,3.9,,,,,,,,,,,,,,,,,,,,,,,393.7,,
"1242","MCLEOD MEADOWS","2023081507",0,14.2,71,0.5,7,3.5,,,,,,,,,,,,,,,,,,,,,,,393.7,,
"1242","MCLEOD MEADOWS","2023081508",0,20,50,2.5,28,6.7,,,,,,,,,,,,,,,,,,,,,,,393.7,,
"1242","MCLEOD MEADOWS","2023081509",0,24.8,35,0.4,248,7,,,,,,,,,,,,,,,,,,,,,,,393.7,,
"1242","MCLEOD MEADOWS","2023081510",0,28.1,28,1,190,6.3,,,,,,,,,,,,,,,,,,,,,,,393.7,,
"1242","MCLEOD MEADOWS","2023081511",0,29.9,23,3,243,7.7,,,,,,,,,,,,,,,,,,,,,,,393.7,,
"1242","MCLEOD MEADOWS","2023081512",0,32.3,19,2.1,186,9,,,,0,,,,,,,,,,,,,,,,,,,393.7,,
"1242","MCLEOD MEADOWS","2023081513",0,32.5,19,5.3,320,13.8,,,,,,,,,,,,,,,,,,,,,,,393.7,,
"1242","MCLEOD MEADOWS","2023081514",0,33.3,19,4.3,336,14.3,,,,,,,,,,,,,,,,,,,,,,,393.7,,
"1242","MCLEOD MEADOWS","2023081515",0,32.9,19,6.8,84,21.1,,,,,,,,,,,,,,,,,,,,,,,393.7,,
"1242","MCLEOD MEADOWS","2023081516",0,32.3,24,2.6,4,16.1,,,,,,,,,,,,,,,,,,,,,,,393.7,,
"1242","MCLEOD MEADOWS","2023081517",0,30.4,27,1.5,353,14.8,,,,,,,,,,,,,,,,,,,,,,,393.7,,
"1242","MCLEOD MEADOWS","2023081518",0,26.4,41,3.1,286,8.4,,,,,,,,,,,,,,,,,,,,,,,393.7,,
"1242","MCLEOD MEADOWS","2023081519",0,22.5,56,0.2,318,5.5,,,,,,,,,,,,,,,,,,,,,,,393.7,,
"1242","MCLEOD MEADOWS","2023081520",0,19.3,56,0.7,292,4,,,,,,,,,,,,,,,,,,,,,,,393.7,,
"1242","MCLEOD MEADOWS","2023081521",0,16.9,62,0.5,320,4,,,,,,,,,,,,,,,,,,,,,,,393.7,,
"1242","MCLEOD MEADOWS","2023081522",0,15.1,68,0.9,336,4.7,,,,,,,,,,,,,,,,,,,,,,,393.7,,
"1242","MCLEOD MEADOWS","2023081523",0,13.7,73,1,96,6,,,,,,,,,,,,,,,,,,,,,,,393.7,,
"1260","REDSTREAK","2023081500",0,22.5,35,1,54,6.3,,,,,,,,,,,,,,,,,,,,,,,1624.33,,
"1260","REDSTREAK","2023081501",0,21.4,38,0.3,44,5.6,,,,,,,,,,,,,,,,,,,,,,,1624.33,,
"1260","REDSTREAK","2023081502",0,22.5,35,1.8,13,7.8,,,,,,,,,,,,,,,,,,,,,,,1624.33,,
"1260","REDSTREAK","2023081503",0,18.8,46,1.6,78,8.3,,,,,,,,,,,,,,,,,,,,,,,1624.33,,
"1260","REDSTREAK","2023081504",0,19.9,42,0.9,329,9.7,,,,,,,,,,,,,,,,,,,,,,,1624.33,,
"1260","REDSTREAK","2023081505",0,17.6,48,0.1,332,6.4,,,,,,,,,,,,,,,,,,,,,,,1624.33,,
"1260","REDSTREAK","2023081506",0,16.6,52,0.8,358,5.6,,,,,,,,,,,,,,,,,,,,,,,1624.33,,
"1260","REDSTREAK","2023081507",0,17,52,2.1,332,6.5,,,,,,,,,,,,,,,,,,,,,,,1624.33,,
"1260","REDSTREAK","2023081508",0,19.2,48,3.5,332,9.2,,,,,,,,,,,,,,,,,,,,,,,1624.33,,
"1260","REDSTREAK","2023081509",0,22.5,42,0.6,282,7.9,,,,,,,,,,,,,,,,,,,,,,,1624.33,,
"1260","REDSTREAK","2023081510",0,25.4,36,3.4,263,7.3,,,,,,,,,,,,,,,,,,,,,,,1624.33,,
"1260","REDSTREAK","2023081511",0,27.6,32,4.5,304,10.4,,,,,,,,,,,,,,,,,,,,,,,1624.33,,
"1260","REDSTREAK","2023081512",0,30.1,28,4,283,9.4,,,,0,,,,,,,,,,,,,,,,,,,1624.33,,
"1260","REDSTREAK","2023081513",0,32.9,22,4.3,244,10.7,,,,,,,,,,,,,,,,,,,,,,,1624.33,,
"1260","REDSTREAK","2023081514",0,35.1,19,3.6,249,12.4,,,,,,,,,,,,,,,,,,,,,,,1624.33,,
"1260","REDSTREAK","2023081515",0,35.9,17,3.3,317,12.9,,,,,,,,,,,,,,,,,,,,,,,1624.33,,
"1260","REDSTREAK","2023081516",0,35,17,3,325,14.9,,,,,,,,,,,,,,,,,,,,,,,1624.33,,
"1260","REDSTREAK","2023081517",0,34.6,17,5.2,302,30.8,,,,,,,,,,,,,,,,,,,,,,,1624.33,,
"1260","REDSTREAK","2023081518",0,33,20,3.8,306,21.4,,,,,,,,,,,,,,,,,,,,,,,1624.33,,
"1260","REDSTREAK","2023081519",0,31.9,20,5.1,322,16.6,,,,,,,,,,,,,,,,,,,,,,,1624.33,,
"1260","REDSTREAK","2023081520",0,29.4,24,2,349,11.2,,,,,,,,,,,,,,,,,,,,,,,1624.33,,
"1260","REDSTREAK","2023081521",0,28.4,25,3.7,7,9.9,,,,,,,,,,,,,,,,,,,,,,,1624.33,,
"1260","REDSTREAK","2023081522",0,26.9,27,4,9,9.8,,,,,,,,,,,,,,,,,,,,,,,1624.33,,
"1260","REDSTREAK","2023081523",0,25.8,31,1.1,59,16.7,,,,,,,,,,,,,,,,,,,,,,,1624.33,,
"1264","LOWER BEAVER","2023081500",0,14.3,78,0.7,1,6.5,88.862,3.772,15.27,,,,,,,,,,,,,,,,,,,,144.78,,
"1264","LOWER BEAVER","2023081501",0,13.2,83,1.1,300,9.1,88.148,3.474,14.336,,,,,,,,,,,,,,,,,,,,144.78,,
"1264","LOWER BEAVER","2023081502",0,12.6,85,1.1,276,11.8,87.446,3.142,13.256,,,,,,,,,,,,,,,,,,,,144.78,,
"1264","LOWER BEAVER","2023081503",0,11.7,88,1.1,232,7.9,86.711,2.83,12.202,,,,,,,,,,,,,,,,,,,,144.78,,
"1264","LOWER BEAVER","2023081504",0,11.1,91,0.1,92,5.9,86.008,2.436,10.808,,,,,,,,,,,,,,,,,,,,144.78,,
"1264","LOWER BEAVER","2023081505",0,10.3,92,0.5,53,5.7,85.292,2.25,10.118,,,,,,,,,,,,,,,,,,,,144.78,,
"1264","LOWER BEAVER","2023081506",0,10.2,93,2,108,6.5,84.522,2.184,9.868,,,,,,,,,,,,,,,,,,,,144.78,,
"1264","LOWER BEAVER","2023081507",0,10.4,93,1.4,262,6.6,83.853,1.936,8.911,,,,,,,,,,,,,,,,,,,,144.78,,
"1264","LOWER BEAVER","2023081508",0,16.8,70,0.5,49,4.9,83.9,1.862,8.615,,,,,,,,,,,,,,,,,,,,144.78,,
"1264","LOWER BEAVER","2023081509",0,22.4,51,1.1,45,4.8,84.318,2.03,9.278,,,,,,,,,,,,,,,,,,,,144.78,,
"1264","LOWER BEAVER","2023081510",0,27.2,39,0.8,45,5.5,85.169,2.246,10.103,,,,,,,,,,,,,,,,,,,,144.78,,
"1264","LOWER BEAVER","2023081511",0,30.3,29,1.5,285,5.5,86.485,2.796,12.086,,,,,,,,,,,,,,,,,,,,144.78,,
"1264","LOWER BEAVER","2023081512",0,33.7,22,4.6,111,14,88.337,4.258,16.735,0,95.081,11.037,33.841,67.687,502.646,101.278,5,,,,,,,,,,,,144.78,,
"1264","LOWER BEAVER","2023081513",0,34.5,24,2.4,296,14.7,89.683,4.624,18.453,,,,,,,,,,,,,,,,,,,,144.78,,
"1264","LOWER BEAVER","2023081514",0,33.5,21,5,89,15.7,90.935,6.305,23.072,,,,,,,,,,,,,,,,,,,,144.78,,
"1264","LOWER BEAVER","2023081515",0,33.3,21,5.7,71,18.4,91.929,7.521,26.099,,,,,,,,,,,,,,,,,,,,144.78,,
"1264","LOWER BEAVER","2023081516",0,32.3,32,1.9,184,14.7,92.13,6.389,23.29,,,,,,,,,,,,,,,,,,,,144.78,,
"1264","LOWER BEAVER","2023081517",0,32.4,21,6.9,106,18.3,92.834,9.076,29.683,,,,,,,,,,,,,,,,,,,,144.78,,
"1264","LOWER BEAVER","2023081518",0,30.5,24,5.8,70,20.2,93.146,8.97,29.448,,,,,,,,,,,,,,,,,,,,144.78,,
"1264","LOWER BEAVER","2023081519",0,26.1,38,2.8,109,18.1,93.071,7.631,26.364,,,,,,,,,,,,,,,,,,,,144.78,,
"1264","LOWER BEAVER","2023081520",0,23,47,4.7,68,10.8,92.721,7.996,27.225,,,,,,,,,,,,,,,,,,,,144.78,,
"1264","LOWER BEAVER","2023081521",0,20.9,57,1.1,109,11,92.233,6.227,22.871,,,,,,,,,,,,,,,,,,,,144.78,,
"1264","LOWER BEAVER","2023081522",0,20.1,54,3.9,80,10.5,91.802,6.747,24.199,,,,,,,,,,,,,,,,,,,,144.78,,
"1264","LOWER BEAVER","2023081523",0,18,62,5.5,91,15.1,91.187,6.702,24.085,,,,,,,,,,,,,,,,,,,,144.78,,
"1265","UPPER BEAVER","2023081500",0,20,37,1.7,164,9.9,93.089,7.239,20.772,,,,,,,,,,,,,,,,,,,,131.06,,
"1265","UPPER BEAVER","2023081501",0,20,38,5.4,1,8.3,92.921,8.519,23.327,,,,,,,,,,,,,,,,,,,,131.06,,
"1265","UPPER BEAVER","2023081502",0,19.8,38,3.9,349,9,92.78,7.745,21.802,,,,,,,,,,,,,,,,,,,,131.06,,
"1265","UPPER BEAVER","2023081503",0,19,39,3.3,62,8.4,92.63,7.357,21.015,,,,,,,,,,,,,,,,,,,,131.06,,
"1265","UPPER BEAVER","2023081504",0,18.4,41,4,62,5.5,92.441,7.421,21.147,,,,,,,,,,,,,,,,,,,,131.06,,
"1265","UPPER BEAVER","2023081505",0,18,43,2.7,337,4.9,92.242,6.758,19.765,,,,,,,,,,,,,,,,,,,,131.06,,
"1265","UPPER BEAVER","2023081506",0,17.9,45,3.7,327,7.8,92.008,6.876,20.015,,,,,,,,,,,,,,,,,,,,131.06,,
"1265","UPPER BEAVER","2023081507",0,18.1,43,1.2,131,6.8,91.87,5.945,17.995,,,,,,,,,,,,,,,,,,,,131.06,,
"1265","UPPER BEAVER","2023081508",0,21.6,36,0.5,201,9.8,91.903,5.766,17.591,,,,,,,,,,,,,,,,,,,,131.06,,
"1265","UPPER BEAVER","2023081509",0,23.4,33,5.7,151,12.2,91.953,7.547,21.402,,,,,,,,,,,,,,,,,,,,131.06,,
"1265","UPPER BEAVER","2023081510",0,24.5,30,6.6,169,15.1,92.003,7.953,22.218,,,,,,,,,,,,,,,,,,,,131.06,,
"1265","UPPER BEAVER","2023081511",0,25.4,28,8.2,157,23.8,92.126,8.771,23.811,,,,,,,,,,,,,,,,,,,,131.06,,
"1265","UPPER BEAVER","2023081512",0,27,26,12,220,30.1,92.372,10.998,27.854,0,93.107,12.194,31.048,47.929,406.007,74.014,5,,,,,,,,,,,,131.06,,
"1265","UPPER BEAVER","2023081513",0,27.3,27,13.3,155,28.1,92.54,12.024,30.756,,,,,,,,,,,,,,,,,,,,131.06,,
"1265","UPPER BEAVER","2023081514",0,26.7,29,13.1,165,31.6,92.59,11.987,30.693,,,,,,,,,,,,,,,,,,,,131.06,,
"1265","UPPER BEAVER","2023081515",0,27.2,28,8.8,227,29,92.665,9.754,26.672,,,,,,,,,,,,,,,,,,,,131.06,,
"1265","UPPER BEAVER","2023081516",0,26.6,25,11.8,288,26.1,92.833,11.617,30.05,,,,,,,,,,,,,,,,,,,,131.06,,
"1265","UPPER BEAVER","2023081517",0,26,26,15.9,259,38.4,92.906,14.431,34.737,,,,,,,,,,,,,,,,,,,,131.06,,
"1265","UPPER BEAVER","2023081518",0,24.9,28,12.9,287,41.7,92.956,12.493,31.558,,,,,,,,,,,,,,,,,,,,131.06,,
"1265","UPPER BEAVER","2023081519",0,24.2,28,15.1,238,34.8,93.006,14.056,34.137,,,,,,,,,,,,,,,,,,,,131.06,,
"1265","UPPER BEAVER","2023081520",0,22.9,32,10.9,303,31.5,93.011,11.382,29.637,,,,,,,,,,,,,,,,,,,,131.06,,
"1265","UPPER BEAVER","2023081521",0,23.1,31,11.2,281,24.9,93.043,11.608,30.034,,,,,,,,,,,,,,,,,,,,131.06,,
"1265","UPPER BEAVER","2023081522",0,22,35,4.3,133,24.4,92.977,8.123,23.479,,,,,,,,,,,,,,,,,,,,131.06,,
"1265","UPPER BEAVER","2023081523",0,22,33,9.8,321,24.3,92.946,10.671,28.366,,,,,,,,,,,,,,,,,,,,131.06,,
"1268","VALEMOUNT AIRPORT","2023081500",0,11.9,89,2.2,64,7.4,87.464,3.33,11.897,,,,,,,,,,,,,,,,,,,,,,
"1268","VALEMOUNT AIRPORT","2023081501",0,10.7,95,1.8,203,7.4,86.337,2.78,10.267,,,,,,,,,,,,,,,,,,,,,,
"1268","VALEMOUNT AIRPORT","2023081502",0,9.6,100,1.6,182,6.2,84.978,2.277,8.669,,,,,,,,,,,,,,,,,,,,,,
"1268","VALEMOUNT AIRPORT","2023081503",0,8.5,100,1.7,297,5.1,83.792,1.95,7.561,,,,,,,,,,,,,,,,,,,,,,
"1268","VALEMOUNT AIRPORT","2023081504",0,7.6,100,1.8,249,5.6,82.746,1.712,6.713,,,,,,,,,,,,,,,,,,,,,,
"1268","VALEMOUNT AIRPORT","2023081505",0,7.2,100,3,203,6.2,81.764,1.612,6.345,,,,,,,,,,,,,,,,,,,,,,
"1268","VALEMOUNT AIRPORT","2023081506",0,8.5,100,3.6,139,5.6,80.84,1.493,5.898,,,,,,,,,,,,,,,,,,,,,,
"1268","VALEMOUNT AIRPORT","2023081507",0,12.9,91,5,113,9.7,80.613,1.562,6.16,,,,,,,,,,,,,,,,,,,,,,
"1268","VALEMOUNT AIRPORT","2023081508",0,17,73,4.1,147,10.2,80.816,1.527,6.027,,,,,,,,,,,,,,,,,,,,,,
"1268","VALEMOUNT AIRPORT","2023081509",0,20,62,4.3,294,9.7,81.293,1.628,6.406,,,,,,,,,,,,,,,,,,,,,,
"1268","VALEMOUNT AIRPORT","2023081510",0,22.7,51,6.1,165,14.9,82.136,1.971,7.633,,,,,,,,,,,,,,,,,,,,,,
"1268","VALEMOUNT AIRPORT","2023081511",0,25.2,46,6.2,152,15.4,83.154,2.251,8.582,,,,,,,,,,,,,,,,,,,,,,
"1268","VALEMOUNT AIRPORT","2023081512",0,27.3,39,6.3,202,14.9,84.399,2.667,9.917,0,90.546,6.367,20.239,47.12,551.233,77.647,4,,,,,,,,,,,,,,
"1268","VALEMOUNT AIRPORT","2023081513",0,28.6,38,5.1,217,15.4,85.535,2.934,11.184,,,,,,,,,,,,,,,,,,,,,,
"1268","VALEMOUNT AIRPORT","2023081514",0,28.9,37,8.7,307,13.7,86.627,4.101,14.579,,,,,,,,,,,,,,,,,,,,,,
"1268","VALEMOUNT AIRPORT","2023081515",0,28.8,34,11.1,315,37.9,87.68,5.377,17.886,,,,,,,,,,,,,,,,,,,,,,
"1268","VALEMOUNT AIRPORT","2023081516",0,27,40,14.1,327,26.4,88.225,6.763,21.136,,,,,,,,,,,,,,,,,,,,,,
"1268","VALEMOUNT AIRPORT","2023081517",0,25.2,45,7.8,319,18.9,88.408,5.054,17.082,,,,,,,,,,,,,,,,,,,,,,
"1268","VALEMOUNT AIRPORT","2023081518",0,24.5,47,6.2,327,13.7,88.486,4.716,16.216,,,,,,,,,,,,,,,,,,,,,,
"1268","VALEMOUNT AIRPORT","2023081519",0,23.3,48,10.8,335,25.8,88.535,5.987,19.354,,,,,,,,,,,,,,,,,,,,,,
"1268","VALEMOUNT AIRPORT","2023081520",0,20.3,58,5,292,19.5,88.461,4.423,15.448,,,,,,,,,,,,,,,,,,,,,,
"1268","VALEMOUNT AIRPORT","2023081521",0,18.4,62,3.5,322,12,88.289,4.001,14.303,,,,,,,,,,,,,,,,,,,,,,
"1268","VALEMOUNT AIRPORT","2023081522",0,14,79,1.8,255,7.9,87.73,3.39,12.561,,,,,,,,,,,,,,,,,,,,,,
"1268","VALEMOUNT AIRPORT","2023081523",0,12.4,87,3.7,104,7.9,86.906,3.317,12.345,,,,,,,,,,,,,,,,,,,,,,
"1270","OLD FADDY","2023081500",1,8.4,100,3.9,90,7,41.056,0.051,0.045,,,,,,,,,,,,,,,,,,,,2159.4,,
"1270","OLD FADDY","2023081501",0,8.4,100,3,123,8.8,41.089,0.049,0.043,,,,,,,,,,,,,,,,,,,,2159.4,,
"1270","OLD FADDY","2023081502",0.2,8.3,100,2.2,125,3.6,39.186,0.033,0.029,,,,,,,,,,,,,,,,,,,,2159.6,,
"1270","OLD FADDY","2023081503",0,8,100,0.9,47,2.9,39.219,0.031,0.027,,,,,,,,,,,,,,,,,,,,2159.6,,
"1270","OLD FADDY","2023081504",0.4,8,100,2.3,103,8.3,35.65,0.016,0.014,,,,,,,,,,,,,,,,,,,,2160,,
"1270","OLD FADDY","2023081505",0,5.8,100,0.8,150,5.8,35.681,0.015,0.013,,,,,,,,,,,,,,,,,,,,2160,,
"1270","OLD FADDY","2023081506",0,6.7,100,2.6,332,6,35.712,0.016,0.014,,,,,,,,,,,,,,,,,,,,2160,,
"1270","OLD FADDY","2023081507",0,8.7,100,5.8,288,9.8,35.743,0.019,0.017,,,,,,,,,,,,,,,,,,,,2160,,
"1270","OLD FADDY","2023081508",0,10,97,2.1,267,6.1,35.996,0.017,0.015,,,,,,,,,,,,,,,,,,,,2160,,
"1270","OLD FADDY","2023081509",0,11.9,90,0.6,91,4.7,36.618,0.018,0.016,,,,,,,,,,,,,,,,,,,,2160,,
"1270","OLD FADDY","2023081510",0,12.4,86,3.4,319,6.8,37.781,0.026,0.023,,,,,,,,,,,,,,,,,,,,2160,,
"1270","OLD FADDY","2023081511",0.2,12.1,93,4.4,23,8.4,36.712,0.022,0.019,,,,,,,,,,,,,,,,,,,,2160.2,,
"1270","OLD FADDY","2023081512",0,14.9,75,8.1,307,13.7,39.129,0.044,0.038,3.6,58.246,0.547,0.394,7.136,417.677,13.687,1,,,,,,,,,,,,2160.2,,
"1270","OLD FADDY","2023081513",0.2,15.7,70,6,330,14.1,39.892,0.046,0.033,,,,,,,,,,,,,,,,,,,,2160.4,,
"1270","OLD FADDY","2023081514",0,14,77,4.9,346,19.2,41.77,0.062,0.044,,,,,,,,,,,,,,,,,,,,2160.4,,
"1270","OLD FADDY","2023081515",1.8,13.9,89,7,317,14.2,28.042,0.003,0.002,,,,,,,,,,,,,,,,,,,,2162.2,,
"1270","OLD FADDY","2023081516",0,15.2,78,6.6,320,12.2,30.362,0.005,0.004,,,,,,,,,,,,,,,,,,,,2162.2,,
"1270","OLD FADDY","2023081517",0,16.8,64,11.3,301,19.2,34.096,0.017,0.013,,,,,,,,,,,,,,,,,,,,2162.2,,
"1270","OLD FADDY","2023081518",0,14.6,72,3,320,19.8,36.232,0.019,0.013,,,,,,,,,,,,,,,,,,,,2162.2,,
"1270","OLD FADDY","2023081519",0,13.9,89,0.3,112,5.8,36.899,0.019,0.014,,,,,,,,,,,,,,,,,,,,2162.2,,
"1270","OLD FADDY","2023081520",0,12.1,93,3.5,254,9.9,37.539,0.025,0.018,,,,,,,,,,,,,,,,,,,,2162.2,,
"1270","OLD FADDY","2023081521",0,11.6,83,3,223,7.4,38.805,0.032,0.023,,,,,,,,,,,,,,,,,,,,2162.2,,
"1270","OLD FADDY","2023081522",0,11.4,72,3.2,213,12.7,40.62,0.046,0.033,,,,,,,,,,,,,,,,,,,,2162.2,,
"1270","OLD FADDY","2023081523",0,11.4,74,5,160,10.8,42.462,0.07,0.05,,,,,,,,,,,,,,,,,,,,2162.2,,
"1275","APE LAKE","2023081500",0,13.8,72,1.7,342,7.5,,,,,,,,,,,,,486.9,,,,,,,,,,12506.8,0,
"1275","APE LAKE","2023081501",0,15.1,65,6.2,11,10.1,,,,,,,,,,,,,585,,,,,,,,,,12506.8,0,
"1275","APE LAKE","2023081502",0,13.3,74,0.5,25,9,,,,,,,,,,,,,585,,,,,,,,,,12506.8,0,
"1275","APE LAKE","2023081503",0,13.6,75,3.7,18,8.2,,,,,,,,,,,,,585,,,,,,,,,,12506.8,0,
"1275","APE LAKE","2023081504",0,15,70,12.5,344,18.4,,,,,,,,,,,,,585,,,,,,,,,,12506.8,0,
"1275","APE LAKE","2023081505",0,14.9,70,10.5,4,22.7,,,,,,,,,,,,,585,,,,,,,,,,12506.8,0,
"1275","APE LAKE","2023081506",0,14.2,72,2.5,24,11.3,,,,,,,,,,,,,488,,,,,,,,,,12506.8,14,
"1275","APE LAKE","2023081507",0,15,68,10.1,351,17.2,,,,,,,,,,,,,585,,,,,,,,,,12506.8,65,
"1275","APE LAKE","2023081508",0,15.6,65,5.6,20,13.2,,,,,,,,,,,,,196.7,,,,,,,,,,12506.8,142,
"1275","APE LAKE","2023081509",0,16.4,63,11.7,346,16,,,,,,,,,,,,,98,,,,,,,,,,12506.8,383,
"1275","APE LAKE","2023081510",0,17.6,57,2.9,139,17.1,,,,,,,,,,,,,194.7,,,,,,,,,,12506.8,396,
"1275","APE LAKE","2023081511",0,17.3,59,4.5,348,20.5,,,,,,,,,,,,,194.8,,,,,,,,,,12506.8,471,
"1275","APE LAKE","2023081512",0,17.4,60,8.7,332,19.9,,,,0,,,,,,,,,292.6,,,,,,,,,,12506.8,459,
"1275","APE LAKE","2023081513",0,19,57,3.6,163,18,,,,,,,,,,,,,195.5,,,,,,,,,,12506.8,463,
"1275","APE LAKE","2023081514",0,18.7,56,13,329,19.9,,,,,,,,,,,,,390.5,,,,,,,,,,12506.8,691,
"1275","APE LAKE","2023081515",0,18.9,50,11.5,333,20.6,,,,,,,,,,,,,390.1,,,,,,,,,,12506.8,712,
"1275","APE LAKE","2023081516",0,18.5,56,12.3,341,23,,,,,,,,,,,,,293.1,,,,,,,,,,12506.8,582,
"1275","APE LAKE","2023081517",0,18.9,52,11.3,331,21.2,,,,,,,,,,,,,292.8,,,,,,,,,,12506.8,453,
"1275","APE LAKE","2023081518",0,17.8,53,13.9,329,24.8,,,,,,,,,,,,,487.7,,,,,,,,,,12506.8,303,
"1275","APE LAKE","2023081519",0,16.5,58,7.8,348,18.8,,,,,,,,,,,,,292.5,,,,,,,,,,12506.8,141,
"1275","APE LAKE","2023081520",0,14.9,66,5.9,348,17.9,,,,,,,,,,,,,97.8,,,,,,,,,,12506.8,18,
"1275","APE LAKE","2023081521",0,13.9,70,1.1,126,7.1,,,,,,,,,,,,,192.9,,,,,,,,,,12506.8,0,
"1275","APE LAKE","2023081522",0,12.6,77,0.7,8,8.1,,,,,,,,,,,,,291.2,,,,,,,,,,12506.8,0,
"1275","APE LAKE","2023081523",0,12.8,76,0.8,227,13.7,,,,,,,,,,,,,585,,,,,,,,,,12506.8,0,
"1276","MACHMELL KLINIKLINI","2023081500",0,17.1,57,4.1,29,6.9,,,,,,,,,,,,,-1.4,,,,,,,,,,608.2,0,
"1276","MACHMELL KLINIKLINI","2023081501",0,15.4,62,0.6,50,6.1,,,,,,,,,,,,,-1.4,,,,,,,,,,608.2,0,
"1276","MACHMELL KLINIKLINI","2023081502",0,16.1,58,4.5,22,7.4,,,,,,,,,,,,,-1.3,,,,,,,,,,608.2,0,
"1276","MACHMELL KLINIKLINI","2023081503",0,14.9,59,1.9,24,5.5,,,,,,,,,,,,,-1.2,,,,,,,,,,608.2,0,
"1276","MACHMELL KLINIKLINI","2023081504",0,14.1,59,0.5,24,6.6,,,,,,,,,,,,,-1.1,,,,,,,,,,608.2,0,
"1276","MACHMELL KLINIKLINI","2023081505",0,14.1,55,0,30,3.6,,,,,,,,,,,,,-0.9,,,,,,,,,,608.2,1,
"1276","MACHMELL KLINIKLINI","2023081506",0,14.1,62,0.6,70,4.9,,,,,,,,,,,,,-0.9,,,,,,,,,,608.2,14,
"1276","MACHMELL KLINIKLINI","2023081507",0,14.1,59,0.1,89,2.6,,,,,,,,,,,,,-0.9,,,,,,,,,,608.2,31,
"1276","MACHMELL KLINIKLINI","2023081508",0,16.8,49,0.5,214,5.4,,,,,,,,,,,,,-1.2,,,,,,,,,,608.2,271,
"1276","MACHMELL KLINIKLINI","2023081509",0,18,55,2,195,8.8,,,,,,,,,,,,,-0.7,,,,,,,,,,608.2,427,
"1276","MACHMELL KLINIKLINI","2023081510",0,18.5,56,1.9,209,8.1,,,,,,,,,,,,,-0.6,,,,,,,,,,608.2,579,
"1276","MACHMELL KLINIKLINI","2023081511",0,18.6,55,3.5,237,8.7,,,,,,,,,,,,,-0.1,,,,,,,,,,608.2,554,
"1276","MACHMELL KLINIKLINI","2023081512",0,19.1,54,2.6,190,9.9,,,,0,,,,,,,,,-0.7,,,,,,,,,,608.2,591,
"1276","MACHMELL KLINIKLINI","2023081513",0,19,57,4.5,204,14.6,,,,,,,,,,,,,0.2,,,,,,,,,,608.2,624,
"1276","MACHMELL KLINIKLINI","2023081514",0,20.3,54,3.1,184,13.1,,,,,,,,,,,,,-0.1,,,,,,,,,,608.2,696,
"1276","MACHMELL KLINIKLINI","2023081515",0,20.2,46,6.6,208,15.9,,,,,,,,,,,,,-0.4,,,,,,,,,,608.2,659,
"1276","MACHMELL KLINIKLINI","2023081516",0,19.4,48,4.7,288,15.8,,,,,,,,,,,,,-0.1,,,,,,,,,,608.2,578,
"1276","MACHMELL KLINIKLINI","2023081517",0,19.7,50,2.7,285,20.6,,,,,,,,,,,,,-0.5,,,,,,,,,,608.2,482,
"1276","MACHMELL KLINIKLINI","2023081518",0,18.1,53,3.2,277,10.9,,,,,,,,,,,,,-0.5,,,,,,,,,,608.2,309,
"1276","MACHMELL KLINIKLINI","2023081519",0,17.1,62,0.3,172,8.2,,,,,,,,,,,,,-1.1,,,,,,,,,,608.2,146,
"1276","MACHMELL KLINIKLINI","2023081520",0,14.8,65,0.8,9,3,,,,,,,,,,,,,-0.8,,,,,,,,,,608.2,13,
"1276","MACHMELL KLINIKLINI","2023081521",0,14.2,67,0.2,5,5.3,,,,,,,,,,,,,-0.8,,,,,,,,,,608.2,1,
"1276","MACHMELL KLINIKLINI","2023081522",0,13.6,70,0.1,340,6.3,,,,,,,,,,,,,-0.8,,,,,,,,,,608.2,0,
"1276","MACHMELL KLINIKLINI","2023081523",0,13.5,79,4.7,360,7.9,,,,,,,,,,,,,-0.4,,,,,,,,,,608.2,0,
"1277","WEST KELOWNA","2023081500",0,26.4,30,7.4,297,11.7,95.08,12.708,46.327,,,,,,,,,,,,,,,,,,,,2197.6,,
"1277","WEST KELOWNA","2023081501",0,25.2,34,7.3,278,12.3,94.825,12.209,45.166,,,,,,,,,,,,,,,,,,,,2197.6,,
"1277","WEST KELOWNA","2023081502",0,24.3,33,5,279,11.5,94.638,10.598,41.256,,,,,,,,,,,,,,,,,,,,2197.6,,
"1277","WEST KELOWNA","2023081503",0,23.8,35,0.4,188,6.8,94.492,8.238,35.009,,,,,,,,,,,,,,,,,,,,2197.6,,
"1277","WEST KELOWNA","2023081504",0,23.7,36,5.3,282,9.3,94.256,10.208,40.27,,,,,,,,,,,,,,,,,,,,2197.6,,
"1277","WEST KELOWNA","2023081505",0,22.1,40,1.3,285,7.2,94,8.054,34.49,,,,,,,,,,,,,,,,,,,,2197.6,,
"1277","WEST KELOWNA","2023081506",0,23,41,6.1,277,10.5,93.675,9.805,39.235,,,,,,,,,,,,,,,,,,,,2197.6,,
"1277","WEST KELOWNA","2023081507",0,24.2,41,2,44,11.3,93.456,7.735,33.58,,,,,,,,,,,,,,,,,,,,2197.6,,
"1277","WEST KELOWNA","2023081508",0,25.8,44,4.7,61,9.3,93.165,8.509,35.765,,,,,,,,,,,,,,,,,,,,2197.6,,
"1277","WEST KELOWNA","2023081509",0,27.2,38,5.9,11,11.8,93.09,8.946,36.96,,,,,,,,,,,,,,,,,,,,2197.6,,
"1277","WEST KELOWNA","2023081510",0,29.1,29,9.8,344,18.5,93.14,10.965,42.17,,,,,,,,,,,,,,,,,,,,2197.6,,
"1277","WEST KELOWNA","2023081511",0,31.3,25,7.3,340,14.8,93.385,10.003,39.746,,,,,,,,,,,,,,,,,,,,2197.6,,
"1277","WEST KELOWNA","2023081512",0,31.9,26,8.2,333,17.6,93.558,10.723,41.57,0,93.96,11.339,43.116,191.681,1206.028,274.352,4,,,,,,,,,,,,2197.6,,
"1277","WEST KELOWNA","2023081513",0,33.8,22,5.9,15,12.9,93.962,10.102,40.028,,,,,,,,,,,,,,,,,,,,2197.6,,
"1277","WEST KELOWNA","2023081514",0,35.3,19,4.5,30,15,94.491,10.127,40.093,,,,,,,,,,,,,,,,,,,,2197.6,,
"1277","WEST KELOWNA","2023081515",0,35.9,18,6.1,39,14.1,94.999,11.771,44.158,,,,,,,,,,,,,,,,,,,,2197.6,,
"1277","WEST KELOWNA","2023081516",0,36.7,18,6.5,83,12.8,95.428,12.735,46.423,,,,,,,,,,,,,,,,,,,,2197.6,,
"1277","WEST KELOWNA","2023081517",0,35.3,21,2.7,84,11.1,95.517,10.645,41.404,,,,,,,,,,,,,,,,,,,,2197.6,,
"1277","WEST KELOWNA","2023081518",0,34.2,18,5.9,94,15.5,95.701,12.823,46.626,,,,,,,,,,,,,,,,,,,,2197.6,,
"1277","WEST KELOWNA","2023081519",0,33,17,5.7,122,18.6,95.846,12.948,46.912,,,,,,,,,,,,,,,,,,,,2197.6,,
"1277","WEST KELOWNA","2023081520",0,32.8,18,10.8,91,30.9,95.901,16.868,55.34,,,,,,,,,,,,,,,,,,,,2197.6,,
"1277","WEST KELOWNA","2023081521",0,31.2,20,4.1,104,24.9,95.952,12.118,44.983,,,,,,,,,,,,,,,,,,,,2197.6,,
"1277","WEST KELOWNA","2023081522",0,29.8,23,0.8,146,13.6,95.978,10.297,40.525,,,,,,,,,,,,,,,,,,,,2197.6,,
"1277","WEST KELOWNA","2023081523",0,29.2,26,3.9,286,9.9,95.913,11.933,44.545,,,,,,,,,,,,,,,,,,,,2197.6,,
"1283","CHEAKAMUS","2023081500",0,15.9,84,4.8,70,6.6,88.22,4.229,14.935,,,,,,,,,,,,,,,,,,,,4773,,
"1283","CHEAKAMUS","2023081501",0,15.5,87,5.3,65,7.8,87.252,3.776,13.683,,,,,,,,,,,,,,,,,,,,4773,,
"1283","CHEAKAMUS","2023081502",0,14.4,92,4.4,52,7.7,86.164,3.093,11.679,,,,,,,,,,,,,,,,,,,,4773,,
"1283","CHEAKAMUS","2023081503",0,14.3,93,4.3,31,8.3,85.156,2.674,10.367,,,,,,,,,,,,,,,,,,,,4773,,
"1283","CHEAKAMUS","2023081504",0,13.9,92,4.1,32,8.2,84.355,2.373,9.379,,,,,,,,,,,,,,,,,,,,4773,,
"1283","CHEAKAMUS","2023081505",0,13.5,93,4.1,58,6.3,83.594,2.144,8.597,,,,,,,,,,,,,,,,,,,,4773,,
"1283","CHEAKAMUS","2023081506",0,13.4,94,4.7,43,7.9,82.848,2.007,8.114,,,,,,,,,,,,,,,,,,,,4773,,
"1283","CHEAKAMUS","2023081507",0,20.1,61,4,58,8.2,83.152,2.014,8.14,,,,,,,,,,,,,,,,,,,,4773,,
"1283","CHEAKAMUS","2023081508",0,25.2,44,4.7,61,7.9,84.056,2.35,9.3,,,,,,,,,,,,,,,,,,,,4773,,
"1283","CHEAKAMUS","2023081509",0,29.2,36,4.3,356,10.7,85.336,2.741,10.583,,,,,,,,,,,,,,,,,,,,4773,,
"1283","CHEAKAMUS","2023081510",0,31.7,26,6,56,10.9,87.092,3.824,13.816,,,,,,,,,,,,,,,,,,,,4773,,
"1283","CHEAKAMUS","2023081511",0,33.7,27,8.4,214,18,88.698,5.431,18.027,,,,,,,,,,,,,,,,,,,,4773,,
"1283","CHEAKAMUS","2023081512",0,34.6,27,8.4,238,23.1,90.025,6.57,20.711,0,95.311,13.794,36.03,53.726,504.148,84.847,5,,,,,,,,,,,,4773,,
"1283","CHEAKAMUS","2023081513",0,35.3,25,7.9,237,18.6,91.199,7.576,23.996,,,,,,,,,,,,,,,,,,,,4773,,
"1283","CHEAKAMUS","2023081514",0,35.1,26,6.1,253,21.1,92.004,7.756,24.393,,,,,,,,,,,,,,,,,,,,4773,,
"1283","CHEAKAMUS","2023081515",0,33.9,30,9.5,240,23.3,92.392,9.724,28.515,,,,,,,,,,,,,,,,,,,,4773,,
"1283","CHEAKAMUS","2023081516",0,34.5,30,5.9,249,20,92.701,8.47,25.936,,,,,,,,,,,,,,,,,,,,4773,,
"1283","CHEAKAMUS","2023081517",0,33.5,33,8.4,236,25,92.768,9.699,28.465,,,,,,,,,,,,,,,,,,,,4773,,
"1283","CHEAKAMUS","2023081518",0,30.3,34,6.5,243,18.3,92.818,8.876,26.787,,,,,,,,,,,,,,,,,,,,4773,,
"1283","CHEAKAMUS","2023081519",0,27,40,5.6,205,14.4,92.735,8.383,25.751,,,,,,,,,,,,,,,,,,,,4773,,
"1283","CHEAKAMUS","2023081520",0,22.9,56,0.6,48,12.9,92.297,6.127,20.633,,,,,,,,,,,,,,,,,,,,4773,,
"1283","CHEAKAMUS","2023081521",0,18.8,73,0,66,2.8,91.581,5.372,18.753,,,,,,,,,,,,,,,,,,,,4773,,
"1283","CHEAKAMUS","2023081522",0,17.2,81,0.5,17,2.9,90.622,4.806,17.272,,,,,,,,,,,,,,,,,,,,4773,,
"1283","CHEAKAMUS","2023081523",0,15.9,88,2.3,60,3.9,89.38,4.404,16.179,,,,,,,,,,,,,,,,,,,,4773,,
"1313","TETRAHEDRON","2023081500",0,23.1,32,0,17,1.5,,,,,,,,,,,,,610.9,,,,,,,,,,4519.7,0,
"1313","TETRAHEDRON","2023081501",0,22.6,30,0.1,17,1.6,,,,,,,,,,,,,610.9,,,,,,,,,,4519.7,0,
"1313","TETRAHEDRON","2023081502",0,21.7,36,0,296,0,,,,,,,,,,,,,610.9,,,,,,,,,,4519.7,0,
"1313","TETRAHEDRON","2023081503",0,21.9,38,0,288,0,,,,,,,,,,,,,610.9,,,,,,,,,,4519.7,0,
"1313","TETRAHEDRON","2023081504",0,22.3,37,0,311,0.3,,,,,,,,,,,,,610.9,,,,,,,,,,4519.7,0,
"1313","TETRAHEDRON","2023081505",0,21.6,41,1.4,291,5.8,,,,,,,,,,,,,610.9,,,,,,,,,,4519.7,1,
"1313","TETRAHEDRON","2023081506",0,21.1,43,0,304,3.6,,,,,,,,,,,,,610.9,,,,,,,,,,4519.7,12,
"1313","TETRAHEDRON","2023081507",0,22.1,40,2.6,336,5.4,,,,,,,,,,,,,610.9,,,,,,,,,,4519.7,114,
"1313","TETRAHEDRON","2023081508",0,22.7,39,0.1,259,4.6,,,,,,,,,,,,,610.9,,,,,,,,,,4519.7,30,
"1313","TETRAHEDRON","2023081509",0,23,43,1.2,278,4.4,,,,,,,,,,,,,610.9,,,,,,,,,,4519.7,32,
"1313","TETRAHEDRON","2023081510",0,24.4,40,1.2,310,7.2,,,,,,,,,,,,,610.9,,,,,,,,,,4519.7,451,
"1313","TETRAHEDRON","2023081511",0,25.4,36,3.1,306,9.4,,,,,,,,,,,,,610.9,,,,,,,,,,4519.7,737,
"1313","TETRAHEDRON","2023081512",0,26.6,37,1.7,327,10.8,,,,0,,,,,,,,,610.9,,,,,,,,,,4519.7,794,
"1313","TETRAHEDRON","2023081513",0,26.6,32,4.3,322,14,,,,,,,,,,,,,610.9,,,,,,,,,,4519.7,807,
"1313","TETRAHEDRON","2023081514",0,27,28,5.7,313,13.3,,,,,,,,,,,,,610.9,,,,,,,,,,4519.7,771,
"1313","TETRAHEDRON","2023081515",0,28.1,28,4.5,310,16.2,,,,,,,,,,,,,610.9,,,,,,,,,,4519.7,690,
"1313","TETRAHEDRON","2023081516",0,26.3,28,8.3,292,21.6,,,,,,,,,,,,,610.9,,,,,,,,,,4519.7,582,
"1313","TETRAHEDRON","2023081517",0,25.2,26,8.4,321,20.3,,,,,,,,,,,,,610.9,,,,,,,,,,4519.7,434,
"1313","TETRAHEDRON","2023081518",0,23.9,33,12.7,314,31.4,,,,,,,,,,,,,610.9,,,,,,,,,,4519.7,274,
"1313","TETRAHEDRON","2023081519",0,23.2,28,15.6,282,35.3,,,,,,,,,,,,,610.9,,,,,,,,,,4519.7,118,
"1313","TETRAHEDRON","2023081520",0,23.5,11,18.8,278,36.5,,,,,,,,,,,,,610.9,,,,,,,,,,4519.7,14,
"1313","TETRAHEDRON","2023081521",0,23.4,9,14.8,266,36.3,,,,,,,,,,,,,610.9,,,,,,,,,,4519.7,0,
"1313","TETRAHEDRON","2023081522",0,23.2,15,17.1,277,32.5,,,,,,,,,,,,,610.9,,,,,,,,,,4519.7,0,
"1313","TETRAHEDRON","2023081523",0,23.4,17,11.3,280,27.5,,,,,,,,,,,,,610.9,,,,,,,,,,4519.7,0,
"1323","LARCH HILLS WEST","2023081500",0,22.5,36,6.5,70,9.7,93.716,10.061,36.8,,,,,,,,,,,,,,,,,,,,,,
"1323","LARCH HILLS WEST","2023081501",0,22.1,38,4.1,88,9.7,93.515,8.669,33.355,,,,,,,,,,,,,,,,,,,,,,
"1323","LARCH HILLS WEST","2023081502",0,21.1,42,2.3,234,7.4,93.26,7.641,30.652,,,,,,,,,,,,,,,,,,,,,,
"1323","LARCH HILLS WEST","2023081503",0,20.5,47,2.6,68,6.2,92.907,7.384,29.953,,,,,,,,,,,,,,,,,,,,,,
"1323","LARCH HILLS WEST","2023081504",0,19.1,49,2.7,99,4.5,92.538,7.046,29.017,,,,,,,,,,,,,,,,,,,,,,
"1323","LARCH HILLS WEST","2023081505",0,18.7,50,2.9,57,6.2,92.18,6.768,28.231,,,,,,,,,,,,,,,,,,,,,,
"1323","LARCH HILLS WEST","2023081506",0,18.9,52,2.4,187,5.6,91.827,6.277,26.812,,,,,,,,,,,,,,,,,,,,,,
"1323","LARCH HILLS WEST","2023081507",0,19.4,56,1.8,114,5.1,91.437,5.763,25.272,,,,,,,,,,,,,,,,,,,,,,
"1323","LARCH HILLS WEST","2023081508",0,22.4,52,2.4,35,4.5,91.192,5.736,25.191,,,,,,,,,,,,,,,,,,,,,,
"1323","LARCH HILLS WEST","2023081509",0,24.5,45,5.9,321,7.9,91.151,6.803,28.331,,,,,,,,,,,,,,,,,,,,,,
"1323","LARCH HILLS WEST","2023081510",0,26,39,7.2,304,12,91.201,7.315,29.764,,,,,,,,,,,,,,,,,,,,,,
"1323","LARCH HILLS WEST","2023081511",0,28.3,36,7.1,313,12,91.267,7.347,29.853,,,,,,,,,,,,,,,,,,,,,,
"1323","LARCH HILLS WEST","2023081512",0,30.3,32,6.5,304,14.3,91.542,7.413,30.032,0,92.382,8.347,32.834,105.572,708.838,153.857,4,,,,,,,,,,,,,,
"1323","LARCH HILLS WEST","2023081513",0,32.2,27,7.8,309,13.7,92.077,8.538,33.331,,,,,,,,,,,,,,,,,,,,,,
"1323","LARCH HILLS WEST","2023081514",0,33.7,24,8.3,258,15.4,92.731,9.6,36.017,,,,,,,,,,,,,,,,,,,,,,
"1323","LARCH HILLS WEST","2023081515",0,33.9,21,9.9,346,14.9,93.421,11.461,40.423,,,,,,,,,,,,,,,,,,,,,,
"1323","LARCH HILLS WEST","2023081516",0,33.5,22,6.1,356,14.9,93.843,10.036,37.082,,,,,,,,,,,,,,,,,,,,,,
"1323","LARCH HILLS WEST","2023081517",0,32.8,23,5.1,106,13.7,94.086,9.871,36.68,,,,,,,,,,,,,,,,,,,,,,
"1323","LARCH HILLS WEST","2023081518",0,31.9,28,3.9,304,10.2,94.137,9.356,35.413,,,,,,,,,,,,,,,,,,,,,,
"1323","LARCH HILLS WEST","2023081519",0,27.8,32,2.8,90,5.1,94.115,8.826,34.074,,,,,,,,,,,,,,,,,,,,,,
"1323","LARCH HILLS WEST","2023081520",0,26.2,33,4.4,72,11.4,94.039,9.466,35.685,,,,,,,,,,,,,,,,,,,,,,
"1323","LARCH HILLS WEST","2023081521",0,25.3,35,4.6,64,8.5,93.908,9.389,35.496,,,,,,,,,,,,,,,,,,,,,,
"1323","LARCH HILLS WEST","2023081522",0,26.7,32,9.7,67,14.3,93.875,12.085,41.829,,,,,,,,,,,,,,,,,,,,,,
"1323","LARCH HILLS WEST","2023081523",0,25.7,32,7,17,17.7,93.833,10.487,38.162,,,,,,,,,,,,,,,,,,,,,,
"1330","LODESTONE EXT","2023081500",0,18.6,43,4,304,8.7,92.731,7.73,26.962,,,,,,,,,,,,,,,,,,,,1751,,
"1330","LODESTONE EXT","2023081501",0,19.1,42,4.6,313,17.8,92.511,7.724,26.948,,,,,,,,,,,,,,,,,,,,1751,,
"1330","LODESTONE EXT","2023081502",0,17.6,48,3.9,305,13,92.18,7.117,25.465,,,,,,,,,,,,,,,,,,,,1751,,
"1330","LODESTONE EXT","2023081503",0,18.1,46,5.4,311,10.8,91.913,7.392,26.143,,,,,,,,,,,,,,,,,,,,1751,,
"1330","LODESTONE EXT","2023081504",0,15.1,57,5.2,269,10.3,91.417,6.821,24.723,,,,,,,,,,,,,,,,,,,,1751,,
"1330","LODESTONE EXT","2023081505",0,16.2,53,4.6,358,8.4,91.077,6.304,23.395,,,,,,,,,,,,,,,,,,,,1751,,
"1330","LODESTONE EXT","2023081506",0,17.9,49,0.4,308,7.1,90.93,4.996,19.811,,,,,,,,,,,,,,,,,,,,1751,,
"1330","LODESTONE EXT","2023081507",0,22.6,36,4,50,8.4,90.98,6.033,22.678,,,,,,,,,,,,,,,,,,,,1751,,
"1330","LODESTONE EXT","2023081508",0,24.9,34,2,37,9,91.047,5.507,21.252,,,,,,,,,,,,,,,,,,,,1751,,
"1330","LODESTONE EXT","2023081509",0,26,31,6.2,28,12,91.24,6.994,25.16,,,,,,,,,,,,,,,,,,,,1751,,
"1330","LODESTONE EXT","2023081510",0,28.4,28,6.5,63,13.5,91.603,7.477,26.351,,,,,,,,,,,,,,,,,,,,1751,,
"1330","LODESTONE EXT","2023081511",0,31.1,23,7.7,229,17,92.257,8.713,29.261,,,,,,,,,,,,,,,,,,,,1751,,
"1330","LODESTONE EXT","2023081512",0,32,20,11.3,251,32.1,93.012,11.616,35.462,0,95.242,15.814,44.452,74.763,534.32,110.776,4,,,,,,,,,,,,1751,,
"1330","LODESTONE EXT","2023081513",0,30.7,21,15.6,282,32.6,93.496,15.434,43.769,,,,,,,,,,,,,,,,,,,,1751,,
"1330","LODESTONE EXT","2023081514",0,31.5,19,17.5,256,32.8,94.028,18.289,48.736,,,,,,,,,,,,,,,,,,,,1751,,
"1330","LODESTONE EXT","2023081515",0,31.7,17,16.1,229,35.8,94.549,18.314,48.779,,,,,,,,,,,,,,,,,,,,1751,,
"1330","LODESTONE EXT","2023081516",0,30,17,24.2,251,39,94.881,28.832,64.529,,,,,,,,,,,,,,,,,,,,1751,,
"1330","LODESTONE EXT","2023081517",0,28.6,20,22.7,241,45.4,94.932,26.921,61.898,,,,,,,,,,,,,,,,,,,,1751,,
"1330","LODESTONE EXT","2023081518",0,26.3,20,28.1,237,49.4,94.983,35.588,73.22,,,,,,,,,,,,,,,,,,,,1751,,
"1330","LODESTONE EXT","2023081519",0,24,25,19,239,46.7,94.934,22.35,55.223,,,,,,,,,,,,,,,,,,,,1751,,
"1330","LODESTONE EXT","2023081520",0,22.9,27,22.1,242,39.1,94.805,25.67,60.128,,,,,,,,,,,,,,,,,,,,1751,,
"1330","LODESTONE EXT","2023081521",0,22,31,16.1,242,43,94.578,18.389,48.903,,,,,,,,,,,,,,,,,,,,1751,,
"1330","LODESTONE EXT","2023081522",0,21.8,32,20.8,250,38.5,94.329,22.515,55.475,,,,,,,,,,,,,,,,,,,,1751,,
"1330","LODESTONE EXT","2023081523",0,21.6,32,19.3,252,37.5,94.117,20.275,51.984,,,,,,,,,,,,,,,,,,,,1751,,
"1332","GRIZZLY EXT","2023081500",0,10.5,79,3.8,357,7,90.632,5.683,21.143,,,,,,,,,,,,,,,,,,,,766.6,,
"1332","GRIZZLY EXT","2023081501",0,10,78,4.3,352,8.7,89.812,5.183,19.783,,,,,,,,,,,,,,,,,,,,766.6,,
"1332","GRIZZLY EXT","2023081502",0,9.5,79,5.1,349,7.3,89.039,4.83,18.79,,,,,,,,,,,,,,,,,,,,766.6,,
"1332","GRIZZLY EXT","2023081503",0,9.9,75,4.2,351,11.5,88.47,4.253,17.105,,,,,,,,,,,,,,,,,,,,766.6,,
"1332","GRIZZLY EXT","2023081504",0,8.8,82,4.2,343,9.7,87.777,3.851,15.874,,,,,,,,,,,,,,,,,,,,766.6,,
"1332","GRIZZLY EXT","2023081505",0,8.4,85,4.1,4,8.6,87.063,3.461,14.63,,,,,,,,,,,,,,,,,,,,766.6,,
"1332","GRIZZLY EXT","2023081506",0,11.8,76,3.8,349,9.2,86.679,3.228,13.862,,,,,,,,,,,,,,,,,,,,766.6,,
"1332","GRIZZLY EXT","2023081507",0,19.3,59,2.6,21,6.1,86.727,3.059,13.293,,,,,,,,,,,,,,,,,,,,766.6,,
"1332","GRIZZLY EXT","2023081508",0,26.8,37,1.7,144,5.1,87.352,3.195,13.753,,,,,,,,,,,,,,,,,,,,766.6,,
"1332","GRIZZLY EXT","2023081509",0,28.1,29,5,164,9.2,88.32,4.334,17.346,,,,,,,,,,,,,,,,,,,,766.6,,
"1332","GRIZZLY EXT","2023081510",0,29.7,23,4.9,120,12.3,89.471,5.087,19.517,,,,,,,,,,,,,,,,,,,,766.6,,
"1332","GRIZZLY EXT","2023081511",0,31.3,24,4.9,231,18.8,90.467,5.867,21.631,,,,,,,,,,,,,,,,,,,,766.6,,
"1332","GRIZZLY EXT","2023081512",0,31.5,22,7.2,268,18.3,91.421,7.548,25.825,0,94.75,12.025,36.26,77.441,396.996,104.11,4,,,,,,,,,,,,766.6,,
"1332","GRIZZLY EXT","2023081513",0,31.6,20,6.1,290,19.5,92.265,8.047,27.701,,,,,,,,,,,,,,,,,,,,766.6,,
"1332","GRIZZLY EXT","2023081514",0,31.7,20,8.5,266,24.4,92.97,10.029,32.151,,,,,,,,,,,,,,,,,,,,766.6,,
"1332","GRIZZLY EXT","2023081515",0,32.1,19,7.1,226,17.9,93.58,10.176,32.467,,,,,,,,,,,,,,,,,,,,766.6,,
"1332","GRIZZLY EXT","2023081516",0,31.7,21,8.1,193,18.9,93.945,11.258,34.72,,,,,,,,,,,,,,,,,,,,766.6,,
"1332","GRIZZLY EXT","2023081517",0,30.9,22,5.8,187,16.6,94.14,10.301,32.732,,,,,,,,,,,,,,,,,,,,766.6,,
"1332","GRIZZLY EXT","2023081518",0,27.6,32,4.3,246,16.6,94.109,9.51,31.027,,,,,,,,,,,,,,,,,,,,766.6,,
"1332","GRIZZLY EXT","2023081519",0,20.3,51,3,344,6.1,93.551,8.243,28.161,,,,,,,,,,,,,,,,,,,,766.6,,
"1332","GRIZZLY EXT","2023081520",0,15.8,70,2.4,330,5.2,92.607,7.008,25.179,,,,,,,,,,,,,,,,,,,,766.6,,
"1332","GRIZZLY EXT","2023081521",0,13.7,69,3.1,358,8.5,91.8,6.478,23.833,,,,,,,,,,,,,,,,,,,,766.6,,
"1332","GRIZZLY EXT","2023081522",0,12.4,66,0,138,6,91.333,5.186,20.34,,,,,,,,,,,,,,,,,,,,766.6,,
"1332","GRIZZLY EXT","2023081523",0,12.7,60,3,49,5.4,90.876,5.652,21.638,,,,,,,,,,,,,,,,,,,,766.6,,
"1339","BOOTHROYD","2023081500",0,22.2,53,3.7,73,5.3,93.805,8.846,35.416,,,,,,,,,,,,,,,,,,,,3438.6,,
"1339","BOOTHROYD","2023081501",0,20.9,56,3.3,69,4.7,93.139,7.901,32.862,,,,,,,,,,,,,,,,,,,,3438.6,,
"1339","BOOTHROYD","2023081502",0,20.6,58,3.4,71,5.1,92.501,7.261,31.055,,,,,,,,,,,,,,,,,,,,3438.6,,
"1339","BOOTHROYD","2023081503",0,19.8,60,3.3,70,5.5,91.894,6.632,29.209,,,,,,,,,,,,,,,,,,,,3438.6,,
"1339","BOOTHROYD","2023081504",0,19.1,62,3.7,60,4.9,91.302,6.221,27.966,,,,,,,,,,,,,,,,,,,,3438.6,,
"1339","BOOTHROYD","2023081505",0,18.6,63,3.5,72,5.2,90.763,5.704,26.345,,,,,,,,,,,,,,,,,,,,3438.6,,
"1339","BOOTHROYD","2023081506",0,18.2,65,2.7,71,4,90.257,5.096,24.361,,,,,,,,,,,,,,,,,,,,3438.6,,
"1339","BOOTHROYD","2023081507",0,20.3,60,1.2,108,3.9,89.972,4.536,22.442,,,,,,,,,,,,,,,,,,,,3438.6,,
"1339","BOOTHROYD","2023081508",0,24.7,44,3,285,4.6,90.021,5.002,24.045,,,,,,,,,,,,,,,,,,,,3438.6,,
"1339","BOOTHROYD","2023081509",0,27.7,33,3.8,326,7.4,90.359,5.466,25.58,,,,,,,,,,,,,,,,,,,,3438.6,,
"1339","BOOTHROYD","2023081510",0,30.6,27,4.1,285,7.8,90.999,6.08,27.53,,,,,,,,,,,,,,,,,,,,3438.6,,
"1339","BOOTHROYD","2023081512",0,35.5,19,8.9,165,18.3,92.315,9.332,36.683,0,96.34,16.265,52.587,133.385,821.83,189.77,5,,,,,,,,,,,,3438.6,,
"1339","BOOTHROYD","2023081513",0,38.6,16,7.6,183,17.5,93.699,10.61,40.111,,,,,,,,,,,,,,,,,,,,3438.6,,
"1339","BOOTHROYD","2023081514",0,40.2,14,12.3,167,24.2,95.044,16.188,52.433,,,,,,,,,,,,,,,,,,,,3438.6,,
"1339","BOOTHROYD","2023081515",0,39.8,15,12.3,162,28.6,95.886,18.155,56.292,,,,,,,,,,,,,,,,,,,,3438.6,,
"1339","BOOTHROYD","2023081516",0,39.3,16,15.4,161,31.7,96.393,22.729,64.569,,,,,,,,,,,,,,,,,,,,3438.6,,
"1339","BOOTHROYD","2023081517",0,38.6,18,12,188,31.6,96.565,19.597,58.997,,,,,,,,,,,,,,,,,,,,3438.6,,
"1339","BOOTHROYD","2023081518",0,36.5,22,10.2,143,26.9,96.617,18.023,56.039,,,,,,,,,,,,,,,,,,,,3438.6,,
"1339","BOOTHROYD","2023081519",0,34.6,24,10.8,144,26.5,96.61,18.561,57.062,,,,,,,,,,,,,,,,,,,,3438.6,,
"1339","BOOTHROYD","2023081520",0,31.9,28,10.5,148,23.4,96.409,17.793,55.596,,,,,,,,,,,,,,,,,,,,3438.6,,
"1339","BOOTHROYD","2023081521",0,31,27,10.6,124,29,96.255,17.517,55.062,,,,,,,,,,,,,,,,,,,,3438.6,,
"1339","BOOTHROYD","2023081522",0,29.6,29,7.9,127,22.2,96.05,14.871,49.726,,,,,,,,,,,,,,,,,,,,3438.6,,
"1339","BOOTHROYD","2023081523",0,26.3,36,5.4,128,16.5,95.644,12.409,44.351,,,,,,,,,,,,,,,,,,,,3438.6,,
"1345","SAWTOOTH","2023081500",0,14.3,62,4.1,133,9.6,88.561,4.288,9.791,,,,,,,,,,-0.019,,,,,,,,,,2323.8,,
"1345","SAWTOOTH","2023081501",0,15.6,61,8.7,157,14.5,88.334,5.233,11.538,,,,,,,,,,-0.024,,,,,,,,,,2323.8,,
"1345","SAWTOOTH","2023081502",0,15.6,62,7.3,154,21.2,88.12,4.729,10.622,,,,,,,,,,-0.022,,,,,,,,,,2323.8,,
"1345","SAWTOOTH","2023081503",0,16.1,64,7.7,156,21.6,87.889,4.669,10.51,,,,,,,,,,-0.018,,,,,,,,,,2323.8,,
"1345","SAWTOOTH","2023081504",0,16.2,66,9.7,105,22.2,87.629,4.975,11.073,,,,,,,,,,-0.021,,,,,,,,,,2323.8,,
"1345","SAWTOOTH","2023081505",0,16.2,68,8.1,136,20.2,87.362,4.418,10.038,,,,,,,,,,-0.019,,,,,,,,,,2323.8,,
"1345","SAWTOOTH","2023081506",0,16.5,66,6.8,152,15,87.189,4.037,9.303,,,,,,,,,,-0.018,,,,,,,,,,2323.8,,
"1345","SAWTOOTH","2023081507",0,17,66,3.7,130,14.9,87.06,3.39,7.996,,,,,,,,,,-0.02,,,,,,,,,,2323.8,,
"1345","SAWTOOTH","2023081508",0,17.7,65,7.2,125,22.2,86.964,3.989,9.209,,,,,,,,,,-0.02,,,,,,,,,,2323.8,,
"1345","SAWTOOTH","2023081509",0,18.9,61,10.8,228,22.3,86.994,4.803,10.758,,,,,,,,,,-0.018,,,,,,,,,,2323.8,,
"1345","SAWTOOTH","2023081510",0,19.2,59,5.1,327,24.5,87.042,3.629,8.488,,,,,,,,,,-0.02,,,,,,,,,,2323.8,,
"1345","SAWTOOTH","2023081511",0,19.9,46,18.3,261,34.9,87.242,7.26,14.93,,,,,,,,,,-0.021,,,,,,,,,,2323.8,,
"1345","SAWTOOTH","2023081512",0,19.8,46,10.6,278,36.5,87.395,5.035,11.182,0,89.119,6.446,14.348,22.831,424.061,40.245,3,,-0.021,,,,,,,,,,2323.8,,
"1345","SAWTOOTH","2023081513",0,23.3,31,18.3,252,46.6,88.183,8.307,17.389,,,,,,,,,,-0.022,,,,,,,,,,2323.8,,
"1345","SAWTOOTH","2023081514",0,24.1,26,18.4,239,49.1,89.083,9.5,19.196,,,,,,,,,,-0.022,,,,,,,,,,2323.8,,
"1345","SAWTOOTH","2023081515",0,22.9,27,23,245,52.6,89.737,13.156,24.227,,,,,,,,,,-0.022,,,,,,,,,,2323.8,,
"1345","SAWTOOTH","2023081516",0,23.8,27,13,286,43.6,90.255,8.561,17.783,,,,,,,,,,-0.022,,,,,,,,,,2323.8,,
"1345","SAWTOOTH","2023081517",0,22.1,27,15.8,293,38,90.625,10.393,20.491,,,,,,,,,,-0.023,,,,,,,,,,2323.8,,
"1345","SAWTOOTH","2023081518",0,21.5,30,8.4,287,29.5,90.784,7.323,15.82,,,,,,,,,,-0.024,,,,,,,,,,2323.8,,
"1345","SAWTOOTH","2023081519",0,19.4,37,8.5,260,27.9,90.834,7.412,15.965,,,,,,,,,,-0.024,,,,,,,,,,2323.8,,
"1345","SAWTOOTH","2023081520",0,16.2,42,6.8,279,22.3,90.764,6.736,14.844,,,,,,,,,,-0.022,,,,,,,,,,2323.8,,
"1345","SAWTOOTH","2023081521",0,14.5,47,5.6,276,16.5,90.592,6.188,13.901,,,,,,,,,,-0.02,,,,,,,,,,2323.8,,
"1345","SAWTOOTH","2023081522",0,14.3,46,1.9,49,18.8,90.482,5.055,11.847,,,,,,,,,,-0.021,,,,,,,,,,2323.8,,
"1345","SAWTOOTH","2023081523",0,13.6,46,8.4,285,15.7,90.333,6.867,15.063,,,,,,,,,,-0.022,,,,,,,,,,2323.8,,
"1348","KLINAKLINI","2023081500",0,19.1,41,2.2,48,19.7,,,,,,,,,,,,,8.5,,,,,,,,,,4900.4,,
"1348","KLINAKLINI","2023081501",0,18.7,42,4.7,336,12.3,,,,,,,,,,,,,8.6,,,,,,,,,,4900.4,,
"1348","KLINAKLINI","2023081502",0,18.9,40,8.8,6,12.6,,,,,,,,,,,,,7.8,,,,,,,,,,4900.4,,
"1348","KLINAKLINI","2023081503",0,17.7,44,9.7,35,13.4,,,,,,,,,,,,,8.2,,,,,,,,,,4900.4,,
"1348","KLINAKLINI","2023081504",0,17.8,42,8.2,347,15.2,,,,,,,,,,,,,8.3,,,,,,,,,,4900.4,,
"1348","KLINAKLINI","2023081505",0,17.6,45,16,34,26.3,,,,,,,,,,,,,7.5,,,,,,,,,,4900.4,,
"1348","KLINAKLINI","2023081507",0,17.2,48,11.8,30,28.6,,,,,,,,,,,,,8.4,,,,,,,,,,4900.4,,
"1348","KLINAKLINI","2023081508",0,18.4,45,10.6,34,20,,,,,,,,,,,,,8.9,,,,,,,,,,4900.4,,
"1348","KLINAKLINI","2023081509",0,19.5,42,1.1,329,9.5,,,,,,,,,,,,,8.5,,,,,,,,,,4900.4,,
"1348","KLINAKLINI","2023081510",0,19.9,41,5.2,31,11.8,,,,,,,,,,,,,10.2,,,,,,,,,,4900.4,,
"1348","KLINAKLINI","2023081511",0,20.9,39,1.8,304,11.8,,,,,,,,,,,,,8.8,,,,,,,,,,4900.4,,
"1348","KLINAKLINI","2023081512",0,19.9,44,5.6,3,10.4,,,,0,,,,,,,,,9.6,,,,,,,,,,4900.4,,
"1348","KLINAKLINI","2023081513",0,19.3,43,5.5,21,11.6,,,,,,,,,,,,,9.7,,,,,,,,,,4900.4,,
"1348","KLINAKLINI","2023081514",0,19.1,46,6.4,27,13.1,,,,,,,,,,,,,9.5,,,,,,,,,,4900.4,,
"1348","KLINAKLINI","2023081515",0,19.1,45,6.7,22,11.3,,,,,,,,,,,,,9.5,,,,,,,,,,4900.4,,
"1348","KLINAKLINI","2023081516",0,21.3,37,5.6,320,10,,,,,,,,,,,,,9.2,,,,,,,,,,4900.4,,
"1348","KLINAKLINI","2023081517",0,19.7,34,7.4,7,11.8,,,,,,,,,,,,,9.7,,,,,,,,,,4900.4,,
"1348","KLINAKLINI","2023081518",0,18.6,36,6,24,11.9,,,,,,,,,,,,,9.4,,,,,,,,,,4900.4,,
"1348","KLINAKLINI","2023081519",0,18.3,32,8.3,19,18.4,,,,,,,,,,,,,9,,,,,,,,,,4900.4,,
"1348","KLINAKLINI","2023081520",0,17.8,35,14,42,17.6,,,,,,,,,,,,,9,,,,,,,,,,4900.4,,
"1348","KLINAKLINI","2023081521",0,16.8,42,15.8,28,25.2,,,,,,,,,,,,,8.1,,,,,,,,,,4900.4,,
"1348","KLINAKLINI","2023081522",0,16.6,44,23.3,356,32.5,,,,,,,,,,,,,8.2,,,,,,,,,,4900.4,,
"1348","KLINAKLINI","2023081523",0,17.2,41,17.9,12,34,,,,,,,,,,,,,8.2,,,,,,,,,,4900.4,,
"1349","HOMATHKO","2023081500",0,20.2,39,9.2,51,13.4,,,,,,,,,,,,,-1.7,,,,,,,,,,597.4,,
"1349","HOMATHKO","2023081501",0,19.9,40,3.1,334,7.4,,,,,,,,,,,,,-2,,,,,,,,,,597.4,,
"1349","HOMATHKO","2023081502",0,19.6,41,0.3,65,8.1,,,,,,,,,,,,,-2.3,,,,,,,,,,597.4,,
"1349","HOMATHKO","2023081503",0,18.8,43,1.8,59,5.7,,,,,,,,,,,,,-2.3,,,,,,,,,,597.4,,
"1349","HOMATHKO","2023081504",0,19,42,2.5,33,10.2,,,,,,,,,,,,,-2.3,,,,,,,,,,597.4,,
"1349","HOMATHKO","2023081505",0,19,42,5.1,63,8.3,,,,,,,,,,,,,-2.3,,,,,,,,,,597.4,,
"1349","HOMATHKO","2023081506",0,18.2,46,0.9,64,7.1,,,,,,,,,,,,,-2.1,,,,,,,,,,597.4,,
"1349","HOMATHKO","2023081507",0,20.2,42,0.2,94,2.4,,,,,,,,,,,,,-1.5,,,,,,,,,,597.4,,
"1349","HOMATHKO","2023081508",0,20.6,41,0,261,4,,,,,,,,,,,,,99.5,,,,,,,,,,597.4,,
"1349","HOMATHKO","2023081509",0,21.9,41,2.6,141,6.4,,,,,,,,,,,,,-1.8,,,,,,,,,,597.4,,
"1349","HOMATHKO","2023081510",0,22.5,40,2.2,254,7.8,,,,,,,,,,,,,-2.3,,,,,,,,,,597.4,,
"1349","HOMATHKO","2023081511",0,23.3,29,5.5,249,12.6,,,,,,,,,,,,,0.1,,,,,,,,,,597.4,,
"1349","HOMATHKO","2023081512",0,22.8,31,5.5,288,15.8,,,,0,,,,,,,,,0.7,,,,,,,,,,597.4,,
"1349","HOMATHKO","2023081513",0,24.5,32,3.3,203,12.6,,,,,,,,,,,,,-1.2,,,,,,,,,,597.4,,
"1349","HOMATHKO","2023081514",0,24.4,31,7.5,268,17,,,,,,,,,,,,,-1.5,,,,,,,,,,597.4,,
"1349","HOMATHKO","2023081515",0,23.7,37,7.1,290,17.3,,,,,,,,,,,,,-1.7,,,,,,,,,,597.4,,
"1349","HOMATHKO","2023081516",0,23.7,34,9.5,291,18.6,,,,,,,,,,,,,-1.9,,,,,,,,,,597.4,,
"1349","HOMATHKO","2023081517",0,23.5,31,10.1,280,17.7,,,,,,,,,,,,,-1.4,,,,,,,,,,597.4,,
"1349","HOMATHKO","2023081518",0,21.8,32,9.5,309,17.6,,,,,,,,,,,,,-1.6,,,,,,,,,,597.4,,
"1349","HOMATHKO","2023081519",0,21,32,10.4,330,17.9,,,,,,,,,,,,,-1,,,,,,,,,,597.4,,
"1349","HOMATHKO","2023081520",0,20,38,7.9,324,15.9,,,,,,,,,,,,,-1,,,,,,,,,,597.4,,
"1349","HOMATHKO","2023081521",0,19.7,38,1.3,83,11.8,,,,,,,,,,,,,-2.1,,,,,,,,,,597.4,,
"1349","HOMATHKO","2023081522",0,19.4,38,0.1,349,5.1,,,,,,,,,,,,,-1.7,,,,,,,,,,597.4,,
"1349","HOMATHKO","2023081523",0,19.1,38,0,325,4.1,,,,,,,,,,,,,-1.7,,,,,,,,,,597.4,,
"1350","LOWER CAIN","2023081500",0,18.8,65,,,,,,,,,,,,,,,,5.1,,,,,,,,,,370.1,0,
"1350","LOWER CAIN","2023081501",0,18.9,62,,,,,,,,,,,,,,,,4.9,,,,,,,,,,370.1,0,
"1350","LOWER CAIN","2023081502",0,18.4,65,,,,,,,,,,,,,,,,4.7,,,,,,,,,,370.1,0,
"1350","LOWER CAIN","2023081503",0,18.4,61,,,,,,,,,,,,,,,,5.1,,,,,,,,,,370.1,0,
"1350","LOWER CAIN","2023081504",0,18.9,56,,,,,,,,,,,,,,,,5.2,,,,,,,,,,370.1,0,
"1350","LOWER CAIN","2023081505",0,18.8,55,,,,,,,,,,,,,,,,5.2,,,,,,,,,,370.1,0,
"1350","LOWER CAIN","2023081506",0,18.8,59,,,,,,,,,,,,,,,,5.5,,,,,,,,,,370.1,7,
"1350","LOWER CAIN","2023081507",0,18.8,57,,,,,,,,,,,,,,,,7.1,,,,,,,,,,370.1,15,
"1350","LOWER CAIN","2023081508",0,20.2,57,,,,,,,,,,,,,,,,5.6,,,,,,,,,,370.1,183,
"1350","LOWER CAIN","2023081509",0,21.1,56,,,,,,,,,,,,,,,,4.9,,,,,,,,,,370.1,352,
"1350","LOWER CAIN","2023081510",0,21.4,56,,,,,,,,,,,,,,,,5.3,,,,,,,,,,370.1,638,
"1350","LOWER CAIN","2023081511",0,22.9,57,,,,,,,,,,,,,,,,5.2,,,,,,,,,,370.1,752,
"1350","LOWER CAIN","2023081512",0,23.2,45,,,,,,,0,,,,,,,,,5.1,,,,,,,,,,370.1,805,
"1350","LOWER CAIN","2023081513",0,23.1,47,,,,,,,,,,,,,,,,5.3,,,,,,,,,,370.1,815,
"1350","LOWER CAIN","2023081514",0,24.4,46,,,,,,,,,,,,,,,,4.8,,,,,,,,,,370.1,818,
"1350","LOWER CAIN","2023081515",0,23.3,52,,,,,,,,,,,,,,,,4.6,,,,,,,,,,370.1,714,
"1350","LOWER CAIN","2023081516",0,23.8,55,,,,,,,,,,,,,,,,4.2,,,,,,,,,,370.1,598,
"1350","LOWER CAIN","2023081517",0,21.3,54,,,,,,,,,,,,,,,,1.6,,,,,,,,,,370.1,314,
"1350","LOWER CAIN","2023081518",0,19.8,65,,,,,,,,,,,,,,,,2.3,,,,,,,,,,370.1,153,
"1350","LOWER CAIN","2023081519",0,19,64,,,,,,,,,,,,,,,,3.7,,,,,,,,,,370.1,33,
"1350","LOWER CAIN","2023081520",0,16.1,67,,,,,,,,,,,,,,,,5.8,,,,,,,,,,370.1,11,
"1350","LOWER CAIN","2023081521",0,15.5,57,,,,,,,,,,,,,,,,8.4,,,,,,,,,,370.1,0,
"1350","LOWER CAIN","2023081522",0,15.6,63,,,,,,,,,,,,,,,,9.3,,,,,,,,,,370.1,0,
"1350","LOWER CAIN","2023081523",0,15.7,46,,,,,,,,,,,,,,,,10.2,,,,,,,,,,370.1,0,
"1359","STATION BAY 2","2023081500",0,21.8,35,5.8,326,7.9,94.114,10.264,39.375,,,,,,,,,,,,,,,,,,,,,,
"1359","STATION BAY 2","2023081501",0,20.8,38,3.3,342,6.2,93.87,8.748,35.47,,,,,,,,,,,,,,,,,,,,,,
"1359","STATION BAY 2","2023081502",0,19.8,41,3.7,340,6.2,93.57,8.561,34.968,,,,,,,,,,,,,,,,,,,,,,
"1359","STATION BAY 2","2023081503",0,20.2,41,2.5,19,6.8,93.322,7.785,32.832,,,,,,,,,,,,,,,,,,,,,,
"1359","STATION BAY 2","2023081504",0,18,47,2.9,355,6.8,92.948,7.539,32.136,,,,,,,,,,,,,,,,,,,,,,
"1359","STATION BAY 2","2023081505",0,18.1,47,3.4,348,7.4,92.603,7.366,31.641,,,,,,,,,,,,,,,,,,,,,,
"1359","STATION BAY 2","2023081506",0,17.8,50,2.4,93,8.5,92.246,6.66,29.563,,,,,,,,,,,,,,,,,,,,,,
"1359","STATION BAY 2","2023081507",0,21.5,41,2.7,31,5.6,92.14,6.662,29.567,,,,,,,,,,,,,,,,,,,,,,
"1359","STATION BAY 2","2023081508",0,24.4,35,4.5,159,6.2,92.19,7.346,31.582,,,,,,,,,,,,,,,,,,,,,,
"1359","STATION BAY 2","2023081509",0,27,31,6.8,152,10.8,92.24,8.307,34.278,,,,,,,,,,,,,,,,,,,,,,
"1359","STATION BAY 2","2023081510",0,28.6,28,5.9,145,12.5,92.424,8.147,33.838,,,,,,,,,,,,,,,,,,,,,,
"1359","STATION BAY 2","2023081511",0,29.7,26,7.2,156,13.7,92.703,9.047,36.261,,,,,,,,,,,,,,,,,,,,,,
"1359","STATION BAY 2","2023081512",0,32.3,23,10.4,154,16.6,93.206,11.406,42.147,0,94.692,14.016,48.214,154.891,695.561,198.998,5,,,,,,,,,,,,,,
"1359","STATION BAY 2","2023081513",0,33.4,20,11,182,20.6,93.818,12.802,45.53,,,,,,,,,,,,,,,,,,,,,,
"1359","STATION BAY 2","2023081514",0,36.1,17,11.7,323,30.4,94.623,14.823,49.939,,,,,,,,,,,,,,,,,,,,,,
"1359","STATION BAY 2","2023081515",0,34.1,17,8.4,195,22.3,95.079,13.363,46.785,,,,,,,,,,,,,,,,,,,,,,
"1359","STATION BAY 2","2023081516",0,34.1,17,7.7,166,15.4,95.422,13.518,47.127,,,,,,,,,,,,,,,,,,,,,,
"1359","STATION BAY 2","2023081517",0,34.1,18,6.6,302,13.7,95.626,13.149,46.308,,,,,,,,,,,,,,,,,,,,,,
"1359","STATION BAY 2","2023081518",0,32.3,22,3,359,14.3,95.677,11.045,41.431,,,,,,,,,,,,,,,,,,,,,,
"1359","STATION BAY 2","2023081519",0,29.6,23,4.2,334,7.9,95.719,11.8,43.227,,,,,,,,,,,,,,,,,,,,,,
"1359","STATION BAY 2","2023081520",0,27.5,27,5.4,315,9.7,95.624,12.375,44.558,,,,,,,,,,,,,,,,,,,,,,
"1359","STATION BAY 2","2023081521",0,25.2,34,6.1,342,14.3,95.313,12.288,44.358,,,,,,,,,,,,,,,,,,,,,,
"1359","STATION BAY 2","2023081522",0,23.3,39,4.1,341,7.9,94.916,10.521,40.154,,,,,,,,,,,,,,,,,,,,,,
"1359","STATION BAY 2","2023081523",0,23.8,36,7.6,305,12.5,94.607,12.029,43.761,,,,,,,,,,,,,,,,,,,,,,
"1362","TS BURMAN","2023081500",0,20.9,71,0.5,73,4.5,89.593,4.147,10.663,,,,,,,,,,,,,,,,,,,,13849.6,,
"1362","TS BURMAN","2023081501",0,20,81,0.7,124,3.6,88.826,3.753,9.813,,,,,,,,,,,,,,,,,,,,13849.6,,
"1362","TS BURMAN","2023081502",0,18.9,82,0.4,62,5.4,88.148,3.354,8.918,,,,,,,,,,,,,,,,,,,,13849.6,,
"1362","TS BURMAN","2023081503",0,18.4,85,2,69,4.1,87.353,3.245,8.667,,,,,,,,,,,,,,,,,,,,13849.6,,
"1362","TS BURMAN","2023081504",0,17.3,92,3.7,121,7.2,86.219,3.009,8.115,,,,,,,,,,,,,,,,,,,,13849.6,,
"1362","TS BURMAN","2023081505",0,17.2,87,0.8,52,7.4,85.635,2.396,6.601,,,,,,,,,,,,,,,,,,,,13849.6,,
"1362","TS BURMAN","2023081506",0,16.6,94,1.3,101,5,84.703,2.16,5.986,,,,,,,,,,,,,,,,,,,,13849.6,,
"1362","TS BURMAN","2023081507",0,16.7,93,0.9,73,6.8,83.976,1.919,5.333,,,,,,,,,,,,,,,,,,,,13849.6,,
"1362","TS BURMAN","2023081508",0,21.5,72,0.1,77,4.6,84.023,1.855,5.154,,,,,,,,,,,,,,,,,,,,13849.6,,
"1362","TS BURMAN","2023081509",0,26,58,0.4,58,3.8,84.352,1.968,5.468,,,,,,,,,,,,,,,,,,,,13849.6,,
"1362","TS BURMAN","2023081510",0,29.8,46,1.2,254,5.7,85.132,2.28,6.301,,,,,,,,,,,,,,,,,,,,13849.6,,
"1362","TS BURMAN","2023081511",0,32.1,46,1.6,288,9.3,85.936,2.601,7.122,,,,,,,,,,,,,,,,,,,,13849.6,,
"1362","TS BURMAN","2023081512",0,34.3,37,3.8,238,10.5,87.187,3.47,9.181,0,91.987,6.89,17.192,30.185,428.021,51.322,4,,,,,,,,,,,,13849.6,,
"1362","TS BURMAN","2023081513",0,36.2,36,3.1,262,9.8,88.35,3.956,11.161,,,,,,,,,,,,,,,,,,,,13849.6,,
"1362","TS BURMAN","2023081514",0,37,31,3.5,253,12.1,89.59,4.822,13.081,,,,,,,,,,,,,,,,,,,,13849.6,,
"1362","TS BURMAN","2023081515",0,36.6,33,5.2,261,17.4,90.483,5.97,15.433,,,,,,,,,,,,,,,,,,,,13849.6,,
"1362","TS BURMAN","2023081516",0,35.5,36,7.4,280,19.8,91,7.181,17.728,,,,,,,,,,,,,,,,,,,,13849.6,,
"1362","TS BURMAN","2023081517",0,34.2,38,2.1,333,14.8,91.219,5.672,14.841,,,,,,,,,,,,,,,,,,,,13849.6,,
"1362","TS BURMAN","2023081518",0,33.1,44,2.2,256,10.4,91.269,5.741,14.979,,,,,,,,,,,,,,,,,,,,13849.6,,
"1362","TS BURMAN","2023081519",0,27.3,61,4.3,329,8.6,90.821,5.988,15.468,,,,,,,,,,,,,,,,,,,,13849.6,,
"1362","TS BURMAN","2023081520",0,25.4,62,3.7,236,11.9,90.403,5.473,14.438,,,,,,,,,,,,,,,,,,,,13849.6,,
"1362","TS BURMAN","2023081521",0,25,59,2.9,51,8.4,90.14,5.062,13.589,,,,,,,,,,,,,,,,,,,,13849.6,,
"1362","TS BURMAN","2023081522",0,24,64,1,69,5.3,89.806,4.385,12.131,,,,,,,,,,,,,,,,,,,,13849.6,,
"1362","TS BURMAN","2023081523",0,22.3,70,0.4,68,4.5,89.372,3.998,11.258,,,,,,,,,,,,,,,,,,,,13849.6,,
"1375","FRANK CREEK","2023081500",0,24.7,48,3.3,350,8.8,93.074,7.83,30.12,,,,,,,,,,,,,,,,,,,,844,,
"1375","FRANK CREEK","2023081501",0,24,49,4.9,2,13.6,92.674,8.024,30.622,,,,,,,,,,,,,,,,,,,,844,,
"1375","FRANK CREEK","2023081502",0,23.9,48,8.7,5,15.5,92.315,9.239,33.65,,,,,,,,,,,,,,,,,,,,844,,
"1375","FRANK CREEK","2023081503",0,22.1,53,7.3,357,16.8,91.862,8.075,30.754,,,,,,,,,,,,,,,,,,,,844,,
"1375","FRANK CREEK","2023081504",0,21.5,53,1.7,166,11.6,91.55,5.826,24.586,,,,,,,,,,,,,,,,,,,,844,,
"1375","FRANK CREEK","2023081505",0,21.9,50,10.4,4,14.8,91.261,8.67,32.255,,,,,,,,,,,,,,,,,,,,844,,
"1375","FRANK CREEK","2023081506",0,20.8,53,5.6,21,14.8,90.959,6.52,26.583,,,,,,,,,,,,,,,,,,,,844,,
"1375","FRANK CREEK","2023081507",0,20.6,54,2.3,343,11,90.709,5.328,23.088,,,,,,,,,,,,,,,,,,,,844,,
"1375","FRANK CREEK","2023081508",0,21.7,51,6.6,358,14.6,90.532,6.452,26.391,,,,,,,,,,,,,,,,,,,,844,,
"1375","FRANK CREEK","2023081509",0,25.5,39,6.4,30,15.5,90.582,6.432,26.335,,,,,,,,,,,,,,,,,,,,844,,
"1375","FRANK CREEK","2023081510",0,31.6,29,4.8,259,11.5,91.157,6.442,26.362,,,,,,,,,,,,,,,,,,,,844,,
"1375","FRANK CREEK","2023081511",0,34.9,24,7.4,250,11.5,92.085,8.376,31.519,,,,,,,,,,,,,,,,,,,,844,,
"1375","FRANK CREEK","2023081512",0,33.9,29,10,217,17.9,92.507,10.134,35.772,0,95.372,15.075,46.873,95.052,657.711,139.649,4,,,,,,,,,,,,844,,
"1375","FRANK CREEK","2023081513",0,33.5,30,14.1,203,22.3,92.774,12.936,42.523,,,,,,,,,,,,,,,,,,,,844,,
"1375","FRANK CREEK","2023081514",0,34.4,26,15.9,209,26.7,93.245,15.131,46.982,,,,,,,,,,,,,,,,,,,,844,,
"1375","FRANK CREEK","2023081515",0,35.1,29,15.4,211,28.9,93.46,15.204,47.126,,,,,,,,,,,,,,,,,,,,844,,
"1375","FRANK CREEK","2023081516",0,34.9,32,13.7,216,31.8,93.51,14.054,44.834,,,,,,,,,,,,,,,,,,,,844,,
"1375","FRANK CREEK","2023081517",0,33.9,35,18.6,204,30.9,93.561,18.116,52.597,,,,,,,,,,,,,,,,,,,,844,,
"1375","FRANK CREEK","2023081518",0,32.6,36,17.4,209,29.2,93.61,17.172,50.87,,,,,,,,,,,,,,,,,,,,844,,
"1375","FRANK CREEK","2023081519",0,30.1,39,6.3,177,23.3,93.5,9.665,35.183,,,,,,,,,,,,,,,,,,,,844,,
"1375","FRANK CREEK","2023081520",0,29.1,40,5.2,159,14.4,93.363,8.971,33.489,,,,,,,,,,,,,,,,,,,,844,,
"1375","FRANK CREEK","2023081521",0,27.8,43,4,96,10.7,93.147,8.194,31.525,,,,,,,,,,,,,,,,,,,,844,,
"1375","FRANK CREEK","2023081522",0,26.7,46,3.8,85,9.8,92.864,7.797,30.488,,,,,,,,,,,,,,,,,,,,844,,
"1375","FRANK CREEK","2023081523",0,25.9,46,4.5,82,9,92.602,7.784,30.454,,,,,,,,,,,,,,,,,,,,844,,
"1377","FORRESTKERR","2023081500",0,12.1,96,2.7,193,6.1,5.25,0,0,,,,,,,,,,,,,,,,,,,,3947,,
"1377","FORRESTKERR","2023081501",0.2,12,96,1.2,34,6.1,5.538,0,0,,,,,,,,,,,,,,,,,,,,3947.2,,
"1377","FORRESTKERR","2023081502",0,11.7,96,1.2,159,8.4,5.897,0,0,,,,,,,,,,,,,,,,,,,,3947.2,,
"1377","FORRESTKERR","2023081503",0,11.4,96,1.2,289,6,6.253,0,0,,,,,,,,,,,,,,,,,,,,3947.2,,
"1377","FORRESTKERR","2023081504",0,10.8,96,3.7,300,7.1,6.707,0,0,,,,,,,,,,,,,,,,,,,,3947.2,,
"1377","FORRESTKERR","2023081505",0,10.8,96,1.9,113,7.3,7.092,0,0,,,,,,,,,,,,,,,,,,,,3947.2,,
"1377","FORRESTKERR","2023081506",0,11,96,2,291,4.8,7.484,0,0,,,,,,,,,,,,,,,,,,,,3947.2,,
"1377","FORRESTKERR","2023081507",0,11.2,96,1.2,93,8.9,7.838,0,0,,,,,,,,,,,,,,,,,,,,3947.2,,
"1377","FORRESTKERR","2023081508",0,11.8,96,1.9,191,5.9,8.237,0,0,,,,,,,,,,,,,,,,,,,,3947.2,,
"1377","FORRESTKERR","2023081509",0,13,96,4,106,7.2,8.739,0,0,,,,,,,,,,,,,,,,,,,,3947.2,,
"1377","FORRESTKERR","2023081510",0,15,86,4.9,300,12.4,10.389,0,0,,,,,,,,,,,,,,,,,,,,3947.2,,
"1377","FORRESTKERR","2023081511",0,16.4,84,8.6,253,17.7,12.628,0,0,,,,,,,,,,,,,,,,,,,,3947.2,,
"1377","FORRESTKERR","2023081512",0,17.9,75,11.5,243,25.7,16.066,0,0,23.4,41.643,0.084,0.046,4.295,302.995,8.296,1,,,,,,,,,,,,3947.2,,
"1377","FORRESTKERR","2023081513",0,18.7,70,8.7,208,23.6,19.71,0,0,,,,,,,,,,,,,,,,,,,,3947.2,,
"1377","FORRESTKERR","2023081514",0,19.1,65,10,207,24.7,23.842,0.001,0,,,,,,,,,,,,,,,,,,,,3947.2,,
"1377","FORRESTKERR","2023081515",0,18.1,67,8,240,26.2,27.429,0.002,0.001,,,,,,,,,,,,,,,,,,,,3947.2,,
"1377","FORRESTKERR","2023081516",0,17.6,67,6.1,207,22.7,30.673,0.006,0.003,,,,,,,,,,,,,,,,,,,,3947.2,,
"1377","FORRESTKERR","2023081517",0,17.5,67,7.6,174,19.8,33.985,0.014,0.008,,,,,,,,,,,,,,,,,,,,3947.2,,
"1377","FORRESTKERR","2023081518",0,16.4,70,4.7,286,20.1,36.603,0.022,0.012,,,,,,,,,,,,,,,,,,,,3947.2,,
"1377","FORRESTKERR","2023081519",0,14.9,78,7.4,264,16.9,38.775,0.04,0.022,,,,,,,,,,,,,,,,,,,,3947.2,,
"1377","FORRESTKERR","2023081520",0,14.1,81,6.5,257,22.2,40.563,0.054,0.029,,,,,,,,,,,,,,,,,,,,3947.2,,
"1377","FORRESTKERR","2023081521",0,13.6,84,7.1,267,13.7,42.103,0.073,0.04,,,,,,,,,,,,,,,,,,,,3947.2,,
"1377","FORRESTKERR","2023081522",0,13.5,83,6.4,269,13.2,43.627,0.091,0.05,,,,,,,,,,,,,,,,,,,,3947.2,,
"1377","FORRESTKERR","2023081523",0,13.2,85,7.7,288,12.4,45.029,0.122,0.067,,,,,,,,,,,,,,,,,,,,3947.2,,
"1378","TS ATLUCK","2023081500",0,17.3,54,4.6,307,15.6,88.338,4.259,7.666,,,,,,,,,,,,,,,,,,,,14736.8,,
"1378","TS ATLUCK","2023081501",0,17,55,4.8,3,12.4,88.299,4.278,7.696,,,,,,,,,,,,,,,,,,,,14736.8,,
"1378","TS ATLUCK","2023081502",0,17.2,54,2.5,34,12.6,88.292,3.806,6.922,,,,,,,,,,,,,,,,,,,,14736.8,,
"1378","TS ATLUCK","2023081503",0,17.3,56,1.9,21,9.8,88.254,3.672,6.698,,,,,,,,,,,,,,,,,,,,14736.8,,
"1378","TS ATLUCK","2023081504",0,16.9,61,1,173,10.6,88.133,3.449,6.316,,,,,,,,,,,,,,,,,,,,14736.8,,
"1378","TS ATLUCK","2023081505",0,16.7,70,3.7,302,16,87.796,3.766,6.856,,,,,,,,,,,,,,,,,,,,14736.8,,
"1378","TS ATLUCK","2023081506",0,16.9,72,4.8,2,17.2,87.437,3.781,6.881,,,,,,,,,,,,,,,,,,,,14736.8,,
"1378","TS ATLUCK","2023081507",0,17.1,78,3.8,273,14.3,86.962,3.36,6.161,,,,,,,,,,,,,,,,,,,,14736.8,,
"1378","TS ATLUCK","2023081508",0,19.7,71,11.4,324,26.1,86.732,4.77,8.472,,,,,,,,,,,,,,,,,,,,14736.8,,
"1378","TS ATLUCK","2023081509",0,22.1,64,7.8,321,22.4,86.78,4.005,7.254,,,,,,,,,,,,,,,,,,,,14736.8,,
"1378","TS ATLUCK","2023081510",0,23.6,57,7.8,320,22.4,86.828,4.033,7.299,,,,,,,,,,,,,,,,,,,,14736.8,,
"1378","TS ATLUCK","2023081511",0,24.8,51,12.8,314,23.4,87.059,5.361,9.368,,,,,,,,,,,,,,,,,,,,14736.8,,
"1378","TS ATLUCK","2023081512",0,26.9,46,10.8,303,21.9,87.475,5.144,9.043,0,88.944,6.349,11.915,16.751,279.096,29.132,3,,,,,,,,,,,,14736.8,,
"1378","TS ATLUCK","2023081513",0,27.9,43,11.5,298,28.1,87.97,5.72,10.947,,,,,,,,,,,,,,,,,,,,14736.8,,
"1378","TS ATLUCK","2023081514",0,28.5,45,14.3,302,24.4,88.343,6.948,12.802,,,,,,,,,,,,,,,,,,,,14736.8,,
"1378","TS ATLUCK","2023081515",0,28.1,48,11.6,311,33.5,88.517,6.218,11.716,,,,,,,,,,,,,,,,,,,,14736.8,,
"1378","TS ATLUCK","2023081516",0,27.3,51,15,312,27,88.566,7.431,13.498,,,,,,,,,,,,,,,,,,,,14736.8,,
"1378","TS ATLUCK","2023081517",0,25.3,55,12.9,324,28.6,88.615,6.732,12.486,,,,,,,,,,,,,,,,,,,,14736.8,,
"1378","TS ATLUCK","2023081518",0,25.1,57,11.5,333,28.7,88.651,6.306,11.849,,,,,,,,,,,,,,,,,,,,14736.8,,
"1378","TS ATLUCK","2023081519",0,23.1,63,12.7,313,26.1,88.449,6.508,12.153,,,,,,,,,,,,,,,,,,,,14736.8,,
"1378","TS ATLUCK","2023081520",0,20,76,9.3,316,27.4,87.832,5.019,9.823,,,,,,,,,,,,,,,,,,,,14736.8,,
"1378","TS ATLUCK","2023081521",0,18.5,75,10,304,20,87.333,4.842,9.529,,,,,,,,,,,,,,,,,,,,14736.8,,
"1378","TS ATLUCK","2023081522",0,17.6,68,5,334,18.4,87.14,3.661,7.467,,,,,,,,,,,,,,,,,,,,14736.8,,
"1378","TS ATLUCK","2023081523",0,16.9,65,5.8,345,14.7,87.027,3.751,7.632,,,,,,,,,,,,,,,,,,,,14736.8,,
"1383","CHEF CREEK TEST","2023081500",0,23.3,47,3.3,325,23.9,88.955,4.358,12.701,,,,,,,,,,,,,,,,,,,,9041.2,,
"1383","CHEF CREEK TEST","2023081501",0,22.8,48,4.9,6,21.3,89.004,4.757,13.608,,,,,,,,,,,,,,,,,,,,9041.2,,
"1383","CHEF CREEK TEST","2023081502",0,22.9,49,4.9,2,19.4,89.053,4.791,13.683,,,,,,,,,,,,,,,,,,,,9041.2,,
"1383","CHEF CREEK TEST","2023081503",0,21.9,52,4.3,329,17.5,89.078,4.665,13.4,,,,,,,,,,,,,,,,,,,,9041.2,,
"1383","CHEF CREEK TEST","2023081504",0,21.7,50,4.8,341,16,89.127,4.818,13.743,,,,,,,,,,,,,,,,,,,,9041.2,,
"1383","CHEF CREEK TEST","2023081505",0,21,53,2.2,354,17.3,89.11,4.216,12.371,,,,,,,,,,,,,,,,,,,,9041.2,,
"1383","CHEF CREEK TEST","2023081506",0,20.2,57,1.8,9,11.6,89.006,4.07,12.028,,,,,,,,,,,,,,,,,,,,9041.2,,
"1383","CHEF CREEK TEST","2023081507",0,21.6,52,4.1,46,11.4,89.031,4.587,13.224,,,,,,,,,,,,,,,,,,,,9041.2,,
"1383","CHEF CREEK TEST","2023081508",0,23.6,48,4.6,43,14,89.08,4.737,13.563,,,,,,,,,,,,,,,,,,,,9041.2,,
"1383","CHEF CREEK TEST","2023081509",0,25,43,4.8,43,12.5,89.178,4.853,13.821,,,,,,,,,,,,,,,,,,,,9041.2,,
"1383","CHEF CREEK TEST","2023081510",0,27.5,37,4.7,50,15.6,89.519,5.071,14.3,,,,,,,,,,,,,,,,,,,,9041.2,,
"1383","CHEF CREEK TEST","2023081511",0,28.7,37,5.7,45,13.5,89.857,5.598,15.426,,,,,,,,,,,,,,,,,,,,9041.2,,
"1383","CHEF CREEK TEST","2023081512",0,27.4,42,4.8,56,10.3,89.93,5.406,15.02,0,89.626,5.175,15.207,37.238,418.632,60.926,3,,,,,,,,,,,,9041.2,,
"1383","CHEF CREEK TEST","2023081513",0,29.6,37,6.5,49,17.1,90.235,6.153,17.325,,,,,,,,,,,,,,,,,,,,9041.2,,
"1383","CHEF CREEK TEST","2023081514",0,30.5,36,4.2,44,16.3,90.542,5.725,16.415,,,,,,,,,,,,,,,,,,,,9041.2,,
"1383","CHEF CREEK TEST","2023081515",0,28.7,42,4.3,52,20.2,90.592,5.795,16.566,,,,,,,,,,,,,,,,,,,,9041.2,,
"1383","CHEF CREEK TEST","2023081516",0,27.7,44,3.9,31,13.2,90.642,5.72,16.405,,,,,,,,,,,,,,,,,,,,9041.2,,
"1383","CHEF CREEK TEST","2023081517",0,28.2,37,4.4,355,14.8,90.765,5.97,16.94,,,,,,,,,,,,,,,,,,,,9041.2,,
"1383","CHEF CREEK TEST","2023081518",0,25.5,48,2.4,26,18.1,90.739,5.377,15.657,,,,,,,,,,,,,,,,,,,,9041.2,,
"1383","CHEF CREEK TEST","2023081519",0,24.9,45,4.3,323,17.8,90.768,5.943,16.882,,,,,,,,,,,,,,,,,,,,9041.2,,
"1383","CHEF CREEK TEST","2023081520",0,24.1,47,1.7,315,16,90.741,5.193,15.247,,,,,,,,,,,,,,,,,,,,9041.2,,
"1383","CHEF CREEK TEST","2023081521",0,22.3,57,1.3,342,10.9,90.481,4.904,14.592,,,,,,,,,,,,,,,,,,,,9041.2,,
"1383","CHEF CREEK TEST","2023081522",0,19,67,7,324,11.4,89.881,5.997,16.997,,,,,,,,,,,,,,,,,,,,9041.2,,
"1383","CHEF CREEK TEST","2023081523",0,20.6,58,3.7,316,11.2,89.65,4.914,14.614,,,,,,,,,,,,,,,,,,,,9041.2,,
"1387","PLUMMER HUT","2023081500",0,13,48,0.4,139,3.7,,,,,,,,,,,,,0,,,,,,,,,,10362.2,,
"1387","PLUMMER HUT","2023081501",0,12.3,54,0.1,178,3.6,,,,,,,,,,,,,0,,,,,,,,,,10362.2,,
"1387","PLUMMER HUT","2023081502",0,12.7,49,5.1,148,7.8,,,,,,,,,,,,,0,,,,,,,,,,10362.2,,
"1387","PLUMMER HUT","2023081503",0,12.8,46,2.8,209,11,,,,,,,,,,,,,0,,,,,,,,,,10362.2,,
"1387","PLUMMER HUT","2023081504",0,12.4,44,1.5,23,5.9,,,,,,,,,,,,,0,,,,,,,,,,10362.2,,
"1387","PLUMMER HUT","2023081505",0,12.3,43,2.1,11,10.8,,,,,,,,,,,,,0,,,,,,,,,,10362.2,,
"1387","PLUMMER HUT","2023081506",0,12.8,39,1.1,107,13.4,,,,,,,,,,,,,0,,,,,,,,,,10362.2,,
"1387","PLUMMER HUT","2023081507",0,13.1,38,0.8,67,8.3,,,,,,,,,,,,,0,,,,,,,,,,10362.2,,
"1387","PLUMMER HUT","2023081508",0,14,36,4.8,201,14.6,,,,,,,,,,,,,0,,,,,,,,,,10362.2,,
"1387","PLUMMER HUT","2023081509",0,13.8,39,2.4,116,16,,,,,,,,,,,,,0,,,,,,,,,,10362.2,,
"1387","PLUMMER HUT","2023081510",0,14.2,37,0,111,8.9,,,,,,,,,,,,,0,,,,,,,,,,10362.2,,
"1387","PLUMMER HUT","2023081511",0,13.3,46,0.1,118,6.4,,,,,,,,,,,,,0,,,,,,,,,,10362.2,,
"1387","PLUMMER HUT","2023081512",0,13,49,0,111,7.8,,,,0,,,,,,,,,0,,,,,,,,,,10362.2,,
"1387","PLUMMER HUT","2023081513",0,13.9,42,0.7,109,12.9,,,,,,,,,,,,,0,,,,,,,,,,10362.2,,
"1387","PLUMMER HUT","2023081514",0,13.2,47,1.3,147,7.3,,,,,,,,,,,,,0,,,,,,,,,,10362.2,,
"1387","PLUMMER HUT","2023081515",0,13.1,44,3.4,116,6.9,,,,,,,,,,,,,0,,,,,,,,,,10362.2,,
"1387","PLUMMER HUT","2023081516",0,13.5,41,3.2,112,13.3,,,,,,,,,,,,,0,,,,,,,,,,10362.2,,
"1387","PLUMMER HUT","2023081517",0,13.3,41,2.6,119,13.5,,,,,,,,,,,,,0,,,,,,,,,,10362.2,,
"1387","PLUMMER HUT","2023081518",0,13.8,40,5.6,114,14.3,,,,,,,,,,,,,0,,,,,,,,,,10362.2,,
"1387","PLUMMER HUT","2023081519",0,13.9,40,2.7,57,27.8,,,,,,,,,,,,,0,,,,,,,,,,10362.2,,
"1387","PLUMMER HUT","2023081520",0,13.3,41,8.8,154,38.5,,,,,,,,,,,,,0,,,,,,,,,,10362.2,,
"1387","PLUMMER HUT","2023081521",0,13.5,36,4.9,107,19.7,,,,,,,,,,,,,0,,,,,,,,,,10362.2,,
"1387","PLUMMER HUT","2023081522",0,11.7,49,4.6,257,14.3,,,,,,,,,,,,,0,,,,,,,,,,10362.2,,
"1387","PLUMMER HUT","2023081523",0,12.4,41,8.9,296,31.3,,,,,,,,,,,,,0,,,,,,,,,,10362.2,,
"1392","MCNULTY EXT","2023081500",0,10,74,2.2,86,7.2,91,5.526,18.396,,,,,,,,,,,,,,,,,,,,1290.6,,
"1392","MCNULTY EXT","2023081501",0,9.5,76,0.6,64,7.6,90.34,4.639,16.149,,,,,,,,,,,,,,,,,,,,1290.6,,
"1392","MCNULTY EXT","2023081502",0,8.8,81,3.4,69,7.6,89.505,4.74,16.411,,,,,,,,,,,,,,,,,,,,1290.6,,
"1392","MCNULTY EXT","2023081503",0,7.5,84,1.3,71,6,88.756,3.829,13.943,,,,,,,,,,,,,,,,,,,,1290.6,,
"1392","MCNULTY EXT","2023081504",0,7.2,87,3.3,69,5.9,87.908,3.75,13.718,,,,,,,,,,,,,,,,,,,,1290.6,,
"1392","MCNULTY EXT","2023081505",0,7.3,88,0.9,82,6.4,87.195,3.001,11.492,,,,,,,,,,,,,,,,,,,,1290.6,,
"1392","MCNULTY EXT","2023081506",0,10,81,3.1,75,6.2,86.677,3.115,11.843,,,,,,,,,,,,,,,,,,,,1290.6,,
"1392","MCNULTY EXT","2023081507",0,18.9,53,0,75,3.5,86.725,2.683,10.484,,,,,,,,,,,,,,,,,,,,1290.6,,
"1392","MCNULTY EXT","2023081508",0,25.7,29,6,108,9.4,87.679,4.158,14.858,,,,,,,,,,,,,,,,,,,,1290.6,,
"1392","MCNULTY EXT","2023081509",0,27.6,26,3.7,120,13.7,88.648,4.255,15.123,,,,,,,,,,,,,,,,,,,,1290.6,,
"1392","MCNULTY EXT","2023081510",0,29.1,25,5.6,260,17.7,89.632,5.393,18.068,,,,,,,,,,,,,,,,,,,,1290.6,,
"1392","MCNULTY EXT","2023081511",0,29,26,9.1,264,26.3,90.442,7.224,22.329,,,,,,,,,,,,,,,,,,,,1290.6,,
"1392","MCNULTY EXT","2023081512",0,30.1,25,10.6,249,24.3,91.218,8.703,25.45,0,94.216,13.258,35.221,52.912,554.015,85.427,3,,,,,,,,,,,,1290.6,,
"1392","MCNULTY EXT","2023081513",0,30.8,21,12,260,25.4,92.087,10.564,30.269,,,,,,,,,,,,,,,,,,,,1290.6,,
"1392","MCNULTY EXT","2023081514",0,31.1,21,15,244,31.9,92.806,13.597,35.812,,,,,,,,,,,,,,,,,,,,1290.6,,
"1392","MCNULTY EXT","2023081515",0,31.7,14,13.5,257,35.5,93.776,14.436,37.245,,,,,,,,,,,,,,,,,,,,1290.6,,
"1392","MCNULTY EXT","2023081516",0,30.9,16,14.7,258,31.3,94.364,16.638,40.841,,,,,,,,,,,,,,,,,,,,1290.6,,
"1392","MCNULTY EXT","2023081517",0,29.2,17,14.1,262,30.5,94.676,16.851,41.177,,,,,,,,,,,,,,,,,,,,1290.6,,
"1392","MCNULTY EXT","2023081518",0,26.2,20,10.6,266,30.6,94.727,14.226,36.889,,,,,,,,,,,,,,,,,,,,1290.6,,
"1392","MCNULTY EXT","2023081519",0,23.7,25,6.8,273,30.6,94.723,11.741,32.492,,,,,,,,,,,,,,,,,,,,1290.6,,
"1392","MCNULTY EXT","2023081520",0,20.6,29,4.2,259,20.7,94.608,10.137,29.435,,,,,,,,,,,,,,,,,,,,1290.6,,
"1392","MCNULTY EXT","2023081521",0,19.6,33,6.5,254,15.7,94.386,11.04,31.18,,,,,,,,,,,,,,,,,,,,1290.6,,
"1392","MCNULTY EXT","2023081522",0,15.9,45,3.2,114,14.3,93.944,8.794,26.711,,,,,,,,,,,,,,,,,,,,1290.6,,
"1392","MCNULTY EXT","2023081523",0,15.2,49,3,263,8.3,93.461,8.141,25.321,,,,,,,,,,,,,,,,,,,,1290.6,,
"1398","TS NAHMINT","2023081500",0,23.9,46,6.7,63,10.4,93.005,9.203,23.157,,,,,,,,,,,,,,,,,,,,13486.6,,
"1398","TS NAHMINT","2023081501",0,23.7,45,6.6,53,9.8,92.702,8.777,22.393,,,,,,,,,,,,,,,,,,,,13486.6,,
"1398","TS NAHMINT","2023081502",0,22.4,49,5.5,52,9.2,92.331,7.88,20.733,,,,,,,,,,,,,,,,,,,,13486.6,,
"1398","TS NAHMINT","2023081503",0,20.6,56,0.2,52,6.5,91.958,5.724,16.388,,,,,,,,,,,,,,,,,,,,13486.6,,
"1398","TS NAHMINT","2023081504",0,21.1,54,4.9,42,7.7,91.551,6.847,18.72,,,,,,,,,,,,,,,,,,,,13486.6,,
"1398","TS NAHMINT","2023081505",0,19.9,60,0.1,2,6.9,91.179,5.099,15.011,,,,,,,,,,,,,,,,,,,,13486.6,,
"1398","TS NAHMINT","2023081506",0,20.4,62,1.2,333,4,90.743,5.065,14.934,,,,,,,,,,,,,,,,,,,,13486.6,,
"1398","TS NAHMINT","2023081507",0,23.1,53,3.4,59,8.2,90.556,5.51,15.923,,,,,,,,,,,,,,,,,,,,13486.6,,
"1398","TS NAHMINT","2023081508",0,26.4,47,1,255,5.3,90.597,4.911,14.584,,,,,,,,,,,,,,,,,,,,13486.6,,
"1398","TS NAHMINT","2023081509",0,27.5,44,4,231,7.8,90.647,5.753,16.45,,,,,,,,,,,,,,,,,,,,13486.6,,
"1398","TS NAHMINT","2023081510",0,29.6,38,6.6,248,11.5,90.785,6.689,18.402,,,,,,,,,,,,,,,,,,,,13486.6,,
"1398","TS NAHMINT","2023081511",0,32,32,5.5,248,14.6,91.221,6.734,18.492,,,,,,,,,,,,,,,,,,,,13486.6,,
"1398","TS NAHMINT","2023081512",0,33.6,27,6,249,14.5,91.881,7.583,20.166,0,94.067,10.301,26.534,41.892,451.8,68.018,4,,,,,,,,,,,,13486.6,,
"1398","TS NAHMINT","2023081513",0,34.9,25,6.1,253,14.1,92.571,8.402,23.015,,,,,,,,,,,,,,,,,,,,13486.6,,
"1398","TS NAHMINT","2023081514",0,36.5,21,2.1,211,14,93.325,7.633,21.498,,,,,,,,,,,,,,,,,,,,13486.6,,
"1398","TS NAHMINT","2023081515",0,36.6,24,4.8,162,15.7,93.814,9.362,24.831,,,,,,,,,,,,,,,,,,,,13486.6,,
"1398","TS NAHMINT","2023081516",0,35.6,26,3.7,268,13.6,94.034,9.132,24.404,,,,,,,,,,,,,,,,,,,,13486.6,,
"1398","TS NAHMINT","2023081517",0,34.1,31,4.6,290,14.6,94.085,9.623,25.311,,,,,,,,,,,,,,,,,,,,13486.6,,
"1398","TS NAHMINT","2023081518",0,32.4,34,6,283,14.6,94.107,10.359,26.636,,,,,,,,,,,,,,,,,,,,13486.6,,
"1398","TS NAHMINT","2023081519",0,30.2,40,2.4,317,12,93.93,8.43,23.069,,,,,,,,,,,,,,,,,,,,13486.6,,
"1398","TS NAHMINT","2023081520",0,25.3,55,2.3,59,4.5,93.301,7.685,21.602,,,,,,,,,,,,,,,,,,,,13486.6,,
"1398","TS NAHMINT","2023081521",0,24.6,60,2.5,62,6.9,92.603,7.039,20.281,,,,,,,,,,,,,,,,,,,,13486.6,,
"1398","TS NAHMINT","2023081522",0,24.2,58,4.7,45,6.9,92.011,7.235,20.686,,,,,,,,,,,,,,,,,,,,13486.6,,
"1398","TS NAHMINT","2023081523",0,22.6,64,0.3,333,5.8,91.477,5.373,16.625,,,,,,,,,,,,,,,,,,,,13486.6,,
"1399","MERRITT 2 HUB","2023081500",0,20.7,51,5.5,208,12.5,93.855,9.754,32.564,,,,,,,,,,,,,,,,,,,,,,
"1399","MERRITT 2 HUB","2023081501",0,19.5,51,8.3,210,11.4,93.225,10.287,33.738,,,,,,,,,,,,,,,,,,,,,,
"1399","MERRITT 2 HUB","2023081502",0,18.2,56,1.7,21,10.2,92.686,6.841,25.58,,,,,,,,,,,,,,,,,,,,,,
"1399","MERRITT 2 HUB","2023081503",0,17.3,60,4.7,204,6.8,92.031,7.255,26.642,,,,,,,,,,,,,,,,,,,,,,
"1399","MERRITT 2 HUB","2023081504",0,16.7,62,3,198,6.2,91.445,6.129,23.691,,,,,,,,,,,,,,,,,,,,,,
"1399","MERRITT 2 HUB","2023081505",0,15.8,66,4,299,6.2,90.807,5.886,23.025,,,,,,,,,,,,,,,,,,,,,,
"1399","MERRITT 2 HUB","2023081506",0,16,64,3,271,5.1,90.313,5.216,21.125,,,,,,,,,,,,,,,,,,,,,,
"1399","MERRITT 2 HUB","2023081507",0,18.2,64,2.8,132,4.5,89.883,4.855,20.062,,,,,,,,,,,,,,,,,,,,,,
"1399","MERRITT 2 HUB","2023081508",0,21.2,50,3.1,168,9.7,89.841,4.899,20.195,,,,,,,,,,,,,,,,,,,,,,
"1399","MERRITT 2 HUB","2023081509",0,24.1,42,5.7,161,9.1,89.89,5.625,22.295,,,,,,,,,,,,,,,,,,,,,,
"1399","MERRITT 2 HUB","2023081510",0,28.1,35,6.5,167,9.7,90.216,6.136,23.71,,,,,,,,,,,,,,,,,,,,,,
"1399","MERRITT 2 HUB","2023081511",0,31.4,27,5.1,168,13.1,90.943,6.344,24.269,,,,,,,,,,,,,,,,,,,,,,
"1399","MERRITT 2 HUB","2023081512",0,33.8,22,10.5,31,16,92.003,9.679,32.397,0,95.141,14.981,44.266,73.298,810.249,119.557,4,,,,,,,,,,,,,,
"1399","MERRITT 2 HUB","2023081513",0,37.1,19,5.9,32,17.2,93.132,8.998,31.73,,,,,,,,,,,,,,,,,,,,,,
"1399","MERRITT 2 HUB","2023081514",0,38.3,15,12.3,148,21.8,94.421,14.858,44.034,,,,,,,,,,,,,,,,,,,,,,
"1399","MERRITT 2 HUB","2023081515",0,39.2,15,25.4,201,36.7,95.53,33.471,72.62,,,,,,,,,,,,,,,,,,,,,,
"1399","MERRITT 2 HUB","2023081516",0,37.5,17,29,201,41.9,96.017,42.867,84.045,,,,,,,,,,,,,,,,,,,,,,
"1399","MERRITT 2 HUB","2023081517",0,36.2,20,36.2,202,48.2,96.068,62.048,104.062,,,,,,,,,,,,,,,,,,,,,,
"1399","MERRITT 2 HUB","2023081518",0,34,24,32,204,49.4,96.119,50.561,92.517,,,,,,,,,,,,,,,,,,,,,,
"1399","MERRITT 2 HUB","2023081519",0,31.9,28,14.7,224,41.9,95.978,20.746,54.31,,,,,,,,,,,,,,,,,,,,,,
"1399","MERRITT 2 HUB","2023081520",0,30.6,31,23.5,226,36.2,95.68,31.043,69.424,,,,,,,,,,,,,,,,,,,,,,
"1399","MERRITT 2 HUB","2023081521",0,30.1,31,17.7,266,32.7,95.451,22.462,57.041,,,,,,,,,,,,,,,,,,,,,,
"1399","MERRITT 2 HUB","2023081522",0,29,33,15.6,220,22.9,95.174,19.458,52.191,,,,,,,,,,,,,,,,,,,,,,
"1399","MERRITT 2 HUB","2023081523",0,28.4,34,18.1,260,28.7,94.883,21.209,55.058,,,,,,,,,,,,,,,,,,,,,,
"1408","TS BLACKWATER","2023081500",0,17.2,60,4.2,317,28.8,,,,,,,,,,,,,,,,,,,,,,,3422.9,,
"1408","TS BLACKWATER","2023081501",0,16.8,61,6,328,14.5,,,,,,,,,,,,,,,,,,,,,,,3422.9,,
"1408","TS BLACKWATER","2023081502",0,16.1,66,2.6,283,15.5,,,,,,,,,,,,,,,,,,,,,,,3422.9,,
"1408","TS BLACKWATER","2023081503",0,15.8,64,5.3,312,16.6,,,,,,,,,,,,,,,,,,,,,,,3422.9,,
"1408","TS BLACKWATER","2023081504",0,15.3,68,4.5,297,12.7,,,,,,,,,,,,,,,,,,,,,,,3422.9,,
"1408","TS BLACKWATER","2023081505",0,15.2,68,5.1,299,16.7,,,,,,,,,,,,,,,,,,,,,,,3422.9,,
"1408","TS BLACKWATER","2023081506",0,16.2,68,5.8,325,18.8,,,,,,,,,,,,,,,,,,,,,,,3422.9,,
"1408","TS BLACKWATER","2023081507",0,18.3,62,6.3,337,14.8,,,,,,,,,,,,,,,,,,,,,,,3422.9,,
"1408","TS BLACKWATER","2023081508",0,20.1,60,9.3,343,24.4,,,,,,,,,,,,,,,,,,,,,,,3422.9,,
"1408","TS BLACKWATER","2023081509",0,22.4,54,8.5,342,21.8,,,,,,,,,,,,,,,,,,,,,,,3422.9,,
"1408","TS BLACKWATER","2023081510",0,24.4,51,11.5,356,21.2,,,,,,,,,,,,,,,,,,,,,,,3422.9,,
"1408","TS BLACKWATER","2023081511",0,26.3,46,10.8,354,25.4,,,,,,,,,,,,,,,,,,,,,,,3422.9,,
"1408","TS BLACKWATER","2023081512",0,28.9,42,9,0,22.3,,,,0,,,,,,,,,,,,,,,,,,,3422.9,,
"1408","TS BLACKWATER","2023081513",0,29.9,37,8.7,350,24.3,,,,,,,,,,,,,,,,,,,,,,,3422.9,,
"1408","TS BLACKWATER","2023081514",0,30.1,36,11,341,23.2,,,,,,,,,,,,,,,,,,,,,,,3422.9,,
"1408","TS BLACKWATER","2023081515",0,29.2,39,11.3,346,27.6,,,,,,,,,,,,,,,,,,,,,,,3422.9,,
"1408","TS BLACKWATER","2023081516",0,29.1,39,11,345,30.2,,,,,,,,,,,,,,,,,,,,,,,3422.9,,
"1408","TS BLACKWATER","2023081517",0,27.7,44,8.7,345,29.7,,,,,,,,,,,,,,,,,,,,,,,3422.9,,
"1408","TS BLACKWATER","2023081518",0,24.7,54,10.4,357,21.1,,,,,,,,,,,,,,,,,,,,,,,3422.9,,
"1408","TS BLACKWATER","2023081519",0,21.8,66,10.3,351,26.2,,,,,,,,,,,,,,,,,,,,,,,3422.9,,
"1408","TS BLACKWATER","2023081520",0,20.7,69,8.4,333,26.7,,,,,,,,,,,,,,,,,,,,,,,3422.9,,
"1408","TS BLACKWATER","2023081521",0,19.6,74,8.2,351,24.5,,,,,,,,,,,,,,,,,,,,,,,3422.9,,
"1408","TS BLACKWATER","2023081522",0,18.6,77,8.2,347,30.7,,,,,,,,,,,,,,,,,,,,,,,3422.9,,
"1408","TS BLACKWATER","2023081523",0,18.7,72,11.3,338,28,,,,,,,,,,,,,,,,,,,,,,,3422.9,,
"1790","CARIBOO CREEK","2023081500",0,12.8,70,2.7,326,6,89.856,4.812,18.476,,,,,,,,,,,,,,,,,,,,914.6,,
"1790","CARIBOO CREEK","2023081501",0,12.1,71,1.8,35,4.7,89.343,4.272,16.917,,,,,,,,,,,,,,,,,,,,914.6,,
"1790","CARIBOO CREEK","2023081502",0,11.7,72,1,5,9.2,88.885,3.842,15.618,,,,,,,,,,,,,,,,,,,,914.6,,
"1790","CARIBOO CREEK","2023081503",0,11.4,72,1.9,91,8.7,88.444,3.774,15.406,,,,,,,,,,,,,,,,,,,,914.6,,
"1790","CARIBOO CREEK","2023081504",0,11.1,74,3.4,311,7.5,87.971,3.803,15.496,,,,,,,,,,,,,,,,,,,,914.6,,
"1790","CARIBOO CREEK","2023081505",0,10.6,78,3.6,323,6.7,87.444,3.563,14.742,,,,,,,,,,,,,,,,,,,,914.6,,
"1790","CARIBOO CREEK","2023081506",0,10.8,83,1.7,357,5.3,86.872,2.984,12.841,,,,,,,,,,,,,,,,,,,,914.6,,
"1790","CARIBOO CREEK","2023081507",0,15.4,65,3.3,306,7.6,86.782,3.193,13.543,,,,,,,,,,,,,,,,,,,,914.6,,
"1790","CARIBOO CREEK","2023081508",0,22.3,42,1,229,3.8,87.092,2.973,12.801,,,,,,,,,,,,,,,,,,,,914.6,,
"1790","CARIBOO CREEK","2023081509",0,26.4,29,8.1,281,17.2,88.068,4.887,18.688,,,,,,,,,,,,,,,,,,,,914.6,,
"1790","CARIBOO CREEK","2023081510",0,27.2,26,9.4,289,19.1,89.068,6.024,21.741,,,,,,,,,,,,,,,,,,,,914.6,,
"1790","CARIBOO CREEK","2023081511",0,27.7,26,10.5,286,23.4,89.929,7.203,24.666,,,,,,,,,,,,,,,,,,,,914.6,,
"1790","CARIBOO CREEK","2023081512",0,28.6,24,9,208,29,90.748,7.509,25.391,0,93.845,11.618,34.971,73.28,406.631,101.039,4,,,,,,,,,,,,914.6,,
"1790","CARIBOO CREEK","2023081513",0,29.4,26,8.6,250,20.7,91.355,8.024,27.26,,,,,,,,,,,,,,,,,,,,914.6,,
"1790","CARIBOO CREEK","2023081514",0,28.8,27,8.7,252,22.1,91.77,8.554,28.48,,,,,,,,,,,,,,,,,,,,914.6,,
"1790","CARIBOO CREEK","2023081515",0,28.2,25,10.6,277,27.8,92.176,9.969,31.586,,,,,,,,,,,,,,,,,,,,914.6,,
"1790","CARIBOO CREEK","2023081516",0,27.5,27,9.2,250,27.7,92.382,9.564,30.716,,,,,,,,,,,,,,,,,,,,914.6,,
"1790","CARIBOO CREEK","2023081517",0,27.7,25,6.7,260,23.5,92.631,8.732,28.883,,,,,,,,,,,,,,,,,,,,914.6,,
"1790","CARIBOO CREEK","2023081518",0,24.5,31,7.1,306,17.8,92.681,8.974,29.423,,,,,,,,,,,,,,,,,,,,914.6,,
"1790","CARIBOO CREEK","2023081519",0,22.6,35,6.1,315,23.4,92.656,8.503,28.363,,,,,,,,,,,,,,,,,,,,914.6,,
"1790","CARIBOO CREEK","2023081520",0,19.3,42,2.9,339,12,92.464,7.043,24.909,,,,,,,,,,,,,,,,,,,,914.6,,
"1790","CARIBOO CREEK","2023081521",0,17,54,3,350,7.1,92.018,6.647,23.921,,,,,,,,,,,,,,,,,,,,914.6,,
"1790","CARIBOO CREEK","2023081522",0,15.9,53,3.8,341,7.9,91.624,6.546,23.664,,,,,,,,,,,,,,,,,,,,914.6,,
"1790","CARIBOO CREEK","2023081523",0,15.6,66,2.2,322,9,91.014,5.537,21.01,,,,,,,,,,,,,,,,,,,,914.6,,
"1994","TERRACE AIRPORT QD","2023081500",0,19.4,56,14.8,200,29.1,87.495,6.31,15.25,,,,,,,,,,,,,,,,,,,,595,,
"1994","TERRACE AIRPORT QD","2023081501",0,18.5,67,13.2,235,25.4,87.277,5.644,13.994,,,,,,,,,,,,,,,,,,,,595,,
"1994","TERRACE AIRPORT QD","2023081502",0,18.7,59,11.1,215,22.8,87.306,5.098,12.923,,,,,,,,,,,,,,,,,,,,595,,
"1994","TERRACE AIRPORT QD","2023081503",0,18.1,69,13.8,209,24.4,87.05,5.632,13.971,,,,,,,,,,,,,,,,,,,,595,,
"1994","TERRACE AIRPORT QD","2023081504",0,17.6,73,11.2,188,27.7,86.718,4.712,12.14,,,,,,,,,,,,,,,,,,,,595,,
"1994","TERRACE AIRPORT QD","2023081505",0,17.3,76,11,202,19.4,86.336,4.419,11.529,,,,,,,,,,,,,,,,,,,,595,,
"1994","TERRACE AIRPORT QD","2023081506",0,17.5,81,22.5,156,34.1,85.744,7.26,16.953,,,,,,,,,,,,,,,,,,,,595,,
"1994","TERRACE AIRPORT QD","2023081507",0,18.1,80,22,163,39,85.31,6.664,15.896,,,,,,,,,,,,,,,,,,,,595,,
"1994","TERRACE AIRPORT QD","2023081508",0,18.9,77,26.1,158,36,85.084,7.941,18.121,,,,,,,,,,,,,,,,,,,,595,,
"1994","TERRACE AIRPORT QD","2023081509",0,19.9,75,22.9,160,35.3,85.007,6.688,15.938,,,,,,,,,,,,,,,,,,,,595,,
"1994","TERRACE AIRPORT QD","2023081510",0,20.7,72,18.2,161,36.3,85.055,5.312,13.349,,,,,,,,,,,,,,,,,,,,595,,
"1994","TERRACE AIRPORT QD","2023081511",0,21.6,67,22.1,160,31.2,85.103,6.509,15.614,,,,,,,,,,,,,,,,,,,,595,,
"1994","TERRACE AIRPORT QD","2023081512",0,23.7,55,19.2,191,32.4,85.476,5.922,14.526,0,86.519,6.856,16.9,28.821,474.552,50.044,3,,,,,,,,,,,,595,,
"1994","TERRACE AIRPORT QD","2023081513",0,25.4,34,22.4,234,33.5,86.666,8.225,19.33,,,,,,,,,,,,,,,,,,,,595,,
"1994","TERRACE AIRPORT QD","2023081514",0,25.7,29,20.7,234,34.7,87.849,8.936,20.529,,,,,,,,,,,,,,,,,,,,595,,
"1994","TERRACE AIRPORT QD","2023081515",0,25.7,28,23.2,248,36.1,88.866,11.729,24.894,,,,,,,,,,,,,,,,,,,,595,,
"1994","TERRACE AIRPORT QD","2023081516",0,25.5,30,25.4,249,37.1,89.584,14.526,28.845,,,,,,,,,,,,,,,,,,,,595,,
"1994","TERRACE AIRPORT QD","2023081517",0,24.9,32,23.6,238,37.3,90.027,14.135,28.314,,,,,,,,,,,,,,,,,,,,595,,
"1994","TERRACE AIRPORT QD","2023081518",0,23.8,37,19.4,207,36,90.134,11.616,24.727,,,,,,,,,,,,,,,,,,,,595,,
"1994","TERRACE AIRPORT QD","2023081519",0,22.2,40,20.5,213,33.3,90.183,12.365,25.825,,,,,,,,,,,,,,,,,,,,595,,
"1994","TERRACE AIRPORT QD","2023081520",0,21.2,44,13.9,240,33.7,90.224,8.919,20.501,,,,,,,,,,,,,,,,,,,,595,,
"1994","TERRACE AIRPORT QD","2023081521",0,20.3,46,10.6,243,29,90.195,7.521,18.102,,,,,,,,,,,,,,,,,,,,595,,
"1994","TERRACE AIRPORT QD","2023081522",0,19.5,50,9.6,265,25.4,90.063,7.017,17.196,,,,,,,,,,,,,,,,,,,,595,,
"1994","TERRACE AIRPORT QD","2023081523",0,18,59,6.4,304,26.2,89.734,5.698,14.687,,,,,,,,,,,,,,,,,,,,595,,
"2130","QD WISEMAN","2023081500",0,,0,0,,0,,,,,,,,,,,,,,,,,,,,,,,,,
"2130","QD WISEMAN","2023081501",0,,0,0,,0,,,,,,,,,,,,,,,,,,,,,,,,,
"2130","QD WISEMAN","2023081502",0,,0,0,,0,,,,,,,,,,,,,,,,,,,,,,,,,
"2130","QD WISEMAN","2023081503",0,,0,0,,0,,,,,,,,,,,,,,,,,,,,,,,,,
"2130","QD WISEMAN","2023081504",0,,0,0,,0,,,,,,,,,,,,,,,,,,,,,,,,,
"2130","QD WISEMAN","2023081505",0,,0,0,,0,,,,,,,,,,,,,,,,,,,,,,,,,
"2130","QD WISEMAN","2023081506",0,,0,0,,0,,,,,,,,,,,,,,,,,,,,,,,,,
"2130","QD WISEMAN","2023081507",0,,0,0,,0,,,,,,,,,,,,,,,,,,,,,,,,,
"2130","QD WISEMAN","2023081508",0,,0,0,,0,,,,,,,,,,,,,,,,,,,,,,,,,
"2130","QD WISEMAN","2023081509",0,,0,0,,0,,,,,,,,,,,,,,,,,,,,,,,,,
"2130","QD WISEMAN","2023081510",0,,0,0,,0,,,,,,,,,,,,,,,,,,,,,,,,,
"2130","QD WISEMAN","2023081511",0,,0,0,,0,,,,,,,,,,,,,,,,,,,,,,,,,
"2130","QD WISEMAN","2023081512",0,,0,0,,0,,,,0,,,,,,,,,,,,,,,,,,,,,
"2130","QD WISEMAN","2023081513",0,,0,0,,0,,,,,,,,,,,,,,,,,,,,,,,,,
"2130","QD WISEMAN","2023081514",0,,0,0,,0,,,,,,,,,,,,,,,,,,,,,,,,,
"2130","QD WISEMAN","2023081515",0,,0,0,,0,,,,,,,,,,,,,,,,,,,,,,,,,
"2130","QD WISEMAN","2023081516",0,,0,0,,0,,,,,,,,,,,,,,,,,,,,,,,,,
"2130","QD WISEMAN","2023081517",0,,0,0,,0,,,,,,,,,,,,,,,,,,,,,,,,,
"2130","QD WISEMAN","2023081518",0,,0,0,,0,,,,,,,,,,,,,,,,,,,,,,,,,
"2130","QD WISEMAN","2023081519",0,,0,0,,0,,,,,,,,,,,,,,,,,,,,,,,,,
"2130","QD WISEMAN","2023081520",0,,0,0,,0,,,,,,,,,,,,,,,,,,,,,,,,,
"2130","QD WISEMAN","2023081521",0,,0,0,,0,,,,,,,,,,,,,,,,,,,,,,,,,
"2130","QD WISEMAN","2023081522",0,,0,0,,0,,,,,,,,,,,,,,,,,,,,,,,,,
"2130","QD WISEMAN","2023081523",0,,0,0,,0,,,,,,,,,,,,,,,,,,,,,,,,,
"2170","INKANEEP 2 EXT","2023081500",0,18.1,44,8.2,82,14.8,93.901,11.246,38.311,,,,,,,,,,,,,,,,,,,,400,,
"2170","INKANEEP 2 EXT","2023081501",0,18.2,42,9.2,98,13.3,93.496,11.181,38.167,,,,,,,,,,,,,,,,,,,,400,,
"2170","INKANEEP 2 EXT","2023081502",0,17.1,47,9.7,55,15.9,93.001,10.699,37.085,,,,,,,,,,,,,,,,,,,,400,,
"2170","INKANEEP 2 EXT","2023081503",0,15.9,50,9.8,68,16.1,92.486,10.003,35.484,,,,,,,,,,,,,,,,,,,,400,,
"2170","INKANEEP 2 EXT","2023081504",0,15.8,52,8.9,59,15.8,91.993,8.918,32.884,,,,,,,,,,,,,,,,,,,,400,,
"2170","INKANEEP 2 EXT","2023081505",0,14.7,53,11.7,62,13.9,91.504,9.582,34.49,,,,,,,,,,,,,,,,,,,,400,,
"2170","INKANEEP 2 EXT","2023081506",0,16.2,54,8.6,92,16.5,91.085,7.722,29.853,,,,,,,,,,,,,,,,,,,,400,,
"2170","INKANEEP 2 EXT","2023081507",0,21.1,48,4.9,101,14,90.934,6.272,25.893,,,,,,,,,,,,,,,,,,,,400,,
"2170","INKANEEP 2 EXT","2023081508",0,27.3,28,3.1,195,5.5,91.278,6.015,25.152,,,,,,,,,,,,,,,,,,,,400,,
"2170","INKANEEP 2 EXT","2023081509",0,29.3,24,2.6,264,8.4,91.79,6.308,25.995,,,,,,,,,,,,,,,,,,,,400,,
"2170","INKANEEP 2 EXT","2023081510",0,30.8,22,5.9,261,12.4,92.415,8.137,30.928,,,,,,,,,,,,,,,,,,,,400,,
"2170","INKANEEP 2 EXT","2023081511",0,32.2,21,9.8,284,18.3,93.078,10.869,37.47,,,,,,,,,,,,,,,,,,,,400,,
"2170","INKANEEP 2 EXT","2023081512",0,32.5,21,9.2,265,21.1,93.602,11.346,38.533,0,95.103,13.958,44.675,97.439,621.719,140.017,4,,,,,,,,,,,,400,,
"2170","INKANEEP 2 EXT","2023081513",0,33,19,10,249,22.5,94.144,12.737,42.135,,,,,,,,,,,,,,,,,,,,400,,
"2170","INKANEEP 2 EXT","2023081514",0,32.9,18,9.9,244,19.3,94.608,13.509,43.753,,,,,,,,,,,,,,,,,,,,400,,
"2170","INKANEEP 2 EXT","2023081515",0,32.6,19,4.5,230,17,94.87,10.668,37.568,,,,,,,,,,,,,,,,,,,,400,,
"2170","INKANEEP 2 EXT","2023081516",0,32.1,19,4.5,195,10.7,95.057,10.946,38.203,,,,,,,,,,,,,,,,,,,,400,,
"2170","INKANEEP 2 EXT","2023081517",0,29.7,29,0.5,216,10,95.05,8.939,33.437,,,,,,,,,,,,,,,,,,,,400,,
"2170","INKANEEP 2 EXT","2023081518",0,25.2,35,6.3,48,9.2,94.78,11.538,39.532,,,,,,,,,,,,,,,,,,,,400,,
"2170","INKANEEP 2 EXT","2023081519",0,23.4,37,5.6,27,9.9,94.478,10.685,37.606,,,,,,,,,,,,,,,,,,,,400,,
"2170","INKANEEP 2 EXT","2023081520",0,23.6,32,8.9,20,13.1,94.321,12.348,41.304,,,,,,,,,,,,,,,,,,,,400,,
"2170","INKANEEP 2 EXT","2023081521",0,25.1,22,8.7,345,17.6,94.372,12.31,41.222,,,,,,,,,,,,,,,,,,,,400,,
"2170","INKANEEP 2 EXT","2023081522",0,24.4,24,12.1,333,20.3,94.423,14.714,46.195,,,,,,,,,,,,,,,,,,,,400,,
"2170","INKANEEP 2 EXT","2023081523",0,24.1,24,11.2,351,22.1,94.474,14.16,45.085,,,,,,,,,,,,,,,,,,,,400,,
"2450","BIGATTINI","2023081500",0,20.2,35,4.6,220,14.3,93.544,8.927,33.067,,,,,,,,,,,,,,,,,,,,,,
"2450","BIGATTINI","2023081501",0,17.5,44,8.4,289,13.7,93.136,10.212,36.142,,,,,,,,,,,,,,,,,,,,,,
"2450","BIGATTINI","2023081502",,,,,,,,,,,,,,,,,,,,,,,,,,,,,,,
"2450","BIGATTINI","2023081503",0,16.4,45,7.2,289,10.2,93.26,9.781,35.131,,,,,,,,,,,,,,,,,,,,,,
"2450","BIGATTINI","2023081504",0,15.1,48,7.1,281,14.3,92.797,9.121,33.544,,,,,,,,,,,,,,,,,,,,,,
"2450","BIGATTINI","2023081505",0,15.1,47,7.9,296,10.2,92.398,8.978,33.194,,,,,,,,,,,,,,,,,,,,,,
"2450","BIGATTINI","2023081506",0,18.7,49,4.6,304,10.2,92.052,7.24,28.718,,,,,,,,,,,,,,,,,,,,,,
"2450","BIGATTINI","2023081507",0,25.6,32,5,43,9.1,92.102,7.44,29.256,,,,,,,,,,,,,,,,,,,,,,
"2450","BIGATTINI","2023081508",0,25.9,32,7.9,161,13.1,92.152,8.672,32.435,,,,,,,,,,,,,,,,,,,,,,
"2450","BIGATTINI","2023081509",0,27.6,29,7.5,132,13.1,92.281,8.655,32.394,,,,,,,,,,,,,,,,,,,,,,
"2450","BIGATTINI","2023081510",0,29.2,25,9.3,113,14.9,92.622,9.943,35.513,,,,,,,,,,,,,,,,,,,,,,
"2450","BIGATTINI","2023081511",0,30.9,22,8.6,112,17.2,93.109,10.276,36.292,,,,,,,,,,,,,,,,,,,,,,
"2450","BIGATTINI","2023081512",0,32.7,18,10.6,148,22.3,93.811,12.534,41.293,0,95.761,16.384,49.605,105.513,538.7,141.66,5,,,,,,,,,,,,,,
"2450","BIGATTINI","2023081513",0,31.8,19,11.4,306,26.4,94.251,13.871,44.653,,,,,,,,,,,,,,,,,,,,,,
"2450","BIGATTINI","2023081514",0,32.4,17,7.1,257,28.1,94.699,11.881,40.432,,,,,,,,,,,,,,,,,,,,,,
"2450","BIGATTINI","2023081515",0,32.1,18,10.4,222,32.7,94.997,14.614,46.157,,,,,,,,,,,,,,,,,,,,,,
"2450","BIGATTINI","2023081516",0,31.5,19,10.7,253,31.6,95.147,15.145,47.211,,,,,,,,,,,,,,,,,,,,,,
"2450","BIGATTINI","2023081517",0,30,21,5.5,194,26.9,95.198,11.736,40.112,,,,,,,,,,,,,,,,,,,,,,
"2450","BIGATTINI","2023081518",0,27.2,27,3.9,262,21.8,95.163,10.774,37.947,,,,,,,,,,,,,,,,,,,,,,
"2450","BIGATTINI","2023081519",0,25,29,4.8,278,14.3,95.049,11.1,38.69,,,,,,,,,,,,,,,,,,,,,,
"2450","BIGATTINI","2023081520",0,22.7,30,7.3,248,12.5,94.877,12.298,41.342,,,,,,,,,,,,,,,,,,,,,,
"2450","BIGATTINI","2023081521",0,23.7,29,7.1,228,19.5,94.763,11.985,40.66,,,,,,,,,,,,,,,,,,,,,,
"2450","BIGATTINI","2023081522",0,21.7,32,7.1,255,18.9,94.563,11.659,39.944,,,,,,,,,,,,,,,,,,,,,,
"2450","BIGATTINI","2023081523",0,21.4,33,7.8,283,17.2,94.351,11.731,40.101,,,,,,,,,,,,,,,,,,,,,,
"2512","RAFT","2023081500",0,17.5,64,1,291,7.5,90.318,4.719,13.469,,,,,,,,,,,,,,,,,,,,485.8,,
"2512","RAFT","2023081501",0,17.5,61,3.7,329,7,89.94,5.122,14.356,,,,,,,,,,,,,,,,,,,,485.8,,
"2512","RAFT","2023081502",0,16,70,0.7,289,5.5,89.47,4.116,12.089,,,,,,,,,,,,,,,,,,,,485.8,,
"2512","RAFT","2023081503",0,16,66,1.2,271,6.6,89.119,4.014,11.846,,,,,,,,,,,,,,,,,,,,485.8,,
"2512","RAFT","2023081504",0,15.3,69,0.2,289,5.4,88.78,3.635,10.93,,,,,,,,,,,,,,,,,,,,485.8,,
"2512","RAFT","2023081505",0,14.9,72,0.8,339,5.3,88.38,3.538,10.689,,,,,,,,,,,,,,,,,,,,485.8,,
"2512","RAFT","2023081506",0,14.9,76,1.4,326,7.7,87.904,3.406,10.359,,,,,,,,,,,,,,,,,,,,485.8,,
"2512","RAFT","2023081507",0,14.9,81,1.6,314,4.6,87.329,3.169,9.753,,,,,,,,,,,,,,,,,,,,485.8,,
"2512","RAFT","2023081508",0,16.6,72,0,6,3.6,87.123,2.839,8.882,,,,,,,,,,,,,,,,,,,,485.8,,
"2512","RAFT","2023081509",0,22.6,52,1.5,78,5.5,87.203,3.097,9.566,,,,,,,,,,,,,,,,,,,,485.8,,
"2512","RAFT","2023081510",0,25.3,47,1.4,54,6,87.438,3.186,9.799,,,,,,,,,,,,,,,,,,,,485.8,,
"2512","RAFT","2023081511",0,27.4,45,1.4,43,7.1,87.754,3.333,10.176,,,,,,,,,,,,,,,,,,,,485.8,,
"2512","RAFT","2023081512",0,30.1,34,13.3,29,19.6,88.699,6.953,18.082,0,91.996,11.135,26.629,38.211,395.986,61.569,4,,,,,,,,,,,,485.8,,
"2512","RAFT","2023081513",0,31.9,29,10.7,47,24.2,89.766,7.109,19.378,,,,,,,,,,,,,,,,,,,,485.8,,
"2512","RAFT","2023081514",0,30.4,32,13,44,24.5,90.395,8.735,22.471,,,,,,,,,,,,,,,,,,,,485.8,,
"2512","RAFT","2023081515",0,31.8,27,10.2,66,23.2,91.181,8.485,22.012,,,,,,,,,,,,,,,,,,,,485.8,,
"2512","RAFT","2023081516",0,32.6,26,11.5,55,29.1,91.904,10.038,24.782,,,,,,,,,,,,,,,,,,,,485.8,,
"2512","RAFT","2023081517",0,31,24,13.2,26,22.4,92.486,11.873,27.83,,,,,,,,,,,,,,,,,,,,485.8,,
"2512","RAFT","2023081518",0,29.9,27,6.8,222,24.9,92.716,8.882,22.74,,,,,,,,,,,,,,,,,,,,485.8,,
"2512","RAFT","2023081519",0,24.5,45,0.7,305,8.9,92.539,6.372,17.881,,,,,,,,,,,,,,,,,,,,485.8,,
"2512","RAFT","2023081520",0,22.5,43,4.7,302,11.3,92.351,7.591,20.322,,,,,,,,,,,,,,,,,,,,485.8,,
"2512","RAFT","2023081521",0,21.5,52,4.1,306,10.7,91.96,6.969,19.099,,,,,,,,,,,,,,,,,,,,485.8,,
"2512","RAFT","2023081522",0,20,53,4.9,261,11.7,91.572,6.867,18.895,,,,,,,,,,,,,,,,,,,,485.8,,
"2512","RAFT","2023081523",0,19.5,58,4.6,28,15.9,91.108,6.333,17.801,,,,,,,,,,,,,,,,,,,,485.8,,
"2513","NORTH ADAMS","2023081500",0,21.7,51,3.6,216,10.4,91.465,6.335,21.985,,,,,,,,,,,,,,,,,,,,319.4,,
"2513","NORTH ADAMS","2023081501",0,20.9,53,5.8,205,9,91.135,6.754,23.007,,,,,,,,,,,,,,,,,,,,319.4,,
"2513","NORTH ADAMS","2023081502",0,20,57,4.4,216,10.8,90.757,5.964,21.056,,,,,,,,,,,,,,,,,,,,319.4,,
"2513","NORTH ADAMS","2023081503",0,19.9,56,0.9,267,9.5,90.508,4.825,18.045,,,,,,,,,,,,,,,,,,,,319.4,,
"2513","NORTH ADAMS","2023081504",0,19,60,3.6,232,8,90.14,5.244,19.185,,,,,,,,,,,,,,,,,,,,319.4,,
"2513","NORTH ADAMS","2023081505",0,18.6,61,0.7,226,8,89.85,4.347,16.698,,,,,,,,,,,,,,,,,,,,319.4,,
"2513","NORTH ADAMS","2023081506",0,19.5,61,0.4,179,7.9,89.606,4.134,16.08,,,,,,,,,,,,,,,,,,,,319.4,,
"2513","NORTH ADAMS","2023081507",0,21.9,53,4.4,341,7.4,89.539,5.009,18.552,,,,,,,,,,,,,,,,,,,,319.4,,
"2513","NORTH ADAMS","2023081508",0,23.3,52,6.3,341,10.7,89.526,5.502,19.868,,,,,,,,,,,,,,,,,,,,319.4,,
"2513","NORTH ADAMS","2023081509",0,25.1,44,5.4,346,10.6,89.575,5.295,19.321,,,,,,,,,,,,,,,,,,,,319.4,,
"2513","NORTH ADAMS","2023081510",0,26.8,37,4.3,337,10.7,89.825,5.193,19.047,,,,,,,,,,,,,,,,,,,,319.4,,
"2513","NORTH ADAMS","2023081511",0,30.6,31,4,23,10.4,90.397,5.551,19.996,,,,,,,,,,,,,,,,,,,,319.4,,
"2513","NORTH ADAMS","2023081512",0,30.9,32,2.4,354,8.7,90.818,5.438,19.7,0,93.289,7.711,26.083,60.473,631.919,97.597,4,,,,,,,,,,,,319.4,,
"2513","NORTH ADAMS","2023081513",0,32.2,31,4.8,343,9.4,91.291,6.566,23.313,,,,,,,,,,,,,,,,,,,,319.4,,
"2513","NORTH ADAMS","2023081514",0,33.7,25,4.9,346,10.4,92.02,7.318,25.152,,,,,,,,,,,,,,,,,,,,319.4,,
"2513","NORTH ADAMS","2023081515",0,33.7,28,5.8,322,13.9,92.464,8.152,27.101,,,,,,,,,,,,,,,,,,,,319.4,,
"2513","NORTH ADAMS","2023081516",0,33.3,30,3.6,313,11.2,92.692,7.534,25.667,,,,,,,,,,,,,,,,,,,,319.4,,
"2513","NORTH ADAMS","2023081517",0,28.1,37,6.9,210,13.3,92.727,8.941,28.869,,,,,,,,,,,,,,,,,,,,319.4,,
"2513","NORTH ADAMS","2023081518",0,27.5,39,6.6,210,14.1,92.69,8.761,28.473,,,,,,,,,,,,,,,,,,,,319.4,,
"2513","NORTH ADAMS","2023081519",0,26.6,37,6.5,254,19.6,92.691,8.719,28.379,,,,,,,,,,,,,,,,,,,,319.4,,
"2513","NORTH ADAMS","2023081520",0,26.1,35,14.6,201,18.8,92.729,13.183,37.396,,,,,,,,,,,,,,,,,,,,319.4,,
"2513","NORTH ADAMS","2023081521",0,25.2,36,13.6,201,18.8,92.711,12.504,36.123,,,,,,,,,,,,,,,,,,,,319.4,,
"2513","NORTH ADAMS","2023081522",0,24.6,38,9.1,200,16.6,92.637,9.864,30.853,,,,,,,,,,,,,,,,,,,,319.4,,
"2513","NORTH ADAMS","2023081523",0,23.2,44,5.4,218,16.6,92.415,7.934,26.601,,,,,,,,,,,,,,,,,,,,319.4,,
"2850","FALL RIVER QD8","2023081500",0,15.1,63,3,164,6.2,88.324,3.921,12.207,,,,,,,,,,,,,,,,,,,,174.6,,
"2850","FALL RIVER QD8","2023081501",0,13.8,68,3.2,167,5.4,88.004,3.783,11.861,,,,,,,,,,,,,,,,,,,,174.6,,
"2850","FALL RIVER QD8","2023081502",0,13.8,70,2.6,145,4.7,87.683,3.506,11.152,,,,,,,,,,,,,,,,,,,,174.6,,
"2850","FALL RIVER QD8","2023081503",0,14.5,67,3.6,157,8.9,87.453,3.567,11.311,,,,,,,,,,,,,,,,,,,,174.6,,
"2850","FALL RIVER QD8","2023081504",0,13.5,85,1.9,129,7.1,86.786,2.978,9.742,,,,,,,,,,,,,,,,,,,,174.6,,
"2850","FALL RIVER QD8","2023081505",0,13.8,87,1.9,113,7,86.112,2.707,8.983,,,,,,,,,,,,,,,,,,,,174.6,,
"2850","FALL RIVER QD8","2023081506",0,14.8,83,3.7,302,7.9,85.63,2.771,9.163,,,,,,,,,,,,,,,,,,,,174.6,,
"2850","FALL RIVER QD8","2023081507",1,14.4,94,5.6,263,12,64.765,0.693,2.042,,,,,,,,,,,,,,,,,,,,175.6,,
"2850","FALL RIVER QD8","2023081508",0.2,15.7,89,4.4,280,13.4,62.024,0.574,1.442,,,,,,,,,,,,,,,,,,,,175.8,,
"2850","FALL RIVER QD8","2023081509",0,17.6,74,6.8,262,15.9,63.518,0.697,2.063,,,,,,,,,,,,,,,,,,,,175.8,,
"2850","FALL RIVER QD8","2023081510",0,17.9,67,7.9,254,20.6,65.285,0.794,2.498,,,,,,,,,,,,,,,,,,,,175.8,,
"2850","FALL RIVER QD8","2023081511",0,20.7,47,11.5,240,21.9,68.124,1.052,3.558,,,,,,,,,,,,,,,,,,,,175.8,,
"2850","FALL RIVER QD8","2023081512",0,21.6,35,11.6,252,24.3,71.244,1.169,4.01,1.2,87.149,5.112,15.64,38.231,552.488,65.185,3,,,,,,,,,,,,175.8,,
"2850","FALL RIVER QD8","2023081513",0,22.6,28,12.3,253,33.1,74.428,1.381,5.055,,,,,,,,,,,,,,,,,,,,175.8,,
"2850","FALL RIVER QD8","2023081514",0,23.1,25,11.4,252,30.3,77.333,1.586,5.796,,,,,,,,,,,,,,,,,,,,175.8,,
"2850","FALL RIVER QD8","2023081515",0,23.1,26,11.1,252,28.8,79.774,1.944,7.021,,,,,,,,,,,,,,,,,,,,175.8,,
"2850","FALL RIVER QD8","2023081516",0,23.1,28,10.9,234,29.4,81.772,2.402,8.481,,,,,,,,,,,,,,,,,,,,175.8,,
"2850","FALL RIVER QD8","2023081517",0,22.1,31,12.8,236,26.6,83.322,3.208,10.831,,,,,,,,,,,,,,,,,,,,175.8,,
"2850","FALL RIVER QD8","2023081518",0,21.2,33,8.8,260,23.6,84.433,3.039,10.357,,,,,,,,,,,,,,,,,,,,175.8,,
"2850","FALL RIVER QD8","2023081519",0,18.7,37,7.8,248,22.6,85.131,3.179,10.749,,,,,,,,,,,,,,,,,,,,175.8,,
"2850","FALL RIVER QD8","2023081520",0,16.6,43,4.6,229,13.5,85.488,2.842,9.795,,,,,,,,,,,,,,,,,,,,175.8,,
"2850","FALL RIVER QD8","2023081521",0,15,48,7.5,225,12.9,85.683,3.38,11.304,,,,,,,,,,,,,,,,,,,,175.8,,
"2850","FALL RIVER QD8","2023081522",0,13,57,3.3,222,13.6,85.731,2.754,9.537,,,,,,,,,,,,,,,,,,,,175.8,,
"2850","FALL RIVER QD8","2023081523",0,12.9,58,6.9,211,11.6,85.779,3.324,11.15,,,,,,,,,,,,,,,,,,,,175.8,,
"2890","QD K71535","2023081500",0,24.9,35,4.3,349,12.5,95.233,11.1,37.575,,,,,,,,,,,,,,,,,,,,237.4,,
"2890","QD K71535","2023081501",0,24.3,37,4.9,19,9.1,94.893,10.921,37.177,,,,,,,,,,,,,,,,,,,,237.4,,
"2890","QD K71535","2023081502",0,23.8,38,4.4,357,8.4,94.57,10.186,35.517,,,,,,,,,,,,,,,,,,,,237.4,,
"2890","QD K71535","2023081503",0,22.9,41,5.1,6,7.1,94.187,10.009,35.11,,,,,,,,,,,,,,,,,,,,237.4,,
"2890","QD K71535","2023081504",0,22.1,42,5.3,3,7.1,93.816,9.604,34.162,,,,,,,,,,,,,,,,,,,,237.4,,
"2890","QD K71535","2023081505",0,21.8,44,3.7,359,6.9,93.46,8.432,31.322,,,,,,,,,,,,,,,,,,,,237.4,,
"2890","QD K71535","2023081506",0,21.4,46,4.6,15,6.5,93.078,8.364,31.154,,,,,,,,,,,,,,,,,,,,237.4,,
"2890","QD K71535","2023081507",0,22.9,43,1.9,232,5.1,92.867,7.088,27.845,,,,,,,,,,,,,,,,,,,,237.4,,
"2890","QD K71535","2023081508",0,25.5,40,3.4,216,5.5,92.764,7.534,29.03,,,,,,,,,,,,,,,,,,,,237.4,,
"2890","QD K71535","2023081509",0,26.9,35,5.7,215,10.4,92.812,8.518,31.537,,,,,,,,,,,,,,,,,,,,237.4,,
"2890","QD K71535","2023081510",0,29,30,5.8,220,10,92.862,8.621,31.793,,,,,,,,,,,,,,,,,,,,237.4,,
"2890","QD K71535","2023081511",0,32.2,24,8.9,198,12.8,93.264,10.661,36.597,,,,,,,,,,,,,,,,,,,,237.4,,
"2890","QD K71535","2023081512",0,34.3,22,6.8,184,11.7,93.768,10.289,35.753,0,95.254,12.627,41.562,91.663,666.637,136.429,4,,,,,,,,,,,,237.4,,
"2890","QD K71535","2023081513",0,36.7,18,8.2,210,14.9,94.526,12.262,40.784,,,,,,,,,,,,,,,,,,,,237.4,,
"2890","QD K71535","2023081514",0,38.2,15,19.9,184,31.8,95.478,25.191,63.946,,,,,,,,,,,,,,,,,,,,237.4,,
"2890","QD K71535","2023081515",0,38.8,15,20.3,178,38.1,96.175,28.253,68.526,,,,,,,,,,,,,,,,,,,,237.4,,
"2890","QD K71535","2023081516",0,37.4,15,23.6,186,39.1,96.573,35.201,78.112,,,,,,,,,,,,,,,,,,,,237.4,,
"2890","QD K71535","2023081517",0,36.5,15,19.5,194,38.3,96.789,29.472,70.285,,,,,,,,,,,,,,,,,,,,237.4,,
"2890","QD K71535","2023081518",0,35.6,16,19.3,205,33.1,96.841,29.378,70.15,,,,,,,,,,,,,,,,,,,,237.4,,
"2890","QD K71535","2023081519",0,34.5,18,15.7,210,32,96.893,24.676,63.149,,,,,,,,,,,,,,,,,,,,237.4,,
"2890","QD K71535","2023081520",0,32.5,21,6,337,16.8,96.898,15.146,46.674,,,,,,,,,,,,,,,,,,,,237.4,,
"2890","QD K71535","2023081521",0,31.9,22,7.4,206,21.4,96.861,16.174,48.647,,,,,,,,,,,,,,,,,,,,237.4,,
"2890","QD K71535","2023081522",0,29.8,24,5.6,339,21.6,96.748,14.548,45.499,,,,,,,,,,,,,,,,,,,,237.4,,
"2890","QD K71535","2023081523",0,29.4,25,8,314,18.9,96.598,16.093,48.494,,,,,,,,,,,,,,,,,,,,237.4,,
"2910","QD K21633","2023081500",0,20.7,39,4.3,43,11.1,92.444,7.537,29.491,,,,,,,,,,,,,,,,,,,,208,,
"2910","QD K21633","2023081501",0,20.3,40,1.8,39,7.2,92.334,6.543,26.775,,,,,,,,,,,,,,,,,,,,208,,
"2910","QD K21633","2023081502",0,20.6,38,3.6,333,5.8,92.263,7.092,28.297,,,,,,,,,,,,,,,,,,,,208,,
"2910","QD K21633","2023081503",0,20.4,39,4.4,311,5.7,92.171,7.29,28.83,,,,,,,,,,,,,,,,,,,,208,,
"2910","QD K21633","2023081504",0,20,40,6,311,8.3,92.054,7.772,30.109,,,,,,,,,,,,,,,,,,,,208,,
"2910","QD K21633","2023081505",0,19.7,42,4.7,343,7.9,91.91,7.133,28.406,,,,,,,,,,,,,,,,,,,,208,,
"2910","QD K21633","2023081506",0,20.5,41,4.1,11,6,91.817,6.829,27.573,,,,,,,,,,,,,,,,,,,,208,,
"2910","QD K21633","2023081507",0,23.1,37,1.8,292,4.4,91.858,6.117,25.557,,,,,,,,,,,,,,,,,,,,208,,
"2910","QD K21633","2023081508",0,24.4,34,2,43,7.7,91.908,6.223,25.864,,,,,,,,,,,,,,,,,,,,208,,
"2910","QD K21633","2023081509",0,24.4,36,5.8,189,11.8,91.958,7.59,29.632,,,,,,,,,,,,,,,,,,,,208,,
"2910","QD K21633","2023081510",0,25.4,32,7.9,164,15.4,92.008,8.497,31.972,,,,,,,,,,,,,,,,,,,,208,,
"2910","QD K21633","2023081511",0,26.9,30,6.8,183,21,92.102,8.146,31.08,,,,,,,,,,,,,,,,,,,,208,,
"2910","QD K21633","2023081512",0,27.1,27,12,171,24.3,92.314,10.908,37.709,0,93.183,12.325,41.296,95.094,671.942,140.484,4,,,,,,,,,,,,208,,
"2910","QD K21633","2023081513",0,28.3,24,11.1,220,28,92.663,10.95,38.251,,,,,,,,,,,,,,,,,,,,208,,
"2910","QD K21633","2023081514",0,28.9,22,10.5,272,27.1,93.058,11.229,38.883,,,,,,,,,,,,,,,,,,,,208,,
"2910","QD K21633","2023081515",0,29.3,23,3.4,314,36.2,93.308,8.131,31.419,,,,,,,,,,,,,,,,,,,,208,,
"2910","QD K21633","2023081516",0,29,23,10.4,284,39.3,93.526,11.927,40.431,,,,,,,,,,,,,,,,,,,,208,,
"2910","QD K21633","2023081517",0,27.6,27,5.9,2,17.3,93.577,9.574,35.029,,,,,,,,,,,,,,,,,,,,208,,
"2910","QD K21633","2023081518",0,25.7,32,13,348,22.1,93.563,13.666,44.121,,,,,,,,,,,,,,,,,,,,208,,
"2910","QD K21633","2023081519",0,23.9,34,14.9,340,21.3,93.452,14.81,46.432,,,,,,,,,,,,,,,,,,,,208,,
"2910","QD K21633","2023081520",0,22.9,35,8.3,308,23.3,93.335,10.447,37.095,,,,,,,,,,,,,,,,,,,,208,,
"2910","QD K21633","2023081521",0,22.5,35,13.1,319,23.4,93.208,13.072,42.885,,,,,,,,,,,,,,,,,,,,208,,
"2910","QD K21633","2023081522",0,21.6,37,21.9,332,31,92.997,19.773,55.625,,,,,,,,,,,,,,,,,,,,208,,
"2910","QD K21633","2023081523",0,20.1,40,15.7,323,30.8,92.73,13.937,44.676,,,,,,,,,,,,,,,,,,,,208,,
"2930","TS SOUTH FORK","2023081500",0,13.2,76,2.8,58,4.4,89.548,4.627,20.859,,,,,,,,,,,,,,,,,,,,418,,
"2930","TS SOUTH FORK","2023081501",0,12.4,80,3,61,4.2,88.794,4.195,19.43,,,,,,,,,,,,,,,,,,,,418,,
"2930","TS SOUTH FORK","2023081502",0,11.7,84,2.9,66,4.1,88,3.724,17.805,,,,,,,,,,,,,,,,,,,,418,,
"2930","TS SOUTH FORK","2023081503",0,11.5,84,3.6,54,4.6,87.278,3.479,16.927,,,,,,,,,,,,,,,,,,,,418,,
"2930","TS SOUTH FORK","2023081504",0,10.8,87,2.7,70,5.5,86.552,2.999,15.129,,,,,,,,,,,,,,,,,,,,418,,
"2930","TS SOUTH FORK","2023081505",0,10.7,87,3.2,53,4.5,85.892,2.802,14.361,,,,,,,,,,,,,,,,,,,,418,,
"2930","TS SOUTH FORK","2023081506",0,13.1,80,2.3,76,4.7,85.552,2.554,13.36,,,,,,,,,,,,,,,,,,,,418,,
"2930","TS SOUTH FORK","2023081507",0,19.3,64,2.5,107,5.1,85.6,2.597,13.536,,,,,,,,,,,,,,,,,,,,418,,
"2930","TS SOUTH FORK","2023081508",0,23.4,48,3.1,115,5.3,85.973,2.82,14.431,,,,,,,,,,,,,,,,,,,,418,,
"2930","TS SOUTH FORK","2023081509",0,27.5,39,1.8,184,4.2,86.673,2.916,14.806,,,,,,,,,,,,,,,,,,,,418,,
"2930","TS SOUTH FORK","2023081510",0,30.6,31,3.5,225,8.2,87.785,3.722,17.797,,,,,,,,,,,,,,,,,,,,418,,
"2930","TS SOUTH FORK","2023081511",0,33.6,23,3.1,244,7.4,89.252,4.502,20.453,,,,,,,,,,,,,,,,,,,,418,,
"2930","TS SOUTH FORK","2023081512",0,35.3,24,4,248,8.7,90.544,5.669,24.095,0,94.98,10.478,37.102,97.671,612.862,139.688,5,,,,,,,,,,,,418,,
"2930","TS SOUTH FORK","2023081513",0,36.8,19,3.7,209,9.1,91.923,6.794,27.769,,,,,,,,,,,,,,,,,,,,418,,
"2930","TS SOUTH FORK","2023081514",0,35.8,18,5.9,228,16.3,93.032,8.873,33.249,,,,,,,,,,,,,,,,,,,,418,,
"2930","TS SOUTH FORK","2023081515",0,35.8,22,3.3,191,15.8,93.625,8.455,32.195,,,,,,,,,,,,,,,,,,,,418,,
"2930","TS SOUTH FORK","2023081516",0,33.5,23,2.9,166,8.4,93.929,8.644,32.673,,,,,,,,,,,,,,,,,,,,418,,
"2930","TS SOUTH FORK","2023081517",0,32.1,30,0.5,143,6.6,93.98,7.714,30.27,,,,,,,,,,,,,,,,,,,,418,,
"2930","TS SOUTH FORK","2023081518",0,27.3,47,1.9,61,3.9,93.599,7.851,30.632,,,,,,,,,,,,,,,,,,,,418,,
"2930","TS SOUTH FORK","2023081519",0,23,55,2.1,46,4.3,93.021,7.316,29.204,,,,,,,,,,,,,,,,,,,,418,,
"2930","TS SOUTH FORK","2023081520",0,19.8,63,2.5,61,5.5,92.291,6.737,27.607,,,,,,,,,,,,,,,,,,,,418,,
"2930","TS SOUTH FORK","2023081521",0,17.9,65,2.6,50,4.1,91.605,6.144,25.91,,,,,,,,,,,,,,,,,,,,418,,
"2930","TS SOUTH FORK","2023081522",0,16.4,69,2.6,65,5,90.904,5.562,24.173,,,,,,,,,,,,,,,,,,,,418,,
"2930","TS SOUTH FORK","2023081523",0,15.7,70,2.4,74,4.5,90.269,5.028,22.515,,,,,,,,,,,,,,,,,,,,418,,
"2950","QD K22024","2023081500",0,20.8,42,3.3,278,6.2,92.995,7.744,27.219,,,,,,,,,0,0,,0,0,0,0,0,,0,0,,0,
"2950","QD K22024","2023081501",0,20.3,45,3.2,286,5.1,92.705,7.398,26.376,,,,,,,,,0,0,,0,0,0,0,0,,0,0,,0,
"2950","QD K22024","2023081502",0,19.8,47,2.7,252,5.1,92.406,6.917,25.174,,,,,,,,,0,0,,0,0,0,0,0,,0,0,,0,
"2950","QD K22024","2023081503",0,18.1,52,2.9,285,6.8,92.015,6.612,24.395,,,,,,,,,0,0,,0,0,0,0,0,,0,0,,0,
"2950","QD K22024","2023081504",0,17.9,52,4.1,271,6.2,91.646,6.665,24.533,,,,,,,,,0,0,,0,0,0,0,0,,0,0,,0,
"2950","QD K22024","2023081505",0,18.1,51,4.2,293,5.6,91.34,6.415,23.883,,,,,,,,,0,0,,0,0,0,0,0,,0,0,,0,
"2950","QD K22024","2023081506",0,18.3,50,2.8,290,5.6,91.108,5.784,22.198,,,,,,,,,0,0,,0,0,0,0,0,,0,0,,0,
"2950","QD K22024","2023081507",0,21,44,2.7,351,5.1,91.052,5.709,21.994,,,,,,,,,0,0,,0,0,0,0,0,,0,0,,0,
"2950","QD K22024","2023081508",0,23.1,40,2.6,12,8.5,91.102,5.72,22.025,,,,,,,,,0,0,,0,0,0,0,0,,0,0,,0,
"2950","QD K22024","2023081509",0,25.5,36,6.7,164,10.8,91.152,7.084,25.595,,,,,,,,,0,0,,0,0,0,0,0,,0,0,,0,
"2950","QD K22024","2023081510",0,28.1,30,7.1,158,14.9,91.443,7.534,26.71,,,,,,,,,0,0,,0,0,0,0,0,,0,0,,0,
"2950","QD K22024","2023081511",0,28.9,26,13.4,150,21.8,91.919,11.07,34.629,,,,,,,,,0,0,,0,0,0,0,0,,0,0,,0,
"2950","QD K22024","2023081512",0,29.8,24,11.7,157,25.2,92.424,10.913,34.303,0,94.286,14.15,41.624,73.044,605.686,112.247,4,0,0,,0,0,0,0,0,,0,0,,0,
"2950","QD K22024","2023081513",0,31.9,21,7.8,224,24.6,93.047,9.786,32.696,,,,,,,,,0,0,,0,0,0,0,0,,0,0,,0,
"2950","QD K22024","2023081514",0,31.1,21,5.1,350,17.7,93.474,9.065,31.064,,,,,,,,,0,0,,0,0,0,0,0,,0,0,,0,
"2950","QD K22024","2023081515",0,32.7,20,5.6,29,12.5,93.94,9.92,32.993,,,,,,,,,0,0,,0,0,0,0,0,,0,0,,0,
"2950","QD K22024","2023081516",0,32.5,21,5.8,332,14.9,94.25,10.458,34.173,,,,,,,,,0,0,,0,0,0,0,0,,0,0,,0,
"2950","QD K22024","2023081517",0,31.4,22,3.9,359,13.1,94.397,9.698,32.501,,,,,,,,,0,0,,0,0,0,0,0,,0,0,,0,
"2950","QD K22024","2023081518",0,30.6,23,2.7,70,8.5,94.448,9.194,31.359,,,,,,,,,0,0,,0,0,0,0,0,,0,0,,0,
"2950","QD K22024","2023081519",0,27.8,26,2.4,168,5.1,94.499,9.12,31.19,,,,,,,,,0,0,,0,0,0,0,0,,0,0,,0,
"2950","QD K22024","2023081520",0,25.6,34,3.1,261,7.4,94.357,9.265,31.521,,,,,,,,,0,0,,0,0,0,0,0,,0,0,,0,
"2950","QD K22024","2023081521",0,24.9,37,2.7,275,9.1,94.155,8.83,30.518,,,,,,,,,0,0,,0,0,0,0,0,,0,0,,0,
"2950","QD K22024","2023081522",0,23.5,40,2.5,246,5.6,93.893,8.429,29.575,,,,,,,,,0,0,,0,0,0,0,0,,0,0,,0,
"2950","QD K22024","2023081523",0,23.8,36,8.1,338,17.7,93.709,10.896,35.111,,,,,,,,,0,0,,0,0,0,0,0,,0,0,,0,
